1,1,1,0.1,0.1,0.1,0.1,0.1,0.1,0.1,0.1,0.1,0.1,0.1,0.1
1.00001,1.00001,1.00001,0.100052,0.100657,0.100649,0.100001,0.100001,0.100001,0.100125,0.100125,0.100125,0.100125,0.100125,0.100125
1.00003,1.00003,1.00003,0.100118,0.10255,0.10252,0.100003,0.100003,0.100003,0.10025,0.10025,0.10025,0.10025,0.10025,0.10025
1.00004,1.00004,1.00004,0.100175,0.105593,0.105552,0.100006,0.100006,0.100006,0.100375,0.100375,0.100375,0.100375,0.100375,0.100375
1.00006,1.00006,1.00006,0.100238,0.110027,0.10997,0.10001,0.10001,0.10001,0.1005,0.1005,0.1005,0.1005,0.1005,0.1005
1.00007,1.00007,1.00007,0.100318,0.115598,0.115508,0.100016,0.100016,0.100016,0.100625,0.100625,0.100625,0.100625,0.100625,0.100625
1.00009,1.00009,1.00009,0.100402,0.122299,0.122175,0.100023,0.100024,0.100024,0.10075,0.10075,0.10075,0.10075,0.10075,0.10075
1.00011,1.00011,1.00011,0.1005,0.130382,0.130212,0.100031,0.100033,0.100033,0.100875,0.100875,0.100875,0.100875,0.100875,0.100875
1.00013,1.00013,1.00013,0.100597,0.139368,0.139153,0.10004,0.100044,0.100044,0.101,0.101,0.101,0.101,0.101,0.101
1.00015,1.00015,1.00015,0.100712,0.14977,0.149495,0.100051,0.100057,0.100057,0.101125,0.101125,0.101125,0.101125,0.101125,0.101125
1.00018,1.00018,1.00018,0.100852,0.161281,0.160921,0.100063,0.100072,0.100072,0.10125,0.10125,0.10125,0.10125,0.10125,0.10125
1.0002,1.0002,1.0002,0.101009,0.174204,0.173742,0.100076,0.10009,0.10009,0.101375,0.101375,0.101375,0.101375,0.101375,0.101375
1.00023,1.00023,1.00023,0.101139,0.187999,0.18746,0.10009,0.10011,0.10011,0.1015,0.1015,0.1015,0.1015,0.1015,0.1015
1.00025,1.00025,1.00025,0.101278,0.203205,0.202586,0.100106,0.100133,0.100133,0.101625,0.101625,0.101625,0.101625,0.101625,0.101625
1.00028,1.00028,1.00028,0.101453,0.219196,0.218461,0.100123,0.100159,0.100159,0.10175,0.10175,0.10175,0.10175,0.10175,0.10175
1.00031,1.00031,1.00031,0.101651,0.236835,0.235963,0.100141,0.100189,0.100189,0.101875,0.101875,0.101875,0.101875,0.101875,0.101875
1.00034,1.00034,1.00034,0.101831,0.255572,0.254583,0.100161,0.100223,0.100222,0.102,0.102,0.102,0.102,0.102,0.102
1.00037,1.00038,1.00038,0.102052,0.275849,0.274701,0.100182,0.10026,0.10026,0.102125,0.102125,0.102125,0.102125,0.102125,0.102125
1.00041,1.00041,1.00041,0.102292,0.297083,0.295759,0.100204,0.100303,0.100302,0.10225,0.10225,0.10225,0.10225,0.10225,0.10225
1.00044,1.00044,1.00044,0.102539,0.319492,0.317988,0.100227,0.10035,0.100349,0.102375,0.102375,0.102375,0.102375,0.102375,0.102375
1.00048,1.00048,1.00048,0.102747,0.343179,0.341535,0.100252,0.100403,0.100402,0.1025,0.1025,0.1025,0.1025,0.1025,0.1025
1.00052,1.00052,1.00052,0.102978,0.367605,0.365798,0.100278,0.100461,0.10046,0.102625,0.102625,0.102625,0.102625,0.102625,0.102625
1.00055,1.00056,1.00056,0.103234,0.393983,0.391992,0.100305,0.100526,0.100524,0.10275,0.10275,0.10275,0.10275,0.10275,0.10275
1.00059,1.0006,1.0006,0.103533,0.420684,0.418465,0.100334,0.100597,0.100595,0.102875,0.102875,0.102875,0.102875,0.102875,0.102875
1.00064,1.00064,1.00064,0.103787,0.449961,0.447559,0.100364,0.100676,0.100674,0.103,0.103,0.103,0.103,0.103,0.103
1.00068,1.00068,1.00068,0.104102,0.47955,0.476908,0.100395,0.100762,0.10076,0.103125,0.103125,0.103125,0.103125,0.103125,0.103125
1.00072,1.00072,1.00072,0.104384,0.509796,0.506945,0.100427,0.100857,0.100854,0.10325,0.10325,0.10325,0.10325,0.10325,0.10325
1.00077,1.00077,1.00077,0.104642,0.541695,0.538662,0.100461,0.100961,0.100958,0.103375,0.103375,0.103375,0.103375,0.103375,0.103375
1.00081,1.00081,1.00081,0.104901,0.574994,0.57178,0.100496,0.101074,0.10107,0.1035,0.1035,0.1035,0.1035,0.1035,0.1035
1.00086,1.00086,1.00086,0.105195,0.609024,0.605595,0.100533,0.101198,0.101193,0.103625,0.103625,0.103625,0.103625,0.103625,0.103625
1.00091,1.00091,1.00091,0.105578,0.64458,0.640849,0.100571,0.101332,0.101327,0.10375,0.10375,0.10375,0.10375,0.10375,0.10375
1.00096,1.00096,1.00096,0.105896,0.680813,0.676845,0.10061,0.101477,0.101472,0.103875,0.103875,0.103875,0.103875,0.103875,0.103875
1.00101,1.00101,1.00101,0.106245,0.720143,0.715908,0.100651,0.101635,0.101629,0.104,0.104,0.104,0.104,0.104,0.104
1.00107,1.00107,1.00107,0.106629,0.759384,0.754847,0.100692,0.101806,0.101799,0.104125,0.104125,0.104125,0.104125,0.104125,0.104125
1.00112,1.00112,1.00112,0.107048,0.798919,0.794049,0.100736,0.10199,0.101982,0.10425,0.10425,0.10425,0.10425,0.10425,0.10425
1.00117,1.00118,1.00118,0.107423,0.840609,0.83545,0.10078,0.102189,0.102179,0.104375,0.104375,0.104375,0.104375,0.104375,0.104375
1.00123,1.00123,1.00123,0.107787,0.883083,0.877649,0.100826,0.102403,0.102392,0.1045,0.1045,0.1045,0.1045,0.1045,0.1045
1.00129,1.00129,1.00129,0.108302,0.92825,0.92239,0.100874,0.102632,0.10262,0.104625,0.104625,0.104625,0.104625,0.104625,0.104625
1.00135,1.00135,1.00135,0.108781,0.973082,0.966836,0.100923,0.102879,0.102865,0.10475,0.10475,0.10475,0.10475,0.10475,0.10475
1.00141,1.00141,1.00141,0.10914,1.02009,1.01357,0.100973,0.103143,0.103128,0.104875,0.104875,0.104875,0.104875,0.104875,0.104875
1.00147,1.00147,1.00147,0.109649,1.0666,1.05967,0.101025,0.103425,0.103409,0.105,0.105,0.105,0.105,0.105,0.105
1.00153,1.00154,1.00154,0.11003,1.11731,1.11009,0.101078,0.103727,0.103709,0.105125,0.105125,0.105125,0.105125,0.105125,0.105125
1.0016,1.0016,1.0016,0.110509,1.16674,1.15914,0.101132,0.10405,0.10403,0.10525,0.10525,0.10525,0.10525,0.10525,0.10525
1.00166,1.00167,1.00167,0.110944,1.21877,1.21084,0.101188,0.104393,0.104371,0.105375,0.105375,0.105375,0.105375,0.105375,0.105375
1.00173,1.00173,1.00173,0.111477,1.26993,1.26156,0.101245,0.104759,0.104735,0.1055,0.1055,0.1055,0.1055,0.1055,0.1055
1.0018,1.0018,1.0018,0.111957,1.3225,1.31375,0.101304,0.105148,0.105121,0.105625,0.105625,0.105625,0.105625,0.105625,0.105625
1.00187,1.00187,1.00187,0.112391,1.37735,1.36827,0.101365,0.105561,0.105532,0.10575,0.10575,0.10575,0.10575,0.10575,0.10575
1.00194,1.00194,1.00194,0.112903,1.43372,1.42422,0.101426,0.105999,0.105967,0.105875,0.105875,0.105875,0.105875,0.105875,0.105875
1.00201,1.00202,1.00202,0.113444,1.49086,1.48093,0.10149,0.106463,0.106428,0.106,0.106,0.106,0.106,0.106,0.106
1.00209,1.00209,1.00209,0.114054,1.54881,1.53837,0.101554,0.106955,0.106917,0.106125,0.106125,0.106125,0.106125,0.106125,0.106125
1.00216,1.00216,1.00216,0.114531,1.60805,1.59723,0.101621,0.107475,0.107434,0.10625,0.10625,0.10625,0.10625,0.10625,0.10625
1.00224,1.00224,1.00224,0.115086,1.66939,1.65813,0.101688,0.108024,0.10798,0.106375,0.106375,0.106375,0.106375,0.106375,0.106375
1.00232,1.00232,1.00232,0.115659,1.73087,1.71915,0.101757,0.108604,0.108556,0.1065,0.1065,0.1065,0.1065,0.1065,0.1065
1.0024,1.0024,1.0024,0.116251,1.79361,1.7814,0.101828,0.109216,0.109164,0.106625,0.106625,0.106625,0.106625,0.106625,0.106625
1.00248,1.00248,1.00248,0.116899,1.85769,1.84495,0.101901,0.109861,0.109805,0.10675,0.10675,0.10675,0.10675,0.10675,0.10675
1.00256,1.00256,1.00256,0.117377,1.92231,1.90921,0.101974,0.11054,0.11048,0.106875,0.106875,0.106875,0.106875,0.106875,0.106875
1.00264,1.00264,1.00264,0.118049,1.98957,1.97591,0.10205,0.111254,0.111189,0.107,0.107,0.107,0.107,0.107,0.107
1.00273,1.00273,1.00273,0.118772,2.05764,2.04337,0.102127,0.112005,0.111935,0.107125,0.107125,0.107125,0.107125,0.107125,0.107125
1.00281,1.00281,1.00281,0.119375,2.1248,2.11004,0.102206,0.112794,0.112719,0.10725,0.10725,0.10725,0.10725,0.10725,0.10725
1.0029,1.0029,1.0029,0.120026,2.19569,2.1804,0.102286,0.113622,0.113542,0.107375,0.107375,0.107375,0.107375,0.107375,0.107375
1.00299,1.00299,1.00299,0.120606,2.26752,2.25177,0.102368,0.11449,0.114404,0.1075,0.1075,0.1075,0.1075,0.1075,0.1075
1.00308,1.00308,1.00308,0.121337,2.3392,2.32284,0.102451,0.1154,0.115309,0.107625,0.107625,0.107625,0.107625,0.107625,0.107625
1.00317,1.00317,1.00317,0.121922,2.4129,2.39608,0.102536,0.116354,0.116256,0.10775,0.10775,0.10775,0.10775,0.10775,0.10775
1.00326,1.00326,1.00326,0.12255,2.48705,2.46973,0.102623,0.117352,0.117247,0.107875,0.107875,0.107875,0.107875,0.107875,0.107875
1.00336,1.00336,1.00336,0.123261,2.56352,2.54561,0.102711,0.118396,0.118284,0.108,0.108,0.108,0.108,0.108,0.108
1.00345,1.00345,1.00345,0.12396,2.64093,2.62245,0.102801,0.119487,0.119368,0.108125,0.108125,0.108125,0.108125,0.108125,0.108125
1.00355,1.00355,1.00355,0.124636,2.72069,2.70166,0.102893,0.120627,0.120501,0.10825,0.10825,0.10825,0.10825,0.10825,0.10825
1.00365,1.00365,1.00365,0.125346,2.8006,2.781,0.102986,0.121818,0.121684,0.108375,0.108375,0.108375,0.108375,0.108375,0.108375
1.00375,1.00375,1.00375,0.126057,2.88082,2.86064,0.103082,0.123061,0.122918,0.1085,0.1085,0.1085,0.1085,0.1085,0.1085
1.00385,1.00385,1.00385,0.126782,2.96349,2.94273,0.103178,0.124356,0.124205,0.108625,0.108625,0.108625,0.108625,0.108625,0.108625
1.00395,1.00395,1.00395,0.127554,3.04623,3.02482,0.103277,0.125707,0.125547,0.10875,0.10875,0.10875,0.10875,0.10875,0.10875
1.00405,1.00405,1.00405,0.128415,3.13067,3.10854,0.103377,0.127114,0.126945,0.108875,0.108875,0.108875,0.108875,0.108875,0.108875
1.00416,1.00416,1.00416,0.129312,3.2164,3.19351,0.103479,0.12858,0.1284,0.109,0.109,0.109,0.109,0.109,0.109
1.00426,1.00426,1.00426,0.129952,3.3034,3.28,0.103583,0.130104,0.129914,0.109125,0.109125,0.109125,0.109125,0.109125,0.109125
1.00437,1.00437,1.00437,0.130589,3.39153,3.36763,0.103689,0.131691,0.13149,0.10925,0.10925,0.10925,0.10925,0.10925,0.10925
1.00448,1.00448,1.00448,0.131553,3.48294,3.45822,0.103796,0.13334,0.133128,0.109375,0.109375,0.109375,0.109375,0.109375,0.109375
1.00459,1.00459,1.00459,0.132346,3.57339,3.54802,0.103906,0.135054,0.13483,0.1095,0.1095,0.1095,0.1095,0.1095,0.1095
1.0047,1.0047,1.0047,0.133139,3.66525,3.63923,0.104017,0.136834,0.136599,0.109625,0.109625,0.109625,0.109625,0.109625,0.109625
1.00481,1.00481,1.00482,0.134058,3.75721,3.73041,0.10413,0.138683,0.138435,0.10975,0.10975,0.10975,0.10975,0.10975,0.10975
1.00493,1.00493,1.00493,0.134909,3.85119,3.82369,0.104245,0.140601,0.140339,0.109875,0.109875,0.109875,0.109875,0.109875,0.109875
1.00504,1.00504,1.00505,0.135635,3.94303,3.91494,0.104361,0.14259,0.142315,0.11,0.11,0.11,0.11,0.11,0.11
1.00516,1.00516,1.00516,0.136472,4.0386,4.00983,0.10448,0.144652,0.144363,0.110125,0.110125,0.110125,0.110125,0.110125,0.110125
1.00528,1.00528,1.00528,0.137532,4.13692,4.10724,0.104601,0.146789,0.146485,0.11025,0.11025,0.11025,0.11025,0.11025,0.11025
1.0054,1.0054,1.0054,0.138424,4.2362,4.20579,0.104723,0.149003,0.148684,0.110375,0.110375,0.110375,0.110375,0.110375,0.110375
1.00552,1.00552,1.00552,0.139334,4.33687,4.3057,0.104847,0.151296,0.150961,0.1105,0.1105,0.1105,0.1105,0.1105,0.1105
1.00564,1.00564,1.00565,0.140299,4.43906,4.40708,0.104974,0.15367,0.153318,0.110625,0.110625,0.110625,0.110625,0.110625,0.110625
1.00577,1.00577,1.00577,0.141507,4.54204,4.50902,0.105102,0.156126,0.155757,0.11075,0.11075,0.11075,0.11075,0.11075,0.11075
1.00589,1.00589,1.00589,0.142337,4.64928,4.61558,0.105233,0.158668,0.158281,0.110875,0.110875,0.110875,0.110875,0.110875,0.110875
1.00602,1.00602,1.00602,0.143325,4.75249,4.71795,0.105365,0.161296,0.160891,0.111,0.111,0.111,0.111,0.111,0.111
1.00615,1.00615,1.00615,0.144228,4.85973,4.82444,0.1055,0.164013,0.163589,0.111125,0.111125,0.111125,0.111125,0.111125,0.111125
1.00628,1.00628,1.00628,0.145123,4.96583,4.92981,0.105636,0.16682,0.166376,0.11125,0.11125,0.11125,0.11125,0.11125,0.11125
1.00641,1.00641,1.00641,0.145987,5.07529,5.03857,0.105775,0.169719,0.169255,0.111375,0.111375,0.111375,0.111375,0.111375,0.111375
1.00654,1.00654,1.00654,0.147105,5.18478,5.14712,0.105916,0.172714,0.172229,0.1115,0.1115,0.1115,0.1115,0.1115,0.1115
1.00667,1.00667,1.00668,0.148119,5.29436,5.25585,0.106058,0.175804,0.175297,0.111625,0.111625,0.111625,0.111625,0.111625,0.111625
1.00681,1.00681,1.00681,0.149069,5.40693,5.36765,0.106203,0.178993,0.178464,0.11175,0.11175,0.11175,0.11175,0.11175,0.11175
1.00694,1.00695,1.00695,0.149987,5.52129,5.48126,0.10635,0.182283,0.18173,0.111875,0.111875,0.111875,0.111875,0.111875,0.111875
1.00708,1.00708,1.00709,0.151114,5.63691,5.59592,0.1065,0.185675,0.185099,0.112,0.112,0.112,0.112,0.112,0.112
1.00722,1.00722,1.00722,0.152164,5.75515,5.71327,0.106651,0.189174,0.188573,0.112125,0.112125,0.112125,0.112125,0.112125,0.112125
1.00736,1.00736,1.00737,0.153117,5.86961,5.82695,0.106805,0.19278,0.192153,0.11225,0.11225,0.11225,0.11225,0.11225,0.11225
1.0075,1.00751,1.00751,0.154531,5.98875,5.94486,0.106961,0.196494,0.195842,0.112375,0.112375,0.112375,0.112375,0.112375,0.112375
1.00765,1.00765,1.00765,0.15593,6.11003,6.0649,0.107119,0.200321,0.199641,0.1125,0.1125,0.1125,0.1125,0.1125,0.1125
1.00779,1.00779,1.0078,0.156967,6.23136,6.18537,0.107279,0.204262,0.203554,0.112625,0.112625,0.112625,0.112625,0.112625,0.112625
1.00794,1.00794,1.00794,0.158177,6.35504,6.30802,0.107442,0.20832,0.207583,0.11275,0.11275,0.11275,0.11275,0.11275,0.11275
1.00809,1.00809,1.00809,0.159181,6.47937,6.43152,0.107607,0.212497,0.21173,0.112875,0.112875,0.112875,0.112875,0.112875,0.112875
1.00824,1.00824,1.00824,0.160336,6.60521,6.55639,0.107775,0.216794,0.215997,0.113,0.113,0.113,0.113,0.113,0.113
1.00839,1.00839,1.00839,0.161796,6.73143,6.68134,0.107945,0.221216,0.220387,0.113125,0.113125,0.113125,0.113125,0.113125,0.113125
1.00854,1.00854,1.00854,0.163004,6.85801,6.80689,0.108117,0.225763,0.224901,0.11325,0.11325,0.11325,0.11325,0.11325,0.11325
1.00869,1.00869,1.0087,0.164329,6.98786,6.9356,0.108292,0.230438,0.229542,0.113375,0.113375,0.113375,0.113375,0.113375,0.113375
1.00885,1.00885,1.00885,0.165556,7.11691,7.06361,0.108469,0.235243,0.234313,0.1135,0.1135,0.1135,0.1135,0.1135,0.1135
1.009,1.00901,1.00901,0.166894,7.24861,7.19417,0.108648,0.240182,0.239216,0.113625,0.113625,0.113625,0.113625,0.113625,0.113625
1.00916,1.00916,1.00916,0.167912,7.38038,7.3251,0.108831,0.245256,0.244253,0.11375,0.11375,0.11375,0.11375,0.11375,0.11375
1.00932,1.00932,1.00932,0.169157,7.51278,7.45643,0.109015,0.250468,0.249427,0.113875,0.113875,0.113875,0.113875,0.113875,0.113875
1.00948,1.00948,1.00948,0.170465,7.645,7.58754,0.109202,0.255819,0.25474,0.114,0.114,0.114,0.114,0.114,0.114
1.00964,1.00964,1.00964,0.172099,7.78521,7.72631,0.109392,0.261313,0.260194,0.114125,0.114125,0.114125,0.114125,0.114125,0.114125
1.00981,1.00981,1.00981,0.173381,7.9232,7.8632,0.109585,0.266954,0.265794,0.11425,0.11425,0.11425,0.11425,0.11425,0.11425
1.00997,1.00997,1.00997,0.174686,8.06192,8.00082,0.109779,0.272743,0.271541,0.114375,0.114375,0.114375,0.114375,0.114375,0.114375
1.01014,1.01014,1.01014,0.1759,8.20439,8.14227,0.109977,0.278684,0.277438,0.1145,0.1145,0.1145,0.1145,0.1145,0.1145
1.0103,1.01031,1.01031,0.177035,8.34633,8.28327,0.110177,0.284778,0.283488,0.114625,0.114625,0.114625,0.114625,0.114625,0.114625
1.01047,1.01047,1.01048,0.178619,8.48932,8.42487,0.11038,0.291029,0.289692,0.11475,0.11475,0.11475,0.11475,0.11475,0.11475
1.01064,1.01065,1.01065,0.179899,8.63614,8.57061,0.110586,0.297439,0.296056,0.114875,0.114875,0.114875,0.114875,0.114875,0.114875
1.01082,1.01082,1.01082,0.181362,8.78193,8.71515,0.110794,0.304012,0.30258,0.115,0.115,0.115,0.115,0.115,0.115
1.01099,1.01099,1.01099,0.182432,8.92657,8.85892,0.111005,0.310748,0.309267,0.115125,0.115125,0.115125,0.115125,0.115125,0.115125
1.01116,1.01116,1.01117,0.183713,9.07184,9.00312,0.111219,0.317651,0.316119,0.11525,0.11525,0.11525,0.11525,0.11525,0.11525
1.01134,1.01134,1.01134,0.185099,9.21965,9.14974,0.111436,0.324723,0.323139,0.115375,0.115375,0.115375,0.115375,0.115375,0.115375
1.01152,1.01152,1.01152,0.18641,9.36888,9.29786,0.111655,0.331967,0.33033,0.1155,0.1155,0.1155,0.1155,0.1155,0.1155
1.0117,1.0117,1.0117,0.187709,9.51783,9.44573,0.111877,0.339386,0.337694,0.115625,0.115625,0.115625,0.115625,0.115625,0.115625
1.01188,1.01188,1.01188,0.189015,9.66782,9.59462,0.112102,0.346982,0.345235,0.11575,0.11575,0.11575,0.11575,0.11575,0.11575
1.01206,1.01206,1.01206,0.189966,9.81674,9.7428,0.11233,0.354758,0.352953,0.115875,0.115875,0.115875,0.115875,0.115875,0.115875
1.01224,1.01224,1.01225,0.191275,9.9729,9.89787,0.11256,0.362717,0.360854,0.116,0.116,0.116,0.116,0.116,0.116
1.01243,1.01243,1.01243,0.192513,10.1261,10.0501,0.112794,0.370862,0.368939,0.116125,0.116125,0.116125,0.116125,0.116125,0.116125
1.01261,1.01262,1.01262,0.193861,10.2844,10.2072,0.11303,0.379196,0.377212,0.11625,0.11625,0.11625,0.11625,0.11625,0.11625
1.0128,1.0128,1.0128,0.195384,10.4413,10.3628,0.113269,0.387723,0.385677,0.116375,0.116375,0.116375,0.116375,0.116375,0.116375
1.01299,1.01299,1.01299,0.196848,10.5983,10.5186,0.113512,0.396445,0.394334,0.1165,0.1165,0.1165,0.1165,0.1165,0.1165
1.01318,1.01318,1.01318,0.198313,10.7551,10.6742,0.113757,0.405364,0.403187,0.116625,0.116625,0.116625,0.116625,0.116625,0.116625
1.01337,1.01338,1.01338,0.199674,10.9181,10.836,0.114006,0.414483,0.41224,0.11675,0.11675,0.11675,0.11675,0.11675,0.11675
1.01357,1.01357,1.01357,0.201215,11.0778,10.9944,0.114257,0.423806,0.421494,0.116875,0.116875,0.116875,0.116875,0.116875,0.116875
1.01376,1.01376,1.01377,0.202748,11.2422,11.1574,0.114512,0.433336,0.430954,0.117,0.117,0.117,0.117,0.117,0.117
1.01396,1.01396,1.01396,0.204011,11.41,11.3242,0.114769,0.443077,0.440623,0.117125,0.117125,0.117125,0.117125,0.117125,0.117125
1.01416,1.01416,1.01416,0.20579,11.577,11.4897,0.11503,0.453032,0.450505,0.11725,0.11725,0.11725,0.11725,0.11725,0.11725
1.01436,1.01436,1.01436,0.207359,11.7452,11.6565,0.115295,0.463204,0.460602,0.117375,0.117375,0.117375,0.117375,0.117375,0.117375
1.01456,1.01456,1.01456,0.209093,11.9132,11.823,0.115562,0.473596,0.470917,0.1175,0.1175,0.1175,0.1175,0.1175,0.1175
1.01476,1.01476,1.01476,0.210615,12.0822,11.9908,0.115833,0.48421,0.481452,0.117625,0.117625,0.117625,0.117625,0.117625,0.117625
1.01497,1.01497,1.01497,0.212139,12.2535,12.1608,0.116107,0.49505,0.492212,0.11775,0.11775,0.11775,0.11775,0.11775,0.11775
1.01517,1.01517,1.01517,0.213333,12.4299,12.3363,0.116384,0.50612,0.5032,0.117875,0.117875,0.117875,0.117875,0.117875,0.117875
1.01538,1.01538,1.01538,0.214953,12.6022,12.5072,0.116665,0.517423,0.514419,0.118,0.118,0.118,0.118,0.118,0.118
1.01559,1.01559,1.01559,0.216978,12.7792,12.6823,0.116949,0.528962,0.525873,0.118125,0.118125,0.118125,0.118125,0.118125,0.118125
1.0158,1.0158,1.0158,0.218479,12.9524,12.8543,0.117236,0.54074,0.537563,0.11825,0.11825,0.11825,0.11825,0.11825,0.11825
1.01601,1.01601,1.01601,0.219907,13.1332,13.0339,0.117527,0.55276,0.549494,0.118375,0.118375,0.118375,0.118375,0.118375,0.118375
1.01622,1.01622,1.01622,0.221426,13.3133,13.2127,0.117821,0.565027,0.561671,0.1185,0.1185,0.1185,0.1185,0.1185,0.1185
1.01643,1.01644,1.01644,0.223057,13.4916,13.3896,0.118119,0.577543,0.574094,0.118625,0.118625,0.118625,0.118625,0.118625,0.118625
1.01665,1.01665,1.01665,0.22456,13.6767,13.5735,0.11842,0.590312,0.586768,0.11875,0.11875,0.11875,0.11875,0.11875,0.11875
1.01687,1.01687,1.01687,0.226396,13.8593,13.7545,0.118725,0.603338,0.599698,0.118875,0.118875,0.118875,0.118875,0.118875,0.118875
1.01709,1.01709,1.01709,0.22828,14.0448,13.9384,0.119033,0.616624,0.612885,0.119,0.119,0.119,0.119,0.119,0.119
1.01731,1.01731,1.01731,0.230153,14.2285,14.1205,0.119345,0.630173,0.626333,0.119125,0.119125,0.119125,0.119125,0.119125,0.119125
1.01753,1.01753,1.01753,0.231428,14.4168,14.3077,0.119661,0.643988,0.640046,0.11925,0.11925,0.11925,0.11925,0.11925,0.11925
1.01775,1.01775,1.01775,0.233439,14.602,14.4911,0.11998,0.658073,0.654026,0.119375,0.119375,0.119375,0.119375,0.119375,0.119375
1.01798,1.01798,1.01798,0.235038,14.7888,14.6766,0.120303,0.672431,0.668276,0.1195,0.1195,0.1195,0.1195,0.1195,0.1195
1.0182,1.0182,1.0182,0.236821,14.9812,14.8675,0.12063,0.687065,0.682802,0.119625,0.119625,0.119625,0.119625,0.119625,0.119625
1.01843,1.01843,1.01843,0.238511,15.1745,15.0593,0.120961,0.701981,0.697607,0.11975,0.11975,0.11975,0.11975,0.11975,0.11975
1.01866,1.01866,1.01866,0.240459,15.3686,15.2518,0.121295,0.717182,0.712694,0.119875,0.119875,0.119875,0.119875,0.119875,0.119875
1.01889,1.01889,1.01889,0.242329,15.5644,15.4459,0.121634,0.732672,0.728068,0.12,0.12,0.12,0.12,0.12,0.12
1.01912,1.01912,1.01912,0.244105,15.7598,15.6399,0.121976,0.748453,0.743732,0.120125,0.120125,0.120125,0.120125,0.120125,0.120125
1.01935,1.01936,1.01936,0.245914,15.9576,15.8361,0.122322,0.76453,0.759689,0.12025,0.12025,0.12025,0.12025,0.12025,0.12025
1.01959,1.01959,1.01959,0.247632,16.1559,16.0329,0.122672,0.780907,0.775943,0.120375,0.120375,0.120375,0.120375,0.120375,0.120375
1.01983,1.01983,1.01983,0.249347,16.3556,16.2312,0.123027,0.797586,0.792498,0.1205,0.1205,0.1205,0.1205,0.1205,0.1205
1.02006,1.02007,1.02007,0.250736,16.5567,16.4312,0.123385,0.814573,0.809357,0.120625,0.120625,0.120625,0.120625,0.120625,0.120625
1.0203,1.02031,1.02031,0.252941,16.7567,16.6293,0.123747,0.831869,0.826524,0.12075,0.12075,0.12075,0.12075,0.12075,0.12075
1.02055,1.02055,1.02055,0.254775,16.9616,16.8326,0.124113,0.849479,0.844003,0.120875,0.120875,0.120875,0.120875,0.120875,0.120875
1.02079,1.02079,1.02079,0.256531,17.1676,17.0371,0.124483,0.867408,0.861798,0.121,0.121,0.121,0.121,0.121,0.121
1.02103,1.02103,1.02103,0.258345,17.3728,17.2408,0.124857,0.885659,0.879912,0.121125,0.121125,0.121125,0.121125,0.121125,0.121125
1.02128,1.02128,1.02128,0.260631,17.587,17.453,0.125236,0.904238,0.898352,0.12125,0.12125,0.12125,0.12125,0.12125,0.12125
1.02153,1.02153,1.02153,0.262588,17.7915,17.6557,0.125619,0.923147,0.917119,0.121375,0.121375,0.121375,0.121375,0.121375,0.121375
1.02177,1.02178,1.02178,0.264321,17.9995,17.8624,0.126006,0.942388,0.936216,0.1215,0.1215,0.1215,0.1215,0.1215,0.1215
1.02202,1.02203,1.02203,0.265764,18.2101,18.0718,0.126397,0.961966,0.955648,0.121625,0.121625,0.121625,0.121625,0.121625,0.121625
1.02228,1.02228,1.02228,0.268216,18.4253,18.2847,0.126793,0.981887,0.975419,0.12175,0.12175,0.12175,0.12175,0.12175,0.12175
1.02253,1.02253,1.02253,0.270087,18.6402,18.4981,0.127193,1.00215,0.995534,0.121875,0.121875,0.121875,0.121875,0.121875,0.121875
1.02278,1.02279,1.02279,0.272015,18.854,18.7103,0.127598,1.02277,1.016,0.122,0.122,0.122,0.122,0.122,0.122
1.02304,1.02304,1.02304,0.273874,19.0675,18.9221,0.128006,1.04374,1.03681,0.122125,0.122125,0.122125,0.122125,0.122125,0.122125
1.0233,1.0233,1.0233,0.276109,19.2841,19.1369,0.12842,1.06507,1.05797,0.12225,0.12225,0.12225,0.12225,0.12225,0.12225
1.02356,1.02356,1.02356,0.278305,19.5027,19.3536,0.128838,1.08675,1.0795,0.122375,0.122375,0.122375,0.122375,0.122375,0.122375
1.02382,1.02382,1.02382,0.280287,19.7253,19.5744,0.129261,1.10881,1.10139,0.1225,0.1225,0.1225,0.1225,0.1225,0.1225
1.02408,1.02408,1.02408,0.281979,19.9476,19.7953,0.129688,1.13123,1.12364,0.122625,0.122625,0.122625,0.122625,0.122625,0.122625
1.02435,1.02435,1.02435,0.283788,20.1676,20.0138,0.130119,1.15403,1.14627,0.12275,0.12275,0.12275,0.12275,0.12275,0.12275
1.02461,1.02461,1.02461,0.286035,20.3897,20.234,0.130556,1.17721,1.16927,0.122875,0.122875,0.122875,0.122875,0.122875,0.122875
1.02488,1.02488,1.02488,0.288129,20.6127,20.4552,0.130997,1.20076,1.19265,0.123,0.123,0.123,0.123,0.123,0.123
1.02515,1.02515,1.02515,0.289827,20.8402,20.6813,0.131442,1.22471,1.21642,0.123125,0.123125,0.123125,0.123125,0.123125,0.123125
1.02542,1.02542,1.02542,0.291976,21.065,20.9042,0.131893,1.24904,1.24057,0.12325,0.12325,0.12325,0.12325,0.12325,0.12325
1.02569,1.02569,1.02569,0.294113,21.2931,21.1305,0.132348,1.27377,1.26511,0.123375,0.123375,0.123375,0.123375,0.123375,0.123375
1.02596,1.02596,1.02596,0.295907,21.5202,21.3561,0.132808,1.2989,1.29005,0.1235,0.1235,0.1235,0.1235,0.1235,0.1235
1.02624,1.02624,1.02624,0.29806,21.7489,21.583,0.133273,1.32443,1.31539,0.123625,0.123625,0.123625,0.123625,0.123625,0.123625
1.02651,1.02651,1.02652,0.300568,21.9827,21.8145,0.133743,1.35037,1.34113,0.12375,0.12375,0.12375,0.12375,0.12375,0.12375
1.02679,1.02679,1.02679,0.302649,22.2183,22.0484,0.134218,1.37672,1.36728,0.123875,0.123875,0.123875,0.123875,0.123875,0.123875
1.02707,1.02707,1.02707,0.30509,22.4577,22.2857,0.134698,1.40349,1.39385,0.124,0.124,0.124,0.124,0.124,0.124
1.02735,1.02735,1.02735,0.307006,22.6857,22.512,0.135183,1.43067,1.42083,0.124125,0.124125,0.124125,0.124125,0.124125,0.124125
1.02763,1.02763,1.02764,0.309292,22.923,22.7474,0.135673,1.45829,1.44824,0.12425,0.12425,0.12425,0.12425,0.12425,0.12425
1.02792,1.02792,1.02792,0.31163,23.1611,22.9835,0.136168,1.48633,1.47607,0.124375,0.124375,0.124375,0.124375,0.124375,0.124375
1.0282,1.0282,1.02821,0.313781,23.3973,23.2178,0.136669,1.5148,1.50433,0.1245,0.1245,0.1245,0.1245,0.1245,0.1245
1.02849,1.02849,1.02849,0.316131,23.6338,23.4523,0.137175,1.54372,1.53302,0.124625,0.124625,0.124625,0.124625,0.124625,0.124625
1.02878,1.02878,1.02878,0.318273,23.8728,23.6895,0.137686,1.57307,1.56215,0.12475,0.12475,0.12475,0.12475,0.12475,0.12475
1.02907,1.02907,1.02907,0.32041,24.1165,23.9313,0.138202,1.60287,1.59173,0.124875,0.124875,0.124875,0.124875,0.124875,0.124875
1.02936,1.02936,1.02936,0.322277,24.3616,24.1749,0.138724,1.63312,1.62175,0.125,0.125,0.125,0.125,0.125,0.125
1.02966,1.02966,1.02966,0.324489,24.6081,24.4196,0.139251,1.66383,1.65223,0.125125,0.125125,0.125125,0.125125,0.125125,0.125125
1.02995,1.02995,1.02995,0.326873,24.8544,24.6638,0.139783,1.695,1.68316,0.12525,0.12525,0.12525,0.12525,0.12525,0.12525
1.03025,1.03025,1.03025,0.329079,25.1018,24.9093,0.140321,1.72664,1.71456,0.125375,0.125375,0.125375,0.125375,0.125375,0.125375
1.03054,1.03055,1.03055,0.331261,25.3551,25.1608,0.140864,1.75875,1.74642,0.1255,0.1255,0.1255,0.1255,0.1255,0.1255
1.03084,1.03085,1.03085,0.333942,25.6029,25.4063,0.141413,1.79133,1.77876,0.125625,0.125625,0.125625,0.125625,0.125625,0.125625
1.03115,1.03115,1.03115,0.336174,25.855,25.6564,0.141967,1.82439,1.81157,0.12575,0.12575,0.12575,0.12575,0.12575,0.12575
1.03145,1.03145,1.03145,0.33822,26.1102,25.9099,0.142527,1.85794,1.84487,0.125875,0.125875,0.125875,0.125875,0.125875,0.125875
1.03175,1.03175,1.03175,0.34042,26.3648,26.1627,0.143093,1.89198,1.87865,0.126,0.126,0.126,0.126,0.126,0.126
1.03206,1.03206,1.03206,0.342385,26.615,26.4113,0.143664,1.92651,1.91292,0.126125,0.126125,0.126125,0.126125,0.126125,0.126125
1.03237,1.03237,1.03237,0.345033,26.8715,26.6654,0.144241,1.96154,1.94768,0.12625,0.12625,0.12625,0.12625,0.12625,0.12625
1.03268,1.03268,1.03268,0.347805,27.1297,26.9212,0.144824,1.99707,1.98295,0.126375,0.126375,0.126375,0.126375,0.126375,0.126375
1.03299,1.03299,1.03299,0.350462,27.39,27.1792,0.145413,2.03311,2.01871,0.1265,0.1265,0.1265,0.1265,0.1265,0.1265
1.0333,1.0333,1.0333,0.35348,27.6506,27.4371,0.146008,2.06967,2.05499,0.126625,0.126625,0.126625,0.126625,0.126625,0.126625
1.03361,1.03361,1.03361,0.356224,27.9082,27.6923,0.14661,2.10674,2.09178,0.12675,0.12675,0.12675,0.12675,0.12675,0.12675
1.03393,1.03393,1.03393,0.359119,28.1653,27.9469,0.147218,2.14433,2.12909,0.126875,0.126875,0.126875,0.126875,0.126875,0.126875
1.03424,1.03425,1.03425,0.361543,28.4296,28.2091,0.147832,2.18245,2.16692,0.127,0.127,0.127,0.127,0.127,0.127
1.03456,1.03456,1.03457,0.364434,28.6955,28.4724,0.148452,2.2211,2.20527,0.127125,0.127125,0.127125,0.127125,0.127125,0.127125
1.03488,1.03488,1.03489,0.366342,28.9612,28.7366,0.149078,2.26029,2.24416,0.12725,0.12725,0.12725,0.12725,0.12725,0.12725
1.03521,1.03521,1.03521,0.368733,29.2273,29.0006,0.14971,2.30002,2.28359,0.127375,0.127375,0.127375,0.127375,0.127375,0.127375
1.03553,1.03553,1.03553,0.371557,29.4979,29.2688,0.150349,2.3403,2.32356,0.1275,0.1275,0.1275,0.1275,0.1275,0.1275
1.03585,1.03586,1.03586,0.374176,29.7754,29.5441,0.150994,2.38113,2.36408,0.127625,0.127625,0.127625,0.127625,0.127625,0.127625
1.03618,1.03618,1.03618,0.376547,30.0421,29.8087,0.151645,2.42253,2.40516,0.12775,0.12775,0.12775,0.12775,0.12775,0.12775
1.03651,1.03651,1.03651,0.378779,30.3151,30.0798,0.152303,2.46448,2.44679,0.127875,0.127875,0.127875,0.127875,0.127875,0.127875
1.03684,1.03684,1.03684,0.381413,30.5915,30.3539,0.152967,2.507,2.48899,0.128,0.128,0.128,0.128,0.128,0.128
1.03717,1.03717,1.03717,0.383116,30.8698,30.6309,0.153637,2.5501,2.53176,0.128125,0.128125,0.128125,0.128125,0.128125,0.128125
1.0375,1.0375,1.03751,0.385626,31.1503,30.9092,0.154314,2.59378,2.57511,0.12825,0.12825,0.12825,0.12825,0.12825,0.12825
1.03784,1.03784,1.03784,0.388404,31.4236,31.1802,0.154997,2.63805,2.61904,0.128375,0.128375,0.128375,0.128375,0.128375,0.128375
1.03817,1.03818,1.03818,0.391136,31.7008,31.455,0.155687,2.6829,2.66354,0.1285,0.1285,0.1285,0.1285,0.1285,0.1285
1.03851,1.03851,1.03851,0.393747,31.9779,31.7299,0.156383,2.72834,2.70864,0.128625,0.128625,0.128625,0.128625,0.128625,0.128625
1.03885,1.03885,1.03885,0.396206,32.261,32.0108,0.157086,2.77438,2.75433,0.12875,0.12875,0.12875,0.12875,0.12875,0.12875
1.03919,1.03919,1.03919,0.398864,32.5443,32.2918,0.157796,2.82103,2.80062,0.128875,0.128875,0.128875,0.128875,0.128875,0.128875
1.03953,1.03954,1.03954,0.401913,32.8284,32.5732,0.158513,2.86828,2.84752,0.129,0.129,0.129,0.129,0.129,0.129
1.03988,1.03988,1.03988,0.404347,33.1148,32.8577,0.159237,2.91616,2.89502,0.129125,0.129125,0.129125,0.129125,0.129125,0.129125
1.04022,1.04023,1.04023,0.406933,33.3982,33.1388,0.159968,2.96465,2.94314,0.12925,0.12925,0.12925,0.12925,0.12925,0.12925
1.04057,1.04057,1.04057,0.40962,33.6902,33.4285,0.160705,3.01377,2.99189,0.129375,0.129375,0.129375,0.129375,0.129375,0.129375
1.04092,1.04092,1.04092,0.41265,33.9825,33.7182,0.16145,3.06352,3.04126,0.1295,0.1295,0.1295,0.1295,0.1295,0.1295
1.04127,1.04127,1.04127,0.415785,34.2677,34.0006,0.162202,3.11391,3.09126,0.129625,0.129625,0.129625,0.129625,0.129625,0.129625
1.04162,1.04163,1.04163,0.418578,34.5599,34.2903,0.162961,3.16494,3.1419,0.12975,0.12975,0.12975,0.12975,0.12975,0.12975
1.04198,1.04198,1.04198,0.42111,34.8476,34.5759,0.163728,3.21661,3.19318,0.129875,0.129875,0.129875,0.129875,0.129875,0.129875
1.04233,1.04234,1.04234,0.424114,35.1419,34.8676,0.164501,3.26894,3.2451,0.13,0.13,0.13,0.13,0.13,0.13
1.04269,1.04269,1.04269,0.426707,35.4391,35.1626,0.165283,3.32192,3.29768,0.130125,0.130125,0.130125,0.130125,0.130125,0.130125
1.04305,1.04305,1.04305,0.429613,35.7333,35.4543,0.166071,3.37557,3.35092,0.13025,0.13025,0.13025,0.13025,0.13025,0.13025
1.04341,1.04341,1.04341,0.431977,36.0276,35.7466,0.166867,3.42989,3.40482,0.130375,0.130375,0.130375,0.130375,0.130375,0.130375
1.04377,1.04377,1.04378,0.435144,36.3242,36.0404,0.16767,3.48488,3.45939,0.1305,0.1305,0.1305,0.1305,0.1305,0.1305
1.04414,1.04414,1.04414,0.438263,36.6241,36.3376,0.16848,3.54055,3.51463,0.130625,0.130625,0.130625,0.130625,0.130625,0.130625
1.0445,1.0445,1.0445,0.441086,36.9204,36.6315,0.169299,3.59691,3.57055,0.13075,0.13075,0.13075,0.13075,0.13075,0.13075
1.04487,1.04487,1.04487,0.444065,37.2226,36.9311,0.170125,3.65395,3.62716,0.130875,0.130875,0.130875,0.130875,0.130875,0.130875
1.04524,1.04524,1.04524,0.447009,37.5263,37.2323,0.170959,3.71169,3.68445,0.131,0.131,0.131,0.131,0.131,0.131
1.04561,1.04561,1.04561,0.449489,37.8265,37.5303,0.1718,3.77013,3.74245,0.131125,0.131125,0.131125,0.131125,0.131125,0.131125
1.04598,1.04598,1.04598,0.452874,38.1358,37.8367,0.17265,3.82928,3.80114,0.13125,0.13125,0.13125,0.13125,0.13125,0.13125
1.04635,1.04635,1.04636,0.455654,38.4501,38.1487,0.173507,3.88915,3.86055,0.131375,0.131375,0.131375,0.131375,0.131375,0.131375
1.04673,1.04673,1.04673,0.458708,38.756,38.4519,0.174372,3.94974,3.92067,0.1315,0.1315,0.1315,0.1315,0.1315,0.1315
1.0471,1.04711,1.04711,0.462071,39.0656,38.7585,0.175246,4.01106,3.98152,0.131625,0.131625,0.131625,0.131625,0.131625,0.131625
1.04748,1.04748,1.04749,0.464792,39.3696,39.0602,0.176127,4.0731,4.04308,0.13175,0.13175,0.13175,0.13175,0.13175,0.13175
1.04786,1.04786,1.04787,0.467274,39.6831,39.3717,0.177016,4.13588,4.10538,0.131875,0.131875,0.131875,0.131875,0.131875,0.131875
1.04824,1.04825,1.04825,0.469862,40.0017,39.688,0.177913,4.19941,4.16841,0.132,0.132,0.132,0.132,0.132,0.132
1.04863,1.04863,1.04863,0.473204,40.319,40.0024,0.178818,4.26369,4.23219,0.132125,0.132125,0.132125,0.132125,0.132125,0.132125
1.04901,1.04902,1.04902,0.476095,40.6391,40.32,0.179732,4.32872,4.29673,0.13225,0.13225,0.13225,0.13225,0.13225,0.13225
1.0494,1.0494,1.0494,0.478941,40.9543,40.6329,0.180654,4.39452,4.36202,0.132375,0.132375,0.132375,0.132375,0.132375,0.132375
1.04979,1.04979,1.04979,0.481572,41.2738,40.9501,0.181583,4.46108,4.42807,0.1325,0.1325,0.1325,0.1325,0.1325,0.1325
1.05018,1.05018,1.05018,0.484864,41.5999,41.2733,0.182521,4.52842,4.49489,0.132625,0.132625,0.132625,0.132625,0.132625,0.132625
1.05057,1.05057,1.05057,0.486757,41.916,41.588,0.183468,4.59654,4.56248,0.13275,0.13275,0.13275,0.13275,0.13275,0.13275
1.05096,1.05097,1.05097,0.489394,42.2427,41.9124,0.184422,4.66545,4.63086,0.132875,0.132875,0.132875,0.132875,0.132875,0.132875
1.05136,1.05136,1.05136,0.492078,42.5627,42.2302,0.185384,4.73515,4.70002,0.133,0.133,0.133,0.133,0.133,0.133
1.05176,1.05176,1.05176,0.494512,42.8852,42.5507,0.186354,4.80564,4.76997,0.133125,0.133125,0.133125,0.133125,0.133125,0.133125
1.05215,1.05216,1.05216,0.49812,43.2153,42.8776,0.187333,4.87693,4.84071,0.13325,0.13325,0.13325,0.13325,0.13325,0.13325
1.05255,1.05256,1.05256,0.500927,43.547,43.207,0.188321,4.94904,4.91226,0.133375,0.133375,0.133375,0.133375,0.133375,0.133375
1.05296,1.05296,1.05296,0.504142,43.8708,43.528,0.189318,5.02196,4.98462,0.1335,0.1335,0.1335,0.1335,0.1335,0.1335
1.05336,1.05336,1.05336,0.507022,44.204,43.8587,0.190323,5.09571,5.0578,0.133625,0.133625,0.133625,0.133625,0.133625,0.133625
1.05376,1.05377,1.05377,0.510297,44.5355,44.1874,0.191337,5.17028,5.1318,0.13375,0.13375,0.13375,0.13375,0.13375,0.13375
1.05417,1.05417,1.05417,0.513426,44.8735,44.5227,0.19236,5.24569,5.20663,0.133875,0.133875,0.133875,0.133875,0.133875,0.133875
1.05458,1.05458,1.05458,0.516295,45.2101,44.8568,0.193392,5.32194,5.28229,0.134,0.134,0.134,0.134,0.134,0.134
1.05499,1.05499,1.05499,0.519294,45.5465,45.1907,0.194433,5.39905,5.3588,0.134125,0.134125,0.134125,0.134125,0.134125,0.134125
1.0554,1.0554,1.0554,0.522651,45.8837,45.525,0.195482,5.477,5.43616,0.13425,0.13425,0.13425,0.13425,0.13425,0.13425
1.05581,1.05582,1.05582,0.525887,46.2235,45.862,0.196542,5.55582,5.51437,0.134375,0.134375,0.134375,0.134375,0.134375,0.134375
1.05623,1.05623,1.05623,0.52871,46.5615,46.1976,0.19761,5.6355,5.59344,0.1345,0.1345,0.1345,0.1345,0.1345,0.1345
1.05665,1.05665,1.05665,0.531415,46.8998,46.5337,0.198687,5.71606,5.67337,0.134625,0.134625,0.134625,0.134625,0.134625,0.134625
1.05706,1.05707,1.05707,0.534267,47.2422,46.8736,0.199773,5.79749,5.75417,0.13475,0.13475,0.13475,0.13475,0.13475,0.13475
1.05748,1.05749,1.05749,0.537902,47.587,47.2152,0.200868,5.87981,5.83586,0.134875,0.134875,0.134875,0.134875,0.134875,0.134875
1.05791,1.05791,1.05791,0.54178,47.9387,47.5635,0.201974,5.96303,5.91843,0.135,0.135,0.135,0.135,0.135,0.135
1.05833,1.05833,1.05833,0.544743,48.2921,47.9145,0.203089,6.04714,6.0019,0.135125,0.135125,0.135125,0.135125,0.135125,0.135125
1.05875,1.05876,1.05876,0.549159,48.6403,48.2587,0.204214,6.13217,6.08627,0.13525,0.13525,0.13525,0.13525,0.13525,0.13525
1.05918,1.05918,1.05919,0.552407,48.9931,48.6087,0.205349,6.21811,6.17155,0.135375,0.135375,0.135375,0.135375,0.135375,0.135375
1.05961,1.05961,1.05961,0.555883,49.3465,48.9591,0.206493,6.30498,6.25774,0.1355,0.1355,0.1355,0.1355,0.1355,0.1355
1.06004,1.06004,1.06004,0.559603,49.705,49.3143,0.207648,6.39277,6.34485,0.135625,0.135625,0.135625,0.135625,0.135625,0.135625
1.06047,1.06047,1.06048,0.562712,50.0484,49.6551,0.208813,6.48149,6.43289,0.13575,0.13575,0.13575,0.13575,0.13575,0.13575
1.06091,1.06091,1.06091,0.566392,50.4084,50.0119,0.209988,6.57115,6.52185,0.135875,0.135875,0.135875,0.135875,0.135875,0.135875
1.06134,1.06134,1.06134,0.570016,50.7667,50.367,0.211173,6.66176,6.61176,0.136,0.136,0.136,0.136,0.136,0.136
1.06178,1.06178,1.06178,0.573357,51.1215,50.7189,0.212368,6.75332,6.70261,0.136125,0.136125,0.136125,0.136125,0.136125,0.136125
1.06222,1.06222,1.06222,0.576788,51.4765,51.071,0.213573,6.84584,6.79441,0.13625,0.13625,0.13625,0.13625,0.13625,0.13625
1.06266,1.06266,1.06266,0.579507,51.8344,51.4266,0.214788,6.93932,6.88717,0.136375,0.136375,0.136375,0.136375,0.136375,0.136375
1.0631,1.0631,1.0631,0.583387,52.1996,51.7885,0.216013,7.03378,6.98089,0.1365,0.1365,0.1365,0.1365,0.1365,0.1365
1.06354,1.06355,1.06355,0.585533,52.5537,52.1409,0.217248,7.12921,7.07558,0.136625,0.136625,0.136625,0.136625,0.136625,0.136625
1.06399,1.06399,1.06399,0.589217,52.9231,52.5071,0.218493,7.22562,7.17125,0.13675,0.13675,0.13675,0.13675,0.13675,0.13675
1.06444,1.06444,1.06444,0.591822,53.2825,52.8644,0.219748,7.32303,7.2679,0.136875,0.136875,0.136875,0.136875,0.136875,0.136875
1.06489,1.06489,1.06489,0.595149,53.6412,53.2203,0.221013,7.42143,7.36554,0.137,0.137,0.137,0.137,0.137,0.137
1.06534,1.06534,1.06534,0.598632,54,53.576,0.222289,7.52083,7.46417,0.137125,0.137125,0.137125,0.137125,0.137125,0.137125
1.06579,1.06579,1.06579,0.601769,54.3787,53.952,0.223575,7.62125,7.56381,0.13725,0.13725,0.13725,0.13725,0.13725,0.13725
1.06624,1.06624,1.06625,0.605606,54.7444,54.3144,0.224871,7.72269,7.66446,0.137375,0.137375,0.137375,0.137375,0.137375,0.137375
1.0667,1.0667,1.0667,0.609206,55.1188,54.6857,0.226179,7.82515,7.76612,0.1375,0.1375,0.1375,0.1375,0.1375,0.1375
1.06716,1.06716,1.06716,0.612515,55.4944,55.0585,0.227497,7.92865,7.86882,0.137625,0.137625,0.137625,0.137625,0.137625,0.137625
1.06762,1.06762,1.06762,0.616338,55.8757,55.4364,0.228826,8.03319,7.97256,0.13775,0.13775,0.13775,0.13775,0.13775,0.13775
1.06808,1.06808,1.06808,0.619801,56.2477,55.8055,0.230166,8.13879,8.07733,0.137875,0.137875,0.137875,0.137875,0.137875,0.137875
1.06854,1.06854,1.06854,0.622626,56.6203,56.1757,0.231517,8.24544,8.18315,0.138,0.138,0.138,0.138,0.138,0.138
1.069,1.069,1.06901,0.627011,56.9988,56.5504,0.232879,8.35314,8.29002,0.138125,0.138125,0.138125,0.138125,0.138125,0.138125
1.06947,1.06947,1.06947,0.630596,57.3752,56.9237,0.234253,8.46192,8.39795,0.13825,0.13825,0.13825,0.13825,0.13825,0.13825
1.06994,1.06994,1.06994,0.633206,57.7585,57.3049,0.235637,8.57177,8.50695,0.138375,0.138375,0.138375,0.138375,0.138375,0.138375
1.07041,1.07041,1.07041,0.636272,58.1403,57.6842,0.237031,8.68271,8.61703,0.1385,0.1385,0.1385,0.1385,0.1385,0.1385
1.07088,1.07088,1.07088,0.639365,58.5266,58.0678,0.238437,8.79474,8.72819,0.138625,0.138625,0.138625,0.138625,0.138625,0.138625
1.07135,1.07135,1.07136,0.642868,58.9046,58.4428,0.239853,8.90786,8.84044,0.13875,0.13875,0.13875,0.13875,0.13875,0.13875
1.07183,1.07183,1.07183,0.645756,59.2868,58.8227,0.241281,9.02209,8.95378,0.138875,0.138875,0.138875,0.138875,0.138875,0.138875
1.0723,1.0723,1.07231,0.649136,59.6706,59.2036,0.242719,9.13742,9.06822,0.139,0.139,0.139,0.139,0.139,0.139
1.07278,1.07278,1.07279,0.652478,60.0702,59.6004,0.244169,9.25388,9.18377,0.139125,0.139125,0.139125,0.139125,0.139125,0.139125
1.07326,1.07326,1.07326,0.655919,60.4561,59.9833,0.24563,9.37147,9.30045,0.13925,0.13925,0.13925,0.13925,0.13925,0.13925
1.07374,1.07374,1.07375,0.65904,60.8505,60.3752,0.247102,9.49019,9.41825,0.139375,0.139375,0.139375,0.139375,0.139375,0.139375
1.07423,1.07423,1.07423,0.662541,61.2459,60.7676,0.248586,9.61006,9.53719,0.1395,0.1395,0.1395,0.1395,0.1395,0.1395
1.07471,1.07471,1.07472,0.666184,61.6385,61.157,0.250081,9.73108,9.65727,0.139625,0.139625,0.139625,0.139625,0.139625,0.139625
1.0752,1.0752,1.0752,0.669873,62.0337,61.5491,0.251589,9.85325,9.7785,0.13975,0.13975,0.13975,0.13975,0.13975,0.13975
1.07569,1.07569,1.07569,0.673964,62.4357,61.9475,0.253108,9.97659,9.90088,0.139875,0.139875,0.139875,0.139875,0.139875,0.139875
1.07618,1.07618,1.07618,0.677456,62.847,62.3558,0.25464,10.1011,10.0244,0.14,0.14,0.14,0.14,0.14,0.14
1.07667,1.07667,1.07667,0.680652,63.2452,62.7513,0.256183,10.2268,10.1492,0.140125,0.140125,0.140125,0.140125,0.140125,0.140125
1.07716,1.07717,1.07717,0.683831,63.6426,63.1461,0.257738,10.3537,10.2751,0.14025,0.14025,0.14025,0.14025,0.14025,0.14025
1.07766,1.07766,1.07766,0.687197,64.0475,63.5481,0.259304,10.4818,10.4022,0.140375,0.140375,0.140375,0.140375,0.140375,0.140375
1.07816,1.07816,1.07816,0.690438,64.4491,63.9471,0.260882,10.6111,10.5305,0.1405,0.1405,0.1405,0.1405,0.1405,0.1405
1.07866,1.07866,1.07866,0.693691,64.8507,64.3459,0.262472,10.7416,10.6599,0.140625,0.140625,0.140625,0.140625,0.140625,0.140625
1.07916,1.07916,1.07916,0.697161,65.2589,64.7512,0.264074,10.8733,10.7906,0.14075,0.14075,0.14075,0.14075,0.14075,0.14075
1.07966,1.07966,1.07967,0.701564,65.6869,65.1753,0.265689,11.0062,10.9225,0.140875,0.140875,0.140875,0.140875,0.140875,0.140875
1.08017,1.08017,1.08017,0.705547,66.1072,65.5922,0.267316,11.1404,11.0557,0.141,0.141,0.141,0.141,0.141,0.141
1.08067,1.08067,1.08068,0.709092,66.5323,66.0143,0.268957,11.2759,11.1901,0.141125,0.141125,0.141125,0.141125,0.141125,0.141125
1.08118,1.08118,1.08118,0.71365,66.9413,66.4192,0.270609,11.4126,11.3258,0.14125,0.14125,0.14125,0.14125,0.14125,0.14125
1.08169,1.08169,1.08169,0.717045,67.3524,66.8275,0.272275,11.5505,11.4626,0.141375,0.141375,0.141375,0.141375,0.141375,0.141375
1.0822,1.0822,1.08221,0.720024,67.765,67.2376,0.273953,11.6898,11.6008,0.1415,0.1415,0.1415,0.1415,0.1415,0.1415
1.08272,1.08272,1.08272,0.723195,68.1817,67.6518,0.275643,11.8302,11.7402,0.141625,0.141625,0.141625,0.141625,0.141625,0.141625
1.08323,1.08323,1.08323,0.727268,68.5935,68.06,0.277346,11.972,11.8809,0.14175,0.14175,0.14175,0.14175,0.14175,0.14175
1.08375,1.08375,1.08375,0.730744,69.01,68.4737,0.279062,12.1151,12.0228,0.141875,0.141875,0.141875,0.141875,0.141875,0.141875
1.08427,1.08427,1.08427,0.734238,69.4259,68.8865,0.28079,12.2594,12.166,0.142,0.142,0.142,0.142,0.142,0.142
1.08479,1.08479,1.08479,0.738185,69.8455,69.3027,0.282531,12.4051,12.3106,0.142125,0.142125,0.142125,0.142125,0.142125,0.142125
1.08531,1.08531,1.08531,0.741739,70.2698,69.7241,0.284285,12.552,12.4564,0.14225,0.14225,0.14225,0.14225,0.14225,0.14225
1.08583,1.08583,1.08584,0.745066,70.7043,70.1558,0.286052,12.7003,12.6035,0.142375,0.142375,0.142375,0.142375,0.142375,0.142375
1.08636,1.08636,1.08636,0.748743,71.1287,70.5771,0.287832,12.8499,12.752,0.1425,0.1425,0.1425,0.1425,0.1425,0.1425
1.08689,1.08689,1.08689,0.752731,71.5566,71.0017,0.289625,13.0009,12.9017,0.142625,0.142625,0.142625,0.142625,0.142625,0.142625
1.08742,1.08742,1.08742,0.756129,71.9838,71.426,0.291432,13.1531,13.0529,0.142751,0.142751,0.142751,0.142751,0.142751,0.142751
1.08795,1.08795,1.08795,0.75989,72.4281,71.8671,0.293251,13.3068,13.2053,0.142876,0.142876,0.142876,0.142876,0.142876,0.142876
1.08848,1.08848,1.08848,0.763007,72.8505,72.287,0.295084,13.4618,13.3591,0.143001,0.143001,0.143001,0.143001,0.143001,0.143001
1.08901,1.08902,1.08902,0.767405,73.2743,72.7069,0.29693,13.6182,13.5143,0.143126,0.143126,0.143126,0.143126,0.143126,0.143126
1.08955,1.08955,1.08956,0.771204,73.7095,73.1389,0.29879,13.7759,13.6708,0.143251,0.143251,0.143251,0.143251,0.143251,0.143251
1.09009,1.09009,1.09009,0.775028,74.1581,73.5842,0.300663,13.9351,13.8287,0.143376,0.143376,0.143376,0.143376,0.143376,0.143376
1.09063,1.09063,1.09063,0.779384,74.5843,74.0066,0.302551,14.0956,13.988,0.143501,0.143501,0.143501,0.143501,0.143501,0.143501
1.09117,1.09117,1.09118,0.783276,75.018,74.437,0.304452,14.2575,14.1487,0.143626,0.143626,0.143626,0.143626,0.143626,0.143626
1.09172,1.09172,1.09172,0.787358,75.4699,74.8853,0.306368,14.4209,14.3108,0.143751,0.143751,0.143751,0.143751,0.143751,0.143751
1.09226,1.09226,1.09226,0.791053,75.9173,75.3297,0.308298,14.5856,14.4743,0.143876,0.143876,0.143876,0.143876,0.143876,0.143876
1.09281,1.09281,1.09281,0.795217,76.3658,75.7746,0.310241,14.7518,14.6392,0.144001,0.144001,0.144001,0.144001,0.144001,0.144001
1.09336,1.09336,1.09336,0.799668,76.8125,76.2173,0.312199,14.9195,14.8055,0.144126,0.144126,0.144126,0.144126,0.144126,0.144126
1.09391,1.09391,1.09391,0.803761,77.2613,76.6627,0.314172,15.0885,14.9733,0.144251,0.144251,0.144251,0.144251,0.144251,0.144251
1.09446,1.09446,1.09446,0.807564,77.7093,77.1074,0.316159,15.2591,15.1425,0.144376,0.144376,0.144376,0.144376,0.144376,0.144376
1.09502,1.09502,1.09502,0.811564,78.1582,77.553,0.318161,15.4311,15.3132,0.144501,0.144501,0.144501,0.144501,0.144501,0.144501
1.09557,1.09557,1.09558,0.814863,78.6021,77.9941,0.320176,15.6045,15.4853,0.144626,0.144626,0.144626,0.144626,0.144626,0.144626
1.09613,1.09613,1.09613,0.819014,79.0496,78.438,0.322205,15.7795,15.6589,0.144751,0.144751,0.144751,0.144751,0.144751,0.144751
1.09669,1.09669,1.09669,0.823513,79.5004,78.885,0.32425,15.9559,15.834,0.144876,0.144876,0.144876,0.144876,0.144876,0.144876
1.09725,1.09725,1.09726,0.826755,79.9472,79.329,0.326309,16.1338,16.0105,0.145001,0.145001,0.145001,0.145001,0.145001,0.145001
1.09781,1.09782,1.09782,0.830143,80.4043,79.7833,0.328382,16.3132,16.1885,0.145126,0.145126,0.145126,0.145126,0.145126,0.145126
1.09838,1.09838,1.09838,0.834071,80.845,80.2207,0.330469,16.4941,16.3681,0.145251,0.145251,0.145251,0.145251,0.145251,0.145251
1.09895,1.09895,1.09895,0.838735,81.3072,80.6789,0.332571,16.6766,16.5491,0.145376,0.145376,0.145376,0.145376,0.145376,0.145376
1.09952,1.09952,1.09952,0.842572,81.7705,81.1389,0.334689,16.8605,16.7316,0.145501,0.145501,0.145501,0.145501,0.145501,0.145501
1.10009,1.10009,1.10009,0.846304,82.2243,81.5897,0.336821,17.046,16.9157,0.145626,0.145626,0.145626,0.145626,0.145626,0.145626
1.10066,1.10066,1.10066,0.851277,82.694,82.055,0.338969,17.233,17.1013,0.145751,0.145751,0.145751,0.145751,0.145751,0.145751
1.10123,1.10124,1.10124,0.855468,83.1487,82.5061,0.341132,17.4216,17.2884,0.145876,0.145876,0.145876,0.145876,0.145876,0.145876
1.10181,1.10181,1.10181,0.860432,83.6101,82.9631,0.343311,17.6118,17.4771,0.146001,0.146001,0.146001,0.146001,0.146001,0.146001
1.10239,1.10239,1.10239,0.863978,84.0643,83.4144,0.345505,17.8035,17.6673,0.146126,0.146126,0.146126,0.146126,0.146126,0.146126
1.10297,1.10297,1.10297,0.868266,84.5264,83.8728,0.347715,17.9968,17.8591,0.146251,0.146251,0.146251,0.146251,0.146251,0.146251
1.10355,1.10355,1.10355,0.872024,84.9842,84.3275,0.34994,18.1916,18.0525,0.146376,0.146376,0.146376,0.146376,0.146376,0.146376
1.10413,1.10414,1.10414,0.876541,85.4556,84.795,0.352181,18.3881,18.2474,0.146501,0.146501,0.146501,0.146501,0.146501,0.146501
1.10472,1.10472,1.10472,0.880261,85.9244,85.2606,0.354437,18.5861,18.4439,0.146626,0.146626,0.146626,0.146626,0.146626,0.146626
1.10531,1.10531,1.10531,0.885086,86.3971,85.7292,0.356709,18.7858,18.6421,0.146751,0.146751,0.146751,0.146751,0.146751,0.146751
1.1059,1.1059,1.1059,0.888525,86.8681,86.1973,0.358997,18.9871,18.8418,0.146876,0.146876,0.146876,0.146876,0.146876,0.146876
1.10649,1.10649,1.10649,0.893142,87.3483,86.6735,0.3613,19.19,19.0432,0.147001,0.147001,0.147001,0.147001,0.147001,0.147001
1.10708,1.10708,1.10708,0.897128,87.8294,87.1512,0.363619,19.3946,19.2462,0.147126,0.147126,0.147126,0.147126,0.147126,0.147126
1.10767,1.10768,1.10768,0.901681,88.3095,87.6274,0.365955,19.6008,19.4508,0.147251,0.147251,0.147251,0.147251,0.147251,0.147251
1.10827,1.10827,1.10827,0.906521,88.7936,88.1073,0.368307,19.8087,19.6571,0.147376,0.147376,0.147376,0.147376,0.147376,0.147376
1.10887,1.10887,1.10887,0.910814,89.2755,88.5855,0.370676,20.0183,19.865,0.147501,0.147501,0.147501,0.147501,0.147501,0.147501
1.10947,1.10947,1.10947,0.915348,89.756,89.0621,0.373061,20.2295,20.0746,0.147626,0.147626,0.147626,0.147626,0.147626,0.147626
1.11007,1.11007,1.11007,0.919753,90.2426,89.5449,0.375463,20.4425,20.2859,0.147751,0.147751,0.147751,0.147751,0.147751,0.147751
1.11067,1.11068,1.11068,0.923906,90.7304,90.0293,0.377881,20.6571,20.4989,0.147876,0.147876,0.147876,0.147876,0.147876,0.147876
1.11128,1.11128,1.11128,0.928587,91.2278,90.5226,0.380316,20.8734,20.7136,0.148001,0.148001,0.148001,0.148001,0.148001,0.148001
1.11189,1.11189,1.11189,0.933742,91.718,91.0083,0.382768,21.0915,20.93,0.148126,0.148126,0.148126,0.148126,0.148126,0.148126
1.1125,1.1125,1.1125,0.938013,92.2113,91.4979,0.385238,21.3113,21.148,0.148251,0.148251,0.148251,0.148251,0.148251,0.148251
1.11311,1.11311,1.11311,0.942751,92.7049,91.9875,0.387724,21.5328,21.3679,0.148376,0.148376,0.148376,0.148376,0.148376,0.148376
1.11372,1.11372,1.11373,0.947019,93.1962,92.4752,0.390227,21.7561,21.5894,0.148501,0.148501,0.148501,0.148501,0.148501,0.148501
1.11434,1.11434,1.11434,0.951112,93.7049,92.9804,0.392747,21.9811,21.8127,0.148626,0.148626,0.148626,0.148626,0.148626,0.148626
1.11495,1.11495,1.11496,0.956149,94.1938,93.4649,0.395285,22.2079,22.0377,0.148751,0.148751,0.148751,0.148751,0.148751,0.148751
1.11557,1.11557,1.11558,0.960351,94.6913,93.9589,0.397839,22.4365,22.2645,0.148876,0.148876,0.148876,0.148876,0.148876,0.148876
1.11619,1.11619,1.1162,0.96314,95.1875,94.453,0.40041,22.6668,22.4931,0.149001,0.149001,0.149001,0.149001,0.149001,0.149001
1.11681,1.11682,1.11682,0.966088,95.6811,94.9443,0.402996,22.8989,22.7234,0.149126,0.149126,0.149126,0.149126,0.149126,0.149126
1.11744,1.11744,1.11744,0.97124,96.1748,95.4335,0.405599,23.1329,22.9556,0.149251,0.149251,0.149251,0.149251,0.149251,0.149251
1.11806,1.11807,1.11807,0.9754,96.6834,95.9385,0.40822,23.3686,23.1895,0.149376,0.149376,0.149376,0.149376,0.149376,0.149376
1.11869,1.11869,1.1187,0.979089,97.1841,96.4363,0.410858,23.6061,23.4252,0.149501,0.149501,0.149501,0.149501,0.149501,0.149501
1.11932,1.11932,1.11933,0.983409,97.6736,96.9221,0.413512,23.8455,23.6627,0.149626,0.149626,0.149626,0.149626,0.149626,0.149626
1.11995,1.11996,1.11996,0.988862,98.1764,97.4201,0.416185,24.0867,23.902,0.149751,0.149751,0.149751,0.149751,0.149751,0.149751
1.12059,1.12059,1.12059,0.993872,98.6784,97.9178,0.418877,24.3297,24.1432,0.149876,0.149876,0.149876,0.149876,0.149876,0.149876
1.12122,1.12123,1.12123,0.999024,99.1822,98.4172,0.421587,24.5746,24.3862,0.150001,0.150001,0.150001,0.150001,0.150001,0.150001
1.12186,1.12186,1.12187,1.00254,99.7007,98.9328,0.424314,24.8213,24.631,0.150126,0.150126,0.150126,0.150126,0.150126,0.150126
1.1225,1.1225,1.1225,1.00752,100.21,99.4383,0.42706,25.0699,24.8777,0.150251,0.150251,0.150251,0.150251,0.150251,0.150251
1.12314,1.12314,1.12315,1.01203,100.73,99.9541,0.429823,25.3204,25.1263,0.150376,0.150376,0.150376,0.150376,0.150376,0.150376
1.12378,1.12379,1.12379,1.01753,101.248,100.467,0.432606,25.5728,25.3767,0.150501,0.150501,0.150501,0.150501,0.150501,0.150501
1.12443,1.12443,1.12443,1.02245,101.76,100.975,0.435407,25.8271,25.6291,0.150626,0.150626,0.150626,0.150626,0.150626,0.150626
1.12508,1.12508,1.12508,1.02572,102.283,101.495,0.438227,26.0834,25.8833,0.150751,0.150751,0.150751,0.150751,0.150751,0.150751
1.12572,1.12573,1.12573,1.02936,102.802,102.012,0.441063,26.3415,26.1395,0.150876,0.150876,0.150876,0.150876,0.150876,0.150876
1.12637,1.12638,1.12638,1.03388,103.332,102.537,0.443917,26.6016,26.3976,0.151001,0.151001,0.151001,0.151001,0.151001,0.151001
1.12703,1.12703,1.12703,1.03812,103.858,103.06,0.44679,26.8636,26.6576,0.151126,0.151126,0.151126,0.151126,0.151126,0.151126
1.12768,1.12768,1.12769,1.04274,104.381,103.579,0.449681,27.1276,26.9196,0.151251,0.151251,0.151251,0.151251,0.151251,0.151251
1.12834,1.12834,1.12834,1.04743,104.9,104.094,0.45259,27.3936,27.1835,0.151376,0.151376,0.151376,0.151376,0.151376,0.151376
1.129,1.129,1.129,1.0528,105.432,104.622,0.455519,27.6615,27.4493,0.151501,0.151501,0.151501,0.151501,0.151501,0.151501
1.12966,1.12966,1.12966,1.05679,105.958,105.145,0.458467,27.9314,27.7172,0.151626,0.151626,0.151626,0.151626,0.151626,0.151626
1.13032,1.13032,1.13032,1.06241,106.493,105.674,0.461435,28.2033,27.987,0.151751,0.151751,0.151751,0.151751,0.151751,0.151751
1.13098,1.13098,1.13099,1.06738,107.017,106.194,0.464422,28.4772,28.2588,0.151876,0.151876,0.151876,0.151876,0.151876,0.151876
1.13165,1.13165,1.13165,1.0725,107.558,106.731,0.467429,28.7531,28.5326,0.152001,0.152001,0.152001,0.152001,0.152001,0.152001
1.13231,1.13232,1.13232,1.07709,108.098,107.266,0.470455,29.0311,28.8084,0.152126,0.152126,0.152126,0.152126,0.152126,0.152126
1.13298,1.13299,1.13299,1.08177,108.644,107.809,0.473501,29.3111,29.0862,0.152251,0.152251,0.152251,0.152251,0.152251,0.152251
1.13365,1.13366,1.13366,1.08687,109.187,108.347,0.476566,29.5931,29.3661,0.152376,0.152376,0.152376,0.152376,0.152376,0.152376
1.13433,1.13433,1.13433,1.09194,109.728,108.884,0.479652,29.8772,29.648,0.152501,0.152501,0.152501,0.152501,0.152501,0.152501
1.135,1.13501,1.13501,1.09509,110.278,109.431,0.482756,30.1634,29.932,0.152626,0.152626,0.152626,0.152626,0.152626,0.152626
1.13568,1.13568,1.13568,1.09897,110.816,109.966,0.485878,30.4517,30.218,0.152751,0.152751,0.152751,0.152751,0.152751,0.152751
1.13636,1.13636,1.13636,1.10436,111.378,110.524,0.48902,30.742,30.5061,0.152876,0.152876,0.152876,0.152876,0.152876,0.152876
1.13704,1.13704,1.13704,1.10944,111.928,111.069,0.492183,31.0345,30.7963,0.153001,0.153001,0.153001,0.153001,0.153001,0.153001
1.13772,1.13772,1.13773,1.11343,112.474,111.612,0.495365,31.3291,31.0887,0.153126,0.153126,0.153126,0.153126,0.153126,0.153126
1.13841,1.13841,1.13841,1.11857,113.021,112.154,0.498567,31.6258,31.3831,0.153251,0.153251,0.153251,0.153251,0.153251,0.153251
1.13909,1.1391,1.1391,1.12342,113.574,112.703,0.501789,31.9246,31.6796,0.153376,0.153376,0.153376,0.153376,0.153376,0.153376
1.13978,1.13978,1.13979,1.12794,114.121,113.246,0.505032,32.2255,31.9782,0.153501,0.153501,0.153501,0.153501,0.153501,0.153501
1.14047,1.14048,1.14048,1.1329,114.681,113.803,0.508294,32.5286,32.279,0.153626,0.153626,0.153626,0.153626,0.153626,0.153626
1.14117,1.14117,1.14117,1.13688,115.234,114.352,0.511577,32.8339,32.5819,0.153751,0.153751,0.153751,0.153751,0.153751,0.153751
1.14186,1.14186,1.14186,1.14049,115.786,114.901,0.514879,33.1413,32.887,0.153876,0.153876,0.153876,0.153876,0.153876,0.153876
1.14256,1.14256,1.14256,1.14618,116.348,115.458,0.518201,33.4509,33.1942,0.154001,0.154001,0.154001,0.154001,0.154001,0.154001
1.14325,1.14326,1.14326,1.15194,116.909,116.014,0.521544,33.7627,33.5036,0.154126,0.154126,0.154126,0.154126,0.154126,0.154126
1.14395,1.14396,1.14396,1.15666,117.465,116.566,0.52491,34.0767,33.8152,0.154251,0.154251,0.154251,0.154251,0.154251,0.154251
1.14466,1.14466,1.14466,1.16058,118.017,117.114,0.528295,34.393,34.129,0.154376,0.154376,0.154376,0.154376,0.154376,0.154376
1.14536,1.14536,1.14537,1.16535,118.575,117.669,0.5317,34.7114,34.445,0.154501,0.154501,0.154501,0.154501,0.154501,0.154501
1.14607,1.14607,1.14607,1.1702,119.147,118.236,0.535127,35.032,34.7632,0.154626,0.154626,0.154626,0.154626,0.154626,0.154626
1.14677,1.14678,1.14678,1.17493,119.707,118.793,0.538574,35.3549,35.0836,0.154751,0.154751,0.154751,0.154751,0.154751,0.154751
1.14748,1.14749,1.14749,1.18086,120.286,119.366,0.542043,35.6801,35.4062,0.154876,0.154876,0.154876,0.154876,0.154876,0.154876
1.1482,1.1482,1.1482,1.18619,120.857,119.932,0.545534,36.0075,35.7312,0.155001,0.155001,0.155001,0.155001,0.155001,0.155001
1.14891,1.14891,1.14891,1.19157,121.424,120.495,0.549047,36.3372,36.0583,0.155126,0.155126,0.155126,0.155126,0.155126,0.155126
1.14962,1.14963,1.14963,1.19667,121.988,121.055,0.552582,36.6692,36.3878,0.155251,0.155251,0.155251,0.155251,0.155251,0.155251
1.15034,1.15034,1.15035,1.20196,122.561,121.623,0.556139,37.0035,36.7195,0.155376,0.155376,0.155376,0.155376,0.155376,0.155376
1.15106,1.15106,1.15107,1.20631,123.133,122.192,0.559717,37.34,37.0535,0.155501,0.155501,0.155501,0.155501,0.155501,0.155501
1.15178,1.15179,1.15179,1.21113,123.712,122.767,0.563317,37.6789,37.3898,0.155626,0.155626,0.155626,0.155626,0.155626,0.155626
1.15251,1.15251,1.15251,1.21793,124.288,123.337,0.566939,38.0202,37.7284,0.155751,0.155751,0.155751,0.155751,0.155751,0.155751
1.15323,1.15323,1.15324,1.22358,124.853,123.896,0.570585,38.3637,38.0693,0.155876,0.155876,0.155876,0.155876,0.155876,0.155876
1.15396,1.15396,1.15396,1.22926,125.426,124.465,0.574254,38.7096,38.4125,0.156001,0.156001,0.156001,0.156001,0.156001,0.156001
1.15469,1.15469,1.15469,1.23399,126.001,125.036,0.577946,39.0579,38.7581,0.156126,0.156126,0.156126,0.156126,0.156126,0.156126
1.15542,1.15542,1.15542,1.23923,126.602,125.633,0.581659,39.4085,39.106,0.156251,0.156251,0.156251,0.156251,0.156251,0.156251
1.15615,1.15615,1.15616,1.24456,127.181,126.207,0.585396,39.7615,39.4563,0.156376,0.156376,0.156376,0.156376,0.156376,0.156376
1.15689,1.15689,1.15689,1.24935,127.752,126.774,0.589154,40.1169,39.809,0.156501,0.156501,0.156501,0.156501,0.156501,0.156501
1.15763,1.15763,1.15763,1.25398,128.333,127.351,0.592935,40.4747,40.164,0.156626,0.156626,0.156626,0.156626,0.156626,0.156626
1.15836,1.15837,1.15837,1.26086,128.931,127.943,0.596739,40.8349,40.5215,0.156751,0.156751,0.156751,0.156751,0.156751,0.156751
1.1591,1.15911,1.15911,1.26594,129.515,128.523,0.600567,41.1975,40.8813,0.156876,0.156876,0.156876,0.156876,0.156876,0.156876
1.15985,1.15985,1.15985,1.27054,130.105,129.109,0.604418,41.5626,41.2435,0.157001,0.157001,0.157001,0.157001,0.157001,0.157001
1.16059,1.16059,1.1606,1.27606,130.699,129.698,0.608291,41.9301,41.6082,0.157126,0.157126,0.157126,0.157126,0.157126,0.157126
1.16134,1.16134,1.16134,1.28117,131.291,130.286,0.612188,42.3,41.9754,0.157251,0.157251,0.157251,0.157251,0.157251,0.157251
1.16209,1.16209,1.16209,1.28684,131.891,130.88,0.616108,42.6725,42.3449,0.157376,0.157376,0.157376,0.157376,0.157376,0.157376
1.16284,1.16284,1.16284,1.29325,132.489,131.473,0.620053,43.0474,42.717,0.157501,0.157501,0.157501,0.157501,0.157501,0.157501
1.16359,1.16359,1.1636,1.29878,133.089,132.068,0.624022,43.4248,43.0915,0.157626,0.157626,0.157626,0.157626,0.157626,0.157626
1.16435,1.16435,1.16435,1.30455,133.701,132.676,0.628015,43.8048,43.4685,0.157751,0.157751,0.157751,0.157751,0.157751,0.157751
1.1651,1.1651,1.16511,1.30988,134.301,133.271,0.632032,44.1872,43.848,0.157876,0.157876,0.157876,0.157876,0.157876,0.157876
1.16586,1.16586,1.16587,1.31506,134.91,133.875,0.636073,44.5722,44.2301,0.158001,0.158001,0.158001,0.158001,0.158001,0.158001
1.16662,1.16662,1.16663,1.32,135.527,134.489,0.640137,44.9598,44.6146,0.158126,0.158126,0.158126,0.158126,0.158126,0.158126
1.16739,1.16739,1.16739,1.32536,136.127,135.083,0.644225,45.3499,45.0017,0.158251,0.158251,0.158251,0.158251,0.158251,0.158251
1.16815,1.16815,1.16815,1.33198,136.734,135.685,0.648338,45.7425,45.3914,0.158376,0.158376,0.158376,0.158376,0.158376,0.158376
1.16892,1.16892,1.16892,1.33605,137.35,136.297,0.652475,46.1377,45.7836,0.158501,0.158501,0.158501,0.158501,0.158501,0.158501
1.16968,1.16969,1.16969,1.3416,137.942,136.885,0.656635,46.5356,46.1783,0.158626,0.158626,0.158626,0.158626,0.158626,0.158626
1.17046,1.17046,1.17046,1.34773,138.548,137.486,0.660821,46.9359,46.5756,0.158751,0.158751,0.158751,0.158751,0.158751,0.158751
1.17123,1.17123,1.17123,1.3545,139.17,138.102,0.665032,47.3389,46.9755,0.158876,0.158876,0.158876,0.158876,0.158876,0.158876
1.172,1.172,1.17201,1.35928,139.764,138.692,0.669269,47.7445,47.378,0.159001,0.159001,0.159001,0.159001,0.159001,0.159001
1.17278,1.17278,1.17278,1.3644,140.382,139.305,0.673529,48.1528,47.7831,0.159126,0.159126,0.159126,0.159126,0.159126,0.159126
1.17356,1.17356,1.17356,1.37067,140.989,139.906,0.677815,48.5636,48.1908,0.159251,0.159251,0.159251,0.159251,0.159251,0.159251
1.17434,1.17434,1.17434,1.37622,141.608,140.521,0.682126,48.9771,48.6011,0.159376,0.159376,0.159376,0.159376,0.159376,0.159376
1.17512,1.17512,1.17512,1.38149,142.213,141.121,0.686462,49.3933,49.0141,0.159501,0.159501,0.159501,0.159501,0.159501,0.159501
1.1759,1.1759,1.17591,1.38718,142.851,141.755,0.690824,49.8121,49.4297,0.159626,0.159626,0.159626,0.159626,0.159626,0.159626
1.17669,1.17669,1.17669,1.39289,143.468,142.366,0.69521,50.2336,49.848,0.159751,0.159751,0.159751,0.159751,0.159751,0.159751
1.17748,1.17748,1.17748,1.3993,144.095,142.989,0.699623,50.6579,50.2689,0.159876,0.159876,0.159876,0.159876,0.159876,0.159876
1.17827,1.17827,1.17827,1.40562,144.729,143.617,0.704063,51.0848,50.6926,0.160001,0.160001,0.160001,0.160001,0.160001,0.160001
1.17906,1.17906,1.17907,1.41155,145.365,144.247,0.708529,51.5145,51.1189,0.160126,0.160126,0.160126,0.160126,0.160126,0.160126
1.17986,1.17986,1.17986,1.41742,146.01,144.888,0.713021,51.9469,51.548,0.160251,0.160251,0.160251,0.160251,0.160251,0.160251
1.18065,1.18065,1.18066,1.42309,146.644,145.517,0.717539,52.3821,51.9799,0.160376,0.160376,0.160376,0.160376,0.160376,0.160376
1.18145,1.18145,1.18146,1.42949,147.281,146.149,0.722084,52.8201,52.4145,0.160501,0.160501,0.160501,0.160501,0.160501,0.160501
1.18225,1.18225,1.18226,1.43555,147.919,146.781,0.726656,53.2608,52.8518,0.160626,0.160626,0.160626,0.160626,0.160626,0.160626
1.18305,1.18306,1.18306,1.44176,148.547,147.404,0.731254,53.7043,53.2919,0.160751,0.160751,0.160751,0.160751,0.160751,0.160751
1.18386,1.18386,1.18386,1.44772,149.182,148.034,0.73588,54.1506,53.7348,0.160876,0.160876,0.160876,0.160876,0.160876,0.160876
1.18467,1.18467,1.18467,1.4546,149.817,148.663,0.740533,54.5997,54.1804,0.161001,0.161001,0.161001,0.161001,0.161001,0.161001
1.18547,1.18547,1.18548,1.46088,150.451,149.291,0.745213,55.0516,54.6288,0.161126,0.161126,0.161126,0.161126,0.161126,0.161126
1.18628,1.18628,1.18629,1.467,151.084,149.919,0.749921,55.5064,55.0801,0.161251,0.161251,0.161251,0.161251,0.161251,0.161251
1.1871,1.1871,1.1871,1.47266,151.718,150.548,0.754656,55.9639,55.5341,0.161376,0.161376,0.161376,0.161376,0.161376,0.161376
1.18791,1.18791,1.18791,1.47978,152.356,151.18,0.759419,56.4243,55.991,0.161501,0.161501,0.161501,0.161501,0.161501,0.161501
1.18873,1.18873,1.18873,1.48599,153,151.818,0.76421,56.8876,56.4507,0.161626,0.161626,0.161626,0.161626,0.161626,0.161626
1.18955,1.18955,1.18955,1.4925,153.637,152.45,0.769029,57.3538,56.9132,0.161751,0.161751,0.161751,0.161751,0.161751,0.161751
1.19037,1.19037,1.19037,1.49802,154.276,153.084,0.773876,57.8228,57.3786,0.161876,0.161876,0.161876,0.161876,0.161876,0.161876
1.19119,1.19119,1.19119,1.50437,154.945,153.748,0.77875,58.2947,57.8469,0.162001,0.162001,0.162001,0.162001,0.162001,0.162001
1.19201,1.19201,1.19202,1.5103,155.598,154.395,0.783652,58.7696,58.3181,0.162126,0.162126,0.162126,0.162126,0.162126,0.162126
1.19284,1.19284,1.19284,1.51632,156.244,155.037,0.788582,59.2474,58.7922,0.162251,0.162251,0.162251,0.162251,0.162251,0.162251
1.19367,1.19367,1.19367,1.5205,156.888,155.677,0.793538,59.7281,59.2692,0.162376,0.162376,0.162376,0.162376,0.162376,0.162376
1.1945,1.1945,1.1945,1.52557,157.543,156.327,0.79852,60.2117,59.7491,0.162501,0.162501,0.162501,0.162501,0.162501,0.162501
1.19533,1.19533,1.19534,1.53119,158.187,156.967,0.803529,60.6983,60.232,0.162626,0.162626,0.162626,0.162626,0.162626,0.162626
1.19617,1.19617,1.19617,1.53762,158.848,157.623,0.808566,61.1879,60.7178,0.162751,0.162751,0.162751,0.162751,0.162751,0.162751
1.197,1.19701,1.19701,1.54428,159.518,158.286,0.813633,61.6805,61.2066,0.162876,0.162876,0.162876,0.162876,0.162876,0.162876
1.19784,1.19784,1.19785,1.55063,160.188,158.951,0.818728,62.1761,61.6983,0.163001,0.163001,0.163001,0.163001,0.163001,0.163001
1.19868,1.19868,1.19869,1.55588,160.848,159.607,0.823851,62.6747,62.1931,0.163126,0.163126,0.163126,0.163126,0.163126,0.163126
1.19953,1.19953,1.19953,1.56247,161.524,160.277,0.829003,63.1763,62.6909,0.163251,0.163251,0.163251,0.163251,0.163251,0.163251
1.20037,1.20037,1.20038,1.56751,162.197,160.946,0.834183,63.681,63.1917,0.163376,0.163376,0.163376,0.163376,0.163376,0.163376
1.20122,1.20122,1.20122,1.57262,162.853,161.598,0.839391,64.1887,63.6955,0.163501,0.163501,0.163501,0.163501,0.163501,0.163501
1.20207,1.20207,1.20207,1.57949,163.521,162.26,0.844627,64.6995,64.2023,0.163626,0.163626,0.163626,0.163626,0.163626,0.163626
1.20292,1.20292,1.20292,1.58554,164.192,162.925,0.849893,65.2134,64.7123,0.163751,0.163751,0.163751,0.163751,0.163751,0.163751
1.20377,1.20377,1.20378,1.59217,164.859,163.587,0.855188,65.7303,65.2252,0.163876,0.163876,0.163876,0.163876,0.163876,0.163876
1.20463,1.20463,1.20463,1.59857,165.532,164.255,0.860513,66.2504,65.7413,0.164001,0.164001,0.164001,0.164001,0.164001,0.164001
1.20548,1.20549,1.20549,1.60386,166.241,164.959,0.865867,66.7736,66.2604,0.164127,0.164127,0.164127,0.164127,0.164127,0.164127
1.20634,1.20634,1.20635,1.61055,166.928,165.64,0.87125,67.2999,66.7827,0.164252,0.164252,0.164252,0.164252,0.164252,0.164252
1.20721,1.20721,1.20721,1.6164,167.603,166.31,0.876663,67.8294,67.3081,0.164377,0.164377,0.164377,0.164377,0.164377,0.164377
1.20807,1.20807,1.20807,1.6234,168.288,166.989,0.882106,68.3621,67.8367,0.164502,0.164502,0.164502,0.164502,0.164502,0.164502
1.20893,1.20894,1.20894,1.62932,168.972,167.667,0.887579,68.8979,68.3684,0.164627,0.164627,0.164627,0.164627,0.164627,0.164627
1.2098,1.2098,1.20981,1.63515,169.658,168.35,0.893082,69.4369,68.9032,0.164752,0.164752,0.164752,0.164752,0.164752,0.164752
1.21067,1.21067,1.21068,1.6418,170.331,169.017,0.898614,69.9791,69.4412,0.164877,0.164877,0.164877,0.164877,0.164877,0.164877
1.21154,1.21154,1.21155,1.64838,171.002,169.682,0.904178,70.5245,69.9824,0.165002,0.165002,0.165002,0.165002,0.165002,0.165002
1.21242,1.21242,1.21242,1.65449,171.7,170.374,0.909772,71.073,70.5267,0.165127,0.165127,0.165127,0.165127,0.165127,0.165127
1.21329,1.21329,1.2133,1.66075,172.383,171.053,0.915396,71.6249,71.0743,0.165252,0.165252,0.165252,0.165252,0.165252,0.165252
1.21417,1.21417,1.21417,1.66568,173.067,171.732,0.921049,72.1799,71.6251,0.165377,0.165377,0.165377,0.165377,0.165377,0.165377
1.21505,1.21505,1.21505,1.67127,173.758,172.418,0.926732,72.7382,72.1791,0.165502,0.165502,0.165502,0.165502,0.165502,0.165502
1.21593,1.21593,1.21594,1.67743,174.441,173.097,0.932445,73.2998,72.7363,0.165627,0.165627,0.165627,0.165627,0.165627,0.165627
1.21682,1.21682,1.21682,1.68328,175.144,173.794,0.938188,73.8646,73.2968,0.165752,0.165752,0.165752,0.165752,0.165752,0.165752
1.2177,1.2177,1.21771,1.68939,175.85,174.495,0.943961,74.4328,73.8606,0.165877,0.165877,0.165877,0.165877,0.165877,0.165877
1.21859,1.21859,1.21859,1.69482,176.53,175.17,0.949765,75.0042,74.4276,0.166002,0.166002,0.166002,0.166002,0.166002,0.166002
1.21948,1.21948,1.21948,1.70001,177.225,175.862,0.955598,75.579,74.998,0.166127,0.166127,0.166127,0.166127,0.166127,0.166127
1.22037,1.22037,1.22038,1.70686,177.922,176.552,0.961462,76.1571,75.5716,0.166252,0.166252,0.166252,0.166252,0.166252,0.166252
1.22127,1.22127,1.22127,1.71411,178.633,177.257,0.967359,76.7385,76.1485,0.166377,0.166377,0.166377,0.166377,0.166377,0.166377
1.22216,1.22216,1.22217,1.72076,179.326,177.945,0.973288,77.3233,76.7288,0.166502,0.166502,0.166502,0.166502,0.166502,0.166502
1.22306,1.22306,1.22307,1.72814,180.032,178.644,0.979249,77.9115,77.3125,0.166627,0.166627,0.166627,0.166627,0.166627,0.166627
1.22396,1.22396,1.22397,1.7345,180.748,179.354,0.985243,78.503,77.8995,0.166752,0.166752,0.166752,0.166752,0.166752,0.166752
1.22487,1.22487,1.22487,1.74102,181.467,180.068,0.991269,79.098,78.4899,0.166877,0.166877,0.166877,0.166877,0.166877,0.166877
1.22577,1.22577,1.22577,1.74752,182.184,180.779,0.997327,79.6964,79.0836,0.167002,0.167002,0.167002,0.167002,0.167002,0.167002
1.22668,1.22668,1.22668,1.75331,182.903,181.493,1.00342,80.2982,79.6808,0.167127,0.167127,0.167127,0.167127,0.167127,0.167127
1.22759,1.22759,1.22759,1.7598,183.631,182.216,1.00954,80.9035,80.2815,0.167252,0.167252,0.167252,0.167252,0.167252,0.167252
1.2285,1.2285,1.2285,1.76734,184.34,182.918,1.01569,81.5123,80.8855,0.167377,0.167377,0.167377,0.167377,0.167377,0.167377
1.22941,1.22941,1.22941,1.77365,185.075,183.648,1.02188,82.1245,81.493,0.167502,0.167502,0.167502,0.167502,0.167502,0.167502
1.23033,1.23033,1.23033,1.78121,185.795,184.361,1.0281,82.7402,82.104,0.167627,0.167627,0.167627,0.167627,0.167627,0.167627
1.23124,1.23124,1.23125,1.78715,186.522,185.083,1.03436,83.3595,82.7185,0.167752,0.167752,0.167752,0.167752,0.167752,0.167752
1.23216,1.23216,1.23217,1.79363,187.25,185.806,1.04064,83.9822,83.3364,0.167877,0.167877,0.167877,0.167877,0.167877,0.167877
1.23308,1.23308,1.23309,1.79862,187.985,186.537,1.04696,84.6085,83.9579,0.168002,0.168002,0.168002,0.168002,0.168002,0.168002
1.23401,1.23401,1.23401,1.80518,188.702,187.248,1.05331,85.2384,84.5829,0.168127,0.168127,0.168127,0.168127,0.168127,0.168127
1.23493,1.23493,1.23494,1.81173,189.414,187.954,1.05969,85.8717,85.2114,0.168252,0.168252,0.168252,0.168252,0.168252,0.168252
1.23586,1.23586,1.23587,1.81748,190.146,188.681,1.06611,86.5087,85.8434,0.168377,0.168377,0.168377,0.168377,0.168377,0.168377
1.23679,1.23679,1.2368,1.82418,190.887,189.417,1.07256,87.1492,86.479,0.168502,0.168502,0.168502,0.168502,0.168502,0.168502
1.23772,1.23772,1.23773,1.83174,191.627,190.15,1.07904,87.7933,87.1181,0.168627,0.168627,0.168627,0.168627,0.168627,0.168627
1.23866,1.23866,1.23866,1.83687,192.358,190.877,1.08556,88.441,87.7609,0.168752,0.168752,0.168752,0.168752,0.168752,0.168752
1.23959,1.23959,1.2396,1.8441,193.105,191.618,1.09211,89.0924,88.4072,0.168877,0.168877,0.168877,0.168877,0.168877,0.168877
1.24053,1.24053,1.24054,1.85066,193.86,192.367,1.09869,89.7474,89.0572,0.169002,0.169002,0.169002,0.169002,0.169002,0.169002
1.24147,1.24147,1.24148,1.85655,194.596,193.099,1.10531,90.4061,89.7108,0.169127,0.169127,0.169127,0.169127,0.169127,0.169127
1.24242,1.24242,1.24242,1.86408,195.343,193.839,1.11196,91.0684,90.368,0.169252,0.169252,0.169252,0.169252,0.169252,0.169252
1.24336,1.24336,1.24336,1.86974,196.09,194.581,1.11865,91.7345,91.029,0.169377,0.169377,0.169377,0.169377,0.169377,0.169377
1.24431,1.24431,1.24431,1.87682,196.831,195.317,1.12537,92.4042,91.6935,0.169502,0.169502,0.169502,0.169502,0.169502,0.169502
1.24526,1.24526,1.24526,1.88448,197.591,196.069,1.13212,93.0776,92.3618,0.169627,0.169627,0.169627,0.169627,0.169627,0.169627
1.24621,1.24621,1.24621,1.89085,198.334,196.807,1.13891,93.7548,93.0337,0.169752,0.169752,0.169752,0.169752,0.169752,0.169752
1.24716,1.24716,1.24717,1.89933,199.091,197.556,1.14574,94.4357,93.7094,0.169877,0.169877,0.169877,0.169877,0.169877,0.169877
1.24812,1.24812,1.24812,1.906,199.843,198.303,1.1526,95.1204,94.3888,0.170002,0.170002,0.170002,0.170002,0.170002,0.170002
1.24907,1.24907,1.24908,1.91206,200.582,199.037,1.1595,95.8088,95.0719,0.170127,0.170127,0.170127,0.170127,0.170127,0.170127
1.25003,1.25003,1.25004,1.91773,201.336,199.787,1.16643,96.501,95.7588,0.170252,0.170252,0.170252,0.170252,0.170252,0.170252
1.25099,1.251,1.251,1.9242,202.086,200.531,1.17339,97.197,96.4494,0.170377,0.170377,0.170377,0.170377,0.170377,0.170377
1.25196,1.25196,1.25196,1.93073,202.854,201.293,1.18039,97.8968,97.1438,0.170502,0.170502,0.170502,0.170502,0.170502,0.170502
1.25292,1.25293,1.25293,1.9372,203.643,202.077,1.18743,98.6004,97.8421,0.170627,0.170627,0.170627,0.170627,0.170627,0.170627
1.25389,1.25389,1.2539,1.9448,204.405,202.832,1.1945,99.3079,98.5441,0.170752,0.170752,0.170752,0.170752,0.170752,0.170752
1.25486,1.25486,1.25487,1.95238,205.175,203.596,1.2016,100.019,99.25,0.170877,0.170877,0.170877,0.170877,0.170877,0.170877
1.25584,1.25584,1.25584,1.95751,205.946,204.362,1.20875,100.735,99.9598,0.171002,0.171002,0.171002,0.171002,0.171002,0.171002
1.25681,1.25681,1.25681,1.96387,206.719,205.13,1.21592,101.454,100.673,0.171127,0.171127,0.171127,0.171127,0.171127,0.171127
1.25779,1.25779,1.25779,1.97096,207.489,205.894,1.22314,102.177,101.391,0.171252,0.171252,0.171252,0.171252,0.171252,0.171252
1.25876,1.25877,1.25877,1.9765,208.248,206.648,1.23038,102.904,102.112,0.171377,0.171377,0.171377,0.171377,0.171377,0.171377
1.25975,1.25975,1.25975,1.98256,209.008,207.404,1.23767,103.635,102.837,0.171502,0.171502,0.171502,0.171502,0.171502,0.171502
1.26073,1.26073,1.26073,1.98886,209.763,208.153,1.24498,104.369,103.567,0.171627,0.171627,0.171627,0.171627,0.171627,0.171627
1.26171,1.26171,1.26172,1.99586,210.541,208.926,1.25234,105.108,104.3,0.171752,0.171752,0.171752,0.171752,0.171752,0.171752
1.2627,1.2627,1.26271,2.00226,211.32,209.699,1.25973,105.851,105.037,0.171877,0.171877,0.171877,0.171877,0.171877,0.171877
1.26369,1.26369,1.2637,2.00934,212.096,210.469,1.26716,106.597,105.777,0.172002,0.172002,0.172002,0.172002,0.172002,0.172002
1.26468,1.26468,1.26469,2.01562,212.869,211.236,1.27462,107.348,106.522,0.172127,0.172127,0.172127,0.172127,0.172127,0.172127
1.26568,1.26568,1.26568,2.02263,213.654,212.015,1.28212,108.103,107.271,0.172252,0.172252,0.172252,0.172252,0.172252,0.172252
1.26667,1.26667,1.26668,2.0301,214.465,212.82,1.28966,108.861,108.024,0.172377,0.172377,0.172377,0.172377,0.172377,0.172377
1.26767,1.26767,1.26768,2.03586,215.25,213.6,1.29723,109.624,108.781,0.172502,0.172502,0.172502,0.172502,0.172502,0.172502
1.26867,1.26867,1.26868,2.0429,216.04,214.385,1.30484,110.391,109.542,0.172627,0.172627,0.172627,0.172627,0.172627,0.172627
1.26967,1.26967,1.26968,2.0496,216.838,215.176,1.31249,111.162,110.307,0.172752,0.172752,0.172752,0.172752,0.172752,0.172752
1.27068,1.27068,1.27068,2.05759,217.614,215.946,1.32018,111.937,111.076,0.172877,0.172877,0.172877,0.172877,0.172877,0.172877
1.27168,1.27169,1.27169,2.06577,218.402,216.726,1.3279,112.716,111.849,0.173002,0.173002,0.173002,0.173002,0.173002,0.173002
1.27269,1.27269,1.2727,2.075,219.188,217.505,1.33567,113.499,112.626,0.173127,0.173127,0.173127,0.173127,0.173127,0.173127
1.2737,1.27371,1.27371,2.08233,219.984,218.294,1.34348,114.287,113.408,0.173252,0.173252,0.173252,0.173252,0.173252,0.173252
1.27472,1.27472,1.27472,2.08805,220.778,219.084,1.35132,115.078,114.193,0.173377,0.173377,0.173377,0.173377,0.173377,0.173377
1.27573,1.27573,1.27574,2.09491,221.575,219.875,1.35921,115.874,114.982,0.173502,0.173502,0.173502,0.173502,0.173502,0.173502
1.27675,1.27675,1.27676,2.10122,222.374,220.668,1.36713,116.673,115.776,0.173627,0.173627,0.173627,0.173627,0.173627,0.173627
1.27777,1.27777,1.27778,2.1068,223.174,221.464,1.37508,117.477,116.574,0.173752,0.173752,0.173752,0.173752,0.173752,0.173752
1.27879,1.27879,1.2788,2.1137,223.978,222.262,1.38308,118.286,117.376,0.173877,0.173877,0.173877,0.173877,0.173877,0.173877
1.27982,1.27982,1.27982,2.12123,224.789,223.067,1.39111,119.098,118.182,0.174002,0.174002,0.174002,0.174002,0.174002,0.174002
1.28084,1.28084,1.28085,2.12838,225.605,223.877,1.39918,119.915,118.993,0.174127,0.174127,0.174127,0.174127,0.174127,0.174127
1.28187,1.28187,1.28188,2.13683,226.419,224.683,1.40729,120.736,119.807,0.174252,0.174252,0.174252,0.174252,0.174252,0.174252
1.2829,1.2829,1.28291,2.14431,227.215,225.473,1.41545,121.561,120.626,0.174377,0.174377,0.174377,0.174377,0.174377,0.174377
1.28394,1.28394,1.28394,2.15096,228.011,226.263,1.42364,122.39,121.449,0.174502,0.174502,0.174502,0.174502,0.174502,0.174502
1.28497,1.28497,1.28498,2.15844,228.804,227.05,1.43187,123.224,122.277,0.174627,0.174627,0.174627,0.174627,0.174627,0.174627
1.28601,1.28601,1.28601,2.16479,229.602,227.842,1.44014,124.062,123.108,0.174752,0.174752,0.174752,0.174752,0.174752,0.174752
1.28705,1.28705,1.28705,2.17314,230.42,228.653,1.44845,124.905,123.944,0.174877,0.174877,0.174877,0.174877,0.174877,0.174877
1.28809,1.28809,1.28809,2.18019,231.234,229.461,1.4568,125.751,124.784,0.175002,0.175002,0.175002,0.175002,0.175002,0.175002
1.28913,1.28913,1.28914,2.18642,232.05,230.272,1.46519,126.602,125.629,0.175127,0.175127,0.175127,0.175127,0.175127,0.175127
1.29018,1.29018,1.29018,2.19434,232.886,231.101,1.47363,127.458,126.478,0.175252,0.175252,0.175252,0.175252,0.175252,0.175252
1.29123,1.29123,1.29123,2.20087,233.697,231.907,1.4821,128.318,127.331,0.175377,0.175377,0.175377,0.175377,0.175377,0.175377
1.29228,1.29228,1.29228,2.20774,234.521,232.724,1.49061,129.182,128.188,0.175502,0.175502,0.175502,0.175502,0.175502,0.175502
1.29333,1.29333,1.29333,2.21501,235.359,233.557,1.49916,130.05,129.05,0.175627,0.175627,0.175627,0.175627,0.175627,0.175627
1.29438,1.29438,1.29439,2.22163,236.191,234.383,1.50775,130.923,129.917,0.175752,0.175752,0.175752,0.175752,0.175752,0.175752
1.29544,1.29544,1.29545,2.22884,237.019,235.205,1.51638,131.801,130.787,0.175877,0.175877,0.175877,0.175877,0.175877,0.175877
1.2965,1.2965,1.29651,2.23556,237.858,236.038,1.52505,132.683,131.663,0.176002,0.176002,0.176002,0.176002,0.176002,0.176002
1.29756,1.29756,1.29757,2.24604,238.68,236.851,1.53377,133.57,132.542,0.176127,0.176127,0.176127,0.176127,0.176127,0.176127
1.29862,1.29862,1.29863,2.2538,239.524,237.688,1.54253,134.461,133.427,0.176252,0.176252,0.176252,0.176252,0.176252,0.176252
1.29969,1.29969,1.2997,2.26174,240.375,238.533,1.55133,135.356,134.315,0.176377,0.176377,0.176377,0.176377,0.176377,0.176377
1.30076,1.30076,1.30076,2.26868,241.207,239.358,1.56017,136.256,135.208,0.176502,0.176502,0.176502,0.176502,0.176502,0.176502
1.30183,1.30183,1.30183,2.27546,242.032,240.178,1.56905,137.161,136.106,0.176627,0.176627,0.176627,0.176627,0.176627,0.176627
1.3029,1.3029,1.30291,2.28234,242.86,241,1.57798,138.07,137.008,0.176752,0.176752,0.176752,0.176752,0.176752,0.176752
1.30398,1.30397,1.30398,2.28949,243.696,241.83,1.58695,138.984,137.915,0.176877,0.176877,0.176877,0.176877,0.176877,0.176877
1.30505,1.30505,1.30506,2.29631,244.553,242.681,1.59595,139.902,138.826,0.177002,0.177002,0.177002,0.177002,0.177002,0.177002
1.30613,1.30613,1.30614,2.30449,245.39,243.511,1.605,140.825,139.742,0.177127,0.177127,0.177127,0.177127,0.177127,0.177127
1.30721,1.30721,1.30722,2.31101,246.234,244.35,1.6141,141.753,140.663,0.177252,0.177252,0.177252,0.177252,0.177252,0.177252
1.3083,1.3083,1.3083,2.31713,247.088,245.199,1.62323,142.685,141.588,0.177377,0.177377,0.177377,0.177377,0.177377,0.177377
1.30938,1.30938,1.30939,2.32478,247.93,246.035,1.6324,143.622,142.517,0.177502,0.177502,0.177502,0.177502,0.177502,0.177502
1.31047,1.31047,1.31047,2.33164,248.797,246.895,1.64162,144.563,143.452,0.177627,0.177627,0.177627,0.177627,0.177627,0.177627
1.31156,1.31156,1.31156,2.33906,249.646,247.738,1.65088,145.509,144.391,0.177752,0.177752,0.177752,0.177752,0.177752,0.177752
1.31265,1.31265,1.31266,2.34446,250.54,248.628,1.66018,146.46,145.334,0.177877,0.177877,0.177877,0.177877,0.177877,0.177877
1.31375,1.31375,1.31375,2.35158,251.406,249.488,1.66952,147.416,146.283,0.178002,0.178002,0.178002,0.178002,0.178002,0.178002
1.31484,1.31484,1.31485,2.3595,252.264,250.339,1.6789,148.377,147.236,0.178127,0.178127,0.178127,0.178127,0.178127,0.178127
1.31594,1.31594,1.31595,2.36886,253.116,251.183,1.68833,149.342,148.194,0.178252,0.178252,0.178252,0.178252,0.178252,0.178252
1.31704,1.31704,1.31705,2.37763,253.963,252.022,1.69781,150.312,149.156,0.178377,0.178377,0.178377,0.178377,0.178377,0.178377
1.31815,1.31815,1.31815,2.38596,254.822,252.874,1.70733,151.286,150.123,0.178502,0.178502,0.178502,0.178502,0.178502,0.178502
1.31925,1.31925,1.31926,2.39499,255.692,253.736,1.71689,152.266,151.095,0.178627,0.178627,0.178627,0.178627,0.178627,0.178627
1.32036,1.32036,1.32037,2.40324,256.551,254.588,1.72651,153.25,152.072,0.178752,0.178752,0.178752,0.178752,0.178752,0.178752
1.32147,1.32147,1.32148,2.41058,257.433,255.464,1.73616,154.24,153.054,0.178877,0.178877,0.178877,0.178877,0.178877,0.178877
1.32258,1.32258,1.32259,2.41745,258.315,256.34,1.74587,155.234,154.04,0.179002,0.179002,0.179002,0.179002,0.179002,0.179002
1.3237,1.3237,1.3237,2.42528,259.185,257.203,1.75561,156.233,155.032,0.179127,0.179127,0.179127,0.179127,0.179127,0.179127
1.32481,1.32481,1.32482,2.43178,260.055,258.068,1.7654,157.236,156.028,0.179252,0.179252,0.179252,0.179252,0.179252,0.179252
1.32593,1.32593,1.32594,2.43918,260.938,258.944,1.77523,158.245,157.029,0.179377,0.179377,0.179377,0.179377,0.179377,0.179377
1.32705,1.32705,1.32706,2.44767,261.814,259.813,1.78511,159.259,158.035,0.179502,0.179502,0.179502,0.179502,0.179502,0.179502
1.32818,1.32818,1.32818,2.45487,262.7,260.693,1.79503,160.277,159.045,0.179627,0.179627,0.179627,0.179627,0.179627,0.179627
1.3293,1.3293,1.32931,2.46266,263.6,261.587,1.805,161.301,160.061,0.179752,0.179752,0.179752,0.179752,0.179752,0.179752
1.33043,1.33043,1.33044,2.47031,264.477,262.457,1.81501,162.33,161.082,0.179877,0.179877,0.179877,0.179877,0.179877,0.179877
1.33156,1.33156,1.33157,2.47766,265.382,263.356,1.82507,163.363,162.107,0.180002,0.180002,0.180002,0.180002,0.180002,0.180002
1.33269,1.33269,1.3327,2.48782,266.271,264.236,1.83517,164.402,163.138,0.180127,0.180127,0.180127,0.180127,0.180127,0.180127
1.33383,1.33383,1.33383,2.49489,267.159,265.118,1.84533,165.445,164.174,0.180252,0.180252,0.180252,0.180252,0.180252,0.180252
1.33497,1.33497,1.33497,2.50333,268.066,266.018,1.85553,166.494,165.214,0.180377,0.180377,0.180377,0.180377,0.180377,0.180377
1.3361,1.3361,1.33611,2.51,268.964,266.91,1.86577,167.548,166.26,0.180502,0.180502,0.180502,0.180502,0.180502,0.180502
1.33725,1.33725,1.33725,2.51928,269.859,267.797,1.87606,168.607,167.311,0.180627,0.180627,0.180627,0.180627,0.180627,0.180627
1.33839,1.33839,1.3384,2.52646,270.765,268.697,1.8864,169.671,168.366,0.180752,0.180752,0.180752,0.180752,0.180752,0.180752
1.33954,1.33954,1.33954,2.53552,271.651,269.575,1.89678,170.74,169.427,0.180877,0.180877,0.180877,0.180877,0.180877,0.180877
1.34068,1.34068,1.34069,2.54338,272.551,270.468,1.90721,171.814,170.493,0.181002,0.181002,0.181002,0.181002,0.181002,0.181002
1.34184,1.34183,1.34184,2.54986,273.454,271.366,1.91769,172.893,171.564,0.181127,0.181127,0.181127,0.181127,0.181127,0.181127
1.34299,1.34299,1.34299,2.55929,274.356,272.26,1.92822,173.977,172.64,0.181252,0.181252,0.181252,0.181252,0.181252,0.181252
1.34414,1.34414,1.34415,2.56689,275.255,273.153,1.93879,175.067,173.722,0.181377,0.181377,0.181377,0.181377,0.181377,0.181377
1.3453,1.3453,1.34531,2.57594,276.143,274.033,1.94941,176.162,174.808,0.181502,0.181502,0.181502,0.181502,0.181502,0.181502
1.34646,1.34646,1.34647,2.58417,277.07,274.953,1.96008,177.262,175.899,0.181627,0.181627,0.181627,0.181627,0.181627,0.181627
1.34762,1.34762,1.34763,2.59269,277.975,275.851,1.9708,178.367,176.996,0.181752,0.181752,0.181752,0.181752,0.181752,0.181752
1.34879,1.34879,1.34879,2.59973,278.889,276.759,1.98157,179.477,178.098,0.181877,0.181877,0.181877,0.181877,0.181877,0.181877
1.34995,1.34995,1.34996,2.60832,279.815,277.678,1.99238,180.593,179.205,0.182002,0.182002,0.182002,0.182002,0.182002,0.182002
1.35112,1.35112,1.35113,2.61592,280.749,278.605,2.00324,181.714,180.318,0.182127,0.182127,0.182127,0.182127,0.182127,0.182127
1.35229,1.35229,1.3523,2.62346,281.676,279.526,2.01415,182.841,181.436,0.182252,0.182252,0.182252,0.182252,0.182252,0.182252
1.35347,1.35347,1.35347,2.63133,282.612,280.454,2.02511,183.972,182.559,0.182377,0.182377,0.182377,0.182377,0.182377,0.182377
1.35464,1.35464,1.35465,2.64083,283.547,281.382,2.03612,185.109,183.687,0.182502,0.182502,0.182502,0.182502,0.182502,0.182502
1.35582,1.35582,1.35582,2.64815,284.472,282.3,2.04717,186.252,184.821,0.182627,0.182627,0.182627,0.182627,0.182627,0.182627
1.357,1.357,1.35701,2.65329,285.389,283.214,2.05827,187.4,185.96,0.182752,0.182752,0.182752,0.182752,0.182752,0.182752
1.35818,1.35818,1.35819,2.66064,286.313,284.131,2.06942,188.553,187.104,0.182877,0.182877,0.182877,0.182877,0.182877,0.182877
1.35937,1.35937,1.35937,2.66928,287.241,285.052,2.08061,189.711,188.254,0.183002,0.183002,0.183002,0.183002,0.183002,0.183002
1.36055,1.36055,1.36056,2.6795,288.184,285.986,2.09186,190.875,189.409,0.183127,0.183127,0.183127,0.183127,0.183127,0.183127
1.36174,1.36174,1.36175,2.68857,289.148,286.942,2.10316,192.045,190.569,0.183252,0.183252,0.183252,0.183252,0.183252,0.183252
1.36293,1.36293,1.36294,2.69674,290.086,287.873,2.11451,193.22,191.735,0.183377,0.183377,0.183377,0.183377,0.183377,0.183377
1.36413,1.36413,1.36413,2.70566,291.043,288.822,2.12591,194.4,192.907,0.183502,0.183502,0.183502,0.183502,0.183502,0.183502
1.36532,1.36532,1.36533,2.71408,291.985,289.757,2.13736,195.586,194.084,0.183627,0.183627,0.183627,0.183627,0.183627,0.183627
1.36652,1.36652,1.36653,2.72213,292.944,290.709,2.14886,196.778,195.266,0.183752,0.183752,0.183752,0.183752,0.183752,0.183752
1.36772,1.36772,1.36773,2.73221,293.896,291.653,2.16042,197.975,196.454,0.183877,0.183877,0.183877,0.183877,0.183877,0.183877
1.36893,1.36893,1.36893,2.7434,294.848,292.595,2.17202,199.178,197.647,0.184002,0.184002,0.184002,0.184002,0.184002,0.184002
1.37013,1.37013,1.37014,2.75235,295.815,293.554,2.18369,200.386,198.846,0.184127,0.184127,0.184127,0.184127,0.184127,0.184127
1.37134,1.37134,1.37135,2.76061,296.772,294.503,2.1954,201.6,200.051,0.184252,0.184252,0.184252,0.184252,0.184252,0.184252
1.37255,1.37255,1.37256,2.76752,297.72,295.446,2.20716,202.819,201.261,0.184377,0.184377,0.184377,0.184377,0.184377,0.184377
1.37376,1.37376,1.37377,2.77631,298.666,296.384,2.21898,204.044,202.477,0.184502,0.184502,0.184502,0.184502,0.184502,0.184502
1.37498,1.37498,1.37498,2.78279,299.621,297.334,2.23084,205.275,203.698,0.184627,0.184627,0.184627,0.184627,0.184627,0.184627
1.37619,1.37619,1.3762,2.79096,300.568,298.274,2.24275,206.511,204.925,0.184752,0.184752,0.184752,0.184752,0.184752,0.184752
1.37741,1.37741,1.37742,2.79794,301.524,299.224,2.25472,207.753,206.157,0.184877,0.184877,0.184877,0.184877,0.184877,0.184877
1.37863,1.37863,1.37864,2.80714,302.495,300.188,2.26673,209.001,207.395,0.185002,0.185002,0.185002,0.185002,0.185002,0.185002
1.37986,1.37986,1.37986,2.81584,303.471,301.156,2.2788,210.254,208.639,0.185127,0.185127,0.185127,0.185127,0.185127,0.185127
1.38108,1.38108,1.38109,2.82485,304.464,302.141,2.29092,211.514,209.889,0.185252,0.185252,0.185252,0.185252,0.185252,0.185252
1.38231,1.38231,1.38232,2.83422,305.439,303.108,2.30309,212.779,211.144,0.185377,0.185377,0.185377,0.185377,0.185377,0.185377
1.38354,1.38354,1.38355,2.84373,306.41,304.071,2.31532,214.05,212.405,0.185502,0.185502,0.185502,0.185502,0.185502,0.185502
1.38478,1.38478,1.38478,2.85094,307.394,305.049,2.32759,215.326,213.672,0.185628,0.185628,0.185628,0.185628,0.185628,0.185628
1.38601,1.38601,1.38602,2.86087,308.378,306.024,2.33993,216.609,214.945,0.185753,0.185753,0.185753,0.185753,0.185753,0.185753
1.38725,1.38725,1.38726,2.86764,309.36,307.001,2.35231,217.897,216.223,0.185878,0.185878,0.185878,0.185878,0.185878,0.185878
1.38849,1.38849,1.3885,2.87658,310.357,307.99,2.36475,219.191,217.508,0.186003,0.186003,0.186003,0.186003,0.186003,0.186003
1.38973,1.38973,1.38974,2.88549,311.318,308.944,2.37724,220.491,218.798,0.186128,0.186128,0.186128,0.186128,0.186128,0.186128
1.39098,1.39098,1.39098,2.89446,312.281,309.899,2.38978,221.797,220.093,0.186253,0.186253,0.186253,0.186253,0.186253,0.186253
1.39222,1.39222,1.39223,2.90439,313.26,310.869,2.40238,223.109,221.395,0.186378,0.186378,0.186378,0.186378,0.186378,0.186378
1.39347,1.39347,1.39348,2.91389,314.23,311.83,2.41504,224.426,222.703,0.186503,0.186503,0.186503,0.186503,0.186503,0.186503
1.39472,1.39472,1.39473,2.92475,315.212,312.803,2.42775,225.75,224.016,0.186628,0.186628,0.186628,0.186628,0.186628,0.186628
1.39598,1.39598,1.39598,2.93179,316.198,313.784,2.44052,227.08,225.336,0.186753,0.186753,0.186753,0.186753,0.186753,0.186753
1.39724,1.39723,1.39724,2.94039,317.188,314.767,2.45334,228.415,226.661,0.186878,0.186878,0.186878,0.186878,0.186878,0.186878
1.39849,1.39849,1.3985,2.9481,318.194,315.766,2.46622,229.757,227.992,0.187003,0.187003,0.187003,0.187003,0.187003,0.187003
1.39975,1.39975,1.39976,2.95745,319.21,316.773,2.47915,231.104,229.329,0.187128,0.187128,0.187128,0.187128,0.187128,0.187128
1.40102,1.40102,1.40102,2.96761,320.201,317.755,2.49213,232.458,230.673,0.187253,0.187253,0.187253,0.187253,0.187253,0.187253
1.40228,1.40228,1.40229,2.97653,321.204,318.752,2.50517,233.818,232.022,0.187378,0.187378,0.187378,0.187378,0.187378,0.187378
1.40355,1.40355,1.40356,2.98565,322.205,319.745,2.51827,235.183,233.377,0.187503,0.187503,0.187503,0.187503,0.187503,0.187503
1.40482,1.40482,1.40483,2.9949,323.203,320.734,2.53142,236.555,234.739,0.187628,0.187628,0.187628,0.187628,0.187628,0.187628
1.4061,1.40609,1.4061,3.00296,324.205,321.73,2.54463,237.933,236.106,0.187753,0.187753,0.187753,0.187753,0.187753,0.187753
1.40737,1.40737,1.40738,3.01308,325.221,322.737,2.5579,239.317,237.479,0.187878,0.187878,0.187878,0.187878,0.187878,0.187878
1.40865,1.40865,1.40865,3.02072,326.218,323.728,2.57122,240.707,238.859,0.188003,0.188003,0.188003,0.188003,0.188003,0.188003
1.40993,1.40993,1.40993,3.03071,327.249,324.75,2.58459,242.104,240.245,0.188128,0.188128,0.188128,0.188128,0.188128,0.188128
1.41121,1.41121,1.41122,3.04,328.242,325.735,2.59803,243.506,241.637,0.188253,0.188253,0.188253,0.188253,0.188253,0.188253
1.41249,1.41249,1.4125,3.05148,329.244,326.727,2.61152,244.915,243.035,0.188378,0.188378,0.188378,0.188378,0.188378,0.188378
1.41378,1.41378,1.41379,3.05889,330.266,327.743,2.62507,246.33,244.439,0.188503,0.188503,0.188503,0.188503,0.188503,0.188503
1.41507,1.41507,1.41508,3.0681,331.267,328.736,2.63868,247.752,245.849,0.188628,0.188628,0.188628,0.188628,0.188628,0.188628
1.41636,1.41636,1.41637,3.07609,332.288,329.751,2.65234,249.179,247.266,0.188753,0.188753,0.188753,0.188753,0.188753,0.188753
1.41766,1.41765,1.41766,3.08698,333.299,330.751,2.66606,250.613,248.689,0.188878,0.188878,0.188878,0.188878,0.188878,0.188878
1.41895,1.41895,1.41896,3.09554,334.309,331.754,2.67984,252.053,250.118,0.189003,0.189003,0.189003,0.189003,0.189003,0.189003
1.42025,1.42025,1.42026,3.10452,335.321,332.759,2.69368,253.499,251.553,0.189128,0.189128,0.189128,0.189128,0.189128,0.189128
1.42155,1.42155,1.42156,3.11543,336.354,333.782,2.70757,254.952,252.994,0.189253,0.189253,0.189253,0.189253,0.189253,0.189253
1.42286,1.42285,1.42286,3.12408,337.398,334.819,2.72153,256.411,254.442,0.189378,0.189378,0.189378,0.189378,0.189378,0.189378
1.42416,1.42416,1.42417,3.13256,338.417,335.831,2.73554,257.876,255.897,0.189503,0.189503,0.189503,0.189503,0.189503,0.189503
1.42547,1.42547,1.42548,3.14435,339.469,336.872,2.74961,259.348,257.357,0.189628,0.189628,0.189628,0.189628,0.189628,0.189628
1.42678,1.42678,1.42679,3.15297,340.49,337.886,2.76374,260.827,258.824,0.189753,0.189753,0.189753,0.189753,0.189753,0.189753
1.42809,1.42809,1.4281,3.15985,341.533,338.923,2.77793,262.311,260.297,0.189878,0.189878,0.189878,0.189878,0.189878,0.189878
1.42941,1.42941,1.42941,3.16998,342.575,339.957,2.79218,263.803,261.777,0.190003,0.190003,0.190003,0.190003,0.190003,0.190003
1.43073,1.43072,1.43073,3.17837,343.602,340.977,2.80648,265.3,263.263,0.190128,0.190128,0.190128,0.190128,0.190128,0.190128
1.43204,1.43204,1.43205,3.19,344.674,342.038,2.82085,266.804,264.756,0.190253,0.190253,0.190253,0.190253,0.190253,0.190253
1.43337,1.43337,1.43337,3.20106,345.745,343.1,2.83528,268.315,266.255,0.190378,0.190378,0.190378,0.190378,0.190378,0.190378
1.43469,1.43469,1.4347,3.20932,346.785,344.133,2.84977,269.833,267.761,0.190503,0.190503,0.190503,0.190503,0.190503,0.190503
1.43602,1.43602,1.43603,3.21874,347.844,345.184,2.86432,271.356,269.273,0.190628,0.190628,0.190628,0.190628,0.190628,0.190628
1.43735,1.43735,1.43736,3.22807,348.885,346.217,2.87892,272.887,270.792,0.190753,0.190753,0.190753,0.190753,0.190753,0.190753
1.43868,1.43868,1.43869,3.23795,349.937,347.26,2.89359,274.424,272.317,0.190878,0.190878,0.190878,0.190878,0.190878,0.190878
1.44001,1.44001,1.44002,3.24603,350.98,348.297,2.90832,275.968,273.849,0.191003,0.191003,0.191003,0.191003,0.191003,0.191003
1.44135,1.44135,1.44136,3.25688,352.075,349.382,2.92311,277.518,275.388,0.191128,0.191128,0.191128,0.191128,0.191128,0.191128
1.44269,1.44269,1.4427,3.26744,353.139,350.437,2.93796,279.075,276.933,0.191253,0.191253,0.191253,0.191253,0.191253,0.191253
1.44403,1.44403,1.44404,3.27678,354.193,351.483,2.95288,280.639,278.484,0.191378,0.191378,0.191378,0.191378,0.191378,0.191378
1.44537,1.44537,1.44538,3.28565,355.241,352.524,2.96785,282.209,280.043,0.191503,0.191503,0.191503,0.191503,0.191503,0.191503
1.44672,1.44672,1.44673,3.29476,356.322,353.597,2.98289,283.786,281.608,0.191628,0.191628,0.191628,0.191628,0.191628,0.191628
1.44807,1.44807,1.44808,3.30488,357.417,354.683,2.99798,285.37,283.18,0.191753,0.191753,0.191753,0.191753,0.191753,0.191753
1.44942,1.44942,1.44943,3.3153,358.514,355.771,3.01314,286.961,284.758,0.191878,0.191878,0.191878,0.191878,0.191878,0.191878
1.45077,1.45077,1.45078,3.32588,359.623,356.87,3.02837,288.559,286.344,0.192003,0.192003,0.192003,0.192003,0.192003,0.192003
1.45213,1.45213,1.45214,3.33844,360.683,357.919,3.04366,290.163,287.936,0.192128,0.192128,0.192128,0.192128,0.192128,0.192128
1.45349,1.45349,1.4535,3.34839,361.749,358.977,3.05901,291.775,289.535,0.192253,0.192253,0.192253,0.192253,0.192253,0.192253
1.45485,1.45485,1.45486,3.3575,362.836,360.056,3.07443,293.393,291.14,0.192378,0.192378,0.192378,0.192378,0.192378,0.192378
1.45621,1.45621,1.45622,3.36946,363.901,361.111,3.08991,295.018,292.753,0.192503,0.192503,0.192503,0.192503,0.192503,0.192503
1.45758,1.45758,1.45758,3.37863,364.994,362.197,3.10546,296.649,294.372,0.192628,0.192628,0.192628,0.192628,0.192628,0.192628
1.45895,1.45894,1.45895,3.38733,366.071,363.266,3.12107,298.288,295.998,0.192753,0.192753,0.192753,0.192753,0.192753,0.192753
1.46032,1.46031,1.46032,3.39963,367.132,364.316,3.13674,299.934,297.631,0.192878,0.192878,0.192878,0.192878,0.192878,0.192878
1.46169,1.46169,1.4617,3.41058,368.234,365.409,3.15248,301.586,299.271,0.193003,0.193003,0.193003,0.193003,0.193003,0.193003
1.46306,1.46306,1.46307,3.42267,369.349,366.513,3.16829,303.246,300.918,0.193128,0.193128,0.193128,0.193128,0.193128,0.193128
1.46444,1.46444,1.46445,3.4315,370.427,367.583,3.18417,304.913,302.572,0.193253,0.193253,0.193253,0.193253,0.193253,0.193253
1.46582,1.46582,1.46583,3.44228,371.514,368.661,3.2001,306.586,304.233,0.193378,0.193378,0.193378,0.193378,0.193378,0.193378
1.4672,1.4672,1.46721,3.45177,372.599,369.738,3.21611,308.267,305.901,0.193503,0.193503,0.193503,0.193503,0.193503,0.193503
1.46859,1.46859,1.4686,3.46185,373.703,370.833,3.23217,309.955,307.575,0.193628,0.193628,0.193628,0.193628,0.193628,0.193628
1.46997,1.46997,1.46998,3.47306,374.792,371.912,3.24831,311.649,309.257,0.193753,0.193753,0.193753,0.193753,0.193753,0.193753
1.47136,1.47136,1.47137,3.48207,375.879,372.991,3.26451,313.351,310.946,0.193878,0.193878,0.193878,0.193878,0.193878,0.193878
1.47276,1.47275,1.47276,3.49239,376.999,374.103,3.28077,315.06,312.642,0.194003,0.194003,0.194003,0.194003,0.194003,0.194003
1.47415,1.47415,1.47416,3.50155,378.11,375.206,3.2971,316.776,314.345,0.194128,0.194128,0.194128,0.194128,0.194128,0.194128
1.47555,1.47555,1.47556,3.51244,379.224,376.31,3.31349,318.5,316.055,0.194253,0.194253,0.194253,0.194253,0.194253,0.194253
1.47695,1.47695,1.47695,3.52204,380.345,377.423,3.32995,320.23,317.772,0.194378,0.194378,0.194378,0.194378,0.194378,0.194378
1.47835,1.47835,1.47836,3.53346,381.457,378.525,3.34648,321.968,319.496,0.194503,0.194503,0.194503,0.194503,0.194503,0.194503
1.47975,1.47975,1.47976,3.54401,382.575,379.634,3.36308,323.713,321.228,0.194628,0.194628,0.194628,0.194628,0.194628,0.194628
1.48116,1.48116,1.48117,3.55468,383.681,380.731,3.37974,325.465,322.966,0.194753,0.194753,0.194753,0.194753,0.194753,0.194753
1.48257,1.48257,1.48258,3.56463,384.807,381.849,3.39647,327.224,324.712,0.194878,0.194878,0.194878,0.194878,0.194878,0.194878
1.48398,1.48398,1.48399,3.57456,385.936,382.969,3.41326,328.991,326.465,0.195003,0.195003,0.195003,0.195003,0.195003,0.195003
1.48539,1.48539,1.4854,3.58463,387.078,384.102,3.43013,330.765,328.226,0.195128,0.195128,0.195128,0.195128,0.195128,0.195128
1.48681,1.48681,1.48682,3.59246,388.172,385.19,3.44705,332.546,329.994,0.195253,0.195253,0.195253,0.195253,0.195253,0.195253
1.48823,1.48823,1.48824,3.60329,389.315,386.323,3.46405,334.335,331.769,0.195378,0.195378,0.195378,0.195378,0.195378,0.195378
1.48965,1.48965,1.48966,3.61371,390.453,387.453,3.48111,336.131,333.551,0.195503,0.195503,0.195503,0.195503,0.195503,0.195503
1.49107,1.49107,1.49108,3.62677,391.612,388.601,3.49824,337.935,335.341,0.195628,0.195628,0.195628,0.195628,0.195628,0.195628
1.4925,1.4925,1.49251,3.63771,392.736,389.715,3.51544,339.746,337.138,0.195753,0.195753,0.195753,0.195753,0.195753,0.195753
1.49393,1.49393,1.49394,3.65036,393.862,390.83,3.53272,341.564,338.942,0.195878,0.195878,0.195878,0.195878,0.195878,0.195878
1.49536,1.49536,1.49537,3.66147,394.994,391.952,3.55007,343.39,340.754,0.196003,0.196003,0.196003,0.196003,0.196003,0.196003
1.49679,1.49679,1.4968,3.67339,396.127,393.074,3.56748,345.224,342.573,0.196128,0.196128,0.196128,0.196128,0.196128,0.196128
1.49823,1.49823,1.49824,3.68249,397.256,394.196,3.58497,347.065,344.4,0.196253,0.196253,0.196253,0.196253,0.196253,0.196253
1.49967,1.49967,1.49967,3.69428,398.374,395.303,3.60253,348.913,346.234,0.196378,0.196378,0.196378,0.196378,0.196378,0.196378
1.50111,1.50111,1.50111,3.70317,399.529,396.451,3.62015,350.769,348.076,0.196503,0.196503,0.196503,0.196503,0.196503,0.196503
1.50255,1.50255,1.50256,3.71404,400.671,397.583,3.63785,352.632,349.925,0.196628,0.196628,0.196628,0.196628,0.196628,0.196628
1.504,1.50399,1.504,3.72424,401.812,398.716,3.65561,354.503,351.781,0.196753,0.196753,0.196753,0.196753,0.196753,0.196753
1.50544,1.50544,1.50545,3.73134,402.957,399.855,3.67344,356.382,353.646,0.196878,0.196878,0.196878,0.196878,0.196878,0.196878
1.50689,1.50689,1.5069,3.74271,404.113,401.001,3.69134,358.268,355.517,0.197003,0.197003,0.197003,0.197003,0.197003,0.197003
1.50835,1.50835,1.50836,3.75268,405.262,402.142,3.70931,360.162,357.397,0.197128,0.197128,0.197128,0.197128,0.197128,0.197128
1.5098,1.5098,1.50981,3.7633,406.409,403.28,3.72734,362.064,359.284,0.197253,0.197253,0.197253,0.197253,0.197253,0.197253
1.51126,1.51126,1.51127,3.77394,407.564,404.426,3.74545,363.973,361.178,0.197378,0.197378,0.197378,0.197378,0.197378,0.197378
1.51272,1.51272,1.51273,3.78655,408.741,405.592,3.76363,365.89,363.08,0.197503,0.197503,0.197503,0.197503,0.197503,0.197503
1.51418,1.51418,1.51419,3.79696,409.883,406.725,3.78189,367.814,364.99,0.197628,0.197628,0.197628,0.197628,0.197628,0.197628
1.51565,1.51565,1.51566,3.80779,411.037,407.87,3.80021,369.747,366.908,0.197753,0.197753,0.197753,0.197753,0.197753,0.197753
1.51712,1.51712,1.51713,3.81765,412.208,409.032,3.81861,371.687,368.833,0.197878,0.197878,0.197878,0.197878,0.197878,0.197878
1.51859,1.51859,1.5186,3.83093,413.407,410.219,3.83708,373.635,370.766,0.198003,0.198003,0.198003,0.198003,0.198003,0.198003
1.52006,1.52006,1.52007,3.84012,414.596,411.4,3.85563,375.591,372.707,0.198128,0.198128,0.198128,0.198128,0.198128,0.198128
1.52154,1.52154,1.52154,3.8522,415.764,412.558,3.87424,377.555,374.656,0.198253,0.198253,0.198253,0.198253,0.198253,0.198253
1.52301,1.52301,1.52302,3.86508,416.927,413.71,3.89293,379.527,376.612,0.198378,0.198378,0.198378,0.198378,0.198378,0.198378
1.52449,1.52449,1.5245,3.87632,418.119,414.892,3.9117,381.506,378.577,0.198503,0.198503,0.198503,0.198503,0.198503,0.198503
1.52598,1.52598,1.52599,3.88795,419.298,416.061,3.93054,383.494,380.549,0.198628,0.198628,0.198628,0.198628,0.198628,0.198628
1.52746,1.52746,1.52747,3.90014,420.481,417.233,3.94946,385.489,382.529,0.198753,0.198753,0.198753,0.198753,0.198753,0.198753
1.52895,1.52895,1.52896,3.91185,421.66,418.402,3.96845,387.493,384.517,0.198878,0.198878,0.198878,0.198878,0.198878,0.198878
1.53044,1.53044,1.53045,3.922,422.838,419.571,3.98752,389.504,386.513,0.199003,0.199003,0.199003,0.199003,0.199003,0.199003
1.53193,1.53193,1.53194,3.93504,424.011,420.733,4.00666,391.524,388.517,0.199128,0.199128,0.199128,0.199128,0.199128,0.199128
1.53343,1.53343,1.53344,3.94542,425.202,421.915,4.02588,393.551,390.529,0.199253,0.199253,0.199253,0.199253,0.199253,0.199253
1.53493,1.53492,1.53493,3.95614,426.409,423.112,4.04517,395.587,392.548,0.199378,0.199378,0.199378,0.199378,0.199378,0.199378
1.53643,1.53642,1.53643,3.96721,427.609,424.304,4.06454,397.63,394.576,0.199503,0.199503,0.199503,0.199503,0.199503,0.199503
1.53793,1.53793,1.53794,3.97936,428.827,425.511,4.08398,399.682,396.612,0.199628,0.199628,0.199628,0.199628,0.199628,0.199628
1.53943,1.53943,1.53944,3.98937,430.028,426.703,4.1035,401.742,398.656,0.199753,0.199753,0.199753,0.199753,0.199753,0.199753
1.54094,1.54094,1.54095,4.00083,431.232,427.898,4.12309,403.81,400.708,0.199878,0.199878,0.199878,0.199878,0.199878,0.199878
1.54245,1.54245,1.54246,4.01303,432.459,429.114,4.14276,405.886,402.769,0.200003,0.200003,0.200003,0.200003,0.200003,0.200003
1.54396,1.54396,1.54397,4.02485,433.684,430.329,4.1625,407.971,404.837,0.200128,0.200128,0.200128,0.200128,0.200128,0.200128
1.54548,1.54548,1.54549,4.03588,434.884,431.519,4.18232,410.063,406.914,0.200253,0.200253,0.200253,0.200253,0.200253,0.200253
1.547,1.547,1.54701,4.04927,436.094,432.718,4.20223,412.164,408.998,0.200378,0.200378,0.200378,0.200378,0.200378,0.200378
1.54852,1.54852,1.54853,4.06287,437.334,433.945,4.22221,414.274,411.091,0.200503,0.200503,0.200503,0.200503,0.200503,0.200503
1.55004,1.55004,1.55005,4.0738,438.568,435.17,4.24227,416.391,413.193,0.200628,0.200628,0.200628,0.200628,0.200628,0.200628
1.55156,1.55156,1.55157,4.08924,439.796,436.384,4.26241,418.517,415.302,0.200753,0.200753,0.200753,0.200753,0.200753,0.200753
1.55309,1.55309,1.5531,4.10148,441.028,437.605,4.28264,420.652,417.42,0.200878,0.200878,0.200878,0.200878,0.200878,0.200878
1.55462,1.55462,1.55463,4.1119,442.258,438.827,4.30294,422.794,419.546,0.201003,0.201003,0.201003,0.201003,0.201003,0.201003
1.55615,1.55615,1.55616,4.12207,443.487,440.046,4.32332,424.945,421.681,0.201128,0.201128,0.201128,0.201128,0.201128,0.201128
1.55769,1.55769,1.5577,4.13483,444.725,441.273,4.34378,427.105,423.824,0.201253,0.201253,0.201253,0.201253,0.201253,0.201253
1.55923,1.55923,1.55924,4.14534,445.94,442.48,4.36431,429.273,425.975,0.201378,0.201378,0.201378,0.201378,0.201378,0.201378
1.56077,1.56077,1.56078,4.15717,447.188,443.717,4.38493,431.449,428.135,0.201503,0.201503,0.201503,0.201503,0.201503,0.201503
1.56231,1.56231,1.56232,4.16748,448.433,444.953,4.40562,433.634,430.303,0.201628,0.201628,0.201628,0.201628,0.201628,0.201628
1.56386,1.56386,1.56387,4.1783,449.671,446.183,4.42638,435.828,432.479,0.201753,0.201753,0.201753,0.201753,0.201753,0.201753
1.5654,1.5654,1.56541,4.18875,450.902,447.405,4.44723,438.03,434.664,0.201878,0.201878,0.201878,0.201878,0.201878,0.201878
1.56695,1.56695,1.56696,4.19837,452.158,448.652,4.46815,440.241,436.858,0.202003,0.202003,0.202003,0.202003,0.202003,0.202003
1.56851,1.56851,1.56852,4.21253,453.436,449.917,4.48915,442.46,439.06,0.202128,0.202128,0.202128,0.202128,0.202128,0.202128
1.57006,1.57006,1.57007,4.22458,454.668,451.139,4.51023,444.688,441.271,0.202253,0.202253,0.202253,0.202253,0.202253,0.202253
1.57162,1.57162,1.57163,4.23577,455.911,452.373,4.53139,446.924,443.49,0.202378,0.202378,0.202378,0.202378,0.202378,0.202378
1.57318,1.57318,1.57319,4.2462,457.15,453.603,4.55263,449.169,445.717,0.202503,0.202503,0.202503,0.202503,0.202503,0.202503
1.57474,1.57474,1.57475,4.25776,458.397,454.84,4.57395,451.423,447.954,0.202628,0.202628,0.202628,0.202628,0.202628,0.202628
1.57631,1.57631,1.57632,4.26839,459.655,456.089,4.59535,453.685,450.199,0.202753,0.202753,0.202753,0.202753,0.202753,0.202753
1.57788,1.57788,1.57789,4.28009,460.917,457.341,4.61683,455.956,452.452,0.202878,0.202878,0.202878,0.202878,0.202878,0.202878
1.57945,1.57945,1.57946,4.29328,462.186,458.598,4.63839,458.236,454.715,0.203003,0.203003,0.203003,0.203003,0.203003,0.203003
1.58102,1.58102,1.58103,4.3042,463.445,459.848,4.66003,460.525,456.986,0.203128,0.203128,0.203128,0.203128,0.203128,0.203128
1.5826,1.5826,1.58261,4.31499,464.709,461.103,4.68175,462.823,459.266,0.203253,0.203253,0.203253,0.203253,0.203253,0.203253
1.58418,1.58417,1.58418,4.32686,465.974,462.357,4.70356,465.129,461.554,0.203378,0.203378,0.203378,0.203378,0.203378,0.203378
1.58576,1.58576,1.58577,4.33996,467.245,463.616,4.72544,467.444,463.851,0.203503,0.203503,0.203503,0.203503,0.203503,0.203503
1.58734,1.58734,1.58735,4.34902,468.498,464.862,4.74741,469.768,466.158,0.203628,0.203628,0.203628,0.203628,0.203628,0.203628
1.58893,1.58892,1.58893,4.3603,469.768,466.123,4.76945,472.101,468.472,0.203753,0.203753,0.203753,0.203753,0.203753,0.203753
1.59051,1.59051,1.59052,4.37398,471.077,467.42,4.79158,474.443,470.796,0.203878,0.203878,0.203878,0.203878,0.203878,0.203878
1.5921,1.5921,1.59211,4.38542,472.349,468.682,4.8138,476.794,473.129,0.204003,0.204003,0.204003,0.204003,0.204003,0.204003
1.5937,1.5937,1.59371,4.39963,473.67,469.991,4.83609,479.154,475.471,0.204128,0.204128,0.204128,0.204128,0.204128,0.204128
1.59529,1.59529,1.5953,4.41142,474.961,471.271,4.85848,481.523,477.821,0.204253,0.204253,0.204253,0.204253,0.204253,0.204253
1.59689,1.59689,1.5969,4.42289,476.264,472.564,4.88094,483.901,480.181,0.204378,0.204378,0.204378,0.204378,0.204378,0.204378
1.59849,1.59849,1.5985,4.43497,477.548,473.838,4.90349,486.288,482.549,0.204503,0.204503,0.204503,0.204503,0.204503,0.204503
1.6001,1.6001,1.60011,4.44542,478.788,475.07,4.92613,488.684,484.927,0.204628,0.204628,0.204628,0.204628,0.204628,0.204628
1.6017,1.6017,1.60171,4.45639,480.057,476.329,4.94884,491.089,487.313,0.204753,0.204753,0.204753,0.204753,0.204753,0.204753
1.60331,1.60331,1.60332,4.46708,481.325,477.587,4.97163,493.503,489.709,0.204878,0.204878,0.204878,0.204878,0.204878,0.204878
1.60492,1.60492,1.60493,4.48105,482.612,478.862,4.99451,495.926,492.113,0.205003,0.205003,0.205003,0.205003,0.205003,0.205003
1.60654,1.60654,1.60655,4.49222,483.899,480.14,5.01748,498.358,494.527,0.205128,0.205128,0.205128,0.205128,0.205128,0.205128
1.60815,1.60815,1.60816,4.5046,485.208,481.439,5.04053,500.8,496.949,0.205253,0.205253,0.205253,0.205253,0.205253,0.205253
1.60977,1.60977,1.60978,4.51726,486.502,482.721,5.06366,503.251,499.381,0.205378,0.205378,0.205378,0.205378,0.205378,0.205378
1.61139,1.61139,1.61141,4.53284,487.818,484.024,5.08689,505.711,501.822,0.205503,0.205503,0.205503,0.205503,0.205503,0.205503
1.61302,1.61302,1.61303,4.54293,489.155,485.352,5.1102,508.18,504.272,0.205628,0.205628,0.205628,0.205628,0.205628,0.205628
1.61465,1.61465,1.61466,4.55474,490.492,486.679,5.1336,510.659,506.732,0.205753,0.205753,0.205753,0.205753,0.205753,0.205753
1.61627,1.61627,1.61629,4.56613,491.864,488.041,5.15708,513.147,509.201,0.205878,0.205878,0.205878,0.205878,0.205878,0.205878
1.61791,1.61791,1.61792,4.57665,493.184,489.352,5.18065,515.644,511.679,0.206003,0.206003,0.206003,0.206003,0.206003,0.206003
1.61954,1.61954,1.61955,4.58828,494.484,490.642,5.20429,518.151,514.166,0.206128,0.206128,0.206128,0.206128,0.206128,0.206128
1.62118,1.62118,1.62119,4.59991,495.802,491.95,5.22803,520.667,516.663,0.206253,0.206253,0.206253,0.206253,0.206253,0.206253
1.62282,1.62282,1.62283,4.61418,497.133,493.269,5.25185,523.193,519.169,0.206378,0.206378,0.206378,0.206378,0.206378,0.206378
1.62446,1.62446,1.62447,4.62544,498.471,494.597,5.27576,525.728,521.685,0.206503,0.206503,0.206503,0.206503,0.206503,0.206503
1.6261,1.62611,1.62612,4.64059,499.785,495.898,5.29976,528.273,524.21,0.206628,0.206628,0.206628,0.206628,0.206628,0.206628
1.62775,1.62775,1.62776,4.65281,501.141,497.244,5.32385,530.827,526.744,0.206753,0.206753,0.206753,0.206753,0.206753,0.206753
1.6294,1.6294,1.62941,4.66477,502.452,498.544,5.34803,533.39,529.288,0.206878,0.206878,0.206878,0.206878,0.206878,0.206878
1.63105,1.63105,1.63107,4.67509,503.805,499.888,5.3723,535.964,531.841,0.207004,0.207004,0.207004,0.207004,0.207004,0.207004
1.63271,1.63271,1.63272,4.68674,505.189,501.262,5.39665,538.547,534.404,0.207129,0.207129,0.207129,0.207129,0.207129,0.207129
1.63437,1.63437,1.63438,4.69676,506.514,502.579,5.42108,541.139,536.977,0.207254,0.207254,0.207254,0.207254,0.207254,0.207254
1.63603,1.63603,1.63604,4.70895,507.867,503.921,5.4456,543.741,539.559,0.207379,0.207379,0.207379,0.207379,0.207379,0.207379
1.63769,1.63769,1.6377,4.72582,509.21,505.249,5.47021,546.353,542.15,0.207504,0.207504,0.207504,0.207504,0.207504,0.207504
1.63936,1.63936,1.63937,4.73911,510.556,506.583,5.49492,548.974,544.752,0.207629,0.207629,0.207629,0.207629,0.207629,0.207629
1.64102,1.64102,1.64104,4.75226,511.889,507.905,5.51972,551.606,547.362,0.207754,0.207754,0.207754,0.207754,0.207754,0.207754
1.64269,1.6427,1.64271,4.7639,513.242,509.248,5.54462,554.247,549.983,0.207879,0.207879,0.207879,0.207879,0.207879,0.207879
1.64437,1.64437,1.64438,4.77856,514.592,510.584,5.5696,556.897,552.613,0.208004,0.208004,0.208004,0.208004,0.208004,0.208004
1.64604,1.64604,1.64606,4.79224,515.934,511.915,5.59468,559.558,555.253,0.208129,0.208129,0.208129,0.208129,0.208129,0.208129
1.64772,1.64772,1.64773,4.80351,517.293,513.264,5.61984,562.228,557.902,0.208254,0.208254,0.208254,0.208254,0.208254,0.208254
1.6494,1.6494,1.64941,4.81424,518.669,514.632,5.6451,564.908,560.562,0.208379,0.208379,0.208379,0.208379,0.208379,0.208379
1.65109,1.65109,1.6511,4.82835,520.04,515.99,5.67044,567.598,563.231,0.208504,0.208504,0.208504,0.208504,0.208504,0.208504
1.65277,1.65277,1.65279,4.84035,521.391,517.331,5.69588,570.298,565.91,0.208629,0.208629,0.208629,0.208629,0.208629,0.208629
1.65446,1.65446,1.65447,4.8535,522.758,518.686,5.72141,573.007,568.599,0.208754,0.208754,0.208754,0.208754,0.208754,0.208754
1.65615,1.65615,1.65617,4.8671,524.122,520.039,5.74703,575.727,571.297,0.208879,0.208879,0.208879,0.208879,0.208879,0.208879
1.65785,1.65785,1.65786,4.88077,525.478,521.382,5.77274,578.456,574.005,0.209004,0.209004,0.209004,0.209004,0.209004,0.209004
1.65954,1.65955,1.65956,4.89191,526.876,522.771,5.79855,581.196,576.724,0.209129,0.209129,0.209129,0.209129,0.209129,0.209129
1.66124,1.66124,1.66126,4.90267,528.248,524.134,5.82444,583.946,579.452,0.209254,0.209254,0.209254,0.209254,0.209254,0.209254
1.66295,1.66295,1.66296,4.91276,529.651,525.529,5.85043,586.705,582.191,0.209379,0.209379,0.209379,0.209379,0.209379,0.209379
1.66465,1.66465,1.66466,4.92206,531.037,526.908,5.87649,589.475,584.939,0.209504,0.209504,0.209504,0.209504,0.209504,0.209504
1.66636,1.66636,1.66637,4.93432,532.448,528.308,5.90265,592.255,587.697,0.209629,0.209629,0.209629,0.209629,0.209629,0.209629
1.66807,1.66807,1.66808,4.94425,533.821,529.673,5.92889,595.045,590.466,0.209754,0.209754,0.209754,0.209754,0.209754,0.209754
1.66978,1.66978,1.66979,4.95743,535.173,531.013,5.95523,597.845,593.244,0.209879,0.209879,0.209879,0.209879,0.209879,0.209879
1.6715,1.6715,1.67151,4.96941,536.566,532.396,5.98166,600.656,596.033,0.210004,0.210004,0.210004,0.210004,0.210004,0.210004
1.67321,1.67321,1.67322,4.98271,537.973,533.791,6.00818,603.476,598.832,0.210129,0.210129,0.210129,0.210129,0.210129,0.210129
1.67493,1.67493,1.67494,4.99508,539.345,535.153,6.0348,606.307,601.641,0.210254,0.210254,0.210254,0.210254,0.210254,0.210254
1.67666,1.67666,1.67667,5.00784,540.738,536.535,6.06151,609.148,604.46,0.210379,0.210379,0.210379,0.210379,0.210379,0.210379
1.67838,1.67838,1.67839,5.02025,542.169,537.956,6.08831,611.999,607.289,0.210504,0.210504,0.210504,0.210504,0.210504,0.210504
1.68011,1.68011,1.68012,5.03198,543.549,539.325,6.11521,614.861,610.128,0.210629,0.210629,0.210629,0.210629,0.210629,0.210629
1.68184,1.68184,1.68185,5.04099,544.924,540.693,6.14219,617.732,612.978,0.210754,0.210754,0.210754,0.210754,0.210754,0.210754
1.68357,1.68357,1.68359,5.05406,546.303,542.061,6.16927,620.615,615.838,0.210879,0.210879,0.210879,0.210879,0.210879,0.210879
1.68531,1.68531,1.68532,5.06737,547.728,543.474,6.19644,623.507,618.708,0.211004,0.211004,0.211004,0.211004,0.211004,0.211004
1.68705,1.68705,1.68706,5.08311,549.143,544.875,6.22371,626.41,621.588,0.211129,0.211129,0.211129,0.211129,0.211129,0.211129
1.68879,1.68879,1.6888,5.09817,550.589,546.308,6.25108,629.324,624.479,0.211254,0.211254,0.211254,0.211254,0.211254,0.211254
1.69053,1.69053,1.69055,5.11142,552.027,547.734,6.27856,632.248,627.381,0.211379,0.211379,0.211379,0.211379,0.211379,0.211379
1.69228,1.69228,1.69229,5.12506,553.461,549.157,6.30613,635.182,630.292,0.211504,0.211504,0.211504,0.211504,0.211504,0.211504
1.69403,1.69403,1.69404,5.13749,554.883,550.568,6.33379,638.127,633.215,0.211629,0.211629,0.211629,0.211629,0.211629,0.211629
1.69578,1.69578,1.69579,5.15111,556.301,551.974,6.36156,641.083,636.148,0.211754,0.211754,0.211754,0.211754,0.211754,0.211754
1.69754,1.69754,1.69755,5.16561,557.754,553.414,6.38942,644.049,639.091,0.211879,0.211879,0.211879,0.211879,0.211879,0.211879
1.69929,1.69929,1.69931,5.17748,559.187,554.837,6.41738,647.026,642.045,0.212004,0.212004,0.212004,0.212004,0.212004,0.212004
1.70105,1.70105,1.70107,5.18967,560.636,556.276,6.44544,650.014,645.009,0.212129,0.212129,0.212129,0.212129,0.212129,0.212129
1.70282,1.70282,1.70283,5.20498,562.085,557.711,6.47359,653.012,647.984,0.212254,0.212254,0.212254,0.212254,0.212254,0.212254
1.70458,1.70458,1.70459,5.21668,563.514,559.13,6.50185,656.021,650.97,0.212379,0.212379,0.212379,0.212379,0.212379,0.212379
1.70635,1.70635,1.70636,5.23289,564.957,560.558,6.5302,659.041,653.966,0.212504,0.212504,0.212504,0.212504,0.212504,0.212504
1.70812,1.70812,1.70813,5.2485,566.404,561.992,6.55866,662.071,656.973,0.212629,0.212629,0.212629,0.212629,0.212629,0.212629
1.70989,1.70989,1.70991,5.26224,567.827,563.403,6.58723,665.112,659.991,0.212754,0.212754,0.212754,0.212754,0.212754,0.212754
1.71167,1.71167,1.71168,5.27454,569.242,564.807,6.61589,668.164,663.019,0.212879,0.212879,0.212879,0.212879,0.212879,0.212879
1.71345,1.71345,1.71346,5.28737,570.683,566.238,6.64465,671.227,666.058,0.213004,0.213004,0.213004,0.213004,0.213004,0.213004
1.71523,1.71523,1.71524,5.30154,572.157,567.699,6.67351,674.3,669.108,0.213129,0.213129,0.213129,0.213129,0.213129,0.213129
1.71701,1.71701,1.71702,5.31385,573.583,569.115,6.70247,677.385,672.168,0.213254,0.213254,0.213254,0.213254,0.213254,0.213254
1.7188,1.7188,1.71881,5.32614,575.037,570.558,6.73153,680.48,675.24,0.213379,0.213379,0.213379,0.213379,0.213379,0.213379
1.72059,1.72059,1.7206,5.33701,576.501,572.013,6.76068,683.587,678.322,0.213504,0.213504,0.213504,0.213504,0.213504,0.213504
1.72238,1.72238,1.72239,5.35059,577.974,573.474,6.78994,686.704,681.415,0.213629,0.213629,0.213629,0.213629,0.213629,0.213629
1.72418,1.72418,1.72419,5.36351,579.414,574.903,6.81929,689.832,684.519,0.213754,0.213754,0.213754,0.213754,0.213754,0.213754
1.72597,1.72597,1.72598,5.37649,580.859,576.337,6.84874,692.971,687.634,0.213879,0.213879,0.213879,0.213879,0.213879,0.213879
1.72777,1.72777,1.72778,5.39002,582.33,577.796,6.8783,696.122,690.76,0.214004,0.214004,0.214004,0.214004,0.214004,0.214004
1.72957,1.72958,1.72959,5.402,583.8,579.256,6.90795,699.283,693.897,0.214129,0.214129,0.214129,0.214129,0.214129,0.214129
1.73138,1.73138,1.73139,5.41631,585.274,580.717,6.9377,702.455,697.045,0.214254,0.214254,0.214254,0.214254,0.214254,0.214254
1.73319,1.73319,1.7332,5.42753,586.752,582.186,6.96756,705.639,700.204,0.214379,0.214379,0.214379,0.214379,0.214379,0.214379
1.735,1.735,1.73501,5.44077,588.213,583.636,6.99751,708.834,703.374,0.214504,0.214504,0.214504,0.214504,0.214504,0.214504
1.73681,1.73681,1.73682,5.45447,589.691,585.102,7.02757,712.04,706.555,0.214629,0.214629,0.214629,0.214629,0.214629,0.214629
1.73863,1.73863,1.73864,5.46933,591.179,586.577,7.05773,715.257,709.747,0.214754,0.214754,0.214754,0.214754,0.214754,0.214754
1.74045,1.74045,1.74046,5.48346,592.646,588.032,7.088,718.485,712.951,0.214879,0.214879,0.214879,0.214879,0.214879,0.214879
1.74227,1.74227,1.74228,5.49821,594.164,589.537,7.11837,721.725,716.165,0.215004,0.215004,0.215004,0.215004,0.215004,0.215004
1.74409,1.74409,1.7441,5.51384,595.686,591.045,7.14885,724.976,719.391,0.215129,0.215129,0.215129,0.215129,0.215129,0.215129
1.74592,1.74592,1.74593,5.52539,597.182,592.532,7.17944,728.238,722.628,0.215254,0.215254,0.215254,0.215254,0.215254,0.215254
1.74775,1.74775,1.74776,5.53817,598.653,593.992,7.21012,731.512,725.877,0.215379,0.215379,0.215379,0.215379,0.215379,0.215379
1.74958,1.74958,1.74959,5.55378,600.159,595.484,7.24091,734.797,729.136,0.215504,0.215504,0.215504,0.215504,0.215504,0.215504
1.75141,1.75142,1.75143,5.56364,601.659,596.976,7.27181,738.094,732.407,0.215629,0.215629,0.215629,0.215629,0.215629,0.215629
1.75325,1.75325,1.75326,5.57761,603.167,598.473,7.3028,741.402,735.69,0.215754,0.215754,0.215754,0.215754,0.215754,0.215754
1.75509,1.75509,1.7551,5.59057,604.661,599.956,7.3339,744.722,738.984,0.215879,0.215879,0.215879,0.215879,0.215879,0.215879
1.75694,1.75694,1.75695,5.60473,606.173,601.455,7.3651,748.053,742.289,0.216004,0.216004,0.216004,0.216004,0.216004,0.216004
1.75878,1.75878,1.75879,5.61989,607.684,602.953,7.39641,751.395,745.606,0.216129,0.216129,0.216129,0.216129,0.216129,0.216129
1.76063,1.76063,1.76064,5.63389,609.231,604.488,7.42783,754.749,748.934,0.216254,0.216254,0.216254,0.216254,0.216254,0.216254
1.76248,1.76248,1.76249,5.64754,610.783,606.028,7.45936,758.115,752.274,0.216379,0.216379,0.216379,0.216379,0.216379,0.216379
1.76433,1.76433,1.76435,5.66431,612.277,607.507,7.49099,761.493,755.625,0.216504,0.216504,0.216504,0.216504,0.216504,0.216504
1.76619,1.76619,1.7662,5.67794,613.779,608.997,7.52274,764.882,758.988,0.216629,0.216629,0.216629,0.216629,0.216629,0.216629
1.76805,1.76805,1.76806,5.69171,615.286,610.493,7.55459,768.283,762.362,0.216754,0.216754,0.216754,0.216754,0.216754,0.216754
1.76991,1.76991,1.76992,5.70804,616.821,612.013,7.58655,771.695,765.748,0.216879,0.216879,0.216879,0.216879,0.216879,0.216879
1.77178,1.77178,1.77179,5.72537,618.319,613.495,7.61863,775.119,769.146,0.217004,0.217004,0.217004,0.217004,0.217004,0.217004
1.77364,1.77364,1.77365,5.7416,619.868,615.03,7.65082,778.555,772.555,0.217129,0.217129,0.217129,0.217129,0.217129,0.217129
1.77551,1.77551,1.77552,5.7575,621.441,616.589,7.68313,782.003,775.976,0.217254,0.217254,0.217254,0.217254,0.217254,0.217254
1.77738,1.77739,1.7774,5.77296,622.979,618.114,7.71555,785.463,779.409,0.217379,0.217379,0.217379,0.217379,0.217379,0.217379
1.77926,1.77926,1.77927,5.78736,624.555,619.678,7.74809,788.934,782.854,0.217504,0.217504,0.217504,0.217504,0.217504,0.217504
1.78114,1.78114,1.78115,5.80064,626.09,621.202,7.78073,792.418,786.31,0.217629,0.217629,0.217629,0.217629,0.217629,0.217629
1.78302,1.78302,1.78303,5.8168,627.625,622.722,7.81348,795.913,789.779,0.217754,0.217754,0.217754,0.217754,0.217754,0.217754
1.7849,1.7849,1.78491,5.8305,629.176,624.261,7.84634,799.421,793.259,0.217879,0.217879,0.217879,0.217879,0.217879,0.217879
1.78679,1.78679,1.7868,5.84643,630.713,625.784,7.87932,802.94,796.751,0.218004,0.218004,0.218004,0.218004,0.218004,0.218004
1.78868,1.78868,1.78869,5.86221,632.31,627.367,7.91241,806.471,800.255,0.218129,0.218129,0.218129,0.218129,0.218129,0.218129
1.79057,1.79057,1.79058,5.87679,633.882,628.927,7.94561,810.015,803.771,0.218254,0.218254,0.218254,0.218254,0.218254,0.218254
1.79246,1.79247,1.79248,5.89323,635.456,630.487,7.97893,813.571,807.299,0.218379,0.218379,0.218379,0.218379,0.218379,0.218379
1.79436,1.79436,1.79437,5.90813,637.015,632.032,8.01236,817.138,810.839,0.218504,0.218504,0.218504,0.218504,0.218504,0.218504
1.79626,1.79626,1.79627,5.92136,638.586,633.592,8.0459,820.718,814.391,0.218629,0.218629,0.218629,0.218629,0.218629,0.218629
1.79816,1.79816,1.79818,5.93556,640.162,635.155,8.07955,824.311,817.956,0.218754,0.218754,0.218754,0.218754,0.218754,0.218754
1.80007,1.80007,1.80008,5.94916,641.751,636.733,8.11332,827.915,821.532,0.218879,0.218879,0.218879,0.218879,0.218879,0.218879
1.80198,1.80198,1.80199,5.9635,643.322,638.291,8.14719,831.531,825.121,0.219004,0.219004,0.219004,0.219004,0.219004,0.219004
1.80389,1.80389,1.8039,5.97658,644.886,639.844,8.18118,835.16,828.721,0.219129,0.219129,0.219129,0.219129,0.219129,0.219129
1.8058,1.8058,1.80581,5.98765,646.49,641.44,8.21527,838.802,832.334,0.219254,0.219254,0.219254,0.219254,0.219254,0.219254
1.80772,1.80772,1.80773,6.00232,648.039,642.975,8.24947,842.455,835.959,0.219379,0.219379,0.219379,0.219379,0.219379,0.219379
1.80964,1.80964,1.80965,6.01785,649.656,644.579,8.28379,846.121,839.597,0.219504,0.219504,0.219504,0.219504,0.219504,0.219504
1.81156,1.81156,1.81157,6.03248,651.253,646.164,8.31822,849.799,843.247,0.219629,0.219629,0.219629,0.219629,0.219629,0.219629
1.81348,1.81348,1.8135,6.05402,652.805,647.696,8.35277,853.49,846.909,0.219754,0.219754,0.219754,0.219754,0.219754,0.219754
1.81541,1.81541,1.81542,6.06961,654.4,649.277,8.38745,857.193,850.583,0.219879,0.219879,0.219879,0.219879,0.219879,0.219879
1.81734,1.81734,1.81735,6.08101,656.02,650.888,8.42225,860.908,854.27,0.220004,0.220004,0.220004,0.220004,0.220004,0.220004
1.81927,1.81927,1.81929,6.09772,657.634,652.487,8.45715,864.637,857.969,0.220129,0.220129,0.220129,0.220129,0.220129,0.220129
1.82121,1.82121,1.82122,6.11724,659.227,654.063,8.49218,868.377,861.68,0.220254,0.220254,0.220254,0.220254,0.220254,0.220254
1.82315,1.82315,1.82316,6.1308,660.841,655.665,8.52733,872.131,865.404,0.220379,0.220379,0.220379,0.220379,0.220379,0.220379
1.82509,1.82509,1.8251,6.14777,662.491,657.3,8.5626,875.896,869.141,0.220504,0.220504,0.220504,0.220504,0.220504,0.220504
1.82703,1.82703,1.82704,6.16324,664.123,658.919,8.59798,879.675,872.89,0.220629,0.220629,0.220629,0.220629,0.220629,0.220629
1.82898,1.82898,1.82899,6.18057,665.723,660.503,8.63349,883.467,876.652,0.220754,0.220754,0.220754,0.220754,0.220754,0.220754
1.83093,1.83093,1.83094,6.1973,667.339,662.104,8.66912,887.271,880.427,0.220879,0.220879,0.220879,0.220879,0.220879,0.220879
1.83288,1.83288,1.83289,6.20997,668.972,663.727,8.70487,891.087,884.214,0.221004,0.221004,0.221004,0.221004,0.221004,0.221004
1.83483,1.83484,1.83485,6.22722,670.569,665.309,8.74074,894.917,888.014,0.221129,0.221129,0.221129,0.221129,0.221129,0.221129
1.83679,1.83679,1.8368,6.24064,672.201,666.93,8.77672,898.759,891.826,0.221254,0.221254,0.221254,0.221254,0.221254,0.221254
1.83875,1.83875,1.83876,6.25598,673.779,668.494,8.81282,902.614,895.651,0.221379,0.221379,0.221379,0.221379,0.221379,0.221379
1.84071,1.84072,1.84073,6.2745,675.416,670.114,8.84905,906.482,899.489,0.221504,0.221504,0.221504,0.221504,0.221504,0.221504
1.84268,1.84268,1.84269,6.29051,677.065,671.749,8.8854,910.363,903.339,0.221629,0.221629,0.221629,0.221629,0.221629,0.221629
1.84465,1.84465,1.84466,6.30168,678.696,673.371,8.92186,914.257,907.203,0.221754,0.221754,0.221754,0.221754,0.221754,0.221754
1.84662,1.84662,1.84663,6.31522,680.3,674.964,8.95844,918.163,911.079,0.221879,0.221879,0.221879,0.221879,0.221879,0.221879
1.8486,1.8486,1.84861,6.3314,681.893,676.543,8.99514,922.083,914.968,0.222004,0.222004,0.222004,0.222004,0.222004,0.222004
1.85057,1.85057,1.85058,6.3487,683.565,678.199,9.03195,926.015,918.87,0.222129,0.222129,0.222129,0.222129,0.222129,0.222129
1.85255,1.85255,1.85256,6.36494,685.258,679.878,9.0689,929.961,922.785,0.222254,0.222254,0.222254,0.222254,0.222254,0.222254
1.85453,1.85454,1.85455,6.37995,686.88,681.488,9.10596,933.92,926.713,0.222379,0.222379,0.222379,0.222379,0.222379,0.222379
1.85652,1.85652,1.85653,6.38976,688.473,683.073,9.14314,937.891,930.654,0.222504,0.222504,0.222504,0.222504,0.222504,0.222504
1.85851,1.85851,1.85852,6.40702,690.126,684.71,9.18044,941.876,934.608,0.222629,0.222629,0.222629,0.222629,0.222629,0.222629
1.8605,1.8605,1.86051,6.42302,691.77,686.341,9.21786,945.874,938.574,0.222754,0.222754,0.222754,0.222754,0.222754,0.222754
1.86249,1.86249,1.86251,6.44059,693.43,687.985,9.25541,949.885,942.554,0.222879,0.222879,0.222879,0.222879,0.222879,0.222879
1.86449,1.86449,1.8645,6.4572,695.116,689.656,9.29308,953.91,946.547,0.223004,0.223004,0.223004,0.223004,0.223004,0.223004
1.86649,1.86649,1.8665,6.47395,696.783,691.309,9.33088,957.948,950.554,0.223129,0.223129,0.223129,0.223129,0.223129,0.223129
1.86849,1.86849,1.8685,6.48879,698.449,692.962,9.3688,961.999,954.573,0.223254,0.223254,0.223254,0.223254,0.223254,0.223254
1.8705,1.8705,1.87051,6.50503,700.103,694.601,9.40685,966.063,958.606,0.223379,0.223379,0.223379,0.223379,0.223379,0.223379
1.8725,1.8725,1.87252,6.52058,701.737,696.223,9.44502,970.141,962.652,0.223504,0.223504,0.223504,0.223504,0.223504,0.223504
1.87451,1.87451,1.87453,6.53934,703.387,697.856,9.48332,974.232,966.711,0.223629,0.223629,0.223629,0.223629,0.223629,0.223629
1.87653,1.87653,1.87654,6.5552,705.076,699.53,9.52175,978.336,970.783,0.223754,0.223754,0.223754,0.223754,0.223754,0.223754
1.87854,1.87854,1.87856,6.57284,706.763,701.203,9.56031,982.454,974.869,0.223879,0.223879,0.223879,0.223879,0.223879,0.223879
1.88056,1.88056,1.88057,6.59047,708.413,702.837,9.59899,986.585,978.968,0.224004,0.224004,0.224004,0.224004,0.224004,0.224004
1.88258,1.88258,1.8826,6.60468,710.105,704.516,9.6378,990.73,983.08,0.224129,0.224129,0.224129,0.224129,0.224129,0.224129
1.88461,1.88461,1.88462,6.62127,711.799,706.196,9.67674,994.888,987.206,0.224254,0.224254,0.224254,0.224254,0.224254,0.224254
1.88663,1.88664,1.88665,6.63817,713.508,707.89,9.71581,999.06,991.346,0.224379,0.224379,0.224379,0.224379,0.224379,0.224379
1.88866,1.88867,1.88868,6.65383,715.231,709.6,9.755,1003.25,995.499,0.224504,0.224504,0.224504,0.224504,0.224504,0.224504
1.8907,1.8907,1.89071,6.67097,716.923,711.276,9.79432,1007.45,999.665,0.224629,0.224629,0.224629,0.224629,0.224629,0.224629
1.89273,1.89273,1.89275,6.6862,718.588,712.928,9.83377,1011.66,1003.85,0.224754,0.224754,0.224754,0.224754,0.224754,0.224754
1.89477,1.89477,1.89478,6.70155,720.276,714.604,9.87334,1015.88,1008.04,0.224879,0.224879,0.224879,0.224879,0.224879,0.224879
1.89681,1.89681,1.89683,6.71824,721.993,716.305,9.91304,1020.12,1012.25,0.225004,0.225004,0.225004,0.225004,0.225004,0.225004
1.89886,1.89886,1.89887,6.7372,723.721,718.017,9.95288,1024.38,1016.47,0.225129,0.225129,0.225129,0.225129,0.225129,0.225129
1.9009,1.9009,1.90092,6.75483,725.467,719.747,9.99285,1028.65,1020.7,0.225254,0.225254,0.225254,0.225254,0.225254,0.225254
1.90295,1.90295,1.90297,6.77127,727.147,721.413,10.0329,1032.93,1024.95,0.225379,0.225379,0.225379,0.225379,0.225379,0.225379
1.90501,1.90501,1.90502,6.79085,728.858,723.106,10.0732,1037.22,1029.21,0.225504,0.225504,0.225504,0.225504,0.225504,0.225504
1.90706,1.90706,1.90707,6.80802,730.645,724.878,10.1136,1041.53,1033.49,0.225629,0.225629,0.225629,0.225629,0.225629,0.225629
1.90912,1.90912,1.90913,6.82443,732.363,726.582,10.1541,1045.86,1037.78,0.225754,0.225754,0.225754,0.225754,0.225754,0.225754
1.91118,1.91118,1.91119,6.8432,734.075,728.278,10.1947,1050.2,1042.08,0.225879,0.225879,0.225879,0.225879,0.225879,0.225879
1.91324,1.91325,1.91326,6.86021,735.847,730.034,10.2355,1054.55,1046.4,0.226004,0.226004,0.226004,0.226004,0.226004,0.226004
1.91531,1.91531,1.91532,6.87973,737.599,731.769,10.2764,1058.91,1050.73,0.226129,0.226129,0.226129,0.226129,0.226129,0.226129
1.91738,1.91738,1.91739,6.89789,739.354,733.508,10.3174,1063.29,1055.08,0.226254,0.226254,0.226254,0.226254,0.226254,0.226254
1.91945,1.91945,1.91947,6.90996,741.094,735.238,10.3586,1067.69,1059.44,0.226379,0.226379,0.226379,0.226379,0.226379,0.226379
1.92153,1.92153,1.92154,6.92752,742.831,736.959,10.3999,1072.1,1063.81,0.226504,0.226504,0.226504,0.226504,0.226504,0.226504
1.92361,1.92361,1.92362,6.94833,744.531,738.641,10.4413,1076.52,1068.2,0.226629,0.226629,0.226629,0.226629,0.226629,0.226629
1.92569,1.92569,1.9257,6.96317,746.267,740.364,10.4829,1080.96,1072.6,0.226754,0.226754,0.226754,0.226754,0.226754,0.226754
1.92777,1.92777,1.92778,6.9809,747.95,742.031,10.5246,1085.41,1077.02,0.226879,0.226879,0.226879,0.226879,0.226879,0.226879
1.92986,1.92986,1.92987,6.99708,749.669,743.736,10.5665,1089.87,1081.45,0.227004,0.227004,0.227004,0.227004,0.227004,0.227004
1.93195,1.93195,1.93196,7.01116,751.409,745.464,10.6084,1094.35,1085.89,0.227129,0.227129,0.227129,0.227129,0.227129,0.227129
1.93404,1.93404,1.93405,7.02528,753.166,747.209,10.6505,1098.85,1090.35,0.227254,0.227254,0.227254,0.227254,0.227254,0.227254
1.93613,1.93613,1.93615,7.04059,754.931,748.961,10.6928,1103.35,1094.83,0.227379,0.227379,0.227379,0.227379,0.227379,0.227379
1.93823,1.93823,1.93824,7.05687,756.649,750.665,10.7351,1107.88,1099.31,0.227504,0.227504,0.227504,0.227504,0.227504,0.227504
1.94033,1.94033,1.94034,7.07761,758.426,752.423,10.7776,1112.41,1103.81,0.227629,0.227629,0.227629,0.227629,0.227629,0.227629
1.94243,1.94244,1.94245,7.09199,760.209,754.194,10.8203,1116.96,1108.33,0.227754,0.227754,0.227754,0.227754,0.227754,0.227754
1.94454,1.94454,1.94455,7.11087,761.967,755.936,10.863,1121.53,1112.86,0.227879,0.227879,0.227879,0.227879,0.227879,0.227879
1.94665,1.94665,1.94666,7.12931,763.747,757.699,10.906,1126.11,1117.4,0.228004,0.228004,0.228004,0.228004,0.228004,0.228004
1.94876,1.94876,1.94878,7.14484,765.542,759.481,10.949,1130.71,1121.96,0.228129,0.228129,0.228129,0.228129,0.228129,0.228129
1.95088,1.95088,1.95089,7.16025,767.301,761.227,10.9922,1135.31,1126.54,0.228254,0.228254,0.228254,0.228254,0.228254,0.228254
1.95299,1.953,1.95301,7.1817,769.121,763.027,11.0355,1139.94,1131.12,0.22838,0.22838,0.22838,0.22838,0.22838,0.22838
1.95512,1.95512,1.95513,7.1961,770.936,764.83,11.079,1144.58,1135.73,0.228505,0.228505,0.228505,0.228505,0.228505,0.228505
1.95724,1.95724,1.95725,7.21384,772.747,766.625,11.1226,1149.23,1140.35,0.22863,0.22863,0.22863,0.22863,0.22863,0.22863
1.95937,1.95937,1.95938,7.22826,774.515,768.381,11.1663,1153.9,1144.98,0.228755,0.228755,0.228755,0.228755,0.228755,0.228755
1.96149,1.9615,1.96151,7.24241,776.307,770.16,11.2102,1158.58,1149.62,0.22888,0.22888,0.22888,0.22888,0.22888,0.22888
1.96363,1.96363,1.96364,7.26375,778.107,771.941,11.2542,1163.28,1154.29,0.229005,0.229005,0.229005,0.229005,0.229005,0.229005
1.96576,1.96576,1.96577,7.27996,779.913,773.734,11.2984,1168,1158.96,0.22913,0.22913,0.22913,0.22913,0.22913,0.22913
1.9679,1.9679,1.96791,7.2988,781.691,775.495,11.3426,1172.72,1163.65,0.229255,0.229255,0.229255,0.229255,0.229255,0.229255
1.97004,1.97004,1.97005,7.31613,783.539,777.327,11.3871,1177.47,1168.36,0.22938,0.22938,0.22938,0.22938,0.22938,0.22938
1.97218,1.97219,1.9722,7.33318,785.325,779.098,11.4317,1182.23,1173.08,0.229505,0.229505,0.229505,0.229505,0.229505,0.229505
1.97433,1.97433,1.97434,7.34882,787.135,780.896,11.4764,1187,1177.82,0.22963,0.22963,0.22963,0.22963,0.22963,0.22963
1.97648,1.97648,1.97649,7.36526,788.967,782.713,11.5212,1191.79,1182.57,0.229755,0.229755,0.229755,0.229755,0.229755,0.229755
1.97863,1.97863,1.97864,7.38039,790.805,784.538,11.5662,1196.59,1187.33,0.22988,0.22988,0.22988,0.22988,0.22988,0.22988
1.98079,1.98079,1.9808,7.4,792.678,786.393,11.6113,1201.41,1192.11,0.230005,0.230005,0.230005,0.230005,0.230005,0.230005
1.98294,1.98295,1.98296,7.4185,794.482,788.181,11.6566,1206.24,1196.91,0.23013,0.23013,0.23013,0.23013,0.23013,0.23013
1.9851,1.98511,1.98512,7.4369,796.306,789.989,11.702,1211.09,1201.72,0.230255,0.230255,0.230255,0.230255,0.230255,0.230255
1.98727,1.98727,1.98728,7.45265,798.126,791.796,11.7476,1215.95,1206.55,0.23038,0.23038,0.23038,0.23038,0.23038,0.23038
1.98943,1.98944,1.98945,7.47058,799.983,793.637,11.7933,1220.83,1211.39,0.230505,0.230505,0.230505,0.230505,0.230505,0.230505
1.9916,1.99161,1.99162,7.48685,801.839,795.479,11.8391,1225.73,1216.24,0.23063,0.23063,0.23063,0.23063,0.23063,0.23063
1.99378,1.99378,1.99379,7.50346,803.755,797.381,11.8851,1230.64,1221.11,0.230755,0.230755,0.230755,0.230755,0.230755,0.230755
1.99595,1.99595,1.99597,7.522,805.595,799.204,11.9312,1235.56,1226,0.23088,0.23088,0.23088,0.23088,0.23088,0.23088
1.99813,1.99813,1.99814,7.53935,807.462,801.057,11.9775,1240.5,1230.9,0.231005,0.231005,0.231005,0.231005,0.231005,0.231005
2.00031,2.00031,2.00032,7.55781,809.308,802.886,12.0239,1245.46,1235.82,0.23113,0.23113,0.23113,0.23113,0.23113,0.23113
2.00249,2.0025,2.00251,7.57721,811.118,804.678,12.0705,1250.43,1240.75,0.231255,0.231255,0.231255,0.231255,0.231255,0.231255
2.00468,2.00468,2.00469,7.59463,813.001,806.546,12.1172,1255.42,1245.7,0.23138,0.23138,0.23138,0.23138,0.23138,0.23138
2.00687,2.00687,2.00688,7.61134,814.89,808.421,12.1641,1260.42,1250.67,0.231505,0.231505,0.231505,0.231505,0.231505,0.231505
2.00906,2.00907,2.00908,7.62823,816.722,810.238,12.2111,1265.44,1255.65,0.23163,0.23163,0.23163,0.23163,0.23163,0.23163
2.01126,2.01126,2.01127,7.64449,818.604,812.106,12.2582,1270.48,1260.64,0.231755,0.231755,0.231755,0.231755,0.231755,0.231755
2.01346,2.01346,2.01347,7.66418,820.507,813.992,12.3055,1275.53,1265.65,0.23188,0.23188,0.23188,0.23188,0.23188,0.23188
2.01566,2.01566,2.01567,7.68177,822.374,815.844,12.3529,1280.59,1270.68,0.232005,0.232005,0.232005,0.232005,0.232005,0.232005
2.01786,2.01786,2.01787,7.6989,824.224,817.679,12.4005,1285.67,1275.72,0.23213,0.23213,0.23213,0.23213,0.23213,0.23213
2.02007,2.02007,2.02008,7.71547,826.086,819.526,12.4482,1290.77,1280.78,0.232255,0.232255,0.232255,0.232255,0.232255,0.232255
2.02228,2.02228,2.02229,7.73447,827.964,821.388,12.4961,1295.88,1285.85,0.23238,0.23238,0.23238,0.23238,0.23238,0.23238
2.02449,2.02449,2.0245,7.75436,829.834,823.239,12.5441,1301.01,1290.94,0.232505,0.232505,0.232505,0.232505,0.232505,0.232505
2.02671,2.02671,2.02672,7.77586,831.752,825.138,12.5923,1306.16,1296.04,0.23263,0.23263,0.23263,0.23263,0.23263,0.23263
2.02893,2.02893,2.02894,7.79481,833.627,826.996,12.6407,1311.32,1301.16,0.232755,0.232755,0.232755,0.232755,0.232755,0.232755
2.03115,2.03115,2.03116,7.81419,835.562,828.914,12.6892,1316.49,1306.3,0.23288,0.23288,0.23288,0.23288,0.23288,0.23288
2.03337,2.03337,2.03338,7.8333,837.429,830.765,12.7378,1321.69,1311.45,0.233005,0.233005,0.233005,0.233005,0.233005,0.233005
2.0356,2.0356,2.03561,7.85228,839.336,832.655,12.7866,1326.9,1316.62,0.23313,0.23313,0.23313,0.23313,0.23313,0.23313
2.03783,2.03783,2.03784,7.86986,841.251,834.554,12.8355,1332.12,1321.8,0.233255,0.233255,0.233255,0.233255,0.233255,0.233255
2.04006,2.04006,2.04007,7.88632,843.164,836.453,12.8846,1337.36,1327,0.23338,0.23338,0.23338,0.23338,0.23338,0.23338
2.0423,2.0423,2.04231,7.90547,845.094,838.366,12.9339,1342.62,1332.22,0.233505,0.233505,0.233505,0.233505,0.233505,0.233505
2.04454,2.04454,2.04455,7.92073,847,840.26,12.9833,1347.89,1337.45,0.23363,0.23363,0.23363,0.23363,0.23363,0.23363
2.04678,2.04678,2.04679,7.93582,848.928,842.174,13.0328,1353.18,1342.7,0.233755,0.233755,0.233755,0.233755,0.233755,0.233755
2.04902,2.04903,2.04904,7.95251,850.838,844.07,13.0825,1358.49,1347.96,0.23388,0.23388,0.23388,0.23388,0.23388,0.23388
2.05127,2.05127,2.05128,7.96837,852.781,846,13.1323,1363.81,1353.24,0.234005,0.234005,0.234005,0.234005,0.234005,0.234005
2.05352,2.05352,2.05353,7.98365,854.737,847.943,13.1823,1369.15,1358.54,0.23413,0.23413,0.23413,0.23413,0.23413,0.23413
2.05577,2.05578,2.05579,8.00494,856.663,849.849,13.2324,1374.5,1363.85,0.234255,0.234255,0.234255,0.234255,0.234255,0.234255
2.05803,2.05803,2.05804,8.02243,858.628,851.799,13.2827,1379.87,1369.18,0.23438,0.23438,0.23438,0.23438,0.23438,0.23438
2.06029,2.06029,2.0603,8.03964,860.547,853.704,13.3332,1385.26,1374.52,0.234505,0.234505,0.234505,0.234505,0.234505,0.234505
2.06255,2.06255,2.06257,8.05747,862.488,855.629,13.3837,1390.66,1379.89,0.23463,0.23463,0.23463,0.23463,0.23463,0.23463
2.06482,2.06482,2.06483,8.07224,864.435,857.564,13.4345,1396.09,1385.26,0.234755,0.234755,0.234755,0.234755,0.234755,0.234755
2.06709,2.06709,2.0671,8.09012,866.402,859.515,13.4854,1401.52,1390.66,0.23488,0.23488,0.23488,0.23488,0.23488,0.23488
2.06936,2.06936,2.06937,8.10633,868.388,861.487,13.5364,1406.98,1396.07,0.235005,0.235005,0.235005,0.235005,0.235005,0.235005
2.07163,2.07163,2.07164,8.12248,870.309,863.394,13.5876,1412.45,1401.5,0.23513,0.23513,0.23513,0.23513,0.23513,0.23513
2.07391,2.07391,2.07392,8.14223,872.275,865.343,13.6389,1417.93,1406.94,0.235255,0.235255,0.235255,0.235255,0.235255,0.235255
2.07619,2.07619,2.0762,8.16063,874.253,867.305,13.6904,1423.44,1412.4,0.23538,0.23538,0.23538,0.23538,0.23538,0.23538
2.07847,2.07847,2.07848,8.18427,876.256,869.286,13.7421,1428.96,1417.88,0.235505,0.235505,0.235505,0.235505,0.235505,0.235505
2.08076,2.08076,2.08077,8.20329,878.224,871.237,13.7939,1434.5,1423.37,0.23563,0.23563,0.23563,0.23563,0.23563,0.23563
2.08305,2.08305,2.08306,8.2189,880.165,873.166,13.8459,1440.05,1428.88,0.235755,0.235755,0.235755,0.235755,0.235755,0.235755
2.08534,2.08534,2.08535,8.23634,882.143,875.128,13.898,1445.62,1434.41,0.23588,0.23588,0.23588,0.23588,0.23588,0.23588
2.08763,2.08763,2.08764,8.25529,884.128,877.097,13.9503,1451.21,1439.96,0.236005,0.236005,0.236005,0.236005,0.236005,0.236005
2.08993,2.08993,2.08994,8.27475,886.112,879.064,14.0027,1456.82,1445.52,0.23613,0.23613,0.23613,0.23613,0.23613,0.23613
2.09223,2.09223,2.09224,8.29329,888.079,881.015,14.0553,1462.44,1451.1,0.236255,0.236255,0.236255,0.236255,0.236255,0.236255
2.09453,2.09454,2.09455,8.31434,890.124,883.041,14.1081,1468.08,1456.69,0.23638,0.23638,0.23638,0.23638,0.23638,0.23638
2.09684,2.09684,2.09685,8.33465,892.112,885.011,14.161,1473.73,1462.3,0.236505,0.236505,0.236505,0.236505,0.236505,0.236505
2.09915,2.09915,2.09916,8.35605,894.107,886.986,14.2141,1479.41,1467.93,0.23663,0.23663,0.23663,0.23663,0.23663,0.23663
2.10146,2.10146,2.10148,8.37443,896.082,888.946,14.2674,1485.1,1473.58,0.236755,0.236755,0.236755,0.236755,0.236755,0.236755
2.10378,2.10378,2.10379,8.39572,898.078,890.923,14.3208,1490.81,1479.24,0.23688,0.23688,0.23688,0.23688,0.23688,0.23688
2.1061,2.1061,2.10611,8.41113,900.076,892.907,14.3744,1496.53,1484.92,0.237005,0.237005,0.237005,0.237005,0.237005,0.237005
2.10842,2.10842,2.10843,8.43038,902.08,894.895,14.4281,1502.27,1490.62,0.23713,0.23713,0.23713,0.23713,0.23713,0.23713
2.11074,2.11074,2.11075,8.45045,904.066,896.863,14.482,1508.03,1496.33,0.237255,0.237255,0.237255,0.237255,0.237255,0.237255
2.11307,2.11307,2.11308,8.46652,906.023,898.807,14.536,1513.81,1502.06,0.23738,0.23738,0.23738,0.23738,0.23738,0.23738
2.1154,2.1154,2.11541,8.48114,908.042,900.814,14.5902,1519.6,1507.81,0.237505,0.237505,0.237505,0.237505,0.237505,0.237505
2.11773,2.11773,2.11774,8.50212,910.037,902.79,14.6446,1525.42,1513.58,0.23763,0.23763,0.23763,0.23763,0.23763,0.23763
2.12007,2.12007,2.12008,8.51945,912.027,904.764,14.6991,1531.24,1519.36,0.237755,0.237755,0.237755,0.237755,0.237755,0.237755
2.12241,2.12241,2.12242,8.54104,914.099,906.817,14.7538,1537.09,1525.16,0.23788,0.23788,0.23788,0.23788,0.23788,0.23788
2.12475,2.12475,2.12476,8.5607,916.112,908.814,14.8087,1542.95,1530.98,0.238005,0.238005,0.238005,0.238005,0.238005,0.238005
2.12709,2.1271,2.12711,8.57737,918.163,910.85,14.8637,1548.84,1536.81,0.23813,0.23813,0.23813,0.23813,0.23813,0.23813
2.12944,2.12944,2.12945,8.59414,920.202,912.875,14.9189,1554.73,1542.67,0.238255,0.238255,0.238255,0.238255,0.238255,0.238255
2.13179,2.13179,2.13181,8.61179,922.193,914.85,14.9742,1560.65,1548.54,0.23838,0.23838,0.23838,0.23838,0.23838,0.23838
2.13415,2.13415,2.13416,8.6313,924.254,916.894,15.0297,1566.59,1554.43,0.238505,0.238505,0.238505,0.238505,0.238505,0.238505
2.13651,2.13651,2.13652,8.64828,926.287,918.913,15.0854,1572.54,1560.33,0.23863,0.23863,0.23863,0.23863,0.23863,0.23863
2.13887,2.13887,2.13888,8.66703,928.343,920.952,15.1412,1578.51,1566.25,0.238755,0.238755,0.238755,0.238755,0.238755,0.238755
2.14123,2.14123,2.14124,8.68596,930.429,923.022,15.1972,1584.5,1572.19,0.23888,0.23888,0.23888,0.23888,0.23888,0.23888
2.14359,2.14359,2.1436,8.70338,932.456,925.034,15.2534,1590.5,1578.15,0.239005,0.239005,0.239005,0.239005,0.239005,0.239005
2.14596,2.14596,2.14597,8.72439,934.472,927.031,15.3097,1596.52,1584.13,0.23913,0.23913,0.23913,0.23913,0.23913,0.23913
2.14833,2.14833,2.14835,8.74828,936.549,929.087,15.3662,1602.57,1590.12,0.239255,0.239255,0.239255,0.239255,0.239255,0.239255
2.15071,2.15071,2.15072,8.77233,938.652,931.168,15.4229,1608.63,1596.13,0.23938,0.23938,0.23938,0.23938,0.23938,0.23938
2.15309,2.15309,2.1531,8.79082,940.663,933.163,15.4797,1614.7,1602.16,0.239505,0.239505,0.239505,0.239505,0.239505,0.239505
2.15547,2.15547,2.15548,8.80938,942.732,935.216,15.5367,1620.8,1608.21,0.23963,0.23963,0.23963,0.23963,0.23963,0.23963
2.15785,2.15785,2.15786,8.82376,944.789,937.261,15.5939,1626.91,1614.28,0.239755,0.239755,0.239755,0.239755,0.239755,0.239755
2.16024,2.16024,2.16025,8.84061,946.855,939.312,15.6512,1633.04,1620.36,0.23988,0.23988,0.23988,0.23988,0.23988,0.23988
2.16263,2.16263,2.16264,8.86019,948.912,941.352,15.7087,1639.19,1626.46,0.240005,0.240005,0.240005,0.240005,0.240005,0.240005
2.16502,2.16502,2.16503,8.88238,950.995,943.415,15.7664,1645.36,1632.58,0.24013,0.24013,0.24013,0.24013,0.24013,0.24013
2.16742,2.16742,2.16743,8.89942,953.053,945.459,15.8242,1651.55,1638.72,0.240255,0.240255,0.240255,0.240255,0.240255,0.240255
2.16982,2.16982,2.16983,8.91745,955.129,947.519,15.8822,1657.75,1644.87,0.24038,0.24038,0.24038,0.24038,0.24038,0.24038
2.17222,2.17222,2.17223,8.93592,957.207,949.581,15.9404,1663.97,1651.05,0.240505,0.240505,0.240505,0.240505,0.240505,0.240505
2.17462,2.17462,2.17463,8.9554,959.313,951.67,15.9987,1670.21,1657.24,0.24063,0.24063,0.24063,0.24063,0.24063,0.24063
2.17703,2.17703,2.17704,8.97508,961.391,953.731,16.0573,1676.47,1663.45,0.240755,0.240755,0.240755,0.240755,0.240755,0.240755
2.17944,2.17944,2.17945,8.99641,963.493,955.814,16.1159,1682.75,1669.68,0.24088,0.24088,0.24088,0.24088,0.24088,0.24088
2.18186,2.18186,2.18187,9.01451,965.551,957.856,16.1748,1689.05,1675.92,0.241005,0.241005,0.241005,0.241005,0.241005,0.241005
2.18427,2.18427,2.18428,9.03204,967.626,959.916,16.2338,1695.36,1682.19,0.24113,0.24113,0.24113,0.24113,0.24113,0.24113
2.18669,2.18669,2.1867,9.05808,969.746,962.013,16.293,1701.69,1688.47,0.241255,0.241255,0.241255,0.241255,0.241255,0.241255
2.18912,2.18912,2.18913,9.07742,971.85,964.101,16.3524,1708.05,1694.77,0.24138,0.24138,0.24138,0.24138,0.24138,0.24138
2.19154,2.19154,2.19155,9.10288,973.937,966.164,16.412,1714.42,1701.09,0.241505,0.241505,0.241505,0.241505,0.241505,0.241505
2.19397,2.19397,2.19398,9.12295,976.054,968.263,16.4717,1720.8,1707.43,0.24163,0.24163,0.24163,0.24163,0.24163,0.24163
2.1964,2.1964,2.19641,9.14149,978.18,970.373,16.5316,1727.21,1713.79,0.241755,0.241755,0.241755,0.241755,0.241755,0.241755
2.19884,2.19884,2.19885,9.16212,980.29,972.466,16.5917,1733.64,1720.16,0.24188,0.24188,0.24188,0.24188,0.24188,0.24188
2.20128,2.20128,2.20129,9.18071,982.396,974.555,16.652,1740.08,1726.56,0.242005,0.242005,0.242005,0.242005,0.242005,0.242005
2.20372,2.20372,2.20373,9.20203,984.525,976.665,16.7124,1746.55,1732.97,0.24213,0.24213,0.24213,0.24213,0.24213,0.24213
2.20616,2.20616,2.20617,9.2226,986.703,978.825,16.773,1753.03,1739.4,0.242255,0.242255,0.242255,0.242255,0.242255,0.242255
2.20861,2.20861,2.20862,9.23822,988.835,980.944,16.8338,1759.53,1745.85,0.24238,0.24238,0.24238,0.24238,0.24238,0.24238
2.21106,2.21106,2.21107,9.25981,991.005,983.095,16.8948,1766.05,1752.32,0.242505,0.242505,0.242505,0.242505,0.242505,0.242505
2.21351,2.21351,2.21352,9.28263,993.17,985.239,16.9559,1772.59,1758.81,0.24263,0.24263,0.24263,0.24263,0.24263,0.24263
2.21597,2.21597,2.21598,9.30245,995.303,987.356,17.0173,1779.15,1765.32,0.242755,0.242755,0.242755,0.242755,0.242755,0.242755
2.21843,2.21843,2.21844,9.32216,997.457,989.492,17.0788,1785.73,1771.84,0.24288,0.24288,0.24288,0.24288,0.24288,0.24288
2.22089,2.22089,2.2209,9.34127,999.574,991.593,17.1405,1792.33,1778.39,0.243005,0.243005,0.243005,0.243005,0.243005,0.243005
2.22336,2.22336,2.22337,9.36298,1001.73,993.727,17.2023,1798.94,1784.95,0.24313,0.24313,0.24313,0.24313,0.24313,0.24313
2.22582,2.22582,2.22583,9.38459,1003.89,995.866,17.2643,1805.58,1791.54,0.243255,0.243255,0.243255,0.243255,0.243255,0.243255
2.2283,2.22829,2.2283,9.40669,1006.01,997.966,17.3266,1812.23,1798.14,0.24338,0.24338,0.24338,0.24338,0.24338,0.24338
2.23077,2.23077,2.23078,9.42453,1008.18,1000.13,17.389,1818.91,1804.76,0.243505,0.243505,0.243505,0.243505,0.243505,0.243505
2.23325,2.23325,2.23326,9.44365,1010.38,1002.31,17.4516,1825.6,1811.4,0.24363,0.24363,0.24363,0.24363,0.24363,0.24363
2.23573,2.23573,2.23574,9.46197,1012.57,1004.48,17.5143,1832.31,1818.06,0.243755,0.243755,0.243755,0.243755,0.243755,0.243755
2.23821,2.23821,2.23822,9.48468,1014.71,1006.61,17.5772,1839.04,1824.74,0.24388,0.24388,0.24388,0.24388,0.24388,0.24388
2.2407,2.2407,2.24071,9.50858,1016.87,1008.74,17.6404,1845.8,1831.44,0.244005,0.244005,0.244005,0.244005,0.244005,0.244005
2.24319,2.24319,2.2432,9.52992,1019.05,1010.9,17.7037,1852.57,1838.16,0.24413,0.24413,0.24413,0.24413,0.24413,0.24413
2.24568,2.24568,2.24569,9.54745,1021.25,1013.08,17.7672,1859.36,1844.89,0.244255,0.244255,0.244255,0.244255,0.244255,0.244255
2.24818,2.24818,2.24819,9.56175,1023.42,1015.25,17.8308,1866.17,1851.65,0.24438,0.24438,0.24438,0.24438,0.24438,0.24438
2.25067,2.25067,2.25068,9.57951,1025.65,1017.46,17.8947,1873,1858.42,0.244505,0.244505,0.244505,0.244505,0.244505,0.244505
2.25318,2.25318,2.25319,9.59948,1027.81,1019.61,17.9587,1879.85,1865.22,0.24463,0.24463,0.24463,0.24463,0.24463,0.24463
2.25568,2.25568,2.25569,9.61882,1030.04,1021.81,18.0229,1886.72,1872.03,0.244755,0.244755,0.244755,0.244755,0.244755,0.244755
2.25819,2.25819,2.2582,9.6423,1032.29,1024.05,18.0872,1893.6,1878.87,0.24488,0.24488,0.24488,0.24488,0.24488,0.24488
2.2607,2.2607,2.26071,9.66315,1034.53,1026.27,18.1518,1900.51,1885.72,0.245005,0.245005,0.245005,0.245005,0.245005,0.245005
2.26321,2.26321,2.26322,9.68755,1036.77,1028.49,18.2166,1907.44,1892.6,0.24513,0.24513,0.24513,0.24513,0.24513,0.24513
2.26573,2.26573,2.26574,9.70842,1038.96,1030.66,18.2815,1914.39,1899.49,0.245255,0.245255,0.245255,0.245255,0.245255,0.245255
2.26825,2.26825,2.26826,9.7261,1041.18,1032.86,18.3466,1921.36,1906.41,0.24538,0.24538,0.24538,0.24538,0.24538,0.24538
2.27078,2.27077,2.27079,9.74443,1043.37,1035.03,18.4119,1928.35,1913.34,0.245505,0.245505,0.245505,0.245505,0.245505,0.245505
2.2733,2.2733,2.27331,9.76505,1045.6,1037.25,18.4774,1935.36,1920.29,0.24563,0.24563,0.24563,0.24563,0.24563,0.24563
2.27583,2.27583,2.27584,9.7824,1047.81,1039.45,18.5431,1942.39,1927.27,0.245755,0.245755,0.245755,0.245755,0.245755,0.245755
2.27836,2.27836,2.27837,9.80535,1050.04,1041.65,18.6089,1949.43,1934.26,0.24588,0.24588,0.24588,0.24588,0.24588,0.24588
2.2809,2.2809,2.28091,9.83062,1052.28,1043.87,18.675,1956.5,1941.27,0.246005,0.246005,0.246005,0.246005,0.246005,0.246005
2.28344,2.28344,2.28345,9.85259,1054.53,1046.1,18.7412,1963.59,1948.31,0.24613,0.24613,0.24613,0.24613,0.24613,0.24613
2.28598,2.28598,2.28599,9.86954,1056.79,1048.34,18.8076,1970.7,1955.36,0.246255,0.246255,0.246255,0.246255,0.246255,0.246255
2.28852,2.28852,2.28854,9.88978,1059,1050.54,18.8743,1977.83,1962.43,0.24638,0.24638,0.24638,0.24638,0.24638,0.24638
2.29107,2.29107,2.29108,9.90874,1061.28,1052.81,18.941,1984.98,1969.53,0.246505,0.246505,0.246505,0.246505,0.246505,0.246505
2.29362,2.29362,2.29363,9.93111,1063.57,1055.07,19.008,1992.15,1976.64,0.24663,0.24663,0.24663,0.24663,0.24663,0.24663
2.29618,2.29618,2.29619,9.9513,1065.78,1057.27,19.0752,1999.34,1983.77,0.246755,0.246755,0.246755,0.246755,0.246755,0.246755
2.29874,2.29873,2.29875,9.97345,1068.02,1059.49,19.1426,2006.55,1990.93,0.24688,0.24688,0.24688,0.24688,0.24688,0.24688
2.3013,2.30129,2.30131,9.99255,1070.27,1061.72,19.2101,2013.79,1998.1,0.247005,0.247005,0.247005,0.247005,0.247005,0.247005
2.30386,2.30386,2.30387,10.0141,1072.57,1064,19.2779,2021.04,2005.3,0.24713,0.24713,0.24713,0.24713,0.24713,0.24713
2.30643,2.30642,2.30644,10.0301,1074.85,1066.27,19.3458,2028.31,2012.51,0.247255,0.247255,0.247255,0.247255,0.247255,0.247255
2.309,2.30899,2.30901,10.0486,1077.13,1068.53,19.4139,2035.61,2019.75,0.24738,0.24738,0.24738,0.24738,0.24738,0.24738
2.31157,2.31157,2.31158,10.0717,1079.42,1070.8,19.4822,2042.92,2027.01,0.247505,0.247505,0.247505,0.247505,0.247505,0.247505
2.31414,2.31414,2.31415,10.0947,1081.65,1073.01,19.5507,2050.25,2034.28,0.24763,0.24763,0.24763,0.24763,0.24763,0.24763
2.31672,2.31672,2.31673,10.1182,1083.95,1075.29,19.6193,2057.61,2041.58,0.247755,0.247755,0.247755,0.247755,0.247755,0.247755
2.3193,2.3193,2.31931,10.14,1086.26,1077.58,19.6882,2064.99,2048.9,0.24788,0.24788,0.24788,0.24788,0.24788,0.24788
2.32189,2.32189,2.3219,10.1618,1088.52,1079.82,19.7573,2072.38,2056.24,0.248005,0.248005,0.248005,0.248005,0.248005,0.248005
2.32448,2.32447,2.32449,10.1819,1090.78,1082.07,19.8266,2079.8,2063.6,0.24813,0.24813,0.24813,0.24813,0.24813,0.24813
2.32707,2.32707,2.32708,10.2095,1093.04,1084.3,19.8961,2087.24,2070.98,0.248255,0.248255,0.248255,0.248255,0.248255,0.248255
2.32966,2.32966,2.32967,10.2303,1095.29,1086.53,19.9658,2094.7,2078.38,0.24838,0.24838,0.24838,0.24838,0.24838,0.24838
2.33226,2.33226,2.33227,10.25,1097.58,1088.81,20.0356,2102.18,2085.8,0.248505,0.248505,0.248505,0.248505,0.248505,0.248505
2.33486,2.33486,2.33487,10.2699,1099.86,1091.07,20.1057,2109.68,2093.25,0.24863,0.24863,0.24863,0.24863,0.24863,0.24863
2.33747,2.33746,2.33747,10.2935,1102.17,1093.36,20.176,2117.21,2100.71,0.248755,0.248755,0.248755,0.248755,0.248755,0.248755
2.34007,2.34007,2.34008,10.3124,1104.46,1095.63,20.2464,2124.75,2108.19,0.24888,0.24888,0.24888,0.24888,0.24888,0.24888
2.34268,2.34268,2.34269,10.337,1106.78,1097.92,20.3171,2132.32,2115.7,0.249005,0.249005,0.249005,0.249005,0.249005,0.249005
2.3453,2.34529,2.3453,10.356,1109.06,1100.19,20.3879,2139.9,2123.23,0.24913,0.24913,0.24913,0.24913,0.24913,0.24913
2.34791,2.34791,2.34792,10.3788,1111.43,1102.54,20.459,2147.51,2130.77,0.249255,0.249255,0.249255,0.249255,0.249255,0.249255
2.35053,2.35053,2.35054,10.3983,1113.74,1104.84,20.5302,2155.14,2138.34,0.24938,0.24938,0.24938,0.24938,0.24938,0.24938
2.35315,2.35315,2.35316,10.4202,1116.11,1107.18,20.6016,2162.79,2145.93,0.249505,0.249505,0.249505,0.249505,0.249505,0.249505
2.35578,2.35577,2.35579,10.4373,1118.41,1109.47,20.6733,2170.46,2153.54,0.24963,0.24963,0.24963,0.24963,0.24963,0.24963
2.35841,2.3584,2.35842,10.4587,1120.72,1111.77,20.7451,2178.16,2161.18,0.249756,0.249756,0.249756,0.249756,0.249756,0.249756
2.36104,2.36104,2.36105,10.4782,1123.06,1114.09,20.8171,2185.87,2168.83,0.249881,0.249881,0.249881,0.249881,0.249881,0.249881
2.36367,2.36367,2.36368,10.501,1125.43,1116.43,20.8893,2193.61,2176.51,0.250006,0.250006,0.250006,0.250006,0.250006,0.250006
2.36631,2.36631,2.36632,10.5225,1127.79,1118.78,20.9617,2201.36,2184.2,0.250131,0.250131,0.250131,0.250131,0.250131,0.250131
2.36895,2.36895,2.36896,10.5465,1130.17,1121.13,21.0344,2209.15,2191.92,0.250255,0.250255,0.250255,0.250255,0.250255,0.250255
2.3716,2.37159,2.37161,10.5657,1132.51,1123.46,21.1072,2216.95,2199.66,0.25038,0.25038,0.25038,0.25038,0.25038,0.25038
2.37424,2.37424,2.37425,10.5858,1134.87,1125.8,21.1802,2224.77,2207.42,0.250505,0.250505,0.250505,0.250505,0.250505,0.250505
2.37689,2.37689,2.3769,10.6037,1137.21,1128.13,21.2534,2232.61,2215.21,0.25063,0.25063,0.25063,0.25063,0.25063,0.25063
2.37955,2.37954,2.37956,10.6262,1139.61,1130.51,21.3268,2240.48,2223.01,0.250755,0.250755,0.250755,0.250755,0.250755,0.250755
2.3822,2.3822,2.38221,10.6475,1142.05,1132.93,21.4004,2248.37,2230.84,0.25088,0.25088,0.25088,0.25088,0.25088,0.25088
2.38486,2.38486,2.38487,10.6692,1144.44,1135.29,21.4742,2256.28,2238.69,0.251005,0.251005,0.251005,0.251005,0.251005,0.251005
2.38753,2.38752,2.38754,10.6839,1146.82,1137.67,21.5482,2264.21,2246.56,0.25113,0.25113,0.25113,0.25113,0.25113,0.25113
2.39019,2.39019,2.3902,10.7096,1149.24,1140.06,21.6224,2272.17,2254.45,0.251255,0.251255,0.251255,0.251255,0.251255,0.251255
2.39286,2.39286,2.39287,10.7344,1151.58,1142.38,21.6968,2280.15,2262.36,0.25138,0.25138,0.25138,0.25138,0.25138,0.25138
2.39553,2.39553,2.39554,10.7612,1154,1144.78,21.7715,2288.15,2270.3,0.251505,0.251505,0.251505,0.251505,0.251505,0.251505
2.39821,2.39821,2.39822,10.7786,1156.46,1147.22,21.8463,2296.17,2278.26,0.25163,0.25163,0.25163,0.25163,0.25163,0.25163
2.40089,2.40089,2.4009,10.8041,1158.87,1149.61,21.9213,2304.21,2286.24,0.251755,0.251755,0.251755,0.251755,0.251755,0.251755
2.40357,2.40357,2.40358,10.831,1161.28,1152,21.9966,2312.28,2294.24,0.25188,0.25188,0.25188,0.25188,0.25188,0.25188
2.40626,2.40625,2.40627,10.8557,1163.69,1154.39,22.0721,2320.37,2302.26,0.252005,0.252005,0.252005,0.252005,0.252005,0.252005
2.40894,2.40894,2.40895,10.8799,1166.12,1156.79,22.1478,2328.48,2310.31,0.25213,0.25213,0.25213,0.25213,0.25213,0.25213
2.41163,2.41163,2.41164,10.9013,1168.53,1159.19,22.2237,2336.61,2318.38,0.252255,0.252255,0.252255,0.252255,0.252255,0.252255
2.41433,2.41433,2.41434,10.9212,1170.94,1161.58,22.2998,2344.77,2326.47,0.25238,0.25238,0.25238,0.25238,0.25238,0.25238
2.41703,2.41702,2.41704,10.942,1173.38,1164,22.3761,2352.95,2334.59,0.252505,0.252505,0.252505,0.252505,0.252505,0.252505
2.41973,2.41972,2.41974,10.9647,1175.84,1166.44,22.4526,2361.15,2342.72,0.25263,0.25263,0.25263,0.25263,0.25263,0.25263
2.42243,2.42243,2.42244,10.9839,1178.25,1168.83,22.5293,2369.37,2350.88,0.252755,0.252755,0.252755,0.252755,0.252755,0.252755
2.42514,2.42513,2.42515,11.0036,1180.64,1171.21,22.6062,2377.62,2359.06,0.25288,0.25288,0.25288,0.25288,0.25288,0.25288
2.42785,2.42785,2.42786,11.027,1183.11,1173.65,22.6833,2385.89,2367.27,0.253005,0.253005,0.253005,0.253005,0.253005,0.253005
2.43056,2.43056,2.43057,11.057,1185.55,1176.07,22.7607,2394.18,2375.49,0.25313,0.25313,0.25313,0.25313,0.25313,0.25313
2.43328,2.43328,2.43329,11.0727,1187.97,1178.48,22.8382,2402.49,2383.74,0.253255,0.253255,0.253255,0.253255,0.253255,0.253255
2.436,2.43599,2.43601,11.0967,1190.38,1180.86,22.916,2410.83,2392.01,0.25338,0.25338,0.25338,0.25338,0.25338,0.25338
2.43872,2.43872,2.43873,11.1252,1192.8,1183.26,22.994,2419.19,2400.31,0.253505,0.253505,0.253505,0.253505,0.253505,0.253505
2.44145,2.44144,2.44146,11.1465,1195.26,1185.7,23.0722,2427.57,2408.62,0.25363,0.25363,0.25363,0.25363,0.25363,0.25363
2.44418,2.44417,2.44419,11.1648,1197.71,1188.14,23.1506,2435.98,2416.96,0.253755,0.253755,0.253755,0.253755,0.253755,0.253755
2.44691,2.4469,2.44692,11.187,1200.18,1190.58,23.2292,2444.41,2425.32,0.25388,0.25388,0.25388,0.25388,0.25388,0.25388
2.44964,2.44964,2.44966,11.2089,1202.69,1193.08,23.308,2452.86,2433.71,0.254005,0.254005,0.254005,0.254005,0.254005,0.254005
2.45238,2.45238,2.45239,11.2309,1205.13,1195.5,23.3871,2461.33,2442.12,0.25413,0.25413,0.25413,0.25413,0.25413,0.25413
2.45513,2.45512,2.45514,11.2559,1207.6,1197.94,23.4663,2469.83,2450.55,0.254255,0.254255,0.254255,0.254255,0.254255,0.254255
2.45787,2.45787,2.45788,11.278,1210.04,1200.36,23.5458,2478.35,2459,0.25438,0.25438,0.25438,0.25438,0.25438,0.25438
2.46062,2.46061,2.46063,11.3009,1212.55,1202.85,23.6255,2486.9,2467.48,0.254505,0.254505,0.254505,0.254505,0.254505,0.254505
2.46337,2.46337,2.46338,11.3233,1215.05,1205.33,23.7053,2495.47,2475.98,0.25463,0.25463,0.25463,0.25463,0.25463,0.25463
2.46612,2.46612,2.46614,11.3465,1217.54,1207.81,23.7855,2504.06,2484.51,0.254755,0.254755,0.254755,0.254755,0.254755,0.254755
2.46888,2.46888,2.46889,11.3711,1220.02,1210.26,23.8658,2512.67,2493.05,0.25488,0.25488,0.25488,0.25488,0.25488,0.25488
2.47164,2.47164,2.47165,11.3923,1222.52,1212.74,23.9463,2521.31,2501.62,0.255005,0.255005,0.255005,0.255005,0.255005,0.255005
2.47441,2.4744,2.47442,11.4176,1224.97,1215.17,24.0271,2529.97,2510.22,0.25513,0.25513,0.25513,0.25513,0.25513,0.25513
2.47717,2.47717,2.47719,11.4416,1227.53,1217.71,24.1081,2538.66,2518.83,0.255255,0.255255,0.255255,0.255255,0.255255,0.255255
2.47995,2.47994,2.47996,11.4643,1230.03,1220.2,24.1893,2547.37,2527.47,0.25538,0.25538,0.25538,0.25538,0.25538,0.25538
2.48272,2.48272,2.48273,11.4882,1232.56,1222.7,24.2707,2556.1,2536.14,0.255505,0.255505,0.255505,0.255505,0.255505,0.255505
2.4855,2.48549,2.48551,11.5118,1235.08,1225.2,24.3524,2564.86,2544.82,0.25563,0.25563,0.25563,0.25563,0.25563,0.25563
2.48828,2.48827,2.48829,11.5371,1237.59,1227.68,24.4342,2573.64,2553.54,0.255755,0.255755,0.255755,0.255755,0.255755,0.255755
2.49106,2.49106,2.49107,11.5581,1240.15,1230.23,24.5163,2582.44,2562.27,0.25588,0.25588,0.25588,0.25588,0.25588,0.25588
2.49385,2.49384,2.49386,11.5773,1242.75,1232.82,24.5986,2591.27,2571.03,0.256005,0.256005,0.256005,0.256005,0.256005,0.256005
2.49664,2.49663,2.49665,11.6048,1245.25,1235.29,24.6812,2600.12,2579.81,0.25613,0.25613,0.25613,0.25613,0.25613,0.25613
2.49943,2.49942,2.49944,11.6321,1247.79,1237.81,24.7639,2609,2588.62,0.256255,0.256255,0.256255,0.256255,0.256255,0.256255
2.50223,2.50222,2.50224,11.6602,1250.29,1240.28,24.8469,2617.9,2597.45,0.25638,0.25638,0.25638,0.25638,0.25638,0.25638
2.50502,2.50502,2.50503,11.6842,1252.79,1242.76,24.9301,2626.82,2606.3,0.256505,0.256505,0.256505,0.256505,0.256505,0.256505
2.50783,2.50782,2.50784,11.7087,1255.36,1245.3,25.0136,2635.77,2615.18,0.25663,0.25663,0.25663,0.25663,0.25663,0.25663
2.51063,2.51063,2.51064,11.7272,1257.91,1247.84,25.0973,2644.74,2624.08,0.256755,0.256755,0.256755,0.256755,0.256755,0.256755
2.51344,2.51344,2.51345,11.7487,1260.45,1250.36,25.1811,2653.74,2633,0.25688,0.25688,0.25688,0.25688,0.25688,0.25688
2.51625,2.51625,2.51626,11.7738,1263.04,1252.93,25.2652,2662.76,2641.95,0.257005,0.257005,0.257005,0.257005,0.257005,0.257005
2.51907,2.51907,2.51908,11.7962,1265.58,1255.45,25.3496,2671.8,2650.93,0.25713,0.25713,0.25713,0.25713,0.25713,0.25713
2.52189,2.52188,2.5219,11.819,1268.16,1258.01,25.4341,2680.87,2659.92,0.257255,0.257255,0.257255,0.257255,0.257255,0.257255
2.52471,2.52471,2.52472,11.842,1270.74,1260.57,25.5189,2689.97,2668.95,0.25738,0.25738,0.25738,0.25738,0.25738,0.25738
2.52753,2.52753,2.52755,11.8712,1273.28,1263.08,25.6039,2699.09,2677.99,0.257505,0.257505,0.257505,0.257505,0.257505,0.257505
2.53036,2.53036,2.53037,11.897,1275.9,1265.68,25.6891,2708.23,2687.06,0.25763,0.25763,0.25763,0.25763,0.25763,0.25763
2.53319,2.53319,2.53321,11.9154,1278.48,1268.25,25.7746,2717.4,2696.16,0.257755,0.257755,0.257755,0.257755,0.257755,0.257755
2.53603,2.53603,2.53604,11.9377,1281.07,1270.82,25.8603,2726.59,2705.28,0.25788,0.25788,0.25788,0.25788,0.25788,0.25788
2.53887,2.53886,2.53888,11.9613,1283.62,1273.35,25.9462,2735.81,2714.42,0.258005,0.258005,0.258005,0.258005,0.258005,0.258005
2.54171,2.5417,2.54172,11.9892,1286.21,1275.91,26.0323,2745.05,2723.59,0.25813,0.25813,0.25813,0.25813,0.25813,0.25813
2.54455,2.54455,2.54456,12.011,1288.74,1278.42,26.1187,2754.31,2732.78,0.258255,0.258255,0.258255,0.258255,0.258255,0.258255
2.5474,2.5474,2.54741,12.0383,1291.32,1280.98,26.2053,2763.6,2742,0.25838,0.25838,0.25838,0.25838,0.25838,0.25838
2.55025,2.55025,2.55026,12.0624,1294.01,1283.64,26.2922,2772.92,2751.24,0.258505,0.258505,0.258505,0.258505,0.258505,0.258505
2.5531,2.5531,2.55312,12.0893,1296.67,1286.28,26.3792,2782.26,2760.51,0.25863,0.25863,0.25863,0.25863,0.25863,0.25863
2.55596,2.55596,2.55597,12.1191,1299.32,1288.9,26.4666,2791.63,2769.8,0.258755,0.258755,0.258755,0.258755,0.258755,0.258755
2.55882,2.55882,2.55883,12.1501,1301.97,1291.52,26.5541,2801.02,2779.12,0.25888,0.25888,0.25888,0.25888,0.25888,0.25888
2.56169,2.56168,2.5617,12.171,1304.58,1294.12,26.642,2810.43,2788.46,0.259005,0.259005,0.259005,0.259005,0.259005,0.259005
2.56455,2.56455,2.56457,12.193,1307.16,1296.68,26.73,2819.87,2797.82,0.25913,0.25913,0.25913,0.25913,0.25913,0.25913
2.56742,2.56742,2.56744,12.2129,1309.82,1299.32,26.8182,2829.34,2807.22,0.259255,0.259255,0.259255,0.259255,0.259255,0.259255
2.5703,2.57029,2.57031,12.2373,1312.49,1301.97,26.9067,2838.83,2816.63,0.25938,0.25938,0.25938,0.25938,0.25938,0.25938
2.57317,2.57317,2.57319,12.2567,1315.07,1304.54,26.9954,2848.35,2826.07,0.259505,0.259505,0.259505,0.259505,0.259505,0.259505
2.57605,2.57605,2.57607,12.2826,1317.65,1307.09,27.0844,2857.89,2835.54,0.25963,0.25963,0.25963,0.25963,0.25963,0.25963
2.57894,2.57893,2.57895,12.3034,1320.28,1309.7,27.1735,2867.46,2845.03,0.259755,0.259755,0.259755,0.259755,0.259755,0.259755
2.58182,2.58182,2.58184,12.3269,1322.94,1312.34,27.2629,2877.05,2854.55,0.25988,0.25988,0.25988,0.25988,0.25988,0.25988
2.58471,2.58471,2.58473,12.3543,1325.63,1315.01,27.3526,2886.67,2864.09,0.260005,0.260005,0.260005,0.260005,0.260005,0.260005
2.58761,2.5876,2.58762,12.3754,1328.31,1317.68,27.4425,2896.31,2873.66,0.26013,0.26013,0.26013,0.26013,0.26013,0.26013
2.5905,2.5905,2.59051,12.4077,1330.98,1320.31,27.5326,2905.98,2883.25,0.260255,0.260255,0.260255,0.260255,0.260255,0.260255
2.5934,2.5934,2.59341,12.4345,1333.62,1322.93,27.6229,2915.68,2892.87,0.26038,0.26038,0.26038,0.26038,0.26038,0.26038
2.59631,2.5963,2.59632,12.4667,1336.31,1325.59,27.7136,2925.4,2902.51,0.260505,0.260505,0.260505,0.260505,0.260505,0.260505
2.59921,2.59921,2.59922,12.4922,1339.03,1328.29,27.8044,2935.14,2912.18,0.26063,0.26063,0.26063,0.26063,0.26063,0.26063
2.60212,2.60212,2.60213,12.5154,1341.74,1330.98,27.8955,2944.92,2921.88,0.260755,0.260755,0.260755,0.260755,0.260755,0.260755
2.60503,2.60503,2.60504,12.5431,1344.51,1333.72,27.9869,2954.71,2931.6,0.26088,0.26088,0.26088,0.26088,0.26088,0.26088
2.60795,2.60794,2.60796,12.5692,1347.16,1336.35,28.0785,2964.54,2941.34,0.261005,0.261005,0.261005,0.261005,0.261005,0.261005
2.61087,2.61086,2.61088,12.594,1349.85,1339.02,28.1703,2974.39,2951.12,0.26113,0.26113,0.26113,0.26113,0.26113,0.26113
2.61379,2.61379,2.6138,12.62,1352.61,1341.75,28.2624,2984.27,2960.91,0.261255,0.261255,0.261255,0.261255,0.261255,0.261255
2.61672,2.61671,2.61673,12.6462,1355.34,1344.46,28.3548,2994.17,2970.74,0.26138,0.26138,0.26138,0.26138,0.26138,0.26138
2.61964,2.61964,2.61966,12.6696,1357.99,1347.09,28.4473,3004.1,2980.59,0.261505,0.261505,0.261505,0.261505,0.261505,0.261505
2.62258,2.62257,2.62259,12.6947,1360.71,1349.79,28.5401,3014.05,2990.47,0.26163,0.26163,0.26163,0.26163,0.26163,0.26163
2.62551,2.62551,2.62552,12.7233,1363.45,1352.5,28.6332,3024.03,3000.37,0.261755,0.261755,0.261755,0.261755,0.261755,0.261755
2.62845,2.62845,2.62846,12.7472,1366.21,1355.24,28.7265,3034.04,3010.3,0.26188,0.26188,0.26188,0.26188,0.26188,0.26188
2.63139,2.63139,2.6314,12.773,1368.97,1357.98,28.8201,3044.08,3020.25,0.262005,0.262005,0.262005,0.262005,0.262005,0.262005
2.63434,2.63433,2.63435,12.7998,1371.65,1360.64,28.9139,3054.14,3030.23,0.26213,0.26213,0.26213,0.26213,0.26213,0.26213
2.63729,2.63728,2.6373,12.8234,1374.32,1363.29,29.0079,3064.22,3040.24,0.262255,0.262255,0.262255,0.262255,0.262255,0.262255
2.64024,2.64023,2.64025,12.8534,1377.04,1365.98,29.1022,3074.34,3050.27,0.26238,0.26238,0.26238,0.26238,0.26238,0.26238
2.64319,2.64319,2.6432,12.8792,1379.73,1368.65,29.1968,3084.47,3060.33,0.262505,0.262505,0.262505,0.262505,0.262505,0.262505
2.64615,2.64615,2.64616,12.9053,1382.46,1371.35,29.2916,3094.64,3070.42,0.26263,0.26263,0.26263,0.26263,0.26263,0.26263
2.64911,2.64911,2.64912,12.9299,1385.22,1374.09,29.3866,3104.83,3080.53,0.262755,0.262755,0.262755,0.262755,0.262755,0.262755
2.65208,2.65207,2.65209,12.9597,1387.99,1376.83,29.4819,3115.05,3090.67,0.26288,0.26288,0.26288,0.26288,0.26288,0.26288
2.65505,2.65504,2.65506,12.9895,1390.8,1379.62,29.5775,3125.3,3100.83,0.263005,0.263005,0.263005,0.263005,0.263005,0.263005
2.65802,2.65801,2.65803,13.01,1393.6,1382.4,29.6733,3135.57,3111.02,0.26313,0.26313,0.26313,0.26313,0.26313,0.26313
2.66099,2.66099,2.661,13.0353,1396.35,1385.12,29.7693,3145.87,3121.24,0.263255,0.263255,0.263255,0.263255,0.263255,0.263255
2.66397,2.66397,2.66398,13.0583,1399.06,1387.81,29.8656,3156.2,3131.49,0.26338,0.26338,0.26338,0.26338,0.26338,0.26338
2.66695,2.66695,2.66696,13.0847,1401.9,1390.63,29.9622,3166.55,3141.76,0.263505,0.263505,0.263505,0.263505,0.263505,0.263505
2.66994,2.66993,2.66995,13.1141,1404.65,1393.36,30.0589,3176.94,3152.06,0.26363,0.26363,0.26363,0.26363,0.26363,0.26363
2.67292,2.67292,2.67293,13.1377,1407.48,1396.16,30.156,3187.34,3162.38,0.263755,0.263755,0.263755,0.263755,0.263755,0.263755
2.67592,2.67591,2.67593,13.1715,1410.22,1398.88,30.2533,3197.78,3172.74,0.26388,0.26388,0.26388,0.26388,0.26388,0.26388
2.67891,2.67891,2.67892,13.2007,1413.02,1401.65,30.3509,3208.24,3183.12,0.264004,0.264004,0.264004,0.264004,0.264004,0.264004
2.68191,2.6819,2.68192,13.2306,1415.78,1404.39,30.4487,3218.73,3193.52,0.264129,0.264129,0.264129,0.264129,0.264129,0.264129
2.68491,2.6849,2.68492,13.2638,1418.59,1407.16,30.5469,3229.25,3203.96,0.264254,0.264254,0.264254,0.264254,0.264254,0.264254
2.68791,2.68791,2.68792,13.2959,1421.39,1409.94,30.6453,3239.79,3214.42,0.264379,0.264379,0.264379,0.264379,0.264379,0.264379
2.69092,2.69092,2.69093,13.3245,1424.23,1412.74,30.7439,3250.37,3224.9,0.264504,0.264504,0.264504,0.264504,0.264504,0.264504
2.69393,2.69393,2.69394,13.3561,1427.04,1415.53,30.8429,3260.96,3235.42,0.264629,0.264629,0.264629,0.264629,0.264629,0.264629
2.69695,2.69694,2.69696,13.3818,1429.87,1418.34,30.9421,3271.59,3245.96,0.264754,0.264754,0.264754,0.264754,0.264754,0.264754
2.69996,2.69996,2.69997,13.4095,1432.69,1421.13,31.0415,3282.25,3256.53,0.264879,0.264879,0.264879,0.264879,0.264879,0.264879
2.70298,2.70298,2.70299,13.4354,1435.45,1423.87,31.1413,3292.93,3267.13,0.265004,0.265004,0.265004,0.265004,0.265004,0.265004
2.70601,2.706,2.70602,13.4548,1438.28,1426.68,31.2412,3303.64,3277.75,0.265129,0.265129,0.265129,0.265129,0.265129,0.265129
2.70904,2.70903,2.70905,13.4813,1441.05,1429.43,31.3414,3314.38,3288.41,0.265254,0.265254,0.265254,0.265254,0.265254,0.265254
2.71207,2.71206,2.71208,13.5087,1443.88,1432.24,31.4419,3325.14,3299.09,0.265379,0.265379,0.265379,0.265379,0.265379,0.265379
2.7151,2.7151,2.71511,13.5412,1446.75,1435.08,31.5426,3335.94,3309.79,0.265504,0.265504,0.265504,0.265504,0.265504,0.265504
2.71814,2.71813,2.71815,13.5619,1449.62,1437.93,31.6436,3346.76,3320.53,0.265629,0.265629,0.265629,0.265629,0.265629,0.265629
2.72118,2.72117,2.72119,13.5948,1452.44,1440.72,31.7449,3357.61,3331.29,0.265754,0.265754,0.265754,0.265754,0.265754,0.265754
2.72422,2.72422,2.72423,13.6237,1455.29,1443.54,31.8464,3368.48,3342.08,0.265879,0.265879,0.265879,0.265879,0.265879,0.265879
2.72727,2.72727,2.72728,13.6514,1458.13,1446.36,31.9482,3379.39,3352.9,0.266004,0.266004,0.266004,0.266004,0.266004,0.266004
2.73032,2.73032,2.73033,13.6804,1461.03,1449.23,32.0503,3390.32,3363.75,0.266129,0.266129,0.266129,0.266129,0.266129,0.266129
2.73338,2.73337,2.73339,13.7054,1463.92,1452.1,32.1527,3401.28,3374.62,0.266254,0.266254,0.266254,0.266254,0.266254,0.266254
2.73643,2.73643,2.73645,13.7352,1466.78,1454.94,32.2553,3412.27,3385.52,0.266379,0.266379,0.266379,0.266379,0.266379,0.266379
2.7395,2.73949,2.73951,13.7663,1469.68,1457.8,32.3581,3423.29,3396.45,0.266504,0.266504,0.266504,0.266504,0.266504,0.266504
2.74256,2.74256,2.74257,13.8002,1472.6,1460.69,32.4613,3434.34,3407.41,0.266629,0.266629,0.266629,0.266629,0.266629,0.266629
2.74563,2.74562,2.74564,13.8244,1475.43,1463.5,32.5647,3445.41,3418.4,0.266754,0.266754,0.266754,0.266754,0.266754,0.266754
2.7487,2.74869,2.74871,13.8544,1478.27,1466.32,32.6684,3456.52,3429.42,0.266879,0.266879,0.266879,0.266879,0.266879,0.266879
2.75177,2.75177,2.75178,13.8852,1481.17,1469.19,32.7724,3467.65,3440.46,0.267004,0.267004,0.267004,0.267004,0.267004,0.267004
2.75485,2.75485,2.75486,13.9151,1484.15,1472.14,32.8767,3478.81,3451.53,0.267129,0.267129,0.267129,0.267129,0.267129,0.267129
2.75793,2.75793,2.75794,13.942,1487.07,1475.04,32.9812,3490,3462.63,0.267254,0.267254,0.267254,0.267254,0.267254,0.267254
2.76102,2.76101,2.76103,13.9726,1489.92,1477.86,33.086,3501.22,3473.76,0.267379,0.267379,0.267379,0.267379,0.267379,0.267379
2.7641,2.7641,2.76411,13.9988,1492.81,1480.73,33.1911,3512.46,3484.92,0.267504,0.267504,0.267504,0.267504,0.267504,0.267504
2.7672,2.76719,2.76721,14.0246,1495.76,1483.66,33.2964,3523.74,3496.1,0.267629,0.267629,0.267629,0.267629,0.267629,0.267629
2.77029,2.77028,2.7703,14.0534,1498.71,1486.58,33.402,3535.04,3507.32,0.267754,0.267754,0.267754,0.267754,0.267754,0.267754
2.77339,2.77338,2.7734,14.0821,1501.61,1489.46,33.5079,3546.38,3518.56,0.267879,0.267879,0.267879,0.267879,0.267879,0.267879
2.77649,2.77648,2.7765,14.1092,1504.54,1492.36,33.6141,3557.74,3529.83,0.268004,0.268004,0.268004,0.268004,0.268004,0.268004
2.77959,2.77959,2.7796,14.1393,1507.48,1495.27,33.7205,3569.13,3541.13,0.268129,0.268129,0.268129,0.268129,0.268129,0.268129
2.7827,2.7827,2.78271,14.1687,1510.41,1498.18,33.8272,3580.55,3552.46,0.268254,0.268254,0.268254,0.268254,0.268254,0.268254
2.78581,2.78581,2.78582,14.1948,1513.36,1501.11,33.9342,3592,3563.82,0.268379,0.268379,0.268379,0.268379,0.268379,0.268379
2.78893,2.78892,2.78894,14.2241,1516.33,1504.04,34.0415,3603.48,3575.21,0.268504,0.268504,0.268504,0.268504,0.268504,0.268504
2.79204,2.79204,2.79205,14.248,1519.25,1506.95,34.149,3614.99,3586.63,0.268629,0.268629,0.268629,0.268629,0.268629,0.268629
2.79516,2.79516,2.79518,14.281,1522.24,1509.91,34.2568,3626.53,3598.07,0.268754,0.268754,0.268754,0.268754,0.268754,0.268754
2.79829,2.79828,2.7983,14.3061,1525.18,1512.82,34.3649,3638.09,3609.55,0.268879,0.268879,0.268879,0.268879,0.268879,0.268879
2.80142,2.80141,2.80143,14.3281,1528.16,1515.78,34.4732,3649.69,3621.05,0.269004,0.269004,0.269004,0.269004,0.269004,0.269004
2.80455,2.80454,2.80456,14.3564,1531.06,1518.66,34.5818,3661.32,3632.59,0.269129,0.269129,0.269129,0.269129,0.269129,0.269129
2.80768,2.80768,2.80769,14.3847,1534,1521.57,34.6907,3672.97,3644.15,0.269254,0.269254,0.269254,0.269254,0.269254,0.269254
2.81082,2.81081,2.81083,14.4158,1537.02,1524.57,34.7999,3684.66,3655.74,0.269379,0.269379,0.269379,0.269379,0.269379,0.269379
2.81396,2.81396,2.81397,14.4435,1540.02,1527.54,34.9093,3696.37,3667.36,0.269504,0.269504,0.269504,0.269504,0.269504,0.269504
2.81711,2.8171,2.81712,14.4703,1542.99,1530.49,35.019,3708.12,3679.01,0.269629,0.269629,0.269629,0.269629,0.269629,0.269629
2.82025,2.82025,2.82026,14.5,1545.96,1533.44,35.1291,3719.89,3690.69,0.269754,0.269754,0.269754,0.269754,0.269754,0.269754
2.82341,2.8234,2.82342,14.5292,1549.05,1536.5,35.2393,3731.7,3702.4,0.269879,0.269879,0.269879,0.269879,0.269879,0.269879
2.82656,2.82655,2.82657,14.564,1552.05,1539.46,35.3499,3743.53,3714.15,0.270004,0.270004,0.270004,0.270004,0.270004,0.270004
2.82972,2.82971,2.82973,14.5934,1555.1,1542.49,35.4608,3755.4,3725.92,0.270129,0.270129,0.270129,0.270129,0.270129,0.270129
2.83288,2.83287,2.83289,14.6203,1558.13,1545.5,35.572,3767.29,3737.72,0.270254,0.270254,0.270254,0.270254,0.270254,0.270254
2.83605,2.83604,2.83606,14.6479,1561.14,1548.48,35.6834,3779.22,3749.55,0.270379,0.270379,0.270379,0.270379,0.270379,0.270379
2.83921,2.83921,2.83922,14.6786,1564.18,1551.49,35.7951,3791.17,3761.41,0.270504,0.270504,0.270504,0.270504,0.270504,0.270504
2.84239,2.84238,2.8424,14.7053,1567.2,1554.49,35.9071,3803.16,3773.3,0.270629,0.270629,0.270629,0.270629,0.270629,0.270629
2.84556,2.84555,2.84557,14.7328,1570.21,1557.47,36.0194,3815.17,3785.22,0.270754,0.270754,0.270754,0.270754,0.270754,0.270754
2.84874,2.84873,2.84875,14.7672,1573.25,1560.49,36.132,3827.22,3797.17,0.270879,0.270879,0.270879,0.270879,0.270879,0.270879
2.85192,2.85191,2.85193,14.7964,1576.27,1563.48,36.2448,3839.3,3809.15,0.271004,0.271004,0.271004,0.271004,0.271004,0.271004
2.85511,2.8551,2.85511,14.8338,1579.4,1566.58,36.358,3851.4,3821.16,0.271129,0.271129,0.271129,0.271129,0.271129,0.271129
2.85829,2.85829,2.8583,14.8577,1582.47,1569.63,36.4715,3863.54,3833.2,0.271254,0.271254,0.271254,0.271254,0.271254,0.271254
2.86149,2.86148,2.86149,14.8901,1585.54,1572.66,36.5852,3875.71,3845.27,0.271379,0.271379,0.271379,0.271379,0.271379,0.271379
2.86468,2.86467,2.86469,14.9208,1588.67,1575.77,36.6993,3887.91,3857.37,0.271504,0.271504,0.271504,0.271504,0.271504,0.271504
2.86788,2.86787,2.86789,14.945,1591.69,1578.77,36.8136,3900.14,3869.5,0.271629,0.271629,0.271629,0.271629,0.271629,0.271629
2.87108,2.87107,2.87109,14.9724,1594.83,1581.88,36.9282,3912.4,3881.67,0.271754,0.271754,0.271754,0.271754,0.271754,0.271754
2.87429,2.87428,2.8743,15.0007,1597.91,1584.94,37.0431,3924.69,3893.86,0.271879,0.271879,0.271879,0.271879,0.271879,0.271879
2.8775,2.87749,2.8775,15.0301,1600.96,1587.96,37.1582,3937.02,3906.08,0.272004,0.272004,0.272004,0.272004,0.272004,0.272004
2.88071,2.8807,2.88072,15.0561,1603.92,1590.9,37.2737,3949.37,3918.34,0.272129,0.272129,0.272129,0.272129,0.272129,0.272129
2.88392,2.88392,2.88393,15.0863,1607,1593.95,37.3895,3961.75,3930.63,0.272254,0.272254,0.272254,0.272254,0.272254,0.272254
2.88714,2.88714,2.88715,15.1173,1610.05,1596.97,37.5055,3974.17,3942.94,0.272379,0.272379,0.272379,0.272379,0.272379,0.272379
2.89037,2.89036,2.89037,15.1464,1613.13,1600.03,37.6218,3986.62,3955.29,0.272504,0.272504,0.272504,0.272504,0.272504,0.272504
2.89359,2.89358,2.8936,15.1718,1616.22,1603.09,37.7385,3999.09,3967.67,0.272629,0.272629,0.272629,0.272629,0.272629,0.272629
2.89682,2.89681,2.89683,15.2001,1619.32,1606.17,37.8554,4011.6,3980.08,0.272754,0.272754,0.272754,0.272754,0.272754,0.272754
2.90005,2.90005,2.90006,15.231,1622.46,1609.28,37.9726,4024.14,3992.52,0.272879,0.272879,0.272879,0.272879,0.272879,0.272879
2.90329,2.90328,2.9033,15.2604,1625.59,1612.39,38.0901,4036.71,4004.99,0.273004,0.273004,0.273004,0.273004,0.273004,0.273004
2.90653,2.90652,2.90654,15.2915,1628.78,1615.55,38.2079,4049.32,4017.49,0.273129,0.273129,0.273129,0.273129,0.273129,0.273129
2.90977,2.90977,2.90978,15.3216,1631.91,1618.65,38.326,4061.95,4030.02,0.273254,0.273254,0.273254,0.273254,0.273254,0.273254
2.91302,2.91301,2.91303,15.3513,1635.01,1621.72,38.4444,4074.62,4042.59,0.273379,0.273379,0.273379,0.273379,0.273379,0.273379
2.91627,2.91626,2.91628,15.3775,1638.1,1624.79,38.5631,4087.32,4055.19,0.273504,0.273504,0.273504,0.273504,0.273504,0.273504
2.91952,2.91951,2.91953,15.3999,1641.28,1627.96,38.682,4100.05,4067.81,0.273629,0.273629,0.273629,0.273629,0.273629,0.273629
2.92278,2.92277,2.92279,15.4341,1644.46,1631.1,38.8013,4112.81,4080.47,0.273754,0.273754,0.273754,0.273754,0.273754,0.273754
2.92604,2.92603,2.92605,15.4642,1647.63,1634.24,38.9208,4125.6,4093.17,0.273879,0.273879,0.273879,0.273879,0.273879,0.273879
2.9293,2.92929,2.92931,15.4926,1650.82,1637.41,39.0407,4138.43,4105.89,0.274004,0.274004,0.274004,0.274004,0.274004,0.274004
2.93257,2.93256,2.93258,15.5226,1653.97,1640.54,39.1608,4151.29,4118.64,0.274129,0.274129,0.274129,0.274129,0.274129,0.274129
2.93584,2.93583,2.93585,15.5552,1657.11,1643.64,39.2813,4164.18,4131.43,0.274254,0.274254,0.274254,0.274254,0.274254,0.274254
2.93911,2.93911,2.93912,15.5921,1660.28,1646.78,39.4021,4177.1,4144.25,0.274379,0.274379,0.274379,0.274379,0.274379,0.274379
2.94239,2.94238,2.9424,15.6179,1663.38,1649.86,39.5232,4190.05,4157.1,0.274504,0.274504,0.274504,0.274504,0.274504,0.274504
2.94567,2.94566,2.94568,15.6523,1666.61,1653.06,39.6445,4203.04,4169.98,0.274629,0.274629,0.274629,0.274629,0.274629,0.274629
2.94896,2.94895,2.94896,15.6842,1669.84,1656.26,39.7662,4216.06,4182.9,0.274754,0.274754,0.274754,0.274754,0.274754,0.274754
2.95224,2.95223,2.95225,15.7121,1673,1659.39,39.8882,4229.11,4195.84,0.274879,0.274879,0.274879,0.274879,0.274879,0.274879
2.95553,2.95552,2.95554,15.7392,1676.1,1662.47,40.0105,4242.19,4208.82,0.275004,0.275004,0.275004,0.275004,0.275004,0.275004
2.95883,2.95882,2.95884,15.7724,1679.28,1665.62,40.1331,4255.3,4221.83,0.275129,0.275129,0.275129,0.275129,0.275129,0.275129
2.96213,2.96212,2.96213,15.8042,1682.42,1668.74,40.256,4268.45,4234.87,0.275254,0.275254,0.275254,0.275254,0.275254,0.275254
2.96543,2.96542,2.96544,15.8358,1685.61,1671.89,40.3793,4281.63,4247.95,0.275379,0.275379,0.275379,0.275379,0.275379,0.275379
2.96873,2.96872,2.96874,15.8681,1688.74,1675,40.5028,4294.84,4261.06,0.275504,0.275504,0.275504,0.275504,0.275504,0.275504
2.97204,2.97203,2.97205,15.9071,1691.88,1678.1,40.6267,4308.09,4274.19,0.275629,0.275629,0.275629,0.275629,0.275629,0.275629
2.97535,2.97534,2.97536,15.939,1695.11,1681.3,40.7508,4321.37,4287.37,0.275754,0.275754,0.275754,0.275754,0.275754,0.275754
2.97867,2.97866,2.97867,15.9705,1698.35,1684.52,40.8753,4334.68,4300.57,0.275879,0.275879,0.275879,0.275879,0.275879,0.275879
2.98198,2.98198,2.98199,15.9974,1701.53,1687.68,41.0001,4348.02,4313.81,0.276004,0.276004,0.276004,0.276004,0.276004,0.276004
2.98531,2.9853,2.98531,16.0254,1704.79,1690.9,41.1252,4361.4,4327.08,0.276129,0.276129,0.276129,0.276129,0.276129,0.276129
2.98863,2.98862,2.98864,16.0538,1708.04,1694.14,41.2506,4374.81,4340.38,0.276254,0.276254,0.276254,0.276254,0.276254,0.276254
2.99196,2.99195,2.99197,16.0825,1711.25,1697.31,41.3763,4388.25,4353.71,0.276379,0.276379,0.276379,0.276379,0.276379,0.276379
2.99529,2.99529,2.9953,16.1141,1714.46,1700.49,41.5023,4401.72,4367.08,0.276504,0.276504,0.276504,0.276504,0.276504,0.276504
2.99863,2.99862,2.99864,16.1409,1717.75,1703.77,41.6287,4415.23,4380.48,0.276629,0.276629,0.276629,0.276629,0.276629,0.276629
3.00197,3.00196,3.00198,16.1724,1721.03,1707.01,41.7553,4428.77,4393.91,0.276754,0.276754,0.276754,0.276754,0.276754,0.276754
3.00531,3.0053,3.00532,16.2019,1724.29,1710.25,41.8822,4442.35,4407.38,0.276879,0.276879,0.276879,0.276879,0.276879,0.276879
3.00866,3.00865,3.00866,16.2333,1727.68,1713.61,42.0095,4455.96,4420.88,0.277004,0.277004,0.277004,0.277004,0.277004,0.277004
3.01201,3.012,3.01201,16.2599,1730.97,1716.88,42.137,4469.6,4434.41,0.277129,0.277129,0.277129,0.277129,0.277129,0.277129
3.01536,3.01535,3.01537,16.29,1734.21,1720.09,42.2649,4483.28,4447.98,0.277254,0.277254,0.277254,0.277254,0.277254,0.277254
3.01872,3.01871,3.01872,16.3195,1737.47,1723.33,42.393,4496.99,4461.58,0.277379,0.277379,0.277379,0.277379,0.277379,0.277379
3.02208,3.02207,3.02208,16.3453,1740.8,1726.63,42.5215,4510.73,4475.21,0.277504,0.277504,0.277504,0.277504,0.277504,0.277504
3.02544,3.02543,3.02545,16.3819,1744.03,1729.83,42.6503,4524.51,4488.88,0.277629,0.277629,0.277629,0.277629,0.277629,0.277629
3.02881,3.0288,3.02881,16.4164,1747.32,1733.09,42.7794,4538.32,4502.58,0.277754,0.277754,0.277754,0.277754,0.277754,0.277754
3.03218,3.03217,3.03219,16.4453,1750.67,1736.41,42.9088,4552.16,4516.31,0.277878,0.277878,0.277878,0.277878,0.277878,0.277878
3.03555,3.03554,3.03556,16.4795,1753.95,1739.67,43.0386,4566.04,4530.08,0.278003,0.278003,0.278003,0.278003,0.278003,0.278003
3.03893,3.03892,3.03894,16.5209,1757.2,1742.88,43.1687,4579.96,4543.88,0.278128,0.278128,0.278128,0.278128,0.278128,0.278128
3.04231,3.0423,3.04232,16.5575,1760.46,1746.1,43.2991,4593.9,4557.72,0.278253,0.278253,0.278253,0.278253,0.278253,0.278253
3.04569,3.04568,3.0457,16.5889,1763.65,1749.26,43.4299,4607.88,4571.59,0.278378,0.278378,0.278378,0.278378,0.278378,0.278378
3.04908,3.04907,3.04909,16.6256,1766.93,1752.51,43.561,4621.9,4585.49,0.278503,0.278503,0.278503,0.278503,0.278503,0.278503
3.05247,3.05246,3.05248,16.6553,1770.23,1755.79,43.6925,4635.94,4599.42,0.278628,0.278628,0.278628,0.278628,0.278628,0.278628
3.05587,3.05586,3.05587,16.6841,1773.55,1759.08,43.8242,4650.03,4613.39,0.278753,0.278753,0.278753,0.278753,0.278753,0.278753
3.05927,3.05926,3.05927,16.7155,1776.9,1762.4,43.9563,4664.14,4627.4,0.278878,0.278878,0.278878,0.278878,0.278878,0.278878
3.06267,3.06266,3.06267,16.7426,1780.23,1765.7,44.0887,4678.3,4641.44,0.279003,0.279003,0.279003,0.279003,0.279003,0.279003
3.06607,3.06606,3.06608,16.7784,1783.63,1769.07,44.2214,4692.48,4655.51,0.279128,0.279128,0.279128,0.279128,0.279128,0.279128
3.06948,3.06947,3.06949,16.8111,1786.92,1772.34,44.3544,4706.7,4669.61,0.279253,0.279253,0.279253,0.279253,0.279253,0.279253
3.07289,3.07288,3.0729,16.8476,1790.24,1775.62,44.4878,4720.96,4683.76,0.279378,0.279378,0.279378,0.279378,0.279378,0.279378
3.07631,3.0763,3.07632,16.8891,1793.62,1778.97,44.6215,4735.25,4697.93,0.279503,0.279503,0.279503,0.279503,0.279503,0.279503
3.07973,3.07972,3.07974,16.9145,1796.97,1782.29,44.7555,4749.57,4712.14,0.279628,0.279628,0.279628,0.279628,0.279628,0.279628
3.08315,3.08314,3.08316,16.9501,1800.4,1785.69,44.8899,4763.93,4726.38,0.279753,0.279753,0.279753,0.279753,0.279753,0.279753
3.08658,3.08657,3.08658,16.9762,1803.76,1789.03,45.0246,4778.32,4740.66,0.279878,0.279878,0.279878,0.279878,0.279878,0.279878
3.09001,3.09,3.09001,17.0031,1807.12,1792.36,45.1596,4792.75,4754.98,0.280003,0.280003,0.280003,0.280003,0.280003,0.280003
3.09344,3.09343,3.09345,17.0369,1810.61,1795.82,45.295,4807.22,4769.32,0.280128,0.280128,0.280128,0.280128,0.280128,0.280128
3.09688,3.09687,3.09688,17.0761,1814.08,1799.26,45.4306,4821.72,4783.71,0.280253,0.280253,0.280253,0.280253,0.280253,0.280253
3.10032,3.10031,3.10032,17.1096,1817.48,1802.62,45.5667,4836.25,4798.13,0.280378,0.280378,0.280378,0.280378,0.280378,0.280378
3.10376,3.10375,3.10377,17.1344,1820.85,1805.98,45.703,4850.82,4812.58,0.280503,0.280503,0.280503,0.280503,0.280503,0.280503
3.10721,3.1072,3.10722,17.1646,1824.26,1809.36,45.8397,4865.43,4827.07,0.280628,0.280628,0.280628,0.280628,0.280628,0.280628
3.11066,3.11065,3.11067,17.1956,1827.7,1812.77,45.9766,4880.07,4841.59,0.280753,0.280753,0.280753,0.280753,0.280753,0.280753
3.11411,3.1141,3.11412,17.2271,1831.09,1816.14,46.114,4894.75,4856.15,0.280878,0.280878,0.280878,0.280878,0.280878,0.280878
3.11757,3.11756,3.11758,17.2573,1834.46,1819.47,46.2516,4909.46,4870.75,0.281003,0.281003,0.281003,0.281003,0.281003,0.281003
3.12103,3.12102,3.12104,17.2871,1837.97,1822.96,46.3896,4924.2,4885.37,0.281128,0.281128,0.281128,0.281128,0.281128,0.281128
3.1245,3.12449,3.1245,17.323,1841.46,1826.41,46.5279,4938.99,4900.04,0.281253,0.281253,0.281253,0.281253,0.281253,0.281253
3.12797,3.12795,3.12797,17.3523,1844.88,1829.81,46.6665,4953.81,4914.74,0.281378,0.281378,0.281378,0.281378,0.281378,0.281378
3.13144,3.13143,3.13144,17.3802,1848.38,1833.29,46.8054,4968.66,4929.48,0.281503,0.281503,0.281503,0.281503,0.281503,0.281503
3.13491,3.1349,3.13492,17.4133,1851.79,1836.67,46.9447,4983.55,4944.25,0.281628,0.281628,0.281628,0.281628,0.281628,0.281628
3.13839,3.13838,3.1384,17.4425,1855.31,1840.16,47.0844,4998.48,4959.05,0.281753,0.281753,0.281753,0.281753,0.281753,0.281753
3.14187,3.14186,3.14188,17.4732,1858.75,1843.57,47.2243,5013.44,4973.9,0.281878,0.281878,0.281878,0.281878,0.281878,0.281878
3.14536,3.14535,3.14537,17.5067,1862.17,1846.96,47.3646,5028.44,4988.77,0.282003,0.282003,0.282003,0.282003,0.282003,0.282003
3.14885,3.14884,3.14885,17.5382,1865.7,1850.47,47.5052,5043.48,5003.69,0.282128,0.282128,0.282128,0.282128,0.282128,0.282128
3.15234,3.15233,3.15235,17.5704,1869.14,1853.88,47.6461,5058.55,5018.64,0.282253,0.282253,0.282253,0.282253,0.282253,0.282253
3.15584,3.15583,3.15584,17.6076,1872.7,1857.4,47.7874,5073.66,5033.63,0.282378,0.282378,0.282378,0.282378,0.282378,0.282378
3.15934,3.15933,3.15934,17.6418,1876.13,1860.8,47.9291,5088.8,5048.65,0.282503,0.282503,0.282503,0.282503,0.282503,0.282503
3.16284,3.16283,3.16285,17.683,1879.67,1864.3,48.0711,5103.98,5063.71,0.282628,0.282628,0.282628,0.282628,0.282628,0.282628
3.16635,3.16634,3.16635,17.7113,1883.13,1867.74,48.2135,5119.2,5078.8,0.282753,0.282753,0.282753,0.282753,0.282753,0.282753
3.16986,3.16985,3.16986,17.7395,1886.68,1871.26,48.3561,5134.45,5093.93,0.282878,0.282878,0.282878,0.282878,0.282878,0.282878
3.17337,3.17336,3.17338,17.7717,1890.26,1874.82,48.4992,5149.74,5109.1,0.283003,0.283003,0.283003,0.283003,0.283003,0.283003
3.17689,3.17688,3.1769,17.8015,1893.74,1878.27,48.6425,5165.07,5124.3,0.283128,0.283128,0.283128,0.283128,0.283128,0.283128
3.18041,3.1804,3.18042,17.828,1897.3,1881.81,48.7862,5180.43,5139.54,0.283253,0.283253,0.283253,0.283253,0.283253,0.283253
3.18394,3.18392,3.18394,17.8624,1900.78,1885.26,48.9302,5195.83,5154.82,0.283378,0.283378,0.283378,0.283378,0.283378,0.283378
3.18747,3.18745,3.18747,17.8962,1904.27,1888.72,49.0746,5211.27,5170.14,0.283503,0.283503,0.283503,0.283503,0.283503,0.283503
3.191,3.19098,3.191,17.9214,1907.87,1892.3,49.2193,5226.74,5185.49,0.283628,0.283628,0.283628,0.283628,0.283628,0.283628
3.19453,3.19452,3.19454,17.9532,1911.28,1895.68,49.3643,5242.26,5200.87,0.283753,0.283753,0.283753,0.283753,0.283753,0.283753
3.19807,3.19806,3.19808,17.9788,1914.9,1899.28,49.5097,5257.8,5216.3,0.283878,0.283878,0.283878,0.283878,0.283878,0.283878
3.20161,3.2016,3.20162,18.017,1918.53,1902.88,49.6553,5273.39,5231.76,0.284003,0.284003,0.284003,0.284003,0.284003,0.284003
3.20516,3.20515,3.20516,18.0508,1922.12,1906.43,49.8014,5289.01,5247.26,0.284128,0.284128,0.284128,0.284128,0.284128,0.284128
3.20871,3.20869,3.20871,18.0814,1925.64,1909.92,49.9478,5304.67,5262.79,0.284253,0.284253,0.284253,0.284253,0.284253,0.284253
3.21226,3.21225,3.21227,18.1187,1929.23,1913.48,50.0946,5320.37,5278.36,0.284378,0.284378,0.284378,0.284378,0.284378,0.284378
3.21582,3.2158,3.21582,18.1614,1932.76,1916.97,50.2417,5336.11,5293.97,0.284503,0.284503,0.284503,0.284503,0.284503,0.284503
3.21938,3.21936,3.21938,18.196,1936.27,1920.45,50.3892,5351.88,5309.62,0.284628,0.284628,0.284628,0.284628,0.284628,0.284628
3.22294,3.22293,3.22295,18.2296,1939.87,1924.02,50.537,5367.69,5325.3,0.284753,0.284753,0.284753,0.284753,0.284753,0.284753
3.22651,3.2265,3.22651,18.2611,1943.39,1927.51,50.6852,5383.54,5341.02,0.284878,0.284878,0.284878,0.284878,0.284878,0.284878
3.23008,3.23007,3.23009,18.2946,1947.02,1931.11,50.8338,5399.43,5356.78,0.285003,0.285003,0.285003,0.285003,0.285003,0.285003
3.23366,3.23364,3.23366,18.3279,1950.66,1934.72,50.9827,5415.35,5372.58,0.285128,0.285128,0.285128,0.285128,0.285128,0.285128
3.23723,3.23722,3.23724,18.3568,1954.23,1938.27,51.1319,5431.31,5388.41,0.285253,0.285253,0.285253,0.285253,0.285253,0.285253
3.24082,3.2408,3.24082,18.3949,1957.81,1941.81,51.2815,5447.31,5404.28,0.285378,0.285378,0.285378,0.285378,0.285378,0.285378
3.2444,3.24439,3.2444,18.4267,1961.44,1945.41,51.4314,5463.35,5420.19,0.285503,0.285503,0.285503,0.285503,0.285503,0.285503
3.24799,3.24797,3.24799,18.4608,1965.04,1948.99,51.5818,5479.42,5436.14,0.285628,0.285628,0.285628,0.285628,0.285628,0.285628
3.25158,3.25157,3.25159,18.4844,1968.59,1952.51,51.7324,5495.54,5452.12,0.285753,0.285753,0.285753,0.285753,0.285753,0.285753
3.25518,3.25516,3.25518,18.5164,1972.28,1956.18,51.8834,5511.69,5468.14,0.285878,0.285878,0.285878,0.285878,0.285878,0.285878
3.25878,3.25876,3.25878,18.5463,1975.94,1959.81,52.0347,5527.88,5484.2,0.286003,0.286003,0.286003,0.286003,0.286003,0.286003
3.26238,3.26236,3.26238,18.5809,1979.63,1963.46,52.1864,5544.11,5500.3,0.286128,0.286128,0.286128,0.286128,0.286128,0.286128
3.26599,3.26597,3.26599,18.6191,1983.26,1967.07,52.3384,5560.37,5516.44,0.286253,0.286253,0.286253,0.286253,0.286253,0.286253
3.2696,3.26958,3.2696,18.6572,1986.97,1970.74,52.4909,5576.68,5532.61,0.286378,0.286378,0.286378,0.286378,0.286378,0.286378
3.27321,3.27319,3.27321,18.6943,1990.56,1974.3,52.6437,5593.03,5548.83,0.286503,0.286503,0.286503,0.286503,0.286503,0.286503
3.27683,3.27681,3.27683,18.7321,1994.16,1977.86,52.7968,5609.41,5565.08,0.286628,0.286628,0.286628,0.286628,0.286628,0.286628
3.28045,3.28043,3.28045,18.774,1997.86,1981.53,52.9504,5625.83,5581.37,0.286753,0.286753,0.286753,0.286753,0.286753,0.286753
3.28407,3.28406,3.28408,18.8121,2001.57,1985.2,53.1043,5642.29,5597.7,0.286878,0.286878,0.286878,0.286878,0.286878,0.286878
3.2877,3.28768,3.28771,18.8548,2005.29,1988.88,53.2586,5658.79,5614.06,0.287003,0.287003,0.287003,0.287003,0.287003,0.287003
3.29133,3.29132,3.29134,18.8874,2008.9,1992.46,53.4133,5675.33,5630.47,0.287128,0.287128,0.287128,0.287128,0.287128,0.287128
3.29497,3.29495,3.29497,18.9164,2012.62,1996.16,53.5684,5691.91,5646.91,0.287253,0.287253,0.287253,0.287253,0.287253,0.287253
3.29861,3.29859,3.29861,18.9525,2016.21,1999.71,53.7238,5708.52,5663.4,0.287378,0.287378,0.287378,0.287378,0.287378,0.287378
3.30225,3.30223,3.30225,18.9903,2019.89,2003.36,53.8796,5725.18,5679.92,0.287503,0.287503,0.287503,0.287503,0.287503,0.287503
3.3059,3.30588,3.3059,19.0288,2023.6,2007.04,54.0357,5741.87,5696.48,0.287628,0.287628,0.287628,0.287628,0.287628,0.287628
3.30954,3.30953,3.30955,19.0569,2027.34,2010.75,54.1922,5758.61,5713.08,0.287753,0.287753,0.287753,0.287753,0.287753,0.287753
3.3132,3.31318,3.3132,19.0968,2031.02,2014.4,54.3491,5775.38,5729.72,0.287878,0.287878,0.287878,0.287878,0.287878,0.287878
3.31686,3.31684,3.31686,19.1259,2034.76,2018.11,54.5064,5792.2,5746.39,0.288003,0.288003,0.288003,0.288003,0.288003,0.288003
3.32052,3.3205,3.32052,19.1639,2038.45,2021.77,54.664,5809.05,5763.11,0.288128,0.288128,0.288128,0.288128,0.288128,0.288128
3.32418,3.32416,3.32418,19.2059,2042.28,2025.55,54.822,5825.94,5779.87,0.288253,0.288253,0.288253,0.288253,0.288253,0.288253
3.32785,3.32783,3.32785,19.2423,2046.05,2029.29,54.9804,5842.87,5796.66,0.288378,0.288378,0.288378,0.288378,0.288378,0.288378
3.33152,3.3315,3.33152,19.2801,2049.81,2033.01,55.1392,5859.85,5813.5,0.288503,0.288503,0.288503,0.288503,0.288503,0.288503
3.33519,3.33518,3.3352,19.3176,2053.55,2036.72,55.2984,5876.86,5830.37,0.288628,0.288628,0.288628,0.288628,0.288628,0.288628
3.33887,3.33885,3.33887,19.3589,2057.32,2040.46,55.4579,5893.91,5847.29,0.288753,0.288753,0.288753,0.288753,0.288753,0.288753
3.34255,3.34254,3.34256,19.3951,2061.12,2044.23,55.6179,5911,5864.24,0.288878,0.288878,0.288878,0.288878,0.288878,0.288878
3.34624,3.34622,3.34624,19.4304,2064.79,2047.87,55.7782,5928.13,5881.24,0.289003,0.289003,0.289003,0.289003,0.289003,0.289003
3.34993,3.34991,3.34993,19.4613,2068.55,2051.6,55.9389,5945.31,5898.27,0.289128,0.289128,0.289128,0.289128,0.289128,0.289128
3.35362,3.3536,3.35362,19.4978,2072.39,2055.41,56.0999,5962.52,5915.35,0.289253,0.289253,0.289253,0.289253,0.289253,0.289253
3.35732,3.3573,3.35732,19.5359,2076.18,2059.16,56.2613,5979.77,5932.46,0.289378,0.289378,0.289378,0.289378,0.289378,0.289378
3.36102,3.361,3.36102,19.5709,2079.95,2062.9,56.4232,5997.06,5949.62,0.289503,0.289503,0.289503,0.289503,0.289503,0.289503
3.36472,3.3647,3.36472,19.6097,2083.82,2066.73,56.5854,6014.4,5966.81,0.289628,0.289628,0.289628,0.289628,0.289628,0.289628
3.36843,3.36841,3.36843,19.6476,2087.67,2070.55,56.7479,6031.77,5984.04,0.289753,0.289753,0.289753,0.289753,0.289753,0.289753
3.37214,3.37212,3.37214,19.6832,2091.43,2074.27,56.9109,6049.19,6001.32,0.289878,0.289878,0.289878,0.289878,0.289878,0.289878
3.37586,3.37583,3.37586,19.7218,2095.23,2078.05,57.0743,6066.64,6018.63,0.290003,0.290003,0.290003,0.290003,0.290003,0.290003
3.37957,3.37955,3.37957,19.7693,2099.1,2081.87,57.2381,6084.14,6035.99,0.290128,0.290128,0.290128,0.290128,0.290128,0.290128
3.3833,3.38327,3.3833,19.809,2102.92,2085.65,57.4022,6101.68,6053.39,0.290253,0.290253,0.290253,0.290253,0.290253,0.290253
3.38702,3.387,3.38702,19.8479,2106.74,2089.44,57.5668,6119.26,6070.82,0.290378,0.290378,0.290378,0.290378,0.290378,0.290378
3.39075,3.39073,3.39075,19.8831,2110.59,2093.26,57.7318,6136.88,6088.3,0.290503,0.290503,0.290503,0.290503,0.290503,0.290503
3.39448,3.39446,3.39448,19.9141,2114.43,2097.07,57.8971,6154.54,6105.82,0.290628,0.290628,0.290628,0.290628,0.290628,0.290628
3.39822,3.3982,3.39822,19.945,2118.25,2100.86,58.0628,6172.24,6123.38,0.290753,0.290753,0.290753,0.290753,0.290753,0.290753
3.40196,3.40194,3.40196,19.9809,2122.06,2104.65,58.2289,6189.98,6140.98,0.290878,0.290878,0.290878,0.290878,0.290878,0.290878
3.4057,3.40568,3.4057,20.0148,2125.89,2108.44,58.3954,6207.77,6158.62,0.291003,0.291003,0.291003,0.291003,0.291003,0.291003
3.40945,3.40943,3.40945,20.0576,2129.67,2112.18,58.5622,6225.59,6176.3,0.291128,0.291128,0.291128,0.291128,0.291128,0.291128
3.4132,3.41318,3.4132,20.0918,2133.58,2116.06,58.7295,6243.46,6194.02,0.291253,0.291253,0.291253,0.291253,0.291253,0.291253
3.41696,3.41693,3.41695,20.1304,2137.43,2119.87,58.8971,6261.37,6211.79,0.291378,0.291378,0.291378,0.291378,0.291378,0.291378
3.42072,3.42069,3.42071,20.1696,2141.35,2123.76,59.0652,6279.32,6229.59,0.291503,0.291503,0.291503,0.291503,0.291503,0.291503
3.42448,3.42445,3.42447,20.1964,2145.23,2127.62,59.2336,6297.31,6247.44,0.291627,0.291627,0.291627,0.291627,0.291627,0.291627
3.42824,3.42822,3.42824,20.2315,2149.05,2131.41,59.4024,6315.34,6265.33,0.291752,0.291752,0.291752,0.291752,0.291752,0.291752
3.43201,3.43199,3.43201,20.2665,2152.88,2135.2,59.5716,6333.42,6283.26,0.291877,0.291877,0.291877,0.291877,0.291877,0.291877
3.43578,3.43576,3.43578,20.3014,2156.69,2138.99,59.7411,6351.53,6301.23,0.292002,0.292002,0.292002,0.292002,0.292002,0.292002
3.43956,3.43954,3.43956,20.3339,2160.65,2142.92,59.9111,6369.69,6319.24,0.292127,0.292127,0.292127,0.292127,0.292127,0.292127
3.44334,3.44332,3.44334,20.3655,2164.49,2146.72,60.0814,6387.89,6337.29,0.292252,0.292252,0.292252,0.292252,0.292252,0.292252
3.44712,3.4471,3.44712,20.3947,2168.35,2150.56,60.2521,6406.13,6355.39,0.292377,0.292377,0.292377,0.292377,0.292377,0.292377
3.45091,3.45089,3.45091,20.4271,2172.21,2154.39,60.4231,6424.42,6373.53,0.292502,0.292502,0.292502,0.292502,0.292502,0.292502
3.4547,3.45468,3.4547,20.4682,2176.12,2158.27,60.5946,6442.74,6391.7,0.292627,0.292627,0.292627,0.292627,0.292627,0.292627
3.4585,3.45847,3.45849,20.5068,2180.06,2162.17,60.7665,6461.11,6409.92,0.292752,0.292752,0.292752,0.292752,0.292752,0.292752
3.4623,3.46227,3.46229,20.5474,2184,2166.07,60.9387,6479.52,6428.19,0.292877,0.292877,0.292877,0.292877,0.292877,0.292877
3.4661,3.46607,3.46609,20.578,2187.9,2169.95,61.1114,6497.98,6446.49,0.293002,0.293002,0.293002,0.293002,0.293002,0.293002
3.4699,3.46988,3.4699,20.618,2191.77,2173.79,61.2845,6516.47,6464.84,0.293127,0.293127,0.293127,0.293127,0.293127,0.293127
3.47371,3.47369,3.47371,20.6519,2195.71,2177.69,61.4579,6535.01,6483.23,0.293252,0.293252,0.293252,0.293252,0.293252,0.293252
3.47753,3.4775,3.47752,20.695,2199.64,2181.59,61.6318,6553.59,6501.66,0.293377,0.293377,0.293377,0.293377,0.293377,0.293377
3.48134,3.48132,3.48134,20.7326,2203.67,2185.58,61.8061,6572.22,6520.13,0.293502,0.293502,0.293502,0.293502,0.293502,0.293502
3.48516,3.48514,3.48516,20.772,2207.65,2189.52,61.9808,6590.88,6538.65,0.293627,0.293627,0.293627,0.293627,0.293627,0.293627
3.48899,3.48896,3.48898,20.808,2211.64,2193.48,62.1558,6609.59,6557.21,0.293752,0.293752,0.293752,0.293752,0.293752,0.293752
3.49282,3.49279,3.49281,20.8552,2215.54,2197.34,62.3314,6628.35,6575.81,0.293877,0.293877,0.293877,0.293877,0.293877,0.293877
3.49665,3.49662,3.49664,20.8934,2219.5,2201.26,62.5073,6647.14,6594.46,0.294002,0.294002,0.294002,0.294002,0.294002,0.294002
3.50048,3.50046,3.50048,20.9321,2223.5,2205.23,62.6836,6665.98,6613.14,0.294127,0.294127,0.294127,0.294127,0.294127,0.294127
3.50432,3.5043,3.50431,20.964,2227.48,2209.18,62.8604,6684.86,6631.87,0.294252,0.294252,0.294252,0.294252,0.294252,0.294252
3.50816,3.50814,3.50816,21.0057,2231.48,2213.15,63.0375,6703.79,6650.65,0.294377,0.294377,0.294377,0.294377,0.294377,0.294377
3.51201,3.51198,3.512,21.0476,2235.57,2217.2,63.2151,6722.76,6669.46,0.294502,0.294502,0.294502,0.294502,0.294502,0.294502
3.51586,3.51583,3.51585,21.0935,2239.61,2221.19,63.3931,6741.77,6688.32,0.294627,0.294627,0.294627,0.294627,0.294627,0.294627
3.51971,3.51969,3.51971,21.1239,2243.67,2225.23,63.5715,6760.83,6707.23,0.294752,0.294752,0.294752,0.294752,0.294752,0.294752
3.52357,3.52354,3.52356,21.1679,2247.7,2229.22,63.7503,6779.93,6726.17,0.294877,0.294877,0.294877,0.294877,0.294877,0.294877
3.52743,3.5274,3.52742,21.2087,2251.82,2233.31,63.9295,6799.08,6745.16,0.295002,0.295002,0.295002,0.295002,0.295002,0.295002
3.53129,3.53127,3.53129,21.253,2255.82,2237.26,64.1092,6818.27,6764.2,0.295127,0.295127,0.295127,0.295127,0.295127,0.295127
3.53516,3.53514,3.53516,21.2877,2259.85,2241.27,64.2893,6837.5,6783.27,0.295252,0.295252,0.295252,0.295252,0.295252,0.295252
3.53903,3.53901,3.53903,21.3252,2263.79,2245.16,64.4698,6856.78,6802.4,0.295377,0.295377,0.295377,0.295377,0.295377,0.295377
3.54291,3.54288,3.5429,21.3609,2267.73,2249.08,64.6507,6876.1,6821.56,0.295502,0.295502,0.295502,0.295502,0.295502,0.295502
3.54679,3.54676,3.54678,21.3988,2271.71,2253.02,64.832,6895.46,6840.77,0.295627,0.295627,0.295627,0.295627,0.295627,0.295627
3.55067,3.55065,3.55066,21.4342,2275.74,2257.02,65.0137,6914.87,6860.02,0.295752,0.295752,0.295752,0.295752,0.295752,0.295752
3.55456,3.55453,3.55455,21.4678,2279.76,2261.01,65.1958,6934.32,6879.31,0.295877,0.295877,0.295877,0.295877,0.295877,0.295877
3.55845,3.55842,3.55844,21.5039,2283.84,2265.06,65.3784,6953.81,6898.65,0.296002,0.296002,0.296002,0.296002,0.296002,0.296002
3.56234,3.56232,3.56234,21.5464,2287.95,2269.13,65.5613,6973.36,6918.04,0.296127,0.296127,0.296127,0.296127,0.296127,0.296127
3.56624,3.56621,3.56623,21.5923,2292.02,2273.15,65.7447,6992.94,6937.46,0.296252,0.296252,0.296252,0.296252,0.296252,0.296252
3.57014,3.57012,3.57013,21.627,2296.12,2277.22,65.9285,7012.57,6956.94,0.296377,0.296377,0.296377,0.296377,0.296377,0.296377
3.57405,3.57402,3.57404,21.6663,2300.23,2281.3,66.1127,7032.25,6976.45,0.296502,0.296502,0.296502,0.296502,0.296502,0.296502
3.57796,3.57793,3.57795,21.7132,2304.29,2285.32,66.2974,7051.97,6996.01,0.296627,0.296627,0.296627,0.296627,0.296627,0.296627
3.58187,3.58184,3.58186,21.7488,2308.43,2289.43,66.4825,7071.73,7015.62,0.296752,0.296752,0.296752,0.296752,0.296752,0.296752
3.58578,3.58576,3.58578,21.7885,2312.51,2293.47,66.668,7091.54,7035.27,0.296877,0.296877,0.296877,0.296877,0.296877,0.296877
3.5897,3.58968,3.5897,21.8259,2316.54,2297.47,66.8539,7111.4,7054.96,0.297002,0.297002,0.297002,0.297002,0.297002,0.297002
3.59363,3.5936,3.59362,21.8745,2320.63,2301.51,67.0403,7131.29,7074.7,0.297127,0.297127,0.297127,0.297127,0.297127,0.297127
3.59756,3.59753,3.59755,21.9178,2324.73,2305.57,67.2271,7151.24,7094.48,0.297252,0.297252,0.297252,0.297252,0.297252,0.297252
3.60149,3.60146,3.60148,21.9621,2328.83,2309.63,67.4144,7171.23,7114.31,0.297377,0.297377,0.297377,0.297377,0.297377,0.297377
3.60542,3.60539,3.60541,22.0026,2332.97,2313.74,67.6021,7191.26,7134.18,0.297502,0.297502,0.297502,0.297502,0.297502,0.297502
3.60936,3.60933,3.60935,22.0381,2337.22,2317.95,67.7902,7211.34,7154.1,0.297627,0.297627,0.297627,0.297627,0.297627,0.297627
3.6133,3.61328,3.61329,22.0876,2341.37,2322.06,67.9788,7231.47,7174.06,0.297752,0.297752,0.297752,0.297752,0.297752,0.297752
3.61725,3.61722,3.61724,22.1299,2345.59,2326.24,68.1678,7251.64,7194.07,0.297877,0.297877,0.297877,0.297877,0.297877,0.297877
3.6212,3.62117,3.62119,22.1608,2349.74,2330.36,68.3573,7271.86,7214.12,0.298002,0.298002,0.298002,0.298002,0.298002,0.298002
3.62515,3.62512,3.62514,22.1995,2353.85,2334.43,68.5471,7292.12,7234.22,0.298127,0.298127,0.298127,0.298127,0.298127,0.298127
3.62911,3.62908,3.6291,22.2341,2358.11,2338.67,68.7374,7312.43,7254.37,0.298252,0.298252,0.298252,0.298252,0.298252,0.298252
3.63307,3.63304,3.63306,22.268,2362.33,2342.86,68.9281,7332.79,7274.56,0.298377,0.298377,0.298377,0.298377,0.298377,0.298377
3.63704,3.63701,3.63703,22.3099,2366.64,2347.13,69.1192,7353.19,7294.8,0.298502,0.298502,0.298502,0.298502,0.298502,0.298502
3.641,3.64097,3.64099,22.362,2370.85,2351.29,69.3108,7373.64,7315.08,0.298627,0.298627,0.298627,0.298627,0.298627,0.298627
3.64498,3.64495,3.64497,22.4043,2375.04,2355.45,69.5028,7394.13,7335.41,0.298752,0.298752,0.298752,0.298752,0.298752,0.298752
3.64895,3.64892,3.64894,22.4446,2379.23,2359.6,69.6953,7414.67,7355.78,0.298877,0.298877,0.298877,0.298877,0.298877,0.298877
3.65293,3.6529,3.65292,22.488,2383.44,2363.77,69.8882,7435.26,7376.2,0.299002,0.299002,0.299002,0.299002,0.299002,0.299002
3.65691,3.65689,3.6569,22.5267,2387.65,2367.94,70.0816,7455.89,7396.67,0.299127,0.299127,0.299127,0.299127,0.299127,0.299127
3.6609,3.66087,3.66089,22.5739,2391.97,2372.22,70.2754,7476.57,7417.18,0.299252,0.299252,0.299252,0.299252,0.299252,0.299252
3.66489,3.66486,3.66488,22.6015,2396.28,2376.5,70.4697,7497.3,7437.74,0.299377,0.299377,0.299377,0.299377,0.299377,0.299377
3.66889,3.66886,3.66888,22.6527,2400.53,2380.71,70.6643,7518.07,7458.34,0.299502,0.299502,0.299502,0.299502,0.299502,0.299502
3.67288,3.67286,3.67287,22.696,2404.75,2384.89,70.8595,7538.89,7479,0.299627,0.299627,0.299627,0.299627,0.299627,0.299627
3.67689,3.67686,3.67688,22.7429,2408.97,2389.07,71.0551,7559.76,7499.69,0.299752,0.299752,0.299752,0.299752,0.299752,0.299752
3.68089,3.68086,3.68088,22.7946,2413.2,2393.25,71.2512,7580.67,7520.44,0.299877,0.299877,0.299877,0.299877,0.299877,0.299877
3.6849,3.68487,3.68489,22.8315,2417.49,2397.51,71.4477,7601.64,7541.23,0.300002,0.300002,0.300002,0.300002,0.300002,0.300002
3.68892,3.68889,3.6889,22.87,2421.75,2401.73,71.6447,7622.64,7562.07,0.300127,0.300127,0.300127,0.300127,0.300127,0.300127
3.69293,3.6929,3.69292,22.9183,2426.05,2405.99,71.8421,7643.7,7582.95,0.300252,0.300252,0.300252,0.300252,0.300252,0.300252
3.69695,3.69692,3.69694,22.9624,2430.29,2410.19,72.04,7664.8,7603.89,0.300377,0.300377,0.300377,0.300377,0.300377,0.300377
3.70098,3.70095,3.70097,23.0061,2434.55,2414.4,72.2383,7685.95,7624.86,0.300502,0.300502,0.300502,0.300502,0.300502,0.300502
3.70501,3.70498,3.705,23.0453,2438.8,2418.62,72.4371,7707.15,7645.89,0.300627,0.300627,0.300627,0.300627,0.300627,0.300627
3.70904,3.70901,3.70903,23.0772,2443.15,2422.94,72.6364,7728.4,7666.96,0.300752,0.300752,0.300752,0.300752,0.300752,0.300752
3.71307,3.71304,3.71306,23.124,2447.5,2427.25,72.836,7749.69,7688.08,0.300877,0.300877,0.300877,0.300877,0.300877,0.300877
3.71711,3.71708,3.7171,23.1638,2451.7,2431.42,73.0362,7771.03,7709.25,0.301002,0.301002,0.301002,0.301002,0.301002,0.301002
3.72116,3.72113,3.72114,23.2033,2455.91,2435.59,73.2368,7792.42,7730.47,0.301127,0.301127,0.301127,0.301127,0.301127,0.301127
3.7252,3.72517,3.72519,23.25,2460.29,2439.93,73.4378,7813.85,7751.73,0.301252,0.301252,0.301252,0.301252,0.301252,0.301252
3.72925,3.72922,3.72924,23.2921,2464.65,2444.25,73.6393,7835.34,7773.04,0.301377,0.301377,0.301377,0.301377,0.301377,0.301377
3.73331,3.73328,3.7333,23.3299,2468.92,2448.48,73.8413,7856.87,7794.39,0.301502,0.301502,0.301502,0.301502,0.301502,0.301502
3.73737,3.73734,3.73735,23.371,2473.15,2452.68,74.0437,7878.45,7815.8,0.301627,0.301627,0.301627,0.301627,0.301627,0.301627
3.74143,3.7414,3.74142,23.4202,2477.56,2457.05,74.2465,7900.08,7837.25,0.301752,0.301752,0.301752,0.301752,0.301752,0.301752
3.7455,3.74547,3.74548,23.4527,2481.92,2461.38,74.4499,7921.75,7858.75,0.301877,0.301877,0.301877,0.301877,0.301877,0.301877
3.74957,3.74954,3.74955,23.4839,2486.22,2465.64,74.6536,7943.48,7880.3,0.302002,0.302002,0.302002,0.302002,0.302002,0.302002
3.75364,3.75361,3.75363,23.5234,2490.64,2470.03,74.8578,7965.25,7901.9,0.302127,0.302127,0.302127,0.302127,0.302127,0.302127
3.75772,3.75769,3.7577,23.5728,2495.15,2474.49,75.0624,7987.07,7923.54,0.302252,0.302252,0.302252,0.302252,0.302252,0.302252
3.7618,3.76177,3.76178,23.6234,2499.54,2478.84,75.2675,8008.94,7945.24,0.302377,0.302377,0.302377,0.302377,0.302377,0.302377
3.76588,3.76585,3.76587,23.6643,2503.93,2483.19,75.4732,8030.86,7966.98,0.302502,0.302502,0.302502,0.302502,0.302502,0.302502
3.76997,3.76994,3.76996,23.7121,2508.27,2487.49,75.6792,8052.83,7988.77,0.302627,0.302627,0.302627,0.302627,0.302627,0.302627
3.77406,3.77403,3.77405,23.7596,2512.78,2491.95,75.8858,8074.85,8010.61,0.302752,0.302752,0.302752,0.302752,0.302752,0.302752
3.77816,3.77813,3.77815,23.8069,2517.26,2496.4,76.0928,8096.92,8032.49,0.302877,0.302877,0.302877,0.302877,0.302877,0.302877
3.78226,3.78223,3.78224,23.8538,2521.73,2500.83,76.3004,8119.03,8054.43,0.303002,0.303002,0.303002,0.303002,0.303002,0.303002
3.78636,3.78633,3.78635,23.8898,2526.17,2505.23,76.5084,8141.2,8076.42,0.303127,0.303127,0.303127,0.303127,0.303127,0.303127
3.79047,3.79044,3.79046,23.928,2530.51,2509.53,76.7168,8163.41,8098.45,0.303252,0.303252,0.303252,0.303252,0.303252,0.303252
3.79458,3.79455,3.79457,23.9615,2534.92,2513.91,76.9257,8185.68,8120.53,0.303377,0.303377,0.303377,0.303377,0.303377,0.303377
3.7987,3.79866,3.79868,23.9958,2539.31,2518.28,77.135,8207.99,8142.67,0.303502,0.303502,0.303502,0.303502,0.303502,0.303502
3.80282,3.80278,3.8028,24.0417,2543.72,2522.65,77.3448,8230.36,8164.85,0.303627,0.303627,0.303627,0.303627,0.303627,0.303627
3.80694,3.80691,3.80692,24.0774,2548.07,2526.96,77.555,8252.77,8187.08,0.303752,0.303752,0.303752,0.303752,0.303752,0.303752
3.81107,3.81103,3.81105,24.1186,2552.49,2531.34,77.7657,8275.23,8209.36,0.303877,0.303877,0.303877,0.303877,0.303877,0.303877
3.8152,3.81516,3.81518,24.163,2557.01,2535.82,77.9769,8297.74,8231.69,0.304002,0.304002,0.304002,0.304002,0.304002,0.304002
3.81933,3.8193,3.81932,24.2174,2561.43,2540.19,78.1885,8320.3,8254.06,0.304127,0.304127,0.304127,0.304127,0.304127,0.304127
3.82347,3.82344,3.82345,24.2582,2565.82,2544.55,78.4007,8342.91,8276.49,0.304252,0.304252,0.304252,0.304252,0.304252,0.304252
3.82761,3.82758,3.8276,24.2989,2570.22,2548.91,78.6133,8365.58,8298.97,0.304377,0.304377,0.304377,0.304377,0.304377,0.304377
3.83176,3.83172,3.83174,24.3335,2574.62,2553.28,78.8264,8388.29,8321.5,0.304502,0.304502,0.304502,0.304502,0.304502,0.304502
3.83591,3.83587,3.83589,24.3758,2579.07,2557.69,79.0399,8411.05,8344.07,0.304627,0.304627,0.304627,0.304627,0.304627,0.304627
3.84006,3.84003,3.84004,24.4168,2583.53,2562.11,79.2539,8433.86,8366.7,0.304752,0.304752,0.304752,0.304752,0.304752,0.304752
3.84422,3.84418,3.8442,24.4658,2588.03,2566.57,79.4684,8456.72,8389.37,0.304877,0.304877,0.304877,0.304877,0.304877,0.304877
3.84838,3.84834,3.84836,24.5123,2592.48,2570.98,79.6834,8479.63,8412.1,0.305002,0.305002,0.305002,0.305002,0.305002,0.305002
3.85254,3.85251,3.85252,24.5588,2597.1,2575.56,79.8989,8502.59,8434.88,0.305127,0.305127,0.305127,0.305127,0.305127,0.305127
3.85671,3.85668,3.85669,24.6009,2601.61,2580.03,80.1148,8525.61,8457.7,0.305252,0.305252,0.305252,0.305252,0.305252,0.305252
3.86088,3.86085,3.86086,24.6465,2606.15,2584.53,80.3312,8548.67,8480.58,0.305376,0.305376,0.305376,0.305376,0.305376,0.305376
3.86506,3.86503,3.86504,24.7004,2610.71,2589.04,80.5482,8571.79,8503.51,0.305501,0.305501,0.305501,0.305501,0.305501,0.305501
3.86924,3.86921,3.86922,24.7463,2615.22,2593.5,80.7656,8594.95,8526.48,0.305626,0.305626,0.305626,0.305626,0.305626,0.305626
3.87342,3.87339,3.8734,24.7936,2619.82,2598.06,80.9836,8618.17,8549.51,0.305751,0.305751,0.305751,0.305751,0.305751,0.305751
3.87761,3.87758,3.87759,24.8328,2624.48,2602.69,81.202,8641.44,8572.59,0.305876,0.305876,0.305876,0.305876,0.305876,0.305876
3.8818,3.88177,3.88178,24.8732,2628.98,2607.15,81.4209,8664.76,8595.72,0.306001,0.306001,0.306001,0.306001,0.306001,0.306001
3.886,3.88596,3.88598,24.9079,2633.6,2611.74,81.6403,8688.13,8618.9,0.306126,0.306126,0.306126,0.306126,0.306126,0.306126
3.89019,3.89016,3.89018,24.9522,2638.16,2616.26,81.8601,8711.55,8642.13,0.306251,0.306251,0.306251,0.306251,0.306251,0.306251
3.8944,3.89437,3.89438,24.9967,2642.8,2620.86,82.0804,8735.03,8665.42,0.306376,0.306376,0.306376,0.306376,0.306376,0.306376
3.8986,3.89857,3.89859,25.0405,2647.29,2625.31,82.3012,8758.55,8688.75,0.306501,0.306501,0.306501,0.306501,0.306501,0.306501
3.90281,3.90278,3.9028,25.0887,2651.92,2629.89,82.5225,8782.13,8712.14,0.306626,0.306626,0.306626,0.306626,0.306626,0.306626
3.90703,3.907,3.90701,25.1373,2656.55,2634.48,82.7443,8805.76,8735.58,0.306751,0.306751,0.306751,0.306751,0.306751,0.306751
3.91125,3.91121,3.91123,25.1871,2661.21,2639.1,82.9666,8829.44,8759.07,0.306876,0.306876,0.306876,0.306876,0.306876,0.306876
3.91547,3.91544,3.91545,25.2317,2665.75,2643.6,83.1895,8853.18,8782.61,0.307001,0.307001,0.307001,0.307001,0.307001,0.307001
3.91969,3.91966,3.91968,25.2832,2670.42,2648.22,83.4128,8876.96,8806.2,0.307126,0.307126,0.307126,0.307126,0.307126,0.307126
3.92392,3.92389,3.92391,25.3247,2675.03,2652.79,83.6366,8900.8,8829.84,0.307251,0.307251,0.307251,0.307251,0.307251,0.307251
3.92816,3.92813,3.92814,25.3668,2679.58,2657.3,83.861,8924.69,8853.54,0.307376,0.307376,0.307376,0.307376,0.307376,0.307376
3.93239,3.93236,3.93238,25.4085,2684.16,2661.84,84.0858,8948.63,8877.29,0.307501,0.307501,0.307501,0.307501,0.307501,0.307501
3.93664,3.9366,3.93662,25.4468,2688.79,2666.44,84.311,8972.62,8901.09,0.307626,0.307626,0.307626,0.307626,0.307626,0.307626
3.94088,3.94085,3.94086,25.4949,2693.5,2671.11,84.5368,8996.67,8924.94,0.307751,0.307751,0.307751,0.307751,0.307751,0.307751
3.94513,3.9451,3.94511,25.5269,2698.07,2675.65,84.7631,9020.77,8948.84,0.307876,0.307876,0.307876,0.307876,0.307876,0.307876
3.94938,3.94935,3.94936,25.5784,2702.8,2680.33,84.9898,9044.92,8972.8,0.308001,0.308001,0.308001,0.308001,0.308001,0.308001
3.95364,3.95361,3.95362,25.6447,2707.41,2684.88,85.2171,9069.13,8996.8,0.308126,0.308126,0.308126,0.308126,0.308126,0.308126
3.9579,3.95787,3.95788,25.6896,2712.1,2689.53,85.4449,9093.39,9020.86,0.308251,0.308251,0.308251,0.308251,0.308251,0.308251
3.96217,3.96213,3.96214,25.7377,2716.76,2694.15,85.6733,9117.7,9044.98,0.308376,0.308376,0.308376,0.308376,0.308376,0.308376
3.96643,3.9664,3.96641,25.7834,2721.41,2698.76,85.9022,9142.06,9069.14,0.308501,0.308501,0.308501,0.308501,0.308501,0.308501
3.97071,3.97067,3.97068,25.832,2726.06,2703.36,86.1315,9166.48,9093.36,0.308626,0.308626,0.308626,0.308626,0.308626,0.308626
3.97498,3.97495,3.97496,25.8813,2730.86,2708.11,86.3614,9190.95,9117.63,0.308751,0.308751,0.308751,0.308751,0.308751,0.308751
3.97926,3.97923,3.97924,25.9197,2735.52,2712.74,86.5918,9215.47,9141.95,0.308876,0.308876,0.308876,0.308876,0.308876,0.308876
3.98354,3.98351,3.98352,25.9586,2740.24,2717.43,86.8227,9240.05,9166.33,0.309001,0.309001,0.309001,0.309001,0.309001,0.309001
3.98783,3.9878,3.98781,26.0056,2744.95,2722.1,87.0541,9264.68,9190.76,0.309126,0.309126,0.309126,0.309126,0.309126,0.309126
3.99212,3.99209,3.9921,26.0551,2749.81,2726.91,87.2859,9289.36,9215.24,0.309251,0.309251,0.309251,0.309251,0.309251,0.309251
3.99642,3.99638,3.9964,26.1101,2754.55,2731.6,87.5184,9314.1,9239.78,0.309376,0.309376,0.309376,0.309376,0.309376,0.309376
4.00072,4.00068,4.0007,26.1527,2759.31,2736.32,87.7513,9338.89,9264.37,0.309501,0.309501,0.309501,0.309501,0.309501,0.309501
4.00502,4.00498,4.005,26.2018,2764,2740.97,87.9848,9363.74,9289.01,0.309626,0.309626,0.309626,0.309626,0.309626,0.309626
4.00933,4.00929,4.00931,26.2464,2768.69,2745.61,88.2188,9388.64,9313.71,0.309751,0.309751,0.309751,0.309751,0.309751,0.309751
4.01364,4.0136,4.01362,26.286,2773.4,2750.29,88.4532,9413.59,9338.46,0.309876,0.309876,0.309876,0.309876,0.309876,0.309876
4.01795,4.01792,4.01793,26.3302,2778.2,2755.05,88.6882,9438.6,9363.26,0.310001,0.310001,0.310001,0.310001,0.310001,0.310001
4.02227,4.02223,4.02225,26.3707,2782.87,2759.68,88.9237,9463.66,9388.12,0.310126,0.310126,0.310126,0.310126,0.310126,0.310126
4.02659,4.02656,4.02657,26.4144,2787.63,2764.4,89.1597,9488.78,9413.03,0.310251,0.310251,0.310251,0.310251,0.310251,0.310251
4.03092,4.03088,4.0309,26.4639,2792.35,2769.08,89.3961,9513.95,9438,0.310376,0.310376,0.310376,0.310376,0.310376,0.310376
4.03525,4.03521,4.03522,26.5159,2797.05,2773.73,89.6332,9539.17,9463.02,0.310501,0.310501,0.310501,0.310501,0.310501,0.310501
4.03958,4.03954,4.03956,26.5664,2801.82,2778.45,89.8707,9564.45,9488.09,0.310626,0.310626,0.310626,0.310626,0.310626,0.310626
4.04392,4.04388,4.0439,26.6204,2806.65,2783.24,90.1089,9589.79,9513.22,0.310751,0.310751,0.310751,0.310751,0.310751,0.310751
4.04826,4.04822,4.04824,26.6617,2811.48,2788.03,90.3475,9615.17,9538.4,0.310876,0.310876,0.310876,0.310876,0.310876,0.310876
4.0526,4.05257,4.05258,26.7087,2816.38,2792.88,90.5866,9640.62,9563.63,0.311001,0.311001,0.311001,0.311001,0.311001,0.311001
4.05695,4.05692,4.05693,26.7481,2821.27,2797.74,90.8263,9666.12,9588.93,0.311126,0.311126,0.311126,0.311126,0.311126,0.311126
4.06131,4.06127,4.06128,26.8115,2826.19,2802.6,91.0665,9691.67,9614.27,0.311251,0.311251,0.311251,0.311251,0.311251,0.311251
4.06566,4.06563,4.06564,26.8676,2831.01,2807.38,91.3073,9717.28,9639.67,0.311376,0.311376,0.311376,0.311376,0.311376,0.311376
4.07002,4.06999,4.07,26.9153,2835.82,2812.14,91.5486,9742.95,9665.13,0.311501,0.311501,0.311501,0.311501,0.311501,0.311501
4.07439,4.07435,4.07437,26.9653,2840.74,2817.01,91.7905,9768.67,9690.64,0.311626,0.311626,0.311626,0.311626,0.311626,0.311626
4.07876,4.07872,4.07874,27.0149,2845.57,2821.8,92.0329,9794.45,9716.21,0.311751,0.311751,0.311751,0.311751,0.311751,0.311751
4.08313,4.08309,4.08311,27.0643,2850.39,2826.57,92.2758,9820.28,9741.83,0.311876,0.311876,0.311876,0.311876,0.311876,0.311876
4.08751,4.08747,4.08748,27.1145,2855.21,2831.35,92.5193,9846.17,9767.5,0.312001,0.312001,0.312001,0.312001,0.312001,0.312001
4.09189,4.09185,4.09186,27.1605,2860.09,2836.18,92.7633,9872.11,9793.23,0.312126,0.312126,0.312126,0.312126,0.312126,0.312126
4.09627,4.09624,4.09625,27.2032,2864.96,2841.01,93.0079,9898.11,9819.02,0.312251,0.312251,0.312251,0.312251,0.312251,0.312251
4.10066,4.10062,4.10064,27.2479,2869.99,2846.01,93.2529,9924.17,9844.86,0.312376,0.312376,0.312376,0.312376,0.312376,0.312376
4.10505,4.10501,4.10503,27.2928,2874.89,2850.86,93.4985,9950.28,9870.76,0.312501,0.312501,0.312501,0.312501,0.312501,0.312501
4.10945,4.10941,4.10942,27.3384,2879.75,2855.69,93.7446,9976.45,9896.72,0.312626,0.312626,0.312626,0.312626,0.312626,0.312626
4.11385,4.11381,4.11382,27.3918,2884.62,2860.51,93.9912,10002.7,9922.73,0.312751,0.312751,0.312751,0.312751,0.312751,0.312751
4.11825,4.11822,4.11823,27.4383,2889.46,2865.3,94.2384,10029,9948.79,0.312876,0.312876,0.312876,0.312876,0.312876,0.312876
4.12266,4.12262,4.12263,27.4839,2894.51,2870.31,94.4862,10055.3,9974.92,0.313001,0.313001,0.313001,0.313001,0.313001,0.313001
4.12707,4.12703,4.12705,27.5183,2899.43,2875.21,94.7344,10081.7,10001.1,0.313126,0.313126,0.313126,0.313126,0.313126,0.313126
4.13149,4.13145,4.13146,27.5709,2904.33,2880.05,94.9831,10108.1,10027.3,0.313251,0.313251,0.313251,0.313251,0.313251,0.313251
4.13591,4.13587,4.13588,27.6216,2909.32,2885,95.2325,10134.6,10053.6,0.313376,0.313376,0.313376,0.313376,0.313376,0.313376
4.14033,4.14029,4.1403,27.6695,2914.32,2889.95,95.4823,10161.2,10080,0.313501,0.313501,0.313501,0.313501,0.313501,0.313501
4.14476,4.14472,4.14473,27.7153,2919.29,2894.88,95.7327,10187.8,10106.4,0.313626,0.313626,0.313626,0.313626,0.313626,0.313626
4.14919,4.14915,4.14916,27.7729,2924.26,2899.8,95.9837,10214.5,10132.8,0.313751,0.313751,0.313751,0.313751,0.313751,0.313751
4.15362,4.15359,4.1536,27.8232,2929.28,2904.77,96.2352,10241.2,10159.3,0.313876,0.313876,0.313876,0.313876,0.313876,0.313876
4.15806,4.15802,4.15804,27.8707,2934.2,2909.65,96.4872,10268,10185.9,0.314001,0.314001,0.314001,0.314001,0.314001,0.314001
4.1625,4.16247,4.16248,27.9137,2939.29,2914.71,96.7398,10294.9,10212.6,0.314126,0.314126,0.314126,0.314126,0.314126,0.314126
4.16695,4.16691,4.16693,27.955,2944.35,2919.73,96.993,10321.8,10239.2,0.314251,0.314251,0.314251,0.314251,0.314251,0.314251
4.1714,4.17136,4.17138,27.9846,2949.27,2924.62,97.2466,10348.8,10266,0.314376,0.314376,0.314376,0.314376,0.314376,0.314376
4.17586,4.17582,4.17583,28.0335,2954.3,2929.6,97.5007,10375.8,10292.8,0.314501,0.314501,0.314501,0.314501,0.314501,0.314501
4.18031,4.18028,4.18029,28.0867,2959.32,2934.58,97.7554,10402.9,10319.7,0.314626,0.314626,0.314626,0.314626,0.314626,0.314626
4.18478,4.18474,4.18475,28.146,2964.39,2939.59,98.0107,10430,10346.6,0.314751,0.314751,0.314751,0.314751,0.314751,0.314751
4.18924,4.18921,4.18922,28.1945,2969.38,2944.54,98.2665,10457.2,10373.5,0.314876,0.314876,0.314876,0.314876,0.314876,0.314876
4.19371,4.19368,4.19369,28.2342,2974.3,2949.42,98.5229,10484.5,10400.6,0.315001,0.315001,0.315001,0.315001,0.315001,0.315001
4.19819,4.19815,4.19816,28.2752,2979.23,2954.31,98.7798,10511.8,10427.7,0.315126,0.315126,0.315126,0.315126,0.315126,0.315126
4.20267,4.20263,4.20264,28.3276,2984.3,2959.34,99.0373,10539.1,10454.8,0.315251,0.315251,0.315251,0.315251,0.315251,0.315251
4.20715,4.20711,4.20712,28.3776,2989.35,2964.34,99.2953,10566.6,10482,0.315376,0.315376,0.315376,0.315376,0.315376,0.315376
4.21164,4.2116,4.21161,28.418,2994.36,2969.32,99.5538,10594.1,10509.3,0.315501,0.315501,0.315501,0.315501,0.315501,0.315501
4.21613,4.21609,4.2161,28.4652,2999.42,2974.34,99.8129,10621.6,10536.6,0.315626,0.315626,0.315626,0.315626,0.315626,0.315626
4.22062,4.22058,4.22059,28.5233,3004.44,2979.3,100.073,10649.2,10564,0.315751,0.315751,0.315751,0.315751,0.315751,0.315751
4.22512,4.22508,4.22509,28.568,3009.54,2984.36,100.333,10676.9,10591.4,0.315876,0.315876,0.315876,0.315876,0.315876,0.315876
4.22962,4.22958,4.22959,28.6167,3014.6,2989.38,100.594,10704.6,10618.9,0.316001,0.316001,0.316001,0.316001,0.316001,0.316001
4.23413,4.23409,4.2341,28.6675,3019.77,2994.5,100.855,10732.4,10646.5,0.316126,0.316126,0.316126,0.316126,0.316126,0.316126
4.23864,4.2386,4.23861,28.7116,3024.84,2999.53,101.117,10760.2,10674.1,0.316251,0.316251,0.316251,0.316251,0.316251,0.316251
4.24315,4.24311,4.24312,28.7668,3029.93,3004.57,101.379,10788.1,10701.8,0.316376,0.316376,0.316376,0.316376,0.316376,0.316376
4.24767,4.24763,4.24764,28.8188,3035.08,3009.67,101.642,10816.1,10729.5,0.316501,0.316501,0.316501,0.316501,0.316501,0.316501
4.25219,4.25215,4.25216,28.8723,3040.2,3014.74,101.906,10844.1,10757.3,0.316626,0.316626,0.316626,0.316626,0.316626,0.316626
4.25671,4.25668,4.25669,28.9303,3045.32,3019.81,102.17,10872.2,10785.1,0.316751,0.316751,0.316751,0.316751,0.316751,0.316751
4.26124,4.26121,4.26122,28.9735,3050.51,3024.95,102.435,10900.3,10813,0.316876,0.316876,0.316876,0.316876,0.316876,0.316876
4.26578,4.26574,4.26575,29.015,3055.62,3030.03,102.7,10928.5,10841,0.317001,0.317001,0.317001,0.317001,0.317001,0.317001
4.27032,4.27028,4.27029,29.0699,3060.8,3035.16,102.966,10956.8,10869,0.317126,0.317126,0.317126,0.317126,0.317126,0.317126
4.27486,4.27482,4.27483,29.1144,3065.92,3040.24,103.233,10985.1,10897.1,0.317251,0.317251,0.317251,0.317251,0.317251,0.317251
4.2794,4.27937,4.27938,29.1622,3071.09,3045.37,103.5,11013.5,10925.3,0.317376,0.317376,0.317376,0.317376,0.317376,0.317376
4.28395,4.28391,4.28393,29.203,3076.3,3050.54,103.767,11041.9,10953.5,0.317501,0.317501,0.317501,0.317501,0.317501,0.317501
4.28851,4.28847,4.28848,29.2469,3081.45,3055.66,104.035,11070.4,10981.7,0.317626,0.317626,0.317626,0.317626,0.317626,0.317626
4.29306,4.29303,4.29304,29.2915,3086.64,3060.8,104.304,11099,11010,0.317751,0.317751,0.317751,0.317751,0.317751,0.317751
4.29763,4.29759,4.2976,29.3411,3091.71,3065.83,104.573,11127.6,11038.4,0.317876,0.317876,0.317876,0.317876,0.317876,0.317876
4.30219,4.30215,4.30217,29.4002,3096.95,3071.01,104.843,11156.3,11066.9,0.318001,0.318001,0.318001,0.318001,0.318001,0.318001
4.30676,4.30672,4.30674,29.4435,3101.97,3076,105.113,11185,11095.4,0.318126,0.318126,0.318126,0.318126,0.318126,0.318126
4.31133,4.3113,4.31131,29.4983,3107.16,3081.14,105.384,11213.8,11123.9,0.318251,0.318251,0.318251,0.318251,0.318251,0.318251
4.31591,4.31587,4.31589,29.5481,3112.3,3086.23,105.656,11242.6,11152.6,0.318376,0.318376,0.318376,0.318376,0.318376,0.318376
4.32049,4.32045,4.32047,29.6037,3117.58,3091.46,105.928,11271.6,11181.3,0.318501,0.318501,0.318501,0.318501,0.318501,0.318501
4.32508,4.32504,4.32505,29.663,3122.72,3096.55,106.201,11300.5,11210,0.318626,0.318626,0.318626,0.318626,0.318626,0.318626
4.32967,4.32963,4.32964,29.7257,3128.03,3101.8,106.474,11329.6,11238.8,0.318751,0.318751,0.318751,0.318751,0.318751,0.318751
4.33426,4.33422,4.33424,29.7678,3133.3,3107.03,106.748,11358.7,11267.7,0.318876,0.318876,0.318876,0.318876,0.318876,0.318876
4.33886,4.33882,4.33883,29.8237,3138.57,3112.25,107.022,11387.9,11296.6,0.319001,0.319001,0.319001,0.319001,0.319001,0.319001
4.34346,4.34342,4.34343,29.8733,3143.87,3117.51,107.298,11417.1,11325.6,0.319126,0.319126,0.319126,0.319126,0.319126,0.319126
4.34806,4.34803,4.34804,29.9401,3149.14,3122.71,107.573,11446.4,11354.6,0.31925,0.31925,0.31925,0.31925,0.31925,0.31925
4.35267,4.35263,4.35265,29.9927,3154.44,3127.96,107.85,11475.7,11383.7,0.319375,0.319375,0.319375,0.319375,0.319375,0.319375
4.35729,4.35725,4.35726,30.0428,3159.77,3133.24,108.127,11505.1,11412.9,0.3195,0.3195,0.3195,0.3195,0.3195,0.3195
4.3619,4.36187,4.36188,30.0912,3165.02,3138.45,108.404,11534.6,11442.1,0.319625,0.319625,0.319625,0.319625,0.319625,0.319625
4.36653,4.36649,4.3665,30.1431,3170.42,3143.81,108.682,11564.2,11471.4,0.31975,0.31975,0.31975,0.31975,0.31975,0.31975
4.37115,4.37111,4.37113,30.2105,3175.77,3149.09,108.961,11593.8,11500.8,0.319875,0.319875,0.319875,0.319875,0.319875,0.319875
4.37578,4.37574,4.37575,30.25,3180.96,3154.25,109.24,11623.4,11530.2,0.32,0.32,0.32,0.32,0.32,0.32
4.38041,4.38037,4.38039,30.288,3186.26,3159.51,109.52,11653.1,11559.7,0.320125,0.320125,0.320125,0.320125,0.320125,0.320125
4.38505,4.38501,4.38503,30.3431,3191.61,3164.81,109.801,11682.9,11589.2,0.32025,0.32025,0.32025,0.32025,0.32025,0.32025
4.38969,4.38965,4.38967,30.3965,3196.93,3170.09,110.082,11712.8,11618.8,0.320375,0.320375,0.320375,0.320375,0.320375,0.320375
4.39434,4.3943,4.39431,30.4535,3202.43,3175.53,110.363,11742.7,11648.5,0.3205,0.3205,0.3205,0.3205,0.3205,0.3205
4.39899,4.39895,4.39896,30.5029,3207.82,3180.88,110.646,11772.7,11678.2,0.320625,0.320625,0.320625,0.320625,0.320625,0.320625
4.40364,4.4036,4.40361,30.5671,3213.04,3186.04,110.929,11802.7,11708,0.32075,0.32075,0.32075,0.32075,0.32075,0.32075
4.4083,4.40826,4.40827,30.612,3218.42,3191.38,111.212,11832.8,11737.9,0.320875,0.320875,0.320875,0.320875,0.320875,0.320875
4.41296,4.41292,4.41293,30.6596,3223.85,3196.76,111.496,11863,11767.8,0.321,0.321,0.321,0.321,0.321,0.321
4.41762,4.41759,4.4176,30.7056,3229.22,3202.1,111.781,11893.2,11797.8,0.321125,0.321125,0.321125,0.321125,0.321125,0.321125
4.42229,4.42225,4.42227,30.7702,3234.7,3207.52,112.066,11923.5,11827.8,0.32125,0.32125,0.32125,0.32125,0.32125,0.32125
4.42697,4.42693,4.42694,30.8292,3239.95,3212.71,112.352,11953.8,11857.9,0.321375,0.321375,0.321375,0.321375,0.321375,0.321375
4.43164,4.43161,4.43162,30.8824,3245.39,3218.1,112.639,11984.2,11888.1,0.3215,0.3215,0.3215,0.3215,0.3215,0.3215
4.43632,4.43629,4.4363,30.9406,3250.83,3223.49,112.926,12014.7,11918.3,0.321625,0.321625,0.321625,0.321625,0.321625,0.321625
4.44101,4.44097,4.44099,30.996,3256.2,3228.81,113.213,12045.3,11948.6,0.32175,0.32175,0.32175,0.32175,0.32175,0.32175
4.4457,4.44566,4.44567,31.0441,3261.68,3234.25,113.502,12075.9,11979,0.321875,0.321875,0.321875,0.321875,0.321875,0.321875
4.45039,4.45036,4.45037,31.0904,3267.14,3239.66,113.791,12106.5,12009.4,0.322,0.322,0.322,0.322,0.322,0.322
4.45509,4.45505,4.45507,31.1542,3272.75,3245.21,114.08,12137.3,12039.9,0.322125,0.322125,0.322125,0.322125,0.322125,0.322125
4.45979,4.45975,4.45977,31.2205,3278.25,3250.65,114.371,12168.1,12070.4,0.32225,0.32225,0.32225,0.32225,0.32225,0.32225
4.4645,4.46446,4.46447,31.2806,3283.63,3255.97,114.662,12198.9,12101,0.322375,0.322375,0.322375,0.322375,0.322375,0.322375
4.46921,4.46917,4.46918,31.3156,3289.18,3261.49,114.953,12229.9,12131.7,0.3225,0.3225,0.3225,0.3225,0.3225,0.3225
4.47392,4.47388,4.4739,31.3697,3294.68,3266.95,115.245,12260.9,12162.4,0.322625,0.322625,0.322625,0.322625,0.322625,0.322625
4.47864,4.4786,4.47861,31.4215,3300.14,3272.36,115.538,12291.9,12193.2,0.32275,0.32275,0.32275,0.32275,0.32275,0.32275
4.48336,4.48332,4.48334,31.4816,3305.53,3277.69,115.831,12323,12224.1,0.322875,0.322875,0.322875,0.322875,0.322875,0.322875
4.48809,4.48805,4.48806,31.5204,3311.02,3283.15,116.125,12354.2,12255,0.323,0.323,0.323,0.323,0.323,0.323
4.49282,4.49278,4.49279,31.5781,3316.41,3288.48,116.42,12385.5,12286,0.323125,0.323125,0.323125,0.323125,0.323125,0.323125
4.49755,4.49751,4.49752,31.6346,3321.84,3293.86,116.715,12416.8,12317.1,0.32325,0.32325,0.32325,0.32325,0.32325,0.32325
4.50229,4.50225,4.50226,31.6945,3327.37,3299.34,117.011,12448.2,12348.2,0.323375,0.323375,0.323375,0.323375,0.323375,0.323375
4.50703,4.50699,4.507,31.7504,3332.89,3304.8,117.307,12479.6,12379.4,0.3235,0.3235,0.3235,0.3235,0.3235,0.3235
4.51178,4.51173,4.51175,31.8011,3338.49,3310.36,117.604,12511.1,12410.6,0.323625,0.323625,0.323625,0.323625,0.323625,0.323625
4.51653,4.51649,4.5165,31.8576,3343.94,3315.76,117.902,12542.7,12442,0.32375,0.32375,0.32375,0.32375,0.32375,0.32375
4.52128,4.52124,4.52125,31.917,3349.47,3321.23,118.2,12574.4,12473.3,0.323875,0.323875,0.323875,0.323875,0.323875,0.323875
4.52604,4.526,4.52601,31.9718,3355.01,3326.73,118.499,12606.1,12504.8,0.324,0.324,0.324,0.324,0.324,0.324
4.5308,4.53076,4.53077,32.0269,3360.53,3332.2,118.799,12637.8,12536.3,0.324125,0.324125,0.324125,0.324125,0.324125,0.324125
4.53557,4.53553,4.53554,32.081,3366.05,3337.66,119.099,12669.7,12567.9,0.32425,0.32425,0.32425,0.32425,0.32425,0.32425
4.54034,4.5403,4.54031,32.1288,3371.69,3343.26,119.4,12701.6,12599.5,0.324375,0.324375,0.324375,0.324375,0.324375,0.324375
4.54511,4.54507,4.54508,32.1881,3377.3,3348.81,119.701,12733.6,12631.2,0.3245,0.3245,0.3245,0.3245,0.3245,0.3245
4.54989,4.54985,4.54986,32.2482,3382.91,3354.37,120.004,12765.6,12663,0.324625,0.324625,0.324625,0.324625,0.324625,0.324625
4.55467,4.55463,4.55464,32.2985,3388.45,3359.87,120.306,12797.7,12694.9,0.32475,0.32475,0.32475,0.32475,0.32475,0.32475
4.55946,4.55942,4.55943,32.3551,3394.04,3365.4,120.61,12829.9,12726.8,0.324875,0.324875,0.324875,0.324875,0.324875,0.324875
4.56425,4.56421,4.56422,32.4131,3399.65,3370.96,120.914,12862.1,12758.7,0.325,0.325,0.325,0.325,0.325,0.325
4.56904,4.569,4.56902,32.4651,3405.12,3376.38,121.218,12894.4,12790.8,0.325125,0.325125,0.325125,0.325125,0.325125,0.325125
4.57384,4.5738,4.57381,32.5297,3410.75,3381.95,121.524,12926.8,12822.9,0.32525,0.32525,0.32525,0.32525,0.32525,0.32525
4.57865,4.57861,4.57862,32.5938,3416.38,3387.52,121.83,12959.2,12855.1,0.325375,0.325375,0.325375,0.325375,0.325375,0.325375
4.58345,4.58341,4.58342,32.638,3422.1,3393.2,122.136,12991.7,12887.3,0.3255,0.3255,0.3255,0.3255,0.3255,0.3255
4.58826,4.58822,4.58823,32.699,3427.81,3398.86,122.444,13024.3,12919.6,0.325625,0.325625,0.325625,0.325625,0.325625,0.325625
4.59308,4.59304,4.59305,32.7515,3433.49,3404.49,122.752,13056.9,12952,0.32575,0.32575,0.32575,0.32575,0.32575,0.32575
4.5979,4.59786,4.59787,32.8055,3439.16,3410.11,123.06,13089.7,12984.4,0.325875,0.325875,0.325875,0.325875,0.325875,0.325875
4.60272,4.60268,4.60269,32.8666,3444.88,3415.78,123.369,13122.4,13016.9,0.326,0.326,0.326,0.326,0.326,0.326
4.60755,4.60751,4.60752,32.9154,3450.52,3421.37,123.679,13155.3,13049.5,0.326125,0.326125,0.326125,0.326125,0.326125,0.326125
4.61238,4.61234,4.61235,32.9611,3456.32,3427.13,123.99,13188.2,13082.1,0.32625,0.32625,0.32625,0.32625,0.32625,0.32625
4.61721,4.61717,4.61719,33.0112,3462.04,3432.8,124.301,13221.2,13114.8,0.326375,0.326375,0.326375,0.326375,0.326375,0.326375
4.62205,4.62201,4.62202,33.0598,3467.87,3438.59,124.613,13254.2,13147.6,0.3265,0.3265,0.3265,0.3265,0.3265,0.3265
4.6269,4.62685,4.62687,33.116,3473.47,3444.14,124.925,13287.3,13180.4,0.326625,0.326625,0.326625,0.326625,0.326625,0.326625
4.63174,4.6317,4.63172,33.1759,3479.24,3449.86,125.238,13320.5,13213.4,0.32675,0.32675,0.32675,0.32675,0.32675,0.32675
4.6366,4.63655,4.63657,33.231,3485.09,3455.65,125.552,13353.8,13246.3,0.326875,0.326875,0.326875,0.326875,0.326875,0.326875
4.64145,4.64141,4.64142,33.2888,3490.85,3461.37,125.866,13387.1,13279.4,0.327,0.327,0.327,0.327,0.327,0.327
4.64631,4.64627,4.64628,33.342,3496.53,3466.99,126.181,13420.5,13312.5,0.327125,0.327125,0.327125,0.327125,0.327125,0.327125
4.65118,4.65113,4.65114,33.4097,3502.15,3472.55,126.497,13453.9,13345.7,0.32725,0.32725,0.32725,0.32725,0.32725,0.32725
4.65604,4.656,4.65601,33.4672,3507.98,3478.33,126.813,13487.4,13378.9,0.327375,0.327375,0.327375,0.327375,0.327375,0.327375
4.66092,4.66087,4.66088,33.5271,3513.68,3483.98,127.13,13521,13412.2,0.3275,0.3275,0.3275,0.3275,0.3275,0.3275
4.66579,4.66575,4.66576,33.5935,3519.41,3489.64,127.448,13554.7,13445.6,0.327625,0.327625,0.327625,0.327625,0.327625,0.327625
4.67067,4.67063,4.67064,33.6441,3525.21,3495.4,127.766,13588.4,13479.1,0.32775,0.32775,0.32775,0.32775,0.32775,0.32775
4.67556,4.67551,4.67552,33.7126,3531.01,3501.13,128.085,13622.2,13512.6,0.327875,0.327875,0.327875,0.327875,0.327875,0.327875
4.68044,4.6804,4.68041,33.7719,3536.76,3506.83,128.405,13656.1,13546.2,0.328,0.328,0.328,0.328,0.328,0.328
4.68534,4.68529,4.6853,33.8294,3542.67,3512.68,128.725,13690,13579.9,0.328125,0.328125,0.328125,0.328125,0.328125,0.328125
4.69023,4.69019,4.6902,33.8848,3548.49,3518.46,129.047,13724.1,13613.6,0.32825,0.32825,0.32825,0.32825,0.32825,0.32825
4.69513,4.69509,4.6951,33.9436,3554.45,3524.36,129.368,13758.1,13647.4,0.328375,0.328375,0.328375,0.328375,0.328375,0.328375
4.70004,4.7,4.70001,34.0087,3560.18,3530.03,129.691,13792.3,13681.2,0.3285,0.3285,0.3285,0.3285,0.3285,0.3285
4.70495,4.7049,4.70491,34.0594,3565.95,3535.76,130.014,13826.5,13715.2,0.328625,0.328625,0.328625,0.328625,0.328625,0.328625
4.70986,4.70982,4.70983,34.121,3571.75,3541.49,130.338,13860.8,13749.2,0.32875,0.32875,0.32875,0.32875,0.32875,0.32875
4.71478,4.71473,4.71474,34.1619,3577.6,3547.31,130.662,13895.2,13783.3,0.328875,0.328875,0.328875,0.328875,0.328875,0.328875
4.7197,4.71966,4.71967,34.2115,3583.42,3553.09,130.987,13929.6,13817.4,0.329,0.329,0.329,0.329,0.329,0.329
4.72463,4.72458,4.72459,34.2701,3589.34,3558.96,131.313,13964.1,13851.6,0.329125,0.329125,0.329125,0.329125,0.329125,0.329125
4.72955,4.72951,4.72952,34.328,3595.16,3564.73,131.639,13998.7,13885.9,0.32925,0.32925,0.32925,0.32925,0.32925,0.32925
4.73449,4.73445,4.73445,34.3672,3600.94,3570.47,131.966,14033.3,13920.3,0.329375,0.329375,0.329375,0.329375,0.329375,0.329375
4.73943,4.73938,4.73939,34.4326,3606.85,3576.32,132.294,14068,13954.7,0.3295,0.3295,0.3295,0.3295,0.3295,0.3295
4.74437,4.74433,4.74433,34.4918,3612.86,3582.27,132.622,14102.8,13989.2,0.329625,0.329625,0.329625,0.329625,0.329625,0.329625
4.74931,4.74927,4.74928,34.5501,3618.79,3588.15,132.951,14137.6,14023.7,0.32975,0.32975,0.32975,0.32975,0.32975,0.32975
4.75426,4.75422,4.75423,34.6124,3624.63,3593.93,133.281,14172.6,14058.4,0.329875,0.329875,0.329875,0.329875,0.329875,0.329875
4.75922,4.75918,4.75918,34.6766,3630.49,3599.73,133.611,14207.6,14093.1,0.33,0.33,0.33,0.33,0.33,0.33
4.76418,4.76413,4.76414,34.732,3636.52,3605.71,133.943,14242.6,14127.9,0.330125,0.330125,0.330125,0.330125,0.330125,0.330125
4.76914,4.7691,4.7691,34.7872,3642.4,3611.54,134.274,14277.8,14162.7,0.33025,0.33025,0.33025,0.33025,0.33025,0.33025
4.77411,4.77406,4.77407,34.8587,3648.29,3617.36,134.607,14313,14197.6,0.330375,0.330375,0.330375,0.330375,0.330375,0.330375
4.77908,4.77903,4.77904,34.9158,3654.32,3623.34,134.94,14348.3,14232.6,0.3305,0.3305,0.3305,0.3305,0.3305,0.3305
4.78405,4.78401,4.78402,34.9781,3660.3,3629.26,135.274,14383.6,14267.7,0.330625,0.330625,0.330625,0.330625,0.330625,0.330625
4.78903,4.78899,4.78899,35.0257,3666.25,3635.17,135.609,14419,14302.8,0.33075,0.33075,0.33075,0.33075,0.33075,0.33075
4.79402,4.79397,4.79398,35.0755,3672.13,3641.01,135.944,14454.5,14338,0.330875,0.330875,0.330875,0.330875,0.330875,0.330875
4.799,4.79896,4.79896,35.1272,3678.15,3646.98,136.28,14490.1,14373.3,0.331,0.331,0.331,0.331,0.331,0.331
4.80399,4.80395,4.80396,35.1731,3683.93,3652.72,136.616,14525.7,14408.6,0.331125,0.331125,0.331125,0.331125,0.331125,0.331125
4.80899,4.80894,4.80895,35.2317,3689.98,3658.71,136.954,14561.4,14444.1,0.33125,0.33125,0.33125,0.33125,0.33125,0.33125
4.81399,4.81394,4.81395,35.2725,3695.95,3664.65,137.292,14597.2,14479.5,0.331375,0.331375,0.331375,0.331375,0.331375,0.331375
4.81899,4.81895,4.81895,35.3348,3701.95,3670.6,137.63,14633.1,14515.1,0.3315,0.3315,0.3315,0.3315,0.3315,0.3315
4.824,4.82396,4.82396,35.3998,3707.96,3676.54,137.969,14669,14550.7,0.331625,0.331625,0.331625,0.331625,0.331625,0.331625
4.82901,4.82897,4.82897,35.4759,3714.09,3682.6,138.309,14705,14586.5,0.33175,0.33175,0.33175,0.33175,0.33175,0.33175
4.83403,4.83398,4.83399,35.5248,3720.12,3688.59,138.65,14741.1,14622.2,0.331875,0.331875,0.331875,0.331875,0.331875,0.331875
4.83905,4.839,4.83901,35.5816,3726.18,3694.6,138.992,14777.2,14658.1,0.332,0.332,0.332,0.332,0.332,0.332
4.84408,4.84403,4.84404,35.6406,3732.3,3700.67,139.334,14813.5,14694,0.332125,0.332125,0.332125,0.332125,0.332125,0.332125
4.84911,4.84906,4.84906,35.6819,3738.31,3706.64,139.676,14849.8,14730,0.33225,0.33225,0.33225,0.33225,0.33225,0.33225
4.85414,4.85409,4.8541,35.7428,3744.28,3712.55,140.02,14886.1,14766.1,0.332375,0.332375,0.332375,0.332375,0.332375,0.332375
4.85918,4.85913,4.85913,35.795,3750.4,3718.62,140.364,14922.6,14802.2,0.3325,0.3325,0.3325,0.3325,0.3325,0.3325
4.86422,4.86417,4.86418,35.8473,3756.44,3724.61,140.709,14959.1,14838.4,0.332625,0.332625,0.332625,0.332625,0.332625,0.332625
4.86926,4.86922,4.86922,35.9025,3762.46,3730.58,141.054,14995.7,14874.7,0.33275,0.33275,0.33275,0.33275,0.33275,0.33275
4.87431,4.87426,4.87427,35.9607,3768.45,3736.52,141.4,15032.4,14911.1,0.332875,0.332875,0.332875,0.332875,0.332875,0.332875
4.87936,4.87932,4.87932,36.0139,3774.54,3742.57,141.747,15069.1,14947.5,0.332999,0.332999,0.332999,0.332999,0.332999,0.332999
4.88442,4.88438,4.88438,36.0706,3780.65,3748.63,142.095,15105.9,14984,0.333124,0.333124,0.333124,0.333124,0.333124,0.333124
4.88948,4.88944,4.88944,36.1315,3786.88,3754.8,142.443,15142.8,15020.6,0.333249,0.333249,0.333249,0.333249,0.333249,0.333249
4.89455,4.8945,4.89451,36.1863,3793.17,3761.03,142.792,15179.8,15057.3,0.333374,0.333374,0.333374,0.333374,0.333374,0.333374
4.89962,4.89957,4.89958,36.2411,3799.48,3767.3,143.142,15216.8,15094,0.333499,0.333499,0.333499,0.333499,0.333499,0.333499
4.9047,4.90465,4.90465,36.3006,3805.67,3773.43,143.492,15253.9,15130.8,0.333624,0.333624,0.333624,0.333624,0.333624,0.333624
4.90978,4.90973,4.90973,36.3539,3811.89,3779.6,143.843,15291.1,15167.7,0.333749,0.333749,0.333749,0.333749,0.333749,0.333749
4.91486,4.91481,4.91482,36.4116,3818.04,3785.71,144.195,15328.3,15204.6,0.333874,0.333874,0.333874,0.333874,0.333874,0.333874
4.91994,4.9199,4.9199,36.4636,3824.25,3791.86,144.547,15365.7,15241.6,0.333999,0.333999,0.333999,0.333999,0.333999,0.333999
4.92504,4.92499,4.92499,36.5272,3830.48,3798.04,144.9,15403.1,15278.8,0.334124,0.334124,0.334124,0.334124,0.334124,0.334124
4.93013,4.93008,4.93009,36.5955,3836.63,3804.13,145.254,15440.6,15315.9,0.334249,0.334249,0.334249,0.334249,0.334249,0.334249
4.93523,4.93518,4.93519,36.6728,3842.82,3810.24,145.609,15478.1,15353.2,0.334374,0.334374,0.334374,0.334374,0.334374,0.334374
4.94033,4.94029,4.94029,36.7303,3848.89,3816.26,145.964,15515.8,15390.5,0.334499,0.334499,0.334499,0.334499,0.334499,0.334499
4.94544,4.94539,4.9454,36.7809,3855.03,3822.36,146.321,15553.5,15427.9,0.334624,0.334624,0.334624,0.334624,0.334624,0.334624
4.95055,4.95051,4.95051,36.8466,3861.33,3828.6,146.677,15591.3,15465.4,0.334749,0.334749,0.334749,0.334749,0.334749,0.334749
4.95567,4.95562,4.95563,36.9119,3867.51,3834.72,147.035,15629.1,15502.9,0.334874,0.334874,0.334874,0.334874,0.334874,0.334874
4.96079,4.96074,4.96075,36.9751,3873.7,3840.85,147.393,15667.1,15540.6,0.334999,0.334999,0.334999,0.334999,0.334999,0.334999
4.96592,4.96587,4.96587,37.0491,3879.96,3847.04,147.752,15705.1,15578.3,0.335124,0.335124,0.335124,0.335124,0.335124,0.335124
4.97104,4.971,4.971,37.1071,3886.14,3853.16,148.112,15743.2,15616,0.335249,0.335249,0.335249,0.335249,0.335249,0.335249
4.97618,4.97613,4.97613,37.1686,3892.32,3859.29,148.473,15781.4,15653.9,0.335374,0.335374,0.335374,0.335374,0.335374,0.335374
4.98132,4.98127,4.98127,37.2339,3898.62,3865.53,148.834,15819.6,15691.8,0.335499,0.335499,0.335499,0.335499,0.335499,0.335499
4.98646,4.98641,4.98641,37.307,3904.78,3871.62,149.196,15857.9,15729.8,0.335624,0.335624,0.335624,0.335624,0.335624,0.335624
4.9916,4.99155,4.99156,37.3667,3911.07,3877.85,149.559,15896.3,15767.9,0.335749,0.335749,0.335749,0.335749,0.335749,0.335749
4.99675,4.9967,4.99671,37.4374,3917.27,3883.99,149.923,15934.8,15806.1,0.335874,0.335874,0.335874,0.335874,0.335874,0.335874
5.0019,5.00186,5.00186,37.4865,3923.6,3890.28,150.287,15973.4,15844.3,0.335999,0.335999,0.335999,0.335999,0.335999,0.335999
5.00706,5.00701,5.00702,37.5493,3929.76,3896.38,150.652,16012,15882.6,0.336124,0.336124,0.336124,0.336124,0.336124,0.336124
5.01223,5.01218,5.01218,37.6091,3936.09,3902.66,151.018,16050.7,15921,0.336249,0.336249,0.336249,0.336249,0.336249,0.336249
5.01739,5.01734,5.01735,37.6749,3942.42,3908.92,151.384,16089.5,15959.5,0.336374,0.336374,0.336374,0.336374,0.336374,0.336374
5.02256,5.02251,5.02252,37.7282,3948.82,3915.27,151.751,16128.3,15998,0.336499,0.336499,0.336499,0.336499,0.336499,0.336499
5.02774,5.02769,5.0277,37.799,3955.22,3921.61,152.119,16167.3,16036.6,0.336624,0.336624,0.336624,0.336624,0.336624,0.336624
5.03292,5.03287,5.03287,37.8592,3961.62,3927.95,152.488,16206.3,16075.3,0.336749,0.336749,0.336749,0.336749,0.336749,0.336749
5.0381,5.03805,5.03806,37.925,3968.07,3934.35,152.858,16245.4,16114.1,0.336874,0.336874,0.336874,0.336874,0.336874,0.336874
5.04329,5.04324,5.04325,37.9711,3974.42,3940.66,153.228,16284.6,16152.9,0.336999,0.336999,0.336999,0.336999,0.336999,0.336999
5.04848,5.04843,5.04844,38.0351,3980.75,3946.92,153.599,16323.8,16191.8,0.337124,0.337124,0.337124,0.337124,0.337124,0.337124
5.05368,5.05363,5.05363,38.1018,3987.23,3953.35,153.971,16363.1,16230.8,0.337249,0.337249,0.337249,0.337249,0.337249,0.337249
5.05888,5.05883,5.05883,38.1544,3993.62,3959.68,154.343,16402.5,16269.9,0.337374,0.337374,0.337374,0.337374,0.337374,0.337374
5.06408,5.06403,5.06404,38.2271,4000.13,3966.13,154.716,16442,16309.1,0.337499,0.337499,0.337499,0.337499,0.337499,0.337499
5.06929,5.06924,5.06925,38.3098,4006.61,3972.54,155.09,16481.6,16348.3,0.337624,0.337624,0.337624,0.337624,0.337624,0.337624
5.0745,5.07445,5.07446,38.3745,4013.06,3978.92,155.465,16521.2,16387.6,0.337749,0.337749,0.337749,0.337749,0.337749,0.337749
5.07972,5.07967,5.07968,38.4518,4019.46,3985.25,155.841,16561,16427,0.337874,0.337874,0.337874,0.337874,0.337874,0.337874
5.08494,5.08489,5.0849,38.5228,4025.89,3991.61,156.217,16600.8,16466.5,0.337999,0.337999,0.337999,0.337999,0.337999,0.337999
5.09017,5.09012,5.09012,38.5909,4032.38,3998.04,156.594,16640.6,16506.1,0.338124,0.338124,0.338124,0.338124,0.338124,0.338124
5.0954,5.09535,5.09535,38.6548,4038.89,4004.5,156.972,16680.6,16545.7,0.338249,0.338249,0.338249,0.338249,0.338249,0.338249
5.10063,5.10058,5.10059,38.716,4045.54,4011.09,157.351,16720.7,16585.4,0.338374,0.338374,0.338374,0.338374,0.338374,0.338374
5.10587,5.10582,5.10583,38.7757,4051.95,4017.44,157.731,16760.8,16625.2,0.338499,0.338499,0.338499,0.338499,0.338499,0.338499
5.11111,5.11106,5.11107,38.8289,4058.54,4023.98,158.111,16801,16665.1,0.338624,0.338624,0.338624,0.338624,0.338624,0.338624
5.11636,5.11631,5.11632,38.8967,4064.97,4030.35,158.492,16841.3,16705,0.338749,0.338749,0.338749,0.338749,0.338749,0.338749
5.12161,5.12156,5.12157,38.9538,4071.41,4036.74,158.873,16881.6,16745,0.338874,0.338874,0.338874,0.338874,0.338874,0.338874
5.12687,5.12681,5.12682,39.0065,4078.09,4043.37,159.256,16922.1,16785.1,0.338999,0.338999,0.338999,0.338999,0.338999,0.338999
5.13212,5.13207,5.13208,39.0769,4084.64,4049.85,159.639,16962.6,16825.3,0.339124,0.339124,0.339124,0.339124,0.339124,0.339124
5.13739,5.13734,5.13735,39.1445,4091.11,4056.27,160.023,17003.2,16865.6,0.339249,0.339249,0.339249,0.339249,0.339249,0.339249
5.14266,5.14261,5.14261,39.2096,4097.68,4062.77,160.408,17043.9,16905.9,0.339374,0.339374,0.339374,0.339374,0.339374,0.339374
5.14793,5.14788,5.14789,39.2669,4104.09,4069.13,160.794,17084.6,16946.4,0.339499,0.339499,0.339499,0.339499,0.339499,0.339499
5.15321,5.15315,5.15316,39.3301,4110.81,4075.79,161.18,17125.5,16986.9,0.339624,0.339624,0.339624,0.339624,0.339624,0.339624
5.15849,5.15843,5.15844,39.4141,4117.49,4082.4,161.567,17166.4,17027.4,0.339749,0.339749,0.339749,0.339749,0.339749,0.339749
5.16377,5.16372,5.16373,39.485,4123.93,4088.77,161.955,17207.4,17068.1,0.339874,0.339874,0.339874,0.339874,0.339874,0.339874
5.16906,5.16901,5.16902,39.5564,4130.39,4095.17,162.344,17248.5,17108.9,0.339999,0.339999,0.339999,0.339999,0.339999,0.339999
5.17436,5.1743,5.17431,39.6308,4137.1,4101.81,162.733,17289.7,17149.7,0.340124,0.340124,0.340124,0.340124,0.340124,0.340124
5.17965,5.1796,5.17961,39.6927,4143.67,4108.32,163.124,17330.9,17190.6,0.340249,0.340249,0.340249,0.340249,0.340249,0.340249
5.18495,5.1849,5.18491,39.7518,4150.27,4114.86,163.515,17372.2,17231.6,0.340374,0.340374,0.340374,0.340374,0.340374,0.340374
5.19026,5.19021,5.19022,39.8227,4156.87,4121.4,163.907,17413.7,17272.6,0.340499,0.340499,0.340499,0.340499,0.340499,0.340499
5.19557,5.19552,5.19553,39.8995,4163.59,4128.05,164.3,17455.1,17313.8,0.340624,0.340624,0.340624,0.340624,0.340624,0.340624
5.20089,5.20083,5.20084,39.9615,4170.43,4134.83,164.693,17496.7,17355,0.340749,0.340749,0.340749,0.340749,0.340749,0.340749
5.2062,5.20615,5.20616,40.0155,4177.1,4141.46,165.088,17538.4,17396.3,0.340874,0.340874,0.340874,0.340874,0.340874,0.340874
5.21153,5.21147,5.21148,40.0686,4183.78,4148.09,165.483,17580.1,17437.7,0.340999,0.340999,0.340999,0.340999,0.340999,0.340999
5.21686,5.2168,5.21681,40.1327,4190.47,4154.71,165.879,17622,17479.2,0.341124,0.341124,0.341124,0.341124,0.341124,0.341124
5.22219,5.22213,5.22214,40.195,4197.25,4161.44,166.275,17663.9,17520.8,0.341249,0.341249,0.341249,0.341249,0.341249,0.341249
5.22752,5.22747,5.22748,40.2599,4203.79,4167.92,166.673,17705.9,17562.4,0.341374,0.341374,0.341374,0.341374,0.341374,0.341374
5.23286,5.23281,5.23282,40.3213,4210.51,4174.58,167.071,17747.9,17604.1,0.341499,0.341499,0.341499,0.341499,0.341499,0.341499
5.23821,5.23815,5.23816,40.3924,4216.89,4180.9,167.47,17790.1,17646,0.341624,0.341624,0.341624,0.341624,0.341624,0.341624
5.24356,5.2435,5.24351,40.4558,4223.49,4187.44,167.87,17832.3,17687.8,0.341749,0.341749,0.341749,0.341749,0.341749,0.341749
5.24891,5.24886,5.24887,40.5273,4230.16,4194.05,168.27,17874.6,17729.8,0.341874,0.341874,0.341874,0.341874,0.341874,0.341874
5.25427,5.25421,5.25422,40.5996,4236.87,4200.69,168.672,17917,17771.9,0.341999,0.341999,0.341999,0.341999,0.341999,0.341999
5.25963,5.25957,5.25958,40.667,4243.62,4207.38,169.074,17959.5,17814,0.342124,0.342124,0.342124,0.342124,0.342124,0.342124
5.265,5.26494,5.26495,40.7484,4250.47,4214.14,169.477,18002.1,17856.2,0.342249,0.342249,0.342249,0.342249,0.342249,0.342249
5.27037,5.27031,5.27032,40.8097,4257.26,4220.88,169.881,18044.8,17898.5,0.342374,0.342374,0.342374,0.342374,0.342374,0.342374
5.27574,5.27568,5.2757,40.875,4264.05,4227.61,170.286,18087.5,17940.9,0.342499,0.342499,0.342499,0.342499,0.342499,0.342499
5.28112,5.28106,5.28107,40.9466,4270.89,4234.38,170.691,18130.3,17983.4,0.342624,0.342624,0.342624,0.342624,0.342624,0.342624
5.2865,5.28645,5.28646,41.0033,4277.55,4240.99,171.098,18173.2,18025.9,0.342749,0.342749,0.342749,0.342749,0.342749,0.342749
5.29189,5.29183,5.29184,41.0726,4284.38,4247.76,171.505,18216.2,18068.6,0.342874,0.342874,0.342874,0.342874,0.342874,0.342874
5.29728,5.29722,5.29724,41.1393,4291.12,4254.44,171.913,18259.3,18111.3,0.342999,0.342999,0.342999,0.342999,0.342999,0.342999
5.30268,5.30262,5.30263,41.2046,4297.93,4261.19,172.321,18302.5,18154.1,0.343124,0.343124,0.343124,0.343124,0.343124,0.343124
5.30808,5.30802,5.30803,41.2661,4304.72,4267.93,172.731,18345.7,18197,0.343249,0.343249,0.343249,0.343249,0.343249,0.343249
5.31348,5.31342,5.31344,41.3384,4311.69,4274.83,173.141,18389,18239.9,0.343374,0.343374,0.343374,0.343374,0.343374,0.343374
5.31889,5.31883,5.31885,41.3896,4318.53,4281.62,173.552,18432.5,18283,0.343499,0.343499,0.343499,0.343499,0.343499,0.343499
5.3243,5.32424,5.32426,41.4593,4325.25,4288.28,173.964,18476,18326.1,0.343624,0.343624,0.343624,0.343624,0.343624,0.343624
5.32972,5.32966,5.32968,41.5307,4332.17,4295.13,174.377,18519.5,18369.3,0.343749,0.343749,0.343749,0.343749,0.343749,0.343749
5.33514,5.33508,5.3351,41.6019,4338.88,4301.77,174.791,18563.2,18412.7,0.343874,0.343874,0.343874,0.343874,0.343874,0.343874
5.34057,5.34051,5.34052,41.6735,4345.74,4308.57,175.205,18607,18456,0.343999,0.343999,0.343999,0.343999,0.343999,0.343999
5.346,5.34594,5.34595,41.7383,4352.66,4315.43,175.621,18650.8,18499.5,0.344124,0.344124,0.344124,0.344124,0.344124,0.344124
5.35143,5.35137,5.35139,41.7978,4359.56,4322.27,176.037,18694.7,18543.1,0.344249,0.344249,0.344249,0.344249,0.344249,0.344249
5.35687,5.35681,5.35683,41.8621,4366.61,4329.26,176.454,18738.8,18586.7,0.344374,0.344374,0.344374,0.344374,0.344374,0.344374
5.36231,5.36226,5.36227,41.9321,4373.55,4336.14,176.871,18782.9,18630.5,0.344499,0.344499,0.344499,0.344499,0.344499,0.344499
5.36776,5.3677,5.36772,42.0019,4380.43,4342.95,177.29,18827,18674.3,0.344624,0.344624,0.344624,0.344624,0.344624,0.344624
5.37321,5.37315,5.37317,42.0576,4387.43,4349.91,177.709,18871.3,18718.2,0.344749,0.344749,0.344749,0.344749,0.344749,0.344749
5.37867,5.37861,5.37862,42.1287,4394.31,4356.72,178.129,18915.7,18762.2,0.344874,0.344874,0.344874,0.344874,0.344874,0.344874
5.38413,5.38407,5.38408,42.205,4401.33,4363.67,178.55,18960.1,18806.3,0.344999,0.344999,0.344999,0.344999,0.344999,0.344999
5.38959,5.38953,5.38955,42.2782,4408.45,4370.72,178.972,19004.7,18850.4,0.345124,0.345124,0.345124,0.345124,0.345124,0.345124
5.39506,5.395,5.39502,42.344,4415.42,4377.64,179.395,19049.3,18894.7,0.345249,0.345249,0.345249,0.345249,0.345249,0.345249
5.40054,5.40048,5.40049,42.3964,4422.5,4384.66,179.819,19094,18939,0.345374,0.345374,0.345374,0.345374,0.345374,0.345374
5.40601,5.40595,5.40597,42.4711,4429.36,4391.45,180.243,19138.8,18983.4,0.345499,0.345499,0.345499,0.345499,0.345499,0.345499
5.4115,5.41144,5.41145,42.5535,4436.4,4398.42,180.668,19183.7,19027.9,0.345624,0.345624,0.345624,0.345624,0.345624,0.345624
5.41698,5.41692,5.41694,42.6282,4443.38,4405.33,181.094,19228.6,19072.5,0.345749,0.345749,0.345749,0.345749,0.345749,0.345749
5.42247,5.42241,5.42243,42.6902,4450.34,4412.23,181.521,19273.7,19117.2,0.345874,0.345874,0.345874,0.345874,0.345874,0.345874
5.42797,5.42791,5.42792,42.7694,4457.4,4419.22,181.949,19318.8,19162,0.345999,0.345999,0.345999,0.345999,0.345999,0.345999
5.43347,5.43341,5.43342,42.8554,4464.43,4426.16,182.378,19364.1,19206.8,0.346124,0.346124,0.346124,0.346124,0.346124,0.346124
5.43897,5.43891,5.43893,42.938,4471.61,4433.27,182.807,19409.4,19251.8,0.346249,0.346249,0.346249,0.346249,0.346249,0.346249
5.44448,5.44442,5.44443,43.0183,4478.86,4440.44,183.238,19454.8,19296.8,0.346374,0.346374,0.346374,0.346374,0.346374,0.346374
5.44999,5.44993,5.44995,43.0984,4485.84,4447.35,183.669,19500.3,19341.9,0.346499,0.346499,0.346499,0.346499,0.346499,0.346499
5.4555,5.45545,5.45546,43.1696,4492.87,4454.32,184.102,19545.9,19387.1,0.346624,0.346624,0.346624,0.346624,0.346624,0.346624
5.46103,5.46097,5.46098,43.2394,4499.97,4461.35,184.535,19591.6,19432.4,0.346749,0.346749,0.346749,0.346749,0.346749,0.346749
5.46655,5.46649,5.46651,43.3235,4507.09,4468.39,184.969,19637.3,19477.8,0.346873,0.346873,0.346873,0.346873,0.346873,0.346873
5.47208,5.47202,5.47204,43.3892,4514.09,4475.33,185.404,19683.2,19523.3,0.346998,0.346998,0.346998,0.346998,0.346998,0.346998
5.47761,5.47756,5.47757,43.447,4521.12,4482.31,185.84,19729.1,19568.9,0.347123,0.347123,0.347123,0.347123,0.347123,0.347123
5.48315,5.48309,5.48311,43.5186,4528.23,4489.35,186.276,19775.2,19614.5,0.347248,0.347248,0.347248,0.347248,0.347248,0.347248
5.4887,5.48864,5.48865,43.6022,4535.46,4496.5,186.714,19821.3,19660.2,0.347373,0.347373,0.347373,0.347373,0.347373,0.347373
5.49424,5.49418,5.4942,43.6699,4542.77,4503.75,187.152,19867.5,19706.1,0.347498,0.347498,0.347498,0.347498,0.347498,0.347498
5.49979,5.49973,5.49975,43.7352,4550.09,4511.02,187.591,19913.8,19752,0.347623,0.347623,0.347623,0.347623,0.347623,0.347623
5.50535,5.50529,5.50531,43.787,4557.22,4518.09,188.031,19960.2,19798,0.347748,0.347748,0.347748,0.347748,0.347748,0.347748
5.51091,5.51085,5.51087,43.8596,4564.34,4525.15,188.472,20006.7,19844.1,0.347873,0.347873,0.347873,0.347873,0.347873,0.347873
5.51647,5.51641,5.51643,43.9228,4571.47,4532.22,188.914,20053.2,19890.3,0.347998,0.347998,0.347998,0.347998,0.347998,0.347998
5.52204,5.52198,5.522,43.9767,4578.65,4539.35,189.357,20099.9,19936.5,0.348123,0.348123,0.348123,0.348123,0.348123,0.348123
5.52762,5.52755,5.52757,44.0446,4585.76,4546.4,189.8,20146.7,19982.9,0.348248,0.348248,0.348248,0.348248,0.348248,0.348248
5.53319,5.53313,5.53315,44.1247,4592.81,4553.37,190.244,20193.5,20029.4,0.348373,0.348373,0.348373,0.348373,0.348373,0.348373
5.53877,5.53871,5.53873,44.2001,4599.77,4560.26,190.689,20240.4,20075.9,0.348498,0.348498,0.348498,0.348498,0.348498,0.348498
5.54436,5.5443,5.54432,44.2782,4607.08,4567.5,191.135,20287.5,20122.5,0.348623,0.348623,0.348623,0.348623,0.348623,0.348623
5.54995,5.54989,5.54991,44.3577,4614.31,4574.66,191.582,20334.6,20169.2,0.348748,0.348748,0.348748,0.348748,0.348748,0.348748
5.55555,5.55549,5.5555,44.4282,4621.67,4581.95,192.03,20381.8,20216.1,0.348873,0.348873,0.348873,0.348873,0.348873,0.348873
5.56114,5.56108,5.5611,44.4925,4628.97,4589.19,192.479,20429.1,20263,0.348998,0.348998,0.348998,0.348998,0.348998,0.348998
5.56675,5.56669,5.56671,44.5709,4636.22,4596.37,192.929,20476.5,20310,0.349123,0.349123,0.349123,0.349123,0.349123,0.349123
5.57236,5.5723,5.57231,44.6368,4643.68,4603.77,193.379,20523.9,20357,0.349248,0.349248,0.349248,0.349248,0.349248,0.349248
5.57797,5.57791,5.57793,44.7149,4651.1,4611.12,193.83,20571.5,20404.2,0.349373,0.349373,0.349373,0.349373,0.349373,0.349373
5.58358,5.58352,5.58354,44.7751,4658.29,4618.25,194.283,20619.2,20451.5,0.349498,0.349498,0.349498,0.349498,0.349498,0.349498
5.58921,5.58914,5.58916,44.8443,4665.57,4625.47,194.736,20666.9,20498.8,0.349623,0.349623,0.349623,0.349623,0.349623,0.349623
5.59483,5.59477,5.59479,44.9117,4672.97,4632.81,195.19,20714.8,20546.3,0.349748,0.349748,0.349748,0.349748,0.349748,0.349748
5.60046,5.6004,5.60042,44.9913,4680.07,4639.83,195.645,20762.7,20593.8,0.349873,0.349873,0.349873,0.349873,0.349873,0.349873
5.60609,5.60603,5.60605,45.0652,4687.33,4647.03,196.1,20810.8,20641.5,0.349998,0.349998,0.349998,0.349998,0.349998,0.349998
5.61173,5.61167,5.61169,45.1224,4694.61,4654.25,196.557,20858.9,20689.2,0.350123,0.350123,0.350123,0.350123,0.350123,0.350123
5.61738,5.61731,5.61733,45.1166,4694.66,4654.32,197.014,20907.1,20737,0.350248,0.350248,0.350248,0.350248,0.350248,0.350248
5.62302,5.62296,5.62298,45.1206,4695.3,4654.96,197.472,20955.3,20784.8,0.350373,0.350373,0.350373,0.350373,0.350373,0.350373
5.62867,5.62861,5.62863,45.1068,4696.22,4655.91,197.931,21003.7,20832.8,0.350498,0.350498,0.350498,0.350498,0.350498,0.350498
5.63433,5.63427,5.63429,45.1031,4697.6,4657.29,198.39,21052.1,20880.7,0.350623,0.350623,0.350623,0.350623,0.350623,0.350623
5.63999,5.63993,5.63995,45.0988,4699.46,4659.16,198.849,21100.5,20928.8,0.350748,0.350748,0.350748,0.350748,0.350748,0.350748
5.64565,5.64559,5.64562,45.1113,4701.75,4661.44,199.309,21149,20976.9,0.350873,0.350873,0.350873,0.350873,0.350873,0.350873
5.65132,5.65126,5.65128,45.1295,4704.42,4664.1,199.77,21197.6,21025.1,0.350998,0.350998,0.350998,0.350998,0.350998,0.350998
5.657,5.65694,5.65696,45.1454,4707.61,4667.28,200.231,21246.3,21073.4,0.351123,0.351123,0.351123,0.351123,0.351123,0.351123
5.66267,5.66261,5.66264,45.1471,4711.18,4670.86,200.693,21295,21121.7,0.351248,0.351248,0.351248,0.351248,0.351248,0.351248
5.66836,5.6683,5.66832,45.1517,4715.04,4674.72,201.156,21343.8,21170.1,0.351373,0.351373,0.351373,0.351373,0.351373,0.351373
5.67404,5.67398,5.67401,45.1486,4719.97,4679.65,201.619,21392.7,21218.6,0.351498,0.351498,0.351498,0.351498,0.351498,0.351498
5.67973,5.67968,5.6797,45.159,4726.56,4686.24,202.083,21441.7,21267.2,0.351623,0.351623,0.351623,0.351623,0.351623,0.351623
5.68543,5.68537,5.68539,45.1735,4734.56,4694.24,202.547,21490.8,21315.8,0.351748,0.351748,0.351748,0.351748,0.351748,0.351748
5.69113,5.69107,5.69109,45.1809,4744.43,4704.1,203.012,21540,21364.6,0.351873,0.351873,0.351873,0.351873,0.351873,0.351873
5.69683,5.69677,5.6968,45.1908,4755.9,4715.57,203.478,21589.3,21413.5,0.351998,0.351998,0.351998,0.351998,0.351998,0.351998
5.70254,5.70248,5.70251,45.2037,4768.92,4728.58,203.944,21638.7,21462.5,0.352123,0.352123,0.352123,0.352123,0.352123,0.352123
5.70825,5.7082,5.70822,45.2305,4783.5,4743.15,204.411,21688.2,21511.6,0.352248,0.352248,0.352248,0.352248,0.352248,0.352248
5.71397,5.71391,5.71394,45.2469,4799.6,4759.24,204.878,21737.9,21560.8,0.352373,0.352373,0.352373,0.352373,0.352373,0.352373
5.71969,5.71964,5.71966,45.2558,4817.56,4777.19,205.347,21787.7,21610.2,0.352498,0.352498,0.352498,0.352498,0.352498,0.352498
5.72542,5.72536,5.72538,45.2692,4837.34,4796.97,205.815,21837.6,21659.7,0.352623,0.352623,0.352623,0.352623,0.352623,0.352623
5.73115,5.73109,5.73111,45.3079,4858.59,4818.18,206.285,21887.7,21709.4,0.352748,0.352748,0.352748,0.352748,0.352748,0.352748
5.73689,5.73683,5.73685,45.3421,4881.58,4841.15,206.755,21938,21759.3,0.352873,0.352873,0.352873,0.352873,0.352873,0.352873
5.74263,5.74257,5.74259,45.3748,4906.08,4865.63,207.226,21988.4,21809.3,0.352998,0.352998,0.352998,0.352998,0.352998,0.352998
5.74837,5.74831,5.74833,45.3945,4932.08,4891.61,207.697,22039,21859.5,0.353123,0.353123,0.353123,0.353123,0.353123,0.353123
5.75412,5.75406,5.75408,45.4431,4959.45,4918.94,208.17,22089.8,21909.9,0.353248,0.353248,0.353248,0.353248,0.353248,0.353248
5.75987,5.75981,5.75983,45.4687,4988.08,4947.55,208.643,22140.8,21960.5,0.353373,0.353373,0.353373,0.353373,0.353373,0.353373
5.76563,5.76557,5.76559,45.504,5018.36,4977.81,209.117,22192,22011.2,0.353498,0.353498,0.353498,0.353498,0.353498,0.353498
5.77139,5.77133,5.77135,45.534,5049.94,5009.37,209.591,22243.4,22062.2,0.353623,0.353623,0.353623,0.353623,0.353623,0.353623
5.77716,5.7771,5.77712,45.562,5083.13,5042.54,210.066,22295,22113.4,0.353748,0.353748,0.353748,0.353748,0.353748,0.353748
5.78293,5.78287,5.78289,45.5912,5117.72,5077.11,210.542,22346.9,22164.8,0.353873,0.353873,0.353873,0.353873,0.353873,0.353873
5.7887,5.78864,5.78866,45.6295,5153.96,5113.32,211.019,22398.9,22216.5,0.353998,0.353998,0.353998,0.353998,0.353998,0.353998
5.79448,5.79442,5.79444,45.6685,5191.43,5150.76,211.496,22451.2,22268.3,0.354123,0.354123,0.354123,0.354123,0.354123,0.354123
5.80026,5.8002,5.80023,45.7194,5230.63,5189.91,211.975,22503.7,22320.4,0.354248,0.354248,0.354248,0.354248,0.354248,0.354248
5.80605,5.80599,5.80602,45.7523,5271.38,5230.65,212.454,22556.5,22372.8,0.354373,0.354373,0.354373,0.354373,0.354373,0.354373
5.81184,5.81178,5.81181,45.7875,5313.71,5272.95,212.933,22609.5,22425.4,0.354498,0.354498,0.354498,0.354498,0.354498,0.354498
5.81764,5.81758,5.8176,45.8351,5357.45,5316.65,213.414,22662.8,22478.3,0.354623,0.354623,0.354623,0.354623,0.354623,0.354623
5.82344,5.82338,5.82341,45.8716,5402.34,5361.51,213.895,22716.4,22531.4,0.354748,0.354748,0.354748,0.354748,0.354748,0.354748
5.82925,5.82919,5.82921,45.9064,5448.23,5407.38,214.377,22770.2,22584.8,0.354873,0.354873,0.354873,0.354873,0.354873,0.354873
5.83506,5.835,5.83502,45.9407,5494.74,5453.86,214.86,22824.3,22638.5,0.354998,0.354998,0.354998,0.354998,0.354998,0.354998
5.84087,5.84081,5.84084,45.9749,5541.95,5501.05,215.343,22878.7,22692.4,0.355123,0.355123,0.355123,0.355123,0.355123,0.355123
5.84669,5.84663,5.84666,46.0061,5589.72,5548.79,215.827,22933.4,22746.7,0.355248,0.355248,0.355248,0.355248,0.355248,0.355248
5.85252,5.85246,5.85248,46.0454,5638.41,5597.46,216.312,22988.3,22801.2,0.355373,0.355373,0.355373,0.355373,0.355373,0.355373
5.85835,5.85828,5.85831,46.0708,5687.96,5646.99,216.798,23043.5,22856,0.355498,0.355498,0.355498,0.355498,0.355498,0.355498
5.86418,5.86412,5.86414,46.1233,5738.28,5697.27,217.284,23099,22911.1,0.355623,0.355623,0.355623,0.355623,0.355623,0.355623
5.87001,5.86995,5.86998,46.1668,5789.32,5748.28,217.772,23154.8,22966.4,0.355748,0.355748,0.355748,0.355748,0.355748,0.355748
5.87586,5.8758,5.87582,46.2063,5841.04,5799.96,218.26,23210.9,23022.1,0.355873,0.355873,0.355873,0.355873,0.355873,0.355873
5.8817,5.88164,5.88167,46.236,5893.64,5852.54,218.748,23267.4,23078.1,0.355998,0.355998,0.355998,0.355998,0.355998,0.355998
5.88755,5.88749,5.88752,46.2722,5947.27,5906.15,219.238,23324.1,23134.4,0.356123,0.356123,0.356123,0.356123,0.356123,0.356123
5.89341,5.89335,5.89337,46.3266,6001.5,5960.34,219.728,23381.1,23191,0.356248,0.356248,0.356248,0.356248,0.356248,0.356248
5.89927,5.8992,5.89923,46.3819,6056.44,6015.23,220.219,23438.4,23247.8,0.356373,0.356373,0.356373,0.356373,0.356373,0.356373
5.90513,5.90507,5.90509,46.4202,6111.81,6070.57,220.711,23496,23305,0.356498,0.356498,0.356498,0.356498,0.356498,0.356498
5.911,5.91094,5.91096,46.475,6167.86,6126.58,221.204,23554,23362.6,0.356623,0.356623,0.356623,0.356623,0.356623,0.356623
5.91687,5.91681,5.91683,46.5237,6224.19,6182.87,221.697,23612.2,23420.4,0.356748,0.356748,0.356748,0.356748,0.356748,0.356748
5.92275,5.92269,5.92271,46.5611,6281.05,6239.7,222.192,23670.8,23478.5,0.356873,0.356873,0.356873,0.356873,0.356873,0.356873
5.92863,5.92857,5.92859,46.6025,6338.45,6297.07,222.687,23729.7,23537,0.356998,0.356998,0.356998,0.356998,0.356998,0.356998
5.93451,5.93445,5.93448,46.6387,6396.05,6354.64,223.183,23788.9,23595.8,0.357123,0.357123,0.357123,0.357123,0.357123,0.357123
5.9404,5.94034,5.94037,46.6776,6454.64,6413.21,223.679,23848.4,23654.9,0.357248,0.357248,0.357248,0.357248,0.357248,0.357248
5.9463,5.94624,5.94626,46.7035,6513.66,6472.21,224.177,23908.3,23714.3,0.357373,0.357373,0.357373,0.357373,0.357373,0.357373
5.9522,5.95214,5.95216,46.7476,6573.08,6531.6,224.675,23968.5,23774,0.357498,0.357498,0.357498,0.357498,0.357498,0.357498
5.9581,5.95804,5.95807,46.7923,6633.05,6591.54,225.174,24029,23834.1,0.357623,0.357623,0.357623,0.357623,0.357623,0.357623
5.96401,5.96395,5.96398,46.8307,6693.66,6652.12,225.674,24089.9,23894.5,0.357748,0.357748,0.357748,0.357748,0.357748,0.357748
5.96992,5.96986,5.96989,46.8829,6754.86,6713.27,226.174,24151,23955.3,0.357873,0.357873,0.357873,0.357873,0.357873,0.357873
5.97584,5.97578,5.97581,46.9247,6816.45,6774.83,226.675,24212.6,24016.3,0.357998,0.357998,0.357998,0.357998,0.357998,0.357998
5.98176,5.9817,5.98173,46.9793,6878.73,6837.08,227.178,24274.4,24077.7,0.358123,0.358123,0.358123,0.358123,0.358123,0.358123
5.98769,5.98763,5.98765,47.0262,6941.48,6899.79,227.681,24336.6,24139.5,0.358248,0.358248,0.358248,0.358248,0.358248,0.358248
5.99362,5.99356,5.99358,47.0688,7005,6963.28,228.184,24399.1,24201.6,0.358373,0.358373,0.358373,0.358373,0.358373,0.358373
5.99955,5.99949,5.99952,47.1141,7069.05,7027.29,228.689,24462,24264,0.358498,0.358498,0.358498,0.358498,0.358498,0.358498
6.00549,6.00543,6.00546,47.1718,7133.38,7091.57,229.194,24525.2,24326.8,0.358623,0.358623,0.358623,0.358623,0.358623,0.358623
6.01144,6.01138,6.0114,47.2184,7198.29,7156.45,229.701,24588.8,24389.9,0.358748,0.358748,0.358748,0.358748,0.358748,0.358748
6.01739,6.01733,6.01735,47.2602,7263.97,7222.1,230.208,24652.7,24453.4,0.358873,0.358873,0.358873,0.358873,0.358873,0.358873
6.02334,6.02328,6.0233,47.2836,7330.23,7288.34,230.716,24717,24517.2,0.358998,0.358998,0.358998,0.358998,0.358998,0.358998
6.0293,6.02924,6.02926,47.3258,7397.08,7355.17,231.224,24781.6,24581.4,0.359123,0.359123,0.359123,0.359123,0.359123,0.359123
6.03526,6.0352,6.03522,47.3637,7464.5,7422.56,231.734,24846.6,24645.9,0.359248,0.359248,0.359248,0.359248,0.359248,0.359248
6.04123,6.04117,6.04119,47.4062,7532.36,7490.39,232.244,24911.9,24710.8,0.359373,0.359373,0.359373,0.359373,0.359373,0.359373
6.0472,6.04714,6.04716,47.469,7600.93,7558.9,232.755,24977.6,24776,0.359498,0.359498,0.359498,0.359498,0.359498,0.359498
6.05317,6.05311,6.05314,47.5233,7670.16,7628.09,233.266,25043.7,24841.6,0.359623,0.359623,0.359623,0.359623,0.359623,0.359623
6.05915,6.05909,6.05912,47.5821,7739.95,7697.84,233.779,25110.1,24907.6,0.359748,0.359748,0.359748,0.359748,0.359748,0.359748
6.06514,6.06508,6.0651,47.6361,7810.28,7768.13,234.293,25176.9,24973.9,0.359873,0.359873,0.359873,0.359873,0.359873,0.359873
6.07112,6.07106,6.07109,47.6946,7881.3,7839.1,234.807,25244,25040.7,0.359998,0.359998,0.359998,0.359998,0.359998,0.359998
6.07712,6.07706,6.07708,47.7521,7952.67,7910.42,235.323,25311.6,25107.7,0.360123,0.360123,0.360123,0.360123,0.360123,0.360123
6.08311,6.08306,6.08308,47.8161,8024.71,7982.41,235.839,25379.5,25175.2,0.360248,0.360248,0.360248,0.360248,0.360248,0.360248
6.08912,6.08906,6.08908,47.8713,8097.41,8055.06,236.356,25447.7,25243,0.360373,0.360373,0.360373,0.360373,0.360373,0.360373
6.09512,6.09506,6.09509,47.9198,8170.75,8128.37,236.874,25516.4,25311.2,0.360498,0.360498,0.360498,0.360498,0.360498,0.360498
6.10113,6.10108,6.1011,47.963,8244.81,8202.4,237.393,25585.4,25379.8,0.360622,0.360622,0.360622,0.360622,0.360622,0.360622
6.10715,6.10709,6.10712,47.9923,8319.46,8277.03,237.912,25654.9,25448.8,0.360747,0.360747,0.360747,0.360747,0.360747,0.360747
6.11317,6.11311,6.11314,48.0519,8394.67,8352.2,238.433,25724.7,25518.1,0.360872,0.360872,0.360872,0.360872,0.360872,0.360872
6.1192,6.11914,6.11916,48.1039,8470.41,8427.9,238.954,25794.9,25587.8,0.360997,0.360997,0.360997,0.360997,0.360997,0.360997
6.12523,6.12517,6.12519,48.1546,8546.69,8504.14,239.476,25865.4,25658,0.361122,0.361122,0.361122,0.361122,0.361122,0.361122
6.13126,6.1312,6.13123,48.201,8623.98,8581.39,239.999,25936.4,25728.5,0.361247,0.361247,0.361247,0.361247,0.361247,0.361247
6.1373,6.13724,6.13727,48.2279,8701.78,8659.18,240.523,26007.8,25799.4,0.361372,0.361372,0.361372,0.361372,0.361372,0.361372
6.14334,6.14328,6.14331,48.2655,8780.57,8737.94,241.047,26079.5,25870.7,0.361497,0.361497,0.361497,0.361497,0.361497,0.361497
6.14939,6.14933,6.14936,48.3156,8859.64,8816.98,241.572,26151.7,25942.4,0.361622,0.361622,0.361622,0.361622,0.361622,0.361622
6.15544,6.15538,6.15541,48.3602,8939.55,8896.85,242.098,26224.3,26014.5,0.361747,0.361747,0.361747,0.361747,0.361747,0.361747
6.1615,6.16144,6.16146,48.4211,9019.98,8977.23,242.625,26297.3,26087,0.361872,0.361872,0.361872,0.361872,0.361872,0.361872
6.16756,6.1675,6.16753,48.4779,9100.92,9058.13,243.153,26370.6,26159.9,0.361997,0.361997,0.361997,0.361997,0.361997,0.361997
6.17362,6.17357,6.17359,48.5253,9182.38,9139.55,243.682,26444.4,26233.3,0.362122,0.362122,0.362122,0.362122,0.362122,0.362122
6.1797,6.17964,6.17966,48.5708,9264.71,9221.85,244.212,26518.6,26307,0.362247,0.362247,0.362247,0.362247,0.362247,0.362247
6.18577,6.18571,6.18574,48.6353,9347.7,9304.79,244.742,26593.2,26381.1,0.362372,0.362372,0.362372,0.362372,0.362372,0.362372
6.19185,6.19179,6.19182,48.6706,9431.24,9388.3,245.273,26668.3,26455.7,0.362497,0.362497,0.362497,0.362497,0.362497,0.362497
6.19793,6.19787,6.1979,48.7165,9515.42,9472.46,245.805,26743.7,26530.7,0.362622,0.362622,0.362622,0.362622,0.362622,0.362622
6.20402,6.20396,6.20399,48.7692,9600.18,9557.17,246.338,26819.6,26606.1,0.362747,0.362747,0.362747,0.362747,0.362747,0.362747
6.21011,6.21006,6.21008,48.8364,9685.43,9642.37,246.872,26895.9,26681.9,0.362872,0.362872,0.362872,0.362872,0.362872,0.362872
6.21621,6.21615,6.21618,48.8694,9771.47,9728.39,247.407,26972.6,26758.2,0.362997,0.362997,0.362997,0.362997,0.362997,0.362997
6.22231,6.22225,6.22228,48.9074,9857.86,9814.76,247.942,27049.7,26834.8,0.363122,0.363122,0.363122,0.363122,0.363122,0.363122
6.22842,6.22836,6.22839,48.9535,9945.13,9902,248.478,27127.3,26911.9,0.363247,0.363247,0.363247,0.363247,0.363247,0.363247
6.23453,6.23447,6.2345,49.0013,10032.9,9989.71,249.016,27205.3,26989.5,0.363372,0.363372,0.363372,0.363372,0.363372,0.363372
6.24065,6.24059,6.24062,49.0461,10121.1,10077.9,249.554,27283.7,27067.4,0.363497,0.363497,0.363497,0.363497,0.363497,0.363497
6.24677,6.24671,6.24674,49.0997,10210.1,10166.8,250.092,27362.6,27145.8,0.363622,0.363622,0.363622,0.363622,0.363622,0.363622
6.25289,6.25283,6.25286,49.1413,10299.8,10256.5,250.632,27441.9,27224.7,0.363747,0.363747,0.363747,0.363747,0.363747,0.363747
6.25902,6.25896,6.25899,49.1884,10389.8,10346.5,251.172,27521.7,27303.9,0.363872,0.363872,0.363872,0.363872,0.363872,0.363872
6.26515,6.2651,6.26512,49.2308,10480.7,10437.4,251.714,27601.8,27383.7,0.363997,0.363997,0.363997,0.363997,0.363997,0.363997
6.27129,6.27123,6.27126,49.2721,10572.4,10529,252.256,27682.5,27463.8,0.364122,0.364122,0.364122,0.364122,0.364122,0.364122
6.27744,6.27738,6.2774,49.3329,10664.9,10621.5,252.799,27763.6,27544.4,0.364247,0.364247,0.364247,0.364247,0.364247,0.364247
6.28358,6.28352,6.28355,49.379,10757.7,10714.2,253.343,27845.1,27625.5,0.364372,0.364372,0.364372,0.364372,0.364372,0.364372
6.28974,6.28967,6.2897,49.4263,10851.5,10808,253.887,27927.1,27707,0.364497,0.364497,0.364497,0.364497,0.364497,0.364497
6.29589,6.29583,6.29586,49.4789,10945.9,10902.4,254.433,28009.5,27789,0.364622,0.364622,0.364622,0.364622,0.364622,0.364622
6.30205,6.30199,6.30202,49.5115,11040.8,10997.3,254.979,28092.5,27871.4,0.364747,0.364747,0.364747,0.364747,0.364747,0.364747
6.30822,6.30816,6.30819,49.5556,11136.6,11093,255.527,28175.8,27954.3,0.364872,0.364872,0.364872,0.364872,0.364872,0.364872
6.31439,6.31433,6.31436,49.6046,11233.3,11189.7,256.075,28259.7,28037.6,0.364997,0.364997,0.364997,0.364997,0.364997,0.364997
6.32056,6.3205,6.32053,49.6481,11329.9,11286.3,256.624,28343.9,28121.5,0.365122,0.365122,0.365122,0.365122,0.365122,0.365122
6.32674,6.32668,6.32671,49.7033,11426.8,11383.1,257.173,28428.7,28205.7,0.365247,0.365247,0.365247,0.365247,0.365247,0.365247
6.33293,6.33287,6.3329,49.7356,11524.3,11480.6,257.724,28513.9,28290.5,0.365372,0.365372,0.365372,0.365372,0.365372,0.365372
6.33912,6.33906,6.33909,49.7736,11621.9,11578.2,258.275,28599.6,28375.7,0.365497,0.365497,0.365497,0.365497,0.365497,0.365497
6.34531,6.34525,6.34528,49.8135,11719.6,11675.8,258.827,28685.8,28461.4,0.365622,0.365622,0.365622,0.365622,0.365622,0.365622
6.35151,6.35145,6.35148,49.842,11817.9,11774.2,259.38,28772.5,28547.6,0.365747,0.365747,0.365747,0.365747,0.365747,0.365747
6.35771,6.35765,6.35768,49.8698,11916.3,11872.5,259.934,28859.6,28634.2,0.365872,0.365872,0.365872,0.365872,0.365872,0.365872
6.36392,6.36386,6.36388,49.9207,12015.1,11971.3,260.488,28947.2,28721.3,0.365997,0.365997,0.365997,0.365997,0.365997,0.365997
6.37013,6.37007,6.3701,49.9525,12114.1,12070.3,261.044,29035.2,28808.9,0.366122,0.366122,0.366122,0.366122,0.366122,0.366122
6.37634,6.37628,6.37631,49.9987,12213.7,12169.9,261.6,29123.8,28896.9,0.366247,0.366247,0.366247,0.366247,0.366247,0.366247
6.38256,6.3825,6.38253,50.0435,12313.9,12270,262.157,29212.8,28985.5,0.366372,0.366372,0.366372,0.366372,0.366372,0.366372
6.38879,6.38873,6.38876,50.0907,12415,12371.1,262.715,29302.3,29074.5,0.366497,0.366497,0.366497,0.366497,0.366497,0.366497
6.39502,6.39496,6.39499,50.1085,12516.9,12473,263.273,29392.3,29164,0.366622,0.366622,0.366622,0.366622,0.366622,0.366622
6.40125,6.40119,6.40122,50.1601,12619.7,12575.8,263.833,29482.8,29254,0.366747,0.366747,0.366747,0.366747,0.366747,0.366747
6.40749,6.40743,6.40746,50.1989,12723.9,12679.9,264.393,29573.8,29344.5,0.366872,0.366872,0.366872,0.366872,0.366872,0.366872
6.41374,6.41367,6.4137,50.2344,12828.8,12784.8,264.954,29665.2,29435.5,0.366997,0.366997,0.366997,0.366997,0.366997,0.366997
6.41998,6.41992,6.41995,50.2605,12934.7,12890.7,265.516,29757.2,29526.9,0.367122,0.367122,0.367122,0.367122,0.367122,0.367122
6.42624,6.42617,6.42621,50.2966,13041.7,12997.6,266.079,29849.7,29618.9,0.367247,0.367247,0.367247,0.367247,0.367247,0.367247
6.43249,6.43243,6.43246,50.3339,13149.5,13105.5,266.642,29942.7,29711.4,0.367372,0.367372,0.367372,0.367372,0.367372,0.367372
6.43876,6.43869,6.43872,50.363,13257.8,13213.8,267.207,30036.1,29804.4,0.367497,0.367497,0.367497,0.367497,0.367497,0.367497
6.44502,6.44496,6.44499,50.4046,13366.9,13322.8,267.772,30130.2,29897.9,0.367622,0.367622,0.367622,0.367622,0.367622,0.367622
6.45129,6.45123,6.45126,50.4492,13476.8,13432.6,268.338,30224.7,29992,0.367747,0.367747,0.367747,0.367747,0.367747,0.367747
6.45757,6.45751,6.45754,50.4947,13586.7,13542.6,268.904,30319.7,30086.5,0.367872,0.367872,0.367872,0.367872,0.367872,0.367872
6.46385,6.46379,6.46382,50.5463,13697.7,13653.5,269.472,30415.3,30181.6,0.367997,0.367997,0.367997,0.367997,0.367997,0.367997
6.47013,6.47007,6.4701,50.5862,13809.4,13765.2,270.04,30511.4,30277.1,0.368122,0.368122,0.368122,0.368122,0.368122,0.368122
6.47642,6.47636,6.47639,50.6233,13921.4,13877.2,270.61,30608,30373.3,0.368247,0.368247,0.368247,0.368247,0.368247,0.368247
6.48272,6.48265,6.48269,50.6611,14034.2,13989.9,271.18,30705.1,30469.9,0.368372,0.368372,0.368372,0.368372,0.368372,0.368372
6.48902,6.48895,6.48899,50.6867,14147.6,14103.3,271.751,30802.8,30567.1,0.368497,0.368497,0.368497,0.368497,0.368497,0.368497
6.49532,6.49526,6.49529,50.7298,14261.4,14217.1,272.323,30901,30664.8,0.368622,0.368622,0.368622,0.368622,0.368622,0.368622
6.50163,6.50156,6.5016,50.7847,14375.4,14331.1,272.895,30999.7,30763,0.368747,0.368747,0.368747,0.368747,0.368747,0.368747
6.50794,6.50788,6.50791,50.8233,14490.4,14446.1,273.469,31099,30861.8,0.368872,0.368872,0.368872,0.368872,0.368872,0.368872
6.51426,6.51419,6.51423,50.8669,14606,14561.7,274.043,31198.8,30961.1,0.368997,0.368997,0.368997,0.368997,0.368997,0.368997
6.52058,6.52051,6.52055,50.9213,14722.3,14677.9,274.618,31299.1,31060.9,0.369122,0.369122,0.369122,0.369122,0.369122,0.369122
6.5269,6.52684,6.52687,50.9656,14838.9,14794.5,275.194,31400,31161.3,0.369247,0.369247,0.369247,0.369247,0.369247,0.369247
6.53323,6.53317,6.53321,51.0139,14956.2,14911.8,275.771,31501.4,31262.2,0.369372,0.369372,0.369372,0.369372,0.369372,0.369372
6.53957,6.53951,6.53954,51.0401,15074,15029.5,276.349,31603.4,31363.7,0.369497,0.369497,0.369497,0.369497,0.369497,0.369497
6.54591,6.54585,6.54588,51.0739,15192.6,15148.1,276.927,31706,31465.7,0.369622,0.369622,0.369622,0.369622,0.369622,0.369622
6.55225,6.55219,6.55223,51.1084,15311.5,15266.9,277.507,31809.1,31568.3,0.369747,0.369747,0.369747,0.369747,0.369747,0.369747
6.5586,6.55854,6.55857,51.15,15431.4,15386.9,278.087,31912.7,31671.5,0.369872,0.369872,0.369872,0.369872,0.369872,0.369872
6.56496,6.56489,6.56493,51.1834,15551.8,15507.3,278.668,32016.9,31775.2,0.369997,0.369997,0.369997,0.369997,0.369997,0.369997
6.57132,6.57125,6.57129,51.223,15673.1,15628.5,279.249,32121.7,31879.4,0.370122,0.370122,0.370122,0.370122,0.370122,0.370122
6.57768,6.57762,6.57765,51.2607,15794.6,15750,279.832,32227,31984.3,0.370247,0.370247,0.370247,0.370247,0.370247,0.370247
6.58405,6.58398,6.58402,51.2862,15916.5,15871.9,280.415,32332.9,32089.7,0.370372,0.370372,0.370372,0.370372,0.370372,0.370372
6.59042,6.59036,6.59039,51.3104,16039.2,15994.6,281,32439.4,32195.6,0.370497,0.370497,0.370497,0.370497,0.370497,0.370497
6.5968,6.59673,6.59677,51.3606,16162.4,16117.8,281.585,32546.4,32302.1,0.370622,0.370622,0.370622,0.370622,0.370622,0.370622
6.60318,6.60311,6.60315,51.3843,16286.2,16241.5,282.17,32654,32409.2,0.370747,0.370747,0.370747,0.370747,0.370747,0.370747
6.60956,6.6095,6.60954,51.423,16410.8,16366.1,282.757,32762.2,32516.9,0.370872,0.370872,0.370872,0.370872,0.370872,0.370872
6.61595,6.61589,6.61593,51.4648,16535.5,16490.7,283.345,32871,32625.2,0.370997,0.370997,0.370997,0.370997,0.370997,0.370997
6.62235,6.62229,6.62232,51.5065,16661.1,16616.3,283.933,32980.4,32734,0.371122,0.371122,0.371122,0.371122,0.371122,0.371122
6.62875,6.62869,6.62872,51.534,16786.5,16741.7,284.522,33090.3,32843.4,0.371247,0.371247,0.371247,0.371247,0.371247,0.371247
6.63516,6.63509,6.63513,51.5794,16912.6,16867.8,285.112,33200.8,32953.4,0.371372,0.371372,0.371372,0.371372,0.371372,0.371372
6.64157,6.6415,6.64154,51.6069,17038.8,16994,285.703,33311.9,33064,0.371497,0.371497,0.371497,0.371497,0.371497,0.371497
6.64798,6.64792,6.64795,51.6487,17165.5,17120.6,286.294,33423.6,33175.2,0.371622,0.371622,0.371622,0.371622,0.371622,0.371622
6.6544,6.65433,6.65437,51.6883,17292.6,17247.8,286.887,33535.9,33287,0.371747,0.371747,0.371747,0.371747,0.371747,0.371747
6.66082,6.66076,6.6608,51.7142,17419.6,17374.7,287.48,33648.8,33399.3,0.371872,0.371872,0.371872,0.371872,0.371872,0.371872
6.66725,6.66718,6.66722,51.7392,17547.2,17502.3,288.074,33762.2,33512.3,0.371997,0.371997,0.371997,0.371997,0.371997,0.371997
6.67368,6.67362,6.67366,51.768,17675,17630.1,288.669,33876.3,33625.8,0.372122,0.372122,0.372122,0.372122,0.372122,0.372122
6.68012,6.68006,6.6801,51.7845,17803.1,17758.2,289.264,33991,33740,0.372247,0.372247,0.372247,0.372247,0.372247,0.372247
6.68656,6.6865,6.68654,51.8032,17931.6,17886.7,289.861,34106.2,33854.7,0.372372,0.372372,0.372372,0.372372,0.372372,0.372372
6.69301,6.69294,6.69298,51.8365,18060.6,18015.7,290.458,34222.1,33970.1,0.372497,0.372497,0.372497,0.372497,0.372497,0.372497
6.69946,6.6994,6.69943,51.863,18190,18145.1,291.056,34338.6,34086,0.372622,0.372622,0.372622,0.372622,0.372622,0.372622
6.70592,6.70585,6.70589,51.8852,18319.3,18274.3,291.654,34455.6,34202.6,0.372747,0.372747,0.372747,0.372747,0.372747,0.372747
6.71238,6.71231,6.71235,51.9145,18449.2,18404.3,292.254,34573.3,34319.7,0.372872,0.372872,0.372872,0.372872,0.372872,0.372872
6.71884,6.71878,6.71882,51.9399,18579,18534.1,292.854,34691.6,34437.5,0.372997,0.372997,0.372997,0.372997,0.372997,0.372997
6.72531,6.72525,6.72529,51.9664,18709.7,18664.8,293.455,34810.5,34555.9,0.373122,0.373122,0.373122,0.373122,0.373122,0.373122
6.73179,6.73172,6.73176,51.9958,18841,18796,294.056,34930,34674.9,0.373247,0.373247,0.373247,0.373247,0.373247,0.373247
6.73827,6.7382,6.73824,52.0162,18972.5,18927.5,294.659,35050.1,34794.5,0.373372,0.373372,0.373372,0.373372,0.373372,0.373372
6.74475,6.74469,6.74473,52.0312,19103.7,19058.7,295.262,35170.9,34914.7,0.373497,0.373497,0.373497,0.373497,0.373497,0.373497
6.75124,6.75117,6.75121,52.0701,19235.1,19190.1,295.866,35292.2,35035.5,0.373622,0.373622,0.373622,0.373622,0.373622,0.373622
6.75773,6.75767,6.75771,52.0838,19367,19322,296.471,35414.2,35157,0.373747,0.373747,0.373747,0.373747,0.373747,0.373747
6.76423,6.76416,6.76421,52.0892,19499.5,19454.5,297.077,35536.8,35279.1,0.373872,0.373872,0.373872,0.373872,0.373872,0.373872
6.77073,6.77067,6.77071,52.1164,19632.3,19587.3,297.683,35660.1,35401.8,0.373997,0.373997,0.373997,0.373997,0.373997,0.373997
6.77724,6.77717,6.77722,52.1387,19765.6,19720.6,298.29,35783.9,35525.1,0.374122,0.374122,0.374122,0.374122,0.374122,0.374122
6.78375,6.78369,6.78373,52.1523,19898.8,19853.8,298.897,35908.4,35649.1,0.374247,0.374247,0.374247,0.374247,0.374247,0.374247
6.79027,6.7902,6.79025,52.1665,20033,19988,299.506,36033.5,35773.6,0.374371,0.374371,0.374371,0.374371,0.374371,0.374371
6.79679,6.79672,6.79677,52.1557,20166.9,20122,300.115,36159.3,35898.9,0.374496,0.374496,0.374496,0.374496,0.374496,0.374496
6.80332,6.80325,6.80329,52.1627,20301.4,20256.4,300.725,36285.6,36024.7,0.374621,0.374621,0.374621,0.374621,0.374621,0.374621
6.80985,6.80978,6.80982,52.1854,20436.2,20391.3,301.335,36412.7,36151.2,0.374746,0.374746,0.374746,0.374746,0.374746,0.374746
6.81638,6.81632,6.81636,52.1983,20571.1,20526.1,301.946,36540.3,36278.3,0.374871,0.374871,0.374871,0.374871,0.374871,0.374871
6.82292,6.82286,6.8229,52.2065,20706.2,20661.3,302.558,36668.6,36406.1,0.374996,0.374996,0.374996,0.374996,0.374996,0.374996
6.82947,6.8294,6.82944,52.2312,20841.6,20796.6,303.171,36797.6,36534.5,0.375121,0.375121,0.375121,0.375121,0.375121,0.375121
6.83602,6.83595,6.83599,52.2359,20977.6,20932.6,303.784,36927.2,36663.6,0.375246,0.375246,0.375246,0.375246,0.375246,0.375246
6.84257,6.8425,6.84255,52.2504,21113.5,21068.5,304.398,37057.4,36793.3,0.375371,0.375371,0.375371,0.375371,0.375371,0.375371
6.84913,6.84906,6.84911,52.2545,21249.8,21204.9,305.013,37188.3,36923.6,0.375496,0.375496,0.375496,0.375496,0.375496,0.375496
6.85569,6.85563,6.85567,52.2648,21387,21342,305.629,37319.8,37054.6,0.375621,0.375621,0.375621,0.375621,0.375621,0.375621
6.86226,6.8622,6.86224,52.2858,21523.7,21478.8,306.245,37452,37186.3,0.375746,0.375746,0.375746,0.375746,0.375746,0.375746
6.86884,6.86877,6.86881,52.2968,21660.9,21616,306.862,37584.8,37318.6,0.375871,0.375871,0.375871,0.375871,0.375871,0.375871
6.87541,6.87535,6.87539,52.3019,21798.7,21753.8,307.479,37718.3,37451.6,0.375996,0.375996,0.375996,0.375996,0.375996,0.375996
6.882,6.88193,6.88197,52.3157,21936.6,21891.7,308.097,37852.5,37585.2,0.376121,0.376121,0.376121,0.376121,0.376121,0.376121
6.88858,6.88852,6.88856,52.3234,22074.9,22030,308.716,37987.3,37719.5,0.376246,0.376246,0.376246,0.376246,0.376246,0.376246
6.89518,6.89511,6.89515,52.3375,22213,22168,309.336,38122.8,37854.4,0.376371,0.376371,0.376371,0.376371,0.376371,0.376371
6.90177,6.90171,6.90175,52.3363,22351.7,22306.8,309.956,38259,37990,0.376496,0.376496,0.376496,0.376496,0.376496,0.376496
6.90837,6.90831,6.90835,52.3294,22490.4,22445.6,310.577,38395.8,38126.3,0.376621,0.376621,0.376621,0.376621,0.376621,0.376621
6.91498,6.91491,6.91496,52.3193,22629.2,22584.3,311.199,38533.2,38263.2,0.376746,0.376746,0.376746,0.376746,0.376746,0.376746
6.92159,6.92152,6.92157,52.3139,22768.9,22724.1,311.821,38671.4,38400.9,0.376871,0.376871,0.376871,0.376871,0.376871,0.376871
6.9282,6.92814,6.92818,52.3105,22908.2,22863.4,312.444,38810.2,38539.1,0.376996,0.376996,0.376996,0.376996,0.376996,0.376996
6.93482,6.93476,6.9348,52.2947,23047.8,23003.1,313.067,38949.7,38678.1,0.377121,0.377121,0.377121,0.377121,0.377121,0.377121
6.94145,6.94138,6.94143,52.3038,23187.9,23143.2,313.691,39089.9,38817.7,0.377246,0.377246,0.377246,0.377246,0.377246,0.377246
6.94808,6.94801,6.94806,52.296,23328,23283.2,314.316,39230.8,38958.1,0.377371,0.377371,0.377371,0.377371,0.377371,0.377371
6.95471,6.95465,6.95469,52.303,23468.4,23423.7,314.941,39372.3,39099.1,0.377496,0.377496,0.377496,0.377496,0.377496,0.377496
6.96135,6.96129,6.96133,52.3008,23609.6,23564.9,315.567,39514.5,39240.7,0.377621,0.377621,0.377621,0.377621,0.377621,0.377621
6.96799,6.96793,6.96797,52.2929,23750.9,23706.3,316.194,39657.4,39383.1,0.377746,0.377746,0.377746,0.377746,0.377746,0.377746
6.97464,6.97458,6.97462,52.2902,23892.2,23847.5,316.821,39801,39526.2,0.377871,0.377871,0.377871,0.377871,0.377871,0.377871
6.9813,6.98123,6.98128,52.2872,24034,23989.3,317.449,39945.3,39669.9,0.377996,0.377996,0.377996,0.377996,0.377996,0.377996
6.98795,6.98789,6.98793,52.2968,24176.2,24131.5,318.077,40090.3,39814.3,0.378121,0.378121,0.378121,0.378121,0.378121,0.378121
6.99462,6.99455,6.9946,52.2832,24318.1,24273.5,318.707,40236,39959.5,0.378246,0.378246,0.378246,0.378246,0.378246,0.378246
7.00128,7.00122,7.00126,52.2912,24460.6,24416,319.336,40382.3,40105.3,0.378371,0.378371,0.378371,0.378371,0.378371,0.378371
7.00796,7.00789,7.00794,52.275,24602.8,24558.2,319.967,40529.4,40251.8,0.378496,0.378496,0.378496,0.378496,0.378496,0.378496
7.01463,7.01457,7.01461,52.2485,24745.6,24701.1,320.598,40677.1,40399,0.378621,0.378621,0.378621,0.378621,0.378621,0.378621
7.02132,7.02125,7.02129,52.2374,24888.4,24843.9,321.229,40825.6,40546.9,0.378746,0.378746,0.378746,0.378746,0.378746,0.378746
7.028,7.02794,7.02798,52.2281,25031.7,24987.2,321.861,40974.8,40695.6,0.378871,0.378871,0.378871,0.378871,0.378871,0.378871
7.03469,7.03463,7.03467,52.2199,25175.4,25131,322.494,41124.6,40844.9,0.378996,0.378996,0.378996,0.378996,0.378996,0.378996
7.04139,7.04132,7.04137,52.2071,25319,25274.6,323.127,41275.2,40994.9,0.379121,0.379121,0.379121,0.379121,0.379121,0.379121
7.04809,7.04802,7.04807,52.1945,25463,25418.6,323.761,41426.5,41145.7,0.379246,0.379246,0.379246,0.379246,0.379246,0.379246
7.05479,7.05473,7.05477,52.185,25606.7,25562.3,324.395,41578.5,41297.1,0.379371,0.379371,0.379371,0.379371,0.379371,0.379371
7.0615,7.06144,7.06148,52.1824,25751,25706.6,325.03,41731.2,41449.3,0.379496,0.379496,0.379496,0.379496,0.379496,0.379496
7.06821,7.06815,7.0682,52.1509,25895.7,25851.4,325.666,41884.7,41602.2,0.379621,0.379621,0.379621,0.379621,0.379621,0.379621
7.07493,7.07487,7.07491,52.1572,26040.6,25996.3,326.302,42038.8,41755.8,0.379746,0.379746,0.379746,0.379746,0.379746,0.379746
7.08166,7.08159,7.08164,52.1321,26185.6,26141.3,326.939,42193.7,41910.1,0.379871,0.379871,0.379871,0.379871,0.379871,0.379871
7.08839,7.08832,7.08837,52.1105,26331,26286.8,327.576,42349.3,42065.2,0.379996,0.379996,0.379996,0.379996,0.379996,0.379996
7.09512,7.09506,7.0951,52.0892,26476.1,26432,328.213,42505.6,42220.9,0.380121,0.380121,0.380121,0.380121,0.380121,0.380121
7.10186,7.10179,7.10184,52.0492,26621.5,26577.4,328.852,42662.7,42377.4,0.380246,0.380246,0.380246,0.380246,0.380246,0.380246
7.1086,7.10854,7.10858,52.024,26767.4,26723.4,329.49,42820.5,42534.7,0.380371,0.380371,0.380371,0.380371,0.380371,0.380371
7.11535,7.11528,7.11533,52.002,26913.5,26869.5,330.129,42979,42692.6,0.380496,0.380496,0.380496,0.380496,0.380496,0.380496
7.1221,7.12204,7.12208,51.9888,27060.2,27016.2,330.769,43138.2,42851.3,0.380621,0.380621,0.380621,0.380621,0.380621,0.380621
7.12886,7.12879,7.12884,51.9576,27206.4,27162.5,331.409,43298.2,43010.7,0.380746,0.380746,0.380746,0.380746,0.380746,0.380746
7.13562,7.13556,7.1356,51.9333,27353.3,27309.4,332.05,43458.9,43170.9,0.380871,0.380871,0.380871,0.380871,0.380871,0.380871
7.14239,7.14232,7.14237,51.9111,27499.6,27455.7,332.691,43620.4,43331.8,0.380996,0.380996,0.380996,0.380996,0.380996,0.380996
7.14916,7.14909,7.14914,51.8909,27646.7,27602.8,333.333,43782.6,43493.5,0.381121,0.381121,0.381121,0.381121,0.381121,0.381121
7.15593,7.15587,7.15592,51.8736,27794,27750.2,333.975,43945.5,43655.9,0.381246,0.381246,0.381246,0.381246,0.381246,0.381246
7.16271,7.16265,7.1627,51.8662,27941.7,27897.9,334.618,44109.2,43819,0.381371,0.381371,0.381371,0.381371,0.381371,0.381371
7.1695,7.16944,7.16948,51.8362,28089.2,28045.4,335.262,44273.6,43982.9,0.381496,0.381496,0.381496,0.381496,0.381496,0.381496
7.17629,7.17623,7.17627,51.8328,28237.2,28193.4,335.905,44438.8,44147.5,0.381621,0.381621,0.381621,0.381621,0.381621,0.381621
7.18309,7.18302,7.18307,51.8187,28385.3,28341.6,336.55,44604.8,44312.9,0.381746,0.381746,0.381746,0.381746,0.381746,0.381746
7.18989,7.18982,7.18987,51.78,28533.2,28489.6,337.195,44771.5,44479,0.381871,0.381871,0.381871,0.381871,0.381871,0.381871
7.19669,7.19663,7.19667,51.7694,28681.9,28638.3,337.84,44938.9,44645.9,0.381996,0.381996,0.381996,0.381996,0.381996,0.381996
7.2035,7.20344,7.20348,51.7357,28830.5,28786.9,338.486,45107.1,44813.6,0.382121,0.382121,0.382121,0.382121,0.382121,0.382121
7.21032,7.21025,7.2103,51.7064,28979.2,28935.7,339.133,45276.1,44982,0.382246,0.382246,0.382246,0.382246,0.382246,0.382246
7.21713,7.21707,7.21712,51.6687,29127.9,29084.5,339.78,45445.8,45151.2,0.382371,0.382371,0.382371,0.382371,0.382371,0.382371
7.22396,7.22389,7.22394,51.6346,29277.1,29233.7,340.427,45616.3,45321.1,0.382496,0.382496,0.382496,0.382496,0.382496,0.382496
7.23079,7.23072,7.23077,51.6053,29426.8,29383.4,341.075,45787.6,45491.9,0.382621,0.382621,0.382621,0.382621,0.382621,0.382621
7.23762,7.23756,7.2376,51.5895,29576.5,29533.1,341.723,45959.7,45663.3,0.382746,0.382746,0.382746,0.382746,0.382746,0.382746
7.24446,7.24439,7.24444,51.556,29726.4,29683.1,342.372,46132.5,45835.6,0.382871,0.382871,0.382871,0.382871,0.382871,0.382871
7.2513,7.25124,7.25129,51.5136,29876.2,29832.9,343.021,46306.1,46008.6,0.382996,0.382996,0.382996,0.382996,0.382996,0.382996
7.25815,7.25809,7.25813,51.4684,30026.3,29983.2,343.67,46480.4,46182.4,0.383121,0.383121,0.383121,0.383121,0.383121,0.383121
7.265,7.26494,7.26499,51.45,30177.1,30134,344.32,46655.6,46357,0.383246,0.383246,0.383246,0.383246,0.383246,0.383246
7.27186,7.27179,7.27184,51.4299,30327.6,30284.5,344.971,46831.5,46532.4,0.383371,0.383371,0.383371,0.383371,0.383371,0.383371
7.27872,7.27866,7.27871,51.3966,30478.7,30435.7,345.622,47008.2,46708.5,0.383496,0.383496,0.383496,0.383496,0.383496,0.383496
7.28559,7.28552,7.28557,51.346,30629.6,30586.6,346.273,47185.7,46885.5,0.383621,0.383621,0.383621,0.383621,0.383621,0.383621
7.29246,7.29239,7.29245,51.3145,30780.3,30737.4,346.925,47364,47063.2,0.383746,0.383746,0.383746,0.383746,0.383746,0.383746
7.29934,7.29927,7.29932,51.2821,30931.9,30889,347.577,47543.1,47241.7,0.383871,0.383871,0.383871,0.383871,0.383871,0.383871
7.30622,7.30615,7.3062,51.2314,31083.7,31040.9,348.23,47722.9,47421,0.383996,0.383996,0.383996,0.383996,0.383996,0.383996
7.3131,7.31304,7.31309,51.1905,31235.6,31192.9,348.883,47903.6,47601.2,0.384121,0.384121,0.384121,0.384121,0.384121,0.384121
7.31999,7.31993,7.31998,51.1479,31387.3,31344.6,349.536,48085.1,47782.1,0.384246,0.384246,0.384246,0.384246,0.384246,0.384246
7.32689,7.32683,7.32688,51.1057,31539.7,31497,350.189,48267.3,47963.8,0.384371,0.384371,0.384371,0.384371,0.384371,0.384371
7.33379,7.33373,7.33378,51.067,31692.5,31649.9,350.844,48450.4,48146.3,0.384496,0.384496,0.384496,0.384496,0.384496,0.384496
7.34069,7.34063,7.34068,51.0166,31845,31802.5,351.498,48634.3,48329.6,0.384621,0.384621,0.384621,0.384621,0.384621,0.384621
7.3476,7.34754,7.34759,50.9695,31998.1,31955.7,352.153,48818.9,48513.7,0.384746,0.384746,0.384746,0.384746,0.384746,0.384746
7.35452,7.35446,7.35451,50.9216,32150.5,32108.2,352.808,49004.4,48698.6,0.384871,0.384871,0.384871,0.384871,0.384871,0.384871
7.36144,7.36138,7.36142,50.8696,32303.5,32261.2,353.463,49190.7,48884.3,0.384996,0.384996,0.384996,0.384996,0.384996,0.384996
7.36836,7.3683,7.36835,50.8184,32456.2,32414,354.119,49377.8,49070.9,0.385121,0.385121,0.385121,0.385121,0.385121,0.385121
7.37529,7.37523,7.37528,50.7714,32610.1,32567.9,354.775,49565.8,49258.3,0.385246,0.385246,0.385246,0.385246,0.385246,0.385246
7.38223,7.38217,7.38221,50.7429,32763.1,32721,355.431,49754.5,49446.4,0.385371,0.385371,0.385371,0.385371,0.385371,0.385371
7.38916,7.38911,7.38915,50.7115,32916.7,32874.6,356.088,49944.1,49635.4,0.385496,0.385496,0.385496,0.385496,0.385496,0.385496
7.39611,7.39605,7.3961,50.6518,33070.5,33028.5,356.746,50134.5,49825.3,0.385621,0.385621,0.385621,0.385621,0.385621,0.385621
7.40306,7.403,7.40304,50.6011,33225.1,33183.2,357.403,50325.7,50015.9,0.385746,0.385746,0.385746,0.385746,0.385746,0.385746
7.41001,7.40996,7.41,50.5598,33378.6,33336.8,358.061,50517.7,50207.4,0.385871,0.385871,0.385871,0.385871,0.385871,0.385871
7.41697,7.41691,7.41696,50.5093,33533,33491.2,358.719,50710.6,50399.7,0.385996,0.385996,0.385996,0.385996,0.385996,0.385996
7.42393,7.42388,7.42392,50.473,33687.4,33645.7,359.378,50904.3,50592.8,0.386121,0.386121,0.386121,0.386121,0.386121,0.386121
7.4309,7.43085,7.43089,50.4266,33842,33800.3,360.037,51098.8,50786.8,0.386246,0.386246,0.386246,0.386246,0.386246,0.386246
7.43787,7.43782,7.43786,50.3737,33996.8,33955.2,360.696,51294.2,50981.6,0.386371,0.386371,0.386371,0.386371,0.386371,0.386371
7.44485,7.4448,7.44484,50.3392,34151.9,34110.4,361.355,51490.4,51177.2,0.386496,0.386496,0.386496,0.386496,0.386496,0.386496
7.45183,7.45178,7.45182,50.2837,34306.7,34265.2,362.015,51687.4,51373.7,0.386621,0.386621,0.386621,0.386621,0.386621,0.386621
7.45882,7.45877,7.45881,50.2098,34461.7,34420.3,362.675,51885.3,51571.1,0.386746,0.386746,0.386746,0.386746,0.386746,0.386746
7.46581,7.46576,7.4658,50.1776,34616.7,34575.3,363.336,52084,51769.2,0.386871,0.386871,0.386871,0.386871,0.386871,0.386871
7.47281,7.47276,7.4728,50.1286,34772.1,34730.8,363.997,52283.6,51968.2,0.386996,0.386996,0.386996,0.386996,0.386996,0.386996
7.47981,7.47976,7.4798,50.0734,34928,34886.8,364.658,52484,52168.1,0.387121,0.387121,0.387121,0.387121,0.387121,0.387121
7.48682,7.48677,7.4868,50.0168,35084,35042.8,365.319,52685.3,52368.8,0.387246,0.387246,0.387246,0.387246,0.387246,0.387246
7.49383,7.49378,7.49381,49.9689,35240.3,35199.2,365.981,52887.4,52570.4,0.387371,0.387371,0.387371,0.387371,0.387371,0.387371
7.50084,7.5008,7.50083,49.9208,35396.3,35355.3,366.643,53090.4,52772.8,0.387496,0.387496,0.387496,0.387496,0.387496,0.387496
7.50786,7.50782,7.50785,49.862,35552.6,35511.7,367.305,53294.3,52976.1,0.387621,0.387621,0.387621,0.387621,0.387621,0.387621
7.51489,7.51484,7.51488,49.8018,35708.8,35667.9,367.967,53499,53180.3,0.387746,0.387746,0.387746,0.387746,0.387746,0.387746
7.52192,7.52187,7.52191,49.7496,35865.2,35824.4,368.63,53704.6,53385.3,0.387871,0.387871,0.387871,0.387871,0.387871,0.387871
7.52895,7.52891,7.52894,49.6991,36021.3,35980.5,369.293,53911,53591.2,0.387996,0.387996,0.387996,0.387996,0.387996,0.387996
7.53599,7.53595,7.53598,49.6226,36177.8,36137.2,369.956,54118.3,53797.9,0.388121,0.388121,0.388121,0.388121,0.388121,0.388121
7.54304,7.543,7.54303,49.5497,36334.7,36294.2,370.62,54326.5,54005.5,0.388245,0.388245,0.388245,0.388245,0.388245,0.388245
7.55009,7.55005,7.55008,49.4645,36491.9,36451.4,371.283,54535.6,54214,0.38837,0.38837,0.38837,0.38837,0.38837,0.38837
7.55714,7.5571,7.55714,49.4159,36648.7,36608.3,371.947,54745.5,54423.4,0.388495,0.388495,0.388495,0.388495,0.388495,0.388495
7.5642,7.56416,7.56419,49.3518,36805.5,36765.2,372.61,54956.3,54633.6,0.38862,0.38862,0.38862,0.38862,0.38862,0.38862
7.57127,7.57123,7.57126,49.307,36962.7,36922.4,373.275,55168,54844.7,0.388745,0.388745,0.388745,0.388745,0.388745,0.388745
7.57834,7.5783,7.57833,49.2621,37118.8,37078.6,373.939,55380.6,55056.7,0.38887,0.38887,0.38887,0.38887,0.38887,0.38887
7.58541,7.58537,7.5854,49.2213,37276.2,37236.1,374.604,55594,55269.6,0.388995,0.388995,0.388995,0.388995,0.388995,0.388995
7.59249,7.59245,7.59248,49.151,37432.7,37392.7,375.269,55808.3,55483.4,0.38912,0.38912,0.38912,0.38912,0.38912,0.38912
7.59957,7.59954,7.59956,49.0932,37590.4,37550.4,375.934,56023.6,55698.1,0.389245,0.389245,0.389245,0.389245,0.389245,0.389245
7.60666,7.60663,7.60665,49.0273,37747.3,37707.4,376.599,56239.7,55913.6,0.38937,0.38937,0.38937,0.38937,0.38937,0.38937
7.61376,7.61372,7.61375,48.9676,37904.8,37865,377.265,56456.7,56130,0.389495,0.389495,0.389495,0.389495,0.389495,0.389495
7.62085,7.62082,7.62084,48.8924,38061.9,38022.2,377.931,56674.6,56347.4,0.38962,0.38962,0.38962,0.38962,0.38962,0.38962
7.62796,7.62793,7.62795,48.8336,38219.6,38180,378.597,56893.3,56565.6,0.389745,0.389745,0.389745,0.389745,0.389745,0.389745
7.63507,7.63504,7.63506,48.7592,38376.8,38337.2,379.263,57113,56784.7,0.38987,0.38987,0.38987,0.38987,0.38987,0.38987
7.64218,7.64215,7.64217,48.7046,38533.8,38494.4,379.929,57333.6,57004.7,0.389995,0.389995,0.389995,0.389995,0.389995,0.389995
7.6493,7.64927,7.64929,48.6425,38691.7,38652.3,380.596,57555.1,57225.6,0.39012,0.39012,0.39012,0.39012,0.39012,0.39012
7.65642,7.65639,7.65641,48.5721,38849.2,38809.8,381.262,57777.5,57447.5,0.390245,0.390245,0.390245,0.390245,0.390245,0.390245
7.66355,7.66352,7.66354,48.4947,39006.5,38967.3,381.929,58000.8,57670.2,0.39037,0.39037,0.39037,0.39037,0.39037,0.39037
7.67068,7.67065,7.67067,48.4316,39163,39123.9,382.596,58225,57893.9,0.390495,0.390495,0.390495,0.390495,0.390495,0.390495
7.67782,7.67779,7.6778,48.367,39320.6,39281.6,383.263,58450.1,58118.4,0.39062,0.39062,0.39062,0.39062,0.39062,0.39062
7.68496,7.68494,7.68495,48.28,39477.9,39439,383.93,58676.1,58343.9,0.390745,0.390745,0.390745,0.390745,0.390745,0.390745
7.69211,7.69208,7.69209,48.2215,39635.3,39596.4,384.597,58903.1,58570.2,0.39087,0.39087,0.39087,0.39087,0.39087,0.39087
7.69926,7.69924,7.69925,48.1657,39792.7,39753.9,385.265,59130.9,58797.5,0.390995,0.390995,0.390995,0.390995,0.390995,0.390995
7.70641,7.70639,7.7064,48.108,39950.5,39911.7,385.932,59359.7,59025.8,0.39112,0.39112,0.39112,0.39112,0.39112,0.39112
7.71358,7.71356,7.71356,48.0337,40107.9,40069.3,386.6,59589.4,59254.9,0.391245,0.391245,0.391245,0.391245,0.391245,0.391245
7.72074,7.72072,7.72073,47.9827,40265.1,40226.6,387.268,59820,59484.9,0.39137,0.39137,0.39137,0.39137,0.39137,0.39137
7.72791,7.7279,7.7279,47.9254,40422.7,40384.2,387.937,60051.6,59715.9,0.391495,0.391495,0.391495,0.391495,0.391495,0.391495
7.73509,7.73507,7.73508,47.8599,40579.8,40541.3,388.605,60284,59947.8,0.39162,0.39162,0.39162,0.39162,0.39162,0.39162
7.74227,7.74226,7.74226,47.8047,40737.3,40698.9,389.274,60517.4,60180.7,0.391745,0.391745,0.391745,0.391745,0.391745,0.391745
7.74946,7.74944,7.74945,47.7311,40894.8,40856.6,389.942,60751.7,60414.4,0.39187,0.39187,0.39187,0.39187,0.39187,0.39187
7.75665,7.75664,7.75664,47.6742,41052.7,41014.5,390.611,60987,60649.1,0.391995,0.391995,0.391995,0.391995,0.391995,0.391995
7.76384,7.76383,7.76383,47.6061,41210.2,41172.1,391.28,61223.2,60884.8,0.39212,0.39212,0.39212,0.39212,0.39212,0.39212
7.77105,7.77103,7.77103,47.5339,41367.2,41329.2,391.949,61460.3,61121.3,0.392245,0.392245,0.392245,0.392245,0.392245,0.392245
7.77825,7.77824,7.77824,47.4534,41525.1,41487.2,392.619,61698.4,61358.8,0.39237,0.39237,0.39237,0.39237,0.39237,0.39237
7.78546,7.78545,7.78545,47.3676,41682.9,41645.1,393.288,61937.4,61597.3,0.392495,0.392495,0.392495,0.392495,0.392495,0.392495
7.79268,7.79267,7.79266,47.3077,41840.4,41802.6,393.957,62177.4,61836.7,0.39262,0.39262,0.39262,0.39262,0.39262,0.39262
7.7999,7.79989,7.79988,47.2435,41997.6,41959.9,394.627,62418.3,62077,0.392745,0.392745,0.392745,0.392745,0.392745,0.392745
7.80712,7.80712,7.80711,47.1701,42155.3,42117.7,395.296,62660.1,62318.3,0.39287,0.39287,0.39287,0.39287,0.39287,0.39287
7.81435,7.81435,7.81434,47.0995,42312.6,42275.1,395.966,62902.9,62560.5,0.392995,0.392995,0.392995,0.392995,0.392995,0.392995
7.82159,7.82158,7.82157,47.0381,42470,42432.6,396.635,63146.7,62803.7,0.39312,0.39312,0.39312,0.39312,0.39312,0.39312
7.82883,7.82882,7.82881,46.9707,42627.3,42590,397.305,63391.4,63047.9,0.393245,0.393245,0.393245,0.393245,0.393245,0.393245
7.83607,7.83607,7.83606,46.8935,42784.5,42747.3,397.975,63637,63293,0.39337,0.39337,0.39337,0.39337,0.39337,0.39337
7.84332,7.84332,7.84331,46.8176,42941.3,42904.2,398.645,63883.7,63539,0.393495,0.393495,0.393495,0.393495,0.393495,0.393495
7.85057,7.85058,7.85056,46.7436,43098.9,43061.8,399.315,64131.2,63786,0.39362,0.39362,0.39362,0.39362,0.39362,0.39362
7.85783,7.85784,7.85782,46.6627,43255.2,43218.2,399.985,64379.8,64034,0.393745,0.393745,0.393745,0.393745,0.393745,0.393745
7.8651,7.8651,7.86509,46.5773,43411.7,43374.8,400.656,64629.3,64282.9,0.39387,0.39387,0.39387,0.39387,0.39387,0.39387
7.87237,7.87237,7.87236,46.4884,43569.2,43532.4,401.326,64879.7,64532.9,0.393995,0.393995,0.393995,0.393995,0.393995,0.393995
7.87964,7.87965,7.87963,46.4162,43725.9,43689.3,401.996,65131.2,64783.7,0.39412,0.39412,0.39412,0.39412,0.39412,0.39412
7.88692,7.88693,7.88691,46.3487,43882.1,43845.5,402.666,65383.6,65035.6,0.394245,0.394245,0.394245,0.394245,0.394245,0.394245
7.89421,7.89422,7.89419,46.2527,44039.3,44002.8,403.336,65636.9,65288.4,0.39437,0.39437,0.39437,0.39437,0.39437,0.39437
7.9015,7.90151,7.90148,46.1795,44196.1,44159.7,404.006,65891.3,65542.1,0.394495,0.394495,0.394495,0.394495,0.394495,0.394495
7.90879,7.9088,7.90878,46.1083,44352.4,44316.1,404.676,66146.6,65796.9,0.39462,0.39462,0.39462,0.39462,0.39462,0.39462
7.91609,7.9161,7.91607,46.0349,44508.3,44472.1,405.346,66402.9,66052.6,0.394745,0.394745,0.394745,0.394745,0.394745,0.394745
7.92339,7.92341,7.92338,45.9536,44664.9,44628.8,406.016,66660.1,66309.4,0.39487,0.39487,0.39487,0.39487,0.39487,0.39487
7.9307,7.93072,7.93069,45.8716,44821.1,44785,406.687,66918.4,66567,0.394995,0.394995,0.394995,0.394995,0.394995,0.394995
7.93801,7.93803,7.938,45.7948,44977.3,44941.4,407.357,67177.6,66825.7,0.39512,0.39512,0.39512,0.39512,0.39512,0.39512
7.94533,7.94535,7.94532,45.7191,45134,45098.2,408.027,67437.8,67085.4,0.395245,0.395245,0.395245,0.395245,0.395245,0.395245
7.95266,7.95268,7.95264,45.6453,45290.3,45254.5,408.697,67699,67346,0.39537,0.39537,0.39537,0.39537,0.39537,0.39537
7.95998,7.96001,7.95997,45.5659,45446.5,45410.9,409.367,67961.2,67607.6,0.395495,0.395495,0.395495,0.395495,0.395495,0.395495
7.96732,7.96734,7.96731,45.499,45603,45567.5,410.038,68224.4,67870.3,0.39562,0.39562,0.39562,0.39562,0.39562,0.39562
7.97466,7.97468,7.97464,45.4239,45759,45723.5,410.708,68488.6,68133.9,0.395745,0.395745,0.395745,0.395745,0.395745,0.395745
7.982,7.98202,7.98199,45.3508,45915.5,45880.1,411.378,68753.8,68398.5,0.39587,0.39587,0.39587,0.39587,0.39587,0.39587
7.98935,7.98937,7.98933,45.2674,46071.9,46036.6,412.048,69019.9,68664.1,0.395995,0.395995,0.395995,0.395995,0.395995,0.395995
7.9967,7.99673,7.99669,45.1919,46228.2,46192.9,412.719,69287.1,68930.7,0.39612,0.39612,0.39612,0.39612,0.39612,0.39612
8.00406,8.00409,8.00404,45.112,46384.1,46349,413.389,69555.3,69198.3,0.396245,0.396245,0.396245,0.396245,0.396245,0.396245
8.01142,8.01145,8.01141,45.0111,46539.2,46504.2,414.059,69824.4,69467,0.39637,0.39637,0.39637,0.39637,0.39637,0.39637
8.01879,8.01882,8.01877,44.9165,46694.5,46659.6,414.729,70094.6,69736.6,0.396495,0.396495,0.396495,0.396495,0.396495,0.396495
8.02616,8.02619,8.02615,44.8384,46849.5,46814.7,415.399,70365.8,70007.2,0.39662,0.39662,0.39662,0.39662,0.39662,0.39662
8.03354,8.03357,8.03352,44.7695,47005,46970.3,416.069,70638,70278.8,0.396745,0.396745,0.396745,0.396745,0.396745,0.396745
8.04092,8.04096,8.04091,44.7063,47160.3,47125.7,416.739,70911.2,70551.5,0.39687,0.39687,0.39687,0.39687,0.39687,0.39687
8.0483,8.04835,8.04829,44.6278,47314.7,47280.2,417.409,71185.4,70825.1,0.396995,0.396995,0.396995,0.396995,0.396995,0.396995
8.0557,8.05574,8.05569,44.5568,47469.8,47435.4,418.079,71460.6,71099.8,0.39712,0.39712,0.39712,0.39712,0.39712,0.39712
8.06309,8.06314,8.06308,44.4771,47623.9,47589.5,418.748,71736.8,71375.5,0.397245,0.397245,0.397245,0.397245,0.397245,0.397245
8.0705,8.07054,8.07049,44.4004,47778.6,47744.4,419.418,72014.1,71652.1,0.39737,0.39737,0.39737,0.39737,0.39737,0.39737
8.0779,8.07795,8.07789,44.3149,47934,47899.8,420.088,72292.3,71929.9,0.397495,0.397495,0.397495,0.397495,0.397495,0.397495
8.08531,8.08536,8.0853,44.2436,48087.7,48053.6,420.758,72571.6,72208.6,0.39762,0.39762,0.39762,0.39762,0.39762,0.39762
8.09273,8.09278,8.09272,44.1374,48242.1,48208.1,421.428,72851.9,72488.4,0.397745,0.397745,0.397745,0.397745,0.397745,0.397745
8.10015,8.10021,8.10014,44.0605,48395.7,48361.8,422.097,73133.3,72769.1,0.39787,0.39787,0.39787,0.39787,0.39787,0.39787
8.10758,8.10763,8.10757,43.9698,48549.5,48515.7,422.766,73415.6,73050.9,0.397995,0.397995,0.397995,0.397995,0.397995,0.397995
8.11501,8.11507,8.115,43.8845,48703.3,48669.7,423.436,73699,73333.8,0.39812,0.39812,0.39812,0.39812,0.39812,0.39812
8.12245,8.12251,8.12244,43.804,48856.6,48823,424.105,73983.4,73617.6,0.398245,0.398245,0.398245,0.398245,0.398245,0.398245
8.12989,8.12995,8.12988,43.7182,49010,48976.5,424.774,74268.9,73902.5,0.39837,0.39837,0.39837,0.39837,0.39837,0.39837
8.13733,8.1374,8.13733,43.6524,49164,49130.6,425.443,74555.4,74188.5,0.398495,0.398495,0.398495,0.398495,0.398495,0.398495
8.14479,8.14485,8.14478,43.5528,49317.7,49284.4,426.112,74842.9,74475.4,0.39862,0.39862,0.39862,0.39862,0.39862,0.39862
8.15224,8.15231,8.15223,43.473,49471.1,49437.9,426.78,75131.4,74763.4,0.398745,0.398745,0.398745,0.398745,0.398745,0.398745
8.1597,8.15977,8.1597,43.4043,49623.8,49590.7,427.449,75421,75052.5,0.39887,0.39887,0.39887,0.39887,0.39887,0.39887
8.16717,8.16724,8.16716,43.327,49776.3,49743.2,428.118,75711.6,75342.5,0.398995,0.398995,0.398995,0.398995,0.398995,0.398995
8.17464,8.17472,8.17463,43.2492,49928.9,49895.9,428.786,76003.3,75633.6,0.39912,0.39912,0.39912,0.39912,0.39912,0.39912
8.18212,8.18219,8.18211,43.1663,50081.2,50048.4,429.455,76296,75925.8,0.399245,0.399245,0.399245,0.399245,0.399245,0.399245
8.1896,8.18968,8.18959,43.0882,50233.7,50200.9,430.123,76589.8,76219,0.39937,0.39937,0.39937,0.39937,0.39937,0.39937
8.19709,8.19717,8.19708,43.0065,50386.4,50353.7,430.792,76884.5,76513.3,0.399495,0.399495,0.399495,0.399495,0.399495,0.399495
8.20458,8.20466,8.20457,42.9333,50537.9,50505.3,431.46,77180.4,76808.6,0.39962,0.39962,0.39962,0.39962,0.39962,0.39962
8.21207,8.21216,8.21207,42.871,50689.3,50656.8,432.128,77477.3,77104.9,0.399745,0.399745,0.399745,0.399745,0.399745,0.399745
8.21957,8.21966,8.21957,42.7791,50840.7,50808.3,432.797,77775.2,77402.3,0.39987,0.39987,0.39987,0.39987,0.39987,0.39987
8.22708,8.22717,8.22707,42.6951,50991.2,50958.9,433.465,78074.2,77700.8,0.399995,0.399995,0.399995,0.399995,0.399995,0.399995
8.23459,8.23468,8.23459,42.6242,51142.5,51110.2,434.132,78374.3,78000.3,0.40012,0.40012,0.40012,0.40012,0.40012,0.40012
8.24211,8.2422,8.2421,42.5397,51292.3,51260.2,434.8,78675.4,78300.8,0.400245,0.400245,0.400245,0.400245,0.400245,0.400245
8.24963,8.24972,8.24962,42.4507,51442.8,51410.8,435.468,78977.6,78602.4,0.40037,0.40037,0.40037,0.40037,0.40037,0.40037
8.25716,8.25725,8.25715,42.368,51593.6,51561.6,436.135,79280.8,78905.1,0.400495,0.400495,0.400495,0.400495,0.400495,0.400495
8.26469,8.26479,8.26468,42.2786,51743.8,51711.9,436.803,79585.1,79208.9,0.40062,0.40062,0.40062,0.40062,0.40062,0.40062
8.27222,8.27233,8.27222,42.2063,51893.6,51861.9,437.47,79890.5,79513.7,0.400745,0.400745,0.400745,0.400745,0.400745,0.400745
8.27976,8.27987,8.27976,42.1326,52043.2,52011.6,438.137,80196.9,79819.5,0.40087,0.40087,0.40087,0.40087,0.40087,0.40087
8.28731,8.28742,8.2873,42.0501,52192.1,52160.5,438.804,80504.3,80126.5,0.400995,0.400995,0.400995,0.400995,0.400995,0.400995
8.29486,8.29497,8.29486,41.9764,52341.4,52309.9,439.471,80812.9,80434.5,0.40112,0.40112,0.40112,0.40112,0.40112,0.40112
8.30242,8.30253,8.30241,41.8962,52490.3,52458.9,440.137,81122.5,80743.5,0.401245,0.401245,0.401245,0.401245,0.401245,0.401245
8.30998,8.31009,8.30998,41.8063,52639.4,52608.1,440.804,81433.2,81053.7,0.40137,0.40137,0.40137,0.40137,0.40137,0.40137
8.31755,8.31766,8.31754,41.7244,52787.8,52756.5,441.47,81744.9,81364.9,0.401495,0.401495,0.401495,0.401495,0.401495,0.401495
8.32512,8.32524,8.32511,41.654,52935.8,52904.6,442.137,82057.8,81677.1,0.40162,0.40162,0.40162,0.40162,0.40162,0.40162
8.33269,8.33281,8.33269,41.5857,53084.4,53053.4,442.803,82371.7,81990.5,0.401745,0.401745,0.401745,0.401745,0.401745,0.401745
8.34028,8.3404,8.34027,41.5062,53232.9,53201.9,443.469,82686.6,82304.9,0.40187,0.40187,0.40187,0.40187,0.40187,0.40187
8.34786,8.34799,8.34786,41.4209,53380.4,53349.6,444.135,83002.7,82620.4,0.401994,0.401994,0.401994,0.401994,0.401994,0.401994
8.35545,8.35558,8.35545,41.3155,53527.5,53496.8,444.801,83319.8,82937,0.402119,0.402119,0.402119,0.402119,0.402119,0.402119
8.36305,8.36318,8.36305,41.2275,53675.4,53644.8,445.466,83638,83254.7,0.402244,0.402244,0.402244,0.402244,0.402244,0.402244
8.37065,8.37078,8.37065,41.1537,53822.4,53791.8,446.131,83957.3,83573.4,0.402369,0.402369,0.402369,0.402369,0.402369,0.402369
8.37826,8.37839,8.37825,41.06,53969.4,53938.9,446.796,84277.7,83893.3,0.402494,0.402494,0.402494,0.402494,0.402494,0.402494
8.38587,8.386,8.38587,40.9868,54116.4,54086,447.461,84599.2,84214.2,0.402619,0.402619,0.402619,0.402619,0.402619,0.402619
8.39349,8.39362,8.39348,40.9133,54262.5,54232.2,448.126,84921.7,84536.2,0.402744,0.402744,0.402744,0.402744,0.402744,0.402744
8.40111,8.40125,8.4011,40.8363,54408.2,54378,448.79,85245.4,84859.3,0.402869,0.402869,0.402869,0.402869,0.402869,0.402869
8.40873,8.40888,8.40873,40.7604,54553.2,54523.1,449.455,85570.1,85183.5,0.402994,0.402994,0.402994,0.402994,0.402994,0.402994
8.41637,8.41651,8.41636,40.685,54698.5,54668.4,450.119,85895.9,85508.8,0.403119,0.403119,0.403119,0.403119,0.403119,0.403119
8.424,8.42415,8.424,40.609,54843.7,54813.7,450.783,86222.8,85835.1,0.403244,0.403244,0.403244,0.403244,0.403244,0.403244
8.43165,8.43179,8.43164,40.5362,54987.6,54957.8,451.447,86550.8,86162.6,0.403369,0.403369,0.403369,0.403369,0.403369,0.403369
8.43929,8.43944,8.43929,40.4464,55132.4,55102.6,452.111,86879.9,86491.1,0.403494,0.403494,0.403494,0.403494,0.403494,0.403494
8.44695,8.44709,8.44694,40.3753,55277.5,55247.8,452.774,87210.1,86820.8,0.403619,0.403619,0.403619,0.403619,0.403619,0.403619
8.4546,8.45475,8.4546,40.2863,55421.8,55392.2,453.438,87541.4,87151.5,0.403744,0.403744,0.403744,0.403744,0.403744,0.403744
8.46226,8.46242,8.46226,40.2227,55565.7,55536.2,454.101,87873.8,87483.4,0.403869,0.403869,0.403869,0.403869,0.403869,0.403869
8.46993,8.47009,8.46993,40.1503,55709.1,55679.7,454.764,88207.3,87816.3,0.403994,0.403994,0.403994,0.403994,0.403994,0.403994
8.4776,8.47776,8.4776,40.0765,55851.8,55822.4,455.427,88541.8,88150.4,0.404119,0.404119,0.404119,0.404119,0.404119,0.404119
8.48528,8.48544,8.48527,40.0117,55995.2,55965.9,456.09,88877.5,88485.5,0.404244,0.404244,0.404244,0.404244,0.404244,0.404244
8.49296,8.49312,8.49296,39.9415,56138,56108.8,456.753,89214.3,88821.8,0.404369,0.404369,0.404369,0.404369,0.404369,0.404369
8.50065,8.50081,8.50064,39.8755,56280.2,56251,457.416,89552.2,89159.2,0.404494,0.404494,0.404494,0.404494,0.404494,0.404494
8.50834,8.50851,8.50834,39.8026,56422,56393,458.078,89891.2,89497.6,0.404619,0.404619,0.404619,0.404619,0.404619,0.404619
8.51604,8.51621,8.51603,39.7429,56564.1,56535.2,458.741,90231.4,89837.2,0.404744,0.404744,0.404744,0.404744,0.404744,0.404744
8.52374,8.52391,8.52374,39.6677,56705.5,56676.6,459.403,90572.6,90177.9,0.404869,0.404869,0.404869,0.404869,0.404869,0.404869
8.53144,8.53162,8.53144,39.6109,56846.6,56817.8,460.065,90914.9,90519.7,0.404994,0.404994,0.404994,0.404994,0.404994,0.404994
8.53916,8.53934,8.53916,39.5293,56987.8,56959,460.728,91258.4,90862.6,0.405119,0.405119,0.405119,0.405119,0.405119,0.405119
8.54688,8.54706,8.54687,39.4575,57128.5,57099.9,461.389,91602.9,91206.6,0.405244,0.405244,0.405244,0.405244,0.405244,0.405244
8.5546,8.55478,8.5546,39.3749,57268.8,57240.2,462.051,91948.6,91551.8,0.405369,0.405369,0.405369,0.405369,0.405369,0.405369
8.56233,8.56251,8.56232,39.3071,57408.4,57379.9,462.713,92295.4,91898,0.405494,0.405494,0.405494,0.405494,0.405494,0.405494
8.57006,8.57025,8.57006,39.2341,57548.3,57519.9,463.374,92643.3,92245.4,0.405619,0.405619,0.405619,0.405619,0.405619,0.405619
8.5778,8.57799,8.5778,39.1661,57687.8,57659.5,464.035,92992.3,92593.9,0.405744,0.405744,0.405744,0.405744,0.405744,0.405744
8.58554,8.58573,8.58554,39.11,57826.6,57798.4,464.697,93342.4,92943.5,0.405869,0.405869,0.405869,0.405869,0.405869,0.405869
8.59329,8.59348,8.59329,39.0527,57965.8,57937.6,465.358,93693.7,93294.2,0.405994,0.405994,0.405994,0.405994,0.405994,0.405994
8.60104,8.60124,8.60104,38.9818,58104.4,58076.3,466.019,94046.1,93646.1,0.406119,0.406119,0.406119,0.406119,0.406119,0.406119
8.6088,8.609,8.6088,38.9028,58242.9,58214.9,466.679,94399.6,93999,0.406244,0.406244,0.406244,0.406244,0.406244,0.406244
8.61656,8.61676,8.61656,38.8358,58380.8,58352.8,467.34,94754.2,94353.1,0.406369,0.406369,0.406369,0.406369,0.406369,0.406369
8.62433,8.62453,8.62433,38.7752,58519.1,58491.3,468,95110,94708.4,0.406494,0.406494,0.406494,0.406494,0.406494,0.406494
8.6321,8.63231,8.6321,38.7159,58656.2,58628.4,468.661,95466.9,95064.7,0.406619,0.406619,0.406619,0.406619,0.406619,0.406619
8.63988,8.64009,8.63988,38.642,58792.6,58764.9,469.321,95824.9,95422.2,0.406744,0.406744,0.406744,0.406744,0.406744,0.406744
8.64766,8.64787,8.64766,38.5788,58928.9,58901.3,469.981,96184,95780.8,0.406869,0.406869,0.406869,0.406869,0.406869,0.406869
8.65545,8.65566,8.65545,38.5156,59066,59038.4,470.641,96544.3,96140.5,0.406994,0.406994,0.406994,0.406994,0.406994,0.406994
8.66325,8.66346,8.66325,38.4459,59202.6,59175.1,471.301,96905.7,96501.4,0.407119,0.407119,0.407119,0.407119,0.407119,0.407119
8.67105,8.67126,8.67104,38.381,59338.7,59311.3,471.961,97268.2,96863.4,0.407244,0.407244,0.407244,0.407244,0.407244,0.407244
8.67885,8.67907,8.67885,38.3066,59473.1,59445.7,472.62,97631.9,97226.5,0.407369,0.407369,0.407369,0.407369,0.407369,0.407369
8.68666,8.68688,8.68666,38.2281,59608.6,59581.4,473.279,97996.7,97590.8,0.407494,0.407494,0.407494,0.407494,0.407494,0.407494
8.69447,8.69469,8.69447,38.1436,59743.5,59716.3,473.938,98362.6,97956.2,0.407619,0.407619,0.407619,0.407619,0.407619,0.407619
8.70229,8.70251,8.70229,38.0693,59877.5,59850.5,474.597,98729.7,98322.8,0.407744,0.407744,0.407744,0.407744,0.407744,0.407744
8.71012,8.71034,8.71012,38.0043,60012.2,59985.2,475.255,99097.9,98690.4,0.407869,0.407869,0.407869,0.407869,0.407869,0.407869
8.71794,8.71817,8.71794,37.9417,60145.9,60118.9,475.913,99467.2,99059.3,0.407994,0.407994,0.407994,0.407994,0.407994,0.407994
8.72578,8.72601,8.72578,37.8746,60278.8,60252,476.571,99837.7,99429.2,0.408119,0.408119,0.408119,0.408119,0.408119,0.408119
8.73362,8.73385,8.73362,37.815,60412.4,60385.6,477.229,100209,99800.3,0.408244,0.408244,0.408244,0.408244,0.408244,0.408244
8.74146,8.7417,8.74146,37.7457,60545.3,60518.6,477.887,100582,100173,0.408369,0.408369,0.408369,0.408369,0.408369,0.408369
8.74931,8.74955,8.74931,37.6752,60678.7,60652.1,478.545,100956,100546,0.408494,0.408494,0.408494,0.408494,0.408494,0.408494
8.75717,8.7574,8.75717,37.5966,60811.2,60784.7,479.202,101331,100921,0.408619,0.408619,0.408619,0.408619,0.408619,0.408619
8.76503,8.76527,8.76503,37.5309,60942.6,60916.2,479.859,101707,101296,0.408744,0.408744,0.408744,0.408744,0.408744,0.408744
8.77289,8.77313,8.77289,37.4663,61074.7,61048.4,480.516,102085,101673,0.408869,0.408869,0.408869,0.408869,0.408869,0.408869
8.78076,8.781,8.78076,37.3914,61206.5,61180.2,481.173,102463,102051,0.408994,0.408994,0.408994,0.408994,0.408994,0.408994
8.78864,8.78888,8.78864,37.3061,61337.1,61310.9,481.829,102843,102430,0.409119,0.409119,0.409119,0.409119,0.409119,0.409119
8.79651,8.79676,8.79652,37.2334,61466.6,61440.4,482.485,103224,102810,0.409244,0.409244,0.409244,0.409244,0.409244,0.409244
8.8044,8.80465,8.8044,37.1532,61595.4,61569.3,483.141,103606,103192,0.409369,0.409369,0.409369,0.409369,0.409369,0.409369
8.81229,8.81254,8.81229,37.0905,61724.1,61698.2,483.796,103989,103574,0.409494,0.409494,0.409494,0.409494,0.409494,0.409494
8.82019,8.82044,8.82019,37.0164,61853.7,61827.8,484.451,104373,103958,0.409619,0.409619,0.409619,0.409619,0.409619,0.409619
8.82809,8.82834,8.82809,36.944,61982.1,61956.3,485.106,104758,104343,0.409744,0.409744,0.409744,0.409744,0.409744,0.409744
8.83599,8.83625,8.83599,36.8778,62109.9,62084.1,485.761,105145,104729,0.409869,0.409869,0.409869,0.409869,0.409869,0.409869
8.8439,8.84417,8.8439,36.7968,62236.9,62211.3,486.415,105533,105116,0.409994,0.409994,0.409994,0.409994,0.409994,0.409994
8.85182,8.85209,8.85182,36.7289,62364.8,62339.3,487.069,105921,105505,0.410119,0.410119,0.410119,0.410119,0.410119,0.410119
8.85974,8.86001,8.85974,36.6547,62493.2,62467.7,487.723,106311,105894,0.410244,0.410244,0.410244,0.410244,0.410244,0.410244
8.86767,8.86794,8.86767,36.5842,62620.5,62595.1,488.377,106703,106285,0.410369,0.410369,0.410369,0.410369,0.410369,0.410369
8.8756,8.87587,8.8756,36.5169,62746.9,62721.6,489.03,107095,106676,0.410494,0.410494,0.410494,0.410494,0.410494,0.410494
8.88353,8.88381,8.88354,36.4595,62872.9,62847.7,489.683,107488,107069,0.410619,0.410619,0.410619,0.410619,0.410619,0.410619
8.89147,8.89176,8.89148,36.4016,62999,62973.8,490.336,107883,107464,0.410744,0.410744,0.410744,0.410744,0.410744,0.410744
8.89942,8.8997,8.89942,36.3317,63123.7,63098.6,490.989,108279,107859,0.410869,0.410869,0.410869,0.410869,0.410869,0.410869
8.90737,8.90766,8.90737,36.2543,63248.5,63223.4,491.642,108676,108255,0.410994,0.410994,0.410994,0.410994,0.410994,0.410994
8.91533,8.91562,8.91533,36.1632,63372.9,63348,492.294,109074,108653,0.411119,0.411119,0.411119,0.411119,0.411119,0.411119
8.92329,8.92358,8.92329,36.0992,63496.9,63472.1,492.945,109473,109052,0.411244,0.411244,0.411244,0.411244,0.411244,0.411244
8.93126,8.93155,8.93126,36.0373,63621.3,63596.5,493.597,109874,109452,0.411369,0.411369,0.411369,0.411369,0.411369,0.411369
8.93923,8.93953,8.93923,35.9772,63745,63720.3,494.248,110275,109853,0.411494,0.411494,0.411494,0.411494,0.411494,0.411494
8.9472,8.94751,8.94721,35.9185,63867,63842.4,494.899,110678,110255,0.411619,0.411619,0.411619,0.411619,0.411619,0.411619
8.95519,8.95549,8.95519,35.8473,63990,63965.5,495.55,111082,110658,0.411744,0.411744,0.411744,0.411744,0.411744,0.411744
8.96318,8.96348,8.96318,35.7791,64112.8,64088.3,496.201,111487,111063,0.411869,0.411869,0.411869,0.411869,0.411869,0.411869
8.97117,8.97148,8.97117,35.7148,64234.6,64210.1,496.851,111893,111469,0.411994,0.411994,0.411994,0.411994,0.411994,0.411994
8.97917,8.97948,8.97917,35.6328,64356.5,64332.1,497.501,112301,111876,0.412119,0.412119,0.412119,0.412119,0.412119,0.412119
8.98717,8.98748,8.98717,35.5786,64477.4,64453.1,498.151,112709,112284,0.412244,0.412244,0.412244,0.412244,0.412244,0.412244
8.99518,8.9955,8.99518,35.519,64598,64573.8,498.8,113119,112693,0.412369,0.412369,0.412369,0.412369,0.412369,0.412369
9.00319,9.00351,9.00319,35.4477,64718.4,64694.3,499.45,113530,113104,0.412494,0.412494,0.412494,0.412494,0.412494,0.412494
9.01121,9.01153,9.01121,35.3665,64837.9,64813.9,500.099,113942,113515,0.412619,0.412619,0.412619,0.412619,0.412619,0.412619
9.01923,9.01956,9.01924,35.292,64957.4,64933.5,500.747,114356,113928,0.412744,0.412744,0.412744,0.412744,0.412744,0.412744
9.02726,9.02759,9.02727,35.2265,65076.5,65052.6,501.395,114770,114342,0.412869,0.412869,0.412869,0.412869,0.412869,0.412869
9.03529,9.03563,9.0353,35.1745,65195.4,65171.6,502.043,115186,114757,0.412994,0.412994,0.412994,0.412994,0.412994,0.412994
9.04333,9.04367,9.04334,35.1141,65313.9,65290.2,502.691,115602,115173,0.413119,0.413119,0.413119,0.413119,0.413119,0.413119
9.05138,9.05172,9.05138,35.0568,65431.9,65408.2,503.339,116020,115591,0.413244,0.413244,0.413244,0.413244,0.413244,0.413244
9.05943,9.05977,9.05943,34.9915,65548.7,65525,503.986,116440,116009,0.413369,0.413369,0.413369,0.413369,0.413369,0.413369
9.06748,9.06783,9.06748,34.9296,65664.8,65641.3,504.633,116860,116429,0.413494,0.413494,0.413494,0.413494,0.413494,0.413494
9.07554,9.07589,9.07554,34.8771,65781.6,65758.1,505.28,117281,116850,0.413619,0.413619,0.413619,0.413619,0.413619,0.413619
9.0836,9.08396,9.08361,34.8097,65897.6,65874.2,505.926,117704,117272,0.413744,0.413744,0.413744,0.413744,0.413744,0.413744
9.09167,9.09203,9.09168,34.7541,66013.6,65990.2,506.573,118128,117696,0.413869,0.413869,0.413869,0.413869,0.413869,0.413869
9.09975,9.10011,9.09975,34.6876,66128.5,66105.2,507.219,118553,118120,0.413994,0.413994,0.413994,0.413994,0.413994,0.413994
9.10783,9.10819,9.10783,34.6176,66243.4,66220.2,507.865,118979,118546,0.414119,0.414119,0.414119,0.414119,0.414119,0.414119
9.11591,9.11628,9.11592,34.5373,66357.6,66334.5,508.51,119407,118973,0.414244,0.414244,0.414244,0.414244,0.414244,0.414244
9.124,9.12438,9.12401,34.4898,66472.3,66449.2,509.155,119835,119401,0.414369,0.414369,0.414369,0.414369,0.414369,0.414369
9.13209,9.13247,9.1321,34.4429,66585.6,66562.6,509.8,120265,119830,0.414494,0.414494,0.414494,0.414494,0.414494,0.414494
9.1402,9.14058,9.1402,34.3787,66699.4,66676.5,510.445,120696,120261,0.414619,0.414619,0.414619,0.414619,0.414619,0.414619
9.1483,9.14869,9.14831,34.3106,66812.1,66789.3,511.089,121128,120692,0.414744,0.414744,0.414744,0.414744,0.414744,0.414744
9.15641,9.1568,9.15642,34.2483,66924.8,66902,511.733,121561,121125,0.414869,0.414869,0.414869,0.414869,0.414869,0.414869
9.16453,9.16492,9.16454,34.1757,67038.2,67015.5,512.377,121996,121559,0.414994,0.414994,0.414994,0.414994,0.414994,0.414994
9.17265,9.17305,9.17266,34.1113,67149.6,67127,513.021,122431,121994,0.415119,0.415119,0.415119,0.415119,0.415119,0.415119
9.18078,9.18118,9.18078,34.0521,67262.3,67239.7,513.664,122868,122430,0.415244,0.415244,0.415244,0.415244,0.415244,0.415244
9.18891,9.18931,9.18892,33.984,67373.8,67351.3,514.307,123306,122868,0.415369,0.415369,0.415369,0.415369,0.415369,0.415369
9.19705,9.19745,9.19705,33.9058,67485.3,67462.9,514.949,123746,123307,0.415494,0.415494,0.415494,0.415494,0.415494,0.415494
9.20519,9.2056,9.2052,33.8382,67597,67574.6,515.591,124186,123747,0.415619,0.415619,0.415619,0.415619,0.415619,0.415619
9.21333,9.21375,9.21334,33.7724,67708.4,67686.1,516.233,124628,124188,0.415743,0.415743,0.415743,0.415743,0.415743,0.415743
9.22149,9.22191,9.22149,33.7045,67819.5,67797.3,516.874,125070,124630,0.415868,0.415868,0.415868,0.415868,0.415868,0.415868
9.22964,9.23007,9.22965,33.6523,67930.6,67908.4,517.515,125514,125073,0.415993,0.415993,0.415993,0.415993,0.415993,0.415993
9.23781,9.23823,9.23781,33.5874,68041.6,68019.5,518.156,125959,125518,0.416118,0.416118,0.416118,0.416118,0.416118,0.416118
9.24597,9.24641,9.24598,33.5267,68152.2,68130.1,518.796,126406,125964,0.416243,0.416243,0.416243,0.416243,0.416243,0.416243
9.25415,9.25458,9.25416,33.4542,68262.3,68240.4,519.436,126853,126411,0.416368,0.416368,0.416368,0.416368,0.416368,0.416368
9.26232,9.26276,9.26234,33.3965,68372.2,68350.3,520.075,127302,126859,0.416493,0.416493,0.416493,0.416493,0.416493,0.416493
9.27051,9.27095,9.27052,33.3345,68481.8,68459.9,520.715,127752,127309,0.416618,0.416618,0.416618,0.416618,0.416618,0.416618
9.2787,9.27914,9.27871,33.2703,68591.1,68569.4,521.354,128203,127759,0.416743,0.416743,0.416743,0.416743,0.416743,0.416743
9.28689,9.28734,9.2869,33.2051,68700.3,68678.6,521.992,128656,128211,0.416868,0.416868,0.416868,0.416868,0.416868,0.416868
9.29509,9.29554,9.2951,33.1416,68809.6,68788,522.631,129109,128664,0.416993,0.416993,0.416993,0.416993,0.416993,0.416993
9.30329,9.30375,9.3033,33.0792,68918.9,68897.4,523.269,129564,129119,0.417118,0.417118,0.417118,0.417118,0.417118,0.417118
9.3115,9.31197,9.31151,33.0292,69028.1,69006.6,523.906,130020,129574,0.417243,0.417243,0.417243,0.417243,0.417243,0.417243
9.31972,9.32018,9.31973,32.9559,69137.3,69115.8,524.544,130477,130031,0.417368,0.417368,0.417368,0.417368,0.417368,0.417368
9.32794,9.32841,9.32795,32.8879,69245.3,69223.9,525.18,130935,130489,0.417493,0.417493,0.417493,0.417493,0.417493,0.417493
9.33616,9.33664,9.33617,32.8216,69352.8,69331.4,525.817,131395,130948,0.417618,0.417618,0.417618,0.417618,0.417618,0.417618
9.34439,9.34487,9.34441,32.7591,69461,69439.7,526.453,131856,131408,0.417743,0.417743,0.417743,0.417743,0.417743,0.417743
9.35263,9.35311,9.35264,32.7026,69568.2,69547,527.089,132318,131869,0.417868,0.417868,0.417868,0.417868,0.417868,0.417868
9.36087,9.36135,9.36088,32.6409,69675.8,69654.7,527.724,132781,132332,0.417993,0.417993,0.417993,0.417993,0.417993,0.417993
9.36911,9.3696,9.36913,32.5984,69782.9,69761.9,528.359,133245,132796,0.418118,0.418118,0.418118,0.418118,0.418118,0.418118
9.37736,9.37786,9.37738,32.5396,69890.3,69869.2,528.994,133711,133261,0.418243,0.418243,0.418243,0.418243,0.418243,0.418243
9.38562,9.38612,9.38563,32.4862,69997.9,69976.9,529.629,134178,133727,0.418368,0.418368,0.418368,0.418368,0.418368,0.418368
9.39388,9.39439,9.39389,32.4226,70104.5,70083.6,530.263,134646,134195,0.418493,0.418493,0.418493,0.418493,0.418493,0.418493
9.40215,9.40266,9.40216,32.3614,70210.5,70189.7,530.897,135115,134664,0.418618,0.418618,0.418618,0.418618,0.418618,0.418618
9.41042,9.41093,9.41043,32.305,70316.8,70296,531.531,135585,135134,0.418743,0.418743,0.418743,0.418743,0.418743,0.418743
9.4187,9.41921,9.41871,32.2529,70422,70401.3,532.164,136057,135605,0.418868,0.418868,0.418868,0.418868,0.418868,0.418868
9.42698,9.4275,9.42699,32.1885,70528.3,70507.6,532.797,136530,136077,0.418993,0.418993,0.418993,0.418993,0.418993,0.418993
9.43527,9.43579,9.43528,32.1347,70634.7,70614.1,533.43,137004,136551,0.419118,0.419118,0.419118,0.419118,0.419118,0.419118
9.44356,9.44409,9.44357,32.0755,70740.6,70720,534.062,137479,137026,0.419243,0.419243,0.419243,0.419243,0.419243,0.419243
9.45186,9.45239,9.45187,32.0112,70845.7,70825.2,534.694,137956,137502,0.419368,0.419368,0.419368,0.419368,0.419368,0.419368
9.46016,9.4607,9.46017,31.955,70950.3,70929.9,535.325,138434,137979,0.419493,0.419493,0.419493,0.419493,0.419493,0.419493
9.46847,9.46901,9.46848,31.9186,71055.7,71035.3,535.957,138913,138458,0.419618,0.419618,0.419618,0.419618,0.419618,0.419618
9.47679,9.47733,9.4768,31.8617,71160,71139.7,536.588,139393,138937,0.419743,0.419743,0.419743,0.419743,0.419743,0.419743
9.4851,9.48565,9.48512,31.7941,71263.8,71243.5,537.218,139874,139418,0.419868,0.419868,0.419868,0.419868,0.419868,0.419868
9.49343,9.49398,9.49344,31.7337,71368.1,71347.9,537.849,140357,139901,0.419993,0.419993,0.419993,0.419993,0.419993,0.419993
9.50176,9.50231,9.50177,31.6748,71472,71451.9,538.479,140841,140384,0.420118,0.420118,0.420118,0.420118,0.420118,0.420118
9.51009,9.51065,9.51011,31.6131,71575.4,71555.3,539.108,141326,140869,0.420243,0.420243,0.420243,0.420243,0.420243,0.420243
9.51843,9.51899,9.51845,31.567,71677.9,71657.9,539.737,141812,141354,0.420368,0.420368,0.420368,0.420368,0.420368,0.420368
9.52678,9.52734,9.52679,31.5158,71780.9,71760.9,540.366,142300,141842,0.420493,0.420493,0.420493,0.420493,0.420493,0.420493
9.53513,9.5357,9.53514,31.4489,71884.2,71864.2,540.995,142789,142330,0.420618,0.420618,0.420618,0.420618,0.420618,0.420618
9.54349,9.54406,9.5435,31.4067,71986.7,71966.8,541.623,143279,142820,0.420743,0.420743,0.420743,0.420743,0.420743,0.420743
9.55185,9.55242,9.55186,31.3425,72090.3,72070.5,542.251,143770,143310,0.420868,0.420868,0.420868,0.420868,0.420868,0.420868
9.56021,9.56079,9.56022,31.2897,72192.6,72172.9,542.878,144263,143802,0.420993,0.420993,0.420993,0.420993,0.420993,0.420993
9.56858,9.56917,9.56859,31.2394,72293.1,72273.4,543.505,144756,144296,0.421118,0.421118,0.421118,0.421118,0.421118,0.421118
9.57696,9.57755,9.57697,31.1798,72394.3,72374.6,544.132,145251,144790,0.421243,0.421243,0.421243,0.421243,0.421243,0.421243
9.58534,9.58594,9.58535,31.1214,72495.3,72475.7,544.758,145748,145286,0.421368,0.421368,0.421368,0.421368,0.421368,0.421368
9.59373,9.59433,9.59374,31.0632,72596.3,72576.7,545.384,146245,145783,0.421493,0.421493,0.421493,0.421493,0.421493,0.421493
9.60212,9.60272,9.60213,31.0055,72697,72677.5,546.009,146744,146281,0.421618,0.421618,0.421618,0.421618,0.421618,0.421618
9.61052,9.61113,9.61053,30.9524,72797.6,72778.2,546.634,147244,146780,0.421743,0.421743,0.421743,0.421743,0.421743,0.421743
9.61892,9.61953,9.61893,30.8955,72898.4,72879,547.259,147745,147281,0.421868,0.421868,0.421868,0.421868,0.421868,0.421868
9.62733,9.62795,9.62734,30.84,72998.8,72979.5,547.883,148247,147783,0.421993,0.421993,0.421993,0.421993,0.421993,0.421993
9.63575,9.63636,9.63576,30.7975,73098.6,73079.3,548.508,148751,148286,0.422118,0.422118,0.422118,0.422118,0.422118,0.422118
9.64417,9.64479,9.64418,30.7458,73198.3,73179,549.131,149256,148791,0.422243,0.422243,0.422243,0.422243,0.422243,0.422243
9.65259,9.65322,9.6526,30.6948,73297.6,73278.4,549.755,149762,149296,0.422368,0.422368,0.422368,0.422368,0.422368,0.422368
9.66102,9.66165,9.66103,30.6492,73396.2,73377.1,550.378,150269,149803,0.422493,0.422493,0.422493,0.422493,0.422493,0.422493
9.66945,9.67009,9.66947,30.594,73495.4,73476.4,551,150778,150311,0.422618,0.422618,0.422618,0.422618,0.422618,0.422618
9.67789,9.67853,9.67791,30.5446,73593.7,73574.7,551.623,151288,150821,0.422743,0.422743,0.422743,0.422743,0.422743,0.422743
9.68634,9.68698,9.68635,30.5013,73693,73674.1,552.245,151799,151331,0.422868,0.422868,0.422868,0.422868,0.422868,0.422868
9.69479,9.69544,9.6948,30.4477,73792.4,73773.6,552.867,152311,151843,0.422993,0.422993,0.422993,0.422993,0.422993,0.422993
9.70324,9.7039,9.70326,30.3991,73892,73873.1,553.488,152825,152356,0.423118,0.423118,0.423118,0.423118,0.423118,0.423118
9.7117,9.71236,9.71172,30.3588,73992,73973.2,554.109,153339,152871,0.423243,0.423243,0.423243,0.423243,0.423243,0.423243
9.72017,9.72083,9.72018,30.3058,74092.4,74073.7,554.73,153856,153386,0.423368,0.423368,0.423368,0.423368,0.423368,0.423368
9.72864,9.72931,9.72865,30.2543,74192.7,74174,555.351,154373,153903,0.423493,0.423493,0.423493,0.423493,0.423493,0.423493
9.73712,9.73779,9.73713,30.2127,74294.1,74275.5,555.971,154891,154421,0.423618,0.423618,0.423618,0.423618,0.423618,0.423618
9.7456,9.74628,9.74561,30.1528,74394.8,74376.3,556.59,155411,154941,0.423743,0.423743,0.423743,0.423743,0.423743,0.423743
9.75409,9.75477,9.7541,30.1057,74496.6,74478,557.21,155933,155461,0.423868,0.423868,0.423868,0.423868,0.423868,0.423868
9.76258,9.76327,9.76259,30.0568,74598.3,74579.9,557.829,156455,155983,0.423993,0.423993,0.423993,0.423993,0.423993,0.423993
9.77108,9.77177,9.77109,29.9953,74700.5,74682.1,558.447,156979,156506,0.424118,0.424118,0.424118,0.424118,0.424118,0.424118
9.77958,9.78028,9.77959,29.9388,74803.6,74785.3,559.065,157504,157031,0.424243,0.424243,0.424243,0.424243,0.424243,0.424243
9.78809,9.78879,9.7881,29.8925,74905.4,74887.1,559.683,158030,157557,0.424368,0.424368,0.424368,0.424368,0.424368,0.424368
9.7966,9.79731,9.79661,29.8412,75005.7,74987.5,560.3,158557,158084,0.424493,0.424493,0.424493,0.424493,0.424493,0.424493
9.80512,9.80583,9.80513,29.8027,75104.1,75085.9,560.917,159086,158612,0.424618,0.424618,0.424618,0.424618,0.424618,0.424618
9.81365,9.81436,9.81366,29.7483,75202.5,75184.4,561.533,159616,159142,0.424743,0.424743,0.424743,0.424743,0.424743,0.424743
9.82217,9.82289,9.82219,29.7087,75299,75280.9,562.149,160148,159673,0.424868,0.424868,0.424868,0.424868,0.424868,0.424868
9.83071,9.83143,9.83072,29.6586,75392.7,75374.7,562.765,160680,160205,0.424993,0.424993,0.424993,0.424993,0.424993,0.424993
9.83925,9.83998,9.83926,29.6288,75486.4,75468.4,563.381,161214,160738,0.425118,0.425118,0.425118,0.425118,0.425118,0.425118
9.8478,9.84853,9.84781,29.578,75577.3,75559.3,563.996,161749,161273,0.425243,0.425243,0.425243,0.425243,0.425243,0.425243
9.85635,9.85708,9.85636,29.5408,75668.4,75650.4,564.611,162285,161809,0.425368,0.425368,0.425368,0.425368,0.425368,0.425368
9.8649,9.86565,9.86491,29.5008,75758.2,75740.3,565.226,162823,162346,0.425493,0.425493,0.425493,0.425493,0.425493,0.425493
9.87346,9.87421,9.87347,29.4597,75845.2,75827.4,565.84,163362,162884,0.425618,0.425618,0.425618,0.425618,0.425618,0.425618
9.88203,9.88278,9.88204,29.4149,75929.6,75911.8,566.454,163902,163424,0.425743,0.425743,0.425743,0.425743,0.425743,0.425743
9.8906,9.89136,9.89061,29.3715,76013.1,75995.4,567.068,164443,163965,0.425868,0.425868,0.425868,0.425868,0.425868,0.425868
9.89918,9.89994,9.89919,29.3215,76096.8,76079.1,567.681,164986,164507,0.425993,0.425993,0.425993,0.425993,0.425993,0.425993
9.90776,9.90853,9.90777,29.2878,76177.3,76159.6,568.294,165530,165050,0.426118,0.426118,0.426118,0.426118,0.426118,0.426118
9.91635,9.91712,9.91636,29.2447,76256.7,76239.1,568.907,166075,165595,0.426243,0.426243,0.426243,0.426243,0.426243,0.426243
9.92494,9.92572,9.92495,29.1923,76334.8,76317.3,569.519,166621,166140,0.426368,0.426368,0.426368,0.426368,0.426368,0.426368
9.93354,9.93432,9.93355,29.1444,76410.7,76393.2,570.131,167168,166687,0.426493,0.426493,0.426493,0.426493,0.426493,0.426493
9.94214,9.94293,9.94215,29.0931,76485.2,76467.8,570.743,167717,167236,0.426618,0.426618,0.426618,0.426618,0.426618,0.426618
9.95075,9.95155,9.95076,29.063,76558.5,76541.1,571.354,168267,167785,0.426743,0.426743,0.426743,0.426743,0.426743,0.426743
9.95936,9.96017,9.95938,29.0216,76629.3,76611.9,571.965,168818,168336,0.426868,0.426868,0.426868,0.426868,0.426868,0.426868
9.96798,9.96879,9.96799,28.9825,76700.2,76682.9,572.575,169370,168887,0.426993,0.426993,0.426993,0.426993,0.426993,0.426993
9.97661,9.97742,9.97662,28.9353,76768.3,76751,573.185,169924,169440,0.427118,0.427118,0.427118,0.427118,0.427118,0.427118
9.98524,9.98606,9.98525,28.9008,76835,76817.8,573.795,170478,169995,0.427243,0.427243,0.427243,0.427243,0.427243,0.427243
9.99387,9.9947,9.99389,28.8563,76899.9,76882.7,574.405,171034,170550,0.427368,0.427368,0.427368,0.427368,0.427368,0.427368
10.0025,10.0033,10.0025,28.824,76964.4,76947.2,575.014,171591,171107,0.427493,0.427493,0.427493,0.427493,0.427493,0.427493
10.0112,10.012,10.0112,28.7921,77026.9,77009.7,575.623,172149,171664,0.427618,0.427618,0.427618,0.427618,0.427618,0.427618
10.0198,10.0207,10.0198,28.7573,77087.1,77070,576.232,172709,172223,0.427743,0.427743,0.427743,0.427743,0.427743,0.427743
10.0285,10.0293,10.0285,28.7256,77145.9,77128.8,576.841,173269,172783,0.427868,0.427868,0.427868,0.427868,0.427868,0.427868
10.0371,10.038,10.0371,28.6854,77203.7,77186.7,577.45,173831,173345,0.427993,0.427993,0.427993,0.427993,0.427993,0.427993
10.0458,10.0467,10.0458,28.6516,77259.4,77242.3,578.058,174394,173907,0.428118,0.428118,0.428118,0.428118,0.428118,0.428118
10.0545,10.0553,10.0545,28.6131,77313.1,77296.1,578.666,174958,174471,0.428243,0.428243,0.428243,0.428243,0.428243,0.428243
10.0632,10.064,10.0632,28.5807,77365.4,77348.5,579.273,175523,175035,0.428368,0.428368,0.428368,0.428368,0.428368,0.428368
10.0718,10.0727,10.0718,28.545,77416.3,77399.4,579.881,176089,175601,0.428493,0.428493,0.428493,0.428493,0.428493,0.428493
10.0805,10.0814,10.0805,28.5303,77466.1,77449.2,580.488,176657,176168,0.428618,0.428618,0.428618,0.428618,0.428618,0.428618
10.0892,10.0901,10.0892,28.494,77514.6,77497.7,581.095,177225,176736,0.428743,0.428743,0.428743,0.428743,0.428743,0.428743
10.0979,10.0988,10.0979,28.4564,77560.8,77544,581.702,177795,177306,0.428868,0.428868,0.428868,0.428868,0.428868,0.428868
10.1066,10.1075,10.1066,28.4265,77605.4,77588.6,582.308,178366,177876,0.428993,0.428993,0.428993,0.428993,0.428993,0.428993
10.1153,10.1162,10.1153,28.396,77648,77631.2,582.915,178938,178448,0.429118,0.429118,0.429118,0.429118,0.429118,0.429118
10.1241,10.125,10.1241,28.3721,77689.3,77672.6,583.521,179511,179020,0.429243,0.429243,0.429243,0.429243,0.429243,0.429243
10.1328,10.1337,10.1328,28.342,77728.2,77711.5,584.127,180085,179594,0.429368,0.429368,0.429368,0.429368,0.429368,0.429368
10.1415,10.1424,10.1415,28.3194,77766.3,77749.7,584.733,180661,180169,0.429493,0.429493,0.429493,0.429493,0.429493,0.429493
10.1502,10.1511,10.1502,28.2896,77801.9,77785.3,585.338,181237,180745,0.429617,0.429617,0.429617,0.429617,0.429617,0.429617
10.159,10.1599,10.159,28.2624,77836.1,77819.5,585.944,181815,181322,0.429742,0.429742,0.429742,0.429742,0.429742,0.429742
10.1677,10.1686,10.1677,28.232,77869.2,77852.7,586.549,182393,181900,0.429867,0.429867,0.429867,0.429867,0.429867,0.429867
10.1765,10.1774,10.1765,28.2097,77901.2,77884.7,587.154,182973,182480,0.429992,0.429992,0.429992,0.429992,0.429992,0.429992
10.1852,10.1862,10.1852,28.1882,77931.2,77914.7,587.76,183554,183060,0.430117,0.430117,0.430117,0.430117,0.430117,0.430117
10.194,10.1949,10.194,28.1671,77960,77943.5,588.364,184136,183641,0.430242,0.430242,0.430242,0.430242,0.430242,0.430242
10.2027,10.2037,10.2027,28.1489,77986.2,77969.7,588.969,184718,184224,0.430367,0.430367,0.430367,0.430367,0.430367,0.430367
10.2115,10.2125,10.2115,28.1212,78010.2,77993.7,589.574,185302,184807,0.430492,0.430492,0.430492,0.430492,0.430492,0.430492
10.2203,10.2212,10.2203,28.094,78033.4,78017,590.179,185888,185392,0.430617,0.430617,0.430617,0.430617,0.430617,0.430617
10.2291,10.23,10.2291,28.0757,78053.9,78037.5,590.783,186474,185978,0.430742,0.430742,0.430742,0.430742,0.430742,0.430742
10.2378,10.2388,10.2378,28.0594,78072.3,78055.9,591.388,187061,186564,0.430867,0.430867,0.430867,0.430867,0.430867,0.430867
10.2466,10.2476,10.2466,28.0395,78088.4,78072.1,591.992,187649,187152,0.430992,0.430992,0.430992,0.430992,0.430992,0.430992
10.2554,10.2564,10.2554,28.0254,78102.5,78086.1,592.597,188238,187741,0.431117,0.431117,0.431117,0.431117,0.431117,0.431117
10.2642,10.2652,10.2642,28.0201,78114.6,78098.2,593.202,188829,188331,0.431242,0.431242,0.431242,0.431242,0.431242,0.431242
10.273,10.274,10.273,27.9928,78125.5,78109.2,593.806,189420,188922,0.431367,0.431367,0.431367,0.431367,0.431367,0.431367
10.2818,10.2829,10.2819,27.9834,78133.6,78117.2,594.411,190012,189513,0.431492,0.431492,0.431492,0.431492,0.431492,0.431492
10.2907,10.2917,10.2907,27.956,78138.6,78122.3,595.016,190605,190106,0.431617,0.431617,0.431617,0.431617,0.431617,0.431617
10.2995,10.3005,10.2995,27.943,78141.4,78125.1,595.62,191200,190700,0.431742,0.431742,0.431742,0.431742,0.431742,0.431742
10.3083,10.3093,10.3083,27.9393,78143,78126.7,596.225,191795,191295,0.431867,0.431867,0.431867,0.431867,0.431867,0.431867
10.3171,10.3182,10.3172,27.9313,78143.9,78127.6,596.83,192391,191891,0.431992,0.431992,0.431992,0.431992,0.431992,0.431992
10.326,10.327,10.326,27.9174,78142,78125.8,597.435,192988,192488,0.432117,0.432117,0.432117,0.432117,0.432117,0.432117
10.3348,10.3359,10.3348,27.892,78139.5,78123.2,598.04,193586,193085,0.432242,0.432242,0.432242,0.432242,0.432242,0.432242
10.3437,10.3447,10.3437,27.8745,78136.2,78120,598.644,194186,193684,0.432367,0.432367,0.432367,0.432367,0.432367,0.432367
10.3525,10.3536,10.3525,27.8597,78131.1,78115,599.249,194786,194284,0.432492,0.432492,0.432492,0.432492,0.432492,0.432492
10.3614,10.3624,10.3614,27.8551,78124.4,78108.3,599.854,195387,194884,0.432617,0.432617,0.432617,0.432617,0.432617,0.432617
10.3703,10.3713,10.3703,27.8433,78116.8,78100.7,600.459,195989,195486,0.432742,0.432742,0.432742,0.432742,0.432742,0.432742
10.3791,10.3802,10.3791,27.8294,78109.4,78093.3,601.064,196592,196088,0.432867,0.432867,0.432867,0.432867,0.432867,0.432867
10.388,10.3891,10.388,27.8229,78100.4,78084.3,601.669,197196,196692,0.432992,0.432992,0.432992,0.432992,0.432992,0.432992
10.3969,10.398,10.3969,27.8158,78090,78073.9,602.274,197801,197296,0.433117,0.433117,0.433117,0.433117,0.433117,0.433117
10.4058,10.4069,10.4058,27.8084,78078.3,78062.2,602.879,198406,197902,0.433242,0.433242,0.433242,0.433242,0.433242,0.433242
10.4147,10.4158,10.4147,27.8048,78065.2,78049.1,603.485,199013,198508,0.433367,0.433367,0.433367,0.433367,0.433367,0.433367
10.4236,10.4247,10.4236,27.7966,78051.4,78035.3,604.091,199621,199115,0.433492,0.433492,0.433492,0.433492,0.433492,0.433492
10.4325,10.4336,10.4325,27.7798,78037.4,78021.3,604.696,200229,199723,0.433617,0.433617,0.433617,0.433617,0.433617,0.433617
10.4414,10.4425,10.4414,27.7719,78021.5,78005.5,605.302,200839,200332,0.433742,0.433742,0.433742,0.433742,0.433742,0.433742
10.4503,10.4514,10.4503,27.7513,78003.1,77987.1,605.908,201449,200942,0.433867,0.433867,0.433867,0.433867,0.433867,0.433867
10.4592,10.4603,10.4592,27.739,77984.9,77968.9,606.513,202060,201553,0.433992,0.433992,0.433992,0.433992,0.433992,0.433992
10.4681,10.4693,10.4682,27.732,77965.4,77949.4,607.119,202673,202165,0.434117,0.434117,0.434117,0.434117,0.434117,0.434117
10.4771,10.4782,10.4771,27.7265,77945.6,77929.6,607.725,203286,202778,0.434242,0.434242,0.434242,0.434242,0.434242,0.434242
10.486,10.4872,10.486,27.7212,77924,77908,608.331,203900,203391,0.434367,0.434367,0.434367,0.434367,0.434367,0.434367
10.495,10.4961,10.495,27.7266,77900.6,77884.6,608.937,204515,204006,0.434492,0.434492,0.434492,0.434492,0.434492,0.434492
10.5039,10.5051,10.5039,27.719,77876.5,77860.5,609.544,205130,204621,0.434617,0.434617,0.434617,0.434617,0.434617,0.434617
10.5129,10.514,10.5129,27.7139,77852.5,77836.5,610.151,205747,205237,0.434742,0.434742,0.434742,0.434742,0.434742,0.434742
10.5218,10.523,10.5218,27.7108,77826.2,77810.2,610.757,206365,205854,0.434867,0.434867,0.434867,0.434867,0.434867,0.434867
10.5308,10.5319,10.5308,27.6985,77801.4,77785.4,611.364,206983,206472,0.434992,0.434992,0.434992,0.434992,0.434992,0.434992
10.5397,10.5409,10.5398,27.6962,77776.1,77760.1,611.971,207602,207091,0.435117,0.435117,0.435117,0.435117,0.435117,0.435117
10.5487,10.5499,10.5487,27.6916,77750.1,77734.1,612.579,208222,207711,0.435242,0.435242,0.435242,0.435242,0.435242,0.435242
10.5577,10.5589,10.5577,27.6907,77723.8,77707.9,613.186,208844,208331,0.435367,0.435367,0.435367,0.435367,0.435367,0.435367
10.5667,10.5679,10.5667,27.6936,77698.7,77682.8,613.794,209465,208953,0.435492,0.435492,0.435492,0.435492,0.435492,0.435492
10.5757,10.5769,10.5757,27.7013,77673,77657.1,614.403,210088,209575,0.435617,0.435617,0.435617,0.435617,0.435617,0.435617
10.5847,10.5859,10.5847,27.6954,77646.2,77630.2,615.011,210712,210198,0.435742,0.435742,0.435742,0.435742,0.435742,0.435742
10.5937,10.5949,10.5937,27.6939,77621.8,77605.9,615.62,211336,210822,0.435867,0.435867,0.435867,0.435867,0.435867,0.435867
10.6027,10.6039,10.6027,27.6824,77596.6,77580.7,616.228,211962,211447,0.435992,0.435992,0.435992,0.435992,0.435992,0.435992
10.6117,10.6129,10.6117,27.6822,77572.8,77556.9,616.837,212588,212073,0.436117,0.436117,0.436117,0.436117,0.436117,0.436117
10.6207,10.6219,10.6207,27.6826,77548.9,77533,617.446,213215,212700,0.436242,0.436242,0.436242,0.436242,0.436242,0.436242
10.6297,10.631,10.6297,27.6768,77524.2,77508.3,618.056,213843,213327,0.436367,0.436367,0.436367,0.436367,0.436367,0.436367
10.6388,10.64,10.6388,27.6815,77499.1,77483.2,618.665,214472,213956,0.436492,0.436492,0.436492,0.436492,0.436492,0.436492
10.6478,10.649,10.6478,27.6801,77473,77457.1,619.275,215102,214585,0.436617,0.436617,0.436617,0.436617,0.436617,0.436617
10.6568,10.6581,10.6568,27.6758,77446.9,77430.9,619.885,215732,215215,0.436742,0.436742,0.436742,0.436742,0.436742,0.436742
10.6659,10.6671,10.6659,27.6682,77421,77405.1,620.496,216364,215847,0.436867,0.436867,0.436867,0.436867,0.436867,0.436867
10.6749,10.6762,10.6749,27.6664,77396.2,77380.3,621.106,216996,216478,0.436992,0.436992,0.436992,0.436992,0.436992,0.436992
10.684,10.6853,10.684,27.6586,77370.9,77355,621.717,217630,217111,0.437117,0.437117,0.437117,0.437117,0.437117,0.437117
10.693,10.6943,10.693,27.658,77346.8,77330.9,622.328,218264,217745,0.437242,0.437242,0.437242,0.437242,0.437242,0.437242
10.7021,10.7034,10.7021,27.6529,77321.7,77305.8,622.939,218899,218379,0.437367,0.437367,0.437367,0.437367,0.437367,0.437367
10.7112,10.7125,10.7112,27.654,77297.3,77281.4,623.55,219534,219015,0.437492,0.437492,0.437492,0.437492,0.437492,0.437492
10.7203,10.7216,10.7203,27.644,77273.4,77257.5,624.161,220171,219651,0.437617,0.437617,0.437617,0.437617,0.437617,0.437617
10.7293,10.7306,10.7293,27.6343,77248.4,77232.5,624.773,220809,220288,0.437742,0.437742,0.437742,0.437742,0.437742,0.437742
10.7384,10.7397,10.7384,27.6391,77224.2,77208.3,625.384,221447,220926,0.437867,0.437867,0.437867,0.437867,0.437867,0.437867
10.7475,10.7488,10.7475,27.6293,77199.1,77183.2,625.996,222087,221565,0.437992,0.437992,0.437992,0.437992,0.437992,0.437992
10.7566,10.7579,10.7566,27.6231,77175,77159.1,626.608,222727,222205,0.438117,0.438117,0.438117,0.438117,0.438117,0.438117
10.7657,10.7671,10.7657,27.621,77149.8,77133.9,627.22,223368,222846,0.438242,0.438242,0.438242,0.438242,0.438242,0.438242
10.7748,10.7762,10.7748,27.6209,77125,77109.2,627.833,224010,223487,0.438367,0.438367,0.438367,0.438367,0.438367,0.438367
10.7839,10.7853,10.784,27.6209,77099.8,77084,628.445,224653,224129,0.438492,0.438492,0.438492,0.438492,0.438492,0.438492
10.7931,10.7944,10.7931,27.6181,77075.4,77059.6,629.058,225296,224773,0.438617,0.438617,0.438617,0.438617,0.438617,0.438617
10.8022,10.8036,10.8022,27.6191,77050.1,77034.3,629.671,225941,225417,0.438742,0.438742,0.438742,0.438742,0.438742,0.438742
10.8113,10.8127,10.8113,27.6196,77024.9,77009.1,630.284,226586,226062,0.438867,0.438867,0.438867,0.438867,0.438867,0.438867
10.8205,10.8218,10.8205,27.6356,76999.4,76983.6,630.898,227232,226707,0.438992,0.438992,0.438992,0.438992,0.438992,0.438992
10.8296,10.831,10.8296,27.632,76975.1,76959.3,631.512,227879,227354,0.439117,0.439117,0.439117,0.439117,0.439117,0.439117
10.8387,10.8401,10.8388,27.624,76950.2,76934.4,632.126,228527,228002,0.439242,0.439242,0.439242,0.439242,0.439242,0.439242
10.8479,10.8493,10.8479,27.616,76926.5,76910.7,632.74,229176,228650,0.439367,0.439367,0.439367,0.439367,0.439367,0.439367
10.8571,10.8585,10.8571,27.6227,76901.7,76885.9,633.354,229826,229299,0.439492,0.439492,0.439492,0.439492,0.439492,0.439492
10.8662,10.8676,10.8662,27.6216,76876.4,76860.6,633.969,230476,229949,0.439617,0.439617,0.439617,0.439617,0.439617,0.439617
10.8754,10.8768,10.8754,27.6134,76852.1,76836.4,634.584,231128,230600,0.439742,0.439742,0.439742,0.439742,0.439742,0.439742
10.8846,10.886,10.8846,27.6064,76827.5,76811.7,635.199,231780,231252,0.439867,0.439867,0.439867,0.439867,0.439867,0.439867
10.8937,10.8952,10.8938,27.5943,76802.8,76787,635.814,232433,231905,0.439992,0.439992,0.439992,0.439992,0.439992,0.439992
10.9029,10.9044,10.9029,27.5927,76778.7,76762.9,636.429,233087,232558,0.440117,0.440117,0.440117,0.440117,0.440117,0.440117
10.9121,10.9136,10.9121,27.5903,76755,76739.3,637.045,233742,233213,0.440242,0.440242,0.440242,0.440242,0.440242,0.440242
10.9213,10.9228,10.9213,27.5849,76731.5,76715.8,637.66,234398,233868,0.440367,0.440367,0.440367,0.440367,0.440367,0.440367
10.9305,10.932,10.9305,27.5707,76707.7,76691.9,638.276,235054,234524,0.440492,0.440492,0.440492,0.440492,0.440492,0.440492
10.9397,10.9412,10.9397,27.5702,76683,76667.3,638.892,235712,235181,0.440617,0.440617,0.440617,0.440617,0.440617,0.440617
10.9489,10.9504,10.9489,27.5765,76658.7,76643,639.508,236370,235839,0.440742,0.440742,0.440742,0.440742,0.440742,0.440742
10.9582,10.9597,10.9582,27.5782,76634.8,76619,640.124,237029,236498,0.440867,0.440867,0.440867,0.440867,0.440867,0.440867
10.9674,10.9689,10.9674,27.5682,76610.7,76595,640.741,237689,237157,0.440992,0.440992,0.440992,0.440992,0.440992,0.440992
10.9766,10.9781,10.9766,27.5708,76586.6,76570.9,641.357,238350,237818,0.441117,0.441117,0.441117,0.441117,0.441117,0.441117
10.9859,10.9874,10.9859,27.5622,76561.6,76545.9,641.974,239012,238479,0.441242,0.441242,0.441242,0.441242,0.441242,0.441242
10.9951,10.9966,10.9951,27.5618,76537.2,76521.5,642.591,239675,239141,0.441367,0.441367,0.441367,0.441367,0.441367,0.441367
11.0043,11.0059,11.0043,27.5632,76511.7,76496,643.208,240338,239804,0.441492,0.441492,0.441492,0.441492,0.441492,0.441492
11.0136,11.0151,11.0136,27.5673,76487.8,76472.1,643.826,241002,240468,0.441617,0.441617,0.441617,0.441617,0.441617,0.441617
11.0228,11.0244,11.0229,27.5605,76463,76447.3,644.444,241667,241133,0.441742,0.441742,0.441742,0.441742,0.441742,0.441742
11.0321,11.0337,11.0321,27.5506,76439,76423.3,645.061,242333,241798,0.441867,0.441867,0.441867,0.441867,0.441867,0.441867
11.0414,11.0429,11.0414,27.558,76414.5,76398.9,645.68,243000,242465,0.441992,0.441992,0.441992,0.441992,0.441992,0.441992
11.0506,11.0522,11.0507,27.5602,76391,76375.4,646.298,243668,243132,0.442117,0.442117,0.442117,0.442117,0.442117,0.442117
11.0599,11.0615,11.0599,27.556,76366.8,76351.1,646.917,244337,243800,0.442242,0.442242,0.442242,0.442242,0.442242,0.442242
11.0692,11.0708,11.0692,27.5484,76342.7,76327,647.535,245006,244469,0.442367,0.442367,0.442367,0.442367,0.442367,0.442367
11.0785,11.0801,11.0785,27.5568,76318.4,76302.8,648.154,245676,245139,0.442492,0.442492,0.442492,0.442492,0.442492,0.442492
11.0878,11.0894,11.0878,27.5505,76293.8,76278.1,648.773,246347,245810,0.442617,0.442617,0.442617,0.442617,0.442617,0.442617
11.0971,11.0987,11.0971,27.5423,76270.7,76255,649.393,247019,246481,0.442742,0.442742,0.442742,0.442742,0.442742,0.442742
11.1064,11.108,11.1064,27.5385,76246.4,76230.7,650.012,247692,247154,0.442867,0.442867,0.442867,0.442867,0.442867,0.442867
11.1157,11.1174,11.1157,27.5359,76222.6,76206.9,650.632,248366,247827,0.442992,0.442992,0.442992,0.442992,0.442992,0.442992
11.125,11.1267,11.125,27.5294,76199,76183.4,651.252,249040,248501,0.443117,0.443117,0.443117,0.443117,0.443117,0.443117
11.1344,11.136,11.1344,27.5304,76175.6,76159.9,651.872,249716,249176,0.443242,0.443242,0.443242,0.443242,0.443242,0.443242
11.1437,11.1453,11.1437,27.5278,76150.8,76135.2,652.492,250392,249852,0.443366,0.443366,0.443366,0.443366,0.443366,0.443366
11.153,11.1547,11.153,27.5153,76126.1,76110.4,653.112,251069,250528,0.443491,0.443491,0.443491,0.443491,0.443491,0.443491
11.1624,11.164,11.1624,27.5173,76102.1,76086.4,653.733,251747,251206,0.443616,0.443616,0.443616,0.443616,0.443616,0.443616
11.1717,11.1734,11.1717,27.5105,76078.2,76062.6,654.353,252426,251884,0.443741,0.443741,0.443741,0.443741,0.443741,0.443741
11.1811,11.1828,11.1811,27.5078,76055,76039.3,654.974,253105,252563,0.443866,0.443866,0.443866,0.443866,0.443866,0.443866
11.1904,11.1921,11.1904,27.5069,76032.2,76016.6,655.595,253786,253243,0.443991,0.443991,0.443991,0.443991,0.443991,0.443991
11.1998,11.2015,11.1998,27.4967,76008.9,75993.3,656.216,254467,253924,0.444116,0.444116,0.444116,0.444116,0.444116,0.444116
11.2091,11.2109,11.2092,27.4866,75984.8,75969.1,656.837,255149,254606,0.444241,0.444241,0.444241,0.444241,0.444241,0.444241
11.2185,11.2202,11.2185,27.4897,75960.7,75945,657.459,255832,255289,0.444366,0.444366,0.444366,0.444366,0.444366,0.444366
11.2279,11.2296,11.2279,27.4806,75936.9,75921.3,658.08,256516,255972,0.444491,0.444491,0.444491,0.444491,0.444491,0.444491
11.2373,11.239,11.2373,27.4813,75913.4,75897.7,658.702,257201,256656,0.444616,0.444616,0.444616,0.444616,0.444616,0.444616
11.2467,11.2484,11.2467,27.4797,75888.9,75873.3,659.324,257886,257342,0.444741,0.444741,0.444741,0.444741,0.444741,0.444741
11.2561,11.2578,11.2561,27.4851,75864.3,75848.7,659.946,258573,258027,0.444866,0.444866,0.444866,0.444866,0.444866,0.444866
11.2655,11.2672,11.2655,27.4804,75841.1,75825.5,660.568,259260,258714,0.444991,0.444991,0.444991,0.444991,0.444991,0.444991
11.2749,11.2766,11.2749,27.4703,75817.4,75801.7,661.191,259948,259402,0.445116,0.445116,0.445116,0.445116,0.445116,0.445116
11.2843,11.2861,11.2843,27.4664,75793.2,75777.5,661.813,260637,260090,0.445241,0.445241,0.445241,0.445241,0.445241,0.445241
11.2937,11.2955,11.2937,27.4673,75769.6,75753.9,662.436,261327,260780,0.445366,0.445366,0.445366,0.445366,0.445366,0.445366
11.3031,11.3049,11.3031,27.4607,75746.4,75730.8,663.059,262018,261470,0.445491,0.445491,0.445491,0.445491,0.445491,0.445491
11.3125,11.3144,11.3126,27.4521,75723.1,75707.5,663.682,262709,262161,0.445616,0.445616,0.445616,0.445616,0.445616,0.445616
11.322,11.3238,11.322,27.4566,75699.7,75684.1,664.306,263401,262853,0.445741,0.445741,0.445741,0.445741,0.445741,0.445741
11.3314,11.3333,11.3314,27.4529,75675.5,75659.9,664.929,264095,263546,0.445866,0.445866,0.445866,0.445866,0.445866,0.445866
11.3409,11.3427,11.3409,27.4455,75652,75636.4,665.553,264788,264239,0.445991,0.445991,0.445991,0.445991,0.445991,0.445991
11.3503,11.3522,11.3503,27.442,75628.3,75612.7,666.177,265483,264934,0.446116,0.446116,0.446116,0.446116,0.446116,0.446116
11.3598,11.3616,11.3598,27.4393,75604.9,75589.3,666.801,266179,265629,0.446241,0.446241,0.446241,0.446241,0.446241,0.446241
11.3692,11.3711,11.3692,27.4325,75581.3,75565.7,667.425,266876,266325,0.446366,0.446366,0.446366,0.446366,0.446366,0.446366
11.3787,11.3806,11.3787,27.4377,75558.1,75542.5,668.049,267573,267022,0.446491,0.446491,0.446491,0.446491,0.446491,0.446491
11.3882,11.3901,11.3882,27.4359,75535.7,75520.1,668.674,268271,267720,0.446616,0.446616,0.446616,0.446616,0.446616,0.446616
11.3976,11.3995,11.3977,27.4318,75512.5,75496.9,669.298,268970,268418,0.446741,0.446741,0.446741,0.446741,0.446741,0.446741
11.4071,11.409,11.4071,27.4296,75488.9,75473.3,669.923,269670,269118,0.446866,0.446866,0.446866,0.446866,0.446866,0.446866
11.4166,11.4185,11.4166,27.4248,75465.6,75450.1,670.548,270371,269818,0.446991,0.446991,0.446991,0.446991,0.446991,0.446991
11.4261,11.428,11.4261,27.4168,75442.3,75426.7,671.174,271072,270519,0.447116,0.447116,0.447116,0.447116,0.447116,0.447116
11.4356,11.4376,11.4356,27.4127,75419,75403.5,671.799,271775,271221,0.447241,0.447241,0.447241,0.447241,0.447241,0.447241
11.4451,11.4471,11.4451,27.4137,75396.4,75380.8,672.424,272478,271924,0.447366,0.447366,0.447366,0.447366,0.447366,0.447366
11.4546,11.4566,11.4546,27.4109,75372.8,75357.2,673.05,273182,272627,0.447491,0.447491,0.447491,0.447491,0.447491,0.447491
11.4641,11.4661,11.4642,27.4137,75349.6,75334,673.676,273887,273332,0.447616,0.447616,0.447616,0.447616,0.447616,0.447616
11.4737,11.4756,11.4737,27.4084,75327.3,75311.7,674.302,274593,274037,0.447741,0.447741,0.447741,0.447741,0.447741,0.447741
11.4832,11.4852,11.4832,27.4062,75303.6,75288,674.929,275299,274743,0.447866,0.447866,0.447866,0.447866,0.447866,0.447866
11.4927,11.4947,11.4927,27.4049,75280.2,75264.6,675.556,276007,275450,0.447991,0.447991,0.447991,0.447991,0.447991,0.447991
11.5023,11.5043,11.5023,27.4056,75256.9,75241.3,676.182,276715,276158,0.448116,0.448116,0.448116,0.448116,0.448116,0.448116
11.5118,11.5138,11.5118,27.4094,75234.6,75219,676.81,277424,276867,0.448241,0.448241,0.448241,0.448241,0.448241,0.448241
11.5214,11.5234,11.5214,27.4102,75212.9,75197.3,677.437,278134,277576,0.448366,0.448366,0.448366,0.448366,0.448366,0.448366
11.5309,11.533,11.5309,27.3924,75190.2,75174.6,678.064,278845,278287,0.448491,0.448491,0.448491,0.448491,0.448491,0.448491
11.5405,11.5425,11.5405,27.3873,75168.1,75152.6,678.692,279557,278998,0.448616,0.448616,0.448616,0.448616,0.448616,0.448616
11.55,11.5521,11.5501,27.3963,75146.3,75130.7,679.319,280269,279710,0.448741,0.448741,0.448741,0.448741,0.448741,0.448741
11.5596,11.5617,11.5596,27.3936,75123.3,75107.7,679.947,280982,280423,0.448866,0.448866,0.448866,0.448866,0.448866,0.448866
11.5692,11.5713,11.5692,27.3938,75100.5,75084.9,680.575,281696,281137,0.448991,0.448991,0.448991,0.448991,0.448991,0.448991
11.5788,11.5809,11.5788,27.3861,75078.4,75062.8,681.204,282411,281851,0.449116,0.449116,0.449116,0.449116,0.449116,0.449116
11.5884,11.5905,11.5884,27.3879,75055.9,75040.3,681.832,283127,282566,0.449241,0.449241,0.449241,0.449241,0.449241,0.449241
11.598,11.6001,11.598,27.3939,75033.8,75018.2,682.461,283844,283283,0.449366,0.449366,0.449366,0.449366,0.449366,0.449366
11.6076,11.6097,11.6076,27.391,75011.8,74996.2,683.09,284561,284000,0.449491,0.449491,0.449491,0.449491,0.449491,0.449491
11.6172,11.6193,11.6172,27.396,74989.4,74973.8,683.719,285280,284718,0.449616,0.449616,0.449616,0.449616,0.449616,0.449616
11.6268,11.6289,11.6268,27.3999,74965.5,74950,684.348,285999,285436,0.449741,0.449741,0.449741,0.449741,0.449741,0.449741
11.6364,11.6386,11.6364,27.3969,74943.4,74927.8,684.978,286719,286156,0.449866,0.449866,0.449866,0.449866,0.449866,0.449866
11.646,11.6482,11.646,27.3901,74920.5,74904.9,685.608,287440,286876,0.449991,0.449991,0.449991,0.449991,0.449991,0.449991
11.6556,11.6578,11.6557,27.388,74897.5,74881.9,686.238,288161,287597,0.450116,0.450116,0.450116,0.450116,0.450116,0.450116
11.6653,11.6675,11.6653,27.3894,74874.6,74859,686.868,288884,288320,0.450241,0.450241,0.450241,0.450241,0.450241,0.450241
11.6749,11.6771,11.6749,27.3838,74852.5,74836.9,687.498,289607,289042,0.450366,0.450366,0.450366,0.450366,0.450366,0.450366
11.6846,11.6868,11.6846,27.3721,74829.9,74814.3,688.128,290331,289766,0.450491,0.450491,0.450491,0.450491,0.450491,0.450491
11.6942,11.6964,11.6942,27.3641,74807.4,74791.9,688.759,291056,290491,0.450616,0.450616,0.450616,0.450616,0.450616,0.450616
11.7039,11.7061,11.7039,27.3535,74785.7,74770.1,689.389,291782,291216,0.450741,0.450741,0.450741,0.450741,0.450741,0.450741
11.7135,11.7158,11.7135,27.3491,74763.6,74748,690.02,292509,291942,0.450866,0.450866,0.450866,0.450866,0.450866,0.450866
11.7232,11.7255,11.7232,27.3405,74741,74725.5,690.65,293236,292669,0.450991,0.450991,0.450991,0.450991,0.450991,0.450991
11.7329,11.7351,11.7329,27.3386,74720.1,74704.5,691.281,293964,293397,0.451116,0.451116,0.451116,0.451116,0.451116,0.451116
11.7425,11.7448,11.7426,27.3385,74697,74681.5,691.912,294693,294126,0.451241,0.451241,0.451241,0.451241,0.451241,0.451241
11.7522,11.7545,11.7523,27.3473,74674,74658.5,692.543,295423,294855,0.451366,0.451366,0.451366,0.451366,0.451366,0.451366
11.7619,11.7642,11.7619,27.3474,74652,74636.4,693.174,296154,295586,0.451491,0.451491,0.451491,0.451491,0.451491,0.451491
11.7716,11.7739,11.7716,27.3522,74630,74614.4,693.806,296886,296317,0.451616,0.451616,0.451616,0.451616,0.451616,0.451616
11.7813,11.7836,11.7813,27.3479,74607.4,74591.8,694.438,297618,297049,0.451741,0.451741,0.451741,0.451741,0.451741,0.451741
11.791,11.7934,11.791,27.3456,74585.1,74569.5,695.07,298352,297782,0.451866,0.451866,0.451866,0.451866,0.451866,0.451866
11.8007,11.8031,11.8008,27.3418,74563.4,74547.9,695.702,299086,298515,0.451991,0.451991,0.451991,0.451991,0.451991,0.451991
11.8105,11.8128,11.8105,27.3443,74540.6,74525.1,696.334,299820,299250,0.452116,0.452116,0.452116,0.452116,0.452116,0.452116
11.8202,11.8225,11.8202,27.3417,74519.2,74503.6,696.966,300556,299985,0.452241,0.452241,0.452241,0.452241,0.452241,0.452241
11.8299,11.8323,11.8299,27.3412,74497.5,74481.9,697.599,301293,300721,0.452366,0.452366,0.452366,0.452366,0.452366,0.452366
11.8396,11.842,11.8397,27.3345,74476,74460.5,698.231,302030,301458,0.452491,0.452491,0.452491,0.452491,0.452491,0.452491
11.8494,11.8518,11.8494,27.3317,74454.2,74438.7,698.864,302768,302196,0.452616,0.452616,0.452616,0.452616,0.452616,0.452616
11.8591,11.8615,11.8591,27.3321,74432.1,74416.5,699.497,303507,302934,0.452741,0.452741,0.452741,0.452741,0.452741,0.452741
11.8689,11.8713,11.8689,27.3313,74410,74394.5,700.13,304247,303674,0.452866,0.452866,0.452866,0.452866,0.452866,0.452866
11.8786,11.8811,11.8787,27.3335,74387.6,74372,700.763,304988,304414,0.452991,0.452991,0.452991,0.452991,0.452991,0.452991
11.8884,11.8908,11.8884,27.3338,74364.7,74349.2,701.397,305730,305155,0.453116,0.453116,0.453116,0.453116,0.453116,0.453116
11.8982,11.9006,11.8982,27.3297,74342.3,74326.8,702.031,306472,305897,0.453241,0.453241,0.453241,0.453241,0.453241,0.453241
11.9079,11.9104,11.908,27.336,74320.5,74305,702.665,307215,306640,0.453366,0.453366,0.453366,0.453366,0.453366,0.453366
11.9177,11.9202,11.9177,27.3433,74297.6,74282.1,703.299,307959,307384,0.453491,0.453491,0.453491,0.453491,0.453491,0.453491
11.9275,11.93,11.9275,27.3347,74276.8,74261.3,703.934,308704,308128,0.453616,0.453616,0.453616,0.453616,0.453616,0.453616
11.9373,11.9398,11.9373,27.3304,74253.9,74238.3,704.569,309450,308873,0.453741,0.453741,0.453741,0.453741,0.453741,0.453741
11.9471,11.9496,11.9471,27.3359,74232.8,74217.2,705.203,310196,309619,0.453866,0.453866,0.453866,0.453866,0.453866,0.453866
11.9569,11.9594,11.9569,27.3374,74210.5,74195,705.839,310943,310366,0.453991,0.453991,0.453991,0.453991,0.453991,0.453991
11.9667,11.9692,11.9667,27.3259,74188.5,74173,706.474,311691,311114,0.454116,0.454116,0.454116,0.454116,0.454116,0.454116
11.9765,11.9791,11.9765,27.3182,74166.2,74150.6,707.109,312440,311862,0.454241,0.454241,0.454241,0.454241,0.454241,0.454241
11.9863,11.9889,11.9864,27.3269,74146,74130.4,707.745,313190,312611,0.454366,0.454366,0.454366,0.454366,0.454366,0.454366
11.9962,11.9987,11.9962,27.3276,74124.5,74109,708.38,313941,313362,0.454491,0.454491,0.454491,0.454491,0.454491,0.454491
12.006,12.0086,12.006,27.3318,74102.8,74087.2,709.017,314692,314113,0.454616,0.454616,0.454616,0.454616,0.454616,0.454616
12.0158,12.0184,12.0158,27.3384,74081.3,74065.7,709.653,315444,314864,0.454741,0.454741,0.454741,0.454741,0.454741,0.454741
12.0257,12.0283,12.0257,27.3265,74059.5,74043.9,710.289,316197,315617,0.454866,0.454866,0.454866,0.454866,0.454866,0.454866
12.0355,12.0381,12.0355,27.3268,74037.9,74022.3,710.926,316951,316370,0.454991,0.454991,0.454991,0.454991,0.454991,0.454991
12.0454,12.048,12.0454,27.3295,74016.2,74000.6,711.563,317706,317125,0.455116,0.455116,0.455116,0.455116,0.455116,0.455116
12.0552,12.0579,12.0552,27.3244,73994.1,73978.6,712.2,318461,317880,0.455241,0.455241,0.455241,0.455241,0.455241,0.455241
12.0651,12.0678,12.0651,27.3209,73972.5,73956.9,712.837,319218,318635,0.455366,0.455366,0.455366,0.455366,0.455366,0.455366
12.0749,12.0776,12.075,27.3116,73951.4,73935.9,713.474,319975,319392,0.455491,0.455491,0.455491,0.455491,0.455491,0.455491
12.0848,12.0875,12.0849,27.3129,73930.4,73914.8,714.111,320733,320150,0.455616,0.455616,0.455616,0.455616,0.455616,0.455616
12.0947,12.0974,12.0947,27.3099,73908.6,73893.1,714.749,321491,320908,0.455741,0.455741,0.455741,0.455741,0.455741,0.455741
12.1046,12.1073,12.1046,27.3071,73886.3,73870.7,715.387,322251,321667,0.455866,0.455866,0.455866,0.455866,0.455866,0.455866
12.1145,12.1172,12.1145,27.3024,73863.7,73848.2,716.024,323011,322427,0.455991,0.455991,0.455991,0.455991,0.455991,0.455991
12.1244,12.1271,12.1244,27.3058,73842,73826.4,716.662,323773,323188,0.456116,0.456116,0.456116,0.456116,0.456116,0.456116
12.1343,12.137,12.1343,27.314,73821.4,73805.8,717.301,324535,323950,0.456241,0.456241,0.456241,0.456241,0.456241,0.456241
12.1442,12.147,12.1442,27.3195,73799.7,73784.1,717.939,325298,324712,0.456366,0.456366,0.456366,0.456366,0.456366,0.456366
12.1541,12.1569,12.1541,27.3131,73777.1,73761.6,718.578,326061,325475,0.456491,0.456491,0.456491,0.456491,0.456491,0.456491
12.164,12.1668,12.1641,27.3044,73756.3,73740.7,719.217,326826,326239,0.456616,0.456616,0.456616,0.456616,0.456616,0.456616
12.174,12.1768,12.174,27.3112,73734.5,73718.9,719.856,327591,327004,0.456741,0.456741,0.456741,0.456741,0.456741,0.456741
12.1839,12.1867,12.1839,27.3189,73712.1,73696.5,720.495,328357,327770,0.456866,0.456866,0.456866,0.456866,0.456866,0.456866
12.1938,12.1967,12.1939,27.317,73690.8,73675.2,721.135,329124,328536,0.456991,0.456991,0.456991,0.456991,0.456991,0.456991
12.2038,12.2066,12.2038,27.315,73669,73653.4,721.774,329892,329303,0.457116,0.457116,0.457116,0.457116,0.457116,0.457116
12.2137,12.2166,12.2137,27.3295,73646.8,73631.2,722.414,330660,330072,0.45724,0.45724,0.45724,0.45724,0.45724,0.45724
12.2237,12.2265,12.2237,27.3265,73625.2,73609.6,723.055,331430,330840,0.457365,0.457365,0.457365,0.457365,0.457365,0.457365
12.2336,12.2365,12.2337,27.3373,73603.5,73587.9,723.695,332200,331610,0.45749,0.45749,0.45749,0.45749,0.45749,0.45749
12.2436,12.2465,12.2436,27.3364,73583.4,73567.8,724.336,332971,332381,0.457615,0.457615,0.457615,0.457615,0.457615,0.457615
12.2536,12.2565,12.2536,27.333,73561.2,73545.6,724.977,333742,333152,0.45774,0.45774,0.45774,0.45774,0.45774,0.45774
12.2635,12.2665,12.2636,27.337,73539.4,73523.8,725.619,334515,333924,0.457865,0.457865,0.457865,0.457865,0.457865,0.457865
12.2735,12.2765,12.2736,27.3359,73518.7,73503.1,726.26,335288,334697,0.45799,0.45799,0.45799,0.45799,0.45799,0.45799
12.2835,12.2865,12.2835,27.3361,73498.7,73483.1,726.902,336063,335471,0.458115,0.458115,0.458115,0.458115,0.458115,0.458115
12.2935,12.2965,12.2935,27.3314,73478.7,73463.1,727.544,336838,336246,0.45824,0.45824,0.45824,0.45824,0.45824,0.45824
12.3035,12.3065,12.3035,27.3372,73457.6,73442,728.186,337614,337021,0.458365,0.458365,0.458365,0.458365,0.458365,0.458365
12.3135,12.3165,12.3135,27.3445,73435.9,73420.3,728.828,338390,337797,0.45849,0.45849,0.45849,0.45849,0.45849,0.45849
12.3235,12.3265,12.3235,27.3426,73416.4,73400.8,729.471,339168,338574,0.458615,0.458615,0.458615,0.458615,0.458615,0.458615
12.3335,12.3365,12.3336,27.3489,73395.7,73380.1,730.113,339946,339352,0.45874,0.45874,0.45874,0.45874,0.45874,0.45874
12.3436,12.3466,12.3436,27.3426,73374.5,73358.9,730.756,340725,340131,0.458865,0.458865,0.458865,0.458865,0.458865,0.458865
12.3536,12.3566,12.3536,27.3367,73353.9,73338.3,731.399,341505,340910,0.45899,0.45899,0.45899,0.45899,0.45899,0.45899
12.3636,12.3667,12.3636,27.326,73332.9,73317.2,732.043,342286,341690,0.459115,0.459115,0.459115,0.459115,0.459115,0.459115
12.3737,12.3767,12.3737,27.331,73311.3,73295.7,732.686,343067,342472,0.45924,0.45924,0.45924,0.45924,0.45924,0.45924
12.3837,12.3868,12.3837,27.3311,73289.5,73273.9,733.329,343850,343253,0.459365,0.459365,0.459365,0.459365,0.459365,0.459365
12.3938,12.3968,12.3938,27.3291,73267.6,73252,733.973,344633,344036,0.45949,0.45949,0.45949,0.45949,0.45949,0.45949
12.4038,12.4069,12.4038,27.3356,73247.3,73231.6,734.617,345417,344820,0.459615,0.459615,0.459615,0.459615,0.459615,0.459615
12.4139,12.417,12.4139,27.3317,73226.1,73210.5,735.261,346201,345604,0.45974,0.45974,0.45974,0.45974,0.45974,0.45974
12.4239,12.4271,12.424,27.3225,73204.9,73189.2,735.905,346987,346389,0.459865,0.459865,0.459865,0.459865,0.459865,0.459865
12.434,12.4372,12.434,27.3264,73185,73169.3,736.549,347773,347175,0.45999,0.45999,0.45999,0.45999,0.45999,0.45999
12.4441,12.4473,12.4441,27.3317,73165.7,73150,737.194,348560,347962,0.460115,0.460115,0.460115,0.460115,0.460115,0.460115
12.4542,12.4574,12.4542,27.3289,73144.9,73129.3,737.839,349348,348749,0.46024,0.46024,0.46024,0.46024,0.46024,0.46024
12.4643,12.4675,12.4643,27.3378,73123.8,73108.2,738.484,350137,349538,0.460365,0.460365,0.460365,0.460365,0.460365,0.460365
12.4744,12.4776,12.4744,27.3391,73102.9,73087.3,739.129,350927,350327,0.46049,0.46049,0.46049,0.46049,0.46049,0.46049
12.4845,12.4877,12.4845,27.3388,73082.1,73066.4,739.774,351717,351117,0.460615,0.460615,0.460615,0.460615,0.460615,0.460615
12.4946,12.4978,12.4946,27.3324,73061,73045.4,740.42,352508,351908,0.46074,0.46074,0.46074,0.46074,0.46074,0.46074
12.5047,12.5079,12.5047,27.3318,73040.5,73024.8,741.066,353301,352699,0.460865,0.460865,0.460865,0.460865,0.460865,0.460865
12.5148,12.5181,12.5148,27.3264,73019.5,73003.8,741.711,354093,353492,0.46099,0.46099,0.46099,0.46099,0.46099,0.46099
12.5249,12.5282,12.525,27.3247,72998.6,72982.9,742.358,354887,354285,0.461115,0.461115,0.461115,0.461115,0.461115,0.461115
12.5351,12.5384,12.5351,27.3256,72978,72962.3,743.004,355681,355079,0.46124,0.46124,0.46124,0.46124,0.46124,0.46124
12.5452,12.5485,12.5452,27.3263,72957.6,72942,743.65,356477,355874,0.461365,0.461365,0.461365,0.461365,0.461365,0.461365
12.5553,12.5587,12.5554,27.332,72935.7,72920,744.297,357273,356669,0.46149,0.46149,0.46149,0.46149,0.46149,0.46149
12.5655,12.5688,12.5655,27.3305,72915.5,72899.8,744.944,358070,357466,0.461615,0.461615,0.461615,0.461615,0.461615,0.461615
12.5756,12.579,12.5757,27.3317,72894.6,72878.9,745.591,358867,358263,0.46174,0.46174,0.46174,0.46174,0.46174,0.46174
12.5858,12.5892,12.5858,27.3356,72874,72858.3,746.238,359666,359061,0.461865,0.461865,0.461865,0.461865,0.461865,0.461865
12.596,12.5994,12.596,27.3373,72854.1,72838.4,746.885,360465,359860,0.46199,0.46199,0.46199,0.46199,0.46199,0.46199
12.6061,12.6095,12.6062,27.3416,72833.4,72817.7,747.533,361265,360659,0.462115,0.462115,0.462115,0.462115,0.462115,0.462115
12.6163,12.6197,12.6163,27.3376,72813.3,72797.6,748.181,362066,361460,0.46224,0.46224,0.46224,0.46224,0.46224,0.46224
12.6265,12.6299,12.6265,27.3364,72793.1,72777.4,748.829,362867,362261,0.462365,0.462365,0.462365,0.462365,0.462365,0.462365
12.6367,12.6401,12.6367,27.3383,72773.7,72758,749.477,363670,363063,0.46249,0.46249,0.46249,0.46249,0.46249,0.46249
12.6469,12.6503,12.6469,27.3452,72753.7,72738,750.126,364473,363866,0.462615,0.462615,0.462615,0.462615,0.462615,0.462615
12.6571,12.6606,12.6571,27.345,72733,72717.3,750.774,365277,364669,0.46274,0.46274,0.46274,0.46274,0.46274,0.46274
12.6673,12.6708,12.6673,27.3448,72713.1,72697.4,751.423,366082,365474,0.462865,0.462865,0.462865,0.462865,0.462865,0.462865
12.6775,12.681,12.6775,27.347,72692.3,72676.6,752.072,366888,366279,0.46299,0.46299,0.46299,0.46299,0.46299,0.46299
12.6877,12.6912,12.6877,27.3479,72672.5,72656.8,752.722,367694,367085,0.463115,0.463115,0.463115,0.463115,0.463115,0.463115
12.6979,12.7015,12.698,27.3438,72651.2,72635.4,753.371,368501,367892,0.46324,0.46324,0.46324,0.46324,0.46324,0.46324
12.7082,12.7117,12.7082,27.3385,72631.6,72615.9,754.021,369309,368699,0.463365,0.463365,0.463365,0.463365,0.463365,0.463365
12.7184,12.722,12.7184,27.3401,72610.9,72595.2,754.67,370118,369508,0.46349,0.46349,0.46349,0.46349,0.46349,0.46349
12.7286,12.7322,12.7287,27.3404,72590.6,72574.9,755.32,370928,370317,0.463615,0.463615,0.463615,0.463615,0.463615,0.463615
12.7389,12.7425,12.7389,27.339,72571.4,72555.6,755.97,371738,371127,0.46374,0.46374,0.46374,0.46374,0.46374,0.46374
12.7491,12.7527,12.7492,27.3412,72551.4,72535.6,756.62,372550,371938,0.463865,0.463865,0.463865,0.463865,0.463865,0.463865
12.7594,12.763,12.7594,27.3402,72531.8,72516,757.27,373362,372749,0.46399,0.46399,0.46399,0.46399,0.46399,0.46399
12.7696,12.7733,12.7697,27.3415,72512.5,72496.8,757.921,374175,373562,0.464115,0.464115,0.464115,0.464115,0.464115,0.464115
12.7799,12.7836,12.78,27.3391,72493.3,72477.5,758.571,374988,374375,0.46424,0.46424,0.46424,0.46424,0.46424,0.46424
12.7902,12.7939,12.7902,27.3437,72473.2,72457.5,759.222,375803,375189,0.464365,0.464365,0.464365,0.464365,0.464365,0.464365
12.8005,12.8042,12.8005,27.3467,72453.5,72437.7,759.873,376618,376004,0.46449,0.46449,0.46449,0.46449,0.46449,0.46449
12.8108,12.8145,12.8108,27.344,72433,72417.3,760.524,377434,376820,0.464615,0.464615,0.464615,0.464615,0.464615,0.464615
12.821,12.8248,12.8211,27.3405,72413.6,72397.8,761.175,378251,377636,0.46474,0.46474,0.46474,0.46474,0.46474,0.46474
12.8313,12.8351,12.8314,27.3387,72393.7,72377.9,761.826,379069,378453,0.464865,0.464865,0.464865,0.464865,0.464865,0.464865
12.8416,12.8454,12.8417,27.3398,72374,72358.2,762.478,379887,379271,0.46499,0.46499,0.46499,0.46499,0.46499,0.46499
12.852,12.8557,12.852,27.3398,72353.7,72337.9,763.13,380706,380090,0.465115,0.465115,0.465115,0.465115,0.465115,0.465115
12.8623,12.8661,12.8623,27.3432,72333.8,72318.1,763.781,381526,380910,0.46524,0.46524,0.46524,0.46524,0.46524,0.46524
12.8726,12.8764,12.8726,27.3434,72314.9,72299.1,764.433,382347,381730,0.465365,0.465365,0.465365,0.465365,0.465365,0.465365
12.8829,12.8867,12.8829,27.3375,72294.1,72278.4,765.086,383169,382551,0.46549,0.46549,0.46549,0.46549,0.46549,0.46549
12.8932,12.8971,12.8933,27.3341,72274.3,72258.6,765.738,383991,383373,0.465615,0.465615,0.465615,0.465615,0.465615,0.465615
12.9036,12.9075,12.9036,27.3354,72253.9,72238.1,766.39,384814,384196,0.46574,0.46574,0.46574,0.46574,0.46574,0.46574
12.9139,12.9178,12.914,27.3359,72234.4,72218.6,767.042,385638,385020,0.465865,0.465865,0.465865,0.465865,0.465865,0.465865
12.9243,12.9282,12.9243,27.3365,72214.9,72199.1,767.695,386463,385844,0.46599,0.46599,0.46599,0.46599,0.46599,0.46599
12.9346,12.9385,12.9347,27.3413,72195,72179.2,768.348,387289,386669,0.466115,0.466115,0.466115,0.466115,0.466115,0.466115
12.945,12.9489,12.945,27.3479,72175.4,72159.6,769.001,388115,387495,0.46624,0.46624,0.46624,0.46624,0.46624,0.46624
12.9554,12.9593,12.9554,27.3495,72155.7,72139.9,769.654,388942,388322,0.466365,0.466365,0.466365,0.466365,0.466365,0.466365
12.9657,12.9697,12.9658,27.3586,72136.1,72120.3,770.307,389770,389149,0.46649,0.46649,0.46649,0.46649,0.46649,0.46649
12.9761,12.9801,12.9761,27.3558,72116.1,72100.3,770.961,390599,389978,0.466615,0.466615,0.466615,0.466615,0.466615,0.466615
12.9865,12.9905,12.9865,27.351,72097.1,72081.2,771.615,391429,390807,0.46674,0.46674,0.46674,0.46674,0.46674,0.46674
12.9969,13.0009,12.9969,27.3504,72077.5,72061.7,772.269,392259,391637,0.466865,0.466865,0.466865,0.466865,0.466865,0.466865
13.0073,13.0113,13.0073,27.3517,72057.5,72041.7,772.923,393090,392467,0.46699,0.46699,0.46699,0.46699,0.46699,0.46699
13.0177,13.0217,13.0177,27.3591,72037.7,72021.8,773.577,393922,393299,0.467115,0.467115,0.467115,0.467115,0.467115,0.467115
13.0281,13.0322,13.0281,27.3671,72017.8,72002,774.232,394755,394131,0.46724,0.46724,0.46724,0.46724,0.46724,0.46724
13.0385,13.0426,13.0385,27.3663,71998.6,71982.8,774.887,395588,394964,0.467365,0.467365,0.467365,0.467365,0.467365,0.467365
13.0489,13.053,13.0489,27.3641,71979.5,71963.7,775.542,396423,395798,0.46749,0.46749,0.46749,0.46749,0.46749,0.46749
13.0593,13.0635,13.0593,27.3646,71959.9,71944,776.197,397258,396633,0.467615,0.467615,0.467615,0.467615,0.467615,0.467615
13.0697,13.0739,13.0698,27.3688,71940,71924.1,776.852,398094,397468,0.46774,0.46774,0.46774,0.46774,0.46774,0.46774
13.0802,13.0844,13.0802,27.3669,71919.8,71904,777.508,398931,398305,0.467865,0.467865,0.467865,0.467865,0.467865,0.467865
13.0906,13.0948,13.0907,27.3657,71900.8,71884.9,778.164,399768,399142,0.46799,0.46799,0.46799,0.46799,0.46799,0.46799
13.1011,13.1053,13.1011,27.3689,71882.1,71866.2,778.82,400606,399979,0.468115,0.468115,0.468115,0.468115,0.468115,0.468115
13.1115,13.1158,13.1116,27.3631,71863.1,71847.2,779.476,401445,400818,0.46824,0.46824,0.46824,0.46824,0.46824,0.46824
13.122,13.1262,13.122,27.3729,71843,71827.2,780.132,402285,401658,0.468365,0.468365,0.468365,0.468365,0.468365,0.468365
13.1324,13.1367,13.1325,27.3759,71823.8,71808,780.789,403126,402498,0.46849,0.46849,0.46849,0.46849,0.46849,0.46849
13.1429,13.1472,13.143,27.376,71805.1,71789.2,781.445,403967,403339,0.468615,0.468615,0.468615,0.468615,0.468615,0.468615
13.1534,13.1577,13.1534,27.377,71786.8,71771,782.102,404809,404180,0.46874,0.46874,0.46874,0.46874,0.46874,0.46874
13.1639,13.1682,13.1639,27.3754,71768.9,71753.1,782.759,405652,405023,0.468865,0.468865,0.468865,0.468865,0.468865,0.468865
13.1744,13.1787,13.1744,27.3743,71749.1,71733.2,783.417,406496,405866,0.46899,0.46899,0.46899,0.46899,0.46899,0.46899
13.1849,13.1892,13.1849,27.3754,71729.8,71713.9,784.074,407341,406711,0.469115,0.469115,0.469115,0.469115,0.469115,0.469115
13.1954,13.1997,13.1954,27.3742,71712,71696.1,784.732,408186,407556,0.46924,0.46924,0.46924,0.46924,0.46924,0.46924
13.2059,13.2103,13.2059,27.3809,71693.8,71677.9,785.389,409032,408401,0.469365,0.469365,0.469365,0.469365,0.469365,0.469365
13.2164,13.2208,13.2164,27.3848,71674.4,71658.5,786.048,409879,409248,0.46949,0.46949,0.46949,0.46949,0.46949,0.46949
13.2269,13.2313,13.2269,27.3879,71655.3,71639.4,786.706,410727,410095,0.469615,0.469615,0.469615,0.469615,0.469615,0.469615
13.2374,13.2419,13.2374,27.3884,71636.8,71620.9,787.365,411576,410943,0.46974,0.46974,0.46974,0.46974,0.46974,0.46974
13.2479,13.2524,13.248,27.3877,71618.8,71602.9,788.023,412425,411792,0.469865,0.469865,0.469865,0.469865,0.469865,0.469865
13.2585,13.263,13.2585,27.3926,71599.4,71583.4,788.682,413275,412642,0.46999,0.46999,0.46999,0.46999,0.46999,0.46999
13.269,13.2735,13.269,27.396,71580.2,71564.3,789.341,414126,413492,0.470115,0.470115,0.470115,0.470115,0.470115,0.470115
13.2796,13.2841,13.2796,27.3955,71560.7,71544.7,790.001,414978,414343,0.47024,0.47024,0.47024,0.47024,0.47024,0.47024
13.2901,13.2947,13.2901,27.4082,71540.9,71525,790.66,415830,415196,0.470365,0.470365,0.470365,0.470365,0.470365,0.470365
13.3007,13.3052,13.3007,27.4091,71521.4,71505.4,791.32,416683,416048,0.47049,0.47049,0.47049,0.47049,0.47049,0.47049
13.3112,13.3158,13.3113,27.4176,71501.7,71485.8,791.98,417537,416902,0.470615,0.470615,0.470615,0.470615,0.470615,0.470615
13.3218,13.3264,13.3218,27.4253,71481.8,71465.8,792.641,418392,417756,0.47074,0.47074,0.47074,0.47074,0.47074,0.47074
13.3324,13.337,13.3324,27.4287,71463.2,71447.2,793.301,419248,418611,0.470865,0.470865,0.470865,0.470865,0.470865,0.470865
13.343,13.3476,13.343,27.427,71443.7,71427.7,793.962,420104,419467,0.470989,0.470989,0.470989,0.470989,0.470989,0.470989
13.3535,13.3582,13.3536,27.431,71424.6,71408.6,794.623,420961,420324,0.471114,0.471114,0.471114,0.471114,0.471114,0.471114
13.3641,13.3688,13.3642,27.439,71405.1,71389.1,795.285,421819,421182,0.471239,0.471239,0.471239,0.471239,0.471239,0.471239
13.3747,13.3794,13.3748,27.4364,71385.8,71369.8,795.946,422678,422040,0.471364,0.471364,0.471364,0.471364,0.471364,0.471364
13.3853,13.3901,13.3854,27.4462,71367.5,71351.5,796.608,423538,422899,0.471489,0.471489,0.471489,0.471489,0.471489,0.471489
13.3959,13.4007,13.396,27.4502,71348.6,71332.5,797.27,424398,423759,0.471614,0.471614,0.471614,0.471614,0.471614,0.471614
13.4066,13.4113,13.4066,27.4565,71330.9,71314.8,797.933,425259,424619,0.471739,0.471739,0.471739,0.471739,0.471739,0.471739
13.4172,13.422,13.4172,27.4553,71312.2,71296.2,798.595,426121,425481,0.471864,0.471864,0.471864,0.471864,0.471864,0.471864
13.4278,13.4326,13.4278,27.4503,71294.1,71278,799.258,426983,426343,0.471989,0.471989,0.471989,0.471989,0.471989,0.471989
13.4384,13.4433,13.4385,27.4495,71275.5,71259.4,799.921,427847,427206,0.472114,0.472114,0.472114,0.472114,0.472114,0.472114
13.4491,13.4539,13.4491,27.4571,71256.9,71240.8,800.584,428711,428070,0.472239,0.472239,0.472239,0.472239,0.472239,0.472239
13.4597,13.4646,13.4598,27.4544,71238.1,71222,801.247,429576,428934,0.472364,0.472364,0.472364,0.472364,0.472364,0.472364
13.4704,13.4753,13.4704,27.4615,71219.1,71203,801.91,430442,429800,0.472489,0.472489,0.472489,0.472489,0.472489,0.472489
13.481,13.4859,13.4811,27.4649,71199.8,71183.6,802.574,431308,430666,0.472614,0.472614,0.472614,0.472614,0.472614,0.472614
13.4917,13.4966,13.4917,27.4648,71181.9,71165.8,803.238,432176,431533,0.472739,0.472739,0.472739,0.472739,0.472739,0.472739
13.5024,13.5073,13.5024,27.4618,71163,71146.9,803.901,433044,432400,0.472864,0.472864,0.472864,0.472864,0.472864,0.472864
13.513,13.518,13.5131,27.4741,71144.4,71128.3,804.566,433913,433269,0.472989,0.472989,0.472989,0.472989,0.472989,0.472989
13.5237,13.5287,13.5237,27.476,71125.6,71109.4,805.23,434782,434138,0.473114,0.473114,0.473114,0.473114,0.473114,0.473114
13.5344,13.5394,13.5344,27.4775,71108.1,71091.9,805.895,435653,435008,0.473239,0.473239,0.473239,0.473239,0.473239,0.473239
13.5451,13.5501,13.5451,27.4847,71089.9,71073.8,806.56,436524,435879,0.473364,0.473364,0.473364,0.473364,0.473364,0.473364
13.5558,13.5608,13.5558,27.4969,71071.8,71055.7,807.225,437396,436750,0.473489,0.473489,0.473489,0.473489,0.473489,0.473489
13.5665,13.5716,13.5665,27.5073,71053.8,71037.7,807.891,438269,437623,0.473614,0.473614,0.473614,0.473614,0.473614,0.473614
13.5772,13.5823,13.5772,27.5134,71035.7,71019.5,808.557,439142,438496,0.473739,0.473739,0.473739,0.473739,0.473739,0.473739
13.5879,13.593,13.5879,27.5262,71016.4,71000.2,809.224,440017,439370,0.473864,0.473864,0.473864,0.473864,0.473864,0.473864
13.5986,13.6038,13.5987,27.534,70998.2,70982.1,809.89,440892,440244,0.473989,0.473989,0.473989,0.473989,0.473989,0.473989
13.6094,13.6145,13.6094,27.5294,70979.7,70963.5,810.557,441768,441120,0.474114,0.474114,0.474114,0.474114,0.474114,0.474114
13.6201,13.6253,13.6201,27.527,70961.6,70945.4,811.225,442644,441996,0.474239,0.474239,0.474239,0.474239,0.474239,0.474239
13.6308,13.636,13.6309,27.5283,70943.2,70927,811.892,443522,442873,0.474364,0.474364,0.474364,0.474364,0.474364,0.474364
13.6416,13.6468,13.6416,27.5257,70925.5,70909.3,812.56,444400,443751,0.474489,0.474489,0.474489,0.474489,0.474489,0.474489
13.6523,13.6576,13.6524,27.5286,70907.2,70891,813.227,445279,444630,0.474614,0.474614,0.474614,0.474614,0.474614,0.474614
13.6631,13.6683,13.6631,27.5355,70889.4,70873.2,813.895,446159,445509,0.474739,0.474739,0.474739,0.474739,0.474739,0.474739
13.6738,13.6791,13.6739,27.5382,70870.9,70854.7,814.563,447040,446389,0.474864,0.474864,0.474864,0.474864,0.474864,0.474864
13.6846,13.6899,13.6846,27.5453,70852,70835.7,815.232,447921,447270,0.474989,0.474989,0.474989,0.474989,0.474989,0.474989
13.6954,13.7007,13.6954,27.5462,70833.1,70816.8,815.901,448803,448152,0.475114,0.475114,0.475114,0.475114,0.475114,0.475114
13.7062,13.7115,13.7062,27.5424,70815.7,70799.4,816.57,449686,449034,0.475239,0.475239,0.475239,0.475239,0.475239,0.475239
13.7169,13.7223,13.717,27.541,70798,70781.7,817.239,450570,449917,0.475364,0.475364,0.475364,0.475364,0.475364,0.475364
13.7277,13.7331,13.7278,27.5466,70778.5,70762.2,817.908,451454,450801,0.475489,0.475489,0.475489,0.475489,0.475489,0.475489
13.7385,13.7439,13.7386,27.5485,70760.5,70744.2,818.577,452339,451686,0.475614,0.475614,0.475614,0.475614,0.475614,0.475614
13.7493,13.7548,13.7494,27.5518,70742.6,70726.3,819.247,453225,452572,0.475739,0.475739,0.475739,0.475739,0.475739,0.475739
13.7601,13.7656,13.7602,27.5507,70724.4,70708.1,819.917,454112,453458,0.475864,0.475864,0.475864,0.475864,0.475864,0.475864
13.771,13.7764,13.771,27.5521,70706.7,70690.4,820.587,455000,454345,0.475989,0.475989,0.475989,0.475989,0.475989,0.475989
13.7818,13.7873,13.7818,27.554,70689.2,70672.9,821.257,455888,455233,0.476114,0.476114,0.476114,0.476114,0.476114,0.476114
13.7926,13.7981,13.7927,27.5595,70670.6,70654.3,821.927,456777,456122,0.476239,0.476239,0.476239,0.476239,0.476239,0.476239
13.8034,13.809,13.8035,27.5668,70653.4,70637.1,822.598,457667,457011,0.476364,0.476364,0.476364,0.476364,0.476364,0.476364
13.8143,13.8198,13.8143,27.5769,70635.5,70619.2,823.269,458558,457901,0.476489,0.476489,0.476489,0.476489,0.476489,0.476489
13.8251,13.8307,13.8252,27.5795,70617.8,70601.4,823.941,459449,458792,0.476614,0.476614,0.476614,0.476614,0.476614,0.476614
13.836,13.8416,13.836,27.5846,70600.5,70584.2,824.613,460341,459684,0.476739,0.476739,0.476739,0.476739,0.476739,0.476739
13.8468,13.8525,13.8469,27.5841,70582.8,70566.4,825.284,461234,460577,0.476864,0.476864,0.476864,0.476864,0.476864,0.476864
13.8577,13.8633,13.8578,27.5909,70564.9,70548.5,825.956,462128,461470,0.476989,0.476989,0.476989,0.476989,0.476989,0.476989
13.8686,13.8742,13.8686,27.5918,70546.9,70530.5,826.629,463022,462364,0.477114,0.477114,0.477114,0.477114,0.477114,0.477114
13.8794,13.8851,13.8795,27.5972,70529.5,70513.1,827.301,463918,463259,0.477239,0.477239,0.477239,0.477239,0.477239,0.477239
13.8903,13.896,13.8904,27.6011,70510.8,70494.4,827.974,464814,464154,0.477364,0.477364,0.477364,0.477364,0.477364,0.477364
13.9012,13.9069,13.9013,27.607,70493,70476.6,828.647,465711,465051,0.477489,0.477489,0.477489,0.477489,0.477489,0.477489
13.9121,13.9179,13.9122,27.6117,70475.4,70459,829.32,466608,465948,0.477614,0.477614,0.477614,0.477614,0.477614,0.477614
13.923,13.9288,13.923,27.6168,70458,70441.5,829.994,467507,466846,0.477739,0.477739,0.477739,0.477739,0.477739,0.477739
13.9339,13.9397,13.934,27.6249,70440.2,70423.8,830.667,468406,467745,0.477864,0.477864,0.477864,0.477864,0.477864,0.477864
13.9448,13.9506,13.9449,27.6362,70423.4,70407,831.341,469306,468644,0.477989,0.477989,0.477989,0.477989,0.477989,0.477989
13.9557,13.9616,13.9558,27.6372,70407.3,70390.8,832.016,470206,469544,0.478114,0.478114,0.478114,0.478114,0.478114,0.478114
13.9666,13.9725,13.9667,27.6379,70390.3,70373.9,832.69,471108,470445,0.478239,0.478239,0.478239,0.478239,0.478239,0.478239
13.9776,13.9835,13.9776,27.6443,70373.3,70356.8,833.365,472010,471347,0.478364,0.478364,0.478364,0.478364,0.478364,0.478364
13.9885,13.9944,13.9886,27.6518,70355.9,70339.4,834.039,472913,472250,0.478489,0.478489,0.478489,0.478489,0.478489,0.478489
13.9994,14.0054,13.9995,27.658,70337.9,70321.4,834.714,473817,473153,0.478614,0.478614,0.478614,0.478614,0.478614,0.478614
14.0104,14.0164,14.0104,27.656,70320.5,70304.1,835.39,474721,474057,0.478739,0.478739,0.478739,0.478739,0.478739,0.478739
14.0213,14.0273,14.0214,27.6555,70302.4,70285.9,836.065,475627,474962,0.478864,0.478864,0.478864,0.478864,0.478864,0.478864
14.0323,14.0383,14.0323,27.6593,70285.2,70268.7,836.74,476533,475868,0.478989,0.478989,0.478989,0.478989,0.478989,0.478989
14.0432,14.0493,14.0433,27.6612,70266.8,70250.3,837.416,477440,476774,0.479114,0.479114,0.479114,0.479114,0.479114,0.479114
14.0542,14.0603,14.0543,27.6638,70249.5,70233,838.092,478347,477682,0.479239,0.479239,0.479239,0.479239,0.479239,0.479239
14.0652,14.0713,14.0652,27.664,70232,70215.5,838.768,479256,478589,0.479364,0.479364,0.479364,0.479364,0.479364,0.479364
14.0762,14.0823,14.0762,27.6612,70213.9,70197.3,839.444,480165,479498,0.479489,0.479489,0.479489,0.479489,0.479489,0.479489
14.0872,14.0933,14.0872,27.6586,70197.2,70180.6,840.121,481075,480408,0.479614,0.479614,0.479614,0.479614,0.479614,0.479614
14.0981,14.1043,14.0982,27.664,70179.7,70163.1,840.797,481986,481318,0.479739,0.479739,0.479739,0.479739,0.479739,0.479739
14.1091,14.1153,14.1092,27.6686,70162.5,70145.9,841.474,482897,482229,0.479864,0.479864,0.479864,0.479864,0.479864,0.479864
14.1202,14.1264,14.1202,27.6803,70145,70128.4,842.151,483809,483141,0.479989,0.479989,0.479989,0.479989,0.479989,0.479989
14.1312,14.1374,14.1312,27.6866,70127.4,70110.8,842.828,484722,484053,0.480114,0.480114,0.480114,0.480114,0.480114,0.480114
14.1422,14.1484,14.1422,27.6892,70110.4,70093.8,843.505,485636,484967,0.480239,0.480239,0.480239,0.480239,0.480239,0.480239
14.1532,14.1595,14.1533,27.6865,70093.1,70076.5,844.183,486551,485881,0.480364,0.480364,0.480364,0.480364,0.480364,0.480364
14.1642,14.1705,14.1643,27.6877,70076.2,70059.6,844.861,487466,486796,0.480489,0.480489,0.480489,0.480489,0.480489,0.480489
14.1753,14.1816,14.1753,27.6925,70059.3,70042.7,845.539,488382,487711,0.480614,0.480614,0.480614,0.480614,0.480614,0.480614
14.1863,14.1927,14.1864,27.6988,70042.5,70025.8,846.217,489299,488628,0.480739,0.480739,0.480739,0.480739,0.480739,0.480739
14.1973,14.2037,14.1974,27.7053,70024.1,70007.5,846.895,490217,489545,0.480864,0.480864,0.480864,0.480864,0.480864,0.480864
14.2084,14.2148,14.2085,27.7086,70007.1,69990.4,847.574,491135,490463,0.480989,0.480989,0.480989,0.480989,0.480989,0.480989
14.2195,14.2259,14.2195,27.7081,69989.6,69972.9,848.253,492054,491382,0.481114,0.481114,0.481114,0.481114,0.481114,0.481114
14.2305,14.237,14.2306,27.72,69973.2,69956.5,848.932,492974,492301,0.481239,0.481239,0.481239,0.481239,0.481239,0.481239
14.2416,14.2481,14.2416,27.7246,69956.1,69939.4,849.611,493895,493221,0.481364,0.481364,0.481364,0.481364,0.481364,0.481364
14.2527,14.2592,14.2527,27.7298,69938.7,69922,850.291,494816,494142,0.481489,0.481489,0.481489,0.481489,0.481489,0.481489
14.2637,14.2703,14.2638,27.7375,69921.3,69904.6,850.971,495738,495064,0.481614,0.481614,0.481614,0.481614,0.481614,0.481614
14.2748,14.2814,14.2749,27.7404,69905.3,69888.6,851.651,496661,495987,0.481739,0.481739,0.481739,0.481739,0.481739,0.481739
14.2859,14.2925,14.286,27.7438,69888.8,69872.1,852.332,497585,496910,0.481864,0.481864,0.481864,0.481864,0.481864,0.481864
14.297,14.3036,14.2971,27.745,69871.4,69854.7,853.012,498510,497834,0.481989,0.481989,0.481989,0.481989,0.481989,0.481989
14.3081,14.3148,14.3082,27.7473,69854.4,69837.7,853.693,499435,498759,0.482114,0.482114,0.482114,0.482114,0.482114,0.482114
14.3192,14.3259,14.3193,27.7487,69838,69821.3,854.374,500361,499684,0.482239,0.482239,0.482239,0.482239,0.482239,0.482239
14.3303,14.337,14.3304,27.7509,69821,69804.2,855.055,501288,500611,0.482364,0.482364,0.482364,0.482364,0.482364,0.482364
14.3415,14.3482,14.3415,27.7516,69804.2,69787.4,855.736,502215,501538,0.482489,0.482489,0.482489,0.482489,0.482489,0.482489
14.3526,14.3593,14.3527,27.7588,69787,69770.2,856.418,503144,502466,0.482614,0.482614,0.482614,0.482614,0.482614,0.482614
14.3637,14.3705,14.3638,27.7617,69770.8,69754,857.099,504073,503394,0.482739,0.482739,0.482739,0.482739,0.482739,0.482739
14.3749,14.3817,14.3749,27.7655,69753.2,69736.4,857.781,505003,504324,0.482864,0.482864,0.482864,0.482864,0.482864,0.482864
14.386,14.3928,14.3861,27.7699,69736.5,69719.7,858.463,505933,505254,0.482989,0.482989,0.482989,0.482989,0.482989,0.482989
14.3972,14.404,14.3972,27.7765,69719.6,69702.8,859.146,506865,506185,0.483114,0.483114,0.483114,0.483114,0.483114,0.483114
14.4083,14.4152,14.4084,27.7808,69703.2,69686.4,859.828,507797,507117,0.483239,0.483239,0.483239,0.483239,0.483239,0.483239
14.4195,14.4264,14.4196,27.7874,69686,69669.2,860.511,508730,508049,0.483364,0.483364,0.483364,0.483364,0.483364,0.483364
14.4307,14.4376,14.4307,27.7933,69668.6,69651.7,861.195,509663,508982,0.483489,0.483489,0.483489,0.483489,0.483489,0.483489
14.4418,14.4488,14.4419,27.7906,69651.4,69634.5,861.878,510598,509916,0.483614,0.483614,0.483614,0.483614,0.483614,0.483614
14.453,14.46,14.4531,27.7904,69634,69617.1,862.561,511533,510851,0.483739,0.483739,0.483739,0.483739,0.483739,0.483739
14.4642,14.4712,14.4643,27.792,69616.7,69599.8,863.245,512469,511787,0.483864,0.483864,0.483864,0.483864,0.483864,0.483864
14.4754,14.4824,14.4755,27.8009,69599.6,69582.7,863.929,513406,512723,0.483989,0.483989,0.483989,0.483989,0.483989,0.483989
14.4866,14.4937,14.4867,27.8087,69581.2,69564.3,864.613,514343,513660,0.484114,0.484114,0.484114,0.484114,0.484114,0.484114
14.4978,14.5049,14.4979,27.808,69564.8,69547.9,865.298,515281,514598,0.484239,0.484239,0.484239,0.484239,0.484239,0.484239
14.509,14.5161,14.5091,27.8113,69548.4,69531.5,865.982,516220,515536,0.484364,0.484364,0.484364,0.484364,0.484364,0.484364
14.5203,14.5274,14.5203,27.8131,69533,69516.1,866.667,517160,516476,0.484489,0.484489,0.484489,0.484489,0.484489,0.484489
14.5315,14.5386,14.5316,27.8092,69517,69500,867.352,518101,517416,0.484614,0.484614,0.484614,0.484614,0.484614,0.484614
14.5427,14.5499,14.5428,27.8063,69499.4,69482.4,868.037,519042,518356,0.484738,0.484738,0.484738,0.484738,0.484738,0.484738
14.5539,14.5611,14.554,27.8182,69482.3,69465.3,868.722,519984,519298,0.484863,0.484863,0.484863,0.484863,0.484863,0.484863
14.5652,14.5724,14.5653,27.8205,69465.7,69448.7,869.407,520927,520240,0.484988,0.484988,0.484988,0.484988,0.484988,0.484988
14.5764,14.5837,14.5765,27.8192,69448.7,69431.6,870.093,521870,521184,0.485113,0.485113,0.485113,0.485113,0.485113,0.485113
14.5877,14.595,14.5878,27.824,69432.3,69415.2,870.778,522815,522127,0.485238,0.485238,0.485238,0.485238,0.485238,0.485238
14.599,14.6063,14.599,27.8262,69416.2,69399.1,871.464,523760,523072,0.485363,0.485363,0.485363,0.485363,0.485363,0.485363
14.6102,14.6175,14.6103,27.8351,69399.1,69382,872.15,524706,524017,0.485488,0.485488,0.485488,0.485488,0.485488,0.485488
14.6215,14.6288,14.6216,27.8329,69381.3,69364.2,872.836,525652,524964,0.485613,0.485613,0.485613,0.485613,0.485613,0.485613
14.6328,14.6402,14.6328,27.832,69364.3,69347.1,873.522,526599,525910,0.485738,0.485738,0.485738,0.485738,0.485738,0.485738
14.6441,14.6515,14.6441,27.8403,69347.2,69330,874.208,527547,526858,0.485863,0.485863,0.485863,0.485863,0.485863,0.485863
14.6553,14.6628,14.6554,27.8446,69331.3,69314.1,874.895,528496,527807,0.485988,0.485988,0.485988,0.485988,0.485988,0.485988
14.6666,14.6741,14.6667,27.8548,69315.5,69298.3,875.581,529446,528756,0.486113,0.486113,0.486113,0.486113,0.486113,0.486113
14.6779,14.6854,14.678,27.8577,69299,69281.8,876.268,530396,529706,0.486238,0.486238,0.486238,0.486238,0.486238,0.486238
14.6893,14.6968,14.6893,27.8643,69281.9,69264.7,876.956,531347,530656,0.486363,0.486363,0.486363,0.486363,0.486363,0.486363
14.7006,14.7081,14.7006,27.8679,69265.5,69248.3,877.643,532299,531608,0.486488,0.486488,0.486488,0.486488,0.486488,0.486488
14.7119,14.7195,14.712,27.8682,69248.6,69231.3,878.331,533252,532560,0.486613,0.486613,0.486613,0.486613,0.486613,0.486613
14.7232,14.7308,14.7233,27.8721,69232,69214.7,879.019,534205,533513,0.486738,0.486738,0.486738,0.486738,0.486738,0.486738
14.7346,14.7422,14.7346,27.8758,69215.1,69197.8,879.707,535159,534467,0.486863,0.486863,0.486863,0.486863,0.486863,0.486863
14.7459,14.7535,14.746,27.8838,69198.7,69181.5,880.395,536114,535421,0.486988,0.486988,0.486988,0.486988,0.486988,0.486988
14.7572,14.7649,14.7573,27.8877,69182.3,69165,881.084,537070,536376,0.487113,0.487113,0.487113,0.487113,0.487113,0.487113
14.7686,14.7763,14.7687,27.889,69165.9,69148.5,881.772,538026,537332,0.487238,0.487238,0.487238,0.487238,0.487238,0.487238
14.7799,14.7877,14.78,27.8928,69148.3,69130.9,882.461,538984,538289,0.487363,0.487363,0.487363,0.487363,0.487363,0.487363
14.7913,14.7991,14.7914,27.8982,69131,69113.7,883.15,539941,539246,0.487488,0.487488,0.487488,0.487488,0.487488,0.487488
14.8027,14.8105,14.8028,27.9017,69114.7,69097.4,883.84,540900,540204,0.487613,0.487613,0.487613,0.487613,0.487613,0.487613
14.8141,14.8219,14.8141,27.9004,69098.8,69081.5,884.529,541860,541163,0.487738,0.487738,0.487738,0.487738,0.487738,0.487738
14.8254,14.8333,14.8255,27.9011,69082.4,69065,885.219,542820,542123,0.487863,0.487863,0.487863,0.487863,0.487863,0.487863
14.8368,14.8447,14.8369,27.9011,69065.9,69048.5,885.908,543781,543084,0.487988,0.487988,0.487988,0.487988,0.487988,0.487988
14.8482,14.8561,14.8483,27.9069,69050.1,69032.7,886.598,544742,544045,0.488113,0.488113,0.488113,0.488113,0.488113,0.488113
14.8596,14.8675,14.8597,27.9119,69034.4,69016.9,887.288,545705,545007,0.488238,0.488238,0.488238,0.488238,0.488238,0.488238
14.871,14.879,14.8711,27.9216,69018.2,69000.8,887.978,546668,545969,0.488363,0.488363,0.488363,0.488363,0.488363,0.488363
14.8824,14.8904,14.8825,27.9177,69001.7,68984.2,888.669,547632,546933,0.488488,0.488488,0.488488,0.488488,0.488488,0.488488
14.8939,14.9019,14.8939,27.9201,68985.5,68968,889.359,548597,547897,0.488613,0.488613,0.488613,0.488613,0.488613,0.488613
14.9053,14.9133,14.9054,27.9279,68968.4,68950.9,890.05,549562,548862,0.488738,0.488738,0.488738,0.488738,0.488738,0.488738
14.9167,14.9248,14.9168,27.9297,68951.2,68933.6,890.741,550528,549828,0.488863,0.488863,0.488863,0.488863,0.488863,0.488863
14.9281,14.9362,14.9282,27.9349,68935.1,68917.5,891.432,551495,550794,0.488988,0.488988,0.488988,0.488988,0.488988,0.488988
14.9396,14.9477,14.9397,27.9389,68919.3,68901.7,892.123,552463,551761,0.489113,0.489113,0.489113,0.489113,0.489113,0.489113
14.951,14.9592,14.9511,27.9508,68903.1,68885.5,892.815,553431,552729,0.489238,0.489238,0.489238,0.489238,0.489238,0.489238
14.9625,14.9707,14.9626,27.9597,68887,68869.4,893.507,554400,553698,0.489363,0.489363,0.489363,0.489363,0.489363,0.489363
14.9739,14.9821,14.974,27.9694,68871.1,68853.5,894.199,555370,554667,0.489488,0.489488,0.489488,0.489488,0.489488,0.489488
14.9854,14.9936,14.9855,27.9728,68855.3,68837.6,894.891,556341,555638,0.489613,0.489613,0.489613,0.489613,0.489613,0.489613
14.9969,15.0051,14.997,27.9788,68839.8,68822.1,895.584,557313,556608,0.489738,0.489738,0.489738,0.489738,0.489738,0.489738
15.0084,15.0166,15.0084,27.9807,68823.9,68806.2,896.277,558285,557580,0.489863,0.489863,0.489863,0.489863,0.489863,0.489863
15.0198,15.0282,15.0199,27.9938,68807.5,68789.8,896.97,559258,558553,0.489988,0.489988,0.489988,0.489988,0.489988,0.489988
15.0313,15.0397,15.0314,28.0032,68790.9,68773.2,897.663,560231,559526,0.490113,0.490113,0.490113,0.490113,0.490113,0.490113
15.0428,15.0512,15.0429,28.0027,68774,68756.3,898.357,561206,560500,0.490238,0.490238,0.490238,0.490238,0.490238,0.490238
15.0543,15.0627,15.0544,28.0188,68757.6,68739.9,899.051,562181,561474,0.490363,0.490363,0.490363,0.490363,0.490363,0.490363
15.0658,15.0743,15.0659,28.0238,68741.2,68723.5,899.745,563157,562450,0.490488,0.490488,0.490488,0.490488,0.490488,0.490488
15.0774,15.0858,15.0774,28.0232,68725.3,68707.6,900.439,564134,563426,0.490613,0.490613,0.490613,0.490613,0.490613,0.490613
15.0889,15.0974,15.089,28.0323,68708.3,68690.5,901.134,565111,564403,0.490738,0.490738,0.490738,0.490738,0.490738,0.490738
15.1004,15.1089,15.1005,28.0475,68692.1,68674.3,901.829,566089,565381,0.490863,0.490863,0.490863,0.490863,0.490863,0.490863
15.1119,15.1205,15.112,28.0509,68677,68659.3,902.524,567068,566359,0.490988,0.490988,0.490988,0.490988,0.490988,0.490988
15.1235,15.132,15.1236,28.0597,68661.7,68643.9,903.219,568048,567338,0.491113,0.491113,0.491113,0.491113,0.491113,0.491113
15.135,15.1436,15.1351,28.0592,68645.6,68627.8,903.915,569028,568318,0.491238,0.491238,0.491238,0.491238,0.491238,0.491238
15.1466,15.1552,15.1466,28.0625,68629.3,68611.5,904.611,570010,569299,0.491363,0.491363,0.491363,0.491363,0.491363,0.491363
15.1581,15.1668,15.1582,28.0684,68614.4,68596.6,905.307,570991,570280,0.491488,0.491488,0.491488,0.491488,0.491488,0.491488
15.1697,15.1784,15.1698,28.076,68599.9,68582,906.003,571974,571262,0.491613,0.491613,0.491613,0.491613,0.491613,0.491613
15.1812,15.19,15.1813,28.0856,68585.2,68567.3,906.699,572958,572245,0.491738,0.491738,0.491738,0.491738,0.491738,0.491738
15.1928,15.2016,15.1929,28.0892,68569.2,68551.4,907.396,573942,573229,0.491863,0.491863,0.491863,0.491863,0.491863,0.491863
15.2044,15.2132,15.2045,28.0876,68553.3,68535.4,908.093,574927,574214,0.491988,0.491988,0.491988,0.491988,0.491988,0.491988
15.216,15.2248,15.2161,28.0875,68538.6,68520.7,908.79,575912,575199,0.492113,0.492113,0.492113,0.492113,0.492113,0.492113
15.2276,15.2364,15.2277,28.0906,68522.5,68504.6,909.487,576899,576185,0.492238,0.492238,0.492238,0.492238,0.492238,0.492238
15.2392,15.2481,15.2393,28.0962,68507.5,68489.6,910.184,577886,577171,0.492363,0.492363,0.492363,0.492363,0.492363,0.492363
15.2508,15.2597,15.2509,28.1069,68491.1,68473.2,910.881,578874,578159,0.492488,0.492488,0.492488,0.492488,0.492488,0.492488
15.2624,15.2713,15.2625,28.1094,68475.9,68457.9,911.579,579863,579147,0.492613,0.492613,0.492613,0.492613,0.492613,0.492613
15.274,15.283,15.2741,28.1138,68460.9,68442.9,912.277,580852,580136,0.492738,0.492738,0.492738,0.492738,0.492738,0.492738
15.2856,15.2946,15.2857,28.1151,68445.3,68427.3,912.975,581842,581126,0.492863,0.492863,0.492863,0.492863,0.492863,0.492863
15.2973,15.3063,15.2974,28.1299,68429.5,68411.5,913.673,582833,582116,0.492988,0.492988,0.492988,0.492988,0.492988,0.492988
15.3089,15.318,15.309,28.1373,68413.9,68395.9,914.372,583825,583107,0.493113,0.493113,0.493113,0.493113,0.493113,0.493113
15.3205,15.3296,15.3206,28.141,68399,68381,915.07,584817,584099,0.493238,0.493238,0.493238,0.493238,0.493238,0.493238
15.3322,15.3413,15.3323,28.1487,68384,68366,915.769,585810,585092,0.493363,0.493363,0.493363,0.493363,0.493363,0.493363
15.3438,15.353,15.3439,28.1596,68369,68351,916.469,586804,586085,0.493488,0.493488,0.493488,0.493488,0.493488,0.493488
15.3555,15.3647,15.3556,28.1622,68354.2,68336.2,917.169,587799,587080,0.493613,0.493613,0.493613,0.493613,0.493613,0.493613
15.3672,15.3764,15.3673,28.1716,68338.9,68320.9,917.869,588795,588074,0.493738,0.493738,0.493738,0.493738,0.493738,0.493738
15.3788,15.3881,15.3789,28.1754,68322.3,68304.2,918.569,589791,589070,0.493863,0.493863,0.493863,0.493863,0.493863,0.493863
15.3905,15.3998,15.3906,28.1707,68309,68290.9,919.27,590788,590067,0.493988,0.493988,0.493988,0.493988,0.493988,0.493988
15.4022,15.4115,15.4023,28.1828,68294.1,68276,919.97,591785,591064,0.494113,0.494113,0.494113,0.494113,0.494113,0.494113
15.4139,15.4233,15.414,28.1881,68278.7,68260.5,920.671,592784,592062,0.494238,0.494238,0.494238,0.494238,0.494238,0.494238
15.4256,15.435,15.4257,28.1888,68264.4,68246.1,921.373,593783,593060,0.494363,0.494363,0.494363,0.494363,0.494363,0.494363
15.4373,15.4467,15.4374,28.1969,68249.6,68231.4,922.074,594783,594060,0.494488,0.494488,0.494488,0.494488,0.494488,0.494488
15.449,15.4585,15.4491,28.2032,68234.9,68216.6,922.776,595783,595060,0.494613,0.494613,0.494613,0.494613,0.494613,0.494613
15.4607,15.4702,15.4608,28.2066,68219.8,68201.5,923.478,596785,596061,0.494738,0.494738,0.494738,0.494738,0.494738,0.494738
15.4724,15.482,15.4725,28.2097,68205,68186.7,924.18,597787,597063,0.494863,0.494863,0.494863,0.494863,0.494863,0.494863
15.4842,15.4937,15.4843,28.2128,68190.1,68171.8,924.882,598790,598065,0.494988,0.494988,0.494988,0.494988,0.494988,0.494988
15.4959,15.5055,15.496,28.2201,68174.5,68156.2,925.584,599793,599068,0.495113,0.495113,0.495113,0.495113,0.495113,0.495113
15.5076,15.5173,15.5077,28.2254,68159.9,68141.5,926.287,600798,600072,0.495238,0.495238,0.495238,0.495238,0.495238,0.495238
15.5194,15.529,15.5195,28.2309,68144.5,68126.1,926.99,601803,601077,0.495363,0.495363,0.495363,0.495363,0.495363,0.495363
15.5311,15.5408,15.5312,28.2339,68129.8,68111.4,927.693,602808,602082,0.495488,0.495488,0.495488,0.495488,0.495488,0.495488
15.5429,15.5526,15.543,28.2355,68115.4,68097,928.396,603815,603088,0.495613,0.495613,0.495613,0.495613,0.495613,0.495613
15.5547,15.5644,15.5548,28.247,68101.5,68083.1,929.1,604822,604095,0.495738,0.495738,0.495738,0.495738,0.495738,0.495738
15.5664,15.5762,15.5665,28.2519,68087.2,68068.7,929.803,605830,605103,0.495863,0.495863,0.495863,0.495863,0.495863,0.495863
15.5782,15.588,15.5783,28.2618,68073.1,68054.6,930.507,606839,606112,0.495988,0.495988,0.495988,0.495988,0.495988,0.495988
15.59,15.5998,15.5901,28.2662,68058,68039.6,931.211,607849,607121,0.496113,0.496113,0.496113,0.496113,0.496113,0.496113
15.6018,15.6116,15.6019,28.2759,68043.3,68024.8,931.916,608859,608130,0.496238,0.496238,0.496238,0.496238,0.496238,0.496238
15.6136,15.6235,15.6137,28.291,68028.1,68009.7,932.62,609870,609141,0.496363,0.496363,0.496363,0.496363,0.496363,0.496363
15.6254,15.6353,15.6255,28.2988,68013.6,67995.1,933.325,610882,610152,0.496488,0.496488,0.496488,0.496488,0.496488,0.496488
15.6372,15.6471,15.6373,28.3025,67997.4,67978.9,934.03,611895,611164,0.496613,0.496613,0.496613,0.496613,0.496613,0.496613
15.649,15.659,15.6491,28.3122,67983.2,67964.7,934.736,612908,612177,0.496738,0.496738,0.496738,0.496738,0.496738,0.496738
15.6608,15.6708,15.6609,28.3184,67968.7,67950.2,935.441,613922,613191,0.496863,0.496863,0.496863,0.496863,0.496863,0.496863
15.6726,15.6827,15.6727,28.3229,67954.6,67936,936.147,614937,614205,0.496988,0.496988,0.496988,0.496988,0.496988,0.496988
15.6845,15.6946,15.6846,28.3274,67939.3,67920.7,936.853,615952,615220,0.497113,0.497113,0.497113,0.497113,0.497113,0.497113
15.6963,15.7064,15.6964,28.3335,67925.2,67906.6,937.56,616969,616236,0.497238,0.497238,0.497238,0.497238,0.497238,0.497238
15.7081,15.7183,15.7082,28.3389,67911,67892.4,938.266,617986,617253,0.497363,0.497363,0.497363,0.497363,0.497363,0.497363
15.72,15.7302,15.7201,28.3398,67896.3,67877.7,938.973,619004,618270,0.497488,0.497488,0.497488,0.497488,0.497488,0.497488
15.7319,15.7421,15.7319,28.3404,67881.3,67862.6,939.68,620022,619288,0.497613,0.497613,0.497613,0.497613,0.497613,0.497613
15.7437,15.754,15.7438,28.3432,67866,67847.3,940.387,621041,620307,0.497738,0.497738,0.497738,0.497738,0.497738,0.497738
15.7556,15.7659,15.7557,28.3544,67852.3,67833.6,941.094,622061,621326,0.497863,0.497863,0.497863,0.497863,0.497863,0.497863
15.7675,15.7778,15.7675,28.3701,67837.6,67818.9,941.801,623082,622347,0.497988,0.497988,0.497988,0.497988,0.497988,0.497988
15.7793,15.7897,15.7794,28.3772,67821.7,67803,942.509,624103,623368,0.498113,0.498113,0.498113,0.498113,0.498113,0.498113
15.7912,15.8016,15.7913,28.3792,67808.8,67790,943.217,625126,624389,0.498238,0.498238,0.498238,0.498238,0.498238,0.498238
15.8031,15.8135,15.8032,28.3844,67793.8,67775.1,943.925,626148,625412,0.498363,0.498363,0.498363,0.498363,0.498363,0.498363
15.815,15.8255,15.8151,28.384,67779.8,67761,944.633,627172,626435,0.498488,0.498488,0.498488,0.498488,0.498488,0.498488
15.8269,15.8374,15.827,28.3906,67765.7,67746.9,945.342,628197,627459,0.498612,0.498612,0.498612,0.498612,0.498612,0.498612
15.8388,15.8494,15.8389,28.3968,67750.4,67731.6,946.05,629222,628484,0.498737,0.498737,0.498737,0.498737,0.498737,0.498737
15.8507,15.8613,15.8508,28.4057,67734.9,67716,946.759,630248,629509,0.498862,0.498862,0.498862,0.498862,0.498862,0.498862
15.8627,15.8733,15.8628,28.414,67720.3,67701.4,947.468,631274,630535,0.498987,0.498987,0.498987,0.498987,0.498987,0.498987
15.8746,15.8852,15.8747,28.4269,67704.8,67686,948.177,632302,631562,0.499112,0.499112,0.499112,0.499112,0.499112,0.499112
15.8865,15.8972,15.8866,28.4376,67690.5,67671.6,948.887,633330,632590,0.499237,0.499237,0.499237,0.499237,0.499237,0.499237
15.8985,15.9092,15.8986,28.444,67675.1,67656.2,949.597,634359,633618,0.499362,0.499362,0.499362,0.499362,0.499362,0.499362
15.9104,15.9212,15.9105,28.4524,67660.7,67641.8,950.308,635388,634648,0.499487,0.499487,0.499487,0.499487,0.499487,0.499487
15.9224,15.9332,15.9225,28.462,67645.6,67626.7,951.018,636419,635677,0.499612,0.499612,0.499612,0.499612,0.499612,0.499612
15.9343,15.9451,15.9344,28.4717,67630.6,67611.7,951.729,637450,636708,0.499737,0.499737,0.499737,0.499737,0.499737,0.499737
15.9463,15.9572,15.9464,28.4855,67616.1,67597.2,952.441,638482,637739,0.499862,0.499862,0.499862,0.499862,0.499862,0.499862
15.9583,15.9692,15.9584,28.4907,67601.5,67582.6,953.153,639514,638771,0.499987,0.499987,0.499987,0.499987,0.499987,0.499987
15.9703,15.9812,15.9703,28.4948,67585.8,67566.9,953.865,640547,639804,0.500112,0.500112,0.500112,0.500112,0.500112,0.500112
15.9822,15.9932,15.9823,28.5011,67570.9,67551.9,954.577,641581,640838,0.500237,0.500237,0.500237,0.500237,0.500237,0.500237
15.9942,16.0052,15.9943,28.506,67555.8,67536.8,955.289,642616,641872,0.500362,0.500362,0.500362,0.500362,0.500362,0.500362
16.0062,16.0172,16.0063,28.5107,67541.6,67522.5,956.001,643652,642907,0.500487,0.500487,0.500487,0.500487,0.500487,0.500487
16.0182,16.0293,16.0183,28.5146,67526.9,67507.8,956.714,644688,643943,0.500612,0.500612,0.500612,0.500612,0.500612,0.500612
16.0302,16.0413,16.0303,28.5208,67511.4,67492.3,957.427,645725,644979,0.500737,0.500737,0.500737,0.500737,0.500737,0.500737
16.0423,16.0534,16.0423,28.5298,67496.8,67477.6,958.14,646762,646016,0.500862,0.500862,0.500862,0.500862,0.500862,0.500862
16.0543,16.0654,16.0544,28.5374,67482.9,67463.7,958.853,647801,647054,0.500987,0.500987,0.500987,0.500987,0.500987,0.500987
16.0663,16.0775,16.0664,28.5448,67469,67449.9,959.566,648840,648093,0.501112,0.501112,0.501112,0.501112,0.501112,0.501112
16.0783,16.0896,16.0784,28.5491,67453.9,67434.7,960.28,649880,649132,0.501237,0.501237,0.501237,0.501237,0.501237,0.501237
16.0904,16.1016,16.0905,28.5548,67439.6,67420.4,960.994,650920,650173,0.501362,0.501362,0.501362,0.501362,0.501362,0.501362
16.1024,16.1137,16.1025,28.5576,67425.5,67406.2,961.708,651962,651214,0.501487,0.501487,0.501487,0.501487,0.501487,0.501487
16.1145,16.1258,16.1146,28.5578,67411.1,67391.8,962.422,653004,652255,0.501612,0.501612,0.501612,0.501612,0.501612,0.501612
16.1265,16.1379,16.1266,28.5655,67397,67377.7,963.136,654047,653298,0.501737,0.501737,0.501737,0.501737,0.501737,0.501737
16.1386,16.15,16.1387,28.5745,67383.5,67364.1,963.851,655090,654341,0.501862,0.501862,0.501862,0.501862,0.501862,0.501862
16.1507,16.1621,16.1508,28.5878,67369.7,67350.4,964.566,656135,655384,0.501987,0.501987,0.501987,0.501987,0.501987,0.501987
16.1627,16.1742,16.1628,28.597,67354.2,67334.8,965.281,657180,656429,0.502112,0.502112,0.502112,0.502112,0.502112,0.502112
16.1748,16.1864,16.1749,28.6077,67339.7,67320.3,965.996,658225,657474,0.502237,0.502237,0.502237,0.502237,0.502237,0.502237
16.1869,16.1985,16.187,28.617,67326.7,67307.3,966.712,659272,658520,0.502362,0.502362,0.502362,0.502362,0.502362,0.502362
16.199,16.2106,16.1991,28.6289,67312.6,67293.3,967.428,660319,659567,0.502487,0.502487,0.502487,0.502487,0.502487,0.502487
16.2111,16.2227,16.2112,28.6309,67298.5,67279.1,968.145,661367,660615,0.502612,0.502612,0.502612,0.502612,0.502612,0.502612
16.2232,16.2349,16.2233,28.6339,67284.5,67265,968.861,662416,661663,0.502737,0.502737,0.502737,0.502737,0.502737,0.502737
16.2353,16.247,16.2354,28.6446,67270.1,67250.6,969.578,663465,662712,0.502862,0.502862,0.502862,0.502862,0.502862,0.502862
16.2474,16.2592,16.2475,28.6547,67256.2,67236.8,970.295,664515,663762,0.502987,0.502987,0.502987,0.502987,0.502987,0.502987
16.2596,16.2714,16.2597,28.6607,67242.1,67222.7,971.013,665566,664812,0.503112,0.503112,0.503112,0.503112,0.503112,0.503112
16.2717,16.2835,16.2718,28.6679,67227.7,67208.2,971.73,666618,665863,0.503237,0.503237,0.503237,0.503237,0.503237,0.503237
16.2838,16.2957,16.2839,28.6772,67214.5,67195,972.448,667670,666915,0.503362,0.503362,0.503362,0.503362,0.503362,0.503362
16.296,16.3079,16.2961,28.6908,67201.1,67181.6,973.166,668724,667968,0.503487,0.503487,0.503487,0.503487,0.503487,0.503487
16.3081,16.3201,16.3082,28.6902,67186.4,67166.8,973.884,669777,669021,0.503612,0.503612,0.503612,0.503612,0.503612,0.503612
16.3203,16.3323,16.3204,28.7016,67172.5,67153,974.603,670832,670075,0.503737,0.503737,0.503737,0.503737,0.503737,0.503737
16.3325,16.3445,16.3326,28.7084,67157.4,67137.8,975.322,671887,671130,0.503862,0.503862,0.503862,0.503862,0.503862,0.503862
16.3446,16.3567,16.3447,28.7182,67142.9,67123.3,976.041,672943,672186,0.503987,0.503987,0.503987,0.503987,0.503987,0.503987
16.3568,16.3689,16.3569,28.7276,67128.8,67109.2,976.76,674000,673242,0.504112,0.504112,0.504112,0.504112,0.504112,0.504112
16.369,16.3811,16.3691,28.7344,67115,67095.4,977.48,675058,674299,0.504237,0.504237,0.504237,0.504237,0.504237,0.504237
16.3812,16.3933,16.3813,28.741,67102.1,67082.4,978.2,676116,675357,0.504362,0.504362,0.504362,0.504362,0.504362,0.504362
16.3934,16.4056,16.3935,28.746,67087.9,67068.2,978.92,677175,676415,0.504487,0.504487,0.504487,0.504487,0.504487,0.504487
16.4056,16.4178,16.4057,28.752,67074.5,67054.8,979.641,678234,677474,0.504612,0.504612,0.504612,0.504612,0.504612,0.504612
16.4178,16.4301,16.4179,28.7604,67061.3,67041.6,980.361,679295,678534,0.504737,0.504737,0.504737,0.504737,0.504737,0.504737
16.43,16.4423,16.4301,28.7695,67047,67027.3,981.082,680356,679595,0.504862,0.504862,0.504862,0.504862,0.504862,0.504862
16.4422,16.4546,16.4423,28.7774,67031.9,67012.2,981.803,681418,680657,0.504987,0.504987,0.504987,0.504987,0.504987,0.504987
16.4544,16.4668,16.4545,28.788,67017.6,66997.9,982.525,682481,681719,0.505112,0.505112,0.505112,0.505112,0.505112,0.505112
16.4667,16.4791,16.4668,28.8003,67003.8,66984,983.246,683544,682782,0.505237,0.505237,0.505237,0.505237,0.505237,0.505237
16.4789,16.4914,16.479,28.8076,66990.9,66971.2,983.968,684608,683845,0.505362,0.505362,0.505362,0.505362,0.505362,0.505362
16.4911,16.5037,16.4912,28.8112,66976.4,66956.6,984.691,685673,684910,0.505487,0.505487,0.505487,0.505487,0.505487,0.505487
16.5034,16.516,16.5035,28.817,66963.4,66943.5,985.413,686738,685975,0.505612,0.505612,0.505612,0.505612,0.505612,0.505612
16.5156,16.5283,16.5157,28.8257,66949.8,66929.9,986.136,687805,687040,0.505737,0.505737,0.505737,0.505737,0.505737,0.505737
16.5279,16.5406,16.528,28.8357,66936.6,66916.7,986.859,688872,688107,0.505862,0.505862,0.505862,0.505862,0.505862,0.505862
16.5402,16.5529,16.5403,28.8441,66922.7,66902.9,987.582,689939,689174,0.505987,0.505987,0.505987,0.505987,0.505987,0.505987
16.5524,16.5652,16.5525,28.8533,66908.4,66888.5,988.305,691008,690242,0.506112,0.506112,0.506112,0.506112,0.506112,0.506112
16.5647,16.5775,16.5648,28.861,66895.1,66875.2,989.029,692077,691311,0.506237,0.506237,0.506237,0.506237,0.506237,0.506237
16.577,16.5898,16.5771,28.8752,66880.3,66860.4,989.753,693147,692380,0.506362,0.506362,0.506362,0.506362,0.506362,0.506362
16.5893,16.6022,16.5894,28.8844,66865.8,66845.9,990.478,694218,693451,0.506487,0.506487,0.506487,0.506487,0.506487,0.506487
16.6016,16.6145,16.6017,28.8903,66853.2,66833.2,991.203,695289,694522,0.506612,0.506612,0.506612,0.506612,0.506612,0.506612
16.6139,16.6269,16.614,28.8972,66838.7,66818.7,991.928,696361,695593,0.506737,0.506737,0.506737,0.506737,0.506737,0.506737
16.6262,16.6392,16.6263,28.908,66825.4,66805.4,992.653,697434,696666,0.506862,0.506862,0.506862,0.506862,0.506862,0.506862
16.6385,16.6516,16.6386,28.9166,66812.8,66792.8,993.379,698508,697739,0.506987,0.506987,0.506987,0.506987,0.506987,0.506987
16.6509,16.6639,16.651,28.926,66799.7,66779.6,994.105,699582,698812,0.507112,0.507112,0.507112,0.507112,0.507112,0.507112
16.6632,16.6763,16.6633,28.9386,66787.1,66767,994.831,700657,699887,0.507237,0.507237,0.507237,0.507237,0.507237,0.507237
16.6755,16.6887,16.6756,28.9468,66774.5,66754.4,995.557,701733,700962,0.507362,0.507362,0.507362,0.507362,0.507362,0.507362
16.6879,16.7011,16.688,28.946,66760.5,66740.4,996.284,702809,702038,0.507487,0.507487,0.507487,0.507487,0.507487,0.507487
16.7002,16.7135,16.7003,28.9563,66747,66726.8,997.011,703886,703115,0.507612,0.507612,0.507612,0.507612,0.507612,0.507612
16.7126,16.7259,16.7127,28.9694,66734.5,66714.3,997.738,704964,704193,0.507737,0.507737,0.507737,0.507737,0.507737,0.507737
16.7249,16.7383,16.725,28.9825,66720.8,66700.6,998.465,706043,705271,0.507862,0.507862,0.507862,0.507862,0.507862,0.507862
16.7373,16.7507,16.7374,28.9916,66707.8,66687.6,999.193,707122,706350,0.507987,0.507987,0.507987,0.507987,0.507987,0.507987
16.7497,16.7631,16.7498,29.002,66694.2,66674,999.921,708203,707430,0.508112,0.508112,0.508112,0.508112,0.508112,0.508112
16.7621,16.7755,16.7622,29.0101,66680.5,66660.3,1000.65,709284,708510,0.508237,0.508237,0.508237,0.508237,0.508237,0.508237
16.7744,16.7879,16.7745,29.0182,66667.4,66647.1,1001.38,710365,709591,0.508362,0.508362,0.508362,0.508362,0.508362,0.508362
16.7868,16.8004,16.7869,29.0291,66653.4,66633.2,1002.11,711448,710673,0.508487,0.508487,0.508487,0.508487,0.508487,0.508487
16.7992,16.8128,16.7993,29.0414,66640.3,66620,1002.84,712531,711756,0.508612,0.508612,0.508612,0.508612,0.508612,0.508612
16.8116,16.8253,16.8117,29.0512,66626.3,66606,1003.57,713614,712839,0.508737,0.508737,0.508737,0.508737,0.508737,0.508737
16.824,16.8377,16.8241,29.0552,66612.5,66592.2,1004.3,714699,713923,0.508862,0.508862,0.508862,0.508862,0.508862,0.508862
16.8365,16.8502,16.8366,29.06,66599.7,66579.4,1005.03,715784,715008,0.508987,0.508987,0.508987,0.508987,0.508987,0.508987
16.8489,16.8626,16.849,29.0625,66587,66566.6,1005.76,716870,716093,0.509112,0.509112,0.509112,0.509112,0.509112,0.509112
16.8613,16.8751,16.8614,29.071,66573.6,66553.1,1006.49,717957,717179,0.509237,0.509237,0.509237,0.509237,0.509237,0.509237
16.8738,16.8876,16.8738,29.0831,66559.9,66539.4,1007.22,719044,718266,0.509362,0.509362,0.509362,0.509362,0.509362,0.509362
16.8862,16.9001,16.8863,29.0938,66545.8,66525.4,1007.95,720132,719354,0.509487,0.509487,0.509487,0.509487,0.509487,0.509487
16.8986,16.9126,16.8987,29.1047,66533.6,66513.2,1008.68,721221,720442,0.509612,0.509612,0.509612,0.509612,0.509612,0.509612
16.9111,16.9251,16.9112,29.1172,66521.2,66500.7,1009.41,722311,721532,0.509737,0.509737,0.509737,0.509737,0.509737,0.509737
16.9236,16.9376,16.9237,29.122,66508.3,66487.8,1010.14,723401,722621,0.509862,0.509862,0.509862,0.509862,0.509862,0.509862
16.936,16.9501,16.9361,29.1323,66495.3,66474.8,1010.87,724492,723712,0.509987,0.509987,0.509987,0.509987,0.509987,0.509987
16.9485,16.9626,16.9486,29.1396,66482,66461.5,1011.61,725584,724803,0.510112,0.510112,0.510112,0.510112,0.510112,0.510112
16.961,16.9751,16.9611,29.1497,66468.3,66447.8,1012.34,726676,725895,0.510237,0.510237,0.510237,0.510237,0.510237,0.510237
16.9735,16.9877,16.9736,29.1516,66455.3,66434.7,1013.07,727770,726988,0.510362,0.510362,0.510362,0.510362,0.510362,0.510362
16.986,17.0002,16.986,29.1633,66443.6,66422.9,1013.8,728864,728082,0.510487,0.510487,0.510487,0.510487,0.510487,0.510487
16.9984,17.0127,16.9985,29.1716,66431.7,66411.1,1014.54,729958,729176,0.510612,0.510612,0.510612,0.510612,0.510612,0.510612
17.011,17.0253,17.0111,29.1842,66419.5,66398.8,1015.27,731054,730271,0.510737,0.510737,0.510737,0.510737,0.510737,0.510737
17.0235,17.0379,17.0236,29.1863,66405.7,66384.9,1016,732150,731366,0.510862,0.510862,0.510862,0.510862,0.510862,0.510862
17.036,17.0504,17.0361,29.1883,66393,66372.2,1016.74,733247,732463,0.510987,0.510987,0.510987,0.510987,0.510987,0.510987
17.0485,17.063,17.0486,29.1959,66380.3,66359.5,1017.47,734344,733560,0.511112,0.511112,0.511112,0.511112,0.511112,0.511112
17.061,17.0756,17.0611,29.208,66367.4,66346.6,1018.21,735443,734658,0.511237,0.511237,0.511237,0.511237,0.511237,0.511237
17.0736,17.0881,17.0737,29.2182,66355.3,66334.5,1018.94,736542,735756,0.511362,0.511362,0.511362,0.511362,0.511362,0.511362
17.0861,17.1007,17.0862,29.2277,66341.8,66321,1019.67,737642,736856,0.511487,0.511487,0.511487,0.511487,0.511487,0.511487
17.0986,17.1133,17.0988,29.2378,66328.1,66307.2,1020.41,738742,737956,0.511612,0.511612,0.511612,0.511612,0.511612,0.511612
17.1112,17.1259,17.1113,29.2457,66315.9,66295.1,1021.14,739843,739056,0.511737,0.511737,0.511737,0.511737,0.511737,0.511737
17.1238,17.1385,17.1239,29.2588,66302.7,66281.8,1021.88,740945,740158,0.511862,0.511862,0.511862,0.511862,0.511862,0.511862
17.1363,17.1511,17.1364,29.2684,66291.2,66270.3,1022.62,742048,741260,0.511987,0.511987,0.511987,0.511987,0.511987,0.511987
17.1489,17.1638,17.149,29.278,66278.5,66257.6,1023.35,743152,742363,0.512112,0.512112,0.512112,0.512112,0.512112,0.512112
17.1615,17.1764,17.1616,29.283,66265.9,66245,1024.09,744256,743467,0.512237,0.512237,0.512237,0.512237,0.512237,0.512237
17.1741,17.189,17.1742,29.2938,66252.8,66231.8,1024.83,745361,744571,0.512362,0.512362,0.512362,0.512362,0.512362,0.512362
17.1867,17.2017,17.1868,29.3042,66239.2,66218.2,1025.56,746466,745676,0.512487,0.512487,0.512487,0.512487,0.512487,0.512487
17.1993,17.2143,17.1994,29.3127,66226.3,66205.3,1026.3,747572,746782,0.512612,0.512612,0.512612,0.512612,0.512612,0.512612
17.2119,17.227,17.212,29.3233,66213.4,66192.4,1027.04,748680,747889,0.512736,0.512736,0.512736,0.512736,0.512736,0.512736
17.2245,17.2396,17.2246,29.3325,66199.9,66178.8,1027.77,749787,748996,0.512861,0.512861,0.512861,0.512861,0.512861,0.512861
17.2371,17.2523,17.2372,29.3429,66187.6,66166.5,1028.51,750896,750104,0.512986,0.512986,0.512986,0.512986,0.512986,0.512986
17.2497,17.265,17.2498,29.3542,66174.4,66153.3,1029.25,752005,751213,0.513111,0.513111,0.513111,0.513111,0.513111,0.513111
17.2623,17.2776,17.2624,29.3652,66161.5,66140.4,1029.99,753115,752322,0.513236,0.513236,0.513236,0.513236,0.513236,0.513236
17.275,17.2903,17.2751,29.372,66148.3,66127.2,1030.73,754226,753432,0.513361,0.513361,0.513361,0.513361,0.513361,0.513361
17.2876,17.303,17.2877,29.3785,66135.5,66114.3,1031.47,755337,754543,0.513486,0.513486,0.513486,0.513486,0.513486,0.513486
17.3003,17.3157,17.3004,29.3858,66121.9,66100.7,1032.21,756449,755655,0.513611,0.513611,0.513611,0.513611,0.513611,0.513611
17.3129,17.3284,17.313,29.3991,66109,66087.9,1032.95,757562,756767,0.513736,0.513736,0.513736,0.513736,0.513736,0.513736
17.3256,17.3411,17.3257,29.4093,66095.8,66074.6,1033.69,758675,757880,0.513861,0.513861,0.513861,0.513861,0.513861,0.513861
17.3382,17.3538,17.3383,29.4166,66083.6,66062.3,1034.43,759790,758994,0.513986,0.513986,0.513986,0.513986,0.513986,0.513986
17.3509,17.3666,17.351,29.4285,66070.3,66049,1035.17,760904,760108,0.514111,0.514111,0.514111,0.514111,0.514111,0.514111
17.3636,17.3793,17.3637,29.4354,66058.4,66037.1,1035.91,762020,761224,0.514236,0.514236,0.514236,0.514236,0.514236,0.514236
17.3763,17.392,17.3764,29.4482,66045.6,66024.3,1036.65,763137,762340,0.514361,0.514361,0.514361,0.514361,0.514361,0.514361
17.389,17.4048,17.3891,29.4604,66033.7,66012.3,1037.39,764254,763456,0.514486,0.514486,0.514486,0.514486,0.514486,0.514486
17.4017,17.4175,17.4018,29.4718,66020.5,65999.2,1038.13,765372,764574,0.514611,0.514611,0.514611,0.514611,0.514611,0.514611
17.4144,17.4303,17.4145,29.4819,66008,65986.6,1038.87,766490,765692,0.514736,0.514736,0.514736,0.514736,0.514736,0.514736
17.4271,17.443,17.4272,29.49,65995.6,65974.2,1039.62,767610,766810,0.514861,0.514861,0.514861,0.514861,0.514861,0.514861
17.4398,17.4558,17.4399,29.5012,65982.9,65961.4,1040.36,768730,767930,0.514986,0.514986,0.514986,0.514986,0.514986,0.514986
17.4525,17.4686,17.4526,29.5086,65971.3,65949.9,1041.1,769850,769050,0.515111,0.515111,0.515111,0.515111,0.515111,0.515111
17.4652,17.4814,17.4654,29.5162,65959.1,65937.6,1041.84,770972,770171,0.515236,0.515236,0.515236,0.515236,0.515236,0.515236
17.478,17.4941,17.4781,29.5224,65946.5,65925,1042.59,772094,771293,0.515361,0.515361,0.515361,0.515361,0.515361,0.515361
17.4907,17.5069,17.4908,29.5288,65934,65912.5,1043.33,773217,772415,0.515486,0.515486,0.515486,0.515486,0.515486,0.515486
17.5035,17.5197,17.5036,29.537,65922.3,65900.8,1044.07,774340,773539,0.515611,0.515611,0.515611,0.515611,0.515611,0.515611
17.5162,17.5325,17.5163,29.5475,65909.9,65888.3,1044.82,775465,774662,0.515736,0.515736,0.515736,0.515736,0.515736,0.515736
17.529,17.5454,17.5291,29.5555,65897.7,65876,1045.56,776590,775787,0.515861,0.515861,0.515861,0.515861,0.515861,0.515861
17.5418,17.5582,17.5419,29.5668,65886.4,65864.8,1046.31,777716,776912,0.515986,0.515986,0.515986,0.515986,0.515986,0.515986
17.5545,17.571,17.5546,29.5727,65874.2,65852.5,1047.05,778842,778038,0.516111,0.516111,0.516111,0.516111,0.516111,0.516111
17.5673,17.5838,17.5674,29.58,65861.7,65840,1047.79,779970,779165,0.516236,0.516236,0.516236,0.516236,0.516236,0.516236
17.5801,17.5967,17.5802,29.5903,65849.4,65827.7,1048.54,781098,780293,0.516361,0.516361,0.516361,0.516361,0.516361,0.516361
17.5929,17.6095,17.593,29.5988,65837,65815.2,1049.28,782226,781421,0.516486,0.516486,0.516486,0.516486,0.516486,0.516486
17.6057,17.6224,17.6058,29.6023,65824.9,65803.1,1050.03,783356,782550,0.516611,0.516611,0.516611,0.516611,0.516611,0.516611
17.6185,17.6352,17.6186,29.6162,65812.5,65790.7,1050.77,784486,783679,0.516736,0.516736,0.516736,0.516736,0.516736,0.516736
17.6313,17.6481,17.6314,29.6204,65799.7,65777.8,1051.52,785617,784810,0.516861,0.516861,0.516861,0.516861,0.516861,0.516861
17.6441,17.661,17.6442,29.6291,65787.6,65765.7,1052.26,786748,785941,0.516986,0.516986,0.516986,0.516986,0.516986,0.516986
17.6569,17.6738,17.657,29.6337,65774,65752.1,1053.01,787881,787073,0.517111,0.517111,0.517111,0.517111,0.517111,0.517111
17.6698,17.6867,17.6699,29.6412,65761.1,65739.2,1053.76,789014,788205,0.517236,0.517236,0.517236,0.517236,0.517236,0.517236
17.6826,17.6996,17.6827,29.6508,65748.9,65726.9,1054.5,790147,789338,0.517361,0.517361,0.517361,0.517361,0.517361,0.517361
17.6954,17.7125,17.6956,29.6636,65735.6,65713.7,1055.25,791282,790472,0.517486,0.517486,0.517486,0.517486,0.517486,0.517486
17.7083,17.7254,17.7084,29.6731,65723.4,65701.4,1056,792417,791607,0.517611,0.517611,0.517611,0.517611,0.517611,0.517611
17.7212,17.7383,17.7213,29.683,65711.6,65689.6,1056.74,793553,792742,0.517736,0.517736,0.517736,0.517736,0.517736,0.517736
17.734,17.7512,17.7341,29.6953,65698.8,65676.8,1057.49,794689,793878,0.517861,0.517861,0.517861,0.517861,0.517861,0.517861
17.7469,17.7642,17.747,29.7039,65687.1,65665,1058.24,795827,795015,0.517986,0.517986,0.517986,0.517986,0.517986,0.517986
17.7598,17.7771,17.7599,29.7142,65674.4,65652.3,1058.99,796965,796153,0.518111,0.518111,0.518111,0.518111,0.518111,0.518111
17.7726,17.79,17.7727,29.7292,65662.5,65640.4,1059.73,798103,797291,0.518236,0.518236,0.518236,0.518236,0.518236,0.518236
17.7855,17.803,17.7856,29.739,65651,65628.9,1060.48,799243,798430,0.518361,0.518361,0.518361,0.518361,0.518361,0.518361
17.7984,17.8159,17.7985,29.7486,65639.1,65616.9,1061.23,800383,799570,0.518486,0.518486,0.518486,0.518486,0.518486,0.518486
17.8113,17.8289,17.8114,29.7618,65627.2,65605,1061.98,801524,800710,0.518611,0.518611,0.518611,0.518611,0.518611,0.518611
17.8242,17.8418,17.8243,29.7701,65615,65592.8,1062.73,802665,801851,0.518736,0.518736,0.518736,0.518736,0.518736,0.518736
17.8371,17.8548,17.8372,29.7814,65602.1,65579.9,1063.48,803808,802993,0.518861,0.518861,0.518861,0.518861,0.518861,0.518861
17.8501,17.8678,17.8502,29.7895,65589.7,65567.5,1064.23,804951,804136,0.518986,0.518986,0.518986,0.518986,0.518986,0.518986
17.863,17.8807,17.8631,29.8009,65578,65555.8,1064.98,806095,805279,0.519111,0.519111,0.519111,0.519111,0.519111,0.519111
17.8759,17.8937,17.876,29.8114,65566.1,65543.9,1065.73,807239,806423,0.519236,0.519236,0.519236,0.519236,0.519236,0.519236
17.8889,17.9067,17.889,29.827,65554.4,65532.1,1066.48,808384,807568,0.519361,0.519361,0.519361,0.519361,0.519361,0.519361
17.9018,17.9197,17.9019,29.8394,65542.5,65520.2,1067.23,809530,808713,0.519486,0.519486,0.519486,0.519486,0.519486,0.519486
17.9147,17.9327,17.9149,29.8463,65530.6,65508.2,1067.99,810677,809859,0.519611,0.519611,0.519611,0.519611,0.519611,0.519611
17.9277,17.9458,17.9278,29.8556,65518.3,65495.9,1068.74,811824,811006,0.519736,0.519736,0.519736,0.519736,0.519736,0.519736
17.9407,17.9588,17.9408,29.8645,65505,65482.6,1069.49,812972,812154,0.519861,0.519861,0.519861,0.519861,0.519861,0.519861
17.9536,17.9718,17.9537,29.8743,65493.3,65470.9,1070.24,814121,813302,0.519986,0.519986,0.519986,0.519986,0.519986,0.519986
17.9666,17.9848,17.9667,29.8826,65479.6,65457.2,1070.99,815270,814451,0.520111,0.520111,0.520111,0.520111,0.520111,0.520111
17.9796,17.9979,17.9797,29.8917,65467.2,65444.7,1071.75,816421,815600,0.520236,0.520236,0.520236,0.520236,0.520236,0.520236
17.9926,18.0109,17.9927,29.9007,65454.6,65432.1,1072.5,817572,816751,0.520361,0.520361,0.520361,0.520361,0.520361,0.520361
18.0056,18.024,18.0057,29.9077,65442,65419.5,1073.25,818723,817902,0.520486,0.520486,0.520486,0.520486,0.520486,0.520486
18.0186,18.037,18.0187,29.9212,65429.6,65407,1074.01,819876,819054,0.520611,0.520611,0.520611,0.520611,0.520611,0.520611
18.0316,18.0501,18.0317,29.9311,65418.8,65396.2,1074.76,821029,820206,0.520736,0.520736,0.520736,0.520736,0.520736,0.520736
18.0446,18.0632,18.0447,29.9369,65406.7,65384,1075.52,822182,821360,0.520861,0.520861,0.520861,0.520861,0.520861,0.520861
18.0576,18.0762,18.0577,29.9483,65394.7,65372,1076.27,823337,822514,0.520986,0.520986,0.520986,0.520986,0.520986,0.520986
18.0706,18.0893,18.0708,29.958,65382.1,65359.4,1077.03,824492,823668,0.521111,0.521111,0.521111,0.521111,0.521111,0.521111
18.0837,18.1024,18.0838,29.9739,65369.9,65347.2,1077.78,825648,824824,0.521236,0.521236,0.521236,0.521236,0.521236,0.521236
18.0967,18.1155,18.0968,29.9797,65358.2,65335.5,1078.54,826804,825980,0.521361,0.521361,0.521361,0.521361,0.521361,0.521361
18.1098,18.1286,18.1099,29.9908,65345.3,65322.6,1079.29,827962,827137,0.521486,0.521486,0.521486,0.521486,0.521486,0.521486
18.1228,18.1417,18.1229,30.0002,65333.5,65310.7,1080.05,829120,828294,0.521611,0.521611,0.521611,0.521611,0.521611,0.521611
18.1359,18.1549,18.136,30.0119,65321.4,65298.6,1080.8,830279,829452,0.521736,0.521736,0.521736,0.521736,0.521736,0.521736
18.149,18.168,18.1491,30.0218,65309.3,65286.4,1081.56,831438,830611,0.521861,0.521861,0.521861,0.521861,0.521861,0.521861
18.162,18.1811,18.1621,30.0337,65297.2,65274.4,1082.32,832598,831771,0.521986,0.521986,0.521986,0.521986,0.521986,0.521986
18.1751,18.1942,18.1752,30.0496,65284.8,65262,1083.08,833759,832931,0.522111,0.522111,0.522111,0.522111,0.522111,0.522111
18.1882,18.2074,18.1883,30.0558,65273.5,65250.6,1083.83,834921,834092,0.522236,0.522236,0.522236,0.522236,0.522236,0.522236
18.2013,18.2205,18.2014,30.0606,65262.3,65239.3,1084.59,836083,835254,0.522361,0.522361,0.522361,0.522361,0.522361,0.522361
18.2144,18.2337,18.2145,30.0705,65251.6,65228.6,1085.35,837246,836417,0.522486,0.522486,0.522486,0.522486,0.522486,0.522486
18.2275,18.2469,18.2276,30.0845,65239.7,65216.7,1086.11,838410,837580,0.522611,0.522611,0.522611,0.522611,0.522611,0.522611
18.2406,18.26,18.2407,30.0895,65228.3,65205.2,1086.87,839574,838744,0.522736,0.522736,0.522736,0.522736,0.522736,0.522736
18.2537,18.2732,18.2538,30.0983,65216.8,65193.7,1087.62,840739,839909,0.522861,0.522861,0.522861,0.522861,0.522861,0.522861
18.2668,18.2864,18.2669,30.1119,65204.4,65181.3,1088.38,841905,841074,0.522986,0.522986,0.522986,0.522986,0.522986,0.522986
18.28,18.2996,18.2801,30.1241,65193.5,65170.4,1089.14,843072,842240,0.523111,0.523111,0.523111,0.523111,0.523111,0.523111
18.2931,18.3128,18.2932,30.1367,65181.7,65158.6,1089.9,844239,843407,0.523236,0.523236,0.523236,0.523236,0.523236,0.523236
18.3062,18.326,18.3063,30.1446,65171.1,65148,1090.66,845407,844574,0.523361,0.523361,0.523361,0.523361,0.523361,0.523361
18.3194,18.3392,18.3195,30.1539,65159.3,65136.1,1091.42,846576,845743,0.523486,0.523486,0.523486,0.523486,0.523486,0.523486
18.3325,18.3524,18.3326,30.1641,65147.5,65124.3,1092.18,847745,846912,0.523611,0.523611,0.523611,0.523611,0.523611,0.523611
18.3457,18.3656,18.3458,30.1744,65137.6,65114.4,1092.95,848916,848081,0.523736,0.523736,0.523736,0.523736,0.523736,0.523736
18.3589,18.3788,18.359,30.1855,65125.5,65102.3,1093.71,850086,849252,0.523861,0.523861,0.523861,0.523861,0.523861,0.523861
18.372,18.3921,18.3721,30.1953,65114,65090.7,1094.47,851258,850423,0.523986,0.523986,0.523986,0.523986,0.523986,0.523986
18.3852,18.4053,18.3853,30.201,65102.9,65079.6,1095.23,852430,851595,0.524111,0.524111,0.524111,0.524111,0.524111,0.524111
18.3984,18.4186,18.3985,30.2076,65091.8,65068.5,1095.99,853603,852767,0.524236,0.524236,0.524236,0.524236,0.524236,0.524236
18.4116,18.4318,18.4117,30.2209,65079.7,65056.3,1096.75,854777,853940,0.524361,0.524361,0.524361,0.524361,0.524361,0.524361
18.4248,18.4451,18.4249,30.2252,65068.5,65045.1,1097.52,855952,855114,0.524486,0.524486,0.524486,0.524486,0.524486,0.524486
18.438,18.4583,18.4381,30.2386,65057.7,65034.3,1098.28,857127,856289,0.524611,0.524611,0.524611,0.524611,0.524611,0.524611
18.4512,18.4716,18.4513,30.2483,65046.4,65022.9,1099.04,858303,857464,0.524736,0.524736,0.524736,0.524736,0.524736,0.524736
18.4644,18.4849,18.4645,30.2594,65035.8,65012.3,1099.8,859479,858641,0.524861,0.524861,0.524861,0.524861,0.524861,0.524861
18.4777,18.4982,18.4778,30.2709,65025.2,65001.7,1100.57,860657,859817,0.524986,0.524986,0.524986,0.524986,0.524986,0.524986
18.4909,18.5115,18.491,30.2849,65013.4,64989.8,1101.33,861835,860995,0.525111,0.525111,0.525111,0.525111,0.525111,0.525111
18.5041,18.5248,18.5042,30.2936,65001.8,64978.2,1102.09,863013,862173,0.525236,0.525236,0.525236,0.525236,0.525236,0.525236
18.5174,18.5381,18.5175,30.3026,64991,64967.3,1102.86,864193,863352,0.525361,0.525361,0.525361,0.525361,0.525361,0.525361
18.5306,18.5514,18.5307,30.3105,64979.9,64956.2,1103.62,865373,864532,0.525486,0.525486,0.525486,0.525486,0.525486,0.525486
18.5439,18.5647,18.544,30.3196,64969.1,64945.4,1104.39,866554,865712,0.525611,0.525611,0.525611,0.525611,0.525611,0.525611
18.5571,18.5781,18.5573,30.3328,64958.1,64934.4,1105.15,867736,866893,0.525736,0.525736,0.525736,0.525736,0.525736,0.525736
18.5704,18.5914,18.5705,30.345,64946.4,64922.6,1105.92,868918,868075,0.525861,0.525861,0.525861,0.525861,0.525861,0.525861
18.5837,18.6047,18.5838,30.3565,64934.5,64910.7,1106.68,870101,869258,0.525986,0.525986,0.525986,0.525986,0.525986,0.525986
18.597,18.6181,18.5971,30.3707,64924.3,64900.5,1107.45,871285,870441,0.526111,0.526111,0.526111,0.526111,0.526111,0.526111
18.6103,18.6314,18.6104,30.3793,64913.2,64889.4,1108.22,872469,871625,0.526236,0.526236,0.526236,0.526236,0.526236,0.526236
18.6236,18.6448,18.6237,30.393,64902,64878.1,1108.98,873654,872810,0.526361,0.526361,0.526361,0.526361,0.526361,0.526361
18.6369,18.6582,18.637,30.4053,64891.4,64867.5,1109.75,874840,873995,0.526486,0.526486,0.526486,0.526486,0.526486,0.526486
18.6502,18.6715,18.6503,30.4177,64879.8,64855.9,1110.52,876027,875181,0.52661,0.52661,0.52661,0.52661,0.52661,0.52661
18.6635,18.6849,18.6636,30.4315,64869.4,64845.5,1111.28,877214,876368,0.526735,0.526735,0.526735,0.526735,0.526735,0.526735
18.6768,18.6983,18.6769,30.4418,64859.1,64835.2,1112.05,878402,877555,0.52686,0.52686,0.52686,0.52686,0.52686,0.52686
18.6901,18.7117,18.6902,30.4509,64847.6,64823.6,1112.82,879591,878744,0.526985,0.526985,0.526985,0.526985,0.526985,0.526985
18.7035,18.7251,18.7036,30.4591,64837,64813,1113.59,880780,879932,0.52711,0.52711,0.52711,0.52711,0.52711,0.52711
18.7168,18.7385,18.7169,30.474,64825.7,64801.6,1114.36,881970,881122,0.527235,0.527235,0.527235,0.527235,0.527235,0.527235
18.7302,18.7519,18.7303,30.4866,64815.1,64791.1,1115.13,883161,882312,0.52736,0.52736,0.52736,0.52736,0.52736,0.52736
18.7435,18.7653,18.7436,30.4953,64802.8,64778.7,1115.9,884353,883504,0.527485,0.527485,0.527485,0.527485,0.527485,0.527485
18.7569,18.7788,18.757,30.5066,64792.3,64768.2,1116.66,885545,884695,0.52761,0.52761,0.52761,0.52761,0.52761,0.52761
18.7702,18.7922,18.7703,30.5166,64780.8,64756.7,1117.43,886738,885888,0.527735,0.527735,0.527735,0.527735,0.527735,0.527735
18.7836,18.8056,18.7837,30.5284,64769,64744.9,1118.21,887932,887081,0.52786,0.52786,0.52786,0.52786,0.52786,0.52786
18.797,18.8191,18.7971,30.538,64757.8,64733.6,1118.98,889126,888275,0.527985,0.527985,0.527985,0.527985,0.527985,0.527985
18.8104,18.8325,18.8105,30.5511,64745.1,64720.9,1119.75,890321,889469,0.52811,0.52811,0.52811,0.52811,0.52811,0.52811
18.8238,18.846,18.8239,30.5601,64734.4,64710.1,1120.52,891517,890665,0.528235,0.528235,0.528235,0.528235,0.528235,0.528235
18.8372,18.8595,18.8373,30.5689,64723.2,64698.9,1121.29,892714,891861,0.52836,0.52836,0.52836,0.52836,0.52836,0.52836
18.8506,18.8729,18.8507,30.5782,64711.1,64686.8,1122.06,893911,893057,0.528485,0.528485,0.528485,0.528485,0.528485,0.528485
18.864,18.8864,18.8641,30.5872,64700.7,64676.3,1122.83,895109,894255,0.52861,0.52861,0.52861,0.52861,0.52861,0.52861
18.8774,18.8999,18.8775,30.5936,64689.8,64665.3,1123.6,896308,895453,0.528735,0.528735,0.528735,0.528735,0.528735,0.528735
18.8908,18.9134,18.8909,30.6019,64678.8,64654.3,1124.38,897507,896652,0.52886,0.52886,0.52886,0.52886,0.52886,0.52886
18.9042,18.9269,18.9044,30.612,64668.8,64644.2,1125.15,898707,897851,0.528985,0.528985,0.528985,0.528985,0.528985,0.528985
18.9177,18.9404,18.9178,30.6199,64658.5,64633.9,1125.92,899908,899052,0.52911,0.52911,0.52911,0.52911,0.52911,0.52911
18.9311,18.9539,18.9313,30.6287,64647.4,64622.8,1126.69,901109,900253,0.529235,0.529235,0.529235,0.529235,0.529235,0.529235
18.9446,18.9674,18.9447,30.6422,64636.2,64611.5,1127.46,902312,901454,0.52936,0.52936,0.52936,0.52936,0.52936,0.52936
18.958,18.9809,18.9582,30.6526,64625.4,64600.7,1128.24,903514,902657,0.529485,0.529485,0.529485,0.529485,0.529485,0.529485
18.9715,18.9945,18.9716,30.6621,64613.9,64589.2,1129.01,904718,903860,0.52961,0.52961,0.52961,0.52961,0.52961,0.52961
18.985,19.008,18.9851,30.674,64603.2,64578.5,1129.78,905922,905064,0.529735,0.529735,0.529735,0.529735,0.529735,0.529735
18.9984,19.0216,18.9986,30.6881,64592.2,64567.4,1130.56,907127,906268,0.52986,0.52986,0.52986,0.52986,0.52986,0.52986
19.0119,19.0351,19.0121,30.6999,64582.1,64557.3,1131.33,908333,907473,0.529985,0.529985,0.529985,0.529985,0.529985,0.529985
19.0254,19.0487,19.0255,30.7083,64571.7,64546.8,1132.1,909540,908679,0.53011,0.53011,0.53011,0.53011,0.53011,0.53011
19.0389,19.0622,19.039,30.7198,64561.3,64536.4,1132.88,910747,909886,0.530235,0.530235,0.530235,0.530235,0.530235,0.530235
19.0524,19.0758,19.0525,30.729,64550.6,64525.6,1133.65,911955,911093,0.53036,0.53036,0.53036,0.53036,0.53036,0.53036
19.0659,19.0894,19.0661,30.7401,64540.2,64515.2,1134.43,913163,912301,0.530485,0.530485,0.530485,0.530485,0.530485,0.530485
19.0794,19.103,19.0796,30.7564,64529.2,64504.2,1135.2,914373,913510,0.53061,0.53061,0.53061,0.53061,0.53061,0.53061
19.093,19.1166,19.0931,30.7665,64518.9,64493.9,1135.98,915583,914720,0.530735,0.530735,0.530735,0.530735,0.530735,0.530735
19.1065,19.1302,19.1066,30.7817,64508.5,64483.4,1136.75,916793,915930,0.53086,0.53086,0.53086,0.53086,0.53086,0.53086
19.12,19.1438,19.1202,30.7913,64499.1,64474,1137.53,918005,917141,0.530985,0.530985,0.530985,0.530985,0.530985,0.530985
19.1336,19.1574,19.1337,30.8036,64488,64462.9,1138.3,919217,918352,0.53111,0.53111,0.53111,0.53111,0.53111,0.53111
19.1471,19.171,19.1472,30.8175,64477.5,64452.3,1139.08,920430,919565,0.531235,0.531235,0.531235,0.531235,0.531235,0.531235
19.1607,19.1846,19.1608,30.826,64466.5,64441.3,1139.86,921643,920778,0.53136,0.53136,0.53136,0.53136,0.53136,0.53136
19.1742,19.1983,19.1744,30.8402,64456,64430.8,1140.63,922858,921992,0.531485,0.531485,0.531485,0.531485,0.531485,0.531485
19.1878,19.2119,19.1879,30.8533,64446,64420.7,1141.41,924073,923206,0.53161,0.53161,0.53161,0.53161,0.53161,0.53161
19.2014,19.2255,19.2015,30.8635,64434.9,64409.6,1142.19,925288,924421,0.531735,0.531735,0.531735,0.531735,0.531735,0.531735
19.2149,19.2392,19.2151,30.874,64424.4,64399.1,1142.97,926505,925637,0.53186,0.53186,0.53186,0.53186,0.53186,0.53186
19.2285,19.2528,19.2287,30.8843,64414.4,64389,1143.74,927722,926854,0.531985,0.531985,0.531985,0.531985,0.531985,0.531985
19.2421,19.2665,19.2423,30.8978,64404,64378.6,1144.52,928940,928071,0.53211,0.53211,0.53211,0.53211,0.53211,0.53211
19.2557,19.2802,19.2558,30.909,64394.1,64368.7,1145.3,930158,929289,0.532235,0.532235,0.532235,0.532235,0.532235,0.532235
19.2693,19.2939,19.2695,30.9242,64383.1,64357.7,1146.08,931377,930508,0.53236,0.53236,0.53236,0.53236,0.53236,0.53236
19.2829,19.3075,19.2831,30.9341,64373,64347.5,1146.86,932597,931727,0.532485,0.532485,0.532485,0.532485,0.532485,0.532485
19.2966,19.3212,19.2967,30.9411,64362,64336.5,1147.64,933818,932947,0.53261,0.53261,0.53261,0.53261,0.53261,0.53261
19.3102,19.3349,19.3103,30.9559,64353.2,64327.6,1148.42,935039,934168,0.532735,0.532735,0.532735,0.532735,0.532735,0.532735
19.3238,19.3486,19.3239,30.9665,64342.7,64317.1,1149.2,936261,935390,0.53286,0.53286,0.53286,0.53286,0.53286,0.53286
19.3375,19.3623,19.3376,30.9791,64331.9,64306.2,1149.97,937484,936612,0.532985,0.532985,0.532985,0.532985,0.532985,0.532985
19.3511,19.3761,19.3512,30.993,64320.1,64294.4,1150.76,938708,937835,0.53311,0.53311,0.53311,0.53311,0.53311,0.53311
19.3647,19.3898,19.3649,31.0028,64309.3,64283.6,1151.54,939932,939058,0.533235,0.533235,0.533235,0.533235,0.533235,0.533235
19.3784,19.4035,19.3785,31.012,64298.9,64273.1,1152.32,941157,940283,0.53336,0.53336,0.53336,0.53336,0.53336,0.53336
19.3921,19.4172,19.3922,31.0172,64288.2,64262.3,1153.1,942382,941508,0.533485,0.533485,0.533485,0.533485,0.533485,0.533485
19.4057,19.431,19.4059,31.0338,64278.6,64252.7,1153.88,943609,942734,0.53361,0.53361,0.53361,0.53361,0.53361,0.53361
19.4194,19.4447,19.4195,31.0464,64267.4,64241.5,1154.66,944836,943960,0.533735,0.533735,0.533735,0.533735,0.533735,0.533735
19.4331,19.4585,19.4332,31.0563,64256.8,64230.8,1155.44,946063,945187,0.53386,0.53386,0.53386,0.53386,0.53386,0.53386
19.4468,19.4723,19.4469,31.0703,64245.1,64219.2,1156.22,947292,946415,0.533985,0.533985,0.533985,0.533985,0.533985,0.533985
19.4605,19.486,19.4606,31.0824,64235.2,64209.2,1157,948521,947644,0.53411,0.53411,0.53411,0.53411,0.53411,0.53411
19.4742,19.4998,19.4743,31.0968,64225,64199,1157.79,949751,948873,0.534235,0.534235,0.534235,0.534235,0.534235,0.534235
19.4879,19.5136,19.488,31.1083,64215.2,64189.2,1158.57,950981,950103,0.53436,0.53436,0.53436,0.53436,0.53436,0.53436
19.5016,19.5274,19.5017,31.1192,64204.8,64178.7,1159.35,952212,951334,0.534485,0.534485,0.534485,0.534485,0.534485,0.534485
19.5153,19.5412,19.5155,31.131,64194.6,64168.4,1160.13,953444,952565,0.53461,0.53461,0.53461,0.53461,0.53461,0.53461
19.5291,19.555,19.5292,31.1447,64183.3,64157.1,1160.92,954677,953797,0.534735,0.534735,0.534735,0.534735,0.534735,0.534735
19.5428,19.5688,19.5429,31.1584,64173.8,64147.6,1161.7,955910,955030,0.53486,0.53486,0.53486,0.53486,0.53486,0.53486
19.5565,19.5826,19.5567,31.1723,64163.3,64137.1,1162.49,957144,956264,0.534985,0.534985,0.534985,0.534985,0.534985,0.534985
19.5703,19.5964,19.5704,31.185,64154.4,64128.1,1163.27,958379,957498,0.53511,0.53511,0.53511,0.53511,0.53511,0.53511
19.584,19.6103,19.5842,31.198,64144.1,64117.8,1164.06,959615,958733,0.535235,0.535235,0.535235,0.535235,0.535235,0.535235
19.5978,19.6241,19.5979,31.2103,64133.9,64107.6,1164.84,960851,959968,0.53536,0.53536,0.53536,0.53536,0.53536,0.53536
19.6116,19.638,19.6117,31.2182,64123.4,64097,1165.62,962088,961205,0.535485,0.535485,0.535485,0.535485,0.535485,0.535485
19.6253,19.6518,19.6255,31.229,64113.8,64087.4,1166.41,963325,962442,0.53561,0.53561,0.53561,0.53561,0.53561,0.53561
19.6391,19.6657,19.6392,31.2397,64104.6,64078.2,1167.2,964564,963680,0.535735,0.535735,0.535735,0.535735,0.535735,0.535735
19.6529,19.6795,19.653,31.2535,64094.5,64068,1167.98,965803,964918,0.53586,0.53586,0.53586,0.53586,0.53586,0.53586
19.6667,19.6934,19.6668,31.2641,64084.3,64057.8,1168.77,967042,966157,0.535985,0.535985,0.535985,0.535985,0.535985,0.535985
19.6805,19.7073,19.6806,31.2779,64074.4,64047.8,1169.55,968283,967397,0.53611,0.53611,0.53611,0.53611,0.53611,0.53611
19.6943,19.7212,19.6944,31.2849,64064,64037.4,1170.34,969524,968638,0.536235,0.536235,0.536235,0.536235,0.536235,0.536235
19.7081,19.7351,19.7082,31.2951,64054.1,64027.4,1171.13,970766,969879,0.53636,0.53636,0.53636,0.53636,0.53636,0.53636
19.7219,19.749,19.7221,31.3067,64044.3,64017.6,1171.91,972008,971121,0.536485,0.536485,0.536485,0.536485,0.536485,0.536485
19.7357,19.7629,19.7359,31.3213,64034.2,64007.4,1172.7,973252,972364,0.53661,0.53661,0.53661,0.53661,0.53661,0.53661
19.7496,19.7768,19.7497,31.3307,64023.6,63996.7,1173.49,974496,973607,0.536735,0.536735,0.536735,0.536735,0.536735,0.536735
19.7634,19.7907,19.7636,31.3448,64013.5,63986.7,1174.27,975740,974851,0.53686,0.53686,0.53686,0.53686,0.53686,0.53686
19.7773,19.8046,19.7774,31.3557,64004,63977.2,1175.06,976986,976096,0.536985,0.536985,0.536985,0.536985,0.536985,0.536985
19.7911,19.8185,19.7913,31.3669,63995.3,63968.4,1175.85,978232,977342,0.53711,0.53711,0.53711,0.53711,0.53711,0.53711
19.805,19.8325,19.8051,31.3784,63985.4,63958.4,1176.64,979478,978588,0.537235,0.537235,0.537235,0.537235,0.537235,0.537235
19.8188,19.8464,19.819,31.3938,63975.4,63948.4,1177.43,980726,979835,0.53736,0.53736,0.53736,0.53736,0.53736,0.53736
19.8327,19.8604,19.8328,31.4042,63964.3,63937.3,1178.22,981974,981082,0.537485,0.537485,0.537485,0.537485,0.537485,0.537485
19.8466,19.8743,19.8467,31.4163,63956,63929,1179.01,983223,982331,0.53761,0.53761,0.53761,0.53761,0.53761,0.53761
19.8605,19.8883,19.8606,31.4275,63946,63919,1179.8,984473,983580,0.537735,0.537735,0.537735,0.537735,0.537735,0.537735
19.8744,19.9023,19.8745,31.4425,63936.5,63909.5,1180.59,985723,984830,0.53786,0.53786,0.53786,0.53786,0.53786,0.53786
19.8883,19.9163,19.8884,31.454,63927.5,63900.4,1181.38,986974,986080,0.537985,0.537985,0.537985,0.537985,0.537985,0.537985
19.9022,19.9302,19.9023,31.4681,63917.5,63890.4,1182.17,988226,987331,0.53811,0.53811,0.53811,0.53811,0.53811,0.53811
19.9161,19.9442,19.9162,31.4768,63907.7,63880.5,1182.96,989478,988583,0.538235,0.538235,0.538235,0.538235,0.538235,0.538235
19.93,19.9582,19.9301,31.4922,63897.7,63870.5,1183.75,990731,989836,0.53836,0.53836,0.53836,0.53836,0.53836,0.53836
19.9439,19.9722,19.9441,31.5023,63888.3,63861,1184.54,991985,991089,0.538485,0.538485,0.538485,0.538485,0.538485,0.538485
19.9579,19.9863,19.958,31.5126,63878.7,63851.4,1185.33,993240,992343,0.53861,0.53861,0.53861,0.53861,0.53861,0.53861
19.9718,20.0003,19.9719,31.5286,63869.2,63841.9,1186.13,994495,993598,0.538735,0.538735,0.538735,0.538735,0.538735,0.538735
19.9857,20.0143,19.9859,31.5437,63859.4,63832,1186.92,995751,994853,0.53886,0.53886,0.53886,0.53886,0.53886,0.53886
19.9997,20.0283,19.9998,31.556,63849.7,63822.2,1187.71,997008,996109,0.538985,0.538985,0.538985,0.538985,0.538985,0.538985
20.0137,20.0424,20.0138,31.5707,63840.4,63813,1188.5,998265,997366,0.53911,0.53911,0.53911,0.53911,0.53911,0.53911
20.0276,20.0564,20.0277,31.581,63830.6,63803.1,1189.3,999523,998624,0.539235,0.539235,0.539235,0.539235,0.539235,0.539235
20.0416,20.0705,20.0417,31.5982,63820.3,63792.8,1190.09,1.00078e+06,999882,0.53936,0.53936,0.53936,0.53936,0.53936,0.53936
20.0556,20.0845,20.0557,31.6114,63811.2,63783.6,1190.88,1.00204e+06,1.00114e+06,0.539485,0.539485,0.539485,0.539485,0.539485,0.539485
20.0696,20.0986,20.0697,31.6257,63800.9,63773.3,1191.68,1.0033e+06,1.0024e+06,0.53961,0.53961,0.53961,0.53961,0.53961,0.53961
20.0835,20.1127,20.0837,31.6378,63791.6,63764,1192.47,1.00456e+06,1.00366e+06,0.539735,0.539735,0.539735,0.539735,0.539735,0.539735
20.0975,20.1267,20.0976,31.6513,63782.6,63754.9,1193.27,1.00582e+06,1.00492e+06,0.53986,0.53986,0.53986,0.53986,0.53986,0.53986
20.1115,20.1408,20.1117,31.6642,63772.2,63744.5,1194.06,1.00709e+06,1.00618e+06,0.539985,0.539985,0.539985,0.539985,0.539985,0.539985
20.1256,20.1549,20.1257,31.6762,63761.8,63734,1194.86,1.00835e+06,1.00745e+06,0.54011,0.54011,0.54011,0.54011,0.54011,0.54011
20.1396,20.169,20.1397,31.6883,63753.4,63725.6,1195.65,1.00961e+06,1.00871e+06,0.540235,0.540235,0.540235,0.540235,0.540235,0.540235
20.1536,20.1831,20.1537,31.7041,63743.6,63715.8,1196.45,1.01088e+06,1.00997e+06,0.540359,0.540359,0.540359,0.540359,0.540359,0.540359
20.1676,20.1972,20.1677,31.7141,63734.1,63706.3,1197.25,1.01214e+06,1.01124e+06,0.540484,0.540484,0.540484,0.540484,0.540484,0.540484
20.1817,20.2114,20.1818,31.7284,63725.1,63697.1,1198.04,1.01341e+06,1.0125e+06,0.540609,0.540609,0.540609,0.540609,0.540609,0.540609
20.1957,20.2255,20.1958,31.7433,63715.2,63687.2,1198.84,1.01468e+06,1.01377e+06,0.540734,0.540734,0.540734,0.540734,0.540734,0.540734
20.2097,20.2396,20.2098,31.763,63705.1,63677.1,1199.63,1.01594e+06,1.01504e+06,0.540859,0.540859,0.540859,0.540859,0.540859,0.540859
20.2238,20.2538,20.2239,31.7757,63695.3,63667.2,1200.43,1.01721e+06,1.0163e+06,0.540984,0.540984,0.540984,0.540984,0.540984,0.540984
20.2379,20.2679,20.238,31.7897,63685.8,63657.7,1201.23,1.01848e+06,1.01757e+06,0.541109,0.541109,0.541109,0.541109,0.541109,0.541109
20.2519,20.2821,20.252,31.8056,63675.9,63647.8,1202.03,1.01975e+06,1.01884e+06,0.541234,0.541234,0.541234,0.541234,0.541234,0.541234
20.266,20.2962,20.2661,31.8193,63666.3,63638.2,1202.82,1.02102e+06,1.02011e+06,0.541359,0.541359,0.541359,0.541359,0.541359,0.541359
20.2801,20.3104,20.2802,31.8345,63658.9,63630.7,1203.62,1.02229e+06,1.02138e+06,0.541484,0.541484,0.541484,0.541484,0.541484,0.541484
20.2942,20.3246,20.2943,31.8501,63648.6,63620.3,1204.42,1.02356e+06,1.02265e+06,0.541609,0.541609,0.541609,0.541609,0.541609,0.541609
20.3082,20.3388,20.3084,31.8636,63639.3,63611.1,1205.22,1.02483e+06,1.02392e+06,0.541734,0.541734,0.541734,0.541734,0.541734,0.541734
20.3223,20.3529,20.3224,31.8752,63630.9,63602.6,1206.02,1.02611e+06,1.02519e+06,0.541859,0.541859,0.541859,0.541859,0.541859,0.541859
20.3364,20.3671,20.3365,31.8899,63621.2,63592.8,1206.82,1.02738e+06,1.02647e+06,0.541984,0.541984,0.541984,0.541984,0.541984,0.541984
20.3506,20.3813,20.3507,31.905,63611.2,63582.8,1207.62,1.02865e+06,1.02774e+06,0.542109,0.542109,0.542109,0.542109,0.542109,0.542109
20.3647,20.3956,20.3648,31.9186,63601.5,63573.1,1208.42,1.02993e+06,1.02902e+06,0.542234,0.542234,0.542234,0.542234,0.542234,0.542234
20.3788,20.4098,20.3789,31.9319,63591.9,63563.5,1209.22,1.0312e+06,1.03029e+06,0.542359,0.542359,0.542359,0.542359,0.542359,0.542359
20.3929,20.424,20.393,31.9446,63583.6,63555.1,1210.02,1.03248e+06,1.03157e+06,0.542484,0.542484,0.542484,0.542484,0.542484,0.542484
20.4071,20.4382,20.4072,31.9568,63573.6,63545.1,1210.82,1.03376e+06,1.03284e+06,0.542609,0.542609,0.542609,0.542609,0.542609,0.542609
20.4212,20.4525,20.4213,31.9667,63563.1,63534.6,1211.62,1.03504e+06,1.03412e+06,0.542734,0.542734,0.542734,0.542734,0.542734,0.542734
20.4354,20.4667,20.4355,31.9814,63552.7,63524.1,1212.42,1.03631e+06,1.0354e+06,0.542859,0.542859,0.542859,0.542859,0.542859,0.542859
20.4495,20.4809,20.4496,31.9998,63544.4,63515.8,1213.23,1.03759e+06,1.03668e+06,0.542984,0.542984,0.542984,0.542984,0.542984,0.542984
20.4637,20.4952,20.4638,32.0121,63535.3,63506.7,1214.03,1.03887e+06,1.03796e+06,0.543109,0.543109,0.543109,0.543109,0.543109,0.543109
20.4779,20.5094,20.478,32.0288,63526.9,63498.2,1214.83,1.04015e+06,1.03924e+06,0.543234,0.543234,0.543234,0.543234,0.543234,0.543234
20.492,20.5237,20.4921,32.0408,63517.2,63488.5,1215.63,1.04143e+06,1.04052e+06,0.543359,0.543359,0.543359,0.543359,0.543359,0.543359
20.5062,20.538,20.5063,32.0527,63507.8,63479.1,1216.44,1.04272e+06,1.0418e+06,0.543484,0.543484,0.543484,0.543484,0.543484,0.543484
20.5204,20.5523,20.5205,32.0664,63499.7,63470.9,1217.24,1.044e+06,1.04308e+06,0.543609,0.543609,0.543609,0.543609,0.543609,0.543609
20.5346,20.5666,20.5347,32.0824,63489.8,63461,1218.05,1.04528e+06,1.04436e+06,0.543734,0.543734,0.543734,0.543734,0.543734,0.543734
20.5488,20.5809,20.5489,32.0987,63480.8,63452,1218.85,1.04657e+06,1.04565e+06,0.543859,0.543859,0.543859,0.543859,0.543859,0.543859
20.563,20.5952,20.5631,32.1142,63471.4,63442.6,1219.66,1.04785e+06,1.04693e+06,0.543984,0.543984,0.543984,0.543984,0.543984,0.543984
20.5772,20.6095,20.5773,32.1241,63461.7,63432.9,1220.46,1.04914e+06,1.04822e+06,0.544109,0.544109,0.544109,0.544109,0.544109,0.544109
20.5915,20.6238,20.5915,32.139,63452.6,63423.7,1221.27,1.05042e+06,1.0495e+06,0.544234,0.544234,0.544234,0.544234,0.544234,0.544234
20.6057,20.6381,20.6058,32.1511,63442.1,63413.2,1222.08,1.05171e+06,1.05079e+06,0.544359,0.544359,0.544359,0.544359,0.544359,0.544359
20.6199,20.6524,20.62,32.1637,63433.6,63404.6,1222.88,1.053e+06,1.05207e+06,0.544484,0.544484,0.544484,0.544484,0.544484,0.544484
20.6342,20.6668,20.6343,32.1786,63423.4,63394.4,1223.69,1.05429e+06,1.05336e+06,0.544609,0.544609,0.544609,0.544609,0.544609,0.544609
20.6484,20.6811,20.6485,32.193,63413.6,63384.6,1224.5,1.05558e+06,1.05465e+06,0.544734,0.544734,0.544734,0.544734,0.544734,0.544734
20.6627,20.6955,20.6628,32.206,63403.6,63374.5,1225.3,1.05686e+06,1.05594e+06,0.544859,0.544859,0.544859,0.544859,0.544859,0.544859
20.6769,20.7098,20.677,32.2191,63395.3,63366.2,1226.11,1.05816e+06,1.05723e+06,0.544984,0.544984,0.544984,0.544984,0.544984,0.544984
20.6912,20.7242,20.6913,32.2373,63385.3,63356.1,1226.92,1.05945e+06,1.05852e+06,0.545109,0.545109,0.545109,0.545109,0.545109,0.545109
20.7055,20.7386,20.7056,32.2504,63376.4,63347.2,1227.73,1.06074e+06,1.05981e+06,0.545234,0.545234,0.545234,0.545234,0.545234,0.545234
20.7198,20.7529,20.7198,32.2621,63366.8,63337.5,1228.54,1.06203e+06,1.0611e+06,0.545359,0.545359,0.545359,0.545359,0.545359,0.545359
20.734,20.7673,20.7341,32.2775,63357.4,63328.1,1229.35,1.06332e+06,1.0624e+06,0.545484,0.545484,0.545484,0.545484,0.545484,0.545484
20.7483,20.7817,20.7484,32.2893,63348.6,63319.2,1230.16,1.06462e+06,1.06369e+06,0.545609,0.545609,0.545609,0.545609,0.545609,0.545609
20.7626,20.7961,20.7627,32.3025,63338.4,63309,1230.97,1.06591e+06,1.06498e+06,0.545734,0.545734,0.545734,0.545734,0.545734,0.545734
20.777,20.8105,20.777,32.3183,63328.1,63298.7,1231.78,1.06721e+06,1.06628e+06,0.545859,0.545859,0.545859,0.545859,0.545859,0.545859
20.7913,20.8249,20.7914,32.3328,63318.9,63289.4,1232.59,1.0685e+06,1.06757e+06,0.545984,0.545984,0.545984,0.545984,0.545984,0.545984
20.8056,20.8393,20.8057,32.3451,63309.8,63280.3,1233.4,1.0698e+06,1.06887e+06,0.546109,0.546109,0.546109,0.546109,0.546109,0.546109
20.8199,20.8538,20.82,32.3619,63300,63270.4,1234.21,1.0711e+06,1.07017e+06,0.546234,0.546234,0.546234,0.546234,0.546234,0.546234
20.8342,20.8682,20.8343,32.3751,63290.6,63261,1235.02,1.0724e+06,1.07146e+06,0.546359,0.546359,0.546359,0.546359,0.546359,0.546359
20.8486,20.8826,20.8487,32.3883,63281.2,63251.6,1235.83,1.07369e+06,1.07276e+06,0.546484,0.546484,0.546484,0.546484,0.546484,0.546484
20.8629,20.8971,20.863,32.4002,63272.6,63242.9,1236.64,1.07499e+06,1.07406e+06,0.546609,0.546609,0.546609,0.546609,0.546609,0.546609
20.8773,20.9115,20.8774,32.4127,63264,63234.2,1237.45,1.07629e+06,1.07536e+06,0.546734,0.546734,0.546734,0.546734,0.546734,0.546734
20.8917,20.926,20.8917,32.4273,63254.2,63224.3,1238.26,1.07759e+06,1.07666e+06,0.546859,0.546859,0.546859,0.546859,0.546859,0.546859
20.906,20.9405,20.9061,32.4419,63244.5,63214.6,1239.08,1.0789e+06,1.07796e+06,0.546984,0.546984,0.546984,0.546984,0.546984,0.546984
20.9204,20.9549,20.9205,32.4558,63235.2,63205.3,1239.89,1.0802e+06,1.07926e+06,0.547109,0.547109,0.547109,0.547109,0.547109,0.547109
20.9348,20.9694,20.9349,32.4682,63226.7,63196.8,1240.7,1.0815e+06,1.08057e+06,0.547234,0.547234,0.547234,0.547234,0.547234,0.547234
20.9492,20.9839,20.9492,32.4805,63218.4,63188.4,1241.51,1.08281e+06,1.08187e+06,0.547359,0.547359,0.547359,0.547359,0.547359,0.547359
20.9636,20.9984,20.9636,32.4931,63209.5,63179.4,1242.33,1.08411e+06,1.08317e+06,0.547484,0.547484,0.547484,0.547484,0.547484,0.547484
20.978,21.0129,20.978,32.5084,63200,63170,1243.14,1.08541e+06,1.08448e+06,0.547609,0.547609,0.547609,0.547609,0.547609,0.547609
20.9924,21.0274,20.9924,32.5198,63190.5,63160.4,1243.96,1.08672e+06,1.08578e+06,0.547734,0.547734,0.547734,0.547734,0.547734,0.547734
21.0068,21.0419,21.0069,32.5341,63181.5,63151.3,1244.77,1.08803e+06,1.08709e+06,0.547859,0.547859,0.547859,0.547859,0.547859,0.547859
21.0212,21.0564,21.0213,32.5516,63172.4,63142.2,1245.59,1.08933e+06,1.08839e+06,0.547984,0.547984,0.547984,0.547984,0.547984,0.547984
21.0356,21.071,21.0357,32.5646,63162.8,63132.6,1246.4,1.09064e+06,1.0897e+06,0.548109,0.548109,0.548109,0.548109,0.548109,0.548109
21.0501,21.0855,21.0501,32.5792,63154.2,63124,1247.22,1.09195e+06,1.09101e+06,0.548234,0.548234,0.548234,0.548234,0.548234,0.548234
21.0645,21.1,21.0646,32.5964,63144.9,63114.6,1248.03,1.09326e+06,1.09232e+06,0.548359,0.548359,0.548359,0.548359,0.548359,0.548359
21.079,21.1146,21.079,32.6112,63135.5,63105.2,1248.85,1.09457e+06,1.09363e+06,0.548484,0.548484,0.548484,0.548484,0.548484,0.548484
21.0934,21.1292,21.0935,32.6241,63126.8,63096.5,1249.67,1.09588e+06,1.09494e+06,0.548609,0.548609,0.548609,0.548609,0.548609,0.548609
21.1079,21.1437,21.108,32.6391,63118.7,63088.3,1250.48,1.09719e+06,1.09625e+06,0.548734,0.548734,0.548734,0.548734,0.548734,0.548734
21.1223,21.1583,21.1224,32.6532,63110.3,63079.9,1251.3,1.0985e+06,1.09756e+06,0.548859,0.548859,0.548859,0.548859,0.548859,0.548859
21.1368,21.1729,21.1369,32.6679,63101.3,63070.8,1252.12,1.09982e+06,1.09887e+06,0.548984,0.548984,0.548984,0.548984,0.548984,0.548984
21.1513,21.1874,21.1514,32.6826,63092.2,63061.6,1252.94,1.10113e+06,1.10018e+06,0.549109,0.549109,0.549109,0.549109,0.549109,0.549109
21.1658,21.202,21.1659,32.6983,63083,63052.4,1253.75,1.10244e+06,1.1015e+06,0.549234,0.549234,0.549234,0.549234,0.549234,0.549234
21.1803,21.2166,21.1803,32.713,63074.3,63043.6,1254.57,1.10376e+06,1.10281e+06,0.549359,0.549359,0.549359,0.549359,0.549359,0.549359
21.1948,21.2312,21.1948,32.7252,63064.1,63033.4,1255.39,1.10507e+06,1.10413e+06,0.549484,0.549484,0.549484,0.549484,0.549484,0.549484
21.2093,21.2458,21.2094,32.7411,63055,63024.3,1256.21,1.10639e+06,1.10544e+06,0.549609,0.549609,0.549609,0.549609,0.549609,0.549609
21.2238,21.2605,21.2239,32.7567,63045,63014.2,1257.03,1.10771e+06,1.10676e+06,0.549734,0.549734,0.549734,0.549734,0.549734,0.549734
21.2383,21.2751,21.2384,32.7751,63035.2,63004.3,1257.85,1.10902e+06,1.10808e+06,0.549859,0.549859,0.549859,0.549859,0.549859,0.549859
21.2528,21.2897,21.2529,32.7901,63025.5,62994.7,1258.67,1.11034e+06,1.10939e+06,0.549984,0.549984,0.549984,0.549984,0.549984,0.549984
21.2673,21.3043,21.2674,32.806,63017.1,62986.2,1259.49,1.11166e+06,1.11071e+06,0.550109,0.550109,0.550109,0.550109,0.550109,0.550109
21.2819,21.319,21.282,32.8203,63008.6,62977.7,1260.31,1.11298e+06,1.11203e+06,0.550234,0.550234,0.550234,0.550234,0.550234,0.550234
21.2964,21.3336,21.2965,32.8405,62999.6,62968.7,1261.13,1.1143e+06,1.11335e+06,0.550359,0.550359,0.550359,0.550359,0.550359,0.550359
21.311,21.3483,21.3111,32.8537,62990.4,62959.4,1261.95,1.11562e+06,1.11467e+06,0.550484,0.550484,0.550484,0.550484,0.550484,0.550484
21.3255,21.363,21.3256,32.8704,62982.5,62951.4,1262.77,1.11694e+06,1.11599e+06,0.550609,0.550609,0.550609,0.550609,0.550609,0.550609
21.3401,21.3776,21.3402,32.8801,62974.2,62943.1,1263.59,1.11827e+06,1.11731e+06,0.550734,0.550734,0.550734,0.550734,0.550734,0.550734
21.3547,21.3923,21.3548,32.8939,62966.8,62935.7,1264.42,1.11959e+06,1.11864e+06,0.550859,0.550859,0.550859,0.550859,0.550859,0.550859
21.3692,21.407,21.3693,32.9083,62958.7,62927.5,1265.24,1.12091e+06,1.11996e+06,0.550984,0.550984,0.550984,0.550984,0.550984,0.550984
21.3838,21.4217,21.3839,32.9275,62949.8,62918.6,1266.06,1.12224e+06,1.12128e+06,0.551109,0.551109,0.551109,0.551109,0.551109,0.551109
21.3984,21.4364,21.3985,32.9419,62941.5,62910.3,1266.89,1.12356e+06,1.12261e+06,0.551234,0.551234,0.551234,0.551234,0.551234,0.551234
21.413,21.4511,21.4131,32.9582,62933.6,62902.3,1267.71,1.12489e+06,1.12393e+06,0.551359,0.551359,0.551359,0.551359,0.551359,0.551359
21.4276,21.4658,21.4277,32.9738,62924.1,62892.8,1268.53,1.12622e+06,1.12526e+06,0.551484,0.551484,0.551484,0.551484,0.551484,0.551484
21.4422,21.4805,21.4423,32.9891,62916,62884.6,1269.36,1.12754e+06,1.12659e+06,0.551609,0.551609,0.551609,0.551609,0.551609,0.551609
21.4568,21.4953,21.4569,33.0015,62908.3,62876.9,1270.18,1.12887e+06,1.12791e+06,0.551734,0.551734,0.551734,0.551734,0.551734,0.551734
21.4715,21.51,21.4716,33.0135,62899.9,62868.4,1271.01,1.1302e+06,1.12924e+06,0.551859,0.551859,0.551859,0.551859,0.551859,0.551859
21.4861,21.5247,21.4862,33.0263,62891.3,62859.8,1271.83,1.13153e+06,1.13057e+06,0.551984,0.551984,0.551984,0.551984,0.551984,0.551984
21.5007,21.5395,21.5008,33.0409,62882.4,62850.8,1272.66,1.13286e+06,1.1319e+06,0.552109,0.552109,0.552109,0.552109,0.552109,0.552109
21.5154,21.5542,21.5155,33.0536,62873.8,62842.2,1273.48,1.13419e+06,1.13323e+06,0.552234,0.552234,0.552234,0.552234,0.552234,0.552234
21.53,21.569,21.5301,33.0694,62866,62834.4,1274.31,1.13552e+06,1.13456e+06,0.552359,0.552359,0.552359,0.552359,0.552359,0.552359
21.5447,21.5838,21.5448,33.089,62857,62825.3,1275.13,1.13686e+06,1.13589e+06,0.552484,0.552484,0.552484,0.552484,0.552484,0.552484
21.5593,21.5986,21.5595,33.1076,62847.7,62816,1275.96,1.13819e+06,1.13723e+06,0.552609,0.552609,0.552609,0.552609,0.552609,0.552609
21.574,21.6133,21.5741,33.1238,62838.8,62807,1276.79,1.13952e+06,1.13856e+06,0.552734,0.552734,0.552734,0.552734,0.552734,0.552734
21.5887,21.6281,21.5888,33.1397,62830.5,62798.7,1277.62,1.14086e+06,1.13989e+06,0.552859,0.552859,0.552859,0.552859,0.552859,0.552859
21.6034,21.6429,21.6035,33.1551,62821.8,62790,1278.44,1.14219e+06,1.14123e+06,0.552984,0.552984,0.552984,0.552984,0.552984,0.552984
21.6181,21.6577,21.6182,33.173,62812.4,62780.5,1279.27,1.14353e+06,1.14256e+06,0.553109,0.553109,0.553109,0.553109,0.553109,0.553109
21.6328,21.6725,21.6329,33.1872,62803.9,62771.9,1280.1,1.14486e+06,1.1439e+06,0.553234,0.553234,0.553234,0.553234,0.553234,0.553234
21.6475,21.6874,21.6476,33.2036,62795.1,62763.1,1280.93,1.1462e+06,1.14524e+06,0.553359,0.553359,0.553359,0.553359,0.553359,0.553359
21.6622,21.7022,21.6623,33.2185,62786.4,62754.3,1281.76,1.14754e+06,1.14657e+06,0.553484,0.553484,0.553484,0.553484,0.553484,0.553484
21.6769,21.717,21.677,33.2351,62778,62745.9,1282.59,1.14888e+06,1.14791e+06,0.553609,0.553609,0.553609,0.553609,0.553609,0.553609
21.6916,21.7318,21.6917,33.2503,62769,62736.9,1283.42,1.15022e+06,1.14925e+06,0.553734,0.553734,0.553734,0.553734,0.553734,0.553734
21.7063,21.7467,21.7064,33.2667,62759.8,62727.6,1284.25,1.15156e+06,1.15059e+06,0.553859,0.553859,0.553859,0.553859,0.553859,0.553859
21.7211,21.7615,21.7212,33.2825,62752.2,62719.9,1285.08,1.1529e+06,1.15193e+06,0.553984,0.553984,0.553984,0.553984,0.553984,0.553984
21.7358,21.7764,21.7359,33.2976,62743.4,62711.1,1285.91,1.15424e+06,1.15327e+06,0.554109,0.554109,0.554109,0.554109,0.554109,0.554109
21.7505,21.7913,21.7507,33.3154,62735.1,62702.8,1286.74,1.15558e+06,1.15461e+06,0.554233,0.554233,0.554233,0.554233,0.554233,0.554233
21.7653,21.8061,21.7654,33.3315,62726.6,62694.2,1287.57,1.15692e+06,1.15595e+06,0.554358,0.554358,0.554358,0.554358,0.554358,0.554358
21.78,21.821,21.7802,33.3481,62718,62685.5,1288.4,1.15827e+06,1.15729e+06,0.554483,0.554483,0.554483,0.554483,0.554483,0.554483
21.7948,21.8359,21.7949,33.3626,62709.6,62677.1,1289.23,1.15961e+06,1.15864e+06,0.554608,0.554608,0.554608,0.554608,0.554608,0.554608
21.8096,21.8508,21.8097,33.3777,62701.4,62668.9,1290.06,1.16095e+06,1.15998e+06,0.554733,0.554733,0.554733,0.554733,0.554733,0.554733
21.8244,21.8657,21.8245,33.3939,62693.4,62660.9,1290.9,1.1623e+06,1.16133e+06,0.554858,0.554858,0.554858,0.554858,0.554858,0.554858
21.8392,21.8806,21.8393,33.407,62684.5,62651.9,1291.73,1.16365e+06,1.16267e+06,0.554983,0.554983,0.554983,0.554983,0.554983,0.554983
21.8539,21.8955,21.8541,33.423,62676.2,62643.6,1292.56,1.16499e+06,1.16402e+06,0.555108,0.555108,0.555108,0.555108,0.555108,0.555108
21.8687,21.9104,21.8689,33.4427,62668.3,62635.6,1293.4,1.16634e+06,1.16537e+06,0.555233,0.555233,0.555233,0.555233,0.555233,0.555233
21.8836,21.9254,21.8837,33.4599,62660.6,62627.8,1294.23,1.16769e+06,1.16671e+06,0.555358,0.555358,0.555358,0.555358,0.555358,0.555358
21.8984,21.9403,21.8985,33.4776,62652,62619.1,1295.06,1.16904e+06,1.16806e+06,0.555483,0.555483,0.555483,0.555483,0.555483,0.555483
21.9132,21.9552,21.9133,33.4939,62644.3,62611.5,1295.9,1.17039e+06,1.16941e+06,0.555608,0.555608,0.555608,0.555608,0.555608,0.555608
21.928,21.9702,21.9281,33.5081,62636.1,62603.2,1296.73,1.17174e+06,1.17076e+06,0.555733,0.555733,0.555733,0.555733,0.555733,0.555733
21.9428,21.9852,21.943,33.5224,62627,62594,1297.57,1.17309e+06,1.17211e+06,0.555858,0.555858,0.555858,0.555858,0.555858,0.555858
21.9577,22.0001,21.9578,33.5362,62618.7,62585.7,1298.4,1.17444e+06,1.17346e+06,0.555983,0.555983,0.555983,0.555983,0.555983,0.555983
21.9725,22.0151,21.9727,33.5509,62610.2,62577.1,1299.23,1.17579e+06,1.17481e+06,0.556108,0.556108,0.556108,0.556108,0.556108,0.556108
21.9874,22.0301,21.9875,33.5641,62602.1,62569,1300.07,1.17715e+06,1.17617e+06,0.556233,0.556233,0.556233,0.556233,0.556233,0.556233
22.0022,22.045,22.0024,33.5777,62594.3,62561.1,1300.91,1.1785e+06,1.17752e+06,0.556358,0.556358,0.556358,0.556358,0.556358,0.556358
22.0171,22.06,22.0172,33.5945,62586.2,62552.9,1301.74,1.17985e+06,1.17887e+06,0.556483,0.556483,0.556483,0.556483,0.556483,0.556483
22.032,22.075,22.0321,33.6099,62578.3,62545,1302.58,1.18121e+06,1.18023e+06,0.556608,0.556608,0.556608,0.556608,0.556608,0.556608
22.0469,22.09,22.047,33.6235,62570.8,62537.4,1303.41,1.18256e+06,1.18158e+06,0.556733,0.556733,0.556733,0.556733,0.556733,0.556733
22.0617,22.1051,22.0619,33.6394,62563.3,62529.9,1304.25,1.18392e+06,1.18294e+06,0.556858,0.556858,0.556858,0.556858,0.556858,0.556858
22.0766,22.1201,22.0768,33.6603,62555.2,62521.7,1305.09,1.18528e+06,1.1843e+06,0.556983,0.556983,0.556983,0.556983,0.556983,0.556983
22.0915,22.1351,22.0917,33.6793,62547.8,62514.3,1305.93,1.18664e+06,1.18565e+06,0.557108,0.557108,0.557108,0.557108,0.557108,0.557108
22.1064,22.1501,22.1066,33.6959,62540.1,62506.6,1306.76,1.188e+06,1.18701e+06,0.557233,0.557233,0.557233,0.557233,0.557233,0.557233
22.1213,22.1652,22.1215,33.7118,62531,62497.4,1307.6,1.18936e+06,1.18837e+06,0.557358,0.557358,0.557358,0.557358,0.557358,0.557358
22.1363,22.1802,22.1364,33.7322,62523.2,62489.6,1308.44,1.19072e+06,1.18973e+06,0.557483,0.557483,0.557483,0.557483,0.557483,0.557483
22.1512,22.1953,22.1513,33.7496,62514.3,62480.6,1309.28,1.19208e+06,1.19109e+06,0.557608,0.557608,0.557608,0.557608,0.557608,0.557608
22.1661,22.2103,22.1663,33.7664,62507.1,62473.3,1310.12,1.19344e+06,1.19245e+06,0.557733,0.557733,0.557733,0.557733,0.557733,0.557733
22.1811,22.2254,22.1812,33.7818,62498.3,62464.4,1310.96,1.1948e+06,1.19381e+06,0.557858,0.557858,0.557858,0.557858,0.557858,0.557858
22.196,22.2405,22.1961,33.8006,62489.3,62455.3,1311.8,1.19616e+06,1.19517e+06,0.557983,0.557983,0.557983,0.557983,0.557983,0.557983
22.211,22.2556,22.2111,33.8152,62481.9,62447.8,1312.64,1.19753e+06,1.19654e+06,0.558108,0.558108,0.558108,0.558108,0.558108,0.558108
22.2259,22.2706,22.2261,33.8354,62473.1,62439,1313.48,1.19889e+06,1.1979e+06,0.558233,0.558233,0.558233,0.558233,0.558233,0.558233
22.2409,22.2857,22.241,33.8547,62464.5,62430.3,1314.32,1.20026e+06,1.19926e+06,0.558358,0.558358,0.558358,0.558358,0.558358,0.558358
22.2559,22.3008,22.256,33.8661,62456.9,62422.7,1315.16,1.20162e+06,1.20063e+06,0.558483,0.558483,0.558483,0.558483,0.558483,0.558483
22.2708,22.316,22.271,33.8763,62449.1,62414.9,1316,1.20299e+06,1.202e+06,0.558608,0.558608,0.558608,0.558608,0.558608,0.558608
22.2858,22.3311,22.286,33.8948,62441.2,62406.9,1316.84,1.20435e+06,1.20336e+06,0.558733,0.558733,0.558733,0.558733,0.558733,0.558733
22.3008,22.3462,22.301,33.9093,62433.3,62399,1317.68,1.20572e+06,1.20473e+06,0.558858,0.558858,0.558858,0.558858,0.558858,0.558858
22.3158,22.3613,22.316,33.9288,62426,62391.6,1318.52,1.20709e+06,1.2061e+06,0.558983,0.558983,0.558983,0.558983,0.558983,0.558983
22.3308,22.3765,22.331,33.9494,62417.1,62382.6,1319.36,1.20846e+06,1.20746e+06,0.559108,0.559108,0.559108,0.559108,0.559108,0.559108
22.3458,22.3916,22.346,33.9655,62410,62375.5,1320.2,1.20983e+06,1.20883e+06,0.559233,0.559233,0.559233,0.559233,0.559233,0.559233
22.3608,22.4068,22.361,33.9795,62402.8,62368.2,1321.04,1.2112e+06,1.2102e+06,0.559358,0.559358,0.559358,0.559358,0.559358,0.559358
22.3759,22.4219,22.376,33.9978,62394.3,62359.7,1321.89,1.21257e+06,1.21157e+06,0.559483,0.559483,0.559483,0.559483,0.559483,0.559483
22.3909,22.4371,22.391,34.0114,62386.6,62351.9,1322.73,1.21394e+06,1.21295e+06,0.559608,0.559608,0.559608,0.559608,0.559608,0.559608
22.4059,22.4523,22.4061,34.0284,62379.9,62345.2,1323.57,1.21532e+06,1.21432e+06,0.559733,0.559733,0.559733,0.559733,0.559733,0.559733
22.421,22.4674,22.4211,34.0428,62371.3,62336.5,1324.42,1.21669e+06,1.21569e+06,0.559858,0.559858,0.559858,0.559858,0.559858,0.559858
22.436,22.4826,22.4362,34.0592,62363.3,62328.6,1325.26,1.21806e+06,1.21706e+06,0.559983,0.559983,0.559983,0.559983,0.559983,0.559983
22.4511,22.4978,22.4512,34.0787,62354.8,62320,1326.1,1.21944e+06,1.21844e+06,0.560108,0.560108,0.560108,0.560108,0.560108,0.560108
22.4662,22.513,22.4663,34.0928,62346.9,62312,1326.95,1.22081e+06,1.21981e+06,0.560233,0.560233,0.560233,0.560233,0.560233,0.560233
22.4812,22.5282,22.4814,34.109,62339.6,62304.7,1327.79,1.22219e+06,1.22119e+06,0.560358,0.560358,0.560358,0.560358,0.560358,0.560358
22.4963,22.5434,22.4965,34.1297,62332.1,62297.1,1328.64,1.22357e+06,1.22256e+06,0.560483,0.560483,0.560483,0.560483,0.560483,0.560483
22.5114,22.5587,22.5115,34.1501,62324.8,62289.7,1329.48,1.22494e+06,1.22394e+06,0.560608,0.560608,0.560608,0.560608,0.560608,0.560608
22.5265,22.5739,22.5266,34.1689,62317.7,62282.6,1330.33,1.22632e+06,1.22532e+06,0.560733,0.560733,0.560733,0.560733,0.560733,0.560733
22.5416,22.5891,22.5417,34.1836,62309.7,62274.6,1331.18,1.2277e+06,1.2267e+06,0.560858,0.560858,0.560858,0.560858,0.560858,0.560858
22.5567,22.6044,22.5568,34.202,62302.6,62267.4,1332.02,1.22908e+06,1.22808e+06,0.560983,0.560983,0.560983,0.560983,0.560983,0.560983
22.5718,22.6196,22.5719,34.2177,62295.4,62260.2,1332.87,1.23046e+06,1.22945e+06,0.561108,0.561108,0.561108,0.561108,0.561108,0.561108
22.5869,22.6349,22.5871,34.2344,62287.4,62252.2,1333.72,1.23184e+06,1.23084e+06,0.561233,0.561233,0.561233,0.561233,0.561233,0.561233
22.602,22.6501,22.6022,34.2512,62278.8,62243.5,1334.56,1.23322e+06,1.23222e+06,0.561358,0.561358,0.561358,0.561358,0.561358,0.561358
22.6172,22.6654,22.6173,34.2648,62270.7,62235.3,1335.41,1.2346e+06,1.2336e+06,0.561483,0.561483,0.561483,0.561483,0.561483,0.561483
22.6323,22.6807,22.6324,34.2825,62261.5,62226.1,1336.26,1.23599e+06,1.23498e+06,0.561608,0.561608,0.561608,0.561608,0.561608,0.561608
22.6474,22.696,22.6476,34.295,62252.6,62217.1,1337.11,1.23737e+06,1.23636e+06,0.561733,0.561733,0.561733,0.561733,0.561733,0.561733
22.6626,22.7112,22.6627,34.3108,62244.4,62208.9,1337.96,1.23876e+06,1.23775e+06,0.561858,0.561858,0.561858,0.561858,0.561858,0.561858
22.6778,22.7265,22.6779,34.3261,62237.4,62201.8,1338.81,1.24014e+06,1.23913e+06,0.561983,0.561983,0.561983,0.561983,0.561983,0.561983
22.6929,22.7419,22.6931,34.3459,62229.8,62194.2,1339.66,1.24153e+06,1.24052e+06,0.562108,0.562108,0.562108,0.562108,0.562108,0.562108
22.7081,22.7572,22.7082,34.3659,62222.3,62186.7,1340.51,1.24291e+06,1.2419e+06,0.562233,0.562233,0.562233,0.562233,0.562233,0.562233
22.7233,22.7725,22.7234,34.3848,62214.9,62179.2,1341.36,1.2443e+06,1.24329e+06,0.562358,0.562358,0.562358,0.562358,0.562358,0.562358
22.7385,22.7878,22.7386,34.402,62207.5,62171.7,1342.21,1.24569e+06,1.24468e+06,0.562483,0.562483,0.562483,0.562483,0.562483,0.562483
22.7536,22.8032,22.7538,34.4177,62201.6,62165.9,1343.06,1.24708e+06,1.24606e+06,0.562608,0.562608,0.562608,0.562608,0.562608,0.562608
22.7688,22.8185,22.769,34.4351,62193.9,62158.1,1343.91,1.24847e+06,1.24745e+06,0.562733,0.562733,0.562733,0.562733,0.562733,0.562733
22.784,22.8338,22.7842,34.4552,62186.8,62150.8,1344.76,1.24986e+06,1.24884e+06,0.562858,0.562858,0.562858,0.562858,0.562858,0.562858
22.7992,22.8492,22.7994,34.4717,62179.6,62143.6,1345.61,1.25125e+06,1.25023e+06,0.562983,0.562983,0.562983,0.562983,0.562983,0.562983
22.8145,22.8646,22.8146,34.4881,62172,62135.9,1346.47,1.25264e+06,1.25162e+06,0.563108,0.563108,0.563108,0.563108,0.563108,0.563108
22.8297,22.8799,22.8298,34.5077,62164.7,62128.6,1347.32,1.25403e+06,1.25301e+06,0.563233,0.563233,0.563233,0.563233,0.563233,0.563233
22.8449,22.8953,22.8451,34.5269,62157.6,62121.4,1348.17,1.25542e+06,1.25441e+06,0.563358,0.563358,0.563358,0.563358,0.563358,0.563358
22.8601,22.9107,22.8603,34.5427,62150.8,62114.5,1349.02,1.25682e+06,1.2558e+06,0.563483,0.563483,0.563483,0.563483,0.563483,0.563483
22.8754,22.9261,22.8755,34.5605,62144.2,62107.9,1349.88,1.25821e+06,1.25719e+06,0.563608,0.563608,0.563608,0.563608,0.563608,0.563608
22.8906,22.9415,22.8908,34.5761,62136.8,62100.4,1350.73,1.2596e+06,1.25859e+06,0.563733,0.563733,0.563733,0.563733,0.563733,0.563733
22.9059,22.9569,22.906,34.5929,62128.6,62092.2,1351.59,1.261e+06,1.25998e+06,0.563858,0.563858,0.563858,0.563858,0.563858,0.563858
22.9212,22.9723,22.9213,34.6136,62120.9,62084.4,1352.44,1.2624e+06,1.26138e+06,0.563983,0.563983,0.563983,0.563983,0.563983,0.563983
22.9364,22.9877,22.9366,34.6322,62113.2,62076.7,1353.29,1.26379e+06,1.26277e+06,0.564108,0.564108,0.564108,0.564108,0.564108,0.564108
22.9517,23.0031,22.9519,34.6535,62106.6,62070,1354.15,1.26519e+06,1.26417e+06,0.564233,0.564233,0.564233,0.564233,0.564233,0.564233
22.967,23.0186,22.9671,34.6738,62099.3,62062.7,1355,1.26659e+06,1.26557e+06,0.564358,0.564358,0.564358,0.564358,0.564358,0.564358
22.9823,23.034,22.9824,34.6905,62091.1,62054.5,1355.86,1.26799e+06,1.26697e+06,0.564483,0.564483,0.564483,0.564483,0.564483,0.564483
22.9976,23.0495,22.9977,34.7095,62083.7,62047,1356.72,1.26939e+06,1.26836e+06,0.564608,0.564608,0.564608,0.564608,0.564608,0.564608
23.0129,23.0649,23.013,34.7284,62075.8,62039,1357.57,1.27079e+06,1.26976e+06,0.564733,0.564733,0.564733,0.564733,0.564733,0.564733
23.0282,23.0804,23.0283,34.7445,62069.1,62032.3,1358.43,1.27219e+06,1.27116e+06,0.564858,0.564858,0.564858,0.564858,0.564858,0.564858
23.0435,23.0958,23.0436,34.7598,62061.3,62024.5,1359.29,1.27359e+06,1.27257e+06,0.564983,0.564983,0.564983,0.564983,0.564983,0.564983
23.0588,23.1113,23.059,34.7772,62053.8,62016.9,1360.14,1.27499e+06,1.27397e+06,0.565108,0.565108,0.565108,0.565108,0.565108,0.565108
23.0741,23.1268,23.0743,34.7924,62046.5,62009.5,1361,1.2764e+06,1.27537e+06,0.565233,0.565233,0.565233,0.565233,0.565233,0.565233
23.0895,23.1423,23.0896,34.8087,62039.7,62002.7,1361.86,1.2778e+06,1.27677e+06,0.565358,0.565358,0.565358,0.565358,0.565358,0.565358
23.1048,23.1578,23.105,34.8276,62032.4,61995.3,1362.72,1.2792e+06,1.27818e+06,0.565483,0.565483,0.565483,0.565483,0.565483,0.565483
23.1202,23.1733,23.1203,34.8488,62023.2,61985.9,1363.58,1.28061e+06,1.27958e+06,0.565608,0.565608,0.565608,0.565608,0.565608,0.565608
23.1355,23.1888,23.1357,34.8675,62016.2,61978.9,1364.43,1.28202e+06,1.28099e+06,0.565733,0.565733,0.565733,0.565733,0.565733,0.565733
23.1509,23.2043,23.151,34.8887,62009.7,61972.3,1365.29,1.28342e+06,1.28239e+06,0.565858,0.565858,0.565858,0.565858,0.565858,0.565858
23.1662,23.2198,23.1664,34.9061,62001.1,61963.7,1366.15,1.28483e+06,1.2838e+06,0.565983,0.565983,0.565983,0.565983,0.565983,0.565983
23.1816,23.2354,23.1818,34.9271,61994.6,61957.1,1367.01,1.28624e+06,1.28521e+06,0.566108,0.566108,0.566108,0.566108,0.566108,0.566108
23.197,23.2509,23.1972,34.9476,61988,61950.4,1367.87,1.28765e+06,1.28661e+06,0.566233,0.566233,0.566233,0.566233,0.566233,0.566233
23.2124,23.2665,23.2126,34.9654,61980.8,61943.2,1368.73,1.28906e+06,1.28802e+06,0.566358,0.566358,0.566358,0.566358,0.566358,0.566358
23.2278,23.282,23.228,34.9852,61973.1,61935.5,1369.59,1.29047e+06,1.28943e+06,0.566483,0.566483,0.566483,0.566483,0.566483,0.566483
23.2432,23.2976,23.2433,35.0059,61965.1,61927.3,1370.45,1.29188e+06,1.29084e+06,0.566608,0.566608,0.566608,0.566608,0.566608,0.566608
23.2586,23.3131,23.2588,35.0229,61957.6,61919.8,1371.31,1.29329e+06,1.29225e+06,0.566733,0.566733,0.566733,0.566733,0.566733,0.566733
23.274,23.3287,23.2742,35.0416,61951.3,61913.5,1372.17,1.2947e+06,1.29366e+06,0.566858,0.566858,0.566858,0.566858,0.566858,0.566858
23.2894,23.3443,23.2896,35.066,61943.8,61905.8,1373.04,1.29611e+06,1.29508e+06,0.566983,0.566983,0.566983,0.566983,0.566983,0.566983
23.3048,23.3599,23.305,35.0836,61935.6,61897.6,1373.9,1.29753e+06,1.29649e+06,0.567108,0.567108,0.567108,0.567108,0.567108,0.567108
23.3203,23.3755,23.3204,35.1064,61928.4,61890.3,1374.76,1.29894e+06,1.2979e+06,0.567233,0.567233,0.567233,0.567233,0.567233,0.567233
23.3357,23.3911,23.3359,35.1279,61921,61882.9,1375.62,1.30036e+06,1.29932e+06,0.567358,0.567358,0.567358,0.567358,0.567358,0.567358
23.3511,23.4067,23.3513,35.1455,61914.2,61876,1376.48,1.30177e+06,1.30073e+06,0.567483,0.567483,0.567483,0.567483,0.567483,0.567483
23.3666,23.4223,23.3668,35.1666,61906.5,61868.2,1377.35,1.30319e+06,1.30215e+06,0.567608,0.567608,0.567608,0.567608,0.567608,0.567608
23.382,23.4379,23.3822,35.1845,61899.1,61860.8,1378.21,1.3046e+06,1.30356e+06,0.567733,0.567733,0.567733,0.567733,0.567733,0.567733
23.3975,23.4536,23.3977,35.1999,61892.3,61853.9,1379.07,1.30602e+06,1.30498e+06,0.567858,0.567858,0.567858,0.567858,0.567858,0.567858
23.413,23.4692,23.4132,35.2196,61884.7,61846.2,1379.93,1.30744e+06,1.3064e+06,0.567982,0.567982,0.567982,0.567982,0.567982,0.567982
23.4285,23.4848,23.4287,35.2414,61878.2,61839.7,1380.8,1.30886e+06,1.30782e+06,0.568107,0.568107,0.568107,0.568107,0.568107,0.568107
23.4439,23.5005,23.4441,35.2592,61871.4,61832.8,1381.66,1.31028e+06,1.30924e+06,0.568232,0.568232,0.568232,0.568232,0.568232,0.568232
23.4594,23.5162,23.4596,35.2768,61863,61824.3,1382.53,1.3117e+06,1.31066e+06,0.568357,0.568357,0.568357,0.568357,0.568357,0.568357
23.4749,23.5318,23.4751,35.2942,61856.5,61817.8,1383.39,1.31312e+06,1.31208e+06,0.568482,0.568482,0.568482,0.568482,0.568482,0.568482
23.4904,23.5475,23.4906,35.3146,61849.9,61811.1,1384.26,1.31454e+06,1.3135e+06,0.568607,0.568607,0.568607,0.568607,0.568607,0.568607
23.506,23.5632,23.5061,35.3313,61843.7,61804.9,1385.12,1.31597e+06,1.31492e+06,0.568732,0.568732,0.568732,0.568732,0.568732,0.568732
23.5215,23.5789,23.5217,35.3502,61837,61798.1,1385.99,1.31739e+06,1.31634e+06,0.568857,0.568857,0.568857,0.568857,0.568857,0.568857
23.537,23.5946,23.5372,35.3753,61829.6,61790.6,1386.85,1.31881e+06,1.31777e+06,0.568982,0.568982,0.568982,0.568982,0.568982,0.568982
23.5525,23.6103,23.5527,35.3961,61822.9,61783.9,1387.72,1.32024e+06,1.31919e+06,0.569107,0.569107,0.569107,0.569107,0.569107,0.569107
23.5681,23.626,23.5683,35.4153,61816.6,61777.5,1388.59,1.32166e+06,1.32061e+06,0.569232,0.569232,0.569232,0.569232,0.569232,0.569232
23.5836,23.6417,23.5838,35.4332,61810.1,61770.9,1389.45,1.32309e+06,1.32204e+06,0.569357,0.569357,0.569357,0.569357,0.569357,0.569357
23.5992,23.6574,23.5994,35.4513,61803.2,61763.9,1390.32,1.32452e+06,1.32347e+06,0.569482,0.569482,0.569482,0.569482,0.569482,0.569482
23.6147,23.6731,23.6149,35.47,61795.9,61756.6,1391.19,1.32594e+06,1.32489e+06,0.569607,0.569607,0.569607,0.569607,0.569607,0.569607
23.6303,23.6889,23.6305,35.4856,61788.5,61749.2,1392.05,1.32737e+06,1.32632e+06,0.569732,0.569732,0.569732,0.569732,0.569732,0.569732
23.6459,23.7046,23.646,35.5073,61781.5,61742.1,1392.92,1.3288e+06,1.32775e+06,0.569857,0.569857,0.569857,0.569857,0.569857,0.569857
23.6614,23.7204,23.6616,35.5277,61773.8,61734.3,1393.79,1.33023e+06,1.32918e+06,0.569982,0.569982,0.569982,0.569982,0.569982,0.569982
23.677,23.7361,23.6772,35.5462,61765.7,61726.2,1394.66,1.33166e+06,1.33061e+06,0.570107,0.570107,0.570107,0.570107,0.570107,0.570107
23.6926,23.7519,23.6928,35.5638,61758.5,61719,1395.53,1.33309e+06,1.33204e+06,0.570232,0.570232,0.570232,0.570232,0.570232,0.570232
23.7082,23.7677,23.7084,35.5811,61751.4,61711.8,1396.4,1.33452e+06,1.33347e+06,0.570357,0.570357,0.570357,0.570357,0.570357,0.570357
23.7238,23.7834,23.724,35.6006,61744.1,61704.4,1397.27,1.33595e+06,1.3349e+06,0.570482,0.570482,0.570482,0.570482,0.570482,0.570482
23.7394,23.7992,23.7396,35.6236,61735.7,61696,1398.14,1.33739e+06,1.33633e+06,0.570607,0.570607,0.570607,0.570607,0.570607,0.570607
23.755,23.815,23.7552,35.6458,61728.7,61688.8,1399.01,1.33882e+06,1.33776e+06,0.570732,0.570732,0.570732,0.570732,0.570732,0.570732
23.7706,23.8308,23.7709,35.6623,61721,61681.1,1399.88,1.34025e+06,1.3392e+06,0.570857,0.570857,0.570857,0.570857,0.570857,0.570857
23.7863,23.8466,23.7865,35.68,61714.3,61674.4,1400.75,1.34169e+06,1.34063e+06,0.570982,0.570982,0.570982,0.570982,0.570982,0.570982
23.8019,23.8625,23.8021,35.6976,61707,61667,1401.62,1.34313e+06,1.34207e+06,0.571107,0.571107,0.571107,0.571107,0.571107,0.571107
23.8176,23.8783,23.8178,35.7178,61700.1,61660,1402.5,1.34456e+06,1.3435e+06,0.571232,0.571232,0.571232,0.571232,0.571232,0.571232
23.8332,23.8941,23.8334,35.7401,61693.1,61652.9,1403.37,1.346e+06,1.34494e+06,0.571357,0.571357,0.571357,0.571357,0.571357,0.571357
23.8489,23.91,23.8491,35.7625,61687.1,61646.8,1404.24,1.34744e+06,1.34638e+06,0.571482,0.571482,0.571482,0.571482,0.571482,0.571482
23.8645,23.9258,23.8647,35.7835,61681.2,61640.9,1405.11,1.34887e+06,1.34781e+06,0.571607,0.571607,0.571607,0.571607,0.571607,0.571607
23.8802,23.9416,23.8804,35.8033,61674.4,61634,1405.99,1.35031e+06,1.34925e+06,0.571732,0.571732,0.571732,0.571732,0.571732,0.571732
23.8959,23.9575,23.8961,35.8266,61666.5,61626.1,1406.86,1.35175e+06,1.35069e+06,0.571857,0.571857,0.571857,0.571857,0.571857,0.571857
23.9116,23.9734,23.9118,35.841,61660,61619.5,1407.73,1.35319e+06,1.35213e+06,0.571982,0.571982,0.571982,0.571982,0.571982,0.571982
23.9273,23.9892,23.9275,35.8539,61653,61612.5,1408.61,1.35464e+06,1.35357e+06,0.572107,0.572107,0.572107,0.572107,0.572107,0.572107
23.943,24.0051,23.9432,35.871,61645.2,61604.6,1409.48,1.35608e+06,1.35501e+06,0.572232,0.572232,0.572232,0.572232,0.572232,0.572232
23.9587,24.021,23.9589,35.8932,61638.5,61597.8,1410.36,1.35752e+06,1.35645e+06,0.572357,0.572357,0.572357,0.572357,0.572357,0.572357
23.9744,24.0369,23.9746,35.915,61632.1,61591.2,1411.23,1.35896e+06,1.3579e+06,0.572482,0.572482,0.572482,0.572482,0.572482,0.572482
23.9901,24.0528,23.9903,35.9318,61626.4,61585.5,1412.11,1.36041e+06,1.35934e+06,0.572607,0.572607,0.572607,0.572607,0.572607,0.572607
24.0058,24.0687,24.006,35.9487,61620.8,61580,1412.98,1.36185e+06,1.36078e+06,0.572732,0.572732,0.572732,0.572732,0.572732,0.572732
24.0215,24.0846,24.0218,35.9671,61614.4,61573.5,1413.86,1.3633e+06,1.36223e+06,0.572857,0.572857,0.572857,0.572857,0.572857,0.572857
24.0373,24.1005,24.0375,35.985,61607.8,61566.8,1414.73,1.36474e+06,1.36367e+06,0.572982,0.572982,0.572982,0.572982,0.572982,0.572982
24.053,24.1165,24.0532,36.0008,61601.1,61560.1,1415.61,1.36619e+06,1.36512e+06,0.573107,0.573107,0.573107,0.573107,0.573107,0.573107
24.0688,24.1324,24.069,36.0196,61593.4,61552.4,1416.49,1.36764e+06,1.36657e+06,0.573232,0.573232,0.573232,0.573232,0.573232,0.573232
24.0845,24.1483,24.0847,36.0417,61588.2,61547.1,1417.37,1.36909e+06,1.36801e+06,0.573357,0.573357,0.573357,0.573357,0.573357,0.573357
24.1003,24.1643,24.1005,36.0649,61581.2,61540,1418.24,1.37053e+06,1.36946e+06,0.573482,0.573482,0.573482,0.573482,0.573482,0.573482
24.1161,24.1803,24.1163,36.0818,61575,61533.8,1419.12,1.37198e+06,1.37091e+06,0.573607,0.573607,0.573607,0.573607,0.573607,0.573607
24.1318,24.1962,24.1321,36.0962,61570,61528.7,1420,1.37343e+06,1.37236e+06,0.573732,0.573732,0.573732,0.573732,0.573732,0.573732
24.1476,24.2122,24.1478,36.116,61564.3,61522.9,1420.88,1.37489e+06,1.37381e+06,0.573857,0.573857,0.573857,0.573857,0.573857,0.573857
24.1634,24.2282,24.1636,36.1369,61556.9,61515.5,1421.76,1.37634e+06,1.37526e+06,0.573982,0.573982,0.573982,0.573982,0.573982,0.573982
24.1792,24.2442,24.1794,36.1525,61549.4,61508,1422.64,1.37779e+06,1.37671e+06,0.574107,0.574107,0.574107,0.574107,0.574107,0.574107
24.195,24.2602,24.1952,36.1774,61542.5,61501,1423.52,1.37924e+06,1.37817e+06,0.574232,0.574232,0.574232,0.574232,0.574232,0.574232
24.2108,24.2762,24.211,36.1987,61535.4,61493.8,1424.4,1.3807e+06,1.37962e+06,0.574357,0.574357,0.574357,0.574357,0.574357,0.574357
24.2266,24.2922,24.2269,36.2158,61528.8,61487.2,1425.28,1.38215e+06,1.38107e+06,0.574482,0.574482,0.574482,0.574482,0.574482,0.574482
24.2425,24.3082,24.2427,36.2345,61521.9,61480.2,1426.16,1.38361e+06,1.38253e+06,0.574607,0.574607,0.574607,0.574607,0.574607,0.574607
24.2583,24.3242,24.2585,36.2518,61514.6,61472.8,1427.04,1.38506e+06,1.38398e+06,0.574732,0.574732,0.574732,0.574732,0.574732,0.574732
24.2741,24.3402,24.2744,36.2666,61508.8,61467,1427.93,1.38652e+06,1.38544e+06,0.574857,0.574857,0.574857,0.574857,0.574857,0.574857
24.29,24.3563,24.2902,36.2826,61501.5,61459.7,1428.81,1.38797e+06,1.38689e+06,0.574982,0.574982,0.574982,0.574982,0.574982,0.574982
24.3058,24.3723,24.3061,36.3034,61494.4,61452.6,1429.69,1.38943e+06,1.38835e+06,0.575107,0.575107,0.575107,0.575107,0.575107,0.575107
24.3217,24.3884,24.3219,36.3197,61487.5,61445.6,1430.58,1.39089e+06,1.38981e+06,0.575232,0.575232,0.575232,0.575232,0.575232,0.575232
24.3376,24.4044,24.3378,36.3415,61480.5,61438.5,1431.46,1.39235e+06,1.39127e+06,0.575357,0.575357,0.575357,0.575357,0.575357,0.575357
24.3534,24.4205,24.3536,36.3593,61475.4,61433.4,1432.34,1.39381e+06,1.39273e+06,0.575482,0.575482,0.575482,0.575482,0.575482,0.575482
24.3693,24.4366,24.3695,36.3842,61467.6,61425.4,1433.23,1.39527e+06,1.39419e+06,0.575607,0.575607,0.575607,0.575607,0.575607,0.575607
24.3852,24.4526,24.3854,36.4105,61461.3,61419.1,1434.11,1.39673e+06,1.39565e+06,0.575732,0.575732,0.575732,0.575732,0.575732,0.575732
24.4011,24.4687,24.4013,36.4288,61454.3,61412,1435,1.39819e+06,1.39711e+06,0.575857,0.575857,0.575857,0.575857,0.575857,0.575857
24.417,24.4848,24.4172,36.4489,61447.9,61405.6,1435.88,1.39966e+06,1.39857e+06,0.575982,0.575982,0.575982,0.575982,0.575982,0.575982
24.4329,24.5009,24.4331,36.4599,61441.1,61398.8,1436.77,1.40112e+06,1.40003e+06,0.576107,0.576107,0.576107,0.576107,0.576107,0.576107
24.4488,24.517,24.449,36.4833,61435.3,61392.9,1437.66,1.40258e+06,1.4015e+06,0.576232,0.576232,0.576232,0.576232,0.576232,0.576232
24.4647,24.5332,24.4649,36.5093,61429.5,61387,1438.54,1.40405e+06,1.40296e+06,0.576357,0.576357,0.576357,0.576357,0.576357,0.576357
24.4806,24.5493,24.4808,36.5318,61422.9,61380.3,1439.43,1.40551e+06,1.40442e+06,0.576482,0.576482,0.576482,0.576482,0.576482,0.576482
24.4965,24.5654,24.4968,36.5528,61416.3,61373.7,1440.32,1.40698e+06,1.40589e+06,0.576607,0.576607,0.576607,0.576607,0.576607,0.576607
24.5125,24.5816,24.5127,36.5726,61409.7,61367,1441.21,1.40845e+06,1.40736e+06,0.576732,0.576732,0.576732,0.576732,0.576732,0.576732
24.5284,24.5977,24.5286,36.5898,61404.2,61361.4,1442.09,1.40992e+06,1.40882e+06,0.576857,0.576857,0.576857,0.576857,0.576857,0.576857
24.5444,24.6139,24.5446,36.6135,61397.4,61354.5,1442.98,1.41138e+06,1.41029e+06,0.576982,0.576982,0.576982,0.576982,0.576982,0.576982
24.5603,24.63,24.5606,36.6356,61391.9,61348.9,1443.87,1.41285e+06,1.41176e+06,0.577107,0.577107,0.577107,0.577107,0.577107,0.577107
24.5763,24.6462,24.5765,36.659,61386.7,61343.6,1444.76,1.41432e+06,1.41323e+06,0.577232,0.577232,0.577232,0.577232,0.577232,0.577232
24.5923,24.6624,24.5925,36.6733,61379.9,61336.8,1445.65,1.41579e+06,1.4147e+06,0.577357,0.577357,0.577357,0.577357,0.577357,0.577357
24.6082,24.6785,24.6085,36.6946,61373.1,61330,1446.54,1.41726e+06,1.41617e+06,0.577482,0.577482,0.577482,0.577482,0.577482,0.577482
24.6242,24.6947,24.6244,36.7166,61366.5,61323.3,1447.43,1.41873e+06,1.41764e+06,0.577607,0.577607,0.577607,0.577607,0.577607,0.577607
24.6402,24.7109,24.6404,36.7362,61360.1,61316.9,1448.32,1.42021e+06,1.41911e+06,0.577732,0.577732,0.577732,0.577732,0.577732,0.577732
24.6562,24.7271,24.6564,36.7573,61353.8,61310.5,1449.21,1.42168e+06,1.42058e+06,0.577857,0.577857,0.577857,0.577857,0.577857,0.577857
24.6722,24.7433,24.6724,36.7751,61347.7,61304.4,1450.1,1.42315e+06,1.42205e+06,0.577982,0.577982,0.577982,0.577982,0.577982,0.577982
24.6882,24.7595,24.6884,36.7961,61340.7,61297.3,1450.99,1.42463e+06,1.42353e+06,0.578107,0.578107,0.578107,0.578107,0.578107,0.578107
24.7042,24.7758,24.7044,36.819,61334.5,61291,1451.88,1.4261e+06,1.425e+06,0.578232,0.578232,0.578232,0.578232,0.578232,0.578232
24.7202,24.792,24.7205,36.8453,61328.3,61284.8,1452.78,1.42758e+06,1.42648e+06,0.578357,0.578357,0.578357,0.578357,0.578357,0.578357
24.7363,24.8082,24.7365,36.8647,61321.3,61277.7,1453.67,1.42906e+06,1.42795e+06,0.578482,0.578482,0.578482,0.578482,0.578482,0.578482
24.7523,24.8245,24.7525,36.8915,61315.4,61271.7,1454.56,1.43053e+06,1.42943e+06,0.578607,0.578607,0.578607,0.578607,0.578607,0.578607
24.7683,24.8407,24.7686,36.9103,61308.8,61265.1,1455.46,1.43201e+06,1.43091e+06,0.578732,0.578732,0.578732,0.578732,0.578732,0.578732
24.7844,24.857,24.7846,36.931,61302,61258.2,1456.35,1.43349e+06,1.43238e+06,0.578857,0.578857,0.578857,0.578857,0.578857,0.578857
24.8004,24.8733,24.8007,36.9503,61296.6,61252.9,1457.24,1.43497e+06,1.43386e+06,0.578982,0.578982,0.578982,0.578982,0.578982,0.578982
24.8165,24.8896,24.8167,36.972,61291.2,61247.3,1458.14,1.43645e+06,1.43534e+06,0.579107,0.579107,0.579107,0.579107,0.579107,0.579107
24.8326,24.9058,24.8328,36.9896,61284.6,61240.7,1459.03,1.43793e+06,1.43682e+06,0.579232,0.579232,0.579232,0.579232,0.579232,0.579232
24.8486,24.9221,24.8489,37.0104,61277.9,61233.9,1459.93,1.43941e+06,1.4383e+06,0.579357,0.579357,0.579357,0.579357,0.579357,0.579357
24.8647,24.9384,24.8649,37.0245,61272.2,61228.3,1460.83,1.44089e+06,1.43978e+06,0.579482,0.579482,0.579482,0.579482,0.579482,0.579482
24.8808,24.9547,24.881,37.0518,61265.5,61221.4,1461.72,1.44238e+06,1.44127e+06,0.579607,0.579607,0.579607,0.579607,0.579607,0.579607
24.8969,24.971,24.8971,37.0779,61260.3,61216.2,1462.62,1.44386e+06,1.44275e+06,0.579732,0.579732,0.579732,0.579732,0.579732,0.579732
24.913,24.9874,24.9132,37.1014,61254.4,61210.2,1463.52,1.44534e+06,1.44423e+06,0.579857,0.579857,0.579857,0.579857,0.579857,0.579857
24.9291,25.0037,24.9293,37.1207,61248.9,61204.5,1464.41,1.44683e+06,1.44572e+06,0.579982,0.579982,0.579982,0.579982,0.579982,0.579982
24.9452,25.02,24.9454,37.1449,61243.7,61199.4,1465.31,1.44831e+06,1.4472e+06,0.580107,0.580107,0.580107,0.580107,0.580107,0.580107
24.9613,25.0364,24.9615,37.1675,61237.2,61192.7,1466.21,1.4498e+06,1.44869e+06,0.580232,0.580232,0.580232,0.580232,0.580232,0.580232
24.9774,25.0527,24.9777,37.1828,61232.1,61187.6,1467.11,1.45129e+06,1.45017e+06,0.580357,0.580357,0.580357,0.580357,0.580357,0.580357
24.9936,25.0691,24.9938,37.2028,61226.3,61181.8,1468.01,1.45277e+06,1.45166e+06,0.580482,0.580482,0.580482,0.580482,0.580482,0.580482
25.0097,25.0854,25.0099,37.2216,61220.5,61175.9,1468.91,1.45426e+06,1.45315e+06,0.580607,0.580607,0.580607,0.580607,0.580607,0.580607
25.0258,25.1018,25.0261,37.2421,61213.9,61169.2,1469.81,1.45575e+06,1.45464e+06,0.580732,0.580732,0.580732,0.580732,0.580732,0.580732
25.042,25.1182,25.0422,37.2604,61207.8,61163.1,1470.71,1.45724e+06,1.45612e+06,0.580857,0.580857,0.580857,0.580857,0.580857,0.580857
25.0581,25.1346,25.0584,37.285,61200.5,61155.7,1471.61,1.45873e+06,1.45761e+06,0.580982,0.580982,0.580982,0.580982,0.580982,0.580982
25.0743,25.1509,25.0745,37.3112,61195,61150.1,1472.51,1.46022e+06,1.4591e+06,0.581107,0.581107,0.581107,0.581107,0.581107,0.581107
25.0905,25.1673,25.0907,37.3354,61188.5,61143.6,1473.41,1.46172e+06,1.4606e+06,0.581232,0.581232,0.581232,0.581232,0.581232,0.581232
25.1066,25.1837,25.1069,37.358,61181.5,61136.5,1474.31,1.46321e+06,1.46209e+06,0.581357,0.581357,0.581357,0.581357,0.581357,0.581357
25.1228,25.2002,25.1231,37.376,61173.9,61128.9,1475.21,1.4647e+06,1.46358e+06,0.581482,0.581482,0.581482,0.581482,0.581482,0.581482
25.139,25.2166,25.1393,37.3986,61166.6,61121.6,1476.12,1.46619e+06,1.46507e+06,0.581607,0.581607,0.581607,0.581607,0.581607,0.581607
25.1552,25.233,25.1555,37.415,61160.4,61115.2,1477.02,1.46769e+06,1.46657e+06,0.581731,0.581731,0.581731,0.581731,0.581731,0.581731
25.1714,25.2494,25.1717,37.4366,61153.6,61108.4,1477.92,1.46918e+06,1.46806e+06,0.581856,0.581856,0.581856,0.581856,0.581856,0.581856
25.1876,25.2659,25.1879,37.4546,61147.1,61101.8,1478.83,1.47068e+06,1.46956e+06,0.581981,0.581981,0.581981,0.581981,0.581981,0.581981
25.2038,25.2823,25.2041,37.4832,61140.5,61095.2,1479.73,1.47218e+06,1.47105e+06,0.582106,0.582106,0.582106,0.582106,0.582106,0.582106
25.22,25.2988,25.2203,37.5037,61135.2,61089.8,1480.64,1.47367e+06,1.47255e+06,0.582231,0.582231,0.582231,0.582231,0.582231,0.582231
25.2363,25.3152,25.2365,37.5301,61128.4,61082.9,1481.54,1.47517e+06,1.47405e+06,0.582356,0.582356,0.582356,0.582356,0.582356,0.582356
25.2525,25.3317,25.2528,37.5473,61122.2,61076.6,1482.45,1.47667e+06,1.47554e+06,0.582481,0.582481,0.582481,0.582481,0.582481,0.582481
25.2687,25.3482,25.269,37.5715,61117,61071.3,1483.35,1.47817e+06,1.47704e+06,0.582606,0.582606,0.582606,0.582606,0.582606,0.582606
25.285,25.3647,25.2852,37.602,61111.3,61065.6,1484.26,1.47967e+06,1.47854e+06,0.582731,0.582731,0.582731,0.582731,0.582731,0.582731
25.3012,25.3812,25.3015,37.6239,61105.4,61059.6,1485.17,1.48117e+06,1.48004e+06,0.582856,0.582856,0.582856,0.582856,0.582856,0.582856
25.3175,25.3977,25.3178,37.6459,61100.1,61054.2,1486.07,1.48267e+06,1.48154e+06,0.582981,0.582981,0.582981,0.582981,0.582981,0.582981
25.3338,25.4142,25.334,37.6658,61095.6,61049.7,1486.98,1.48417e+06,1.48304e+06,0.583106,0.583106,0.583106,0.583106,0.583106,0.583106
25.35,25.4307,25.3503,37.6865,61089.5,61043.5,1487.89,1.48568e+06,1.48454e+06,0.583231,0.583231,0.583231,0.583231,0.583231,0.583231
25.3663,25.4472,25.3666,37.7088,61083.4,61037.4,1488.79,1.48718e+06,1.48605e+06,0.583356,0.583356,0.583356,0.583356,0.583356,0.583356
25.3826,25.4637,25.3828,37.7283,61077.5,61031.4,1489.7,1.48868e+06,1.48755e+06,0.583481,0.583481,0.583481,0.583481,0.583481,0.583481
25.3989,25.4803,25.3991,37.7493,61071.5,61025.3,1490.61,1.49019e+06,1.48905e+06,0.583606,0.583606,0.583606,0.583606,0.583606,0.583606
25.4152,25.4968,25.4154,37.7754,61066,61019.8,1491.52,1.49169e+06,1.49056e+06,0.583731,0.583731,0.583731,0.583731,0.583731,0.583731
25.4315,25.5134,25.4317,37.7936,61061.3,61014.9,1492.43,1.4932e+06,1.49206e+06,0.583856,0.583856,0.583856,0.583856,0.583856,0.583856
25.4478,25.5299,25.448,37.8199,61055.7,61009.3,1493.34,1.49471e+06,1.49357e+06,0.583981,0.583981,0.583981,0.583981,0.583981,0.583981
25.4641,25.5465,25.4644,37.8419,61048.7,61002.3,1494.25,1.49622e+06,1.49508e+06,0.584106,0.584106,0.584106,0.584106,0.584106,0.584106
25.4804,25.5631,25.4807,37.8621,61041.5,60995,1495.16,1.49772e+06,1.49659e+06,0.584231,0.584231,0.584231,0.584231,0.584231,0.584231
25.4968,25.5797,25.497,37.8867,61036.3,60989.7,1496.07,1.49923e+06,1.49809e+06,0.584356,0.584356,0.584356,0.584356,0.584356,0.584356
25.5131,25.5962,25.5133,37.9066,61029.8,60983.1,1496.98,1.50074e+06,1.4996e+06,0.584481,0.584481,0.584481,0.584481,0.584481,0.584481
25.5294,25.6128,25.5297,37.9286,61023.4,60976.6,1497.9,1.50225e+06,1.50111e+06,0.584606,0.584606,0.584606,0.584606,0.584606,0.584606
25.5458,25.6294,25.546,37.9492,61017.5,60970.6,1498.81,1.50376e+06,1.50262e+06,0.584731,0.584731,0.584731,0.584731,0.584731,0.584731
25.5621,25.646,25.5624,37.9699,61011.1,60964.2,1499.72,1.50528e+06,1.50413e+06,0.584856,0.584856,0.584856,0.584856,0.584856,0.584856
25.5785,25.6627,25.5788,37.9899,61005.1,60958.1,1500.63,1.50679e+06,1.50565e+06,0.584981,0.584981,0.584981,0.584981,0.584981,0.584981
25.5949,25.6793,25.5951,38.0014,60999.3,60952.3,1501.55,1.5083e+06,1.50716e+06,0.585106,0.585106,0.585106,0.585106,0.585106,0.585106
25.6112,25.6959,25.6115,38.0328,60992.7,60945.6,1502.46,1.50982e+06,1.50867e+06,0.585231,0.585231,0.585231,0.585231,0.585231,0.585231
25.6276,25.7126,25.6279,38.0525,60986.8,60939.5,1503.38,1.51133e+06,1.51018e+06,0.585356,0.585356,0.585356,0.585356,0.585356,0.585356
25.644,25.7292,25.6443,38.0743,60981.1,60933.9,1504.29,1.51284e+06,1.5117e+06,0.585481,0.585481,0.585481,0.585481,0.585481,0.585481
25.6604,25.7459,25.6607,38.1052,60975.1,60927.7,1505.2,1.51436e+06,1.51321e+06,0.585606,0.585606,0.585606,0.585606,0.585606,0.585606
25.6768,25.7625,25.6771,38.1257,60968.5,60921,1506.12,1.51588e+06,1.51473e+06,0.585731,0.585731,0.585731,0.585731,0.585731,0.585731
25.6932,25.7792,25.6935,38.148,60962.6,60915,1507.04,1.51739e+06,1.51625e+06,0.585856,0.585856,0.585856,0.585856,0.585856,0.585856
25.7096,25.7959,25.7099,38.1784,60956.1,60908.5,1507.95,1.51891e+06,1.51776e+06,0.585981,0.585981,0.585981,0.585981,0.585981,0.585981
25.7261,25.8126,25.7263,38.2034,60949.8,60902.1,1508.87,1.52043e+06,1.51928e+06,0.586106,0.586106,0.586106,0.586106,0.586106,0.586106
25.7425,25.8292,25.7428,38.2277,60944.1,60896.4,1509.78,1.52195e+06,1.5208e+06,0.586231,0.586231,0.586231,0.586231,0.586231,0.586231
25.7589,25.8459,25.7592,38.247,60938.7,60890.8,1510.7,1.52347e+06,1.52232e+06,0.586356,0.586356,0.586356,0.586356,0.586356,0.586356
25.7754,25.8627,25.7756,38.2728,60933.6,60885.8,1511.62,1.52499e+06,1.52384e+06,0.586481,0.586481,0.586481,0.586481,0.586481,0.586481
25.7918,25.8794,25.7921,38.302,60928,60880.1,1512.54,1.52651e+06,1.52536e+06,0.586606,0.586606,0.586606,0.586606,0.586606,0.586606
25.8082,25.8961,25.8085,38.331,60921.7,60873.7,1513.45,1.52804e+06,1.52688e+06,0.586731,0.586731,0.586731,0.586731,0.586731,0.586731
25.8247,25.9128,25.825,38.3547,60916.3,60868.2,1514.37,1.52956e+06,1.5284e+06,0.586856,0.586856,0.586856,0.586856,0.586856,0.586856
25.8412,25.9296,25.8414,38.3838,60909.4,60861.2,1515.29,1.53108e+06,1.52992e+06,0.586981,0.586981,0.586981,0.586981,0.586981,0.586981
25.8576,25.9463,25.8579,38.4044,60905.3,60857,1516.21,1.53261e+06,1.53145e+06,0.587106,0.587106,0.587106,0.587106,0.587106,0.587106
25.8741,25.963,25.8744,38.4266,60900,60851.6,1517.13,1.53413e+06,1.53297e+06,0.587231,0.587231,0.587231,0.587231,0.587231,0.587231
25.8906,25.9798,25.8909,38.4474,60895,60846.5,1518.05,1.53566e+06,1.5345e+06,0.587356,0.587356,0.587356,0.587356,0.587356,0.587356
25.9071,25.9966,25.9074,38.4721,60890.1,60841.6,1518.97,1.53718e+06,1.53602e+06,0.587481,0.587481,0.587481,0.587481,0.587481,0.587481
25.9236,26.0133,25.9239,38.4907,60884.3,60835.7,1519.89,1.53871e+06,1.53755e+06,0.587606,0.587606,0.587606,0.587606,0.587606,0.587606
25.9401,26.0301,25.9404,38.5113,60878.8,60830.1,1520.81,1.54024e+06,1.53908e+06,0.587731,0.587731,0.587731,0.587731,0.587731,0.587731
25.9566,26.0469,25.9569,38.5319,60872.6,60823.9,1521.73,1.54177e+06,1.5406e+06,0.587856,0.587856,0.587856,0.587856,0.587856,0.587856
25.9731,26.0637,25.9734,38.5526,60866.6,60817.8,1522.65,1.54329e+06,1.54213e+06,0.587981,0.587981,0.587981,0.587981,0.587981,0.587981
25.9896,26.0805,25.9899,38.5794,60861.6,60812.7,1523.58,1.54482e+06,1.54366e+06,0.588106,0.588106,0.588106,0.588106,0.588106,0.588106
26.0062,26.0973,26.0064,38.5977,60855.3,60806.4,1524.5,1.54635e+06,1.54519e+06,0.588231,0.588231,0.588231,0.588231,0.588231,0.588231
26.0227,26.1141,26.023,38.6182,60850,60801,1525.42,1.54789e+06,1.54672e+06,0.588356,0.588356,0.588356,0.588356,0.588356,0.588356
26.0392,26.1309,26.0395,38.6424,60844.5,60795.4,1526.35,1.54942e+06,1.54825e+06,0.588481,0.588481,0.588481,0.588481,0.588481,0.588481
26.0558,26.1478,26.0561,38.668,60839,60789.9,1527.27,1.55095e+06,1.54978e+06,0.588606,0.588606,0.588606,0.588606,0.588606,0.588606
26.0723,26.1646,26.0726,38.694,60831.9,60782.7,1528.19,1.55248e+06,1.55131e+06,0.588731,0.588731,0.588731,0.588731,0.588731,0.588731
26.0889,26.1815,26.0892,38.7122,60826.8,60777.5,1529.12,1.55402e+06,1.55285e+06,0.588856,0.588856,0.588856,0.588856,0.588856,0.588856
26.1055,26.1983,26.1058,38.7329,60821.9,60772.5,1530.04,1.55555e+06,1.55438e+06,0.588981,0.588981,0.588981,0.588981,0.588981,0.588981
26.122,26.2152,26.1223,38.7545,60816.5,60767.1,1530.97,1.55709e+06,1.55592e+06,0.589106,0.589106,0.589106,0.589106,0.589106,0.589106
26.1386,26.232,26.1389,38.7879,60810.2,60760.6,1531.9,1.55862e+06,1.55745e+06,0.589231,0.589231,0.589231,0.589231,0.589231,0.589231
26.1552,26.2489,26.1555,38.8101,60804.4,60754.8,1532.82,1.56016e+06,1.55899e+06,0.589356,0.589356,0.589356,0.589356,0.589356,0.589356
26.1718,26.2658,26.1721,38.8272,60799.1,60749.4,1533.75,1.5617e+06,1.56052e+06,0.589481,0.589481,0.589481,0.589481,0.589481,0.589481
26.1884,26.2827,26.1887,38.8528,60791.7,60741.9,1534.68,1.56323e+06,1.56206e+06,0.589606,0.589606,0.589606,0.589606,0.589606,0.589606
26.205,26.2996,26.2053,38.8776,60784.3,60734.4,1535.6,1.56477e+06,1.5636e+06,0.589731,0.589731,0.589731,0.589731,0.589731,0.589731
26.2216,26.3165,26.2219,38.906,60778.9,60729,1536.53,1.56631e+06,1.56514e+06,0.589856,0.589856,0.589856,0.589856,0.589856,0.589856
26.2382,26.3334,26.2386,38.9315,60773.8,60723.7,1537.46,1.56785e+06,1.56668e+06,0.589981,0.589981,0.589981,0.589981,0.589981,0.589981
26.2549,26.3503,26.2552,38.9493,60769.1,60718.9,1538.39,1.56939e+06,1.56822e+06,0.590106,0.590106,0.590106,0.590106,0.590106,0.590106
26.2715,26.3672,26.2718,38.9783,60764.3,60714.1,1539.31,1.57093e+06,1.56976e+06,0.590231,0.590231,0.590231,0.590231,0.590231,0.590231
26.2881,26.3842,26.2885,38.9967,60759.3,60709,1540.24,1.57248e+06,1.5713e+06,0.590356,0.590356,0.590356,0.590356,0.590356,0.590356
26.3048,26.4011,26.3051,39.0197,60753.9,60703.6,1541.17,1.57402e+06,1.57284e+06,0.590481,0.590481,0.590481,0.590481,0.590481,0.590481
26.3214,26.4181,26.3218,39.0424,60749.1,60698.7,1542.1,1.57556e+06,1.57438e+06,0.590606,0.590606,0.590606,0.590606,0.590606,0.590606
26.3381,26.435,26.3384,39.0705,60744.3,60693.8,1543.03,1.57711e+06,1.57593e+06,0.590731,0.590731,0.590731,0.590731,0.590731,0.590731
26.3548,26.452,26.3551,39.0983,60738.4,60687.8,1543.96,1.57865e+06,1.57747e+06,0.590856,0.590856,0.590856,0.590856,0.590856,0.590856
26.3714,26.469,26.3718,39.1223,60732.2,60681.5,1544.89,1.5802e+06,1.57901e+06,0.590981,0.590981,0.590981,0.590981,0.590981,0.590981
26.3881,26.4859,26.3884,39.1491,60727.8,60676.9,1545.83,1.58174e+06,1.58056e+06,0.591106,0.591106,0.591106,0.591106,0.591106,0.591106
26.4048,26.5029,26.4051,39.1707,60721.8,60670.8,1546.76,1.58329e+06,1.58211e+06,0.591231,0.591231,0.591231,0.591231,0.591231,0.591231
26.4215,26.5199,26.4218,39.1928,60717.1,60666.1,1547.69,1.58484e+06,1.58365e+06,0.591356,0.591356,0.591356,0.591356,0.591356,0.591356
26.4382,26.5369,26.4385,39.2121,60711.7,60660.7,1548.62,1.58639e+06,1.5852e+06,0.591481,0.591481,0.591481,0.591481,0.591481,0.591481
26.4549,26.5539,26.4552,39.2357,60706.5,60655.5,1549.55,1.58794e+06,1.58675e+06,0.591606,0.591606,0.591606,0.591606,0.591606,0.591606
26.4716,26.5709,26.4719,39.2595,60701.9,60650.8,1550.49,1.58949e+06,1.5883e+06,0.591731,0.591731,0.591731,0.591731,0.591731,0.591731
26.4883,26.588,26.4886,39.2851,60697.6,60646.4,1551.42,1.59104e+06,1.58985e+06,0.591856,0.591856,0.591856,0.591856,0.591856,0.591856
26.5051,26.605,26.5054,39.3093,60692.6,60641.3,1552.35,1.59259e+06,1.5914e+06,0.591981,0.591981,0.591981,0.591981,0.591981,0.591981
26.5218,26.622,26.5221,39.3324,60687.9,60636.5,1553.29,1.59414e+06,1.59295e+06,0.592106,0.592106,0.592106,0.592106,0.592106,0.592106
26.5385,26.6391,26.5388,39.3578,60684.2,60632.7,1554.22,1.59569e+06,1.5945e+06,0.592231,0.592231,0.592231,0.592231,0.592231,0.592231
26.5553,26.6561,26.5556,39.3892,60678.4,60626.9,1555.16,1.59724e+06,1.59605e+06,0.592356,0.592356,0.592356,0.592356,0.592356,0.592356
26.572,26.6732,26.5723,39.4091,60674,60622.5,1556.1,1.5988e+06,1.5976e+06,0.592481,0.592481,0.592481,0.592481,0.592481,0.592481
26.5888,26.6902,26.5891,39.4282,60667.9,60616.3,1557.03,1.60035e+06,1.59916e+06,0.592606,0.592606,0.592606,0.592606,0.592606,0.592606
26.6055,26.7073,26.6058,39.4588,60663.4,60611.7,1557.97,1.60191e+06,1.60071e+06,0.592731,0.592731,0.592731,0.592731,0.592731,0.592731
26.6223,26.7244,26.6226,39.4811,60657.5,60605.8,1558.9,1.60346e+06,1.60227e+06,0.592856,0.592856,0.592856,0.592856,0.592856,0.592856
26.6391,26.7415,26.6394,39.5063,60653.2,60601.3,1559.84,1.60502e+06,1.60382e+06,0.592981,0.592981,0.592981,0.592981,0.592981,0.592981
26.6558,26.7586,26.6561,39.5277,60649.1,60597.1,1560.78,1.60658e+06,1.60538e+06,0.593106,0.593106,0.593106,0.593106,0.593106,0.593106
26.6726,26.7757,26.6729,39.5532,60644.1,60592.1,1561.72,1.60814e+06,1.60694e+06,0.593231,0.593231,0.593231,0.593231,0.593231,0.593231
26.6894,26.7928,26.6897,39.5778,60638.2,60586,1562.66,1.6097e+06,1.6085e+06,0.593356,0.593356,0.593356,0.593356,0.593356,0.593356
26.7062,26.8099,26.7065,39.6066,60631.8,60579.6,1563.6,1.61126e+06,1.61005e+06,0.593481,0.593481,0.593481,0.593481,0.593481,0.593481
26.723,26.827,26.7233,39.6276,60626.5,60574.2,1564.54,1.61282e+06,1.61161e+06,0.593606,0.593606,0.593606,0.593606,0.593606,0.593606
26.7398,26.8442,26.7401,39.6553,60621.1,60568.7,1565.47,1.61438e+06,1.61317e+06,0.593731,0.593731,0.593731,0.593731,0.593731,0.593731
26.7566,26.8613,26.757,39.6737,60616.5,60564,1566.41,1.61594e+06,1.61473e+06,0.593856,0.593856,0.593856,0.593856,0.593856,0.593856
26.7735,26.8785,26.7738,39.7,60611.1,60558.5,1567.36,1.6175e+06,1.6163e+06,0.593981,0.593981,0.593981,0.593981,0.593981,0.593981
26.7903,26.8956,26.7906,39.7255,60606.1,60553.4,1568.3,1.61906e+06,1.61786e+06,0.594106,0.594106,0.594106,0.594106,0.594106,0.594106
26.8071,26.9128,26.8075,39.7429,60600.7,60547.9,1569.24,1.62063e+06,1.61942e+06,0.594231,0.594231,0.594231,0.594231,0.594231,0.594231
26.824,26.93,26.8243,39.7721,60595.6,60542.6,1570.18,1.62219e+06,1.62098e+06,0.594356,0.594356,0.594356,0.594356,0.594356,0.594356
26.8408,26.9471,26.8412,39.7936,60589.8,60536.8,1571.12,1.62376e+06,1.62255e+06,0.594481,0.594481,0.594481,0.594481,0.594481,0.594481
26.8577,26.9643,26.858,39.8139,60584.7,60531.7,1572.06,1.62532e+06,1.62411e+06,0.594606,0.594606,0.594606,0.594606,0.594606,0.594606
26.8746,26.9815,26.8749,39.8381,60579.9,60526.8,1573,1.62689e+06,1.62568e+06,0.594731,0.594731,0.594731,0.594731,0.594731,0.594731
26.8914,26.9987,26.8918,39.8546,60574.7,60521.6,1573.95,1.62845e+06,1.62724e+06,0.594856,0.594856,0.594856,0.594856,0.594856,0.594856
26.9083,27.0159,26.9086,39.8814,60568.7,60515.5,1574.89,1.63002e+06,1.62881e+06,0.594981,0.594981,0.594981,0.594981,0.594981,0.594981
26.9252,27.0331,26.9255,39.9106,60563.7,60510.4,1575.84,1.63159e+06,1.63038e+06,0.595106,0.595106,0.595106,0.595106,0.595106,0.595106
26.9421,27.0504,26.9424,39.9345,60558.8,60505.4,1576.78,1.63316e+06,1.63195e+06,0.595231,0.595231,0.595231,0.595231,0.595231,0.595231
26.959,27.0676,26.9593,39.9592,60553.7,60500.2,1577.72,1.63473e+06,1.63352e+06,0.595356,0.595356,0.595356,0.595356,0.595356,0.595356
26.9759,27.0848,26.9762,39.9893,60549.3,60495.7,1578.67,1.6363e+06,1.63509e+06,0.595481,0.595481,0.595481,0.595481,0.595481,0.595481
26.9928,27.1021,26.9931,40.0104,60544.3,60490.6,1579.61,1.63787e+06,1.63666e+06,0.595605,0.595605,0.595605,0.595605,0.595605,0.595605
27.0097,27.1193,27.0101,40.0392,60539.8,60486.1,1580.56,1.63944e+06,1.63823e+06,0.59573,0.59573,0.59573,0.59573,0.59573,0.59573
27.0266,27.1366,27.027,40.0642,60536.3,60482.5,1581.51,1.64102e+06,1.6398e+06,0.595855,0.595855,0.595855,0.595855,0.595855,0.595855
27.0436,27.1539,27.0439,40.0873,60530.6,60476.7,1582.45,1.64259e+06,1.64137e+06,0.59598,0.59598,0.59598,0.59598,0.59598,0.59598
27.0605,27.1711,27.0608,40.1098,60526,60472,1583.4,1.64416e+06,1.64294e+06,0.596105,0.596105,0.596105,0.596105,0.596105,0.596105
27.0774,27.1884,27.0778,40.1415,60520.7,60466.6,1584.35,1.64574e+06,1.64452e+06,0.59623,0.59623,0.59623,0.59623,0.59623,0.59623
27.0944,27.2057,27.0947,40.1621,60515.6,60461.4,1585.3,1.64731e+06,1.64609e+06,0.596355,0.596355,0.596355,0.596355,0.596355,0.596355
27.1113,27.223,27.1117,40.1936,60511.1,60456.7,1586.24,1.64889e+06,1.64767e+06,0.59648,0.59648,0.59648,0.59648,0.59648,0.59648
27.1283,27.2403,27.1287,40.2132,60505.4,60450.9,1587.19,1.65047e+06,1.64924e+06,0.596605,0.596605,0.596605,0.596605,0.596605,0.596605
27.1453,27.2576,27.1456,40.2445,60499.6,60445,1588.14,1.65204e+06,1.65082e+06,0.59673,0.59673,0.59673,0.59673,0.59673,0.59673
27.1623,27.2749,27.1626,40.2776,60494.4,60439.8,1589.09,1.65362e+06,1.6524e+06,0.596855,0.596855,0.596855,0.596855,0.596855,0.596855
27.1792,27.2923,27.1796,40.3119,60489.1,60434.3,1590.04,1.6552e+06,1.65397e+06,0.59698,0.59698,0.59698,0.59698,0.59698,0.59698
27.1962,27.3096,27.1966,40.3481,60484,60429,1590.99,1.65678e+06,1.65555e+06,0.597105,0.597105,0.597105,0.597105,0.597105,0.597105
27.2132,27.3269,27.2136,40.3796,60479.7,60424.7,1591.94,1.65836e+06,1.65713e+06,0.59723,0.59723,0.59723,0.59723,0.59723,0.59723
27.2302,27.3443,27.2306,40.4104,60475.2,60420.1,1592.89,1.65994e+06,1.65871e+06,0.597355,0.597355,0.597355,0.597355,0.597355,0.597355
27.2472,27.3617,27.2476,40.4324,60470.3,60415.1,1593.84,1.66152e+06,1.66029e+06,0.59748,0.59748,0.59748,0.59748,0.59748,0.59748
27.2642,27.379,27.2646,40.4593,60466.4,60411,1594.79,1.66311e+06,1.66187e+06,0.597605,0.597605,0.597605,0.597605,0.597605,0.597605
27.2812,27.3964,27.2816,40.4821,60461.6,60406.2,1595.74,1.66469e+06,1.66346e+06,0.59773,0.59773,0.59773,0.59773,0.59773,0.59773
27.2982,27.4138,27.2986,40.5111,60456,60400.5,1596.69,1.66627e+06,1.66504e+06,0.597855,0.597855,0.597855,0.597855,0.597855,0.597855
27.3153,27.4312,27.3157,40.5322,60451,60395.5,1597.65,1.66786e+06,1.66662e+06,0.59798,0.59798,0.59798,0.59798,0.59798,0.59798
27.3323,27.4485,27.3327,40.5588,60445.1,60389.5,1598.6,1.66944e+06,1.66821e+06,0.598105,0.598105,0.598105,0.598105,0.598105,0.598105
27.3494,27.466,27.3497,40.5859,60439.3,60383.5,1599.55,1.67103e+06,1.66979e+06,0.59823,0.59823,0.59823,0.59823,0.59823,0.59823
27.3664,27.4834,27.3668,40.6078,60434,60378.2,1600.51,1.67261e+06,1.67138e+06,0.598355,0.598355,0.598355,0.598355,0.598355,0.598355
27.3835,27.5008,27.3839,40.6381,60428.2,60372.3,1601.46,1.6742e+06,1.67296e+06,0.59848,0.59848,0.59848,0.59848,0.59848,0.59848
27.4005,27.5182,27.4009,40.6651,60423,60367,1602.41,1.67579e+06,1.67455e+06,0.598605,0.598605,0.598605,0.598605,0.598605,0.598605
27.4176,27.5356,27.418,40.695,60417.3,60361.2,1603.37,1.67738e+06,1.67614e+06,0.59873,0.59873,0.59873,0.59873,0.59873,0.59873
27.4347,27.5531,27.4351,40.7242,60413.1,60356.8,1604.32,1.67897e+06,1.67773e+06,0.598855,0.598855,0.598855,0.598855,0.598855,0.598855
27.4517,27.5705,27.4521,40.7494,60407.7,60351.4,1605.28,1.68056e+06,1.67932e+06,0.59898,0.59898,0.59898,0.59898,0.59898,0.59898
27.4688,27.588,27.4692,40.7829,60403,60346.6,1606.23,1.68215e+06,1.6809e+06,0.599105,0.599105,0.599105,0.599105,0.599105,0.599105
27.4859,27.6054,27.4863,40.805,60397.5,60341,1607.19,1.68374e+06,1.6825e+06,0.59923,0.59923,0.59923,0.59923,0.59923,0.59923
27.503,27.6229,27.5034,40.8218,60393,60336.5,1608.15,1.68533e+06,1.68409e+06,0.599355,0.599355,0.599355,0.599355,0.599355,0.599355
27.5201,27.6404,27.5205,40.8594,60387.7,60331,1609.1,1.68692e+06,1.68568e+06,0.59948,0.59948,0.59948,0.59948,0.59948,0.59948
27.5372,27.6579,27.5376,40.8855,60383.7,60326.9,1610.06,1.68852e+06,1.68727e+06,0.599605,0.599605,0.599605,0.599605,0.599605,0.599605
27.5543,27.6754,27.5548,40.9168,60378.6,60321.7,1611.02,1.69011e+06,1.68886e+06,0.59973,0.59973,0.59973,0.59973,0.59973,0.59973
27.5715,27.6929,27.5719,40.9408,60373.7,60316.7,1611.98,1.69171e+06,1.69046e+06,0.599855,0.599855,0.599855,0.599855,0.599855,0.599855
27.5886,27.7104,27.589,40.9652,60369.9,60312.8,1612.94,1.6933e+06,1.69205e+06,0.59998,0.59998,0.59998,0.59998,0.59998,0.59998
27.6057,27.7279,27.6061,40.9896,60366,60308.9,1613.89,1.6949e+06,1.69365e+06,0.600105,0.600105,0.600105,0.600105,0.600105,0.600105
27.6229,27.7454,27.6233,41.0118,60360.8,60303.6,1614.85,1.69649e+06,1.69524e+06,0.60023,0.60023,0.60023,0.60023,0.60023,0.60023
27.64,27.7629,27.6404,41.0373,60356.2,60298.9,1615.81,1.69809e+06,1.69684e+06,0.600355,0.600355,0.600355,0.600355,0.600355,0.600355
27.6572,27.7805,27.6576,41.0697,60350.5,60293.1,1616.77,1.69969e+06,1.69844e+06,0.60048,0.60048,0.60048,0.60048,0.60048,0.60048
27.6743,27.798,27.6748,41.0932,60345.3,60287.7,1617.73,1.70129e+06,1.70003e+06,0.600605,0.600605,0.600605,0.600605,0.600605,0.600605
27.6915,27.8155,27.6919,41.1258,60339.7,60282,1618.69,1.70289e+06,1.70163e+06,0.60073,0.60073,0.60073,0.60073,0.60073,0.60073
27.7087,27.8331,27.7091,41.1461,60335.4,60277.6,1619.66,1.70449e+06,1.70323e+06,0.600855,0.600855,0.600855,0.600855,0.600855,0.600855
27.7259,27.8507,27.7263,41.1777,60331.4,60273.5,1620.62,1.70609e+06,1.70483e+06,0.60098,0.60098,0.60098,0.60098,0.60098,0.60098
27.7431,27.8683,27.7435,41.2118,60327.6,60269.6,1621.58,1.70769e+06,1.70643e+06,0.601105,0.601105,0.601105,0.601105,0.601105,0.601105
27.7603,27.8858,27.7607,41.2482,60321.6,60263.5,1622.54,1.70929e+06,1.70803e+06,0.60123,0.60123,0.60123,0.60123,0.60123,0.60123
27.7775,27.9034,27.7779,41.2703,60317.1,60258.9,1623.5,1.7109e+06,1.70964e+06,0.601355,0.601355,0.601355,0.601355,0.601355,0.601355
27.7947,27.921,27.7951,41.3027,60312.6,60254.3,1624.47,1.7125e+06,1.71124e+06,0.60148,0.60148,0.60148,0.60148,0.60148,0.60148
27.8119,27.9386,27.8123,41.3422,60306.8,60248.3,1625.43,1.7141e+06,1.71284e+06,0.601605,0.601605,0.601605,0.601605,0.601605,0.601605
27.8291,27.9562,27.8295,41.3712,60302.7,60244.1,1626.39,1.71571e+06,1.71445e+06,0.60173,0.60173,0.60173,0.60173,0.60173,0.60173
27.8463,27.9739,27.8467,41.4023,60296.7,60238,1627.36,1.71731e+06,1.71605e+06,0.601855,0.601855,0.601855,0.601855,0.601855,0.601855
27.8635,27.9915,27.864,41.4352,60292.8,60234,1628.32,1.71892e+06,1.71766e+06,0.60198,0.60198,0.60198,0.60198,0.60198,0.60198
27.8808,28.0091,27.8812,41.46,60288.5,60229.6,1629.29,1.72053e+06,1.71926e+06,0.602105,0.602105,0.602105,0.602105,0.602105,0.602105
27.898,28.0268,27.8984,41.4851,60283.3,60224.3,1630.25,1.72214e+06,1.72087e+06,0.60223,0.60223,0.60223,0.60223,0.60223,0.60223
27.9153,28.0444,27.9157,41.5152,60278.2,60219.1,1631.22,1.72374e+06,1.72248e+06,0.602355,0.602355,0.602355,0.602355,0.602355,0.602355
27.9325,28.0621,27.9329,41.5492,60273.3,60214.1,1632.18,1.72535e+06,1.72408e+06,0.60248,0.60248,0.60248,0.60248,0.60248,0.60248
27.9498,28.0798,27.9502,41.5785,60268.2,60208.8,1633.15,1.72696e+06,1.72569e+06,0.602605,0.602605,0.602605,0.602605,0.602605,0.602605
27.967,28.0974,27.9675,41.607,60263.3,60203.8,1634.12,1.72857e+06,1.7273e+06,0.60273,0.60273,0.60273,0.60273,0.60273,0.60273
27.9843,28.1151,27.9848,41.6313,60258.1,60198.6,1635.08,1.73019e+06,1.72891e+06,0.602855,0.602855,0.602855,0.602855,0.602855,0.602855
28.0016,28.1328,28.002,41.6669,60252.7,60193,1636.05,1.7318e+06,1.73052e+06,0.60298,0.60298,0.60298,0.60298,0.60298,0.60298
28.0189,28.1505,28.0193,41.6962,60246.6,60186.8,1637.02,1.73341e+06,1.73214e+06,0.603105,0.603105,0.603105,0.603105,0.603105,0.603105
28.0362,28.1682,28.0366,41.7382,60242.3,60182.2,1637.98,1.73502e+06,1.73375e+06,0.60323,0.60323,0.60323,0.60323,0.60323,0.60323
28.0535,28.1859,28.0539,41.7626,60237.5,60177.4,1638.95,1.73664e+06,1.73536e+06,0.603355,0.603355,0.603355,0.603355,0.603355,0.603355
28.0708,28.2036,28.0712,41.7922,60232.9,60172.7,1639.92,1.73825e+06,1.73698e+06,0.60348,0.60348,0.60348,0.60348,0.60348,0.60348
28.0881,28.2213,28.0885,41.8222,60227.7,60167.4,1640.89,1.73987e+06,1.73859e+06,0.603605,0.603605,0.603605,0.603605,0.603605,0.603605
28.1054,28.2391,28.1059,41.8497,60223.1,60162.7,1641.86,1.74148e+06,1.7402e+06,0.60373,0.60373,0.60373,0.60373,0.60373,0.60373
28.1227,28.2568,28.1232,41.8815,60216.3,60155.8,1642.83,1.7431e+06,1.74182e+06,0.603855,0.603855,0.603855,0.603855,0.603855,0.603855
28.14,28.2745,28.1405,41.9038,60212.7,60152,1643.8,1.74472e+06,1.74344e+06,0.60398,0.60398,0.60398,0.60398,0.60398,0.60398
28.1574,28.2923,28.1579,41.9382,60208.9,60148.2,1644.77,1.74634e+06,1.74505e+06,0.604105,0.604105,0.604105,0.604105,0.604105,0.604105
28.1747,28.3101,28.1752,41.968,60204.6,60143.7,1645.74,1.74795e+06,1.74667e+06,0.60423,0.60423,0.60423,0.60423,0.60423,0.60423
28.1921,28.3278,28.1926,41.9948,60199.9,60138.9,1646.71,1.74957e+06,1.74829e+06,0.604355,0.604355,0.604355,0.604355,0.604355,0.604355
28.2094,28.3456,28.2099,42.0095,60194.6,60133.7,1647.68,1.75119e+06,1.74991e+06,0.60448,0.60448,0.60448,0.60448,0.60448,0.60448
28.2268,28.3634,28.2273,42.0291,60190.5,60129.6,1648.66,1.75282e+06,1.75153e+06,0.604605,0.604605,0.604605,0.604605,0.604605,0.604605
28.2442,28.3812,28.2446,42.0566,60186,60124.9,1649.63,1.75444e+06,1.75315e+06,0.60473,0.60473,0.60473,0.60473,0.60473,0.60473
28.2615,28.399,28.262,42.0844,60182.1,60121,1650.6,1.75606e+06,1.75477e+06,0.604855,0.604855,0.604855,0.604855,0.604855,0.604855
28.2789,28.4168,28.2794,42.1133,60176.7,60115.5,1651.58,1.75768e+06,1.75639e+06,0.60498,0.60498,0.60498,0.60498,0.60498,0.60498
28.2963,28.4346,28.2968,42.1459,60172.2,60110.8,1652.55,1.75931e+06,1.75802e+06,0.605105,0.605105,0.605105,0.605105,0.605105,0.605105
28.3137,28.4524,28.3142,42.1786,60168.4,60106.9,1653.53,1.76093e+06,1.75964e+06,0.60523,0.60523,0.60523,0.60523,0.60523,0.60523
28.3311,28.4702,28.3316,42.2104,60164.2,60102.5,1654.5,1.76256e+06,1.76126e+06,0.605355,0.605355,0.605355,0.605355,0.605355,0.605355
28.3485,28.4881,28.349,42.2343,60159,60097.3,1655.48,1.76418e+06,1.76289e+06,0.60548,0.60548,0.60548,0.60548,0.60548,0.60548
28.3659,28.5059,28.3664,42.259,60154.4,60092.6,1656.45,1.76581e+06,1.76451e+06,0.605605,0.605605,0.605605,0.605605,0.605605,0.605605
28.3833,28.5238,28.3838,42.2991,60150,60088,1657.43,1.76743e+06,1.76614e+06,0.60573,0.60573,0.60573,0.60573,0.60573,0.60573
28.4007,28.5416,28.4012,42.3325,60146.7,60084.6,1658.4,1.76906e+06,1.76777e+06,0.605855,0.605855,0.605855,0.605855,0.605855,0.605855
28.4182,28.5595,28.4186,42.3577,60141.9,60079.8,1659.38,1.77069e+06,1.76939e+06,0.60598,0.60598,0.60598,0.60598,0.60598,0.60598
28.4356,28.5774,28.4361,42.3911,60137.3,60075,1660.36,1.77232e+06,1.77102e+06,0.606105,0.606105,0.606105,0.606105,0.606105,0.606105
28.453,28.5953,28.4535,42.4296,60132.3,60069.9,1661.34,1.77395e+06,1.77265e+06,0.60623,0.60623,0.60623,0.60623,0.60623,0.60623
28.4705,28.6132,28.471,42.4628,60127.2,60064.7,1662.31,1.77558e+06,1.77428e+06,0.606355,0.606355,0.606355,0.606355,0.606355,0.606355
28.4879,28.6311,28.4884,42.4937,60123.2,60060.6,1663.29,1.77721e+06,1.77591e+06,0.60648,0.60648,0.60648,0.60648,0.60648,0.60648
28.5054,28.649,28.5059,42.521,60118.2,60055.5,1664.27,1.77884e+06,1.77754e+06,0.606605,0.606605,0.606605,0.606605,0.606605,0.606605
28.5228,28.6669,28.5233,42.5538,60114.2,60051.3,1665.25,1.78048e+06,1.77917e+06,0.60673,0.60673,0.60673,0.60673,0.60673,0.60673
28.5403,28.6848,28.5408,42.5751,60108.4,60045.4,1666.23,1.78211e+06,1.78081e+06,0.606855,0.606855,0.606855,0.606855,0.606855,0.606855
28.5578,28.7027,28.5583,42.5954,60104.3,60041.3,1667.21,1.78374e+06,1.78244e+06,0.60698,0.60698,0.60698,0.60698,0.60698,0.60698
28.5753,28.7207,28.5758,42.6312,60100.9,60037.8,1668.19,1.78538e+06,1.78407e+06,0.607105,0.607105,0.607105,0.607105,0.607105,0.607105
28.5928,28.7386,28.5933,42.6599,60096.4,60033.2,1669.17,1.78701e+06,1.78571e+06,0.60723,0.60723,0.60723,0.60723,0.60723,0.60723
28.6102,28.7566,28.6107,42.687,60091.9,60028.5,1670.15,1.78865e+06,1.78734e+06,0.607355,0.607355,0.607355,0.607355,0.607355,0.607355
28.6277,28.7745,28.6283,42.7099,60086.8,60023.4,1671.14,1.79029e+06,1.78898e+06,0.60748,0.60748,0.60748,0.60748,0.60748,0.60748
28.6453,28.7925,28.6458,42.7467,60081.8,60018.2,1672.12,1.79192e+06,1.79061e+06,0.607605,0.607605,0.607605,0.607605,0.607605,0.607605
28.6628,28.8105,28.6633,42.7778,60077.5,60013.9,1673.1,1.79356e+06,1.79225e+06,0.60773,0.60773,0.60773,0.60773,0.60773,0.60773
28.6803,28.8284,28.6808,42.8068,60073.7,60009.9,1674.08,1.7952e+06,1.79389e+06,0.607855,0.607855,0.607855,0.607855,0.607855,0.607855
28.6978,28.8464,28.6983,42.8362,60067.8,60003.9,1675.07,1.79684e+06,1.79553e+06,0.60798,0.60798,0.60798,0.60798,0.60798,0.60798
28.7153,28.8644,28.7159,42.8617,60062.1,59998.2,1676.05,1.79848e+06,1.79717e+06,0.608105,0.608105,0.608105,0.608105,0.608105,0.608105
28.7329,28.8824,28.7334,42.8979,60057.1,59993.1,1677.04,1.80012e+06,1.79881e+06,0.60823,0.60823,0.60823,0.60823,0.60823,0.60823
28.7504,28.9004,28.751,42.9224,60051.6,59987.5,1678.02,1.80176e+06,1.80045e+06,0.608355,0.608355,0.608355,0.608355,0.608355,0.608355
28.7679,28.9184,28.7685,42.954,60047,59982.7,1679.01,1.80341e+06,1.80209e+06,0.60848,0.60848,0.60848,0.60848,0.60848,0.60848
28.7855,28.9365,28.786,42.9977,60044.8,59980.4,1679.99,1.80505e+06,1.80373e+06,0.608605,0.608605,0.608605,0.608605,0.608605,0.608605
28.8031,28.9545,28.8036,43.03,60041.3,59976.7,1680.98,1.80669e+06,1.80537e+06,0.60873,0.60873,0.60873,0.60873,0.60873,0.60873
28.8206,28.9726,28.8212,43.0726,60037.2,59972.5,1681.96,1.80834e+06,1.80702e+06,0.608855,0.608855,0.608855,0.608855,0.608855,0.608855
28.8382,28.9906,28.8387,43.1001,60033.3,59968.4,1682.95,1.80998e+06,1.80866e+06,0.60898,0.60898,0.60898,0.60898,0.60898,0.60898
28.8558,29.0087,28.8563,43.1227,60029.3,59964.4,1683.94,1.81163e+06,1.8103e+06,0.609105,0.609105,0.609105,0.609105,0.609105,0.609105
28.8733,29.0268,28.8739,43.1612,60026.1,59961.1,1684.93,1.81327e+06,1.81195e+06,0.60923,0.60923,0.60923,0.60923,0.60923,0.60923
28.8909,29.0448,28.8915,43.1897,60021.3,59956.2,1685.91,1.81492e+06,1.8136e+06,0.609354,0.609354,0.609354,0.609354,0.609354,0.609354
28.9085,29.0629,28.9091,43.2095,60015.6,59950.4,1686.9,1.81657e+06,1.81524e+06,0.609479,0.609479,0.609479,0.609479,0.609479,0.609479
28.9261,29.081,28.9267,43.2433,60010.1,59944.8,1687.89,1.81822e+06,1.81689e+06,0.609604,0.609604,0.609604,0.609604,0.609604,0.609604
28.9437,29.0991,28.9443,43.2885,60005.3,59939.8,1688.88,1.81987e+06,1.81854e+06,0.609729,0.609729,0.609729,0.609729,0.609729,0.609729
28.9613,29.1172,28.9619,43.3234,60000.6,59935,1689.87,1.82152e+06,1.82019e+06,0.609854,0.609854,0.609854,0.609854,0.609854,0.609854
28.9789,29.1353,28.9795,43.3639,59996.5,59930.6,1690.86,1.82317e+06,1.82184e+06,0.609979,0.609979,0.609979,0.609979,0.609979,0.609979
28.9966,29.1534,28.9972,43.3864,59991.4,59925.5,1691.85,1.82482e+06,1.82349e+06,0.610104,0.610104,0.610104,0.610104,0.610104,0.610104
29.0142,29.1716,29.0148,43.4281,59986.5,59920.5,1692.84,1.82647e+06,1.82514e+06,0.610229,0.610229,0.610229,0.610229,0.610229,0.610229
29.0318,29.1897,29.0324,43.4623,59982.3,59916.1,1693.83,1.82812e+06,1.82679e+06,0.610354,0.610354,0.610354,0.610354,0.610354,0.610354
29.0495,29.2078,29.0501,43.49,59979.6,59913.3,1694.83,1.82978e+06,1.82844e+06,0.610479,0.610479,0.610479,0.610479,0.610479,0.610479
29.0671,29.226,29.0677,43.5193,59974.5,59908.1,1695.82,1.83143e+06,1.83009e+06,0.610604,0.610604,0.610604,0.610604,0.610604,0.610604
29.0848,29.2441,29.0854,43.5492,59970.5,59904.1,1696.81,1.83309e+06,1.83175e+06,0.610729,0.610729,0.610729,0.610729,0.610729,0.610729
29.1024,29.2623,29.103,43.587,59964.8,59898.1,1697.8,1.83474e+06,1.8334e+06,0.610854,0.610854,0.610854,0.610854,0.610854,0.610854
29.1201,29.2805,29.1207,43.6228,59959.5,59892.7,1698.8,1.8364e+06,1.83506e+06,0.610979,0.610979,0.610979,0.610979,0.610979,0.610979
29.1377,29.2987,29.1384,43.6547,59954.6,59887.7,1699.79,1.83805e+06,1.83671e+06,0.611104,0.611104,0.611104,0.611104,0.611104,0.611104
29.1554,29.3168,29.156,43.687,59951.2,59884.1,1700.78,1.83971e+06,1.83837e+06,0.611229,0.611229,0.611229,0.611229,0.611229,0.611229
29.1731,29.335,29.1737,43.7216,59947.1,59879.9,1701.78,1.84137e+06,1.84003e+06,0.611354,0.611354,0.611354,0.611354,0.611354,0.611354
29.1908,29.3532,29.1914,43.7634,59941.2,59873.8,1702.77,1.84303e+06,1.84168e+06,0.611479,0.611479,0.611479,0.611479,0.611479,0.611479
29.2085,29.3715,29.2091,43.8089,59937.6,59870,1703.77,1.84469e+06,1.84334e+06,0.611604,0.611604,0.611604,0.611604,0.611604,0.611604
29.2262,29.3897,29.2268,43.8355,59932.2,59864.5,1704.76,1.84635e+06,1.845e+06,0.611729,0.611729,0.611729,0.611729,0.611729,0.611729
29.2439,29.4079,29.2445,43.8685,59926.9,59859.1,1705.76,1.84801e+06,1.84666e+06,0.611854,0.611854,0.611854,0.611854,0.611854,0.611854
29.2616,29.4261,29.2622,43.8972,59923.7,59855.8,1706.75,1.84967e+06,1.84832e+06,0.611979,0.611979,0.611979,0.611979,0.611979,0.611979
29.2793,29.4444,29.2799,43.9323,59918.9,59850.9,1707.75,1.85133e+06,1.84998e+06,0.612104,0.612104,0.612104,0.612104,0.612104,0.612104
29.297,29.4626,29.2977,43.9609,59914.8,59846.7,1708.75,1.853e+06,1.85164e+06,0.612229,0.612229,0.612229,0.612229,0.612229,0.612229
29.3148,29.4809,29.3154,43.9984,59911.1,59842.8,1709.74,1.85466e+06,1.85331e+06,0.612354,0.612354,0.612354,0.612354,0.612354,0.612354
29.3325,29.4991,29.3331,44.0301,59907.2,59838.8,1710.74,1.85632e+06,1.85497e+06,0.612479,0.612479,0.612479,0.612479,0.612479,0.612479
29.3502,29.5174,29.3509,44.0545,59903.8,59835.3,1711.74,1.85799e+06,1.85663e+06,0.612604,0.612604,0.612604,0.612604,0.612604,0.612604
29.368,29.5357,29.3686,44.0869,59899.2,59830.5,1712.74,1.85965e+06,1.8583e+06,0.612729,0.612729,0.612729,0.612729,0.612729,0.612729
29.3857,29.554,29.3864,44.1233,59896.6,59827.8,1713.74,1.86132e+06,1.85996e+06,0.612854,0.612854,0.612854,0.612854,0.612854,0.612854
29.4035,29.5723,29.4041,44.1633,59892.1,59823.2,1714.74,1.86299e+06,1.86163e+06,0.612979,0.612979,0.612979,0.612979,0.612979,0.612979
29.4213,29.5906,29.4219,44.198,59888.6,59819.4,1715.74,1.86466e+06,1.8633e+06,0.613104,0.613104,0.613104,0.613104,0.613104,0.613104
29.439,29.6089,29.4397,44.2298,59882.9,59813.6,1716.74,1.86632e+06,1.86496e+06,0.613229,0.613229,0.613229,0.613229,0.613229,0.613229
29.4568,29.6272,29.4575,44.2615,59878.3,59808.9,1717.74,1.86799e+06,1.86663e+06,0.613354,0.613354,0.613354,0.613354,0.613354,0.613354
29.4746,29.6455,29.4752,44.2977,59873.8,59804.4,1718.74,1.86966e+06,1.8683e+06,0.613479,0.613479,0.613479,0.613479,0.613479,0.613479
29.4924,29.6639,29.493,44.3119,59869.5,59800,1719.74,1.87133e+06,1.86997e+06,0.613604,0.613604,0.613604,0.613604,0.613604,0.613604
29.5102,29.6822,29.5108,44.348,59865.5,59795.9,1720.74,1.873e+06,1.87164e+06,0.613729,0.613729,0.613729,0.613729,0.613729,0.613729
29.528,29.7005,29.5286,44.3813,59861,59791.3,1721.74,1.87468e+06,1.87331e+06,0.613854,0.613854,0.613854,0.613854,0.613854,0.613854
29.5458,29.7189,29.5464,44.4098,59857.3,59787.6,1722.74,1.87635e+06,1.87498e+06,0.613979,0.613979,0.613979,0.613979,0.613979,0.613979
29.5636,29.7373,29.5643,44.4339,59853.3,59783.5,1723.75,1.87802e+06,1.87665e+06,0.614104,0.614104,0.614104,0.614104,0.614104,0.614104
29.5814,29.7556,29.5821,44.4637,59847.8,59777.9,1724.75,1.8797e+06,1.87833e+06,0.614229,0.614229,0.614229,0.614229,0.614229,0.614229
29.5992,29.774,29.5999,44.4931,59843.8,59773.7,1725.76,1.88137e+06,1.88e+06,0.614354,0.614354,0.614354,0.614354,0.614354,0.614354
29.6171,29.7924,29.6177,44.5176,59840.5,59770.4,1726.76,1.88305e+06,1.88167e+06,0.614479,0.614479,0.614479,0.614479,0.614479,0.614479
29.6349,29.8108,29.6356,44.5542,59837.4,59767.1,1727.77,1.88472e+06,1.88335e+06,0.614604,0.614604,0.614604,0.614604,0.614604,0.614604
29.6527,29.8292,29.6534,44.5841,59831.8,59761.4,1728.77,1.8864e+06,1.88502e+06,0.614729,0.614729,0.614729,0.614729,0.614729,0.614729
29.6706,29.8476,29.6713,44.6175,59829.5,59758.9,1729.78,1.88808e+06,1.8867e+06,0.614854,0.614854,0.614854,0.614854,0.614854,0.614854
29.6884,29.866,29.6891,44.6469,59824.8,59754.2,1730.78,1.88975e+06,1.88838e+06,0.614979,0.614979,0.614979,0.614979,0.614979,0.614979
29.7063,29.8844,29.707,44.6699,59821.9,59751.2,1731.79,1.89143e+06,1.89006e+06,0.615104,0.615104,0.615104,0.615104,0.615104,0.615104
29.7242,29.9029,29.7248,44.6918,59818.1,59747.3,1732.8,1.89311e+06,1.89173e+06,0.615229,0.615229,0.615229,0.615229,0.615229,0.615229
29.742,29.9213,29.7427,44.723,59814.3,59743.5,1733.81,1.89479e+06,1.89341e+06,0.615354,0.615354,0.615354,0.615354,0.615354,0.615354
29.7599,29.9398,29.7606,44.7531,59811.3,59740.4,1734.82,1.89647e+06,1.89509e+06,0.615479,0.615479,0.615479,0.615479,0.615479,0.615479
29.7778,29.9582,29.7785,44.7855,59808.1,59737,1735.83,1.89816e+06,1.89677e+06,0.615604,0.615604,0.615604,0.615604,0.615604,0.615604
29.7957,29.9767,29.7964,44.8189,59804.2,59733,1736.84,1.89984e+06,1.89845e+06,0.615729,0.615729,0.615729,0.615729,0.615729,0.615729
29.8136,29.9952,29.8143,44.8515,59799.9,59728.6,1737.85,1.90152e+06,1.90014e+06,0.615854,0.615854,0.615854,0.615854,0.615854,0.615854
29.8315,30.0136,29.8321,44.8849,59797.5,59726,1738.86,1.90321e+06,1.90182e+06,0.615979,0.615979,0.615979,0.615979,0.615979,0.615979
29.8494,30.0321,29.85,44.9257,59794,59722.4,1739.87,1.90489e+06,1.9035e+06,0.616104,0.616104,0.616104,0.616104,0.616104,0.616104
29.8673,30.0506,29.868,44.9671,59790,59718.2,1740.88,1.90657e+06,1.90519e+06,0.616229,0.616229,0.616229,0.616229,0.616229,0.616229
29.8852,30.0691,29.8859,45.017,59786,59714,1741.89,1.90826e+06,1.90687e+06,0.616354,0.616354,0.616354,0.616354,0.616354,0.616354
29.9031,30.0876,29.9038,45.0419,59782,59709.9,1742.9,1.90995e+06,1.90856e+06,0.616479,0.616479,0.616479,0.616479,0.616479,0.616479
29.9211,30.1062,29.9217,45.0764,59779.2,59707,1743.91,1.91163e+06,1.91024e+06,0.616604,0.616604,0.616604,0.616604,0.616604,0.616604
29.939,30.1247,29.9397,45.1248,59775.5,59703.1,1744.93,1.91332e+06,1.91193e+06,0.616729,0.616729,0.616729,0.616729,0.616729,0.616729
29.9569,30.1432,29.9576,45.1802,59772.5,59699.8,1745.94,1.91501e+06,1.91362e+06,0.616854,0.616854,0.616854,0.616854,0.616854,0.616854
29.9749,30.1618,29.9755,45.2066,59768.4,59695.6,1746.95,1.9167e+06,1.9153e+06,0.616979,0.616979,0.616979,0.616979,0.616979,0.616979
29.9928,30.1803,29.9935,45.2347,59763.6,59690.8,1747.97,1.91839e+06,1.91699e+06,0.617104,0.617104,0.617104,0.617104,0.617104,0.617104
30.0108,30.1989,30.0114,45.2662,59760.4,59687.5,1748.98,1.92008e+06,1.91868e+06,0.617229,0.617229,0.617229,0.617229,0.617229,0.617229
30.0287,30.2174,30.0294,45.3033,59756.2,59683.1,1750,1.92177e+06,1.92037e+06,0.617354,0.617354,0.617354,0.617354,0.617354,0.617354
30.0467,30.236,30.0474,45.3149,59752.7,59679.6,1751.01,1.92346e+06,1.92206e+06,0.617479,0.617479,0.617479,0.617479,0.617479,0.617479
30.0647,30.2546,30.0653,45.3621,59750,59676.7,1752.03,1.92516e+06,1.92376e+06,0.617604,0.617604,0.617604,0.617604,0.617604,0.617604
30.0827,30.2732,30.0833,45.383,59744.9,59671.6,1753.04,1.92685e+06,1.92545e+06,0.617729,0.617729,0.617729,0.617729,0.617729,0.617729
30.1006,30.2918,30.1013,45.424,59742.8,59669.3,1754.06,1.92854e+06,1.92714e+06,0.617854,0.617854,0.617854,0.617854,0.617854,0.617854
30.1186,30.3104,30.1193,45.4583,59738.3,59664.7,1755.08,1.93024e+06,1.92883e+06,0.617979,0.617979,0.617979,0.617979,0.617979,0.617979
30.1366,30.329,30.1373,45.4846,59734.7,59661,1756.09,1.93194e+06,1.93053e+06,0.618104,0.618104,0.618104,0.618104,0.618104,0.618104
30.1546,30.3476,30.1553,45.5191,59729.9,59656.1,1757.11,1.93363e+06,1.93222e+06,0.618229,0.618229,0.618229,0.618229,0.618229,0.618229
30.1726,30.3662,30.1733,45.5489,59725.5,59651.5,1758.13,1.93533e+06,1.93392e+06,0.618354,0.618354,0.618354,0.618354,0.618354,0.618354
30.1906,30.3849,30.1913,45.6004,59722.4,59648.2,1759.15,1.93703e+06,1.93562e+06,0.618479,0.618479,0.618479,0.618479,0.618479,0.618479
30.2087,30.4035,30.2093,45.6261,59719,59644.7,1760.17,1.93872e+06,1.93731e+06,0.618604,0.618604,0.618604,0.618604,0.618604,0.618604
30.2267,30.4222,30.2274,45.6579,59715.2,59640.8,1761.19,1.94042e+06,1.93901e+06,0.618729,0.618729,0.618729,0.618729,0.618729,0.618729
30.2447,30.4408,30.2454,45.6967,59711.3,59636.7,1762.21,1.94212e+06,1.94071e+06,0.618854,0.618854,0.618854,0.618854,0.618854,0.618854
30.2628,30.4595,30.2634,45.7367,59707.3,59632.6,1763.23,1.94382e+06,1.94241e+06,0.618979,0.618979,0.618979,0.618979,0.618979,0.618979
30.2808,30.4782,30.2815,45.7828,59703.2,59628.3,1764.25,1.94552e+06,1.94411e+06,0.619104,0.619104,0.619104,0.619104,0.619104,0.619104
30.2988,30.4968,30.2995,45.8271,59699.4,59624.3,1765.27,1.94723e+06,1.94581e+06,0.619229,0.619229,0.619229,0.619229,0.619229,0.619229
30.3169,30.5155,30.3176,45.8574,59694.2,59619,1766.29,1.94893e+06,1.94751e+06,0.619354,0.619354,0.619354,0.619354,0.619354,0.619354
30.3349,30.5342,30.3356,45.8811,59691.1,59615.8,1767.32,1.95063e+06,1.94921e+06,0.619479,0.619479,0.619479,0.619479,0.619479,0.619479
30.353,30.5529,30.3537,45.9057,59689.2,59613.8,1768.34,1.95234e+06,1.95091e+06,0.619604,0.619604,0.619604,0.619604,0.619604,0.619604
30.3711,30.5716,30.3718,45.9364,59684.2,59608.7,1769.36,1.95404e+06,1.95262e+06,0.619729,0.619729,0.619729,0.619729,0.619729,0.619729
30.3892,30.5903,30.3899,45.9646,59680.5,59604.9,1770.39,1.95575e+06,1.95432e+06,0.619854,0.619854,0.619854,0.619854,0.619854,0.619854
30.4073,30.6091,30.4079,46.0047,59677,59601.2,1771.41,1.95745e+06,1.95603e+06,0.619979,0.619979,0.619979,0.619979,0.619979,0.619979
30.4253,30.6278,30.426,46.0537,59674.1,59598.1,1772.43,1.95916e+06,1.95773e+06,0.620104,0.620104,0.620104,0.620104,0.620104,0.620104
30.4434,30.6466,30.4441,46.0915,59671.2,59595.1,1773.46,1.96087e+06,1.95944e+06,0.620229,0.620229,0.620229,0.620229,0.620229,0.620229
30.4615,30.6653,30.4622,46.1312,59668,59591.8,1774.48,1.96257e+06,1.96114e+06,0.620354,0.620354,0.620354,0.620354,0.620354,0.620354
30.4796,30.6841,30.4803,46.1635,59664.8,59588.4,1775.51,1.96428e+06,1.96285e+06,0.620479,0.620479,0.620479,0.620479,0.620479,0.620479
30.4978,30.7028,30.4984,46.1921,59661.4,59585,1776.54,1.96599e+06,1.96456e+06,0.620604,0.620604,0.620604,0.620604,0.620604,0.620604
30.5159,30.7216,30.5165,46.2351,59656.8,59580.2,1777.56,1.9677e+06,1.96627e+06,0.620729,0.620729,0.620729,0.620729,0.620729,0.620729
30.534,30.7404,30.5347,46.2774,59653.4,59576.6,1778.59,1.96941e+06,1.96798e+06,0.620854,0.620854,0.620854,0.620854,0.620854,0.620854
30.5521,30.7592,30.5528,46.3165,59649.9,59572.9,1779.62,1.97112e+06,1.96969e+06,0.620979,0.620979,0.620979,0.620979,0.620979,0.620979
30.5702,30.778,30.5709,46.3637,59646.9,59569.7,1780.64,1.97284e+06,1.9714e+06,0.621104,0.621104,0.621104,0.621104,0.621104,0.621104
30.5884,30.7968,30.5891,46.4025,59643.2,59565.9,1781.67,1.97455e+06,1.97311e+06,0.621229,0.621229,0.621229,0.621229,0.621229,0.621229
30.6065,30.8156,30.6072,46.4409,59639.6,59562.2,1782.7,1.97626e+06,1.97482e+06,0.621354,0.621354,0.621354,0.621354,0.621354,0.621354
30.6247,30.8344,30.6254,46.4696,59634.9,59557.4,1783.73,1.97798e+06,1.97654e+06,0.621479,0.621479,0.621479,0.621479,0.621479,0.621479
30.6428,30.8532,30.6435,46.5094,59630.9,59553.3,1784.76,1.97969e+06,1.97825e+06,0.621604,0.621604,0.621604,0.621604,0.621604,0.621604
30.661,30.8721,30.6617,46.5439,59628.1,59550.3,1785.79,1.98141e+06,1.97996e+06,0.621729,0.621729,0.621729,0.621729,0.621729,0.621729
30.6792,30.8909,30.6798,46.5775,59625.7,59547.8,1786.82,1.98312e+06,1.98168e+06,0.621854,0.621854,0.621854,0.621854,0.621854,0.621854
30.6973,30.9098,30.698,46.6047,59621.6,59543.6,1787.85,1.98484e+06,1.9834e+06,0.621979,0.621979,0.621979,0.621979,0.621979,0.621979
30.7155,30.9286,30.7162,46.6537,59618.6,59540.4,1788.88,1.98656e+06,1.98511e+06,0.622104,0.622104,0.622104,0.622104,0.622104,0.622104
30.7337,30.9475,30.7344,46.6894,59614.5,59536.2,1789.91,1.98828e+06,1.98683e+06,0.622229,0.622229,0.622229,0.622229,0.622229,0.622229
30.7519,30.9664,30.7525,46.7274,59610,59531.5,1790.94,1.99e+06,1.98855e+06,0.622354,0.622354,0.622354,0.622354,0.622354,0.622354
30.7701,30.9852,30.7707,46.7648,59605.2,59526.5,1791.98,1.99172e+06,1.99027e+06,0.622479,0.622479,0.622479,0.622479,0.622479,0.622479
30.7882,31.0041,30.7889,46.8075,59600.8,59522,1793.01,1.99344e+06,1.99198e+06,0.622604,0.622604,0.622604,0.622604,0.622604,0.622604
30.8064,31.023,30.8071,46.8461,59597.3,59518.3,1794.04,1.99516e+06,1.9937e+06,0.622729,0.622729,0.622729,0.622729,0.622729,0.622729
30.8246,31.0419,30.8253,46.8897,59594.7,59515.5,1795.08,1.99688e+06,1.99543e+06,0.622854,0.622854,0.622854,0.622854,0.622854,0.622854
30.8429,31.0608,30.8436,46.9188,59591.2,59512,1796.11,1.9986e+06,1.99715e+06,0.622979,0.622979,0.622979,0.622979,0.622979,0.622979
30.8611,31.0798,30.8618,46.9523,59588.3,59508.9,1797.15,2.00033e+06,1.99887e+06,0.623103,0.623103,0.623103,0.623103,0.623103,0.623103
30.8793,31.0987,30.88,46.9818,59587,59507.6,1798.18,2.00205e+06,2.00059e+06,0.623228,0.623228,0.623228,0.623228,0.623228,0.623228
30.8975,31.1176,30.8982,47.0349,59582.7,59503.1,1799.22,2.00377e+06,2.00231e+06,0.623353,0.623353,0.623353,0.623353,0.623353,0.623353
30.9158,31.1366,30.9164,47.0707,59579.6,59499.8,1800.25,2.0055e+06,2.00404e+06,0.623478,0.623478,0.623478,0.623478,0.623478,0.623478
30.934,31.1555,30.9347,47.1076,59576,59496.1,1801.29,2.00723e+06,2.00576e+06,0.623603,0.623603,0.623603,0.623603,0.623603,0.623603
30.9522,31.1745,30.9529,47.1454,59573.3,59493.4,1802.33,2.00895e+06,2.00749e+06,0.623728,0.623728,0.623728,0.623728,0.623728,0.623728
30.9705,31.1935,30.9712,47.1906,59569.9,59489.8,1803.37,2.01068e+06,2.00921e+06,0.623853,0.623853,0.623853,0.623853,0.623853,0.623853
30.9887,31.2125,30.9894,47.2508,59566.5,59486.1,1804.4,2.01241e+06,2.01094e+06,0.623978,0.623978,0.623978,0.623978,0.623978,0.623978
31.007,31.2314,31.0077,47.2861,59562.8,59482.2,1805.44,2.01414e+06,2.01267e+06,0.624103,0.624103,0.624103,0.624103,0.624103,0.624103
31.0252,31.2504,31.0259,47.3315,59559.3,59478.6,1806.48,2.01587e+06,2.0144e+06,0.624228,0.624228,0.624228,0.624228,0.624228,0.624228
31.0435,31.2694,31.0442,47.3747,59555.4,59474.5,1807.52,2.0176e+06,2.01613e+06,0.624353,0.624353,0.624353,0.624353,0.624353,0.624353
31.0618,31.2884,31.0625,47.4141,59549.9,59468.8,1808.56,2.01933e+06,2.01786e+06,0.624478,0.624478,0.624478,0.624478,0.624478,0.624478
31.08,31.3074,31.0808,47.4528,59545.8,59464.6,1809.6,2.02106e+06,2.01959e+06,0.624603,0.624603,0.624603,0.624603,0.624603,0.624603
31.0983,31.3264,31.099,47.4802,59542,59460.6,1810.64,2.02279e+06,2.02132e+06,0.624728,0.624728,0.624728,0.624728,0.624728,0.624728
31.1166,31.3455,31.1173,47.5189,59538.9,59457.4,1811.68,2.02452e+06,2.02305e+06,0.624853,0.624853,0.624853,0.624853,0.624853,0.624853
31.1349,31.3645,31.1356,47.5385,59535.3,59453.8,1812.72,2.02626e+06,2.02478e+06,0.624978,0.624978,0.624978,0.624978,0.624978,0.624978
31.1532,31.3836,31.1539,47.5889,59532.6,59450.8,1813.76,2.02799e+06,2.02651e+06,0.625103,0.625103,0.625103,0.625103,0.625103,0.625103
31.1715,31.4026,31.1722,47.641,59529.9,59447.9,1814.81,2.02973e+06,2.02825e+06,0.625228,0.625228,0.625228,0.625228,0.625228,0.625228
31.1898,31.4217,31.1905,47.6746,59526.5,59444.4,1815.85,2.03146e+06,2.02998e+06,0.625353,0.625353,0.625353,0.625353,0.625353,0.625353
31.2081,31.4408,31.2088,47.7142,59521.6,59439.4,1816.89,2.0332e+06,2.03172e+06,0.625478,0.625478,0.625478,0.625478,0.625478,0.625478
31.2264,31.4598,31.2272,47.7589,59518,59435.5,1817.94,2.03494e+06,2.03345e+06,0.625603,0.625603,0.625603,0.625603,0.625603,0.625603
31.2448,31.4789,31.2455,47.7993,59513.5,59430.9,1818.98,2.03667e+06,2.03519e+06,0.625728,0.625728,0.625728,0.625728,0.625728,0.625728
31.2631,31.498,31.2638,47.8404,59509.2,59426.4,1820.02,2.03841e+06,2.03693e+06,0.625853,0.625853,0.625853,0.625853,0.625853,0.625853
31.2814,31.5171,31.2822,47.8839,59505.2,59422.2,1821.07,2.04015e+06,2.03866e+06,0.625978,0.625978,0.625978,0.625978,0.625978,0.625978
31.2998,31.5362,31.3005,47.9292,59501.1,59417.9,1822.11,2.04189e+06,2.0404e+06,0.626103,0.626103,0.626103,0.626103,0.626103,0.626103
31.3181,31.5553,31.3189,47.983,59497.3,59413.9,1823.16,2.04363e+06,2.04214e+06,0.626228,0.626228,0.626228,0.626228,0.626228,0.626228
31.3364,31.5745,31.3372,48.0293,59494,59410.5,1824.21,2.04537e+06,2.04388e+06,0.626353,0.626353,0.626353,0.626353,0.626353,0.626353
31.3548,31.5936,31.3555,48.057,59490.9,59407.3,1825.25,2.04712e+06,2.04562e+06,0.626478,0.626478,0.626478,0.626478,0.626478,0.626478
31.3732,31.6127,31.3739,48.087,59487.3,59403.6,1826.3,2.04886e+06,2.04736e+06,0.626603,0.626603,0.626603,0.626603,0.626603,0.626603
31.3915,31.6319,31.3923,48.1267,59482.9,59399,1827.35,2.0506e+06,2.04911e+06,0.626728,0.626728,0.626728,0.626728,0.626728,0.626728
31.4099,31.651,31.4106,48.1693,59480,59396,1828.4,2.05235e+06,2.05085e+06,0.626853,0.626853,0.626853,0.626853,0.626853,0.626853
31.4283,31.6702,31.429,48.1958,59477.9,59393.8,1829.44,2.05409e+06,2.05259e+06,0.626978,0.626978,0.626978,0.626978,0.626978,0.626978
31.4466,31.6894,31.4474,48.2474,59474.8,59390.5,1830.49,2.05584e+06,2.05434e+06,0.627103,0.627103,0.627103,0.627103,0.627103,0.627103
31.465,31.7085,31.4658,48.277,59470.1,59385.7,1831.54,2.05758e+06,2.05608e+06,0.627228,0.627228,0.627228,0.627228,0.627228,0.627228
31.4834,31.7277,31.4842,48.3276,59466.8,59382.2,1832.59,2.05933e+06,2.05783e+06,0.627353,0.627353,0.627353,0.627353,0.627353,0.627353
31.5018,31.7469,31.5026,48.3602,59461.5,59376.8,1833.64,2.06108e+06,2.05957e+06,0.627478,0.627478,0.627478,0.627478,0.627478,0.627478
31.5202,31.7661,31.521,48.3959,59458.2,59373.3,1834.69,2.06282e+06,2.06132e+06,0.627603,0.627603,0.627603,0.627603,0.627603,0.627603
31.5386,31.7853,31.5394,48.4465,59454.1,59369,1835.75,2.06457e+06,2.06307e+06,0.627728,0.627728,0.627728,0.627728,0.627728,0.627728
31.557,31.8045,31.5578,48.4754,59450.6,59365.4,1836.8,2.06632e+06,2.06481e+06,0.627853,0.627853,0.627853,0.627853,0.627853,0.627853
31.5754,31.8238,31.5762,48.5234,59448.2,59362.8,1837.85,2.06807e+06,2.06656e+06,0.627978,0.627978,0.627978,0.627978,0.627978,0.627978
31.5938,31.843,31.5946,48.5627,59446,59360.4,1838.9,2.06982e+06,2.06831e+06,0.628103,0.628103,0.628103,0.628103,0.628103,0.628103
31.6122,31.8623,31.613,48.6177,59441.8,59356,1839.96,2.07158e+06,2.07006e+06,0.628228,0.628228,0.628228,0.628228,0.628228,0.628228
31.6307,31.8815,31.6314,48.6617,59438.9,59352.9,1841.01,2.07333e+06,2.07181e+06,0.628353,0.628353,0.628353,0.628353,0.628353,0.628353
31.6491,31.9008,31.6499,48.692,59436.1,59350,1842.06,2.07508e+06,2.07357e+06,0.628478,0.628478,0.628478,0.628478,0.628478,0.628478
31.6675,31.92,31.6683,48.7234,59432.3,59346.2,1843.12,2.07683e+06,2.07532e+06,0.628603,0.628603,0.628603,0.628603,0.628603,0.628603
31.686,31.9393,31.6867,48.7548,59428.7,59342.5,1844.17,2.07859e+06,2.07707e+06,0.628728,0.628728,0.628728,0.628728,0.628728,0.628728
31.7044,31.9586,31.7052,48.7977,59424.9,59338.5,1845.23,2.08034e+06,2.07882e+06,0.628853,0.628853,0.628853,0.628853,0.628853,0.628853
31.7229,31.9779,31.7236,48.8453,59421.7,59335.1,1846.29,2.0821e+06,2.08058e+06,0.628978,0.628978,0.628978,0.628978,0.628978,0.628978
31.7413,31.9971,31.7421,48.8656,59418.3,59331.6,1847.34,2.08386e+06,2.08233e+06,0.629103,0.629103,0.629103,0.629103,0.629103,0.629103
31.7598,32.0164,31.7606,48.9063,59415.2,59328.4,1848.4,2.08561e+06,2.08409e+06,0.629228,0.629228,0.629228,0.629228,0.629228,0.629228
31.7783,32.0358,31.779,48.9621,59412.4,59325.4,1849.46,2.08737e+06,2.08585e+06,0.629353,0.629353,0.629353,0.629353,0.629353,0.629353
31.7967,32.0551,31.7975,49.0008,59408.2,59321,1850.52,2.08913e+06,2.0876e+06,0.629478,0.629478,0.629478,0.629478,0.629478,0.629478
31.8152,32.0744,31.816,49.0498,59404.7,59317.3,1851.57,2.09089e+06,2.08936e+06,0.629603,0.629603,0.629603,0.629603,0.629603,0.629603
31.8337,32.0937,31.8345,49.0929,59401.2,59313.6,1852.63,2.09265e+06,2.09112e+06,0.629728,0.629728,0.629728,0.629728,0.629728,0.629728
31.8522,32.1131,31.8529,49.141,59397.9,59310.1,1853.69,2.09441e+06,2.09288e+06,0.629853,0.629853,0.629853,0.629853,0.629853,0.629853
31.8706,32.1324,31.8714,49.1882,59395,59307,1854.75,2.09617e+06,2.09464e+06,0.629978,0.629978,0.629978,0.629978,0.629978,0.629978
31.8891,32.1518,31.8899,49.2166,59390.6,59302.5,1855.81,2.09793e+06,2.0964e+06,0.630103,0.630103,0.630103,0.630103,0.630103,0.630103
31.9076,32.1711,31.9084,49.2889,59387.2,59298.7,1856.87,2.0997e+06,2.09816e+06,0.630228,0.630228,0.630228,0.630228,0.630228,0.630228
31.9261,32.1905,31.9269,49.3261,59383,59294.4,1857.94,2.10146e+06,2.09992e+06,0.630353,0.630353,0.630353,0.630353,0.630353,0.630353
31.9446,32.2099,31.9454,49.3807,59379.6,59290.8,1859,2.10322e+06,2.10169e+06,0.630478,0.630478,0.630478,0.630478,0.630478,0.630478
31.9632,32.2293,31.964,49.4175,59374.7,59285.8,1860.06,2.10499e+06,2.10345e+06,0.630603,0.630603,0.630603,0.630603,0.630603,0.630603
31.9817,32.2487,31.9825,49.4661,59371,59281.9,1861.12,2.10675e+06,2.10521e+06,0.630728,0.630728,0.630728,0.630728,0.630728,0.630728
32.0002,32.2681,32.001,49.5021,59366.9,59277.7,1862.18,2.10852e+06,2.10698e+06,0.630853,0.630853,0.630853,0.630853,0.630853,0.630853
32.0187,32.2875,32.0195,49.5486,59364.1,59274.7,1863.25,2.11029e+06,2.10874e+06,0.630978,0.630978,0.630978,0.630978,0.630978,0.630978
32.0372,32.3069,32.0381,49.5993,59360.8,59271.1,1864.31,2.11205e+06,2.11051e+06,0.631103,0.631103,0.631103,0.631103,0.631103,0.631103
32.0558,32.3264,32.0566,49.6386,59356.8,59267,1865.38,2.11382e+06,2.11228e+06,0.631228,0.631228,0.631228,0.631228,0.631228,0.631228
32.0743,32.3458,32.0751,49.6763,59353.2,59263.3,1866.44,2.11559e+06,2.11404e+06,0.631353,0.631353,0.631353,0.631353,0.631353,0.631353
32.0928,32.3653,32.0937,49.7282,59350,59259.8,1867.51,2.11736e+06,2.11581e+06,0.631478,0.631478,0.631478,0.631478,0.631478,0.631478
32.1114,32.3847,32.1122,49.7702,59345.6,59255.2,1868.57,2.11913e+06,2.11758e+06,0.631603,0.631603,0.631603,0.631603,0.631603,0.631603
32.1299,32.4042,32.1308,49.8171,59341.5,59250.9,1869.64,2.1209e+06,2.11935e+06,0.631728,0.631728,0.631728,0.631728,0.631728,0.631728
32.1485,32.4236,32.1493,49.8655,59337.2,59246.4,1870.7,2.12267e+06,2.12112e+06,0.631853,0.631853,0.631853,0.631853,0.631853,0.631853
32.167,32.4431,32.1679,49.9108,59333.7,59242.7,1871.77,2.12445e+06,2.12289e+06,0.631978,0.631978,0.631978,0.631978,0.631978,0.631978
32.1856,32.4626,32.1865,49.9507,59329.8,59238.7,1872.84,2.12622e+06,2.12466e+06,0.632103,0.632103,0.632103,0.632103,0.632103,0.632103
32.2042,32.4821,32.205,49.9823,59325.7,59234.4,1873.91,2.12799e+06,2.12643e+06,0.632228,0.632228,0.632228,0.632228,0.632228,0.632228
32.2227,32.5016,32.2236,50.0202,59320.6,59229.2,1874.97,2.12977e+06,2.12821e+06,0.632353,0.632353,0.632353,0.632353,0.632353,0.632353
32.2413,32.5211,32.2422,50.0691,59317.5,59225.9,1876.04,2.13154e+06,2.12998e+06,0.632478,0.632478,0.632478,0.632478,0.632478,0.632478
32.2599,32.5406,32.2608,50.1158,59313.5,59221.8,1877.11,2.13332e+06,2.13175e+06,0.632603,0.632603,0.632603,0.632603,0.632603,0.632603
32.2785,32.5601,32.2794,50.1522,59309.9,59218,1878.18,2.13509e+06,2.13353e+06,0.632728,0.632728,0.632728,0.632728,0.632728,0.632728
32.2971,32.5796,32.298,50.1878,59306.5,59214.5,1879.25,2.13687e+06,2.1353e+06,0.632853,0.632853,0.632853,0.632853,0.632853,0.632853
32.3157,32.5992,32.3166,50.2254,59301.3,59209.1,1880.32,2.13865e+06,2.13708e+06,0.632978,0.632978,0.632978,0.632978,0.632978,0.632978
32.3343,32.6187,32.3352,50.2746,59298.8,59206.4,1881.4,2.14043e+06,2.13886e+06,0.633103,0.633103,0.633103,0.633103,0.633103,0.633103
32.3529,32.6383,32.3538,50.3298,59295.7,59203,1882.47,2.14221e+06,2.14064e+06,0.633228,0.633228,0.633228,0.633228,0.633228,0.633228
32.3715,32.6578,32.3724,50.3647,59291.9,59199.1,1883.54,2.14399e+06,2.14241e+06,0.633353,0.633353,0.633353,0.633353,0.633353,0.633353
32.3901,32.6774,32.391,50.4025,59288.8,59195.8,1884.61,2.14577e+06,2.14419e+06,0.633478,0.633478,0.633478,0.633478,0.633478,0.633478
32.4087,32.697,32.4097,50.4479,59286.8,59193.6,1885.69,2.14755e+06,2.14597e+06,0.633603,0.633603,0.633603,0.633603,0.633603,0.633603
32.4274,32.7166,32.4283,50.4935,59284.1,59190.8,1886.76,2.14933e+06,2.14775e+06,0.633728,0.633728,0.633728,0.633728,0.633728,0.633728
32.446,32.7362,32.4469,50.545,59280.4,59186.9,1887.83,2.15111e+06,2.14953e+06,0.633853,0.633853,0.633853,0.633853,0.633853,0.633853
32.4646,32.7558,32.4655,50.6025,59277.7,59183.9,1888.91,2.1529e+06,2.15132e+06,0.633978,0.633978,0.633978,0.633978,0.633978,0.633978
32.4832,32.7754,32.4842,50.6347,59273.9,59179.9,1889.98,2.15468e+06,2.1531e+06,0.634103,0.634103,0.634103,0.634103,0.634103,0.634103
32.5019,32.795,32.5028,50.6708,59270.1,59176,1891.06,2.15646e+06,2.15488e+06,0.634228,0.634228,0.634228,0.634228,0.634228,0.634228
32.5205,32.8146,32.5215,50.7024,59266.2,59172,1892.14,2.15825e+06,2.15666e+06,0.634353,0.634353,0.634353,0.634353,0.634353,0.634353
32.5392,32.8343,32.5401,50.7255,59262,59167.7,1893.21,2.16004e+06,2.15845e+06,0.634478,0.634478,0.634478,0.634478,0.634478,0.634478
32.5578,32.8539,32.5588,50.7685,59258.7,59164.4,1894.29,2.16182e+06,2.16023e+06,0.634603,0.634603,0.634603,0.634603,0.634603,0.634603
32.5765,32.8736,32.5774,50.8143,59255.2,59160.6,1895.37,2.16361e+06,2.16202e+06,0.634728,0.634728,0.634728,0.634728,0.634728,0.634728
32.5951,32.8932,32.5961,50.8566,59251,59156.3,1896.45,2.1654e+06,2.16381e+06,0.634853,0.634853,0.634853,0.634853,0.634853,0.634853
32.6138,32.9129,32.6148,50.903,59247,59152,1897.53,2.16719e+06,2.16559e+06,0.634978,0.634978,0.634978,0.634978,0.634978,0.634978
32.6325,32.9325,32.6335,50.9351,59244.9,59149.8,1898.61,2.16898e+06,2.16738e+06,0.635103,0.635103,0.635103,0.635103,0.635103,0.635103
32.6512,32.9522,32.6521,50.9814,59240.9,59145.6,1899.69,2.17077e+06,2.16917e+06,0.635228,0.635228,0.635228,0.635228,0.635228,0.635228
32.6698,32.9719,32.6708,51.0314,59236.9,59141.4,1900.77,2.17256e+06,2.17096e+06,0.635353,0.635353,0.635353,0.635353,0.635353,0.635353
32.6885,32.9916,32.6895,51.0806,59233.4,59137.7,1901.85,2.17435e+06,2.17275e+06,0.635478,0.635478,0.635478,0.635478,0.635478,0.635478
32.7072,33.0113,32.7082,51.1428,59230.1,59134.2,1902.93,2.17614e+06,2.17454e+06,0.635603,0.635603,0.635603,0.635603,0.635603,0.635603
32.7259,33.031,32.7269,51.1863,59227,59130.8,1904.01,2.17793e+06,2.17633e+06,0.635728,0.635728,0.635728,0.635728,0.635728,0.635728
32.7446,33.0508,32.7456,51.2352,59224.5,59128.1,1905.1,2.17973e+06,2.17812e+06,0.635853,0.635853,0.635853,0.635853,0.635853,0.635853
32.7633,33.0705,32.7643,51.2687,59221,59124.5,1906.18,2.18152e+06,2.17992e+06,0.635978,0.635978,0.635978,0.635978,0.635978,0.635978
32.782,33.0902,32.783,51.3081,59218,59121.3,1907.26,2.18332e+06,2.18171e+06,0.636103,0.636103,0.636103,0.636103,0.636103,0.636103
32.8007,33.11,32.8017,51.3438,59214.5,59117.7,1908.35,2.18511e+06,2.1835e+06,0.636228,0.636228,0.636228,0.636228,0.636228,0.636228
32.8194,33.1297,32.8204,51.3875,59210.9,59113.8,1909.43,2.18691e+06,2.1853e+06,0.636353,0.636353,0.636353,0.636353,0.636353,0.636353
32.8381,33.1495,32.8392,51.4353,59207.8,59110.6,1910.52,2.18871e+06,2.18709e+06,0.636478,0.636478,0.636478,0.636478,0.636478,0.636478
32.8569,33.1693,32.8579,51.4767,59204,59106.6,1911.6,2.1905e+06,2.18889e+06,0.636603,0.636603,0.636603,0.636603,0.636603,0.636603
32.8756,33.189,32.8766,51.5425,59200,59102.3,1912.69,2.1923e+06,2.19069e+06,0.636728,0.636728,0.636728,0.636728,0.636728,0.636728
32.8943,33.2088,32.8954,51.5914,59196.2,59098.3,1913.77,2.1941e+06,2.19248e+06,0.636853,0.636853,0.636853,0.636853,0.636853,0.636853
32.9131,33.2286,32.9141,51.6425,59194.1,59095.9,1914.86,2.1959e+06,2.19428e+06,0.636977,0.636977,0.636977,0.636977,0.636977,0.636977
32.9318,33.2484,32.9328,51.6972,59191.1,59092.8,1915.95,2.1977e+06,2.19608e+06,0.637102,0.637102,0.637102,0.637102,0.637102,0.637102
32.9505,33.2682,32.9516,51.7409,59187.8,59089.2,1917.04,2.1995e+06,2.19788e+06,0.637227,0.637227,0.637227,0.637227,0.637227,0.637227
32.9693,33.2881,32.9703,51.7816,59184.5,59085.8,1918.12,2.2013e+06,2.19968e+06,0.637352,0.637352,0.637352,0.637352,0.637352,0.637352
32.988,33.3079,32.9891,51.8196,59182.1,59083.3,1919.21,2.20311e+06,2.20148e+06,0.637477,0.637477,0.637477,0.637477,0.637477,0.637477
33.0068,33.3277,33.0078,51.8662,59177.8,59078.8,1920.3,2.20491e+06,2.20328e+06,0.637602,0.637602,0.637602,0.637602,0.637602,0.637602
33.0255,33.3476,33.0266,51.9106,59174.1,59074.9,1921.39,2.20671e+06,2.20509e+06,0.637727,0.637727,0.637727,0.637727,0.637727,0.637727
33.0443,33.3674,33.0454,51.9726,59170.4,59071,1922.48,2.20852e+06,2.20689e+06,0.637852,0.637852,0.637852,0.637852,0.637852,0.637852
33.0631,33.3873,33.0641,52.0361,59168.1,59068.4,1923.57,2.21032e+06,2.20869e+06,0.637977,0.637977,0.637977,0.637977,0.637977,0.637977
33.0818,33.4072,33.0829,52.0926,59165.5,59065.5,1924.67,2.21213e+06,2.2105e+06,0.638102,0.638102,0.638102,0.638102,0.638102,0.638102
33.1006,33.427,33.1017,52.1374,59162.8,59062.6,1925.76,2.21394e+06,2.2123e+06,0.638227,0.638227,0.638227,0.638227,0.638227,0.638227
33.1194,33.4469,33.1204,52.1923,59159.7,59059.2,1926.85,2.21574e+06,2.21411e+06,0.638352,0.638352,0.638352,0.638352,0.638352,0.638352
33.1382,33.4668,33.1392,52.2402,59155.3,59054.6,1927.94,2.21755e+06,2.21591e+06,0.638477,0.638477,0.638477,0.638477,0.638477,0.638477
33.1569,33.4867,33.158,52.2875,59152.2,59051.4,1929.03,2.21936e+06,2.21772e+06,0.638602,0.638602,0.638602,0.638602,0.638602,0.638602
33.1757,33.5066,33.1768,52.3278,59148.5,59047.4,1930.13,2.22117e+06,2.21953e+06,0.638727,0.638727,0.638727,0.638727,0.638727,0.638727
33.1945,33.5265,33.1956,52.3621,59144.7,59043.6,1931.22,2.22298e+06,2.22134e+06,0.638852,0.638852,0.638852,0.638852,0.638852,0.638852
33.2133,33.5464,33.2144,52.4213,59141.5,59040.1,1932.32,2.22479e+06,2.22315e+06,0.638977,0.638977,0.638977,0.638977,0.638977,0.638977
33.2321,33.5663,33.2332,52.4672,59137.3,59035.7,1933.41,2.2266e+06,2.22496e+06,0.639102,0.639102,0.639102,0.639102,0.639102,0.639102
33.2509,33.5862,33.252,52.5185,59133.4,59031.6,1934.51,2.22841e+06,2.22677e+06,0.639227,0.639227,0.639227,0.639227,0.639227,0.639227
33.2697,33.6062,33.2708,52.5754,59129.1,59027,1935.6,2.23023e+06,2.22858e+06,0.639352,0.639352,0.639352,0.639352,0.639352,0.639352
33.2885,33.6261,33.2897,52.6253,59126.1,59023.8,1936.7,2.23204e+06,2.23039e+06,0.639477,0.639477,0.639477,0.639477,0.639477,0.639477
33.3074,33.6461,33.3085,52.6944,59123.9,59021.3,1937.8,2.23386e+06,2.2322e+06,0.639602,0.639602,0.639602,0.639602,0.639602,0.639602
33.3262,33.6661,33.3273,52.7449,59120.5,59017.7,1938.89,2.23567e+06,2.23402e+06,0.639727,0.639727,0.639727,0.639727,0.639727,0.639727
33.345,33.6861,33.3461,52.7883,59117.2,59014.2,1939.99,2.23749e+06,2.23583e+06,0.639852,0.639852,0.639852,0.639852,0.639852,0.639852
33.3638,33.706,33.3649,52.8208,59113.3,59010.2,1941.09,2.2393e+06,2.23764e+06,0.639977,0.639977,0.639977,0.639977,0.639977,0.639977
33.3826,33.726,33.3838,52.8821,59111.2,59007.8,1942.19,2.24112e+06,2.23946e+06,0.640102,0.640102,0.640102,0.640102,0.640102,0.640102
33.4015,33.746,33.4026,52.9333,59108.9,59005.4,1943.29,2.24294e+06,2.24128e+06,0.640227,0.640227,0.640227,0.640227,0.640227,0.640227
33.4203,33.766,33.4214,52.9669,59104.4,59000.6,1944.39,2.24475e+06,2.24309e+06,0.640352,0.640352,0.640352,0.640352,0.640352,0.640352
33.4391,33.7861,33.4403,53.0241,59101.5,58997.5,1945.49,2.24657e+06,2.24491e+06,0.640477,0.640477,0.640477,0.640477,0.640477,0.640477
33.458,33.8061,33.4591,53.0821,59098,58993.8,1946.59,2.24839e+06,2.24673e+06,0.640602,0.640602,0.640602,0.640602,0.640602,0.640602
33.4768,33.8261,33.478,53.1594,59095.5,58990.9,1947.69,2.25021e+06,2.24855e+06,0.640727,0.640727,0.640727,0.640727,0.640727,0.640727
33.4957,33.8462,33.4968,53.2274,59093.5,58988.6,1948.79,2.25204e+06,2.25037e+06,0.640852,0.640852,0.640852,0.640852,0.640852,0.640852
33.5145,33.8662,33.5157,53.2767,59089.7,58984.5,1949.9,2.25386e+06,2.25219e+06,0.640977,0.640977,0.640977,0.640977,0.640977,0.640977
33.5334,33.8863,33.5345,53.3313,59087.5,58982.1,1951,2.25568e+06,2.25401e+06,0.641102,0.641102,0.641102,0.641102,0.641102,0.641102
33.5522,33.9064,33.5534,53.3748,59085.1,58979.5,1952.1,2.2575e+06,2.25583e+06,0.641227,0.641227,0.641227,0.641227,0.641227,0.641227
33.5711,33.9264,33.5722,53.431,59082.6,58976.8,1953.2,2.25933e+06,2.25765e+06,0.641352,0.641352,0.641352,0.641352,0.641352,0.641352
33.59,33.9465,33.5911,53.499,59079.8,58973.7,1954.31,2.26115e+06,2.25947e+06,0.641477,0.641477,0.641477,0.641477,0.641477,0.641477
33.6088,33.9666,33.61,53.5453,59076.4,58970,1955.41,2.26298e+06,2.2613e+06,0.641602,0.641602,0.641602,0.641602,0.641602,0.641602
33.6277,33.9867,33.6289,53.5884,59073.3,58966.8,1956.52,2.2648e+06,2.26312e+06,0.641727,0.641727,0.641727,0.641727,0.641727,0.641727
33.6466,34.0068,33.6477,53.6671,59071.5,58964.6,1957.62,2.26663e+06,2.26495e+06,0.641852,0.641852,0.641852,0.641852,0.641852,0.641852
33.6655,34.0269,33.6666,53.7073,59068.2,58961.2,1958.73,2.26846e+06,2.26677e+06,0.641977,0.641977,0.641977,0.641977,0.641977,0.641977
33.6844,34.0471,33.6855,53.7523,59065.7,58958.5,1959.83,2.27028e+06,2.2686e+06,0.642102,0.642102,0.642102,0.642102,0.642102,0.642102
33.7033,34.0672,33.7044,53.7982,59061.2,58953.8,1960.94,2.27211e+06,2.27043e+06,0.642227,0.642227,0.642227,0.642227,0.642227,0.642227
33.7222,34.0873,33.7233,53.8576,59058.5,58950.8,1962.05,2.27394e+06,2.27225e+06,0.642352,0.642352,0.642352,0.642352,0.642352,0.642352
33.7411,34.1075,33.7422,53.9067,59056.1,58948.3,1963.16,2.27577e+06,2.27408e+06,0.642477,0.642477,0.642477,0.642477,0.642477,0.642477
33.76,34.1276,33.7611,53.935,59052,58944,1964.26,2.2776e+06,2.27591e+06,0.642602,0.642602,0.642602,0.642602,0.642602,0.642602
33.7789,34.1478,33.78,53.9713,59047,58938.8,1965.37,2.27944e+06,2.27774e+06,0.642727,0.642727,0.642727,0.642727,0.642727,0.642727
33.7978,34.1679,33.7989,54.0263,59044.2,58935.9,1966.48,2.28127e+06,2.27957e+06,0.642852,0.642852,0.642852,0.642852,0.642852,0.642852
33.8167,34.1881,33.8178,54.082,59041.1,58932.4,1967.59,2.2831e+06,2.2814e+06,0.642977,0.642977,0.642977,0.642977,0.642977,0.642977
33.8356,34.2083,33.8368,54.1203,59037.8,58929,1968.7,2.28493e+06,2.28323e+06,0.643102,0.643102,0.643102,0.643102,0.643102,0.643102
33.8545,34.2285,33.8557,54.1938,59035.2,58926,1969.82,2.28677e+06,2.28507e+06,0.643227,0.643227,0.643227,0.643227,0.643227,0.643227
33.8734,34.2487,33.8746,54.2343,59032.2,58922.9,1970.93,2.2886e+06,2.2869e+06,0.643352,0.643352,0.643352,0.643352,0.643352,0.643352
33.8923,34.2689,33.8935,54.2921,59028.2,58918.7,1972.04,2.29044e+06,2.28873e+06,0.643477,0.643477,0.643477,0.643477,0.643477,0.643477
33.9113,34.2891,33.9125,54.3456,59025.1,58915.2,1973.15,2.29228e+06,2.29057e+06,0.643602,0.643602,0.643602,0.643602,0.643602,0.643602
33.9302,34.3093,33.9314,54.3861,59021.2,58911.2,1974.26,2.29411e+06,2.2924e+06,0.643727,0.643727,0.643727,0.643727,0.643727,0.643727
33.9492,34.3296,33.9503,54.4395,59017.8,58907.6,1975.38,2.29595e+06,2.29424e+06,0.643852,0.643852,0.643852,0.643852,0.643852,0.643852
33.9681,34.3498,33.9693,54.4783,59014.6,58904.2,1976.49,2.29779e+06,2.29608e+06,0.643977,0.643977,0.643977,0.643977,0.643977,0.643977
33.987,34.3701,33.9882,54.5363,59011.8,58901.2,1977.61,2.29963e+06,2.29791e+06,0.644102,0.644102,0.644102,0.644102,0.644102,0.644102
34.006,34.3903,34.0072,54.6096,59009,58898.1,1978.72,2.30147e+06,2.29975e+06,0.644227,0.644227,0.644227,0.644227,0.644227,0.644227
34.0249,34.4106,34.0261,54.6573,59005.9,58894.8,1979.84,2.30331e+06,2.30159e+06,0.644352,0.644352,0.644352,0.644352,0.644352,0.644352
34.0439,34.4309,34.0451,54.713,59002.5,58891.1,1980.95,2.30515e+06,2.30343e+06,0.644477,0.644477,0.644477,0.644477,0.644477,0.644477
34.0628,34.4511,34.064,54.7653,58998.2,58886.6,1982.07,2.30699e+06,2.30527e+06,0.644602,0.644602,0.644602,0.644602,0.644602,0.644602
34.0818,34.4714,34.083,54.8219,58994.7,58882.9,1983.19,2.30883e+06,2.30711e+06,0.644727,0.644727,0.644727,0.644727,0.644727,0.644727
34.1007,34.4917,34.1019,54.9051,58991.5,58879.2,1984.31,2.31068e+06,2.30895e+06,0.644852,0.644852,0.644852,0.644852,0.644852,0.644852
34.1197,34.5121,34.1209,54.971,58989.1,58876.6,1985.42,2.31252e+06,2.31079e+06,0.644977,0.644977,0.644977,0.644977,0.644977,0.644977
34.1387,34.5324,34.1399,55.0261,58986.8,58874,1986.54,2.31436e+06,2.31264e+06,0.645102,0.645102,0.645102,0.645102,0.645102,0.645102
34.1576,34.5527,34.1588,55.0558,58982.8,58869.9,1987.66,2.31621e+06,2.31448e+06,0.645227,0.645227,0.645227,0.645227,0.645227,0.645227
34.1766,34.573,34.1778,55.1094,58979.7,58866.6,1988.78,2.31806e+06,2.31632e+06,0.645352,0.645352,0.645352,0.645352,0.645352,0.645352
34.1956,34.5934,34.1968,55.1923,58977.3,58863.8,1989.9,2.3199e+06,2.31817e+06,0.645477,0.645477,0.645477,0.645477,0.645477,0.645477
34.2145,34.6137,34.2158,55.2639,58973.6,58859.7,1991.02,2.32175e+06,2.32001e+06,0.645602,0.645602,0.645602,0.645602,0.645602,0.645602
34.2335,34.6341,34.2348,55.3078,58971.3,58857.2,1992.14,2.3236e+06,2.32186e+06,0.645727,0.645727,0.645727,0.645727,0.645727,0.645727
34.2525,34.6544,34.2537,55.3638,58968.3,58854.1,1993.26,2.32545e+06,2.32371e+06,0.645852,0.645852,0.645852,0.645852,0.645852,0.645852
34.2715,34.6748,34.2727,55.435,58964.3,58849.7,1994.38,2.3273e+06,2.32555e+06,0.645977,0.645977,0.645977,0.645977,0.645977,0.645977
34.2905,34.6952,34.2917,55.4973,58962.8,58848,1995.51,2.32915e+06,2.3274e+06,0.646102,0.646102,0.646102,0.646102,0.646102,0.646102
34.3095,34.7156,34.3107,55.5381,58960.8,58845.8,1996.63,2.331e+06,2.32925e+06,0.646227,0.646227,0.646227,0.646227,0.646227,0.646227
34.3285,34.736,34.3297,55.5978,58957,58841.8,1997.75,2.33285e+06,2.3311e+06,0.646352,0.646352,0.646352,0.646352,0.646352,0.646352
34.3475,34.7564,34.3487,55.669,58954.8,58839.2,1998.88,2.3347e+06,2.33295e+06,0.646477,0.646477,0.646477,0.646477,0.646477,0.646477
34.3665,34.7768,34.3677,55.7368,58950.8,58835,2000,2.33655e+06,2.3348e+06,0.646602,0.646602,0.646602,0.646602,0.646602,0.646602
34.3854,34.7972,34.3867,55.8034,58947.7,58831.5,2001.13,2.33841e+06,2.33665e+06,0.646727,0.646727,0.646727,0.646727,0.646727,0.646727
34.4044,34.8176,34.4057,55.8442,58944.1,58827.8,2002.25,2.34026e+06,2.33851e+06,0.646852,0.646852,0.646852,0.646852,0.646852,0.646852
34.4235,34.8381,34.4247,55.9199,58941.4,58824.7,2003.38,2.34212e+06,2.34036e+06,0.646977,0.646977,0.646977,0.646977,0.646977,0.646977
34.4425,34.8585,34.4437,55.9731,58938.9,58821.9,2004.5,2.34397e+06,2.34221e+06,0.647102,0.647102,0.647102,0.647102,0.647102,0.647102
34.4615,34.879,34.4627,56.0311,58934.5,58817.4,2005.63,2.34583e+06,2.34407e+06,0.647227,0.647227,0.647227,0.647227,0.647227,0.647227
34.4805,34.8994,34.4817,56.098,58930.9,58813.4,2006.76,2.34768e+06,2.34592e+06,0.647352,0.647352,0.647352,0.647352,0.647352,0.647352
34.4995,34.9199,34.5008,56.1553,58929.3,58811.5,2007.88,2.34954e+06,2.34778e+06,0.647477,0.647477,0.647477,0.647477,0.647477,0.647477
34.5185,34.9404,34.5198,56.1842,58926.3,58808.4,2009.01,2.3514e+06,2.34963e+06,0.647602,0.647602,0.647602,0.647602,0.647602,0.647602
34.5375,34.9608,34.5388,56.243,58923.4,58805.3,2010.14,2.35326e+06,2.35149e+06,0.647727,0.647727,0.647727,0.647727,0.647727,0.647727
34.5566,34.9813,34.5579,56.3121,58918.6,58800.2,2011.27,2.35512e+06,2.35335e+06,0.647852,0.647852,0.647852,0.647852,0.647852,0.647852
34.5756,35.0018,34.5769,56.3534,58914.4,58795.8,2012.4,2.35698e+06,2.35521e+06,0.647977,0.647977,0.647977,0.647977,0.647977,0.647977
34.5946,35.0223,34.5959,56.4006,58911.5,58792.7,2013.53,2.35884e+06,2.35707e+06,0.648102,0.648102,0.648102,0.648102,0.648102,0.648102
34.6137,35.0428,34.615,56.4683,58908.9,58789.8,2014.66,2.3607e+06,2.35893e+06,0.648227,0.648227,0.648227,0.648227,0.648227,0.648227
34.6327,35.0634,34.634,56.5314,58906.6,58787.2,2015.79,2.36256e+06,2.36079e+06,0.648352,0.648352,0.648352,0.648352,0.648352,0.648352
34.6517,35.0839,34.653,56.5891,58904.8,58785.2,2016.93,2.36443e+06,2.36265e+06,0.648477,0.648477,0.648477,0.648477,0.648477,0.648477
34.6708,35.1044,34.6721,56.6577,58901.5,58781.6,2018.06,2.36629e+06,2.36451e+06,0.648602,0.648602,0.648602,0.648602,0.648602,0.648602
34.6898,35.125,34.6911,56.7075,58898.2,58778.1,2019.19,2.36816e+06,2.36637e+06,0.648727,0.648727,0.648727,0.648727,0.648727,0.648727
34.7088,35.1456,34.7101,56.7795,58896.6,58776.3,2020.33,2.37002e+06,2.36823e+06,0.648852,0.648852,0.648852,0.648852,0.648852,0.648852
34.7279,35.1661,34.7292,56.836,58893.2,58772.6,2021.46,2.37189e+06,2.3701e+06,0.648977,0.648977,0.648977,0.648977,0.648977,0.648977
34.7469,35.1867,34.7482,56.8984,58890.9,58770,2022.59,2.37375e+06,2.37196e+06,0.649102,0.649102,0.649102,0.649102,0.649102,0.649102
34.766,35.2073,34.7673,56.9575,58886.2,58765.1,2023.73,2.37562e+06,2.37383e+06,0.649227,0.649227,0.649227,0.649227,0.649227,0.649227
34.785,35.2279,34.7863,57.0275,58883.4,58761.9,2024.87,2.37749e+06,2.37569e+06,0.649352,0.649352,0.649352,0.649352,0.649352,0.649352
34.8041,35.2485,34.8054,57.0902,58879.8,58758.1,2026,2.37936e+06,2.37756e+06,0.649477,0.649477,0.649477,0.649477,0.649477,0.649477
34.8231,35.2691,34.8244,57.1371,58875.7,58753.8,2027.14,2.38123e+06,2.37943e+06,0.649602,0.649602,0.649602,0.649602,0.649602,0.649602
34.8422,35.2897,34.8435,57.1975,58873,58750.8,2028.28,2.3831e+06,2.3813e+06,0.649727,0.649727,0.649727,0.649727,0.649727,0.649727
34.8612,35.3103,34.8626,57.2546,58869.5,58747.1,2029.41,2.38497e+06,2.38317e+06,0.649852,0.649852,0.649852,0.649852,0.649852,0.649852
34.8803,35.3309,34.8816,57.2833,58866.5,58743.9,2030.55,2.38684e+06,2.38503e+06,0.649977,0.649977,0.649977,0.649977,0.649977,0.649977
34.8993,35.3516,34.9007,57.3611,58863.9,58741,2031.69,2.38871e+06,2.3869e+06,0.650102,0.650102,0.650102,0.650102,0.650102,0.650102
34.9184,35.3722,34.9197,57.3966,58860.1,58737,2032.83,2.39058e+06,2.38878e+06,0.650227,0.650227,0.650227,0.650227,0.650227,0.650227
34.9375,35.3928,34.9388,57.4551,58857.4,58734.1,2033.97,2.39246e+06,2.39065e+06,0.650352,0.650352,0.650352,0.650352,0.650352,0.650352
34.9565,35.4135,34.9578,57.5389,58855.3,58731.7,2035.11,2.39433e+06,2.39252e+06,0.650477,0.650477,0.650477,0.650477,0.650477,0.650477
34.9756,35.4342,34.9769,57.6111,58851.4,58727.4,2036.26,2.39621e+06,2.39439e+06,0.650602,0.650602,0.650602,0.650602,0.650602,0.650602
34.9946,35.4549,34.996,57.6879,58848.4,58724.1,2037.4,2.39808e+06,2.39626e+06,0.650726,0.650726,0.650726,0.650726,0.650726,0.650726
35.0137,35.4755,35.015,57.7508,58844.8,58720.2,2038.54,2.39996e+06,2.39814e+06,0.650851,0.650851,0.650851,0.650851,0.650851,0.650851
35.0328,35.4962,35.0341,57.7909,58842.5,58717.8,2039.68,2.40183e+06,2.40001e+06,0.650976,0.650976,0.650976,0.650976,0.650976,0.650976
35.0518,35.5169,35.0532,57.8314,58839.3,58714.4,2040.83,2.40371e+06,2.40189e+06,0.651101,0.651101,0.651101,0.651101,0.651101,0.651101
35.0709,35.5376,35.0723,57.8854,58837.1,58711.9,2041.97,2.40559e+06,2.40377e+06,0.651226,0.651226,0.651226,0.651226,0.651226,0.651226
35.09,35.5584,35.0913,57.9354,58834.3,58709,2043.12,2.40747e+06,2.40564e+06,0.651351,0.651351,0.651351,0.651351,0.651351,0.651351
35.1091,35.5791,35.1104,58.0212,58831,58705.3,2044.26,2.40935e+06,2.40752e+06,0.651476,0.651476,0.651476,0.651476,0.651476,0.651476
35.1281,35.5998,35.1295,58.0665,58827.3,58701.4,2045.41,2.41123e+06,2.4094e+06,0.651601,0.651601,0.651601,0.651601,0.651601,0.651601
35.1472,35.6206,35.1486,58.1415,58823.7,58697.5,2046.56,2.41311e+06,2.41128e+06,0.651726,0.651726,0.651726,0.651726,0.651726,0.651726
35.1663,35.6413,35.1676,58.2106,58821.7,58695.2,2047.7,2.41499e+06,2.41316e+06,0.651851,0.651851,0.651851,0.651851,0.651851,0.651851
35.1853,35.6621,35.1867,58.282,58818.6,58691.7,2048.85,2.41687e+06,2.41504e+06,0.651976,0.651976,0.651976,0.651976,0.651976,0.651976
35.2044,35.6828,35.2058,58.3223,58814.7,58687.7,2050,2.41876e+06,2.41692e+06,0.652101,0.652101,0.652101,0.652101,0.652101,0.652101
35.2235,35.7036,35.2249,58.372,58811.2,58684,2051.15,2.42064e+06,2.4188e+06,0.652226,0.652226,0.652226,0.652226,0.652226,0.652226
35.2426,35.7244,35.2439,58.4482,58809.3,58681.7,2052.3,2.42253e+06,2.42068e+06,0.652351,0.652351,0.652351,0.652351,0.652351,0.652351
35.2617,35.7452,35.263,58.5306,58807.7,58679.7,2053.45,2.42441e+06,2.42256e+06,0.652476,0.652476,0.652476,0.652476,0.652476,0.652476
35.2807,35.766,35.2821,58.6019,58805,58676.8,2054.6,2.4263e+06,2.42445e+06,0.652601,0.652601,0.652601,0.652601,0.652601,0.652601
35.2998,35.7868,35.3012,58.6769,58800.4,58671.8,2055.75,2.42818e+06,2.42633e+06,0.652726,0.652726,0.652726,0.652726,0.652726,0.652726
35.3189,35.8076,35.3203,58.7706,58797,58668,2056.9,2.43007e+06,2.42822e+06,0.652851,0.652851,0.652851,0.652851,0.652851,0.652851
35.338,35.8284,35.3394,58.8185,58793.3,58664.1,2058.05,2.43196e+06,2.4301e+06,0.652976,0.652976,0.652976,0.652976,0.652976,0.652976
35.3571,35.8493,35.3585,58.9211,58789.1,58659.4,2059.2,2.43385e+06,2.43199e+06,0.653101,0.653101,0.653101,0.653101,0.653101,0.653101
35.3762,35.8701,35.3776,58.9856,58785.2,58655.2,2060.36,2.43574e+06,2.43388e+06,0.653226,0.653226,0.653226,0.653226,0.653226,0.653226
35.3953,35.891,35.3967,59.0671,58781.1,58650.7,2061.51,2.43763e+06,2.43576e+06,0.653351,0.653351,0.653351,0.653351,0.653351,0.653351
35.4144,35.9118,35.4158,59.1358,58778.7,58648,2062.66,2.43952e+06,2.43765e+06,0.653476,0.653476,0.653476,0.653476,0.653476,0.653476
35.4334,35.9327,35.4349,59.2104,58775.3,58644.3,2063.82,2.44141e+06,2.43954e+06,0.653601,0.653601,0.653601,0.653601,0.653601,0.653601
35.4525,35.9536,35.4539,59.2838,58772.9,58641.5,2064.97,2.4433e+06,2.44143e+06,0.653726,0.653726,0.653726,0.653726,0.653726,0.653726
35.4716,35.9745,35.473,59.3883,58770.4,58638.6,2066.13,2.44519e+06,2.44332e+06,0.653851,0.653851,0.653851,0.653851,0.653851,0.653851
35.4907,35.9954,35.4921,59.4524,58768,58635.9,2067.28,2.44708e+06,2.44521e+06,0.653976,0.653976,0.653976,0.653976,0.653976,0.653976
35.5098,36.0163,35.5112,59.5174,58764.3,58631.8,2068.44,2.44898e+06,2.4471e+06,0.654101,0.654101,0.654101,0.654101,0.654101,0.654101
35.5289,36.0372,35.5303,59.5946,58761.4,58628.6,2069.6,2.45087e+06,2.449e+06,0.654226,0.654226,0.654226,0.654226,0.654226,0.654226
35.548,36.0581,35.5494,59.6489,58759.2,58626.2,2070.75,2.45277e+06,2.45089e+06,0.654351,0.654351,0.654351,0.654351,0.654351,0.654351
35.5671,36.079,35.5685,59.7241,58756.4,58623,2071.91,2.45466e+06,2.45278e+06,0.654476,0.654476,0.654476,0.654476,0.654476,0.654476
35.5862,36.0999,35.5876,59.784,58752.2,58618.6,2073.07,2.45656e+06,2.45468e+06,0.654601,0.654601,0.654601,0.654601,0.654601,0.654601
35.6053,36.1209,35.6067,59.8643,58750.1,58616.2,2074.23,2.45846e+06,2.45657e+06,0.654726,0.654726,0.654726,0.654726,0.654726,0.654726
35.6244,36.1418,35.6258,59.9218,58747.5,58613.3,2075.39,2.46036e+06,2.45847e+06,0.654851,0.654851,0.654851,0.654851,0.654851,0.654851
35.6435,36.1628,35.6449,59.9849,58743.9,58609.4,2076.55,2.46226e+06,2.46037e+06,0.654976,0.654976,0.654976,0.654976,0.654976,0.654976
35.6626,36.1838,35.664,60.0306,58741.8,58607.1,2077.71,2.46415e+06,2.46226e+06,0.655101,0.655101,0.655101,0.655101,0.655101,0.655101
35.6818,36.2047,35.6831,60.1012,58739.5,58604.5,2078.87,2.46606e+06,2.46416e+06,0.655226,0.655226,0.655226,0.655226,0.655226,0.655226
35.7009,36.2257,35.7023,60.1583,58735.9,58600.6,2080.03,2.46796e+06,2.46606e+06,0.655351,0.655351,0.655351,0.655351,0.655351,0.655351
35.72,36.2467,35.7214,60.2385,58733.1,58597.4,2081.19,2.46986e+06,2.46796e+06,0.655476,0.655476,0.655476,0.655476,0.655476,0.655476
35.7391,36.2677,35.7405,60.303,58730,58594.1,2082.35,2.47176e+06,2.46986e+06,0.655601,0.655601,0.655601,0.655601,0.655601,0.655601
35.7582,36.2887,35.7596,60.3948,58728.1,58591.7,2083.52,2.47366e+06,2.47176e+06,0.655726,0.655726,0.655726,0.655726,0.655726,0.655726
35.7773,36.3097,35.7787,60.4816,58726.7,58589.9,2084.68,2.47557e+06,2.47366e+06,0.655851,0.655851,0.655851,0.655851,0.655851,0.655851
35.7964,36.3308,35.7978,60.5674,58723.9,58586.8,2085.84,2.47747e+06,2.47556e+06,0.655976,0.655976,0.655976,0.655976,0.655976,0.655976
35.8155,36.3518,35.8169,60.6322,58721.1,58583.7,2087.01,2.47938e+06,2.47747e+06,0.656101,0.656101,0.656101,0.656101,0.656101,0.656101
35.8346,36.3728,35.836,60.6818,58717,58579.3,2088.17,2.48128e+06,2.47937e+06,0.656226,0.656226,0.656226,0.656226,0.656226,0.656226
35.8537,36.3939,35.8551,60.7248,58714.6,58576.8,2089.34,2.48319e+06,2.48127e+06,0.656351,0.656351,0.656351,0.656351,0.656351,0.656351
35.8729,36.4149,35.8742,60.7607,58712.1,58574.2,2090.51,2.48509e+06,2.48318e+06,0.656476,0.656476,0.656476,0.656476,0.656476,0.656476
35.892,36.436,35.8934,60.8171,58708.4,58570.2,2091.67,2.487e+06,2.48508e+06,0.656601,0.656601,0.656601,0.656601,0.656601,0.656601
35.9111,36.4571,35.9125,60.8927,58705.9,58567.4,2092.84,2.48891e+06,2.48699e+06,0.656726,0.656726,0.656726,0.656726,0.656726,0.656726
35.9302,36.4782,35.9316,60.9666,58703.3,58564.5,2094.01,2.49082e+06,2.4889e+06,0.656851,0.656851,0.656851,0.656851,0.656851,0.656851
35.9493,36.4993,35.9507,61.0385,58700.7,58561.5,2095.18,2.49273e+06,2.4908e+06,0.656976,0.656976,0.656976,0.656976,0.656976,0.656976
35.9684,36.5204,35.9698,61.1104,58699,58559.5,2096.35,2.49464e+06,2.49271e+06,0.657101,0.657101,0.657101,0.657101,0.657101,0.657101
35.9876,36.5415,35.9889,61.1664,58695.9,58556.2,2097.52,2.49655e+06,2.49462e+06,0.657226,0.657226,0.657226,0.657226,0.657226,0.657226
36.0067,36.5626,36.0081,61.229,58691.5,58551.5,2098.69,2.49846e+06,2.49653e+06,0.657351,0.657351,0.657351,0.657351,0.657351,0.657351
36.0258,36.5837,36.0272,61.298,58688.8,58548.4,2099.86,2.50037e+06,2.49844e+06,0.657476,0.657476,0.657476,0.657476,0.657476,0.657476
36.0449,36.6048,36.0463,61.3735,58686.6,58545.9,2101.03,2.50229e+06,2.50035e+06,0.657601,0.657601,0.657601,0.657601,0.657601,0.657601
36.064,36.6259,36.0654,61.441,58683.1,58542.1,2102.2,2.5042e+06,2.50226e+06,0.657726,0.657726,0.657726,0.657726,0.657726,0.657726
36.0832,36.6471,36.0846,61.5029,58680.6,58539.4,2103.38,2.50612e+06,2.50418e+06,0.657851,0.657851,0.657851,0.657851,0.657851,0.657851
36.1023,36.6683,36.1037,61.5744,58677.6,58536,2104.55,2.50803e+06,2.50609e+06,0.657976,0.657976,0.657976,0.657976,0.657976,0.657976
36.1214,36.6894,36.1228,61.6423,58674.1,58532.3,2105.72,2.50995e+06,2.508e+06,0.658101,0.658101,0.658101,0.658101,0.658101,0.658101
36.1405,36.7106,36.1419,61.7231,58671.5,58529.3,2106.9,2.51186e+06,2.50992e+06,0.658226,0.658226,0.658226,0.658226,0.658226,0.658226
36.1597,36.7318,36.161,61.7978,58668.7,58526.1,2108.07,2.51378e+06,2.51183e+06,0.658351,0.658351,0.658351,0.658351,0.658351,0.658351
36.1788,36.7529,36.1802,61.8496,58665.4,58522.6,2109.25,2.5157e+06,2.51375e+06,0.658476,0.658476,0.658476,0.658476,0.658476,0.658476
36.1979,36.7741,36.1993,61.931,58662,58518.8,2110.43,2.51762e+06,2.51566e+06,0.658601,0.658601,0.658601,0.658601,0.658601,0.658601
36.217,36.7953,36.2184,62.0063,58658.5,58515,2111.6,2.51954e+06,2.51758e+06,0.658726,0.658726,0.658726,0.658726,0.658726,0.658726
36.2362,36.8165,36.2376,62.0485,58655,58511.3,2112.78,2.52146e+06,2.5195e+06,0.658851,0.658851,0.658851,0.658851,0.658851,0.658851
36.2553,36.8377,36.2567,62.1075,58652.3,58508.4,2113.96,2.52338e+06,2.52142e+06,0.658976,0.658976,0.658976,0.658976,0.658976,0.658976
36.2744,36.859,36.2758,62.1799,58649,58504.7,2115.14,2.5253e+06,2.52334e+06,0.659101,0.659101,0.659101,0.659101,0.659101,0.659101
36.2935,36.8802,36.295,62.2481,58645.8,58501.2,2116.32,2.52722e+06,2.52525e+06,0.659226,0.659226,0.659226,0.659226,0.659226,0.659226
36.3127,36.9015,36.3141,62.3199,58641.5,58496.6,2117.5,2.52914e+06,2.52718e+06,0.659351,0.659351,0.659351,0.659351,0.659351,0.659351
36.3318,36.9227,36.3332,62.3996,58638.5,58493.2,2118.68,2.53107e+06,2.5291e+06,0.659476,0.659476,0.659476,0.659476,0.659476,0.659476
36.3509,36.944,36.3523,62.4822,58635.5,58489.9,2119.86,2.53299e+06,2.53102e+06,0.659601,0.659601,0.659601,0.659601,0.659601,0.659601
36.37,36.9652,36.3715,62.5344,58633.4,58487.5,2121.04,2.53492e+06,2.53294e+06,0.659726,0.659726,0.659726,0.659726,0.659726,0.659726
36.3892,36.9865,36.3906,62.6093,58628.8,58482.6,2122.22,2.53684e+06,2.53486e+06,0.659851,0.659851,0.659851,0.659851,0.659851,0.659851
36.4083,37.0078,36.4097,62.681,58626.2,58479.6,2123.41,2.53877e+06,2.53679e+06,0.659976,0.659976,0.659976,0.659976,0.659976,0.659976
36.4274,37.0291,36.4288,62.7702,58623.6,58476.6,2124.59,2.54069e+06,2.53871e+06,0.660101,0.660101,0.660101,0.660101,0.660101,0.660101
36.4465,37.0504,36.448,62.8056,58620.1,58473,2125.77,2.54262e+06,2.54064e+06,0.660226,0.660226,0.660226,0.660226,0.660226,0.660226
36.4656,37.0717,36.4671,62.8924,58617,58469.4,2126.96,2.54455e+06,2.54256e+06,0.660351,0.660351,0.660351,0.660351,0.660351,0.660351
36.4848,37.093,36.4862,62.9644,58613.9,58466.1,2128.14,2.54648e+06,2.54449e+06,0.660476,0.660476,0.660476,0.660476,0.660476,0.660476
36.5039,37.1143,36.5054,63.0458,58610.6,58462.4,2129.33,2.54841e+06,2.54642e+06,0.660601,0.660601,0.660601,0.660601,0.660601,0.660601
36.523,37.1357,36.5245,63.1176,58606.7,58458.2,2130.52,2.55034e+06,2.54834e+06,0.660726,0.660726,0.660726,0.660726,0.660726,0.660726
36.5421,37.157,36.5436,63.1687,58603.8,58455.1,2131.7,2.55227e+06,2.55027e+06,0.660851,0.660851,0.660851,0.660851,0.660851,0.660851
36.5612,37.1784,36.5627,63.2524,58601.3,58452.2,2132.89,2.5542e+06,2.5522e+06,0.660976,0.660976,0.660976,0.660976,0.660976,0.660976
36.5803,37.1997,36.5818,63.3229,58597.7,58448.3,2134.08,2.55613e+06,2.55413e+06,0.661101,0.661101,0.661101,0.661101,0.661101,0.661101
36.5995,37.2211,36.6009,63.3946,58594.9,58445.1,2135.27,2.55807e+06,2.55606e+06,0.661226,0.661226,0.661226,0.661226,0.661226,0.661226
36.6186,37.2425,36.6201,63.4646,58592.2,58442.1,2136.46,2.56e+06,2.55799e+06,0.661351,0.661351,0.661351,0.661351,0.661351,0.661351
36.6377,37.2638,36.6392,63.5261,58590.5,58440.1,2137.65,2.56193e+06,2.55992e+06,0.661476,0.661476,0.661476,0.661476,0.661476,0.661476
36.6568,37.2852,36.6583,63.6132,58587.6,58436.8,2138.84,2.56387e+06,2.56186e+06,0.661601,0.661601,0.661601,0.661601,0.661601,0.661601
36.6759,37.3067,36.6774,63.7034,58584.9,58433.8,2140.03,2.5658e+06,2.56379e+06,0.661726,0.661726,0.661726,0.661726,0.661726,0.661726
36.695,37.3281,36.6965,63.7653,58581.9,58430.5,2141.22,2.56774e+06,2.56572e+06,0.661851,0.661851,0.661851,0.661851,0.661851,0.661851
36.7141,37.3495,36.7156,63.8717,58578.3,58426.4,2142.42,2.56968e+06,2.56766e+06,0.661976,0.661976,0.661976,0.661976,0.661976,0.661976
36.7332,37.3709,36.7347,63.9534,58574.9,58422.6,2143.61,2.57162e+06,2.56959e+06,0.662101,0.662101,0.662101,0.662101,0.662101,0.662101
36.7523,37.3923,36.7538,64.0296,58571.3,58418.6,2144.8,2.57355e+06,2.57153e+06,0.662226,0.662226,0.662226,0.662226,0.662226,0.662226
36.7715,37.4138,36.773,64.107,58569.2,58416.2,2146,2.57549e+06,2.57347e+06,0.662351,0.662351,0.662351,0.662351,0.662351,0.662351
36.7906,37.4352,36.7921,64.1968,58566.3,58412.8,2147.19,2.57743e+06,2.5754e+06,0.662476,0.662476,0.662476,0.662476,0.662476,0.662476
36.8097,37.4567,36.8112,64.2822,58563.9,58410.1,2148.39,2.57937e+06,2.57734e+06,0.662601,0.662601,0.662601,0.662601,0.662601,0.662601
36.8288,37.4782,36.8303,64.359,58559.8,58405.6,2149.58,2.58131e+06,2.57928e+06,0.662726,0.662726,0.662726,0.662726,0.662726,0.662726
36.8479,37.4997,36.8494,64.4572,58557.4,58402.7,2150.78,2.58326e+06,2.58122e+06,0.662851,0.662851,0.662851,0.662851,0.662851,0.662851
36.867,37.5212,36.8685,64.5387,58554.8,58399.8,2151.98,2.5852e+06,2.58316e+06,0.662976,0.662976,0.662976,0.662976,0.662976,0.662976
36.8861,37.5426,36.8876,64.5982,58551.2,58395.9,2153.17,2.58714e+06,2.5851e+06,0.663101,0.663101,0.663101,0.663101,0.663101,0.663101
36.9052,37.5641,36.9067,64.6719,58548.3,58392.7,2154.37,2.58909e+06,2.58704e+06,0.663226,0.663226,0.663226,0.663226,0.663226,0.663226
36.9243,37.5856,36.9258,64.758,58544.3,58388.3,2155.57,2.59103e+06,2.58898e+06,0.663351,0.663351,0.663351,0.663351,0.663351,0.663351
36.9434,37.6072,36.9449,64.836,58541.8,58385.4,2156.77,2.59298e+06,2.59092e+06,0.663476,0.663476,0.663476,0.663476,0.663476,0.663476
36.9625,37.6287,36.964,64.8719,58538.1,58381.5,2157.97,2.59492e+06,2.59287e+06,0.663601,0.663601,0.663601,0.663601,0.663601,0.663601
36.9816,37.6502,36.9831,64.9629,58535.5,58378.6,2159.17,2.59687e+06,2.59481e+06,0.663726,0.663726,0.663726,0.663726,0.663726,0.663726
37.0007,37.6718,37.0022,65.0589,58531.6,58374.2,2160.37,2.59881e+06,2.59676e+06,0.663851,0.663851,0.663851,0.663851,0.663851,0.663851
37.0198,37.6933,37.0213,65.1144,58528.8,58371.2,2161.57,2.60076e+06,2.5987e+06,0.663976,0.663976,0.663976,0.663976,0.663976,0.663976
37.0389,37.7148,37.0404,65.189,58524.5,58366.5,2162.78,2.60271e+06,2.60065e+06,0.664101,0.664101,0.664101,0.664101,0.664101,0.664101
37.058,37.7364,37.0595,65.2859,58521.1,58362.7,2163.98,2.60466e+06,2.60259e+06,0.664226,0.664226,0.664226,0.664226,0.664226,0.664226
37.077,37.758,37.0786,65.3759,58518.9,58360,2165.18,2.60661e+06,2.60454e+06,0.664351,0.664351,0.664351,0.664351,0.664351,0.664351
37.0961,37.7796,37.0977,65.4627,58514.5,58355.3,2166.39,2.60856e+06,2.60649e+06,0.664476,0.664476,0.664476,0.664476,0.664476,0.664476
37.1152,37.8012,37.1168,65.5532,58511.2,58351.5,2167.59,2.61051e+06,2.60844e+06,0.6646,0.6646,0.6646,0.6646,0.6646,0.6646
37.1343,37.8227,37.1359,65.6114,58507.9,58348,2168.8,2.61246e+06,2.61039e+06,0.664725,0.664725,0.664725,0.664725,0.664725,0.664725
37.1534,37.8443,37.155,65.6916,58503.2,58342.9,2170.01,2.61442e+06,2.61234e+06,0.66485,0.66485,0.66485,0.66485,0.66485,0.66485
37.1725,37.8659,37.174,65.7563,58500.1,58339.5,2171.21,2.61637e+06,2.61429e+06,0.664975,0.664975,0.664975,0.664975,0.664975,0.664975
37.1915,37.8876,37.1931,65.8459,58496.6,58335.6,2172.42,2.61832e+06,2.61624e+06,0.6651,0.6651,0.6651,0.6651,0.6651,0.6651
37.2106,37.9092,37.2122,65.9233,58494.1,58332.8,2173.63,2.62028e+06,2.61819e+06,0.665225,0.665225,0.665225,0.665225,0.665225,0.665225
37.2297,37.9308,37.2313,65.9942,58488.5,58326.8,2174.84,2.62223e+06,2.62014e+06,0.66535,0.66535,0.66535,0.66535,0.66535,0.66535
37.2487,37.9525,37.2503,66.0964,58486.7,58324.6,2176.05,2.62419e+06,2.6221e+06,0.665475,0.665475,0.665475,0.665475,0.665475,0.665475
37.2678,37.9742,37.2694,66.2038,58483.4,58320.8,2177.26,2.62615e+06,2.62405e+06,0.6656,0.6656,0.6656,0.6656,0.6656,0.6656
37.2868,37.9958,37.2884,66.2913,58480.3,58317.3,2178.47,2.6281e+06,2.62601e+06,0.665725,0.665725,0.665725,0.665725,0.665725,0.665725
37.3059,38.0175,37.3075,66.3892,58476.8,58313.3,2179.68,2.63006e+06,2.62796e+06,0.66585,0.66585,0.66585,0.66585,0.66585,0.66585
37.3249,38.0392,37.3265,66.495,58473.1,58309.1,2180.89,2.63202e+06,2.62992e+06,0.665975,0.665975,0.665975,0.665975,0.665975,0.665975
37.344,38.0609,37.3456,66.5358,58468.8,58304.6,2182.1,2.63398e+06,2.63187e+06,0.6661,0.6661,0.6661,0.6661,0.6661,0.6661
37.363,38.0826,37.3647,66.5951,58466.4,58301.9,2183.32,2.63594e+06,2.63383e+06,0.666225,0.666225,0.666225,0.666225,0.666225,0.666225
37.3821,38.1043,37.3837,66.6947,58462.9,58297.9,2184.53,2.6379e+06,2.63579e+06,0.66635,0.66635,0.66635,0.66635,0.66635,0.66635
37.4011,38.126,37.4027,66.7944,58459.6,58294.2,2185.74,2.63986e+06,2.63775e+06,0.666475,0.666475,0.666475,0.666475,0.666475,0.666475
37.4202,38.1477,37.4218,66.8815,58457.1,58291.4,2186.96,2.64182e+06,2.63971e+06,0.6666,0.6666,0.6666,0.6666,0.6666,0.6666
37.4392,38.1695,37.4408,66.9948,58454.5,58288.2,2188.17,2.64379e+06,2.64167e+06,0.666725,0.666725,0.666725,0.666725,0.666725,0.666725
37.4582,38.1912,37.4598,67.1138,58451.7,58284.9,2189.39,2.64575e+06,2.64363e+06,0.66685,0.66685,0.66685,0.66685,0.66685,0.66685
37.4773,38.213,37.4788,67.2154,58447.6,58280.2,2190.61,2.64771e+06,2.64559e+06,0.666975,0.666975,0.666975,0.666975,0.666975,0.666975
37.4963,38.2347,37.4979,67.2851,58445.8,58278.1,2191.82,2.64968e+06,2.64755e+06,0.6671,0.6671,0.6671,0.6671,0.6671,0.6671
37.5153,38.2565,37.5169,67.3831,58443,58274.9,2193.04,2.65164e+06,2.64951e+06,0.667225,0.667225,0.667225,0.667225,0.667225,0.667225
37.5343,38.2783,37.5359,67.491,58440.3,58271.7,2194.26,2.65361e+06,2.65148e+06,0.66735,0.66735,0.66735,0.66735,0.66735,0.66735
37.5534,38.3001,37.5549,67.5772,58436.1,58267.1,2195.48,2.65558e+06,2.65344e+06,0.667475,0.667475,0.667475,0.667475,0.667475,0.667475
37.5724,38.3218,37.574,67.6806,58432.5,58262.9,2196.7,2.65754e+06,2.65541e+06,0.6676,0.6676,0.6676,0.6676,0.6676,0.6676
37.5914,38.3437,37.593,67.7665,58430.8,58260.9,2197.92,2.65951e+06,2.65737e+06,0.667725,0.667725,0.667725,0.667725,0.667725,0.667725
37.6104,38.3655,37.612,67.8183,58428.5,58258.4,2199.14,2.66148e+06,2.65934e+06,0.66785,0.66785,0.66785,0.66785,0.66785,0.66785
37.6294,38.3873,37.631,67.9124,58424.7,58254.1,2200.36,2.66345e+06,2.6613e+06,0.667975,0.667975,0.667975,0.667975,0.667975,0.667975
37.6484,38.4091,37.65,67.9924,58419.6,58248.6,2201.58,2.66542e+06,2.66327e+06,0.6681,0.6681,0.6681,0.6681,0.6681,0.6681
37.6674,38.4309,37.669,68.0579,58416.3,58245,2202.8,2.66739e+06,2.66524e+06,0.668225,0.668225,0.668225,0.668225,0.668225,0.668225
37.6864,38.4528,37.688,68.1657,58413.3,58241.5,2204.02,2.66936e+06,2.66721e+06,0.66835,0.66835,0.66835,0.66835,0.66835,0.66835
37.7054,38.4746,37.707,68.2438,58410.1,58237.9,2205.25,2.67134e+06,2.66918e+06,0.668475,0.668475,0.668475,0.668475,0.668475,0.668475
37.7244,38.4965,37.7261,68.3285,58406.4,58233.8,2206.47,2.67331e+06,2.67115e+06,0.6686,0.6686,0.6686,0.6686,0.6686,0.6686
37.7434,38.5183,37.7451,68.4266,58403,58229.9,2207.7,2.67528e+06,2.67312e+06,0.668725,0.668725,0.668725,0.668725,0.668725,0.668725
37.7624,38.5402,37.764,68.5179,58399.8,58226.2,2208.92,2.67726e+06,2.67509e+06,0.66885,0.66885,0.66885,0.66885,0.66885,0.66885
37.7814,38.5621,37.7831,68.6222,58394.7,58220.7,2210.15,2.67923e+06,2.67706e+06,0.668975,0.668975,0.668975,0.668975,0.668975,0.668975
37.8004,38.584,37.802,68.7158,58391.1,58216.7,2211.38,2.68121e+06,2.67903e+06,0.6691,0.6691,0.6691,0.6691,0.6691,0.6691
37.8194,38.6059,37.821,68.8177,58386.9,58212,2212.6,2.68318e+06,2.68101e+06,0.669225,0.669225,0.669225,0.669225,0.669225,0.669225
37.8384,38.6278,37.84,68.9008,58383.7,58208.3,2213.83,2.68516e+06,2.68298e+06,0.66935,0.66935,0.66935,0.66935,0.66935,0.66935
37.8573,38.6497,37.859,68.9831,58380.1,58204.4,2215.06,2.68714e+06,2.68496e+06,0.669475,0.669475,0.669475,0.669475,0.669475,0.669475
37.8763,38.6716,37.878,69.0799,58378,58201.8,2216.29,2.68912e+06,2.68693e+06,0.6696,0.6696,0.6696,0.6696,0.6696,0.6696
37.8953,38.6936,37.8969,69.1791,58373.8,58197.2,2217.52,2.69109e+06,2.68891e+06,0.669725,0.669725,0.669725,0.669725,0.669725,0.669725
37.9142,38.7155,37.9159,69.2735,58370.3,58193.3,2218.75,2.69307e+06,2.69088e+06,0.66985,0.66985,0.66985,0.66985,0.66985,0.66985
37.9332,38.7375,37.9348,69.3885,58366.3,58188.7,2219.98,2.69505e+06,2.69286e+06,0.669975,0.669975,0.669975,0.669975,0.669975,0.669975
37.9521,38.7594,37.9538,69.4628,58361.9,58184,2221.21,2.69703e+06,2.69484e+06,0.6701,0.6701,0.6701,0.6701,0.6701,0.6701
37.9711,38.7814,37.9727,69.5599,58359.1,58180.8,2222.44,2.69902e+06,2.69682e+06,0.670225,0.670225,0.670225,0.670225,0.670225,0.670225
37.99,38.8033,37.9917,69.6564,58355.4,58176.6,2223.68,2.701e+06,2.6988e+06,0.67035,0.67035,0.67035,0.67035,0.67035,0.67035
38.009,38.8253,38.0106,69.7461,58352.9,58173.7,2224.91,2.70298e+06,2.70078e+06,0.670475,0.670475,0.670475,0.670475,0.670475,0.670475
38.0279,38.8473,38.0295,69.8393,58350.3,58170.7,2226.15,2.70496e+06,2.70276e+06,0.6706,0.6706,0.6706,0.6706,0.6706,0.6706
38.0468,38.8693,38.0485,69.9169,58346.2,58166.3,2227.38,2.70695e+06,2.70474e+06,0.670725,0.670725,0.670725,0.670725,0.670725,0.670725
38.0657,38.8914,38.0674,70.0428,58342.5,58162,2228.62,2.70893e+06,2.70672e+06,0.67085,0.67085,0.67085,0.67085,0.67085,0.67085
38.0846,38.9134,38.0863,70.153,58340.1,58159,2229.85,2.71092e+06,2.7087e+06,0.670975,0.670975,0.670975,0.670975,0.670975,0.670975
38.1035,38.9354,38.1052,70.2409,58336.3,58154.8,2231.09,2.7129e+06,2.71068e+06,0.6711,0.6711,0.6711,0.6711,0.6711,0.6711
38.1225,38.9574,38.1241,70.3101,58333.8,58152,2232.33,2.71489e+06,2.71267e+06,0.671225,0.671225,0.671225,0.671225,0.671225,0.671225
38.1414,38.9795,38.143,70.394,58331.9,58149.7,2233.57,2.71688e+06,2.71465e+06,0.67135,0.67135,0.67135,0.67135,0.67135,0.67135
38.1603,39.0015,38.1619,70.4753,58328.5,58146,2234.8,2.71887e+06,2.71664e+06,0.671475,0.671475,0.671475,0.671475,0.671475,0.671475
38.1791,39.0236,38.1808,70.5474,58324.7,58141.8,2236.04,2.72086e+06,2.71862e+06,0.6716,0.6716,0.6716,0.6716,0.6716,0.6716
38.198,39.0456,38.1997,70.6158,58321.4,58138.2,2237.29,2.72285e+06,2.72061e+06,0.671725,0.671725,0.671725,0.671725,0.671725,0.671725
38.2169,39.0677,38.2186,70.7224,58318.6,58135,2238.53,2.72484e+06,2.7226e+06,0.67185,0.67185,0.67185,0.67185,0.67185,0.67185
38.2358,39.0898,38.2375,70.8165,58314.5,58130.4,2239.77,2.72683e+06,2.72459e+06,0.671975,0.671975,0.671975,0.671975,0.671975,0.671975
38.2547,39.1119,38.2563,70.9494,58310.6,58125.9,2241.01,2.72882e+06,2.72657e+06,0.6721,0.6721,0.6721,0.6721,0.6721,0.6721
38.2735,39.134,38.2752,71.0304,58307,58121.9,2242.25,2.73081e+06,2.72856e+06,0.672225,0.672225,0.672225,0.672225,0.672225,0.672225
38.2924,39.1561,38.294,71.1233,58305,58119.5,2243.5,2.7328e+06,2.73055e+06,0.67235,0.67235,0.67235,0.67235,0.67235,0.67235
38.3112,39.1782,38.3129,71.2086,58301.4,58115.4,2244.74,2.7348e+06,2.73254e+06,0.672475,0.672475,0.672475,0.672475,0.672475,0.672475
38.3301,39.2004,38.3318,71.301,58297.2,58110.8,2245.99,2.73679e+06,2.73453e+06,0.6726,0.6726,0.6726,0.6726,0.6726,0.6726
38.3489,39.2225,38.3506,71.3712,58294.1,58107.4,2247.23,2.73879e+06,2.73653e+06,0.672725,0.672725,0.672725,0.672725,0.672725,0.672725
38.3678,39.2446,38.3695,71.4616,58289.4,58102.3,2248.48,2.74078e+06,2.73852e+06,0.67285,0.67285,0.67285,0.67285,0.67285,0.67285
38.3866,39.2668,38.3883,71.5789,58286.8,58099.2,2249.73,2.74278e+06,2.74051e+06,0.672975,0.672975,0.672975,0.672975,0.672975,0.672975
38.4054,39.289,38.4071,71.6796,58284.1,58096,2250.98,2.74478e+06,2.74251e+06,0.6731,0.6731,0.6731,0.6731,0.6731,0.6731
38.4242,39.3111,38.4259,71.7967,58280.2,58091.5,2252.23,2.74677e+06,2.7445e+06,0.673225,0.673225,0.673225,0.673225,0.673225,0.673225
38.4431,39.3333,38.4447,71.8544,58276.7,58087.7,2253.48,2.74877e+06,2.7465e+06,0.67335,0.67335,0.67335,0.67335,0.67335,0.67335
38.4619,39.3555,38.4636,71.9601,58272.7,58083.3,2254.73,2.75077e+06,2.74849e+06,0.673475,0.673475,0.673475,0.673475,0.673475,0.673475
38.4807,39.3777,38.4824,72.084,58268.9,58078.8,2255.98,2.75277e+06,2.75049e+06,0.6736,0.6736,0.6736,0.6736,0.6736,0.6736
38.4995,39.3999,38.5011,72.2077,58266.2,58075.6,2257.23,2.75477e+06,2.75248e+06,0.673725,0.673725,0.673725,0.673725,0.673725,0.673725
38.5182,39.4221,38.5199,72.2816,58262,58071,2258.48,2.75677e+06,2.75448e+06,0.67385,0.67385,0.67385,0.67385,0.67385,0.67385
38.537,39.4443,38.5387,72.3619,58258.3,58066.9,2259.73,2.75877e+06,2.75648e+06,0.673975,0.673975,0.673975,0.673975,0.673975,0.673975
38.5558,39.4665,38.5575,72.4677,58254.1,58062.2,2260.99,2.76077e+06,2.75848e+06,0.6741,0.6741,0.6741,0.6741,0.6741,0.6741
38.5746,39.4888,38.5763,72.5233,58251.8,58059.7,2262.24,2.76278e+06,2.76048e+06,0.674225,0.674225,0.674225,0.674225,0.674225,0.674225
38.5933,39.511,38.5951,72.6228,58247.5,58055,2263.5,2.76478e+06,2.76248e+06,0.67435,0.67435,0.67435,0.67435,0.67435,0.67435
38.6121,39.5333,38.6138,72.7295,58244.1,58051,2264.75,2.76679e+06,2.76448e+06,0.674475,0.674475,0.674475,0.674475,0.674475,0.674475
38.6308,39.5555,38.6326,72.8415,58239.3,58045.7,2266.01,2.76879e+06,2.76648e+06,0.6746,0.6746,0.6746,0.6746,0.6746,0.6746
38.6496,39.5778,38.6513,72.9655,58236,58041.7,2267.27,2.7708e+06,2.76849e+06,0.674725,0.674725,0.674725,0.674725,0.674725,0.674725
38.6683,39.6001,38.6701,73.0661,58231.3,58036.6,2268.52,2.7728e+06,2.77049e+06,0.67485,0.67485,0.67485,0.67485,0.67485,0.67485
38.6871,39.6224,38.6888,73.1621,58227.4,58032.1,2269.78,2.77481e+06,2.77249e+06,0.674975,0.674975,0.674975,0.674975,0.674975,0.674975
38.7058,39.6447,38.7075,73.2788,58224,58028.2,2271.04,2.77682e+06,2.7745e+06,0.6751,0.6751,0.6751,0.6751,0.6751,0.6751
38.7245,39.6669,38.7263,73.3663,58220.1,58023.9,2272.3,2.77882e+06,2.7765e+06,0.675225,0.675225,0.675225,0.675225,0.675225,0.675225
38.7432,39.6893,38.745,73.4459,58216.5,58019.9,2273.56,2.78083e+06,2.77851e+06,0.67535,0.67535,0.67535,0.67535,0.67535,0.67535
38.7619,39.7116,38.7637,73.5769,58212.7,58015.5,2274.82,2.78284e+06,2.78051e+06,0.675475,0.675475,0.675475,0.675475,0.675475,0.675475
38.7806,39.7339,38.7824,73.6645,58209.5,58011.9,2276.09,2.78485e+06,2.78252e+06,0.6756,0.6756,0.6756,0.6756,0.6756,0.6756
38.7993,39.7562,38.8011,73.7749,58204.4,58006.3,2277.35,2.78686e+06,2.78453e+06,0.675725,0.675725,0.675725,0.675725,0.675725,0.675725
38.818,39.7786,38.8198,73.8972,58200.2,58001.5,2278.61,2.78888e+06,2.78654e+06,0.67585,0.67585,0.67585,0.67585,0.67585,0.67585
38.8367,39.8009,38.8385,73.9909,58196.6,57997.5,2279.88,2.79089e+06,2.78854e+06,0.675975,0.675975,0.675975,0.675975,0.675975,0.675975
38.8553,39.8233,38.8571,74.0897,58193.3,57993.7,2281.14,2.7929e+06,2.79055e+06,0.6761,0.6761,0.6761,0.6761,0.6761,0.6761
38.874,39.8457,38.8758,74.2227,58189.5,57989.2,2282.41,2.79491e+06,2.79256e+06,0.676225,0.676225,0.676225,0.676225,0.676225,0.676225
38.8927,39.8681,38.8944,74.3471,58185.7,57984.8,2283.67,2.79693e+06,2.79457e+06,0.67635,0.67635,0.67635,0.67635,0.67635,0.67635
38.9113,39.8905,38.9131,74.487,58181.7,57980.1,2284.94,2.79894e+06,2.79659e+06,0.676475,0.676475,0.676475,0.676475,0.676475,0.676475
38.93,39.9129,38.9317,74.584,58179,57977,2286.21,2.80096e+06,2.7986e+06,0.6766,0.6766,0.6766,0.6766,0.6766,0.6766
38.9486,39.9353,38.9504,74.6758,58174.9,57972.5,2287.47,2.80297e+06,2.80061e+06,0.676725,0.676725,0.676725,0.676725,0.676725,0.676725
38.9672,39.9577,38.969,74.816,58171.7,57968.7,2288.74,2.80499e+06,2.80262e+06,0.67685,0.67685,0.67685,0.67685,0.67685,0.67685
38.9859,39.9801,38.9876,74.9036,58166.9,57963.4,2290.01,2.80701e+06,2.80464e+06,0.676975,0.676975,0.676975,0.676975,0.676975,0.676975
39.0045,40.0025,39.0062,74.997,58162.8,57958.8,2291.28,2.80903e+06,2.80665e+06,0.6771,0.6771,0.6771,0.6771,0.6771,0.6771
39.0231,40.025,39.0248,75.1056,58160.3,57955.8,2292.55,2.81105e+06,2.80867e+06,0.677225,0.677225,0.677225,0.677225,0.677225,0.677225
39.0417,40.0474,39.0434,75.24,58156.2,57951.1,2293.82,2.81306e+06,2.81068e+06,0.67735,0.67735,0.67735,0.67735,0.67735,0.67735
39.0603,40.0699,39.062,75.3896,58152.3,57946.4,2295.1,2.81508e+06,2.8127e+06,0.677475,0.677475,0.677475,0.677475,0.677475,0.677475
39.0789,40.0923,39.0806,75.5215,58149.2,57942.7,2296.37,2.81711e+06,2.81472e+06,0.6776,0.6776,0.6776,0.6776,0.6776,0.6776
39.0974,40.1148,39.0992,75.6326,58144.4,57937.3,2297.64,2.81913e+06,2.81674e+06,0.677725,0.677725,0.677725,0.677725,0.677725,0.677725
39.116,40.1373,39.1178,75.7711,58140.1,57932.4,2298.92,2.82115e+06,2.81875e+06,0.67785,0.67785,0.67785,0.67785,0.67785,0.67785
39.1346,40.1598,39.1363,75.8986,58136.7,57928.4,2300.19,2.82317e+06,2.82077e+06,0.677975,0.677975,0.677975,0.677975,0.677975,0.677975
39.1531,40.1823,39.1549,76.0313,58133.2,57924.2,2301.47,2.8252e+06,2.82279e+06,0.6781,0.6781,0.6781,0.6781,0.6781,0.6781
39.1717,40.2048,39.1734,76.1213,58129.8,57920.4,2302.74,2.82722e+06,2.82481e+06,0.678225,0.678225,0.678225,0.678225,0.678225,0.678225
39.1902,40.2273,39.1919,76.2215,58126,57916.2,2304.02,2.82924e+06,2.82684e+06,0.678349,0.678349,0.678349,0.678349,0.678349,0.678349
39.2087,40.2499,39.2105,76.3061,58122.4,57912.2,2305.29,2.83127e+06,2.82886e+06,0.678474,0.678474,0.678474,0.678474,0.678474,0.678474
39.2272,40.2724,39.229,76.3945,58119.4,57908.7,2306.57,2.8333e+06,2.83088e+06,0.678599,0.678599,0.678599,0.678599,0.678599,0.678599
39.2458,40.2949,39.2475,76.4636,58113.9,57902.9,2307.85,2.83532e+06,2.8329e+06,0.678724,0.678724,0.678724,0.678724,0.678724,0.678724
39.2643,40.3175,39.266,76.577,58110.6,57899,2309.13,2.83735e+06,2.83493e+06,0.678849,0.678849,0.678849,0.678849,0.678849,0.678849
39.2828,40.34,39.2845,76.7031,58107,57894.9,2310.41,2.83938e+06,2.83695e+06,0.678974,0.678974,0.678974,0.678974,0.678974,0.678974
39.3013,40.3626,39.303,76.8423,58103.3,57890.5,2311.69,2.84141e+06,2.83898e+06,0.679099,0.679099,0.679099,0.679099,0.679099,0.679099
39.3197,40.3852,39.3215,76.9098,58099.3,57886.1,2312.97,2.84344e+06,2.841e+06,0.679224,0.679224,0.679224,0.679224,0.679224,0.679224
39.3382,40.4078,39.34,77.0086,58095.1,57881.4,2314.26,2.84546e+06,2.84303e+06,0.679349,0.679349,0.679349,0.679349,0.679349,0.679349
39.3567,40.4304,39.3585,77.119,58091.7,57877.4,2315.54,2.8475e+06,2.84506e+06,0.679474,0.679474,0.679474,0.679474,0.679474,0.679474
39.3751,40.453,39.3769,77.2459,58088.1,57873.2,2316.82,2.84953e+06,2.84708e+06,0.679599,0.679599,0.679599,0.679599,0.679599,0.679599
39.3936,40.4756,39.3954,77.3593,58085.1,57869.7,2318.11,2.85156e+06,2.84911e+06,0.679724,0.679724,0.679724,0.679724,0.679724,0.679724
39.412,40.4982,39.4138,77.4699,58081.8,57865.9,2319.4,2.85359e+06,2.85114e+06,0.679849,0.679849,0.679849,0.679849,0.679849,0.679849
39.4305,40.5208,39.4322,77.5964,58079,57862.5,2320.68,2.85562e+06,2.85317e+06,0.679974,0.679974,0.679974,0.679974,0.679974,0.679974
39.4489,40.5435,39.4506,77.7043,58075.9,57858.9,2321.97,2.85766e+06,2.8552e+06,0.680099,0.680099,0.680099,0.680099,0.680099,0.680099
39.4673,40.5661,39.4691,77.8354,58070.8,57853.1,2323.26,2.85969e+06,2.85723e+06,0.680224,0.680224,0.680224,0.680224,0.680224,0.680224
39.4857,40.5888,39.4875,77.9479,58065.9,57847.7,2324.54,2.86173e+06,2.85926e+06,0.680349,0.680349,0.680349,0.680349,0.680349,0.680349
39.5041,40.6114,39.5059,78.08,58062.2,57843.3,2325.83,2.86376e+06,2.8613e+06,0.680474,0.680474,0.680474,0.680474,0.680474,0.680474
39.5225,40.6341,39.5242,78.1952,58059,57839.6,2327.12,2.8658e+06,2.86333e+06,0.680599,0.680599,0.680599,0.680599,0.680599,0.680599
39.5409,40.6568,39.5426,78.3021,58055.3,57835.4,2328.41,2.86784e+06,2.86536e+06,0.680724,0.680724,0.680724,0.680724,0.680724,0.680724
39.5592,40.6795,39.561,78.4422,58051.7,57831.1,2329.7,2.86988e+06,2.8674e+06,0.680849,0.680849,0.680849,0.680849,0.680849,0.680849
39.5776,40.7022,39.5793,78.5618,58049,57827.9,2331,2.87191e+06,2.86943e+06,0.680974,0.680974,0.680974,0.680974,0.680974,0.680974
39.596,40.7249,39.5977,78.6553,58044.1,57822.4,2332.29,2.87395e+06,2.87147e+06,0.681099,0.681099,0.681099,0.681099,0.681099,0.681099
39.6143,40.7476,39.616,78.7885,58039.9,57817.6,2333.58,2.87599e+06,2.8735e+06,0.681224,0.681224,0.681224,0.681224,0.681224,0.681224
39.6326,40.7703,39.6344,78.9132,58036.3,57813.4,2334.88,2.87803e+06,2.87554e+06,0.681349,0.681349,0.681349,0.681349,0.681349,0.681349
39.651,40.7931,39.6527,79.0302,58031.8,57808.3,2336.17,2.88007e+06,2.87758e+06,0.681474,0.681474,0.681474,0.681474,0.681474,0.681474
39.6693,40.8158,39.671,79.1314,58026.2,57802.1,2337.47,2.88212e+06,2.87961e+06,0.681599,0.681599,0.681599,0.681599,0.681599,0.681599
39.6876,40.8385,39.6893,79.2737,58021.3,57796.5,2338.76,2.88416e+06,2.88165e+06,0.681724,0.681724,0.681724,0.681724,0.681724,0.681724
39.7059,40.8613,39.7077,79.3748,58016.5,57791.2,2340.06,2.8862e+06,2.88369e+06,0.681849,0.681849,0.681849,0.681849,0.681849,0.681849
39.7242,40.884,39.726,79.4795,58011.7,57785.9,2341.36,2.88825e+06,2.88573e+06,0.681974,0.681974,0.681974,0.681974,0.681974,0.681974
39.7425,40.9068,39.7442,79.5919,58007.7,57781.4,2342.66,2.89029e+06,2.88777e+06,0.682099,0.682099,0.682099,0.682099,0.682099,0.682099
39.7607,40.9296,39.7625,79.7297,58003.6,57776.6,2343.96,2.89233e+06,2.88981e+06,0.682224,0.682224,0.682224,0.682224,0.682224,0.682224
39.779,40.9524,39.7808,79.8218,57999.8,57772.4,2345.26,2.89438e+06,2.89186e+06,0.682349,0.682349,0.682349,0.682349,0.682349,0.682349
39.7972,40.9752,39.799,79.9488,57996.5,57768.4,2346.56,2.89643e+06,2.8939e+06,0.682474,0.682474,0.682474,0.682474,0.682474,0.682474
39.8155,40.998,39.8172,80.0781,57993,57764.3,2347.86,2.89847e+06,2.89594e+06,0.682599,0.682599,0.682599,0.682599,0.682599,0.682599
39.8337,41.0208,39.8354,80.1819,57989.5,57760.3,2349.16,2.90052e+06,2.89798e+06,0.682724,0.682724,0.682724,0.682724,0.682724,0.682724
39.8519,41.0436,39.8536,80.323,57985.9,57756,2350.46,2.90257e+06,2.90003e+06,0.682849,0.682849,0.682849,0.682849,0.682849,0.682849
39.8701,41.0664,39.8719,80.4331,57981.3,57750.9,2351.77,2.90462e+06,2.90207e+06,0.682974,0.682974,0.682974,0.682974,0.682974,0.682974
39.8883,41.0893,39.89,80.5922,57977.6,57746.4,2353.07,2.90667e+06,2.90412e+06,0.683099,0.683099,0.683099,0.683099,0.683099,0.683099
39.9065,41.1121,39.9082,80.6941,57974,57742.4,2354.38,2.90872e+06,2.90617e+06,0.683224,0.683224,0.683224,0.683224,0.683224,0.683224
39.9246,41.135,39.9264,80.8832,57968.8,57736.2,2355.68,2.91077e+06,2.90821e+06,0.683349,0.683349,0.683349,0.683349,0.683349,0.683349
39.9428,41.1579,39.9445,81.0082,57964.1,57730.9,2356.99,2.91282e+06,2.91026e+06,0.683474,0.683474,0.683474,0.683474,0.683474,0.683474
39.9609,41.1807,39.9627,81.1095,57959.6,57725.9,2358.3,2.91487e+06,2.91231e+06,0.683599,0.683599,0.683599,0.683599,0.683599,0.683599
39.9791,41.2036,39.9808,81.2384,57956.2,57722,2359.61,2.91693e+06,2.91436e+06,0.683724,0.683724,0.683724,0.683724,0.683724,0.683724
39.9972,41.2265,39.9989,81.3625,57951.6,57716.7,2360.92,2.91898e+06,2.91641e+06,0.683849,0.683849,0.683849,0.683849,0.683849,0.683849
40.0153,41.2494,40.017,81.4628,57945.8,57710.4,2362.23,2.92103e+06,2.91846e+06,0.683974,0.683974,0.683974,0.683974,0.683974,0.683974
40.0334,41.2723,40.0351,81.6096,57939.8,57703.6,2363.54,2.92309e+06,2.92051e+06,0.684099,0.684099,0.684099,0.684099,0.684099,0.684099
40.0514,41.2952,40.0532,81.7401,57936.6,57699.8,2364.85,2.92514e+06,2.92256e+06,0.684224,0.684224,0.684224,0.684224,0.684224,0.684224
40.0695,41.3181,40.0713,81.8462,57931.5,57694.1,2366.16,2.9272e+06,2.92461e+06,0.684349,0.684349,0.684349,0.684349,0.684349,0.684349
40.0876,41.3411,40.0893,81.9984,57926.4,57688.3,2367.47,2.92926e+06,2.92666e+06,0.684474,0.684474,0.684474,0.684474,0.684474,0.684474
40.1056,41.364,40.1074,82.0871,57922.2,57683.6,2368.79,2.93131e+06,2.92872e+06,0.684599,0.684599,0.684599,0.684599,0.684599,0.684599
40.1236,41.3869,40.1254,82.1891,57916.6,57677.5,2370.1,2.93337e+06,2.93077e+06,0.684724,0.684724,0.684724,0.684724,0.684724,0.684724
40.1416,41.4099,40.1434,82.3409,57912.2,57672.3,2371.42,2.93543e+06,2.93282e+06,0.684849,0.684849,0.684849,0.684849,0.684849,0.684849
40.1596,41.4329,40.1615,82.4787,57908,57667.5,2372.74,2.93749e+06,2.93488e+06,0.684974,0.684974,0.684974,0.684974,0.684974,0.684974
40.1776,41.4558,40.1795,82.6075,57903.1,57662,2374.05,2.93955e+06,2.93694e+06,0.685099,0.685099,0.685099,0.685099,0.685099,0.685099
40.1956,41.4788,40.1974,82.7525,57897.7,57655.8,2375.37,2.94161e+06,2.93899e+06,0.685224,0.685224,0.685224,0.685224,0.685224,0.685224
40.2136,41.5018,40.2154,82.8942,57892,57649.3,2376.69,2.94367e+06,2.94105e+06,0.685349,0.685349,0.685349,0.685349,0.685349,0.685349
40.2316,41.5248,40.2334,83.0068,57886.8,57643.5,2378.01,2.94573e+06,2.94311e+06,0.685474,0.685474,0.685474,0.685474,0.685474,0.685474
40.2495,41.5478,40.2513,83.1414,57882.2,57638.3,2379.33,2.94779e+06,2.94516e+06,0.685599,0.685599,0.685599,0.685599,0.685599,0.685599
40.2675,41.5708,40.2693,83.2652,57878,57633.5,2380.65,2.94986e+06,2.94722e+06,0.685724,0.685724,0.685724,0.685724,0.685724,0.685724
40.2854,41.5939,40.2872,83.398,57873.6,57628.5,2381.97,2.95192e+06,2.94928e+06,0.685849,0.685849,0.685849,0.685849,0.685849,0.685849
40.3033,41.6169,40.3051,83.5075,57867.5,57621.7,2383.3,2.95398e+06,2.95134e+06,0.685974,0.685974,0.685974,0.685974,0.685974,0.685974
40.3212,41.6399,40.323,83.617,57861.8,57615.4,2384.62,2.95605e+06,2.9534e+06,0.686099,0.686099,0.686099,0.686099,0.686099,0.686099
40.3391,41.663,40.3409,83.7565,57857.8,57610.8,2385.94,2.95811e+06,2.95546e+06,0.686224,0.686224,0.686224,0.686224,0.686224,0.686224
40.3569,41.686,40.3588,83.8816,57852.3,57604.7,2387.27,2.96018e+06,2.95753e+06,0.686349,0.686349,0.686349,0.686349,0.686349,0.686349
40.3748,41.7091,40.3766,84.008,57848.1,57599.9,2388.59,2.96225e+06,2.95959e+06,0.686474,0.686474,0.686474,0.686474,0.686474,0.686474
40.3926,41.7322,40.3945,84.1403,57841.9,57592.9,2389.92,2.96431e+06,2.96165e+06,0.686599,0.686599,0.686599,0.686599,0.686599,0.686599
40.4104,41.7552,40.4123,84.2474,57834.5,57585.1,2391.25,2.96638e+06,2.96372e+06,0.686724,0.686724,0.686724,0.686724,0.686724,0.686724
40.4282,41.7783,40.4302,84.39,57828.5,57578.3,2392.58,2.96845e+06,2.96578e+06,0.686849,0.686849,0.686849,0.686849,0.686849,0.686849
40.446,41.8014,40.4479,84.5645,57824.2,57573.1,2393.91,2.97052e+06,2.96785e+06,0.686974,0.686974,0.686974,0.686974,0.686974,0.686974
40.4638,41.8245,40.4657,84.6975,57819.5,57567.8,2395.24,2.97259e+06,2.96991e+06,0.687099,0.687099,0.687099,0.687099,0.687099,0.687099
40.4815,41.8476,40.4835,84.8165,57813.2,57560.8,2396.57,2.97466e+06,2.97198e+06,0.687224,0.687224,0.687224,0.687224,0.687224,0.687224
40.4993,41.8707,40.5012,84.9238,57808.7,57555.8,2397.9,2.97673e+06,2.97404e+06,0.687349,0.687349,0.687349,0.687349,0.687349,0.687349
40.517,41.8939,40.519,85.0468,57803.5,57550,2399.24,2.9788e+06,2.97611e+06,0.687474,0.687474,0.687474,0.687474,0.687474,0.687474
40.5347,41.917,40.5367,85.2077,57799.7,57545.4,2400.57,2.98088e+06,2.97818e+06,0.687599,0.687599,0.687599,0.687599,0.687599,0.687599
40.5524,41.9402,40.5544,85.3704,57794.2,57539,2401.9,2.98295e+06,2.98025e+06,0.687724,0.687724,0.687724,0.687724,0.687724,0.687724
40.5701,41.9634,40.5721,85.526,57789.6,57533.6,2403.24,2.98502e+06,2.98232e+06,0.687849,0.687849,0.687849,0.687849,0.687849,0.687849
40.5878,41.9865,40.5897,85.6714,57784.7,57527.9,2404.58,2.9871e+06,2.98439e+06,0.687974,0.687974,0.687974,0.687974,0.687974,0.687974
40.6055,42.0097,40.6074,85.7664,57779,57521.8,2405.91,2.98917e+06,2.98646e+06,0.688099,0.688099,0.688099,0.688099,0.688099,0.688099
40.6231,42.0329,40.6251,85.8947,57774.2,57516.3,2407.25,2.99125e+06,2.98853e+06,0.688224,0.688224,0.688224,0.688224,0.688224,0.688224
40.6408,42.0561,40.6427,86.0573,57769.8,57511.1,2408.59,2.99332e+06,2.9906e+06,0.688349,0.688349,0.688349,0.688349,0.688349,0.688349
40.6584,42.0793,40.6603,86.222,57764,57504.5,2409.93,2.9954e+06,2.99267e+06,0.688474,0.688474,0.688474,0.688474,0.688474,0.688474
40.676,42.1025,40.6779,86.3634,57758.5,57498.3,2411.27,2.99748e+06,2.99475e+06,0.688599,0.688599,0.688599,0.688599,0.688599,0.688599
40.6936,42.1258,40.6955,86.4995,57754.9,57494,2412.61,2.99955e+06,2.99682e+06,0.688724,0.688724,0.688724,0.688724,0.688724,0.688724
40.7112,42.149,40.7131,86.6131,57750,57488.5,2413.95,3.00163e+06,2.99889e+06,0.688849,0.688849,0.688849,0.688849,0.688849,0.688849
40.7287,42.1722,40.7306,86.7889,57745,57482.6,2415.29,3.00371e+06,3.00097e+06,0.688974,0.688974,0.688974,0.688974,0.688974,0.688974
40.7463,42.1955,40.7482,86.9266,57737.7,57474.6,2416.64,3.00579e+06,3.00304e+06,0.689099,0.689099,0.689099,0.689099,0.689099,0.689099
40.7638,42.2187,40.7657,87.0646,57732.6,57468.8,2417.98,3.00787e+06,3.00512e+06,0.689224,0.689224,0.689224,0.689224,0.689224,0.689224
40.7813,42.242,40.7833,87.1709,57726.3,57462,2419.33,3.00995e+06,3.0072e+06,0.689349,0.689349,0.689349,0.689349,0.689349,0.689349
40.7988,42.2653,40.8007,87.3628,57722.9,57457.6,2420.67,3.01204e+06,3.00927e+06,0.689474,0.689474,0.689474,0.689474,0.689474,0.689474
40.8163,42.2886,40.8182,87.4959,57716.5,57450.5,2422.02,3.01412e+06,3.01135e+06,0.689599,0.689599,0.689599,0.689599,0.689599,0.689599
40.8337,42.3118,40.8357,87.5949,57711.1,57444.5,2423.37,3.0162e+06,3.01343e+06,0.689724,0.689724,0.689724,0.689724,0.689724,0.689724
40.8512,42.3351,40.8531,87.733,57705.3,57438,2424.72,3.01828e+06,3.01551e+06,0.689849,0.689849,0.689849,0.689849,0.689849,0.689849
40.8686,42.3584,40.8706,87.8458,57699.6,57431.6,2426.07,3.02037e+06,3.01759e+06,0.689974,0.689974,0.689974,0.689974,0.689974,0.689974
40.886,42.3817,40.888,87.9756,57693.4,57424.8,2427.42,3.02245e+06,3.01967e+06,0.690099,0.690099,0.690099,0.690099,0.690099,0.690099
40.9034,42.4051,40.9054,88.1158,57689.1,57419.8,2428.77,3.02454e+06,3.02175e+06,0.690224,0.690224,0.690224,0.690224,0.690224,0.690224
40.9208,42.4284,40.9228,88.2328,57683.5,57413.6,2430.12,3.02663e+06,3.02383e+06,0.690349,0.690349,0.690349,0.690349,0.690349,0.690349
40.9382,42.4517,40.9402,88.3461,57678.5,57407.9,2431.48,3.02871e+06,3.02591e+06,0.690474,0.690474,0.690474,0.690474,0.690474,0.690474
40.9555,42.4751,40.9575,88.4964,57673.8,57402.5,2432.83,3.0308e+06,3.028e+06,0.690599,0.690599,0.690599,0.690599,0.690599,0.690599
40.9729,42.4985,40.9749,88.6686,57668.6,57396.4,2434.18,3.03289e+06,3.03008e+06,0.690724,0.690724,0.690724,0.690724,0.690724,0.690724
40.9902,42.5219,40.9922,88.809,57663.7,57390.8,2435.54,3.03498e+06,3.03216e+06,0.690849,0.690849,0.690849,0.690849,0.690849,0.690849
41.0075,42.5452,41.0095,88.9242,57657.7,57384.2,2436.9,3.03706e+06,3.03425e+06,0.690974,0.690974,0.690974,0.690974,0.690974,0.690974
41.0248,42.5686,41.0268,89.1139,57652.9,57378.4,2438.25,3.03915e+06,3.03633e+06,0.691099,0.691099,0.691099,0.691099,0.691099,0.691099
41.0421,42.5921,41.0441,89.3073,57648.2,57372.8,2439.61,3.04125e+06,3.03842e+06,0.691224,0.691224,0.691224,0.691224,0.691224,0.691224
41.0594,42.6155,41.0613,89.4544,57642.3,57366,2440.97,3.04334e+06,3.04051e+06,0.691349,0.691349,0.691349,0.691349,0.691349,0.691349
41.0766,42.6389,41.0786,89.6024,57638.2,57361.2,2442.33,3.04543e+06,3.04259e+06,0.691474,0.691474,0.691474,0.691474,0.691474,0.691474
41.0938,42.6623,41.0958,89.7626,57632.1,57354.2,2443.69,3.04752e+06,3.04468e+06,0.691599,0.691599,0.691599,0.691599,0.691599,0.691599
41.1111,42.6857,41.113,89.8937,57626.7,57348.2,2445.05,3.04961e+06,3.04677e+06,0.691724,0.691724,0.691724,0.691724,0.691724,0.691724
41.1283,42.7092,41.1302,90.0668,57621.2,57341.8,2446.42,3.05171e+06,3.04886e+06,0.691849,0.691849,0.691849,0.691849,0.691849,0.691849
41.1454,42.7326,41.1474,90.2213,57613.8,57333.6,2447.78,3.0538e+06,3.05095e+06,0.691974,0.691974,0.691974,0.691974,0.691974,0.691974
41.1626,42.7561,41.1646,90.3708,57608.2,57327.2,2449.14,3.0559e+06,3.05304e+06,0.692098,0.692098,0.692098,0.692098,0.692098,0.692098
41.1797,42.7795,41.1817,90.5194,57600.8,57318.9,2450.51,3.05799e+06,3.05513e+06,0.692223,0.692223,0.692223,0.692223,0.692223,0.692223
41.1969,42.803,41.1988,90.6844,57595,57312.2,2451.88,3.06009e+06,3.05722e+06,0.692348,0.692348,0.692348,0.692348,0.692348,0.692348
41.214,42.8265,41.216,90.8205,57587.9,57304.3,2453.24,3.06218e+06,3.05931e+06,0.692473,0.692473,0.692473,0.692473,0.692473,0.692473
41.2311,42.8499,41.2331,90.9318,57581.7,57297.6,2454.61,3.06428e+06,3.0614e+06,0.692598,0.692598,0.692598,0.692598,0.692598,0.692598
41.2481,42.8734,41.2502,91.0802,57575.9,57291,2455.98,3.06638e+06,3.06349e+06,0.692723,0.692723,0.692723,0.692723,0.692723,0.692723
41.2652,42.897,41.2672,91.264,57570.3,57284.4,2457.35,3.06848e+06,3.06559e+06,0.692848,0.692848,0.692848,0.692848,0.692848,0.692848
41.2822,42.9205,41.2842,91.4073,57564.4,57277.8,2458.72,3.07058e+06,3.06768e+06,0.692973,0.692973,0.692973,0.692973,0.692973,0.692973
41.2992,42.944,41.3012,91.5864,57559.1,57271.6,2460.09,3.07268e+06,3.06978e+06,0.693098,0.693098,0.693098,0.693098,0.693098,0.693098
41.3162,42.9675,41.3182,91.7236,57551.2,57262.8,2461.46,3.07478e+06,3.07187e+06,0.693223,0.693223,0.693223,0.693223,0.693223,0.693223
41.3332,42.9911,41.3352,91.8821,57545.3,57256.1,2462.83,3.07688e+06,3.07397e+06,0.693348,0.693348,0.693348,0.693348,0.693348,0.693348
41.3502,43.0146,41.3522,91.9667,57537.7,57248,2464.21,3.07898e+06,3.07606e+06,0.693473,0.693473,0.693473,0.693473,0.693473,0.693473
41.3671,43.0381,41.3692,92.0922,57532.1,57241.8,2465.58,3.08108e+06,3.07816e+06,0.693598,0.693598,0.693598,0.693598,0.693598,0.693598
41.384,43.0617,41.3861,92.2022,57525.5,57234.5,2466.96,3.08318e+06,3.08026e+06,0.693723,0.693723,0.693723,0.693723,0.693723,0.693723
41.4009,43.0853,41.403,92.3421,57519.2,57227.5,2468.34,3.08529e+06,3.08236e+06,0.693848,0.693848,0.693848,0.693848,0.693848,0.693848
41.4178,43.1089,41.4199,92.5095,57513.7,57221.1,2469.72,3.08739e+06,3.08446e+06,0.693973,0.693973,0.693973,0.693973,0.693973,0.693973
41.4347,43.1325,41.4368,92.6772,57507,57213.5,2471.09,3.08949e+06,3.08656e+06,0.694098,0.694098,0.694098,0.694098,0.694098,0.694098
41.4515,43.1561,41.4536,92.8626,57501.2,57206.7,2472.47,3.0916e+06,3.08866e+06,0.694223,0.694223,0.694223,0.694223,0.694223,0.694223
41.4683,43.1797,41.4704,93.0008,57494.8,57199.6,2473.85,3.0937e+06,3.09076e+06,0.694348,0.694348,0.694348,0.694348,0.694348,0.694348
41.4852,43.2033,41.4872,93.1789,57489.6,57193.4,2475.24,3.09581e+06,3.09286e+06,0.694473,0.694473,0.694473,0.694473,0.694473,0.694473
41.5019,43.2269,41.504,93.3041,57483.2,57186.4,2476.62,3.09792e+06,3.09496e+06,0.694598,0.694598,0.694598,0.694598,0.694598,0.694598
41.5187,43.2506,41.5208,93.4456,57477.2,57179.6,2478,3.10002e+06,3.09706e+06,0.694723,0.694723,0.694723,0.694723,0.694723,0.694723
41.5354,43.2742,41.5375,93.5846,57470.1,57171.7,2479.39,3.10213e+06,3.09916e+06,0.694848,0.694848,0.694848,0.694848,0.694848,0.694848
41.5521,43.2979,41.5542,93.7175,57464.5,57165.5,2480.77,3.10424e+06,3.10127e+06,0.694973,0.694973,0.694973,0.694973,0.694973,0.694973
41.5688,43.3215,41.5709,93.8696,57459,57159.2,2482.16,3.10635e+06,3.10337e+06,0.695098,0.695098,0.695098,0.695098,0.695098,0.695098
41.5855,43.3452,41.5876,94.0926,57453.6,57152.7,2483.55,3.10846e+06,3.10548e+06,0.695223,0.695223,0.695223,0.695223,0.695223,0.695223
41.6021,43.3689,41.6042,94.2883,57445.9,57143.9,2484.94,3.11057e+06,3.10758e+06,0.695348,0.695348,0.695348,0.695348,0.695348,0.695348
41.6188,43.3926,41.6209,94.4359,57438.6,57135.8,2486.33,3.11268e+06,3.10969e+06,0.695473,0.695473,0.695473,0.695473,0.695473,0.695473
41.6354,43.4163,41.6375,94.6416,57431.4,57127.4,2487.72,3.11479e+06,3.11179e+06,0.695598,0.695598,0.695598,0.695598,0.695598,0.695598
41.652,43.44,41.654,94.8373,57425.3,57120.3,2489.11,3.1169e+06,3.1139e+06,0.695723,0.695723,0.695723,0.695723,0.695723,0.695723
41.6685,43.4637,41.6706,95.017,57418.9,57113.1,2490.5,3.11902e+06,3.11601e+06,0.695848,0.695848,0.695848,0.695848,0.695848,0.695848
41.6851,43.4875,41.6871,95.2376,57412.1,57105,2491.89,3.12113e+06,3.11812e+06,0.695973,0.695973,0.695973,0.695973,0.695973,0.695973
41.7016,43.5112,41.7036,95.3769,57405.1,57097.3,2493.29,3.12324e+06,3.12022e+06,0.696098,0.696098,0.696098,0.696098,0.696098,0.696098
41.7181,43.535,41.7201,95.5663,57398.1,57089.3,2494.68,3.12536e+06,3.12233e+06,0.696223,0.696223,0.696223,0.696223,0.696223,0.696223
41.7345,43.5587,41.7366,95.7555,57391.4,57081.6,2496.08,3.12747e+06,3.12444e+06,0.696348,0.696348,0.696348,0.696348,0.696348,0.696348
41.751,43.5825,41.753,95.9231,57386.5,57075.8,2497.47,3.12959e+06,3.12655e+06,0.696473,0.696473,0.696473,0.696473,0.696473,0.696473
41.7674,43.6063,41.7695,96.1023,57378.1,57066.4,2498.87,3.13171e+06,3.12866e+06,0.696598,0.696598,0.696598,0.696598,0.696598,0.696598
41.7838,43.63,41.7859,96.2309,57372.2,57059.8,2500.27,3.13382e+06,3.13078e+06,0.696723,0.696723,0.696723,0.696723,0.696723,0.696723
41.8002,43.6538,41.8023,96.3588,57365.6,57052.5,2501.67,3.13594e+06,3.13289e+06,0.696848,0.696848,0.696848,0.696848,0.696848,0.696848
41.8166,43.6776,41.8186,96.5489,57360.5,57046.5,2503.07,3.13806e+06,3.135e+06,0.696973,0.696973,0.696973,0.696973,0.696973,0.696973
41.8329,43.7015,41.835,96.6881,57355.4,57040.6,2504.47,3.14018e+06,3.13711e+06,0.697098,0.697098,0.697098,0.697098,0.697098,0.697098
41.8492,43.7253,41.8512,96.8605,57349.1,57033.4,2505.87,3.1423e+06,3.13923e+06,0.697223,0.697223,0.697223,0.697223,0.697223,0.697223
41.8655,43.7491,41.8675,97.0156,57341.8,57025.3,2507.28,3.14442e+06,3.14134e+06,0.697348,0.697348,0.697348,0.697348,0.697348,0.697348
41.8817,43.7729,41.8838,97.1502,57336.2,57018.9,2508.68,3.14654e+06,3.14346e+06,0.697473,0.697473,0.697473,0.697473,0.697473,0.697473
41.898,43.7967,41.9001,97.2965,57329.1,57011,2510.09,3.14866e+06,3.14557e+06,0.697598,0.697598,0.697598,0.697598,0.697598,0.697598
41.9142,43.8206,41.9163,97.406,57323.2,57004.5,2511.5,3.15078e+06,3.14769e+06,0.697723,0.697723,0.697723,0.697723,0.697723,0.697723
41.9304,43.8444,41.9325,97.4948,57316.1,56996.8,2512.9,3.1529e+06,3.14981e+06,0.697848,0.697848,0.697848,0.697848,0.697848,0.697848
41.9465,43.8683,41.9487,97.6431,57308.9,56988.8,2514.31,3.15503e+06,3.15192e+06,0.697973,0.697973,0.697973,0.697973,0.697973,0.697973
41.9627,43.8922,41.9648,97.8308,57301.5,56980.3,2515.72,3.15715e+06,3.15404e+06,0.698098,0.698098,0.698098,0.698098,0.698098,0.698098
41.9788,43.916,41.9809,98.0063,57293.8,56971.6,2517.13,3.15927e+06,3.15616e+06,0.698223,0.698223,0.698223,0.698223,0.698223,0.698223
41.9949,43.9399,41.9971,98.1749,57286.8,56963.7,2518.55,3.1614e+06,3.15828e+06,0.698348,0.698348,0.698348,0.698348,0.698348,0.698348
42.011,43.9638,42.0131,98.3772,57279.1,56954.9,2519.96,3.16352e+06,3.1604e+06,0.698473,0.698473,0.698473,0.698473,0.698473,0.698473
42.027,43.9877,42.0292,98.5115,57271.4,56946.4,2521.37,3.16565e+06,3.16252e+06,0.698598,0.698598,0.698598,0.698598,0.698598,0.698598
42.043,44.0117,42.0452,98.6703,57264.4,56938.5,2522.79,3.16777e+06,3.16464e+06,0.698723,0.698723,0.698723,0.698723,0.698723,0.698723
42.059,44.0356,42.0612,98.7961,57257.6,56931,2524.2,3.1699e+06,3.16676e+06,0.698848,0.698848,0.698848,0.698848,0.698848,0.698848
42.075,44.0595,42.0772,98.9946,57250.5,56922.9,2525.62,3.17203e+06,3.16888e+06,0.698973,0.698973,0.698973,0.698973,0.698973,0.698973
42.091,44.0835,42.0932,99.1485,57243.9,56915.4,2527.04,3.17416e+06,3.171e+06,0.699098,0.699098,0.699098,0.699098,0.699098,0.699098
42.1069,44.1074,42.1091,99.3381,57236.1,56906.6,2528.46,3.17629e+06,3.17313e+06,0.699223,0.699223,0.699223,0.699223,0.699223,0.699223
42.1228,44.1314,42.125,99.5071,57227.7,56897.2,2529.88,3.17841e+06,3.17525e+06,0.699348,0.699348,0.699348,0.699348,0.699348,0.699348
42.1387,44.1553,42.1409,99.6678,57221,56889.6,2531.3,3.18054e+06,3.17738e+06,0.699473,0.699473,0.699473,0.699473,0.699473,0.699473
42.1545,44.1793,42.1567,99.867,57213.4,56880.8,2532.72,3.18267e+06,3.1795e+06,0.699598,0.699598,0.699598,0.699598,0.699598,0.699598
42.1703,44.2033,42.1725,100.027,57206.3,56872.8,2534.15,3.18481e+06,3.18162e+06,0.699723,0.699723,0.699723,0.699723,0.699723,0.699723
42.1861,44.2273,42.1884,100.185,57196.9,56862.5,2535.57,3.18694e+06,3.18375e+06,0.699848,0.699848,0.699848,0.699848,0.699848,0.699848
42.2019,44.2513,42.2041,100.372,57189.9,56854.4,2537,3.18907e+06,3.18588e+06,0.699973,0.699973,0.699973,0.699973,0.699973,0.699973
42.2176,44.2753,42.2198,100.578,57181.4,56844.9,2538.42,3.1912e+06,3.188e+06,0.700098,0.700098,0.700098,0.700098,0.700098,0.700098
42.2334,44.2993,42.2356,100.741,57174.1,56836.6,2539.85,3.19334e+06,3.19013e+06,0.700223,0.700223,0.700223,0.700223,0.700223,0.700223
42.249,44.3234,42.2513,100.871,57167.5,56829.3,2541.28,3.19547e+06,3.19226e+06,0.700348,0.700348,0.700348,0.700348,0.700348,0.700348
42.2647,44.3474,42.2669,101.092,57159.3,56819.8,2542.71,3.1976e+06,3.19439e+06,0.700473,0.700473,0.700473,0.700473,0.700473,0.700473
42.2803,44.3715,42.2825,101.306,57151.8,56811.2,2544.14,3.19974e+06,3.19652e+06,0.700598,0.700598,0.700598,0.700598,0.700598,0.700598
42.296,44.3955,42.2981,101.448,57143.7,56802.2,2545.57,3.20187e+06,3.19865e+06,0.700723,0.700723,0.700723,0.700723,0.700723,0.700723
42.3115,44.4196,42.3137,101.588,57135,56792.7,2547,3.20401e+06,3.20078e+06,0.700848,0.700848,0.700848,0.700848,0.700848,0.700848
42.3271,44.4436,42.3293,101.753,57125.5,56782.2,2548.44,3.20615e+06,3.20291e+06,0.700973,0.700973,0.700973,0.700973,0.700973,0.700973
42.3426,44.4677,42.3448,101.96,57117.9,56773.4,2549.87,3.20828e+06,3.20504e+06,0.701098,0.701098,0.701098,0.701098,0.701098,0.701098
42.3581,44.4918,42.3603,102.156,57108.9,56763.3,2551.31,3.21042e+06,3.20717e+06,0.701223,0.701223,0.701223,0.701223,0.701223,0.701223
42.3736,44.5159,42.3758,102.286,57101.8,56755.4,2552.75,3.21256e+06,3.2093e+06,0.701348,0.701348,0.701348,0.701348,0.701348,0.701348
42.389,44.54,42.3913,102.412,57093.3,56746.1,2554.18,3.2147e+06,3.21143e+06,0.701473,0.701473,0.701473,0.701473,0.701473,0.701473
42.4044,44.5641,42.4067,102.587,57086,56737.8,2555.62,3.21684e+06,3.21357e+06,0.701598,0.701598,0.701598,0.701598,0.701598,0.701598
42.4198,44.5882,42.422,102.764,57079.5,56730.3,2557.06,3.21898e+06,3.2157e+06,0.701723,0.701723,0.701723,0.701723,0.701723,0.701723
42.4352,44.6124,42.4374,102.937,57072.4,56722.2,2558.51,3.22112e+06,3.21784e+06,0.701848,0.701848,0.701848,0.701848,0.701848,0.701848
42.4505,44.6365,42.4527,103.129,57062.6,56711.2,2559.95,3.22326e+06,3.21997e+06,0.701973,0.701973,0.701973,0.701973,0.701973,0.701973
42.4658,44.6607,42.4681,103.304,57053.9,56701.5,2561.39,3.2254e+06,3.22211e+06,0.702098,0.702098,0.702098,0.702098,0.702098,0.702098
42.4811,44.6848,42.4833,103.455,57046.4,56693.1,2562.84,3.22754e+06,3.22424e+06,0.702223,0.702223,0.702223,0.702223,0.702223,0.702223
42.4963,44.709,42.4986,103.589,57037.1,56682.9,2564.28,3.22968e+06,3.22638e+06,0.702348,0.702348,0.702348,0.702348,0.702348,0.702348
42.5116,44.7332,42.5138,103.761,57029.5,56674.3,2565.73,3.23183e+06,3.22852e+06,0.702473,0.702473,0.702473,0.702473,0.702473,0.702473
42.5268,44.7574,42.529,103.924,57022.6,56666.5,2567.18,3.23397e+06,3.23065e+06,0.702598,0.702598,0.702598,0.702598,0.702598,0.702598
42.5419,44.7816,42.5442,104.115,57014.3,56657,2568.63,3.23612e+06,3.23279e+06,0.702723,0.702723,0.702723,0.702723,0.702723,0.702723
42.5571,44.8058,42.5593,104.273,57006.7,56648.5,2570.08,3.23826e+06,3.23493e+06,0.702848,0.702848,0.702848,0.702848,0.702848,0.702848
42.5722,44.83,42.5744,104.458,56998.8,56639.5,2571.53,3.24041e+06,3.23707e+06,0.702973,0.702973,0.702973,0.702973,0.702973,0.702973
42.5873,44.8542,42.5895,104.642,56991,56630.6,2572.98,3.24255e+06,3.23921e+06,0.703098,0.703098,0.703098,0.703098,0.703098,0.703098
42.6023,44.8785,42.6046,104.808,56983.7,56622.5,2574.43,3.2447e+06,3.24135e+06,0.703223,0.703223,0.703223,0.703223,0.703223,0.703223
42.6174,44.9027,42.6196,104.97,56973.2,56610.9,2575.89,3.24685e+06,3.24349e+06,0.703348,0.703348,0.703348,0.703348,0.703348,0.703348
42.6324,44.927,42.6346,105.188,56966.9,56603.4,2577.34,3.24899e+06,3.24563e+06,0.703473,0.703473,0.703473,0.703473,0.703473,0.703473
42.6473,44.9512,42.6496,105.402,56956.6,56591.9,2578.8,3.25114e+06,3.24777e+06,0.703598,0.703598,0.703598,0.703598,0.703598,0.703598
42.6623,44.9755,42.6645,105.611,56949.7,56583.8,2580.26,3.25329e+06,3.24992e+06,0.703723,0.703723,0.703723,0.703723,0.703723,0.703723
42.6772,44.9998,42.6794,105.796,56939.9,56572.9,2581.72,3.25544e+06,3.25206e+06,0.703848,0.703848,0.703848,0.703848,0.703848,0.703848
42.692,45.0241,42.6943,105.949,56931.6,56563.7,2583.18,3.25759e+06,3.2542e+06,0.703973,0.703973,0.703973,0.703973,0.703973,0.703973
42.7069,45.0484,42.7091,106.157,56922.7,56553.6,2584.64,3.25974e+06,3.25635e+06,0.704098,0.704098,0.704098,0.704098,0.704098,0.704098
42.7217,45.0727,42.7239,106.298,56913.8,56543.8,2586.1,3.26189e+06,3.25849e+06,0.704223,0.704223,0.704223,0.704223,0.704223,0.704223
42.7365,45.097,42.7387,106.487,56905.9,56534.7,2587.56,3.26404e+06,3.26064e+06,0.704348,0.704348,0.704348,0.704348,0.704348,0.704348
42.7512,45.1213,42.7535,106.629,56896.9,56524.8,2589.03,3.2662e+06,3.26278e+06,0.704473,0.704473,0.704473,0.704473,0.704473,0.704473
42.7659,45.1456,42.7682,106.807,56886.9,56513.7,2590.49,3.26835e+06,3.26493e+06,0.704598,0.704598,0.704598,0.704598,0.704598,0.704598
42.7806,45.1699,42.7829,106.984,56877.3,56503,2591.96,3.2705e+06,3.26707e+06,0.704723,0.704723,0.704723,0.704723,0.704723,0.704723
42.7953,45.1943,42.7975,107.205,56869.5,56494,2593.43,3.27265e+06,3.26922e+06,0.704848,0.704848,0.704848,0.704848,0.704848,0.704848
42.8099,45.2187,42.8121,107.428,56860.1,56483.3,2594.9,3.27481e+06,3.27137e+06,0.704973,0.704973,0.704973,0.704973,0.704973,0.704973
42.8245,45.243,42.8267,107.61,56851.5,56473.6,2596.37,3.27696e+06,3.27352e+06,0.705098,0.705098,0.705098,0.705098,0.705098,0.705098
42.8391,45.2674,42.8413,107.773,56842.1,56463.1,2597.84,3.27912e+06,3.27566e+06,0.705223,0.705223,0.705223,0.705223,0.705223,0.705223
42.8536,45.2918,42.8558,107.938,56833.5,56453.5,2599.31,3.28127e+06,3.27781e+06,0.705348,0.705348,0.705348,0.705348,0.705348,0.705348
42.8681,45.3162,42.8703,108.089,56823.7,56442.7,2600.79,3.28343e+06,3.27996e+06,0.705473,0.705473,0.705473,0.705473,0.705473,0.705473
42.8826,45.3405,42.8848,108.187,56815,56433.3,2602.26,3.28559e+06,3.28211e+06,0.705598,0.705598,0.705598,0.705598,0.705598,0.705598
42.897,45.365,42.8993,108.386,56806,56423.1,2603.74,3.28774e+06,3.28426e+06,0.705723,0.705723,0.705723,0.705723,0.705723,0.705723
42.9114,45.3894,42.9136,108.572,56797.4,56413.3,2605.22,3.2899e+06,3.28642e+06,0.705848,0.705848,0.705848,0.705848,0.705848,0.705848
42.9258,45.4138,42.928,108.756,56787.8,56402.6,2606.69,3.29206e+06,3.28857e+06,0.705972,0.705972,0.705972,0.705972,0.705972,0.705972
42.9401,45.4383,42.9424,108.929,56778.5,56392.2,2608.17,3.29422e+06,3.29072e+06,0.706097,0.706097,0.706097,0.706097,0.706097,0.706097
42.9544,45.4627,42.9567,109.091,56768.6,56381.3,2609.66,3.29638e+06,3.29287e+06,0.706222,0.706222,0.706222,0.706222,0.706222,0.706222
42.9687,45.4871,42.971,109.227,56759.2,56370.9,2611.14,3.29854e+06,3.29503e+06,0.706347,0.706347,0.706347,0.706347,0.706347,0.706347
42.983,45.5116,42.9852,109.431,56750.2,56360.7,2612.62,3.3007e+06,3.29718e+06,0.706472,0.706472,0.706472,0.706472,0.706472,0.706472
42.9972,45.5361,42.9994,109.621,56739.7,56349,2614.11,3.30286e+06,3.29933e+06,0.706597,0.706597,0.706597,0.706597,0.706597,0.706597
43.0113,45.5606,43.0136,109.818,56730.7,56338.8,2615.59,3.30502e+06,3.30149e+06,0.706722,0.706722,0.706722,0.706722,0.706722,0.706722
43.0255,45.5851,43.0277,110.027,56720.6,56327.4,2617.08,3.30718e+06,3.30364e+06,0.706847,0.706847,0.706847,0.706847,0.706847,0.706847
43.0396,45.6096,43.0418,110.208,56711.4,56317.1,2618.57,3.30935e+06,3.3058e+06,0.706972,0.706972,0.706972,0.706972,0.706972,0.706972
43.0537,45.6341,43.0559,110.347,56702.6,56307.4,2620.06,3.31151e+06,3.30796e+06,0.707097,0.707097,0.707097,0.707097,0.707097,0.707097
43.0677,45.6586,43.0699,110.517,56691.7,56295.3,2621.55,3.31367e+06,3.31011e+06,0.707222,0.707222,0.707222,0.707222,0.707222,0.707222
43.0817,45.6831,43.084,110.667,56680.9,56283.5,2623.04,3.31584e+06,3.31227e+06,0.707347,0.707347,0.707347,0.707347,0.707347,0.707347
43.0957,45.7076,43.0979,110.887,56671.6,56272.8,2624.53,3.318e+06,3.31443e+06,0.707472,0.707472,0.707472,0.707472,0.707472,0.707472
43.1097,45.7321,43.1119,111.047,56660.9,56261,2626.02,3.32017e+06,3.31659e+06,0.707597,0.707597,0.707597,0.707597,0.707597,0.707597
43.1236,45.7567,43.1258,111.183,56651.2,56250.3,2627.52,3.32233e+06,3.31874e+06,0.707722,0.707722,0.707722,0.707722,0.707722,0.707722
43.1375,45.7812,43.1397,111.319,56640.7,56238.8,2629.02,3.3245e+06,3.3209e+06,0.707847,0.707847,0.707847,0.707847,0.707847,0.707847
43.1513,45.8058,43.1536,111.533,56631.2,56228.1,2630.51,3.32667e+06,3.32306e+06,0.707972,0.707972,0.707972,0.707972,0.707972,0.707972
43.1651,45.8304,43.1674,111.717,56621.7,56217.4,2632.01,3.32883e+06,3.32522e+06,0.708097,0.708097,0.708097,0.708097,0.708097,0.708097
43.1789,45.855,43.1811,111.866,56612.3,56207.1,2633.51,3.331e+06,3.32738e+06,0.708222,0.708222,0.708222,0.708222,0.708222,0.708222
43.1926,45.8796,43.1949,111.998,56602.2,56196,2635.01,3.33317e+06,3.32955e+06,0.708347,0.708347,0.708347,0.708347,0.708347,0.708347
43.2063,45.9042,43.2085,112.219,56592.8,56185.3,2636.52,3.33534e+06,3.33171e+06,0.708472,0.708472,0.708472,0.708472,0.708472,0.708472
43.22,45.9288,43.2222,112.397,56581.6,56172.8,2638.02,3.33751e+06,3.33387e+06,0.708597,0.708597,0.708597,0.708597,0.708597,0.708597
43.2336,45.9534,43.2359,112.544,56571.6,56161.8,2639.53,3.33968e+06,3.33603e+06,0.708722,0.708722,0.708722,0.708722,0.708722,0.708722
43.2472,45.978,43.2494,112.737,56562.1,56151.1,2641.03,3.34185e+06,3.3382e+06,0.708847,0.708847,0.708847,0.708847,0.708847,0.708847
43.2608,46.0027,43.263,112.903,56550.7,56138.5,2642.54,3.34402e+06,3.34036e+06,0.708972,0.708972,0.708972,0.708972,0.708972,0.708972
43.2743,46.0273,43.2765,113.089,56540.9,56127.5,2644.05,3.34619e+06,3.34252e+06,0.709097,0.709097,0.709097,0.709097,0.709097,0.709097
43.2878,46.052,43.29,113.226,56530.6,56116.2,2645.56,3.34836e+06,3.34469e+06,0.709222,0.709222,0.709222,0.709222,0.709222,0.709222
43.3012,46.0766,43.3035,113.366,56520,56104.6,2647.07,3.35053e+06,3.34685e+06,0.709347,0.709347,0.709347,0.709347,0.709347,0.709347
43.3146,46.1013,43.3168,113.584,56509.6,56092.8,2648.58,3.35271e+06,3.34902e+06,0.709472,0.709472,0.709472,0.709472,0.709472,0.709472
43.328,46.126,43.3302,113.722,56498.6,56080.8,2650.1,3.35488e+06,3.35118e+06,0.709597,0.709597,0.709597,0.709597,0.709597,0.709597
43.3414,46.1507,43.3436,113.886,56488.5,56069.5,2651.61,3.35705e+06,3.35335e+06,0.709722,0.709722,0.709722,0.709722,0.709722,0.709722
43.3546,46.1754,43.3569,114.058,56476.8,56056.7,2653.13,3.35923e+06,3.35552e+06,0.709847,0.709847,0.709847,0.709847,0.709847,0.709847
43.3679,46.2001,43.3701,114.232,56467.2,56045.9,2654.65,3.3614e+06,3.35768e+06,0.709972,0.709972,0.709972,0.709972,0.709972,0.709972
43.3811,46.2248,43.3834,114.343,56456,56033.8,2656.17,3.36358e+06,3.35985e+06,0.710097,0.710097,0.710097,0.710097,0.710097,0.710097
43.3943,46.2495,43.3965,114.517,56444.8,56021.4,2657.69,3.36575e+06,3.36202e+06,0.710222,0.710222,0.710222,0.710222,0.710222,0.710222
43.4074,46.2742,43.4097,114.625,56435.4,56011.2,2659.21,3.36793e+06,3.36419e+06,0.710347,0.710347,0.710347,0.710347,0.710347,0.710347
43.4205,46.299,43.4228,114.813,56424.5,55999,2660.73,3.37011e+06,3.36636e+06,0.710472,0.710472,0.710472,0.710472,0.710472,0.710472
43.4336,46.3237,43.4359,114.962,56414.3,55987.7,2662.26,3.37228e+06,3.36853e+06,0.710597,0.710597,0.710597,0.710597,0.710597,0.710597
43.4466,46.3485,43.4488,115.206,56405.2,55977.2,2663.79,3.37446e+06,3.3707e+06,0.710722,0.710722,0.710722,0.710722,0.710722,0.710722
43.4596,46.3733,43.4618,115.357,56396.3,55967.3,2665.31,3.37664e+06,3.37287e+06,0.710847,0.710847,0.710847,0.710847,0.710847,0.710847
43.4725,46.3981,43.4747,115.53,56384.4,55954.2,2666.84,3.37882e+06,3.37504e+06,0.710972,0.710972,0.710972,0.710972,0.710972,0.710972
43.4854,46.4229,43.4876,115.75,56372.5,55940.7,2668.37,3.381e+06,3.37721e+06,0.711097,0.711097,0.711097,0.711097,0.711097,0.711097
43.4983,46.4477,43.5005,115.922,56361.3,55928.3,2669.9,3.38318e+06,3.37938e+06,0.711222,0.711222,0.711222,0.711222,0.711222,0.711222
43.5111,46.4725,43.5133,116.092,56350.5,55916.3,2671.43,3.38536e+06,3.38156e+06,0.711347,0.711347,0.711347,0.711347,0.711347,0.711347
43.5239,46.4973,43.5261,116.206,56339.9,55904.9,2672.97,3.38754e+06,3.38373e+06,0.711472,0.711472,0.711472,0.711472,0.711472,0.711472
43.5366,46.5222,43.5388,116.385,56328.5,55892.1,2674.5,3.38972e+06,3.3859e+06,0.711597,0.711597,0.711597,0.711597,0.711597,0.711597
43.5493,46.547,43.5515,116.587,56317.1,55879.4,2676.04,3.3919e+06,3.38808e+06,0.711722,0.711722,0.711722,0.711722,0.711722,0.711722
43.562,46.5718,43.5642,116.766,56304.9,55865.8,2677.58,3.39408e+06,3.39025e+06,0.711847,0.711847,0.711847,0.711847,0.711847,0.711847
43.5746,46.5967,43.5768,116.859,56293.4,55853.5,2679.12,3.39627e+06,3.39243e+06,0.711972,0.711972,0.711972,0.711972,0.711972,0.711972
43.5872,46.6215,43.5894,117.041,56282.4,55841.3,2680.66,3.39845e+06,3.3946e+06,0.712097,0.712097,0.712097,0.712097,0.712097,0.712097
43.5997,46.6464,43.6019,117.226,56270.8,55828.3,2682.2,3.40063e+06,3.39678e+06,0.712222,0.712222,0.712222,0.712222,0.712222,0.712222
43.6122,46.6713,43.6143,117.387,56260.7,55817.1,2683.74,3.40282e+06,3.39895e+06,0.712347,0.712347,0.712347,0.712347,0.712347,0.712347
43.6246,46.6962,43.6268,117.524,56249.2,55804.5,2685.29,3.405e+06,3.40113e+06,0.712472,0.712472,0.712472,0.712472,0.712472,0.712472
43.6371,46.7211,43.6392,117.688,56236.8,55790.8,2686.83,3.40719e+06,3.40331e+06,0.712597,0.712597,0.712597,0.712597,0.712597,0.712597
43.6494,46.746,43.6516,117.873,56225.5,55778.2,2688.38,3.40937e+06,3.40548e+06,0.712722,0.712722,0.712722,0.712722,0.712722,0.712722
43.6618,46.7709,43.6639,117.956,56213.8,55765.7,2689.93,3.41156e+06,3.40766e+06,0.712847,0.712847,0.712847,0.712847,0.712847,0.712847
43.6741,46.7958,43.6762,118.131,56202.4,55752.9,2691.48,3.41375e+06,3.40984e+06,0.712972,0.712972,0.712972,0.712972,0.712972,0.712972
43.6863,46.8207,43.6885,118.277,56191,55740.4,2693.03,3.41593e+06,3.41202e+06,0.713097,0.713097,0.713097,0.713097,0.713097,0.713097
43.6985,46.8457,43.7007,118.409,56179.1,55727.5,2694.58,3.41812e+06,3.4142e+06,0.713222,0.713222,0.713222,0.713222,0.713222,0.713222
43.7107,46.8706,43.7128,118.573,56167,55714.1,2696.14,3.42031e+06,3.41638e+06,0.713347,0.713347,0.713347,0.713347,0.713347,0.713347
43.7228,46.8956,43.7249,118.778,56154.6,55700.3,2697.69,3.4225e+06,3.41856e+06,0.713472,0.713472,0.713472,0.713472,0.713472,0.713472
43.7349,46.9205,43.737,118.963,56143.1,55687.5,2699.25,3.42468e+06,3.42074e+06,0.713597,0.713597,0.713597,0.713597,0.713597,0.713597
43.7469,46.9455,43.7491,119.07,56130.5,55673.8,2700.81,3.42687e+06,3.42292e+06,0.713722,0.713722,0.713722,0.713722,0.713722,0.713722
43.7589,46.9704,43.7611,119.206,56117.3,55659.5,2702.37,3.42906e+06,3.4251e+06,0.713847,0.713847,0.713847,0.713847,0.713847,0.713847
43.7709,46.9954,43.773,119.32,56105.9,55647.1,2703.93,3.43125e+06,3.42728e+06,0.713972,0.713972,0.713972,0.713972,0.713972,0.713972
43.7828,47.0205,43.7849,119.477,56095.4,55635.3,2705.49,3.43344e+06,3.42947e+06,0.714097,0.714097,0.714097,0.714097,0.714097,0.714097
43.7946,47.0455,43.7967,119.568,56085,55624.1,2707.06,3.43564e+06,3.43165e+06,0.714222,0.714222,0.714222,0.714222,0.714222,0.714222
43.8064,47.0705,43.8086,119.677,56072,55610.1,2708.62,3.43783e+06,3.43383e+06,0.714347,0.714347,0.714347,0.714347,0.714347,0.714347
43.8182,47.0955,43.8203,119.814,56060,55597,2710.19,3.44002e+06,3.43602e+06,0.714472,0.714472,0.714472,0.714472,0.714472,0.714472
43.8299,47.1205,43.832,119.971,56049.1,55584.9,2711.76,3.44221e+06,3.4382e+06,0.714597,0.714597,0.714597,0.714597,0.714597,0.714597
43.8416,47.1456,43.8436,120.235,56037,55571,2713.33,3.4444e+06,3.44038e+06,0.714722,0.714722,0.714722,0.714722,0.714722,0.714722
43.8532,47.1707,43.8552,120.469,56025.9,55558.4,2714.9,3.4466e+06,3.44257e+06,0.714847,0.714847,0.714847,0.714847,0.714847,0.714847
43.8648,47.1958,43.8668,120.536,56013.2,55544.8,2716.47,3.44879e+06,3.44475e+06,0.714972,0.714972,0.714972,0.714972,0.714972,0.714972
43.8763,47.2208,43.8783,120.703,55999.2,55529.4,2718.05,3.45099e+06,3.44694e+06,0.715097,0.715097,0.715097,0.715097,0.715097,0.715097
43.8878,47.2459,43.8898,120.873,55987.3,55516.2,2719.62,3.45318e+06,3.44913e+06,0.715222,0.715222,0.715222,0.715222,0.715222,0.715222
43.8992,47.2711,43.9012,121.09,55975.8,55503.2,2721.2,3.45538e+06,3.45131e+06,0.715347,0.715347,0.715347,0.715347,0.715347,0.715347
43.9106,47.2962,43.9126,121.187,55963.4,55489.8,2722.78,3.45757e+06,3.4535e+06,0.715472,0.715472,0.715472,0.715472,0.715472,0.715472
43.922,47.3212,43.924,121.354,55949.8,55474.8,2724.36,3.45977e+06,3.45569e+06,0.715597,0.715597,0.715597,0.715597,0.715597,0.715597
43.9333,47.3463,43.9353,121.503,55935.9,55459.6,2725.94,3.46196e+06,3.45788e+06,0.715722,0.715722,0.715722,0.715722,0.715722,0.715722
43.9446,47.3715,43.9465,121.609,55922.7,55445.3,2727.52,3.46416e+06,3.46006e+06,0.715847,0.715847,0.715847,0.715847,0.715847,0.715847
43.9558,47.3966,43.9578,121.717,55909.1,55430.5,2729.1,3.46636e+06,3.46225e+06,0.715972,0.715972,0.715972,0.715972,0.715972,0.715972
43.967,47.4217,43.9689,121.861,55897.5,55417.7,2730.69,3.46856e+06,3.46444e+06,0.716097,0.716097,0.716097,0.716097,0.716097,0.716097
43.9781,47.4469,43.98,122.092,55884.4,55403,2732.28,3.47076e+06,3.46663e+06,0.716222,0.716222,0.716222,0.716222,0.716222,0.716222
43.9893,47.4721,43.9911,122.252,55871,55388.2,2733.86,3.47295e+06,3.46882e+06,0.716347,0.716347,0.716347,0.716347,0.716347,0.716347
44.0003,47.4972,44.0022,122.324,55858.3,55374.6,2735.45,3.47515e+06,3.47101e+06,0.716472,0.716472,0.716472,0.716472,0.716472,0.716472
44.0113,47.5224,44.0132,122.46,55844.8,55359.8,2737.04,3.47735e+06,3.4732e+06,0.716597,0.716597,0.716597,0.716597,0.716597,0.716597
44.0222,47.5476,44.0241,122.552,55833.7,55347.8,2738.64,3.47955e+06,3.47539e+06,0.716722,0.716722,0.716722,0.716722,0.716722,0.716722
44.0331,47.5728,44.0351,122.624,55820.1,55333.2,2740.23,3.48175e+06,3.47759e+06,0.716847,0.716847,0.716847,0.716847,0.716847,0.716847
44.044,47.598,44.0459,122.767,55807.6,55319.5,2741.83,3.48395e+06,3.47978e+06,0.716972,0.716972,0.716972,0.716972,0.716972,0.716972
44.0548,47.6232,44.0567,122.805,55795.1,55306.3,2743.42,3.48616e+06,3.48197e+06,0.717097,0.717097,0.717097,0.717097,0.717097,0.717097
44.0655,47.6484,44.0675,122.848,55782.4,55292.7,2745.02,3.48836e+06,3.48416e+06,0.717222,0.717222,0.717222,0.717222,0.717222,0.717222
44.0762,47.6736,44.0782,122.954,55767.5,55276.7,2746.62,3.49056e+06,3.48636e+06,0.717347,0.717347,0.717347,0.717347,0.717347,0.717347
44.0869,47.6988,44.0889,123.042,55754.3,55262.4,2748.22,3.49276e+06,3.48855e+06,0.717472,0.717472,0.717472,0.717472,0.717472,0.717472
44.0975,47.7241,44.0995,123.101,55742.2,55249.5,2749.83,3.49497e+06,3.49074e+06,0.717597,0.717597,0.717597,0.717597,0.717597,0.717597
44.108,47.7494,44.11,123.257,55728.5,55234.4,2751.43,3.49717e+06,3.49294e+06,0.717722,0.717722,0.717722,0.717722,0.717722,0.717722
44.1185,47.7746,44.1205,123.349,55714.6,55219.4,2753.04,3.49937e+06,3.49513e+06,0.717847,0.717847,0.717847,0.717847,0.717847,0.717847
44.129,47.7999,44.131,123.451,55702.1,55205.8,2754.65,3.50158e+06,3.49733e+06,0.717972,0.717972,0.717972,0.717972,0.717972,0.717972
44.1394,47.8252,44.1413,123.616,55689.4,55191.7,2756.25,3.50378e+06,3.49952e+06,0.718097,0.718097,0.718097,0.718097,0.718097,0.718097
44.1498,47.8505,44.1517,123.724,55674.6,55175.7,2757.87,3.50599e+06,3.50172e+06,0.718222,0.718222,0.718222,0.718222,0.718222,0.718222
44.1601,47.8758,44.162,123.799,55661.1,55161.2,2759.48,3.50819e+06,3.50392e+06,0.718347,0.718347,0.718347,0.718347,0.718347,0.718347
44.1703,47.9011,44.1722,123.902,55647.7,55146.7,2761.09,3.5104e+06,3.50611e+06,0.718472,0.718472,0.718472,0.718472,0.718472,0.718472
44.1805,47.9264,44.1825,123.963,55633.5,55131.5,2762.71,3.51261e+06,3.50831e+06,0.718597,0.718597,0.718597,0.718597,0.718597,0.718597
44.1907,47.9517,44.1926,124.061,55619.4,55116.3,2764.32,3.51481e+06,3.51051e+06,0.718722,0.718722,0.718722,0.718722,0.718722,0.718722
44.2008,47.9771,44.2027,124.168,55606,55101.7,2765.94,3.51702e+06,3.51271e+06,0.718847,0.718847,0.718847,0.718847,0.718847,0.718847
44.2108,48.0024,44.2127,124.324,55592.3,55086.5,2767.56,3.51923e+06,3.51491e+06,0.718972,0.718972,0.718972,0.718972,0.718972,0.718972
44.2208,48.0278,44.2227,124.449,55579.6,55072.6,2769.18,3.52144e+06,3.5171e+06,0.719097,0.719097,0.719097,0.719097,0.719097,0.719097
44.2308,48.0532,44.2326,124.64,55566.7,55058.2,2770.81,3.52364e+06,3.5193e+06,0.719222,0.719222,0.719222,0.719222,0.719222,0.719222
44.2407,48.0786,44.2425,124.682,55552.1,55042.7,2772.43,3.52585e+06,3.5215e+06,0.719347,0.719347,0.719347,0.719347,0.719347,0.719347
44.2505,48.1039,44.2523,124.788,55537.8,55027.1,2774.06,3.52806e+06,3.5237e+06,0.719472,0.719472,0.719472,0.719472,0.719472,0.719472
44.2603,48.1293,44.2621,124.897,55524.2,55012.4,2775.68,3.53027e+06,3.5259e+06,0.719597,0.719597,0.719597,0.719597,0.719597,0.719597
44.27,48.1548,44.2718,124.979,55510.6,54997.7,2777.31,3.53248e+06,3.5281e+06,0.719721,0.719721,0.719721,0.719721,0.719721,0.719721
44.2797,48.1802,44.2815,125.071,55497,54982.9,2778.94,3.53469e+06,3.53031e+06,0.719846,0.719846,0.719846,0.719846,0.719846,0.719846
44.2894,48.2056,44.2911,125.189,55482.7,54967.3,2780.57,3.5369e+06,3.53251e+06,0.719971,0.719971,0.719971,0.719971,0.719971,0.719971
44.2989,48.231,44.3007,125.245,55469.3,54952.9,2782.21,3.53912e+06,3.53471e+06,0.720096,0.720096,0.720096,0.720096,0.720096,0.720096
44.3084,48.2565,44.3102,125.315,55455.7,54938.4,2783.84,3.54133e+06,3.53691e+06,0.720221,0.720221,0.720221,0.720221,0.720221,0.720221
44.3179,48.282,44.3196,125.438,55442.9,54924.3,2785.48,3.54354e+06,3.53911e+06,0.720346,0.720346,0.720346,0.720346,0.720346,0.720346
44.3273,48.3074,44.329,125.525,55430.7,54911,2787.12,3.54575e+06,3.54132e+06,0.720471,0.720471,0.720471,0.720471,0.720471,0.720471
44.3367,48.3329,44.3384,125.582,55416.3,54895.6,2788.76,3.54797e+06,3.54352e+06,0.720596,0.720596,0.720596,0.720596,0.720596,0.720596
44.346,48.3583,44.3477,125.594,55400.2,54878.5,2790.4,3.55018e+06,3.54572e+06,0.720721,0.720721,0.720721,0.720721,0.720721,0.720721
44.3552,48.3838,44.3569,125.671,55385.6,54862.8,2792.04,3.55239e+06,3.54793e+06,0.720846,0.720846,0.720846,0.720846,0.720846,0.720846
44.3645,48.4092,44.3661,125.726,55369.2,54845.3,2793.69,3.55461e+06,3.55013e+06,0.720971,0.720971,0.720971,0.720971,0.720971,0.720971
44.3736,48.4347,44.3753,125.766,55354.5,54829.5,2795.33,3.55682e+06,3.55234e+06,0.721096,0.721096,0.721096,0.721096,0.721096,0.721096
44.3827,48.4603,44.3844,125.849,55340.6,54814.5,2796.98,3.55904e+06,3.55454e+06,0.721221,0.721221,0.721221,0.721221,0.721221,0.721221
44.3917,48.4858,44.3934,125.878,55327.6,54800.7,2798.63,3.56125e+06,3.55675e+06,0.721346,0.721346,0.721346,0.721346,0.721346,0.721346
44.4007,48.5113,44.4024,125.929,55313.7,54785.8,2800.28,3.56347e+06,3.55896e+06,0.721471,0.721471,0.721471,0.721471,0.721471,0.721471
44.4097,48.5368,44.4113,126.008,55299.2,54770.1,2801.93,3.56568e+06,3.56116e+06,0.721596,0.721596,0.721596,0.721596,0.721596,0.721596
44.4186,48.5624,44.4202,126.075,55284.6,54754.4,2803.59,3.5679e+06,3.56337e+06,0.721721,0.721721,0.721721,0.721721,0.721721,0.721721
44.4274,48.588,44.429,126.147,55269.8,54738.4,2805.24,3.57012e+06,3.56558e+06,0.721846,0.721846,0.721846,0.721846,0.721846,0.721846
44.4361,48.6135,44.4377,126.196,55256,54723.6,2806.9,3.57234e+06,3.56778e+06,0.721971,0.721971,0.721971,0.721971,0.721971,0.721971
44.4448,48.6391,44.4464,126.274,55242.2,54708.7,2808.56,3.57455e+06,3.56999e+06,0.722096,0.722096,0.722096,0.722096,0.722096,0.722096
44.4535,48.6647,44.4551,126.282,55226.6,54692.2,2810.22,3.57677e+06,3.5722e+06,0.722221,0.722221,0.722221,0.722221,0.722221,0.722221
44.4621,48.6903,44.4636,126.372,55211.6,54675.9,2811.88,3.57899e+06,3.57441e+06,0.722346,0.722346,0.722346,0.722346,0.722346,0.722346
44.4707,48.7159,44.4722,126.424,55196.4,54659.7,2813.54,3.58121e+06,3.57662e+06,0.722471,0.722471,0.722471,0.722471,0.722471,0.722471
44.4791,48.7415,44.4806,126.499,55182.9,54645,2815.21,3.58343e+06,3.57883e+06,0.722596,0.722596,0.722596,0.722596,0.722596,0.722596
44.4876,48.7672,44.4891,126.543,55169.3,54630.4,2816.87,3.58565e+06,3.58104e+06,0.722721,0.722721,0.722721,0.722721,0.722721,0.722721
44.4959,48.7928,44.4975,126.525,55154.9,54615.2,2818.54,3.58787e+06,3.58325e+06,0.722846,0.722846,0.722846,0.722846,0.722846,0.722846
44.5043,48.8184,44.5058,126.567,55140.3,54599.6,2820.21,3.59009e+06,3.58546e+06,0.722971,0.722971,0.722971,0.722971,0.722971,0.722971
44.5125,48.844,44.514,126.616,55125,54583.2,2821.88,3.59231e+06,3.58767e+06,0.723096,0.723096,0.723096,0.723096,0.723096,0.723096
44.5207,48.8697,44.5222,126.573,55109.8,54567.3,2823.55,3.59453e+06,3.58988e+06,0.723221,0.723221,0.723221,0.723221,0.723221,0.723221
44.5288,48.8954,44.5303,126.608,55096.4,54552.9,2825.23,3.59675e+06,3.59209e+06,0.723346,0.723346,0.723346,0.723346,0.723346,0.723346
44.5369,48.921,44.5384,126.62,55080.2,54535.7,2826.91,3.59898e+06,3.5943e+06,0.723471,0.723471,0.723471,0.723471,0.723471,0.723471
44.5449,48.9467,44.5464,126.696,55067,54521.4,2828.58,3.6012e+06,3.59651e+06,0.723596,0.723596,0.723596,0.723596,0.723596,0.723596
44.5529,48.9724,44.5544,126.706,55051.8,54505.3,2830.26,3.60342e+06,3.59873e+06,0.723721,0.723721,0.723721,0.723721,0.723721,0.723721
44.5608,48.9981,44.5623,126.702,55037.2,54489.9,2831.94,3.60564e+06,3.60094e+06,0.723846,0.723846,0.723846,0.723846,0.723846,0.723846
44.5687,49.0238,44.5701,126.744,55021.1,54472.6,2833.63,3.60787e+06,3.60315e+06,0.723971,0.723971,0.723971,0.723971,0.723971,0.723971
44.5765,49.0495,44.5779,126.762,55004.8,54455.2,2835.31,3.61009e+06,3.60537e+06,0.724096,0.724096,0.724096,0.724096,0.724096,0.724096
44.5843,49.0752,44.5857,126.749,54988.2,54437.6,2836.99,3.61232e+06,3.60758e+06,0.724221,0.724221,0.724221,0.724221,0.724221,0.724221
44.592,49.1009,44.5933,126.804,54973.5,54421.8,2838.68,3.61454e+06,3.6098e+06,0.724346,0.724346,0.724346,0.724346,0.724346,0.724346
44.5996,49.1266,44.601,126.774,54957,54404.4,2840.37,3.61677e+06,3.61201e+06,0.724471,0.724471,0.724471,0.724471,0.724471,0.724471
44.6072,49.1524,44.6085,126.786,54942.8,54389.4,2842.06,3.61899e+06,3.61423e+06,0.724596,0.724596,0.724596,0.724596,0.724596,0.724596
44.6147,49.1781,44.6161,126.729,54927.1,54373,2843.75,3.62122e+06,3.61644e+06,0.724721,0.724721,0.724721,0.724721,0.724721,0.724721
44.6222,49.2038,44.6235,126.653,54910.7,54355.9,2845.45,3.62344e+06,3.61866e+06,0.724846,0.724846,0.724846,0.724846,0.724846,0.724846
44.6295,49.2296,44.6309,126.669,54895.8,54340.1,2847.14,3.62567e+06,3.62087e+06,0.724971,0.724971,0.724971,0.724971,0.724971,0.724971
44.6369,49.2554,44.6383,126.6,54880.9,54324.5,2848.84,3.6279e+06,3.62309e+06,0.725096,0.725096,0.725096,0.725096,0.725096,0.725096
44.6442,49.2812,44.6455,126.651,54865.7,54308.2,2850.54,3.63012e+06,3.62531e+06,0.725221,0.725221,0.725221,0.725221,0.725221,0.725221
44.6514,49.307,44.6527,126.637,54850.3,54291.9,2852.24,3.63235e+06,3.62752e+06,0.725346,0.725346,0.725346,0.725346,0.725346,0.725346
44.6585,49.3328,44.6599,126.614,54835.4,54276.1,2853.94,3.63458e+06,3.62974e+06,0.725471,0.725471,0.725471,0.725471,0.725471,0.725471
44.6656,49.3586,44.6669,126.579,54819.2,54259.1,2855.64,3.63681e+06,3.63196e+06,0.725596,0.725596,0.725596,0.725596,0.725596,0.725596
44.6726,49.3845,44.674,126.546,54805.1,54244.3,2857.34,3.63904e+06,3.63418e+06,0.725721,0.725721,0.725721,0.725721,0.725721,0.725721
44.6796,49.4103,44.6809,126.54,54790.2,54228.6,2859.05,3.64127e+06,3.6364e+06,0.725846,0.725846,0.725846,0.725846,0.725846,0.725846
44.6865,49.4362,44.6878,126.532,54775,54212.4,2860.76,3.6435e+06,3.63861e+06,0.725971,0.725971,0.725971,0.725971,0.725971,0.725971
44.6934,49.4621,44.6946,126.634,54759.1,54195,2862.47,3.64573e+06,3.64083e+06,0.726096,0.726096,0.726096,0.726096,0.726096,0.726096
44.7001,49.488,44.7013,126.681,54744.5,54179.3,2864.18,3.64796e+06,3.64305e+06,0.726221,0.726221,0.726221,0.726221,0.726221,0.726221
44.7068,49.5139,44.708,126.596,54729.1,54163.3,2865.89,3.65019e+06,3.64527e+06,0.726346,0.726346,0.726346,0.726346,0.726346,0.726346
44.7135,49.5398,44.7147,126.569,54713.7,54147.1,2867.61,3.65242e+06,3.64749e+06,0.726471,0.726471,0.726471,0.726471,0.726471,0.726471
44.7201,49.5656,44.7213,126.498,54696.8,54129.4,2869.32,3.65465e+06,3.64971e+06,0.726596,0.726596,0.726596,0.726596,0.726596,0.726596
44.7266,49.5915,44.7278,126.459,54681.6,54113.4,2871.04,3.65688e+06,3.65193e+06,0.726721,0.726721,0.726721,0.726721,0.726721,0.726721
44.7331,49.6175,44.7342,126.442,54666.6,54097.6,2872.76,3.65911e+06,3.65416e+06,0.726846,0.726846,0.726846,0.726846,0.726846,0.726846
44.7395,49.6434,44.7406,126.394,54650.6,54080.7,2874.48,3.66135e+06,3.65638e+06,0.726971,0.726971,0.726971,0.726971,0.726971,0.726971
44.7458,49.6693,44.7469,126.329,54636.4,54066,2876.2,3.66358e+06,3.6586e+06,0.727096,0.727096,0.727096,0.727096,0.727096,0.727096
44.7521,49.6953,44.7532,126.335,54621.5,54050,2877.93,3.66581e+06,3.66082e+06,0.727221,0.727221,0.727221,0.727221,0.727221,0.727221
44.7582,49.7213,44.7593,126.303,54606.8,54034.6,2879.65,3.66805e+06,3.66304e+06,0.727346,0.727346,0.727346,0.727346,0.727346,0.727346
44.7643,49.7473,44.7655,126.268,54593.1,54020.2,2881.38,3.67028e+06,3.66527e+06,0.727471,0.727471,0.727471,0.727471,0.727471,0.727471
44.7704,49.7732,44.7715,126.191,54576.7,54003.1,2883.11,3.67251e+06,3.66749e+06,0.727596,0.727596,0.727596,0.727596,0.727596,0.727596
44.7764,49.7992,44.7775,126.146,54561.7,53987.3,2884.84,3.67475e+06,3.66971e+06,0.727721,0.727721,0.727721,0.727721,0.727721,0.727721
44.7823,49.8252,44.7834,126.103,54547,53971.8,2886.57,3.67698e+06,3.67194e+06,0.727846,0.727846,0.727846,0.727846,0.727846,0.727846
44.7882,49.8513,44.7893,126.092,54531.7,53955.6,2888.3,3.67922e+06,3.67416e+06,0.727971,0.727971,0.727971,0.727971,0.727971,0.727971
44.794,49.8773,44.7951,126.025,54516.5,53939.7,2890.04,3.68146e+06,3.67639e+06,0.728096,0.728096,0.728096,0.728096,0.728096,0.728096
44.7998,49.9034,44.8007,126.094,54502.1,53924,2891.78,3.68369e+06,3.67861e+06,0.728221,0.728221,0.728221,0.728221,0.728221,0.728221
44.8054,49.9295,44.8064,126.124,54487.2,53908,2893.51,3.68593e+06,3.68084e+06,0.728346,0.728346,0.728346,0.728346,0.728346,0.728346
44.811,49.9555,44.8119,126.069,54472.9,53893,2895.25,3.68817e+06,3.68306e+06,0.728471,0.728471,0.728471,0.728471,0.728471,0.728471
44.8166,49.9815,44.8175,125.976,54456.4,53875.8,2897,3.6904e+06,3.68529e+06,0.728596,0.728596,0.728596,0.728596,0.728596,0.728596
44.8221,50.0076,44.8229,125.952,54440.1,53858.5,2898.74,3.69264e+06,3.68751e+06,0.728721,0.728721,0.728721,0.728721,0.728721,0.728721
44.8275,50.0337,44.8283,125.981,54424.2,53841.4,2900.48,3.69488e+06,3.68974e+06,0.728846,0.728846,0.728846,0.728846,0.728846,0.728846
44.8328,50.0598,44.8336,125.896,54409.6,53826.2,2902.23,3.69712e+06,3.69197e+06,0.728971,0.728971,0.728971,0.728971,0.728971,0.728971
44.8381,50.0859,44.8389,125.808,54394.5,53810.5,2903.98,3.69936e+06,3.6942e+06,0.729096,0.729096,0.729096,0.729096,0.729096,0.729096
44.8433,50.112,44.844,125.808,54379.6,53794.6,2905.73,3.70159e+06,3.69642e+06,0.729221,0.729221,0.729221,0.729221,0.729221,0.729221
44.8485,50.1381,44.8492,125.767,54364,53778.1,2907.48,3.70383e+06,3.69865e+06,0.729346,0.729346,0.729346,0.729346,0.729346,0.729346
44.8535,50.1643,44.8542,125.705,54348.8,53762.2,2909.23,3.70607e+06,3.70088e+06,0.729471,0.729471,0.729471,0.729471,0.729471,0.729471
44.8586,50.1904,44.8592,125.691,54332.8,53745.1,2910.98,3.70831e+06,3.70311e+06,0.729596,0.729596,0.729596,0.729596,0.729596,0.729596
44.8635,50.2166,44.8641,125.651,54317.3,53728.8,2912.74,3.71055e+06,3.70534e+06,0.729721,0.729721,0.729721,0.729721,0.729721,0.729721
44.8684,50.2427,44.8689,125.607,54301,53711.5,2914.5,3.7128e+06,3.70757e+06,0.729846,0.729846,0.729846,0.729846,0.729846,0.729846
44.8732,50.2688,44.8738,125.432,54285.5,53695.8,2916.26,3.71504e+06,3.7098e+06,0.729971,0.729971,0.729971,0.729971,0.729971,0.729971
44.878,50.295,44.8785,125.331,54269.3,53679,2918.02,3.71728e+06,3.71203e+06,0.730096,0.730096,0.730096,0.730096,0.730096,0.730096
44.8826,50.3211,44.8831,125.232,54254.7,53663.9,2919.78,3.71952e+06,3.71426e+06,0.730221,0.730221,0.730221,0.730221,0.730221,0.730221
44.8872,50.3473,44.8877,125.093,54239.2,53648,2921.54,3.72176e+06,3.71649e+06,0.730346,0.730346,0.730346,0.730346,0.730346,0.730346
44.8917,50.3735,44.8922,124.986,54223.7,53631.9,2923.31,3.724e+06,3.71872e+06,0.730471,0.730471,0.730471,0.730471,0.730471,0.730471
44.8962,50.3996,44.8966,124.847,54206.8,53614.6,2925.08,3.72625e+06,3.72095e+06,0.730596,0.730596,0.730596,0.730596,0.730596,0.730596
44.9006,50.4259,44.901,124.77,54191.3,53598.3,2926.85,3.72849e+06,3.72318e+06,0.730721,0.730721,0.730721,0.730721,0.730721,0.730721
44.9049,50.4521,44.9053,124.652,54176,53582.5,2928.62,3.73073e+06,3.72541e+06,0.730846,0.730846,0.730846,0.730846,0.730846,0.730846
44.9091,50.4783,44.9095,124.579,54160.5,53566.2,2930.39,3.73298e+06,3.72765e+06,0.730971,0.730971,0.730971,0.730971,0.730971,0.730971
44.9132,50.5046,44.9136,124.491,54146.2,53551.4,2932.16,3.73522e+06,3.72988e+06,0.731096,0.731096,0.731096,0.731096,0.731096,0.731096
44.9173,50.5309,44.9177,124.402,54131.3,53535.8,2933.94,3.73747e+06,3.73211e+06,0.731221,0.731221,0.731221,0.731221,0.731221,0.731221
44.9213,50.5571,44.9217,124.324,54116.2,53520.1,2935.71,3.73971e+06,3.73434e+06,0.731346,0.731346,0.731346,0.731346,0.731346,0.731346
44.9253,50.5834,44.9256,124.185,54101.6,53505.1,2937.49,3.74196e+06,3.73658e+06,0.731471,0.731471,0.731471,0.731471,0.731471,0.731471
44.9292,50.6097,44.9295,124.164,54086.1,53488.6,2939.27,3.7442e+06,3.73881e+06,0.731596,0.731596,0.731596,0.731596,0.731596,0.731596
44.933,50.636,44.9332,124.035,54070.8,53472.8,2941.05,3.74645e+06,3.74105e+06,0.731721,0.731721,0.731721,0.731721,0.731721,0.731721
44.9367,50.6623,44.9369,123.914,54055.3,53456.8,2942.84,3.7487e+06,3.74328e+06,0.731846,0.731846,0.731846,0.731846,0.731846,0.731846
44.9404,50.6886,44.9406,123.799,54040,53440.9,2944.62,3.75094e+06,3.74552e+06,0.731971,0.731971,0.731971,0.731971,0.731971,0.731971
44.944,50.7149,44.9442,123.635,54023.9,53424.4,2946.41,3.75319e+06,3.74775e+06,0.732096,0.732096,0.732096,0.732096,0.732096,0.732096
44.9475,50.7412,44.9477,123.473,54008.4,53408.6,2948.2,3.75544e+06,3.74999e+06,0.732221,0.732221,0.732221,0.732221,0.732221,0.732221
44.951,50.7675,44.9512,123.327,53993.4,53393.2,2949.98,3.75769e+06,3.75222e+06,0.732346,0.732346,0.732346,0.732346,0.732346,0.732346
44.9544,50.7938,44.9546,123.135,53978.3,53377.9,2951.78,3.75993e+06,3.75446e+06,0.732471,0.732471,0.732471,0.732471,0.732471,0.732471
44.9577,50.8202,44.9579,123.011,53962.7,53361.8,2953.57,3.76218e+06,3.7567e+06,0.732596,0.732596,0.732596,0.732596,0.732596,0.732596
44.9609,50.8465,44.9611,122.828,53947.4,53346.4,2955.36,3.76443e+06,3.75893e+06,0.732721,0.732721,0.732721,0.732721,0.732721,0.732721
44.9641,50.8729,44.9643,122.691,53931.2,53329.6,2957.16,3.76668e+06,3.76117e+06,0.732846,0.732846,0.732846,0.732846,0.732846,0.732846
44.9673,50.8992,44.9674,122.504,53913.3,53311.4,2958.95,3.76893e+06,3.76341e+06,0.732971,0.732971,0.732971,0.732971,0.732971,0.732971
44.9703,50.9255,44.9704,122.324,53897.6,53295.4,2960.75,3.77118e+06,3.76565e+06,0.733096,0.733096,0.733096,0.733096,0.733096,0.733096
44.9733,50.9519,44.9733,122.132,53883.6,53281.2,2962.55,3.77343e+06,3.76788e+06,0.733221,0.733221,0.733221,0.733221,0.733221,0.733221
44.9761,50.9783,44.9762,121.961,53868,53265.3,2964.35,3.77568e+06,3.77012e+06,0.733346,0.733346,0.733346,0.733346,0.733346,0.733346
44.9789,51.0047,44.979,121.806,53853.1,53250.1,2966.16,3.77793e+06,3.77236e+06,0.73347,0.73347,0.73347,0.73347,0.73347,0.73347
44.9817,51.0312,44.9817,121.622,53838.4,53235.2,2967.96,3.78018e+06,3.7746e+06,0.733595,0.733595,0.733595,0.733595,0.733595,0.733595
44.9843,51.0576,44.9843,121.459,53822.7,53219.2,2969.77,3.78243e+06,3.77684e+06,0.73372,0.73372,0.73372,0.73372,0.73372,0.73372
44.9869,51.084,44.9869,121.282,53807.4,53203.6,2971.58,3.78469e+06,3.77908e+06,0.733845,0.733845,0.733845,0.733845,0.733845,0.733845
44.9894,51.1105,44.9894,121.141,53792.1,53187.9,2973.39,3.78694e+06,3.78132e+06,0.73397,0.73397,0.73397,0.73397,0.73397,0.73397
44.9919,51.1369,44.9918,121.005,53775.4,53170.5,2975.2,3.78919e+06,3.78356e+06,0.734095,0.734095,0.734095,0.734095,0.734095,0.734095
44.9943,51.1633,44.9941,120.833,53760,53154.8,2977.01,3.79144e+06,3.7858e+06,0.73422,0.73422,0.73422,0.73422,0.73422,0.73422
44.9966,51.1898,44.9964,120.665,53744.1,53138.5,2978.82,3.7937e+06,3.78804e+06,0.734345,0.734345,0.734345,0.734345,0.734345,0.734345
44.9989,51.2162,44.9986,120.437,53727.9,53122.3,2980.64,3.79595e+06,3.79028e+06,0.73447,0.73447,0.73447,0.73447,0.73447,0.73447
45.0011,51.2427,45.0008,120.29,53713,53106.9,2982.45,3.79821e+06,3.79253e+06,0.734595,0.734595,0.734595,0.734595,0.734595,0.734595
45.0032,51.2692,45.0028,120.171,53697.8,53091.2,2984.27,3.80046e+06,3.79477e+06,0.73472,0.73472,0.73472,0.73472,0.73472,0.73472
45.0052,51.2957,45.0048,119.927,53682.6,53076,2986.09,3.80271e+06,3.79701e+06,0.734845,0.734845,0.734845,0.734845,0.734845,0.734845
45.0071,51.3222,45.0067,119.729,53667.8,53061.1,2987.91,3.80497e+06,3.79925e+06,0.73497,0.73497,0.73497,0.73497,0.73497,0.73497
45.009,51.3488,45.0086,119.581,53653.2,53046,2989.74,3.80723e+06,3.8015e+06,0.735095,0.735095,0.735095,0.735095,0.735095,0.735095
45.0108,51.3753,45.0104,119.388,53637.6,53030.2,2991.56,3.80948e+06,3.80374e+06,0.73522,0.73522,0.73522,0.73522,0.73522,0.73522
45.0125,51.4019,45.012,119.236,53622.8,53015,2993.39,3.81174e+06,3.80598e+06,0.735345,0.735345,0.735345,0.735345,0.735345,0.735345
45.0142,51.4284,45.0137,118.997,53607.1,52999.3,2995.21,3.81399e+06,3.80823e+06,0.73547,0.73547,0.73547,0.73547,0.73547,0.73547
45.0158,51.455,45.0152,118.869,53592.5,52984.1,2997.04,3.81625e+06,3.81047e+06,0.735595,0.735595,0.735595,0.735595,0.735595,0.735595
45.0173,51.4816,45.0167,118.705,53578,52969.3,2998.87,3.81851e+06,3.81272e+06,0.73572,0.73572,0.73572,0.73572,0.73572,0.73572
45.0187,51.5081,45.0181,118.426,53563.3,52954.9,3000.7,3.82077e+06,3.81496e+06,0.735845,0.735845,0.735845,0.735845,0.735845,0.735845
45.02,51.5348,45.0195,118.248,53550.2,52941.6,3002.53,3.82302e+06,3.81721e+06,0.73597,0.73597,0.73597,0.73597,0.73597,0.73597
45.0213,51.5614,45.0207,118.074,53535.4,52926.6,3004.37,3.82528e+06,3.81945e+06,0.736095,0.736095,0.736095,0.736095,0.736095,0.736095
45.0225,51.588,45.0219,117.905,53521.6,52912.5,3006.2,3.82754e+06,3.8217e+06,0.73622,0.73622,0.73622,0.73622,0.73622,0.73622
45.0236,51.6146,45.023,117.675,53506.3,52897.1,3008.04,3.8298e+06,3.82395e+06,0.736345,0.736345,0.736345,0.736345,0.736345,0.736345
45.0247,51.6413,45.024,117.517,53492.6,52883.2,3009.88,3.83206e+06,3.82619e+06,0.73647,0.73647,0.73647,0.73647,0.73647,0.73647
45.0257,51.6679,45.025,117.304,53478,52868.5,3011.72,3.83432e+06,3.82844e+06,0.736595,0.736595,0.736595,0.736595,0.736595,0.736595
45.0266,51.6945,45.0259,117.051,53463.7,52854.4,3013.56,3.83658e+06,3.83069e+06,0.73672,0.73672,0.73672,0.73672,0.73672,0.73672
45.0274,51.7212,45.0267,116.876,53449.4,52839.8,3015.4,3.83884e+06,3.83294e+06,0.736845,0.736845,0.736845,0.736845,0.736845,0.736845
45.0282,51.7478,45.0275,116.634,53434.4,52824.9,3017.25,3.8411e+06,3.83519e+06,0.73697,0.73697,0.73697,0.73697,0.73697,0.73697
45.0289,51.7745,45.0281,116.439,53419.8,52810.1,3019.09,3.84336e+06,3.83743e+06,0.737095,0.737095,0.737095,0.737095,0.737095,0.737095
45.0295,51.8011,45.0287,116.207,53404.2,52794.5,3020.94,3.84562e+06,3.83968e+06,0.73722,0.73722,0.73722,0.73722,0.73722,0.73722
45.0301,51.8278,45.0292,115.92,53390.2,52780.8,3022.79,3.84788e+06,3.84193e+06,0.737345,0.737345,0.737345,0.737345,0.737345,0.737345
45.0306,51.8545,45.0297,115.64,53375.5,52766.3,3024.64,3.85015e+06,3.84418e+06,0.73747,0.73747,0.73747,0.73747,0.73747,0.73747
45.0309,51.8812,45.0301,115.397,53362.2,52753.3,3026.49,3.85241e+06,3.84643e+06,0.737595,0.737595,0.737595,0.737595,0.737595,0.737595
45.0312,51.9079,45.0304,115.168,53347.4,52738.5,3028.34,3.85467e+06,3.84868e+06,0.73772,0.73772,0.73772,0.73772,0.73772,0.73772
45.0314,51.9346,45.0306,114.922,53333.9,52725.2,3030.19,3.85694e+06,3.85093e+06,0.737845,0.737845,0.737845,0.737845,0.737845,0.737845
45.0316,51.9613,45.0307,114.696,53318.6,52709.8,3032.05,3.8592e+06,3.85318e+06,0.73797,0.73797,0.73797,0.73797,0.73797,0.73797
45.0317,51.9881,45.0308,114.468,53305.9,52697.2,3033.91,3.86146e+06,3.85544e+06,0.738095,0.738095,0.738095,0.738095,0.738095,0.738095
45.0316,52.0149,45.0308,114.244,53293,52684.5,3035.76,3.86373e+06,3.85769e+06,0.73822,0.73822,0.73822,0.73822,0.73822,0.73822
45.0316,52.0416,45.0307,114.013,53278.3,52669.7,3037.62,3.86599e+06,3.85994e+06,0.738345,0.738345,0.738345,0.738345,0.738345,0.738345
45.0315,52.0684,45.0305,113.769,53264.4,52656,3039.48,3.86826e+06,3.86219e+06,0.73847,0.73847,0.73847,0.73847,0.73847,0.73847
45.0312,52.0952,45.0303,113.555,53251.4,52643,3041.35,3.87052e+06,3.86445e+06,0.738595,0.738595,0.738595,0.738595,0.738595,0.738595
45.031,52.122,45.03,113.3,53237.5,52629.3,3043.21,3.87279e+06,3.8667e+06,0.73872,0.73872,0.73872,0.73872,0.73872,0.73872
45.0305,52.1488,45.0296,113.072,53225.1,52617.1,3045.07,3.87506e+06,3.86895e+06,0.738845,0.738845,0.738845,0.738845,0.738845,0.738845
45.0301,52.1757,45.0291,112.873,53211.5,52603.4,3046.94,3.87732e+06,3.87121e+06,0.73897,0.73897,0.73897,0.73897,0.73897,0.73897
45.0296,52.2025,45.0286,112.621,53198.6,52590.8,3048.81,3.87959e+06,3.87346e+06,0.739095,0.739095,0.739095,0.739095,0.739095,0.739095
45.029,52.2293,45.028,112.355,53184.2,52576.5,3050.67,3.88186e+06,3.87572e+06,0.73922,0.73922,0.73922,0.73922,0.73922,0.73922
45.0284,52.2561,45.0273,112.091,53170.1,52562.6,3052.54,3.88412e+06,3.87797e+06,0.739345,0.739345,0.739345,0.739345,0.739345,0.739345
45.0277,52.2829,45.0266,111.844,53156.1,52548.8,3054.41,3.88639e+06,3.88023e+06,0.73947,0.73947,0.73947,0.73947,0.73947,0.73947
45.0269,52.3098,45.0258,111.607,53143.6,52536.4,3056.29,3.88866e+06,3.88248e+06,0.739595,0.739595,0.739595,0.739595,0.739595,0.739595
45.026,52.3367,45.0249,111.379,53131.9,52525,3058.16,3.89093e+06,3.88474e+06,0.73972,0.73972,0.73972,0.73972,0.73972,0.73972
45.0251,52.3635,45.0239,111.076,53117.5,52511,3060.03,3.8932e+06,3.887e+06,0.739845,0.739845,0.739845,0.739845,0.739845,0.739845
45.024,52.3904,45.0229,110.829,53104.2,52498,3061.91,3.89547e+06,3.88925e+06,0.73997,0.73997,0.73997,0.73997,0.73997,0.73997
45.0229,52.4173,45.0218,110.617,53091.5,52485.3,3063.79,3.89774e+06,3.89151e+06,0.740095,0.740095,0.740095,0.740095,0.740095,0.740095
45.0218,52.4442,45.0206,110.304,53076.9,52471.1,3065.66,3.90001e+06,3.89377e+06,0.74022,0.74022,0.74022,0.74022,0.74022,0.74022
45.0206,52.4711,45.0193,110.039,53063.8,52458.3,3067.54,3.90228e+06,3.89603e+06,0.740345,0.740345,0.740345,0.740345,0.740345,0.740345
45.0193,52.498,45.018,109.746,53050.5,52445.6,3069.42,3.90455e+06,3.89828e+06,0.74047,0.74047,0.74047,0.74047,0.74047,0.74047
45.0179,52.5249,45.0166,109.489,53038.2,52433.6,3071.31,3.90682e+06,3.90054e+06,0.740595,0.740595,0.740595,0.740595,0.740595,0.740595
45.0164,52.5519,45.0151,109.246,53025.1,52420.7,3073.19,3.9091e+06,3.9028e+06,0.74072,0.74072,0.74072,0.74072,0.74072,0.74072
45.0149,52.5789,45.0136,109.046,53013.6,52409.3,3075.07,3.91137e+06,3.90506e+06,0.740845,0.740845,0.740845,0.740845,0.740845,0.740845
45.0132,52.6059,45.0119,108.871,53002.3,52397.9,3076.96,3.91364e+06,3.90732e+06,0.74097,0.74097,0.74097,0.74097,0.74097,0.74097
45.0115,52.6329,45.0102,108.669,52991.2,52387,3078.84,3.91591e+06,3.90958e+06,0.741095,0.741095,0.741095,0.741095,0.741095,0.741095
45.0097,52.6599,45.0084,108.395,52978.2,52374.3,3080.73,3.91819e+06,3.91184e+06,0.74122,0.74122,0.74122,0.74122,0.74122,0.74122
45.0079,52.6869,45.0066,108.17,52966.4,52362.7,3082.62,3.92046e+06,3.9141e+06,0.741345,0.741345,0.741345,0.741345,0.741345,0.741345
45.006,52.7138,45.0047,107.924,52953.2,52349.6,3084.51,3.92274e+06,3.91637e+06,0.74147,0.74147,0.74147,0.74147,0.74147,0.74147
45.004,52.7409,45.0027,107.685,52941,52337.8,3086.4,3.92501e+06,3.91863e+06,0.741595,0.741595,0.741595,0.741595,0.741595,0.741595
45.002,52.7679,45.0006,107.457,52928.5,52325.4,3088.3,3.92729e+06,3.92089e+06,0.74172,0.74172,0.74172,0.74172,0.74172,0.74172
44.9998,52.7949,44.9985,107.205,52916.8,52314,3090.19,3.92956e+06,3.92315e+06,0.741845,0.741845,0.741845,0.741845,0.741845,0.741845
44.9977,52.8219,44.9962,106.964,52904.3,52301.8,3092.08,3.93184e+06,3.92542e+06,0.74197,0.74197,0.74197,0.74197,0.74197,0.74197
44.9954,52.849,44.994,106.706,52892.9,52290.8,3093.98,3.93411e+06,3.92768e+06,0.742095,0.742095,0.742095,0.742095,0.742095,0.742095
44.9931,52.876,44.9916,106.485,52880.3,52278.3,3095.88,3.93639e+06,3.92994e+06,0.74222,0.74222,0.74222,0.74222,0.74222,0.74222
44.9906,52.9031,44.9892,106.166,52869.1,52267.9,3097.77,3.93867e+06,3.93221e+06,0.742345,0.742345,0.742345,0.742345,0.742345,0.742345
44.9882,52.9301,44.9867,105.914,52856.8,52255.9,3099.67,3.94095e+06,3.93447e+06,0.74247,0.74247,0.74247,0.74247,0.74247,0.74247
44.9856,52.9572,44.9841,105.649,52846,52245.7,3101.57,3.94322e+06,3.93674e+06,0.742595,0.742595,0.742595,0.742595,0.742595,0.742595
44.983,52.9843,44.9815,105.324,52833.8,52234.2,3103.48,3.9455e+06,3.939e+06,0.74272,0.74272,0.74272,0.74272,0.74272,0.74272
44.9803,53.0114,44.9788,105.083,52823.2,52224.1,3105.38,3.94778e+06,3.94127e+06,0.742845,0.742845,0.742845,0.742845,0.742845,0.742845
44.9775,53.0385,44.976,104.786,52811.9,52213.4,3107.28,3.95006e+06,3.94353e+06,0.74297,0.74297,0.74297,0.74297,0.74297,0.74297
44.9746,53.0657,44.9731,104.502,52801.3,52203.5,3109.19,3.95234e+06,3.9458e+06,0.743095,0.743095,0.743095,0.743095,0.743095,0.743095
44.9717,53.0928,44.9702,104.23,52790,52192.8,3111.09,3.95462e+06,3.94807e+06,0.74322,0.74322,0.74322,0.74322,0.74322,0.74322
44.9687,53.1199,44.9672,103.944,52779.8,52183.4,3113,3.9569e+06,3.95034e+06,0.743345,0.743345,0.743345,0.743345,0.743345,0.743345
44.9657,53.147,44.9641,103.698,52767.3,52171.1,3114.91,3.95918e+06,3.9526e+06,0.74347,0.74347,0.74347,0.74347,0.74347,0.74347
44.9625,53.1742,44.961,103.425,52756.4,52160.8,3116.82,3.96146e+06,3.95487e+06,0.743595,0.743595,0.743595,0.743595,0.743595,0.743595
44.9593,53.2014,44.9577,103.164,52745.7,52150.6,3118.73,3.96374e+06,3.95714e+06,0.74372,0.74372,0.74372,0.74372,0.74372,0.74372
44.956,53.2286,44.9545,102.888,52735.4,52141,3120.64,3.96603e+06,3.95941e+06,0.743845,0.743845,0.743845,0.743845,0.743845,0.743845
44.9527,53.2557,44.9511,102.61,52724.3,52130.5,3122.55,3.96831e+06,3.96168e+06,0.74397,0.74397,0.74397,0.74397,0.74397,0.74397
44.9493,53.2829,44.9477,102.319,52714.3,52121.3,3124.46,3.97059e+06,3.96395e+06,0.744095,0.744095,0.744095,0.744095,0.744095,0.744095
44.9458,53.3101,44.9442,102.038,52704,52111.8,3126.38,3.97288e+06,3.96622e+06,0.74422,0.74422,0.74422,0.74422,0.74422,0.74422
44.9422,53.3373,44.9406,101.794,52692.9,52101.1,3128.29,3.97516e+06,3.96849e+06,0.744345,0.744345,0.744345,0.744345,0.744345,0.744345
44.9386,53.3645,44.9369,101.481,52681.8,52090.8,3130.21,3.97744e+06,3.97076e+06,0.74447,0.74447,0.74447,0.74447,0.74447,0.74447
44.9349,53.3917,44.9332,101.232,52671.2,52080.7,3132.12,3.97973e+06,3.97304e+06,0.744595,0.744595,0.744595,0.744595,0.744595,0.744595
44.931,53.419,44.9293,101.009,52661.3,52071.2,3134.04,3.98201e+06,3.97531e+06,0.74472,0.74472,0.74472,0.74472,0.74472,0.74472
44.9272,53.4462,44.9255,100.718,52650.9,52061.5,3135.96,3.9843e+06,3.97758e+06,0.744845,0.744845,0.744845,0.744845,0.744845,0.744845
44.9232,53.4735,44.9215,100.444,52640.7,52052.1,3137.88,3.98659e+06,3.97985e+06,0.74497,0.74497,0.74497,0.74497,0.74497,0.74497
44.9193,53.5007,44.9175,100.156,52629.6,52041.7,3139.8,3.98887e+06,3.98213e+06,0.745095,0.745095,0.745095,0.745095,0.745095,0.745095
44.9153,53.5279,44.9134,99.8754,52617.9,52030.6,3141.72,3.99116e+06,3.9844e+06,0.74522,0.74522,0.74522,0.74522,0.74522,0.74522
44.9111,53.5551,44.9092,99.5905,52607.8,52021.2,3143.65,3.99345e+06,3.98668e+06,0.745345,0.745345,0.745345,0.745345,0.745345,0.745345
44.9069,53.5824,44.905,99.295,52598.3,52012.6,3145.57,3.99573e+06,3.98895e+06,0.74547,0.74547,0.74547,0.74547,0.74547,0.74547
44.9026,53.6097,44.9006,99.0886,52587.9,52002.4,3147.5,3.99802e+06,3.99123e+06,0.745595,0.745595,0.745595,0.745595,0.745595,0.745595
44.8982,53.6371,44.8963,98.8068,52578.8,51994.2,3149.42,4.00031e+06,3.9935e+06,0.74572,0.74572,0.74572,0.74572,0.74572,0.74572
44.8937,53.6644,44.8918,98.5732,52571.1,51987.2,3151.35,4.0026e+06,3.99578e+06,0.745845,0.745845,0.745845,0.745845,0.745845,0.745845
44.8891,53.6918,44.8873,98.3329,52561.8,51978.5,3153.28,4.00489e+06,3.99806e+06,0.74597,0.74597,0.74597,0.74597,0.74597,0.74597
44.8845,53.7192,44.8827,98.1168,52553.4,51970.6,3155.21,4.00718e+06,4.00033e+06,0.746095,0.746095,0.746095,0.746095,0.746095,0.746095
44.8799,53.7465,44.878,97.8211,52544.1,51962.2,3157.14,4.00947e+06,4.00261e+06,0.74622,0.74622,0.74622,0.74622,0.74622,0.74622
44.8752,53.7739,44.8733,97.5565,52534.7,51953.6,3159.07,4.01176e+06,4.00489e+06,0.746345,0.746345,0.746345,0.746345,0.746345,0.746345
44.8704,53.8012,44.8684,97.2983,52524.8,51944.4,3161,4.01405e+06,4.00717e+06,0.74647,0.74647,0.74647,0.74647,0.74647,0.74647
44.8655,53.8286,44.8636,97.0686,52516.8,51937,3162.93,4.01634e+06,4.00945e+06,0.746595,0.746595,0.746595,0.746595,0.746595,0.746595
44.8605,53.856,44.8586,96.8742,52508.2,51928.7,3164.87,4.01864e+06,4.01173e+06,0.74672,0.74672,0.74672,0.74672,0.74672,0.74672
44.8555,53.8834,44.8536,96.6128,52499.1,51920.3,3166.8,4.02093e+06,4.01401e+06,0.746845,0.746845,0.746845,0.746845,0.746845,0.746845
44.8504,53.9108,44.8484,96.3775,52489.8,51911.6,3168.74,4.02322e+06,4.01629e+06,0.74697,0.74697,0.74697,0.74697,0.74697,0.74697
44.8453,53.9382,44.8433,96.1334,52480.5,51902.9,3170.67,4.02552e+06,4.01857e+06,0.747095,0.747095,0.747095,0.747095,0.747095,0.747095
44.84,53.9657,44.838,95.8795,52472.9,51896.2,3172.61,4.02781e+06,4.02085e+06,0.74722,0.74722,0.74722,0.74722,0.74722,0.74722
44.8347,53.9931,44.8327,95.6491,52463.6,51887.4,3174.55,4.03011e+06,4.02313e+06,0.747344,0.747344,0.747344,0.747344,0.747344,0.747344
44.8293,54.0205,44.8273,95.3971,52455.9,51880.6,3176.49,4.0324e+06,4.02541e+06,0.747469,0.747469,0.747469,0.747469,0.747469,0.747469
44.8239,54.048,44.8219,95.1351,52447.3,51872.8,3178.43,4.0347e+06,4.02769e+06,0.747594,0.747594,0.747594,0.747594,0.747594,0.747594
44.8184,54.0755,44.8164,94.9284,52439,51864.8,3180.37,4.03699e+06,4.02998e+06,0.747719,0.747719,0.747719,0.747719,0.747719,0.747719
44.8129,54.1029,44.8108,94.6713,52429.7,51856.2,3182.31,4.03929e+06,4.03226e+06,0.747844,0.747844,0.747844,0.747844,0.747844,0.747844
44.8072,54.1304,44.8051,94.4634,52421.7,51848.8,3184.25,4.04159e+06,4.03455e+06,0.747969,0.747969,0.747969,0.747969,0.747969,0.747969
44.8015,54.1578,44.7994,94.1766,52413.8,51842,3186.19,4.04388e+06,4.03683e+06,0.748094,0.748094,0.748094,0.748094,0.748094,0.748094
44.7957,54.1854,44.7936,93.9316,52406.6,51835.7,3188.14,4.04618e+06,4.03912e+06,0.748219,0.748219,0.748219,0.748219,0.748219,0.748219
44.7899,54.2129,44.7877,93.6925,52398.5,51828.3,3190.08,4.04848e+06,4.0414e+06,0.748344,0.748344,0.748344,0.748344,0.748344,0.748344
44.784,54.2404,44.7818,93.4154,52391.4,51822.3,3192.03,4.05078e+06,4.04369e+06,0.748469,0.748469,0.748469,0.748469,0.748469,0.748469
44.778,54.2679,44.7758,93.1874,52383.8,51815.2,3193.97,4.05308e+06,4.04597e+06,0.748594,0.748594,0.748594,0.748594,0.748594,0.748594
44.772,54.2954,44.7698,92.9653,52375.2,51807.2,3195.92,4.05538e+06,4.04826e+06,0.748719,0.748719,0.748719,0.748719,0.748719,0.748719
44.7658,54.323,44.7637,92.7482,52367.9,51800.6,3197.87,4.05768e+06,4.05055e+06,0.748844,0.748844,0.748844,0.748844,0.748844,0.748844
44.7596,54.3505,44.7575,92.5456,52361.1,51794.4,3199.82,4.05998e+06,4.05284e+06,0.748969,0.748969,0.748969,0.748969,0.748969,0.748969
44.7534,54.3781,44.7512,92.3288,52353.2,51787.1,3201.77,4.06228e+06,4.05513e+06,0.749094,0.749094,0.749094,0.749094,0.749094,0.749094
44.747,54.4057,44.7449,92.1134,52347.2,51781.9,3203.72,4.06458e+06,4.05742e+06,0.749219,0.749219,0.749219,0.749219,0.749219,0.749219
44.7406,54.4333,44.7385,91.8702,52341.3,51777,3205.67,4.06689e+06,4.05971e+06,0.749344,0.749344,0.749344,0.749344,0.749344,0.749344
44.7341,54.4609,44.732,91.6552,52334.6,51771.1,3207.62,4.06919e+06,4.062e+06,0.749469,0.749469,0.749469,0.749469,0.749469,0.749469
44.7276,54.4885,44.7255,91.4057,52328,51765.4,3209.58,4.07149e+06,4.06429e+06,0.749594,0.749594,0.749594,0.749594,0.749594,0.749594
44.721,54.5162,44.7189,91.2084,52322,51760.1,3211.53,4.0738e+06,4.06658e+06,0.749719,0.749719,0.749719,0.749719,0.749719,0.749719
44.7144,54.5438,44.7122,90.9438,52315.2,51754.4,3213.48,4.0761e+06,4.06887e+06,0.749844,0.749844,0.749844,0.749844,0.749844,0.749844
44.7076,54.5714,44.7055,90.7449,52309.4,51749.3,3215.44,4.07841e+06,4.07116e+06,0.749969,0.749969,0.749969,0.749969,0.749969,0.749969
44.7008,54.5991,44.6987,90.5655,52303.4,51743.8,3217.4,4.08071e+06,4.07345e+06,0.750094,0.750094,0.750094,0.750094,0.750094,0.750094
44.6939,54.6268,44.6918,90.3812,52296.2,51737.1,3219.35,4.08302e+06,4.07575e+06,0.750219,0.750219,0.750219,0.750219,0.750219,0.750219
44.687,54.6545,44.6849,90.1948,52290.4,51731.9,3221.31,4.08532e+06,4.07804e+06,0.750344,0.750344,0.750344,0.750344,0.750344,0.750344
44.68,54.6821,44.6779,89.9806,52283.9,51726.2,3223.27,4.08763e+06,4.08034e+06,0.750469,0.750469,0.750469,0.750469,0.750469,0.750469
44.6729,54.7098,44.6708,89.7657,52278.2,51721.4,3225.23,4.08994e+06,4.08263e+06,0.750594,0.750594,0.750594,0.750594,0.750594,0.750594
44.6659,54.7375,44.6637,89.5044,52271.8,51716.1,3227.19,4.09225e+06,4.08493e+06,0.750719,0.750719,0.750719,0.750719,0.750719,0.750719
44.6587,54.7651,44.6565,89.3053,52265.3,51710.2,3229.15,4.09456e+06,4.08722e+06,0.750844,0.750844,0.750844,0.750844,0.750844,0.750844
44.6515,54.7928,44.6492,89.0526,52259,51705,3231.11,4.09686e+06,4.08952e+06,0.750969,0.750969,0.750969,0.750969,0.750969,0.750969
44.6441,54.8206,44.6419,88.8885,52254,51700.5,3233.07,4.09917e+06,4.09181e+06,0.751094,0.751094,0.751094,0.751094,0.751094,0.751094
44.6368,54.8483,44.6345,88.6872,52248.1,51695.4,3235.04,4.10148e+06,4.09411e+06,0.751219,0.751219,0.751219,0.751219,0.751219,0.751219
44.6294,54.876,44.6271,88.4631,52241.7,51689.8,3237,4.1038e+06,4.09641e+06,0.751344,0.751344,0.751344,0.751344,0.751344,0.751344
44.6218,54.9038,44.6196,88.2804,52236.8,51685.6,3238.97,4.10611e+06,4.09871e+06,0.751469,0.751469,0.751469,0.751469,0.751469,0.751469
44.6143,54.9315,44.612,88.055,52231.5,51681.3,3240.93,4.10842e+06,4.10101e+06,0.751594,0.751594,0.751594,0.751594,0.751594,0.751594
44.6067,54.9593,44.6044,87.8364,52226.6,51677.4,3242.9,4.11073e+06,4.10331e+06,0.751719,0.751719,0.751719,0.751719,0.751719,0.751719
44.599,54.9871,44.5967,87.6596,52220.8,51672.1,3244.86,4.11304e+06,4.10561e+06,0.751844,0.751844,0.751844,0.751844,0.751844,0.751844
44.5912,55.0149,44.589,87.4822,52217.5,51669.8,3246.83,4.11536e+06,4.10791e+06,0.751969,0.751969,0.751969,0.751969,0.751969,0.751969
44.5834,55.0426,44.5812,87.3027,52210.7,51663.5,3248.8,4.11767e+06,4.11021e+06,0.752094,0.752094,0.752094,0.752094,0.752094,0.752094
44.5755,55.0705,44.5733,87.1245,52206.6,51660.1,3250.77,4.11999e+06,4.11251e+06,0.752219,0.752219,0.752219,0.752219,0.752219,0.752219
44.5676,55.0983,44.5653,86.895,52201.5,51656.2,3252.74,4.1223e+06,4.11481e+06,0.752344,0.752344,0.752344,0.752344,0.752344,0.752344
44.5596,55.1261,44.5573,86.6788,52196.9,51652.6,3254.71,4.12462e+06,4.11712e+06,0.752469,0.752469,0.752469,0.752469,0.752469,0.752469
44.5515,55.1539,44.5492,86.4668,52192.1,51648.8,3256.68,4.12693e+06,4.11942e+06,0.752594,0.752594,0.752594,0.752594,0.752594,0.752594
44.5434,55.1817,44.5411,86.2397,52187.8,51645.6,3258.65,4.12925e+06,4.12172e+06,0.752719,0.752719,0.752719,0.752719,0.752719,0.752719
44.5353,55.2095,44.5329,86.019,52182.4,51641.3,3260.62,4.13157e+06,4.12403e+06,0.752844,0.752844,0.752844,0.752844,0.752844,0.752844
44.5271,55.2373,44.5247,85.8081,52176.5,51636.1,3262.59,4.13388e+06,4.12633e+06,0.752969,0.752969,0.752969,0.752969,0.752969,0.752969
44.5189,55.2651,44.5164,85.6301,52170.3,51630.6,3264.57,4.1362e+06,4.12864e+06,0.753094,0.753094,0.753094,0.753094,0.753094,0.753094
44.5105,55.293,44.508,85.4043,52166.1,51627.5,3266.54,4.13852e+06,4.13095e+06,0.753219,0.753219,0.753219,0.753219,0.753219,0.753219
44.502,55.3209,44.4996,85.2669,52163.2,51625.3,3268.52,4.14084e+06,4.13325e+06,0.753344,0.753344,0.753344,0.753344,0.753344,0.753344
44.4935,55.3488,44.4911,85.0999,52159.5,51622.4,3270.49,4.14316e+06,4.13556e+06,0.753469,0.753469,0.753469,0.753469,0.753469,0.753469
44.485,55.3767,44.4825,84.9251,52154.6,51618.1,3272.47,4.14548e+06,4.13787e+06,0.753594,0.753594,0.753594,0.753594,0.753594,0.753594
44.4764,55.4046,44.4739,84.7129,52150.1,51614.7,3274.45,4.1478e+06,4.14018e+06,0.753719,0.753719,0.753719,0.753719,0.753719,0.753719
44.4678,55.4324,44.4652,84.4756,52145,51610.8,3276.42,4.15012e+06,4.14249e+06,0.753844,0.753844,0.753844,0.753844,0.753844,0.753844
44.4591,55.4604,44.4565,84.2718,52143,51610.1,3278.4,4.15245e+06,4.1448e+06,0.753969,0.753969,0.753969,0.753969,0.753969,0.753969
44.4503,55.4883,44.4477,84.1032,52139.1,51606.9,3280.38,4.15477e+06,4.14711e+06,0.754094,0.754094,0.754094,0.754094,0.754094,0.754094
44.4414,55.5163,44.4389,83.952,52136.2,51604.8,3282.36,4.15709e+06,4.14942e+06,0.754219,0.754219,0.754219,0.754219,0.754219,0.754219
44.4325,55.5443,44.43,83.7726,52133.4,51603,3284.34,4.15942e+06,4.15173e+06,0.754344,0.754344,0.754344,0.754344,0.754344,0.754344
44.4235,55.5723,44.421,83.652,52130,51600.1,3286.32,4.16174e+06,4.15404e+06,0.754469,0.754469,0.754469,0.754469,0.754469,0.754469
44.4145,55.6003,44.412,83.4905,52126.4,51597.2,3288.3,4.16407e+06,4.15635e+06,0.754594,0.754594,0.754594,0.754594,0.754594,0.754594
44.4056,55.6281,44.4029,83.2608,52121.1,51593,3290.28,4.16639e+06,4.15867e+06,0.754719,0.754719,0.754719,0.754719,0.754719,0.754719
44.3965,55.6561,44.3938,83.0723,52116.8,51589.6,3292.27,4.16872e+06,4.16098e+06,0.754844,0.754844,0.754844,0.754844,0.754844,0.754844
44.3874,55.6841,44.3847,82.9019,52113.7,51587.4,3294.25,4.17104e+06,4.16329e+06,0.754969,0.754969,0.754969,0.754969,0.754969,0.754969
44.3781,55.7121,44.3754,82.7187,52112,51586.9,3296.23,4.17337e+06,4.16561e+06,0.755094,0.755094,0.755094,0.755094,0.755094,0.755094
44.3688,55.7402,44.3661,82.5983,52109.3,51584.8,3298.22,4.1757e+06,4.16793e+06,0.755219,0.755219,0.755219,0.755219,0.755219,0.755219
44.3595,55.7682,44.3568,82.4129,52105.7,51582.2,3300.2,4.17803e+06,4.17024e+06,0.755344,0.755344,0.755344,0.755344,0.755344,0.755344
44.3501,55.7962,44.3474,82.2413,52102.5,51579.9,3302.19,4.18036e+06,4.17256e+06,0.755469,0.755469,0.755469,0.755469,0.755469,0.755469
44.3406,55.8243,44.3379,82.1074,52100,51578.1,3304.17,4.18269e+06,4.17488e+06,0.755594,0.755594,0.755594,0.755594,0.755594,0.755594
44.3311,55.8523,44.3284,81.9328,52097.9,51577.1,3306.16,4.18502e+06,4.17719e+06,0.755719,0.755719,0.755719,0.755719,0.755719,0.755719
44.3216,55.8804,44.3188,81.7781,52095.1,51575.1,3308.15,4.18735e+06,4.17951e+06,0.755844,0.755844,0.755844,0.755844,0.755844,0.755844
44.3119,55.9085,44.3092,81.64,52092.8,51573.6,3310.14,4.18968e+06,4.18183e+06,0.755969,0.755969,0.755969,0.755969,0.755969,0.755969
44.3023,55.9365,44.2995,81.4359,52090.8,51572.9,3312.13,4.19201e+06,4.18415e+06,0.756094,0.756094,0.756094,0.756094,0.756094,0.756094
44.2926,55.9646,44.2898,81.2685,52087.6,51570.7,3314.11,4.19435e+06,4.18647e+06,0.756219,0.756219,0.756219,0.756219,0.756219,0.756219
44.2828,55.9927,44.28,81.1379,52086.3,51570.2,3316.1,4.19668e+06,4.18879e+06,0.756344,0.756344,0.756344,0.756344,0.756344,0.756344
44.273,56.0208,44.2702,80.9753,52084.5,51569.4,3318.09,4.19901e+06,4.19111e+06,0.756469,0.756469,0.756469,0.756469,0.756469,0.756469
44.2631,56.0489,44.2603,80.8598,52081.5,51567,3320.09,4.20135e+06,4.19344e+06,0.756594,0.756594,0.756594,0.756594,0.756594,0.756594
44.2531,56.0771,44.2504,80.7496,52080.3,51566.4,3322.08,4.20368e+06,4.19576e+06,0.756719,0.756719,0.756719,0.756719,0.756719,0.756719
44.2432,56.1053,44.2404,80.616,52077.3,51564.1,3324.07,4.20602e+06,4.19808e+06,0.756844,0.756844,0.756844,0.756844,0.756844,0.756844
44.2332,56.1334,44.2303,80.4852,52074.7,51562.2,3326.06,4.20836e+06,4.20041e+06,0.756969,0.756969,0.756969,0.756969,0.756969,0.756969
44.2231,56.1616,44.2202,80.3769,52072.2,51560.1,3328.06,4.21069e+06,4.20273e+06,0.757094,0.757094,0.757094,0.757094,0.757094,0.757094
44.2129,56.1898,44.2101,80.2593,52071.3,51560,3330.05,4.21303e+06,4.20506e+06,0.757219,0.757219,0.757219,0.757219,0.757219,0.757219
44.2027,56.218,44.1999,80.1131,52070.3,51560.1,3332.05,4.21537e+06,4.20738e+06,0.757344,0.757344,0.757344,0.757344,0.757344,0.757344
44.1924,56.2462,44.1896,79.9734,52069.2,51559.9,3334.04,4.21771e+06,4.20971e+06,0.757469,0.757469,0.757469,0.757469,0.757469,0.757469
44.1821,56.2744,44.1793,79.8759,52067.7,51559,3336.04,4.22005e+06,4.21204e+06,0.757594,0.757594,0.757594,0.757594,0.757594,0.757594
44.1718,56.3026,44.169,79.7263,52066.3,51558.6,3338.03,4.22239e+06,4.21436e+06,0.757719,0.757719,0.757719,0.757719,0.757719,0.757719
44.1614,56.3308,44.1586,79.6264,52062.8,51555.3,3340.03,4.22473e+06,4.21669e+06,0.757844,0.757844,0.757844,0.757844,0.757844,0.757844
44.151,56.359,44.1481,79.4909,52061.2,51554.7,3342.03,4.22707e+06,4.21902e+06,0.757969,0.757969,0.757969,0.757969,0.757969,0.757969
44.1406,56.3872,44.1376,79.3412,52058.9,51553.2,3344.03,4.22941e+06,4.22135e+06,0.758094,0.758094,0.758094,0.758094,0.758094,0.758094
44.1299,56.4155,44.1271,79.2094,52060.4,51555.9,3346.03,4.23175e+06,4.22368e+06,0.758219,0.758219,0.758219,0.758219,0.758219,0.758219
44.1194,56.4437,44.1165,79.0541,52059.1,51555.8,3348.03,4.2341e+06,4.22601e+06,0.758344,0.758344,0.758344,0.758344,0.758344,0.758344
44.1088,56.4719,44.1058,78.9067,52057.1,51554.7,3350.03,4.23644e+06,4.22834e+06,0.758469,0.758469,0.758469,0.758469,0.758469,0.758469
44.0982,56.5001,44.0951,78.7817,52055.2,51553.6,3352.03,4.23878e+06,4.23068e+06,0.758594,0.758594,0.758594,0.758594,0.758594,0.758594
44.0874,56.5284,44.0844,78.6777,52053.3,51552.2,3354.03,4.24113e+06,4.23301e+06,0.758719,0.758719,0.758719,0.758719,0.758719,0.758719
44.0767,56.5567,44.0736,78.5695,52051.8,51551.3,3356.03,4.24348e+06,4.23534e+06,0.758844,0.758844,0.758844,0.758844,0.758844,0.758844
44.0659,56.585,44.0627,78.4572,52050.9,51551.2,3358.03,4.24582e+06,4.23768e+06,0.758969,0.758969,0.758969,0.758969,0.758969,0.758969
44.055,56.6132,44.0519,78.3002,52050.7,51552.2,3360.04,4.24817e+06,4.24001e+06,0.759094,0.759094,0.759094,0.759094,0.759094,0.759094
44.0441,56.6416,44.0409,78.21,52050.4,51552.5,3362.04,4.25052e+06,4.24235e+06,0.759219,0.759219,0.759219,0.759219,0.759219,0.759219
44.0332,56.6699,44.03,78.0703,52049.5,51552.6,3364.04,4.25286e+06,4.24468e+06,0.759344,0.759344,0.759344,0.759344,0.759344,0.759344
44.0221,56.6983,44.019,78.0059,52049.7,51553.3,3366.05,4.25521e+06,4.24702e+06,0.759469,0.759469,0.759469,0.759469,0.759469,0.759469
44.0111,56.7266,44.0079,77.8961,52048,51552.3,3368.05,4.25756e+06,4.24936e+06,0.759594,0.759594,0.759594,0.759594,0.759594,0.759594
44,56.7549,43.9968,77.7981,52047.1,51552,3370.06,4.25991e+06,4.2517e+06,0.759719,0.759719,0.759719,0.759719,0.759719,0.759719
43.9889,56.7833,43.9857,77.7133,52046.9,51552.5,3372.06,4.26226e+06,4.25403e+06,0.759844,0.759844,0.759844,0.759844,0.759844,0.759844
43.9777,56.8117,43.9745,77.6132,52047.1,51553.5,3374.07,4.26462e+06,4.25637e+06,0.759969,0.759969,0.759969,0.759969,0.759969,0.759969
43.9664,56.8401,43.9632,77.4984,52047.2,51554.5,3376.08,4.26697e+06,4.25871e+06,0.760094,0.760094,0.760094,0.760094,0.760094,0.760094
43.9553,56.8684,43.9519,77.3663,52046,51554.3,3378.09,4.26932e+06,4.26105e+06,0.760219,0.760219,0.760219,0.760219,0.760219,0.760219
43.944,56.8968,43.9406,77.2877,52045,51553.7,3380.1,4.27167e+06,4.2634e+06,0.760344,0.760344,0.760344,0.760344,0.760344,0.760344
43.9325,56.9252,43.9292,77.2047,52045.7,51555.1,3382.11,4.27403e+06,4.26574e+06,0.760469,0.760469,0.760469,0.760469,0.760469,0.760469
43.921,56.9538,43.9178,77.1273,52047.7,51558,3384.12,4.27638e+06,4.26808e+06,0.760594,0.760594,0.760594,0.760594,0.760594,0.760594
43.9095,56.9823,43.9063,77.0686,52048.9,51559.8,3386.13,4.27874e+06,4.27042e+06,0.760719,0.760719,0.760719,0.760719,0.760719,0.760719
43.898,57.0107,43.8948,76.9997,52048.9,51560.3,3388.14,4.28109e+06,4.27277e+06,0.760844,0.760844,0.760844,0.760844,0.760844,0.760844
43.8865,57.0392,43.8833,76.8967,52048.9,51561.2,3390.15,4.28345e+06,4.27511e+06,0.760969,0.760969,0.760969,0.760969,0.760969,0.760969
43.8748,57.0677,43.8717,76.811,52051,51564.3,3392.16,4.28581e+06,4.27746e+06,0.761093,0.761093,0.761093,0.761093,0.761093,0.761093
43.8633,57.0961,43.8601,76.7089,52050.8,51564.8,3394.18,4.28817e+06,4.2798e+06,0.761218,0.761218,0.761218,0.761218,0.761218,0.761218
43.8515,57.1247,43.8484,76.6388,52052.5,51567.2,3396.19,4.29052e+06,4.28215e+06,0.761343,0.761343,0.761343,0.761343,0.761343,0.761343
43.8398,57.1532,43.8368,76.5925,52054.2,51569.5,3398.2,4.29288e+06,4.2845e+06,0.761468,0.761468,0.761468,0.761468,0.761468,0.761468
43.828,57.1818,43.825,76.5657,52054.8,51570.3,3400.22,4.29524e+06,4.28685e+06,0.761593,0.761593,0.761593,0.761593,0.761593,0.761593
43.8162,57.2103,43.8132,76.5004,52054,51569.9,3402.23,4.2976e+06,4.28919e+06,0.761718,0.761718,0.761718,0.761718,0.761718,0.761718
43.8045,57.2388,43.8014,76.4099,52053.8,51570.3,3404.25,4.29997e+06,4.29154e+06,0.761843,0.761843,0.761843,0.761843,0.761843,0.761843
43.7926,57.2673,43.7896,76.3252,52055.2,51572.6,3406.27,4.30233e+06,4.29389e+06,0.761968,0.761968,0.761968,0.761968,0.761968,0.761968
43.7807,57.2958,43.7777,76.2502,52055.8,51573.9,3408.28,4.30469e+06,4.29624e+06,0.762093,0.762093,0.762093,0.762093,0.762093,0.762093
43.7688,57.3243,43.7657,76.166,52055.5,51574.2,3410.3,4.30705e+06,4.2986e+06,0.762218,0.762218,0.762218,0.762218,0.762218,0.762218
43.7569,57.3529,43.7537,76.0981,52056.5,51575.9,3412.32,4.30942e+06,4.30095e+06,0.762343,0.762343,0.762343,0.762343,0.762343,0.762343
43.7449,57.3814,43.7417,76.0065,52057,51577.2,3414.34,4.31178e+06,4.3033e+06,0.762468,0.762468,0.762468,0.762468,0.762468,0.762468
43.7328,57.4101,43.7297,75.9655,52058.9,51579.7,3416.36,4.31415e+06,4.30565e+06,0.762593,0.762593,0.762593,0.762593,0.762593,0.762593
43.7207,57.4387,43.7176,75.8943,52060.7,51582.2,3418.38,4.31651e+06,4.30801e+06,0.762718,0.762718,0.762718,0.762718,0.762718,0.762718
43.7085,57.4673,43.7055,75.8211,52063.6,51586.1,3420.4,4.31888e+06,4.31036e+06,0.762843,0.762843,0.762843,0.762843,0.762843,0.762843
43.6964,57.4959,43.6933,75.7226,52064.2,51587.6,3422.42,4.32125e+06,4.31272e+06,0.762968,0.762968,0.762968,0.762968,0.762968,0.762968
43.6843,57.5244,43.6811,75.6486,52063.8,51587.7,3424.44,4.32362e+06,4.31507e+06,0.763093,0.763093,0.763093,0.763093,0.763093,0.763093
43.672,57.5531,43.6689,75.5804,52066.4,51591.2,3426.47,4.32598e+06,4.31743e+06,0.763218,0.763218,0.763218,0.763218,0.763218,0.763218
43.6598,57.5817,43.6566,75.5054,52067.4,51592.9,3428.49,4.32835e+06,4.31979e+06,0.763343,0.763343,0.763343,0.763343,0.763343,0.763343
43.6476,57.6102,43.6443,75.4306,52066.4,51592.3,3430.51,4.33072e+06,4.32215e+06,0.763468,0.763468,0.763468,0.763468,0.763468,0.763468
43.6352,57.639,43.632,75.4183,52069,51595.3,3432.54,4.33309e+06,4.32451e+06,0.763593,0.763593,0.763593,0.763593,0.763593,0.763593
43.6228,57.6677,43.6196,75.3873,52070,51596.5,3434.56,4.33547e+06,4.32687e+06,0.763718,0.763718,0.763718,0.763718,0.763718,0.763718
43.6104,57.6964,43.6072,75.3754,52071.3,51598,3436.59,4.33784e+06,4.32923e+06,0.763843,0.763843,0.763843,0.763843,0.763843,0.763843
43.598,57.7251,43.5948,75.3032,52072.4,51599.8,3438.61,4.34021e+06,4.33159e+06,0.763968,0.763968,0.763968,0.763968,0.763968,0.763968
43.5855,57.7538,43.5823,75.2571,52074.4,51602.4,3440.64,4.34258e+06,4.33395e+06,0.764093,0.764093,0.764093,0.764093,0.764093,0.764093
43.573,57.7825,43.5699,75.2139,52075.3,51603.8,3442.67,4.34496e+06,4.33631e+06,0.764218,0.764218,0.764218,0.764218,0.764218,0.764218
43.5604,57.8113,43.5573,75.2266,52077.8,51606.3,3444.69,4.34733e+06,4.33867e+06,0.764343,0.764343,0.764343,0.764343,0.764343,0.764343
43.5479,57.84,43.5448,75.1831,52078.7,51607.7,3446.72,4.34971e+06,4.34104e+06,0.764468,0.764468,0.764468,0.764468,0.764468,0.764468
43.5353,57.8687,43.5322,75.122,52079.5,51609.1,3448.75,4.35209e+06,4.3434e+06,0.764593,0.764593,0.764593,0.764593,0.764593,0.764593
43.5228,57.8974,43.5196,75.0563,52080.5,51610.7,3450.78,4.35446e+06,4.34577e+06,0.764718,0.764718,0.764718,0.764718,0.764718,0.764718
43.5102,57.9261,43.5069,74.9917,52082.1,51613,3452.81,4.35684e+06,4.34813e+06,0.764843,0.764843,0.764843,0.764843,0.764843,0.764843
43.4976,57.9548,43.4942,74.9438,52082.8,51614.2,3454.84,4.35922e+06,4.3505e+06,0.764968,0.764968,0.764968,0.764968,0.764968,0.764968
43.4848,57.9836,43.4815,74.9064,52084.7,51616.5,3456.87,4.3616e+06,4.35287e+06,0.765093,0.765093,0.765093,0.765093,0.765093,0.765093
43.4722,58.0123,43.4688,74.826,52085.4,51618,3458.91,4.36398e+06,4.35524e+06,0.765218,0.765218,0.765218,0.765218,0.765218,0.765218
43.4594,58.041,43.456,74.7762,52087.5,51620.8,3460.94,4.36636e+06,4.3576e+06,0.765343,0.765343,0.765343,0.765343,0.765343,0.765343
43.4466,58.0699,43.4432,74.7576,52089.7,51623.3,3462.97,4.36874e+06,4.35997e+06,0.765468,0.765468,0.765468,0.765468,0.765468,0.765468
43.4338,58.0987,43.4304,74.7045,52092.7,51627.3,3465.01,4.37112e+06,4.36234e+06,0.765593,0.765593,0.765593,0.765593,0.765593,0.765593
43.4209,58.1275,43.4175,74.6698,52095.3,51630.5,3467.04,4.3735e+06,4.36471e+06,0.765718,0.765718,0.765718,0.765718,0.765718,0.765718
43.408,58.1564,43.4046,74.6224,52098.1,51634.1,3469.08,4.37589e+06,4.36708e+06,0.765843,0.765843,0.765843,0.765843,0.765843,0.765843
43.3951,58.1852,43.3916,74.5857,52100.4,51637,3471.11,4.37827e+06,4.36946e+06,0.765968,0.765968,0.765968,0.765968,0.765968,0.765968
43.3822,58.214,43.3787,74.5387,52102.1,51639.2,3473.15,4.38066e+06,4.37183e+06,0.766093,0.766093,0.766093,0.766093,0.766093,0.766093
43.3691,58.2429,43.3657,74.5613,52104.2,51641.3,3475.19,4.38304e+06,4.3742e+06,0.766218,0.766218,0.766218,0.766218,0.766218,0.766218
43.356,58.2718,43.3526,74.5446,52107,51644.7,3477.23,4.38543e+06,4.37658e+06,0.766343,0.766343,0.766343,0.766343,0.766343,0.766343
43.3429,58.3008,43.3396,74.5146,52111.4,51649.9,3479.26,4.38781e+06,4.37895e+06,0.766468,0.766468,0.766468,0.766468,0.766468,0.766468
43.3298,58.3296,43.3265,74.4878,52113.6,51652.6,3481.3,4.3902e+06,4.38133e+06,0.766593,0.766593,0.766593,0.766593,0.766593,0.766593
43.3166,58.3586,43.3134,74.497,52116.5,51655.7,3483.34,4.39259e+06,4.38371e+06,0.766718,0.766718,0.766718,0.766718,0.766718,0.766718
43.3036,58.3874,43.3002,74.4665,52117.8,51657.3,3485.39,4.39498e+06,4.38608e+06,0.766843,0.766843,0.766843,0.766843,0.766843,0.766843
43.2905,58.4163,43.287,74.4262,52118.9,51658.8,3487.43,4.39737e+06,4.38846e+06,0.766968,0.766968,0.766968,0.766968,0.766968,0.766968
43.2772,58.4452,43.2738,74.4303,52121.3,51661.4,3489.47,4.39976e+06,4.39084e+06,0.767093,0.767093,0.767093,0.767093,0.767093,0.767093
43.264,58.4742,43.2606,74.4304,52124.4,51664.8,3491.51,4.40215e+06,4.39322e+06,0.767218,0.767218,0.767218,0.767218,0.767218,0.767218
43.2508,58.5031,43.2474,74.3934,52127.4,51668.5,3493.56,4.40454e+06,4.3956e+06,0.767343,0.767343,0.767343,0.767343,0.767343,0.767343
43.2374,58.5321,43.2341,74.4077,52130.5,51671.8,3495.6,4.40693e+06,4.39798e+06,0.767468,0.767468,0.767468,0.767468,0.767468,0.767468
43.2242,58.5611,43.2208,74.4139,52132.1,51673.4,3497.64,4.40933e+06,4.40036e+06,0.767593,0.767593,0.767593,0.767593,0.767593,0.767593
43.2109,58.59,43.2075,74.3914,52134.2,51676,3499.69,4.41172e+06,4.40274e+06,0.767718,0.767718,0.767718,0.767718,0.767718,0.767718
43.1975,58.619,43.1942,74.4041,52137.4,51679.4,3501.74,4.41411e+06,4.40513e+06,0.767843,0.767843,0.767843,0.767843,0.767843,0.767843
43.1841,58.6481,43.1808,74.3898,52141.6,51684.3,3503.78,4.41651e+06,4.40751e+06,0.767968,0.767968,0.767968,0.767968,0.767968,0.767968
43.1708,58.677,43.1674,74.388,52143.5,51686.3,3505.83,4.41891e+06,4.40989e+06,0.768093,0.768093,0.768093,0.768093,0.768093,0.768093
43.1573,58.706,43.154,74.4055,52146.2,51689.1,3507.88,4.4213e+06,4.41228e+06,0.768218,0.768218,0.768218,0.768218,0.768218,0.768218
43.144,58.735,43.1406,74.3539,52149,51692.8,3509.93,4.4237e+06,4.41466e+06,0.768343,0.768343,0.768343,0.768343,0.768343,0.768343
43.1305,58.7641,43.1272,74.3624,52154,51698.4,3511.98,4.4261e+06,4.41705e+06,0.768468,0.768468,0.768468,0.768468,0.768468,0.768468
43.1171,58.7931,43.1137,74.3174,52156.7,51701.9,3514.03,4.4285e+06,4.41944e+06,0.768593,0.768593,0.768593,0.768593,0.768593,0.768593
43.1036,58.8221,43.1002,74.2942,52160,51705.8,3516.08,4.4309e+06,4.42183e+06,0.768718,0.768718,0.768718,0.768718,0.768718,0.768718
43.0901,58.8512,43.0867,74.3237,52163.1,51709,3518.13,4.4333e+06,4.42422e+06,0.768843,0.768843,0.768843,0.768843,0.768843,0.768843
43.0765,58.8803,43.0731,74.3189,52166.9,51713.3,3520.18,4.4357e+06,4.4266e+06,0.768968,0.768968,0.768968,0.768968,0.768968,0.768968
43.063,58.9094,43.0596,74.3147,52170.3,51717.2,3522.23,4.4381e+06,4.429e+06,0.769093,0.769093,0.769093,0.769093,0.769093,0.769093
43.0494,58.9384,43.046,74.3041,52173.3,51720.6,3524.29,4.4405e+06,4.43139e+06,0.769218,0.769218,0.769218,0.769218,0.769218,0.769218
43.0358,58.9675,43.0324,74.3004,52177,51724.9,3526.34,4.44291e+06,4.43378e+06,0.769343,0.769343,0.769343,0.769343,0.769343,0.769343
43.0222,58.9967,43.0187,74.2953,52181.9,51730.5,3528.4,4.44531e+06,4.43617e+06,0.769468,0.769468,0.769468,0.769468,0.769468,0.769468
43.0086,59.0257,43.0051,74.2846,52184.8,51733.8,3530.45,4.44772e+06,4.43856e+06,0.769593,0.769593,0.769593,0.769593,0.769593,0.769593
42.9949,59.0549,42.9914,74.2945,52189.2,51738.8,3532.51,4.45012e+06,4.44096e+06,0.769718,0.769718,0.769718,0.769718,0.769718,0.769718
42.9812,59.084,42.9778,74.3039,52193.3,51743.3,3534.57,4.45253e+06,4.44335e+06,0.769843,0.769843,0.769843,0.769843,0.769843,0.769843
42.9675,59.1132,42.9641,74.2973,52198.2,51748.9,3536.63,4.45493e+06,4.44575e+06,0.769968,0.769968,0.769968,0.769968,0.769968,0.769968
42.9538,59.1423,42.9503,74.3028,52201.7,51752.8,3538.68,4.45734e+06,4.44814e+06,0.770093,0.770093,0.770093,0.770093,0.770093,0.770093
42.94,59.1715,42.9366,74.3246,52205.9,51757.4,3540.74,4.45975e+06,4.45054e+06,0.770218,0.770218,0.770218,0.770218,0.770218,0.770218
42.9263,59.2007,42.9229,74.3783,52208.7,51760,3542.8,4.46216e+06,4.45294e+06,0.770343,0.770343,0.770343,0.770343,0.770343,0.770343
42.9125,59.2299,42.9091,74.3932,52213.1,51764.8,3544.86,4.46457e+06,4.45534e+06,0.770468,0.770468,0.770468,0.770468,0.770468,0.770468
42.8987,59.2592,42.8953,74.4216,52216.8,51768.7,3546.93,4.46698e+06,4.45774e+06,0.770593,0.770593,0.770593,0.770593,0.770593,0.770593
42.8849,59.2883,42.8815,74.4137,52220.8,51773.3,3548.99,4.46939e+06,4.46014e+06,0.770718,0.770718,0.770718,0.770718,0.770718,0.770718
42.8712,59.3174,42.8677,74.397,52223.9,51777,3551.05,4.4718e+06,4.46254e+06,0.770843,0.770843,0.770843,0.770843,0.770843,0.770843
42.8574,59.3467,42.8539,74.436,52227.3,51780.4,3553.12,4.47422e+06,4.46494e+06,0.770968,0.770968,0.770968,0.770968,0.770968,0.770968
42.8435,59.3759,42.84,74.469,52230.5,51783.7,3555.18,4.47663e+06,4.46734e+06,0.771093,0.771093,0.771093,0.771093,0.771093,0.771093
42.8296,59.4052,42.8261,74.5038,52234.9,51788.3,3557.24,4.47904e+06,4.46974e+06,0.771218,0.771218,0.771218,0.771218,0.771218,0.771218
42.8158,59.4344,42.8123,74.4953,52239.3,51793.3,3559.31,4.48146e+06,4.47215e+06,0.771343,0.771343,0.771343,0.771343,0.771343,0.771343
42.802,59.4636,42.7984,74.5023,52242.5,51797,3561.38,4.48388e+06,4.47455e+06,0.771468,0.771468,0.771468,0.771468,0.771468,0.771468
42.7882,59.4928,42.7845,74.5055,52246.2,51801.1,3563.44,4.48629e+06,4.47696e+06,0.771593,0.771593,0.771593,0.771593,0.771593,0.771593
42.7742,59.5222,42.7706,74.5731,52250.9,51805.7,3565.51,4.48871e+06,4.47936e+06,0.771718,0.771718,0.771718,0.771718,0.771718,0.771718
42.7602,59.5515,42.7566,74.5688,52256.3,51812,3567.58,4.49113e+06,4.48177e+06,0.771843,0.771843,0.771843,0.771843,0.771843,0.771843
42.7463,59.5808,42.7427,74.5931,52261.3,51817.5,3569.65,4.49355e+06,4.48418e+06,0.771968,0.771968,0.771968,0.771968,0.771968,0.771968
42.7323,59.6101,42.7288,74.6401,52265.4,51821.7,3571.72,4.49597e+06,4.48658e+06,0.772093,0.772093,0.772093,0.772093,0.772093,0.772093
42.7183,59.6395,42.7148,74.6928,52270.1,51826.6,3573.79,4.49839e+06,4.48899e+06,0.772218,0.772218,0.772218,0.772218,0.772218,0.772218
42.7042,59.6689,42.7008,74.7513,52275.6,51832.4,3575.86,4.50081e+06,4.4914e+06,0.772343,0.772343,0.772343,0.772343,0.772343,0.772343
42.6903,59.6982,42.6868,74.782,52279.5,51836.5,3577.94,4.50323e+06,4.49381e+06,0.772468,0.772468,0.772468,0.772468,0.772468,0.772468
42.6762,59.7276,42.6728,74.8328,52284.2,51841.3,3580.01,4.50565e+06,4.49623e+06,0.772593,0.772593,0.772593,0.772593,0.772593,0.772593
42.6623,59.7569,42.6588,74.8451,52288.3,51845.8,3582.09,4.50808e+06,4.49864e+06,0.772718,0.772718,0.772718,0.772718,0.772718,0.772718
42.6483,59.7862,42.6448,74.8223,52293.2,51851.7,3584.16,4.5105e+06,4.50105e+06,0.772843,0.772843,0.772843,0.772843,0.772843,0.772843
42.6343,59.8155,42.6307,74.8583,52297.4,51856.2,3586.24,4.51293e+06,4.50346e+06,0.772968,0.772968,0.772968,0.772968,0.772968,0.772968
42.6202,59.845,42.6167,74.9127,52303.4,51862.5,3588.31,4.51535e+06,4.50588e+06,0.773093,0.773093,0.773093,0.773093,0.773093,0.773093
42.6062,59.8744,42.6026,74.9426,52307.8,51867.3,3590.39,4.51778e+06,4.50829e+06,0.773218,0.773218,0.773218,0.773218,0.773218,0.773218
42.5921,59.9038,42.5886,74.9707,52314.1,51874.3,3592.47,4.52021e+06,4.51071e+06,0.773343,0.773343,0.773343,0.773343,0.773343,0.773343
42.578,59.9333,42.5745,75.0251,52319.4,51879.8,3594.55,4.52264e+06,4.51313e+06,0.773468,0.773468,0.773468,0.773468,0.773468,0.773468
42.5639,59.9627,42.5604,75.076,52324.5,51885.2,3596.63,4.52506e+06,4.51554e+06,0.773593,0.773593,0.773593,0.773593,0.773593,0.773593
42.5497,59.9922,42.5463,75.1456,52329.1,51889.9,3598.71,4.52749e+06,4.51796e+06,0.773718,0.773718,0.773718,0.773718,0.773718,0.773718
42.5357,60.0216,42.5322,75.1755,52333.7,51894.8,3600.79,4.52992e+06,4.52038e+06,0.773843,0.773843,0.773843,0.773843,0.773843,0.773843
42.5215,60.0511,42.5181,75.2412,52338.3,51899.5,3602.87,4.53236e+06,4.5228e+06,0.773968,0.773968,0.773968,0.773968,0.773968,0.773968
42.5074,60.0806,42.504,75.3143,52342.7,51903.9,3604.95,4.53479e+06,4.52522e+06,0.774093,0.774093,0.774093,0.774093,0.774093,0.774093
42.4933,60.1101,42.4899,75.3705,52347.6,51908.9,3607.04,4.53722e+06,4.52764e+06,0.774218,0.774218,0.774218,0.774218,0.774218,0.774218
42.4792,60.1395,42.4757,75.3876,52351.6,51913.4,3609.12,4.53965e+06,4.53006e+06,0.774343,0.774343,0.774343,0.774343,0.774343,0.774343
42.4651,60.1689,42.4616,75.425,52356.7,51918.8,3611.21,4.54209e+06,4.53249e+06,0.774468,0.774468,0.774468,0.774468,0.774468,0.774468
42.451,60.1984,42.4474,75.4709,52360.9,51923.2,3613.29,4.54452e+06,4.53491e+06,0.774593,0.774593,0.774593,0.774593,0.774593,0.774593
42.4368,60.2279,42.4333,75.5218,52366.8,51929.6,3615.38,4.54696e+06,4.53734e+06,0.774718,0.774718,0.774718,0.774718,0.774718,0.774718
42.4226,60.2575,42.4191,75.6167,52371.9,51934.6,3617.47,4.5494e+06,4.53976e+06,0.774843,0.774843,0.774843,0.774843,0.774843,0.774843
42.4084,60.287,42.405,75.6695,52376.4,51939.2,3619.56,4.55183e+06,4.54219e+06,0.774967,0.774967,0.774967,0.774967,0.774967,0.774967
42.3943,60.3166,42.3908,75.7062,52381.3,51944.6,3621.65,4.55427e+06,4.54461e+06,0.775092,0.775092,0.775092,0.775092,0.775092,0.775092
42.38,60.3462,42.3766,75.792,52387,51950.3,3623.74,4.55671e+06,4.54704e+06,0.775217,0.775217,0.775217,0.775217,0.775217,0.775217
42.3658,60.3757,42.3624,75.8396,52392.6,51956.3,3625.83,4.55915e+06,4.54947e+06,0.775342,0.775342,0.775342,0.775342,0.775342,0.775342
42.3517,60.4053,42.3482,75.8824,52397.4,51961.5,3627.92,4.56159e+06,4.5519e+06,0.775467,0.775467,0.775467,0.775467,0.775467,0.775467
42.3374,60.4349,42.334,75.9432,52403.5,51968,3630.01,4.56403e+06,4.55433e+06,0.775592,0.775592,0.775592,0.775592,0.775592,0.775592
42.3231,60.4646,42.3198,76.0397,52409.5,51974,3632.11,4.56647e+06,4.55676e+06,0.775717,0.775717,0.775717,0.775717,0.775717,0.775717
42.3091,60.494,42.3056,76.0371,52413.7,51979,3634.2,4.56892e+06,4.55919e+06,0.775842,0.775842,0.775842,0.775842,0.775842,0.775842
42.295,60.5235,42.2914,76.0801,52417.5,51983,3636.3,4.57136e+06,4.56162e+06,0.775967,0.775967,0.775967,0.775967,0.775967,0.775967
42.2807,60.5532,42.2771,76.1847,52422.2,51987.3,3638.39,4.5738e+06,4.56406e+06,0.776092,0.776092,0.776092,0.776092,0.776092,0.776092
42.2664,60.5829,42.2629,76.2329,52429.1,51994.9,3640.49,4.57625e+06,4.56649e+06,0.776217,0.776217,0.776217,0.776217,0.776217,0.776217
42.2522,60.6125,42.2487,76.3011,52432.9,51998.7,3642.59,4.5787e+06,4.56892e+06,0.776342,0.776342,0.776342,0.776342,0.776342,0.776342
42.238,60.6421,42.2344,76.3583,52439.3,52005.6,3644.69,4.58114e+06,4.57136e+06,0.776467,0.776467,0.776467,0.776467,0.776467,0.776467
42.2236,60.6719,42.2202,76.4696,52445.4,52011.7,3646.79,4.58359e+06,4.57379e+06,0.776592,0.776592,0.776592,0.776592,0.776592,0.776592
42.2093,60.7016,42.2059,76.5666,52451.7,52018.2,3648.89,4.58604e+06,4.57623e+06,0.776717,0.776717,0.776717,0.776717,0.776717,0.776717
42.1951,60.7313,42.1917,76.6113,52457.4,52024.3,3650.99,4.58849e+06,4.57867e+06,0.776842,0.776842,0.776842,0.776842,0.776842,0.776842
42.1807,60.7611,42.1774,76.7415,52463.2,52029.9,3653.1,4.59094e+06,4.58111e+06,0.776967,0.776967,0.776967,0.776967,0.776967,0.776967
42.1664,60.7908,42.1632,76.8031,52468.5,52035.4,3655.2,4.59339e+06,4.58355e+06,0.777092,0.777092,0.777092,0.777092,0.777092,0.777092
42.1523,60.8204,42.1489,76.8602,52472.6,52039.7,3657.3,4.59584e+06,4.58599e+06,0.777217,0.777217,0.777217,0.777217,0.777217,0.777217
42.138,60.8501,42.1346,76.9216,52477.6,52044.9,3659.41,4.59829e+06,4.58843e+06,0.777342,0.777342,0.777342,0.777342,0.777342,0.777342
42.1238,60.8798,42.1204,76.9882,52482,52049.4,3661.52,4.60074e+06,4.59087e+06,0.777467,0.777467,0.777467,0.777467,0.777467,0.777467
42.1096,60.9095,42.1061,77.0467,52487.6,52055.4,3663.62,4.6032e+06,4.59331e+06,0.777592,0.777592,0.777592,0.777592,0.777592,0.777592
42.0954,60.9392,42.0918,77.0916,52492.1,52060.3,3665.73,4.60565e+06,4.59575e+06,0.777717,0.777717,0.777717,0.777717,0.777717,0.777717
42.0811,60.9689,42.0775,77.1775,52497.1,52065.2,3667.84,4.60811e+06,4.5982e+06,0.777842,0.777842,0.777842,0.777842,0.777842,0.777842
42.0669,60.9987,42.0633,77.2503,52502.4,52070.7,3669.95,4.61056e+06,4.60064e+06,0.777967,0.777967,0.777967,0.777967,0.777967,0.777967
42.0525,61.0285,42.049,77.3491,52507.9,52076.2,3672.06,4.61302e+06,4.60309e+06,0.778092,0.778092,0.778092,0.778092,0.778092,0.778092
42.0383,61.0583,42.0347,77.4284,52513.5,52082,3674.18,4.61548e+06,4.60554e+06,0.778217,0.778217,0.778217,0.778217,0.778217,0.778217
42.024,61.0881,42.0205,77.4716,52519.9,52089.1,3676.29,4.61794e+06,4.60798e+06,0.778342,0.778342,0.778342,0.778342,0.778342,0.778342
42.0098,61.1178,42.0062,77.5391,52524.7,52094.1,3678.4,4.6204e+06,4.61043e+06,0.778467,0.778467,0.778467,0.778467,0.778467,0.778467
41.9954,61.1477,41.9919,77.6355,52530.9,52100.5,3680.52,4.62286e+06,4.61288e+06,0.778592,0.778592,0.778592,0.778592,0.778592,0.778592
41.9811,61.1776,41.9776,77.7488,52536.1,52105.5,3682.63,4.62532e+06,4.61533e+06,0.778717,0.778717,0.778717,0.778717,0.778717,0.778717
41.9668,61.2074,41.9633,77.8461,52541.3,52110.7,3684.75,4.62778e+06,4.61778e+06,0.778842,0.778842,0.778842,0.778842,0.778842,0.778842
41.9526,61.2372,41.9491,77.9018,52546.4,52116.3,3686.87,4.63024e+06,4.62023e+06,0.778967,0.778967,0.778967,0.778967,0.778967,0.778967
41.9383,61.2671,41.9348,78.0032,52552.3,52122.2,3688.99,4.63271e+06,4.62268e+06,0.779092,0.779092,0.779092,0.779092,0.779092,0.779092
41.9239,61.2971,41.9205,78.1128,52558.9,52128.9,3691.11,4.63517e+06,4.62513e+06,0.779217,0.779217,0.779217,0.779217,0.779217,0.779217
41.9097,61.3269,41.9062,78.1788,52564.3,52134.7,3693.23,4.63763e+06,4.62759e+06,0.779342,0.779342,0.779342,0.779342,0.779342,0.779342
41.8953,61.3569,41.8919,78.3083,52570.7,52141,3695.35,4.6401e+06,4.63004e+06,0.779467,0.779467,0.779467,0.779467,0.779467,0.779467
41.881,61.3868,41.8777,78.3926,52575.9,52146.4,3697.47,4.64257e+06,4.6325e+06,0.779592,0.779592,0.779592,0.779592,0.779592,0.779592
41.8668,61.4167,41.8634,78.4849,52580.8,52151.3,3699.59,4.64503e+06,4.63495e+06,0.779717,0.779717,0.779717,0.779717,0.779717,0.779717
41.8525,61.4466,41.8491,78.5667,52585.4,52155.9,3701.72,4.6475e+06,4.63741e+06,0.779842,0.779842,0.779842,0.779842,0.779842,0.779842
41.8382,61.4765,41.8348,78.6524,52591.8,52162.6,3703.84,4.64997e+06,4.63987e+06,0.779967,0.779967,0.779967,0.779967,0.779967,0.779967
41.8239,61.5065,41.8206,78.7714,52597.9,52168.7,3705.97,4.65244e+06,4.64232e+06,0.780092,0.780092,0.780092,0.780092,0.780092,0.780092
41.8096,61.5365,41.8063,78.8444,52603.5,52174.6,3708.1,4.65491e+06,4.64478e+06,0.780217,0.780217,0.780217,0.780217,0.780217,0.780217
41.7954,61.5664,41.7921,78.9382,52609.2,52180.5,3710.23,4.65738e+06,4.64724e+06,0.780342,0.780342,0.780342,0.780342,0.780342,0.780342
41.7812,61.5964,41.7778,79.0124,52614,52185.4,3712.36,4.65985e+06,4.6497e+06,0.780467,0.780467,0.780467,0.780467,0.780467,0.780467
41.767,61.6263,41.7636,79.0523,52620,52192.1,3714.49,4.66232e+06,4.65216e+06,0.780592,0.780592,0.780592,0.780592,0.780592,0.780592
41.7527,61.6563,41.7493,79.1573,52625.6,52197.8,3716.62,4.6648e+06,4.65463e+06,0.780717,0.780717,0.780717,0.780717,0.780717,0.780717
41.7385,61.6863,41.7351,79.2469,52631.1,52203.4,3718.75,4.66727e+06,4.65709e+06,0.780842,0.780842,0.780842,0.780842,0.780842,0.780842
41.7243,61.7162,41.7209,79.303,52636.1,52208.8,3720.88,4.66975e+06,4.65955e+06,0.780967,0.780967,0.780967,0.780967,0.780967,0.780967
41.7101,61.7463,41.7066,79.4059,52641.8,52214.6,3723.02,4.67222e+06,4.66202e+06,0.781092,0.781092,0.781092,0.781092,0.781092,0.781092
41.6959,61.7763,41.6924,79.4848,52646.8,52219.8,3725.15,4.6747e+06,4.66448e+06,0.781217,0.781217,0.781217,0.781217,0.781217,0.781217
41.6816,61.8064,41.6782,79.5964,52653.5,52226.7,3727.29,4.67718e+06,4.66695e+06,0.781342,0.781342,0.781342,0.781342,0.781342,0.781342
41.6675,61.8363,41.664,79.65,52657.7,52231.2,3729.43,4.67966e+06,4.66942e+06,0.781467,0.781467,0.781467,0.781467,0.781467,0.781467
41.6532,61.8664,41.6498,79.7403,52663.8,52237.6,3731.56,4.68214e+06,4.67188e+06,0.781592,0.781592,0.781592,0.781592,0.781592,0.781592
41.6389,61.8965,41.6356,79.8875,52669.2,52242.6,3733.7,4.68461e+06,4.67435e+06,0.781717,0.781717,0.781717,0.781717,0.781717,0.781717
41.6248,61.9266,41.6214,79.9479,52675.4,52249.4,3735.84,4.6871e+06,4.67682e+06,0.781842,0.781842,0.781842,0.781842,0.781842,0.781842
41.6105,61.9567,41.6072,80.0589,52681.1,52255.1,3737.98,4.68958e+06,4.67929e+06,0.781967,0.781967,0.781967,0.781967,0.781967,0.781967
41.5964,61.9868,41.593,80.1494,52686.5,52260.8,3740.13,4.69206e+06,4.68176e+06,0.782092,0.782092,0.782092,0.782092,0.782092,0.782092
41.5821,62.0169,41.5789,80.2488,52692,52266.5,3742.27,4.69454e+06,4.68423e+06,0.782217,0.782217,0.782217,0.782217,0.782217,0.782217
41.5679,62.0471,41.5647,80.3721,52697.6,52271.9,3744.41,4.69702e+06,4.6867e+06,0.782342,0.782342,0.782342,0.782342,0.782342,0.782342
41.5537,62.0773,41.5505,80.488,52703.6,52278,3746.56,4.69951e+06,4.68918e+06,0.782467,0.782467,0.782467,0.782467,0.782467,0.782467
41.5396,62.1073,41.5364,80.5695,52708.4,52283,3748.71,4.702e+06,4.69165e+06,0.782592,0.782592,0.782592,0.782592,0.782592,0.782592
41.5255,62.1375,41.5222,80.6201,52714.4,52289.6,3750.85,4.70448e+06,4.69413e+06,0.782717,0.782717,0.782717,0.782717,0.782717,0.782717
41.5113,62.1676,41.5081,80.6971,52719.4,52294.9,3753,4.70697e+06,4.6966e+06,0.782842,0.782842,0.782842,0.782842,0.782842,0.782842
41.4972,62.1977,41.4939,80.7639,52725.3,52301.3,3755.15,4.70946e+06,4.69908e+06,0.782967,0.782967,0.782967,0.782967,0.782967,0.782967
41.483,62.2279,41.4798,80.8799,52731,52307.1,3757.3,4.71194e+06,4.70156e+06,0.783092,0.783092,0.783092,0.783092,0.783092,0.783092
41.4689,62.2581,41.4657,80.9693,52736.3,52312.6,3759.45,4.71443e+06,4.70403e+06,0.783217,0.783217,0.783217,0.783217,0.783217,0.783217
41.4548,62.2882,41.4515,81.023,52741.5,52318.3,3761.6,4.71692e+06,4.70651e+06,0.783342,0.783342,0.783342,0.783342,0.783342,0.783342
41.4407,62.3184,41.4374,81.0942,52747.3,52324.6,3763.76,4.71941e+06,4.70899e+06,0.783467,0.783467,0.783467,0.783467,0.783467,0.783467
41.4267,62.3485,41.4233,81.1427,52751.8,52329.5,3765.91,4.72191e+06,4.71147e+06,0.783592,0.783592,0.783592,0.783592,0.783592,0.783592
41.4127,62.3787,41.4092,81.2056,52756.2,52334.2,3768.06,4.7244e+06,4.71395e+06,0.783717,0.783717,0.783717,0.783717,0.783717,0.783717
41.3987,62.4088,41.3951,81.2542,52761.3,52339.8,3770.22,4.72689e+06,4.71643e+06,0.783842,0.783842,0.783842,0.783842,0.783842,0.783842
41.3846,62.4391,41.3811,81.318,52767,52346.1,3772.38,4.72938e+06,4.71892e+06,0.783967,0.783967,0.783967,0.783967,0.783967,0.783967
41.3705,62.4693,41.367,81.3977,52773.4,52353.1,3774.54,4.73188e+06,4.7214e+06,0.784092,0.784092,0.784092,0.784092,0.784092,0.784092
41.3564,62.4997,41.3529,81.4972,52779.6,52359.6,3776.69,4.73438e+06,4.72388e+06,0.784217,0.784217,0.784217,0.784217,0.784217,0.784217
41.3423,62.5299,41.3389,81.603,52784.6,52364.6,3778.85,4.73687e+06,4.72637e+06,0.784342,0.784342,0.784342,0.784342,0.784342,0.784342
41.3283,62.5602,41.3248,81.6462,52791.1,52372.1,3781.01,4.73937e+06,4.72886e+06,0.784467,0.784467,0.784467,0.784467,0.784467,0.784467
41.3142,62.5905,41.3108,81.7544,52796.6,52377.7,3783.18,4.74187e+06,4.73134e+06,0.784592,0.784592,0.784592,0.784592,0.784592,0.784592
41.3002,62.6209,41.2968,81.8506,52802,52383.3,3785.34,4.74436e+06,4.73383e+06,0.784717,0.784717,0.784717,0.784717,0.784717,0.784717
41.2861,62.6512,41.2827,81.9302,52807.2,52388.8,3787.5,4.74686e+06,4.73632e+06,0.784842,0.784842,0.784842,0.784842,0.784842,0.784842
41.2721,62.6815,41.2687,82.0311,52813.2,52395.1,3789.67,4.74936e+06,4.73881e+06,0.784967,0.784967,0.784967,0.784967,0.784967,0.784967
41.258,62.7119,41.2547,82.1384,52819.3,52401.4,3791.83,4.75187e+06,4.7413e+06,0.785092,0.785092,0.785092,0.785092,0.785092,0.785092
41.2441,62.7422,41.2407,82.1916,52823.8,52406.3,3794,4.75437e+06,4.74379e+06,0.785217,0.785217,0.785217,0.785217,0.785217,0.785217
41.2302,62.7725,41.2268,82.2382,52828.8,52412,3796.17,4.75687e+06,4.74628e+06,0.785342,0.785342,0.785342,0.785342,0.785342,0.785342
41.2161,62.803,41.2128,82.3551,52835.4,52418.9,3798.34,4.75937e+06,4.74877e+06,0.785467,0.785467,0.785467,0.785467,0.785467,0.785467
41.2021,62.8334,41.1988,82.426,52842.1,52426.3,3800.51,4.76188e+06,4.75126e+06,0.785592,0.785592,0.785592,0.785592,0.785592,0.785592
41.188,62.8639,41.1849,82.5463,52848.4,52432.8,3802.68,4.76438e+06,4.75376e+06,0.785717,0.785717,0.785717,0.785717,0.785717,0.785717
41.1741,62.8943,41.171,82.6375,52853.6,52438.3,3804.85,4.76689e+06,4.75625e+06,0.785842,0.785842,0.785842,0.785842,0.785842,0.785842
41.1602,62.9246,41.157,82.6851,52857.9,52443,3807.02,4.7694e+06,4.75875e+06,0.785967,0.785967,0.785967,0.785967,0.785967,0.785967
41.1462,62.9551,41.1431,82.7887,52864.1,52449.6,3809.2,4.7719e+06,4.76124e+06,0.786092,0.786092,0.786092,0.786092,0.786092,0.786092
41.1322,62.9856,41.1292,82.8777,52870.5,52456.5,3811.37,4.77441e+06,4.76374e+06,0.786217,0.786217,0.786217,0.786217,0.786217,0.786217
41.1183,63.016,41.1153,82.9539,52876.4,52463,3813.55,4.77692e+06,4.76624e+06,0.786342,0.786342,0.786342,0.786342,0.786342,0.786342
41.1044,63.0465,41.1014,83.0198,52882.4,52469.7,3815.72,4.77943e+06,4.76874e+06,0.786467,0.786467,0.786467,0.786467,0.786467,0.786467
41.0906,63.0769,41.0876,83.0788,52887.5,52475.3,3817.9,4.78194e+06,4.77124e+06,0.786592,0.786592,0.786592,0.786592,0.786592,0.786592
41.0767,63.1074,41.0737,83.1621,52893.6,52481.9,3820.08,4.78445e+06,4.77374e+06,0.786717,0.786717,0.786717,0.786717,0.786717,0.786717
41.0627,63.1379,41.0599,83.2777,52898.6,52486.9,3822.26,4.78697e+06,4.77624e+06,0.786842,0.786842,0.786842,0.786842,0.786842,0.786842
41.0489,63.1684,41.046,83.3808,52903.8,52492.2,3824.44,4.78948e+06,4.77874e+06,0.786967,0.786967,0.786967,0.786967,0.786967,0.786967
41.0351,63.1989,41.0322,83.4105,52909.8,52499.2,3826.62,4.79199e+06,4.78124e+06,0.787092,0.787092,0.787092,0.787092,0.787092,0.787092
41.0213,63.2294,41.0184,83.4603,52914.6,52504.6,3828.81,4.79451e+06,4.78375e+06,0.787217,0.787217,0.787217,0.787217,0.787217,0.787217
41.0075,63.2599,41.0046,83.5163,52919.4,52510,3830.99,4.79702e+06,4.78625e+06,0.787342,0.787342,0.787342,0.787342,0.787342,0.787342
40.9936,63.2904,40.9908,83.5992,52925.9,52517.1,3833.17,4.79954e+06,4.78876e+06,0.787467,0.787467,0.787467,0.787467,0.787467,0.787467
40.9798,63.321,40.977,83.6985,52930.6,52521.9,3835.36,4.80206e+06,4.79126e+06,0.787592,0.787592,0.787592,0.787592,0.787592,0.787592
40.9661,63.3515,40.9632,83.7066,52936.2,52528.6,3837.55,4.80457e+06,4.79377e+06,0.787717,0.787717,0.787717,0.787717,0.787717,0.787717
40.9523,63.3821,40.9495,83.7647,52942,52535.2,3839.73,4.80709e+06,4.79628e+06,0.787842,0.787842,0.787842,0.787842,0.787842,0.787842
40.9385,63.4127,40.9357,83.8436,52948.2,52541.9,3841.92,4.80961e+06,4.79879e+06,0.787967,0.787967,0.787967,0.787967,0.787967,0.787967
40.9248,63.4432,40.922,83.8915,52954,52548.6,3844.11,4.81213e+06,4.80129e+06,0.788092,0.788092,0.788092,0.788092,0.788092,0.788092
40.9111,63.4738,40.9083,83.9179,52958.8,52554.2,3846.3,4.81465e+06,4.8038e+06,0.788217,0.788217,0.788217,0.788217,0.788217,0.788217
40.8974,63.5043,40.8946,83.9503,52963.2,52559.2,3848.49,4.81717e+06,4.80632e+06,0.788342,0.788342,0.788342,0.788342,0.788342,0.788342
40.8839,63.5348,40.8809,83.9471,52966.8,52563.5,3850.69,4.8197e+06,4.80883e+06,0.788467,0.788467,0.788467,0.788467,0.788467,0.788467
40.8701,63.5655,40.8673,84.0568,52971.1,52567.7,3852.88,4.82222e+06,4.81134e+06,0.788592,0.788592,0.788592,0.788592,0.788592,0.788592
40.8565,63.596,40.8536,84.0834,52975.3,52572.6,3855.07,4.82474e+06,4.81385e+06,0.788716,0.788716,0.788716,0.788716,0.788716,0.788716
40.8428,63.6267,40.84,84.1445,52980.9,52578.8,3857.27,4.82727e+06,4.81637e+06,0.788841,0.788841,0.788841,0.788841,0.788841,0.788841
40.8292,63.6574,40.8264,84.2014,52986.3,52584.9,3859.46,4.8298e+06,4.81888e+06,0.788966,0.788966,0.788966,0.788966,0.788966,0.788966
40.8156,63.6879,40.8127,84.2101,52990.9,52590.4,3861.66,4.83232e+06,4.8214e+06,0.789091,0.789091,0.789091,0.789091,0.789091,0.789091
40.802,63.7186,40.7991,84.2474,52995.9,52596.1,3863.86,4.83485e+06,4.82391e+06,0.789216,0.789216,0.789216,0.789216,0.789216,0.789216
40.7884,63.7493,40.7856,84.3323,53000.6,52601.1,3866.06,4.83738e+06,4.82643e+06,0.789341,0.789341,0.789341,0.789341,0.789341,0.789341
40.7748,63.78,40.772,84.3873,53005.5,52606.5,3868.26,4.83991e+06,4.82895e+06,0.789466,0.789466,0.789466,0.789466,0.789466,0.789466
40.7613,63.8107,40.7584,84.4108,53011.1,52613.1,3870.46,4.84244e+06,4.83147e+06,0.789591,0.789591,0.789591,0.789591,0.789591,0.789591
40.7477,63.8414,40.7449,84.4535,53016.2,52618.9,3872.66,4.84497e+06,4.83398e+06,0.789716,0.789716,0.789716,0.789716,0.789716,0.789716
40.7341,63.8721,40.7314,84.4725,53022.1,52626.1,3874.86,4.8475e+06,4.83651e+06,0.789841,0.789841,0.789841,0.789841,0.789841,0.789841
40.7206,63.9028,40.7179,84.5,53027.4,52632.3,3877.06,4.85003e+06,4.83903e+06,0.789966,0.789966,0.789966,0.789966,0.789966,0.789966
40.7071,63.9336,40.7044,84.5876,53031.2,52636.1,3879.27,4.85256e+06,4.84155e+06,0.790091,0.790091,0.790091,0.790091,0.790091,0.790091
40.6936,63.9643,40.6909,84.5942,53035.9,52641.8,3881.47,4.85509e+06,4.84407e+06,0.790216,0.790216,0.790216,0.790216,0.790216,0.790216
40.6801,63.9951,40.6774,84.6619,53040.8,52647.2,3883.68,4.85763e+06,4.84659e+06,0.790341,0.790341,0.790341,0.790341,0.790341,0.790341
40.6666,64.0259,40.664,84.6958,53045.6,52652.7,3885.89,4.86016e+06,4.84912e+06,0.790466,0.790466,0.790466,0.790466,0.790466,0.790466
40.6532,64.0566,40.6505,84.7234,53050.9,52658.9,3888.09,4.8627e+06,4.85164e+06,0.790591,0.790591,0.790591,0.790591,0.790591,0.790591
40.6397,64.0875,40.6371,84.7392,53057.3,52666.7,3890.3,4.86524e+06,4.85417e+06,0.790716,0.790716,0.790716,0.790716,0.790716,0.790716
40.6263,64.1182,40.6237,84.7454,53061.6,52671.9,3892.51,4.86777e+06,4.8567e+06,0.790841,0.790841,0.790841,0.790841,0.790841,0.790841
40.6129,64.149,40.6103,84.7651,53066.2,52677.4,3894.72,4.87031e+06,4.85922e+06,0.790966,0.790966,0.790966,0.790966,0.790966,0.790966
40.5996,64.1798,40.5969,84.7403,53070.5,52682.8,3896.93,4.87285e+06,4.86175e+06,0.791091,0.791091,0.791091,0.791091,0.791091,0.791091
40.5862,64.2106,40.5835,84.7567,53075.7,52689,3899.14,4.87539e+06,4.86428e+06,0.791216,0.791216,0.791216,0.791216,0.791216,0.791216
40.5729,64.2414,40.5702,84.7207,53079.4,52693.9,3901.36,4.87793e+06,4.86681e+06,0.791341,0.791341,0.791341,0.791341,0.791341,0.791341
40.5596,64.2721,40.5568,84.7117,53082.7,52698,3903.57,4.88047e+06,4.86934e+06,0.791466,0.791466,0.791466,0.791466,0.791466,0.791466
40.5463,64.3029,40.5435,84.7001,53086.3,52702.4,3905.78,4.88301e+06,4.87187e+06,0.791591,0.791591,0.791591,0.791591,0.791591,0.791591
40.5331,64.3337,40.5302,84.6324,53090.7,52708.5,3908,4.88556e+06,4.8744e+06,0.791716,0.791716,0.791716,0.791716,0.791716,0.791716
40.5197,64.3646,40.5169,84.6508,53096.5,52715.4,3910.21,4.8881e+06,4.87694e+06,0.791841,0.791841,0.791841,0.791841,0.791841,0.791841
40.5064,64.3955,40.5036,84.662,53100.8,52720.6,3912.43,4.89064e+06,4.87947e+06,0.791966,0.791966,0.791966,0.791966,0.791966,0.791966
40.4932,64.4263,40.4903,84.6419,53105.9,52727.1,3914.65,4.89319e+06,4.88201e+06,0.792091,0.792091,0.792091,0.792091,0.792091,0.792091
40.4798,64.4573,40.477,84.6841,53110.8,52732.8,3916.87,4.89574e+06,4.88454e+06,0.792216,0.792216,0.792216,0.792216,0.792216,0.792216
40.4666,64.4882,40.4638,84.6883,53114.9,52737.6,3919.09,4.89828e+06,4.88708e+06,0.792341,0.792341,0.792341,0.792341,0.792341,0.792341
40.4534,64.519,40.4505,84.6659,53117.3,52740.8,3921.31,4.90083e+06,4.88962e+06,0.792466,0.792466,0.792466,0.792466,0.792466,0.792466
40.4402,64.5499,40.4373,84.665,53121.5,52746,3923.53,4.90338e+06,4.89215e+06,0.792591,0.792591,0.792591,0.792591,0.792591,0.792591
40.427,64.5808,40.4241,84.6108,53125.4,52751.1,3925.75,4.90593e+06,4.89469e+06,0.792716,0.792716,0.792716,0.792716,0.792716,0.792716
40.4139,64.6117,40.4109,84.5852,53129.3,52756.2,3927.97,4.90848e+06,4.89723e+06,0.792841,0.792841,0.792841,0.792841,0.792841,0.792841
40.4007,64.6426,40.3977,84.5682,53133.7,52761.8,3930.19,4.91103e+06,4.89977e+06,0.792966,0.792966,0.792966,0.792966,0.792966,0.792966
40.3875,64.6736,40.3845,84.572,53137.6,52766.5,3932.42,4.91358e+06,4.90231e+06,0.793091,0.793091,0.793091,0.793091,0.793091,0.793091
40.3743,64.7046,40.3714,84.5577,53141.7,52771.6,3934.64,4.91613e+06,4.90485e+06,0.793216,0.793216,0.793216,0.793216,0.793216,0.793216
40.3612,64.7356,40.3582,84.5681,53145.5,52776.2,3936.87,4.91868e+06,4.9074e+06,0.793341,0.793341,0.793341,0.793341,0.793341,0.793341
40.348,64.7666,40.3451,84.5641,53149.9,52781.7,3939.09,4.92124e+06,4.90994e+06,0.793466,0.793466,0.793466,0.793466,0.793466,0.793466
40.3349,64.7976,40.332,84.5571,53153.5,52786.2,3941.32,4.92379e+06,4.91248e+06,0.793591,0.793591,0.793591,0.793591,0.793591,0.793591
40.3218,64.8286,40.3189,84.5274,53158.1,52792.1,3943.55,4.92635e+06,4.91503e+06,0.793716,0.793716,0.793716,0.793716,0.793716,0.793716
40.3087,64.8597,40.3058,84.5021,53163,52798.4,3945.77,4.9289e+06,4.91757e+06,0.793841,0.793841,0.793841,0.793841,0.793841,0.793841
40.2957,64.8906,40.2928,84.4498,53166.3,52802.9,3948,4.93146e+06,4.92012e+06,0.793966,0.793966,0.793966,0.793966,0.793966,0.793966
40.2826,64.9217,40.2797,84.4138,53170,52807.8,3950.23,4.93402e+06,4.92267e+06,0.794091,0.794091,0.794091,0.794091,0.794091,0.794091
40.2696,64.9527,40.2667,84.3836,53173.8,52812.6,3952.46,4.93657e+06,4.92521e+06,0.794216,0.794216,0.794216,0.794216,0.794216,0.794216
40.2566,64.9838,40.2537,84.387,53176.9,52816.3,3954.69,4.93913e+06,4.92776e+06,0.794341,0.794341,0.794341,0.794341,0.794341,0.794341
40.2436,65.0148,40.2407,84.3345,53181.5,52822.5,3956.92,4.94169e+06,4.93031e+06,0.794466,0.794466,0.794466,0.794466,0.794466,0.794466
40.2307,65.0458,40.2277,84.2653,53184.1,52826.3,3959.16,4.94425e+06,4.93286e+06,0.794591,0.794591,0.794591,0.794591,0.794591,0.794591
40.2177,65.0769,40.2147,84.2513,53187.6,52830.7,3961.39,4.94681e+06,4.93541e+06,0.794716,0.794716,0.794716,0.794716,0.794716,0.794716
40.2048,65.108,40.2018,84.1852,53190.4,52834.8,3963.62,4.94938e+06,4.93797e+06,0.794841,0.794841,0.794841,0.794841,0.794841,0.794841
40.1919,65.139,40.1888,84.0888,53194,52840,3965.86,4.95194e+06,4.94052e+06,0.794966,0.794966,0.794966,0.794966,0.794966,0.794966
40.179,65.1701,40.1759,84.0651,53196.3,52843,3968.09,4.9545e+06,4.94307e+06,0.795091,0.795091,0.795091,0.795091,0.795091,0.795091
40.1661,65.2012,40.163,84.0456,53200.2,52848,3970.33,4.95707e+06,4.94563e+06,0.795216,0.795216,0.795216,0.795216,0.795216,0.795216
40.1532,65.2324,40.1501,84.001,53203.8,52852.8,3972.56,4.95963e+06,4.94818e+06,0.795341,0.795341,0.795341,0.795341,0.795341,0.795341
40.1402,65.2636,40.1372,83.9977,53207.7,52857.7,3974.8,4.9622e+06,4.95074e+06,0.795466,0.795466,0.795466,0.795466,0.795466,0.795466
40.1274,65.2947,40.1243,83.9054,53210.8,52862.3,3977.04,4.96476e+06,4.95329e+06,0.795591,0.795591,0.795591,0.795591,0.795591,0.795591
40.1145,65.3259,40.1115,83.8767,53214.4,52867,3979.27,4.96733e+06,4.95585e+06,0.795716,0.795716,0.795716,0.795716,0.795716,0.795716
40.1017,65.357,40.0986,83.788,53217.8,52872,3981.51,4.9699e+06,4.95841e+06,0.795841,0.795841,0.795841,0.795841,0.795841,0.795841
40.089,65.3881,40.0858,83.7189,53220.8,52876.3,3983.75,4.97247e+06,4.96097e+06,0.795966,0.795966,0.795966,0.795966,0.795966,0.795966
40.0761,65.4193,40.073,83.6805,53223.9,52880.6,3985.99,4.97504e+06,4.96353e+06,0.796091,0.796091,0.796091,0.796091,0.796091,0.796091
40.0633,65.4506,40.0602,83.6767,53226.6,52883.9,3988.23,4.97761e+06,4.96609e+06,0.796216,0.796216,0.796216,0.796216,0.796216,0.796216
40.0504,65.4818,40.0474,83.6198,53230.4,52889,3990.47,4.98018e+06,4.96865e+06,0.796341,0.796341,0.796341,0.796341,0.796341,0.796341
40.0377,65.513,40.0346,83.5669,53233.4,52893.2,3992.72,4.98275e+06,4.97121e+06,0.796466,0.796466,0.796466,0.796466,0.796466,0.796466
40.0249,65.5443,40.0219,83.5015,53236.9,52898.2,3994.96,4.98532e+06,4.97377e+06,0.796591,0.796591,0.796591,0.796591,0.796591,0.796591
40.0121,65.5756,40.0091,83.4653,53240.2,52902.5,3997.2,4.98789e+06,4.97633e+06,0.796716,0.796716,0.796716,0.796716,0.796716,0.796716
39.9993,65.6069,39.9964,83.4196,53244,52907.6,3999.45,4.99047e+06,4.9789e+06,0.796841,0.796841,0.796841,0.796841,0.796841,0.796841
39.9866,65.6381,39.9837,83.3753,53246.4,52911,4001.69,4.99304e+06,4.98146e+06,0.796966,0.796966,0.796966,0.796966,0.796966,0.796966
39.9739,65.6694,39.971,83.334,53248.5,52913.9,4003.94,4.99562e+06,4.98403e+06,0.797091,0.797091,0.797091,0.797091,0.797091,0.797091
39.9612,65.7007,39.9584,83.2866,53252.4,52919.2,4006.18,4.99819e+06,4.9866e+06,0.797216,0.797216,0.797216,0.797216,0.797216,0.797216
39.9484,65.7321,39.9457,83.2786,53256.7,52924.6,4008.43,5.00077e+06,4.98916e+06,0.797341,0.797341,0.797341,0.797341,0.797341,0.797341
39.9358,65.7633,39.9331,83.1816,53258.6,52927.7,4010.67,5.00335e+06,4.99173e+06,0.797466,0.797466,0.797466,0.797466,0.797466,0.797466
39.9232,65.7946,39.9204,83.0845,53260.9,52931.5,4012.92,5.00593e+06,4.9943e+06,0.797591,0.797591,0.797591,0.797591,0.797591,0.797591
39.9106,65.8259,39.9078,82.9925,53264.3,52936.5,4015.17,5.0085e+06,4.99687e+06,0.797716,0.797716,0.797716,0.797716,0.797716,0.797716
39.8979,65.8574,39.8952,82.9485,53268.5,52942.2,4017.42,5.01108e+06,4.99944e+06,0.797841,0.797841,0.797841,0.797841,0.797841,0.797841
39.8853,65.8887,39.8826,82.8388,53272,52947.4,4019.67,5.01366e+06,5.00201e+06,0.797966,0.797966,0.797966,0.797966,0.797966,0.797966
39.8728,65.92,39.87,82.741,53274,52950.8,4021.92,5.01625e+06,5.00458e+06,0.798091,0.798091,0.798091,0.798091,0.798091,0.798091
39.8603,65.9513,39.8574,82.633,53276.4,52954.8,4024.17,5.01883e+06,5.00715e+06,0.798216,0.798216,0.798216,0.798216,0.798216,0.798216
39.8478,65.9826,39.8449,82.4904,53278.4,52958.5,4026.42,5.02141e+06,5.00973e+06,0.798341,0.798341,0.798341,0.798341,0.798341,0.798341
39.8353,66.014,39.8323,82.4232,53281,52962.3,4028.67,5.02399e+06,5.0123e+06,0.798466,0.798466,0.798466,0.798466,0.798466,0.798466
39.8228,66.0453,39.8198,82.3037,53283.1,52965.9,4030.92,5.02658e+06,5.01488e+06,0.798591,0.798591,0.798591,0.798591,0.798591,0.798591
39.8103,66.0767,39.8073,82.2105,53285,52969.1,4033.17,5.02916e+06,5.01745e+06,0.798716,0.798716,0.798716,0.798716,0.798716,0.798716
39.7977,66.1082,39.7948,82.1566,53289,52974.7,4035.42,5.03175e+06,5.02003e+06,0.798841,0.798841,0.798841,0.798841,0.798841,0.798841
39.7851,66.1397,39.7823,82.1247,53292.6,52979.5,4037.67,5.03434e+06,5.02261e+06,0.798966,0.798966,0.798966,0.798966,0.798966,0.798966
39.7726,66.1712,39.7698,82.0185,53296.2,52984.9,4039.93,5.03692e+06,5.02518e+06,0.799091,0.799091,0.799091,0.799091,0.799091,0.799091
39.7602,66.2026,39.7574,81.906,53297.6,52987.6,4042.18,5.03951e+06,5.02776e+06,0.799216,0.799216,0.799216,0.799216,0.799216,0.799216
39.7477,66.2341,39.745,81.8228,53301.2,52992.8,4044.43,5.0421e+06,5.03034e+06,0.799341,0.799341,0.799341,0.799341,0.799341,0.799341
39.7353,66.2656,39.7325,81.7056,53304.5,52998,4046.69,5.04469e+06,5.03292e+06,0.799466,0.799466,0.799466,0.799466,0.799466,0.799466
39.723,66.297,39.7201,81.5509,53305.9,53001.2,4048.94,5.04728e+06,5.0355e+06,0.799591,0.799591,0.799591,0.799591,0.799591,0.799591
39.7106,66.3285,39.7077,81.451,53309.3,53006.4,4051.2,5.04987e+06,5.03808e+06,0.799716,0.799716,0.799716,0.799716,0.799716,0.799716
39.6982,66.36,39.6954,81.36,53311.1,53009.4,4053.45,5.05246e+06,5.04067e+06,0.799841,0.799841,0.799841,0.799841,0.799841,0.799841
39.6859,66.3915,39.683,81.2516,53312.9,53012.6,4055.71,5.05505e+06,5.04325e+06,0.799966,0.799966,0.799966,0.799966,0.799966,0.799966
39.6735,66.423,39.6707,81.1246,53315.6,53017.1,4057.96,5.05765e+06,5.04583e+06,0.800091,0.800091,0.800091,0.800091,0.800091,0.800091
39.6613,66.4544,39.6584,81.0042,53316.2,53018.9,4060.22,5.06024e+06,5.04842e+06,0.800216,0.800216,0.800216,0.800216,0.800216,0.800216
39.649,66.4859,39.6461,80.8996,53317.7,53021.7,4062.48,5.06283e+06,5.051e+06,0.800341,0.800341,0.800341,0.800341,0.800341,0.800341
39.6366,66.5174,39.6338,80.8171,53319.9,53025.2,4064.73,5.06543e+06,5.05359e+06,0.800466,0.800466,0.800466,0.800466,0.800466,0.800466
39.6243,66.549,39.6215,80.7378,53322.2,53028.8,4066.99,5.06802e+06,5.05618e+06,0.800591,0.800591,0.800591,0.800591,0.800591,0.800591
39.6119,66.5807,39.6092,80.6706,53325.1,53032.9,4069.25,5.07062e+06,5.05877e+06,0.800716,0.800716,0.800716,0.800716,0.800716,0.800716
39.5997,66.6121,39.597,80.5515,53326,53035.2,4071.51,5.07322e+06,5.06135e+06,0.800841,0.800841,0.800841,0.800841,0.800841,0.800841
39.5875,66.6436,39.5847,80.3461,53328.1,53039.7,4073.77,5.07582e+06,5.06394e+06,0.800966,0.800966,0.800966,0.800966,0.800966,0.800966
39.5752,66.6753,39.5724,80.2381,53330.6,53043.8,4076.02,5.07841e+06,5.06653e+06,0.801091,0.801091,0.801091,0.801091,0.801091,0.801091
39.5631,66.7068,39.5602,80.107,53331.9,53046.6,4078.28,5.08101e+06,5.06912e+06,0.801216,0.801216,0.801216,0.801216,0.801216,0.801216
39.5509,66.7384,39.548,79.961,53333.8,53050.3,4080.54,5.08361e+06,5.07172e+06,0.801341,0.801341,0.801341,0.801341,0.801341,0.801341
39.5387,66.7701,39.5358,79.8343,53336.7,53055.1,4082.8,5.08622e+06,5.07431e+06,0.801466,0.801466,0.801466,0.801466,0.801466,0.801466
39.5265,66.8017,39.5236,79.709,53338.2,53058.1,4085.06,5.08882e+06,5.0769e+06,0.801591,0.801591,0.801591,0.801591,0.801591,0.801591
39.5143,66.8333,39.5115,79.5754,53339.6,53061.2,4087.32,5.09142e+06,5.07949e+06,0.801716,0.801716,0.801716,0.801716,0.801716,0.801716
39.5023,66.8648,39.4993,79.4002,53340.1,53063.4,4089.58,5.09402e+06,5.08209e+06,0.801841,0.801841,0.801841,0.801841,0.801841,0.801841
39.49,66.8965,39.4872,79.3269,53342.2,53066.6,4091.84,5.09663e+06,5.08468e+06,0.801966,0.801966,0.801966,0.801966,0.801966,0.801966
39.4779,66.9282,39.4751,79.2124,53344.5,53070.6,4094.1,5.09923e+06,5.08728e+06,0.802091,0.802091,0.802091,0.802091,0.802091,0.802091
39.4656,66.96,39.463,79.1455,53346.8,53074.1,4096.36,5.10184e+06,5.08988e+06,0.802216,0.802216,0.802216,0.802216,0.802216,0.802216
39.4536,66.9915,39.451,78.9774,53347.5,53076.6,4098.62,5.10444e+06,5.09247e+06,0.802341,0.802341,0.802341,0.802341,0.802341,0.802341
39.4415,67.0233,39.4388,78.8194,53350.2,53081.4,4100.89,5.10705e+06,5.09507e+06,0.802465,0.802465,0.802465,0.802465,0.802465,0.802465
39.4293,67.0551,39.4267,78.696,53352.7,53085.7,4103.15,5.10965e+06,5.09767e+06,0.80259,0.80259,0.80259,0.80259,0.80259,0.80259
39.4173,67.0868,39.4146,78.5322,53354.1,53089,4105.41,5.11226e+06,5.10027e+06,0.802715,0.802715,0.802715,0.802715,0.802715,0.802715
39.4053,67.1185,39.4026,78.3537,53355.7,53092.7,4107.67,5.11487e+06,5.10287e+06,0.80284,0.80284,0.80284,0.80284,0.80284,0.80284
39.3933,67.1502,39.3905,78.1831,53357.2,53096.2,4109.93,5.11748e+06,5.10547e+06,0.802965,0.802965,0.802965,0.802965,0.802965,0.802965
39.3812,67.182,39.3785,78.0661,53359.9,53100.7,4112.19,5.12009e+06,5.10808e+06,0.80309,0.80309,0.80309,0.80309,0.80309,0.80309
39.3692,67.2137,39.3665,77.9263,53360.7,53103,4114.46,5.1227e+06,5.11068e+06,0.803215,0.803215,0.803215,0.803215,0.803215,0.803215
39.3573,67.2454,39.3545,77.7219,53361.7,53106.3,4116.72,5.12531e+06,5.11328e+06,0.80334,0.80334,0.80334,0.80334,0.80334,0.80334
39.3453,67.2772,39.3425,77.5816,53364,53110.6,4118.98,5.12793e+06,5.11589e+06,0.803465,0.803465,0.803465,0.803465,0.803465,0.803465
39.3333,67.309,39.3305,77.4223,53365.7,53114.2,4121.24,5.13054e+06,5.11849e+06,0.80359,0.80359,0.80359,0.80359,0.80359,0.80359
39.3214,67.3407,39.3186,77.2592,53366.2,53116.3,4123.5,5.13315e+06,5.1211e+06,0.803715,0.803715,0.803715,0.803715,0.803715,0.803715
39.3096,67.3725,39.3067,77.066,53367,53119.2,4125.77,5.13577e+06,5.1237e+06,0.80384,0.80384,0.80384,0.80384,0.80384,0.80384
39.2976,67.4043,39.2947,76.9076,53369.2,53123.5,4128.03,5.13838e+06,5.12631e+06,0.803965,0.803965,0.803965,0.803965,0.803965,0.803965
39.2857,67.4362,39.2828,76.7647,53370.3,53126.2,4130.29,5.141e+06,5.12892e+06,0.80409,0.80409,0.80409,0.80409,0.80409,0.80409
39.2738,67.468,39.2709,76.6125,53371.1,53128.6,4132.55,5.14361e+06,5.13153e+06,0.804215,0.804215,0.804215,0.804215,0.804215,0.804215
39.2618,67.5,39.259,76.4501,53374.2,53134.4,4134.82,5.14623e+06,5.13414e+06,0.80434,0.80434,0.80434,0.80434,0.80434,0.80434
39.2498,67.532,39.2471,76.3453,53377,53139,4137.08,5.14885e+06,5.13675e+06,0.804465,0.804465,0.804465,0.804465,0.804465,0.804465
39.2379,67.5639,39.2352,76.1851,53378.8,53142.8,4139.34,5.15147e+06,5.13936e+06,0.80459,0.80459,0.80459,0.80459,0.80459,0.80459
39.2259,67.5959,39.2233,76.0519,53380.8,53146.7,4141.6,5.15409e+06,5.14197e+06,0.804715,0.804715,0.804715,0.804715,0.804715,0.804715
39.2141,67.6278,39.2114,75.886,53382.4,53150.3,4143.87,5.15671e+06,5.14458e+06,0.80484,0.80484,0.80484,0.80484,0.80484,0.80484
39.2022,67.6597,39.1996,75.7616,53383.6,53153,4146.13,5.15933e+06,5.1472e+06,0.804965,0.804965,0.804965,0.804965,0.804965,0.804965
39.1903,67.6917,39.1878,75.5943,53385.4,53156.9,4148.39,5.16195e+06,5.14981e+06,0.80509,0.80509,0.80509,0.80509,0.80509,0.80509
39.1785,67.7235,39.176,75.4531,53386.1,53159.2,4150.66,5.16457e+06,5.15242e+06,0.805215,0.805215,0.805215,0.805215,0.805215,0.805215
39.1667,67.7554,39.1642,75.2553,53386.7,53161.8,4152.92,5.16719e+06,5.15504e+06,0.80534,0.80534,0.80534,0.80534,0.80534,0.80534
39.1549,67.7874,39.1524,75.087,53388.4,53165.7,4155.18,5.16982e+06,5.15766e+06,0.805465,0.805465,0.805465,0.805465,0.805465,0.805465
39.1431,67.8194,39.1407,74.9327,53389.1,53168.2,4157.45,5.17244e+06,5.16027e+06,0.80559,0.80559,0.80559,0.80559,0.80559,0.80559
39.1313,67.8514,39.1288,74.7358,53391.6,53173.4,4159.71,5.17507e+06,5.16289e+06,0.805715,0.805715,0.805715,0.805715,0.805715,0.805715
39.1196,67.8833,39.1171,74.5598,53392.3,53175.9,4161.97,5.17769e+06,5.16551e+06,0.80584,0.80584,0.80584,0.80584,0.80584,0.80584
39.1077,67.9154,39.1053,74.4139,53394.5,53180.3,4164.23,5.18032e+06,5.16813e+06,0.805965,0.805965,0.805965,0.805965,0.805965,0.805965
39.096,67.9475,39.0936,74.2452,53396.3,53184.3,4166.5,5.18295e+06,5.17075e+06,0.80609,0.80609,0.80609,0.80609,0.80609,0.80609
39.0842,67.9795,39.0819,74.0842,53397,53186.8,4168.76,5.18557e+06,5.17337e+06,0.806215,0.806215,0.806215,0.806215,0.806215,0.806215
39.0725,68.0116,39.0701,73.908,53398.6,53190.7,4171.02,5.1882e+06,5.17599e+06,0.80634,0.80634,0.80634,0.80634,0.80634,0.80634
39.0608,68.0435,39.0584,73.7342,53399.1,53193.1,4173.28,5.19083e+06,5.17861e+06,0.806465,0.806465,0.806465,0.806465,0.806465,0.806465
39.0491,68.0756,39.0467,73.5365,53400.9,53197.5,4175.55,5.19346e+06,5.18124e+06,0.80659,0.80659,0.80659,0.80659,0.80659,0.80659
39.0374,68.1077,39.035,73.3778,53401.3,53199.7,4177.81,5.19609e+06,5.18386e+06,0.806715,0.806715,0.806715,0.806715,0.806715,0.806715
39.0256,68.1398,39.0234,73.2527,53402.7,53202.7,4180.07,5.19872e+06,5.18648e+06,0.80684,0.80684,0.80684,0.80684,0.80684,0.80684
39.014,68.1717,39.0117,73.038,53402.4,53204.6,4182.33,5.20136e+06,5.18911e+06,0.806965,0.806965,0.806965,0.806965,0.806965,0.806965
39.0023,68.2038,39,72.8317,53403.6,53208.3,4184.59,5.20399e+06,5.19174e+06,0.80709,0.80709,0.80709,0.80709,0.80709,0.80709
38.9906,68.236,38.9883,72.6715,53405.1,53211.9,4186.86,5.20662e+06,5.19436e+06,0.807215,0.807215,0.807215,0.807215,0.807215,0.807215
38.979,68.268,38.9766,72.4526,53405.6,53214.8,4189.12,5.20926e+06,5.19699e+06,0.80734,0.80734,0.80734,0.80734,0.80734,0.80734
38.9674,68.3001,38.965,72.2548,53406.1,53217.5,4191.38,5.21189e+06,5.19962e+06,0.807465,0.807465,0.807465,0.807465,0.807465,0.807465
38.9557,68.3322,38.9534,72.0961,53405.9,53218.8,4193.64,5.21453e+06,5.20225e+06,0.80759,0.80759,0.80759,0.80759,0.80759,0.80759
38.9441,68.3643,38.9417,71.8904,53407.2,53222.8,4195.9,5.21716e+06,5.20488e+06,0.807715,0.807715,0.807715,0.807715,0.807715,0.807715
38.9325,68.3964,38.9301,71.6975,53407.4,53225.1,4198.16,5.2198e+06,5.20751e+06,0.80784,0.80784,0.80784,0.80784,0.80784,0.80784
38.9209,68.4286,38.9185,71.5065,53408.9,53229.1,4200.42,5.22244e+06,5.21014e+06,0.807965,0.807965,0.807965,0.807965,0.807965,0.807965
38.9092,68.4609,38.9069,71.3389,53410.3,53232.8,4202.68,5.22508e+06,5.21277e+06,0.80809,0.80809,0.80809,0.80809,0.80809,0.80809
38.8975,68.4931,38.8952,71.1463,53412.5,53237.7,4204.94,5.22771e+06,5.2154e+06,0.808215,0.808215,0.808215,0.808215,0.808215,0.808215
38.8859,68.5254,38.8836,70.9801,53414.1,53241.7,4207.2,5.23035e+06,5.21804e+06,0.80834,0.80834,0.80834,0.80834,0.80834,0.80834
38.8743,68.5576,38.872,70.8008,53414.5,53244,4209.46,5.23299e+06,5.22067e+06,0.808465,0.808465,0.808465,0.808465,0.808465,0.808465
38.8627,68.5898,38.8605,70.5933,53414.9,53246.8,4211.72,5.23564e+06,5.22331e+06,0.80859,0.80859,0.80859,0.80859,0.80859,0.80859
38.8511,68.622,38.8489,70.4202,53415.9,53250,4213.98,5.23828e+06,5.22594e+06,0.808715,0.808715,0.808715,0.808715,0.808715,0.808715
38.8395,68.6543,38.8373,70.2315,53416.9,53253.5,4216.24,5.24092e+06,5.22858e+06,0.80884,0.80884,0.80884,0.80884,0.80884,0.80884
38.828,68.6864,38.8257,70.0219,53416.9,53255.8,4218.5,5.24356e+06,5.23121e+06,0.808965,0.808965,0.808965,0.808965,0.808965,0.808965
38.8164,68.7187,38.8142,69.833,53417.9,53259.1,4220.75,5.24621e+06,5.23385e+06,0.80909,0.80909,0.80909,0.80909,0.80909,0.80909
38.8048,68.751,38.8027,69.6815,53418.9,53262.1,4223.01,5.24885e+06,5.23649e+06,0.809215,0.809215,0.809215,0.809215,0.809215,0.809215
38.7934,68.7832,38.7911,69.4395,53418.8,53264.8,4225.27,5.2515e+06,5.23913e+06,0.80934,0.80934,0.80934,0.80934,0.80934,0.80934
38.7818,68.8155,38.7796,69.2637,53419.2,53267.2,4227.53,5.25414e+06,5.24177e+06,0.809465,0.809465,0.809465,0.809465,0.809465,0.809465
38.7704,68.8477,38.7681,69.0334,53419,53269.5,4229.78,5.25679e+06,5.24441e+06,0.80959,0.80959,0.80959,0.80959,0.80959,0.80959
38.7588,68.8801,38.7566,68.8691,53419.7,53272.3,4232.04,5.25944e+06,5.24705e+06,0.809715,0.809715,0.809715,0.809715,0.809715,0.809715
38.7472,68.9125,38.745,68.6736,53422,53277.5,4234.29,5.26208e+06,5.2497e+06,0.80984,0.80984,0.80984,0.80984,0.80984,0.80984
38.7357,68.9448,38.7335,68.473,53422,53279.9,4236.55,5.26473e+06,5.25234e+06,0.809965,0.809965,0.809965,0.809965,0.809965,0.809965
38.7243,68.9771,38.722,68.2741,53422.7,53283.1,4238.8,5.26738e+06,5.25498e+06,0.81009,0.81009,0.81009,0.81009,0.81009,0.81009
38.7127,69.0094,38.7106,68.1022,53422.6,53284.9,4241.06,5.27003e+06,5.25763e+06,0.810215,0.810215,0.810215,0.810215,0.810215,0.810215
38.7013,69.0418,38.699,67.8634,53422.9,53288.2,4243.31,5.27268e+06,5.26027e+06,0.81034,0.81034,0.81034,0.81034,0.81034,0.81034
38.6898,69.0742,38.6876,67.6761,53423.8,53291.5,4245.57,5.27533e+06,5.26292e+06,0.810465,0.810465,0.810465,0.810465,0.810465,0.810465
38.6784,69.1065,38.6761,67.4803,53423.9,53293.9,4247.82,5.27799e+06,5.26556e+06,0.81059,0.81059,0.81059,0.81059,0.81059,0.81059
38.667,69.1388,38.6646,67.2429,53423.8,53296.7,4250.07,5.28064e+06,5.26821e+06,0.810715,0.810715,0.810715,0.810715,0.810715,0.810715
38.6555,69.1712,38.6532,67.0724,53424.2,53299.2,4252.33,5.28329e+06,5.27086e+06,0.81084,0.81084,0.81084,0.81084,0.81084,0.81084
38.6441,69.2036,38.6417,66.861,53423.8,53301.2,4254.58,5.28595e+06,5.27351e+06,0.810965,0.810965,0.810965,0.810965,0.810965,0.810965
38.6327,69.2359,38.6302,66.6184,53423.1,53303.2,4256.83,5.2886e+06,5.27616e+06,0.81109,0.81109,0.81109,0.81109,0.81109,0.81109
38.6213,69.2682,38.6188,66.4076,53422.5,53304.9,4259.08,5.29126e+06,5.27881e+06,0.811215,0.811215,0.811215,0.811215,0.811215,0.811215
38.6099,69.3007,38.6074,66.2067,53422.9,53307.9,4261.33,5.29391e+06,5.28146e+06,0.81134,0.81134,0.81134,0.81134,0.81134,0.81134
38.5984,69.3332,38.5959,66.0438,53424.3,53311.8,4263.58,5.29657e+06,5.28411e+06,0.811465,0.811465,0.811465,0.811465,0.811465,0.811465
38.5868,69.3657,38.5845,65.8803,53425.4,53315.2,4265.83,5.29923e+06,5.28676e+06,0.81159,0.81159,0.81159,0.81159,0.81159,0.81159
38.5754,69.3982,38.5731,65.6758,53425.8,53318.2,4268.08,5.30188e+06,5.28942e+06,0.811715,0.811715,0.811715,0.811715,0.811715,0.811715
38.564,69.4307,38.5616,65.4708,53426.6,53321.8,4270.32,5.30454e+06,5.29207e+06,0.81184,0.81184,0.81184,0.81184,0.81184,0.81184
38.5525,69.4632,38.5502,65.301,53427.1,53324.6,4272.57,5.3072e+06,5.29473e+06,0.811965,0.811965,0.811965,0.811965,0.811965,0.811965
38.5411,69.4958,38.5388,65.1223,53427.8,53327.8,4274.82,5.30986e+06,5.29738e+06,0.81209,0.81209,0.81209,0.81209,0.81209,0.81209
38.5297,69.5282,38.5274,64.911,53427.5,53330,4277.07,5.31252e+06,5.30004e+06,0.812215,0.812215,0.812215,0.812215,0.812215,0.812215
38.5184,69.5607,38.5159,64.6739,53427.4,53333,4279.31,5.31518e+06,5.3027e+06,0.81234,0.81234,0.81234,0.81234,0.81234,0.81234
38.507,69.5932,38.5046,64.4909,53427.1,53335,4281.56,5.31785e+06,5.30535e+06,0.812465,0.812465,0.812465,0.812465,0.812465,0.812465
38.4957,69.6256,38.4932,64.2625,53426.2,53336.7,4283.8,5.32051e+06,5.30801e+06,0.81259,0.81259,0.81259,0.81259,0.81259,0.81259
38.4843,69.6581,38.4818,64.041,53426.1,53339.4,4286.05,5.32317e+06,5.31067e+06,0.812715,0.812715,0.812715,0.812715,0.812715,0.812715
38.473,69.6906,38.4704,63.842,53425.6,53341.4,4288.29,5.32584e+06,5.31333e+06,0.81284,0.81284,0.81284,0.81284,0.81284,0.81284
38.4616,69.7232,38.459,63.6454,53426.4,53345,4290.53,5.3285e+06,5.31599e+06,0.812965,0.812965,0.812965,0.812965,0.812965,0.812965
38.4503,69.7556,38.4475,63.3845,53426.3,53348.4,4292.77,5.33117e+06,5.31865e+06,0.81309,0.81309,0.81309,0.81309,0.81309,0.81309
38.4389,69.7882,38.4362,63.1993,53426.3,53350.8,4295.02,5.33383e+06,5.32132e+06,0.813215,0.813215,0.813215,0.813215,0.813215,0.813215
38.4276,69.8207,38.4248,62.9824,53425.6,53352.9,4297.26,5.3365e+06,5.32398e+06,0.81334,0.81334,0.81334,0.81334,0.81334,0.81334
38.4162,69.8534,38.4134,62.8035,53426.4,53356.3,4299.5,5.33917e+06,5.32664e+06,0.813465,0.813465,0.813465,0.813465,0.813465,0.813465
38.4048,69.8861,38.402,62.6166,53427.2,53359.9,4301.74,5.34184e+06,5.32931e+06,0.81359,0.81359,0.81359,0.81359,0.81359,0.81359
38.3934,69.9188,38.3906,62.4377,53428.8,53364.5,4303.97,5.3445e+06,5.33197e+06,0.813715,0.813715,0.813715,0.813715,0.813715,0.813715
38.382,69.9514,38.3793,62.2356,53428.4,53366.7,4306.21,5.34717e+06,5.33464e+06,0.81384,0.81384,0.81384,0.81384,0.81384,0.81384
38.3706,69.984,38.3679,62.0679,53428.4,53369,4308.45,5.34984e+06,5.33731e+06,0.813965,0.813965,0.813965,0.813965,0.813965,0.813965
38.3594,70.0166,38.3566,61.8444,53428.1,53371.7,4310.69,5.35252e+06,5.33997e+06,0.81409,0.81409,0.81409,0.81409,0.81409,0.81409
38.348,70.0493,38.3453,61.6617,53428.6,53374.9,4312.92,5.35519e+06,5.34264e+06,0.814215,0.814215,0.814215,0.814215,0.814215,0.814215
38.3367,70.0819,38.3339,61.4485,53429,53378.4,4315.16,5.35786e+06,5.34531e+06,0.81434,0.81434,0.81434,0.81434,0.81434,0.81434
38.3254,70.1146,38.3226,61.287,53427.9,53379.2,4317.39,5.36053e+06,5.34798e+06,0.814465,0.814465,0.814465,0.814465,0.814465,0.814465
38.3142,70.1471,38.3113,61.065,53426.5,53380.5,4319.62,5.36321e+06,5.35065e+06,0.81459,0.81459,0.81459,0.81459,0.81459,0.81459
38.3029,70.1798,38.3,60.8654,53425.8,53382.4,4321.86,5.36588e+06,5.35332e+06,0.814715,0.814715,0.814715,0.814715,0.814715,0.814715
38.2917,70.2123,38.2887,60.6697,53424.2,53383.1,4324.09,5.36856e+06,5.35599e+06,0.81484,0.81484,0.81484,0.81484,0.81484,0.81484
38.2804,70.2451,38.2774,60.4956,53425.3,53387,4326.32,5.37123e+06,5.35866e+06,0.814965,0.814965,0.814965,0.814965,0.814965,0.814965
38.2691,70.2778,38.2661,60.3327,53423.7,53387.2,4328.55,5.37391e+06,5.36134e+06,0.81509,0.81509,0.81509,0.81509,0.81509,0.81509
38.2578,70.3105,38.2548,60.1462,53423.7,53389.9,4330.78,5.37658e+06,5.36401e+06,0.815215,0.815215,0.815215,0.815215,0.815215,0.815215
38.2464,70.3433,38.2435,59.9825,53424.1,53392.9,4333.01,5.37926e+06,5.36669e+06,0.81534,0.81534,0.81534,0.81534,0.81534,0.81534
38.2351,70.3761,38.2322,59.7961,53424.3,53395.9,4335.24,5.38194e+06,5.36936e+06,0.815465,0.815465,0.815465,0.815465,0.815465,0.815465
38.2239,70.4088,38.2209,59.5965,53424,53398.5,4337.46,5.38462e+06,5.37204e+06,0.81559,0.81559,0.81559,0.81559,0.81559,0.81559
38.2127,70.4415,38.2097,59.3981,53423.5,53400.9,4339.69,5.3873e+06,5.37471e+06,0.815715,0.815715,0.815715,0.815715,0.815715,0.815715
38.2015,70.4742,38.1984,59.1898,53422.6,53402.9,4341.91,5.38998e+06,5.37739e+06,0.81584,0.81584,0.81584,0.81584,0.81584,0.81584
38.1904,70.5068,38.1871,58.9952,53421,53403.9,4344.14,5.39266e+06,5.38007e+06,0.815965,0.815965,0.815965,0.815965,0.815965,0.815965
38.1792,70.5396,38.1758,58.787,53421.3,53407.5,4346.36,5.39534e+06,5.38275e+06,0.81609,0.81609,0.81609,0.81609,0.81609,0.81609
38.1679,70.5725,38.1645,58.6215,53421.7,53410.6,4348.58,5.39802e+06,5.38543e+06,0.816215,0.816215,0.816215,0.816215,0.816215,0.816215
38.1566,70.6053,38.1533,58.4421,53421.9,53413.8,4350.81,5.40071e+06,5.38811e+06,0.816339,0.816339,0.816339,0.816339,0.816339,0.816339
38.1453,70.6382,38.142,58.2774,53422.2,53416.8,4353.03,5.40339e+06,5.39079e+06,0.816464,0.816464,0.816464,0.816464,0.816464,0.816464
38.1339,70.6712,38.1307,58.1186,53423.3,53420.8,4355.25,5.40608e+06,5.39347e+06,0.816589,0.816589,0.816589,0.816589,0.816589,0.816589
38.1226,70.7041,38.1195,57.9488,53424.2,53424.8,4357.47,5.40876e+06,5.39616e+06,0.816714,0.816714,0.816714,0.816714,0.816714,0.816714
38.1115,70.7369,38.1082,57.752,53423.9,53427.6,4359.69,5.41145e+06,5.39884e+06,0.816839,0.816839,0.816839,0.816839,0.816839,0.816839
38.1002,70.7697,38.097,57.5888,53423.1,53429.2,4361.9,5.41413e+06,5.40152e+06,0.816964,0.816964,0.816964,0.816964,0.816964,0.816964
38.0889,70.8027,38.0857,57.4249,53423.8,53432.8,4364.12,5.41682e+06,5.40421e+06,0.817089,0.817089,0.817089,0.817089,0.817089,0.817089
38.0777,70.8355,38.0745,57.2523,53422.7,53434.2,4366.34,5.41951e+06,5.40689e+06,0.817214,0.817214,0.817214,0.817214,0.817214,0.817214
38.0665,70.8684,38.0632,57.0807,53422.8,53437.3,4368.55,5.4222e+06,5.40958e+06,0.817339,0.817339,0.817339,0.817339,0.817339,0.817339
38.0552,70.9014,38.052,56.9148,53423.7,53441.3,4370.77,5.42488e+06,5.41227e+06,0.817464,0.817464,0.817464,0.817464,0.817464,0.817464
38.044,70.9343,38.0407,56.7294,53423.3,53444,4372.98,5.42757e+06,5.41496e+06,0.817589,0.817589,0.817589,0.817589,0.817589,0.817589
38.0328,70.9672,38.0295,56.5537,53423.8,53447.7,4375.19,5.43026e+06,5.41764e+06,0.817714,0.817714,0.817714,0.817714,0.817714,0.817714
38.0217,71.0001,38.0182,56.3816,53422.9,53449.4,4377.4,5.43296e+06,5.42033e+06,0.817839,0.817839,0.817839,0.817839,0.817839,0.817839
38.0105,71.0329,38.007,56.2137,53421.7,53450.8,4379.61,5.43565e+06,5.42302e+06,0.817964,0.817964,0.817964,0.817964,0.817964,0.817964
37.9994,71.0658,37.9958,56.0344,53420.9,53452.8,4381.82,5.43834e+06,5.42571e+06,0.818089,0.818089,0.818089,0.818089,0.818089,0.818089
37.9882,71.0987,37.9846,55.8793,53420.3,53454.7,4384.03,5.44103e+06,5.42841e+06,0.818214,0.818214,0.818214,0.818214,0.818214,0.818214
37.977,71.1318,37.9734,55.7306,53420.5,53457.8,4386.24,5.44373e+06,5.4311e+06,0.818339,0.818339,0.818339,0.818339,0.818339,0.818339
37.9659,71.1647,37.9622,55.5566,53419.7,53459.9,4388.44,5.44642e+06,5.43379e+06,0.818464,0.818464,0.818464,0.818464,0.818464,0.818464
37.9546,71.1978,37.951,55.4169,53420,53462.9,4390.65,5.44912e+06,5.43648e+06,0.818589,0.818589,0.818589,0.818589,0.818589,0.818589
37.9433,71.2308,37.9398,55.2702,53420,53465.7,4392.85,5.45181e+06,5.43918e+06,0.818714,0.818714,0.818714,0.818714,0.818714,0.818714
37.9321,71.2639,37.9286,55.1293,53419.7,53467.7,4395.06,5.45451e+06,5.44188e+06,0.818839,0.818839,0.818839,0.818839,0.818839,0.818839
37.9208,71.297,37.9174,54.9952,53419.7,53470.4,4397.26,5.4572e+06,5.44457e+06,0.818964,0.818964,0.818964,0.818964,0.818964,0.818964
37.9094,71.3302,37.9062,54.8725,53420.4,53473.5,4399.46,5.4599e+06,5.44727e+06,0.819089,0.819089,0.819089,0.819089,0.819089,0.819089
37.8983,71.3632,37.895,54.7245,53419.8,53475.6,4401.66,5.4626e+06,5.44996e+06,0.819214,0.819214,0.819214,0.819214,0.819214,0.819214
37.8871,71.3962,37.8838,54.5757,53418.5,53476.7,4403.87,5.4653e+06,5.45266e+06,0.819339,0.819339,0.819339,0.819339,0.819339,0.819339
37.8758,71.4294,37.8726,54.4449,53419.6,53480.8,4406.06,5.468e+06,5.45536e+06,0.819464,0.819464,0.819464,0.819464,0.819464,0.819464
37.8647,71.4624,37.8614,54.293,53418.6,53482.5,4408.26,5.4707e+06,5.45806e+06,0.819589,0.819589,0.819589,0.819589,0.819589,0.819589
37.8535,71.4954,37.8502,54.1395,53418.2,53485,4410.46,5.4734e+06,5.46076e+06,0.819714,0.819714,0.819714,0.819714,0.819714,0.819714
37.8423,71.5286,37.839,54.0089,53418.4,53487.9,4412.66,5.4761e+06,5.46346e+06,0.819839,0.819839,0.819839,0.819839,0.819839,0.819839
37.8311,71.5617,37.8278,53.8474,53418.7,53491.7,4414.85,5.4788e+06,5.46616e+06,0.819964,0.819964,0.819964,0.819964,0.819964,0.819964
37.8199,71.5948,37.8166,53.7201,53417.8,53492.9,4417.05,5.48151e+06,5.46887e+06,0.820089,0.820089,0.820089,0.820089,0.820089,0.820089
37.8089,71.6278,37.8054,53.5474,53417.6,53496.3,4419.24,5.48421e+06,5.47157e+06,0.820214,0.820214,0.820214,0.820214,0.820214,0.820214
37.7978,71.6608,37.7942,53.3918,53416.5,53498.2,4421.44,5.48692e+06,5.47427e+06,0.820339,0.820339,0.820339,0.820339,0.820339,0.820339
37.7865,71.6941,37.783,53.2636,53417.7,53502.4,4423.63,5.48962e+06,5.47698e+06,0.820464,0.820464,0.820464,0.820464,0.820464,0.820464
37.7754,71.7271,37.7718,53.1204,53416.6,53503.9,4425.82,5.49233e+06,5.47968e+06,0.820589,0.820589,0.820589,0.820589,0.820589,0.820589
37.7642,71.7604,37.7606,52.9826,53417.6,53508.3,4428.01,5.49503e+06,5.48239e+06,0.820714,0.820714,0.820714,0.820714,0.820714,0.820714
37.7531,71.7935,37.7494,52.8422,53417.1,53510.8,4430.19,5.49774e+06,5.4851e+06,0.820839,0.820839,0.820839,0.820839,0.820839,0.820839
37.7421,71.8266,37.7382,52.6866,53416.9,53514,4432.38,5.50045e+06,5.48781e+06,0.820964,0.820964,0.820964,0.820964,0.820964,0.820964
37.7308,71.86,37.727,52.5638,53418.2,53518.6,4434.57,5.50316e+06,5.49051e+06,0.821089,0.821089,0.821089,0.821089,0.821089,0.821089
37.7195,71.8932,37.7158,52.4315,53419.3,53523,4436.75,5.50586e+06,5.49322e+06,0.821214,0.821214,0.821214,0.821214,0.821214,0.821214
37.7085,71.9263,37.7047,52.3029,53418,53524.2,4438.94,5.50857e+06,5.49593e+06,0.821339,0.821339,0.821339,0.821339,0.821339,0.821339
37.6975,71.9594,37.6935,52.1511,53417.5,53527.2,4441.12,5.51128e+06,5.49864e+06,0.821464,0.821464,0.821464,0.821464,0.821464,0.821464
37.6862,71.9928,37.6823,52.0477,53418.1,53530.5,4443.3,5.514e+06,5.50136e+06,0.821589,0.821589,0.821589,0.821589,0.821589,0.821589
37.6753,72.0258,37.6711,51.8893,53417.8,53533.9,4445.48,5.51671e+06,5.50407e+06,0.821714,0.821714,0.821714,0.821714,0.821714,0.821714
37.6643,72.059,37.6599,51.7395,53417.9,53537.8,4447.66,5.51942e+06,5.50678e+06,0.821839,0.821839,0.821839,0.821839,0.821839,0.821839
37.6529,72.0924,37.6488,51.6401,53418.6,53541,4449.84,5.52213e+06,5.50949e+06,0.821964,0.821964,0.821964,0.821964,0.821964,0.821964
37.6417,72.1257,37.6376,51.5276,53419.1,53544.5,4452.02,5.52485e+06,5.51221e+06,0.822089,0.822089,0.822089,0.822089,0.822089,0.822089
37.6306,72.159,37.6265,51.4153,53418.4,53546.5,4454.19,5.52756e+06,5.51492e+06,0.822214,0.822214,0.822214,0.822214,0.822214,0.822214
37.6196,72.1922,37.6153,51.2919,53417.3,53548.1,4456.37,5.53028e+06,5.51764e+06,0.822339,0.822339,0.822339,0.822339,0.822339,0.822339
37.6082,72.2256,37.6041,51.1882,53418.7,53552.6,4458.54,5.53299e+06,5.52036e+06,0.822464,0.822464,0.822464,0.822464,0.822464,0.822464
37.5971,72.259,37.593,51.0814,53418.9,53555.6,4460.72,5.53571e+06,5.52307e+06,0.822589,0.822589,0.822589,0.822589,0.822589,0.822589
37.5861,72.2922,37.5819,50.9591,53417.8,53557.5,4462.89,5.53842e+06,5.52579e+06,0.822714,0.822714,0.822714,0.822714,0.822714,0.822714
37.575,72.3255,37.5707,50.8392,53418.3,53561.4,4465.06,5.54114e+06,5.52851e+06,0.822839,0.822839,0.822839,0.822839,0.822839,0.822839
37.5637,72.359,37.5595,50.739,53420.3,53566.9,4467.23,5.54386e+06,5.53123e+06,0.822964,0.822964,0.822964,0.822964,0.822964,0.822964
37.5526,72.3923,37.5484,50.6252,53419.5,53569,4469.4,5.54658e+06,5.53395e+06,0.823089,0.823089,0.823089,0.823089,0.823089,0.823089
37.5415,72.4257,37.5372,50.5126,53420.2,53573.2,4471.57,5.5493e+06,5.53667e+06,0.823214,0.823214,0.823214,0.823214,0.823214,0.823214
37.5302,72.4592,37.526,50.42,53421.5,53577.4,4473.73,5.55202e+06,5.5394e+06,0.823339,0.823339,0.823339,0.823339,0.823339,0.823339
37.5189,72.4927,37.5149,50.3233,53422.5,53581.7,4475.9,5.55474e+06,5.54212e+06,0.823464,0.823464,0.823464,0.823464,0.823464,0.823464
37.5078,72.5261,37.5037,50.2131,53422.9,53585.3,4478.06,5.55746e+06,5.54484e+06,0.823589,0.823589,0.823589,0.823589,0.823589,0.823589
37.4967,72.5596,37.4926,50.1168,53423.3,53588.6,4480.23,5.56018e+06,5.54757e+06,0.823714,0.823714,0.823714,0.823714,0.823714,0.823714
37.4855,72.593,37.4814,50.0196,53423.7,53592.1,4482.39,5.56291e+06,5.55029e+06,0.823839,0.823839,0.823839,0.823839,0.823839,0.823839
37.4742,72.6266,37.4703,49.9279,53425.6,53597.5,4484.55,5.56563e+06,5.55302e+06,0.823964,0.823964,0.823964,0.823964,0.823964,0.823964
37.4631,72.6601,37.4591,49.8366,53426.1,53601,4486.71,5.56836e+06,5.55574e+06,0.824089,0.824089,0.824089,0.824089,0.824089,0.824089
37.4519,72.6936,37.448,49.7419,53426.3,53604.1,4488.87,5.57108e+06,5.55847e+06,0.824214,0.824214,0.824214,0.824214,0.824214,0.824214
37.4408,72.7272,37.4369,49.6523,53427.1,53608.1,4491.03,5.57381e+06,5.5612e+06,0.824339,0.824339,0.824339,0.824339,0.824339,0.824339
37.4297,72.7606,37.4258,49.5639,53426.6,53610.1,4493.18,5.57653e+06,5.56393e+06,0.824464,0.824464,0.824464,0.824464,0.824464,0.824464
37.4185,72.7941,37.4147,49.4782,53426.8,53613.2,4495.34,5.57926e+06,5.56666e+06,0.824589,0.824589,0.824589,0.824589,0.824589,0.824589
37.4074,72.8276,37.4036,49.397,53426.4,53615.3,4497.5,5.58199e+06,5.56939e+06,0.824714,0.824714,0.824714,0.824714,0.824714,0.824714
37.3963,72.8611,37.3925,49.3177,53426,53617.4,4499.65,5.58472e+06,5.57212e+06,0.824839,0.824839,0.824839,0.824839,0.824839,0.824839
37.3852,72.8946,37.3814,49.2256,53426.1,53620.7,4501.8,5.58745e+06,5.57485e+06,0.824964,0.824964,0.824964,0.824964,0.824964,0.824964
37.3741,72.9282,37.3703,49.1428,53427.2,53625,4503.95,5.59018e+06,5.57758e+06,0.825089,0.825089,0.825089,0.825089,0.825089,0.825089
37.363,72.9616,37.3592,49.0662,53426.5,53626.9,4506.1,5.59291e+06,5.58032e+06,0.825214,0.825214,0.825214,0.825214,0.825214,0.825214
37.3518,72.9953,37.3482,48.9964,53427.1,53630.1,4508.25,5.59564e+06,5.58305e+06,0.825339,0.825339,0.825339,0.825339,0.825339,0.825339
37.3407,73.0287,37.3371,48.9154,53426.8,53632.7,4510.4,5.59837e+06,5.58579e+06,0.825464,0.825464,0.825464,0.825464,0.825464,0.825464
37.3296,73.0624,37.326,48.8368,53427.6,53636.8,4512.55,5.6011e+06,5.58852e+06,0.825589,0.825589,0.825589,0.825589,0.825589,0.825589
37.3187,73.0957,37.3149,48.7487,53426.5,53638.8,4514.7,5.60384e+06,5.59126e+06,0.825714,0.825714,0.825714,0.825714,0.825714,0.825714
37.3076,73.1293,37.3038,48.6804,53426.8,53641.7,4516.84,5.60657e+06,5.594e+06,0.825839,0.825839,0.825839,0.825839,0.825839,0.825839
37.2966,73.1627,37.2927,48.5989,53426.1,53644.1,4518.99,5.60931e+06,5.59674e+06,0.825964,0.825964,0.825964,0.825964,0.825964,0.825964
37.2855,73.1963,37.2816,48.5283,53426.5,53647.4,4521.13,5.61204e+06,5.59947e+06,0.826089,0.826089,0.826089,0.826089,0.826089,0.826089
37.2743,73.23,37.2705,48.4583,53427.7,53651.9,4523.27,5.61478e+06,5.60221e+06,0.826214,0.826214,0.826214,0.826214,0.826214,0.826214
37.2631,73.2638,37.2594,48.391,53429.3,53656.9,4525.41,5.61751e+06,5.60495e+06,0.826339,0.826339,0.826339,0.826339,0.826339,0.826339
37.2519,73.2976,37.2483,48.3279,53430.4,53661.1,4527.55,5.62025e+06,5.60769e+06,0.826464,0.826464,0.826464,0.826464,0.826464,0.826464
37.2408,73.3313,37.2373,48.2691,53431,53664.4,4529.69,5.62299e+06,5.61044e+06,0.826589,0.826589,0.826589,0.826589,0.826589,0.826589
37.23,73.3647,37.2261,48.1852,53430.9,53668.1,4531.83,5.62573e+06,5.61318e+06,0.826714,0.826714,0.826714,0.826714,0.826714,0.826714
37.2191,73.3982,37.2151,48.1135,53430.2,53670.5,4533.97,5.62847e+06,5.61592e+06,0.826839,0.826839,0.826839,0.826839,0.826839,0.826839
37.2081,73.4318,37.204,48.0459,53430.9,53674.8,4536.1,5.63121e+06,5.61867e+06,0.826964,0.826964,0.826964,0.826964,0.826964,0.826964
37.197,73.4656,37.1928,47.981,53432.7,53680.6,4538.24,5.63395e+06,5.62141e+06,0.827089,0.827089,0.827089,0.827089,0.827089,0.827089
37.186,73.4993,37.1817,47.9233,53433.2,53684.2,4540.37,5.63669e+06,5.62416e+06,0.827214,0.827214,0.827214,0.827214,0.827214,0.827214
37.175,73.5329,37.1706,47.8624,53433.5,53687.8,4542.5,5.63943e+06,5.6269e+06,0.827339,0.827339,0.827339,0.827339,0.827339,0.827339
37.1638,73.5667,37.1595,47.808,53434.8,53692.4,4544.63,5.64218e+06,5.62965e+06,0.827464,0.827464,0.827464,0.827464,0.827464,0.827464
37.1523,73.6009,37.1484,47.7671,53438.3,53699.2,4546.76,5.64492e+06,5.6324e+06,0.827589,0.827589,0.827589,0.827589,0.827589,0.827589
37.1413,73.6347,37.1373,47.7118,53439.2,53703.6,4548.89,5.64766e+06,5.63515e+06,0.827714,0.827714,0.827714,0.827714,0.827714,0.827714
37.1301,73.6685,37.1262,47.6615,53440.2,53707.7,4551.02,5.65041e+06,5.6379e+06,0.827839,0.827839,0.827839,0.827839,0.827839,0.827839
37.1192,73.7021,37.1151,47.6051,53440.2,53711.1,4553.15,5.65315e+06,5.64065e+06,0.827964,0.827964,0.827964,0.827964,0.827964,0.827964
37.1083,73.7357,37.104,47.5511,53440.4,53714.7,4555.27,5.6559e+06,5.6434e+06,0.828089,0.828089,0.828089,0.828089,0.828089,0.828089
37.0971,73.7696,37.0929,47.5049,53442.8,53721,4557.4,5.65865e+06,5.64615e+06,0.828214,0.828214,0.828214,0.828214,0.828214,0.828214
37.0862,73.8033,37.0818,47.454,53443.4,53725.2,4559.52,5.66139e+06,5.6489e+06,0.828339,0.828339,0.828339,0.828339,0.828339,0.828339
37.075,73.8372,37.0707,47.4091,53444.5,53729.5,4561.64,5.66414e+06,5.65166e+06,0.828464,0.828464,0.828464,0.828464,0.828464,0.828464
37.0641,73.8709,37.0596,47.3624,53445,53733.3,4563.76,5.66689e+06,5.65441e+06,0.828589,0.828589,0.828589,0.828589,0.828589,0.828589
37.053,73.9048,37.0486,47.322,53446,53737.6,4565.88,5.66964e+06,5.65716e+06,0.828714,0.828714,0.828714,0.828714,0.828714,0.828714
37.0419,73.9386,37.0375,47.2841,53446.5,53740.9,4568,5.67239e+06,5.65992e+06,0.828839,0.828839,0.828839,0.828839,0.828839,0.828839
37.031,73.9723,37.0265,47.2392,53446.7,53744.5,4570.12,5.67514e+06,5.66268e+06,0.828964,0.828964,0.828964,0.828964,0.828964,0.828964
37.0199,74.0061,37.0154,47.2007,53447.8,53749.1,4572.23,5.6779e+06,5.66543e+06,0.829089,0.829089,0.829089,0.829089,0.829089,0.829089
37.0087,74.0402,37.0043,47.1669,53449.9,53754.8,4574.35,5.68065e+06,5.66819e+06,0.829214,0.829214,0.829214,0.829214,0.829214,0.829214
36.9977,74.0741,36.9932,47.1313,53452.1,53760.9,4576.46,5.6834e+06,5.67095e+06,0.829339,0.829339,0.829339,0.829339,0.829339,0.829339
36.9864,74.1082,36.9821,47.1027,53453.9,53765.7,4578.57,5.68616e+06,5.67371e+06,0.829464,0.829464,0.829464,0.829464,0.829464,0.829464
36.9752,74.1423,36.971,47.0747,53455.3,53770.2,4580.69,5.68891e+06,5.67647e+06,0.829589,0.829589,0.829589,0.829589,0.829589,0.829589
36.9641,74.1761,36.96,47.0447,53455.8,53773.6,4582.8,5.69167e+06,5.67923e+06,0.829714,0.829714,0.829714,0.829714,0.829714,0.829714
36.953,74.2102,36.9489,47.0146,53457.2,53778.2,4584.91,5.69442e+06,5.682e+06,0.829839,0.829839,0.829839,0.829839,0.829839,0.829839
36.942,74.244,36.9379,46.986,53458.2,53782.9,4587.01,5.69718e+06,5.68476e+06,0.829964,0.829964,0.829964,0.829964,0.829964,0.829964
36.9309,74.2781,36.9268,46.9609,53459.7,53787.4,4589.12,5.69994e+06,5.68752e+06,0.830088,0.830088,0.830088,0.830088,0.830088,0.830088
36.9199,74.312,36.9157,46.9343,53460.9,53792.2,4591.23,5.7027e+06,5.69029e+06,0.830213,0.830213,0.830213,0.830213,0.830213,0.830213
36.9087,74.3461,36.9047,46.9134,53462.8,53797.6,4593.34,5.70545e+06,5.69305e+06,0.830338,0.830338,0.830338,0.830338,0.830338,0.830338
36.8978,74.3799,36.8936,46.8893,53463.2,53801.4,4595.44,5.70821e+06,5.69582e+06,0.830463,0.830463,0.830463,0.830463,0.830463,0.830463
36.8868,74.4139,36.8825,46.8685,53465.4,53807.6,4597.54,5.71097e+06,5.69858e+06,0.830588,0.830588,0.830588,0.830588,0.830588,0.830588
36.8758,74.4479,36.8714,46.8466,53467.1,53813.2,4599.65,5.71374e+06,5.70135e+06,0.830713,0.830713,0.830713,0.830713,0.830713,0.830713
36.8647,74.4819,36.8603,46.8296,53468.5,53818.1,4601.75,5.7165e+06,5.70412e+06,0.830838,0.830838,0.830838,0.830838,0.830838,0.830838
36.8536,74.516,36.8493,46.8127,53469.7,53822.5,4603.85,5.71926e+06,5.70689e+06,0.830963,0.830963,0.830963,0.830963,0.830963,0.830963
36.8426,74.5499,36.8382,46.7952,53470.8,53827,4605.95,5.72202e+06,5.70966e+06,0.831088,0.831088,0.831088,0.831088,0.831088,0.831088
36.8313,74.5842,36.8271,46.7832,53473.2,53832.5,4608.04,5.72479e+06,5.71243e+06,0.831213,0.831213,0.831213,0.831213,0.831213,0.831213
36.8202,74.6183,36.8161,46.7709,53475.3,53838.4,4610.14,5.72755e+06,5.7152e+06,0.831338,0.831338,0.831338,0.831338,0.831338,0.831338
36.8091,74.6525,36.805,46.7582,53477.5,53844.1,4612.24,5.73032e+06,5.71798e+06,0.831463,0.831463,0.831463,0.831463,0.831463,0.831463
36.798,74.6866,36.7939,46.7474,53478.1,53847.5,4614.33,5.73308e+06,5.72075e+06,0.831588,0.831588,0.831588,0.831588,0.831588,0.831588
36.7867,74.721,36.7828,46.7384,53481.9,53855.3,4616.43,5.73585e+06,5.72352e+06,0.831713,0.831713,0.831713,0.831713,0.831713,0.831713
36.7758,74.7549,36.7718,46.7296,53482.9,53860.1,4618.52,5.73862e+06,5.7263e+06,0.831838,0.831838,0.831838,0.831838,0.831838,0.831838
36.7647,74.789,36.7607,46.7252,53485.2,53866.4,4620.61,5.74138e+06,5.72907e+06,0.831963,0.831963,0.831963,0.831963,0.831963,0.831963
36.7537,74.8231,36.7496,46.7209,53486.3,53871,4622.7,5.74415e+06,5.73185e+06,0.832088,0.832088,0.832088,0.832088,0.832088,0.832088
36.7426,74.8573,36.7385,46.7158,53488.2,53876.4,4624.79,5.74692e+06,5.73463e+06,0.832213,0.832213,0.832213,0.832213,0.832213,0.832213
36.7317,74.8913,36.7274,46.7128,53489.8,53881.8,4626.88,5.74969e+06,5.73741e+06,0.832338,0.832338,0.832338,0.832338,0.832338,0.832338
36.7206,74.9255,36.7164,46.7103,53490.9,53885.8,4628.97,5.75246e+06,5.74019e+06,0.832463,0.832463,0.832463,0.832463,0.832463,0.832463
36.7096,74.9596,36.7053,46.7105,53492.2,53890.4,4631.05,5.75524e+06,5.74297e+06,0.832588,0.832588,0.832588,0.832588,0.832588,0.832588
36.6983,74.994,36.6943,46.71,53494.9,53896.8,4633.14,5.75801e+06,5.74575e+06,0.832713,0.832713,0.832713,0.832713,0.832713,0.832713
36.6873,75.0282,36.6832,46.7123,53497.8,53903.9,4635.22,5.76078e+06,5.74853e+06,0.832838,0.832838,0.832838,0.832838,0.832838,0.832838
36.6762,75.0625,36.6721,46.7154,53500.1,53910,4637.31,5.76356e+06,5.75131e+06,0.832963,0.832963,0.832963,0.832963,0.832963,0.832963
36.6652,75.0965,36.6611,46.721,53500.6,53913.5,4639.39,5.76633e+06,5.75409e+06,0.833088,0.833088,0.833088,0.833088,0.833088,0.833088
36.654,75.1309,36.65,46.7247,53503.6,53920.3,4641.47,5.76911e+06,5.75688e+06,0.833213,0.833213,0.833213,0.833213,0.833213,0.833213
36.6431,75.165,36.6389,46.7334,53504.4,53924.5,4643.55,5.77188e+06,5.75966e+06,0.833338,0.833338,0.833338,0.833338,0.833338,0.833338
36.6321,75.1992,36.6279,46.7382,53504.8,53927.6,4645.63,5.77466e+06,5.76245e+06,0.833463,0.833463,0.833463,0.833463,0.833463,0.833463
36.621,75.2334,36.6169,46.7456,53506.2,53932.1,4647.71,5.77744e+06,5.76523e+06,0.833588,0.833588,0.833588,0.833588,0.833588,0.833588
36.61,75.2677,36.6058,46.7562,53508.2,53937.9,4649.79,5.78022e+06,5.76802e+06,0.833713,0.833713,0.833713,0.833713,0.833713,0.833713
36.599,75.3018,36.5948,46.7704,53510.2,53943.8,4651.86,5.78299e+06,5.77081e+06,0.833838,0.833838,0.833838,0.833838,0.833838,0.833838
36.5881,75.3361,36.5837,46.784,53511.8,53949.1,4653.94,5.78577e+06,5.7736e+06,0.833963,0.833963,0.833963,0.833963,0.833963,0.833963
36.5772,75.3702,36.5727,46.8034,53513.4,53954.6,4656.01,5.78855e+06,5.77639e+06,0.834088,0.834088,0.834088,0.834088,0.834088,0.834088
36.5661,75.4046,36.5616,46.8142,53515.1,53959.4,4658.08,5.79134e+06,5.77918e+06,0.834213,0.834213,0.834213,0.834213,0.834213,0.834213
36.5551,75.4388,36.5506,46.8305,53516.1,53963.6,4660.16,5.79412e+06,5.78197e+06,0.834338,0.834338,0.834338,0.834338,0.834338,0.834338
36.5443,75.4729,36.5396,46.8547,53517.1,53968.5,4662.23,5.7969e+06,5.78476e+06,0.834463,0.834463,0.834463,0.834463,0.834463,0.834463
36.5333,75.5072,36.5286,46.8739,53518.9,53973.6,4664.3,5.79968e+06,5.78755e+06,0.834588,0.834588,0.834588,0.834588,0.834588,0.834588
36.5221,75.5417,36.5175,46.8933,53522.4,53981.3,4666.36,5.80247e+06,5.79035e+06,0.834713,0.834713,0.834713,0.834713,0.834713,0.834713
36.5112,75.576,36.5065,46.9152,53524.3,53986.9,4668.43,5.80525e+06,5.79314e+06,0.834838,0.834838,0.834838,0.834838,0.834838,0.834838
36.5,75.6105,36.4954,46.9369,53527.6,53994.2,4670.5,5.80804e+06,5.79594e+06,0.834963,0.834963,0.834963,0.834963,0.834963,0.834963
36.489,75.6449,36.4844,46.96,53529.8,54000.2,4672.56,5.81082e+06,5.79873e+06,0.835088,0.835088,0.835088,0.835088,0.835088,0.835088
36.478,75.6793,36.4734,46.9851,53532.9,54007.4,4674.63,5.81361e+06,5.80153e+06,0.835213,0.835213,0.835213,0.835213,0.835213,0.835213
36.4669,75.7137,36.4623,47.0098,53534.4,54012.3,4676.69,5.8164e+06,5.80433e+06,0.835338,0.835338,0.835338,0.835338,0.835338,0.835338
36.4561,75.7479,36.4514,47.0393,53535.2,54016.3,4678.75,5.81919e+06,5.80713e+06,0.835463,0.835463,0.835463,0.835463,0.835463,0.835463
36.4451,75.7823,36.4403,47.0696,53537.2,54022,4680.81,5.82198e+06,5.80993e+06,0.835588,0.835588,0.835588,0.835588,0.835588,0.835588
36.4342,75.8167,36.4293,47.1016,53539.3,54027.9,4682.87,5.82476e+06,5.81273e+06,0.835713,0.835713,0.835713,0.835713,0.835713,0.835713
36.4231,75.8512,36.4183,47.1317,53541.9,54034.2,4684.93,5.82756e+06,5.81553e+06,0.835838,0.835838,0.835838,0.835838,0.835838,0.835838
36.4121,75.8856,36.4073,47.163,53544.3,54040.3,4686.99,5.83035e+06,5.81833e+06,0.835963,0.835963,0.835963,0.835963,0.835963,0.835963
36.4012,75.92,36.3963,47.1963,53545.7,54045.1,4689.05,5.83314e+06,5.82113e+06,0.836088,0.836088,0.836088,0.836088,0.836088,0.836088
36.3901,75.9546,36.3853,47.2236,53547.9,54050.5,4691.1,5.83593e+06,5.82394e+06,0.836213,0.836213,0.836213,0.836213,0.836213,0.836213
36.3791,75.989,36.3743,47.2575,53549.8,54055.9,4693.16,5.83872e+06,5.82674e+06,0.836338,0.836338,0.836338,0.836338,0.836338,0.836338
36.3679,76.0237,36.3633,47.2839,53553.2,54063,4695.21,5.84152e+06,5.82955e+06,0.836463,0.836463,0.836463,0.836463,0.836463,0.836463
36.3568,76.0583,36.3523,47.3144,53555.9,54069.2,4697.26,5.84431e+06,5.83235e+06,0.836588,0.836588,0.836588,0.836588,0.836588,0.836588
36.3459,76.0927,36.3414,47.3573,53557.6,54074.7,4699.32,5.84711e+06,5.83516e+06,0.836713,0.836713,0.836713,0.836713,0.836713,0.836713
36.3349,76.1272,36.3303,47.4031,53560.8,54082.2,4701.37,5.84991e+06,5.83797e+06,0.836838,0.836838,0.836838,0.836838,0.836838,0.836838
36.3241,76.1616,36.3193,47.4544,53563.6,54089.7,4703.42,5.8527e+06,5.84078e+06,0.836963,0.836963,0.836963,0.836963,0.836963,0.836963
36.3132,76.1961,36.3084,47.4952,53565.3,54094.8,4705.47,5.8555e+06,5.84358e+06,0.837088,0.837088,0.837088,0.837088,0.837088,0.837088
36.3024,76.2305,36.2974,47.5516,53568.1,54102.1,4707.51,5.8583e+06,5.8464e+06,0.837213,0.837213,0.837213,0.837213,0.837213,0.837213
36.2912,76.2653,36.2864,47.584,53571.6,54109.3,4709.56,5.8611e+06,5.84921e+06,0.837338,0.837338,0.837338,0.837338,0.837338,0.837338
36.2802,76.2999,36.2754,47.6357,53574.4,54116.3,4711.61,5.8639e+06,5.85202e+06,0.837463,0.837463,0.837463,0.837463,0.837463,0.837463
36.2694,76.3343,36.2644,47.6837,53576,54121.5,4713.65,5.8667e+06,5.85483e+06,0.837588,0.837588,0.837588,0.837588,0.837588,0.837588
36.2585,76.3689,36.2535,47.7345,53578.7,54128.2,4715.69,5.8695e+06,5.85765e+06,0.837713,0.837713,0.837713,0.837713,0.837713,0.837713
36.2474,76.4036,36.2425,47.7768,53581.2,54134.2,4717.74,5.8723e+06,5.86046e+06,0.837838,0.837838,0.837838,0.837838,0.837838,0.837838
36.2367,76.438,36.2316,47.838,53583.1,54140,4719.78,5.87511e+06,5.86328e+06,0.837963,0.837963,0.837963,0.837963,0.837963,0.837963
36.2257,76.4726,36.2206,47.8881,53585.3,54145.8,4721.82,5.87791e+06,5.86609e+06,0.838088,0.838088,0.838088,0.838088,0.838088,0.838088
36.2149,76.507,36.2096,47.9486,53587.1,54151.5,4723.86,5.88071e+06,5.86891e+06,0.838213,0.838213,0.838213,0.838213,0.838213,0.838213
36.204,76.5416,36.1987,47.9959,53588.5,54155.9,4725.9,5.88352e+06,5.87173e+06,0.838338,0.838338,0.838338,0.838338,0.838338,0.838338
36.1929,76.5764,36.1877,48.0451,53592.1,54163.6,4727.93,5.88632e+06,5.87455e+06,0.838463,0.838463,0.838463,0.838463,0.838463,0.838463
36.182,76.6111,36.1768,48.0964,53594.6,54169.8,4729.97,5.88913e+06,5.87736e+06,0.838588,0.838588,0.838588,0.838588,0.838588,0.838588
36.1713,76.6455,36.1658,48.1654,53595.9,54174.9,4732.01,5.89194e+06,5.88019e+06,0.838713,0.838713,0.838713,0.838713,0.838713,0.838713
36.1605,76.68,36.1549,48.2211,53597.3,54179.5,4734.04,5.89475e+06,5.88301e+06,0.838838,0.838838,0.838838,0.838838,0.838838,0.838838
36.1496,76.7147,36.1439,48.2788,53599.8,54185.7,4736.07,5.89756e+06,5.88583e+06,0.838963,0.838963,0.838963,0.838963,0.838963,0.838963
36.1387,76.7493,36.133,48.3361,53601.8,54191.2,4738.11,5.90036e+06,5.88865e+06,0.839088,0.839088,0.839088,0.839088,0.839088,0.839088
36.1277,76.7841,36.1221,48.3926,53605.1,54198.6,4740.14,5.90318e+06,5.89148e+06,0.839213,0.839213,0.839213,0.839213,0.839213,0.839213
36.1167,76.8189,36.1111,48.4529,53608.8,54206.5,4742.17,5.90599e+06,5.8943e+06,0.839338,0.839338,0.839338,0.839338,0.839338,0.839338
36.1059,76.8536,36.1002,48.5224,53611.6,54213.5,4744.2,5.9088e+06,5.89712e+06,0.839463,0.839463,0.839463,0.839463,0.839463,0.839463
36.0951,76.8881,36.0893,48.598,53613.6,54219.5,4746.23,5.91161e+06,5.89995e+06,0.839588,0.839588,0.839588,0.839588,0.839588,0.839588
36.084,76.9231,36.0784,48.6495,53616.8,54226.3,4748.26,5.91442e+06,5.90278e+06,0.839713,0.839713,0.839713,0.839713,0.839713,0.839713
36.073,76.958,36.0674,48.7027,53620.2,54233.5,4750.28,5.91724e+06,5.90561e+06,0.839838,0.839838,0.839838,0.839838,0.839838,0.839838
36.062,76.9929,36.0565,48.7575,53623.1,54240,4752.31,5.92005e+06,5.90844e+06,0.839963,0.839963,0.839963,0.839963,0.839963,0.839963
36.051,77.0277,36.0456,48.832,53627,54248.6,4754.33,5.92287e+06,5.91126e+06,0.840088,0.840088,0.840088,0.840088,0.840088,0.840088
36.0401,77.0625,36.0347,48.8912,53629.2,54254,4756.36,5.92568e+06,5.9141e+06,0.840213,0.840213,0.840213,0.840213,0.840213,0.840213
36.0292,77.0973,36.0238,48.9658,53632.9,54262.2,4758.38,5.9285e+06,5.91693e+06,0.840338,0.840338,0.840338,0.840338,0.840338,0.840338
36.0185,77.1319,36.0129,49.0455,53634.6,54267.7,4760.4,5.93132e+06,5.91976e+06,0.840463,0.840463,0.840463,0.840463,0.840463,0.840463
36.0076,77.1668,36.002,49.115,53637.6,54274.6,4762.43,5.93414e+06,5.92259e+06,0.840588,0.840588,0.840588,0.840588,0.840588,0.840588
35.9964,77.2019,35.9911,49.1616,53640.6,54280.8,4764.45,5.93696e+06,5.92543e+06,0.840713,0.840713,0.840713,0.840713,0.840713,0.840713
35.9855,77.2367,35.9802,49.2251,53642.5,54285.9,4766.47,5.93978e+06,5.92826e+06,0.840838,0.840838,0.840838,0.840838,0.840838,0.840838
35.9746,77.2716,35.9693,49.2945,53645.6,54292.8,4768.49,5.9426e+06,5.9311e+06,0.840963,0.840963,0.840963,0.840963,0.840963,0.840963
35.9637,77.3065,35.9584,49.369,53649.1,54300.6,4770.5,5.94542e+06,5.93393e+06,0.841088,0.841088,0.841088,0.841088,0.841088,0.841088
35.9529,77.3414,35.9476,49.4385,53651.5,54306.5,4772.52,5.94824e+06,5.93677e+06,0.841213,0.841213,0.841213,0.841213,0.841213,0.841213
35.9421,77.3762,35.9367,49.517,53653.9,54312.7,4774.54,5.95106e+06,5.93961e+06,0.841338,0.841338,0.841338,0.841338,0.841338,0.841338
35.9312,77.411,35.9258,49.5871,53655.8,54317.9,4776.55,5.95389e+06,5.94245e+06,0.841463,0.841463,0.841463,0.841463,0.841463,0.841463
35.9202,77.4461,35.915,49.6508,53659,54324.8,4778.57,5.95671e+06,5.94529e+06,0.841588,0.841588,0.841588,0.841588,0.841588,0.841588
35.9093,77.4811,35.9041,49.7269,53662.6,54332.6,4780.58,5.95954e+06,5.94813e+06,0.841713,0.841713,0.841713,0.841713,0.841713,0.841713
35.8986,77.5158,35.8932,49.8134,53664.5,54338,4782.6,5.96236e+06,5.95097e+06,0.841838,0.841838,0.841838,0.841838,0.841838,0.841838
35.8875,77.551,35.8824,49.8676,53668.1,54345.2,4784.61,5.96519e+06,5.95381e+06,0.841963,0.841963,0.841963,0.841963,0.841963,0.841963
35.8768,77.5858,35.8715,49.9623,53670.5,54351.7,4786.62,5.96802e+06,5.95666e+06,0.842088,0.842088,0.842088,0.842088,0.842088,0.842088
35.8661,77.6207,35.8607,50.0542,53673.5,54359,4788.63,5.97085e+06,5.9595e+06,0.842213,0.842213,0.842213,0.842213,0.842213,0.842213
35.8552,77.6557,35.8498,50.1352,53677,54366.5,4790.64,5.97367e+06,5.96235e+06,0.842338,0.842338,0.842338,0.842338,0.842338,0.842338
35.8443,77.6907,35.839,50.2153,53680.3,54373.9,4792.65,5.9765e+06,5.96519e+06,0.842463,0.842463,0.842463,0.842463,0.842463,0.842463
35.8334,77.7257,35.8281,50.296,53683.3,54380.6,4794.65,5.97933e+06,5.96804e+06,0.842588,0.842588,0.842588,0.842588,0.842588,0.842588
35.8225,77.7609,35.8173,50.3743,53686.9,54388.3,4796.66,5.98217e+06,5.97089e+06,0.842713,0.842713,0.842713,0.842713,0.842713,0.842713
35.8117,77.7959,35.8064,50.4652,53690.2,54395.9,4798.67,5.985e+06,5.97373e+06,0.842838,0.842838,0.842838,0.842838,0.842838,0.842838
35.8009,77.8308,35.7956,50.5554,53692.7,54402.1,4800.67,5.98783e+06,5.97658e+06,0.842963,0.842963,0.842963,0.842963,0.842963,0.842963
35.7901,77.8659,35.7848,50.6348,53695.8,54409.1,4802.68,5.99066e+06,5.97943e+06,0.843088,0.843088,0.843088,0.843088,0.843088,0.843088
35.7794,77.9008,35.774,50.7351,53698.1,54415.2,4804.68,5.9935e+06,5.98228e+06,0.843213,0.843213,0.843213,0.843213,0.843213,0.843213
35.7688,77.9355,35.7631,50.8459,53700,54421,4806.69,5.99633e+06,5.98514e+06,0.843338,0.843338,0.843338,0.843338,0.843338,0.843338
35.7584,77.9702,35.7523,50.9698,53701.9,54427.2,4808.69,5.99917e+06,5.98799e+06,0.843463,0.843463,0.843463,0.843463,0.843463,0.843463
35.7472,78.0057,35.7415,51.0271,53706.9,54436.3,4810.69,6.00201e+06,5.99084e+06,0.843588,0.843588,0.843588,0.843588,0.843588,0.843588
35.7365,78.0407,35.7306,51.1364,53710.3,54444.2,4812.69,6.00484e+06,5.9937e+06,0.843713,0.843713,0.843713,0.843713,0.843713,0.843713
35.7256,78.0759,35.7198,51.2282,53714,54452.1,4814.69,6.00768e+06,5.99655e+06,0.843837,0.843837,0.843837,0.843837,0.843837,0.843837
35.7148,78.111,35.709,51.3133,53717,54458.9,4816.68,6.01052e+06,5.99941e+06,0.843962,0.843962,0.843962,0.843962,0.843962,0.843962
35.7039,78.1462,35.6982,51.4059,53721,54467.3,4818.68,6.01336e+06,6.00227e+06,0.844087,0.844087,0.844087,0.844087,0.844087,0.844087
35.6932,78.1814,35.6874,51.5021,53724.7,54475.3,4820.68,6.0162e+06,6.00512e+06,0.844212,0.844212,0.844212,0.844212,0.844212,0.844212
35.6823,78.2166,35.6766,51.5911,53728.2,54482.8,4822.67,6.01904e+06,6.00798e+06,0.844337,0.844337,0.844337,0.844337,0.844337,0.844337
35.6716,78.2517,35.6658,51.694,53730.8,54489.2,4824.67,6.02188e+06,6.01084e+06,0.844462,0.844462,0.844462,0.844462,0.844462,0.844462
35.6611,78.2866,35.6551,51.8119,53733.3,54496,4826.66,6.02472e+06,6.0137e+06,0.844587,0.844587,0.844587,0.844587,0.844587,0.844587
35.6505,78.3216,35.6443,51.9216,53736.2,54502.9,4828.66,6.02757e+06,6.01657e+06,0.844712,0.844712,0.844712,0.844712,0.844712,0.844712
35.6395,78.357,35.6335,52.0176,53740.8,54512.1,4830.65,6.03041e+06,6.01943e+06,0.844837,0.844837,0.844837,0.844837,0.844837,0.844837
35.6289,78.3921,35.6227,52.1301,53744.1,54519.7,4832.64,6.03326e+06,6.02229e+06,0.844962,0.844962,0.844962,0.844962,0.844962,0.844962
35.6181,78.4273,35.612,52.2237,53746.6,54525.8,4834.63,6.0361e+06,6.02516e+06,0.845087,0.845087,0.845087,0.845087,0.845087,0.845087
35.6074,78.4624,35.6012,52.3343,53750.4,54534.1,4836.62,6.03895e+06,6.02802e+06,0.845212,0.845212,0.845212,0.845212,0.845212,0.845212
35.5965,78.4979,35.5905,52.4174,53754.2,54541.7,4838.61,6.0418e+06,6.03089e+06,0.845337,0.845337,0.845337,0.845337,0.845337,0.845337
35.5859,78.5329,35.5797,52.5371,53756.7,54548.3,4840.59,6.04464e+06,6.03375e+06,0.845462,0.845462,0.845462,0.845462,0.845462,0.845462
35.575,78.5683,35.5691,52.6071,53759.4,54553.9,4842.58,6.04749e+06,6.03662e+06,0.845587,0.845587,0.845587,0.845587,0.845587,0.845587
35.5641,78.6038,35.5583,52.6927,53763.4,54562,4844.57,6.05034e+06,6.03949e+06,0.845712,0.845712,0.845712,0.845712,0.845712,0.845712
35.5532,78.6392,35.5476,52.797,53767.7,54570.7,4846.55,6.05319e+06,6.04236e+06,0.845837,0.845837,0.845837,0.845837,0.845837,0.845837
35.5422,78.6748,35.5369,52.8609,53771.8,54578.4,4848.54,6.05604e+06,6.04523e+06,0.845962,0.845962,0.845962,0.845962,0.845962,0.845962
35.5313,78.7102,35.5262,52.9425,53775.2,54585.5,4850.53,6.05889e+06,6.0481e+06,0.846087,0.846087,0.846087,0.846087,0.846087,0.846087
35.5204,78.7457,35.5154,53.0347,53779.8,54594.4,4852.51,6.06175e+06,6.05097e+06,0.846212,0.846212,0.846212,0.846212,0.846212,0.846212
35.5097,78.781,35.5047,53.1587,53783.7,54603,4854.49,6.0646e+06,6.05385e+06,0.846337,0.846337,0.846337,0.846337,0.846337,0.846337
35.4989,78.8165,35.494,53.2512,53787.8,54611.1,4856.48,6.06745e+06,6.05672e+06,0.846462,0.846462,0.846462,0.846462,0.846462,0.846462
35.4883,78.8517,35.4833,53.3858,53790.9,54618.7,4858.46,6.07031e+06,6.0596e+06,0.846587,0.846587,0.846587,0.846587,0.846587,0.846587
35.4775,78.8872,35.4725,53.4896,53796.2,54628.9,4860.44,6.07316e+06,6.06247e+06,0.846712,0.846712,0.846712,0.846712,0.846712,0.846712
35.4666,78.9227,35.4618,53.58,53799.5,54635.9,4862.42,6.07602e+06,6.06535e+06,0.846837,0.846837,0.846837,0.846837,0.846837,0.846837
35.456,78.958,35.4511,53.699,53803.3,54644,4864.4,6.07888e+06,6.06823e+06,0.846962,0.846962,0.846962,0.846962,0.846962,0.846962
35.4452,78.9935,35.4404,53.8245,53808.6,54654.7,4866.38,6.08174e+06,6.0711e+06,0.847087,0.847087,0.847087,0.847087,0.847087,0.847087
35.4344,79.029,35.4297,53.9151,53812.1,54661.9,4868.36,6.08459e+06,6.07398e+06,0.847212,0.847212,0.847212,0.847212,0.847212,0.847212
35.4236,79.0646,35.419,54.0089,53816,54669.7,4870.34,6.08745e+06,6.07686e+06,0.847337,0.847337,0.847337,0.847337,0.847337,0.847337
35.4128,79.1,35.4083,54.1223,53819.7,54677.6,4872.31,6.09031e+06,6.07975e+06,0.847462,0.847462,0.847462,0.847462,0.847462,0.847462
35.4021,79.1355,35.3976,54.234,53824.3,54686.8,4874.29,6.09317e+06,6.08263e+06,0.847587,0.847587,0.847587,0.847587,0.847587,0.847587
35.3914,79.171,35.3869,54.3578,53828.6,54695.8,4876.27,6.09604e+06,6.08551e+06,0.847712,0.847712,0.847712,0.847712,0.847712,0.847712
35.3806,79.2065,35.3763,54.4707,53833.4,54705.4,4878.24,6.0989e+06,6.0884e+06,0.847837,0.847837,0.847837,0.847837,0.847837,0.847837
35.3702,79.2418,35.3656,54.6231,53836.2,54712.5,4880.22,6.10176e+06,6.09128e+06,0.847962,0.847962,0.847962,0.847962,0.847962,0.847962
35.3595,79.2773,35.355,54.7189,53839.2,54719,4882.19,6.10463e+06,6.09417e+06,0.848087,0.848087,0.848087,0.848087,0.848087,0.848087
35.3488,79.3128,35.3443,54.8321,53842.4,54726.2,4884.16,6.10749e+06,6.09705e+06,0.848212,0.848212,0.848212,0.848212,0.848212,0.848212
35.3382,79.3482,35.3337,54.945,53845.2,54732.7,4886.13,6.11036e+06,6.09994e+06,0.848337,0.848337,0.848337,0.848337,0.848337,0.848337
35.3276,79.3836,35.3231,55.0706,53848.5,54740.1,4888.1,6.11322e+06,6.10283e+06,0.848462,0.848462,0.848462,0.848462,0.848462,0.848462
35.3169,79.4192,35.3125,55.1731,53852.3,54747.8,4890.08,6.11609e+06,6.10572e+06,0.848587,0.848587,0.848587,0.848587,0.848587,0.848587
35.3061,79.4549,35.3019,55.2741,53856.6,54756.3,4892.05,6.11896e+06,6.10861e+06,0.848712,0.848712,0.848712,0.848712,0.848712,0.848712
35.2954,79.4905,35.2912,55.3961,53860.6,54764.7,4894.01,6.12183e+06,6.1115e+06,0.848837,0.848837,0.848837,0.848837,0.848837,0.848837
35.2849,79.5259,35.2806,55.5355,53863.9,54772.3,4895.98,6.1247e+06,6.11439e+06,0.848962,0.848962,0.848962,0.848962,0.848962,0.848962
35.2743,79.5615,35.27,55.6588,53867.7,54780.4,4897.95,6.12757e+06,6.11728e+06,0.849087,0.849087,0.849087,0.849087,0.849087,0.849087
35.2637,79.597,35.2594,55.7986,53871.5,54788.7,4899.92,6.13044e+06,6.12018e+06,0.849212,0.849212,0.849212,0.849212,0.849212,0.849212
35.2532,79.6325,35.2489,55.9307,53874.4,54795.6,4901.88,6.13331e+06,6.12307e+06,0.849337,0.849337,0.849337,0.849337,0.849337,0.849337
35.2425,79.6683,35.2382,56.0491,53879.6,54805.6,4903.85,6.13618e+06,6.12597e+06,0.849462,0.849462,0.849462,0.849462,0.849462,0.849462
35.2319,79.7039,35.2276,56.1813,53883.4,54813.9,4905.81,6.13906e+06,6.12886e+06,0.849587,0.849587,0.849587,0.849587,0.849587,0.849587
35.2214,79.7395,35.217,56.3199,53887.7,54822.8,4907.78,6.14193e+06,6.13176e+06,0.849712,0.849712,0.849712,0.849712,0.849712,0.849712
35.2108,79.775,35.2065,56.4576,53891.1,54830.5,4909.74,6.1448e+06,6.13466e+06,0.849837,0.849837,0.849837,0.849837,0.849837,0.849837
35.2003,79.8106,35.1959,56.6014,53895.3,54839.4,4911.71,6.14768e+06,6.13756e+06,0.849962,0.849962,0.849962,0.849962,0.849962,0.849962
35.1898,79.8462,35.1853,56.7536,53899,54847.7,4913.67,6.15056e+06,6.14046e+06,0.850087,0.850087,0.850087,0.850087,0.850087,0.850087
35.1793,79.8818,35.1748,56.9051,53902.8,54856.2,4915.63,6.15343e+06,6.14336e+06,0.850212,0.850212,0.850212,0.850212,0.850212,0.850212
35.1687,79.9176,35.1642,57.0393,53907.6,54865.9,4917.59,6.15631e+06,6.14626e+06,0.850337,0.850337,0.850337,0.850337,0.850337,0.850337
35.1581,79.9533,35.1536,57.1579,53911.3,54873.5,4919.55,6.15919e+06,6.14916e+06,0.850462,0.850462,0.850462,0.850462,0.850462,0.850462
35.1475,79.989,35.1431,57.2914,53915.1,54881.7,4921.51,6.16207e+06,6.15207e+06,0.850587,0.850587,0.850587,0.850587,0.850587,0.850587
35.137,80.0247,35.1325,57.4384,53919.3,54890.6,4923.47,6.16495e+06,6.15497e+06,0.850712,0.850712,0.850712,0.850712,0.850712,0.850712
35.1264,80.0604,35.122,57.581,53924.1,54900.4,4925.42,6.16783e+06,6.15788e+06,0.850837,0.850837,0.850837,0.850837,0.850837,0.850837
35.116,80.096,35.1115,57.7333,53927.5,54908.1,4927.38,6.17071e+06,6.16078e+06,0.850962,0.850962,0.850962,0.850962,0.850962,0.850962
35.1055,80.1317,35.1009,57.8819,53931.6,54917,4929.34,6.1736e+06,6.16369e+06,0.851087,0.851087,0.851087,0.851087,0.851087,0.851087
35.0951,80.1673,35.0904,58.0454,53935,54924.9,4931.29,6.17648e+06,6.1666e+06,0.851212,0.851212,0.851212,0.851212,0.851212,0.851212
35.0844,80.2033,35.0799,58.141,53939.3,54933,4933.25,6.17936e+06,6.16951e+06,0.851337,0.851337,0.851337,0.851337,0.851337,0.851337
35.0737,80.2392,35.0694,58.2664,53944.5,54943,4935.2,6.18225e+06,6.17242e+06,0.851462,0.851462,0.851462,0.851462,0.851462,0.851462
35.0634,80.2748,35.0589,58.4366,53947.7,54950.7,4937.15,6.18513e+06,6.17533e+06,0.851587,0.851587,0.851587,0.851587,0.851587,0.851587
35.0529,80.3106,35.0484,58.5781,53951.5,54958.8,4939.11,6.18802e+06,6.17824e+06,0.851712,0.851712,0.851712,0.851712,0.851712,0.851712
35.0423,80.3465,35.038,58.7036,53955.4,54966.8,4941.06,6.19091e+06,6.18116e+06,0.851837,0.851837,0.851837,0.851837,0.851837,0.851837
35.032,80.382,35.0275,58.8744,53957.7,54973.2,4943.01,6.1938e+06,6.18407e+06,0.851962,0.851962,0.851962,0.851962,0.851962,0.851962
35.0215,80.4178,35.0171,59.0083,53961.3,54980.8,4944.96,6.19669e+06,6.18698e+06,0.852087,0.852087,0.852087,0.852087,0.852087,0.852087
35.0112,80.4535,35.0066,59.1928,53965.3,54989.9,4946.91,6.19958e+06,6.1899e+06,0.852212,0.852212,0.852212,0.852212,0.852212,0.852212
35.0008,80.4893,34.9961,59.3473,53969.4,54998.5,4948.86,6.20247e+06,6.19282e+06,0.852337,0.852337,0.852337,0.852337,0.852337,0.852337
34.9903,80.5252,34.9856,59.4998,53974.1,55008.1,4950.81,6.20536e+06,6.19573e+06,0.852462,0.852462,0.852462,0.852462,0.852462,0.852462
34.9799,80.5609,34.9752,59.6745,53977.6,55016.3,4952.76,6.20825e+06,6.19865e+06,0.852587,0.852587,0.852587,0.852587,0.852587,0.852587
34.9696,80.5967,34.9647,59.8585,53981.8,55025.5,4954.7,6.21114e+06,6.20157e+06,0.852712,0.852712,0.852712,0.852712,0.852712,0.852712
34.959,80.6327,34.9543,59.982,53986.2,55034.3,4956.65,6.21404e+06,6.20449e+06,0.852837,0.852837,0.852837,0.852837,0.852837,0.852837
34.9485,80.6686,34.9439,60.1229,53990.2,55042.5,4958.6,6.21693e+06,6.20741e+06,0.852962,0.852962,0.852962,0.852962,0.852962,0.852962
34.9384,80.7042,34.9335,60.3187,53993.1,55049.9,4960.54,6.21982e+06,6.21033e+06,0.853087,0.853087,0.853087,0.853087,0.853087,0.853087
34.9278,80.7403,34.9231,60.4434,53997.8,55059.2,4962.49,6.22272e+06,6.21326e+06,0.853212,0.853212,0.853212,0.853212,0.853212,0.853212
34.9173,80.7763,34.9126,60.6025,54003,55069.5,4964.43,6.22562e+06,6.21618e+06,0.853337,0.853337,0.853337,0.853337,0.853337,0.853337
34.9068,80.8123,34.9022,60.739,54007,55077.7,4966.37,6.22851e+06,6.2191e+06,0.853462,0.853462,0.853462,0.853462,0.853462,0.853462
34.8964,80.8483,34.8918,60.9155,54012.1,55088.2,4968.32,6.23141e+06,6.22203e+06,0.853587,0.853587,0.853587,0.853587,0.853587,0.853587
34.8859,80.8843,34.8814,61.0697,54016.7,55097.6,4970.26,6.23431e+06,6.22496e+06,0.853712,0.853712,0.853712,0.853712,0.853712,0.853712
34.8756,80.9202,34.871,61.2345,54020.5,55105.9,4972.2,6.23721e+06,6.22788e+06,0.853837,0.853837,0.853837,0.853837,0.853837,0.853837
34.8652,80.9561,34.8606,61.3899,54024,55113.7,4974.14,6.24011e+06,6.23081e+06,0.853962,0.853962,0.853962,0.853962,0.853962,0.853962
34.8548,80.9921,34.8503,61.5259,54027.3,55120.7,4976.08,6.24301e+06,6.23374e+06,0.854087,0.854087,0.854087,0.854087,0.854087,0.854087
34.8444,81.028,34.84,61.6918,54030.6,55128.2,4978.02,6.24592e+06,6.23667e+06,0.854212,0.854212,0.854212,0.854212,0.854212,0.854212
34.8342,81.0639,34.8296,61.8807,54034.7,55137.3,4979.96,6.24882e+06,6.2396e+06,0.854337,0.854337,0.854337,0.854337,0.854337,0.854337
34.8237,81.1,34.8192,62.0393,54039.6,55147.1,4981.9,6.25172e+06,6.24254e+06,0.854462,0.854462,0.854462,0.854462,0.854462,0.854462
34.8135,81.1359,34.8089,62.2247,54043.1,55155.2,4983.84,6.25463e+06,6.24547e+06,0.854587,0.854587,0.854587,0.854587,0.854587,0.854587
34.8031,81.172,34.7985,62.4049,54048.4,55166,4985.78,6.25753e+06,6.2484e+06,0.854712,0.854712,0.854712,0.854712,0.854712,0.854712
34.7929,81.2078,34.7882,62.5936,54051.4,55173.3,4987.71,6.26044e+06,6.25134e+06,0.854837,0.854837,0.854837,0.854837,0.854837,0.854837
34.7825,81.244,34.7778,62.7645,54056.8,55184.1,4989.65,6.26335e+06,6.25427e+06,0.854962,0.854962,0.854962,0.854962,0.854962,0.854962
34.7721,81.2803,34.7674,62.9328,54063.1,55196.1,4991.58,6.26625e+06,6.25721e+06,0.855087,0.855087,0.855087,0.855087,0.855087,0.855087
34.7617,81.3165,34.757,63.1121,54068.2,55206.6,4993.52,6.26916e+06,6.26015e+06,0.855212,0.855212,0.855212,0.855212,0.855212,0.855212
34.7516,81.3522,34.7467,63.3202,54071,55213.8,4995.45,6.27207e+06,6.26309e+06,0.855337,0.855337,0.855337,0.855337,0.855337,0.855337
34.7413,81.3883,34.7364,63.5131,54075.5,55223.3,4997.39,6.27498e+06,6.26603e+06,0.855462,0.855462,0.855462,0.855462,0.855462,0.855462
34.7313,81.4241,34.7261,63.7204,54078.1,55230.3,4999.32,6.27789e+06,6.26897e+06,0.855587,0.855587,0.855587,0.855587,0.855587,0.855587
34.7208,81.4604,34.7158,63.859,54082.9,55239.6,5001.25,6.2808e+06,6.27191e+06,0.855712,0.855712,0.855712,0.855712,0.855712,0.855712
34.7107,81.4963,34.7055,64.092,54086.8,55248.9,5003.18,6.28372e+06,6.27485e+06,0.855837,0.855837,0.855837,0.855837,0.855837,0.855837
34.7,81.5329,34.6951,64.2155,54093.4,55260.7,5005.11,6.28663e+06,6.27779e+06,0.855962,0.855962,0.855962,0.855962,0.855962,0.855962
34.6898,81.569,34.6848,64.4059,54097.8,55270.1,5007.04,6.28954e+06,6.28074e+06,0.856087,0.856087,0.856087,0.856087,0.856087,0.856087
34.6795,81.6051,34.6745,64.595,54101.8,55278.9,5008.97,6.29246e+06,6.28368e+06,0.856212,0.856212,0.856212,0.856212,0.856212,0.856212
34.6695,81.6411,34.6642,64.8326,54106.5,55289.3,5010.9,6.29537e+06,6.28663e+06,0.856337,0.856337,0.856337,0.856337,0.856337,0.856337
34.6594,81.677,34.6539,65.047,54109.8,55297.2,5012.83,6.29829e+06,6.28958e+06,0.856462,0.856462,0.856462,0.856462,0.856462,0.856462
34.6492,81.7132,34.6436,65.2459,54114.1,55306.6,5014.76,6.30121e+06,6.29252e+06,0.856587,0.856587,0.856587,0.856587,0.856587,0.856587
34.6389,81.7494,34.6334,65.4298,54118.5,55315.8,5016.69,6.30413e+06,6.29547e+06,0.856712,0.856712,0.856712,0.856712,0.856712,0.856712
34.6285,81.7858,34.6231,65.5801,54123.5,55325.6,5018.61,6.30705e+06,6.29842e+06,0.856837,0.856837,0.856837,0.856837,0.856837,0.856837
34.6183,81.8219,34.6129,65.778,54127.6,55334.5,5020.54,6.30996e+06,6.30138e+06,0.856962,0.856962,0.856962,0.856962,0.856962,0.856962
34.6079,81.8582,34.6027,65.9406,54132.1,55343.6,5022.46,6.31289e+06,6.30433e+06,0.857087,0.857087,0.857087,0.857087,0.857087,0.857087
34.5976,81.8945,34.5925,66.1136,54136.5,55352.7,5024.39,6.31581e+06,6.30728e+06,0.857212,0.857212,0.857212,0.857212,0.857212,0.857212
34.5875,81.9307,34.5822,66.3163,54140.8,55362.1,5026.31,6.31873e+06,6.31023e+06,0.857337,0.857337,0.857337,0.857337,0.857337,0.857337
34.5773,81.967,34.572,66.5221,54145.4,55371.8,5028.24,6.32165e+06,6.31319e+06,0.857462,0.857462,0.857462,0.857462,0.857462,0.857462
34.5667,82.0036,34.5618,66.6505,54151.2,55382.6,5030.16,6.32458e+06,6.31614e+06,0.857587,0.857587,0.857587,0.857587,0.857587,0.857587
34.5565,82.0399,34.5516,66.8497,54155.5,55391.8,5032.08,6.3275e+06,6.3191e+06,0.857711,0.857711,0.857711,0.857711,0.857711,0.857711
34.5463,82.0763,34.5413,67.0418,54161.2,55403.1,5034.01,6.33042e+06,6.32206e+06,0.857836,0.857836,0.857836,0.857836,0.857836,0.857836
34.536,82.1126,34.5311,67.2333,54165.6,55412.3,5035.93,6.33335e+06,6.32502e+06,0.857961,0.857961,0.857961,0.857961,0.857961,0.857961
34.5259,82.1489,34.521,67.4273,54169.3,55420.6,5037.85,6.33628e+06,6.32797e+06,0.858086,0.858086,0.858086,0.858086,0.858086,0.858086
34.5158,82.1851,34.5108,67.6261,54173,55428.8,5039.77,6.33921e+06,6.33094e+06,0.858211,0.858211,0.858211,0.858211,0.858211,0.858211
34.5057,82.2213,34.5007,67.8307,54176.8,55437.2,5041.69,6.34213e+06,6.3339e+06,0.858336,0.858336,0.858336,0.858336,0.858336,0.858336
34.4954,82.2577,34.4907,67.9831,54180.2,55444.5,5043.61,6.34506e+06,6.33686e+06,0.858461,0.858461,0.858461,0.858461,0.858461,0.858461
34.4853,82.294,34.4805,68.1955,54184.4,55453.7,5045.53,6.34799e+06,6.33982e+06,0.858586,0.858586,0.858586,0.858586,0.858586,0.858586
34.4753,82.3303,34.4703,68.4355,54189.4,55464.5,5047.45,6.35092e+06,6.34279e+06,0.858711,0.858711,0.858711,0.858711,0.858711,0.858711
34.4648,82.367,34.4601,68.5952,54195.5,55475.9,5049.37,6.35386e+06,6.34575e+06,0.858836,0.858836,0.858836,0.858836,0.858836,0.858836
34.4549,82.4032,34.4499,68.8437,54200,55486,5051.29,6.35679e+06,6.34872e+06,0.858961,0.858961,0.858961,0.858961,0.858961,0.858961
34.4447,82.4397,34.4398,69.0201,54204.2,55494.8,5053.21,6.35972e+06,6.35168e+06,0.859086,0.859086,0.859086,0.859086,0.859086,0.859086
34.4346,82.4761,34.4296,69.2517,54209.5,55505.8,5055.12,6.36266e+06,6.35465e+06,0.859211,0.859211,0.859211,0.859211,0.859211,0.859211
34.4245,82.5125,34.4195,69.4683,54214.5,55516.1,5057.04,6.36559e+06,6.35762e+06,0.859336,0.859336,0.859336,0.859336,0.859336,0.859336
34.4143,82.5491,34.4093,69.6787,54219.7,55526.8,5058.95,6.36853e+06,6.36059e+06,0.859461,0.859461,0.859461,0.859461,0.859461,0.859461
34.4042,82.5855,34.3992,69.9003,54224.6,55537.1,5060.87,6.37146e+06,6.36356e+06,0.859586,0.859586,0.859586,0.859586,0.859586,0.859586
34.3941,82.622,34.3891,70.0933,54229.1,55546.5,5062.78,6.3744e+06,6.36653e+06,0.859711,0.859711,0.859711,0.859711,0.859711,0.859711
34.3841,82.6584,34.379,70.3242,54233.7,55556.5,5064.7,6.37734e+06,6.3695e+06,0.859836,0.859836,0.859836,0.859836,0.859836,0.859836
34.3741,82.6948,34.3689,70.5629,54238.4,55566.6,5066.61,6.38028e+06,6.37248e+06,0.859961,0.859961,0.859961,0.859961,0.859961,0.859961
34.3642,82.7311,34.3588,70.8437,54243.1,55577.2,5068.52,6.38322e+06,6.37545e+06,0.860086,0.860086,0.860086,0.860086,0.860086,0.860086
34.3539,82.7678,34.3488,70.9924,54247.9,55586.5,5070.44,6.38616e+06,6.37843e+06,0.860211,0.860211,0.860211,0.860211,0.860211,0.860211
34.3439,82.8043,34.3387,71.2352,54252.5,55596.6,5072.35,6.3891e+06,6.3814e+06,0.860336,0.860336,0.860336,0.860336,0.860336,0.860336
34.3338,82.8409,34.3286,71.4519,54257.8,55607.4,5074.26,6.39204e+06,6.38438e+06,0.860461,0.860461,0.860461,0.860461,0.860461,0.860461
34.324,82.8771,34.3185,71.7344,54261.8,55616.9,5076.17,6.39498e+06,6.38736e+06,0.860586,0.860586,0.860586,0.860586,0.860586,0.860586
34.3142,82.9134,34.3085,71.9894,54265.3,55625.4,5078.08,6.39793e+06,6.39034e+06,0.860711,0.860711,0.860711,0.860711,0.860711,0.860711
34.3042,82.95,34.2984,72.2252,54270.6,55636.3,5079.99,6.40087e+06,6.39332e+06,0.860836,0.860836,0.860836,0.860836,0.860836,0.860836
34.2941,82.9866,34.2884,72.4553,54276.1,55647.6,5081.9,6.40382e+06,6.3963e+06,0.860961,0.860961,0.860961,0.860961,0.860961,0.860961
34.284,83.0233,34.2784,72.6483,54280.4,55656.6,5083.81,6.40676e+06,6.39928e+06,0.861086,0.861086,0.861086,0.861086,0.861086,0.861086
34.2742,83.0596,34.2684,72.884,54284,55664.9,5085.72,6.40971e+06,6.40227e+06,0.861211,0.861211,0.861211,0.861211,0.861211,0.861211
34.2639,83.0964,34.2584,73.0579,54289,55674.7,5087.63,6.41266e+06,6.40525e+06,0.861336,0.861336,0.861336,0.861336,0.861336,0.861336
34.2541,83.1329,34.2484,73.308,54293,55683.8,5089.53,6.4156e+06,6.40824e+06,0.861461,0.861461,0.861461,0.861461,0.861461,0.861461
34.2442,83.1694,34.2384,73.5741,54298,55694.6,5091.44,6.41855e+06,6.41122e+06,0.861586,0.861586,0.861586,0.861586,0.861586,0.861586
34.2341,83.2062,34.2284,73.7692,54302.8,55704.4,5093.35,6.4215e+06,6.41421e+06,0.861711,0.861711,0.861711,0.861711,0.861711,0.861711
34.2242,83.2427,34.2185,74.0132,54306.8,55713.5,5095.25,6.42445e+06,6.4172e+06,0.861836,0.861836,0.861836,0.861836,0.861836,0.861836
34.2145,83.2792,34.2084,74.3223,54312.3,55725.5,5097.16,6.42741e+06,6.42019e+06,0.861961,0.861961,0.861961,0.861961,0.861961,0.861961
34.2044,83.3159,34.1985,74.5232,54316.8,55734.9,5099.06,6.43036e+06,6.42318e+06,0.862086,0.862086,0.862086,0.862086,0.862086,0.862086
34.1944,83.3527,34.1885,74.7816,54323,55747.5,5100.97,6.43331e+06,6.42617e+06,0.862211,0.862211,0.862211,0.862211,0.862211,0.862211
34.1843,83.3895,34.1785,75.0005,54328.6,55758.7,5102.87,6.43627e+06,6.42916e+06,0.862336,0.862336,0.862336,0.862336,0.862336,0.862336
34.1745,83.4262,34.1685,75.2752,54334.3,55770.6,5104.78,6.43922e+06,6.43215e+06,0.862461,0.862461,0.862461,0.862461,0.862461,0.862461
34.1646,83.4628,34.1585,75.5267,54338.8,55780.4,5106.68,6.44218e+06,6.43515e+06,0.862586,0.862586,0.862586,0.862586,0.862586,0.862586
34.1545,83.4998,34.1486,75.726,54344.3,55791.4,5108.58,6.44513e+06,6.43814e+06,0.862711,0.862711,0.862711,0.862711,0.862711,0.862711
34.1445,83.5366,34.1386,75.9634,54349.7,55802.4,5110.48,6.44809e+06,6.44114e+06,0.862836,0.862836,0.862836,0.862836,0.862836,0.862836
34.1344,83.5735,34.1287,76.1933,54356.1,55815,5112.39,6.45105e+06,6.44414e+06,0.862961,0.862961,0.862961,0.862961,0.862961,0.862961
34.1244,83.6104,34.1187,76.4154,54361.1,55825.2,5114.29,6.45401e+06,6.44713e+06,0.863086,0.863086,0.863086,0.863086,0.863086,0.863086
34.1141,83.6475,34.1088,76.6011,54367.5,55837.5,5116.19,6.45697e+06,6.45013e+06,0.863211,0.863211,0.863211,0.863211,0.863211,0.863211
34.1038,83.6846,34.0989,76.7521,54372.8,55847.4,5118.09,6.45993e+06,6.45313e+06,0.863336,0.863336,0.863336,0.863336,0.863336,0.863336
34.0938,83.7215,34.089,76.9739,54378.3,55858.5,5119.99,6.46289e+06,6.45613e+06,0.863461,0.863461,0.863461,0.863461,0.863461,0.863461
34.0839,83.7583,34.0791,77.227,54383.4,55869.2,5121.9,6.46585e+06,6.45914e+06,0.863586,0.863586,0.863586,0.863586,0.863586,0.863586
34.0742,83.7949,34.0692,77.5043,54387.1,55878.1,5123.8,6.46882e+06,6.46214e+06,0.863711,0.863711,0.863711,0.863711,0.863711,0.863711
34.0642,83.8318,34.0594,77.7062,54391.7,55887.4,5125.7,6.47178e+06,6.46514e+06,0.863836,0.863836,0.863836,0.863836,0.863836,0.863836
34.0542,83.8687,34.0495,77.958,54397.5,55899.3,5127.6,6.47474e+06,6.46815e+06,0.863961,0.863961,0.863961,0.863961,0.863961,0.863961
34.0445,83.9054,34.0396,78.237,54401.9,55909.2,5129.5,6.47771e+06,6.47115e+06,0.864086,0.864086,0.864086,0.864086,0.864086,0.864086
34.0346,83.9423,34.0298,78.4734,54406.4,55918.8,5131.4,6.48068e+06,6.47416e+06,0.864211,0.864211,0.864211,0.864211,0.864211,0.864211
34.0246,83.9793,34.0199,78.6923,54411.8,55929.5,5133.29,6.48364e+06,6.47717e+06,0.864336,0.864336,0.864336,0.864336,0.864336,0.864336
34.0145,84.0163,34.0101,78.8809,54417.2,55940.1,5135.19,6.48661e+06,6.48018e+06,0.864461,0.864461,0.864461,0.864461,0.864461,0.864461
34.0048,84.0532,34.0002,79.1595,54422.3,55951.1,5137.09,6.48958e+06,6.48319e+06,0.864586,0.864586,0.864586,0.864586,0.864586,0.864586
33.995,84.09,33.9904,79.435,54426.7,55960.8,5138.99,6.49255e+06,6.4862e+06,0.864711,0.864711,0.864711,0.864711,0.864711,0.864711
33.9853,84.1267,33.9806,79.7276,54431.1,55970.9,5140.89,6.49552e+06,6.48921e+06,0.864836,0.864836,0.864836,0.864836,0.864836,0.864836
33.9753,84.1638,33.9707,79.9485,54436.6,55981.9,5142.79,6.49849e+06,6.49222e+06,0.864961,0.864961,0.864961,0.864961,0.864961,0.864961
33.9656,84.2006,33.9609,80.2303,54440.8,55991.4,5144.68,6.50146e+06,6.49523e+06,0.865086,0.865086,0.865086,0.865086,0.865086,0.865086
33.9558,84.2376,33.9511,80.4951,54446.8,56003.5,5146.58,6.50444e+06,6.49825e+06,0.865211,0.865211,0.865211,0.865211,0.865211,0.865211
33.9459,84.2747,33.9413,80.743,54452.1,56014.5,5148.48,6.50741e+06,6.50126e+06,0.865336,0.865336,0.865336,0.865336,0.865336,0.865336
33.9362,84.3115,33.9315,81.0173,54456.4,56024.1,5150.37,6.51038e+06,6.50428e+06,0.865461,0.865461,0.865461,0.865461,0.865461,0.865461
33.9265,84.3485,33.9217,81.322,54462.3,56036.5,5152.27,6.51336e+06,6.5073e+06,0.865586,0.865586,0.865586,0.865586,0.865586,0.865586
33.9167,84.3855,33.9119,81.5941,54467.8,56048,5154.16,6.51634e+06,6.51032e+06,0.865711,0.865711,0.865711,0.865711,0.865711,0.865711
33.9069,84.4224,33.9022,81.8495,54472.1,56057.5,5156.06,6.51931e+06,6.51334e+06,0.865836,0.865836,0.865836,0.865836,0.865836,0.865836
33.8971,84.4594,33.8925,82.0811,54476.4,56066.6,5157.95,6.52229e+06,6.51636e+06,0.865961,0.865961,0.865961,0.865961,0.865961,0.865961
33.8874,84.4964,33.8827,82.3873,54482.2,56078.9,5159.85,6.52527e+06,6.51938e+06,0.866086,0.866086,0.866086,0.866086,0.866086,0.866086
33.8775,84.5336,33.8729,82.6071,54487.6,56089.6,5161.74,6.52825e+06,6.5224e+06,0.866211,0.866211,0.866211,0.866211,0.866211,0.866211
33.8678,84.5705,33.8632,82.8843,54491.7,56098.8,5163.63,6.53123e+06,6.52542e+06,0.866336,0.866336,0.866336,0.866336,0.866336,0.866336
33.8581,84.6076,33.8534,83.1921,54497.8,56111.6,5165.53,6.53421e+06,6.52845e+06,0.866461,0.866461,0.866461,0.866461,0.866461,0.866461
33.8486,84.6444,33.8438,83.4984,54501.7,56120.8,5167.42,6.53719e+06,6.53147e+06,0.866586,0.866586,0.866586,0.866586,0.866586,0.866586
33.8386,84.6818,33.834,83.7145,54508,56133,5169.31,6.54017e+06,6.5345e+06,0.866711,0.866711,0.866711,0.866711,0.866711,0.866711
33.829,84.7187,33.8244,83.9934,54511.7,56141.7,5171.21,6.54316e+06,6.53753e+06,0.866836,0.866836,0.866836,0.866836,0.866836,0.866836
33.8193,84.7557,33.8147,84.2731,54516.5,56152,5173.1,6.54614e+06,6.54056e+06,0.866961,0.866961,0.866961,0.866961,0.866961,0.866961
33.8095,84.7929,33.805,84.5372,54522.1,56163.5,5174.99,6.54913e+06,6.54359e+06,0.867086,0.867086,0.867086,0.867086,0.867086,0.867086
33.8,84.8298,33.7954,84.8178,54525.5,56171.7,5176.88,6.55211e+06,6.54662e+06,0.867211,0.867211,0.867211,0.867211,0.867211,0.867211
33.7907,84.8665,33.7857,85.2049,54529,56180.9,5178.77,6.5551e+06,6.54965e+06,0.867336,0.867336,0.867336,0.867336,0.867336,0.867336
33.7813,84.9033,33.776,85.5764,54533.5,56191.6,5180.67,6.55809e+06,6.55268e+06,0.867461,0.867461,0.867461,0.867461,0.867461,0.867461
33.7718,84.9402,33.7664,85.884,54537.3,56200.5,5182.56,6.56108e+06,6.55571e+06,0.867586,0.867586,0.867586,0.867586,0.867586,0.867586
33.7621,84.9774,33.7568,86.1457,54542.5,56211.4,5184.45,6.56406e+06,6.55875e+06,0.867711,0.867711,0.867711,0.867711,0.867711,0.867711
33.7523,85.0148,33.747,86.4109,54548.9,56224.2,5186.34,6.56706e+06,6.56178e+06,0.867836,0.867836,0.867836,0.867836,0.867836,0.867836
33.7427,85.0519,33.7374,86.7485,54554.1,56235.6,5188.23,6.57005e+06,6.56482e+06,0.867961,0.867961,0.867961,0.867961,0.867961,0.867961
33.7329,85.0893,33.7277,86.9917,54559.7,56246.9,5190.12,6.57304e+06,6.56786e+06,0.868086,0.868086,0.868086,0.868086,0.868086,0.868086
33.7232,85.1265,33.7181,87.2542,54564.8,56257.6,5192.01,6.57603e+06,6.5709e+06,0.868211,0.868211,0.868211,0.868211,0.868211,0.868211
33.7135,85.1637,33.7085,87.5226,54569.9,56268.3,5193.89,6.57902e+06,6.57394e+06,0.868336,0.868336,0.868336,0.868336,0.868336,0.868336
33.7037,85.201,33.6989,87.7804,54575,56278.9,5195.78,6.58202e+06,6.57698e+06,0.868461,0.868461,0.868461,0.868461,0.868461,0.868461
33.6941,85.2383,33.6893,88.0886,54580.6,56290.8,5197.67,6.58501e+06,6.58002e+06,0.868586,0.868586,0.868586,0.868586,0.868586,0.868586
33.6846,85.2753,33.6797,88.3997,54585,56300.6,5199.56,6.58801e+06,6.58306e+06,0.868711,0.868711,0.868711,0.868711,0.868711,0.868711
33.6746,85.313,33.6702,88.584,54591.1,56312.2,5201.45,6.591e+06,6.5861e+06,0.868836,0.868836,0.868836,0.868836,0.868836,0.868836
33.6649,85.3504,33.6605,88.8588,54597.1,56324.3,5203.34,6.594e+06,6.58915e+06,0.868961,0.868961,0.868961,0.868961,0.868961,0.868961
33.6552,85.3879,33.6509,89.1258,54603.3,56336.8,5205.23,6.597e+06,6.59219e+06,0.869086,0.869086,0.869086,0.869086,0.869086,0.869086
33.6455,85.4253,33.6413,89.3999,54608.9,56348.4,5207.12,6.6e+06,6.59524e+06,0.869211,0.869211,0.869211,0.869211,0.869211,0.869211
33.6357,85.4629,33.6317,89.6542,54615.9,56362,5209,6.603e+06,6.59829e+06,0.869336,0.869336,0.869336,0.869336,0.869336,0.869336
33.6262,85.5001,33.6221,89.9733,54620.5,56372.4,5210.89,6.606e+06,6.60134e+06,0.869461,0.869461,0.869461,0.869461,0.869461,0.869461
33.6168,85.5373,33.6126,90.3249,54625.8,56384.1,5212.78,6.609e+06,6.60439e+06,0.869586,0.869586,0.869586,0.869586,0.869586,0.869586
33.6072,85.5746,33.603,90.631,54631,56395.2,5214.67,6.612e+06,6.60744e+06,0.869711,0.869711,0.869711,0.869711,0.869711,0.869711
33.5976,85.612,33.5935,90.9283,54636.6,56406.9,5216.55,6.61501e+06,6.61049e+06,0.869836,0.869836,0.869836,0.869836,0.869836,0.869836
33.588,85.6495,33.5839,91.2368,54643.2,56420.3,5218.44,6.61801e+06,6.61354e+06,0.869961,0.869961,0.869961,0.869961,0.869961,0.869961
33.5786,85.6868,33.5743,91.5758,54648.4,56431.7,5220.33,6.62101e+06,6.61659e+06,0.870086,0.870086,0.870086,0.870086,0.870086,0.870086
33.5691,85.7241,33.5649,91.8825,54652.8,56441.5,5222.22,6.62402e+06,6.61965e+06,0.870211,0.870211,0.870211,0.870211,0.870211,0.870211
33.5595,85.7615,33.5554,92.1903,54658.5,56453.5,5224.1,6.62703e+06,6.6227e+06,0.870336,0.870336,0.870336,0.870336,0.870336,0.870336
33.5499,85.7991,33.5458,92.4476,54664.7,56465.7,5225.99,6.63003e+06,6.62576e+06,0.870461,0.870461,0.870461,0.870461,0.870461,0.870461
33.5405,85.8363,33.5364,92.7709,54668.6,56475,5227.88,6.63304e+06,6.62882e+06,0.870586,0.870586,0.870586,0.870586,0.870586,0.870586
33.5311,85.8736,33.5269,93.1233,54674,56486.7,5229.76,6.63605e+06,6.63188e+06,0.870711,0.870711,0.870711,0.870711,0.870711,0.870711
33.5215,85.911,33.5175,93.4215,54679.1,56497.6,5231.65,6.63906e+06,6.63494e+06,0.870836,0.870836,0.870836,0.870836,0.870836,0.870836
33.5122,85.9482,33.5081,93.7823,54683.4,56507.7,5233.54,6.64207e+06,6.638e+06,0.870961,0.870961,0.870961,0.870961,0.870961,0.870961
33.5025,85.9859,33.4986,94.0347,54689.5,56519.8,5235.42,6.64508e+06,6.64106e+06,0.871086,0.871086,0.871086,0.871086,0.871086,0.871086
33.493,86.0233,33.4893,94.3081,54693.8,56529.2,5237.31,6.64809e+06,6.64412e+06,0.871211,0.871211,0.871211,0.871211,0.871211,0.871211
33.4835,86.0608,33.4798,94.6051,54699.4,56540.9,5239.19,6.65111e+06,6.64718e+06,0.871336,0.871336,0.871336,0.871336,0.871336,0.871336
33.4742,86.0981,33.4703,95.0013,54704.7,56552.9,5241.08,6.65412e+06,6.65025e+06,0.87146,0.87146,0.87146,0.87146,0.87146,0.87146
33.4647,86.1356,33.4609,95.301,54709.9,56563.8,5242.97,6.65714e+06,6.65331e+06,0.871585,0.871585,0.871585,0.871585,0.871585,0.871585
33.455,86.1734,33.4516,95.4998,54716,56575.5,5244.85,6.66015e+06,6.65638e+06,0.87171,0.87171,0.87171,0.87171,0.87171,0.87171
33.4457,86.2108,33.4421,95.9013,54721.4,56587.7,5246.74,6.66317e+06,6.65945e+06,0.871835,0.871835,0.871835,0.871835,0.871835,0.871835
33.4361,86.2486,33.4326,96.1834,54728,56600.8,5248.63,6.66619e+06,6.66252e+06,0.87196,0.87196,0.87196,0.87196,0.87196,0.87196
33.4264,86.2864,33.4232,96.4148,54734.9,56614.1,5250.51,6.6692e+06,6.66559e+06,0.872085,0.872085,0.872085,0.872085,0.872085,0.872085
33.4171,86.3239,33.4137,96.8054,54740.2,56626,5252.4,6.67222e+06,6.66866e+06,0.87221,0.87221,0.87221,0.87221,0.87221,0.87221
33.4077,86.3612,33.4044,97.1404,54744.2,56635.4,5254.28,6.67524e+06,6.67173e+06,0.872335,0.872335,0.872335,0.872335,0.872335,0.872335
33.3983,86.3988,33.395,97.4835,54750.1,56648,5256.17,6.67826e+06,6.6748e+06,0.87246,0.87246,0.87246,0.87246,0.87246,0.87246
33.389,86.4363,33.3856,97.8186,54755.2,56659,5258.06,6.68128e+06,6.67787e+06,0.872585,0.872585,0.872585,0.872585,0.872585,0.872585
33.3795,86.4741,33.3762,98.1256,54761.7,56672.3,5259.94,6.68431e+06,6.68095e+06,0.87271,0.87271,0.87271,0.87271,0.87271,0.87271
33.3701,86.5117,33.3669,98.4622,54766.9,56683.5,5261.83,6.68733e+06,6.68402e+06,0.872835,0.872835,0.872835,0.872835,0.872835,0.872835
33.3607,86.5493,33.3575,98.7738,54772.4,56695.1,5263.71,6.69035e+06,6.6871e+06,0.87296,0.87296,0.87296,0.87296,0.87296,0.87296
33.3512,86.587,33.3482,99.0654,54778.2,56707,5265.6,6.69338e+06,6.69018e+06,0.873085,0.873085,0.873085,0.873085,0.873085,0.873085
33.3417,86.6249,33.3387,99.3951,54785.6,56721.7,5267.49,6.6964e+06,6.69326e+06,0.87321,0.87321,0.87321,0.87321,0.87321,0.87321
33.3323,86.6627,33.3293,99.7201,54792,56734.9,5269.37,6.69943e+06,6.69634e+06,0.873335,0.873335,0.873335,0.873335,0.873335,0.873335
33.3229,86.7004,33.3199,100.066,54797.7,56747.1,5271.26,6.70246e+06,6.69942e+06,0.87346,0.87346,0.87346,0.87346,0.87346,0.87346
33.3134,86.7382,33.3106,100.367,54804.4,56760.7,5273.14,6.70549e+06,6.7025e+06,0.873585,0.873585,0.873585,0.873585,0.873585,0.873585
33.3041,86.7759,33.3012,100.729,54810.5,56773.5,5275.03,6.70851e+06,6.70558e+06,0.87371,0.87371,0.87371,0.87371,0.87371,0.87371
33.2948,86.8136,33.2919,101.053,54815.5,56784.4,5276.92,6.71154e+06,6.70867e+06,0.873835,0.873835,0.873835,0.873835,0.873835,0.873835
33.2855,86.8512,33.2826,101.421,54820.8,56796.1,5278.8,6.71457e+06,6.71175e+06,0.87396,0.87396,0.87396,0.87396,0.87396,0.87396
33.2762,86.889,33.2733,101.768,54827,56809,5280.69,6.71761e+06,6.71484e+06,0.874085,0.874085,0.874085,0.874085,0.874085,0.874085
33.2669,86.9268,33.264,102.146,54833,56822,5282.57,6.72064e+06,6.71793e+06,0.87421,0.87421,0.87421,0.87421,0.87421,0.87421
33.2575,86.9646,33.2547,102.435,54839,56834.2,5284.46,6.72367e+06,6.72102e+06,0.874335,0.874335,0.874335,0.874335,0.874335,0.874335
33.2482,87.0024,33.2454,102.776,54845.7,56847.8,5286.34,6.72671e+06,6.72411e+06,0.87446,0.87446,0.87446,0.87446,0.87446,0.87446
33.239,87.0401,33.2361,103.175,54850.8,56859.4,5288.23,6.72974e+06,6.7272e+06,0.874585,0.874585,0.874585,0.874585,0.874585,0.874585
33.2299,87.0777,33.2268,103.621,54856,56871.6,5290.12,6.73278e+06,6.73029e+06,0.87471,0.87471,0.87471,0.87471,0.87471,0.87471
33.2207,87.1154,33.2176,103.98,54861.2,56883,5292,6.73581e+06,6.73338e+06,0.874835,0.874835,0.874835,0.874835,0.874835,0.874835
33.2115,87.1531,33.2084,104.375,54866.1,56894.2,5293.89,6.73885e+06,6.73647e+06,0.87496,0.87496,0.87496,0.87496,0.87496,0.87496
33.2024,87.1909,33.1992,104.784,54872.1,56907.2,5295.77,6.74189e+06,6.73957e+06,0.875085,0.875085,0.875085,0.875085,0.875085,0.875085
33.1932,87.2286,33.1899,105.185,54878.1,56920.2,5297.66,6.74493e+06,6.74266e+06,0.87521,0.87521,0.87521,0.87521,0.87521,0.87521
33.1841,87.2663,33.1807,105.594,54882.9,56931.4,5299.55,6.74797e+06,6.74576e+06,0.875335,0.875335,0.875335,0.875335,0.875335,0.875335
33.1749,87.3041,33.1715,105.979,54888.7,56944,5301.43,6.75101e+06,6.74886e+06,0.87546,0.87546,0.87546,0.87546,0.87546,0.87546
33.1657,87.342,33.1624,106.309,54894.1,56955.4,5303.32,6.75405e+06,6.75196e+06,0.875585,0.875585,0.875585,0.875585,0.875585,0.875585
33.1564,87.3799,33.1532,106.62,54899.8,56967.2,5305.2,6.75709e+06,6.75506e+06,0.87571,0.87571,0.87571,0.87571,0.87571,0.87571
33.1471,87.4178,33.144,106.96,54905.8,56979.8,5307.09,6.76014e+06,6.75816e+06,0.875835,0.875835,0.875835,0.875835,0.875835,0.875835
33.1378,87.4558,33.1349,107.262,54911.8,56992.1,5308.98,6.76318e+06,6.76126e+06,0.87596,0.87596,0.87596,0.87596,0.87596,0.87596
33.1287,87.4936,33.1258,107.645,54916.6,57002.9,5310.86,6.76622e+06,6.76436e+06,0.876085,0.876085,0.876085,0.876085,0.876085,0.876085
33.1196,87.5314,33.1167,108.018,54921.6,57014.2,5312.75,6.76927e+06,6.76747e+06,0.87621,0.87621,0.87621,0.87621,0.87621,0.87621
33.1104,87.5693,33.1076,108.37,54927.1,57025.9,5314.64,6.77232e+06,6.77057e+06,0.876335,0.876335,0.876335,0.876335,0.876335,0.876335
33.1012,87.6073,33.0984,108.732,54933.3,57038.9,5316.52,6.77536e+06,6.77368e+06,0.87646,0.87646,0.87646,0.87646,0.87646,0.87646
33.092,87.6451,33.0893,109.114,54938.8,57050.9,5318.41,6.77841e+06,6.77678e+06,0.876585,0.876585,0.876585,0.876585,0.876585,0.876585
33.083,87.683,33.0802,109.548,54944.4,57063.6,5320.3,6.78146e+06,6.77989e+06,0.87671,0.87671,0.87671,0.87671,0.87671,0.87671
33.0739,87.721,33.0709,109.985,54951,57077.8,5322.18,6.78451e+06,6.783e+06,0.876835,0.876835,0.876835,0.876835,0.876835,0.876835
33.0647,87.759,33.0619,110.288,54956.6,57089.3,5324.07,6.78756e+06,6.78611e+06,0.87696,0.87696,0.87696,0.87696,0.87696,0.87696
33.0554,87.7971,33.0528,110.609,54963.1,57102.6,5325.96,6.79061e+06,6.78922e+06,0.877085,0.877085,0.877085,0.877085,0.877085,0.877085
33.0463,87.835,33.0438,110.961,54968.2,57113.6,5327.85,6.79367e+06,6.79234e+06,0.87721,0.87721,0.87721,0.87721,0.87721,0.87721
33.0372,87.873,33.0348,111.33,54973.6,57125.4,5329.74,6.79672e+06,6.79545e+06,0.877335,0.877335,0.877335,0.877335,0.877335,0.877335
33.0282,87.9109,33.0257,111.752,54978.9,57137.3,5331.62,6.79977e+06,6.79856e+06,0.87746,0.87746,0.87746,0.87746,0.87746,0.87746
33.0191,87.9489,33.0167,112.114,54984.6,57149.5,5333.51,6.80283e+06,6.80168e+06,0.877585,0.877585,0.877585,0.877585,0.877585,0.877585
33.01,87.9871,33.0075,112.506,54991.7,57164.3,5335.4,6.80588e+06,6.8048e+06,0.87771,0.87771,0.87771,0.87771,0.87771,0.87771
33.001,88.0249,32.9986,112.918,54996.4,57175.1,5337.29,6.80894e+06,6.80791e+06,0.877835,0.877835,0.877835,0.877835,0.877835,0.877835
32.992,88.0629,32.9896,113.295,55002,57187.2,5339.18,6.812e+06,6.81103e+06,0.87796,0.87796,0.87796,0.87796,0.87796,0.87796
32.9829,88.1011,32.9805,113.673,55008.4,57200.7,5341.07,6.81506e+06,6.81415e+06,0.878085,0.878085,0.878085,0.878085,0.878085,0.878085
32.9738,88.139,32.9716,114.037,55013.4,57211.8,5342.96,6.81812e+06,6.81727e+06,0.87821,0.87821,0.87821,0.87821,0.87821,0.87821
32.9648,88.1771,32.9626,114.457,55019.5,57224.9,5344.85,6.82118e+06,6.82039e+06,0.878335,0.878335,0.878335,0.878335,0.878335,0.878335
32.956,88.2151,32.9535,114.952,55025.3,57238.2,5346.74,6.82424e+06,6.82352e+06,0.87846,0.87846,0.87846,0.87846,0.87846,0.87846
32.947,88.2532,32.9445,115.371,55030.9,57250.7,5348.62,6.8273e+06,6.82664e+06,0.878585,0.878585,0.878585,0.878585,0.878585,0.878585
32.9378,88.2915,32.9355,115.691,55037.9,57264.7,5350.52,6.83036e+06,6.82976e+06,0.87871,0.87871,0.87871,0.87871,0.87871,0.87871
32.9287,88.3296,32.9266,116.033,55043.4,57276.4,5352.41,6.83342e+06,6.83289e+06,0.878835,0.878835,0.878835,0.878835,0.878835,0.878835
32.9198,88.3676,32.9176,116.466,55049.1,57289,5354.3,6.83649e+06,6.83602e+06,0.87896,0.87896,0.87896,0.87896,0.87896,0.87896
32.9109,88.4057,32.9087,116.902,55054.4,57301,5356.19,6.83955e+06,6.83914e+06,0.879085,0.879085,0.879085,0.879085,0.879085,0.879085
32.902,88.4437,32.8998,117.31,55059.9,57313.2,5358.08,6.84262e+06,6.84227e+06,0.87921,0.87921,0.87921,0.87921,0.87921,0.87921
32.893,88.4819,32.8909,117.718,55065.8,57325.9,5359.97,6.84568e+06,6.8454e+06,0.879335,0.879335,0.879335,0.879335,0.879335,0.879335
32.884,88.52,32.882,118.101,55071.5,57338.3,5361.86,6.84875e+06,6.84854e+06,0.87946,0.87946,0.87946,0.87946,0.87946,0.87946
32.8751,88.5583,32.873,118.56,55078.1,57352.6,5363.75,6.85182e+06,6.85167e+06,0.879585,0.879585,0.879585,0.879585,0.879585,0.879585
32.8662,88.5963,32.8641,118.984,55083.1,57364.1,5365.65,6.85489e+06,6.8548e+06,0.87971,0.87971,0.87971,0.87971,0.87971,0.87971
32.8573,88.6344,32.8553,119.404,55088.7,57376.4,5367.54,6.85796e+06,6.85794e+06,0.879835,0.879835,0.879835,0.879835,0.879835,0.879835
32.8485,88.6725,32.8464,119.879,55094,57388.6,5369.43,6.86103e+06,6.86107e+06,0.87996,0.87996,0.87996,0.87996,0.87996,0.87996
32.8394,88.711,32.8374,120.224,55101,57402.8,5371.33,6.8641e+06,6.86421e+06,0.880085,0.880085,0.880085,0.880085,0.880085,0.880085
32.8306,88.7492,32.8285,120.663,55106.9,57415.8,5373.22,6.86718e+06,6.86735e+06,0.88021,0.88021,0.88021,0.88021,0.88021,0.88021
32.8218,88.7872,32.8197,121.132,55112.1,57427.9,5375.11,6.87025e+06,6.87048e+06,0.880335,0.880335,0.880335,0.880335,0.880335,0.880335
32.8129,88.8256,32.8107,121.545,55118.6,57441.7,5377.01,6.87332e+06,6.87362e+06,0.88046,0.88046,0.88046,0.88046,0.88046,0.88046
32.804,88.8639,32.8018,122.006,55124.9,57455.5,5378.9,6.8764e+06,6.87676e+06,0.880585,0.880585,0.880585,0.880585,0.880585,0.880585
32.7951,88.9024,32.7928,122.428,55131.9,57470.2,5380.8,6.87947e+06,6.87991e+06,0.88071,0.88071,0.88071,0.88071,0.88071,0.88071
32.7862,88.9406,32.784,122.838,55137.5,57482.5,5382.69,6.88255e+06,6.88305e+06,0.880835,0.880835,0.880835,0.880835,0.880835,0.880835
32.7774,88.9789,32.7751,123.306,55143.7,57496.2,5384.59,6.88563e+06,6.88619e+06,0.88096,0.88096,0.88096,0.88096,0.88096,0.88096
32.7684,89.0174,32.7662,123.701,55150.6,57510.6,5386.48,6.88871e+06,6.88934e+06,0.881085,0.881085,0.881085,0.881085,0.881085,0.881085
32.7596,89.0558,32.7572,124.169,55157.4,57525.4,5388.38,6.89179e+06,6.89249e+06,0.88121,0.88121,0.88121,0.88121,0.88121,0.88121
32.7507,89.0941,32.7484,124.611,55163,57537.8,5390.28,6.89487e+06,6.89563e+06,0.881335,0.881335,0.881335,0.881335,0.881335,0.881335
32.742,89.1324,32.7395,125.087,55169.3,57551.6,5392.17,6.89795e+06,6.89878e+06,0.88146,0.88146,0.88146,0.88146,0.88146,0.88146
32.733,89.1709,32.7307,125.464,55175.8,57565.2,5394.07,6.90103e+06,6.90193e+06,0.881585,0.881585,0.881585,0.881585,0.881585,0.881585
32.7242,89.2093,32.7219,125.918,55182,57578.8,5395.97,6.90411e+06,6.90508e+06,0.88171,0.88171,0.88171,0.88171,0.88171,0.88171
32.7154,89.2477,32.7131,126.309,55188.1,57591.8,5397.87,6.9072e+06,6.90823e+06,0.881835,0.881835,0.881835,0.881835,0.881835,0.881835
32.7064,89.2862,32.7043,126.663,55194.9,57605.6,5399.77,6.91028e+06,6.91139e+06,0.88196,0.88196,0.88196,0.88196,0.88196,0.88196
32.6975,89.3247,32.6955,127.071,55201.2,57619.2,5401.67,6.91337e+06,6.91454e+06,0.882085,0.882085,0.882085,0.882085,0.882085,0.882085
32.6888,89.3632,32.6866,127.604,55207.9,57634,5403.57,6.91645e+06,6.91769e+06,0.88221,0.88221,0.88221,0.88221,0.88221,0.88221
32.68,89.4016,32.6779,128.043,55213.9,57647.2,5405.47,6.91954e+06,6.92085e+06,0.882335,0.882335,0.882335,0.882335,0.882335,0.882335
32.671,89.4401,32.6692,128.347,55220.5,57660.5,5407.37,6.92263e+06,6.92401e+06,0.88246,0.88246,0.88246,0.88246,0.88246,0.88246
32.6623,89.4786,32.6604,128.783,55226.7,57673.9,5409.27,6.92572e+06,6.92717e+06,0.882585,0.882585,0.882585,0.882585,0.882585,0.882585
32.6535,89.5171,32.6516,129.279,55233.4,57688.6,5411.17,6.92881e+06,6.93032e+06,0.88271,0.88271,0.88271,0.88271,0.88271,0.88271
32.6448,89.5556,32.6428,129.74,55239.9,57702.7,5413.07,6.9319e+06,6.93349e+06,0.882835,0.882835,0.882835,0.882835,0.882835,0.882835
32.6361,89.594,32.6341,130.22,55245.7,57715.7,5414.98,6.93499e+06,6.93665e+06,0.88296,0.88296,0.88296,0.88296,0.88296,0.88296
32.6275,89.6325,32.6253,130.727,55251.8,57729.4,5416.88,6.93808e+06,6.93981e+06,0.883085,0.883085,0.883085,0.883085,0.883085,0.883085
32.6188,89.6709,32.6166,131.2,55257.5,57742.2,5418.78,6.94118e+06,6.94297e+06,0.88321,0.88321,0.88321,0.88321,0.88321,0.88321
32.6102,89.7092,32.608,131.725,55262.8,57754.8,5420.69,6.94427e+06,6.94614e+06,0.883335,0.883335,0.883335,0.883335,0.883335,0.883335
32.6015,89.7477,32.5993,132.201,55268.9,57768.3,5422.59,6.94736e+06,6.9493e+06,0.88346,0.88346,0.88346,0.88346,0.88346,0.88346
32.5927,89.7862,32.5906,132.628,55274.7,57781,5424.5,6.95046e+06,6.95247e+06,0.883585,0.883585,0.883585,0.883585,0.883585,0.883585
32.584,89.8246,32.5821,133.051,55280.4,57793.4,5426.4,6.95356e+06,6.95564e+06,0.88371,0.88371,0.88371,0.88371,0.88371,0.88371
32.5754,89.8632,32.5733,133.55,55286.7,57807.5,5428.31,6.95665e+06,6.95881e+06,0.883835,0.883835,0.883835,0.883835,0.883835,0.883835
32.5667,89.9017,32.5647,134.015,55292.9,57821,5430.22,6.95975e+06,6.96198e+06,0.88396,0.88396,0.88396,0.88396,0.88396,0.88396
32.5582,89.9401,32.5561,134.548,55298.4,57833.9,5432.12,6.96285e+06,6.96515e+06,0.884085,0.884085,0.884085,0.884085,0.884085,0.884085
32.5494,89.9788,32.5474,135.002,55305,57848.1,5434.03,6.96595e+06,6.96832e+06,0.88421,0.88421,0.88421,0.88421,0.88421,0.88421
32.541,90.017,32.5389,135.539,55309.5,57859.3,5435.94,6.96905e+06,6.97149e+06,0.884335,0.884335,0.884335,0.884335,0.884335,0.884335
32.5322,90.0558,32.5303,135.911,55316.6,57873.7,5437.85,6.97215e+06,6.97467e+06,0.88446,0.88446,0.88446,0.88446,0.88446,0.88446
32.5234,90.0946,32.5215,136.356,55324,57889.4,5439.76,6.97526e+06,6.97784e+06,0.884585,0.884585,0.884585,0.884585,0.884585,0.884585
32.5149,90.1333,32.5127,136.919,55330.9,57904.7,5441.67,6.97836e+06,6.98102e+06,0.88471,0.88471,0.88471,0.88471,0.88471,0.88471
32.5065,90.1718,32.504,137.537,55336.6,57918.5,5443.58,6.98146e+06,6.9842e+06,0.884835,0.884835,0.884835,0.884835,0.884835,0.884835
32.4979,90.2102,32.4956,137.985,55342.1,57930.7,5445.49,6.98457e+06,6.98738e+06,0.88496,0.88496,0.88496,0.88496,0.88496,0.88496
32.4893,90.2491,32.4867,138.511,55349.7,57947.1,5447.41,6.98767e+06,6.99056e+06,0.885085,0.885085,0.885085,0.885085,0.885085,0.885085
32.4808,90.2877,32.4782,139.018,55355.7,57960.6,5449.32,6.99078e+06,6.99374e+06,0.88521,0.88521,0.88521,0.88521,0.88521,0.88521
32.4722,90.3265,32.4695,139.54,55362.9,57976.1,5451.23,6.99389e+06,6.99692e+06,0.885334,0.885334,0.885334,0.885334,0.885334,0.885334
32.4633,90.3656,32.4608,139.907,55370.6,57991.7,5453.15,6.997e+06,7.0001e+06,0.885459,0.885459,0.885459,0.885459,0.885459,0.885459
32.4547,90.4044,32.4522,140.367,55377.8,58006.9,5455.06,7.00011e+06,7.00329e+06,0.885584,0.885584,0.885584,0.885584,0.885584,0.885584
32.4461,90.4431,32.4436,140.868,55384.1,58021,5456.98,7.00322e+06,7.00647e+06,0.885709,0.885709,0.885709,0.885709,0.885709,0.885709
32.4375,90.482,32.435,141.295,55391.1,58035.8,5458.89,7.00633e+06,7.00966e+06,0.885834,0.885834,0.885834,0.885834,0.885834,0.885834
32.4287,90.5209,32.4265,141.675,55398.2,58050.2,5460.81,7.00944e+06,7.01285e+06,0.885959,0.885959,0.885959,0.885959,0.885959,0.885959
32.42,90.5598,32.418,142.082,55405,58064.6,5462.73,7.01255e+06,7.01604e+06,0.886084,0.886084,0.886084,0.886084,0.886084,0.886084
32.4115,90.5985,32.4094,142.605,55411.4,58078.8,5464.65,7.01567e+06,7.01923e+06,0.886209,0.886209,0.886209,0.886209,0.886209,0.886209
32.403,90.6372,32.401,143.071,55417.1,58091.5,5466.56,7.01878e+06,7.02242e+06,0.886334,0.886334,0.886334,0.886334,0.886334,0.886334
32.3944,90.676,32.3926,143.515,55423.6,58105.5,5468.48,7.0219e+06,7.02561e+06,0.886459,0.886459,0.886459,0.886459,0.886459,0.886459
32.3859,90.7149,32.384,144.017,55430.4,58120.3,5470.4,7.02501e+06,7.02881e+06,0.886584,0.886584,0.886584,0.886584,0.886584,0.886584
32.3774,90.7537,32.3755,144.487,55437,58134.5,5472.33,7.02813e+06,7.032e+06,0.886709,0.886709,0.886709,0.886709,0.886709,0.886709
32.3688,90.7926,32.3671,144.91,55443.9,58149.1,5474.25,7.03125e+06,7.0352e+06,0.886834,0.886834,0.886834,0.886834,0.886834,0.886834
32.3604,90.8314,32.3585,145.501,55450.2,58163.6,5476.17,7.03437e+06,7.03839e+06,0.886959,0.886959,0.886959,0.886959,0.886959,0.886959
32.3519,90.8702,32.3501,145.955,55456.4,58177.1,5478.09,7.03749e+06,7.04159e+06,0.887084,0.887084,0.887084,0.887084,0.887084,0.887084
32.3432,90.909,32.3419,146.321,55462.5,58189.8,5480.02,7.04061e+06,7.04479e+06,0.887209,0.887209,0.887209,0.887209,0.887209,0.887209
32.3349,90.9476,32.3335,146.877,55467.9,58202.5,5481.95,7.04373e+06,7.04799e+06,0.887334,0.887334,0.887334,0.887334,0.887334,0.887334
32.3264,90.9864,32.3252,147.345,55473.8,58215.7,5483.87,7.04685e+06,7.05119e+06,0.887459,0.887459,0.887459,0.887459,0.887459,0.887459
32.3179,91.0251,32.3171,147.773,55479.3,58227.8,5485.8,7.04998e+06,7.05439e+06,0.887584,0.887584,0.887584,0.887584,0.887584,0.887584
32.3094,91.064,32.3086,148.275,55486,58242.4,5487.73,7.0531e+06,7.0576e+06,0.887709,0.887709,0.887709,0.887709,0.887709,0.887709
32.3009,91.1028,32.3004,148.676,55492.3,58255.7,5489.66,7.05623e+06,7.0608e+06,0.887834,0.887834,0.887834,0.887834,0.887834,0.887834
32.2924,91.1418,32.2918,149.216,55499.2,58271,5491.59,7.05935e+06,7.06401e+06,0.887959,0.887959,0.887959,0.887959,0.887959,0.887959
32.2839,91.1807,32.2837,149.58,55505.6,58284.2,5493.52,7.06248e+06,7.06721e+06,0.888084,0.888084,0.888084,0.888084,0.888084,0.888084
32.2754,91.2197,32.2751,150.123,55512.6,58299.7,5495.45,7.06561e+06,7.07042e+06,0.888209,0.888209,0.888209,0.888209,0.888209,0.888209
32.2671,91.2587,32.2667,150.677,55519.1,58314.3,5497.38,7.06873e+06,7.07363e+06,0.888334,0.888334,0.888334,0.888334,0.888334,0.888334
32.2587,91.2978,32.2581,151.24,55526.4,58330.5,5499.31,7.07186e+06,7.07684e+06,0.888459,0.888459,0.888459,0.888459,0.888459,0.888459
32.2502,91.3369,32.2497,151.736,55533.4,58345.6,5501.25,7.07499e+06,7.08005e+06,0.888584,0.888584,0.888584,0.888584,0.888584,0.888584
32.2418,91.3759,32.2412,152.269,55540.5,58361,5503.18,7.07813e+06,7.08326e+06,0.888709,0.888709,0.888709,0.888709,0.888709,0.888709
32.2335,91.4149,32.2328,152.856,55547.2,58376.1,5505.12,7.08126e+06,7.08648e+06,0.888834,0.888834,0.888834,0.888834,0.888834,0.888834
32.2252,91.4542,32.2241,153.43,55555.1,58393.2,5507.06,7.08439e+06,7.08969e+06,0.888959,0.888959,0.888959,0.888959,0.888959,0.888959
32.2169,91.4932,32.2157,154.011,55561.5,58407.8,5509,7.08752e+06,7.0929e+06,0.889084,0.889084,0.889084,0.889084,0.889084,0.889084
32.2084,91.5322,32.2075,154.461,55568.3,58422.4,5510.93,7.09066e+06,7.09612e+06,0.889209,0.889209,0.889209,0.889209,0.889209,0.889209
32.1999,91.5714,32.1992,154.853,55575.5,58437.3,5512.87,7.09379e+06,7.09934e+06,0.889334,0.889334,0.889334,0.889334,0.889334,0.889334
32.1915,91.6107,32.1906,155.384,55583.8,58454.8,5514.81,7.09693e+06,7.10256e+06,0.889459,0.889459,0.889459,0.889459,0.889459,0.889459
32.1831,91.6499,32.1823,155.851,55591,58470.1,5516.75,7.10007e+06,7.10578e+06,0.889584,0.889584,0.889584,0.889584,0.889584,0.889584
32.1746,91.6892,32.1739,156.251,55599,58486.4,5518.7,7.10321e+06,7.109e+06,0.889709,0.889709,0.889709,0.889709,0.889709,0.889709
32.1663,91.7282,32.1656,156.838,55605.2,58500.7,5520.64,7.10635e+06,7.11222e+06,0.889834,0.889834,0.889834,0.889834,0.889834,0.889834
32.158,91.7674,32.1573,157.313,55612.4,58516.1,5522.58,7.10949e+06,7.11545e+06,0.889959,0.889959,0.889959,0.889959,0.889959,0.889959
32.1496,91.8067,32.1489,157.804,55620.3,58532.7,5524.53,7.11263e+06,7.11867e+06,0.890084,0.890084,0.890084,0.890084,0.890084,0.890084
32.1413,91.8457,32.1407,158.327,55626.5,58546.6,5526.48,7.11577e+06,7.1219e+06,0.890209,0.890209,0.890209,0.890209,0.890209,0.890209
32.133,91.8849,32.1324,158.823,55633.3,58561.3,5528.43,7.11891e+06,7.12513e+06,0.890334,0.890334,0.890334,0.890334,0.890334,0.890334
32.1247,91.9239,32.1243,159.315,55639.6,58575.1,5530.38,7.12205e+06,7.12835e+06,0.890459,0.890459,0.890459,0.890459,0.890459,0.890459
32.1165,91.963,32.116,159.953,55646,58590,5532.33,7.1252e+06,7.13158e+06,0.890584,0.890584,0.890584,0.890584,0.890584,0.890584
32.1082,92.0022,32.1077,160.467,55653,58605.4,5534.28,7.12834e+06,7.13481e+06,0.890709,0.890709,0.890709,0.890709,0.890709,0.890709
32.1,92.0413,32.0995,161.09,55659.2,58619.8,5536.23,7.13149e+06,7.13805e+06,0.890834,0.890834,0.890834,0.890834,0.890834,0.890834
32.0919,92.0804,32.0913,161.685,55665.3,58633.9,5538.18,7.13464e+06,7.14128e+06,0.890959,0.890959,0.890959,0.890959,0.890959,0.890959
32.0836,92.1194,32.0832,162.258,55671.3,58647.8,5540.14,7.13779e+06,7.14451e+06,0.891084,0.891084,0.891084,0.891084,0.891084,0.891084
32.0754,92.1586,32.075,162.797,55678.1,58662.7,5542.09,7.14093e+06,7.14775e+06,0.891209,0.891209,0.891209,0.891209,0.891209,0.891209
32.0671,92.1977,32.067,163.264,55684.3,58676.2,5544.05,7.14408e+06,7.15098e+06,0.891334,0.891334,0.891334,0.891334,0.891334,0.891334
32.0589,92.2368,32.0588,163.799,55690.9,58690.9,5546.01,7.14723e+06,7.15422e+06,0.891459,0.891459,0.891459,0.891459,0.891459,0.891459
32.0508,92.276,32.0506,164.469,55697.3,58705.9,5547.96,7.15039e+06,7.15746e+06,0.891584,0.891584,0.891584,0.891584,0.891584,0.891584
32.0424,92.3154,32.0424,164.904,55705.1,58722.1,5549.92,7.15354e+06,7.1607e+06,0.891709,0.891709,0.891709,0.891709,0.891709,0.891709
32.0341,92.3549,32.0341,165.385,55713,58738.8,5551.89,7.15669e+06,7.16394e+06,0.891834,0.891834,0.891834,0.891834,0.891834,0.891834
32.0258,92.3942,32.0259,165.876,55720.4,58754.5,5553.85,7.15985e+06,7.16718e+06,0.891959,0.891959,0.891959,0.891959,0.891959,0.891959
32.0177,92.4333,32.0178,166.489,55726.3,58768.3,5555.81,7.163e+06,7.17042e+06,0.892084,0.892084,0.892084,0.892084,0.892084,0.892084
32.0096,92.4725,32.0097,167.084,55732.8,58783.2,5557.77,7.16616e+06,7.17367e+06,0.892209,0.892209,0.892209,0.892209,0.892209,0.892209
32.0014,92.5118,32.0016,167.575,55739.8,58798.3,5559.74,7.16931e+06,7.17691e+06,0.892334,0.892334,0.892334,0.892334,0.892334,0.892334
31.9933,92.5512,31.9933,168.222,55747,58814.6,5561.71,7.17247e+06,7.18016e+06,0.892459,0.892459,0.892459,0.892459,0.892459,0.892459
31.9851,92.5907,31.9851,168.805,55754.5,58831,5563.67,7.17563e+06,7.18341e+06,0.892584,0.892584,0.892584,0.892584,0.892584,0.892584
31.9769,92.63,31.977,169.263,55761.8,58846.4,5565.64,7.17879e+06,7.18666e+06,0.892709,0.892709,0.892709,0.892709,0.892709,0.892709
31.9688,92.6693,31.969,169.826,55768.2,58860.9,5567.61,7.18195e+06,7.18991e+06,0.892834,0.892834,0.892834,0.892834,0.892834,0.892834
31.9607,92.7086,31.961,170.373,55775.2,58876.2,5569.58,7.18511e+06,7.19316e+06,0.892959,0.892959,0.892959,0.892959,0.892959,0.892959
31.9525,92.7482,31.9527,170.939,55783,58893.1,5571.56,7.18827e+06,7.19641e+06,0.893084,0.893084,0.893084,0.893084,0.893084,0.893084
31.9444,92.7875,31.9447,171.446,55789.8,58908.1,5573.53,7.19143e+06,7.19966e+06,0.893209,0.893209,0.893209,0.893209,0.893209,0.893209
31.9363,92.8268,31.9368,172.015,55796.4,58922.8,5575.51,7.1946e+06,7.20292e+06,0.893334,0.893334,0.893334,0.893334,0.893334,0.893334
31.9283,92.8661,31.9288,172.585,55803,58937.6,5577.48,7.19776e+06,7.20617e+06,0.893459,0.893459,0.893459,0.893459,0.893459,0.893459
31.9203,92.9056,31.9206,173.289,55810.2,58954.3,5579.46,7.20093e+06,7.20943e+06,0.893584,0.893584,0.893584,0.893584,0.893584,0.893584
31.9123,92.9449,31.9126,173.944,55816.3,58968.7,5581.44,7.20409e+06,7.21269e+06,0.893709,0.893709,0.893709,0.893709,0.893709,0.893709
31.9043,92.9843,31.9046,174.497,55823.3,58984,5583.42,7.20726e+06,7.21595e+06,0.893834,0.893834,0.893834,0.893834,0.893834,0.893834
31.8961,93.0239,31.8965,174.988,55831.3,59000.9,5585.4,7.21043e+06,7.21921e+06,0.893959,0.893959,0.893959,0.893959,0.893959,0.893959
31.8881,93.0635,31.8885,175.568,55838.6,59017.1,5587.38,7.2136e+06,7.22247e+06,0.894084,0.894084,0.894084,0.894084,0.894084,0.894084
31.8802,93.1028,31.8805,176.305,55844.8,59032,5589.37,7.21677e+06,7.22573e+06,0.894209,0.894209,0.894209,0.894209,0.894209,0.894209
31.8722,93.1424,31.8723,176.964,55852.2,59048.8,5591.35,7.21994e+06,7.229e+06,0.894334,0.894334,0.894334,0.894334,0.894334,0.894334
31.8642,93.1818,31.8644,177.474,55859.3,59064.1,5593.34,7.22311e+06,7.23226e+06,0.894459,0.894459,0.894459,0.894459,0.894459,0.894459
31.8562,93.2214,31.8564,178.107,55866.3,59080.1,5595.33,7.22628e+06,7.23553e+06,0.894584,0.894584,0.894584,0.894584,0.894584,0.894584
31.8482,93.2608,31.8484,178.709,55873.3,59095.8,5597.31,7.22946e+06,7.2388e+06,0.894709,0.894709,0.894709,0.894709,0.894709,0.894709
31.8402,93.3005,31.8403,179.342,55880.9,59112.8,5599.31,7.23263e+06,7.24206e+06,0.894834,0.894834,0.894834,0.894834,0.894834,0.894834
31.8322,93.3402,31.8322,179.94,55888.5,59129.5,5601.3,7.23581e+06,7.24533e+06,0.894959,0.894959,0.894959,0.894959,0.894959,0.894959
31.8241,93.3799,31.8242,180.436,55896.8,59147,5603.29,7.23898e+06,7.2486e+06,0.895084,0.895084,0.895084,0.895084,0.895084,0.895084
31.8162,93.4194,31.8163,181.025,55903.5,59162,5605.29,7.24216e+06,7.25188e+06,0.895209,0.895209,0.895209,0.895209,0.895209,0.895209
31.8083,93.459,31.8082,181.744,55910.9,59179,5607.28,7.24534e+06,7.25515e+06,0.895334,0.895334,0.895334,0.895334,0.895334,0.895334
31.8004,93.4986,31.8002,182.388,55917.9,59195,5609.28,7.24852e+06,7.25842e+06,0.895459,0.895459,0.895459,0.895459,0.895459,0.895459
31.7924,93.5382,31.7923,182.968,55925.2,59211,5611.28,7.2517e+06,7.2617e+06,0.895584,0.895584,0.895584,0.895584,0.895584,0.895584
31.7844,93.5778,31.7845,183.457,55932.4,59226.6,5613.28,7.25488e+06,7.26498e+06,0.895709,0.895709,0.895709,0.895709,0.895709,0.895709
31.7765,93.6172,31.7767,184.086,55938.6,59240.9,5615.28,7.25806e+06,7.26825e+06,0.895834,0.895834,0.895834,0.895834,0.895834,0.895834
31.7685,93.6568,31.7689,184.615,55946,59256.9,5617.29,7.26124e+06,7.27153e+06,0.895959,0.895959,0.895959,0.895959,0.895959,0.895959
31.7607,93.6964,31.7609,185.337,55952.8,59272.9,5619.29,7.26442e+06,7.27481e+06,0.896084,0.896084,0.896084,0.896084,0.896084,0.896084
31.7528,93.7357,31.7533,185.93,55958.6,59286.4,5621.3,7.26761e+06,7.2781e+06,0.896209,0.896209,0.896209,0.896209,0.896209,0.896209
31.7449,93.7757,31.7453,186.508,55967,59304.5,5623.3,7.27079e+06,7.28138e+06,0.896334,0.896334,0.896334,0.896334,0.896334,0.896334
31.737,93.8153,31.7374,187.109,55974.1,59320.4,5625.31,7.27398e+06,7.28466e+06,0.896459,0.896459,0.896459,0.896459,0.896459,0.896459
31.729,93.855,31.7296,187.648,55981.6,59336.6,5627.33,7.27717e+06,7.28795e+06,0.896584,0.896584,0.896584,0.896584,0.896584,0.896584
31.7211,93.895,31.7215,188.24,55990.1,59355.1,5629.34,7.28035e+06,7.29123e+06,0.896709,0.896709,0.896709,0.896709,0.896709,0.896709
31.7132,93.9346,31.7139,188.78,55997,59370.2,5631.35,7.28354e+06,7.29452e+06,0.896834,0.896834,0.896834,0.896834,0.896834,0.896834
31.7054,93.9741,31.7062,189.403,56003.5,59385,5633.37,7.28673e+06,7.29781e+06,0.896959,0.896959,0.896959,0.896959,0.896959,0.896959
31.6975,94.0138,31.6984,189.985,56011,59401.6,5635.38,7.28992e+06,7.3011e+06,0.897084,0.897084,0.897084,0.897084,0.897084,0.897084
31.6898,94.0537,31.6904,190.671,56018.7,59419.1,5637.4,7.29311e+06,7.30439e+06,0.897209,0.897209,0.897209,0.897209,0.897209,0.897209
31.6819,94.0935,31.6826,191.243,56026.2,59435.4,5639.42,7.29631e+06,7.30768e+06,0.897334,0.897334,0.897334,0.897334,0.897334,0.897334
31.6741,94.1334,31.6747,191.859,56034.2,59453.1,5641.45,7.2995e+06,7.31097e+06,0.897459,0.897459,0.897459,0.897459,0.897459,0.897459
31.6662,94.1731,31.667,192.432,56041.3,59468.8,5643.47,7.30269e+06,7.31427e+06,0.897584,0.897584,0.897584,0.897584,0.897584,0.897584
31.6584,94.213,31.6593,192.988,56049,59485.6,5645.5,7.30589e+06,7.31756e+06,0.897709,0.897709,0.897709,0.897709,0.897709,0.897709
31.6507,94.2525,31.6516,193.722,56055.2,59500.4,5647.52,7.30908e+06,7.32086e+06,0.897834,0.897834,0.897834,0.897834,0.897834,0.897834
31.6429,94.2923,31.6439,194.323,56062.3,59516.4,5649.55,7.31228e+06,7.32416e+06,0.897959,0.897959,0.897959,0.897959,0.897959,0.897959
31.6351,94.3321,31.6362,194.935,56069.7,59532.8,5651.58,7.31548e+06,7.32746e+06,0.898084,0.898084,0.898084,0.898084,0.898084,0.898084
31.6274,94.3721,31.6282,195.661,56077.8,59551.1,5653.61,7.31868e+06,7.33076e+06,0.898209,0.898209,0.898209,0.898209,0.898209,0.898209
31.6197,94.412,31.6205,196.332,56085,59567.7,5655.65,7.32188e+06,7.33406e+06,0.898334,0.898334,0.898334,0.898334,0.898334,0.898334
31.6119,94.4521,31.6125,196.911,56093.8,59586.4,5657.68,7.32508e+06,7.33736e+06,0.898459,0.898459,0.898459,0.898459,0.898459,0.898459
31.6042,94.492,31.6048,197.588,56101.1,59603.1,5659.72,7.32828e+06,7.34067e+06,0.898584,0.898584,0.898584,0.898584,0.898584,0.898584
31.5964,94.5317,31.5973,198.124,56108.2,59618.6,5661.76,7.33148e+06,7.34397e+06,0.898709,0.898709,0.898709,0.898709,0.898709,0.898709
31.5887,94.5717,31.5894,198.839,56116,59636.3,5663.8,7.33468e+06,7.34728e+06,0.898834,0.898834,0.898834,0.898834,0.898834,0.898834
31.581,94.6116,31.5818,199.529,56123.1,59652.7,5665.84,7.33789e+06,7.35058e+06,0.898959,0.898959,0.898959,0.898959,0.898959,0.898959
31.5734,94.6516,31.574,200.185,56130.9,59670.2,5667.88,7.34109e+06,7.35389e+06,0.899083,0.899083,0.899083,0.899083,0.899083,0.899083
31.5657,94.6915,31.5663,200.856,56138.4,59687,5669.93,7.3443e+06,7.3572e+06,0.899208,0.899208,0.899208,0.899208,0.899208,0.899208
31.5581,94.7314,31.5587,201.579,56145.4,59703.4,5671.98,7.3475e+06,7.36052e+06,0.899333,0.899333,0.899333,0.899333,0.899333,0.899333
31.5505,94.7714,31.5509,202.288,56153.1,59721,5674.02,7.35071e+06,7.36383e+06,0.899458,0.899458,0.899458,0.899458,0.899458,0.899458
31.5427,94.8115,31.5432,202.844,56161.5,59739,5676.08,7.35392e+06,7.36714e+06,0.899583,0.899583,0.899583,0.899583,0.899583,0.899583
31.535,94.8516,31.5355,203.499,56169.5,59756.8,5678.13,7.35713e+06,7.37046e+06,0.899708,0.899708,0.899708,0.899708,0.899708,0.899708
31.5273,94.8917,31.5278,204.031,56177.8,59774.4,5680.18,7.36034e+06,7.37377e+06,0.899833,0.899833,0.899833,0.899833,0.899833,0.899833
31.5197,94.9318,31.5201,204.679,56186,59792.6,5682.24,7.36355e+06,7.37709e+06,0.899958,0.899958,0.899958,0.899958,0.899958,0.899958
31.5121,94.9716,31.5126,205.418,56192.4,59808,5684.3,7.36676e+06,7.38041e+06,0.900083,0.900083,0.900083,0.900083,0.900083,0.900083
31.5045,95.0115,31.5052,206.006,56199.4,59823.6,5686.36,7.36998e+06,7.38373e+06,0.900208,0.900208,0.900208,0.900208,0.900208,0.900208
31.4968,95.0515,31.4976,206.652,56207,59840.6,5688.42,7.37319e+06,7.38705e+06,0.900333,0.900333,0.900333,0.900333,0.900333,0.900333
31.4892,95.0915,31.4901,207.201,56214.7,59857.4,5690.48,7.3764e+06,7.39037e+06,0.900458,0.900458,0.900458,0.900458,0.900458,0.900458
31.4816,95.1318,31.4823,207.857,56223.2,59876.1,5692.55,7.37962e+06,7.39369e+06,0.900583,0.900583,0.900583,0.900583,0.900583,0.900583
31.474,95.1719,31.4747,208.601,56230.8,59893.6,5694.62,7.38284e+06,7.39702e+06,0.900708,0.900708,0.900708,0.900708,0.900708,0.900708
31.4665,95.2117,31.4673,209.374,56237.1,59908.9,5696.69,7.38605e+06,7.40034e+06,0.900833,0.900833,0.900833,0.900833,0.900833,0.900833
31.4589,95.2519,31.4597,209.992,56245.3,59927,5698.76,7.38927e+06,7.40367e+06,0.900958,0.900958,0.900958,0.900958,0.900958,0.900958
31.4514,95.292,31.4522,210.702,56252.7,59943.9,5700.83,7.39249e+06,7.407e+06,0.901083,0.901083,0.901083,0.901083,0.901083,0.901083
31.4438,95.3323,31.4445,211.335,56261.4,59962.8,5702.91,7.39571e+06,7.41033e+06,0.901208,0.901208,0.901208,0.901208,0.901208,0.901208
31.4363,95.3726,31.4368,211.989,56269.7,59981.2,5704.98,7.39893e+06,7.41366e+06,0.901333,0.901333,0.901333,0.901333,0.901333,0.901333
31.4286,95.413,31.4291,212.543,56279.1,60001.1,5707.06,7.40216e+06,7.41699e+06,0.901458,0.901458,0.901458,0.901458,0.901458,0.901458
31.4211,95.4534,31.4213,213.172,56288.2,60020.8,5709.15,7.40538e+06,7.42032e+06,0.901583,0.901583,0.901583,0.901583,0.901583,0.901583
31.4136,95.4936,31.4138,213.925,56295.6,60038.1,5711.23,7.4086e+06,7.42366e+06,0.901708,0.901708,0.901708,0.901708,0.901708,0.901708
31.4061,95.534,31.406,214.791,56304,60057.7,5713.31,7.41183e+06,7.42699e+06,0.901833,0.901833,0.901833,0.901833,0.901833,0.901833
31.3986,95.5741,31.3986,215.423,56311.4,60074.3,5715.4,7.41505e+06,7.43033e+06,0.901958,0.901958,0.901958,0.901958,0.901958,0.901958
31.3912,95.6138,31.3916,216.114,56316.8,60087.6,5717.49,7.41828e+06,7.43367e+06,0.902083,0.902083,0.902083,0.902083,0.902083,0.902083
31.3837,95.6537,31.3843,216.766,56323.6,60103.2,5719.58,7.42151e+06,7.43701e+06,0.902208,0.902208,0.902208,0.902208,0.902208,0.902208
31.3763,95.694,31.3768,217.527,56331.3,60120.9,5721.68,7.42474e+06,7.44035e+06,0.902333,0.902333,0.902333,0.902333,0.902333,0.902333
31.3688,95.7342,31.3693,218.221,56339.1,60138.6,5723.77,7.42796e+06,7.44369e+06,0.902458,0.902458,0.902458,0.902458,0.902458,0.902458
31.3614,95.7743,31.362,218.925,56346.1,60154.8,5725.87,7.4312e+06,7.44703e+06,0.902583,0.902583,0.902583,0.902583,0.902583,0.902583
31.3539,95.8146,31.3545,219.585,56354.2,60172.8,5727.97,7.43443e+06,7.45038e+06,0.902708,0.902708,0.902708,0.902708,0.902708,0.902708
31.3463,95.855,31.347,220.134,56362.8,60191.4,5730.07,7.43766e+06,7.45372e+06,0.902833,0.902833,0.902833,0.902833,0.902833,0.902833
31.3389,95.8952,31.3397,220.75,56370.5,60208.5,5732.18,7.44089e+06,7.45707e+06,0.902958,0.902958,0.902958,0.902958,0.902958,0.902958
31.3315,95.9357,31.332,221.57,56378.9,60227.9,5734.28,7.44413e+06,7.46042e+06,0.903083,0.903083,0.903083,0.903083,0.903083,0.903083
31.3241,95.976,31.3245,222.327,56386.9,60246.2,5736.39,7.44736e+06,7.46377e+06,0.903208,0.903208,0.903208,0.903208,0.903208,0.903208
31.3167,96.0163,31.3171,223.192,56394.1,60263.6,5738.5,7.4506e+06,7.46712e+06,0.903333,0.903333,0.903333,0.903333,0.903333,0.903333
31.3094,96.0565,31.3097,223.973,56401.7,60281.1,5740.62,7.45383e+06,7.47047e+06,0.903458,0.903458,0.903458,0.903458,0.903458,0.903458
31.302,96.097,31.3022,224.647,56410.2,60300,5742.73,7.45707e+06,7.47382e+06,0.903583,0.903583,0.903583,0.903583,0.903583,0.903583
31.2946,96.1373,31.2949,225.317,56417.9,60317.5,5744.85,7.46031e+06,7.47717e+06,0.903708,0.903708,0.903708,0.903708,0.903708,0.903708
31.2872,96.1775,31.2876,225.988,56425.3,60334.2,5746.97,7.46355e+06,7.48053e+06,0.903833,0.903833,0.903833,0.903833,0.903833,0.903833
31.2799,96.2177,31.2804,226.742,56432.4,60350.9,5749.09,7.46679e+06,7.48389e+06,0.903958,0.903958,0.903958,0.903958,0.903958,0.903958
31.2725,96.2581,31.273,227.489,56440.1,60368.7,5751.21,7.47003e+06,7.48724e+06,0.904083,0.904083,0.904083,0.904083,0.904083,0.904083
31.2651,96.2984,31.2658,228.125,56447.6,60385.5,5753.34,7.47327e+06,7.4906e+06,0.904208,0.904208,0.904208,0.904208,0.904208,0.904208
31.2578,96.3388,31.2585,228.873,56455.5,60403.5,5755.47,7.47652e+06,7.49396e+06,0.904333,0.904333,0.904333,0.904333,0.904333,0.904333
31.2504,96.3793,31.2511,229.491,56464.2,60422.5,5757.6,7.47976e+06,7.49732e+06,0.904458,0.904458,0.904458,0.904458,0.904458,0.904458
31.2431,96.4199,31.2436,230.274,56472.8,60442.1,5759.73,7.483e+06,7.50069e+06,0.904583,0.904583,0.904583,0.904583,0.904583,0.904583
31.2358,96.4602,31.2364,230.961,56480.2,60459,5761.87,7.48625e+06,7.50405e+06,0.904708,0.904708,0.904708,0.904708,0.904708,0.904708
31.2285,96.5005,31.2294,231.599,56487.3,60475.3,5764.01,7.4895e+06,7.50741e+06,0.904833,0.904833,0.904833,0.904833,0.904833,0.904833
31.2212,96.5408,31.2221,232.403,56494.9,60493,5766.15,7.49274e+06,7.51078e+06,0.904958,0.904958,0.904958,0.904958,0.904958,0.904958
31.2139,96.5814,31.2147,233.105,56503.4,60512,5768.29,7.49599e+06,7.51415e+06,0.905083,0.905083,0.905083,0.905083,0.905083,0.905083
31.2065,96.622,31.2074,233.673,56512.3,60531.3,5770.44,7.49924e+06,7.51752e+06,0.905208,0.905208,0.905208,0.905208,0.905208,0.905208
31.1992,96.6627,31.2,234.341,56521.1,60550.8,5772.58,7.50249e+06,7.52089e+06,0.905333,0.905333,0.905333,0.905333,0.905333,0.905333
31.192,96.7033,31.1927,235.102,56529.4,60569.6,5774.73,7.50574e+06,7.52426e+06,0.905458,0.905458,0.905458,0.905458,0.905458,0.905458
31.1847,96.7438,31.1854,235.734,56537.9,60588.2,5776.88,7.509e+06,7.52763e+06,0.905583,0.905583,0.905583,0.905583,0.905583,0.905583
31.1774,96.7845,31.178,236.459,56546.8,60608.1,5779.04,7.51225e+06,7.531e+06,0.905708,0.905708,0.905708,0.905708,0.905708,0.905708
31.1702,96.825,31.1709,237.262,56554.1,60625.5,5781.2,7.5155e+06,7.53438e+06,0.905833,0.905833,0.905833,0.905833,0.905833,0.905833
31.163,96.8654,31.1637,237.992,56561.8,60643.1,5783.36,7.51876e+06,7.53776e+06,0.905958,0.905958,0.905958,0.905958,0.905958,0.905958
31.1557,96.906,31.1565,238.638,56570.1,60661.5,5785.52,7.52202e+06,7.54113e+06,0.906083,0.906083,0.906083,0.906083,0.906083,0.906083
31.1485,96.9466,31.1493,239.354,56578.6,60680.6,5787.68,7.52527e+06,7.54451e+06,0.906208,0.906208,0.906208,0.906208,0.906208,0.906208
31.1413,96.9874,31.1419,240.094,56587.4,60700.5,5789.85,7.52853e+06,7.54789e+06,0.906333,0.906333,0.906333,0.906333,0.906333,0.906333
31.1341,97.0277,31.1349,240.842,56594.4,60717,5792.02,7.53179e+06,7.55127e+06,0.906458,0.906458,0.906458,0.906458,0.906458,0.906458
31.1269,97.0685,31.1277,241.537,56603.2,60736.5,5794.19,7.53505e+06,7.55466e+06,0.906583,0.906583,0.906583,0.906583,0.906583,0.906583
31.1198,97.1088,31.1207,242.389,56610,60753.1,5796.36,7.53831e+06,7.55804e+06,0.906708,0.906708,0.906708,0.906708,0.906708,0.906708
31.1126,97.1496,31.1134,243.146,56618.6,60772.6,5798.54,7.54157e+06,7.56143e+06,0.906833,0.906833,0.906833,0.906833,0.906833,0.906833
31.1055,97.1901,31.1063,244.033,56625.9,60790.3,5800.72,7.54483e+06,7.56481e+06,0.906958,0.906958,0.906958,0.906958,0.906958,0.906958
31.0984,97.2307,31.0991,244.84,56633.9,60808.8,5802.9,7.5481e+06,7.5682e+06,0.907083,0.907083,0.907083,0.907083,0.907083,0.907083
31.0913,97.2713,31.092,245.644,56641.6,60826.9,5805.09,7.55136e+06,7.57159e+06,0.907208,0.907208,0.907208,0.907208,0.907208,0.907208
31.0842,97.3121,31.0848,246.472,56650.1,60846.5,5807.27,7.55463e+06,7.57498e+06,0.907333,0.907333,0.907333,0.907333,0.907333,0.907333
31.077,97.3528,31.0777,247.186,56658.4,60865.4,5809.46,7.55789e+06,7.57837e+06,0.907458,0.907458,0.907458,0.907458,0.907458,0.907458
31.0699,97.3937,31.0704,247.952,56667.1,60885.1,5811.66,7.56116e+06,7.58176e+06,0.907583,0.907583,0.907583,0.907583,0.907583,0.907583
31.0628,97.4346,31.0631,248.747,56676.2,60905.6,5813.85,7.56443e+06,7.58516e+06,0.907708,0.907708,0.907708,0.907708,0.907708,0.907708
31.0557,97.4755,31.0558,249.508,56685.4,60926.4,5816.05,7.5677e+06,7.58855e+06,0.907833,0.907833,0.907833,0.907833,0.907833,0.907833
31.0487,97.5159,31.049,250.412,56691.9,60942.6,5818.25,7.57097e+06,7.59195e+06,0.907958,0.907958,0.907958,0.907958,0.907958,0.907958
31.0415,97.5568,31.0417,251.106,56701.1,60963,5820.45,7.57424e+06,7.59535e+06,0.908083,0.908083,0.908083,0.908083,0.908083,0.908083
31.0345,97.5973,31.0349,251.85,56708.3,60979.8,5822.66,7.57751e+06,7.59875e+06,0.908208,0.908208,0.908208,0.908208,0.908208,0.908208
31.0275,97.638,31.0279,252.715,56715.8,60997.8,5824.87,7.58078e+06,7.60215e+06,0.908333,0.908333,0.908333,0.908333,0.908333,0.908333
31.0204,97.6789,31.0207,253.519,56724.4,61017.4,5827.08,7.58406e+06,7.60555e+06,0.908458,0.908458,0.908458,0.908458,0.908458,0.908458
31.0133,97.7197,31.0137,254.258,56732.9,61036.8,5829.29,7.58733e+06,7.60895e+06,0.908583,0.908583,0.908583,0.908583,0.908583,0.908583
31.0063,97.7603,31.0068,255.061,56740.4,61054.4,5831.51,7.59061e+06,7.61236e+06,0.908708,0.908708,0.908708,0.908708,0.908708,0.908708
30.9993,97.8014,30.9995,255.828,56749.7,61075.3,5833.73,7.59388e+06,7.61576e+06,0.908833,0.908833,0.908833,0.908833,0.908833,0.908833
30.9922,97.842,30.9927,256.588,56757.2,61092.9,5835.95,7.59716e+06,7.61917e+06,0.908958,0.908958,0.908958,0.908958,0.908958,0.908958
30.9853,97.8831,30.9853,257.506,56766.6,61114.6,5838.18,7.60044e+06,7.62258e+06,0.909083,0.909083,0.909083,0.909083,0.909083,0.909083
30.9783,97.9239,30.9784,258.326,56774.6,61133.2,5840.41,7.60372e+06,7.62599e+06,0.909208,0.909208,0.909208,0.909208,0.909208,0.909208
30.9713,97.9649,30.9712,259.141,56783.6,61153.9,5842.64,7.607e+06,7.6294e+06,0.909333,0.909333,0.909333,0.909333,0.909333,0.909333
30.9643,98.0055,30.9644,259.971,56790.5,61170.6,5844.87,7.61028e+06,7.63281e+06,0.909458,0.909458,0.909458,0.909458,0.909458,0.909458
30.9574,98.0462,30.9575,260.815,56798.3,61189,5847.11,7.61356e+06,7.63622e+06,0.909583,0.909583,0.909583,0.909583,0.909583,0.909583
30.9504,98.087,30.9507,261.563,56806.3,61207.3,5849.35,7.61684e+06,7.63964e+06,0.909708,0.909708,0.909708,0.909708,0.909708,0.909708
30.9434,98.1282,30.9435,262.346,56815.7,61228.4,5851.59,7.62013e+06,7.64305e+06,0.909833,0.909833,0.909833,0.909833,0.909833,0.909833
30.9366,98.1688,30.9367,263.239,56822.8,61245.8,5853.84,7.62341e+06,7.64647e+06,0.909958,0.909958,0.909958,0.909958,0.909958,0.909958
30.9297,98.2095,30.93,264.042,56830,61262.8,5856.09,7.6267e+06,7.64989e+06,0.910083,0.910083,0.910083,0.910083,0.910083,0.910083
30.9227,98.2503,30.9232,264.729,56838.1,61281.3,5858.34,7.62998e+06,7.65331e+06,0.910208,0.910208,0.910208,0.910208,0.910208,0.910208
30.9158,98.2914,30.9161,265.598,56847.2,61302.2,5860.59,7.63327e+06,7.65673e+06,0.910333,0.910333,0.910333,0.910333,0.910333,0.910333
30.9089,98.3325,30.909,266.54,56856,61323.1,5862.85,7.63656e+06,7.66015e+06,0.910458,0.910458,0.910458,0.910458,0.910458,0.910458
30.9021,98.3735,30.902,267.451,56864.4,61342.9,5865.11,7.63985e+06,7.66357e+06,0.910583,0.910583,0.910583,0.910583,0.910583,0.910583
30.8952,98.4145,30.895,268.352,56873,61363,5867.37,7.64314e+06,7.667e+06,0.910708,0.910708,0.910708,0.910708,0.910708,0.910708
30.8884,98.4557,30.8879,269.279,56882,61384.1,5869.64,7.64643e+06,7.67042e+06,0.910833,0.910833,0.910833,0.910833,0.910833,0.910833
30.8816,98.4965,30.8812,270.153,56889.5,61402.1,5871.91,7.64972e+06,7.67385e+06,0.910958,0.910958,0.910958,0.910958,0.910958,0.910958
30.8748,98.5376,30.8741,271.015,56898.6,61423.2,5874.18,7.65302e+06,7.67728e+06,0.911083,0.911083,0.911083,0.911083,0.911083,0.911083
30.868,98.5786,30.8673,271.923,56906.8,61442.6,5876.46,7.65631e+06,7.68071e+06,0.911208,0.911208,0.911208,0.911208,0.911208,0.911208
30.8611,98.6196,30.8605,272.661,56915,61461.5,5878.73,7.65961e+06,7.68414e+06,0.911333,0.911333,0.911333,0.911333,0.911333,0.911333
30.8542,98.6605,30.8538,273.398,56923,61479.7,5881.02,7.6629e+06,7.68757e+06,0.911458,0.911458,0.911458,0.911458,0.911458,0.911458
30.8473,98.7018,30.8468,274.202,56932.4,61501.1,5883.3,7.6662e+06,7.69101e+06,0.911583,0.911583,0.911583,0.911583,0.911583,0.911583
30.8405,98.743,30.8399,275.053,56941.5,61522.1,5885.59,7.6695e+06,7.69444e+06,0.911708,0.911708,0.911708,0.911708,0.911708,0.911708
30.8337,98.784,30.8331,275.884,56949.9,61541.7,5887.88,7.67279e+06,7.69788e+06,0.911833,0.911833,0.911833,0.911833,0.911833,0.911833
30.8269,98.8251,30.8263,276.716,56958.4,61561.3,5890.17,7.67609e+06,7.70132e+06,0.911958,0.911958,0.911958,0.911958,0.911958,0.911958
30.8201,98.8662,30.8194,277.603,56966.9,61581.4,5892.47,7.67939e+06,7.70476e+06,0.912083,0.912083,0.912083,0.912083,0.912083,0.912083
30.8132,98.9076,30.8125,278.274,56976.6,61602.8,5894.77,7.6827e+06,7.7082e+06,0.912208,0.912208,0.912208,0.912208,0.912208,0.912208
30.8066,98.9486,30.8057,279.285,56984.8,61622.6,5897.07,7.686e+06,7.71164e+06,0.912333,0.912333,0.912333,0.912333,0.912333,0.912333
30.7999,98.9897,30.7989,280.282,56993.1,61642.6,5899.38,7.6893e+06,7.71508e+06,0.912458,0.912458,0.912458,0.912458,0.912458,0.912458
30.7932,99.0307,30.7923,281.097,57001.1,61661.4,5901.69,7.69261e+06,7.71852e+06,0.912583,0.912583,0.912583,0.912583,0.912583,0.912583
30.7865,99.0716,30.7857,281.913,57008.6,61679.1,5904,7.69591e+06,7.72197e+06,0.912708,0.912708,0.912708,0.912708,0.912708,0.912708
30.7798,99.1127,30.779,282.81,57016.8,61698.6,5906.32,7.69922e+06,7.72542e+06,0.912832,0.912832,0.912832,0.912832,0.912832,0.912832
30.7732,99.1539,30.7723,283.703,57025.2,61718.3,5908.64,7.70253e+06,7.72886e+06,0.912957,0.912957,0.912957,0.912957,0.912957,0.912957
30.7664,99.1952,30.7655,284.487,57034.4,61739.3,5910.96,7.70583e+06,7.73231e+06,0.913082,0.913082,0.913082,0.913082,0.913082,0.913082
30.7598,99.2363,30.7589,285.369,57042.6,61758.7,5913.29,7.70914e+06,7.73576e+06,0.913207,0.913207,0.913207,0.913207,0.913207,0.913207
30.7532,99.2776,30.7521,286.345,57051.5,61779.9,5915.62,7.71245e+06,7.73922e+06,0.913332,0.913332,0.913332,0.913332,0.913332,0.913332
30.7466,99.3187,30.7454,287.288,57059.6,61799.3,5917.95,7.71576e+06,7.74267e+06,0.913457,0.913457,0.913457,0.913457,0.913457,0.913457
30.7399,99.3599,30.7388,288.132,57068.3,61819.4,5920.29,7.71908e+06,7.74612e+06,0.913582,0.913582,0.913582,0.913582,0.913582,0.913582
30.7333,99.4011,30.7321,289.057,57076.8,61839.7,5922.63,7.72239e+06,7.74958e+06,0.913707,0.913707,0.913707,0.913707,0.913707,0.913707
30.7267,99.4423,30.7255,289.878,57085.1,61859.1,5924.97,7.7257e+06,7.75304e+06,0.913832,0.913832,0.913832,0.913832,0.913832,0.913832
30.7199,99.4837,30.7189,290.602,57094.2,61879.5,5927.32,7.72902e+06,7.7565e+06,0.913957,0.913957,0.913957,0.913957,0.913957,0.913957
30.7133,99.525,30.7122,291.519,57102.7,61899.7,5929.67,7.73233e+06,7.75996e+06,0.914082,0.914082,0.914082,0.914082,0.914082,0.914082
30.7067,99.5662,30.7057,292.327,57111.1,61919.1,5932.02,7.73565e+06,7.76342e+06,0.914207,0.914207,0.914207,0.914207,0.914207,0.914207
30.7001,99.6075,30.699,293.269,57119.8,61939.9,5934.38,7.73897e+06,7.76688e+06,0.914332,0.914332,0.914332,0.914332,0.914332,0.914332
30.6936,99.6487,30.6926,294.118,57128,61959.1,5936.74,7.74229e+06,7.77034e+06,0.914457,0.914457,0.914457,0.914457,0.914457,0.914457
30.687,99.69,30.6859,295.056,57136.6,61979.6,5939.1,7.7456e+06,7.77381e+06,0.914582,0.914582,0.914582,0.914582,0.914582,0.914582
30.6803,99.7318,30.6792,295.805,57147,62002.6,5941.47,7.74893e+06,7.77728e+06,0.914707,0.914707,0.914707,0.914707,0.914707,0.914707
30.6735,99.7733,30.6726,296.484,57156.5,62023.8,5943.84,7.75225e+06,7.78074e+06,0.914832,0.914832,0.914832,0.914832,0.914832,0.914832
30.6671,99.8147,30.666,297.452,57165.2,62044.6,5946.22,7.75557e+06,7.78421e+06,0.914957,0.914957,0.914957,0.914957,0.914957,0.914957
30.6606,99.856,30.6593,298.492,57174,62065.7,5948.59,7.75889e+06,7.78768e+06,0.915082,0.915082,0.915082,0.915082,0.915082,0.915082
30.6541,99.8974,30.6528,299.334,57182.8,62086.2,5950.98,7.76222e+06,7.79116e+06,0.915207,0.915207,0.915207,0.915207,0.915207,0.915207
30.6476,99.9388,30.6462,300.296,57191.7,62107.3,5953.36,7.76554e+06,7.79463e+06,0.915332,0.915332,0.915332,0.915332,0.915332,0.915332
30.6411,99.9804,30.6395,301.22,57201.4,62129.9,5955.75,7.76887e+06,7.7981e+06,0.915457,0.915457,0.915457,0.915457,0.915457,0.915457
30.6345,100.022,30.6329,302.088,57210.5,62151,5958.14,7.7722e+06,7.80158e+06,0.915582,0.915582,0.915582,0.915582,0.915582,0.915582
30.6282,100.063,30.6264,303.129,57218.9,62171.5,5960.54,7.77552e+06,7.80506e+06,0.915707,0.915707,0.915707,0.915707,0.915707,0.915707
30.6217,100.105,30.62,303.945,57227.2,62190.9,5962.94,7.77885e+06,7.80854e+06,0.915832,0.915832,0.915832,0.915832,0.915832,0.915832
30.6151,100.146,30.6136,304.766,57235.8,62210.9,5965.34,7.78218e+06,7.81202e+06,0.915957,0.915957,0.915957,0.915957,0.915957,0.915957
30.6089,100.187,30.6071,305.927,57243.9,62231.4,5967.75,7.78551e+06,7.8155e+06,0.916082,0.916082,0.916082,0.916082,0.916082,0.916082
30.6026,100.229,30.6005,307.023,57252.8,62253.2,5970.16,7.78885e+06,7.81898e+06,0.916207,0.916207,0.916207,0.916207,0.916207,0.916207
30.596,100.27,30.594,307.804,57262.2,62274.4,5972.57,7.79218e+06,7.82246e+06,0.916332,0.916332,0.916332,0.916332,0.916332,0.916332
30.5895,100.312,30.5874,308.673,57271.6,62296.2,5974.99,7.79551e+06,7.82595e+06,0.916457,0.916457,0.916457,0.916457,0.916457,0.916457
30.583,100.353,30.5812,309.476,57279.8,62315.4,5977.42,7.79885e+06,7.82944e+06,0.916582,0.916582,0.916582,0.916582,0.916582,0.916582
30.5767,100.395,30.5746,310.466,57288.8,62336.8,5979.84,7.80218e+06,7.83292e+06,0.916707,0.916707,0.916707,0.916707,0.916707,0.916707
30.5701,100.436,30.5683,311.229,57297.8,62357.4,5982.27,7.80552e+06,7.83641e+06,0.916832,0.916832,0.916832,0.916832,0.916832,0.916832
30.5635,100.478,30.5618,311.986,57307.5,62379.3,5984.7,7.80886e+06,7.8399e+06,0.916957,0.916957,0.916957,0.916957,0.916957,0.916957
30.5572,100.52,30.5555,312.964,57315.8,62399.4,5987.14,7.81219e+06,7.8434e+06,0.917082,0.917082,0.917082,0.917082,0.917082,0.917082
30.5508,100.561,30.549,313.856,57325,62420.9,5989.58,7.81553e+06,7.84689e+06,0.917207,0.917207,0.917207,0.917207,0.917207,0.917207
30.5444,100.603,30.5427,314.703,57333.7,62441.2,5992.03,7.81887e+06,7.85038e+06,0.917332,0.917332,0.917332,0.917332,0.917332,0.917332
30.538,100.644,30.5364,315.606,57342.4,62461.9,5994.48,7.82222e+06,7.85388e+06,0.917457,0.917457,0.917457,0.917457,0.917457,0.917457
30.5316,100.686,30.5299,316.558,57351.7,62483.8,5996.93,7.82556e+06,7.85738e+06,0.917582,0.917582,0.917582,0.917582,0.917582,0.917582
30.5252,100.728,30.5237,317.382,57359.8,62502.7,5999.39,7.8289e+06,7.86088e+06,0.917707,0.917707,0.917707,0.917707,0.917707,0.917707
30.5189,100.769,30.5173,318.346,57368.9,62524.5,6001.85,7.83225e+06,7.86438e+06,0.917832,0.917832,0.917832,0.917832,0.917832,0.917832
30.5124,100.811,30.511,319.133,57377.9,62545.1,6004.31,7.83559e+06,7.86788e+06,0.917957,0.917957,0.917957,0.917957,0.917957,0.917957
30.5061,100.853,30.5046,320.058,57387.3,62567.2,6006.78,7.83894e+06,7.87138e+06,0.918082,0.918082,0.918082,0.918082,0.918082,0.918082
30.4998,100.894,30.4983,321.039,57395.9,62587.8,6009.26,7.84229e+06,7.87488e+06,0.918207,0.918207,0.918207,0.918207,0.918207,0.918207
30.4934,100.936,30.4918,321.948,57406,62611.1,6011.73,7.84563e+06,7.87839e+06,0.918332,0.918332,0.918332,0.918332,0.918332,0.918332
30.4872,100.978,30.4856,322.888,57414.5,62631.6,6014.21,7.84898e+06,7.8819e+06,0.918457,0.918457,0.918457,0.918457,0.918457,0.918457
30.4807,101.02,30.4791,323.692,57424.9,62655,6016.7,7.85233e+06,7.8854e+06,0.918582,0.918582,0.918582,0.918582,0.918582,0.918582
30.4744,101.061,30.4727,324.658,57434.7,62678.2,6019.19,7.85568e+06,7.88891e+06,0.918707,0.918707,0.918707,0.918707,0.918707,0.918707
30.4681,101.103,30.4665,325.589,57443.2,62698.5,6021.68,7.85904e+06,7.89242e+06,0.918832,0.918832,0.918832,0.918832,0.918832,0.918832
30.4619,101.145,30.4601,326.601,57452.6,62720.9,6024.18,7.86239e+06,7.89594e+06,0.918957,0.918957,0.918957,0.918957,0.918957,0.918957
30.4555,101.186,30.4541,327.297,57461,62740.2,6026.68,7.86574e+06,7.89945e+06,0.919082,0.919082,0.919082,0.919082,0.919082,0.919082
30.4493,101.228,30.4477,328.376,57470.4,62762.7,6029.18,7.8691e+06,7.90297e+06,0.919207,0.919207,0.919207,0.919207,0.919207,0.919207
30.4431,101.27,30.4416,329.304,57478.6,62782.6,6031.69,7.87245e+06,7.90648e+06,0.919332,0.919332,0.919332,0.919332,0.919332,0.919332
30.4369,101.311,30.4355,330.247,57486.9,62802.5,6034.2,7.87581e+06,7.91e+06,0.919457,0.919457,0.919457,0.919457,0.919457,0.919457
30.4306,101.353,30.4294,331.074,57495.8,62823.2,6036.72,7.87917e+06,7.91352e+06,0.919582,0.919582,0.919582,0.919582,0.919582,0.919582
30.4243,101.395,30.4232,331.937,57505.2,62845,6039.24,7.88253e+06,7.91704e+06,0.919707,0.919707,0.919707,0.919707,0.919707,0.919707
30.4182,101.437,30.4171,332.925,57513.4,62865,6041.77,7.88588e+06,7.92056e+06,0.919832,0.919832,0.919832,0.919832,0.919832,0.919832
30.4119,101.479,30.4107,333.859,57523.7,62889,6044.3,7.88925e+06,7.92408e+06,0.919957,0.919957,0.919957,0.919957,0.919957,0.919957
30.4057,101.521,30.4043,334.845,57534.2,62913.6,6046.83,7.89261e+06,7.92761e+06,0.920082,0.920082,0.920082,0.920082,0.920082,0.920082
30.3995,101.563,30.3982,335.704,57543,62934.3,6049.37,7.89597e+06,7.93113e+06,0.920207,0.920207,0.920207,0.920207,0.920207,0.920207
30.3933,101.605,30.392,336.641,57552.1,62955.8,6051.92,7.89933e+06,7.93466e+06,0.920332,0.920332,0.920332,0.920332,0.920332,0.920332
30.387,101.646,30.386,337.397,57561.4,62977.1,6054.46,7.9027e+06,7.93819e+06,0.920457,0.920457,0.920457,0.920457,0.920457,0.920457
30.3808,101.688,30.38,338.3,57570,62997.5,6057.01,7.90606e+06,7.94172e+06,0.920582,0.920582,0.920582,0.920582,0.920582,0.920582
30.3747,101.73,30.3737,339.306,57579.6,63020.4,6059.57,7.90943e+06,7.94525e+06,0.920707,0.920707,0.920707,0.920707,0.920707,0.920707
30.3686,101.772,30.3674,340.31,57589.6,63044.1,6062.13,7.9128e+06,7.94878e+06,0.920832,0.920832,0.920832,0.920832,0.920832,0.920832
30.3626,101.814,30.3614,341.383,57598.1,63064.9,6064.69,7.91617e+06,7.95232e+06,0.920957,0.920957,0.920957,0.920957,0.920957,0.920957
30.3564,101.856,30.3554,342.178,57606.7,63085,6067.26,7.91954e+06,7.95585e+06,0.921082,0.921082,0.921082,0.921082,0.921082,0.921082
30.3502,101.898,30.3495,343.012,57615.5,63105.7,6069.84,7.92291e+06,7.95939e+06,0.921207,0.921207,0.921207,0.921207,0.921207,0.921207
30.3442,101.939,30.3435,344.029,57623.9,63126.1,6072.41,7.92628e+06,7.96293e+06,0.921332,0.921332,0.921332,0.921332,0.921332,0.921332
30.3381,101.981,30.3376,345.056,57632.2,63146.6,6075,7.92965e+06,7.96647e+06,0.921457,0.921457,0.921457,0.921457,0.921457,0.921457
30.332,102.023,30.3313,346.075,57642.5,63170.9,6077.58,7.93302e+06,7.97001e+06,0.921582,0.921582,0.921582,0.921582,0.921582,0.921582
30.326,102.065,30.3251,347.07,57651.9,63193.3,6080.17,7.9364e+06,7.97355e+06,0.921707,0.921707,0.921707,0.921707,0.921707,0.921707
30.3199,102.107,30.3192,347.962,57660.9,63214.6,6082.77,7.93977e+06,7.97709e+06,0.921832,0.921832,0.921832,0.921832,0.921832,0.921832
30.3138,102.149,30.3133,348.919,57669.3,63235,6085.37,7.94315e+06,7.98064e+06,0.921957,0.921957,0.921957,0.921957,0.921957,0.921957
30.308,102.191,30.3073,350.127,57677.8,63256.5,6087.97,7.94652e+06,7.98419e+06,0.922082,0.922082,0.922082,0.922082,0.922082,0.922082
30.3021,102.233,30.3011,351.284,57687.4,63279.9,6090.58,7.9499e+06,7.98773e+06,0.922207,0.922207,0.922207,0.922207,0.922207,0.922207
30.2959,102.275,30.2951,352.166,57696.8,63301.9,6093.2,7.95328e+06,7.99128e+06,0.922332,0.922332,0.922332,0.922332,0.922332,0.922332
30.2901,102.317,30.289,353.304,57705.9,63324.3,6095.82,7.95666e+06,7.99483e+06,0.922457,0.922457,0.922457,0.922457,0.922457,0.922457
30.2841,102.359,30.2832,354.328,57713.8,63343.9,6098.44,7.96004e+06,7.99838e+06,0.922582,0.922582,0.922582,0.922582,0.922582,0.922582
30.2781,102.401,30.2774,355.198,57722.7,63365,6101.07,7.96342e+06,8.00194e+06,0.922707,0.922707,0.922707,0.922707,0.922707,0.922707
30.2719,102.443,30.2714,356.045,57732.5,63387.6,6103.7,7.96681e+06,8.00549e+06,0.922832,0.922832,0.922832,0.922832,0.922832,0.922832
30.2659,102.485,30.2655,356.941,57741.6,63409.3,6106.34,7.97019e+06,8.00905e+06,0.922957,0.922957,0.922957,0.922957,0.922957,0.922957
30.2599,102.527,30.2597,357.862,57750.6,63430.6,6108.98,7.97357e+06,8.01261e+06,0.923082,0.923082,0.923082,0.923082,0.923082,0.923082
30.254,102.569,30.2537,358.978,57759.8,63453.2,6111.62,7.97696e+06,8.01616e+06,0.923207,0.923207,0.923207,0.923207,0.923207,0.923207
30.2478,102.612,30.2475,359.805,57771,63478.6,6114.28,7.98035e+06,8.01973e+06,0.923332,0.923332,0.923332,0.923332,0.923332,0.923332
30.2418,102.654,30.2417,360.677,57780.2,63500.3,6116.93,7.98373e+06,8.02329e+06,0.923457,0.923457,0.923457,0.923457,0.923457,0.923457
30.2358,102.696,30.2356,361.696,57790.2,63524.2,6119.59,7.98712e+06,8.02685e+06,0.923582,0.923582,0.923582,0.923582,0.923582,0.923582
30.23,102.738,30.2296,362.798,57799.5,63546.8,6122.26,7.99051e+06,8.03041e+06,0.923707,0.923707,0.923707,0.923707,0.923707,0.923707
30.2241,102.78,30.2235,363.912,57809.5,63571,6124.93,7.9939e+06,8.03398e+06,0.923832,0.923832,0.923832,0.923832,0.923832,0.923832
30.2181,102.823,30.2173,364.91,57820,63595.9,6127.6,7.99729e+06,8.03755e+06,0.923957,0.923957,0.923957,0.923957,0.923957,0.923957
30.2122,102.865,30.2117,365.861,57828.6,63616.5,6130.28,8.00069e+06,8.04112e+06,0.924082,0.924082,0.924082,0.924082,0.924082,0.924082
30.2066,102.907,30.2058,367.221,57836.7,63637.8,6132.97,8.00408e+06,8.04469e+06,0.924207,0.924207,0.924207,0.924207,0.924207,0.924207
30.2007,102.949,30.1999,368.17,57846.5,63661.1,6135.66,8.00747e+06,8.04826e+06,0.924332,0.924332,0.924332,0.924332,0.924332,0.924332
30.1948,102.991,30.1939,369.228,57856.1,63684.4,6138.35,8.01087e+06,8.05183e+06,0.924457,0.924457,0.924457,0.924457,0.924457,0.924457
30.1888,103.033,30.1882,370.046,57865.4,63706,6141.05,8.01427e+06,8.0554e+06,0.924582,0.924582,0.924582,0.924582,0.924582,0.924582
30.1829,103.076,30.1823,371.067,57875.4,63729.9,6143.76,8.01766e+06,8.05898e+06,0.924707,0.924707,0.924707,0.924707,0.924707,0.924707
30.1771,103.118,30.1761,372.21,57885.8,63755.1,6146.47,8.02106e+06,8.06256e+06,0.924832,0.924832,0.924832,0.924832,0.924832,0.924832
30.1714,103.161,30.1701,373.371,57896.1,63780.1,6149.18,8.02446e+06,8.06614e+06,0.924957,0.924957,0.924957,0.924957,0.924957,0.924957
30.1656,103.203,30.1643,374.48,57905,63802.1,6151.9,8.02786e+06,8.06972e+06,0.925082,0.925082,0.925082,0.925082,0.925082,0.925082
30.1599,103.245,30.1583,375.663,57914.9,63826.4,6154.62,8.03126e+06,8.0733e+06,0.925207,0.925207,0.925207,0.925207,0.925207,0.925207
30.154,103.288,30.1525,376.576,57924.8,63849.7,6157.35,8.03467e+06,8.07688e+06,0.925332,0.925332,0.925332,0.925332,0.925332,0.925332
30.1482,103.33,30.1468,377.629,57933.2,63870.5,6160.09,8.03807e+06,8.08046e+06,0.925457,0.925457,0.925457,0.925457,0.925457,0.925457
30.1423,103.372,30.1409,378.585,57943.8,63895.4,6162.83,8.04147e+06,8.08405e+06,0.925582,0.925582,0.925582,0.925582,0.925582,0.925582
30.1366,103.415,30.1351,379.742,57953.2,63918.6,6165.57,8.04488e+06,8.08764e+06,0.925707,0.925707,0.925707,0.925707,0.925707,0.925707
30.1309,103.457,30.1294,380.81,57962.1,63940.4,6168.32,8.04829e+06,8.09122e+06,0.925832,0.925832,0.925832,0.925832,0.925832,0.925832
30.1251,103.499,30.1236,381.841,57971.9,63964,6171.08,8.05169e+06,8.09481e+06,0.925957,0.925957,0.925957,0.925957,0.925957,0.925957
30.1195,103.541,30.1179,383.057,57980.6,63986,6173.84,8.0551e+06,8.09841e+06,0.926082,0.926082,0.926082,0.926082,0.926082,0.926082
30.1138,103.583,30.1123,384.105,57989.2,64007.2,6176.61,8.05851e+06,8.102e+06,0.926207,0.926207,0.926207,0.926207,0.926207,0.926207
30.108,103.626,30.1064,385.077,57999.7,64031.9,6179.38,8.06192e+06,8.10559e+06,0.926332,0.926332,0.926332,0.926332,0.926332,0.926332
30.1024,103.668,30.1005,386.353,58009.5,64056.5,6182.15,8.06533e+06,8.10919e+06,0.926457,0.926457,0.926457,0.926457,0.926457,0.926457
30.0965,103.711,30.0948,387.266,58019.4,64079.8,6184.94,8.06874e+06,8.11278e+06,0.926582,0.926582,0.926582,0.926582,0.926582,0.926582
30.0908,103.753,30.089,388.322,58029.4,64104,6187.72,8.07216e+06,8.11638e+06,0.926706,0.926706,0.926706,0.926706,0.926706,0.926706
30.0848,103.796,30.0835,388.986,58039.1,64126,6190.51,8.07557e+06,8.11998e+06,0.926831,0.926831,0.926831,0.926831,0.926831,0.926831
30.0791,103.838,30.0778,390.093,58048.6,64149.2,6193.31,8.07899e+06,8.12358e+06,0.926956,0.926956,0.926956,0.926956,0.926956,0.926956
30.0732,103.881,30.0721,390.914,58058.9,64173.2,6196.11,8.0824e+06,8.12719e+06,0.927081,0.927081,0.927081,0.927081,0.927081,0.927081
30.0674,103.924,30.0665,391.792,58068.9,64196.6,6198.92,8.08582e+06,8.13079e+06,0.927206,0.927206,0.927206,0.927206,0.927206,0.927206
30.0617,103.966,30.061,392.833,58078,64218.8,6201.73,8.08924e+06,8.1344e+06,0.927331,0.927331,0.927331,0.927331,0.927331,0.927331
30.0559,104.009,30.0554,393.671,58087.8,64241.7,6204.55,8.09266e+06,8.138e+06,0.927456,0.927456,0.927456,0.927456,0.927456,0.927456
30.0502,104.051,30.0499,394.67,58097.4,64264.8,6207.37,8.09608e+06,8.14161e+06,0.927581,0.927581,0.927581,0.927581,0.927581,0.927581
30.0444,104.094,30.0443,395.511,58107.5,64288.4,6210.2,8.0995e+06,8.14522e+06,0.927706,0.927706,0.927706,0.927706,0.927706,0.927706
30.0387,104.136,30.0389,396.49,58116.5,64310.2,6213.03,8.10292e+06,8.14883e+06,0.927831,0.927831,0.927831,0.927831,0.927831,0.927831
30.0331,104.178,30.0334,397.529,58125.7,64332.7,6215.87,8.10634e+06,8.15245e+06,0.927956,0.927956,0.927956,0.927956,0.927956,0.927956
30.0275,104.221,30.028,398.536,58135.1,64355.5,6218.72,8.10977e+06,8.15606e+06,0.928081,0.928081,0.928081,0.928081,0.928081,0.928081
30.0218,104.264,30.0222,399.594,58145.6,64380.6,6221.57,8.11319e+06,8.15968e+06,0.928206,0.928206,0.928206,0.928206,0.928206,0.928206
30.0163,104.306,30.0166,400.728,58155.3,64404.6,6224.42,8.11662e+06,8.16329e+06,0.928331,0.928331,0.928331,0.928331,0.928331,0.928331
30.0105,104.349,30.0109,401.58,58166.2,64429.8,6227.28,8.12004e+06,8.16691e+06,0.928456,0.928456,0.928456,0.928456,0.928456,0.928456
30.0049,104.392,30.0051,402.589,58177.4,64456.4,6230.15,8.12347e+06,8.17053e+06,0.928581,0.928581,0.928581,0.928581,0.928581,0.928581
29.9993,104.435,29.9994,403.718,58187.4,64480.8,6233.02,8.1269e+06,8.17415e+06,0.928706,0.928706,0.928706,0.928706,0.928706,0.928706
29.9939,104.477,29.9936,405.083,58197.6,64506.5,6235.9,8.13033e+06,8.17777e+06,0.928831,0.928831,0.928831,0.928831,0.928831,0.928831
29.9882,104.52,29.988,405.919,58208.8,64532.3,6238.78,8.13376e+06,8.1814e+06,0.928956,0.928956,0.928956,0.928956,0.928956,0.928956
29.9826,104.563,29.9823,406.96,58219.6,64558.1,6241.67,8.13719e+06,8.18502e+06,0.929081,0.929081,0.929081,0.929081,0.929081,0.929081
29.977,104.606,29.9767,407.976,58229.5,64582.1,6244.56,8.14063e+06,8.18865e+06,0.929206,0.929206,0.929206,0.929206,0.929206,0.929206
29.9714,104.648,29.9714,408.844,58239.1,64604.9,6247.46,8.14406e+06,8.19228e+06,0.929331,0.929331,0.929331,0.929331,0.929331,0.929331
29.966,104.691,29.9659,410.079,58248.8,64629.1,6250.37,8.1475e+06,8.19591e+06,0.929456,0.929456,0.929456,0.929456,0.929456,0.929456
29.9604,104.734,29.9601,411.129,58260.2,64656.1,6253.28,8.15093e+06,8.19954e+06,0.929581,0.929581,0.929581,0.929581,0.929581,0.929581
29.9549,104.777,29.9546,412.181,58270.4,64680.9,6256.19,8.15437e+06,8.20318e+06,0.929706,0.929706,0.929706,0.929706,0.929706,0.929706
29.9495,104.82,29.949,413.481,58280.4,64705.9,6259.12,8.15781e+06,8.20681e+06,0.929831,0.929831,0.929831,0.929831,0.929831,0.929831
29.9439,104.862,29.9436,414.383,58290.1,64729.1,6262.04,8.16125e+06,8.21045e+06,0.929956,0.929956,0.929956,0.929956,0.929956,0.929956
29.9383,104.905,29.938,415.271,58301.6,64755.7,6264.98,8.16469e+06,8.21408e+06,0.930081,0.930081,0.930081,0.930081,0.930081,0.930081
29.9329,104.948,29.9325,416.417,58311.5,64780.1,6267.92,8.16813e+06,8.21772e+06,0.930206,0.930206,0.930206,0.930206,0.930206,0.930206
29.9273,104.991,29.9269,417.329,58322.8,64806.7,6270.86,8.17157e+06,8.22136e+06,0.930331,0.930331,0.930331,0.930331,0.930331,0.930331
29.9218,105.034,29.9215,418.206,58333.4,64831.7,6273.81,8.17501e+06,8.225e+06,0.930456,0.930456,0.930456,0.930456,0.930456,0.930456
29.9163,105.077,29.916,419.2,58343.9,64856.7,6276.77,8.17846e+06,8.22865e+06,0.930581,0.930581,0.930581,0.930581,0.930581,0.930581
29.9108,105.12,29.9107,420.039,58354.2,64880.9,6279.73,8.1819e+06,8.23229e+06,0.930706,0.930706,0.930706,0.930706,0.930706,0.930706
29.9054,105.163,29.9052,421.066,58364.7,64906.2,6282.7,8.18535e+06,8.23594e+06,0.930831,0.930831,0.930831,0.930831,0.930831,0.930831
29.9,105.206,29.8996,422.045,58376.1,64933.2,6285.67,8.18879e+06,8.23959e+06,0.930956,0.930956,0.930956,0.930956,0.930956,0.930956
29.8946,105.249,29.8942,423.224,58386.1,64957.8,6288.65,8.19224e+06,8.24324e+06,0.931081,0.931081,0.931081,0.931081,0.931081,0.931081
29.8892,105.292,29.8887,424.48,58396.4,64983.5,6291.64,8.19569e+06,8.24689e+06,0.931206,0.931206,0.931206,0.931206,0.931206,0.931206
29.8838,105.334,29.8833,425.657,58406.4,65008.4,6294.63,8.19914e+06,8.25054e+06,0.931331,0.931331,0.931331,0.931331,0.931331,0.931331
29.8785,105.377,29.8779,426.788,58416.6,65033.2,6297.63,8.20259e+06,8.25419e+06,0.931456,0.931456,0.931456,0.931456,0.931456,0.931456
29.8732,105.42,29.8724,428.057,58427.6,65060.4,6300.63,8.20604e+06,8.25785e+06,0.931581,0.931581,0.931581,0.931581,0.931581,0.931581
29.8678,105.463,29.8669,429.315,58438,65086.4,6303.64,8.2095e+06,8.2615e+06,0.931706,0.931706,0.931706,0.931706,0.931706,0.931706
29.8625,105.506,29.8615,430.498,58448.6,65112.4,6306.66,8.21295e+06,8.26516e+06,0.931831,0.931831,0.931831,0.931831,0.931831,0.931831
29.8572,105.55,29.8561,431.652,58459.4,65138.8,6309.68,8.21641e+06,8.26882e+06,0.931956,0.931956,0.931956,0.931956,0.931956,0.931956
29.8518,105.592,29.8509,432.638,58468.8,65161.7,6312.71,8.21986e+06,8.27248e+06,0.932081,0.932081,0.932081,0.932081,0.932081,0.932081
29.8466,105.635,29.8457,433.871,58478.1,65185.2,6315.74,8.22332e+06,8.27615e+06,0.932206,0.932206,0.932206,0.932206,0.932206,0.932206
29.8413,105.678,29.8402,435.103,58489,65212.1,6318.78,8.22678e+06,8.27981e+06,0.932331,0.932331,0.932331,0.932331,0.932331,0.932331
29.836,105.721,29.835,436.31,58498.5,65236.1,6321.83,8.23024e+06,8.28348e+06,0.932456,0.932456,0.932456,0.932456,0.932456,0.932456
29.8307,105.764,29.8297,437.36,58509,65261.4,6324.88,8.2337e+06,8.28714e+06,0.932581,0.932581,0.932581,0.932581,0.932581,0.932581
29.8255,105.807,29.8245,438.571,58518.5,65285.3,6327.94,8.23716e+06,8.29081e+06,0.932706,0.932706,0.932706,0.932706,0.932706,0.932706
29.8202,105.85,29.8193,439.519,58528.8,65309.9,6331.01,8.24062e+06,8.29448e+06,0.932831,0.932831,0.932831,0.932831,0.932831,0.932831
29.8149,105.893,29.814,440.551,58540,65336.8,6334.08,8.24409e+06,8.29816e+06,0.932956,0.932956,0.932956,0.932956,0.932956,0.932956
29.8096,105.936,29.8087,441.623,58550.9,65363.3,6337.16,8.24755e+06,8.30183e+06,0.933081,0.933081,0.933081,0.933081,0.933081,0.933081
29.8044,105.979,29.8035,442.881,58560.2,65386.9,6340.24,8.25102e+06,8.3055e+06,0.933206,0.933206,0.933206,0.933206,0.933206,0.933206
29.7992,106.022,29.7983,444.084,58570,65411.4,6343.33,8.25448e+06,8.30918e+06,0.933331,0.933331,0.933331,0.933331,0.933331,0.933331
29.794,106.066,29.793,445.252,58580.9,65438,6346.43,8.25795e+06,8.31286e+06,0.933456,0.933456,0.933456,0.933456,0.933456,0.933456
29.7888,106.109,29.7878,446.367,58591.4,65463.7,6349.53,8.26142e+06,8.31654e+06,0.933581,0.933581,0.933581,0.933581,0.933581,0.933581
29.7836,106.152,29.7825,447.587,58602.1,65490.3,6352.64,8.26489e+06,8.32022e+06,0.933706,0.933706,0.933706,0.933706,0.933706,0.933706
29.7785,106.195,29.7776,448.732,58610.8,65512.3,6355.76,8.26836e+06,8.3239e+06,0.933831,0.933831,0.933831,0.933831,0.933831,0.933831
29.7732,106.238,29.7725,449.621,58621.2,65537,6358.88,8.27183e+06,8.32758e+06,0.933956,0.933956,0.933956,0.933956,0.933956,0.933956
29.7681,106.281,29.7675,450.95,58630.3,65560.5,6362.01,8.2753e+06,8.33127e+06,0.934081,0.934081,0.934081,0.934081,0.934081,0.934081
29.7629,106.324,29.7624,452.029,58640.2,65584.8,6365.14,8.27878e+06,8.33495e+06,0.934206,0.934206,0.934206,0.934206,0.934206,0.934206
29.7578,106.367,29.7574,453.197,58649.9,65609.1,6368.28,8.28225e+06,8.33864e+06,0.934331,0.934331,0.934331,0.934331,0.934331,0.934331
29.7528,106.41,29.7522,454.674,58659.4,65634,6371.43,8.28573e+06,8.34233e+06,0.934456,0.934456,0.934456,0.934456,0.934456,0.934456
29.7478,106.453,29.7471,456.02,58669.3,65659.3,6374.59,8.2892e+06,8.34602e+06,0.934581,0.934581,0.934581,0.934581,0.934581,0.934581
29.7426,106.496,29.7419,457.047,58680.5,65686.3,6377.75,8.29268e+06,8.34972e+06,0.934706,0.934706,0.934706,0.934706,0.934706,0.934706
29.7375,106.539,29.7369,458.282,58690.5,65711.3,6380.91,8.29616e+06,8.35341e+06,0.934831,0.934831,0.934831,0.934831,0.934831,0.934831
29.7324,106.583,29.7318,459.388,58701.1,65737.2,6384.09,8.29964e+06,8.3571e+06,0.934956,0.934956,0.934956,0.934956,0.934956,0.934956
29.7274,106.626,29.7265,460.73,58712.1,65765,6387.27,8.30312e+06,8.3608e+06,0.935081,0.935081,0.935081,0.935081,0.935081,0.935081
29.7223,106.669,29.7216,461.78,58721.9,65789,6390.46,8.3066e+06,8.3645e+06,0.935206,0.935206,0.935206,0.935206,0.935206,0.935206
29.7172,106.712,29.7166,463.029,58731.9,65814.1,6393.65,8.31008e+06,8.3682e+06,0.935331,0.935331,0.935331,0.935331,0.935331,0.935331
29.7122,106.756,29.7116,464.155,58742.2,65839.6,6396.85,8.31357e+06,8.3719e+06,0.935456,0.935456,0.935456,0.935456,0.935456,0.935456
29.7071,106.799,29.7067,465.195,58751.9,65863.5,6400.06,8.31705e+06,8.3756e+06,0.935581,0.935581,0.935581,0.935581,0.935581,0.935581
29.702,106.842,29.7015,466.211,58763.9,65892.1,6403.28,8.32054e+06,8.37931e+06,0.935706,0.935706,0.935706,0.935706,0.935706,0.935706
29.6969,106.886,29.6965,467.397,58774.1,65917.5,6406.5,8.32402e+06,8.38301e+06,0.935831,0.935831,0.935831,0.935831,0.935831,0.935831
29.6919,106.929,29.6916,468.646,58783.9,65942.5,6409.72,8.32751e+06,8.38672e+06,0.935956,0.935956,0.935956,0.935956,0.935956,0.935956
29.6869,106.972,29.6865,469.888,58794.4,65968.7,6412.96,8.331e+06,8.39043e+06,0.936081,0.936081,0.936081,0.936081,0.936081,0.936081
29.682,107.015,29.6816,471.268,58803.7,65993,6416.2,8.33449e+06,8.39414e+06,0.936206,0.936206,0.936206,0.936206,0.936206,0.936206
29.677,107.059,29.6765,472.536,58814.8,66020.6,6419.45,8.33798e+06,8.39785e+06,0.936331,0.936331,0.936331,0.936331,0.936331,0.936331
29.672,107.102,29.6712,473.79,58826.7,66049.9,6422.71,8.34147e+06,8.40157e+06,0.936456,0.936456,0.936456,0.936456,0.936456,0.936456
29.667,107.146,29.6662,474.932,58837.3,66076.1,6425.97,8.34496e+06,8.40528e+06,0.936581,0.936581,0.936581,0.936581,0.936581,0.936581
29.662,107.189,29.6613,476.128,58847.5,66101.7,6429.24,8.34846e+06,8.409e+06,0.936706,0.936706,0.936706,0.936706,0.936706,0.936706
29.6571,107.232,29.6563,477.581,58857.7,66127.9,6432.51,8.35195e+06,8.41272e+06,0.936831,0.936831,0.936831,0.936831,0.936831,0.936831
29.6522,107.275,29.6515,478.824,58866.9,66151.5,6435.8,8.35545e+06,8.41644e+06,0.936956,0.936956,0.936956,0.936956,0.936956,0.936956
29.6471,107.319,29.6467,479.652,58877.6,66177,6439.09,8.35894e+06,8.42016e+06,0.937081,0.937081,0.937081,0.937081,0.937081,0.937081
29.6421,107.362,29.6419,480.616,58888.1,66202.3,6442.39,8.36244e+06,8.42388e+06,0.937206,0.937206,0.937206,0.937206,0.937206,0.937206
29.6373,107.405,29.637,482.056,58897.6,66227.2,6445.69,8.36594e+06,8.4276e+06,0.937331,0.937331,0.937331,0.937331,0.937331,0.937331
29.6323,107.449,29.6321,483.113,58908.7,66254.3,6449,8.36944e+06,8.43133e+06,0.937456,0.937456,0.937456,0.937456,0.937456,0.937456
29.6274,107.493,29.6269,484.57,58920.4,66283.8,6452.32,8.37294e+06,8.43506e+06,0.937581,0.937581,0.937581,0.937581,0.937581,0.937581
29.6224,107.536,29.6218,485.612,58932.2,66312.3,6455.65,8.37644e+06,8.43879e+06,0.937706,0.937706,0.937706,0.937706,0.937706,0.937706
29.6175,107.58,29.6171,486.654,58942.3,66337.2,6458.98,8.37994e+06,8.44252e+06,0.937831,0.937831,0.937831,0.937831,0.937831,0.937831
29.6126,107.623,29.6121,488.052,58953.2,66364.9,6462.32,8.38345e+06,8.44625e+06,0.937956,0.937956,0.937956,0.937956,0.937956,0.937956
29.6078,107.667,29.6073,489.281,58963.2,66390.2,6465.67,8.38695e+06,8.44998e+06,0.938081,0.938081,0.938081,0.938081,0.938081,0.938081
29.603,107.71,29.6025,490.758,58972.9,66415.6,6469.02,8.39046e+06,8.45372e+06,0.938206,0.938206,0.938206,0.938206,0.938206,0.938206
29.5982,107.754,29.5975,492.017,58984.1,66443.6,6472.38,8.39396e+06,8.45745e+06,0.938331,0.938331,0.938331,0.938331,0.938331,0.938331
29.5932,107.797,29.5927,493.061,58995.2,66470.6,6475.75,8.39747e+06,8.46119e+06,0.938456,0.938456,0.938456,0.938456,0.938456,0.938456
29.5884,107.841,29.5878,494.309,59006.3,66498.4,6479.13,8.40098e+06,8.46493e+06,0.938581,0.938581,0.938581,0.938581,0.938581,0.938581
29.5835,107.885,29.5828,495.516,59017.9,66527.1,6482.51,8.40449e+06,8.46867e+06,0.938706,0.938706,0.938706,0.938706,0.938706,0.938706
29.5787,107.928,29.5778,496.853,59029,66555.2,6485.9,8.408e+06,8.47242e+06,0.938831,0.938831,0.938831,0.938831,0.938831,0.938831
29.574,107.972,29.573,498.258,59039.6,66582.2,6489.3,8.41151e+06,8.47616e+06,0.938956,0.938956,0.938956,0.938956,0.938956,0.938956
29.5692,108.016,29.5682,499.465,59050.5,66609.4,6492.7,8.41502e+06,8.4799e+06,0.939081,0.939081,0.939081,0.939081,0.939081,0.939081
29.5645,108.059,29.5634,500.908,59061,66636.5,6496.12,8.41854e+06,8.48365e+06,0.939206,0.939206,0.939206,0.939206,0.939206,0.939206
29.5597,108.103,29.5587,502.072,59070.9,66661.5,6499.54,8.42205e+06,8.4874e+06,0.939331,0.939331,0.939331,0.939331,0.939331,0.939331
29.5549,108.146,29.5541,503.296,59080.8,66686.7,6502.97,8.42557e+06,8.49115e+06,0.939456,0.939456,0.939456,0.939456,0.939456,0.939456
29.5502,108.19,29.5493,504.58,59091.5,66713.7,6506.4,8.42909e+06,8.4949e+06,0.939581,0.939581,0.939581,0.939581,0.939581,0.939581
29.5455,108.233,29.5446,505.839,59102.1,66740.5,6509.84,8.4326e+06,8.49866e+06,0.939706,0.939706,0.939706,0.939706,0.939706,0.939706
29.5408,108.277,29.5402,507.2,59110.9,66763.6,6513.29,8.43612e+06,8.50241e+06,0.939831,0.939831,0.939831,0.939831,0.939831,0.939831
29.5361,108.32,29.5355,508.411,59121.6,66790.5,6516.75,8.43964e+06,8.50617e+06,0.939956,0.939956,0.939956,0.939956,0.939956,0.939956
29.5314,108.364,29.5306,509.832,59132.9,66819.3,6520.22,8.44316e+06,8.50993e+06,0.940081,0.940081,0.940081,0.940081,0.940081,0.940081
29.527,108.407,29.526,511.461,59142.4,66844.9,6523.69,8.44669e+06,8.51369e+06,0.940206,0.940206,0.940206,0.940206,0.940206,0.940206
29.5223,108.451,29.5215,512.635,59152.3,66870,6527.17,8.45021e+06,8.51745e+06,0.940331,0.940331,0.940331,0.940331,0.940331,0.940331
29.5177,108.494,29.5169,514.025,59162.4,66896,6530.66,8.45373e+06,8.52121e+06,0.940455,0.940455,0.940455,0.940455,0.940455,0.940455
29.5129,108.538,29.5122,515.104,59173.5,66923.5,6534.16,8.45726e+06,8.52497e+06,0.94058,0.94058,0.94058,0.94058,0.94058,0.94058
29.5081,108.582,29.5076,516.164,59184.8,66951.2,6537.66,8.46078e+06,8.52874e+06,0.940705,0.940705,0.940705,0.940705,0.940705,0.940705
29.5035,108.626,29.5028,517.577,59196.1,66980,6541.17,8.46431e+06,8.53251e+06,0.94083,0.94083,0.94083,0.94083,0.94083,0.94083
29.4988,108.67,29.4982,518.837,59206.5,67006.5,6544.69,8.46784e+06,8.53628e+06,0.940955,0.940955,0.940955,0.940955,0.940955,0.940955
29.4942,108.714,29.4933,520.219,59218.2,67036,6548.22,8.47137e+06,8.54004e+06,0.94108,0.94108,0.94108,0.94108,0.94108,0.94108
29.4896,108.758,29.4884,521.546,59230.3,67066.2,6551.76,8.4749e+06,8.54382e+06,0.941205,0.941205,0.941205,0.941205,0.941205,0.941205
29.4851,108.801,29.4837,523.136,59241.2,67094.8,6555.3,8.47843e+06,8.54759e+06,0.94133,0.94133,0.94133,0.94133,0.94133,0.94133
29.4806,108.845,29.4791,524.542,59251.5,67121.6,6558.85,8.48196e+06,8.55137e+06,0.941455,0.941455,0.941455,0.941455,0.941455,0.941455
29.4759,108.889,29.4746,525.658,59262.3,67148.4,6562.41,8.4855e+06,8.55514e+06,0.94158,0.94158,0.94158,0.94158,0.94158,0.94158
29.4714,108.933,29.4698,527.15,59273.7,67177.7,6565.98,8.48903e+06,8.55892e+06,0.941705,0.941705,0.941705,0.941705,0.941705,0.941705
29.4669,108.977,29.4651,528.583,59285.2,67207.2,6569.55,8.49256e+06,8.5627e+06,0.94183,0.94183,0.94183,0.94183,0.94183,0.94183
29.4621,109.021,29.4602,529.665,59298.7,67239.7,6573.13,8.4961e+06,8.56648e+06,0.941955,0.941955,0.941955,0.941955,0.941955,0.941955
29.4576,109.065,29.4557,530.974,59309.7,67267.7,6576.72,8.49964e+06,8.57027e+06,0.94208,0.94208,0.94208,0.94208,0.94208,0.94208
29.4531,109.109,29.4512,532.418,59319.8,67294.2,6580.32,8.50318e+06,8.57405e+06,0.942205,0.942205,0.942205,0.942205,0.942205,0.942205
29.4485,109.153,29.4466,533.533,59331.3,67322.6,6583.93,8.50672e+06,8.57784e+06,0.94233,0.94233,0.94233,0.94233,0.94233,0.94233
29.4439,109.197,29.4421,534.841,59342.3,67350.6,6587.55,8.51026e+06,8.58162e+06,0.942455,0.942455,0.942455,0.942455,0.942455,0.942455
29.4392,109.241,29.4376,535.785,59353.9,67378.6,6591.17,8.5138e+06,8.58542e+06,0.94258,0.94258,0.94258,0.94258,0.94258,0.94258
29.4347,109.285,29.433,537.068,59365,67406.8,6594.8,8.51734e+06,8.58921e+06,0.942705,0.942705,0.942705,0.942705,0.942705,0.942705
29.43,109.329,29.4286,538.087,59376.5,67435,6598.44,8.52088e+06,8.593e+06,0.94283,0.94283,0.94283,0.94283,0.94283,0.94283
29.4254,109.373,29.424,539.385,59388.2,67464.5,6602.08,8.52443e+06,8.59679e+06,0.942955,0.942955,0.942955,0.942955,0.942955,0.942955
29.4209,109.417,29.4194,540.67,59399.5,67493.1,6605.74,8.52797e+06,8.60059e+06,0.94308,0.94308,0.94308,0.94308,0.94308,0.94308
29.4163,109.461,29.415,541.75,59410.6,67520.7,6609.4,8.53152e+06,8.60439e+06,0.943205,0.943205,0.943205,0.943205,0.943205,0.943205
29.4117,109.505,29.4106,542.791,59421.9,67548.5,6613.07,8.53507e+06,8.60819e+06,0.94333,0.94333,0.94333,0.94333,0.94333,0.94333
29.4073,109.549,29.4062,544.145,59432.6,67575.9,6616.75,8.53862e+06,8.61199e+06,0.943455,0.943455,0.943455,0.943455,0.943455,0.943455
29.4028,109.593,29.4016,545.36,59444.4,67605.5,6620.43,8.54217e+06,8.61579e+06,0.94358,0.94358,0.94358,0.94358,0.94358,0.94358
29.3984,109.637,29.3972,546.767,59455.2,67633.5,6624.13,8.54572e+06,8.61959e+06,0.943705,0.943705,0.943705,0.943705,0.943705,0.943705
29.394,109.681,29.3927,548.114,59466.4,67662.1,6627.83,8.54927e+06,8.6234e+06,0.94383,0.94383,0.94383,0.94383,0.94383,0.94383
29.3894,109.725,29.3882,549.297,59478.7,67692.6,6631.54,8.55282e+06,8.62721e+06,0.943955,0.943955,0.943955,0.943955,0.943955,0.943955
29.385,109.77,29.3837,550.663,59490.1,67721.7,6635.26,8.55638e+06,8.63102e+06,0.94408,0.94408,0.94408,0.94408,0.94408,0.94408
29.3806,109.814,29.3792,552.038,59501.4,67750.8,6638.99,8.55993e+06,8.63482e+06,0.944205,0.944205,0.944205,0.944205,0.944205,0.944205
29.3764,109.858,29.3748,553.643,59512.2,67779.2,6642.73,8.56349e+06,8.63864e+06,0.94433,0.94433,0.94433,0.94433,0.94433,0.94433
29.372,109.902,29.3704,554.952,59523.3,67807.8,6646.47,8.56705e+06,8.64245e+06,0.944455,0.944455,0.944455,0.944455,0.944455,0.944455
29.3676,109.946,29.3662,556.228,59533.9,67834.7,6650.23,8.5706e+06,8.64627e+06,0.94458,0.94458,0.94458,0.94458,0.94458,0.94458
29.3632,109.99,29.3616,557.56,59546.1,67865.7,6653.99,8.57416e+06,8.65008e+06,0.944705,0.944705,0.944705,0.944705,0.944705,0.944705
29.3589,110.034,29.3574,558.892,59556.7,67893,6657.76,8.57772e+06,8.6539e+06,0.94483,0.94483,0.94483,0.94483,0.94483,0.94483
29.3545,110.078,29.353,560.142,59568.1,67922,6661.54,8.58128e+06,8.65772e+06,0.944955,0.944955,0.944955,0.944955,0.944955,0.944955
29.35,110.122,29.3488,561.213,59579.3,67949.9,6665.33,8.58485e+06,8.66154e+06,0.94508,0.94508,0.94508,0.94508,0.94508,0.94508
29.3457,110.167,29.3444,562.6,59590.5,67978.7,6669.12,8.58841e+06,8.66537e+06,0.945205,0.945205,0.945205,0.945205,0.945205,0.945205
29.3413,110.211,29.3402,563.635,59601.7,68006.4,6672.92,8.59197e+06,8.66919e+06,0.94533,0.94533,0.94533,0.94533,0.94533,0.94533
29.3371,110.255,29.3359,565.157,59612.7,68035.3,6676.74,8.59554e+06,8.67302e+06,0.945455,0.945455,0.945455,0.945455,0.945455,0.945455
29.3327,110.299,29.3316,566.364,59624.1,68064,6680.56,8.59911e+06,8.67684e+06,0.94558,0.94558,0.94558,0.94558,0.94558,0.94558
29.3284,110.343,29.3273,567.81,59635.1,68092.8,6684.39,8.60267e+06,8.68068e+06,0.945705,0.945705,0.945705,0.945705,0.945705,0.945705
29.3243,110.388,29.323,569.531,59645.7,68121.4,6688.23,8.60624e+06,8.68451e+06,0.94583,0.94583,0.94583,0.94583,0.94583,0.94583
29.32,110.432,29.3188,570.797,59656.9,68150.1,6692.07,8.60981e+06,8.68834e+06,0.945955,0.945955,0.945955,0.945955,0.945955,0.945955
29.3158,110.476,29.3145,572.094,59668.3,68179,6695.93,8.61338e+06,8.69217e+06,0.94608,0.94608,0.94608,0.94608,0.94608,0.94608
29.3116,110.52,29.3103,573.601,59679.2,68207.6,6699.79,8.61696e+06,8.69601e+06,0.946205,0.946205,0.946205,0.946205,0.946205,0.946205
29.3075,110.564,29.306,575.165,59690.3,68237,6703.67,8.62053e+06,8.69985e+06,0.94633,0.94633,0.94633,0.94633,0.94633,0.94633
29.3031,110.609,29.3018,576.309,59702.2,68266.6,6707.55,8.6241e+06,8.70369e+06,0.946455,0.946455,0.946455,0.946455,0.946455,0.946455
29.299,110.653,29.2973,577.985,59714.5,68299,6711.44,8.62768e+06,8.70753e+06,0.94658,0.94658,0.94658,0.94658,0.94658,0.94658
29.2948,110.698,29.2931,579.31,59726.3,68329.1,6715.34,8.63125e+06,8.71137e+06,0.946705,0.946705,0.946705,0.946705,0.946705,0.946705
29.2904,110.742,29.2889,580.275,59738.1,68358.3,6719.25,8.63483e+06,8.71521e+06,0.94683,0.94683,0.94683,0.94683,0.94683,0.94683
29.2863,110.786,29.2847,581.869,59749.5,68388.2,6723.17,8.63841e+06,8.71906e+06,0.946955,0.946955,0.946955,0.946955,0.946955,0.946955
29.2821,110.831,29.2806,583.218,59760.2,68415.9,6727.1,8.64199e+06,8.72291e+06,0.94708,0.94708,0.94708,0.94708,0.94708,0.94708
29.2779,110.875,29.2764,584.505,59772.5,68447.1,6731.04,8.64557e+06,8.72676e+06,0.947205,0.947205,0.947205,0.947205,0.947205,0.947205
29.2737,110.92,29.2722,585.841,59783.7,68476,6734.98,8.64915e+06,8.73061e+06,0.94733,0.94733,0.94733,0.94733,0.94733,0.94733
29.2696,110.964,29.2682,587.229,59794.2,68503.6,6738.94,8.65273e+06,8.73446e+06,0.947455,0.947455,0.947455,0.947455,0.947455,0.947455
29.2655,111.008,29.264,588.645,59805.6,68533.2,6742.9,8.65631e+06,8.73831e+06,0.94758,0.94758,0.94758,0.94758,0.94758,0.94758
29.2613,111.053,29.2599,589.928,59817.6,68563.7,6746.87,8.6599e+06,8.74217e+06,0.947705,0.947705,0.947705,0.947705,0.947705,0.947705
29.2573,111.097,29.2557,591.489,59829.2,68594.1,6750.85,8.66348e+06,8.74602e+06,0.94783,0.94783,0.94783,0.94783,0.94783,0.94783
29.2533,111.141,29.2516,593.19,59839.6,68622.5,6754.84,8.66707e+06,8.74988e+06,0.947955,0.947955,0.947955,0.947955,0.947955,0.947955
29.2493,111.186,29.2475,594.721,59851,68652.4,6758.84,8.67066e+06,8.75374e+06,0.94808,0.94808,0.94808,0.94808,0.94808,0.94808
29.2453,111.23,29.2434,596.228,59862.3,68682.2,6762.85,8.67424e+06,8.75761e+06,0.948205,0.948205,0.948205,0.948205,0.948205,0.948205
29.2414,111.274,29.2394,597.893,59872.7,68710.2,6766.87,8.67784e+06,8.76147e+06,0.94833,0.94833,0.94833,0.94833,0.94833,0.94833
29.2373,111.319,29.2353,599.19,59884.5,68740.4,6770.9,8.68142e+06,8.76534e+06,0.948455,0.948455,0.948455,0.948455,0.948455,0.948455
29.2332,111.363,29.2313,600.492,59895.7,68769.3,6774.94,8.68502e+06,8.7692e+06,0.94858,0.94858,0.94858,0.94858,0.94858,0.94858
29.2291,111.408,29.2274,601.736,59906.5,68797,6778.99,8.68861e+06,8.77307e+06,0.948705,0.948705,0.948705,0.948705,0.948705,0.948705
29.2249,111.452,29.2235,602.901,59917.9,68826,6783.04,8.6922e+06,8.77694e+06,0.94883,0.94883,0.94883,0.94883,0.94883,0.94883
29.2209,111.497,29.2191,604.494,59930.9,68859.8,6787.11,8.6958e+06,8.78081e+06,0.948955,0.948955,0.948955,0.948955,0.948955,0.948955
29.2167,111.542,29.215,605.579,59943.8,68891.9,6791.18,8.6994e+06,8.78469e+06,0.94908,0.94908,0.94908,0.94908,0.94908,0.94908
29.2128,111.587,29.211,607.159,59955.5,68922.8,6795.27,8.70299e+06,8.78856e+06,0.949205,0.949205,0.949205,0.949205,0.949205,0.949205
29.2087,111.631,29.2069,608.458,59967.5,68953.4,6799.36,8.70659e+06,8.79244e+06,0.94933,0.94933,0.94933,0.94933,0.94933,0.94933
29.2047,111.676,29.2029,609.936,59979.6,68985,6803.46,8.71019e+06,8.79632e+06,0.949455,0.949455,0.949455,0.949455,0.949455,0.949455
29.2008,111.72,29.1989,611.407,59991,69014.9,6807.57,8.71379e+06,8.8002e+06,0.94958,0.94958,0.94958,0.94958,0.94958,0.94958
29.1967,111.765,29.195,612.624,60002.7,69044.7,6811.69,8.71739e+06,8.80408e+06,0.949705,0.949705,0.949705,0.949705,0.949705,0.949705
29.193,111.809,29.191,614.379,60013.5,69074.1,6815.83,8.72099e+06,8.80796e+06,0.94983,0.94983,0.94983,0.94983,0.94983,0.94983
29.1889,111.854,29.1871,615.542,60025.8,69105.1,6819.97,8.7246e+06,8.81185e+06,0.949955,0.949955,0.949955,0.949955,0.949955,0.949955
29.1849,111.899,29.1831,616.934,60038,69136.6,6824.12,8.7282e+06,8.81574e+06,0.95008,0.95008,0.95008,0.95008,0.95008,0.95008
29.1811,111.944,29.1791,618.667,60049.8,69168.3,6828.28,8.7318e+06,8.81962e+06,0.950205,0.950205,0.950205,0.950205,0.950205,0.950205
29.1773,111.988,29.1752,620.104,60060.7,69197,6832.45,8.73541e+06,8.82351e+06,0.95033,0.95033,0.95033,0.95033,0.95033,0.95033
29.1732,112.033,29.1713,621.333,60072.9,69228.2,6836.63,8.73902e+06,8.8274e+06,0.950455,0.950455,0.950455,0.950455,0.950455,0.950455
29.1692,112.078,29.1673,622.502,60085.7,69260.2,6840.81,8.74263e+06,8.8313e+06,0.95058,0.95058,0.95058,0.95058,0.95058,0.95058
29.1653,112.123,29.1634,624.01,60097.4,69291.2,6845.01,8.74624e+06,8.83519e+06,0.950705,0.950705,0.950705,0.950705,0.950705,0.950705
29.1614,112.167,29.1596,625.317,60109,69321.2,6849.22,8.74985e+06,8.83909e+06,0.95083,0.95083,0.95083,0.95083,0.95083,0.95083
29.1576,112.212,29.1558,626.883,60120.1,69350.7,6853.44,8.75346e+06,8.84299e+06,0.950955,0.950955,0.950955,0.950955,0.950955,0.950955
29.154,112.256,29.1519,628.784,60131.1,69381.2,6857.67,8.75707e+06,8.84689e+06,0.95108,0.95108,0.95108,0.95108,0.95108,0.95108
29.1503,112.301,29.148,630.541,60142.7,69412.5,6861.9,8.76069e+06,8.85079e+06,0.951205,0.951205,0.951205,0.951205,0.951205,0.951205
29.1465,112.346,29.1442,631.856,60153.8,69441.4,6866.15,8.7643e+06,8.8547e+06,0.95133,0.95133,0.95133,0.95133,0.95133,0.95133
29.1425,112.391,29.1404,633.195,60166.3,69473.6,6870.41,8.76792e+06,8.8586e+06,0.951455,0.951455,0.951455,0.951455,0.951455,0.951455
29.1389,112.435,29.1366,634.899,60177.4,69503.5,6874.68,8.77154e+06,8.86251e+06,0.95158,0.95158,0.95158,0.95158,0.95158,0.95158
29.135,112.48,29.1328,636.229,60189.4,69534.6,6878.96,8.77515e+06,8.86642e+06,0.951705,0.951705,0.951705,0.951705,0.951705,0.951705
29.1313,112.525,29.129,637.791,60200.8,69565,6883.25,8.77877e+06,8.87032e+06,0.95183,0.95183,0.95183,0.95183,0.95183,0.95183
29.1276,112.57,29.1251,639.467,60213.1,69597.7,6887.54,8.78239e+06,8.87424e+06,0.951955,0.951955,0.951955,0.951955,0.951955,0.951955
29.1238,112.614,29.1213,640.823,60224.9,69628.3,6891.85,8.78602e+06,8.87815e+06,0.95208,0.95208,0.95208,0.95208,0.95208,0.95208
29.1201,112.659,29.1174,642.449,60238.1,69663,6896.17,8.78964e+06,8.88207e+06,0.952205,0.952205,0.952205,0.952205,0.952205,0.952205
29.1165,112.704,29.1136,644.24,60250.2,69695.7,6900.5,8.79326e+06,8.88598e+06,0.95233,0.95233,0.95233,0.95233,0.95233,0.95233
29.1126,112.749,29.1098,645.453,60262.6,69727.5,6904.84,8.79689e+06,8.8899e+06,0.952455,0.952455,0.952455,0.952455,0.952455,0.952455
29.1087,112.794,29.1061,646.621,60275.2,69759.3,6909.19,8.80051e+06,8.89382e+06,0.95258,0.95258,0.95258,0.95258,0.95258,0.95258
29.105,112.839,29.1023,648.164,60287.1,69791,6913.55,8.80414e+06,8.89774e+06,0.952705,0.952705,0.952705,0.952705,0.952705,0.952705
29.1013,112.884,29.0987,649.66,60298.1,69820.2,6917.92,8.80777e+06,8.90167e+06,0.95283,0.95283,0.95283,0.95283,0.95283,0.95283
29.0976,112.929,29.095,651.026,60309.2,69849.4,6922.3,8.8114e+06,8.90559e+06,0.952955,0.952955,0.952955,0.952955,0.952955,0.952955
29.0937,112.974,29.0913,652.226,60322.4,69883,6926.69,8.81503e+06,8.90952e+06,0.95308,0.95308,0.95308,0.95308,0.95308,0.95308
29.0901,113.019,29.0876,653.757,60333.9,69913.5,6931.09,8.81866e+06,8.91345e+06,0.953205,0.953205,0.953205,0.953205,0.953205,0.953205
29.0864,113.064,29.0839,655.348,60346.6,69947.1,6935.5,8.82229e+06,8.91738e+06,0.95333,0.95333,0.95333,0.95333,0.95333,0.95333
29.0828,113.109,29.0803,656.852,60357.2,69975.6,6939.92,8.82592e+06,8.92131e+06,0.953455,0.953455,0.953455,0.953455,0.953455,0.953455
29.0791,113.154,29.0766,658.256,60369.8,70008.3,6944.35,8.82956e+06,8.92525e+06,0.95358,0.95358,0.95358,0.95358,0.95358,0.95358
29.0755,113.199,29.073,659.707,60382.3,70040.9,6948.79,8.83319e+06,8.92918e+06,0.953705,0.953705,0.953705,0.953705,0.953705,0.953705
29.0719,113.244,29.0694,661.198,60393.7,70071.2,6953.24,8.83683e+06,8.93312e+06,0.95383,0.95383,0.95383,0.95383,0.95383,0.95383
29.0683,113.289,29.0658,662.83,60405.4,70102.8,6957.7,8.84046e+06,8.93706e+06,0.953955,0.953955,0.953955,0.953955,0.953955,0.953955
29.0648,113.333,29.0622,664.439,60416.8,70133.3,6962.17,8.8441e+06,8.941e+06,0.95408,0.95408,0.95408,0.95408,0.95408,0.95408
29.0612,113.378,29.0587,665.873,60428,70163.2,6966.66,8.84774e+06,8.94494e+06,0.954204,0.954204,0.954204,0.954204,0.954204,0.954204
29.0577,113.423,29.0552,667.403,60439,70192.6,6971.15,8.85138e+06,8.94889e+06,0.954329,0.954329,0.954329,0.954329,0.954329,0.954329
29.0539,113.469,29.0516,668.568,60451.9,70225.7,6975.65,8.85503e+06,8.95283e+06,0.954454,0.954454,0.954454,0.954454,0.954454,0.954454
29.0502,113.514,29.0479,669.98,60464.8,70259.2,6980.17,8.85867e+06,8.95678e+06,0.954579,0.954579,0.954579,0.954579,0.954579,0.954579
29.0466,113.559,29.0442,671.471,60478.1,70293.9,6984.69,8.86231e+06,8.96073e+06,0.954704,0.954704,0.954704,0.954704,0.954704,0.954704
29.0429,113.604,29.0407,672.562,60490.5,70325.5,6989.23,8.86596e+06,8.96468e+06,0.954829,0.954829,0.954829,0.954829,0.954829,0.954829
29.0393,113.649,29.0373,673.994,60501.8,70355.4,6993.77,8.8696e+06,8.96863e+06,0.954954,0.954954,0.954954,0.954954,0.954954,0.954954
29.0359,113.694,29.0337,675.759,60513.7,70387.9,6998.33,8.87325e+06,8.97259e+06,0.955079,0.955079,0.955079,0.955079,0.955079,0.955079
29.0324,113.739,29.0303,677.303,60525,70418.2,7002.9,8.8769e+06,8.97654e+06,0.955204,0.955204,0.955204,0.955204,0.955204,0.955204
29.0289,113.785,29.0267,678.743,60537.5,70451.1,7007.48,8.88055e+06,8.9805e+06,0.955329,0.955329,0.955329,0.955329,0.955329,0.955329
29.0253,113.83,29.0232,680.243,60550,70484,7012.06,8.8842e+06,8.98446e+06,0.955454,0.955454,0.955454,0.955454,0.955454,0.955454
29.0219,113.875,29.0197,681.834,60561.4,70514.9,7016.66,8.88785e+06,8.98842e+06,0.955579,0.955579,0.955579,0.955579,0.955579,0.955579
29.0184,113.92,29.0163,683.328,60573.5,70547,7021.27,8.8915e+06,8.99238e+06,0.955704,0.955704,0.955704,0.955704,0.955704,0.955704
29.0149,113.965,29.013,684.649,60584.7,70576.5,7025.89,8.89516e+06,8.99635e+06,0.955829,0.955829,0.955829,0.955829,0.955829,0.955829
29.0113,114.01,29.0095,685.972,60597.5,70609.6,7030.53,8.89881e+06,9.00032e+06,0.955954,0.955954,0.955954,0.955954,0.955954,0.955954
29.0077,114.056,29.006,687.225,60610.3,70642.7,7035.17,8.90247e+06,9.00428e+06,0.956079,0.956079,0.956079,0.956079,0.956079,0.956079
29.0044,114.101,29.0026,688.853,60621.8,70673.9,7039.82,8.90612e+06,9.00825e+06,0.956204,0.956204,0.956204,0.956204,0.956204,0.956204
29.001,114.146,28.9993,690.406,60633.4,70705,7044.48,8.90978e+06,9.01223e+06,0.956329,0.956329,0.956329,0.956329,0.956329,0.956329
28.9975,114.191,28.9957,691.966,60646.4,70739.6,7049.16,8.91344e+06,9.0162e+06,0.956454,0.956454,0.956454,0.956454,0.956454,0.956454
28.9941,114.237,28.9925,693.354,60658,70770.2,7053.85,8.9171e+06,9.02017e+06,0.956579,0.956579,0.956579,0.956579,0.956579,0.956579
28.9908,114.282,28.9892,695.081,60668.7,70799.9,7058.54,8.92076e+06,9.02415e+06,0.956704,0.956704,0.956704,0.956704,0.956704,0.956704
28.9875,114.327,28.9859,696.694,60680.3,70831.3,7063.25,8.92442e+06,9.02813e+06,0.956829,0.956829,0.956829,0.956829,0.956829,0.956829
28.9841,114.372,28.9824,698.289,60692.8,70864.7,7067.97,8.92809e+06,9.03211e+06,0.956954,0.956954,0.956954,0.956954,0.956954,0.956954
28.9809,114.417,28.979,700.021,60705.3,70898.5,7072.7,8.93175e+06,9.03609e+06,0.957079,0.957079,0.957079,0.957079,0.957079,0.957079
28.9774,114.463,28.9758,701.37,60716.9,70929.1,7077.44,8.93542e+06,9.04008e+06,0.957204,0.957204,0.957204,0.957204,0.957204,0.957204
28.9741,114.508,28.9725,702.946,60728.9,70961.4,7082.2,8.93908e+06,9.04406e+06,0.957329,0.957329,0.957329,0.957329,0.957329,0.957329
28.9706,114.554,28.9691,704.196,60742,70995.3,7086.96,8.94275e+06,9.04805e+06,0.957454,0.957454,0.957454,0.957454,0.957454,0.957454
28.9672,114.599,28.9659,705.461,60753.7,71026.1,7091.74,8.94642e+06,9.05204e+06,0.957579,0.957579,0.957579,0.957579,0.957579,0.957579
28.964,114.644,28.9626,707.183,60765.9,71059.3,7096.52,8.95009e+06,9.05603e+06,0.957704,0.957704,0.957704,0.957704,0.957704,0.957704
28.9607,114.69,28.9591,708.891,60779.2,71094.8,7101.32,8.95376e+06,9.06002e+06,0.957829,0.957829,0.957829,0.957829,0.957829,0.957829
28.9572,114.735,28.9559,709.974,60791.8,71127.1,7106.13,8.95743e+06,9.06401e+06,0.957954,0.957954,0.957954,0.957954,0.957954,0.957954
28.9539,114.78,28.9528,711.35,60803.6,71158.5,7110.95,8.96111e+06,9.06801e+06,0.958079,0.958079,0.958079,0.958079,0.958079,0.958079
28.9506,114.826,28.9495,712.886,60816.6,71193,7115.78,8.96478e+06,9.072e+06,0.958204,0.958204,0.958204,0.958204,0.958204,0.958204
28.9475,114.871,28.9462,714.733,60828.1,71225,7120.62,8.96846e+06,9.076e+06,0.958329,0.958329,0.958329,0.958329,0.958329,0.958329
28.9443,114.917,28.943,716.331,60840.3,71257.8,7125.47,8.97213e+06,9.08e+06,0.958454,0.958454,0.958454,0.958454,0.958454,0.958454
28.941,114.962,28.9398,717.782,60852.9,71291.4,7130.34,8.97581e+06,9.08401e+06,0.958579,0.958579,0.958579,0.958579,0.958579,0.958579
28.9379,115.007,28.9367,719.632,60864.1,71322.7,7135.22,8.97949e+06,9.08801e+06,0.958704,0.958704,0.958704,0.958704,0.958704,0.958704
28.9347,115.053,28.9335,721.169,60876.6,71356.1,7140.11,8.98317e+06,9.09202e+06,0.958829,0.958829,0.958829,0.958829,0.958829,0.958829
28.9315,115.098,28.9304,722.629,60888.7,71388.3,7145.01,8.98685e+06,9.09603e+06,0.958954,0.958954,0.958954,0.958954,0.958954,0.958954
28.9282,115.144,28.9272,724.057,60901.3,71421.9,7149.92,8.99053e+06,9.10004e+06,0.959079,0.959079,0.959079,0.959079,0.959079,0.959079
28.9253,115.189,28.924,726.139,60913,71455,7154.84,8.99421e+06,9.10405e+06,0.959204,0.959204,0.959204,0.959204,0.959204,0.959204
28.922,115.235,28.9207,727.444,60926.5,71490.2,7159.78,8.9979e+06,9.10806e+06,0.959329,0.959329,0.959329,0.959329,0.959329,0.959329
28.9187,115.281,28.9174,728.924,60939.8,71525.5,7164.72,9.00158e+06,9.11208e+06,0.959454,0.959454,0.959454,0.959454,0.959454,0.959454
28.9156,115.326,28.9143,730.424,60952.2,71558.7,7169.68,9.00527e+06,9.11609e+06,0.959579,0.959579,0.959579,0.959579,0.959579,0.959579
28.9126,115.372,28.9113,732.283,60963.4,71590,7174.65,9.00895e+06,9.12011e+06,0.959704,0.959704,0.959704,0.959704,0.959704,0.959704
28.9096,115.417,28.9083,734.209,60974.8,71622.1,7179.64,9.01264e+06,9.12413e+06,0.959829,0.959829,0.959829,0.959829,0.959829,0.959829
28.9065,115.462,28.9053,735.698,60987,71654.9,7184.63,9.01633e+06,9.12815e+06,0.959954,0.959954,0.959954,0.959954,0.959954,0.959954
28.9033,115.508,28.9021,737.164,60999.9,71689.1,7189.64,9.02002e+06,9.13218e+06,0.960079,0.960079,0.960079,0.960079,0.960079,0.960079
28.9002,115.554,28.899,738.746,61012.5,71723,7194.66,9.02371e+06,9.1362e+06,0.960204,0.960204,0.960204,0.960204,0.960204,0.960204
28.8972,115.6,28.8959,740.484,61025.3,71758.1,7199.69,9.0274e+06,9.14023e+06,0.960329,0.960329,0.960329,0.960329,0.960329,0.960329
28.8941,115.645,28.8929,741.91,61037.7,71791.1,7204.73,9.0311e+06,9.14426e+06,0.960454,0.960454,0.960454,0.960454,0.960454,0.960454
28.891,115.691,28.8898,743.47,61050.6,71825.8,7209.78,9.03479e+06,9.14829e+06,0.960579,0.960579,0.960579,0.960579,0.960579,0.960579
28.888,115.737,28.8866,745.256,61063.5,71861,7214.85,9.03849e+06,9.15232e+06,0.960704,0.960704,0.960704,0.960704,0.960704,0.960704
28.885,115.782,28.8834,747.065,61076.9,71897.6,7219.93,9.04219e+06,9.15636e+06,0.960829,0.960829,0.960829,0.960829,0.960829,0.960829
28.882,115.828,28.8803,748.739,61089.4,71931.6,7225.02,9.04588e+06,9.16039e+06,0.960954,0.960954,0.960954,0.960954,0.960954,0.960954
28.8791,115.873,28.8776,750.338,61100,71961,7230.12,9.04958e+06,9.16443e+06,0.961079,0.961079,0.961079,0.961079,0.961079,0.961079
28.8761,115.919,28.8745,752.137,61113,71996.6,7235.24,9.05328e+06,9.16847e+06,0.961204,0.961204,0.961204,0.961204,0.961204,0.961204
28.8731,115.965,28.8716,753.638,61125.2,72029.5,7240.37,9.05698e+06,9.17251e+06,0.961329,0.961329,0.961329,0.961329,0.961329,0.961329
28.8703,116.01,28.8687,755.507,61136.7,72061.8,7245.51,9.06069e+06,9.17655e+06,0.961454,0.961454,0.961454,0.961454,0.961454,0.961454
28.8675,116.056,28.8658,757.367,61148.3,72094.4,7250.66,9.06439e+06,9.1806e+06,0.961579,0.961579,0.961579,0.961579,0.961579,0.961579
28.8644,116.102,28.8627,758.967,61161.9,72130.8,7255.83,9.06809e+06,9.18464e+06,0.961704,0.961704,0.961704,0.961704,0.961704,0.961704
28.8616,116.147,28.8596,760.865,61174.8,72166.6,7261,9.0718e+06,9.18869e+06,0.961829,0.961829,0.961829,0.961829,0.961829,0.961829
28.8588,116.193,28.8568,762.693,61186.2,72198.7,7266.19,9.07551e+06,9.19274e+06,0.961954,0.961954,0.961954,0.961954,0.961954,0.961954
28.856,116.239,28.854,764.453,61198.3,72232,7271.4,9.07922e+06,9.1968e+06,0.962079,0.962079,0.962079,0.962079,0.962079,0.962079
28.8531,116.284,28.8512,766.029,61210.1,72264.4,7276.61,9.08292e+06,9.20085e+06,0.962204,0.962204,0.962204,0.962204,0.962204,0.962204
28.8502,116.33,28.8483,767.751,61222.5,72298.5,7281.84,9.08663e+06,9.2049e+06,0.962329,0.962329,0.962329,0.962329,0.962329,0.962329
28.8473,116.376,28.8455,769.387,61234.9,72332.3,7287.08,9.09034e+06,9.20896e+06,0.962454,0.962454,0.962454,0.962454,0.962454,0.962454
28.8444,116.422,28.8425,771.045,61248.1,72368.1,7292.34,9.09406e+06,9.21302e+06,0.962579,0.962579,0.962579,0.962579,0.962579,0.962579
28.8415,116.468,28.8395,772.643,61261.2,72403.5,7297.6,9.09777e+06,9.21708e+06,0.962704,0.962704,0.962704,0.962704,0.962704,0.962704
28.8387,116.513,28.8367,774.292,61273.8,72438.1,7302.88,9.10148e+06,9.22114e+06,0.962829,0.962829,0.962829,0.962829,0.962829,0.962829
28.8358,116.559,28.8338,776.009,61286.7,72473.2,7308.17,9.1052e+06,9.22521e+06,0.962954,0.962954,0.962954,0.962954,0.962954,0.962954
28.8334,116.605,28.8309,778.178,61298.6,72507.5,7313.48,9.10892e+06,9.22928e+06,0.963079,0.963079,0.963079,0.963079,0.963079,0.963079
28.8304,116.651,28.8282,779.611,61311,72540.9,7318.79,9.11263e+06,9.23334e+06,0.963204,0.963204,0.963204,0.963204,0.963204,0.963204
28.8273,116.697,28.8255,780.818,61324.2,72575.5,7324.12,9.11635e+06,9.23741e+06,0.963329,0.963329,0.963329,0.963329,0.963329,0.963329
28.8244,116.743,28.8227,782.287,61337.1,72610.3,7329.46,9.12007e+06,9.24149e+06,0.963454,0.963454,0.963454,0.963454,0.963454,0.963454
28.8214,116.789,28.8198,783.713,61351.1,72647.4,7334.82,9.12379e+06,9.24556e+06,0.963579,0.963579,0.963579,0.963579,0.963579,0.963579
28.8186,116.835,28.817,785.339,61364.2,72683.2,7340.18,9.12752e+06,9.24964e+06,0.963704,0.963704,0.963704,0.963704,0.963704,0.963704
28.8158,116.881,28.8142,786.923,61377.3,72718.5,7345.56,9.13124e+06,9.25371e+06,0.963829,0.963829,0.963829,0.963829,0.963829,0.963829
28.8128,116.927,28.8115,788.213,61390.8,72754.3,7350.96,9.13496e+06,9.25779e+06,0.963954,0.963954,0.963954,0.963954,0.963954,0.963954
28.81,116.973,28.8088,789.747,61403.1,72788,7356.36,9.13869e+06,9.26187e+06,0.964079,0.964079,0.964079,0.964079,0.964079,0.964079
28.8073,117.019,28.8063,791.384,61415,72820.7,7361.77,9.14242e+06,9.26596e+06,0.964204,0.964204,0.964204,0.964204,0.964204,0.964204
28.8045,117.065,28.8037,793.004,61427.3,72854.5,7367.2,9.14614e+06,9.27004e+06,0.964329,0.964329,0.964329,0.964329,0.964329,0.964329
28.8018,117.111,28.8009,794.749,61440.1,72890,7372.65,9.14987e+06,9.27412e+06,0.964454,0.964454,0.964454,0.964454,0.964454,0.964454
28.7992,117.157,28.7981,796.529,61453.3,72926.3,7378.1,9.1536e+06,9.27821e+06,0.964579,0.964579,0.964579,0.964579,0.964579,0.964579
28.7963,117.203,28.7954,797.989,61466.7,72962.3,7383.57,9.15733e+06,9.2823e+06,0.964704,0.964704,0.964704,0.964704,0.964704,0.964704
28.7936,117.249,28.7927,799.524,61479.8,72997.8,7389.05,9.16106e+06,9.2864e+06,0.964829,0.964829,0.964829,0.964829,0.964829,0.964829
28.7908,117.295,28.7901,801.124,61492.6,73032.8,7394.55,9.1648e+06,9.29049e+06,0.964954,0.964954,0.964954,0.964954,0.964954,0.964954
28.7882,117.342,28.7874,802.811,61505.4,73068.1,7400.05,9.16853e+06,9.29458e+06,0.965079,0.965079,0.965079,0.965079,0.965079,0.965079
28.7855,117.388,28.7846,804.474,61519,73105.2,7405.57,9.17227e+06,9.29868e+06,0.965204,0.965204,0.965204,0.965204,0.965204,0.965204
28.7828,117.434,28.7822,806.02,61531.3,73138.9,7411.11,9.176e+06,9.30278e+06,0.965329,0.965329,0.965329,0.965329,0.965329,0.965329
28.7802,117.48,28.7797,807.769,61543.2,73172.2,7416.65,9.17974e+06,9.30688e+06,0.965454,0.965454,0.965454,0.965454,0.965454,0.965454
28.7775,117.526,28.777,809.544,61556.5,73209,7422.21,9.18348e+06,9.31098e+06,0.965579,0.965579,0.965579,0.965579,0.965579,0.965579
28.7749,117.572,28.7744,811.089,61569.3,73244,7427.79,9.18722e+06,9.31509e+06,0.965704,0.965704,0.965704,0.965704,0.965704,0.965704
28.7724,117.618,28.7718,813.166,61581.7,73279.5,7433.37,9.19096e+06,9.31919e+06,0.965829,0.965829,0.965829,0.965829,0.965829,0.965829
28.7697,117.664,28.7692,814.698,61594.8,73315.1,7438.97,9.1947e+06,9.3233e+06,0.965954,0.965954,0.965954,0.965954,0.965954,0.965954
28.7672,117.71,28.7667,816.41,61607.6,73350.5,7444.59,9.19845e+06,9.32741e+06,0.966079,0.966079,0.966079,0.966079,0.966079,0.966079
28.7648,117.756,28.764,818.476,61620.2,73386.3,7450.21,9.20219e+06,9.33152e+06,0.966204,0.966204,0.966204,0.966204,0.966204,0.966204
28.7624,117.802,28.7615,820.502,61632.5,73421.4,7455.86,9.20594e+06,9.33564e+06,0.966329,0.966329,0.966329,0.966329,0.966329,0.966329
28.7598,117.849,28.7589,822.213,61645.6,73457.7,7461.51,9.20968e+06,9.33975e+06,0.966454,0.966454,0.966454,0.966454,0.966454,0.966454
28.7573,117.895,28.7561,824.036,61659.5,73496.1,7467.18,9.21343e+06,9.34387e+06,0.966579,0.966579,0.966579,0.966579,0.966579,0.966579
28.7548,117.941,28.7536,825.912,61672.4,73532.2,7472.86,9.21718e+06,9.34799e+06,0.966704,0.966704,0.966704,0.966704,0.966704,0.966704
28.7523,117.987,28.7511,827.69,61685.2,73568,7478.56,9.22093e+06,9.35211e+06,0.966829,0.966829,0.966829,0.966829,0.966829,0.966829
28.7497,118.034,28.7486,829.232,61698.4,73604.1,7484.27,9.22468e+06,9.35623e+06,0.966954,0.966954,0.966954,0.966954,0.966954,0.966954
28.7471,118.08,28.7462,830.708,61711.5,73639.5,7489.99,9.22843e+06,9.36036e+06,0.967079,0.967079,0.967079,0.967079,0.967079,0.967079
28.7445,118.126,28.7436,832.294,61725.3,73677.2,7495.73,9.23218e+06,9.36449e+06,0.967204,0.967204,0.967204,0.967204,0.967204,0.967204
28.7419,118.173,28.7411,833.817,61738.6,73713.5,7501.48,9.23594e+06,9.36861e+06,0.967329,0.967329,0.967329,0.967329,0.967329,0.967329
28.7394,118.219,28.7389,835.383,61750.8,73747.3,7507.24,9.23969e+06,9.37274e+06,0.967454,0.967454,0.967454,0.967454,0.967454,0.967454
28.7368,118.265,28.7366,836.877,61763.8,73782.8,7513.02,9.24345e+06,9.37688e+06,0.967579,0.967579,0.967579,0.967579,0.967579,0.967579
28.7344,118.312,28.7341,838.71,61777.2,73820.1,7518.81,9.24721e+06,9.38101e+06,0.967704,0.967704,0.967704,0.967704,0.967704,0.967704
28.7318,118.358,28.7315,840.186,61791.4,73858.5,7524.61,9.25097e+06,9.38515e+06,0.967829,0.967829,0.967829,0.967829,0.967829,0.967829
28.7293,118.405,28.7288,841.641,61806.1,73898,7530.43,9.25473e+06,9.38928e+06,0.967954,0.967954,0.967954,0.967954,0.967954,0.967954
28.7268,118.451,28.7264,843.224,61819.8,73935.5,7536.26,9.25849e+06,9.39342e+06,0.968078,0.968078,0.968078,0.968078,0.968078,0.968078
28.7243,118.498,28.7243,844.555,61832.2,73969.2,7542.11,9.26225e+06,9.39757e+06,0.968203,0.968203,0.968203,0.968203,0.968203,0.968203
28.7218,118.544,28.7221,846.045,61845.2,74004.8,7547.96,9.26601e+06,9.40171e+06,0.968328,0.968328,0.968328,0.968328,0.968328,0.968328
28.7196,118.59,28.72,848.115,61856.6,74038,7553.83,9.26978e+06,9.40585e+06,0.968453,0.968453,0.968453,0.968453,0.968453,0.968453
28.7173,118.636,28.7178,850.122,61868.5,74072.3,7559.72,9.27354e+06,9.41e+06,0.968578,0.968578,0.968578,0.968578,0.968578,0.968578
28.7149,118.683,28.7152,851.873,61882.8,74111.8,7565.62,9.27731e+06,9.41415e+06,0.968703,0.968703,0.968703,0.968703,0.968703,0.968703
28.7127,118.729,28.7129,853.951,61895.4,74148.1,7571.53,9.28108e+06,9.4183e+06,0.968828,0.968828,0.968828,0.968828,0.968828,0.968828
28.7104,118.776,28.7105,855.7,61909,74185.8,7577.46,9.28485e+06,9.42245e+06,0.968953,0.968953,0.968953,0.968953,0.968953,0.968953
28.708,118.822,28.7083,857.419,61921.8,74221.7,7583.41,9.28862e+06,9.42661e+06,0.969078,0.969078,0.969078,0.969078,0.969078,0.969078
28.7058,118.868,28.7061,859.339,61934.3,74257.2,7589.36,9.29239e+06,9.43076e+06,0.969203,0.969203,0.969203,0.969203,0.969203,0.969203
28.7036,118.914,28.7039,861.439,61946.5,74292.7,7595.34,9.29616e+06,9.43492e+06,0.969328,0.969328,0.969328,0.969328,0.969328,0.969328
28.7014,118.961,28.7013,863.291,61960.8,74332.5,7601.32,9.29993e+06,9.43908e+06,0.969453,0.969453,0.969453,0.969453,0.969453,0.969453
28.699,119.008,28.6988,864.893,61975.2,74372,7607.32,9.30371e+06,9.44324e+06,0.969578,0.969578,0.969578,0.969578,0.969578,0.969578
28.6966,119.054,28.6969,866.19,61987.8,74406.2,7613.34,9.30748e+06,9.44741e+06,0.969703,0.969703,0.969703,0.969703,0.969703,0.969703
28.6943,119.101,28.6946,867.916,62001.7,74444.7,7619.37,9.31126e+06,9.45157e+06,0.969828,0.969828,0.969828,0.969828,0.969828,0.969828
28.6921,119.147,28.6924,869.887,62014.3,74480.9,7625.41,9.31504e+06,9.45574e+06,0.969953,0.969953,0.969953,0.969953,0.969953,0.969953
28.6898,119.194,28.6899,871.597,62028.8,74520.9,7631.47,9.31882e+06,9.45991e+06,0.970078,0.970078,0.970078,0.970078,0.970078,0.970078
28.6877,119.24,28.6881,873.543,62040.2,74554,7637.54,9.3226e+06,9.46408e+06,0.970203,0.970203,0.970203,0.970203,0.970203,0.970203
28.6856,119.287,28.6857,875.697,62053.5,74592.4,7643.63,9.32638e+06,9.46826e+06,0.970328,0.970328,0.970328,0.970328,0.970328,0.970328
28.6835,119.334,28.6834,877.68,62066.9,74630.4,7649.73,9.33016e+06,9.47243e+06,0.970453,0.970453,0.970453,0.970453,0.970453,0.970453
28.6812,119.38,28.6813,879.391,62080.1,74667.3,7655.85,9.33394e+06,9.47661e+06,0.970578,0.970578,0.970578,0.970578,0.970578,0.970578
28.679,119.427,28.6792,881.082,62093.2,74704.1,7661.98,9.33773e+06,9.48079e+06,0.970703,0.970703,0.970703,0.970703,0.970703,0.970703
28.6768,119.473,28.6774,882.866,62105.4,74738.6,7668.13,9.34151e+06,9.48497e+06,0.970828,0.970828,0.970828,0.970828,0.970828,0.970828
28.6745,119.52,28.675,884.372,62119.9,74778.3,7674.29,9.3453e+06,9.48915e+06,0.970953,0.970953,0.970953,0.970953,0.970953,0.970953
28.6724,119.566,28.673,886.183,62132.8,74814.8,7680.47,9.34909e+06,9.49334e+06,0.971078,0.971078,0.971078,0.971078,0.971078,0.971078
28.6704,119.613,28.6711,888.292,62144.6,74849.5,7686.66,9.35288e+06,9.49752e+06,0.971203,0.971203,0.971203,0.971203,0.971203,0.971203
28.6684,119.659,28.669,890.438,62157.5,74886.8,7692.86,9.35667e+06,9.50171e+06,0.971328,0.971328,0.971328,0.971328,0.971328,0.971328
28.6663,119.706,28.6665,892.324,62172,74927.6,7699.08,9.36046e+06,9.5059e+06,0.971453,0.971453,0.971453,0.971453,0.971453,0.971453
28.6642,119.753,28.6647,894.176,62184.5,74963.3,7705.32,9.36425e+06,9.51009e+06,0.971578,0.971578,0.971578,0.971578,0.971578,0.971578
28.662,119.8,28.6625,895.687,62198.8,75002.5,7711.57,9.36804e+06,9.51428e+06,0.971703,0.971703,0.971703,0.971703,0.971703,0.971703
28.66,119.846,28.6604,897.735,62211.8,75040,7717.84,9.37184e+06,9.51848e+06,0.971828,0.971828,0.971828,0.971828,0.971828,0.971828
28.6579,119.893,28.6584,899.615,62224.8,75077.1,7724.12,9.37563e+06,9.52268e+06,0.971953,0.971953,0.971953,0.971953,0.971953,0.971953
28.6559,119.94,28.6563,901.584,62238.3,75115.5,7730.42,9.37943e+06,9.52688e+06,0.972078,0.972078,0.972078,0.972078,0.972078,0.972078
28.654,119.986,28.6541,903.612,62251.7,75154,7736.73,9.38323e+06,9.53108e+06,0.972203,0.972203,0.972203,0.972203,0.972203,0.972203
28.6521,120.033,28.652,905.861,62264.7,75192,7743.06,9.38703e+06,9.53528e+06,0.972328,0.972328,0.972328,0.972328,0.972328,0.972328
28.6501,120.08,28.6498,907.757,62278.6,75231.5,7749.4,9.39083e+06,9.53949e+06,0.972453,0.972453,0.972453,0.972453,0.972453,0.972453
28.648,120.127,28.6477,909.453,62292.9,75271.3,7755.76,9.39463e+06,9.5437e+06,0.972578,0.972578,0.972578,0.972578,0.972578,0.972578
28.6459,120.174,28.6457,911.194,62306.4,75309.2,7762.13,9.39843e+06,9.54791e+06,0.972703,0.972703,0.972703,0.972703,0.972703,0.972703
28.644,120.22,28.6437,913.233,62319.7,75347.6,7768.52,9.40223e+06,9.55212e+06,0.972828,0.972828,0.972828,0.972828,0.972828,0.972828
28.6419,120.268,28.6415,914.87,62334.1,75387.6,7774.93,9.40604e+06,9.55633e+06,0.972953,0.972953,0.972953,0.972953,0.972953,0.972953
28.6397,120.315,28.6394,916.497,62348.7,75428,7781.34,9.40984e+06,9.56054e+06,0.973078,0.973078,0.973078,0.973078,0.973078,0.973078
28.6378,120.362,28.6373,918.502,62362.4,75467.3,7787.78,9.41365e+06,9.56476e+06,0.973203,0.973203,0.973203,0.973203,0.973203,0.973203
28.6358,120.409,28.6353,920.167,62376.3,75506.2,7794.23,9.41746e+06,9.56898e+06,0.973328,0.973328,0.973328,0.973328,0.973328,0.973328
28.6337,120.456,28.6333,921.88,62390.5,75546,7800.69,9.42127e+06,9.5732e+06,0.973453,0.973453,0.973453,0.973453,0.973453,0.973453
28.6317,120.503,28.6313,923.515,62404.7,75585.6,7807.17,9.42508e+06,9.57742e+06,0.973578,0.973578,0.973578,0.973578,0.973578,0.973578
28.6299,120.549,28.6296,925.571,62416.8,75621.1,7813.67,9.42889e+06,9.58165e+06,0.973703,0.973703,0.973703,0.973703,0.973703,0.973703
28.628,120.596,28.6279,927.476,62429.8,75658.4,7820.18,9.4327e+06,9.58588e+06,0.973828,0.973828,0.973828,0.973828,0.973828,0.973828
28.6263,120.643,28.626,929.668,62442.8,75696.5,7826.71,9.43652e+06,9.59011e+06,0.973953,0.973953,0.973953,0.973953,0.973953,0.973953
28.6244,120.69,28.624,931.678,62456.6,75736.1,7833.25,9.44033e+06,9.59434e+06,0.974078,0.974078,0.974078,0.974078,0.974078,0.974078
28.6224,120.737,28.6222,933.251,62470.4,75774.7,7839.81,9.44415e+06,9.59857e+06,0.974203,0.974203,0.974203,0.974203,0.974203,0.974203
28.6205,120.784,28.6202,935.067,62484.5,75814.4,7846.38,9.44797e+06,9.6028e+06,0.974328,0.974328,0.974328,0.974328,0.974328,0.974328
28.6185,120.831,28.6186,936.711,62497.4,75850.9,7852.97,9.45178e+06,9.60704e+06,0.974453,0.974453,0.974453,0.974453,0.974453,0.974453
28.6168,120.877,28.617,938.79,62510.1,75888.1,7859.58,9.4556e+06,9.61128e+06,0.974578,0.974578,0.974578,0.974578,0.974578,0.974578
28.6151,120.924,28.6152,940.978,62522.8,75925.7,7866.2,9.45942e+06,9.61552e+06,0.974703,0.974703,0.974703,0.974703,0.974703,0.974703
28.6133,120.971,28.6135,942.833,62536,75963.4,7872.84,9.46325e+06,9.61976e+06,0.974828,0.974828,0.974828,0.974828,0.974828,0.974828
28.6114,121.018,28.6119,944.527,62549.5,76001.6,7879.49,9.46707e+06,9.624e+06,0.974953,0.974953,0.974953,0.974953,0.974953,0.974953
28.6097,121.065,28.61,946.677,62562.9,76040.7,7886.16,9.47089e+06,9.62825e+06,0.975078,0.975078,0.975078,0.975078,0.975078,0.975078
28.6078,121.112,28.6081,948.498,62577,76080.8,7892.85,9.47472e+06,9.6325e+06,0.975203,0.975203,0.975203,0.975203,0.975203,0.975203
28.6061,121.159,28.6062,950.566,62590.6,76120.4,7899.55,9.47854e+06,9.63675e+06,0.975328,0.975328,0.975328,0.975328,0.975328,0.975328
28.6043,121.206,28.6044,952.444,62604.4,76159.8,7906.27,9.48237e+06,9.641e+06,0.975453,0.975453,0.975453,0.975453,0.975453,0.975453
28.6027,121.253,28.6025,954.774,62617.9,76199.6,7913,9.4862e+06,9.64525e+06,0.975578,0.975578,0.975578,0.975578,0.975578,0.975578
28.6012,121.3,28.6008,956.957,62630.9,76238,7919.75,9.49003e+06,9.64951e+06,0.975703,0.975703,0.975703,0.975703,0.975703,0.975703
28.5993,121.347,28.5992,958.701,62644.5,76276.6,7926.52,9.49386e+06,9.65377e+06,0.975828,0.975828,0.975828,0.975828,0.975828,0.975828
28.5973,121.394,28.5973,960.252,62659.3,76317.8,7933.31,9.49769e+06,9.65803e+06,0.975953,0.975953,0.975953,0.975953,0.975953,0.975953
28.5961,121.441,28.5955,962.989,62672,76356.9,7940.11,9.50153e+06,9.66229e+06,0.976078,0.976078,0.976078,0.976078,0.976078,0.976078
28.5942,121.488,28.5934,964.809,62687,76399.2,7946.93,9.50536e+06,9.66655e+06,0.976203,0.976203,0.976203,0.976203,0.976203,0.976203
28.5927,121.536,28.5917,966.988,62700.5,76438.8,7953.76,9.5092e+06,9.67082e+06,0.976328,0.976328,0.976328,0.976328,0.976328,0.976328
28.591,121.582,28.5902,968.855,62713.5,76476.4,7960.61,9.51303e+06,9.67509e+06,0.976453,0.976453,0.976453,0.976453,0.976453,0.976453
28.5895,121.63,28.5884,971.061,62727.2,76516.7,7967.48,9.51687e+06,9.67936e+06,0.976578,0.976578,0.976578,0.976578,0.976578,0.976578
28.5878,121.676,28.587,972.907,62740.3,76554.5,7974.36,9.52071e+06,9.68363e+06,0.976703,0.976703,0.976703,0.976703,0.976703,0.976703
28.5859,121.724,28.5851,974.636,62755,76596,7981.26,9.52455e+06,9.6879e+06,0.976828,0.976828,0.976828,0.976828,0.976828,0.976828
28.5843,121.771,28.5831,976.72,62769.8,76638.5,7988.18,9.52839e+06,9.69217e+06,0.976953,0.976953,0.976953,0.976953,0.976953,0.976953
28.5826,121.819,28.5815,978.605,62783.7,76678.6,7995.11,9.53223e+06,9.69645e+06,0.977078,0.977078,0.977078,0.977078,0.977078,0.977078
28.5806,121.866,28.5796,980.1,62799,76721.2,8002.06,9.53608e+06,9.70073e+06,0.977203,0.977203,0.977203,0.977203,0.977203,0.977203
28.5788,121.914,28.578,981.718,62813.4,76761.6,8009.03,9.53992e+06,9.70501e+06,0.977328,0.977328,0.977328,0.977328,0.977328,0.977328
28.5774,121.961,28.5764,984.007,62826.8,76801.3,8016.01,9.54377e+06,9.70929e+06,0.977453,0.977453,0.977453,0.977453,0.977453,0.977453
28.5758,122.008,28.5748,985.857,62840.9,76841.8,8023.01,9.54761e+06,9.71358e+06,0.977578,0.977578,0.977578,0.977578,0.977578,0.977578
28.5743,122.056,28.5731,987.985,62854.7,76882.2,8030.02,9.55146e+06,9.71787e+06,0.977703,0.977703,0.977703,0.977703,0.977703,0.977703
28.5727,122.103,28.5718,989.862,62867.7,76919.9,8037.05,9.55531e+06,9.72216e+06,0.977828,0.977828,0.977828,0.977828,0.977828,0.977828
28.571,122.15,28.5704,991.601,62881.4,76959.1,8044.1,9.55916e+06,9.72645e+06,0.977953,0.977953,0.977953,0.977953,0.977953,0.977953
28.5695,122.197,28.5687,993.666,62895.8,77000.9,8051.17,9.56301e+06,9.73074e+06,0.978078,0.978078,0.978078,0.978078,0.978078,0.978078
28.5682,122.244,28.5672,995.992,62909,77040.3,8058.25,9.56686e+06,9.73503e+06,0.978203,0.978203,0.978203,0.978203,0.978203,0.978203
28.5667,122.291,28.5659,997.844,62922.1,77078.4,8065.35,9.57072e+06,9.73933e+06,0.978328,0.978328,0.978328,0.978328,0.978328,0.978328
28.5652,122.338,28.5646,999.866,62935.5,77117.5,8072.47,9.57457e+06,9.74363e+06,0.978453,0.978453,0.978453,0.978453,0.978453,0.978453
28.5636,122.386,28.5629,1001.74,62950.3,77160,8079.6,9.57843e+06,9.74793e+06,0.978578,0.978578,0.978578,0.978578,0.978578,0.978578
28.5622,122.433,28.5617,1003.71,62963.2,77197.8,8086.75,9.58229e+06,9.75223e+06,0.978703,0.978703,0.978703,0.978703,0.978703,0.978703
28.5606,122.48,28.5606,1005.43,62976.3,77235.6,8093.92,9.58614e+06,9.75654e+06,0.978828,0.978828,0.978828,0.978828,0.978828,0.978828
28.5591,122.528,28.5591,1007.36,62990.4,77276.4,8101.1,9.59e+06,9.76085e+06,0.978953,0.978953,0.978953,0.978953,0.978953,0.978953
28.5573,122.575,28.5579,1008.89,63004.3,77315.8,8108.3,9.59386e+06,9.76516e+06,0.979078,0.979078,0.979078,0.979078,0.979078,0.979078
28.5561,122.622,28.5569,1011.1,63016.8,77353.2,8115.52,9.59773e+06,9.76947e+06,0.979203,0.979203,0.979203,0.979203,0.979203,0.979203
28.5549,122.669,28.5555,1013.43,63030.1,77392.9,8122.76,9.60159e+06,9.77378e+06,0.979328,0.979328,0.979328,0.979328,0.979328,0.979328
28.5536,122.717,28.5537,1015.59,63044.9,77436.3,8130.01,9.60545e+06,9.77809e+06,0.979453,0.979453,0.979453,0.979453,0.979453,0.979453
28.5522,122.764,28.552,1017.76,63059.8,77479.8,8137.28,9.60932e+06,9.78241e+06,0.979578,0.979578,0.979578,0.979578,0.979578,0.979578
28.5507,122.812,28.5505,1019.52,63074.4,77521.6,8144.57,9.61318e+06,9.78673e+06,0.979703,0.979703,0.979703,0.979703,0.979703,0.979703
28.5493,122.86,28.549,1021.61,63088.7,77563.5,8151.87,9.61705e+06,9.79105e+06,0.979828,0.979828,0.979828,0.979828,0.979828,0.979828
28.5478,122.908,28.5474,1023.54,63103.6,77606.5,8159.2,9.62092e+06,9.79537e+06,0.979953,0.979953,0.979953,0.979953,0.979953,0.979953
28.5463,122.955,28.5457,1025.37,63118.8,77650.2,8166.54,9.62479e+06,9.7997e+06,0.980078,0.980078,0.980078,0.980078,0.980078,0.980078
28.5447,123.003,28.5444,1027.1,63133.1,77691.1,8173.89,9.62866e+06,9.80403e+06,0.980203,0.980203,0.980203,0.980203,0.980203,0.980203
28.5432,123.051,28.543,1028.94,63147.6,77732.9,8181.27,9.63254e+06,9.80836e+06,0.980328,0.980328,0.980328,0.980328,0.980328,0.980328
28.542,123.098,28.5421,1030.94,63160.5,77771,8188.66,9.63641e+06,9.81269e+06,0.980453,0.980453,0.980453,0.980453,0.980453,0.980453
28.5404,123.145,28.541,1032.61,63174.2,77810.6,8196.07,9.64028e+06,9.81702e+06,0.980578,0.980578,0.980578,0.980578,0.980578,0.980578
28.539,123.193,28.5392,1034.52,63189.9,77855.7,8203.5,9.64416e+06,9.82135e+06,0.980703,0.980703,0.980703,0.980703,0.980703,0.980703
28.5375,123.241,28.5379,1036.39,63204.4,77897.6,8210.94,9.64804e+06,9.82569e+06,0.980828,0.980828,0.980828,0.980828,0.980828,0.980828
28.5362,123.289,28.5366,1038.34,63218.8,77939.5,8218.4,9.65191e+06,9.83003e+06,0.980953,0.980953,0.980953,0.980953,0.980953,0.980953
28.535,123.336,28.5352,1040.55,63232.8,77981.2,8225.88,9.65579e+06,9.83437e+06,0.981078,0.981078,0.981078,0.981078,0.981078,0.981078
28.5338,123.383,28.5345,1042.56,63245.4,78018.5,8233.38,9.65967e+06,9.83871e+06,0.981203,0.981203,0.981203,0.981203,0.981203,0.981203
28.5326,123.43,28.5337,1044.56,63258.2,78056.7,8240.89,9.66355e+06,9.84306e+06,0.981328,0.981328,0.981328,0.981328,0.981328,0.981328
28.5313,123.478,28.5327,1046.51,63271.6,78096.1,8248.42,9.66744e+06,9.84741e+06,0.981453,0.981453,0.981453,0.981453,0.981453,0.981453
28.5298,123.525,28.5319,1048.17,63285.4,78135.7,8255.97,9.67132e+06,9.85176e+06,0.981578,0.981578,0.981578,0.981578,0.981578,0.981578
28.5286,123.573,28.5304,1050.27,63300.1,78179,8263.54,9.6752e+06,9.85611e+06,0.981703,0.981703,0.981703,0.981703,0.981703,0.981703
28.5273,123.621,28.529,1052.2,63314.9,78221.9,8271.12,9.67909e+06,9.86046e+06,0.981827,0.981827,0.981827,0.981827,0.981827,0.981827
28.5261,123.669,28.5279,1054.26,63328.7,78262.9,8278.73,9.68298e+06,9.86481e+06,0.981952,0.981952,0.981952,0.981952,0.981952,0.981952
28.5249,123.716,28.5268,1056.42,63342.5,78304,8286.35,9.68687e+06,9.86917e+06,0.982077,0.982077,0.982077,0.982077,0.982077,0.982077
28.5239,123.764,28.5257,1058.66,63356.4,78345.4,8293.99,9.69076e+06,9.87353e+06,0.982202,0.982202,0.982202,0.982202,0.982202,0.982202
28.5229,123.811,28.5249,1060.86,63369.3,78384.3,8301.65,9.69465e+06,9.87789e+06,0.982327,0.982327,0.982327,0.982327,0.982327,0.982327
28.5219,123.858,28.5236,1063.28,63383.4,78427,8309.32,9.69854e+06,9.88225e+06,0.982452,0.982452,0.982452,0.982452,0.982452,0.982452
28.5211,123.906,28.5222,1065.76,63397.5,78469.7,8317.02,9.70243e+06,9.88662e+06,0.982577,0.982577,0.982577,0.982577,0.982577,0.982577
28.5203,123.953,28.5211,1068.32,63410.9,78510.8,8324.73,9.70633e+06,9.89099e+06,0.982702,0.982702,0.982702,0.982702,0.982702,0.982702
28.5191,124.001,28.5198,1070.31,63425.8,78554.4,8332.47,9.71022e+06,9.89536e+06,0.982827,0.982827,0.982827,0.982827,0.982827,0.982827
28.518,124.049,28.5188,1072.3,63440,78596,8340.22,9.71412e+06,9.89973e+06,0.982952,0.982952,0.982952,0.982952,0.982952,0.982952
28.5168,124.097,28.5171,1074.48,63455.7,78642.2,8347.99,9.71802e+06,9.9041e+06,0.983077,0.983077,0.983077,0.983077,0.983077,0.983077
28.5158,124.145,28.516,1076.57,63469.9,78684.4,8355.78,9.72191e+06,9.90847e+06,0.983202,0.983202,0.983202,0.983202,0.983202,0.983202
28.5143,124.193,28.5148,1078.27,63485,78727.8,8363.59,9.72581e+06,9.91285e+06,0.983327,0.983327,0.983327,0.983327,0.983327,0.983327
28.513,124.241,28.5141,1079.94,63499.1,78768.7,8371.42,9.72972e+06,9.91723e+06,0.983452,0.983452,0.983452,0.983452,0.983452,0.983452
28.5121,124.288,28.5132,1082.21,63512.7,78809.8,8379.26,9.73362e+06,9.92161e+06,0.983577,0.983577,0.983577,0.983577,0.983577,0.983577
28.5111,124.336,28.5124,1084.38,63526.1,78850.1,8387.12,9.73752e+06,9.926e+06,0.983702,0.983702,0.983702,0.983702,0.983702,0.983702
28.5102,124.383,28.5118,1086.54,63539.5,78890.3,8395.01,9.74142e+06,9.93038e+06,0.983827,0.983827,0.983827,0.983827,0.983827,0.983827
28.5094,124.431,28.5109,1088.87,63553.2,78931.8,8402.91,9.74533e+06,9.93477e+06,0.983952,0.983952,0.983952,0.983952,0.983952,0.983952
28.5082,124.479,28.5098,1090.69,63568,78974.7,8410.83,9.74924e+06,9.93916e+06,0.984077,0.984077,0.984077,0.984077,0.984077,0.984077
28.5074,124.526,28.5092,1093.06,63581.2,79015.1,8418.76,9.75314e+06,9.94355e+06,0.984202,0.984202,0.984202,0.984202,0.984202,0.984202
28.5062,124.574,28.5078,1094.95,63596.8,79060.5,8426.72,9.75705e+06,9.94795e+06,0.984327,0.984327,0.984327,0.984327,0.984327,0.984327
28.5049,124.623,28.5068,1096.64,63611.9,79104.1,8434.7,9.76096e+06,9.95234e+06,0.984452,0.984452,0.984452,0.984452,0.984452,0.984452
28.504,124.671,28.5054,1098.93,63626.9,79149.1,8442.69,9.76488e+06,9.95674e+06,0.984577,0.984577,0.984577,0.984577,0.984577,0.984577
28.5028,124.719,28.5045,1100.72,63641.7,79192.1,8450.7,9.76879e+06,9.96114e+06,0.984702,0.984702,0.984702,0.984702,0.984702,0.984702
28.502,124.767,28.5037,1103.02,63655.5,79234,8458.74,9.7727e+06,9.96554e+06,0.984827,0.984827,0.984827,0.984827,0.984827,0.984827
28.5012,124.814,28.5032,1105.26,63668.7,79274.1,8466.79,9.77662e+06,9.96995e+06,0.984952,0.984952,0.984952,0.984952,0.984952,0.984952
28.5005,124.862,28.5022,1107.6,63683.1,79317.6,8474.86,9.78053e+06,9.97435e+06,0.985077,0.985077,0.985077,0.985077,0.985077,0.985077
28.4996,124.91,28.5009,1109.92,63698.2,79362.8,8482.95,9.78445e+06,9.97876e+06,0.985202,0.985202,0.985202,0.985202,0.985202,0.985202
28.4985,124.958,28.5004,1111.74,63712.2,79404,8491.06,9.78837e+06,9.98317e+06,0.985327,0.985327,0.985327,0.985327,0.985327,0.985327
28.4977,125.005,28.5,1113.81,63725.6,79444.5,8499.19,9.79229e+06,9.98758e+06,0.985452,0.985452,0.985452,0.985452,0.985452,0.985452
28.4968,125.053,28.4992,1115.99,63739.8,79487.1,8507.33,9.79621e+06,9.992e+06,0.985577,0.985577,0.985577,0.985577,0.985577,0.985577
28.4958,125.101,28.4988,1117.9,63753.5,79527.8,8515.5,9.80013e+06,9.99641e+06,0.985702,0.985702,0.985702,0.985702,0.985702,0.985702
28.4951,125.149,28.4978,1120.22,63768.2,79572.2,8523.69,9.80406e+06,1.00008e+07,0.985827,0.985827,0.985827,0.985827,0.985827,0.985827
28.4943,125.197,28.4967,1122.5,63783,79616.7,8531.89,9.80798e+06,1.00053e+07,0.985952,0.985952,0.985952,0.985952,0.985952,0.985952
28.4936,125.245,28.4959,1124.77,63797.2,79659.7,8540.12,9.8119e+06,1.00097e+07,0.986077,0.986077,0.986077,0.986077,0.986077,0.986077
28.4925,125.293,28.4952,1126.52,63812,79702.9,8548.36,9.81583e+06,1.00141e+07,0.986202,0.986202,0.986202,0.986202,0.986202,0.986202
28.4917,125.341,28.4943,1128.71,63826.7,79747,8556.63,9.81976e+06,1.00185e+07,0.986327,0.986327,0.986327,0.986327,0.986327,0.986327
28.4903,125.39,28.4931,1130.3,63842.8,79793.4,8564.91,9.82369e+06,1.0023e+07,0.986452,0.986452,0.986452,0.986452,0.986452,0.986452
28.4894,125.438,28.4922,1132.35,63857.9,79838.3,8573.21,9.82762e+06,1.00274e+07,0.986577,0.986577,0.986577,0.986577,0.986577,0.986577
28.4882,125.487,28.491,1134.16,63873.7,79884.4,8581.53,9.83155e+06,1.00318e+07,0.986702,0.986702,0.986702,0.986702,0.986702,0.986702
28.4874,125.535,28.4901,1136.23,63888.7,79929.1,8589.87,9.83548e+06,1.00363e+07,0.986827,0.986827,0.986827,0.986827,0.986827,0.986827
28.4867,125.584,28.489,1138.58,63903.8,79974.6,8598.23,9.83942e+06,1.00407e+07,0.986952,0.986952,0.986952,0.986952,0.986952,0.986952
28.4858,125.632,28.4883,1140.56,63918.6,80018.6,8606.61,9.84335e+06,1.00451e+07,0.987077,0.987077,0.987077,0.987077,0.987077,0.987077
28.4855,125.68,28.4876,1143.21,63932.4,80061.6,8615,9.84729e+06,1.00496e+07,0.987202,0.987202,0.987202,0.987202,0.987202,0.987202
28.4845,125.728,28.4864,1145.2,63948.2,80108.4,8623.42,9.85123e+06,1.0054e+07,0.987327,0.987327,0.987327,0.987327,0.987327,0.987327
28.4837,125.776,28.486,1147.25,63962.4,80150.9,8631.86,9.85516e+06,1.00585e+07,0.987452,0.987452,0.987452,0.987452,0.987452,0.987452
28.4834,125.824,28.4852,1149.81,63976.7,80195,8640.32,9.8591e+06,1.00629e+07,0.987577,0.987577,0.987577,0.987577,0.987577,0.987577
28.4825,125.873,28.4841,1151.83,63992.4,80241.6,8648.8,9.86304e+06,1.00674e+07,0.987702,0.987702,0.987702,0.987702,0.987702,0.987702
28.4816,125.921,28.4834,1153.77,64007.3,80286,8657.3,9.86699e+06,1.00718e+07,0.987827,0.987827,0.987827,0.987827,0.987827,0.987827
28.4806,125.97,28.4822,1155.72,64023.7,80334,8665.82,9.87093e+06,1.00763e+07,0.987952,0.987952,0.987952,0.987952,0.987952,0.987952
28.48,126.018,28.4817,1157.94,64037.9,80377.2,8674.36,9.87487e+06,1.00807e+07,0.988077,0.988077,0.988077,0.988077,0.988077,0.988077
28.4793,126.067,28.4811,1160.02,64052.5,80421.2,8682.91,9.87882e+06,1.00852e+07,0.988202,0.988202,0.988202,0.988202,0.988202,0.988202
28.4786,126.115,28.4801,1162.25,64068,80467.9,8691.49,9.88277e+06,1.00896e+07,0.988327,0.988327,0.988327,0.988327,0.988327,0.988327
28.4775,126.164,28.4792,1163.96,64084,80514.6,8700.09,9.88672e+06,1.00941e+07,0.988452,0.988452,0.988452,0.988452,0.988452,0.988452
28.4771,126.212,28.4785,1166.43,64098.7,80559.6,8708.71,9.89066e+06,1.00986e+07,0.988577,0.988577,0.988577,0.988577,0.988577,0.988577
28.4764,126.261,28.4777,1168.54,64113.8,80605.1,8717.34,9.89461e+06,1.0103e+07,0.988702,0.988702,0.988702,0.988702,0.988702,0.988702
28.4757,126.309,28.4769,1170.65,64129.3,80651.3,8726,9.89857e+06,1.01075e+07,0.988827,0.988827,0.988827,0.988827,0.988827,0.988827
28.475,126.358,28.4765,1172.7,64143.9,80695.4,8734.68,9.90252e+06,1.0112e+07,0.988952,0.988952,0.988952,0.988952,0.988952,0.988952
28.4744,126.406,28.4757,1174.99,64159.1,80741.4,8743.38,9.90647e+06,1.01165e+07,0.989077,0.989077,0.989077,0.989077,0.989077,0.989077
28.4742,126.454,28.4751,1177.52,64173.3,80785.6,8752.1,9.91043e+06,1.01209e+07,0.989202,0.989202,0.989202,0.989202,0.989202,0.989202
28.4737,126.502,28.4748,1179.76,64187.6,80829.1,8760.84,9.91438e+06,1.01254e+07,0.989327,0.989327,0.989327,0.989327,0.989327,0.989327
28.4731,126.551,28.4744,1181.89,64202.2,80873.4,8769.6,9.91834e+06,1.01299e+07,0.989452,0.989452,0.989452,0.989452,0.989452,0.989452
28.4724,126.599,28.474,1183.89,64216.9,80917.5,8778.38,9.9223e+06,1.01344e+07,0.989577,0.989577,0.989577,0.989577,0.989577,0.989577
28.4715,126.647,28.4738,1185.69,64231.8,80961.5,8787.18,9.92626e+06,1.01389e+07,0.989702,0.989702,0.989702,0.989702,0.989702,0.989702
28.471,126.696,28.4733,1187.9,64246.5,81006.2,8796,9.93022e+06,1.01433e+07,0.989827,0.989827,0.989827,0.989827,0.989827,0.989827
28.4702,126.744,28.4728,1189.71,64262,81052.1,8804.84,9.93418e+06,1.01478e+07,0.989952,0.989952,0.989952,0.989952,0.989952,0.989952
