1,1,1,0.1,0.1,0.1,0.1,0.1,0.1,0.1,0.1,0.1,0.1,0.1,0.1
1.00001,1.00001,1.00001,0.100052,0.100657,0.100649,0.100001,0.100001,0.100001,0.100125,0.100125,0.100125,0.100125,0.100125,0.100125
1.00003,1.00003,1.00003,0.100118,0.10255,0.10252,0.100003,0.100003,0.100003,0.10025,0.10025,0.10025,0.10025,0.10025,0.10025
1.00004,1.00004,1.00004,0.100175,0.105593,0.105552,0.100006,0.100006,0.100006,0.100375,0.100375,0.100375,0.100375,0.100375,0.100375
1.00006,1.00006,1.00006,0.100238,0.110027,0.10997,0.10001,0.10001,0.10001,0.1005,0.1005,0.1005,0.1005,0.1005,0.1005
1.00007,1.00007,1.00007,0.100318,0.115598,0.115508,0.100016,0.100016,0.100016,0.100625,0.100625,0.100625,0.100625,0.100625,0.100625
1.00009,1.00009,1.00009,0.100402,0.122299,0.122175,0.100023,0.100024,0.100024,0.10075,0.10075,0.10075,0.10075,0.10075,0.10075
1.00011,1.00011,1.00011,0.1005,0.130382,0.130212,0.100031,0.100033,0.100033,0.100875,0.100875,0.100875,0.100875,0.100875,0.100875
1.00013,1.00013,1.00013,0.100597,0.139368,0.139153,0.10004,0.100044,0.100044,0.101,0.101,0.101,0.101,0.101,0.101
1.00015,1.00015,1.00015,0.100712,0.14977,0.149495,0.100051,0.100057,0.100057,0.101125,0.101125,0.101125,0.101125,0.101125,0.101125
1.00018,1.00018,1.00018,0.100852,0.161281,0.160921,0.100063,0.100072,0.100072,0.10125,0.10125,0.10125,0.10125,0.10125,0.10125
1.0002,1.0002,1.0002,0.101009,0.174204,0.173742,0.100076,0.10009,0.10009,0.101375,0.101375,0.101375,0.101375,0.101375,0.101375
1.00023,1.00023,1.00023,0.101139,0.187999,0.18746,0.10009,0.10011,0.10011,0.1015,0.1015,0.1015,0.1015,0.1015,0.1015
1.00025,1.00025,1.00025,0.101278,0.203205,0.202586,0.100106,0.100133,0.100133,0.101625,0.101625,0.101625,0.101625,0.101625,0.101625
1.00028,1.00028,1.00028,0.101453,0.219196,0.218461,0.100123,0.100159,0.100159,0.10175,0.10175,0.10175,0.10175,0.10175,0.10175
0.0012339,0.00123414,1.00031,0.100757,0.235942,0.100839,0.100141,0.100189,0.100141,0.101861,0.101861,0.101875,0.101767,0.101767,0.0145689
0.00124596,0.000341765,0.000648682,0.100711,0.100781,0.10073,0.10016,0.10016,0.10016,0.101986,0.101839,0.101984,0.0256535,0.101865,0.0124009
0.0011715,0.000321619,0.000557712,0.100751,0.10083,0.100767,0.100181,0.100181,0.100181,0.101868,0.101479,0.102031,0.0224672,0.0991792,0.0116142
0.00114227,0.000316818,0.000531001,0.100793,0.100882,0.100809,0.100203,0.100203,0.100203,0.101516,0.100698,0.101943,0.021055,0.0982454,0.0112537
0.00112875,0.00031681,0.000523688,0.100836,0.100935,0.100853,0.100226,0.100226,0.100226,0.10088,0.0994541,0.101691,0.0202867,0.0979063,0.0110647
0.00112344,0.000318614,0.000524474,0.100879,0.100989,0.100897,0.100251,0.100251,0.100251,0.0999587,0.0977639,0.101267,0.0198166,0.097821,0.010966
0.00112433,0.000320879,0.00052918,0.100923,0.101044,0.100941,0.100276,0.100277,0.100276,0.0988084,0.0956906,0.100664,0.0194764,0.097874,0.0109344
0.00112767,0.000323391,0.000537186,0.100966,0.101099,0.100986,0.100303,0.100304,0.100304,0.0974448,0.0933207,0.0999297,0.0192469,0.0979742,0.010932
0.00113359,0.000325798,0.000546978,0.10101,0.101154,0.101031,0.100332,0.100332,0.100332,0.0959494,0.0907498,0.0990811,0.0190763,0.0980873,0.0109548
0.00113933,0.000328256,0.000559311,0.101054,0.10121,0.101076,0.100361,0.100361,0.100361,0.0943013,0.0880638,0.0982096,0.0189882,0.0982098,0.0109754
0.00114832,0.000330289,0.000572153,0.101098,0.101267,0.101122,0.100392,0.100392,0.100392,0.0926958,0.0853394,0.0972399,0.0188953,0.0983298,0.0110242
0.00115723,0.000332271,0.000586676,0.101142,0.101324,0.101167,0.100424,0.100424,0.100424,0.0910394,0.082632,0.0962987,0.0188493,0.0984467,0.0110702
0.00116632,0.000334136,0.000602664,0.101186,0.101383,0.101213,0.100457,0.100458,0.100457,0.0893827,0.079983,0.0953906,0.0188332,0.0985635,0.0111155
0.00117704,0.000335796,0.000619281,0.10123,0.101442,0.101259,0.100492,0.100492,0.100492,0.0878188,0.0774213,0.0944715,0.0188196,0.0986724,0.0111712
0.00118927,0.000337272,0.000636432,0.101274,0.101502,0.101306,0.100528,0.100528,0.100528,0.0863612,0.0749639,0.0935474,0.0188042,0.0987731,0.0112367
0.00120151,0.000338716,0.000654827,0.101318,0.101562,0.101352,0.100565,0.100565,0.100565,0.084939,0.0726194,0.0926914,0.0188072,0.0988754,0.0113
0.00121302,0.00034017,0.000674767,0.101363,0.101623,0.101398,0.100603,0.100604,0.100603,0.0835217,0.0703911,0.0919352,0.0188351,0.0989833,0.0113547
0.0012249,0.000341583,0.000695686,0.101407,0.101685,0.101446,0.100643,0.100643,0.100643,0.0821696,0.0682786,0.0912298,0.0188737,0.0990917,0.0114073
0.00123952,0.00034286,0.000716306,0.101451,0.101747,0.101493,0.100684,0.100684,0.100684,0.081006,0.0662794,0.0904634,0.0188946,0.0991881,0.011475
0.00125357,0.000344157,0.000738378,0.101495,0.10181,0.10154,0.100726,0.100727,0.100726,0.0798534,0.0643881,0.0897914,0.0189308,0.0992888,0.0115367
0.00126585,0.000345497,0.000762439,0.10154,0.101875,0.101587,0.10077,0.10077,0.10077,0.0786508,0.0625996,0.0892598,0.0189932,0.0994014,0.0115818
0.00127972,0.000346804,0.000786868,0.101584,0.10194,0.101635,0.100814,0.100815,0.100814,0.0775681,0.0609082,0.0887186,0.0190519,0.0995099,0.0116326
0.00129447,0.000348098,0.000811971,0.101628,0.102006,0.101683,0.10086,0.100861,0.10086,0.076564,0.0593081,0.0881959,0.0191114,0.0996179,0.0116848
0.00130995,0.000349379,0.000837782,0.101673,0.102072,0.101731,0.100908,0.100908,0.100908,0.0756252,0.057793,0.0876975,0.0191715,0.0997256,0.0117382
0.00132451,0.000350667,0.000865177,0.101718,0.102141,0.101779,0.100956,0.100957,0.100956,0.0746716,0.0563575,0.0872884,0.0192445,0.0998382,0.0117819
0.00134219,0.000351921,0.000891904,0.101762,0.10221,0.101828,0.101006,0.101007,0.101006,0.0738961,0.0549962,0.0867886,0.0193003,0.0999412,0.0118412
0.00135734,0.000353197,0.000921187,0.101807,0.102281,0.101877,0.101057,0.101058,0.101057,0.0730181,0.0537038,0.0864509,0.0193787,0.100056,0.0118818
0.0013775,0.000354406,0.00094835,0.101851,0.102352,0.101926,0.101109,0.101111,0.101109,0.0724043,0.052476,0.085921,0.0194247,0.100154,0.0119497
0.00139611,0.000355663,0.000977922,0.101896,0.102426,0.101975,0.101163,0.101164,0.101163,0.0717219,0.0513082,0.0855286,0.0194874,0.100262,0.0120061
0.00141656,0.000356894,0.00100732,0.101941,0.102499,0.102024,0.101218,0.101219,0.101218,0.0711388,0.0501963,0.0850932,0.0195404,0.100367,0.0120705
0.00143399,0.000358167,0.00103977,0.101986,0.102574,0.102073,0.101274,0.101276,0.101274,0.0704264,0.0491367,0.0848337,0.0196174,0.100483,0.0121153
0.00145094,0.000359433,0.00107365,0.102031,0.102651,0.102123,0.101331,0.101333,0.101332,0.0697153,0.0481261,0.0846184,0.0197016,0.100601,0.012153
0.00147073,0.000360703,0.00110704,0.102076,0.102729,0.102173,0.10139,0.101392,0.10139,0.0691332,0.0471613,0.0843353,0.0197761,0.100714,0.0122009
0.00149157,0.000361972,0.00114094,0.10212,0.102808,0.102224,0.10145,0.101452,0.10145,0.0686089,0.0462394,0.0840396,0.0198479,0.100826,0.0122518
0.00151238,0.000363242,0.00117594,0.102165,0.102888,0.102274,0.101511,0.101514,0.101512,0.0680872,0.0453577,0.0837811,0.0199232,0.100936,0.0122996
0.00153168,0.000364505,0.00121301,0.102211,0.102971,0.102325,0.101574,0.101577,0.101574,0.0675161,0.0445138,0.0836027,0.020009,0.101049,0.0123366
0.00155303,0.000365778,0.00124984,0.102256,0.103055,0.102375,0.101638,0.101641,0.101638,0.067026,0.0437056,0.0833855,0.0200893,0.101154,0.0123798
0.00157633,0.000367052,0.00128655,0.102301,0.10314,0.102426,0.101703,0.101706,0.101703,0.0666066,0.0429309,0.0831355,0.0201631,0.101261,0.0124296
0.00159917,0.000368328,0.00132485,0.102346,0.103227,0.102478,0.101769,0.101773,0.10177,0.0661654,0.0421877,0.0829412,0.0202415,0.101376,0.0124751
0.00162157,0.000369604,0.00136466,0.102391,0.103315,0.102529,0.101837,0.101841,0.101838,0.0657177,0.0414741,0.0827804,0.0203237,0.101493,0.0125169
0.00164404,0.000370876,0.00140542,0.102436,0.103406,0.102581,0.101906,0.10191,0.101907,0.0652587,0.0407886,0.0826565,0.0204092,0.101612,0.0125551
0.00166769,0.000372161,0.00144664,0.102482,0.103498,0.102633,0.101976,0.10198,0.101977,0.0648681,0.0401297,0.0824929,0.0204904,0.101723,0.0125982
0.00169256,0.000373444,0.00148828,0.102527,0.103591,0.102685,0.102048,0.102052,0.102048,0.0645047,0.0394959,0.0823333,0.0205703,0.101839,0.0126427
0.00171632,0.000374727,0.00153194,0.102572,0.103687,0.102737,0.10212,0.102125,0.102121,0.0641172,0.0388859,0.0822184,0.0206555,0.101954,0.0126816
0.00173878,0.000375982,0.00157736,0.102618,0.103785,0.102789,0.102195,0.1022,0.102195,0.0636749,0.0382982,0.0821684,0.0207487,0.102075,0.0127107
0.00176447,0.00037726,0.00162212,0.102663,0.103886,0.102842,0.10227,0.102276,0.102271,0.0633455,0.037732,0.0820449,0.0208333,0.102193,0.0127504
0.00179319,0.000378544,0.00166548,0.102709,0.103987,0.102895,0.102347,0.102353,0.102347,0.0631072,0.0371861,0.0818451,0.0209072,0.102307,0.0128008
0.00181932,0.000379823,0.00171224,0.102754,0.104093,0.102949,0.102424,0.102431,0.102425,0.0627775,0.0366595,0.0817602,0.0209927,0.102426,0.0128396
0.00184826,0.000381111,0.00175799,0.1028,0.1042,0.103002,0.102504,0.102511,0.102505,0.0625285,0.0361513,0.0816142,0.0210697,0.102541,0.0128873
0.00187671,0.000382408,0.00180535,0.102846,0.104309,0.103056,0.102584,0.102592,0.102585,0.0622716,0.0356607,0.0814925,0.0211484,0.102653,0.0129334
0.00190609,0.0003837,0.00185329,0.102891,0.10442,0.103109,0.102666,0.102674,0.102667,0.062035,0.0351867,0.0813694,0.0212255,0.102767,0.012981
0.00193652,0.000384987,0.00190158,0.102937,0.104535,0.103164,0.102749,0.102758,0.10275,0.061811,0.0347284,0.0812504,0.0213012,0.102883,0.01303
0.00196941,0.000386271,0.00194835,0.102983,0.104652,0.103218,0.102833,0.102842,0.102835,0.0616647,0.0342855,0.0810498,0.0213657,0.102992,0.0130889
0.00200216,0.000387564,0.00199675,0.103029,0.104771,0.103272,0.102919,0.102929,0.10292,0.0615011,0.0338571,0.0808899,0.0214319,0.103101,0.0131465
0.00203335,0.000388872,0.0020479,0.103074,0.104893,0.103327,0.103006,0.103016,0.103007,0.061289,0.0334427,0.0807984,0.0215049,0.103209,0.0131983
0.00206576,0.00039018,0.00209935,0.10312,0.105016,0.103382,0.103094,0.103105,0.103096,0.0611107,0.0330415,0.0806871,0.0215748,0.103317,0.0132528
0.00209713,0.000391488,0.00215296,0.103166,0.105142,0.103437,0.103184,0.103195,0.103185,0.060879,0.0326525,0.0806447,0.0216518,0.103432,0.0133008
0.00212611,0.000392811,0.00220935,0.103212,0.10527,0.103492,0.103275,0.103287,0.103276,0.0606054,0.032276,0.0806434,0.0217357,0.103541,0.0133418
0.00215443,0.000394091,0.00226728,0.103258,0.105405,0.103548,0.103367,0.10338,0.103369,0.0603082,0.0319106,0.0806706,0.0218247,0.103659,0.0133769
0.00218785,0.000395376,0.0023233,0.103305,0.105543,0.103604,0.10346,0.103474,0.103462,0.0601438,0.0315561,0.0805991,0.0219023,0.103776,0.0134242
0.0022245,0.000396639,0.00237701,0.10335,0.105681,0.103661,0.103555,0.10357,0.103557,0.0600494,0.0312117,0.0804505,0.0219704,0.103893,0.0134801
0.00226112,0.000397901,0.00243225,0.103396,0.105824,0.103717,0.103651,0.103666,0.103653,0.0599429,0.0308774,0.0803302,0.0220395,0.104011,0.0135351
0.00229755,0.000399166,0.00248915,0.103443,0.10597,0.103773,0.103748,0.103765,0.10375,0.0598165,0.030553,0.080246,0.0221109,0.104131,0.0135881
0.00233386,0.000400454,0.00254767,0.103489,0.106117,0.10383,0.103847,0.103864,0.103849,0.0596938,0.0302383,0.080171,0.0221827,0.104251,0.0136407
0.00236591,0.00040172,0.00261019,0.103535,0.106269,0.103887,0.103946,0.103965,0.103949,0.0594609,0.0299323,0.0801977,0.0222677,0.104372,0.0136801
0.00241035,0.000416936,0.00267601,0.103582,0.106425,0.103944,0.104048,0.104067,0.10405,0.0595859,0.0300573,0.0803227,0.0223927,0.104497,0.0138051
0.00245621,0.000432522,0.00274217,0.103629,0.106584,0.104002,0.10415,0.104171,0.104153,0.0597109,0.0301823,0.0804477,0.0225177,0.104622,0.0139301
0.00250244,0.000448491,0.0028097,0.103675,0.106746,0.104059,0.104254,0.104276,0.104257,0.0598359,0.0303073,0.0805727,0.0226427,0.104747,0.0140551
0.00255018,0.00046483,0.0028775,0.103721,0.106913,0.104118,0.104359,0.104382,0.104362,0.0599609,0.0304323,0.0806977,0.0227677,0.104872,0.0141801
0.00259744,0.000481549,0.00294752,0.103768,0.107085,0.104177,0.104465,0.10449,0.104469,0.0600859,0.0305573,0.0808227,0.0228927,0.104997,0.0143051
0.00264608,0.000498652,0.00301793,0.103815,0.107261,0.104236,0.104573,0.104599,0.104576,0.0602109,0.0306823,0.0809477,0.0230177,0.105122,0.0144301
0.00269636,0.000516151,0.00308844,0.103861,0.107436,0.104295,0.104682,0.104709,0.104686,0.0603359,0.0308073,0.0810727,0.0231427,0.105247,0.0145551
0.00274649,0.000534001,0.00316091,0.103908,0.107625,0.104355,0.104792,0.104821,0.104796,0.0604609,0.0309323,0.0811977,0.0232677,0.105372,0.0146801
0.00279683,0.00055227,0.00323491,0.103955,0.107811,0.104415,0.104904,0.104934,0.104908,0.0605859,0.0310573,0.0813227,0.0233927,0.105497,0.0148051
0.00284726,0.000570909,0.00331061,0.104003,0.108006,0.104476,0.105016,0.105049,0.105021,0.0607109,0.0311823,0.0814477,0.0235177,0.105622,0.0149301
0.00289949,0.000589948,0.00338627,0.10405,0.108203,0.104537,0.10513,0.105165,0.105135,0.0608359,0.0313073,0.0815727,0.0236427,0.105747,0.0150551
0.00295314,0.000609365,0.00346232,0.104098,0.108409,0.104598,0.105246,0.105282,0.105251,0.0609609,0.0314323,0.0816977,0.0237677,0.105872,0.0151801
0.00300702,0.000629195,0.00353989,0.104146,0.108613,0.10466,0.105363,0.105401,0.105368,0.0610859,0.0315573,0.0818227,0.0238927,0.105997,0.0153051
0.00306212,0.000649418,0.00361803,0.104194,0.108823,0.104722,0.105481,0.105521,0.105486,0.0612109,0.0316823,0.0819477,0.0240177,0.106122,0.0154301
0.003118,0.000670024,0.00369719,0.104242,0.109042,0.104785,0.1056,0.105642,0.105606,0.0613359,0.0318073,0.0820727,0.0241427,0.106247,0.0155551
0.00304634,0.000491331,0.00371816,0.104287,0.109267,0.104841,0.105721,0.105765,0.105727,0.0585034,0.0275093,0.0806814,0.024064,0.106337,0.0153165
0.00308444,0.000454504,0.0037575,0.104333,0.109483,0.1049,0.105843,0.105889,0.105849,0.0581981,0.0264652,0.079928,0.023979,0.10644,0.0152088
0.00312196,0.000440767,0.00382674,0.10438,0.109716,0.104961,0.105966,0.106015,0.105972,0.0579617,0.0259516,0.0797648,0.0239559,0.106558,0.0151252
0.0031699,0.000434786,0.00389055,0.104427,0.109947,0.105021,0.106091,0.106142,0.106097,0.0579,0.0256174,0.0795523,0.0239391,0.106669,0.0150888
0.00321022,0.000432303,0.00396896,0.104474,0.110182,0.105082,0.106216,0.10627,0.106224,0.0577225,0.0253633,0.0795849,0.0239657,0.106791,0.0150516
0.00323976,0.000431488,0.00405325,0.104521,0.11042,0.105144,0.106344,0.1064,0.106351,0.0574105,0.0251498,0.0796977,0.024025,0.106914,0.0150085
0.00327217,0.000431561,0.00413753,0.104568,0.11067,0.105207,0.106472,0.106531,0.10648,0.0571318,0.0249591,0.0798109,0.0240944,0.107037,0.014976
0.00331651,0.000432174,0.00421892,0.104616,0.110929,0.105269,0.106602,0.106664,0.10661,0.0570121,0.0247822,0.0798665,0.0241571,0.10716,0.0149694
0.00336444,0.000433081,0.00429947,0.104663,0.111198,0.105332,0.106733,0.106798,0.106741,0.0569548,0.0246145,0.0798787,0.024218,0.107282,0.014978
0.00341836,0.000434147,0.00437366,0.10471,0.111468,0.105395,0.106865,0.106934,0.106874,0.0569791,0.0244532,0.0797845,0.0242692,0.107403,0.0150059
0.00347297,0.000435337,0.00444785,0.104758,0.111737,0.105458,0.106999,0.107071,0.107008,0.0570049,0.024297,0.0796849,0.0243206,0.107523,0.0150414
0.00351612,0.000436612,0.0045338,0.104805,0.112015,0.105522,0.107134,0.10721,0.107144,0.056879,0.0241454,0.0797401,0.0243943,0.10764,0.0150621
0.00356097,0.000437891,0.00462028,0.104852,0.112302,0.105585,0.107271,0.107349,0.107281,0.0567435,0.0239973,0.0798206,0.0244725,0.107762,0.0150831
0.00360882,0.000439197,0.00470692,0.1049,0.112595,0.105649,0.107408,0.107491,0.107419,0.0566577,0.0238528,0.0798738,0.0245489,0.107882,0.0151106
0.00365634,0.000440504,0.00479499,0.104948,0.112895,0.105714,0.107547,0.107634,0.107558,0.0565589,0.0237114,0.0799409,0.0246285,0.108004,0.0151382
0.00370287,0.0004418,0.00488605,0.104996,0.113209,0.105779,0.107687,0.107778,0.107699,0.0564791,0.0235731,0.0799983,0.0247094,0.108125,0.0151674
0.00375622,0.00044307,0.0049714,0.105043,0.113522,0.105843,0.107829,0.107924,0.107841,0.0564819,0.0234373,0.0799674,0.0247821,0.108247,0.0152075
0.00380714,0.000444317,0.0050589,0.105091,0.113837,0.105908,0.107972,0.108071,0.107984,0.0564277,0.0233042,0.0799822,0.0248606,0.108367,0.0152434
0.00385086,0.000445533,0.00515003,0.105139,0.11416,0.105974,0.108116,0.10822,0.108129,0.0562566,0.0231742,0.0800695,0.02495,0.108485,0.0152683
0.00390208,0.000446802,0.00524214,0.105186,0.114499,0.106039,0.108262,0.10837,0.108275,0.0562172,0.0230473,0.0801002,0.0250312,0.108607,0.0153046
0.00395907,0.000448065,0.00532823,0.105234,0.114842,0.106105,0.108409,0.108522,0.108423,0.0562222,0.0229231,0.0800689,0.0251062,0.108724,0.0153483
0.00401629,0.000449345,0.00541682,0.105282,0.115201,0.106172,0.108557,0.108675,0.108571,0.0562401,0.0228017,0.0800407,0.0251799,0.108845,0.0153943
0.00407925,0.000450588,0.0054889,0.10533,0.115555,0.106239,0.108706,0.10883,0.108721,0.0563389,0.0226829,0.0798,0.0252354,0.108962,0.0154562
0.00414219,0.000451827,0.00555644,0.105378,0.115898,0.106305,0.108857,0.108986,0.108873,0.0564513,0.0225666,0.0794891,0.0252825,0.109081,0.0155247
0.00420029,0.000453085,0.00564669,0.105426,0.116278,0.106372,0.109009,0.109144,0.109025,0.0564637,0.0224528,0.0794644,0.025349,0.109196,0.0155789
0.00426476,0.000454319,0.00572281,0.105474,0.116647,0.106439,0.109163,0.109303,0.10918,0.0565548,0.0223415,0.079266,0.0253996,0.109311,0.0156459
0.00432672,0.000455589,0.00581201,0.105522,0.11704,0.106507,0.109318,0.109464,0.109335,0.0565942,0.0222325,0.0792197,0.02546,0.109431,0.0157061
0.00439113,0.000456857,0.00589937,0.10557,0.117434,0.106574,0.109474,0.109626,0.109492,0.0566438,0.0221258,0.0791576,0.0255176,0.109552,0.0157687
0.00444735,0.000458166,0.00599773,0.105619,0.117837,0.106642,0.109631,0.10979,0.10965,0.0566107,0.0220213,0.0791991,0.0255872,0.109676,0.0158221
0.00449988,0.000459468,0.00610061,0.105667,0.118252,0.10671,0.10979,0.109956,0.109809,0.0565351,0.0219191,0.0792824,0.0256637,0.1098,0.0158692
0.00455626,0.000460762,0.00620176,0.105716,0.118674,0.106779,0.10995,0.110123,0.10997,0.0564794,0.021819,0.0793539,0.02574,0.109923,0.0159167
0.00460939,0.000462057,0.00630561,0.105765,0.119102,0.106847,0.110111,0.110292,0.110132,0.0563861,0.0217209,0.0794491,0.0258214,0.110046,0.0159593
0.00466233,0.000463344,0.0064091,0.105814,0.119543,0.106916,0.110274,0.110462,0.110296,0.0562667,0.0216249,0.0795559,0.025906,0.110169,0.0159984
0.00471753,0.000464633,0.00651458,0.105862,0.120001,0.106986,0.110438,0.110634,0.11046,0.0561921,0.0215308,0.0796449,0.025989,0.110293,0.0160394
0.00478638,0.000465924,0.00660794,0.105911,0.12046,0.107056,0.110603,0.110807,0.110627,0.0562371,0.0214387,0.0796118,0.0260582,0.110415,0.0160939
0.00484595,0.00046725,0.00670834,0.10596,0.12093,0.107126,0.11077,0.110982,0.110794,0.0562209,0.0213484,0.0796132,0.0261331,0.110534,0.0161436
0.00491354,0.00046855,0.00680426,0.106009,0.1214,0.107196,0.110938,0.111159,0.110963,0.0562794,0.02126,0.0795578,0.0261998,0.110657,0.0162004
0.00497197,0.000469856,0.00691311,0.106058,0.121882,0.107266,0.111108,0.111337,0.111133,0.0562333,0.0211733,0.0796347,0.0262795,0.110781,0.0162454
0.00502364,0.000471145,0.00702258,0.106107,0.122363,0.107336,0.111278,0.111517,0.111305,0.0560889,0.0210884,0.0797516,0.0263677,0.110906,0.0162809
0.00506086,0.000472376,0.00713082,0.106156,0.122849,0.107407,0.11145,0.111698,0.111478,0.055809,0.0210051,0.0798693,0.0264656,0.11103,0.0163034
0.00512144,0.000473677,0.00724177,0.106205,0.123358,0.107478,0.111624,0.111882,0.111652,0.0557834,0.0209235,0.0799342,0.02655,0.111154,0.0163434
0.00517103,0.000474925,0.00735242,0.106254,0.123871,0.107549,0.111798,0.112066,0.111828,0.0556094,0.0208436,0.0800512,0.0266449,0.111277,0.0163703
0.00522997,0.000476188,0.00746466,0.106303,0.124423,0.107622,0.111974,0.112253,0.112005,0.0555366,0.0207653,0.0801441,0.0267346,0.1114,0.0164041
0.00530233,0.000477482,0.00755339,0.106352,0.124946,0.107694,0.112152,0.112441,0.112183,0.0556416,0.0206884,0.079961,0.0268014,0.111521,0.0164611
0.00537151,0.00047877,0.00766016,0.106401,0.125506,0.107766,0.11233,0.112631,0.112363,0.0556607,0.0206132,0.0799791,0.0268796,0.111643,0.0165077
0.00543956,0.000480079,0.00777047,0.10645,0.126068,0.107838,0.11251,0.112823,0.112544,0.055682,0.0205393,0.0800043,0.0269576,0.111767,0.0165545
0.00549708,0.000481371,0.00788823,0.106499,0.126643,0.107911,0.112692,0.113016,0.112726,0.0555906,0.0204669,0.0801132,0.027046,0.111891,0.0165901
0.00555848,0.000482662,0.00800513,0.106549,0.127235,0.107984,0.112874,0.113211,0.11291,0.0555204,0.0203959,0.0802147,0.0271337,0.112016,0.0166265
0.00562556,0.000483946,0.00812068,0.106598,0.127868,0.108059,0.113058,0.113408,0.113095,0.0555076,0.0203263,0.08028,0.027217,0.11214,0.0166679
0.00570089,0.000485186,0.00818027,0.106648,0.128407,0.108132,0.113244,0.113606,0.113281,0.0556319,0.0202579,0.0798388,0.0272659,0.11226,0.0167381
0.00577516,0.000486517,0.00827998,0.106697,0.129007,0.108206,0.11343,0.113806,0.113469,0.0556894,0.0201909,0.0797548,0.0273322,0.112378,0.0167958
0.00583236,0.000487904,0.00839499,0.106747,0.129619,0.10828,0.113618,0.114008,0.113658,0.0556142,0.0201256,0.0797892,0.0274128,0.112489,0.0168402
0.0058855,0.000489243,0.0085134,0.106796,0.130264,0.108356,0.113808,0.114212,0.113849,0.0554769,0.0200616,0.0798761,0.0275007,0.112604,0.0168766
0.00596147,0.000490523,0.00861625,0.106846,0.130919,0.108431,0.113998,0.114417,0.114041,0.0555706,0.0199984,0.0797687,0.0275667,0.112725,0.0169344
0.00604146,0.000491739,0.00870583,0.106896,0.131556,0.108506,0.11419,0.114624,0.114234,0.0556594,0.019936,0.0795951,0.0276264,0.112846,0.0169971
0.00611298,0.000493047,0.00882372,0.106945,0.132257,0.108582,0.114384,0.114834,0.114429,0.0556755,0.0198754,0.0796283,0.0276993,0.112968,0.017049
0.0061893,0.000494303,0.00891744,0.106995,0.132911,0.108657,0.114578,0.115045,0.114625,0.0557907,0.0198156,0.0794189,0.0277542,0.11309,0.0171153
0.00624611,0.000495485,0.00901137,0.107044,0.133548,0.108733,0.114774,0.115257,0.114822,0.055703,0.0197565,0.079287,0.0278255,0.113182,0.0171682
0.00630523,0.000496751,0.00911839,0.107094,0.134209,0.108809,0.114972,0.115471,0.115021,0.0556112,0.0196995,0.0792598,0.0279019,0.113279,0.0172166
0.00634126,0.000498063,0.00922483,0.107144,0.134879,0.108887,0.11517,0.115686,0.115221,0.0553495,0.0196444,0.0792488,0.0279913,0.113361,0.0172506
0.00642267,0.000499336,0.0093319,0.107194,0.135588,0.108962,0.115371,0.115905,0.115423,0.055438,0.019589,0.0791736,0.0280567,0.113481,0.0173089
0.00647294,0.000500607,0.00945919,0.107245,0.136311,0.10904,0.115572,0.116125,0.115626,0.0552644,0.0195343,0.0792911,0.0281469,0.113605,0.0173422
0.00652895,0.000501885,0.00958622,0.107294,0.137062,0.109118,0.115775,0.116347,0.11583,0.0551202,0.0194807,0.0794082,0.0282376,0.11373,0.017375
0.00660434,0.000503183,0.00971089,0.107345,0.137857,0.109196,0.115979,0.116571,0.116036,0.0551223,0.0194283,0.0794763,0.0283186,0.113854,0.0174189
0.00668616,0.000504475,0.00982482,0.107394,0.138643,0.109274,0.116184,0.116797,0.116243,0.0551921,0.0193767,0.0794396,0.0283903,0.113978,0.0174718
0.00676081,0.000505776,0.00994751,0.107444,0.139449,0.109353,0.116391,0.117025,0.116451,0.0552144,0.0193259,0.0794547,0.0284667,0.114101,0.0175203
0.00683981,0.000507075,0.0100717,0.107495,0.140276,0.109431,0.116599,0.117256,0.116661,0.055259,0.0192764,0.0794753,0.0285416,0.114225,0.0175703
0.0069217,0.000508373,0.0101954,0.107545,0.141123,0.109511,0.116809,0.117488,0.116872,0.0552944,0.0192278,0.0795127,0.0286165,0.114349,0.0176203
0.00700141,0.000509677,0.0103174,0.107596,0.141977,0.10959,0.11702,0.117722,0.117085,0.0553392,0.0191799,0.0795098,0.028689,0.114471,0.0176725
0.0070832,0.000510975,0.0104404,0.107646,0.14285,0.10967,0.117232,0.117958,0.117299,0.0554037,0.0191331,0.0794976,0.0287593,0.114595,0.0177267
0.00716885,0.000512252,0.010559,0.107697,0.14375,0.109751,0.117445,0.118196,0.117514,0.0554834,0.0190871,0.0794597,0.0288263,0.114718,0.0177837
0.00725354,0.000513506,0.0106455,0.107747,0.14455,0.10983,0.11766,0.118436,0.117731,0.0556069,0.0190419,0.0791806,0.0288772,0.114841,0.0178528
0.00732138,0.000514793,0.0107786,0.107798,0.145453,0.109911,0.117876,0.118678,0.117949,0.0555154,0.0189976,0.0792888,0.0289579,0.114963,0.0178969
0.00740205,0.000516087,0.0109111,0.107848,0.146397,0.109992,0.118094,0.118922,0.118169,0.0555318,0.0189542,0.0793495,0.0290313,0.115087,0.0179483
0.00749076,0.000517372,0.0110325,0.107899,0.147336,0.110073,0.118313,0.119169,0.11839,0.0556103,0.0189114,0.0793218,0.0290963,0.11521,0.018007
0.00757161,0.000518668,0.0111646,0.107949,0.148305,0.110155,0.118533,0.119418,0.118612,0.0556517,0.0188693,0.0793417,0.0291661,0.115334,0.0180616
0.00765788,0.000519946,0.0112845,0.108,0.149241,0.110236,0.118755,0.119668,0.118836,0.0557423,0.0188281,0.0792679,0.0292285,0.115456,0.0181223
0.00771365,0.000521251,0.0114125,0.108051,0.150167,0.110318,0.118978,0.11992,0.119061,0.0555881,0.0187881,0.0793185,0.0293121,0.115566,0.0181634
0.00778331,0.000522592,0.0115447,0.108102,0.151165,0.110402,0.119202,0.120175,0.119287,0.0555049,0.018749,0.07939,0.0293937,0.115678,0.0182066
0.00787057,0.000523882,0.0116704,0.108153,0.152162,0.110484,0.119428,0.120432,0.119515,0.055595,0.01871,0.0793377,0.0294603,0.115799,0.018264
0.0079394,0.000525244,0.0118116,0.108204,0.153191,0.110567,0.119655,0.120691,0.119745,0.0555526,0.0186724,0.0794002,0.0295409,0.115909,0.0183083
0.00803158,0.000526593,0.0119364,0.108255,0.154235,0.110651,0.119883,0.120953,0.119975,0.0555936,0.0186354,0.0794081,0.0296129,0.116022,0.0183611
0.00811166,0.000527826,0.0120713,0.108306,0.155286,0.110734,0.120113,0.121217,0.120208,0.055583,0.0185975,0.079452,0.0296895,0.116146,0.0184094
0.00817891,0.000529062,0.01221,0.108357,0.156321,0.110817,0.120344,0.121482,0.120441,0.0555,0.0185603,0.079518,0.0297725,0.116269,0.0184511
0.00822429,0.000530304,0.012345,0.108408,0.157319,0.110901,0.120577,0.121749,0.120676,0.0552932,0.0185238,0.0795781,0.0298646,0.116388,0.018482
0.008268,0.000531572,0.0124698,0.108459,0.15833,0.110987,0.120811,0.122017,0.120912,0.0550682,0.0184884,0.0795971,0.0299586,0.116499,0.0185102
0.00835522,0.000532872,0.0126096,0.108511,0.159496,0.111073,0.121046,0.122291,0.12115,0.0551115,0.0184539,0.0796284,0.0300392,0.116622,0.0185546
0.00845282,0.000534152,0.0127102,0.108563,0.160586,0.111158,0.121282,0.122565,0.121389,0.0552316,0.01842,0.0794352,0.0301031,0.116746,0.0186141
0.00853555,0.000535484,0.0128242,0.108614,0.161665,0.111243,0.12152,0.122842,0.12163,0.0552815,0.0183869,0.0793046,0.0301725,0.116856,0.0186692
0.00860729,0.000536829,0.0129692,0.108666,0.162813,0.111328,0.12176,0.123121,0.121872,0.0552151,0.0183546,0.0793846,0.0302569,0.116972,0.0187095
0.0086694,0.000538148,0.0131136,0.108718,0.163992,0.111415,0.122,0.123403,0.122115,0.0550851,0.018323,0.0794764,0.0303466,0.117087,0.0187434
0.00876893,0.000539457,0.013238,0.10877,0.165182,0.111501,0.122242,0.123688,0.12236,0.0551829,0.0182914,0.0794138,0.0304166,0.117209,0.0187979
0.00884857,0.000540833,0.0133802,0.108821,0.166394,0.111588,0.122486,0.123975,0.122606,0.0551338,0.018261,0.0794863,0.0304997,0.117322,0.0188398
0.00893033,0.000542212,0.0135205,0.108874,0.167632,0.111675,0.122731,0.124264,0.122854,0.0550746,0.0182314,0.0795659,0.0305832,0.117434,0.0188811
0.00901507,0.000543619,0.013666,0.108926,0.168886,0.111762,0.122977,0.124556,0.123103,0.0550596,0.0182023,0.0796332,0.0306641,0.117546,0.0189252
0.00908562,0.000545061,0.0138077,0.108977,0.170113,0.11185,0.123224,0.12485,0.123353,0.0549422,0.0181741,0.0797181,0.0307516,0.117653,0.0189621
0.00915466,0.000546431,0.0139526,0.109029,0.171389,0.111938,0.123473,0.125146,0.123605,0.0548111,0.0181462,0.0798216,0.0308413,0.117764,0.0189964
0.00924934,0.000547691,0.0141002,0.10908,0.172747,0.112027,0.123723,0.125447,0.123858,0.0548638,0.0181175,0.0798587,0.0309187,0.117885,0.0190441
0.00934711,0.000549016,0.0142372,0.109133,0.174063,0.112115,0.123975,0.12575,0.124113,0.0549549,0.0180893,0.0798187,0.0309899,0.118007,0.0190975
0.00941184,0.000550187,0.0143857,0.109186,0.175363,0.112204,0.124228,0.126053,0.124369,0.0548172,0.0180605,0.0799133,0.0310793,0.118132,0.0191319
0.00947925,0.000551396,0.0145461,0.109238,0.176712,0.112293,0.124482,0.126361,0.124627,0.0547343,0.0180326,0.0800124,0.0311684,0.118256,0.0191667
0.00955547,0.000552644,0.0147024,0.10929,0.178086,0.112382,0.124738,0.126671,0.124886,0.0546545,0.0180055,0.0801237,0.0312584,0.118381,0.0192003
0.00961851,0.000553891,0.0148578,0.109343,0.179421,0.112471,0.124995,0.126983,0.125146,0.0545125,0.0179788,0.0802347,0.0313529,0.118506,0.019228
0.00964776,0.00055504,0.014987,0.109396,0.180631,0.112561,0.125253,0.127293,0.125408,0.054183,0.0179523,0.0802834,0.0314558,0.11863,0.0192428
0.00969046,0.000556139,0.0151182,0.109449,0.18192,0.112652,0.125513,0.127607,0.125672,0.053933,0.0179262,0.0803173,0.0315566,0.118748,0.0192611
0.00977925,0.000557347,0.0152694,0.109502,0.183427,0.112744,0.125774,0.127928,0.125936,0.0539318,0.017901,0.0803683,0.0316459,0.118868,0.0192954
0.00988384,0.000558661,0.0153722,0.109554,0.18484,0.112836,0.126037,0.12825,0.126202,0.0540501,0.0178768,0.0801592,0.0317162,0.118992,0.0193496
0.00996099,0.00056015,0.0154271,0.109607,0.186032,0.112927,0.126301,0.128569,0.12647,0.0540545,0.0178542,0.079761,0.031782,0.119094,0.0194078
0.00995125,0.000562083,0.015389,0.10966,0.186726,0.113019,0.126566,0.128878,0.126739,0.0536935,0.0178361,0.0790221,0.0318561,0.119117,0.0194593
0.00999476,0.000563973,0.015439,0.109713,0.187864,0.113113,0.126833,0.129199,0.12701,0.0535362,0.0178191,0.0786523,0.0319295,0.119166,0.0195116
0.0100959,0.000565305,0.0155338,0.109765,0.189237,0.113204,0.127101,0.12953,0.127282,0.0536604,0.0177959,0.0784046,0.0319852,0.119282,0.0195775
0.0101741,0.000566533,0.0156934,0.109818,0.190799,0.113297,0.127371,0.129866,0.127555,0.0535814,0.0177728,0.0785246,0.032068,0.119403,0.0196198
0.0102731,0.000567725,0.0158481,0.109872,0.192453,0.113392,0.127641,0.130207,0.12783,0.05359,0.0177504,0.078613,0.0321443,0.119525,0.0196686
0.0103777,0.000569097,0.0159655,0.109925,0.194008,0.113486,0.127914,0.130549,0.128106,0.0537004,0.0177298,0.0784708,0.0322034,0.119641,0.0197321
0.0104797,0.0005705,0.0160943,0.109979,0.195587,0.113579,0.128187,0.130894,0.128384,0.0538083,0.0177094,0.0783626,0.0322626,0.119757,0.0197956
0.0105773,0.000571661,0.0162439,0.110032,0.197218,0.113673,0.128462,0.131243,0.128663,0.0538434,0.0176866,0.0783878,0.0323311,0.119881,0.0198514
0.0106484,0.000572799,0.0163973,0.110085,0.198793,0.113767,0.128739,0.131593,0.128943,0.0537328,0.017664,0.0784725,0.0324121,0.120006,0.0198953
0.0106834,0.000573817,0.0165317,0.110138,0.200227,0.113862,0.129016,0.131941,0.129226,0.0534732,0.0176412,0.0785034,0.0325024,0.120128,0.0199283
0.0107311,0.000575015,0.0166935,0.110191,0.201772,0.113956,0.129295,0.132296,0.129509,0.0532994,0.0176199,0.0785953,0.0325939,0.120251,0.0199598
0.0107461,0.000576338,0.0168314,0.110245,0.203148,0.11405,0.129576,0.132648,0.129794,0.0529591,0.0176002,0.0786493,0.0326957,0.120376,0.0199768
0.0106978,0.000578023,0.0168867,0.110298,0.204049,0.114143,0.129858,0.13299,0.13008,0.0523488,0.0175836,0.0784558,0.0328056,0.120478,0.0199788
0.010483,0.000580116,0.016707,0.110352,0.203726,0.114238,0.130141,0.133297,0.130368,0.0511239,0.0175729,0.0774672,0.0329238,0.120497,0.0199596
0.0105186,0.000581641,0.0168536,0.110405,0.205247,0.114333,0.130426,0.133659,0.130657,0.0508916,0.0175561,0.0775465,0.0330321,0.120601,0.0199655
0.010571,0.00058332,0.0169888,0.11046,0.206866,0.114431,0.130712,0.134025,0.130948,0.0507254,0.0175421,0.0775763,0.033137,0.120688,0.0199783
0.0106623,0.000584412,0.0171186,0.110515,0.20857,0.114529,0.130999,0.134397,0.13124,0.0508251,0.0175219,0.0774495,0.0332234,0.12081,0.0200166
0.010683,0.000584646,0.0171178,0.110568,0.2096,0.114626,0.131288,0.134752,0.131534,0.0506682,0.0174954,0.0768897,0.0333072,0.120911,0.0200567
0.0107168,0.000585094,0.0171744,0.110622,0.210926,0.114726,0.131578,0.135117,0.131829,0.0505748,0.0174724,0.0765168,0.0333923,0.121007,0.0200953
0.0107864,0.000586204,0.0171859,0.110677,0.212169,0.114824,0.13187,0.135483,0.132126,0.0506583,0.0174538,0.0759347,0.0334531,0.121127,0.0201568
0.0108132,0.000586873,0.0171965,0.110732,0.21331,0.114923,0.132163,0.135848,0.132424,0.0505331,0.0174334,0.0754277,0.0335275,0.121197,0.0202062
0.010905,0.000587988,0.0172679,0.110785,0.214886,0.115022,0.132457,0.136228,0.132724,0.0506329,0.0174161,0.075119,0.0335898,0.121307,0.0202664
0.0110024,0.000589284,0.0173539,0.11084,0.216622,0.115124,0.132753,0.136614,0.133025,0.0507409,0.0174004,0.0748682,0.0336496,0.121431,0.0203289
0.0110276,0.000590334,0.017206,0.110894,0.217222,0.115223,0.13305,0.136969,0.133327,0.0507191,0.0173842,0.0737439,0.0336669,0.12155,0.0204162
0.0109561,0.000592262,0.0169547,0.110948,0.217016,0.115319,0.133349,0.137304,0.133631,0.050374,0.0173732,0.0723135,0.0336882,0.121608,0.0205026
0.0107924,0.000595302,0.0166904,0.111002,0.216433,0.115419,0.133649,0.137627,0.133937,0.0495841,0.0173705,0.0710211,0.0337522,0.121538,0.0205641
0.0103875,0.000599989,0.0160945,0.111058,0.213724,0.115519,0.13395,0.137883,0.134244,0.0480174,0.0173826,0.0687152,0.0338325,0.121215,0.0206129
0.00961538,0.000607102,0.0149266,0.111113,0.207519,0.115621,0.134253,0.138026,0.134552,0.045326,0.0174199,0.0646298,0.0339241,0.120377,0.0206529
0.00949817,0.000612423,0.0147429,0.111168,0.207285,0.115723,0.134557,0.13836,0.134862,0.0447295,0.0174405,0.063705,0.0340027,0.12001,0.020706
0.00947126,0.00061726,0.0147261,0.111223,0.207973,0.115824,0.134863,0.138727,0.135173,0.0444476,0.0174546,0.0632898,0.0340823,0.11974,0.0207582
0.00942888,0.000622035,0.0147081,0.111279,0.208646,0.115927,0.13517,0.139094,0.135486,0.0440789,0.017471,0.0629191,0.0341725,0.11945,0.0208001
0.00949428,0.000625553,0.014798,0.111334,0.210108,0.116029,0.135478,0.13949,0.1358,0.044064,0.0174729,0.0628666,0.0342494,0.119313,0.0208549
0.00953774,0.000628908,0.0148997,0.11139,0.21158,0.116133,0.135788,0.139889,0.136116,0.0439778,0.0174764,0.0628531,0.0343347,0.11918,0.0209017
0.00962569,0.000630586,0.0150176,0.111445,0.21327,0.116236,0.136099,0.140298,0.136434,0.0440644,0.0174625,0.062851,0.0344055,0.119175,0.0209607
0.00968488,0.000630891,0.0151198,0.111502,0.214739,0.116338,0.136411,0.140704,0.136752,0.0440662,0.017432,0.062802,0.0344803,0.119254,0.021014
0.009491,0.000626345,0.0148981,0.111558,0.213988,0.116441,0.136725,0.141035,0.137073,0.0432225,0.0173657,0.0618869,0.0345802,0.119362,0.0210315
0.0095322,0.000626706,0.0150097,0.111614,0.215476,0.116545,0.137041,0.141445,0.137395,0.0430995,0.0173412,0.0619497,0.0346742,0.119476,0.0210619
0.0095708,0.000627295,0.0151257,0.11167,0.21699,0.116649,0.137357,0.141858,0.137718,0.0429582,0.0173196,0.0620355,0.0347716,0.119591,0.0210874
0.00962147,0.0006281,0.015258,0.111727,0.21867,0.116755,0.137676,0.142279,0.138043,0.042869,0.0173023,0.0621492,0.0348683,0.119704,0.021114
0.00970477,0.000630198,0.0153838,0.111783,0.220434,0.11686,0.137995,0.142707,0.138369,0.0429325,0.0172929,0.0621804,0.0349508,0.119799,0.0211593
0.00976858,0.000631161,0.015525,0.111841,0.222221,0.116966,0.138316,0.143137,0.138697,0.0429231,0.017276,0.0622733,0.0350416,0.119916,0.0211937
0.00984466,0.000632387,0.015657,0.111898,0.223995,0.117071,0.138639,0.143572,0.139026,0.0429577,0.017259,0.0623287,0.0351274,0.120035,0.0212337
0.00985764,0.000632281,0.0157657,0.111956,0.225434,0.117177,0.138962,0.143996,0.139357,0.0427998,0.0172334,0.0623337,0.0352266,0.120159,0.0212541
0.00990945,0.000633986,0.015911,0.112014,0.227205,0.117282,0.139288,0.144436,0.139689,0.0427316,0.0172215,0.0624578,0.0353267,0.120276,0.0212755
0.00995432,0.000636189,0.0160329,0.112071,0.22889,0.117389,0.139614,0.144874,0.140023,0.0425964,0.017215,0.0625603,0.0354305,0.12038,0.021292
0.0100072,0.000638128,0.0161813,0.112129,0.230737,0.117496,0.139942,0.145321,0.140358,0.0425437,0.0172065,0.0626757,0.0355315,0.12049,0.0213127
0.010078,0.000640535,0.0163168,0.112188,0.232629,0.117604,0.140272,0.145772,0.140695,0.0425478,0.0172012,0.0627437,0.0356274,0.12059,0.0213419
0.0101535,0.000642354,0.0164625,0.112245,0.23459,0.117712,0.140602,0.14623,0.141034,0.0425791,0.0171914,0.0628249,0.0357215,0.120703,0.0213726
0.0102366,0.000642678,0.0165858,0.112302,0.236568,0.117822,0.140935,0.146688,0.141373,0.0426067,0.0171741,0.062868,0.0358117,0.120827,0.0214065
0.0103153,0.000645022,0.0166133,0.112359,0.238052,0.11793,0.141268,0.147134,0.141715,0.0427211,0.0171678,0.0625444,0.0358733,0.120934,0.0214697
0.0104048,0.000646378,0.0167359,0.112417,0.240003,0.118039,0.141604,0.147601,0.142058,0.042797,0.0171539,0.0625525,0.0359507,0.121056,0.0215182
0.0104616,0.000646816,0.0168559,0.112476,0.24181,0.118147,0.14194,0.148065,0.142402,0.0427445,0.0171337,0.0625962,0.0360388,0.12118,0.0215537
0.0104822,0.000646245,0.0169484,0.112534,0.243418,0.118259,0.142278,0.148521,0.142748,0.042566,0.0171108,0.0625978,0.036135,0.121298,0.0215775
0.0105621,0.000648346,0.0170618,0.112593,0.245429,0.118372,0.142617,0.148995,0.143096,0.0426371,0.0171073,0.0625506,0.036212,0.121413,0.0216272
0.0105677,0.000647076,0.0169714,0.11265,0.246102,0.118481,0.142958,0.149422,0.143444,0.0425961,0.0170786,0.0618977,0.0362606,0.121506,0.0216947
0.0102685,0.000642186,0.0164351,0.112707,0.24334,0.118594,0.1433,0.14971,0.143795,0.0417229,0.0170305,0.0601551,0.0363231,0.121344,0.0217461
0.0103093,0.000642018,0.016453,0.112766,0.244647,0.118704,0.143644,0.150165,0.144147,0.0417509,0.0170119,0.0598375,0.0363769,0.121405,0.0218092
0.0101165,0.000639434,0.0160958,0.112822,0.243143,0.118817,0.143989,0.150506,0.144501,0.0411266,0.0169831,0.0586298,0.0364391,0.121204,0.0218612
0.0101888,0.000640067,0.0161776,0.11288,0.244913,0.11893,0.144335,0.150984,0.144856,0.0412108,0.0169713,0.0585153,0.0364944,0.12126,0.0219235
0.010238,0.000640167,0.0162102,0.112938,0.24638,0.119043,0.144683,0.151451,0.145212,0.0412206,0.016958,0.058295,0.0365477,0.121264,0.0219862
0.0103129,0.000640935,0.0162697,0.112997,0.248117,0.119157,0.145032,0.151933,0.14557,0.0413336,0.016948,0.0581016,0.0365894,0.121326,0.022058
0.0103318,0.000641125,0.0162174,0.113055,0.249005,0.119268,0.145383,0.152383,0.14593,0.0413378,0.0169362,0.0576031,0.0366178,0.121308,0.0221362
0.0100465,0.000640308,0.0157108,0.113111,0.24625,0.119382,0.145735,0.152679,0.146291,0.0405162,0.0169265,0.0560673,0.0366649,0.120885,0.0221998
0.00999536,0.000640877,0.0155881,0.113166,0.246404,0.119495,0.146089,0.153101,0.146654,0.0402725,0.0169225,0.0555035,0.036712,0.120649,0.0222657
0.00993888,0.000641889,0.0155026,0.113221,0.24676,0.119611,0.146444,0.153531,0.147018,0.039953,0.0169222,0.0551036,0.0367783,0.120384,0.0223177
0.0100155,0.000643131,0.0156127,0.113279,0.248655,0.119723,0.1468,0.154035,0.147384,0.040021,0.0169158,0.055118,0.0368323,0.120368,0.0223817
0.0100339,0.000644436,0.015709,0.113336,0.250281,0.11984,0.147158,0.154526,0.147752,0.0398583,0.0169113,0.0551875,0.0369157,0.120324,0.0224198
0.0100946,0.000645756,0.0158337,0.113393,0.252231,0.119955,0.147517,0.155037,0.148121,0.0398564,0.0169059,0.0552662,0.0369883,0.120317,0.0224695
0.010132,0.000647116,0.0159604,0.113451,0.254134,0.120072,0.147878,0.155546,0.148491,0.0397846,0.0169011,0.0553622,0.0370723,0.120311,0.022508
0.0102063,0.000648407,0.0160888,0.113509,0.256251,0.12019,0.14824,0.156069,0.148863,0.0398333,0.0168927,0.0554267,0.0371452,0.120369,0.0225584
0.0102863,0.0006497,0.0162043,0.113567,0.258333,0.120307,0.148604,0.156594,0.149237,0.0399208,0.0168853,0.055433,0.0372108,0.120428,0.0226154
0.0103655,0.000651021,0.0163224,0.113625,0.260415,0.120423,0.148969,0.157124,0.149612,0.0399917,0.0168795,0.0554584,0.0372787,0.12048,0.0226705
0.0104236,0.000652362,0.0164623,0.113683,0.262536,0.120541,0.149335,0.157658,0.149989,0.0399864,0.0168737,0.0555599,0.0373604,0.120541,0.0227127
0.0104869,0.000653708,0.0165997,0.113742,0.264699,0.12066,0.149703,0.158196,0.150367,0.0399854,0.0168678,0.0556611,0.0374436,0.120609,0.0227536
0.0105616,0.000655057,0.0167307,0.1138,0.26691,0.120779,0.150072,0.15874,0.150747,0.0400063,0.016862,0.0557498,0.0375245,0.120684,0.022797
0.0106402,0.000656378,0.0168624,0.113858,0.269172,0.120898,0.150443,0.15929,0.151129,0.0400457,0.0168551,0.0558285,0.0376032,0.120773,0.0228428
0.0107253,0.000657626,0.0169837,0.113915,0.271386,0.121017,0.150815,0.159842,0.151512,0.0401134,0.0168473,0.0558674,0.0376761,0.120876,0.0228943
0.010772,0.000658803,0.0171065,0.113972,0.273445,0.121137,0.151189,0.16039,0.151896,0.0400615,0.0168367,0.0559406,0.037763,0.120996,0.0229316
0.0108301,0.000660047,0.0172293,0.11403,0.27565,0.121259,0.151564,0.160945,0.152283,0.0400355,0.0168269,0.056013,0.037849,0.121118,0.02297
0.0109098,0.000661317,0.0173093,0.114088,0.277611,0.121376,0.15194,0.161499,0.15267,0.0401506,0.0168216,0.0558944,0.0379098,0.121225,0.0230317
0.0109081,0.000662747,0.0173909,0.114145,0.279257,0.121498,0.152318,0.162035,0.15306,0.039943,0.0168205,0.0559215,0.0380078,0.121296,0.0230542
0.0109691,0.000664142,0.0175284,0.114204,0.281547,0.121619,0.152697,0.162607,0.15345,0.0399434,0.0168168,0.0560049,0.0380951,0.121391,0.023091
0.0110462,0.000665537,0.0176593,0.114261,0.283915,0.121742,0.153078,0.163186,0.153843,0.0399693,0.0168127,0.0560816,0.0381795,0.12149,0.0231311
0.0111278,0.000666752,0.0177894,0.11432,0.286259,0.121862,0.15346,0.16377,0.154237,0.040035,0.0168056,0.0561244,0.0382584,0.121607,0.0231772
0.0111587,0.000667938,0.0179118,0.114378,0.288361,0.121985,0.153844,0.164343,0.154632,0.0399052,0.0167974,0.056235,0.0383572,0.121729,0.0231988
0.0112252,0.000669258,0.0180581,0.114437,0.2908,0.122107,0.154229,0.164936,0.15503,0.0399124,0.0167924,0.0563359,0.0384473,0.121843,0.0232324
0.0112951,0.000670563,0.0182046,0.114496,0.293269,0.12223,0.154616,0.165536,0.155429,0.0399333,0.0167873,0.0564292,0.0385369,0.12196,0.0232666
0.0113605,0.000671863,0.0183483,0.114555,0.295702,0.122353,0.155004,0.166138,0.155829,0.0399206,0.0167827,0.0565382,0.0386303,0.122075,0.0232961
0.0114066,0.0006732,0.0184879,0.114615,0.298089,0.122478,0.155393,0.166738,0.156231,0.0398461,0.0167784,0.0566583,0.0387298,0.12219,0.0233168
0.0114915,0.000674519,0.0186226,0.114673,0.300648,0.122602,0.155784,0.167352,0.156634,0.0399063,0.0167735,0.0567134,0.0388161,0.122308,0.023355
0.0115647,0.000675776,0.0187665,0.114736,0.303254,0.122728,0.156176,0.167971,0.15704,0.0399569,0.0167664,0.0567713,0.0389037,0.122431,0.0233917
0.0116516,0.000677215,0.0188734,0.114793,0.305733,0.122854,0.15657,0.168588,0.157446,0.0400435,0.0167637,0.0567419,0.0389817,0.122543,0.0234389
0.0117351,0.00067837,0.0189574,0.114853,0.308071,0.122981,0.156965,0.169201,0.157855,0.0401325,0.0167547,0.0566557,0.0390527,0.122667,0.0234923
0.0117801,0.000679365,0.0189903,0.114914,0.309817,0.123105,0.157362,0.169791,0.158265,0.0401508,0.0167423,0.0564563,0.0391214,0.122779,0.0235477
0.0117164,0.000680471,0.0189133,0.114973,0.310241,0.123229,0.15776,0.170313,0.158676,0.0398559,0.0167273,0.0561264,0.0392101,0.122832,0.0235827
0.0112466,0.000682193,0.0182408,0.115032,0.304808,0.123358,0.158159,0.170515,0.159089,0.038686,0.0167122,0.0546425,0.0393165,0.122652,0.0235915
0.0109454,0.000683021,0.0176783,0.11509,0.300853,0.123484,0.15856,0.170805,0.159504,0.038022,0.0167161,0.0532385,0.0393867,0.122625,0.0236456
0.0100365,0.00068566,0.0161648,0.115145,0.287425,0.123612,0.158963,0.170575,0.15992,0.0360484,0.0167435,0.0500343,0.0394811,0.122072,0.0236747
0.00990766,0.000688499,0.0159544,0.115204,0.286543,0.123742,0.159367,0.171021,0.160339,0.0357022,0.0167617,0.049441,0.0395665,0.121929,0.0237153
0.00998402,0.000689964,0.0160443,0.115262,0.28873,0.123871,0.159772,0.171638,0.160758,0.035797,0.0167585,0.0494252,0.0396376,0.122013,0.0237694
0.0100395,0.000690619,0.0160862,0.115322,0.290463,0.123999,0.160179,0.172236,0.161179,0.0358652,0.016745,0.0492993,0.0397005,0.122137,0.0238297
0.0100316,0.000690981,0.0160666,0.115383,0.291457,0.124129,0.160587,0.172794,0.161602,0.0357634,0.0167251,0.0490998,0.0397765,0.122246,0.0238782
0.010068,0.000691673,0.0161083,0.115441,0.293046,0.124257,0.160997,0.173393,0.162027,0.0357654,0.0167115,0.0490058,0.0398469,0.122361,0.0239319
0.00996874,0.000692276,0.0160095,0.115502,0.292934,0.124386,0.161408,0.173896,0.162453,0.0354453,0.016693,0.0486988,0.0399404,0.122402,0.0239602
0.00984754,0.000693295,0.0158486,0.115563,0.29237,0.12452,0.161821,0.174369,0.16288,0.0350628,0.0166778,0.0482994,0.0400364,0.122388,0.0239852
0.00983149,0.00069477,0.0157701,0.115623,0.292963,0.124651,0.162235,0.174915,0.16331,0.0349967,0.016681,0.0479462,0.0401005,0.122467,0.0240448
0.0099076,0.000696042,0.0158251,0.115683,0.294998,0.124784,0.162651,0.175544,0.163741,0.0351127,0.0166768,0.0478528,0.0401548,0.122591,0.0241114
0.00992875,0.000697031,0.0157669,0.115744,0.295867,0.124913,0.163068,0.176114,0.164173,0.0351472,0.0166667,0.0475221,0.0401932,0.122672,0.0241877
0.00971605,0.000698514,0.0154247,0.115806,0.293418,0.125046,0.163486,0.176489,0.164607,0.0346643,0.0166545,0.0467309,0.0402639,0.122519,0.0242408
0.00970696,0.000700224,0.0154096,0.115868,0.294368,0.125178,0.163906,0.177065,0.165043,0.0345908,0.0166494,0.046547,0.0403303,0.122506,0.0242981
0.00972107,0.000701917,0.0154434,0.115928,0.295885,0.125314,0.164328,0.177673,0.165481,0.034531,0.0166461,0.0464867,0.0404051,0.122514,0.0243483
0.00977767,0.000702812,0.0154369,0.115988,0.297339,0.125445,0.164751,0.178287,0.16592,0.034622,0.0166416,0.0462793,0.0404409,0.122637,0.0244264
0.00981801,0.000704426,0.0154956,0.11605,0.299177,0.125581,0.165175,0.178922,0.16636,0.034643,0.0166386,0.0462355,0.040501,0.122685,0.0244891
0.00988672,0.000705547,0.0155652,0.116111,0.301267,0.125715,0.165601,0.179579,0.166803,0.034751,0.0166346,0.0461778,0.0405463,0.122798,0.0245619
0.00994937,0.000706538,0.0156237,0.116172,0.303221,0.125848,0.166028,0.180232,0.167247,0.0348266,0.0166303,0.0461199,0.0405938,0.122922,0.0246331
0.0100042,0.000707676,0.01573,0.116234,0.305461,0.125982,0.166457,0.180907,0.167692,0.0348505,0.0166265,0.0461857,0.0406608,0.123046,0.0246901
0.0100563,0.000708801,0.0158242,0.116294,0.307622,0.126118,0.166887,0.181579,0.16814,0.0348316,0.016623,0.0462659,0.0407348,0.123171,0.024741
0.0101113,0.000709922,0.0159258,0.116353,0.309956,0.126258,0.167319,0.182261,0.168589,0.0348196,0.0166197,0.0463574,0.0408097,0.123295,0.0247908
0.0101773,0.000711162,0.015965,0.116415,0.31189,0.126393,0.167752,0.182926,0.169039,0.0349356,0.0166161,0.0462284,0.0408465,0.123414,0.0248686
0.0102515,0.000712385,0.0160383,0.116478,0.314112,0.126529,0.168187,0.183613,0.169492,0.0350432,0.0166126,0.0461839,0.0408898,0.123537,0.0249426
0.01033,0.000713636,0.0161332,0.116539,0.316554,0.126667,0.168623,0.184317,0.169945,0.0351224,0.0166092,0.0462135,0.040942,0.12366,0.0250109
0.0103918,0.000715044,0.0162052,0.116601,0.318716,0.126804,0.16906,0.185008,0.170401,0.0351894,0.0166059,0.0461833,0.0409902,0.123768,0.025082
0.0104634,0.000716461,0.0162921,0.116663,0.321054,0.126941,0.169499,0.185714,0.170858,0.0352465,0.0166028,0.0462063,0.0410433,0.123879,0.0251499
0.0104937,0.000718149,0.0163467,0.116725,0.322907,0.12708,0.16994,0.186392,0.171317,0.0352166,0.0166008,0.0461845,0.0411057,0.123956,0.0252111
0.0105712,0.00073287,0.0164658,0.116785,0.325521,0.127224,0.170382,0.187119,0.171778,0.0353415,0.0167258,0.0463095,0.0412307,0.124081,0.0253361
0.010652,0.000747841,0.0165824,0.116845,0.328133,0.127367,0.170826,0.187852,0.17224,0.0354665,0.0168508,0.0464345,0.0413557,0.124206,0.0254611
0.0107332,0.000762969,0.0166998,0.116906,0.330821,0.127512,0.171271,0.18859,0.172704,0.0355915,0.0169758,0.0465595,0.0414807,0.124331,0.0255861
0.0108081,0.000778508,0.0168243,0.116969,0.333356,0.127651,0.171717,0.189335,0.17317,0.0357165,0.0171008,0.0466845,0.0416057,0.124456,0.0257111
0.0108836,0.000794172,0.0169493,0.117032,0.335999,0.127794,0.172165,0.190085,0.173638,0.0358415,0.0172258,0.0468095,0.0417306,0.124581,0.0258361
0.0109711,0.00081002,0.0170634,0.117095,0.338699,0.127939,0.172615,0.190841,0.174107,0.0359665,0.0173508,0.0469345,0.0418556,0.124706,0.0259611
0.0110507,0.000826078,0.0171864,0.117159,0.341428,0.128085,0.173065,0.191603,0.174577,0.0360915,0.0174758,0.0470595,0.0419806,0.124831,0.0260861
0.0111346,0.000842464,0.0173061,0.117221,0.34408,0.128227,0.173518,0.192372,0.17505,0.0362165,0.0176008,0.0471845,0.0421056,0.124956,0.0262111
0.0112134,0.000859,0.017432,0.117285,0.346822,0.128373,0.173972,0.193146,0.175524,0.0363415,0.0177258,0.0473095,0.0422306,0.125081,0.0263361
0.0112909,0.000875775,0.0175601,0.11735,0.349575,0.128518,0.174427,0.193926,0.176,0.0364665,0.0178508,0.0474345,0.0423556,0.125206,0.0264611
0.0113749,0.000892788,0.0176829,0.117413,0.352339,0.128664,0.174884,0.194712,0.176477,0.0365915,0.0179758,0.0475595,0.0424806,0.125331,0.0265861
0.0114468,0.000909968,0.0178188,0.117478,0.355179,0.128813,0.175342,0.195505,0.176957,0.0367165,0.0181008,0.0476845,0.0426056,0.125456,0.0267111
0.0115347,0.000927294,0.0179399,0.117541,0.358122,0.128965,0.175802,0.196304,0.177438,0.0368415,0.0182258,0.0478095,0.0427306,0.125581,0.0268361
0.0116194,0.000944957,0.0180652,0.117605,0.360991,0.129114,0.176264,0.197109,0.17792,0.0369665,0.0183508,0.0479345,0.0428556,0.125706,0.0269611
0.0117,0.000962855,0.0181955,0.117669,0.363878,0.129263,0.176726,0.197921,0.178405,0.0370915,0.0184758,0.0480595,0.0429806,0.125831,0.0270861
0.0116626,0.000805917,0.018247,0.117733,0.366636,0.12939,0.177191,0.198726,0.17889,0.0362544,0.0170961,0.0475965,0.0428635,0.125934,0.026887
0.011718,0.000770821,0.0183496,0.117797,0.369663,0.129535,0.177657,0.199549,0.179378,0.0361448,0.0167849,0.0475162,0.0427945,0.126051,0.0267667
0.0117525,0.000756808,0.0181625,0.117859,0.369988,0.129669,0.178124,0.2002,0.179867,0.0362481,0.0166604,0.0468764,0.0426585,0.126175,0.0267633
0.0117031,0.000752619,0.0180257,0.117922,0.369923,0.129809,0.178592,0.200827,0.180357,0.0360757,0.016611,0.0465084,0.0426169,0.126176,0.0267489
0.0104632,0.000756145,0.016182,0.117984,0.347328,0.129956,0.179062,0.199836,0.18085,0.0337714,0.0166227,0.0436105,0.0426807,0.125296,0.0266778
0.0100646,0.000760215,0.0155921,0.118046,0.340969,0.130108,0.179534,0.199989,0.181345,0.0329584,0.0166455,0.0426629,0.0427375,0.124787,0.0266477
0.00998077,0.000757137,0.0154248,0.11811,0.340126,0.13025,0.180007,0.200555,0.181841,0.032793,0.0166092,0.0422809,0.0427538,0.124906,0.026667
0.00904916,0.00075097,0.0140185,0.118173,0.322774,0.130397,0.180482,0.199919,0.182339,0.0311396,0.016557,0.0400711,0.0428377,0.124509,0.0266232
0.00833154,0.000748735,0.0129383,0.118233,0.309586,0.130548,0.180958,0.199565,0.182838,0.0298708,0.0165387,0.0383792,0.0429301,0.123904,0.0265818
0.0083631,0.000750067,0.0129613,0.118296,0.311099,0.1307,0.181436,0.200285,0.18334,0.0298936,0.0165375,0.0383434,0.0429846,0.124019,0.0266076
0.00841916,0.00075131,0.0129899,0.118359,0.312828,0.13085,0.181915,0.201027,0.183843,0.0299904,0.0165364,0.0382834,0.0430177,0.124143,0.0266576
0.00846139,0.000752848,0.0130147,0.118422,0.314395,0.130998,0.182396,0.201762,0.184348,0.0300615,0.0165366,0.0382213,0.0430553,0.124255,0.0267105
0.00850683,0.00075439,0.0130816,0.118486,0.316356,0.131149,0.182878,0.202528,0.184854,0.0301007,0.0165368,0.038262,0.0431137,0.124371,0.0267518
0.00856213,0.000755839,0.0131555,0.11855,0.318467,0.131301,0.183362,0.203309,0.185363,0.0301523,0.0165364,0.0383163,0.0431719,0.124491,0.0267971
0.00861503,0.000757378,0.0132272,0.118615,0.320542,0.131453,0.183847,0.204091,0.185873,0.0302068,0.0165364,0.0383599,0.0432292,0.124607,0.0268467
0.00866802,0.000758906,0.0133049,0.118681,0.322684,0.131605,0.184334,0.204883,0.186385,0.0302496,0.0165363,0.0384238,0.0432917,0.124723,0.0268947
0.00872282,0.000760556,0.0133782,0.118745,0.324784,0.131757,0.184822,0.205677,0.186898,0.0302874,0.0165365,0.0384876,0.0433547,0.124835,0.0269446
0.00873468,0.000762588,0.0134411,0.11881,0.326447,0.131909,0.185312,0.206443,0.187414,0.0302403,0.016539,0.0385523,0.0434365,0.12492,0.0269786
0.00871761,0.000764826,0.0134696,0.118877,0.327632,0.132063,0.185803,0.207172,0.187931,0.0301228,0.0165438,0.0385898,0.0435301,0.124973,0.0270004
0.0087334,0.000766838,0.0135265,0.118943,0.329368,0.132219,0.186296,0.207944,0.18845,0.0300737,0.0165477,0.038654,0.0436193,0.125039,0.0270295
0.0087924,0.000768439,0.0136049,0.11901,0.331544,0.13237,0.18679,0.208763,0.18897,0.0301467,0.0165463,0.0386967,0.0436868,0.125148,0.0270815
0.00879614,0.000769639,0.0136908,0.119075,0.333382,0.132524,0.187286,0.209555,0.189492,0.0300635,0.016544,0.0388215,0.0437885,0.125263,0.0270933
0.00882335,0.000771295,0.0137761,0.119141,0.335475,0.132682,0.187783,0.210367,0.190016,0.0300364,0.0165453,0.038924,0.0438845,0.125358,0.0271157
0.00887721,0.000772794,0.0138615,0.119209,0.337762,0.132837,0.188282,0.211203,0.190542,0.0301068,0.0165443,0.0389696,0.0439622,0.125469,0.0271605
0.0089264,0.000773516,0.0139309,0.119272,0.339883,0.132994,0.188782,0.212029,0.19107,0.0301369,0.0165382,0.0390251,0.0440446,0.125594,0.0271998
0.00897471,0.000774801,0.0140251,0.11934,0.342186,0.133149,0.189284,0.212878,0.1916,0.0301809,0.0165351,0.0391011,0.044128,0.125716,0.0272389
0.00899666,0.000775643,0.0140974,0.119405,0.344067,0.133303,0.189787,0.213697,0.192131,0.0301319,0.0165294,0.0391981,0.0442262,0.12584,0.0272584
0.00896169,0.00077588,0.01412,0.119472,0.345075,0.133458,0.190292,0.214448,0.192663,0.0299733,0.0165214,0.039247,0.0443359,0.125949,0.027256
0.00892293,0.000776134,0.0141459,0.119539,0.346075,0.133612,0.190798,0.215201,0.193197,0.029822,0.0165142,0.0392899,0.0444481,0.126047,0.0272478
0.00892552,0.00077691,0.0142176,0.119606,0.347842,0.133767,0.191306,0.21602,0.193734,0.0297368,0.0165102,0.0393956,0.0445599,0.126163,0.0272416
0.00892146,0.000777613,0.0142964,0.119673,0.349642,0.133923,0.191815,0.216843,0.194271,0.0296523,0.0165065,0.0395016,0.0446742,0.126276,0.0272293
0.00896847,0.000779053,0.014383,0.119739,0.352001,0.134082,0.192326,0.217714,0.194811,0.0296623,0.0165061,0.0395965,0.0447784,0.1264,0.0272409
0.00903094,0.000780535,0.0144617,0.119805,0.354396,0.134241,0.192839,0.218596,0.195353,0.0297294,0.0165052,0.0396443,0.0448695,0.126525,0.0272725
0.00908127,0.000782194,0.0145376,0.119872,0.356733,0.134404,0.193353,0.219473,0.195897,0.0297617,0.0165058,0.0397036,0.0449637,0.126643,0.0273007
0.00914269,0.000783747,0.0145981,0.119938,0.359022,0.134566,0.193868,0.220352,0.196442,0.0298502,0.0165056,0.0396994,0.0450407,0.126765,0.0273486
0.00920067,0.000785196,0.0146585,0.120006,0.361324,0.13473,0.194385,0.221234,0.196989,0.0299445,0.0165054,0.0396838,0.0451121,0.126887,0.0274018
0.00925236,0.000785963,0.0146563,0.120071,0.36297,0.13489,0.194904,0.22207,0.197538,0.0300485,0.0165011,0.0395601,0.0451614,0.127004,0.027471
0.00931269,0.00078763,0.0147029,0.120136,0.365142,0.135052,0.195424,0.222955,0.198089,0.0301384,0.0165017,0.0395319,0.0452193,0.127123,0.0275354
0.00936876,0.000789486,0.0147575,0.120203,0.367373,0.135216,0.195945,0.223847,0.198642,0.0301978,0.0165034,0.0395393,0.045283,0.127233,0.0275959
0.00940887,0.000791705,0.014799,0.12027,0.369327,0.135378,0.196469,0.224723,0.199196,0.0302371,0.016507,0.0395244,0.0453465,0.127323,0.0276572
0.00943647,0.00079396,0.0148555,0.120337,0.371343,0.135543,0.196993,0.225605,0.199752,0.0302357,0.0165114,0.0395535,0.0454224,0.127404,0.027708
0.00949651,0.000795623,0.0149347,0.120404,0.373882,0.135709,0.197519,0.226534,0.20031,0.0302878,0.0165126,0.0396086,0.0454905,0.127511,0.0277652
0.00954947,0.000797214,0.0150123,0.120472,0.376366,0.135876,0.198047,0.227464,0.20087,0.0303654,0.0165137,0.0396248,0.0455508,0.127618,0.0278286
0.00957006,0.000797262,0.014999,0.120539,0.377635,0.136038,0.198576,0.228298,0.201432,0.0304151,0.0165042,0.0394987,0.0455958,0.127728,0.0279004
0.00948319,0.000796417,0.0148597,0.120605,0.376788,0.136206,0.199107,0.228946,0.201995,0.0302513,0.0164909,0.039261,0.0456667,0.127737,0.0279507
0.00952318,0.000797087,0.0149172,0.120673,0.378919,0.136372,0.199639,0.22986,0.202561,0.0302959,0.0164865,0.0392694,0.0457286,0.127837,0.0280103
0.00954953,0.000797693,0.0149677,0.120741,0.380873,0.136539,0.200173,0.230761,0.203128,0.0303054,0.016482,0.0392839,0.0457984,0.127917,0.028063
0.00957993,0.000798292,0.0150265,0.120808,0.383048,0.136711,0.200709,0.231677,0.203697,0.0303169,0.0164786,0.0393134,0.0458706,0.127989,0.0281135
0.00963019,0.000799819,0.0150026,0.120874,0.3845,0.136872,0.201246,0.232551,0.204267,0.030427,0.0164786,0.0391537,0.0458933,0.128114,0.0281987
0.00951656,0.000802745,0.0148456,0.120942,0.383252,0.137041,0.201784,0.233181,0.20484,0.0302142,0.0164855,0.0389011,0.0459709,0.12813,0.0282489
0.00951987,0.000805024,0.0148568,0.121013,0.38473,0.137214,0.202324,0.234048,0.205414,0.0301824,0.0164909,0.0388688,0.0460423,0.128207,0.028304
0.00957859,0.00080581,0.0148846,0.121083,0.386861,0.137383,0.202865,0.234982,0.20599,0.0302911,0.0164879,0.0387994,0.0460768,0.128331,0.0283829
0.00963621,0.00080696,0.0148855,0.12115,0.388603,0.137544,0.203408,0.235898,0.206568,0.0304116,0.0164859,0.0386806,0.0460935,0.128455,0.028471
0.00966983,0.000808298,0.0149788,0.121218,0.391124,0.137717,0.203953,0.236875,0.207148,0.0303884,0.0164855,0.0387962,0.046171,0.128579,0.0285187
0.00973206,0.00080952,0.015064,0.121288,0.39384,0.137888,0.204499,0.237878,0.20773,0.030453,0.0164844,0.0388529,0.0462274,0.128703,0.0285841
0.0097898,0.000811028,0.0151494,0.121359,0.396427,0.138054,0.205047,0.238883,0.208313,0.0305292,0.0164836,0.0388917,0.0462809,0.128827,0.0286517
0.0097872,0.000811939,0.0152176,0.121428,0.398264,0.138222,0.205596,0.239824,0.208899,0.0304351,0.0164794,0.0389943,0.0463733,0.128947,0.0286814
0.00971239,0.000812401,0.0152154,0.121496,0.398737,0.138389,0.206147,0.240642,0.209486,0.0302039,0.0164741,0.0390421,0.0464831,0.129051,0.0286806
0.00961541,0.000812681,0.0151836,0.121564,0.398696,0.138554,0.206699,0.241415,0.210074,0.0299404,0.0164689,0.0390561,0.0465988,0.129137,0.0286642
0.009498,0.000812549,0.0151212,0.121633,0.398314,0.138726,0.207253,0.242142,0.210664,0.0296572,0.0164642,0.039025,0.0467179,0.12918,0.0286352
0.00947525,0.000814981,0.0150605,0.121702,0.398766,0.138899,0.207808,0.242965,0.211257,0.0296375,0.0164675,0.0388539,0.0468006,0.129259,0.0286791
0.00950669,0.000816949,0.015103,0.121771,0.400826,0.139075,0.208365,0.243934,0.211852,0.0296486,0.0164701,0.0388666,0.0468919,0.129364,0.0287123
0.00957015,0.000818524,0.0151554,0.121838,0.403233,0.139248,0.208924,0.244947,0.212449,0.0297442,0.0164701,0.0388518,0.0469623,0.129487,0.0287668
0.00960958,0.000820422,0.0152378,0.121909,0.40571,0.139421,0.209484,0.245972,0.213048,0.0297799,0.0164718,0.0389043,0.0470497,0.129599,0.0288047
0.00965411,0.000821656,0.015332,0.12198,0.408502,0.139602,0.210045,0.247018,0.213648,0.029787,0.0164717,0.0390078,0.047145,0.129721,0.0288317
0.0097008,0.000822673,0.0153417,0.122053,0.410443,0.139779,0.210608,0.247993,0.21425,0.0299067,0.0164701,0.038889,0.0471949,0.129846,0.0289015
0.00962429,0.000822137,0.015109,0.12212,0.408693,0.139955,0.211173,0.24862,0.214854,0.0298745,0.0164611,0.0384458,0.0472228,0.129855,0.0289818
0.00966687,0.000822909,0.0150649,0.122188,0.410023,0.140128,0.211739,0.249545,0.215459,0.0299948,0.016459,0.0382563,0.0472394,0.129967,0.0290693
0.00970385,0.000824406,0.0150247,0.122256,0.411289,0.140299,0.212307,0.250474,0.216066,0.0301006,0.01646,0.0380786,0.0472518,0.130089,0.0291597
0.00975485,0.00082625,0.0150536,0.122325,0.413368,0.140473,0.212876,0.251488,0.216676,0.0301669,0.016462,0.0380485,0.0472901,0.130203,0.0292374
0.00969031,0.000829188,0.0149792,0.122394,0.413253,0.140651,0.213447,0.25229,0.217288,0.0300344,0.01647,0.037928,0.0473612,0.130223,0.0292937
0.00963134,0.000832236,0.0149215,0.122466,0.413395,0.140831,0.214019,0.253115,0.217902,0.0298972,0.0164801,0.0378436,0.0474412,0.130221,0.029342
0.00965861,0.000834742,0.0149667,0.122534,0.415412,0.141009,0.214594,0.254133,0.218517,0.0298985,0.0164863,0.0378703,0.0475108,0.130277,0.0293994
0.00966033,0.000837555,0.0150061,0.122606,0.417092,0.141187,0.215169,0.255124,0.219135,0.0298401,0.0164939,0.0379154,0.0475955,0.13031,0.0294425
0.00958322,0.000840946,0.014946,0.122674,0.417022,0.141368,0.215746,0.255938,0.219754,0.0296388,0.0165077,0.0378715,0.0476966,0.130255,0.0294657
0.00962953,0.000842652,0.0150312,0.122745,0.419723,0.141551,0.216325,0.25703,0.220375,0.0296498,0.01651,0.037967,0.0477806,0.130331,0.0295091
0.00969361,0.000843912,0.0151077,0.122815,0.422554,0.141736,0.216906,0.258138,0.220999,0.0297199,0.0165098,0.0380152,0.0478472,0.130426,0.0295684
0.0097557,0.00084514,0.0151431,0.122885,0.424904,0.141916,0.217487,0.259209,0.221623,0.0298292,0.0165089,0.0379692,0.0478887,0.130529,0.029645
0.00980921,0.000845614,0.015191,0.122955,0.427267,0.142097,0.218071,0.260287,0.22225,0.0299074,0.0165021,0.0379609,0.0479381,0.130653,0.0297156
0.00983826,0.000845096,0.0152297,0.123028,0.429426,0.142287,0.218656,0.261335,0.222879,0.0299248,0.0164919,0.0379707,0.048001,0.130772,0.0297751
0.00984526,0.000847091,0.0151033,0.123098,0.429551,0.142461,0.219242,0.262194,0.223509,0.0300147,0.0164988,0.0376665,0.0479902,0.13085,0.0298758
0.00989643,0.000848126,0.015085,0.123165,0.431293,0.14264,0.21983,0.263218,0.22414,0.0301357,0.0164997,0.0375285,0.0479885,0.130963,0.0299726
0.00993744,0.000848257,0.0150784,0.123235,0.432976,0.142816,0.220419,0.264246,0.224773,0.0302411,0.0164928,0.0374122,0.0479884,0.131086,0.0300677
0.00982493,0.000846235,0.0148591,0.123304,0.430746,0.142999,0.22101,0.26487,0.225409,0.0300839,0.0164714,0.0371025,0.0480157,0.131065,0.0301473
0.00985984,0.000846353,0.0148741,0.123373,0.43254,0.143178,0.221603,0.265919,0.226047,0.0301269,0.0164637,0.0370711,0.0480396,0.131148,0.0302305
0.00985332,0.000846373,0.01488,0.123442,0.433824,0.143363,0.222198,0.266914,0.226688,0.0300554,0.0164556,0.037089,0.0480984,0.131196,0.0302913
0.00984398,0.000846658,0.0149029,0.123514,0.435253,0.143549,0.222794,0.267929,0.22733,0.0299928,0.0164494,0.0371162,0.0481628,0.131233,0.0303475
0.00982346,0.000846937,0.0148976,0.123582,0.436294,0.143738,0.223391,0.268903,0.227975,0.0298933,0.016444,0.0371317,0.0482357,0.131234,0.0303957
0.00984102,0.000847595,0.0149468,0.123655,0.438362,0.143927,0.22399,0.269989,0.228621,0.0298827,0.016441,0.0371739,0.0483,0.131258,0.0304523
0.00988744,0.000848499,0.0150157,0.123729,0.44099,0.144116,0.224591,0.271138,0.22927,0.0299287,0.0164393,0.0372192,0.0483553,0.131308,0.0305163
0.00994756,0.000849522,0.0150711,0.123797,0.44356,0.144301,0.225193,0.272294,0.22992,0.0300072,0.016438,0.0372319,0.048397,0.131371,0.0305899
0.00999312,0.000850767,0.0151611,0.123867,0.446338,0.144488,0.225797,0.273479,0.230572,0.0300197,0.0164373,0.0373327,0.0484661,0.131457,0.0306436
0.00999967,0.000851967,0.0152423,0.123939,0.448628,0.144677,0.226403,0.274615,0.231226,0.0299492,0.0164365,0.0374558,0.0485569,0.131546,0.0306743
0.0100127,0.000853176,0.0153196,0.124013,0.450972,0.144866,0.22701,0.27576,0.231882,0.029881,0.0164358,0.0375798,0.0486513,0.131641,0.0307003
0.010018,0.000854227,0.0153894,0.124085,0.453145,0.145056,0.227619,0.276892,0.23254,0.0298137,0.0164349,0.0376851,0.0487477,0.131708,0.0307228
0.0100219,0.000855239,0.0154536,0.124155,0.455307,0.145248,0.228229,0.278023,0.2332,0.0297426,0.0164342,0.0377862,0.0488473,0.131765,0.0307403
0.0100719,0.00085646,0.0155417,0.124228,0.458208,0.145439,0.228841,0.279245,0.233863,0.0297807,0.0164338,0.0378631,0.04893,0.131845,0.030781
0.010111,0.000857646,0.0156287,0.124297,0.461006,0.145632,0.229454,0.280458,0.234527,0.0297815,0.0164334,0.0379621,0.0490212,0.131921,0.0308114
0.0101622,0.000858908,0.0157222,0.124369,0.464014,0.145824,0.230069,0.281703,0.235193,0.0298165,0.016433,0.0380485,0.0491066,0.132014,0.0308493
0.0102063,0.000860183,0.0158216,0.124441,0.466995,0.146015,0.230686,0.282953,0.235861,0.0298383,0.0164325,0.0381459,0.0491965,0.132114,0.0308819
0.010231,0.000861401,0.0159155,0.124514,0.4697,0.146206,0.231304,0.284179,0.236531,0.029808,0.0164321,0.0382647,0.0492975,0.132215,0.0308985
0.0102315,0.000862513,0.015995,0.124586,0.472009,0.146396,0.231923,0.285364,0.237202,0.0297265,0.0164317,0.0383879,0.0494073,0.132316,0.0308983
0.0102545,0.000863654,0.0160839,0.124659,0.474742,0.14659,0.232545,0.286595,0.237876,0.0296871,0.0164314,0.0385074,0.049514,0.132416,0.0309046
0.0103037,0.000864881,0.0161773,0.124732,0.477845,0.146787,0.233168,0.287874,0.238552,0.029721,0.0164313,0.0385898,0.0496091,0.132511,0.0309304
0.0103599,0.000866189,0.0162636,0.124804,0.480821,0.146978,0.233792,0.28916,0.23923,0.0297974,0.0164309,0.038628,0.0496933,0.132621,0.0309703
0.0103467,0.000867261,0.0163223,0.124876,0.482694,0.147165,0.234418,0.290329,0.239909,0.0296999,0.0164315,0.038725,0.0498057,0.132701,0.030964
0.0101987,0.000868049,0.0162181,0.124945,0.481198,0.147346,0.235045,0.291118,0.240589,0.0293911,0.0164346,0.0386804,0.0499289,0.132704,0.0309149
0.00995032,0.00086928,0.0159236,0.125014,0.476419,0.14753,0.235674,0.291531,0.24127,0.0289791,0.0164443,0.0383982,0.0500525,0.132515,0.0308625
0.00972818,0.000871527,0.0156263,0.12508,0.471961,0.147725,0.236304,0.291964,0.241954,0.028646,0.0164604,0.0380702,0.0501727,0.132186,0.0308316
0.00970129,0.000871978,0.0155131,0.125152,0.471713,0.147922,0.236936,0.292897,0.242642,0.0286588,0.0164482,0.0378447,0.0502552,0.13231,0.0308738
0.00962202,0.000872562,0.0153592,0.125227,0.470329,0.148117,0.23757,0.293703,0.243332,0.0285755,0.0164365,0.0376101,0.0503489,0.132398,0.0309027
0.00942267,0.000873557,0.0150479,0.1253,0.465734,0.148314,0.238206,0.294136,0.244024,0.028311,0.0164276,0.0372353,0.050456,0.132368,0.0309098
0.0094101,0.000874989,0.015026,0.125369,0.466641,0.148511,0.238843,0.295206,0.244717,0.0282782,0.0164255,0.0371913,0.050556,0.132433,0.0309297
0.00939542,0.000876622,0.0150069,0.125443,0.467578,0.14871,0.239482,0.29628,0.245413,0.0282374,0.0164254,0.037157,0.0506568,0.132476,0.0309487
0.00940069,0.000878302,0.0150244,0.125518,0.469223,0.148911,0.240122,0.297434,0.246111,0.0282231,0.0164265,0.0371626,0.0507561,0.132525,0.0309701
0.00945345,0.000879724,0.0150914,0.125593,0.471984,0.149113,0.240764,0.298728,0.246812,0.0283007,0.0164267,0.0371879,0.0508397,0.13263,0.0310117
0.00951379,0.000880964,0.0151607,0.125667,0.47488,0.149315,0.241408,0.300044,0.247514,0.0283752,0.016426,0.0372274,0.0509212,0.13275,0.0310553
0.00956753,0.000882432,0.0152283,0.125741,0.477693,0.149519,0.242053,0.301355,0.248219,0.0284431,0.0164265,0.0372634,0.051001,0.132854,0.031101
0.00962423,0.000883925,0.0152965,0.125814,0.480505,0.149719,0.2427,0.302678,0.248925,0.0285165,0.0164267,0.0372973,0.0510766,0.132961,0.0311508
0.00966456,0.000885434,0.0153777,0.125888,0.483338,0.149923,0.243349,0.304004,0.249633,0.0285298,0.0164275,0.0373877,0.0511687,0.13306,0.0311825
0.00971344,0.000886838,0.0154621,0.125961,0.486371,0.15013,0.243999,0.305354,0.250344,0.0285661,0.016428,0.0374678,0.0512554,0.133165,0.0312206
0.0097725,0.000888153,0.0155183,0.126037,0.489154,0.150334,0.244651,0.306687,0.251057,0.0286597,0.0164277,0.0374683,0.0513186,0.133281,0.0312811
0.0098302,0.000889295,0.0155896,0.126112,0.492154,0.150542,0.245304,0.308046,0.251771,0.0287376,0.0164268,0.0375003,0.0513864,0.133403,0.0313376
0.0098928,0.00089032,0.0156281,0.126186,0.494885,0.150751,0.245959,0.309373,0.252488,0.0288385,0.0164259,0.0374764,0.0514357,0.133528,0.0314079
0.00991371,0.000891782,0.0155509,0.12626,0.495602,0.150948,0.246615,0.310483,0.253205,0.0289454,0.0164277,0.0372647,0.0514436,0.133622,0.0315003
0.00996822,0.00089321,0.0156185,0.126335,0.498436,0.151149,0.247273,0.311853,0.253926,0.0290323,0.0164279,0.0372798,0.0514916,0.133736,0.0315718
0.00998233,0.000893967,0.0156906,0.126412,0.501009,0.151363,0.247933,0.313176,0.254649,0.0290043,0.0164253,0.0373685,0.0515765,0.133858,0.0316111
0.0100371,0.000895551,0.0157112,0.126488,0.503266,0.151561,0.248595,0.314493,0.255373,0.0291039,0.0164264,0.0373164,0.0516119,0.133967,0.0316903
0.0100113,0.000897799,0.0157179,0.126564,0.504405,0.151766,0.249258,0.315674,0.2561,0.0290155,0.016431,0.0373438,0.0517012,0.134011,0.0317264
0.00988633,0.000900601,0.0156005,0.126637,0.50286,0.151972,0.249922,0.316528,0.256829,0.0287863,0.0164403,0.0372586,0.0518071,0.133951,0.0317388
0.00979719,0.000903814,0.0155184,0.126716,0.502125,0.152176,0.250588,0.317484,0.25756,0.0286254,0.0164519,0.037189,0.0519097,0.133854,0.0317579
0.00947251,0.000908536,0.0150748,0.126791,0.494128,0.152382,0.251256,0.317537,0.258292,0.0281737,0.0164776,0.0367364,0.0520253,0.133414,0.0317525
0.00946559,0.000911989,0.0150789,0.126868,0.495396,0.152587,0.251925,0.318742,0.259027,0.0281316,0.0164905,0.0367462,0.052124,0.133287,0.0317793
0.00932216,0.000916369,0.0149271,0.126945,0.49315,0.152792,0.252596,0.319504,0.259763,0.027901,0.0165138,0.0366149,0.05224,0.132965,0.0317739
0.00928401,0.000920815,0.0148816,0.127024,0.493443,0.152999,0.253269,0.320589,0.260502,0.0278241,0.0165344,0.0365704,0.0523442,0.132696,0.031795
0.00914999,0.000925886,0.014709,0.127099,0.491115,0.153212,0.253943,0.321333,0.261243,0.0276164,0.0165654,0.0364056,0.0524581,0.132252,0.0317989
0.00914996,0.000924741,0.014673,0.127179,0.491936,0.153422,0.254619,0.322497,0.261987,0.027661,0.0165435,0.0363015,0.0525322,0.132355,0.0318515
0.00892042,0.000919974,0.0142654,0.127253,0.485183,0.153634,0.255297,0.322717,0.262733,0.0274133,0.0164972,0.0358269,0.0526191,0.13241,0.031885
0.00880816,0.000917435,0.0140765,0.127329,0.482625,0.153849,0.255976,0.323456,0.263481,0.0272908,0.0164698,0.0356049,0.0527082,0.132476,0.0319162
0.00882702,0.000917173,0.0140863,0.127405,0.484244,0.154065,0.256657,0.324719,0.264231,0.027326,0.016459,0.0355893,0.0527863,0.132593,0.0319618
0.00887881,0.000917764,0.0141254,0.127481,0.486719,0.154284,0.25734,0.32609,0.264984,0.0274127,0.0164551,0.0355878,0.052849,0.132717,0.0320221
0.00892327,0.000919027,0.0141064,0.127558,0.488345,0.154495,0.258024,0.327368,0.265737,0.0275308,0.0164556,0.0354789,0.0528751,0.132837,0.0321061
0.00896935,0.000919771,0.0141189,0.127634,0.490345,0.154706,0.258709,0.328702,0.266493,0.027636,0.016452,0.035423,0.0529069,0.132961,0.0321864
0.00899395,0.000919685,0.0141148,0.12771,0.491853,0.15492,0.259397,0.329974,0.267251,0.0276767,0.016443,0.0353928,0.0529553,0.133056,0.0322552
0.00904494,0.000920956,0.014186,0.127788,0.494632,0.155132,0.260086,0.331424,0.268012,0.0277416,0.0164416,0.0354475,0.0530114,0.133181,0.0323204
0.00906541,0.000921845,0.0142588,0.127867,0.497083,0.155349,0.260777,0.332832,0.268775,0.0277236,0.0164384,0.0355536,0.0530974,0.1333,0.0323578
0.00908246,0.00092285,0.0143351,0.127945,0.499494,0.155563,0.261469,0.334247,0.269541,0.0277053,0.0164353,0.0356601,0.0531878,0.133418,0.0323898
0.00906034,0.000923584,0.0143916,0.128024,0.501174,0.155776,0.262163,0.335572,0.270307,0.0276188,0.0164318,0.0357701,0.0532957,0.133531,0.0323936
0.00904407,0.000924802,0.0144565,0.128104,0.503059,0.155987,0.262859,0.336929,0.271075,0.0275326,0.0164313,0.0358947,0.0534091,0.133655,0.032386
0.0090235,0.000926355,0.0145105,0.128183,0.504781,0.156198,0.263556,0.338267,0.271845,0.0274381,0.0164331,0.0360099,0.0535261,0.133776,0.0323695
0.00901498,0.000928242,0.0145636,0.128259,0.506608,0.156406,0.264254,0.339631,0.272617,0.0273624,0.0164359,0.0361186,0.0536428,0.133888,0.0323548
0.00897307,0.000929804,0.0146062,0.128338,0.507937,0.156613,0.264954,0.340928,0.27339,0.0272438,0.0164389,0.0362232,0.0537653,0.133996,0.032316
0.00893204,0.000932864,0.014597,0.128417,0.508588,0.156822,0.265656,0.342145,0.274166,0.0271583,0.0164486,0.0362353,0.0538834,0.134022,0.0323004
0.00882156,0.000936642,0.0144963,0.128499,0.507208,0.157031,0.266359,0.343091,0.274943,0.0269947,0.0164647,0.0361492,0.0540055,0.133936,0.0322704
0.00872395,0.00094094,0.014349,0.128574,0.505493,0.157251,0.267064,0.343981,0.275723,0.0268529,0.0164861,0.0360037,0.0541236,0.13376,0.0322602
0.00871849,0.000939856,0.0142743,0.128654,0.505729,0.157475,0.267772,0.345144,0.276508,0.0269051,0.01647,0.0358523,0.0542023,0.133879,0.0323054
0.00870741,0.000939064,0.0142019,0.128737,0.505875,0.157697,0.26848,0.346304,0.277295,0.0269564,0.0164558,0.0357001,0.0542741,0.133988,0.0323563
0.00850418,0.000936056,0.01383,0.12882,0.49964,0.157923,0.269191,0.346609,0.278084,0.0267788,0.0164319,0.0352507,0.0543582,0.133864,0.0323895
0.0084984,0.00093563,0.0137513,0.1289,0.499807,0.15815,0.269903,0.347766,0.278875,0.0268233,0.0164235,0.03511,0.05442,0.133899,0.0324468
0.00854305,0.000936612,0.0137418,0.128981,0.501476,0.158369,0.270617,0.349141,0.279668,0.0269338,0.0164217,0.0350296,0.0544612,0.13401,0.0325204
0.00858527,0.000937363,0.0137881,0.12906,0.503878,0.158594,0.271332,0.350614,0.280464,0.0269978,0.016419,0.0350559,0.0545294,0.134105,0.0325742
0.00862496,0.000938165,0.0138454,0.12914,0.506411,0.158821,0.27205,0.352109,0.281262,0.0270574,0.0164169,0.0350953,0.0546,0.1342,0.0326261
0.00867049,0.000938844,0.0138806,0.129217,0.508748,0.159049,0.272769,0.35358,0.282062,0.0271224,0.0164147,0.0351114,0.0546605,0.134282,0.0326859
0.00872205,0.000940357,0.0139237,0.129298,0.511297,0.159276,0.273489,0.355089,0.282864,0.0272066,0.0164155,0.0351198,0.0547103,0.134406,0.0327552
0.00877599,0.000941656,0.0139661,0.129376,0.513871,0.159502,0.274211,0.356608,0.283667,0.0272983,0.0164157,0.0351227,0.0547519,0.134528,0.0328295
0.00882973,0.000942709,0.0140122,0.129457,0.516549,0.159732,0.274935,0.358139,0.284473,0.0273896,0.0164154,0.03513,0.0547902,0.134646,0.0329054
0.00887431,0.000943507,0.0139962,0.129537,0.518201,0.159949,0.27566,0.359549,0.28528,0.0275048,0.0164143,0.035037,0.0547899,0.134758,0.0329993
0.00892088,0.000944351,0.0140304,0.129616,0.520509,0.160169,0.276387,0.361059,0.286089,0.0275932,0.0164128,0.0350282,0.0548133,0.134859,0.0330827
0.00892254,0.000944801,0.0140524,0.129697,0.522097,0.160399,0.277116,0.362468,0.286903,0.0275788,0.0164103,0.0350614,0.0548786,0.134899,0.0331383
0.00893831,0.000945568,0.0140947,0.129777,0.524104,0.160626,0.277846,0.363947,0.287719,0.0275796,0.0164091,0.0351159,0.0549466,0.13495,0.0331918
0.00890733,0.00094619,0.0141059,0.129858,0.525099,0.160856,0.278578,0.365287,0.288536,0.0275031,0.0164086,0.0351644,0.055038,0.134956,0.0332201
0.0089734,0.000960809,0.0141784,0.129933,0.52826,0.161101,0.279312,0.366907,0.289357,0.0276281,0.0165336,0.0352894,0.055163,0.135081,0.0333451
0.00902426,0.000975811,0.0142668,0.130013,0.531272,0.161337,0.280048,0.368536,0.290179,0.0277531,0.0166586,0.0354144,0.055288,0.135206,0.0334701
0.00908153,0.000991049,0.0143495,0.130095,0.534286,0.161571,0.280785,0.370174,0.291004,0.0278781,0.0167836,0.0355394,0.055413,0.135331,0.0335951
0.00913617,0.00100651,0.0144357,0.130175,0.5373,0.161805,0.281524,0.371822,0.291831,0.0280031,0.0169086,0.0356644,0.055538,0.135456,0.0337201
0.0091962,0.00102214,0.0145173,0.130255,0.540376,0.162043,0.282265,0.373479,0.292661,0.0281281,0.0170336,0.0357894,0.055663,0.135581,0.0338451
0.00925498,0.00103798,0.0146009,0.130336,0.543484,0.162282,0.283007,0.375146,0.293492,0.0282531,0.0171586,0.0359144,0.055788,0.135706,0.0339701
0.00931191,0.00105413,0.0146871,0.130418,0.546504,0.162514,0.283751,0.376823,0.294326,0.0283781,0.0172836,0.0360394,0.055913,0.135831,0.0340951
0.00936458,0.00107052,0.0147783,0.130502,0.54953,0.162747,0.284497,0.378509,0.295162,0.0285031,0.0174086,0.0361644,0.056038,0.135956,0.0342201
0.00942138,0.00108699,0.0148664,0.130584,0.552715,0.16299,0.285244,0.380206,0.296001,0.0286281,0.0175336,0.0362894,0.056163,0.136081,0.0343451
0.00947183,0.00110375,0.0149615,0.130669,0.555843,0.163228,0.285993,0.381912,0.296842,0.0287531,0.0176586,0.0364144,0.056288,0.136206,0.0344701
0.00953426,0.00112069,0.0150456,0.130753,0.55905,0.163471,0.286744,0.383628,0.297685,0.0288781,0.0177836,0.0365394,0.056413,0.136331,0.0345951
0.00959713,0.00113784,0.01513,0.130835,0.562272,0.163714,0.287496,0.385354,0.29853,0.0290031,0.0179086,0.0366644,0.056538,0.136456,0.0347201
0.00965604,0.00115529,0.0152191,0.130919,0.565446,0.163954,0.288251,0.38709,0.299378,0.0291281,0.0180336,0.0367894,0.056663,0.136581,0.0348451
0.00971786,0.00117287,0.0153062,0.131001,0.568738,0.164201,0.289006,0.388836,0.300228,0.0292531,0.0181586,0.0369144,0.056788,0.136706,0.0349701
0.00977651,0.00119067,0.0153973,0.131084,0.572047,0.164449,0.289764,0.390593,0.30108,0.0293781,0.0182836,0.0370394,0.056913,0.136831,0.0350951
0.00965968,0.00103232,0.0154455,0.13117,0.574682,0.164666,0.290523,0.392265,0.301934,0.028419,0.0169341,0.0367283,0.0568539,0.136862,0.0348313
0.00956282,0.000996766,0.0154875,0.131252,0.575934,0.1649,0.291284,0.393729,0.302788,0.0280144,0.0166351,0.0367999,0.0568986,0.136856,0.0345699
0.00960563,0.000983498,0.015551,0.131335,0.579004,0.165137,0.292046,0.395483,0.303648,0.0280169,0.0165191,0.0367911,0.0569006,0.13691,0.0344592
0.00962423,0.000977674,0.0156263,0.131415,0.581856,0.165378,0.29281,0.397203,0.304509,0.0279791,0.0164677,0.0368664,0.0569506,0.136947,0.0343511
0.00966964,0.000975253,0.0157094,0.131499,0.585092,0.165617,0.293576,0.398997,0.305372,0.0280114,0.0164421,0.0369298,0.0569961,0.137027,0.0342925
0.00968796,0.000974397,0.0157974,0.13158,0.588028,0.165855,0.294344,0.400752,0.306237,0.0279831,0.0164299,0.0370431,0.0570759,0.137113,0.0342198
0.00969873,0.000974398,0.0158924,0.131664,0.591051,0.166099,0.295113,0.402513,0.307104,0.027957,0.0164244,0.0371589,0.0571667,0.137202,0.0341546
0.00974952,0.000975033,0.015956,0.131747,0.59419,0.166347,0.295884,0.404299,0.307975,0.0280329,0.0164201,0.0371818,0.057225,0.137319,0.0341525
0.00980061,0.000975923,0.0159744,0.131829,0.596685,0.166592,0.296657,0.406002,0.308848,0.0281411,0.0164197,0.0371258,0.0572585,0.137421,0.0341851
0.00985008,0.000976943,0.0159879,0.131912,0.599128,0.166839,0.297431,0.407698,0.309723,0.0282528,0.0164195,0.0370608,0.0572854,0.13753,0.0342315
0.00988991,0.000977931,0.0159412,0.131991,0.600579,0.16708,0.298207,0.409255,0.310599,0.0283728,0.0164208,0.0369151,0.0572836,0.137627,0.0343013
0.0098905,0.000978814,0.0158193,0.132069,0.600245,0.167308,0.298984,0.410579,0.311476,0.0284556,0.0164161,0.03669,0.057266,0.137742,0.0343835
0.00965035,0.000980631,0.015416,0.132147,0.592669,0.167561,0.299763,0.410801,0.312358,0.0281885,0.0164089,0.0362746,0.0573271,0.137628,0.034423
0.00966614,0.000981496,0.0153973,0.13223,0.594011,0.1678,0.300544,0.412372,0.313241,0.02826,0.0164108,0.0361873,0.0573448,0.137724,0.0344946
0.00950139,0.000982558,0.0151091,0.132307,0.589044,0.168051,0.301327,0.412988,0.314129,0.0280642,0.0164193,0.0359006,0.0574068,0.137582,0.0345382
0.00955459,0.000983776,0.0151721,0.13239,0.592142,0.168299,0.302111,0.414817,0.315017,0.0281421,0.0164203,0.0359332,0.0574459,0.137689,0.0346025
0.0096104,0.000985005,0.015234,0.132474,0.595366,0.168553,0.302897,0.416659,0.315909,0.0282232,0.0164207,0.0359635,0.0574831,0.1378,0.0346701
0.00964702,0.000985819,0.0151865,0.132554,0.596584,0.168782,0.303684,0.418233,0.316798,0.0283451,0.0164197,0.0358213,0.0574587,0.137922,0.0347674
0.00969969,0.000986983,0.0152466,0.132638,0.59954,0.169023,0.304474,0.420079,0.317694,0.0284097,0.016418,0.0358629,0.0574933,0.138046,0.0348397
0.00967788,0.000988304,0.0152611,0.132721,0.600888,0.169278,0.305265,0.421668,0.318593,0.0283318,0.016414,0.0359215,0.0575748,0.13815,0.0348761
0.00972436,0.000989576,0.0153467,0.132804,0.60426,0.169532,0.306059,0.423573,0.319494,0.0283736,0.0164138,0.0360044,0.057635,0.138274,0.0349331
0.00977616,0.000990817,0.015422,0.132887,0.607518,0.169781,0.306853,0.425477,0.320397,0.0284447,0.0164137,0.0360527,0.0576832,0.138399,0.0349997
0.00981924,0.000992091,0.0155029,0.132973,0.610819,0.170037,0.30765,0.427384,0.321304,0.028475,0.0164146,0.0361371,0.0577505,0.138516,0.0350524
0.0098753,0.000993326,0.0155718,0.133055,0.614107,0.17029,0.308448,0.429303,0.322212,0.0285513,0.0164146,0.036177,0.0577981,0.138639,0.0351206
0.0099419,0.000994562,0.0156356,0.133134,0.617545,0.170547,0.309248,0.431242,0.323122,0.0286191,0.0164145,0.0362301,0.0578456,0.138762,0.0351894
0.00995283,0.000995736,0.0156044,0.133219,0.61873,0.170795,0.31005,0.432853,0.324034,0.0286785,0.0164111,0.0361388,0.0578659,0.138857,0.0352741
0.0100164,0.000996899,0.0156556,0.133299,0.621854,0.171043,0.310853,0.434775,0.324948,0.0287662,0.0164107,0.0361565,0.0578941,0.138982,0.0353551
0.0100329,0.000998307,0.0156993,0.133385,0.624259,0.171302,0.311658,0.436579,0.325866,0.0287701,0.0164089,0.036201,0.0579548,0.139079,0.0354159
0.0100902,0.000999567,0.0157654,0.133469,0.627509,0.171552,0.312465,0.438537,0.326786,0.0288454,0.0164085,0.0362389,0.0579946,0.1392,0.0354909
0.0101242,0.00100094,0.0158462,0.133551,0.630681,0.17181,0.313274,0.440484,0.327709,0.0288478,0.016408,0.0363388,0.0580672,0.139316,0.035542
0.0101589,0.0010023,0.015937,0.133639,0.634011,0.172068,0.314084,0.442465,0.328635,0.0288618,0.0164077,0.036438,0.058142,0.139435,0.0355913
0.0101846,0.00100369,0.01603,0.133722,0.637203,0.172323,0.314896,0.444441,0.329563,0.0288602,0.0164075,0.036545,0.0582268,0.139553,0.0356303
0.0101851,0.00100505,0.0160945,0.133807,0.639678,0.172581,0.31571,0.446301,0.330493,0.0287945,0.0164072,0.0366608,0.0583282,0.139664,0.035647
0.0102062,0.00100633,0.0161892,0.133897,0.642874,0.172838,0.316526,0.448288,0.331426,0.0287812,0.0164071,0.036776,0.0584255,0.139785,0.03567
0.0102115,0.00100756,0.0162681,0.133984,0.645693,0.173098,0.317343,0.450209,0.33236,0.02873,0.0164069,0.0368965,0.0585328,0.139902,0.0356763
0.0102596,0.00100892,0.0163559,0.134072,0.649233,0.173358,0.318162,0.452261,0.333298,0.0287659,0.0164068,0.0369826,0.0586228,0.14002,0.0357096
0.0102954,0.00101022,0.0164495,0.134158,0.65276,0.173623,0.318983,0.454308,0.334238,0.0287803,0.0164068,0.0370827,0.0587199,0.140138,0.0357334
0.0103495,0.0010114,0.0165234,0.134244,0.656384,0.173895,0.319805,0.456363,0.335181,0.0288604,0.0164067,0.0371153,0.0587952,0.140262,0.0357828
0.0103534,0.00101221,0.0163953,0.134326,0.656067,0.174143,0.320629,0.457839,0.336123,0.0289706,0.0164064,0.0368647,0.0587992,0.14038,0.0358759
0.0103311,0.00101311,0.0162994,0.134406,0.655842,0.174405,0.321455,0.459324,0.33707,0.0289579,0.0164077,0.0367439,0.0588544,0.140419,0.035941
0.0103816,0.00101436,0.016386,0.134494,0.659554,0.174675,0.322282,0.461422,0.33802,0.0290064,0.0164079,0.0368182,0.0589253,0.140538,0.0359944
0.010439,0.0010155,0.0164083,0.134579,0.662367,0.174937,0.323112,0.463395,0.338971,0.0291153,0.0164077,0.0367755,0.0589544,0.140661,0.0360762
0.0105004,0.00101665,0.0164289,0.134661,0.665157,0.175194,0.323942,0.465382,0.339924,0.0292191,0.0164071,0.0367402,0.0589775,0.140786,0.0361612
0.0104878,0.00101819,0.0163936,0.13475,0.665992,0.175458,0.324775,0.467058,0.340882,0.0292053,0.0164058,0.0366909,0.0590309,0.140857,0.0362292
0.0104505,0.00102005,0.0163399,0.134839,0.666132,0.175723,0.32561,0.46863,0.341842,0.0291552,0.0164065,0.0366351,0.0590945,0.140887,0.0362897
0.0103526,0.00102246,0.0162094,0.134927,0.664133,0.175986,0.326446,0.469866,0.342805,0.0290159,0.0164106,0.0365315,0.0591747,0.140824,0.0363358
0.00996964,0.00102618,0.0156746,0.135012,0.651754,0.176251,0.327283,0.469413,0.343769,0.0285496,0.0164246,0.0360683,0.0592811,0.1404,0.0363481
0.00975742,0.00103019,0.0153639,0.135098,0.645327,0.17652,0.328123,0.469907,0.344736,0.0282881,0.0164427,0.0358001,0.0593786,0.140004,0.0363762
0.00975837,0.0010331,0.0153643,0.135185,0.646789,0.176788,0.328965,0.471694,0.345707,0.0282703,0.016453,0.0358138,0.0594623,0.139872,0.0364208
0.00973709,0.00103622,0.0153644,0.135277,0.647924,0.177058,0.329808,0.47343,0.34668,0.0282247,0.0164651,0.0358323,0.0595552,0.13971,0.0364552
0.00972816,0.00103934,0.0153708,0.135365,0.649368,0.177329,0.330653,0.47522,0.347655,0.0281881,0.0164776,0.0358603,0.0596487,0.139547,0.0364894
0.00975067,0.00104153,0.0154363,0.135454,0.652275,0.177607,0.3315,0.477247,0.348633,0.0282061,0.0164854,0.0359237,0.0597382,0.139477,0.0365283
0.00978476,0.00104138,0.0154162,0.135544,0.653992,0.177878,0.332349,0.479103,0.349612,0.0282962,0.0164756,0.0358453,0.0597783,0.139579,0.0366055
0.00981187,0.00104118,0.0153816,0.135631,0.655332,0.178143,0.333199,0.480913,0.350593,0.0283836,0.0164653,0.0357497,0.0598057,0.139696,0.036689
0.0097989,0.00104026,0.015323,0.135719,0.655698,0.178416,0.334051,0.482563,0.351578,0.0284038,0.0164504,0.0356596,0.0598512,0.139815,0.0367611
0.00981097,0.00104022,0.0152911,0.135807,0.656706,0.178677,0.334905,0.484351,0.352565,0.0284539,0.0164398,0.0355912,0.0598864,0.139935,0.0368393
0.0095388,0.00103836,0.0149112,0.135891,0.647968,0.178944,0.33576,0.484531,0.353555,0.0281167,0.0164196,0.0352878,0.0599865,0.139853,0.0368531
0.00887821,0.0010363,0.0139347,0.135968,0.623946,0.1792,0.336616,0.482178,0.354544,0.0273737,0.0164051,0.0344258,0.0601037,0.13922,0.0368235
0.00734537,0.00103634,0.0114976,0.136025,0.564066,0.179443,0.337469,0.473791,0.355528,0.0257429,0.0164211,0.0321673,0.0602282,0.136526,0.0367264
0.00641304,0.00104092,0.0100064,0.136097,0.527858,0.179705,0.338327,0.469218,0.35652,0.0247942,0.0164677,0.0307722,0.0603509,0.133386,0.0366714
0.00635169,0.00104407,0.0099125,0.136182,0.526372,0.179979,0.339189,0.470472,0.35752,0.0247424,0.01649,0.0307173,0.0604575,0.132455,0.0366786
0.00636549,0.00104642,0.00993155,0.136269,0.527796,0.180257,0.340053,0.472231,0.358523,0.0247736,0.0165015,0.0307619,0.0605551,0.13194,0.036703
0.00640407,0.00104779,0.00997279,0.136358,0.529958,0.18054,0.34092,0.474131,0.359529,0.0248404,0.0165008,0.0308156,0.0606377,0.131738,0.0367464
0.00643224,0.00104816,0.00997783,0.136445,0.531348,0.180817,0.341788,0.475925,0.360537,0.0249199,0.0164905,0.0308096,0.0606931,0.13173,0.0368133
0.00645452,0.00104833,0.00997647,0.13653,0.532532,0.181094,0.342658,0.477697,0.361547,0.0249822,0.0164778,0.0308088,0.0607496,0.131796,0.0368792
0.00645163,0.00104817,0.00994297,0.136616,0.532841,0.181376,0.343529,0.479329,0.362561,0.0250091,0.0164609,0.0307873,0.0608107,0.131917,0.0369412
0.00645397,0.00104822,0.00992298,0.136701,0.53339,0.181651,0.344402,0.481016,0.363577,0.0250526,0.0164476,0.0307675,0.0608614,0.132042,0.0370104
0.0064495,0.00104852,0.0099289,0.136792,0.534213,0.181927,0.345277,0.482758,0.364596,0.0250602,0.0164366,0.0308021,0.0609435,0.132164,0.0370529
0.00641345,0.00104877,0.00989989,0.136881,0.534019,0.182201,0.346154,0.484329,0.365616,0.0249988,0.0164252,0.0308394,0.0610495,0.132253,0.0370609
0.00637332,0.00104919,0.00989491,0.136972,0.534103,0.182467,0.347032,0.485957,0.366637,0.0249333,0.0164172,0.0309005,0.0611647,0.132329,0.0370476
0.00626497,0.00104936,0.00979992,0.13706,0.531779,0.182721,0.34791,0.487172,0.367654,0.0247774,0.0164086,0.0308952,0.0612892,0.132272,0.0369862
0.00617534,0.00104992,0.00972179,0.137143,0.530003,0.182974,0.34879,0.488481,0.368673,0.0246499,0.0164038,0.0308982,0.0614138,0.132157,0.0369226
0.00613061,0.00105096,0.00970165,0.137232,0.529834,0.183238,0.349672,0.490059,0.369697,0.0245905,0.0164025,0.0309358,0.0615366,0.132058,0.0368784
0.0061285,0.00105229,0.0097171,0.137323,0.530897,0.183514,0.350557,0.491848,0.370728,0.0245881,0.0164029,0.0309936,0.0616533,0.132006,0.0368619
0.00615782,0.00105365,0.00976042,0.137412,0.532885,0.1838,0.351445,0.493805,0.371764,0.0246404,0.0164033,0.0310538,0.0617555,0.132045,0.0368782
0.00619713,0.00105496,0.00979094,0.137505,0.534814,0.184086,0.352334,0.495767,0.372804,0.0247232,0.0164033,0.0310786,0.0618336,0.132134,0.0369252
0.0062342,0.00105623,0.00983475,0.137598,0.53693,0.184374,0.353226,0.497766,0.373846,0.0247921,0.0164032,0.0311287,0.0619178,0.132231,0.0369659
0.00626924,0.00105745,0.00987807,0.137689,0.539033,0.184666,0.354119,0.499768,0.374892,0.0248644,0.0164029,0.031172,0.0619959,0.132342,0.0370129
0.00630309,0.00105849,0.00988883,0.13778,0.540626,0.184955,0.355013,0.501692,0.375939,0.0249496,0.0164023,0.0311672,0.0620472,0.132466,0.0370816
0.00633949,0.00105957,0.00990037,0.137871,0.542234,0.185238,0.35591,0.50363,0.376987,0.0250445,0.016402,0.0311562,0.0620816,0.132591,0.0371605
0.00637012,0.00106064,0.00992127,0.137962,0.543938,0.185529,0.356808,0.505586,0.37804,0.025114,0.0164018,0.0311742,0.0621316,0.132709,0.0372299
0.00640713,0.00106179,0.00994464,0.138049,0.545617,0.185798,0.357708,0.50757,0.379094,0.0252026,0.0164018,0.0311822,0.0621623,0.132834,0.0373108
0.00636806,0.00106268,0.00995605,0.138138,0.5461,0.18608,0.358608,0.509338,0.380148,0.0251201,0.0164026,0.0312691,0.0622796,0.132919,0.0372923
0.00638583,0.00106389,0.0100137,0.138227,0.548154,0.186372,0.359512,0.511375,0.381208,0.0251295,0.016403,0.0313709,0.0623815,0.133039,0.0373089
0.00642068,0.00106518,0.0100667,0.13832,0.550376,0.186663,0.360418,0.513452,0.382272,0.0251846,0.0164032,0.0314394,0.0624613,0.133162,0.0373541
0.00645388,0.00106648,0.0101229,0.138415,0.552613,0.186954,0.361325,0.515541,0.383339,0.0252319,0.0164033,0.0315169,0.0625453,0.133286,0.0373947
0.00648144,0.00106774,0.0101825,0.13851,0.554822,0.187243,0.362234,0.517632,0.384408,0.0252577,0.0164033,0.031613,0.0626407,0.13341,0.0374213
0.00649848,0.00106895,0.0102482,0.138604,0.556978,0.187533,0.363145,0.519721,0.385479,0.0252695,0.0164032,0.0317181,0.0627452,0.133535,0.0374335
0.0065231,0.00107017,0.0103095,0.138696,0.559243,0.187831,0.364058,0.521825,0.386552,0.025288,0.0164032,0.0318194,0.0628484,0.133659,0.0374479
0.00656544,0.00107146,0.0103481,0.138788,0.561342,0.18812,0.364972,0.523923,0.38763,0.0253655,0.0164031,0.0318555,0.0629134,0.133784,0.0375065
0.0065869,0.00107273,0.0104106,0.138883,0.56355,0.188417,0.365889,0.526035,0.388709,0.0253906,0.0164025,0.0319473,0.0630115,0.133905,0.0375293
0.00662489,0.00107402,0.0104646,0.138978,0.565921,0.188719,0.366807,0.528178,0.389792,0.0254425,0.0164024,0.0320198,0.0630952,0.13403,0.0375703
0.00666744,0.00107528,0.0104905,0.139071,0.567854,0.189009,0.367727,0.530266,0.390877,0.0255292,0.016402,0.0320325,0.0631422,0.134151,0.0376417
0.00669703,0.00107664,0.0105332,0.139163,0.569927,0.189314,0.368649,0.532369,0.391965,0.0255686,0.0164014,0.0320964,0.0632196,0.134255,0.0376893
0.00673817,0.00107787,0.0105609,0.139256,0.571886,0.189605,0.369572,0.534473,0.393055,0.0256557,0.0164013,0.0321084,0.0632567,0.134372,0.0377668
0.00677904,0.00107912,0.0106104,0.139348,0.574352,0.189922,0.370497,0.536642,0.394149,0.0257145,0.0164012,0.0321706,0.0633168,0.134493,0.0378292
0.00679238,0.00107924,0.0105003,0.139428,0.573848,0.190168,0.37142,0.538334,0.395225,0.0258392,0.0164008,0.0319717,0.0632134,0.134617,0.037948
0.0068293,0.00107976,0.0104665,0.139512,0.574796,0.190424,0.372346,0.540289,0.396309,0.0259529,0.0164006,0.0318897,0.0631457,0.134733,0.0380614
0.00683917,0.00108123,0.0104588,0.139601,0.575666,0.190704,0.373276,0.542241,0.397407,0.0259838,0.0164015,0.0318886,0.0631601,0.134753,0.0381507
0.00670475,0.00108371,0.0103061,0.139694,0.572158,0.190994,0.374208,0.543429,0.398511,0.0257894,0.0164071,0.0318073,0.06326,0.134477,0.0381726
0.00629775,0.00108777,0.00974003,0.139784,0.55831,0.191268,0.375141,0.542783,0.399609,0.0252786,0.0164272,0.0313265,0.0633834,0.133346,0.0381305
0.0057567,0.00109442,0.00891974,0.139871,0.538587,0.191539,0.376074,0.541048,0.400708,0.0246548,0.0164692,0.0305605,0.0635076,0.131113,0.0380858
0.00527483,0.00110312,0.00817915,0.139963,0.520898,0.191814,0.377011,0.539601,0.401811,0.0241343,0.016528,0.0298461,0.0636309,0.128181,0.0380586
0.00472645,0.00111397,0.00730711,0.140053,0.500264,0.192096,0.377948,0.537532,0.402915,0.0235611,0.0166088,0.0289838,0.0637543,0.123905,0.0380363
0.00466649,0.00112061,0.00720783,0.14015,0.498524,0.192404,0.37889,0.538874,0.404033,0.0235282,0.0166514,0.0289086,0.0638567,0.122131,0.0380785
0.00469211,0.00112272,0.00722886,0.140247,0.499783,0.192707,0.379834,0.540825,0.405154,0.0236058,0.0166549,0.0289397,0.0639259,0.121495,0.0381488
0.00470065,0.00112067,0.00722326,0.140346,0.50036,0.193014,0.380779,0.542701,0.406278,0.023647,0.0166264,0.0289632,0.0640054,0.121419,0.0382032
0.00471426,0.00111927,0.00722731,0.140443,0.501153,0.193321,0.381727,0.544625,0.407405,0.0237016,0.0166036,0.0289878,0.0640723,0.121394,0.0382676
0.00471429,0.00111705,0.00720146,0.140539,0.501236,0.193622,0.382676,0.546446,0.408533,0.0237451,0.0165737,0.0289786,0.0641261,0.121481,0.038338
0.00467039,0.00111314,0.00712207,0.140635,0.499866,0.193932,0.383627,0.548017,0.409666,0.0237185,0.0165331,0.0289382,0.064208,0.121595,0.0383783
0.00467352,0.00111161,0.00711654,0.140731,0.50034,0.194244,0.384579,0.549911,0.410801,0.0237569,0.0165119,0.0289576,0.0642708,0.121719,0.0384383
0.00468591,0.00111057,0.0071033,0.140827,0.500812,0.194543,0.385534,0.551817,0.411936,0.0238168,0.0164941,0.0289562,0.0643,0.121841,0.038519
0.00467593,0.0011088,0.0070749,0.140922,0.500752,0.194858,0.38649,0.553625,0.413077,0.0238318,0.0164725,0.0289607,0.0643594,0.12191,0.0385771
0.00470232,0.00110907,0.00708772,0.141013,0.501808,0.195148,0.387448,0.555652,0.414216,0.0239088,0.0164649,0.0289817,0.0643735,0.122032,0.0386651
0.00468061,0.00110803,0.00708018,0.141112,0.501879,0.19546,0.388408,0.557498,0.415362,0.0238901,0.0164485,0.0290273,0.0644665,0.12206,0.0386873
0.00468436,0.00110782,0.00709671,0.141207,0.502695,0.195774,0.38937,0.55948,0.416512,0.0239064,0.0164383,0.0290897,0.0645503,0.122112,0.0387223
0.00470605,0.00110817,0.00712333,0.141305,0.503963,0.196091,0.390334,0.561546,0.417664,0.0239502,0.0164324,0.0291528,0.0646167,0.12219,0.0387755
0.00473604,0.0011091,0.00715313,0.141399,0.50536,0.196394,0.391299,0.563654,0.418818,0.0240183,0.0164298,0.0292019,0.0646574,0.122296,0.0388485
0.00475048,0.00110963,0.00718939,0.141497,0.506669,0.196713,0.392267,0.565742,0.419976,0.0240398,0.0164251,0.029288,0.0647425,0.122369,0.0388834
0.0047776,0.0011107,0.00722616,0.141594,0.508115,0.197017,0.393236,0.567874,0.421137,0.024093,0.0164228,0.0293556,0.0648025,0.122466,0.0389429
0.00478079,0.0011113,0.00726451,0.141691,0.509279,0.197328,0.394207,0.569956,0.422298,0.0240839,0.016419,0.0294605,0.0649091,0.122539,0.0389458
0.00479294,0.00111205,0.00730802,0.141791,0.510683,0.197645,0.39518,0.572081,0.423464,0.0240937,0.0164165,0.0295614,0.0650115,0.12262,0.0389571
0.00481667,0.00111325,0.00735269,0.141888,0.512213,0.197957,0.396155,0.574246,0.424634,0.0241415,0.0164153,0.0296374,0.0650923,0.122719,0.0389983
0.00482495,0.00111393,0.00739466,0.141987,0.513505,0.198268,0.397132,0.576369,0.425804,0.0241495,0.0164122,0.0297335,0.065199,0.122783,0.0390011
0.00483698,0.0011148,0.00743755,0.142085,0.514823,0.19857,0.39811,0.578513,0.426977,0.0241615,0.0164099,0.0298304,0.0653068,0.122854,0.0390021
0.00481933,0.00111481,0.00746976,0.142176,0.515644,0.198864,0.399088,0.580565,0.428142,0.0241139,0.0164069,0.029941,0.0654314,0.122893,0.0389354
0.00484326,0.00111619,0.0075173,0.142275,0.517245,0.199176,0.40007,0.582767,0.429322,0.0241563,0.0164073,0.030023,0.065534,0.123006,0.0389489
0.00486272,0.00111724,0.00756772,0.142375,0.518861,0.199493,0.401054,0.584971,0.430503,0.0241844,0.0164069,0.0301177,0.0656445,0.12311,0.0389462
0.00489498,0.00111841,0.00760626,0.142471,0.520474,0.199816,0.40204,0.587182,0.43169,0.0242416,0.0164063,0.0301836,0.0657335,0.123212,0.0389788
0.00492362,0.00111975,0.00764628,0.142571,0.522091,0.200145,0.403028,0.589398,0.43288,0.0243085,0.0164068,0.0302355,0.0658118,0.123329,0.0390241
0.00495128,0.00112041,0.00765056,0.142668,0.523157,0.200464,0.404018,0.591523,0.434071,0.0243932,0.0164045,0.0302288,0.0658471,0.123383,0.0390993
0.00498091,0.00112099,0.00765062,0.142763,0.524193,0.200781,0.405009,0.593647,0.435263,0.0244785,0.0164025,0.0302189,0.065864,0.123422,0.0391839
0.00501526,0.00112194,0.007664,0.142855,0.525458,0.201086,0.406001,0.595829,0.436455,0.0245729,0.0164022,0.030219,0.0658658,0.123521,0.0392763
0.00504381,0.00112285,0.00769573,0.142955,0.526916,0.201408,0.406997,0.598043,0.437655,0.0246333,0.0164011,0.0302688,0.0659097,0.123579,0.0393468
0.00507291,0.00112381,0.00773184,0.143059,0.528478,0.201734,0.407994,0.600278,0.438858,0.0246943,0.0164004,0.0303228,0.0659534,0.123642,0.0394176
0.00510921,0.00112459,0.00774769,0.143155,0.529823,0.202042,0.408992,0.602489,0.440059,0.0247767,0.0163997,0.03034,0.0659538,0.1237,0.0395101
0.00514289,0.0011258,0.00778475,0.143251,0.53141,0.202355,0.409992,0.604756,0.441266,0.0248455,0.0163999,0.0303905,0.0659768,0.12381,0.0395938
0.00517009,0.00112709,0.00783282,0.143345,0.533055,0.202677,0.410996,0.607042,0.442479,0.0248799,0.0163999,0.03048,0.0660387,0.123915,0.0396533
0.0051861,0.00112837,0.00788412,0.14344,0.534649,0.203011,0.412001,0.609319,0.443696,0.0248858,0.0164,0.0305872,0.0661263,0.124028,0.0396885
0.00521839,0.00112965,0.00792813,0.143539,0.536338,0.203336,0.413007,0.611622,0.444914,0.0249427,0.0164001,0.0306543,0.066175,0.124142,0.039758
0.00524984,0.0011309,0.00797444,0.143634,0.538062,0.203666,0.414016,0.613936,0.446136,0.0249907,0.0164002,0.0307314,0.0662319,0.124256,0.0398218
0.00528361,0.00113219,0.00801719,0.143732,0.539755,0.20399,0.415026,0.616255,0.44736,0.0250492,0.0164004,0.0307959,0.0662765,0.124376,0.0398942
0.00531082,0.00113351,0.00806769,0.143831,0.5415,0.204325,0.416039,0.618585,0.448588,0.0250924,0.0164006,0.0308761,0.0663389,0.124498,0.0399543
0.00534856,0.00113466,0.00810462,0.143925,0.543145,0.204644,0.417053,0.620913,0.449817,0.0251619,0.0164005,0.0309267,0.0663698,0.124614,0.0400344
0.00537153,0.00113611,0.00815738,0.14402,0.544788,0.204968,0.418069,0.623255,0.451052,0.0251872,0.0164008,0.0310212,0.0664455,0.124737,0.0400831
0.0053748,0.00113737,0.00820105,0.144115,0.546118,0.205298,0.419087,0.625543,0.452286,0.0251518,0.0164012,0.0311407,0.0665545,0.124862,0.0400856
0.00539681,0.00113852,0.00825488,0.144216,0.547819,0.205633,0.420107,0.627895,0.453527,0.025178,0.0164008,0.0312343,0.0666408,0.124976,0.0401224
0.00542515,0.0011397,0.00830567,0.144319,0.54958,0.205971,0.421129,0.630263,0.454771,0.0252206,0.0164005,0.0313148,0.0667178,0.12509,0.0401694
0.00545725,0.00114092,0.00835207,0.144421,0.551291,0.2063,0.422153,0.632637,0.456017,0.0252793,0.0164002,0.031378,0.0667811,0.125205,0.0402285
0.00548038,0.00114198,0.00840037,0.144524,0.552968,0.206641,0.423179,0.635003,0.457267,0.0253003,0.0163997,0.0314701,0.0668706,0.125304,0.0402611
0.00551347,0.00114322,0.0084473,0.144627,0.554715,0.206972,0.424206,0.637396,0.45852,0.025361,0.0163996,0.0315317,0.0669331,0.125418,0.0403209
0.00554225,0.00114435,0.00849472,0.14473,0.556449,0.207313,0.425236,0.639787,0.459776,0.0253932,0.0163993,0.0316171,0.0670148,0.125518,0.0403626
0.00557627,0.0011456,0.00854355,0.144828,0.558252,0.20765,0.426268,0.642202,0.461035,0.0254468,0.0163993,0.0316881,0.0670814,0.125633,0.0404192
0.00561047,0.00114687,0.00859324,0.144927,0.560086,0.207991,0.427301,0.644627,0.462297,0.0254961,0.0163993,0.0317639,0.0671498,0.125751,0.0404743
0.00564667,0.00114814,0.00863931,0.145024,0.561922,0.208335,0.428336,0.647057,0.463561,0.0255561,0.0163994,0.0318261,0.0672063,0.125873,0.0405391
0.00568813,0.00114928,0.00866925,0.14512,0.563576,0.208662,0.429373,0.649471,0.464825,0.0256398,0.0163995,0.0318508,0.0672268,0.125996,0.0406249
0.00572539,0.00115068,0.00871095,0.145218,0.565322,0.208995,0.430412,0.65191,0.466095,0.0256936,0.0163998,0.0319137,0.067274,0.126121,0.0406965
0.00574176,0.00115228,0.0087515,0.14532,0.56685,0.209345,0.431453,0.654311,0.467369,0.0257036,0.0164009,0.0319922,0.0673513,0.126231,0.0407451
0.0057749,0.00115358,0.00879707,0.145419,0.5686,0.209678,0.432495,0.656764,0.468644,0.0257755,0.0164013,0.0320359,0.0673883,0.126355,0.0408229
0.0057984,0.0011545,0.00883996,0.145523,0.570245,0.210028,0.43354,0.659196,0.469925,0.0258064,0.0164002,0.0321058,0.0674572,0.126451,0.040877
0.00583814,0.0011555,0.00887648,0.14562,0.572002,0.210367,0.434586,0.661658,0.471205,0.0258832,0.0163999,0.0321411,0.0674853,0.126567,0.0409589
0.0058821,0.0011566,0.00891031,0.14572,0.573719,0.21069,0.435634,0.664133,0.472487,0.0259631,0.0163998,0.0321744,0.0675015,0.126688,0.0410468
0.00590016,0.00115812,0.00896473,0.145824,0.57537,0.211028,0.436685,0.666605,0.473777,0.0259672,0.0164003,0.0322756,0.0675846,0.12681,0.0410888
0.00588961,0.00115952,0.00900627,0.145923,0.576487,0.211358,0.437736,0.668999,0.475066,0.0259066,0.0164011,0.0323893,0.0676977,0.126925,0.0410831
0.00586511,0.00116082,0.00904446,0.146024,0.577373,0.211674,0.438789,0.671364,0.476352,0.0258286,0.0164024,0.0324991,0.0678194,0.127027,0.041048
0.00580336,0.00116239,0.00902078,0.146117,0.576975,0.211971,0.439841,0.673522,0.477631,0.0256899,0.0164066,0.0325468,0.0679444,0.127023,0.0409786
0.00571641,0.00116418,0.00896195,0.146215,0.575869,0.212269,0.440894,0.675548,0.478908,0.0255297,0.0164145,0.0325418,0.0680685,0.126898,0.0408909
0.0056985,0.00116664,0.00895518,0.146317,0.576303,0.2126,0.441953,0.677829,0.480205,0.0254905,0.0164231,0.0325665,0.0681883,0.126793,0.0408698
0.00571045,0.00116864,0.00899304,0.146421,0.577737,0.212947,0.443014,0.680279,0.481509,0.0255084,0.0164291,0.0326263,0.0683016,0.126776,0.0408687
0.00574582,0.00116972,0.00902856,0.146524,0.579418,0.213302,0.444078,0.68279,0.48282,0.0255942,0.016428,0.0326435,0.0683803,0.126875,0.0409169
0.00575831,0.0011697,0.00899833,0.146626,0.579873,0.213642,0.445144,0.685123,0.484134,0.0256583,0.0164193,0.032574,0.0684333,0.126987,0.0409831
0.00573566,0.00116929,0.00895809,0.146728,0.579777,0.213993,0.446212,0.687361,0.485451,0.0256362,0.0164098,0.0325372,0.0685298,0.127024,0.0410044
0.00574858,0.00116976,0.00897952,0.146833,0.580932,0.214344,0.447282,0.689812,0.486773,0.0256693,0.0164055,0.0325651,0.0686187,0.127108,0.041037
0.00575553,0.00117029,0.00899712,0.146938,0.581951,0.214692,0.448353,0.692248,0.488096,0.0256898,0.0164021,0.0325934,0.0687127,0.127163,0.0410625
0.00575354,0.00117078,0.00900551,0.147043,0.582772,0.215044,0.449427,0.694651,0.489422,0.0256844,0.0163996,0.0326252,0.0688163,0.127171,0.0410724
0.00577927,0.00117171,0.00904115,0.147143,0.584282,0.215397,0.450502,0.697178,0.490753,0.0257219,0.0163989,0.0326809,0.0689073,0.127229,0.0411022
0.00581038,0.00117287,0.00909387,0.147252,0.586107,0.215751,0.45158,0.699764,0.492086,0.0257681,0.0163987,0.0327546,0.0689978,0.127322,0.0411337
0.00584218,0.00117402,0.00914724,0.147353,0.587957,0.21611,0.45266,0.702361,0.493424,0.0258157,0.0163987,0.0328277,0.0690866,0.127415,0.0411673
0.00588166,0.0011753,0.00919204,0.147459,0.58975,0.216458,0.453741,0.704966,0.494764,0.0258843,0.0163987,0.0328775,0.069156,0.12752,0.0412211
0.00590324,0.00117655,0.00925459,0.147561,0.591517,0.216799,0.454824,0.707582,0.496106,0.0258978,0.0163987,0.0329819,0.0692607,0.127635,0.0412322
0.00589193,0.0011772,0.00930477,0.147663,0.592837,0.217133,0.455906,0.710121,0.497437,0.0258336,0.0163986,0.0331068,0.0693849,0.127749,0.0411769
0.00592496,0.0011785,0.00936227,0.147769,0.594732,0.217482,0.456993,0.712765,0.498785,0.0258729,0.0163986,0.0331922,0.0694853,0.127868,0.0411954
0.00594471,0.00117961,0.00942321,0.147874,0.596565,0.217835,0.458082,0.715401,0.500133,0.0258761,0.0163986,0.033301,0.0695997,0.127991,0.0411857
0.00598265,0.00118096,0.00947671,0.147978,0.598453,0.218185,0.459173,0.718063,0.501489,0.0259287,0.0163986,0.0333726,0.0696918,0.128113,0.0412165
0.00599334,0.00118208,0.00953868,0.148085,0.60016,0.218528,0.460264,0.720701,0.502841,0.0259169,0.0163987,0.0334852,0.0698099,0.128238,0.0411959
0.00600956,0.00118325,0.0095995,0.14819,0.601917,0.218871,0.461358,0.723355,0.504196,0.0259136,0.0163988,0.0335942,0.0699277,0.128362,0.041177
0.00602655,0.00118437,0.00966086,0.148291,0.60369,0.219213,0.462454,0.726021,0.505554,0.0259105,0.016399,0.0337042,0.0700465,0.128485,0.0411543
0.00604972,0.00118548,0.00972458,0.148395,0.605637,0.219571,0.463551,0.72871,0.506917,0.025925,0.0163992,0.0338065,0.0701623,0.12861,0.0411418
0.00609137,0.0011868,0.00976381,0.148505,0.607458,0.219933,0.464652,0.731392,0.50829,0.0260074,0.0163992,0.0338308,0.0702385,0.128734,0.0411904
0.006131,0.00118806,0.00981328,0.148606,0.609371,0.220296,0.465756,0.734099,0.509666,0.0260772,0.0163991,0.0338782,0.0703201,0.128859,0.0412335
0.00616883,0.00118931,0.00986776,0.148716,0.611338,0.220659,0.466861,0.736822,0.511046,0.0261353,0.016399,0.0339412,0.0704063,0.128982,0.0412716
0.00620211,0.00119046,0.0099292,0.148827,0.613415,0.221034,0.467968,0.739558,0.512428,0.0261817,0.0163989,0.0340185,0.0704992,0.129103,0.0413013
0.00624613,0.00119156,0.00994361,0.14893,0.61496,0.22139,0.469076,0.74223,0.51381,0.0262826,0.0163988,0.0339933,0.0705285,0.129226,0.0413824
0.00628885,0.00119292,0.00998615,0.149039,0.61685,0.221752,0.470186,0.744963,0.515198,0.0263581,0.016399,0.0340276,0.0705812,0.12935,0.04145
0.00632475,0.00119433,0.0100405,0.14914,0.61882,0.222122,0.471299,0.747717,0.516591,0.026415,0.0163993,0.0340864,0.0706483,0.129472,0.0415071
0.00636626,0.00119553,0.0100925,0.149242,0.620838,0.222492,0.472414,0.750484,0.517986,0.0264823,0.0163993,0.0341386,0.0707056,0.129596,0.0415711
0.00640688,0.00119675,0.0101433,0.149352,0.622832,0.222858,0.473531,0.753255,0.519384,0.026556,0.0163992,0.034181,0.0707548,0.129721,0.0416409
0.00644699,0.00119781,0.0101892,0.149458,0.624768,0.223227,0.474649,0.756024,0.520785,0.026624,0.0163989,0.0342221,0.0708028,0.129837,0.0417111
0.00649208,0.00119894,0.0102332,0.149565,0.626715,0.223587,0.475769,0.758808,0.522187,0.0267001,0.0163988,0.0342582,0.0708387,0.129958,0.0417886
0.00652775,0.00120027,0.0102969,0.149672,0.6288,0.223956,0.476892,0.761623,0.523596,0.0267441,0.0163989,0.0343387,0.0709045,0.130082,0.0418464
0.00656038,0.00120158,0.0103625,0.149784,0.630899,0.224329,0.478017,0.764445,0.525009,0.0267709,0.0163989,0.0344344,0.0709833,0.130207,0.0418925
0.00659512,0.00120283,0.0104278,0.149886,0.633056,0.224711,0.479144,0.767279,0.526426,0.0268055,0.016399,0.0345238,0.0710593,0.130331,0.0419412
0.00663795,0.00120401,0.0104716,0.149991,0.634994,0.225073,0.480272,0.770096,0.527841,0.0268907,0.016399,0.0345444,0.0710902,0.130456,0.0420217
0.00667139,0.00120514,0.0105287,0.150101,0.636988,0.225444,0.481402,0.772927,0.529264,0.0269387,0.0163988,0.0346075,0.071153,0.130568,0.0420812
0.00669792,0.00120625,0.0105817,0.150212,0.638851,0.225817,0.482535,0.775747,0.53069,0.0269592,0.0163987,0.0346837,0.0712321,0.130665,0.0421262
0.0067166,0.00120735,0.0106401,0.15032,0.640742,0.2262,0.48367,0.778571,0.53212,0.0269603,0.016399,0.0347756,0.0713252,0.130757,0.0421549
0.00675987,0.00120854,0.010695,0.150424,0.642893,0.226581,0.484807,0.781443,0.533552,0.0270286,0.0163991,0.0348258,0.0713811,0.130871,0.0422198
0.00680031,0.00120965,0.010735,0.150528,0.644823,0.226954,0.485944,0.784292,0.534984,0.0271221,0.0163991,0.0348275,0.0714077,0.130989,0.0423022
0.00681941,0.00121056,0.0107239,0.150627,0.645857,0.227326,0.487084,0.786999,0.536417,0.0271852,0.0164004,0.0347682,0.0714239,0.13101,0.0423888
0.0068667,0.00121145,0.01074,0.150727,0.64745,0.227663,0.488224,0.789831,0.537847,0.027288,0.0164007,0.0347391,0.0714119,0.131115,0.0424871
0.00686809,0.00121269,0.010798,0.150836,0.649079,0.228034,0.489368,0.792673,0.539292,0.0272349,0.0164001,0.0348591,0.0715162,0.131238,0.0424993
0.00685818,0.00121376,0.0108525,0.150942,0.650588,0.228405,0.490513,0.795497,0.540734,0.0271593,0.0163999,0.034983,0.0716322,0.131359,0.0424848
0.00688495,0.00121503,0.0109232,0.15105,0.652635,0.228772,0.491661,0.798423,0.542187,0.0271686,0.0164,0.0350892,0.07173,0.131477,0.0425076
0.00685728,0.00121569,0.0109673,0.151152,0.653816,0.229125,0.492808,0.801215,0.543625,0.0270599,0.0164,0.0352107,0.0718543,0.131593,0.0424507
0.00688461,0.00121687,0.0110386,0.151264,0.655977,0.229502,0.49396,0.80416,0.545081,0.0270704,0.0164,0.0353167,0.0719629,0.131712,0.042455
0.00691132,0.00121809,0.0111151,0.151373,0.658086,0.229863,0.495114,0.807123,0.546542,0.0270938,0.0164001,0.0354149,0.07207,0.131833,0.0424622
0.00687198,0.00121828,0.0111462,0.151467,0.65896,0.230184,0.496263,0.809902,0.547974,0.0269601,0.0164001,0.0355298,0.0721935,0.131949,0.0423621
0.00688767,0.00121915,0.0112124,0.151567,0.66092,0.230548,0.497419,0.812842,0.549432,0.0269476,0.0164009,0.035637,0.0723146,0.132053,0.0423284
0.00692392,0.00122037,0.0112808,0.151681,0.66316,0.230927,0.498579,0.815832,0.550903,0.0269999,0.0164013,0.0357064,0.0724204,0.132167,0.0423381
0.00695732,0.00122155,0.0113484,0.151791,0.665333,0.231302,0.499741,0.818824,0.552377,0.0270432,0.0164021,0.0357793,0.0725282,0.132274,0.0423441
0.00698613,0.00122266,0.0114129,0.151901,0.667445,0.231676,0.500905,0.821813,0.553851,0.0270592,0.0164033,0.0358698,0.0726426,0.132373,0.0423348
0.00701672,0.00122378,0.0114833,0.152009,0.669678,0.232054,0.50207,0.824826,0.55533,0.0270789,0.0164041,0.0359658,0.0727567,0.132478,0.0423267
0.00706016,0.00122503,0.0115479,0.152119,0.671934,0.232433,0.503238,0.827859,0.556816,0.0271355,0.0164043,0.0360322,0.0728559,0.132595,0.0423479
0.00708283,0.00122609,0.011625,0.152233,0.674146,0.232807,0.504407,0.83089,0.558299,0.0271416,0.0164037,0.0361392,0.0729724,0.132719,0.0423331
0.0071069,0.00122713,0.0117049,0.152341,0.676448,0.233188,0.505579,0.833939,0.559786,0.0271553,0.0164033,0.036243,0.0730891,0.132842,0.042318
0.00715171,0.00122843,0.0117624,0.152454,0.678731,0.233583,0.506753,0.83699,0.561284,0.0272307,0.0164033,0.0362809,0.0731798,0.132964,0.0423509
0.00719923,0.00122972,0.0117971,0.152563,0.680733,0.233973,0.50793,0.840013,0.562786,0.0273263,0.0164034,0.036272,0.0732455,0.133085,0.0424087
0.00724874,0.00123101,0.0118454,0.152674,0.682969,0.234371,0.509109,0.843075,0.564291,0.0274069,0.016403,0.0362981,0.0733159,0.133209,0.0424626
0.00729255,0.00123219,0.0118599,0.152782,0.684654,0.234752,0.510289,0.846073,0.565797,0.0274978,0.0164015,0.0362637,0.0733551,0.133328,0.0425384
0.00730237,0.00123361,0.0118597,0.152892,0.685782,0.235147,0.511472,0.84899,0.56731,0.0275063,0.0163992,0.0362516,0.0734295,0.133393,0.0425892
0.00731696,0.00123517,0.0118652,0.153004,0.687006,0.235536,0.512657,0.851932,0.568826,0.0275182,0.0163984,0.0362495,0.0735007,0.133441,0.042643
0.00727311,0.00123707,0.0118197,0.153117,0.686949,0.235934,0.513844,0.854677,0.570345,0.0274427,0.0163996,0.0361978,0.0735964,0.133381,0.0426709
0.00730473,0.00123867,0.0118685,0.15323,0.688966,0.236334,0.515033,0.857742,0.571869,0.0274832,0.0164008,0.0362428,0.0736713,0.133439,0.0427217
0.0073473,0.00124,0.0119267,0.153342,0.691255,0.236736,0.516224,0.860858,0.573395,0.0275572,0.0164013,0.0362787,0.0737298,0.133536,0.0427857
0.00738983,0.00124087,0.0119449,0.153459,0.693022,0.237118,0.517416,0.86392,0.574919,0.0276483,0.0164001,0.0362464,0.0737532,0.133661,0.0428697
0.00743122,0.00124182,0.0119888,0.153569,0.695114,0.237515,0.518611,0.867035,0.57645,0.0277162,0.0163993,0.036268,0.0737981,0.133785,0.0429421
0.00748181,0.00124286,0.012036,0.153678,0.697357,0.237907,0.519807,0.87018,0.577984,0.0277955,0.016399,0.0362935,0.0738316,0.13391,0.0430212
0.00752711,0.00124412,0.0120907,0.153783,0.699609,0.238298,0.521005,0.873337,0.579521,0.0278717,0.0163993,0.0363242,0.0738658,0.134024,0.0431001
0.00756947,0.00124535,0.0121612,0.153896,0.702,0.238691,0.522206,0.876529,0.581065,0.0279216,0.0163991,0.0363966,0.0739239,0.134148,0.0431638
0.00759605,0.0012466,0.0122321,0.154007,0.704179,0.239082,0.52341,0.879707,0.582613,0.0279147,0.0163988,0.0365059,0.0740135,0.134273,0.0431981
0.00756815,0.00124741,0.0122777,0.154117,0.705447,0.239461,0.524613,0.882763,0.584154,0.0278071,0.0163984,0.0366158,0.0741329,0.134394,0.0431726
0.00756033,0.00124835,0.0123373,0.154226,0.707113,0.239835,0.525818,0.885886,0.585697,0.0277286,0.0163983,0.0367398,0.0742532,0.134518,0.0431439
0.00754433,0.00124903,0.0123911,0.154338,0.708675,0.240206,0.527023,0.888995,0.587237,0.0276379,0.0163982,0.036859,0.0743769,0.134641,0.043095
0.00756084,0.00125,0.0124594,0.154449,0.71072,0.240579,0.528232,0.892192,0.588789,0.0276059,0.0163981,0.0369778,0.0744962,0.134765,0.043071
0.00752006,0.00125016,0.0124803,0.154554,0.711656,0.240935,0.529439,0.895225,0.590321,0.0274695,0.0163983,0.0370718,0.0746206,0.134871,0.042983
0.00755487,0.00125126,0.0125479,0.154669,0.713981,0.241332,0.530654,0.898465,0.591887,0.0275038,0.0163987,0.0371449,0.0747291,0.134983,0.0429878
0.00758989,0.00125238,0.0126209,0.154784,0.716394,0.241729,0.531871,0.901726,0.593455,0.0275319,0.0163992,0.0372306,0.0748394,0.135096,0.042989
0.00762825,0.00125353,0.0126972,0.154905,0.718973,0.24214,0.53309,0.905009,0.595029,0.0275668,0.0163995,0.037317,0.0749474,0.135213,0.0429949
0.00768033,0.00125482,0.0127362,0.155018,0.721174,0.242547,0.534311,0.908256,0.59661,0.0276604,0.0163995,0.0373126,0.0750155,0.135336,0.0430505
0.00772248,0.00125619,0.0127922,0.155136,0.723479,0.242956,0.535535,0.911526,0.598194,0.0277249,0.0163989,0.0373466,0.0750969,0.135459,0.0430941
0.00776298,0.00125754,0.0128646,0.155255,0.725951,0.243363,0.536761,0.914832,0.599783,0.0277864,0.0163987,0.0374017,0.0751828,0.135583,0.0431329
0.00780115,0.00125875,0.0129399,0.155371,0.728464,0.243771,0.537989,0.918156,0.601374,0.0278181,0.016399,0.037487,0.0752816,0.135702,0.0431548
0.00784157,0.00125997,0.0130169,0.155482,0.731025,0.24418,0.539219,0.921495,0.602968,0.0278484,0.0163992,0.0375779,0.0753807,0.135824,0.0431763
0.00788472,0.00126127,0.0130949,0.155602,0.733613,0.244586,0.540451,0.924851,0.604567,0.0278886,0.0163993,0.0376627,0.0754753,0.135948,0.0432043
0.00791249,0.00126245,0.0131736,0.155718,0.73605,0.244987,0.541685,0.928196,0.606165,0.027881,0.0163991,0.0377771,0.0755859,0.136073,0.0432054
0.00793348,0.00126354,0.0132549,0.155834,0.738504,0.245393,0.54292,0.931545,0.607765,0.0278638,0.0163991,0.0378956,0.0757007,0.136198,0.043196
0.00797802,0.0012648,0.0133326,0.155944,0.741168,0.24581,0.544158,0.934934,0.609375,0.0279156,0.0163992,0.0379679,0.0757944,0.136322,0.0432253
0.00802548,0.00126607,0.0134008,0.156063,0.743829,0.246237,0.545399,0.93832,0.61099,0.0279886,0.0163992,0.0380095,0.0758742,0.136446,0.0432704
0.00807339,0.00126708,0.0133851,0.156174,0.745348,0.24663,0.54664,0.941571,0.612598,0.0281026,0.0163996,0.0379054,0.075886,0.136566,0.0433593
0.00809951,0.00126859,0.013409,0.156289,0.747061,0.247035,0.547884,0.944862,0.61422,0.0281342,0.0163985,0.0379077,0.0759536,0.136656,0.0434161
0.00802266,0.00127037,0.0133267,0.156403,0.746345,0.247448,0.54913,0.947803,0.61584,0.0279878,0.0163988,0.0378331,0.0760646,0.136628,0.0434176
0.00806159,0.00127196,0.0133863,0.15652,0.748711,0.247865,0.550379,0.951195,0.61747,0.0280148,0.0163996,0.037901,0.0761503,0.136715,0.0434573
0.00808041,0.00127367,0.0134464,0.156637,0.75084,0.248281,0.55163,0.954562,0.619103,0.0280198,0.016401,0.0379666,0.0762453,0.13678,0.0434861
0.00810753,0.00127535,0.013509,0.156754,0.753111,0.248695,0.552883,0.957959,0.620738,0.0280175,0.0164025,0.0380525,0.0763453,0.136849,0.0435078
0.00812349,0.00127697,0.013579,0.156876,0.755373,0.249111,0.554137,0.96136,0.622375,0.0280031,0.0164043,0.0381455,0.0764523,0.136915,0.0435179
0.00815588,0.00127873,0.0136518,0.156993,0.757792,0.249519,0.555394,0.964802,0.624019,0.028018,0.0164059,0.0382321,0.0765525,0.136984,0.0435396
0.00813294,0.00128019,0.0137029,0.157111,0.759392,0.249917,0.55665,0.96813,0.62565,0.0279333,0.0164087,0.038325,0.0766749,0.137024,0.0435042
0.00813478,0.00128231,0.0137346,0.157229,0.76107,0.250339,0.557911,0.97146,0.627297,0.0279162,0.016414,0.038355,0.0767848,0.137009,0.0435101
0.00819022,0.00128358,0.0137881,0.157348,0.763632,0.250767,0.559175,0.974938,0.628954,0.0279998,0.0164137,0.0383746,0.0768595,0.137106,0.0435612
0.00824172,0.00128497,0.0138373,0.157464,0.766104,0.251195,0.56044,0.978411,0.630613,0.0280892,0.0164145,0.0383774,0.0769217,0.137195,0.0436229
0.008288,0.00128573,0.0138672,0.157585,0.768283,0.25162,0.561708,0.981857,0.632274,0.0281801,0.016412,0.0383496,0.0769684,0.137317,0.0436943
0.0083249,0.0012863,0.0138757,0.157703,0.77005,0.252035,0.562977,0.985262,0.633936,0.0282697,0.0164088,0.038286,0.0769981,0.137442,0.0437749
0.00832055,0.00128637,0.0138352,0.157817,0.770723,0.252462,0.564248,0.988518,0.635605,0.0282881,0.0164034,0.0381866,0.0770463,0.137525,0.0438437
0.00835585,0.00128696,0.0138524,0.157932,0.772599,0.252886,0.565522,0.99195,0.637275,0.0283573,0.0164011,0.0381534,0.0770805,0.137632,0.0439212
0.0084005,0.00128789,0.0138968,0.158052,0.774897,0.2533,0.566797,0.995458,0.638948,0.0284445,0.0164002,0.0381455,0.0771091,0.137751,0.044002
0.00840076,0.00128855,0.0138876,0.158168,0.775948,0.253721,0.568075,0.998802,0.640631,0.0284417,0.0163985,0.0381111,0.0771696,0.137801,0.044062
0.00833989,0.00128919,0.0138249,0.15828,0.775636,0.254151,0.569355,1.00195,0.642316,0.0283239,0.0163987,0.0380547,0.0772685,0.137766,0.0440809
0.0083489,0.00129025,0.0138635,0.158399,0.777489,0.254591,0.570638,1.0054,0.644007,0.0283172,0.0164001,0.038093,0.0773546,0.137794,0.0441175
0.00839938,0.00129146,0.0139233,0.158511,0.779999,0.255008,0.571922,1.00898,0.645699,0.0284013,0.0164002,0.0381136,0.0774011,0.1379,0.0441879
0.00841469,0.00129262,0.0140041,0.158628,0.782444,0.255437,0.573208,1.01256,0.647395,0.0283734,0.0164008,0.0382295,0.0775063,0.137995,0.0441981
0.0084479,0.00129386,0.0140918,0.15875,0.785236,0.255876,0.574497,1.01618,0.649097,0.0283897,0.0164012,0.0383301,0.0776022,0.138095,0.0442235
0.00849655,0.00129514,0.0141655,0.158873,0.788044,0.256316,0.575788,1.01982,0.650803,0.0284593,0.0164013,0.0383779,0.0776723,0.138202,0.044277
0.00855378,0.00129634,0.0142117,0.158988,0.790576,0.256745,0.577081,1.02343,0.652511,0.0285478,0.0164018,0.0383833,0.0777173,0.138304,0.0443486
0.00859137,0.00129769,0.0142571,0.159112,0.79287,0.257178,0.578376,1.02703,0.654225,0.0285953,0.0164002,0.0384047,0.0777786,0.138427,0.04441
0.0086146,0.00129915,0.0142985,0.159231,0.794981,0.257619,0.579674,1.03061,0.655944,0.028612,0.016399,0.0384348,0.0778529,0.138541,0.0444607
0.00866916,0.00130047,0.0143551,0.159351,0.797698,0.258062,0.580973,1.03428,0.657665,0.0286761,0.0163986,0.0384728,0.0779058,0.138665,0.044528
0.00870244,0.00130177,0.01436,0.15947,0.799473,0.258486,0.582273,1.03783,0.659381,0.0287531,0.0163984,0.0384102,0.0779216,0.138772,0.0446157
0.00875696,0.00130293,0.0144041,0.15959,0.801991,0.258909,0.583575,1.04149,0.661102,0.0288444,0.0163985,0.0384053,0.0779383,0.138894,0.0447028
0.00880822,0.00130418,0.014456,0.15971,0.804643,0.259347,0.58488,1.04517,0.662829,0.028917,0.0163988,0.0384241,0.0779652,0.139012,0.0447854
0.00885057,0.001305,0.0144623,0.159816,0.806553,0.259748,0.586183,1.04878,0.664543,0.0290291,0.0163989,0.0383387,0.0779345,0.139132,0.0448893
0.00885717,0.00130574,0.0144607,0.159936,0.807876,0.260169,0.587492,1.05232,0.666277,0.029057,0.0163983,0.0382858,0.0779595,0.139208,0.0449718
0.00870458,0.00130667,0.0142303,0.160058,0.804438,0.260612,0.588805,1.0552,0.668024,0.0288318,0.0164013,0.0380271,0.0780434,0.139055,0.0450107
0.00855756,0.0013082,0.0140198,0.160182,0.801305,0.261055,0.590119,1.05811,0.669775,0.0286184,0.0164095,0.0377905,0.0781361,0.138821,0.0450393
0.00843718,0.00131021,0.0138593,0.160303,0.799088,0.261496,0.591435,1.06114,0.671528,0.028442,0.0164216,0.0376106,0.0782352,0.138546,0.0450597
0.00832995,0.00131267,0.0137179,0.160424,0.797301,0.26194,0.592753,1.06423,0.673283,0.0282756,0.0164371,0.0374609,0.0783413,0.138212,0.0450691
0.00833831,0.00131478,0.0137442,0.160545,0.798988,0.262388,0.594075,1.06781,0.675045,0.0282724,0.0164465,0.0374834,0.0784318,0.138077,0.0451029
0.00837038,0.00131657,0.0138088,0.160663,0.801421,0.262834,0.595398,1.07152,0.676812,0.0283019,0.0164521,0.0375461,0.0785198,0.138023,0.0451399
0.00840574,0.00131819,0.0138871,0.160786,0.804105,0.263282,0.596723,1.07527,0.678582,0.0283228,0.0164553,0.0376368,0.0786156,0.138014,0.0451671
0.00844651,0.00131969,0.0139699,0.16091,0.806925,0.263733,0.598051,1.07906,0.680357,0.0283598,0.0164566,0.0377224,0.0787071,0.138038,0.0452003
0.00849673,0.00132101,0.0140451,0.161032,0.809745,0.264182,0.599381,1.08287,0.682136,0.028413,0.0164562,0.0377935,0.0787887,0.138092,0.0452445
0.00853279,0.00132184,0.0141157,0.161152,0.812305,0.264629,0.600713,1.08666,0.68392,0.0284426,0.0164509,0.0378665,0.0788778,0.138195,0.0452801
0.00854593,0.00132253,0.0141786,0.161281,0.814538,0.265078,0.602047,1.09042,0.685704,0.0284302,0.0164438,0.0379458,0.078982,0.138316,0.0452939
0.00858639,0.00132356,0.0142543,0.161405,0.817271,0.26553,0.603383,1.09425,0.687494,0.0284564,0.0164404,0.038032,0.0790774,0.13843,0.0453213
0.0086264,0.00132457,0.0143249,0.161521,0.819968,0.265988,0.604722,1.09809,0.689289,0.0284847,0.0164363,0.0381094,0.0791698,0.13855,0.0453526
0.00867799,0.00132558,0.0143786,0.161645,0.822569,0.26644,0.606062,1.10193,0.691088,0.0285558,0.0164328,0.0381367,0.0792341,0.138673,0.0454117
0.00869446,0.00132624,0.0143968,0.16176,0.824318,0.266902,0.607405,1.10567,0.692892,0.0285743,0.0164245,0.0381361,0.0793091,0.138787,0.0454609
0.00874153,0.00132728,0.0144488,0.161882,0.826878,0.267356,0.60875,1.10952,0.694697,0.0286535,0.0164216,0.0381474,0.079361,0.138911,0.0455286
0.0087965,0.00132851,0.0145098,0.162003,0.829696,0.267815,0.610097,1.11342,0.696507,0.028732,0.0164204,0.0381779,0.0794123,0.139036,0.0455969
0.00884467,0.00132936,0.0145388,0.162124,0.831958,0.268255,0.611444,1.11726,0.698314,0.0288227,0.0164172,0.0381517,0.0794359,0.139158,0.0456806
0.0088772,0.00133018,0.0145801,0.162256,0.834104,0.268698,0.612795,1.12109,0.700133,0.028859,0.0164126,0.0381764,0.0794924,0.139263,0.0457448
0.008769,0.00133072,0.0144765,0.162384,0.832674,0.269141,0.614148,1.12444,0.70195,0.0286747,0.0164045,0.0380928,0.0796034,0.13924,0.045743
0.0085578,0.00133151,0.0142032,0.162511,0.827759,0.26957,0.6155,1.1273,0.703761,0.0283674,0.016399,0.0378208,0.0797233,0.13901,0.0457147
0.00818508,0.0013333,0.0136203,0.162627,0.81684,0.269982,0.616854,1.1293,0.705568,0.027865,0.0164017,0.0372059,0.0798468,0.138342,0.0456672
0.00769846,0.00133658,0.0128438,0.162747,0.802036,0.270386,0.618207,1.1307,0.707366,0.0272432,0.016419,0.0363642,0.0799717,0.137176,0.0455985
0.00747754,0.00134034,0.0125045,0.162867,0.796055,0.270816,0.619565,1.1333,0.709183,0.0269561,0.0164405,0.0360049,0.0800948,0.136267,0.0455601
0.00747115,0.00134322,0.0124997,0.162993,0.796962,0.271266,0.620929,1.13689,0.711022,0.0269458,0.0164525,0.0360016,0.0802037,0.13586,0.0455686
0.00747626,0.00134599,0.0125213,0.163112,0.798355,0.271712,0.622294,1.14059,0.712863,0.0269375,0.0164633,0.0360392,0.080316,0.135508,0.0455707
0.00748441,0.00134804,0.0125689,0.163238,0.800271,0.272178,0.623662,1.14435,0.714705,0.0269311,0.0164725,0.0361069,0.0804321,0.135241,0.0455635
0.00751376,0.00134815,0.012548,0.163361,0.801527,0.272643,0.625032,1.14811,0.716556,0.0270358,0.0164652,0.0360066,0.080467,0.135268,0.0456431
0.00756177,0.00136265,0.012627,0.163482,0.804229,0.273137,0.626405,1.15207,0.718418,0.0271608,0.0165902,0.0361316,0.080592,0.135393,0.0457681
0.00761433,0.00137767,0.012702,0.16361,0.806865,0.273615,0.627781,1.15605,0.720285,0.0272858,0.0167152,0.0362566,0.080717,0.135518,0.0458931
0.00766239,0.00139311,0.0127821,0.16374,0.809452,0.274083,0.629159,1.16005,0.722155,0.0274108,0.0168402,0.0363816,0.080842,0.135643,0.0460181
0.00771923,0.00140865,0.0128543,0.163867,0.812085,0.274558,0.63054,1.16405,0.72403,0.0275358,0.0169652,0.0365066,0.080967,0.135768,0.0461431
0.00776671,0.00142447,0.0129366,0.16399,0.814697,0.275029,0.631922,1.16807,0.72591,0.0276608,0.0170902,0.0366316,0.081092,0.135893,0.0462681
0.0078165,0.00144032,0.0130175,0.164118,0.817396,0.275512,0.633307,1.1721,0.727793,0.0277858,0.0172152,0.0367566,0.081217,0.136018,0.0463931
0.0078696,0.00145677,0.0130956,0.164242,0.819981,0.275975,0.634694,1.17615,0.729681,0.0279108,0.0173402,0.0368816,0.081342,0.136143,0.0465181
0.00792309,0.00147299,0.0131746,0.164366,0.82272,0.276463,0.636083,1.1802,0.731574,0.0280358,0.0174652,0.0370066,0.081467,0.136268,0.0466431
0.00797331,0.00148975,0.0132572,0.164498,0.825387,0.276936,0.637475,1.18427,0.73347,0.0281608,0.0175902,0.0371316,0.081592,0.136393,0.0467681
0.0080221,0.00150635,0.0133426,0.164628,0.828183,0.277429,0.638869,1.18835,0.735371,0.0282858,0.0177152,0.0372566,0.081717,0.136518,0.0468931
0.00807273,0.00152305,0.013427,0.164752,0.831023,0.27793,0.640265,1.19245,0.737277,0.0284108,0.0178402,0.0373816,0.081842,0.136643,0.0470181
0.00812016,0.00154031,0.0135151,0.164887,0.833795,0.278415,0.641663,1.19656,0.739187,0.0285358,0.0179652,0.0375066,0.081967,0.136768,0.0471431
0.0081714,0.00155774,0.0136003,0.165015,0.836587,0.278903,0.643063,1.20068,0.741101,0.0286608,0.0180902,0.0376316,0.082092,0.136893,0.0472681
0.00821988,0.00157576,0.0136887,0.165138,0.83927,0.279372,0.644466,1.20481,0.743019,0.0287858,0.0182152,0.0377566,0.082217,0.137018,0.0473931
0.0082719,0.00159379,0.0137746,0.165266,0.842049,0.279855,0.645871,1.20896,0.744942,0.0289108,0.0183402,0.0378816,0.082342,0.137143,0.0475181
0.00821151,0.00142853,0.0134908,0.16539,0.840418,0.280271,0.647274,1.21252,0.746851,0.0283163,0.0169388,0.0369242,0.0821209,0.137257,0.0473921
0.00784892,0.00138998,0.0130433,0.165513,0.831767,0.280727,0.648679,1.21514,0.748762,0.0276206,0.0166203,0.0364407,0.082185,0.136933,0.0470952
0.00786913,0.00137657,0.0130844,0.16564,0.833815,0.281199,0.65009,1.2192,0.750698,0.0275825,0.0165039,0.0364433,0.0821913,0.136981,0.0469807
0.00786355,0.00137061,0.0131329,0.165767,0.835595,0.281662,0.651502,1.22324,0.752628,0.027502,0.0164517,0.0365206,0.0822662,0.137018,0.0468369
0.00784832,0.00136795,0.0131635,0.165893,0.837087,0.282129,0.652914,1.22725,0.754554,0.0274099,0.0164278,0.0366015,0.0823644,0.137032,0.0466953
0.00788556,0.00136736,0.0132109,0.166024,0.839449,0.282626,0.654332,1.23137,0.756503,0.0274373,0.0164171,0.036652,0.0824202,0.137068,0.0466563
0.00792664,0.00136705,0.0131881,0.166145,0.840878,0.283083,0.655749,1.23541,0.75844,0.027531,0.0164084,0.0365631,0.0823824,0.137192,0.0467082
0.00788526,0.00136749,0.013064,0.166275,0.839997,0.283556,0.657171,1.23916,0.760392,0.0274978,0.0164017,0.0363944,0.0823907,0.137239,0.0467476
0.00778674,0.00136882,0.0128736,0.166404,0.837544,0.284037,0.658595,1.24271,0.762352,0.0273895,0.0164007,0.0361634,0.0824253,0.137165,0.0467807
0.00773722,0.00137067,0.0127897,0.166535,0.837016,0.284519,0.660022,1.24651,0.764318,0.0273315,0.0164042,0.0360627,0.0824778,0.13711,0.0468091
0.00769907,0.00137288,0.0127446,0.166667,0.837095,0.285,0.661452,1.25039,0.766289,0.0272703,0.0164103,0.0360237,0.0825544,0.137043,0.0468222
0.0076082,0.00137543,0.0126334,0.166798,0.835806,0.285495,0.662882,1.25407,0.768257,0.0271259,0.016421,0.0359328,0.0826579,0.136862,0.046805
0.00765218,0.00137616,0.0126704,0.166932,0.838017,0.285981,0.664316,1.25827,0.770231,0.0272072,0.0164187,0.03594,0.0826869,0.13698,0.0468667
0.0076928,0.00137657,0.0126857,0.167062,0.839977,0.286468,0.665749,1.26243,0.772202,0.027295,0.0164158,0.035912,0.0826919,0.137105,0.0469442
0.00772244,0.00137647,0.012614,0.167178,0.840673,0.286871,0.667174,1.26645,0.774125,0.0274183,0.016415,0.0357368,0.0825784,0.137225,0.0470581
0.00773483,0.00137537,0.012483,0.16727,0.84037,0.287197,0.668591,1.27037,0.775999,0.0275393,0.0164131,0.035479,0.0823748,0.13735,0.0471818
0.00776608,0.00137496,0.0124231,0.167376,0.841173,0.287535,0.670012,1.27443,0.777889,0.0276617,0.0164137,0.0353233,0.0821956,0.137465,0.0473045
0.007796,0.00137434,0.0123822,0.167481,0.842099,0.287866,0.671438,1.27853,0.779792,0.0277697,0.0164108,0.035204,0.0820332,0.137586,0.0474261
0.00770593,0.00137443,0.0122573,0.167611,0.840553,0.288347,0.672884,1.2823,0.781788,0.0276494,0.0164041,0.0350789,0.0820606,0.137527,0.0474996
0.00768215,0.00137512,0.0122306,0.167738,0.841049,0.288828,0.674332,1.28634,0.783789,0.027614,0.016402,0.0350571,0.0820883,0.137514,0.0475747
0.00769619,0.00137611,0.0122476,0.167869,0.842537,0.289302,0.675782,1.29052,0.785794,0.0276162,0.0164018,0.0350899,0.0821174,0.137539,0.0476502
0.00767319,0.00137735,0.0122577,0.168002,0.8435,0.289795,0.677236,1.29463,0.787812,0.0275538,0.0164029,0.0351361,0.0821956,0.137521,0.0476904
0.0076663,0.00137872,0.0122852,0.168131,0.844946,0.290302,0.678693,1.29881,0.789835,0.0275088,0.0164048,0.0352028,0.0822809,0.137505,0.047724
0.00771478,0.00137983,0.0123415,0.168264,0.847381,0.290776,0.680149,1.30314,0.791851,0.0275819,0.0164048,0.0352476,0.0823031,0.137599,0.0478057
0.00775529,0.00138109,0.0124111,0.168404,0.849932,0.291272,0.68161,1.3075,0.79388,0.027615,0.0164045,0.0353369,0.0823609,0.137706,0.0478664
0.00779172,0.0013823,0.0124852,0.168539,0.852412,0.291753,0.683073,1.31187,0.795914,0.0276639,0.016404,0.0354105,0.0824134,0.13782,0.0479314
0.00780283,0.00138354,0.0125561,0.168669,0.854623,0.292251,0.684538,1.31621,0.797951,0.0276322,0.0164042,0.0355305,0.0825153,0.137923,0.0479456
0.00783681,0.00138482,0.0126343,0.168797,0.857146,0.292742,0.686006,1.32061,0.799996,0.0276623,0.0164043,0.0356232,0.0825965,0.138033,0.0479874
0.00785382,0.00138601,0.0127072,0.168922,0.859465,0.293239,0.687475,1.32499,0.802041,0.027641,0.0164044,0.0357411,0.082703,0.138141,0.0479942
0.00789316,0.00138733,0.0127824,0.169053,0.862115,0.293746,0.688947,1.32942,0.804095,0.0276896,0.0164045,0.0358171,0.0827824,0.138251,0.0480383
0.00794029,0.0013886,0.0128357,0.169182,0.864577,0.294244,0.690421,1.33383,0.806151,0.0277703,0.0164048,0.0358448,0.0828323,0.138356,0.0481065
0.00799519,0.00138986,0.0128811,0.169313,0.867042,0.294739,0.691897,1.33826,0.808209,0.0278493,0.0164054,0.0358733,0.0828728,0.138459,0.0481808
0.00802704,0.00139093,0.012906,0.169444,0.868919,0.295227,0.693375,1.34263,0.810271,0.0279063,0.0164034,0.0358749,0.0829103,0.138577,0.0482571
0.00804648,0.00139218,0.0129454,0.169572,0.87087,0.295735,0.694857,1.34703,0.812344,0.0279206,0.0164021,0.0359205,0.0829811,0.138687,0.0483101
0.00809073,0.00139344,0.013007,0.169706,0.873432,0.29624,0.696341,1.3515,0.814419,0.0279785,0.0164017,0.0359754,0.0830352,0.13881,0.0483762
0.00814457,0.00139459,0.0130579,0.169836,0.876008,0.296741,0.697825,1.35599,0.816492,0.0280571,0.0164015,0.0360081,0.0830658,0.138935,0.0484564
0.00819499,0.00139549,0.0130696,0.169956,0.877984,0.297206,0.699308,1.36042,0.818552,0.0281489,0.0164012,0.0359797,0.0830514,0.139051,0.0485555
0.00816497,0.00139701,0.0130259,0.170092,0.878258,0.297708,0.700798,1.36464,0.82064,0.0281174,0.0164023,0.0359201,0.083098,0.139058,0.0486272
0.00818998,0.00139853,0.0130647,0.17022,0.88021,0.2982,0.70229,1.36908,0.822732,0.0281454,0.0164039,0.0359566,0.0831471,0.139124,0.0486973
0.00817054,0.00140026,0.0130851,0.17035,0.881398,0.298699,0.703785,1.37344,0.82483,0.028075,0.0164067,0.0360187,0.083247,0.13915,0.0487181
0.00812369,0.0014022,0.0130738,0.170485,0.881827,0.299186,0.705281,1.37771,0.826925,0.0279671,0.0164117,0.0360517,0.0833589,0.139113,0.0487169
0.00797847,0.00140473,0.0129113,0.17062,0.879102,0.29965,0.706776,1.38156,0.829006,0.0277279,0.0164229,0.0359353,0.0834817,0.138854,0.0486784
0.00769252,0.0014083,0.0125183,0.170746,0.871697,0.300091,0.708268,1.38478,0.831067,0.0273253,0.0164455,0.0355664,0.0836066,0.138194,0.0486071
0.00746668,0.00141282,0.0121887,0.170871,0.86584,0.300563,0.709767,1.38814,0.833152,0.0270247,0.0164746,0.0352399,0.0837305,0.137398,0.0485657
0.00746858,0.00141602,0.0122008,0.171013,0.867082,0.301064,0.711273,1.39246,0.835271,0.0270327,0.0164883,0.03525,0.0838358,0.137105,0.0485838
0.00747888,0.00141861,0.0122393,0.171149,0.868818,0.301564,0.71278,1.39686,0.837386,0.0270251,0.0164994,0.0353144,0.0839512,0.136882,0.0485797
0.00751606,0.00142053,0.0122982,0.17129,0.871194,0.302085,0.714292,1.40136,0.839516,0.0270678,0.0165049,0.0353814,0.0840529,0.136771,0.0486033
0.00756483,0.00142177,0.012331,0.171424,0.873351,0.302601,0.715805,1.40588,0.841651,0.0271615,0.0165041,0.0353811,0.0841103,0.136759,0.0486711
0.0076065,0.00142245,0.0123604,0.171565,0.875331,0.303105,0.717321,1.41042,0.843791,0.027247,0.0164972,0.0353786,0.084162,0.13682,0.0487416
0.00760581,0.00142176,0.012354,0.171705,0.87633,0.303616,0.71884,1.41487,0.845938,0.0272445,0.0164797,0.0353786,0.084251,0.136943,0.048777
0.00758108,0.00142075,0.0123339,0.171842,0.876875,0.304127,0.720359,1.41929,0.848084,0.0271946,0.0164622,0.0353839,0.0843578,0.137062,0.0487843
0.00759736,0.00142074,0.0123706,0.171982,0.878685,0.304649,0.721883,1.42385,0.850239,0.0272061,0.0164525,0.035436,0.0844551,0.137186,0.048808
0.00763078,0.00142157,0.0124321,0.172121,0.88099,0.305166,0.723408,1.42848,0.852402,0.0272651,0.0164482,0.0354854,0.0845361,0.13731,0.0488524
0.00763114,0.00142117,0.0124241,0.172262,0.882055,0.305695,0.724937,1.43297,0.854568,0.0272625,0.0164362,0.0354842,0.0846273,0.137401,0.0488824
0.00768167,0.00142234,0.0124677,0.172402,0.884362,0.306207,0.726466,1.43763,0.856736,0.0273463,0.0164348,0.0355062,0.0846781,0.137526,0.0489511
0.00772253,0.00142362,0.0125388,0.172541,0.886919,0.306728,0.727999,1.44233,0.858913,0.0273907,0.0164341,0.0355866,0.0847607,0.13765,0.0489938
0.00776095,0.00142481,0.012611,0.172677,0.889455,0.30725,0.729535,1.44704,0.861095,0.0274262,0.0164328,0.0356741,0.0848485,0.137774,0.0490304
0.00779821,0.00142605,0.0126826,0.172818,0.891955,0.307766,0.731072,1.45176,0.863281,0.0274521,0.0164313,0.0357685,0.084941,0.137899,0.0490611
0.00781128,0.0014269,0.0127584,0.17295,0.894279,0.308283,0.73261,1.45647,0.86546,0.0274324,0.0164298,0.0358851,0.0850545,0.138024,0.049055
0.00786119,0.00142834,0.0128192,0.173082,0.896878,0.308815,0.734152,1.46122,0.867656,0.0274942,0.0164308,0.0359433,0.0851286,0.138146,0.049106
0.00791286,0.00142985,0.0128666,0.173223,0.899372,0.309345,0.735696,1.46596,0.869853,0.0275702,0.0164328,0.0359731,0.0851804,0.138265,0.0491747
0.00796419,0.00143141,0.0128827,0.173361,0.901406,0.30984,0.737239,1.47067,0.872039,0.0276665,0.0164355,0.0359466,0.0851865,0.138376,0.0492672
0.00798456,0.001434,0.012904,0.173496,0.903141,0.310359,0.738788,1.47535,0.874246,0.0276981,0.0164439,0.035953,0.0852368,0.138433,0.0493389
0.00801208,0.00143603,0.0129641,0.173643,0.905535,0.310902,0.74034,1.48011,0.876462,0.0277176,0.0164495,0.0360239,0.0853126,0.138517,0.0493905
0.00806255,0.00143698,0.0130013,0.173777,0.907843,0.311408,0.74189,1.48488,0.878664,0.0278122,0.0164485,0.0360225,0.0853228,0.138637,0.0494811
0.00811168,0.00143749,0.0130391,0.173916,0.910132,0.311921,0.743444,1.48967,0.880877,0.0278806,0.0164433,0.0360479,0.0853473,0.138761,0.0495643
0.00816101,0.00143885,0.0131065,0.174053,0.912817,0.312445,0.745002,1.49451,0.883102,0.0279349,0.0164438,0.0361175,0.0853908,0.13888,0.0496384
0.00820132,0.00144044,0.0131828,0.174191,0.915488,0.31297,0.746563,1.49937,0.885335,0.0279758,0.016445,0.0361995,0.0854484,0.138998,0.0497034
0.00823374,0.00144154,0.01326,0.174328,0.918149,0.313516,0.748127,1.50422,0.887576,0.0279834,0.0164442,0.0363064,0.0855303,0.139121,0.0497469
0.00828542,0.00144252,0.0133175,0.174463,0.920823,0.314048,0.749691,1.50909,0.88981,0.0280618,0.016444,0.0363418,0.0855582,0.139244,0.0498291
0.00833577,0.00144326,0.0133322,0.174591,0.922783,0.314514,0.751252,1.51392,0.892022,0.0281656,0.0164413,0.036304,0.0855306,0.139369,0.0499323
0.0083334,0.00144376,0.0133785,0.174735,0.924537,0.315042,0.752822,1.51872,0.894275,0.028108,0.0164352,0.0364032,0.0856292,0.139483,0.049953
0.00830565,0.00144387,0.0134051,0.174876,0.925724,0.31556,0.754393,1.52346,0.896522,0.0280174,0.016428,0.036486,0.0857417,0.139577,0.049946
0.0082796,0.00144408,0.0134484,0.175009,0.927138,0.316065,0.755964,1.52825,0.898764,0.0279326,0.0164227,0.0365836,0.0858611,0.139673,0.0499179
0.00828769,0.00144539,0.0135221,0.175146,0.929317,0.316557,0.757537,1.53315,0.901013,0.0278923,0.0164225,0.0367064,0.0859795,0.139797,0.0498969
0.008215,0.00144539,0.0135319,0.175259,0.929811,0.316968,0.759097,1.53787,0.903184,0.0277111,0.0164226,0.0368079,0.0860984,0.139922,0.0497701
0.00820685,0.0014475,0.0135469,0.175387,0.931272,0.317482,0.760674,1.5427,0.905433,0.0276537,0.0164301,0.03686,0.0862203,0.140002,0.0497371
0.00826062,0.00144846,0.0135866,0.175527,0.933684,0.318021,0.762259,1.54764,0.907718,0.027735,0.0164274,0.0368741,0.086296,0.140124,0.0497854
0.0083104,0.00145006,0.0136416,0.175666,0.936356,0.318576,0.763846,1.55261,0.910007,0.0278037,0.0164299,0.0369105,0.0863738,0.140243,0.0498332
0.00836109,0.00145095,0.0136277,0.175803,0.938109,0.319088,0.765431,1.55751,0.912277,0.0279188,0.0164291,0.0368252,0.0863729,0.140368,0.0499275
0.00839594,0.00145301,0.0136098,0.175937,0.939586,0.319586,0.767018,1.56239,0.914549,0.0280091,0.0164348,0.0367401,0.0863679,0.140458,0.0500248
0.00843667,0.00145515,0.0136604,0.176079,0.942064,0.320131,0.768612,1.56738,0.916851,0.0280491,0.01644,0.036789,0.0864262,0.140552,0.0500903
0.00848517,0.00145712,0.0137127,0.176219,0.944583,0.320654,0.770207,1.5724,0.919151,0.0281192,0.0164435,0.036819,0.0864607,0.140653,0.0501703
0.00851247,0.00145873,0.013797,0.176357,0.947337,0.321211,0.771807,1.57745,0.921466,0.0281339,0.016446,0.0369156,0.0865446,0.140761,0.0502129
0.00856272,0.0014596,0.013845,0.176495,0.94989,0.321745,0.773406,1.58249,0.923772,0.028224,0.0164444,0.0369237,0.086568,0.140884,0.0502974
0.00859558,0.00145931,0.013836,0.176627,0.951432,0.322259,0.775006,1.58742,0.926072,0.0282959,0.0164361,0.0368703,0.086568,0.140993,0.0503901
0.0086412,0.00146001,0.0138938,0.176768,0.954005,0.322791,0.77661,1.59249,0.928391,0.0283628,0.0164326,0.0369082,0.086599,0.141115,0.0504698
0.00866835,0.0014602,0.0139412,0.176912,0.95625,0.323342,0.778219,1.59753,0.930722,0.0283941,0.0164266,0.0369503,0.0866519,0.141217,0.0505353
0.00871337,0.00146067,0.0139861,0.177052,0.958696,0.323876,0.779827,1.6026,0.933047,0.0284692,0.016423,0.0369644,0.0866717,0.141327,0.05062
0.00875641,0.00146078,0.0140104,0.177189,0.960886,0.32441,0.781437,1.60765,0.935371,0.0285401,0.0164184,0.0369582,0.086679,0.141419,0.0507097
0.00880676,0.00146166,0.0140312,0.177321,0.963119,0.3249,0.783044,1.61273,0.937674,0.0286465,0.0164191,0.0369173,0.0866405,0.141543,0.0508158
0.00884732,0.00146191,0.0140632,0.177462,0.965348,0.325418,0.784658,1.61782,0.940002,0.0287173,0.0164151,0.0369163,0.0866363,0.141634,0.0509102
0.00887969,0.00146181,0.0140823,0.177601,0.967414,0.325961,0.786275,1.62288,0.942339,0.028768,0.0164105,0.0369125,0.0866393,0.141689,0.0510012
0.00890605,0.00146226,0.0140098,0.177717,0.968139,0.326349,0.787874,1.62785,0.944583,0.0288802,0.016413,0.0367354,0.0864976,0.141813,0.0511236
0.00895588,0.00146352,0.0140689,0.177847,0.970896,0.326873,0.789494,1.63304,0.946923,0.0289408,0.0164151,0.0367801,0.08649,0.141937,0.0512209
0.00901388,0.00146435,0.0141251,0.177978,0.973698,0.327378,0.791114,1.63825,0.949256,0.0290224,0.0164154,0.0368109,0.0864621,0.142061,0.0513243
0.00907185,0.00146572,0.0141876,0.178105,0.97637,0.327851,0.792737,1.64348,0.9516,0.0290945,0.0164157,0.0368576,0.0864442,0.142186,0.0514249
0.00890852,0.00146651,0.0141029,0.178234,0.974582,0.328324,0.794357,1.64825,0.953917,0.02876,0.0164173,0.0368954,0.086569,0.142309,0.0513443
0.00864772,0.00147025,0.0137782,0.178373,0.968707,0.328858,0.795985,1.65252,0.956269,0.0283653,0.0164353,0.0366202,0.0866923,0.142147,0.051308
0.00869021,0.00147091,0.0138377,0.178513,0.97128,0.329413,0.797623,1.65774,0.958663,0.0284207,0.0164313,0.0366683,0.0867555,0.142271,0.0513675
0.00872515,0.00147164,0.0138919,0.178651,0.973592,0.329953,0.799264,1.66296,0.961063,0.0284556,0.0164263,0.0367231,0.0868277,0.14239,0.0514187
0.00866131,0.00147087,0.0138665,0.17879,0.973763,0.330483,0.8009,1.66794,0.963435,0.0283116,0.0164176,0.0367617,0.0869492,0.142455,0.0513791
0.00869816,0.00147186,0.0139484,0.178927,0.976605,0.331049,0.802544,1.67323,0.965843,0.0283369,0.0164167,0.0368567,0.087046,0.142577,0.0514027
0.00875484,0.00147297,0.014002,0.179067,0.979362,0.331613,0.804191,1.67852,0.968256,0.0284193,0.0164163,0.0368843,0.0871003,0.1427,0.0514685
0.0088097,0.00147445,0.0140421,0.179207,0.981849,0.332147,0.805839,1.68381,0.970665,0.0285132,0.0164171,0.0368826,0.0871304,0.142825,0.0515495
0.00883947,0.00147591,0.014127,0.179351,0.98461,0.332703,0.807492,1.68914,0.973089,0.0285196,0.0164176,0.0369893,0.0872267,0.142949,0.0515747
0.00886294,0.0014771,0.0142083,0.179498,0.98736,0.333272,0.809145,1.69447,0.975513,0.0285063,0.0164183,0.0371039,0.0873333,0.143074,0.0515831
0.00891851,0.0014786,0.0142648,0.179642,0.990062,0.333816,0.810802,1.69982,0.977946,0.0285891,0.0164184,0.0371308,0.087385,0.143199,0.0516514
0.00893985,0.00147958,0.0143402,0.179788,0.992697,0.33438,0.81246,1.70517,0.980378,0.0285616,0.0164179,0.0372504,0.0874945,0.143323,0.0516537
0.00899153,0.00148097,0.0144126,0.179939,0.995556,0.33493,0.814123,1.71056,0.982826,0.0286174,0.016417,0.0373169,0.0875688,0.143447,0.0517037
0.00898458,0.00148173,0.0144799,0.180075,0.997639,0.335458,0.815782,1.71589,0.98525,0.0285478,0.0164155,0.0374388,0.087689,0.143569,0.0516744
0.00898731,0.00148271,0.0145556,0.180213,1.00004,0.335994,0.817443,1.72125,0.987676,0.0284951,0.0164159,0.0375622,0.0878101,0.143694,0.0516414
0.00903729,0.00148422,0.0146255,0.180366,1.00304,0.336575,0.819112,1.72669,0.990137,0.0285292,0.0164177,0.0376426,0.0879074,0.143816,0.0516662
0.00908919,0.00148578,0.0146573,0.180518,1.0055,0.33713,0.820783,1.73209,0.992598,0.0286293,0.016419,0.0376169,0.0879478,0.143939,0.051742
0.00914272,0.00148688,0.0147138,0.180668,1.00821,0.337682,0.822458,1.73753,0.995071,0.0286953,0.0164166,0.0376563,0.0880123,0.14406,0.0518
0.00913572,0.00148726,0.0147786,0.180806,1.01035,0.338231,0.82413,1.74292,0.997526,0.0286316,0.0164138,0.0377683,0.0881309,0.144175,0.0517765
0.00918387,0.00148873,0.0148531,0.180947,1.01341,0.338819,0.82581,1.74841,1.00001,0.0286777,0.0164155,0.0378377,0.0882174,0.144298,0.0518149
0.00923773,0.00148969,0.01485,0.181091,1.01546,0.339354,0.827488,1.75383,1.00248,0.0287916,0.0164147,0.0377617,0.0882191,0.144422,0.0519083
0.00928553,0.00149147,0.0149086,0.181254,1.01826,0.33992,0.829171,1.75932,1.00497,0.028864,0.016417,0.0377863,0.0882673,0.144541,0.0519794
0.00933367,0.00149252,0.0149734,0.1814,1.02109,0.340481,0.830858,1.76484,1.00746,0.0289448,0.0164157,0.0378115,0.088312,0.144664,0.0520517
0.00933151,0.00149245,0.0149637,0.181548,1.02232,0.341053,0.832548,1.77019,1.00997,0.0289316,0.0164091,0.0377983,0.0883859,0.14472,0.0520995
0.00933397,0.00149272,0.0149852,0.181693,1.024,0.341625,0.83424,1.77559,1.01248,0.0289143,0.0164048,0.0378276,0.0884726,0.144776,0.0521339
0.00933673,0.00149305,0.0150208,0.181837,1.02591,0.342206,0.835935,1.78102,1.01499,0.0288913,0.0164019,0.0378776,0.0885687,0.144824,0.0521563
0.00939148,0.00149424,0.0150902,0.181983,1.02892,0.34278,0.837632,1.7866,1.01752,0.0289634,0.0164016,0.0379224,0.0886278,0.144935,0.0522182
0.00945185,0.00149545,0.0151605,0.182131,1.03206,0.343362,0.839332,1.79221,1.02004,0.0290232,0.0164015,0.0379858,0.0886899,0.145049,0.0522779
0.00949431,0.00149724,0.0152087,0.18228,1.03466,0.343927,0.841033,1.79779,1.02257,0.029089,0.0164031,0.0379974,0.0887337,0.145172,0.0523516
0.00954416,0.00149895,0.0152833,0.182433,1.03766,0.344497,0.842738,1.80342,1.02511,0.0291216,0.016404,0.038079,0.0888057,0.145297,0.0524043
0.00954738,0.00150102,0.0153413,0.18258,1.03983,0.345055,0.844444,1.80899,1.02765,0.0290736,0.0164064,0.0381713,0.0889098,0.145409,0.0524188
0.00946668,0.00150297,0.0153101,0.18272,1.03993,0.345592,0.846145,1.81434,1.03015,0.0288958,0.0164113,0.0382056,0.0890336,0.14548,0.0523724
0.00950197,0.00150481,0.0153847,0.182866,1.04281,0.34617,0.847857,1.81999,1.0327,0.0289064,0.0164137,0.0382932,0.089134,0.145588,0.0523933
0.00954636,0.0015067,0.0154671,0.183018,1.04583,0.346738,0.849572,1.82568,1.03527,0.0289437,0.0164152,0.0383723,0.089226,0.1457,0.0524261
0.00954342,0.00150803,0.0155458,0.183167,1.04835,0.347298,0.851284,1.83132,1.0378,0.0288898,0.0164173,0.0384871,0.0893464,0.145807,0.0523986
0.00958326,0.00151014,0.0156051,0.183319,1.05114,0.347887,0.853004,1.83699,1.04037,0.0289455,0.0164209,0.0385155,0.0894319,0.145897,0.05244
0.00964615,0.00151098,0.0156558,0.183464,1.05412,0.348478,0.854727,1.84271,1.04295,0.0290231,0.0164189,0.0385395,0.0894985,0.146022,0.0524973
0.00967854,0.00151313,0.0156631,0.183612,1.05624,0.349068,0.85645,1.84834,1.04553,0.0290962,0.0164242,0.0384845,0.0895396,0.146094,0.0525742
0.00968676,0.00151256,0.0155737,0.183751,1.05665,0.349603,0.85817,1.85382,1.04808,0.0291741,0.0164169,0.0383023,0.0895193,0.1462,0.0526745
0.00970656,0.00151258,0.0155695,0.183905,1.05828,0.350171,0.859898,1.85943,1.05066,0.02922,0.0164111,0.0382568,0.0895525,0.146295,0.0527523
0.00966785,0.00151216,0.0155121,0.184059,1.0585,0.350761,0.861631,1.86489,1.05326,0.0291657,0.0164045,0.038194,0.0896264,0.146315,0.0527995
0.00966299,0.00151229,0.0155164,0.184208,1.05996,0.351356,0.863366,1.87049,1.05587,0.0291521,0.0164012,0.0381918,0.089702,0.14635,0.0528455
0.00970678,0.00151305,0.0155715,0.184352,1.06269,0.351944,0.865104,1.87624,1.05848,0.0292036,0.0164001,0.0382287,0.0897589,0.146432,0.0529082
0.00975435,0.00151406,0.0156534,0.184498,1.06589,0.352545,0.866844,1.88206,1.06109,0.0292534,0.0163998,0.0382981,0.0898254,0.146533,0.0529639
0.00981274,0.00151524,0.0157088,0.18465,1.06881,0.35311,0.868585,1.88788,1.0637,0.0293428,0.0163997,0.0383102,0.0898542,0.146646,0.0530448
0.00984871,0.00151653,0.0158016,0.184798,1.07191,0.353694,0.870331,1.89374,1.06633,0.0293576,0.0163995,0.038412,0.0899399,0.146758,0.0530824
0.00985924,0.00151735,0.0158731,0.184937,1.0746,0.354298,0.872076,1.89954,1.06895,0.029301,0.0163994,0.0385347,0.0900507,0.146865,0.0530798
0.00990988,0.00151804,0.0158698,0.18508,1.07675,0.354852,0.873819,1.90532,1.07156,0.0294118,0.0163991,0.0384534,0.0900418,0.146966,0.0531765
0.0099697,0.00151937,0.0159052,0.185222,1.07947,0.355407,0.875567,1.91118,1.07418,0.0295061,0.0163993,0.0384384,0.0900493,0.147091,0.0532677
0.00996034,0.00152145,0.0159254,0.185371,1.08127,0.35602,0.877323,1.91696,1.07683,0.0294756,0.0164011,0.0384558,0.0901273,0.147191,0.0533159
0.0100134,0.00152212,0.0159562,0.185509,1.08387,0.356586,0.879077,1.92283,1.07946,0.0295684,0.0164003,0.0384316,0.0901351,0.147301,0.0534063
0.0100695,0.00152319,0.0160337,0.185655,1.08715,0.35718,0.880836,1.92877,1.08211,0.0296302,0.0164,0.0384897,0.0901798,0.147419,0.0534781
0.0101299,0.0015243,0.01611,0.185812,1.09059,0.357787,0.882598,1.93475,1.08477,0.0296947,0.0164001,0.0385473,0.0902206,0.147541,0.0535529
0.0101762,0.00152508,0.0160923,0.185945,1.09253,0.3583,0.884349,1.94061,1.08738,0.0298107,0.0164005,0.0384394,0.0901628,0.147666,0.053664
0.0102378,0.00152652,0.0161565,0.18609,1.09558,0.358844,0.886112,1.9466,1.09003,0.0298891,0.0164008,0.0384714,0.0901711,0.14779,0.0537554
0.0101542,0.00152813,0.016143,0.186241,1.09592,0.359417,0.887877,1.95232,1.09268,0.0296881,0.0164025,0.0385423,0.0902906,0.147896,0.0537307
0.0101508,0.00153018,0.0161973,0.186398,1.09802,0.359987,0.889649,1.95823,1.09536,0.0296155,0.0164042,0.0386444,0.0903976,0.148,0.0537399
0.00997061,0.00153148,0.0160614,0.186532,1.09544,0.36045,0.891401,1.96368,1.09794,0.029281,0.0164082,0.0386214,0.0905187,0.148049,0.0536267
0.00978755,0.001533,0.0159142,0.186666,1.09272,0.360905,0.893151,1.96909,1.10049,0.0289705,0.0164152,0.0385631,0.0906365,0.148027,0.0534991
0.0096536,0.00153611,0.0157681,0.186813,1.09066,0.361448,0.894919,1.97452,1.10313,0.0287703,0.0164276,0.0384482,0.0907613,0.147881,0.0534386
0.00969541,0.00153769,0.0158527,0.18697,1.09388,0.362049,0.8967,1.98056,1.10583,0.0288151,0.0164299,0.0385183,0.0908721,0.147952,0.0534417
0.00974728,0.00153889,0.0159083,0.187133,1.09677,0.362644,0.898487,1.98661,1.10855,0.0289019,0.0164279,0.0385269,0.0909584,0.148062,0.0534811
0.00975051,0.00153863,0.0159439,0.187277,1.09876,0.363217,0.90027,1.99258,1.11124,0.0288771,0.016421,0.0385783,0.0910765,0.148185,0.0534598
0.00975152,0.00153803,0.0159654,0.187428,1.10067,0.363812,0.902055,1.99855,1.11394,0.0288438,0.0164145,0.0386213,0.0911949,0.148296,0.0534366
0.0098025,0.00153999,0.0159985,0.187583,1.10328,0.364413,0.903849,2.00461,1.11668,0.0289377,0.0164166,0.0385951,0.0912621,0.148398,0.0534949
0.00984901,0.00154162,0.0160835,0.187736,1.10656,0.365018,0.905645,2.01075,1.11942,0.0289739,0.016418,0.0386774,0.0913649,0.148508,0.053512
0.0099006,0.00154302,0.0161666,0.187892,1.10998,0.365641,0.907444,2.01691,1.12216,0.0290161,0.0164192,0.0387562,0.0914634,0.14862,0.0535359
0.00995239,0.00154448,0.0162032,0.188054,1.11272,0.366246,0.909244,2.02302,1.12491,0.0291191,0.0164198,0.0387251,0.0915113,0.148735,0.0536076
0.00998239,0.00154466,0.0162273,0.188201,1.11496,0.366858,0.911049,2.0291,1.12766,0.0291816,0.0164148,0.0387025,0.0915743,0.148851,0.0536664
0.00999179,0.00154428,0.016227,0.188358,1.11672,0.367495,0.912856,2.03512,1.13043,0.0291991,0.016409,0.038679,0.091651,0.148933,0.0537121
0.0100069,0.00154598,0.0161537,0.188501,1.11762,0.368061,0.914656,2.04109,1.13315,0.0292952,0.0164129,0.0384998,0.0916285,0.14903,0.0538149
0.0100403,0.00154597,0.0161272,0.188655,1.11929,0.368638,0.916461,2.04715,1.13589,0.0293843,0.0164089,0.0384027,0.0916216,0.149134,0.0539107
0.0100891,0.00154662,0.0161728,0.188814,1.12216,0.369236,0.918271,2.05335,1.13865,0.0294802,0.0164076,0.0383878,0.0916335,0.149254,0.0539997
0.0100914,0.00154631,0.0161047,0.188953,1.12276,0.369792,0.92008,2.05932,1.14139,0.0295356,0.0164032,0.0382512,0.0916162,0.149309,0.0540983
0.00997477,0.00154573,0.0159475,0.189107,1.12067,0.370418,0.9219,2.06497,1.14419,0.02937,0.0163992,0.0381208,0.0917067,0.1492,0.0541257
0.00997885,0.00154635,0.0159702,0.189264,1.12247,0.371024,0.923723,2.07107,1.14699,0.0293632,0.0163987,0.0381419,0.0917792,0.149212,0.0541744
0.00984812,0.00154623,0.0158381,0.189408,1.12055,0.371633,0.925542,2.07673,1.14977,0.0291597,0.0164005,0.0380613,0.0918964,0.149044,0.0541499
0.00990448,0.00154768,0.0159007,0.189566,1.12365,0.372245,0.927369,2.08301,1.15258,0.0292263,0.0164,0.0381019,0.0919539,0.149154,0.0542131
0.00990666,0.00154955,0.0159146,0.189725,1.12548,0.372875,0.9292,2.0892,1.1554,0.0292005,0.0163989,0.0381259,0.0920414,0.149275,0.0542505
0.00994326,0.00155111,0.0159889,0.189885,1.12856,0.373508,0.931033,2.09551,1.15822,0.0292463,0.0163989,0.0381779,0.0921142,0.1494,0.0543022
0.0100022,0.00155207,0.0160429,0.190041,1.13171,0.374137,0.932868,2.10183,1.16104,0.0293319,0.0163989,0.0381934,0.0921553,0.149503,0.0543761
0.0100441,0.00155319,0.0160126,0.190174,1.13352,0.374716,0.934696,2.10805,1.16383,0.0294296,0.016399,0.038091,0.0921299,0.149626,0.0544791
0.00998773,0.00155549,0.0158473,0.190319,1.13214,0.375277,0.936526,2.11396,1.16662,0.0294137,0.0164015,0.037861,0.0921097,0.149653,0.054582
0.00966122,0.00156017,0.0153072,0.19047,1.12222,0.375901,0.938369,2.11892,1.16947,0.029033,0.016414,0.0373305,0.0921784,0.149296,0.0546435
0.00924051,0.00156624,0.0146451,0.190628,1.10935,0.376532,0.940216,2.12346,1.17232,0.0285467,0.0164386,0.0366886,0.0922704,0.148616,0.0546852
0.00901081,0.00157207,0.0142881,0.190782,1.10301,0.37717,0.942065,2.12867,1.17518,0.0282787,0.0164657,0.0363459,0.0923586,0.148023,0.0547319
0.00901543,0.00157544,0.0142888,0.190941,1.10452,0.37781,0.943916,2.13478,1.17805,0.0282798,0.0164792,0.036347,0.0924243,0.147837,0.0547967
0.0090703,0.00158984,0.0143712,0.191095,1.1077,0.378475,0.945771,2.14118,1.18092,0.0284048,0.0166042,0.036472,0.0925493,0.147962,0.0549217
0.00912737,0.00160512,0.0144516,0.191254,1.11074,0.379108,0.947628,2.1476,1.1838,0.0285298,0.0167292,0.036597,0.0926743,0.148087,0.0550467
0.00918894,0.00162035,0.0145286,0.191411,1.11387,0.379755,0.949488,2.15404,1.18669,0.0286548,0.0168542,0.036722,0.0927993,0.148212,0.0551717
0.00924281,0.00163604,0.0146138,0.191572,1.11694,0.38039,0.951351,2.16049,1.18958,0.0287798,0.0169792,0.036847,0.0929243,0.148337,0.0552967
0.0092987,0.00165227,0.0146975,0.191736,1.11995,0.38101,0.953216,2.16696,1.19248,0.0289048,0.0171042,0.036972,0.0930493,0.148463,0.0554217
0.00935577,0.00166809,0.0147815,0.191895,1.12313,0.381662,0.955084,2.17345,1.19538,0.0290298,0.0172292,0.037097,0.0931743,0.148588,0.0555467
0.00940664,0.00168407,0.0148725,0.192058,1.12634,0.382318,0.956955,2.17995,1.1983,0.0291548,0.0173542,0.037222,0.0932993,0.148713,0.0556717
0.0094617,0.00170071,0.0149598,0.192226,1.12947,0.382954,0.958828,2.18647,1.20121,0.0292798,0.0174792,0.037347,0.0934243,0.148838,0.0557967
0.00951649,0.00171718,0.0150485,0.192391,1.1327,0.38361,0.960705,2.193,1.20414,0.0294048,0.0176042,0.037472,0.0935493,0.148963,0.0559217
0.00957136,0.00173396,0.0151379,0.192548,1.13592,0.384262,0.962583,2.19956,1.20707,0.0295298,0.0177292,0.037597,0.0936743,0.149088,0.0560467
0.00963188,0.0017511,0.0152224,0.192712,1.13914,0.384909,0.964465,2.20613,1.21,0.0296548,0.0178542,0.037722,0.0937993,0.149213,0.0561717
0.00969101,0.00176858,0.015309,0.19288,1.14235,0.385552,0.966349,2.21271,1.21295,0.0297798,0.0179792,0.037847,0.0939243,0.149338,0.0562967
0.00974619,0.0017862,0.0154004,0.19305,1.1456,0.386201,0.968236,2.21932,1.2159,0.0299048,0.0181042,0.037972,0.0940493,0.149463,0.0564217
0.00980426,0.00180408,0.0154898,0.193213,1.14884,0.386848,0.970126,2.22594,1.21885,0.0300298,0.0182292,0.038097,0.0941743,0.149588,0.0565467
0.00986086,0.00182235,0.0155813,0.193378,1.15207,0.387489,0.972018,2.23258,1.22181,0.0301548,0.0183542,0.038222,0.0942993,0.149713,0.0566717
0.00983895,0.00166557,0.01557,0.193532,1.15522,0.388098,0.97391,2.23916,1.22477,0.0294455,0.017008,0.037697,0.0941453,0.149706,0.0565115
0.00982403,0.00162858,0.0156358,0.193694,1.15781,0.388733,0.975808,2.24574,1.22774,0.0292003,0.0166927,0.0377228,0.094139,0.149802,0.0563323
0.00976642,0.00161311,0.0156891,0.193844,1.15949,0.389347,0.977698,2.25226,1.23067,0.0289792,0.0165663,0.0378296,0.094225,0.149919,0.0561001
0.00981875,0.00160877,0.0157411,0.194009,1.1625,0.389981,0.9796,2.25891,1.23365,0.0290158,0.0165178,0.0378393,0.0942217,0.149975,0.0560586
0.00979874,0.0016082,0.0157905,0.194172,1.16456,0.390611,0.981501,2.26547,1.23662,0.0289327,0.016502,0.0379134,0.0943114,0.149982,0.0559452
0.00979348,0.00160971,0.0158255,0.194339,1.16664,0.39126,0.983407,2.27203,1.23961,0.0288964,0.0165021,0.0379518,0.0943945,0.149958,0.0558793
0.00985094,0.00161054,0.0158908,0.194506,1.16993,0.391924,0.985318,2.27875,1.24261,0.0289523,0.0164998,0.0380025,0.0944446,0.150022,0.0558753
0.00990311,0.00161203,0.015933,0.194668,1.17282,0.392572,0.98723,2.28545,1.24561,0.0290383,0.0165019,0.0379962,0.0944609,0.150082,0.0559145
0.00994856,0.00161162,0.0159752,0.19484,1.17559,0.393226,0.989145,2.29216,1.24863,0.0291164,0.0164934,0.037998,0.0944841,0.150203,0.0559561
0.00997743,0.00161006,0.0159521,0.195003,1.17727,0.393871,0.99106,2.29878,1.25163,0.0291848,0.0164802,0.0379298,0.0944793,0.150323,0.0560203
0.0100181,0.0016113,0.0159234,0.195156,1.17906,0.394444,0.992966,2.30544,1.25458,0.0293002,0.0164841,0.037814,0.0944083,0.150421,0.0561188
0.0100487,0.0016098,0.0158983,0.195311,1.18073,0.395061,0.99488,2.31208,1.25756,0.0293746,0.0164727,0.0377408,0.0943709,0.150535,0.0562069
0.0100942,0.00161036,0.0158704,0.195453,1.18269,0.395616,0.996783,2.31878,1.26049,0.0294899,0.0164763,0.0376316,0.094269,0.150647,0.0563176
0.0101208,0.00160927,0.0157718,0.195567,1.18323,0.39604,0.99867,2.32538,1.26332,0.029611,0.0164717,0.037433,0.0940811,0.150772,0.0564398
0.0101571,0.00160963,0.0158592,0.195731,1.1865,0.396695,1.0006,2.33223,1.26636,0.0296393,0.0164683,0.0375194,0.094106,0.150896,0.0565099
0.0102089,0.00161015,0.0159264,0.195895,1.18966,0.39731,1.00253,2.3391,1.26938,0.0297122,0.0164651,0.0375577,0.0940956,0.151019,0.0565989
0.0102244,0.00160941,0.0159485,0.196057,1.19169,0.397962,1.00446,2.34585,1.27244,0.0297062,0.0164545,0.0375951,0.0941309,0.151103,0.0566645
0.0102444,0.00160904,0.0159986,0.196227,1.19425,0.398633,1.0064,2.35266,1.27551,0.0297016,0.0164469,0.0376618,0.0941824,0.151189,0.0567208
0.0103029,0.00160967,0.0160662,0.196386,1.19758,0.399272,1.00834,2.35958,1.27856,0.0297759,0.0164453,0.0377035,0.0941877,0.151305,0.0568067
0.0103611,0.00161011,0.0161336,0.196545,1.20098,0.39992,1.01028,2.36651,1.28161,0.0298522,0.0164437,0.0377418,0.0941907,0.151419,0.0568943
0.0104148,0.00161051,0.01615,0.196701,1.20355,0.400485,1.01221,2.3734,1.28461,0.0299631,0.0164423,0.0376911,0.0941281,0.151535,0.0570035
0.0104436,0.00161,0.0161681,0.196855,1.20573,0.401117,1.01416,2.38023,1.28768,0.029994,0.0164343,0.0376993,0.0941349,0.151591,0.0570891
0.0104645,0.00161006,0.0162257,0.197018,1.20838,0.401786,1.01611,2.38712,1.29078,0.0299853,0.016429,0.0377754,0.0941903,0.151656,0.0571474
0.0105091,0.00161068,0.0162975,0.197167,1.2115,0.402442,1.01807,2.39409,1.29389,0.0300065,0.0164259,0.0378585,0.0942377,0.15174,0.0572126
0.0105199,0.00161154,0.0163785,0.197334,1.21433,0.403108,1.02003,2.40104,1.29701,0.0299681,0.0164239,0.037974,0.0943267,0.151831,0.0572407
0.0105379,0.00161251,0.0164508,0.197505,1.21718,0.403774,1.02199,2.40802,1.30013,0.0299225,0.0164226,0.0380942,0.094424,0.15193,0.0572583
0.0105294,0.00161253,0.0164911,0.197669,1.21922,0.404441,1.02395,2.4149,1.30325,0.0298541,0.016418,0.0381815,0.0945279,0.151974,0.0572632
0.0105432,0.00161275,0.0165435,0.197833,1.22173,0.405113,1.02592,2.42184,1.30638,0.0298345,0.0164141,0.0382551,0.094621,0.152009,0.0572855
0.0105669,0.00161324,0.0166117,0.197998,1.22458,0.405783,1.02789,2.42884,1.30952,0.0298329,0.0164114,0.0383356,0.0947141,0.152053,0.0573087
0.0105891,0.00161385,0.0166823,0.198166,1.22745,0.406446,1.02986,2.43585,1.31267,0.0298226,0.0164092,0.0384249,0.0948143,0.152099,0.0573216
0.0105796,0.00161392,0.0167377,0.198319,1.22973,0.407107,1.03183,2.4428,1.3158,0.0297666,0.0164069,0.038513,0.0949292,0.152113,0.0573023
0.0106377,0.00161553,0.0168035,0.198484,1.2331,0.407776,1.03381,2.44994,1.31896,0.0298417,0.0164077,0.0385446,0.0949961,0.152223,0.0573567
0.0106738,0.00161755,0.0168687,0.198646,1.23616,0.408444,1.03579,2.45707,1.32213,0.0298547,0.0164097,0.0386134,0.0950897,0.152347,0.0573842
0.0106627,0.00161981,0.0169104,0.198815,1.23828,0.409095,1.03777,2.46413,1.32528,0.0298014,0.0164132,0.0386766,0.0952025,0.152467,0.0573787
0.0106312,0.00162237,0.0169103,0.198972,1.23955,0.409731,1.03975,2.47113,1.32843,0.0297092,0.0164187,0.0387163,0.0953211,0.152567,0.0573571
0.0105908,0.0016246,0.0169143,0.199137,1.24085,0.410367,1.04173,2.47812,1.33156,0.029605,0.0164251,0.0387636,0.0954439,0.152658,0.057317
0.0106376,0.00162584,0.0170087,0.199306,1.24448,0.411035,1.04372,2.48536,1.33474,0.0296398,0.016425,0.0388526,0.0955507,0.152783,0.0573244
0.010692,0.00162721,0.0170958,0.199474,1.24808,0.411698,1.04572,2.49262,1.33794,0.0296732,0.0164249,0.0389429,0.0956554,0.152908,0.0573357
0.0107077,0.00162857,0.0171821,0.199648,1.25117,0.412327,1.0477,2.49984,1.3411,0.029638,0.016426,0.0390614,0.0957763,0.15303,0.0573031
0.0106892,0.00162905,0.0172425,0.199807,1.25358,0.412927,1.04968,2.50701,1.34421,0.0295403,0.016427,0.0391825,0.0959011,0.153154,0.0572237
0.0107402,0.00162995,0.0173225,0.199976,1.25705,0.413589,1.05169,2.5143,1.34742,0.029587,0.0164246,0.0392491,0.0960068,0.153275,0.0572323
0.0107471,0.00163015,0.0174,0.200142,1.25993,0.414203,1.05368,2.52155,1.35058,0.0295418,0.0164219,0.0393618,0.0961307,0.153393,0.0571779
0.0107495,0.00162993,0.0174666,0.200287,1.26266,0.414816,1.05567,2.52879,1.35372,0.0294826,0.0164191,0.0394733,0.0962556,0.153506,0.0571097
0.0108016,0.00163073,0.0175315,0.20046,1.266,0.415496,1.05768,2.53612,1.35696,0.0295541,0.0164168,0.0394998,0.0963524,0.153619,0.0571324
0.01085,0.0016312,0.0176139,0.200631,1.26966,0.416188,1.05969,2.54347,1.36019,0.0295919,0.0164148,0.0395732,0.096461,0.153729,0.0571346
0.0109005,0.00163278,0.017632,0.200806,1.27247,0.416883,1.06171,2.55078,1.36345,0.029696,0.0164165,0.0395146,0.0965158,0.153854,0.0572009
0.0109557,0.00163386,0.0176207,0.200978,1.27484,0.417538,1.06373,2.55807,1.36668,0.0298125,0.0164158,0.0394215,0.0965347,0.153975,0.0572868
0.0109552,0.00163669,0.0176214,0.20115,1.2767,0.418238,1.06575,2.56531,1.36996,0.0298196,0.0164223,0.0393904,0.0966139,0.154059,0.0573352
0.0110185,0.00163792,0.0176884,0.201327,1.28033,0.418931,1.06778,2.57274,1.37323,0.0299035,0.0164223,0.0394151,0.0966713,0.154184,0.0573995
0.0110813,0.00163951,0.0177455,0.201496,1.28383,0.419622,1.0698,2.58018,1.37651,0.0299861,0.016424,0.0394293,0.0967179,0.154306,0.0574716
0.0111253,0.00164153,0.0177795,0.201664,1.28682,0.420318,1.07183,2.58758,1.37978,0.0300547,0.0164286,0.0394144,0.0967571,0.154411,0.0575493
0.0111846,0.00164241,0.0178012,0.201834,1.28976,0.420965,1.07386,2.59501,1.38304,0.0301643,0.0164279,0.0393647,0.0967527,0.154536,0.0576455
0.0112477,0.00164418,0.0178734,0.202006,1.29336,0.421626,1.07589,2.60252,1.38632,0.03024,0.016429,0.0394008,0.0967864,0.154657,0.0577254
0.0112231,0.00164637,0.0179353,0.202172,1.29566,0.422296,1.07793,2.60992,1.38961,0.0301504,0.0164332,0.0395024,0.0968987,0.154759,0.0577239
0.0111379,0.00164993,0.0178687,0.202328,1.29544,0.422967,1.07997,2.61707,1.3929,0.0299956,0.0164453,0.0394817,0.0970146,0.15476,0.0577161
0.0111399,0.00165336,0.0179013,0.202511,1.29771,0.423646,1.08201,2.62447,1.39622,0.0299661,0.0164546,0.0395213,0.0971159,0.154792,0.057739
0.0110255,0.00165745,0.0177811,0.202675,1.29635,0.424304,1.08405,2.63149,1.3995,0.0297735,0.0164719,0.0394584,0.0972377,0.154698,0.0577124
0.0110678,0.00165904,0.0178706,0.20286,1.30008,0.425008,1.0861,2.63905,1.40283,0.029781,0.0164746,0.0395599,0.0973445,0.154778,0.0577245
0.0111296,0.00166035,0.0179415,0.203043,1.3038,0.425716,1.08816,2.64665,1.40617,0.0298633,0.0164745,0.0395873,0.0974124,0.154877,0.057783
0.0111849,0.00166145,0.0179968,0.203225,1.30714,0.426404,1.09021,2.65424,1.40952,0.029958,0.0164721,0.0395816,0.0974624,0.154989,0.057854
0.0111777,0.00166028,0.0179806,0.203396,1.30854,0.427102,1.09227,2.66166,1.41288,0.0299458,0.0164576,0.0395581,0.0975471,0.155099,0.0578917
0.0111371,0.0016588,0.017949,0.203577,1.3093,0.427798,1.09434,2.66902,1.41623,0.0298793,0.0164436,0.0395426,0.0976515,0.155182,0.0579
0.0111505,0.00165836,0.0179838,0.203756,1.31178,0.428501,1.0964,2.67656,1.4196,0.0298681,0.0164354,0.0395867,0.0977514,0.15528,0.0579168
0.0111857,0.00165883,0.0180702,0.203941,1.3153,0.429206,1.09847,2.68423,1.42298,0.0299007,0.0164315,0.0396556,0.0978464,0.155394,0.0579419
0.0112207,0.00165898,0.0181386,0.204119,1.3186,0.429918,1.10054,2.69188,1.42637,0.0299311,0.0164267,0.039709,0.0979402,0.155495,0.0579681
0.0112877,0.00165996,0.0182024,0.204295,1.32226,0.430622,1.10262,2.6996,1.42976,0.030005,0.0164247,0.0397433,0.098008,0.155612,0.0580229
0.0113209,0.00166232,0.0182796,0.204474,1.32568,0.431327,1.1047,2.70732,1.43316,0.030026,0.0164289,0.0398057,0.0981003,0.15573,0.0580551
0.0113619,0.00166455,0.0183624,0.204659,1.32927,0.432026,1.10678,2.71507,1.43657,0.0300377,0.0164322,0.039891,0.0981988,0.155848,0.0580786
0.0113779,0.00166684,0.0184161,0.204835,1.33215,0.432717,1.10885,2.72276,1.43996,0.0299871,0.016437,0.0399852,0.0983115,0.155956,0.0580761
0.0114055,0.00166777,0.0184974,0.204996,1.33547,0.433395,1.11094,2.73053,1.44336,0.0299568,0.0164347,0.0401013,0.0984243,0.15608,0.0580706
0.0113678,0.00166705,0.0185189,0.205165,1.3371,0.434052,1.11301,2.73814,1.44672,0.029851,0.0164278,0.0401755,0.0985471,0.156179,0.0580247
0.0113868,0.00166757,0.0185894,0.205333,1.34007,0.434715,1.1151,2.7459,1.45013,0.02983,0.0164235,0.0402655,0.098662,0.156289,0.0580115
0.0112406,0.00166526,0.0184634,0.205475,1.33806,0.435279,1.11716,2.75316,1.4534,0.0295894,0.0164147,0.0402328,0.0987843,0.156312,0.0578937
0.0111917,0.00166407,0.0184432,0.205642,1.33894,0.435939,1.11924,2.76069,1.45677,0.0295042,0.0164088,0.0402394,0.0989078,0.156324,0.0578394
0.0112446,0.00166558,0.0185322,0.205826,1.34282,0.436645,1.12134,2.76858,1.46022,0.0295734,0.0164093,0.0402858,0.0990095,0.156443,0.0578555
0.0112929,0.0016664,0.0186218,0.206012,1.34665,0.43735,1.12344,2.77647,1.46367,0.0296242,0.0164081,0.0403487,0.0991164,0.156545,0.0578611
0.0113461,0.00166728,0.0187074,0.20619,1.3505,0.43806,1.12554,2.78438,1.46713,0.0296788,0.016407,0.0404079,0.0992195,0.156647,0.0578735
0.0114098,0.00166826,0.0187935,0.206363,1.35463,0.438794,1.12765,2.79233,1.47061,0.0297372,0.0164068,0.040472,0.0993176,0.156758,0.0578947
0.0114521,0.00167,0.0187477,0.20654,1.35663,0.439504,1.12976,2.80012,1.47407,0.0298389,0.0164089,0.0403411,0.0993382,0.156882,0.0579805
0.0113242,0.00167297,0.0183821,0.206683,1.35164,0.440127,1.13185,2.80724,1.47744,0.0298211,0.0164177,0.039858,0.0992792,0.156899,0.0580934
0.0113643,0.00167433,0.0183565,0.206844,1.35374,0.440776,1.13395,2.81507,1.48086,0.0299333,0.0164199,0.0397395,0.0992487,0.157016,0.0581981
0.0114288,0.00167508,0.0184156,0.20702,1.35737,0.441474,1.13607,2.82306,1.48435,0.0300138,0.0164181,0.0397599,0.0992719,0.157139,0.058282
0.0114863,0.0016769,0.0184922,0.207199,1.36122,0.442194,1.13819,2.83108,1.48785,0.0300616,0.0164204,0.0398196,0.0993186,0.157258,0.0583544
0.0115364,0.00167923,0.0185521,0.207382,1.36469,0.442899,1.14031,2.83908,1.49136,0.0301087,0.0164241,0.0398561,0.0993572,0.157362,0.0584323
0.0115206,0.00168262,0.0185601,0.207563,1.36649,0.443622,1.14245,2.84693,1.49489,0.0300636,0.0164323,0.03987,0.0994345,0.15741,0.0584838
0.0114835,0.0016863,0.0185516,0.207746,1.36777,0.444346,1.14458,2.85473,1.49843,0.0299888,0.0164426,0.0398776,0.099528,0.157423,0.0585186
0.0114384,0.00169063,0.0185261,0.207932,1.3686,0.445053,1.14671,2.86248,1.50196,0.0299062,0.0164551,0.03987,0.0996273,0.157389,0.0585466
0.0111126,0.00169662,0.018064,0.208094,1.35936,0.445739,1.14884,2.86915,1.50545,0.0295008,0.0164838,0.0395005,0.0997506,0.157013,0.0585167
0.0111119,0.001695,0.0180667,0.208276,1.36128,0.446485,1.15098,2.87708,1.509,0.029486,0.0164693,0.0395084,0.099844,0.157138,0.0585458
0.0111651,0.00169675,0.018103,0.208461,1.36451,0.447213,1.15312,2.88513,1.51255,0.0295817,0.016473,0.0394803,0.0998784,0.157208,0.0586274
0.0111974,0.00169637,0.0180504,0.20863,1.36596,0.447863,1.15526,2.89307,1.51605,0.029681,0.0164642,0.0393509,0.0998575,0.157332,0.058729
0.0112012,0.00169612,0.0180906,0.208814,1.3683,0.448578,1.15741,2.9011,1.51963,0.0296614,0.016454,0.0394035,0.0999467,0.157454,0.0587629
0.0110514,0.00169329,0.0179266,0.208976,1.36553,0.449255,1.15955,2.90864,1.52315,0.0294356,0.0164369,0.0393296,0.100069,0.157506,0.058717
0.0109024,0.00169032,0.0177337,0.209148,1.3624,0.449971,1.16169,2.9161,1.5267,0.0292473,0.0164215,0.0391948,0.100186,0.15747,0.0586904
0.0109602,0.00169191,0.0178038,0.209345,1.3662,0.450726,1.16385,2.9243,1.53031,0.0293161,0.0164234,0.0392331,0.100256,0.157595,0.0587445
0.0110068,0.0016928,0.0177984,0.209523,1.36875,0.451437,1.166,2.93241,1.53386,0.0294312,0.0164242,0.039143,0.100254,0.157719,0.0588395
0.0110124,0.00169202,0.0176643,0.209678,1.36869,0.452027,1.16814,2.94029,1.53732,0.0295394,0.0164194,0.0389049,0.100165,0.157814,0.058955
0.0110652,0.00169221,0.017705,0.209855,1.37191,0.45274,1.1703,2.94848,1.5409,0.0296263,0.0164168,0.0388974,0.10017,0.157918,0.0590457
0.011116,0.00169284,0.0177379,0.21002,1.37499,0.453421,1.17245,2.95669,1.54446,0.0297332,0.0164165,0.0388587,0.100147,0.158037,0.0591472
0.0111208,0.00169196,0.0177029,0.21019,1.37637,0.454132,1.17462,2.9647,1.54805,0.0297705,0.0164106,0.0387877,0.100149,0.158059,0.0592377
0.0111919,0.00169264,0.0177469,0.210348,1.37985,0.454811,1.17679,2.97297,1.55163,0.029862,0.01641,0.0387944,0.100132,0.158167,0.059337
0.0111432,0.00169624,0.0176807,0.210531,1.38005,0.455537,1.17896,2.98097,1.55528,0.0297941,0.0164176,0.0387364,0.100183,0.158237,0.0594081
0.0108854,0.00170142,0.0173216,0.21071,1.37306,0.456288,1.18115,2.98821,1.55893,0.0294849,0.0164348,0.0384449,0.100283,0.158104,0.0594371
0.0108752,0.00170492,0.0173276,0.210903,1.37481,0.457032,1.18333,2.99634,1.5626,0.0294499,0.0164446,0.0384637,0.100361,0.158139,0.0594889
0.010832,0.00170877,0.017305,0.21109,1.3757,0.457781,1.18552,3.00438,1.56627,0.0293736,0.0164574,0.0384652,0.100456,0.158125,0.0595221
0.0108354,0.00171203,0.0173413,0.211288,1.37812,0.458536,1.18771,3.01259,1.56996,0.029357,0.0164676,0.0385075,0.100546,0.158142,0.0595626
0.010872,0.00171486,0.0174126,0.211477,1.38146,0.459277,1.18991,3.02093,1.57365,0.0293882,0.0164741,0.0385676,0.100624,0.158192,0.0596137
0.0108723,0.00171788,0.0174803,0.211661,1.3842,0.459999,1.1921,3.02923,1.57733,0.0293524,0.0164819,0.0386566,0.100734,0.158224,0.0596218
0.0108104,0.00172168,0.0174674,0.211842,1.38496,0.460695,1.19429,3.03732,1.58097,0.0292362,0.0164968,0.0386897,0.100856,0.158166,0.0595942
0.0107464,0.00172622,0.0173966,0.212028,1.38497,0.461439,1.19649,3.04529,1.58465,0.0291326,0.016518,0.0386523,0.100973,0.158014,0.059591
0.0107949,0.00172624,0.0174289,0.212222,1.38789,0.462183,1.1987,3.05368,1.58837,0.029204,0.0165083,0.0386533,0.10104,0.158128,0.0596496
0.0108329,0.0017261,0.0175076,0.212413,1.39146,0.46295,1.20091,3.06214,1.59209,0.029225,0.0165016,0.0387371,0.101141,0.158244,0.0596706
0.0108892,0.00172762,0.0175432,0.212597,1.39466,0.463696,1.20312,3.07059,1.59581,0.0293254,0.0165033,0.0387135,0.101178,0.158332,0.0597507
0.0109421,0.00172812,0.0175781,0.212792,1.39769,0.464424,1.20533,3.07905,1.59954,0.0294143,0.0164969,0.038702,0.101214,0.158452,0.0598294
0.0109581,0.00172773,0.0176264,0.212984,1.40034,0.465168,1.20755,3.0875,1.60329,0.0294103,0.0164856,0.0387638,0.101308,0.158575,0.0598576
0.0109111,0.00172586,0.0176059,0.21317,1.40111,0.465894,1.20976,3.09577,1.607,0.0293102,0.0164701,0.0388014,0.101425,0.158674,0.0598368
0.0108797,0.00172419,0.0176138,0.213352,1.40255,0.466636,1.21198,3.1041,1.61073,0.0292482,0.016457,0.0388419,0.10154,0.158759,0.0598211
0.0109327,0.00172529,0.0176995,0.213556,1.40653,0.467419,1.21421,3.11272,1.61451,0.0293139,0.0164572,0.0388968,0.101622,0.158884,0.0598631
0.0109746,0.00172532,0.017678,0.213743,1.4087,0.468147,1.21643,3.12118,1.61824,0.0294258,0.0164529,0.0387975,0.101626,0.159002,0.059955
0.0110205,0.00172546,0.0176592,0.213916,1.4109,0.468847,1.21865,3.12967,1.62197,0.0295368,0.0164487,0.0387064,0.101611,0.159118,0.0600535
0.0110761,0.00172715,0.0177402,0.214114,1.41463,0.469579,1.22089,3.13834,1.62576,0.0296063,0.0164482,0.0387565,0.101662,0.159242,0.0601214
0.0110476,0.00172728,0.0177839,0.214288,1.41666,0.470291,1.22312,3.14685,1.6295,0.0294988,0.0164441,0.038871,0.101783,0.159356,0.0600864
0.0110311,0.00172653,0.0178157,0.214467,1.4187,0.471031,1.22535,3.15535,1.63327,0.0294289,0.0164364,0.0389517,0.101899,0.159435,0.0600664
0.0110704,0.00172695,0.0178815,0.21466,1.42201,0.471785,1.2276,3.164,1.63709,0.0294535,0.0164316,0.0390197,0.101991,0.159529,0.0600943
0.0110726,0.00172695,0.0179402,0.214851,1.4247,0.472515,1.22984,3.1726,1.64088,0.0294091,0.0164267,0.0391159,0.102107,0.159613,0.0600762
0.0110501,0.00172668,0.0179533,0.215021,1.4262,0.473202,1.23208,3.18111,1.64465,0.0293272,0.0164203,0.0391866,0.102228,0.159667,0.0600388
0.0105467,0.00172074,0.0172373,0.21512,1.40986,0.473669,1.23425,3.1877,1.64813,0.028743,0.0164054,0.0386529,0.102336,0.159205,0.0598421
0.00903073,0.00171209,0.0147554,0.21509,1.35228,0.473968,1.23637,3.18934,1.65138,0.0272772,0.0164063,0.0364525,0.10241,0.15672,0.0595352
0.00845498,0.00171,0.0138279,0.215175,1.33128,0.474464,1.23855,3.19466,1.65489,0.0267191,0.0164273,0.0356585,0.102521,0.154902,0.05934
0.00798132,0.00171017,0.0130644,0.215264,1.31404,0.474998,1.24075,3.20015,1.65845,0.0262766,0.016461,0.0349974,0.102636,0.152829,0.0591682
0.0077021,0.00171221,0.0126125,0.215399,1.30428,0.47563,1.24297,3.20644,1.66214,0.0260332,0.0164982,0.0346047,0.10276,0.150941,0.0590568
0.00761825,0.00171428,0.0124957,0.215547,1.30234,0.476288,1.2452,3.21382,1.66587,0.0259672,0.0165255,0.0345232,0.102885,0.149696,0.0589736
0.0075823,0.00171641,0.0124567,0.215713,1.30233,0.476966,1.24745,3.22153,1.66963,0.0259423,0.0165487,0.0345153,0.103009,0.148675,0.0589021
0.00758412,0.00171833,0.0124808,0.215868,1.30387,0.477668,1.2497,3.22955,1.67341,0.0259477,0.0165645,0.0345695,0.103134,0.147917,0.0588387
0.00762415,0.0017193,0.0125077,0.216055,1.30602,0.478448,1.25197,3.23793,1.67731,0.0260315,0.0165583,0.0345798,0.103225,0.14766,0.05887
0.0076025,0.00171895,0.0124385,0.216235,1.30587,0.479237,1.25425,3.24631,1.68121,0.0260675,0.016531,0.034492,0.103309,0.147712,0.058911
0.00763615,0.00171969,0.0124357,0.216428,1.3075,0.480007,1.25654,3.2548,1.68511,0.0261634,0.0165225,0.0344554,0.103352,0.147666,0.0589838
0.00762759,0.00171956,0.012373,0.216611,1.30756,0.480764,1.25882,3.26326,1.68902,0.0262195,0.0165013,0.0343655,0.103391,0.147769,0.0590593
0.00761283,0.00171973,0.0123284,0.216799,1.30785,0.481551,1.26111,3.27177,1.69295,0.0262382,0.0164808,0.0343259,0.103467,0.147892,0.0591082
0.00762677,0.00172028,0.012316,0.216978,1.30904,0.48233,1.2634,3.28039,1.69688,0.0262887,0.016467,0.03431,0.10352,0.148015,0.0591749
0.00761604,0.00172079,0.012269,0.21716,1.30935,0.48311,1.2657,3.28893,1.70081,0.0263156,0.016451,0.034263,0.103571,0.14813,0.0592429
0.00762326,0.00172152,0.0122471,0.217336,1.31029,0.483881,1.26799,3.29756,1.70475,0.0263576,0.0164393,0.0342403,0.103612,0.14824,0.0593176
0.00760229,0.00172244,0.0122043,0.217529,1.31051,0.484666,1.27029,3.3061,1.70871,0.0263644,0.0164269,0.0342073,0.103674,0.148303,0.0593786
0.00761008,0.00172359,0.0122096,0.21772,1.31188,0.485455,1.2726,3.31477,1.71268,0.0263958,0.0164195,0.0342207,0.103735,0.148383,0.0594399
0.00763851,0.00172479,0.0122366,0.217915,1.31389,0.486239,1.27491,3.32353,1.71664,0.0264478,0.016415,0.0342521,0.103783,0.148478,0.05951
0.00766104,0.001726,0.0122486,0.218095,1.31559,0.487015,1.27721,3.33227,1.72061,0.0265023,0.0164106,0.0342608,0.103814,0.148551,0.0595899
0.0076932,0.00172716,0.0122735,0.218273,1.31768,0.487798,1.27952,3.34106,1.72456,0.0265679,0.0164077,0.0342788,0.103835,0.148636,0.0596755
0.00773833,0.00172766,0.0122759,0.218435,1.31961,0.488472,1.28181,3.34988,1.72842,0.0266696,0.0164067,0.03425,0.103772,0.14875,0.0597872
0.00774132,0.0017288,0.0122423,0.218619,1.32042,0.489221,1.28411,3.35854,1.73235,0.0267102,0.016403,0.03421,0.103754,0.14875,0.0598875
0.00777165,0.00172873,0.0122126,0.218753,1.32162,0.489784,1.28638,3.36731,1.73609,0.0268175,0.0164019,0.0341318,0.103614,0.148833,0.0600097
0.0078123,0.00172999,0.0122618,0.218934,1.32404,0.49051,1.2887,3.37622,1.74007,0.026865,0.0164012,0.0341977,0.103622,0.148914,0.0601007
0.00774,0.00173174,0.0122207,0.219105,1.32361,0.491267,1.29102,3.38481,1.74405,0.0267361,0.0164004,0.0342446,0.103739,0.148845,0.0600869
0.00772026,0.00173322,0.0122464,0.219293,1.32504,0.492075,1.29335,3.39361,1.74806,0.0266767,0.0164008,0.0343368,0.103852,0.148851,0.0600838
0.00775775,0.00173376,0.012263,0.219465,1.32703,0.492801,1.29567,3.40256,1.75204,0.0267567,0.0164004,0.034334,0.10384,0.148975,0.0601823
0.00778745,0.00173486,0.0123237,0.21965,1.32952,0.493584,1.29801,3.41157,1.75609,0.0267858,0.0164003,0.0344171,0.103908,0.149099,0.060238
0.0077832,0.0017357,0.0123742,0.219833,1.33142,0.494348,1.30035,3.42054,1.76012,0.0267455,0.0164005,0.0345266,0.104022,0.149223,0.0602299
0.00776448,0.00173627,0.0124158,0.220011,1.33301,0.49509,1.30268,3.42951,1.76412,0.0266916,0.0164011,0.0346271,0.104143,0.149339,0.060194
0.00777179,0.00173708,0.0124782,0.220199,1.33529,0.495852,1.30502,3.43855,1.76815,0.0266761,0.0164017,0.0347346,0.104262,0.14946,0.0601706
0.00779517,0.0017381,0.0125491,0.220396,1.33792,0.496634,1.30736,3.44763,1.77221,0.0266927,0.0164021,0.034833,0.104375,0.149583,0.0601669
0.00782828,0.0017392,0.0126172,0.220587,1.34068,0.497434,1.30971,3.45674,1.77629,0.0267212,0.0164025,0.0349256,0.104483,0.149706,0.0601735
0.00787472,0.00174049,0.012673,0.220776,1.34344,0.498249,1.31207,3.46587,1.78039,0.0267851,0.0164024,0.0349828,0.104561,0.149831,0.0602201
0.00791414,0.00174189,0.0127093,0.220975,1.34581,0.499051,1.31443,3.47497,1.7845,0.0268569,0.0164015,0.0350059,0.104616,0.149945,0.0602863
0.00795032,0.00174335,0.0127498,0.221178,1.34815,0.499846,1.3168,3.48409,1.78862,0.0269219,0.0164008,0.0350366,0.104673,0.150051,0.0603512
0.00797671,0.00174488,0.0128037,0.22137,1.35058,0.50066,1.31917,3.49322,1.79275,0.0269537,0.0164004,0.035104,0.104761,0.150148,0.0603881
0.00801592,0.00174641,0.0128637,0.221554,1.35318,0.501445,1.32154,3.50241,1.79689,0.0270078,0.0164003,0.0351668,0.104835,0.150257,0.0604393
0.00800661,0.00174742,0.0129117,0.22175,1.3551,0.502197,1.32389,3.51154,1.80094,0.0269554,0.0164003,0.0352771,0.104958,0.150349,0.0603941
0.00803511,0.00174866,0.0129874,0.221948,1.35782,0.502971,1.32627,3.52078,1.80508,0.0269768,0.0164003,0.0353768,0.105067,0.150468,0.0603983
0.00802068,0.0017491,0.0130456,0.222114,1.35969,0.503618,1.32861,3.52997,1.80906,0.0269144,0.0164002,0.0355017,0.105191,0.150587,0.06031
0.00796986,0.00174833,0.0130717,0.222256,1.36072,0.504129,1.33092,3.53912,1.81283,0.0267928,0.0164,0.0356198,0.105297,0.150706,0.0601354
0.0079781,0.00174857,0.013137,0.22243,1.36315,0.504802,1.33327,3.54838,1.81681,0.0267635,0.0164,0.0357411,0.10542,0.150824,0.0600382
0.00801049,0.00174941,0.0132086,0.222623,1.36597,0.505577,1.33564,3.5577,1.82093,0.0268039,0.0163999,0.0358202,0.105539,0.150949,0.0600154
0.00805146,0.00175039,0.0132712,0.222815,1.36882,0.506393,1.33803,3.56703,1.8251,0.0268602,0.0163999,0.0358819,0.105649,0.151073,0.0600174
0.00810123,0.00175172,0.0132804,0.223011,1.37096,0.507191,1.34043,3.57632,1.82929,0.0269607,0.0163999,0.0358535,0.105697,0.151195,0.060088
0.00808663,0.00175393,0.0132509,0.223209,1.37161,0.507997,1.34283,3.58543,1.8335,0.026973,0.0164011,0.0358139,0.10579,0.151189,0.060121
0.00808058,0.00175595,0.0132639,0.223409,1.37299,0.50878,1.34522,3.59462,1.83769,0.0269629,0.0164034,0.0358476,0.105904,0.151188,0.0601145
0.00806285,0.00175783,0.01327,0.223595,1.37418,0.509549,1.34761,3.60379,1.84183,0.0269257,0.0164071,0.0358902,0.106027,0.151156,0.0600807
0.00811232,0.00175935,0.0133232,0.223791,1.37697,0.510376,1.35002,3.61317,1.84607,0.0269833,0.0164081,0.0359493,0.106118,0.151236,0.0601148
0.00814485,0.00176148,0.0133403,0.223987,1.37899,0.5112,1.35243,3.62247,1.85031,0.0270386,0.0164117,0.0359574,0.106187,0.151247,0.060172
0.00816318,0.00176404,0.0133448,0.224186,1.38059,0.512012,1.35485,3.63172,1.85457,0.0270768,0.0164171,0.0359561,0.106256,0.151201,0.0602302
0.00814205,0.00176698,0.0133226,0.224387,1.38134,0.512838,1.35727,3.64085,1.85882,0.0270461,0.016426,0.0359584,0.10636,0.151057,0.0602506
0.00816867,0.00176934,0.0133803,0.224596,1.38375,0.513641,1.35969,3.65022,1.86309,0.0270933,0.0164301,0.0360091,0.106443,0.151043,0.0602958
0.00817046,0.00177039,0.0134448,0.224779,1.38609,0.514411,1.3621,3.65964,1.86727,0.0270551,0.016432,0.036128,0.106567,0.151081,0.0602527
0.00822039,0.00177171,0.0134981,0.224982,1.38887,0.515239,1.36452,3.66912,1.87156,0.0271274,0.0164318,0.0361714,0.106636,0.151156,0.06031
0.00825928,0.0017733,0.0135637,0.225187,1.39167,0.516073,1.36696,3.67862,1.87586,0.0271935,0.0164333,0.0362213,0.10671,0.151219,0.0603628
0.00828692,0.00177351,0.0135936,0.22539,1.39381,0.516901,1.36939,3.68813,1.88016,0.0272492,0.0164272,0.0362369,0.106776,0.151344,0.060421
0.00830712,0.00177361,0.0136056,0.22559,1.39556,0.51772,1.37183,3.69762,1.88447,0.0272854,0.0164203,0.0362476,0.106844,0.151463,0.0604757
0.0083078,0.00177343,0.0136329,0.225789,1.39738,0.518565,1.37427,3.70713,1.88878,0.0272738,0.0164144,0.0363019,0.106948,0.15157,0.0604874
0.00835593,0.00177448,0.0136639,0.225984,1.39998,0.519404,1.37671,3.71671,1.89307,0.0273654,0.0164155,0.0362988,0.106969,0.151687,0.060573
0.00837469,0.0017736,0.0135404,0.226113,1.3998,0.519895,1.37907,3.72613,1.897,0.0274888,0.0164138,0.0360828,0.106778,0.151812,0.0606976
0.00836391,0.00177658,0.0135247,0.226307,1.40079,0.52071,1.38152,3.73557,1.90134,0.0274815,0.0164216,0.0360723,0.106831,0.151808,0.0607684
0.00831769,0.00178023,0.0134822,0.226505,1.40089,0.521515,1.38397,3.74493,1.90569,0.0274043,0.0164323,0.0360701,0.10693,0.151721,0.0607961
0.00805823,0.00178514,0.0131255,0.226681,1.39375,0.522207,1.3864,3.75348,1.90988,0.0270718,0.0164564,0.035799,0.107054,0.151179,0.0607278
0.0076473,0.00179126,0.0125197,0.226832,1.38106,0.522813,1.3888,3.76125,1.91394,0.0266022,0.0164959,0.0352713,0.107168,0.150045,0.0606128
0.00739708,0.00179837,0.0121255,0.227026,1.3734,0.523589,1.39125,3.76933,1.91821,0.0263391,0.0165392,0.0349112,0.107292,0.148884,0.0605818
0.00743182,0.00180079,0.0121784,0.227242,1.37576,0.524427,1.39372,3.77879,1.92259,0.0263937,0.0165452,0.0349671,0.107388,0.148707,0.0606194
0.00746482,0.00180201,0.0122456,0.227449,1.37832,0.525272,1.39619,3.78838,1.92698,0.0264479,0.016544,0.0350367,0.107487,0.148656,0.0606499
0.00749147,0.00180144,0.012263,0.227662,1.38007,0.526111,1.39866,3.79801,1.93139,0.0265072,0.0165298,0.0350477,0.107559,0.148741,0.0607056
0.00750364,0.00180006,0.0122659,0.227868,1.38147,0.526963,1.40114,3.80767,1.93581,0.0265347,0.0165119,0.0350633,0.107645,0.148861,0.0607461
0.0075456,0.00180037,0.0123045,0.228074,1.38377,0.527808,1.40362,3.81739,1.94022,0.0266045,0.0165053,0.0350975,0.107701,0.14896,0.0608134
0.0075889,0.00180157,0.0123474,0.228276,1.38605,0.528607,1.4061,3.82713,1.94463,0.0266809,0.0165015,0.0351298,0.107743,0.149052,0.0608901
0.00756309,0.0018004,0.0123822,0.228466,1.38739,0.529382,1.40856,3.83685,1.94896,0.0266234,0.0164892,0.0352224,0.107867,0.149177,0.0608401
0.00759619,0.0018024,0.0124448,0.228685,1.39001,0.530244,1.41105,3.84663,1.95341,0.0266613,0.0164939,0.0352978,0.107965,0.149241,0.0608699
0.00764024,0.00180351,0.0124849,0.228895,1.39239,0.531083,1.41354,3.85643,1.95785,0.0267464,0.0164927,0.0353161,0.108007,0.149345,0.0609457
0.00767522,0.00180343,0.0125013,0.229103,1.39425,0.531897,1.41603,3.86624,1.96229,0.0268188,0.0164831,0.0353182,0.108038,0.14947,0.0610252
0.00768611,0.00180308,0.0125331,0.229309,1.39597,0.532733,1.41853,3.87604,1.96676,0.0268348,0.0164714,0.0353694,0.108126,0.149584,0.0610596
0.00765588,0.00180175,0.0125253,0.229521,1.39662,0.533534,1.42102,3.88577,1.9712,0.026783,0.0164563,0.0354097,0.108243,0.149656,0.0610392
0.00759136,0.00179964,0.0124701,0.2297,1.39614,0.534261,1.4235,3.89539,1.97553,0.0266727,0.0164407,0.0354283,0.108367,0.149668,0.0609632
0.00746015,0.00179602,0.0123195,0.229858,1.3935,0.534969,1.42595,3.90474,1.97979,0.026503,0.0164233,0.0353471,0.108491,0.14949,0.0608465
0.0074812,0.00179875,0.0122971,0.230052,1.39481,0.535825,1.42847,3.91459,1.98429,0.0265643,0.0164309,0.035296,0.108541,0.149595,0.060917
0.00751034,0.00180108,0.0122973,0.230245,1.39645,0.536642,1.43097,3.92449,1.98877,0.0266473,0.0164366,0.0352567,0.108564,0.149706,0.0610021
0.00754634,0.00180223,0.0123607,0.230446,1.39894,0.537489,1.43349,3.93446,1.9933,0.0267069,0.016435,0.0353175,0.10864,0.149826,0.0610489
0.00756733,0.00180228,0.0124065,0.230658,1.40106,0.538349,1.43601,3.94438,1.99782,0.0267196,0.0164293,0.0353946,0.108743,0.14991,0.0610609
0.00760875,0.00180345,0.0124653,0.230879,1.40361,0.539199,1.43854,3.95438,2.00237,0.0267793,0.0164279,0.0354552,0.108815,0.150025,0.0611115
0.00764311,0.00180412,0.0125303,0.231091,1.40626,0.540081,1.44107,3.9644,2.00692,0.0268051,0.016426,0.0355487,0.108912,0.150134,0.0611332
0.00768472,0.00180531,0.0125588,0.231292,1.40846,0.540908,1.44359,3.97443,2.01143,0.0268993,0.016427,0.0355406,0.10892,0.150258,0.061223
0.0077174,0.00180503,0.0125506,0.231499,1.41,0.5417,1.44611,3.98438,2.01591,0.0269782,0.0164213,0.0355063,0.108905,0.150319,0.061319
0.00776615,0.00180608,0.0125892,0.231701,1.41233,0.542478,1.44863,3.99444,2.02042,0.0270617,0.0164204,0.0355282,0.108901,0.150433,0.0614127
0.00777908,0.00180729,0.0126632,0.231921,1.41479,0.543337,1.45117,4.00454,2.02499,0.0270487,0.0164205,0.0356447,0.109006,0.150553,0.0614234
0.00781186,0.00180874,0.0127361,0.232134,1.4175,0.544212,1.45372,4.01468,2.02959,0.027077,0.0164213,0.0357382,0.109091,0.150676,0.0614622
0.00785288,0.00181004,0.0128016,0.232339,1.42019,0.545078,1.45627,4.02482,2.03419,0.0271368,0.0164215,0.0358007,0.109148,0.150798,0.0615255
0.00789995,0.00181072,0.0128541,0.232548,1.42283,0.545951,1.45882,4.03497,2.0388,0.0271989,0.0164196,0.0358546,0.109192,0.150906,0.0615964
0.00793972,0.00181229,0.0128752,0.232733,1.42485,0.546712,1.46135,4.04513,2.04331,0.0272921,0.016422,0.0358347,0.109167,0.15103,0.0616985
0.00795519,0.00181321,0.0129392,0.232941,1.42715,0.547556,1.46391,4.05531,2.04793,0.0272746,0.0164198,0.035947,0.109271,0.151142,0.0617103
0.00793653,0.0018134,0.012982,0.233125,1.4287,0.548339,1.46645,4.06545,2.05247,0.0272031,0.0164164,0.0360576,0.109394,0.151238,0.0616641
0.0079223,0.00181311,0.0130159,0.233308,1.43028,0.549138,1.46899,4.07559,2.057,0.0271337,0.0164128,0.0361622,0.109518,0.151316,0.0616067
0.00795008,0.00181347,0.0130673,0.233522,1.43263,0.550029,1.47156,4.08578,2.06166,0.0271745,0.0164097,0.0362162,0.109603,0.151385,0.0616418
0.00800088,0.00181419,0.013092,0.233711,1.43495,0.550879,1.47412,4.09602,2.06628,0.027269,0.0164091,0.0362094,0.109614,0.151489,0.0617292
0.00803006,0.00181591,0.0130656,0.233901,1.43628,0.551628,1.47667,4.10624,2.07081,0.027359,0.0164127,0.0361288,0.10957,0.151606,0.0618367
0.00804678,0.00181862,0.0130743,0.234109,1.43798,0.552494,1.47925,4.11649,2.07549,0.027382,0.0164185,0.0361382,0.109619,0.151694,0.0619089
0.00806021,0.00182126,0.0130909,0.234313,1.43978,0.55338,1.48183,4.12674,2.08018,0.027403,0.0164253,0.036154,0.109672,0.151767,0.0619785
0.00811043,0.00182207,0.0131291,0.234506,1.44225,0.554192,1.48439,4.13709,2.08479,0.0274918,0.0164251,0.0361657,0.109657,0.151892,0.0620773
0.00815603,0.00182335,0.0131802,0.234719,1.4448,0.554996,1.48697,4.14745,2.08942,0.027573,0.0164257,0.0361928,0.109653,0.152015,0.0621727
0.00818374,0.00182399,0.0132513,0.234935,1.44742,0.555882,1.48956,4.15784,2.09415,0.0276009,0.0164229,0.0362766,0.109721,0.152134,0.062228
0.00822081,0.00182475,0.0133162,0.235142,1.45004,0.556748,1.49215,4.16825,2.09887,0.0276532,0.0164205,0.0363386,0.109769,0.152252,0.0622971
0.00824254,0.00182504,0.0133784,0.235358,1.45249,0.557649,1.49476,4.17864,2.10362,0.027677,0.0164168,0.0364109,0.109845,0.152351,0.0623431
0.00828534,0.00182571,0.0134275,0.235564,1.45503,0.558504,1.49735,4.18907,2.10833,0.02776,0.0164154,0.0364305,0.109861,0.152466,0.0624291
0.00831455,0.00182573,0.0134346,0.235768,1.45674,0.559314,1.49994,4.19944,2.11302,0.027826,0.016411,0.0364121,0.109861,0.152532,0.0625202
0.00830416,0.00182569,0.0134399,0.235988,1.45793,0.560185,1.50255,4.20975,2.11779,0.0277941,0.0164062,0.0364495,0.10995,0.15254,0.0625501
0.00822611,0.00182501,0.0133658,0.236179,1.45716,0.561007,1.50515,4.21988,2.12251,0.0276658,0.0164017,0.0364333,0.110068,0.152426,0.0625217
0.00801445,0.0018233,0.0130945,0.236351,1.45205,0.561732,1.50772,4.22954,2.12708,0.0273898,0.0164002,0.036228,0.110193,0.151986,0.0624219
0.00775181,0.0018217,0.012715,0.23649,1.44482,0.562389,1.51026,4.23885,2.13155,0.0270524,0.0164061,0.0359242,0.110312,0.151247,0.0622804
0.00738015,0.00182141,0.0121269,0.236623,1.43336,0.563097,1.51282,4.24743,2.13607,0.0266356,0.0164248,0.0353778,0.110434,0.149853,0.0621532
0.00736022,0.0018227,0.0120967,0.236813,1.43372,0.563952,1.51543,4.25734,2.14084,0.0266174,0.0164356,0.0353681,0.110548,0.149345,0.0621387
0.00737523,0.00182403,0.0121346,0.237002,1.4355,0.564825,1.51805,4.26751,2.14562,0.0266327,0.0164425,0.0354291,0.110662,0.149031,0.0621263
0.00742105,0.00182526,0.0121734,0.237215,1.43782,0.565745,1.52068,4.27792,2.15046,0.0267114,0.0164404,0.0354559,0.110727,0.148981,0.0621815
0.00742976,0.00182523,0.0120737,0.237387,1.4378,0.566468,1.52328,4.28836,2.15507,0.0268001,0.0164308,0.0352883,0.110645,0.14908,0.0622958
0.00718401,0.00182612,0.0115853,0.237574,1.42941,0.567281,1.52589,4.29819,2.15983,0.0266035,0.0164095,0.0347412,0.110633,0.148954,0.0623953
0.00691648,0.00182864,0.0110964,0.237757,1.42074,0.56818,1.52853,4.30783,2.16467,0.0263595,0.0164007,0.0342232,0.110674,0.148566,0.0624736
0.0069636,0.001829,0.0111064,0.237936,1.42252,0.568916,1.53114,4.31842,2.16935,0.0264578,0.0164005,0.0342085,0.11061,0.148688,0.062585
0.00695771,0.0018309,0.0111044,0.238146,1.42355,0.569832,1.53378,4.32894,2.17422,0.0264577,0.0164003,0.0342247,0.11067,0.148731,0.0626486
0.00700519,0.00183159,0.0111303,0.238326,1.42548,0.570572,1.5364,4.33959,2.17895,0.0265472,0.0164002,0.0342356,0.110622,0.148855,0.0627569
0.00697971,0.00183337,0.011146,0.238527,1.42646,0.571431,1.53905,4.35016,2.18379,0.0264775,0.0164012,0.0343173,0.110738,0.148901,0.0627458
0.00698471,0.00183511,0.0111947,0.238736,1.4282,0.572288,1.54171,4.36081,2.18867,0.0264552,0.0164022,0.0344186,0.110849,0.148976,0.0627489
0.0069564,0.00183635,0.0112351,0.238922,1.42943,0.573043,1.54433,4.37143,2.19341,0.0263865,0.0164037,0.0345226,0.110974,0.149026,0.0626786
0.00690592,0.00183842,0.0112024,0.2391,1.42946,0.573788,1.54696,4.38189,2.19813,0.0262911,0.0164086,0.0345534,0.111098,0.148909,0.0626032
0.00688509,0.00184034,0.0112126,0.239289,1.43044,0.574574,1.5496,4.39243,2.20289,0.0262397,0.0164137,0.0346166,0.111223,0.148827,0.0625397
0.00692102,0.00184215,0.0112653,0.239495,1.43262,0.575453,1.55227,4.40313,2.20781,0.0262787,0.0164157,0.0346932,0.111328,0.148861,0.0625548
0.00694538,0.00184401,0.0113189,0.23971,1.43473,0.576347,1.55494,4.41383,2.21274,0.0263042,0.0164188,0.034771,0.111439,0.148872,0.06256
0.00698802,0.00184547,0.0113641,0.239927,1.43693,0.577249,1.55762,4.42459,2.2177,0.0263785,0.0164193,0.0348096,0.111505,0.148943,0.0626197
0.00702895,0.00184692,0.0114129,0.240154,1.43912,0.578133,1.56031,4.43539,2.22267,0.0264522,0.0164193,0.0348507,0.111566,0.149027,0.0626836
0.00706175,0.00184763,0.0114741,0.240384,1.44149,0.579063,1.56299,4.44623,2.22766,0.0264872,0.0164175,0.0349353,0.111662,0.149141,0.0627103
0.00710618,0.00184886,0.011487,0.240591,1.44328,0.579876,1.56566,4.45705,2.23254,0.0265858,0.0164183,0.034915,0.111648,0.149228,0.0628103
0.00714061,0.00185076,0.0115409,0.24081,1.4455,0.580781,1.56836,4.46788,2.23754,0.0266399,0.0164207,0.0349718,0.111708,0.149289,0.0628744
0.00718303,0.00185207,0.0115961,0.241015,1.44782,0.581675,1.57105,4.47877,2.24254,0.0267033,0.0164206,0.0350297,0.111758,0.14939,0.0629456
0.00722159,0.00185312,0.0116593,0.241242,1.4503,0.582615,1.57375,4.48969,2.24756,0.0267516,0.0164204,0.0351064,0.111824,0.149499,0.0630041
0.00726061,0.00185368,0.0116537,0.241419,1.45176,0.583317,1.57641,4.50059,2.25234,0.0268615,0.0164204,0.0350478,0.111736,0.149604,0.0631204
0.00727915,0.00185409,0.0117015,0.241634,1.45371,0.584228,1.57911,4.51154,2.25738,0.0268674,0.0164163,0.0351306,0.11182,0.149728,0.0631615
0.00730262,0.00185482,0.0117619,0.241857,1.45588,0.585137,1.58183,4.52252,2.26244,0.0268857,0.0164137,0.0352186,0.111903,0.149852,0.0632022
0.00732617,0.0018555,0.0118244,0.24207,1.4581,0.586062,1.58454,4.53352,2.2675,0.0269006,0.0164116,0.0353116,0.111995,0.149974,0.063233
0.00736479,0.00185649,0.0118853,0.242292,1.46052,0.586984,1.58726,4.54454,2.27256,0.0269634,0.0164109,0.0353692,0.112047,0.150099,0.0633009
0.00741213,0.00185684,0.0119025,0.242487,1.46244,0.587803,1.58996,4.55556,2.27752,0.0270519,0.0164091,0.0353642,0.112022,0.150219,0.0634024
0.00744533,0.00185886,0.0119469,0.242695,1.46457,0.588697,1.59268,4.5666,2.28258,0.0271002,0.0164119,0.0354098,0.112059,0.150316,0.0634804
0.00747149,0.00186085,0.012012,0.242906,1.46685,0.589609,1.59541,4.57767,2.28768,0.0271353,0.0164142,0.0354832,0.112127,0.150418,0.063538
0.00750621,0.00186223,0.0120801,0.243137,1.46929,0.590525,1.59814,4.58878,2.2928,0.0271593,0.0164142,0.035581,0.112211,0.15054,0.0635799
0.00753325,0.00186382,0.0121528,0.24336,1.47165,0.591424,1.60088,4.5999,2.29792,0.0271739,0.0164146,0.0356843,0.112307,0.150658,0.0636078
0.00753988,0.00186495,0.0122111,0.243562,1.47365,0.592282,1.6036,4.61103,2.30295,0.027131,0.016415,0.035807,0.112428,0.150776,0.0635777
0.00755541,0.00186549,0.0122806,0.243767,1.47592,0.593194,1.60634,4.62219,2.30805,0.0271246,0.0164133,0.0359157,0.112543,0.1509,0.0635673
0.00760424,0.00186668,0.0123212,0.243982,1.47825,0.594105,1.60908,4.63337,2.31316,0.0272091,0.0164137,0.0359356,0.112574,0.151022,0.0636475
0.00764809,0.00186807,0.0123441,0.244191,1.4802,0.594928,1.61181,4.64455,2.31821,0.0273064,0.0164147,0.0359176,0.11256,0.151138,0.0637468
0.0076766,0.00186909,0.0124173,0.244421,1.48265,0.595854,1.61456,4.65577,2.32338,0.027329,0.0164136,0.0360133,0.112652,0.151263,0.0637786
0.00771175,0.00186999,0.0124878,0.244644,1.4852,0.596804,1.61732,4.66702,2.32857,0.0273651,0.0164125,0.0360991,0.112736,0.151387,0.0638186
0.00776012,0.00187086,0.0125221,0.24485,1.48743,0.597682,1.62006,4.67827,2.33367,0.0274571,0.0164123,0.0361025,0.112736,0.151512,0.0639124
0.00780518,0.00187177,0.0125597,0.245061,1.48963,0.59853,1.62281,4.68955,2.33877,0.0275495,0.016412,0.0361058,0.112725,0.151637,0.0640101
0.00783503,0.00187202,0.0126,0.245281,1.4917,0.59945,1.62557,4.70081,2.34396,0.0275947,0.0164087,0.0361444,0.112766,0.151735,0.0640824
0.00787827,0.00187263,0.0126472,0.245492,1.49399,0.600343,1.62834,4.71211,2.34913,0.027659,0.016407,0.0361846,0.112788,0.151844,0.0641658
0.00791929,0.00187372,0.0127153,0.245712,1.49653,0.601263,1.63111,4.72345,2.35435,0.0277048,0.0164064,0.0362619,0.11284,0.151964,0.0642323
0.00795117,0.00187485,0.0127937,0.245941,1.49913,0.602208,1.63389,4.73482,2.3596,0.0277382,0.0164061,0.0363517,0.112914,0.152085,0.0642824
0.00799612,0.00187576,0.0128532,0.246157,1.50164,0.603126,1.63667,4.74619,2.36482,0.0278022,0.0164053,0.0364046,0.112951,0.1522,0.064358
0.00803761,0.00187679,0.01292,0.246389,1.50422,0.604051,1.63945,4.7576,2.37006,0.0278669,0.016405,0.0364601,0.112992,0.152319,0.0644319
0.00807478,0.00187731,0.0129626,0.246596,1.5064,0.604946,1.64223,4.76898,2.37528,0.0279352,0.0164035,0.036482,0.113012,0.152411,0.0645158
0.0080989,0.00187773,0.0130015,0.246823,1.50841,0.605886,1.64503,4.78034,2.38056,0.0279574,0.0164018,0.0365319,0.113074,0.152467,0.0645731
0.00814165,0.00187845,0.0130612,0.247051,1.51098,0.606838,1.64782,4.79177,2.38584,0.0280072,0.0164013,0.0365952,0.113122,0.152554,0.0646414
0.00819073,0.0018793,0.0130756,0.247249,1.51297,0.607609,1.65058,4.80323,2.39092,0.0281095,0.0164016,0.0365623,0.113059,0.152677,0.0647525
0.00821722,0.00188135,0.0131249,0.247473,1.51515,0.608536,1.65338,4.81472,2.39623,0.0281265,0.016403,0.0366253,0.113117,0.152793,0.064817
0.00822337,0.00188352,0.013173,0.24769,1.51712,0.609487,1.65619,4.82621,2.40155,0.028111,0.0164052,0.0366965,0.113206,0.152896,0.0648539
0.0082617,0.00188516,0.0132414,0.247915,1.51971,0.610433,1.659,4.83776,2.40688,0.0281575,0.0164063,0.0367641,0.113264,0.153017,0.0649184
0.00831401,0.00188627,0.0133006,0.248136,1.52235,0.611348,1.66181,4.84933,2.41218,0.0282262,0.0164062,0.0368151,0.113292,0.153142,0.0649996
0.00835742,0.00188788,0.0133672,0.248359,1.52495,0.612268,1.66463,4.86091,2.41751,0.0282836,0.0164071,0.0368743,0.113334,0.153262,0.0650747
0.00839434,0.00188907,0.0134457,0.248574,1.52771,0.613246,1.66745,4.87253,2.42288,0.0283102,0.0164073,0.0369695,0.113411,0.153387,0.0651228
0.00844959,0.00188972,0.0134628,0.248759,1.52984,0.614036,1.67024,4.88414,2.42805,0.0284139,0.0164072,0.0369417,0.113355,0.153512,0.0652327
0.00846268,0.00189191,0.0135163,0.24898,1.53201,0.614999,1.67307,4.89575,2.43343,0.028406,0.0164102,0.0370156,0.113438,0.153604,0.0652769
0.00850553,0.00189338,0.013587,0.249206,1.53473,0.615949,1.6759,4.90742,2.43881,0.0284606,0.0164113,0.0370793,0.113485,0.153722,0.065349
0.00855215,0.00189416,0.0136436,0.249427,1.53729,0.616854,1.67872,4.91911,2.44415,0.0285404,0.0164103,0.0371076,0.113496,0.153847,0.0654382
0.00858365,0.00189426,0.0136729,0.249639,1.53933,0.617777,1.68156,4.93077,2.44952,0.028585,0.016407,0.0371262,0.113522,0.153941,0.0655192
0.00862693,0.00189494,0.0137346,0.249864,1.54193,0.618718,1.6844,4.94248,2.45492,0.028632,0.0164056,0.0371886,0.113564,0.154052,0.0655925
0.00867075,0.00189598,0.0138085,0.250093,1.54467,0.619651,1.68724,4.95424,2.46033,0.0286892,0.0164051,0.0372533,0.113604,0.154172,0.065667
0.00871169,0.00189679,0.0138697,0.250305,1.54719,0.620588,1.69009,4.96598,2.46577,0.028722,0.0164038,0.0373256,0.11366,0.154277,0.0657305
0.00873201,0.00189774,0.0139424,0.250531,1.54964,0.621534,1.69294,4.97776,2.47122,0.0287053,0.0164031,0.0374358,0.113759,0.154388,0.0657513
0.00874552,0.00189852,0.0140156,0.250732,1.55201,0.622477,1.6958,4.98954,2.47666,0.0286813,0.0164024,0.0375461,0.113866,0.154492,0.0657551
0.00878224,0.00189956,0.0141,0.250968,1.55489,0.62346,1.69866,5.00137,2.48214,0.0287148,0.0164022,0.0376355,0.113954,0.154607,0.0657908
0.00883442,0.00190047,0.0141394,0.251178,1.55734,0.624363,1.70151,5.01321,2.48755,0.0288102,0.016402,0.037631,0.113961,0.154722,0.0658812
0.00888399,0.00190143,0.0142095,0.251392,1.56018,0.625335,1.70438,5.02507,2.49304,0.0288682,0.0164018,0.0376935,0.114015,0.154832,0.065946
0.00893751,0.00190248,0.0142504,0.251616,1.56273,0.626231,1.70724,5.03696,2.49844,0.0289621,0.016402,0.0376922,0.114008,0.154955,0.0660421
0.00899221,0.00190336,0.0142966,0.251823,1.56541,0.627148,1.71009,5.04888,2.50385,0.0290522,0.0164023,0.0377011,0.113998,0.155078,0.0661397
0.00903326,0.00190345,0.0142867,0.252004,1.56722,0.627882,1.7129,5.06079,2.50902,0.0291697,0.0164023,0.0376081,0.113884,0.155201,0.0662592
0.00904989,0.00190299,0.014258,0.2522,1.56844,0.628677,1.71574,5.07261,2.51432,0.0292303,0.016401,0.0375276,0.113816,0.15523,0.0663708
0.00903996,0.00190323,0.0142408,0.252435,1.56945,0.629576,1.71862,5.0844,2.51982,0.0292182,0.016401,0.0375023,0.113838,0.1552,0.0664521
0.00878065,0.00190285,0.0138812,0.252631,1.56349,0.63051,1.7215,5.09556,2.52533,0.0288637,0.0164066,0.0371807,0.113951,0.154702,0.0664374
0.00863719,0.0019035,0.0136947,0.252841,1.56084,0.631438,1.72438,5.10689,2.53086,0.0286624,0.0164164,0.0370221,0.11406,0.154268,0.0664347
0.0083287,0.00190444,0.0132462,0.253015,1.55312,0.632299,1.72724,5.11761,2.53627,0.0282538,0.0164374,0.0366129,0.114184,0.153328,0.0663677
0.0080877,0.0019066,0.0128941,0.253208,1.5473,0.63321,1.73011,5.12828,2.54174,0.0279528,0.0164645,0.036278,0.114305,0.152265,0.0663251
0.00808159,0.00190864,0.0128931,0.253424,1.54837,0.634177,1.73301,5.13974,2.54733,0.0279378,0.0164784,0.0362908,0.114407,0.151808,0.0663387
0.00812533,0.00191025,0.0129487,0.253638,1.55073,0.635157,1.73592,5.15149,2.55294,0.0279897,0.0164829,0.0363507,0.114486,0.151608,0.066383
0.00816487,0.0019111,0.012988,0.253855,1.55289,0.63613,1.73883,5.16346,2.55856,0.0280494,0.016475,0.0363806,0.114544,0.151634,0.0664464
0.00818406,0.00191174,0.0129968,0.254065,1.5545,0.637109,1.74175,5.1755,2.56417,0.0280971,0.0164631,0.0363678,0.114589,0.151729,0.066519
0.0082322,0.00191242,0.0130175,0.254269,1.55655,0.63799,1.74464,5.18753,2.56968,0.0281971,0.01646,0.0363456,0.114567,0.151772,0.0666202
0.00825329,0.00191295,0.0130186,0.254484,1.55803,0.638923,1.74756,5.19964,2.57528,0.0282377,0.0164489,0.0363334,0.114591,0.151894,0.0667044
0.0082054,0.00191355,0.0129289,0.254708,1.55762,0.639895,1.75048,5.21168,2.58095,0.0281734,0.0164324,0.0362547,0.114656,0.151983,0.0667629
0.00813931,0.00191455,0.0128292,0.254933,1.55695,0.640914,1.75341,5.22368,2.58663,0.0280903,0.0164189,0.0361653,0.114733,0.152025,0.0668111
0.00816285,0.00191498,0.012805,0.255112,1.55823,0.641704,1.7563,5.23578,2.59203,0.0281812,0.0164236,0.0360744,0.11465,0.152071,0.0669264
0.00817793,0.00191641,0.0128155,0.255326,1.55983,0.642654,1.75923,5.24785,2.59767,0.0282081,0.016431,0.0360744,0.114675,0.152057,0.0670098
0.00822415,0.00191774,0.0128719,0.25554,1.56234,0.643625,1.76216,5.26003,2.60334,0.028258,0.0164338,0.0361367,0.114707,0.152121,0.0670901
0.00827199,0.00191839,0.0129033,0.255743,1.56451,0.64452,1.76508,5.27228,2.60893,0.0283261,0.0164291,0.0361578,0.114689,0.152245,0.0671905
0.00821577,0.00191918,0.0128097,0.255957,1.56391,0.645465,1.76803,5.28438,2.61463,0.0282655,0.0164167,0.0360623,0.114723,0.152265,0.0672692
0.00802953,0.00192059,0.0125498,0.256162,1.5598,0.646415,1.77097,5.29615,2.62034,0.0280206,0.0164053,0.0358322,0.114828,0.152024,0.067281
0.00764908,0.00192287,0.0119826,0.256365,1.54973,0.647277,1.7739,5.30721,2.62591,0.0275388,0.0164014,0.0353015,0.114953,0.151202,0.0672249
0.00728597,0.00192613,0.0114314,0.256534,1.53997,0.648084,1.77681,5.31799,2.63137,0.0270758,0.0164106,0.0347938,0.115077,0.150059,0.0671391
0.00726204,0.00192852,0.0114204,0.256749,1.54056,0.649045,1.77976,5.32984,2.63708,0.0270338,0.0164171,0.0348168,0.115193,0.149735,0.0671313
0.00730075,0.00193023,0.0114699,0.256986,1.54264,0.650035,1.78273,5.34198,2.64287,0.0270887,0.0164193,0.0348737,0.11527,0.149653,0.0671818
0.0073377,0.00193212,0.0115219,0.25723,1.54469,0.65101,1.78571,5.35415,2.64866,0.0271358,0.0164218,0.0349383,0.11535,0.149574,0.06723
0.0073418,0.00193417,0.0115713,0.257454,1.54632,0.651945,1.78867,5.36627,2.65439,0.0271219,0.0164265,0.0350246,0.115467,0.14943,0.0672182
0.00734141,0.0019363,0.0116133,0.25768,1.5478,0.652839,1.79163,5.37837,2.66008,0.0270954,0.0164321,0.0351103,0.115589,0.149261,0.0671863
0.00730586,0.0019382,0.0116199,0.257878,1.5485,0.653619,1.79455,5.39039,2.66557,0.0270094,0.0164408,0.0351779,0.115712,0.148997,0.0670914
0.00728568,0.00194061,0.0116406,0.25809,1.54948,0.654419,1.79749,5.40241,2.67113,0.0269579,0.0164503,0.0352435,0.115836,0.148716,0.0670154
0.00719361,0.00194337,0.0115601,0.258251,1.54841,0.654985,1.80037,5.41414,2.67635,0.0267998,0.0164674,0.0352268,0.115941,0.148157,0.0668559
0.00691654,0.00194643,0.0111932,0.258345,1.54201,0.655231,1.80314,5.42506,2.68097,0.0264273,0.016502,0.0349096,0.115984,0.146877,0.0665849
0.00683803,0.0019511,0.0110923,0.258541,1.54085,0.65601,1.80607,5.43646,2.68646,0.0263332,0.0165303,0.0348243,0.116105,0.145958,0.0664949
0.00687627,0.0019535,0.0111324,0.258786,1.5427,0.656984,1.80907,5.44853,2.6923,0.0263992,0.0165364,0.0348622,0.116216,0.145654,0.0665074
0.00691839,0.00195481,0.0111786,0.259026,1.54472,0.657995,1.81207,5.46078,2.69817,0.0264728,0.0165364,0.0349032,0.116317,0.1455,0.0665372
0.00695645,0.00195476,0.0111757,0.259256,1.54616,0.658976,1.81507,5.47317,2.70401,0.0265735,0.0165287,0.0348587,0.116343,0.145485,0.0666247
0.00697849,0.00195341,0.0111272,0.259469,1.54689,0.659835,1.81804,5.48565,2.7097,0.0266719,0.0165148,0.0347509,0.116294,0.145559,0.066735
0.00696097,0.00195059,0.011037,0.259688,1.54668,0.660738,1.82103,5.49818,2.71548,0.0267063,0.0164903,0.0346231,0.116278,0.145683,0.0668342
0.00689485,0.0019469,0.010899,0.259917,1.54543,0.661755,1.82404,5.51063,2.72138,0.0266562,0.0164624,0.0344771,0.116322,0.14573,0.066902
0.00693737,0.00194718,0.0108901,0.260096,1.54687,0.662518,1.82699,5.5232,2.72692,0.0267652,0.0164637,0.0344209,0.11621,0.145815,0.0670223
0.00698029,0.00194744,0.010913,0.260297,1.54866,0.663339,1.82995,5.53581,2.73256,0.0268626,0.0164628,0.0344131,0.116131,0.14592,0.0671378
0.00700645,0.00194589,0.0109148,0.260487,1.55005,0.664223,1.83293,5.54844,2.73826,0.0269313,0.0164529,0.0343963,0.116066,0.146035,0.0672491
0.00704205,0.00194468,0.0109008,0.26064,1.5514,0.664811,1.83583,5.56111,2.74351,0.0270461,0.016452,0.0343219,0.115855,0.146155,0.067374
0.00701651,0.00194037,0.0107674,0.260767,1.55059,0.66525,1.83869,5.57362,2.74858,0.0270906,0.0164356,0.034128,0.115585,0.146161,0.0674986
0.00696288,0.00193763,0.0106538,0.260962,1.54966,0.666051,1.84167,5.58601,2.75424,0.0270606,0.0164202,0.0340007,0.115492,0.146026,0.0676125
0.00691016,0.00193564,0.0105499,0.261169,1.54886,0.666952,1.84468,5.59832,2.76003,0.027015,0.0164092,0.0339005,0.115442,0.145792,0.0677166
0.00695451,0.00193507,0.010571,0.261329,1.55053,0.667552,1.84761,5.61103,2.76543,0.0271118,0.0164084,0.0338962,0.115265,0.145881,0.0678406
0.00695767,0.00193593,0.0106227,0.261557,1.55211,0.66855,1.85066,5.62373,2.77145,0.0270766,0.0164067,0.0340093,0.115342,0.145941,0.0678838
0.00695337,0.00193656,0.0106739,0.261788,1.55367,0.669571,1.85372,5.63644,2.77746,0.0270321,0.0164051,0.0341227,0.115443,0.145989,0.0678979
0.00698918,0.0019378,0.010736,0.262016,1.55575,0.670535,1.85677,5.64923,2.78345,0.0270808,0.0164052,0.034199,0.115472,0.14609,0.0679776
0.00701184,0.0019392,0.0107973,0.26224,1.5576,0.671496,1.85983,5.66203,2.7895,0.0270794,0.0164049,0.0343093,0.11556,0.146189,0.0680109
0.00694589,0.00193856,0.0108107,0.262407,1.55802,0.672133,1.86278,5.67483,2.79498,0.0269231,0.0164039,0.0344205,0.115672,0.146279,0.0678503
0.00686513,0.00193775,0.0107907,0.262544,1.55796,0.672537,1.86566,5.68768,2.80008,0.0267364,0.0164058,0.0345067,0.115755,0.1464,0.0676147
0.00671145,0.00193323,0.0106965,0.262522,1.55635,0.672201,1.86829,5.70051,2.80392,0.0264439,0.0164083,0.0345358,0.115698,0.146507,0.0671566
0.00652135,0.00193154,0.0104993,0.262547,1.55326,0.672061,1.871,5.71306,2.80805,0.0261507,0.0164198,0.0344086,0.115673,0.14633,0.0667609
0.00638487,0.00193341,0.0103239,0.262674,1.55089,0.672454,1.87388,5.72543,2.81307,0.0259645,0.0164378,0.0342597,0.115744,0.145961,0.0665281
0.00638645,0.00193515,0.010347,0.262864,1.55214,0.673188,1.87687,5.73818,2.81869,0.0259646,0.0164473,0.0343055,0.115861,0.145898,0.0664077
0.00642246,0.00193653,0.0103954,0.263099,1.55406,0.674126,1.87993,5.75109,2.82465,0.0260306,0.0164497,0.0343526,0.115984,0.145956,0.066374
0.00646203,0.00193718,0.0104242,0.263326,1.55578,0.675134,1.88302,5.76406,2.83074,0.0261151,0.0164464,0.0343637,0.116086,0.14607,0.0663924
0.00650023,0.0019379,0.0104373,0.26357,1.5573,0.676129,1.88611,5.77706,2.83687,0.0262059,0.016442,0.0343494,0.116159,0.146192,0.066445
0.00652675,0.00193808,0.0104754,0.263801,1.55893,0.677092,1.8892,5.79008,2.84295,0.0262497,0.0164357,0.0343993,0.116271,0.146315,0.0664428
0.00652803,0.00193734,0.0105137,0.264001,1.56029,0.67795,1.89225,5.8031,2.84886,0.0262445,0.0164283,0.0344709,0.116395,0.146424,0.066372
0.00653369,0.0019365,0.0105512,0.264228,1.56177,0.678847,1.89531,5.81613,2.85478,0.0262452,0.0164218,0.0345401,0.11652,0.14652,0.0663026
0.00657149,0.00193743,0.0106028,0.264456,1.56373,0.679862,1.89841,5.82922,2.86093,0.0263115,0.0164206,0.0345917,0.116624,0.146643,0.0663164
0.00661132,0.00193817,0.0106275,0.264706,1.56545,0.680887,1.90153,5.84231,2.8671,0.0264005,0.0164185,0.0345919,0.116681,0.146762,0.0663791
0.00665293,0.00193855,0.0106273,0.264938,1.56692,0.681843,1.90462,5.85542,2.87317,0.0265012,0.0164162,0.034554,0.116676,0.146877,0.0664736
0.00669109,0.0019394,0.0106263,0.265136,1.56839,0.682754,1.90769,5.86856,2.87914,0.0266048,0.0164181,0.034505,0.116627,0.146998,0.0665823
0.00671995,0.00193843,0.0105943,0.2653,1.56934,0.683485,1.91072,5.88169,2.88487,0.0267138,0.0164148,0.034409,0.116492,0.147101,0.066703
0.00674086,0.0019381,0.0105983,0.265522,1.57055,0.68443,1.91383,5.89477,2.89097,0.0267658,0.0164096,0.0344042,0.116485,0.147141,0.0667961
0.00676165,0.0019384,0.0106391,0.265774,1.57221,0.685453,1.91696,5.9079,2.89719,0.0268009,0.0164064,0.0344562,0.116533,0.147191,0.0668629
0.00679221,0.00193869,0.0106723,0.266007,1.57387,0.686432,1.92008,5.92104,2.90335,0.0268604,0.016404,0.034486,0.116543,0.14724,0.0669495
0.00682301,0.0019391,0.0107126,0.266238,1.57562,0.687426,1.92321,5.9342,2.90954,0.0269185,0.0164023,0.0345246,0.116561,0.147286,0.0670333
0.00686355,0.00193952,0.010744,0.266462,1.57736,0.688364,1.92633,5.94738,2.91568,0.0269866,0.0164011,0.0345535,0.116548,0.147335,0.0671293
0.00689928,0.00194083,0.0108072,0.266708,1.57941,0.689363,1.92947,5.96065,2.92194,0.0270296,0.0164012,0.0346355,0.116593,0.14744,0.0671996
0.00692227,0.00194194,0.0108747,0.266943,1.58144,0.690426,1.93262,5.97393,2.92823,0.0270356,0.0164012,0.0347433,0.116684,0.147542,0.0672305
0.00696888,0.00194263,0.0109094,0.267147,1.58333,0.69134,1.93574,5.98725,2.93433,0.027124,0.0164013,0.0347585,0.116646,0.14765,0.0673353
0.00700809,0.00194395,0.0109627,0.267384,1.58535,0.692322,1.93888,6.0006,2.94056,0.027187,0.016402,0.0348106,0.116658,0.147772,0.0674241
0.00704897,0.001945,0.0110218,0.267618,1.5875,0.693349,1.94204,6.01396,2.94683,0.0272445,0.0164023,0.0348767,0.116683,0.147888,0.0675066
0.00709546,0.00194539,0.0110454,0.267819,1.58926,0.694158,1.94514,6.02735,2.95282,0.0273427,0.0164023,0.0348678,0.116596,0.148005,0.0676221
0.00713241,0.0019466,0.0111091,0.268052,1.59142,0.695198,1.9483,6.04076,2.95913,0.0273828,0.0164028,0.0349504,0.116633,0.148126,0.0676984
0.00717753,0.00194727,0.0111497,0.268268,1.59337,0.696077,1.95143,6.05419,2.96524,0.0274696,0.016403,0.0349695,0.116579,0.148246,0.0678079
0.00721529,0.0019483,0.0112131,0.268504,1.59544,0.697048,1.95459,6.06763,2.97153,0.0275253,0.0164026,0.0350369,0.116595,0.14836,0.0678945
0.00722749,0.00194903,0.0112738,0.268739,1.5973,0.698104,1.95777,6.08107,2.97791,0.0275101,0.0164016,0.0351415,0.11669,0.148445,0.0679188
0.00726518,0.00195021,0.0113385,0.268983,1.59941,0.699104,1.96095,6.09455,2.98427,0.0275705,0.0164015,0.0352044,0.116725,0.148559,0.0679958
0.00728719,0.00195101,0.0113988,0.26921,1.60133,0.700152,1.96414,6.10802,2.99068,0.0275806,0.0164006,0.0352941,0.116813,0.148637,0.0680292
0.00732595,0.00195221,0.0114621,0.269453,1.60342,0.701168,1.96734,6.12154,2.9971,0.0276246,0.0164003,0.0353719,0.116877,0.148739,0.0680868
0.00733646,0.00195313,0.0115292,0.269668,1.60527,0.702152,1.97052,6.13507,3.00344,0.0275989,0.0164001,0.0354896,0.116993,0.148843,0.0680699
0.00735393,0.00195405,0.011596,0.269908,1.60725,0.703148,1.9737,6.14863,3.0098,0.0275826,0.0163999,0.0356051,0.11711,0.148949,0.0680508
0.00738103,0.00195491,0.0116629,0.270144,1.60937,0.704193,1.9769,6.1622,3.0162,0.0275889,0.0163997,0.0357093,0.117221,0.149046,0.0680486
0.00743271,0.00195592,0.0117045,0.270369,1.61148,0.70523,1.9801,6.17581,3.02261,0.0276727,0.0163998,0.0357344,0.117247,0.149157,0.0681304
0.00746292,0.00195708,0.0116912,0.270585,1.61281,0.706115,1.98326,6.18944,3.02882,0.0277598,0.0164008,0.0356661,0.11719,0.149273,0.0682414
0.00749549,0.00195851,0.0117102,0.270813,1.61453,0.707108,1.98645,6.2031,3.03517,0.0278266,0.0164024,0.0356582,0.117179,0.149384,0.0683403
0.00753866,0.00195843,0.0117064,0.270995,1.61604,0.70783,1.98957,6.21678,3.04114,0.0279404,0.0164024,0.0355909,0.117044,0.149508,0.068462
0.00758345,0.0019596,0.0117697,0.271231,1.61823,0.708824,1.99278,6.23049,3.04759,0.0279919,0.0164023,0.0356644,0.117066,0.149632,0.0685464
0.0076055,0.00196088,0.0118403,0.271478,1.62039,0.709917,1.99601,6.24422,3.05411,0.0279868,0.0164029,0.0357739,0.117153,0.149757,0.0685837
0.00765533,0.00196128,0.0118623,0.271691,1.62221,0.710723,1.99918,6.25797,3.06029,0.0280886,0.0164026,0.0357548,0.117069,0.14988,0.0686992
0.00768236,0.00196256,0.0119331,0.271937,1.62443,0.711819,2.00241,6.27174,3.06684,0.0280932,0.0164032,0.0358598,0.117146,0.150004,0.068747
0.00772899,0.00196254,0.01195,0.272114,1.62624,0.712634,2.00557,6.28553,3.07297,0.0281997,0.0164029,0.0358252,0.117042,0.150127,0.0688655
0.00777454,0.00196321,0.0120066,0.272336,1.62843,0.7136,2.00879,6.29934,3.07939,0.0282725,0.0164024,0.0358682,0.117026,0.150245,0.0689651
0.00781833,0.00196411,0.0120691,0.272576,1.63064,0.714597,2.01202,6.31316,3.08588,0.0283271,0.0164019,0.0359335,0.117039,0.15036,0.0690532
0.00785218,0.00196527,0.0121416,0.272809,1.63285,0.715642,2.01527,6.32701,3.09247,0.0283478,0.0164016,0.036031,0.117101,0.150478,0.0691136
0.00787655,0.00196663,0.0122142,0.273042,1.6349,0.716656,2.01853,6.34089,3.09908,0.0283427,0.0164014,0.0361425,0.117191,0.150599,0.0691467
0.0078171,0.00196639,0.0122367,0.273234,1.63568,0.717402,2.02169,6.35477,3.10517,0.0281806,0.0164009,0.036253,0.11731,0.150715,0.0690164
0.00774838,0.00196542,0.0122287,0.273374,1.63615,0.717975,2.02478,6.36869,3.11091,0.0279849,0.0164011,0.0363517,0.117407,0.150839,0.0688163
0.00766927,0.00196433,0.0121644,0.27357,1.63589,0.718771,2.02795,6.38239,3.11709,0.027838,0.0163992,0.0363295,0.117529,0.150766,0.0686963
0.00756208,0.00196272,0.0120628,0.273721,1.63498,0.719455,2.03107,6.39597,3.12302,0.0276524,0.0164002,0.0362721,0.117639,0.150572,0.068523
0.00758643,0.00196333,0.0121149,0.273943,1.6369,0.720453,2.03431,6.40982,3.12953,0.0276719,0.0164014,0.0363399,0.117761,0.150583,0.0684852
0.00763356,0.00196462,0.0121659,0.274197,1.63905,0.721519,2.03759,6.42378,3.1362,0.0277534,0.0164014,0.0363682,0.117847,0.150676,0.0685221
0.00768046,0.00196601,0.012216,0.274438,1.64114,0.722561,2.04088,6.43779,3.14289,0.0278312,0.016401,0.0363985,0.117925,0.150789,0.0685676
0.00770144,0.0019672,0.0122737,0.274672,1.64312,0.723574,2.04414,6.45183,3.14947,0.0278339,0.0164,0.0364819,0.118045,0.150914,0.0685435
0.00774279,0.00196857,0.0123393,0.274919,1.64535,0.724631,2.04743,6.4659,3.15617,0.0278911,0.0163998,0.0365434,0.118141,0.151036,0.0685688
0.00778262,0.00196989,0.0124093,0.275186,1.64765,0.725689,2.05073,6.47998,3.16287,0.0279371,0.0163996,0.0366187,0.118243,0.151158,0.0685845
0.00782718,0.00197117,0.0124756,0.275425,1.64999,0.726779,2.05402,6.49409,3.16959,0.0279866,0.0163995,0.036691,0.118339,0.151281,0.0686096
0.00787521,0.00197231,0.0124969,0.27566,1.65192,0.727813,2.05731,6.50821,3.17624,0.0280842,0.0163993,0.0366661,0.118351,0.151406,0.0686992
0.00790733,0.00197332,0.0124875,0.275874,1.65338,0.728768,2.06057,6.52235,3.18278,0.0281783,0.0163993,0.0365905,0.118314,0.15152,0.0688053
0.00795642,0.00197424,0.0125218,0.276095,1.65538,0.729726,2.06385,6.53653,3.18938,0.0282757,0.0163994,0.0365825,0.118295,0.151645,0.0689057
0.00799374,0.00197559,0.012595,0.276329,1.65768,0.730805,2.06717,6.55072,3.19616,0.0283001,0.0163995,0.0366775,0.118378,0.151769,0.0689483
0.00803345,0.00197709,0.012667,0.276578,1.65994,0.731852,2.07049,6.56494,3.20296,0.0283337,0.0163996,0.0367643,0.118454,0.151893,0.068997
0.0080247,0.00197826,0.0127226,0.276807,1.66158,0.732792,2.07378,6.57916,3.20957,0.0282634,0.0164001,0.0368781,0.118578,0.152007,0.0689499
0.00797221,0.0019784,0.0127236,0.276969,1.66232,0.733517,2.07698,6.59339,3.21575,0.028102,0.016401,0.0369686,0.118692,0.152103,0.0688063
0.0079581,0.00197827,0.0127565,0.277172,1.66374,0.734429,2.08025,6.60763,3.22226,0.0280343,0.0163997,0.0370491,0.118817,0.152196,0.068728
0.00797739,0.00197889,0.0128153,0.277395,1.66569,0.735444,2.08357,6.6219,3.229,0.0280437,0.0163993,0.0371211,0.118934,0.152294,0.0687095
0.00801071,0.0019798,0.0128776,0.277645,1.66784,0.736479,2.0869,6.6362,3.2358,0.0280709,0.0163993,0.037195,0.119045,0.152398,0.0687065
0.00803785,0.00198048,0.0129496,0.277883,1.67012,0.737512,2.09021,6.65052,3.24252,0.0280752,0.0163994,0.0372953,0.119166,0.152504,0.0686744
0.00808802,0.00198185,0.0129918,0.278138,1.67221,0.738545,2.09356,6.66489,3.24938,0.0281677,0.0163994,0.0372978,0.119217,0.152628,0.0687423
0.00811376,0.00198298,0.0130639,0.27837,1.67441,0.739549,2.09688,6.67928,3.25614,0.0281617,0.0163993,0.0374056,0.119338,0.152752,0.068715
0.00813633,0.001984,0.0131488,0.278604,1.6767,0.740548,2.10021,6.69369,3.26289,0.0281666,0.0163993,0.0375129,0.119459,0.152877,0.0686834
0.00816697,0.00198502,0.0132333,0.278854,1.67916,0.741605,2.10355,6.70812,3.2697,0.0281909,0.0163993,0.037609,0.119577,0.153002,0.0686635
0.00821889,0.00198617,0.0132574,0.279092,1.68114,0.74264,2.10691,6.72258,3.27658,0.0282931,0.0163993,0.0375803,0.11961,0.153125,0.0687423
0.00825378,0.00198768,0.0133201,0.279348,1.68342,0.743744,2.11028,6.73704,3.2835,0.028327,0.0163995,0.0376449,0.119709,0.15324,0.0687648
0.00830323,0.00198883,0.013353,0.279589,1.68548,0.744767,2.11363,6.75154,3.29037,0.0284276,0.0163996,0.0376245,0.119728,0.153364,0.068851
0.00834708,0.00199005,0.0134302,0.279822,1.68795,0.745867,2.11701,6.76606,3.29734,0.0284752,0.0163996,0.0377019,0.119814,0.153489,0.0688888
0.00839926,0.00199126,0.0134885,0.280064,1.69034,0.746949,2.12039,6.7806,3.30429,0.0285545,0.0163996,0.0377344,0.11986,0.153614,0.0689604
0.00845319,0.00199249,0.0135318,0.280298,1.69259,0.74799,2.12376,6.79516,3.31119,0.0286405,0.0163999,0.0377445,0.119876,0.153735,0.0690479
0.00848291,0.00199428,0.0135613,0.280541,1.69446,0.749051,2.12714,6.8097,3.31815,0.0286874,0.016401,0.037749,0.119913,0.153815,0.0691258
0.00851242,0.00199621,0.0136045,0.280779,1.69646,0.75013,2.13053,6.82424,3.32516,0.0287122,0.0164027,0.037791,0.119977,0.153887,0.0691865
0.00852288,0.00199827,0.0136419,0.281025,1.69826,0.751236,2.13393,6.83878,3.33219,0.0286992,0.0164055,0.0378413,0.120067,0.153931,0.0692221
0.00857033,0.0019999,0.0137088,0.281285,1.70064,0.752292,2.13733,6.8534,3.3392,0.0287612,0.0164065,0.0378938,0.120116,0.154029,0.0692931
0.00858688,0.00200144,0.013783,0.281543,1.70287,0.753374,2.14072,6.86803,3.34621,0.0287413,0.0164081,0.0379996,0.120226,0.154115,0.0692966
0.00863478,0.00200284,0.0138567,0.281787,1.70542,0.754494,2.14414,6.8827,3.35328,0.0287838,0.0164089,0.0380785,0.120304,0.154219,0.0693452
0.00868878,0.00200413,0.0139012,0.282023,1.70771,0.755527,2.14753,6.89739,3.36025,0.0288727,0.01641,0.0380835,0.120311,0.154319,0.0694372
0.00873215,0.00200586,0.0139641,0.282276,1.71008,0.75661,2.15094,6.91208,3.36731,0.02893,0.0164121,0.0381284,0.120356,0.154401,0.069511
0.00877966,0.00200727,0.0140388,0.282518,1.71264,0.757716,2.15436,6.92681,3.3744,0.0289842,0.0164131,0.0381943,0.120411,0.154502,0.0695779
0.00883702,0.00200824,0.0140963,0.282751,1.71514,0.758777,2.15777,6.94159,3.38142,0.0290651,0.0164131,0.0382246,0.120424,0.154617,0.0696675
0.00889304,0.00200962,0.0141387,0.282987,1.71744,0.759771,2.16117,6.95635,3.38837,0.0291478,0.016415,0.0382334,0.120408,0.154708,0.0697679
0.00890219,0.00201228,0.0141543,0.283233,1.71904,0.760856,2.1646,6.97102,3.39549,0.0291443,0.0164216,0.0382418,0.120458,0.154702,0.0698403
0.00891035,0.00201516,0.0141685,0.283461,1.72059,0.761947,2.16803,6.98569,3.40265,0.0291179,0.0164292,0.0382702,0.120528,0.15467,0.069898
0.00888566,0.00201831,0.0141677,0.283707,1.72169,0.763034,2.17148,7.00031,3.40979,0.0290363,0.016439,0.0382986,0.120631,0.154588,0.0699194
0.00886538,0.00202144,0.0141809,0.283956,1.72297,0.764112,2.17492,7.01494,3.41693,0.0289643,0.0164492,0.0383392,0.12074,0.154495,0.0699297
0.00885037,0.00202455,0.0141907,0.284206,1.7243,0.765207,2.17836,7.02957,3.42407,0.0288983,0.0164607,0.0383759,0.120851,0.154378,0.0699374
0.00889055,0.00202644,0.0142677,0.284475,1.72683,0.766337,2.18182,7.04438,3.43129,0.0289369,0.0164644,0.0384498,0.120933,0.154396,0.069985
0.00894674,0.0020274,0.0143232,0.284735,1.72932,0.767423,2.18527,7.05928,3.43844,0.0290212,0.0164632,0.0384718,0.12096,0.154473,0.0700694
0.0090013,0.00202828,0.0143666,0.284979,1.73165,0.768446,2.1887,7.07421,3.44552,0.0291172,0.016462,0.0384661,0.120953,0.154558,0.0701678
0.0090427,0.00202863,0.0144273,0.285241,1.73404,0.769535,2.19216,7.08921,3.45273,0.0291776,0.0164563,0.0385018,0.120991,0.154676,0.0702452
0.00906687,0.00202861,0.0144544,0.285495,1.73584,0.770591,2.19563,7.10423,3.45996,0.0292112,0.0164467,0.0385081,0.121034,0.1548,0.0703182
0.00891974,0.00202568,0.0142853,0.285715,1.73422,0.771603,2.19905,7.11911,3.46697,0.028969,0.0164283,0.0383755,0.121159,0.154795,0.0702545
0.0089742,0.00202742,0.0143532,0.28597,1.73679,0.772707,2.20253,7.13417,3.47425,0.0290261,0.01643,0.0384354,0.12122,0.154911,0.0703167
0.00900846,0.00202957,0.0144169,0.28622,1.73918,0.773837,2.20602,7.14922,3.48156,0.0290401,0.0164347,0.0385085,0.121308,0.155004,0.0703562
0.00905978,0.00203104,0.0144873,0.286491,1.74185,0.774977,2.20951,7.16432,3.48885,0.0291022,0.0164367,0.0385612,0.121361,0.155117,0.0704247
0.00910497,0.00203154,0.0144947,0.286723,1.74377,0.775897,2.21293,7.17946,3.49583,0.0292167,0.0164358,0.0384837,0.121296,0.155239,0.0705372
0.00908933,0.00203052,0.0144419,0.286979,1.74449,0.77696,2.21642,7.19451,3.50309,0.0292165,0.0164242,0.0383898,0.121315,0.155285,0.0706201
0.00902433,0.00202939,0.0143256,0.287239,1.74409,0.778063,2.21992,7.20945,3.51044,0.0291257,0.0164126,0.0382607,0.121379,0.155219,0.0706731
0.00889966,0.00202804,0.0141553,0.287483,1.74263,0.779202,2.22342,7.22421,3.51777,0.0289466,0.0164039,0.0380934,0.121483,0.155002,0.070677
0.00893981,0.00202962,0.0141703,0.287734,1.74457,0.780222,2.2269,7.23943,3.52496,0.0290238,0.0164062,0.0380567,0.121467,0.155126,0.0707765
0.00897349,0.00203148,0.0141963,0.287993,1.74657,0.781291,2.23039,7.25467,3.53224,0.0290779,0.0164094,0.0380479,0.121475,0.155243,0.0708678
0.00901961,0.0020328,0.0142367,0.288241,1.74881,0.782298,2.23387,7.26994,3.53942,0.0291637,0.0164114,0.0380393,0.121449,0.155366,0.0709702
0.00907052,0.00203358,0.0142975,0.288481,1.75126,0.78333,2.23736,7.28522,3.54669,0.0292447,0.0164104,0.0380657,0.121444,0.155482,0.0710655
0.00910152,0.00203415,0.0143587,0.288736,1.75355,0.784454,2.24089,7.30048,3.55411,0.0292611,0.0164077,0.0381347,0.121506,0.155569,0.0711239
0.00914436,0.00203507,0.014433,0.288988,1.75608,0.785571,2.24443,7.31579,3.56155,0.0292932,0.0164063,0.038215,0.121565,0.155671,0.0711849
0.00918017,0.00203614,0.0145193,0.289263,1.75871,0.786713,2.24797,7.33113,3.56901,0.0293117,0.0164057,0.0383131,0.121645,0.155781,0.0712281
0.00923786,0.00203738,0.0145891,0.289518,1.76132,0.787792,2.2515,7.3465,3.57644,0.029372,0.0164053,0.0383752,0.121684,0.155897,0.0713034
0.00925205,0.00203885,0.0146605,0.289779,1.76361,0.788907,2.25504,7.36191,3.58387,0.0293297,0.0164065,0.0384898,0.121793,0.156022,0.0713061
0.00929653,0.00204015,0.0147435,0.290033,1.76624,0.790022,2.25859,7.37733,3.59137,0.029355,0.0164061,0.0385853,0.121876,0.156142,0.0713478
0.00931775,0.0020411,0.0148222,0.290279,1.76871,0.791142,2.26213,7.39277,3.59881,0.029323,0.016406,0.0387061,0.121989,0.156263,0.0713413
0.00937506,0.00204204,0.014884,0.29053,1.77133,0.792257,2.26568,7.40823,3.60629,0.029396,0.0164052,0.0387436,0.122027,0.156376,0.0714166
0.009429,0.00204354,0.0149488,0.290786,1.77399,0.793384,2.26924,7.42373,3.61379,0.0294602,0.0164063,0.0387873,0.122067,0.156501,0.0714924
0.00948026,0.00204526,0.0149976,0.291029,1.77634,0.794407,2.27278,7.43924,3.62122,0.0295413,0.0164079,0.0387926,0.122072,0.156621,0.0715855
0.00943818,0.00204703,0.0150222,0.291272,1.77765,0.795419,2.27631,7.45475,3.62854,0.0294152,0.0164115,0.0388716,0.122196,0.156714,0.0715361
0.00941052,0.00204923,0.0150343,0.291514,1.77899,0.796473,2.27985,7.47023,3.63594,0.029318,0.0164169,0.0389243,0.122318,0.156771,0.071502
0.00945098,0.00205076,0.0151161,0.291784,1.78171,0.797617,2.28343,7.48581,3.6435,0.029333,0.0164185,0.0390208,0.122422,0.156883,0.0715172
0.00951014,0.00205221,0.0151832,0.29204,1.78442,0.798746,2.28701,7.50141,3.65109,0.0294073,0.016419,0.0390618,0.122478,0.157002,0.0715832
0.00955494,0.00205392,0.0152623,0.292295,1.78716,0.799908,2.29061,7.51702,3.65871,0.0294533,0.0164212,0.0391272,0.122557,0.157108,0.0716309
0.00961213,0.00205495,0.0153189,0.29254,1.78974,0.801007,2.29419,7.53268,3.66628,0.0295409,0.0164202,0.0391403,0.122586,0.157232,0.0717124
0.00965921,0.00205567,0.0154005,0.292811,1.7926,0.802193,2.29779,7.54836,3.67393,0.0295745,0.0164185,0.0392241,0.122668,0.157357,0.071755
0.00971415,0.00205659,0.0154061,0.293029,1.7947,0.803158,2.30133,7.56406,3.68126,0.0296859,0.0164197,0.0391516,0.122612,0.157474,0.0718657
0.00976199,0.00205856,0.0154558,0.293271,1.79725,0.804307,2.30492,7.57974,3.68889,0.0297243,0.016424,0.039192,0.122652,0.157565,0.0719429
0.00981651,0.00206032,0.0154907,0.293505,1.79962,0.805308,2.30849,7.59546,3.69634,0.0298067,0.0164275,0.0391798,0.122624,0.157657,0.0720474
0.00979021,0.00206346,0.0154936,0.293775,1.80097,0.806468,2.3121,7.61108,3.70404,0.0297281,0.016437,0.0392003,0.122719,0.157661,0.0720808
0.00981947,0.00206628,0.0155544,0.294055,1.80332,0.807591,2.31572,7.62678,3.71175,0.0297391,0.0164431,0.0392597,0.122788,0.157707,0.0721393
0.00975345,0.00206972,0.0155275,0.294321,1.80387,0.808637,2.31932,7.64236,3.7193,0.0295905,0.0164553,0.0392737,0.12291,0.157644,0.0721119
0.00953485,0.00207423,0.0152749,0.294545,1.80067,0.809501,2.32285,7.65758,3.7265,0.0292518,0.0164791,0.0390582,0.12303,0.157292,0.0720135
0.00908158,0.00208091,0.014605,0.294737,1.79095,0.810274,2.32635,7.67199,3.73349,0.0286546,0.0165228,0.0383818,0.123141,0.1563,0.071888
0.00894499,0.00208588,0.0144507,0.294971,1.78938,0.811166,2.3299,7.68699,3.74071,0.0284422,0.0165531,0.0382524,0.123262,0.155746,0.0717964
0.00889839,0.00209025,0.0144192,0.295218,1.78991,0.812166,2.33348,7.70219,3.74815,0.0283505,0.0165774,0.0382396,0.123386,0.15533,0.0717406
0.00892756,0.00209314,0.0144892,0.295482,1.79222,0.813279,2.33711,7.71772,3.75584,0.0283819,0.0165873,0.0383016,0.123503,0.155152,0.0717384
0.00897144,0.0020945,0.0145646,0.295752,1.7947,0.814401,2.34075,7.73348,3.76361,0.0284467,0.0165837,0.0383552,0.123609,0.155132,0.0717591
0.0089634,0.00209186,0.014579,0.296007,1.79619,0.815455,2.34436,7.74943,3.77117,0.0284116,0.0165616,0.0383905,0.123733,0.155244,0.0717088
0.00901233,0.00209304,0.0146506,0.296283,1.79879,0.816617,2.34802,7.76532,3.77899,0.0284813,0.0165595,0.0384383,0.123832,0.155289,0.0717368
0.00905469,0.00209312,0.0146868,0.29655,1.80089,0.817754,2.35168,7.78131,3.78684,0.0285457,0.0165474,0.0384488,0.123916,0.155395,0.0717811
0.00903707,0.00209057,0.0146998,0.296797,1.80229,0.818806,2.35529,7.79734,3.79441,0.028487,0.016528,0.0384954,0.124041,0.155519,0.071722
0.00909093,0.00209255,0.0147635,0.297077,1.80488,0.819966,2.35897,7.81334,3.80229,0.0285628,0.0165296,0.0385306,0.124122,0.155599,0.0717704
0.00913805,0.00209394,0.0148437,0.297363,1.80755,0.821105,2.36264,7.8294,3.81015,0.0286061,0.0165273,0.0386114,0.124225,0.155701,0.0717898
0.00916308,0.0020949,0.0149226,0.297612,1.80996,0.822145,2.36628,7.84549,3.81785,0.02859,0.0165237,0.0387269,0.124347,0.155811,0.0717534
0.00913961,0.00209394,0.0149747,0.297825,1.81168,0.822979,2.36984,7.86161,3.8251,0.0284959,0.0165162,0.0388404,0.124466,0.155933,0.071627
0.00914698,0.00209471,0.0150513,0.298053,1.81396,0.823875,2.37343,7.87774,3.8325,0.028448,0.0165165,0.0389642,0.124588,0.156037,0.0715265
0.00915263,0.00209528,0.0151319,0.298278,1.81632,0.824758,2.37701,7.89388,3.83983,0.028403,0.016518,0.0390864,0.124709,0.156138,0.0714141
0.00918831,0.00209681,0.0152153,0.29854,1.81911,0.825874,2.38066,7.91003,3.84757,0.0284287,0.0165235,0.0391689,0.124832,0.156223,0.0713778
0.00921656,0.00209664,0.0151507,0.298783,1.82016,0.826932,2.38433,7.92625,3.85535,0.0285442,0.0165148,0.0389933,0.124821,0.156348,0.0714756
0.00920289,0.0020941,0.0151107,0.299047,1.82103,0.828117,2.38804,7.94242,3.86332,0.0285428,0.0164935,0.0389278,0.124914,0.156422,0.0714985
0.00925334,0.0020943,0.0151488,0.299336,1.82343,0.829303,2.39174,7.95868,3.87128,0.028633,0.0164882,0.0389166,0.124962,0.156544,0.0715682
0.00929265,0.00209441,0.0151227,0.299588,1.82502,0.830299,2.39539,7.97497,3.87896,0.0287494,0.0164837,0.0387956,0.124909,0.156668,0.071677
0.009293,0.00209198,0.01508,0.299852,1.8261,0.831485,2.3991,7.99115,3.88691,0.0287788,0.0164671,0.0387102,0.124935,0.156705,0.0717548
0.00929455,0.00209287,0.0149442,0.300023,1.8264,0.832191,2.40262,8.00745,3.89392,0.0288712,0.0164772,0.0384433,0.124737,0.1568,0.0718797
0.00930969,0.00209068,0.0148218,0.300122,1.82691,0.832613,2.40604,8.02381,3.90037,0.0289944,0.016478,0.0381834,0.124426,0.156924,0.0720015
0.00934055,0.00208845,0.0147676,0.300253,1.82805,0.833121,2.40951,8.04018,3.90713,0.0291098,0.0164714,0.0380305,0.124169,0.157038,0.0721259
0.00927233,0.00208637,0.0147098,0.30052,1.82811,0.834295,2.41325,8.05637,3.9152,0.0289852,0.0164534,0.0380119,0.124246,0.157018,0.0721642
0.00914014,0.00208347,0.014553,0.300773,1.82652,0.835448,2.41698,8.07239,3.92322,0.0287746,0.0164341,0.0379066,0.124353,0.156854,0.0721568
0.00890139,0.00207966,0.0142329,0.301002,1.82209,0.836542,2.42068,8.08801,3.93113,0.0284595,0.016415,0.03762,0.124473,0.156392,0.0721088
0.00863043,0.00207613,0.0138487,0.301216,1.81665,0.837583,2.42435,8.10329,3.93892,0.0281117,0.016403,0.0372665,0.124597,0.155676,0.0720261
0.00843017,0.00207402,0.0135579,0.301416,1.81274,0.838664,2.42804,8.1185,3.94678,0.0278553,0.0163996,0.0370019,0.12472,0.154892,0.071958
0.00839094,0.00207381,0.0135093,0.30169,1.81305,0.839902,2.43179,8.13413,3.95489,0.0278176,0.0164009,0.036951,0.124817,0.154391,0.0719661
0.00838161,0.00207474,0.0133883,0.301883,1.81313,0.840766,2.43543,8.15063,3.96244,0.0278893,0.0163997,0.0367258,0.124704,0.154501,0.0720849
0.00826301,0.00207824,0.0131832,0.302139,1.81138,0.841944,2.4392,8.16713,3.9706,0.0277407,0.0164019,0.03651,0.12479,0.154574,0.0721278
0.00800773,0.00208306,0.0127972,0.302381,1.8064,0.843051,2.44295,8.18332,3.97865,0.0274304,0.0164126,0.0361125,0.124908,0.154412,0.072118
0.00747516,0.00209018,0.0119415,0.302569,1.79384,0.843978,2.44665,8.19847,3.98637,0.0268027,0.016442,0.0352247,0.125031,0.153465,0.0720475
0.00641359,0.00209999,0.0101821,0.302702,1.76647,0.844656,2.45025,8.21049,3.99349,0.0256242,0.0165077,0.0333462,0.125121,0.150241,0.0719096
0.00629204,0.00210649,0.0100053,0.302957,1.76424,0.845708,2.45399,8.22562,4.0014,0.0254898,0.0165438,0.0331813,0.125246,0.149268,0.0718748
0.0062669,0.00211183,0.0099667,0.303211,1.76438,0.846829,2.45776,8.24122,4.00949,0.0254631,0.0165698,0.0331648,0.125367,0.148621,0.0718732
0.00625333,0.00211678,0.00996828,0.303483,1.76503,0.847927,2.46152,8.25694,4.01757,0.0254546,0.0165925,0.0331866,0.125489,0.148056,0.0718652
0.00623726,0.00212112,0.00998004,0.303737,1.76578,0.848918,2.46525,8.27272,4.02543,0.0254268,0.0166141,0.0332362,0.125613,0.147516,0.0718116
0.00621784,0.00212545,0.0099884,0.30399,1.76648,0.849875,2.46897,8.28848,4.0332,0.0253923,0.0166374,0.0332839,0.125735,0.146949,0.0717436
0.00620963,0.00212917,0.0100092,0.304252,1.76749,0.850912,2.4727,8.30435,4.04106,0.0253759,0.0166593,0.0333382,0.125859,0.14644,0.0716872
0.00625013,0.00213066,0.0100401,0.304523,1.76905,0.852116,2.47652,8.32073,4.04936,0.0254576,0.0166581,0.0333623,0.125936,0.146293,0.07175
0.0062863,0.00213167,0.0100804,0.304822,1.77066,0.853294,2.48033,8.33726,4.05767,0.0255259,0.0166508,0.033408,0.126021,0.146247,0.071802
0.00629237,0.00213057,0.010128,0.305098,1.77209,0.854326,2.48409,8.35396,4.06568,0.0255276,0.0166347,0.0334992,0.126146,0.146302,0.0717512
0.00628114,0.00212768,0.0101599,0.305295,1.77324,0.855134,2.48775,8.37073,4.07317,0.0254813,0.0166174,0.0336027,0.126258,0.146395,0.0716091
0.00630663,0.0021273,0.0102119,0.305564,1.77495,0.856265,2.49155,8.38751,4.08133,0.0255129,0.0166074,0.0336862,0.12638,0.146481,0.0715837
0.00633933,0.00212805,0.0102619,0.305865,1.77671,0.857453,2.49537,8.40431,4.08968,0.0255739,0.0166011,0.0337429,0.126483,0.146563,0.0716074
0.00635835,0.00212722,0.010298,0.306155,1.77817,0.858591,2.49919,8.42119,4.09796,0.0256071,0.0165851,0.0338021,0.126597,0.146684,0.0716002
0.00634275,0.00212388,0.0103133,0.306375,1.77909,0.859537,2.50292,8.43807,4.10578,0.0255753,0.0165628,0.0338689,0.12672,0.1468,0.0714921
0.00636886,0.00212327,0.0103617,0.306668,1.78082,0.86073,2.50675,8.455,4.11408,0.0256189,0.0165528,0.033935,0.126835,0.146925,0.0714816
0.006409,0.00212382,0.0103825,0.30697,1.78242,0.86193,2.51059,8.47194,4.12246,0.0257095,0.0165477,0.0339341,0.126877,0.147047,0.0715563
0.00644742,0.00212369,0.0103941,0.307238,1.78391,0.863087,2.51441,8.48891,4.13073,0.0258047,0.0165414,0.0339165,0.126877,0.147172,0.0716496
0.00648574,0.00212261,0.0103842,0.307453,1.78517,0.864099,2.51818,8.5059,4.13872,0.025907,0.0165335,0.0338685,0.1268,0.147295,0.0717627
0.00652852,0.00212421,0.010403,0.307687,1.78676,0.865106,2.52197,8.52289,4.14678,0.0259974,0.0165373,0.0338636,0.126743,0.147405,0.071874
0.00655264,0.0021269,0.0104614,0.307979,1.78862,0.866333,2.52584,8.5399,4.15527,0.0260182,0.0165439,0.0339504,0.126826,0.147504,0.0719212
0.00657865,0.00212949,0.0105267,0.308271,1.79049,0.867525,2.52971,8.55694,4.16377,0.0260522,0.0165476,0.0340355,0.126907,0.14761,0.0719692
0.00658243,0.00213027,0.0105885,0.308521,1.79219,0.868639,2.53354,8.57401,4.172,0.0260229,0.0165472,0.0341566,0.127031,0.14773,0.0719214
0.00661977,0.00213211,0.0106459,0.308797,1.79414,0.869874,2.53742,8.5911,4.18053,0.0260716,0.0165495,0.03423,0.127109,0.147843,0.0719708
0.00666177,0.00213366,0.0106967,0.309071,1.79607,0.871087,2.5413,8.60822,4.18903,0.0261353,0.0165501,0.0342862,0.127158,0.14796,0.0720415
0.00669995,0.00213512,0.0107534,0.309368,1.79805,0.872321,2.54519,8.62537,4.19756,0.0261949,0.0165509,0.034348,0.127212,0.148079,0.0721098
0.00674063,0.00213564,0.0107874,0.309654,1.79978,0.873435,2.54905,8.64254,4.20593,0.0262789,0.0165461,0.0343654,0.127202,0.148203,0.0722069
0.00676696,0.00213464,0.0108223,0.309954,1.80139,0.874668,2.55295,8.6597,4.21449,0.0263203,0.0165332,0.0344149,0.127253,0.148307,0.0722705
0.00680493,0.00213473,0.0108635,0.310246,1.80319,0.875821,2.55682,8.67692,4.22291,0.0263966,0.0165275,0.0344447,0.127251,0.148427,0.0723633
0.00683391,0.00213342,0.010872,0.310505,1.8045,0.876892,2.56068,8.6941,4.23124,0.0264672,0.0165143,0.0344379,0.127215,0.148512,0.0724645
0.00683681,0.00213197,0.0108933,0.310815,1.8057,0.878109,2.56459,8.71122,4.23987,0.026472,0.0164984,0.0344844,0.127288,0.148548,0.0725051
0.00681972,0.00212976,0.0108922,0.311103,1.80648,0.879316,2.5685,8.72826,4.24847,0.0264403,0.0164806,0.0345215,0.12739,0.148513,0.0725055
0.0068135,0.00212799,0.0109095,0.311376,1.80754,0.880535,2.57241,8.74532,4.25706,0.0264201,0.0164669,0.0345782,0.127498,0.148476,0.072496
0.00684981,0.00212885,0.0109612,0.311655,1.80931,0.881722,2.57634,8.76257,4.26572,0.0264731,0.0164626,0.0346415,0.127558,0.148548,0.0725509
0.0068409,0.00212828,0.0110063,0.311913,1.81068,0.882743,2.58019,8.77981,4.27397,0.026417,0.0164569,0.0347562,0.127683,0.148597,0.0724621
0.00681995,0.0021267,0.0110381,0.312146,1.8118,0.883638,2.58398,8.79701,4.28195,0.0263445,0.0164494,0.0348607,0.127803,0.148612,0.0723269
0.00678422,0.00212386,0.0110539,0.312352,1.81265,0.884375,2.58769,8.81416,4.28956,0.0262534,0.0164406,0.0349507,0.12791,0.148577,0.0721357
0.00676258,0.00212151,0.0110941,0.312543,1.81385,0.885074,2.5914,8.83138,4.29711,0.0261892,0.0164345,0.0350559,0.128013,0.148568,0.0719371
0.00676961,0.00212075,0.0111595,0.312762,1.81559,0.885898,2.59516,8.84872,4.30493,0.0261682,0.0164327,0.0351743,0.128127,0.148629,0.0717795
0.00678637,0.00212061,0.0112297,0.312984,1.81746,0.886789,2.59897,8.86611,4.31294,0.026168,0.0164319,0.0352868,0.128246,0.148708,0.0716475
0.00680875,0.00212098,0.0113027,0.313228,1.8194,0.887739,2.60281,8.88355,4.3211,0.0261841,0.0164316,0.0353909,0.128369,0.148801,0.0715384
0.00682806,0.0021206,0.0113734,0.31344,1.82136,0.888654,2.60661,8.90102,4.3291,0.0261856,0.0164312,0.035503,0.128487,0.148894,0.071403
0.00687205,0.00212206,0.0114014,0.313737,1.82313,0.889901,2.61058,8.91853,4.33789,0.0262778,0.0164316,0.0354987,0.128567,0.149002,0.071444
0.00691808,0.00212371,0.0114316,0.314025,1.82493,0.891145,2.61455,8.93608,4.3467,0.0263661,0.0164328,0.0355024,0.128633,0.149119,0.0714994
0.00695344,0.00212636,0.0114604,0.314305,1.82663,0.892367,2.61853,8.95367,4.35551,0.0264408,0.0164375,0.0355033,0.128694,0.149242,0.0715607
0.00699283,0.00212836,0.0115208,0.314597,1.82867,0.893592,2.62251,8.97128,4.36432,0.0264855,0.0164396,0.035578,0.128794,0.149367,0.0715802
0.00702106,0.00213048,0.0115827,0.314877,1.83067,0.894816,2.62648,8.98891,4.37309,0.0265074,0.0164435,0.0356627,0.128907,0.149489,0.0715787
0.00706514,0.00213189,0.011636,0.31517,1.83277,0.89611,2.63048,9.00657,4.38196,0.0265731,0.0164452,0.0357116,0.128978,0.149614,0.0716316
0.0071004,0.00213231,0.0116109,0.315411,1.83398,0.897038,2.63434,9.02425,4.39017,0.0266883,0.0164461,0.0356094,0.128866,0.149739,0.0717503
0.00713994,0.00213152,0.0116226,0.315677,1.83561,0.898148,2.63827,9.04192,4.39868,0.0267821,0.0164417,0.0355811,0.128812,0.149841,0.0718574
0.00716988,0.00212982,0.0115558,0.315808,1.8364,0.898607,2.64194,9.05965,4.40588,0.0269045,0.0164418,0.0354189,0.128518,0.149966,0.0719809
0.00720732,0.00213057,0.011562,0.316011,1.83797,0.899457,2.64577,9.07739,4.4139,0.0269967,0.0164467,0.0353774,0.128367,0.150081,0.0721038
0.00725426,0.00213047,0.0115902,0.316238,1.83974,0.900297,2.64962,9.09517,4.42201,0.0270909,0.0164455,0.035375,0.128227,0.150205,0.0722253
0.00729024,0.00213141,0.0116585,0.316514,1.84181,0.901487,2.65361,9.11297,4.43083,0.0271258,0.0164445,0.035464,0.128242,0.150328,0.072312
0.00732907,0.00213251,0.0117233,0.316787,1.8439,0.902704,2.65762,9.13079,4.43971,0.0271512,0.016444,0.0355607,0.128273,0.150452,0.0723912
0.0073587,0.00213411,0.0117966,0.31707,1.84599,0.903943,2.66164,9.14864,4.44866,0.0271735,0.0164452,0.0356578,0.128321,0.150576,0.0724613
0.00739369,0.00213577,0.011867,0.31737,1.84809,0.905161,2.66567,9.16651,4.45762,0.0272016,0.0164457,0.0357522,0.12837,0.150701,0.0725303
0.00740796,0.0021373,0.0119388,0.317653,1.85004,0.906405,2.6697,9.1844,4.4666,0.0271835,0.0164465,0.0358695,0.128472,0.150826,0.072548
0.0074341,0.00213896,0.0120126,0.317958,1.85214,0.907664,2.67375,9.20232,4.47562,0.0271925,0.0164477,0.0359751,0.128565,0.15095,0.0725794
0.00746374,0.00214074,0.0120902,0.318275,1.85428,0.908908,2.6778,9.22026,4.48466,0.0272228,0.0164485,0.0360674,0.128649,0.151074,0.0726201
0.00748633,0.00214184,0.0121657,0.31858,1.85635,0.910132,2.68183,9.23823,4.49365,0.0272256,0.0164475,0.0361775,0.128759,0.151199,0.0726223
0.0075113,0.00214277,0.0122404,0.318883,1.85848,0.911368,2.68587,9.25622,4.50263,0.0272293,0.0164468,0.0362875,0.128872,0.151323,0.0726166
0.00755286,0.00214402,0.0123092,0.319175,1.86069,0.912644,2.68994,9.27423,4.51172,0.0272811,0.0164467,0.0363601,0.128952,0.151448,0.0726614
0.00760013,0.00214521,0.0123665,0.319495,1.86287,0.913899,2.694,9.29227,4.52079,0.0273517,0.0164462,0.0364067,0.129,0.151572,0.0727306
0.00764866,0.00214641,0.0124154,0.319768,1.86495,0.915109,2.69804,9.31033,4.52979,0.0274334,0.0164466,0.0364327,0.129017,0.151697,0.0728172
0.00769221,0.00214842,0.0124803,0.320046,1.86701,0.916283,2.70211,9.32842,4.53888,0.027497,0.0164467,0.0364901,0.129063,0.151821,0.072889
0.00763292,0.0021469,0.0124878,0.320229,1.86784,0.917024,2.70595,9.34651,4.54682,0.0273303,0.0164442,0.0365941,0.129166,0.151943,0.0727065
0.00763124,0.00214601,0.012532,0.320486,1.8694,0.918106,2.70996,9.36459,4.55557,0.0272826,0.0164379,0.036692,0.129291,0.152038,0.0726332
0.00762702,0.00214479,0.0125685,0.320748,1.87087,0.919186,2.71396,9.38265,4.56433,0.0272393,0.016431,0.0367749,0.129416,0.152107,0.0725569
0.00762483,0.00214364,0.0126056,0.321004,1.87234,0.920253,2.71796,9.40071,4.57308,0.0272019,0.0164247,0.0368549,0.129541,0.15216,0.0724767
0.00760925,0.0021417,0.0126367,0.321234,1.87366,0.921274,2.72193,9.41873,4.58166,0.0271509,0.0164186,0.0369266,0.129664,0.152177,0.0723659
0.00765714,0.00214309,0.012692,0.321549,1.87584,0.922555,2.72604,9.43694,4.59089,0.0272259,0.0164189,0.0369639,0.129749,0.15229,0.0724022
0.0077062,0.00214467,0.0127363,0.321855,1.87796,0.923847,2.73014,9.45519,4.60011,0.0273075,0.0164203,0.036981,0.129809,0.152412,0.0724632
0.00775015,0.0021463,0.0127346,0.322121,1.8796,0.924975,2.7342,9.47346,4.60905,0.0274089,0.0164229,0.0369171,0.129778,0.152537,0.0725666
0.00777397,0.00214913,0.0127348,0.322389,1.88114,0.926215,2.73829,9.49172,4.61817,0.0274632,0.0164297,0.0368766,0.129792,0.152632,0.0726571
0.0078193,0.00214983,0.0127541,0.322639,1.88292,0.927266,2.74232,9.51004,4.627,0.0275675,0.0164298,0.0368388,0.129731,0.152757,0.0727673
0.00785236,0.00215012,0.0128198,0.322945,1.88506,0.92856,2.74645,9.52836,4.6363,0.0275968,0.0164266,0.0369185,0.129804,0.152863,0.0728153
0.00789545,0.00215124,0.0128868,0.323248,1.88725,0.929792,2.75057,9.54672,4.64557,0.0276591,0.0164255,0.0369761,0.129845,0.152982,0.0728884
0.0079238,0.0021518,0.0129492,0.323549,1.88931,0.931053,2.75471,9.56508,4.65487,0.0276553,0.0164228,0.0370786,0.129944,0.153087,0.072906
0.00792778,0.00215161,0.013006,0.323849,1.89114,0.93227,2.75882,9.58343,4.66405,0.0276164,0.0164193,0.0371825,0.130063,0.153172,0.0728794
0.00794766,0.00215163,0.0130706,0.324141,1.89319,0.933533,2.76294,9.6018,4.67332,0.0276076,0.0164166,0.0372826,0.130175,0.153257,0.0728702
0.00798879,0.00215273,0.0131426,0.324465,1.89546,0.934806,2.7671,9.62024,4.6827,0.0276607,0.0164157,0.0373509,0.130251,0.153364,0.0729159
0.00801881,0.00215324,0.0132153,0.324771,1.89767,0.936077,2.77124,9.63868,4.69204,0.0276762,0.016414,0.0374455,0.130356,0.153456,0.0729227
0.00805638,0.0021543,0.0132911,0.325077,1.89994,0.937335,2.7754,9.65715,4.70144,0.0277088,0.0164131,0.0375339,0.130453,0.15356,0.0729434
0.00806949,0.00215491,0.013364,0.325358,1.90197,0.938464,2.77951,9.67565,4.71057,0.0276809,0.016412,0.0376517,0.130576,0.153663,0.0728934
0.00803005,0.00215339,0.0134031,0.32556,1.90327,0.939233,2.78345,9.69414,4.71883,0.0275658,0.01641,0.0377593,0.130683,0.153745,0.072718
0.00803143,0.00215334,0.0134669,0.325774,1.90519,0.940143,2.78745,9.71271,4.72741,0.0275063,0.0164102,0.037884,0.1308,0.153862,0.0725835
0.00805885,0.0021532,0.0135386,0.326057,1.90743,0.941319,2.79156,9.73125,4.73655,0.0275162,0.0164087,0.0379784,0.130924,0.153948,0.0725271
0.00810513,0.00215439,0.0135979,0.326362,1.90973,0.942639,2.79575,9.74987,4.74604,0.0275966,0.0164089,0.0380044,0.131011,0.154063,0.0725631
0.00814998,0.00215451,0.0135947,0.326649,1.91147,0.943889,2.79991,9.76847,4.75535,0.0277042,0.0164079,0.0379297,0.131009,0.154156,0.0726543
0.00816139,0.00215482,0.0134594,0.326788,1.91169,0.944588,2.80384,9.78714,4.76355,0.027809,0.0164105,0.037662,0.130801,0.154272,0.0727791
0.00790027,0.00216211,0.0129871,0.327036,1.90646,0.945848,2.80803,9.80496,4.77305,0.0275167,0.0164281,0.0370884,0.130862,0.153838,0.0728539
0.00741876,0.00217186,0.0121609,0.327265,1.89586,0.947097,2.81222,9.82157,4.7825,0.0269394,0.0164644,0.0361484,0.130978,0.152632,0.0728725
0.00701016,0.00218202,0.0114657,0.327496,1.88686,0.948347,2.81642,9.8377,4.79193,0.0264513,0.0165117,0.0353652,0.131098,0.151105,0.0728841
0.00695961,0.0021886,0.0113964,0.327803,1.8867,0.949636,2.82063,9.85535,4.8015,0.0263981,0.016538,0.0352843,0.131196,0.150507,0.0729315
0.00693263,0.00219456,0.0113757,0.328111,1.88719,0.950895,2.82485,9.87315,4.81103,0.0263577,0.0165614,0.0352748,0.131309,0.149985,0.0729547
0.00689019,0.00220071,0.011349,0.328412,1.88747,0.952081,2.82904,9.89085,4.82042,0.0262916,0.0165874,0.035266,0.131433,0.149392,0.072944
0.00681857,0.00220747,0.0112759,0.328701,1.88707,0.953217,2.8332,9.90828,4.82965,0.0261876,0.0166209,0.0352069,0.131557,0.148617,0.0729097
0.00679826,0.00221369,0.0112619,0.329017,1.88766,0.954476,2.83742,9.92595,4.83916,0.0261612,0.0166489,0.0351978,0.131678,0.147979,0.0729202
0.00682675,0.00221698,0.011307,0.329327,1.88932,0.955829,2.84166,9.94413,4.84881,0.0262012,0.0166618,0.0352484,0.131781,0.147646,0.0729604
0.00685911,0.00221537,0.0112845,0.329595,1.8904,0.956928,2.8458,9.96282,4.85798,0.0263063,0.0166482,0.0351672,0.131725,0.147627,0.0730748
0.00684635,0.00221026,0.0112118,0.329886,1.89062,0.9581,2.84999,9.98175,4.86738,0.0263505,0.0166132,0.0350478,0.131704,0.147747,0.0731761
0.00669903,0.00220032,0.0109172,0.330159,1.8875,0.959363,2.85424,10.0004,4.87704,0.0262194,0.0165529,0.0347108,0.131743,0.147729,0.0732403
0.00640242,0.00218805,0.0104221,0.330401,1.88113,0.96056,2.85844,10.0184,4.88652,0.0258871,0.0164895,0.0341854,0.131863,0.147264,0.0731799
0.0060781,0.00217634,0.00989113,0.330558,1.87402,0.961599,2.86252,10.0357,4.89547,0.0255092,0.0164429,0.0336374,0.131986,0.14634,0.0730245
0.00611672,0.00217783,0.009921,0.330875,1.87566,0.962896,2.86677,10.0547,4.90511,0.0255891,0.0164456,0.0336526,0.132008,0.146461,0.0731066
0.00615395,0.00217793,0.00991503,0.331114,1.87686,0.963846,2.87089,10.0737,4.9141,0.0256966,0.0164454,0.0335998,0.131892,0.146576,0.0732248
0.00618709,0.00217842,0.00996685,0.331417,1.87856,0.965161,2.87517,10.0927,4.92386,0.025747,0.0164427,0.0336696,0.131947,0.146667,0.0732851
0.00621995,0.00217917,0.0100226,0.331727,1.88031,0.966479,2.87945,10.1118,4.93364,0.0258017,0.0164412,0.0337376,0.131998,0.146767,0.0733487
0.00625953,0.00217948,0.0100637,0.332026,1.88198,0.96775,2.88371,10.1308,4.94333,0.0258668,0.0164384,0.0337865,0.132013,0.146853,0.0734312
0.00629485,0.00218108,0.0101149,0.332319,1.8837,0.968988,2.88798,10.1499,4.95303,0.0259323,0.0164399,0.0338376,0.13203,0.146974,0.0735165
0.00631378,0.00218183,0.0101793,0.332626,1.88542,0.970302,2.89227,10.1691,4.96284,0.0259423,0.0164381,0.0339428,0.132133,0.147074,0.0735265
0.00634337,0.00218301,0.0102412,0.332946,1.8872,0.971613,2.89658,10.1882,4.97271,0.0259744,0.0164371,0.0340343,0.13222,0.147182,0.0735594
0.00636674,0.00218358,0.0103021,0.333246,1.889,0.97295,2.90087,10.2074,4.9825,0.0259798,0.0164361,0.0341431,0.132331,0.147286,0.0735549
0.00640613,0.00218428,0.01034,0.333546,1.89071,0.974207,2.90514,10.2266,4.99217,0.0260646,0.0164361,0.0341622,0.132322,0.147399,0.0736494
0.00643834,0.00218318,0.0103366,0.333821,1.89198,0.975202,2.9093,10.2458,5.00128,0.026166,0.0164323,0.0341109,0.1322,0.147473,0.0737672
0.0064428,0.00217913,0.0102483,0.333959,1.89216,0.975693,2.91326,10.2648,5.00928,0.0262582,0.0164244,0.0339419,0.1319,0.147443,0.0738915
0.00644886,0.00217692,0.0102214,0.334196,1.89282,0.976648,2.91744,10.2837,5.01841,0.0263179,0.0164174,0.0338809,0.131773,0.147353,0.0740084
0.00639782,0.00217484,0.010137,0.334466,1.89235,0.977925,2.92176,10.3022,5.0283,0.026266,0.0164094,0.0338019,0.131801,0.146982,0.0740747
0.00633509,0.00217336,0.0100689,0.334754,1.89193,0.979226,2.92608,10.3206,5.03822,0.0261727,0.0164053,0.0337693,0.131903,0.146541,0.0740692
0.00626454,0.00217204,0.00999096,0.335043,1.89135,0.980469,2.93038,10.3388,5.04801,0.0260642,0.0164047,0.0337319,0.13202,0.145988,0.0740254
0.00615068,0.00217022,0.00985043,0.335281,1.88977,0.981543,2.93458,10.3566,5.0574,0.0258952,0.0164086,0.0336335,0.132144,0.145156,0.0739097
0.00597511,0.00216775,0.00961564,0.335409,1.88666,0.982347,2.93863,10.3736,5.0661,0.0256484,0.0164197,0.0334338,0.132253,0.143892,0.0737038
0.00586149,0.00216722,0.00946618,0.335613,1.88478,0.983391,2.94281,10.3907,5.07541,0.025507,0.0164353,0.0333021,0.132376,0.142653,0.073575
0.00579983,0.00216752,0.00939555,0.335853,1.8841,0.984495,2.94702,10.4081,5.08484,0.0254316,0.0164514,0.0332564,0.1325,0.14158,0.073466
0.00579215,0.0021684,0.00940097,0.336113,1.88463,0.985691,2.9513,10.4261,5.09454,0.0254235,0.0164633,0.033293,0.132624,0.140829,0.0733983
0.00580421,0.00216933,0.00944741,0.336385,1.88572,0.986877,2.9556,10.4446,5.10433,0.0254476,0.0164702,0.0333658,0.132746,0.140348,0.0733475
0.00579562,0.00216909,0.00948618,0.336584,1.88668,0.987761,2.95972,10.463,5.11326,0.0254143,0.0164783,0.0334622,0.132858,0.139854,0.0731798
0.00581291,0.00217004,0.00953743,0.336857,1.88796,0.988948,2.96402,10.4817,5.12299,0.0254432,0.0164844,0.0335397,0.132982,0.139474,0.0731177
0.00583789,0.00217097,0.00959347,0.337119,1.88942,0.990173,2.96832,10.5006,5.13278,0.025476,0.0164875,0.0336267,0.133106,0.13921,0.0730625
0.00587573,0.00217215,0.00962907,0.337428,1.89086,0.991522,2.97272,10.5198,5.14293,0.0255484,0.0164835,0.0336629,0.133189,0.139134,0.0731006
0.00587949,0.00217289,0.00961945,0.337724,1.89167,0.992845,2.97711,10.5394,5.15309,0.0255831,0.016468,0.0336419,0.13327,0.139239,0.0731425
0.00585811,0.00217353,0.00959562,0.338005,1.8922,0.99412,2.98148,10.559,5.1631,0.0255614,0.0164512,0.033631,0.133389,0.139363,0.0731232
0.00586611,0.00217457,0.00961142,0.3383,1.89329,0.995429,2.98587,10.5787,5.17323,0.0255818,0.0164411,0.0336596,0.133498,0.139488,0.073129
0.00587085,0.00217566,0.00962893,0.338587,1.89437,0.996701,2.99026,10.5983,5.18331,0.0255912,0.0164322,0.0336969,0.133613,0.139608,0.073119
0.00586138,0.00217657,0.00963884,0.338871,1.89533,0.997932,2.9946,10.618,5.19318,0.0255726,0.0164237,0.0337361,0.133738,0.139709,0.0730684
0.00589848,0.00217788,0.00968134,0.339194,1.89693,0.999295,2.99903,10.6377,5.20343,0.025645,0.0164225,0.0337763,0.133811,0.139831,0.0731187
0.00593324,0.00217916,0.00971062,0.339489,1.89837,1.00061,3.00344,10.6575,5.21364,0.0257217,0.0164198,0.0337933,0.133853,0.139954,0.0731925
0.00595979,0.00218067,0.00974258,0.339807,1.89977,1.00197,3.00787,10.6772,5.22392,0.0257694,0.016416,0.0338328,0.133926,0.140064,0.0732447
0.00597935,0.0021823,0.009768,0.340119,1.90106,1.00333,3.01231,10.697,5.23422,0.0258103,0.0164123,0.0338627,0.133996,0.140151,0.0732999
0.0060058,0.00218384,0.00980226,0.340436,1.90251,1.00471,3.01675,10.7168,5.24452,0.0258614,0.0164099,0.0339004,0.134055,0.140245,0.0733634
0.00604656,0.00218451,0.00981828,0.340708,1.90392,1.00586,3.02109,10.7366,5.25435,0.0259539,0.0164089,0.0338907,0.133999,0.140359,0.0734728
0.00606133,0.00218579,0.00980512,0.340977,1.90482,1.00704,3.02545,10.7563,5.26424,0.0260096,0.0164065,0.0338521,0.133952,0.140381,0.073581
0.00608252,0.00218706,0.00980443,0.341245,1.90583,1.00813,3.02979,10.776,5.27405,0.0260712,0.0164055,0.0338303,0.133889,0.140396,0.0736927
0.00604758,0.00218992,0.00976573,0.341538,1.90602,1.00948,3.03425,10.7954,5.28444,0.0260227,0.016406,0.0338042,0.13397,0.140223,0.0737422
0.00602536,0.00219287,0.00975208,0.34187,1.90651,1.0108,3.03872,10.8149,5.29482,0.0259788,0.0164087,0.0338195,0.134071,0.140045,0.0737681
0.00594243,0.00219605,0.00965563,0.342135,1.90577,1.01194,3.04311,10.8339,5.30475,0.02583,0.0164157,0.0337654,0.134196,0.139623,0.0737081
0.00590933,0.00219864,0.00965171,0.342426,1.90622,1.01308,3.0475,10.8532,5.3147,0.025757,0.0164223,0.0338096,0.134321,0.139351,0.0736465
0.00587062,0.00220103,0.0096395,0.342679,1.90657,1.01413,3.05185,10.8724,5.3244,0.0256746,0.016431,0.0338462,0.134442,0.139022,0.0735535
0.00588857,0.00220363,0.00968598,0.342994,1.90784,1.01541,3.05633,10.892,5.33477,0.0256988,0.0164357,0.0339168,0.134556,0.138869,0.0735584
0.00588338,0.00220517,0.0097276,0.343238,1.90895,1.01644,3.06067,10.9116,5.34445,0.0256623,0.0164412,0.0340131,0.134676,0.138703,0.0734592
0.00590656,0.002207,0.00978352,0.343564,1.91046,1.01777,3.06515,10.9313,5.35479,0.0256942,0.0164449,0.0340921,0.134795,0.138613,0.0734503
0.00594636,0.00220794,0.00981052,0.343866,1.91187,1.01909,3.06963,10.9513,5.3652,0.0257831,0.0164435,0.0340983,0.134827,0.138642,0.0735329
0.00598288,0.00220843,0.00984911,0.344182,1.91339,1.02046,3.07413,10.9713,5.3757,0.0258545,0.0164402,0.0341324,0.134881,0.13872,0.0736026
0.00602247,0.00220887,0.00987088,0.344454,1.91473,1.02166,3.07858,10.9914,5.38594,0.025943,0.0164373,0.0341322,0.134865,0.138806,0.0737028
0.00604182,0.00220909,0.00992274,0.344765,1.91624,1.02301,3.08308,11.0116,5.39643,0.0259508,0.0164331,0.0342248,0.134975,0.138921,0.0737076
0.00607124,0.00220984,0.00998186,0.345088,1.9179,1.0244,3.08761,11.0317,5.40702,0.0259909,0.016431,0.0343048,0.135064,0.13903,0.0737453
0.00611216,0.00221053,0.0100222,0.345402,1.91949,1.02572,3.09211,11.052,5.4175,0.0260628,0.016429,0.0343434,0.135089,0.139145,0.0738292
0.00615142,0.00221148,0.0100722,0.345705,1.92117,1.02707,3.09663,11.0722,5.42801,0.026131,0.0164287,0.0343938,0.135116,0.139252,0.0739121
0.00619541,0.00221159,0.0100931,0.345945,1.92258,1.02815,3.10104,11.0924,5.43799,0.0262236,0.0164272,0.0343902,0.135038,0.13937,0.0740259
0.00622383,0.00221308,0.010156,0.346291,1.92429,1.02953,3.10558,11.1127,5.44865,0.0262413,0.0164275,0.0344923,0.135123,0.139479,0.0740686
0.00625279,0.00221447,0.0102189,0.346632,1.92604,1.03094,3.11013,11.133,5.45933,0.0262598,0.0164282,0.0345932,0.13521,0.139588,0.0741086
0.00629197,0.00221571,0.0102702,0.346933,1.92772,1.03224,3.11465,11.1533,5.46982,0.0263285,0.0164288,0.0346418,0.135217,0.139698,0.0742003
0.00632927,0.00221658,0.0103262,0.347247,1.92943,1.03358,3.1192,11.1737,5.48046,0.0263787,0.0164273,0.034713,0.135257,0.139821,0.0742758
0.00635963,0.00221747,0.0103915,0.347554,1.93119,1.035,3.12376,11.1941,5.49119,0.0264121,0.0164263,0.0348026,0.135328,0.139945,0.0743291
0.00640222,0.00221803,0.0104357,0.347849,1.93287,1.03626,3.12827,11.2145,5.50161,0.0264893,0.0164254,0.0348369,0.135309,0.140069,0.0744289
0.0064446,0.00221877,0.0104748,0.348127,1.93442,1.03738,3.13275,11.235,5.51187,0.0265727,0.0164245,0.0348585,0.135257,0.140193,0.0745374
0.00643001,0.00221836,0.0105151,0.348418,1.93569,1.0386,3.13724,11.2554,5.52218,0.0264964,0.0164211,0.0349701,0.135382,0.140308,0.074471
0.00645393,0.00221903,0.0105794,0.348741,1.93742,1.04,3.14182,11.2759,5.53294,0.0265064,0.0164196,0.0350724,0.135485,0.140429,0.0744861
0.00649431,0.00222008,0.0106353,0.349068,1.9392,1.04138,3.1464,11.2964,5.54368,0.0265701,0.0164192,0.0351295,0.135523,0.140554,0.0745611
0.00653533,0.00222092,0.0106851,0.349355,1.9409,1.04269,3.15096,11.3169,5.55433,0.026644,0.0164185,0.0351693,0.135533,0.140677,0.0746499
0.00656228,0.00222198,0.0107494,0.349691,1.94256,1.04402,3.15557,11.3375,5.56518,0.026678,0.0164167,0.0352503,0.135612,0.140794,0.0746943
0.00651752,0.00222005,0.0107606,0.349907,1.94336,1.04494,3.15992,11.3579,5.57482,0.0265579,0.0164126,0.0353313,0.135724,0.140855,0.0745357
0.00653155,0.00222055,0.0108323,0.350195,1.94505,1.04617,3.16445,11.3785,5.58529,0.0265512,0.0164119,0.0354448,0.135848,0.140971,0.0744776
0.00655792,0.00222163,0.0109042,0.350507,1.94683,1.04746,3.16903,11.3991,5.59596,0.0265719,0.0164119,0.0355454,0.135968,0.141093,0.0744494
0.0065765,0.00222202,0.0109761,0.350797,1.94862,1.04868,3.17355,11.4198,5.60636,0.0265698,0.0164117,0.0356583,0.136093,0.141212,0.0743786
0.00661879,0.00222328,0.0110317,0.35113,1.95045,1.05011,3.17818,11.4405,5.6173,0.0266371,0.0164119,0.0357095,0.13618,0.141335,0.0744153
0.00666685,0.00222432,0.0110641,0.351414,1.95213,1.05147,3.18279,11.4612,5.62812,0.0267271,0.016412,0.0357154,0.136204,0.141457,0.0744975
0.00670181,0.00222624,0.0110908,0.351707,1.95363,1.05278,3.18739,11.4819,5.6389,0.0268068,0.0164143,0.0357064,0.136215,0.141572,0.0745871
0.00672909,0.00222768,0.0111663,0.352036,1.95544,1.05412,3.19203,11.5027,5.64984,0.0268368,0.0164142,0.0358002,0.136319,0.141697,0.0746
0.00672516,0.00222709,0.0112275,0.352309,1.95707,1.05524,3.1965,11.5234,5.65994,0.0267808,0.0164132,0.0359225,0.136439,0.141814,0.0744834
0.00677107,0.00222866,0.0112704,0.352626,1.95884,1.05664,3.20114,11.5442,5.67093,0.026859,0.0164142,0.0359481,0.136489,0.141938,0.0745523
0.00680778,0.00223066,0.011322,0.352959,1.96059,1.05804,3.2058,11.565,5.68196,0.0269203,0.0164162,0.0359891,0.136555,0.142055,0.0746113
0.00684338,0.00223238,0.0113915,0.353292,1.96244,1.0594,3.21047,11.5859,5.69302,0.0269654,0.0164167,0.036068,0.136647,0.142179,0.0746437
0.00684361,0.00223229,0.0114495,0.353571,1.96407,1.06052,3.21498,11.6068,5.70324,0.0269049,0.0164166,0.036193,0.136768,0.142304,0.0745348
0.00687298,0.00223316,0.0115177,0.353894,1.96588,1.06183,3.21962,11.6277,5.71418,0.0269251,0.0164152,0.0362877,0.136884,0.142424,0.074521
0.00685096,0.00223168,0.0115591,0.354104,1.96715,1.06261,3.22399,11.6486,5.72374,0.0268321,0.016413,0.0363987,0.136986,0.142533,0.0743385
0.00681571,0.0022289,0.0115841,0.354234,1.96821,1.0631,3.22821,11.6694,5.73251,0.0267133,0.0164106,0.0364996,0.137055,0.14263,0.0740837
0.00680344,0.00222701,0.0116318,0.354439,1.96959,1.06389,3.23257,11.6903,5.74205,0.0266603,0.0164083,0.0365922,0.137156,0.142703,0.0738961
0.00681936,0.00222635,0.0117088,0.354687,1.97145,1.06489,3.23704,11.7113,5.75207,0.0266592,0.0164077,0.0367017,0.137271,0.14281,0.0737565
0.00686429,0.0022278,0.0117596,0.355018,1.97326,1.06626,3.24173,11.7323,5.76317,0.0267366,0.0164078,0.0367329,0.137378,0.142932,0.0737648
0.00688886,0.0022285,0.0118384,0.3553,1.97517,1.0674,3.2463,11.7533,5.77368,0.0267544,0.0164083,0.0368337,0.137502,0.143056,0.0736777
0.00691816,0.00222906,0.0119143,0.355584,1.97711,1.06856,3.25088,11.7744,5.78422,0.0267725,0.0164085,0.0369358,0.137626,0.14318,0.0735921
0.00695675,0.00223004,0.0119849,0.355889,1.97908,1.06982,3.25552,11.7955,5.79506,0.0268081,0.0164087,0.0370247,0.13775,0.143305,0.0735438
0.00698597,0.0022311,0.0120611,0.356196,1.98103,1.07105,3.26015,11.8167,5.80582,0.0268324,0.0164093,0.037119,0.137875,0.143429,0.0734822
0.00701416,0.00223166,0.0121393,0.356492,1.98306,1.07228,3.26476,11.8378,5.81649,0.0268496,0.0164097,0.0372211,0.138,0.143554,0.0734072
0.00705896,0.00223296,0.0121796,0.356819,1.98484,1.0737,3.2695,11.859,5.82776,0.0269402,0.0164097,0.0372215,0.138076,0.143678,0.0734561
0.00710214,0.00223392,0.0122322,0.357146,1.9867,1.07513,3.27423,11.8802,5.83906,0.0270131,0.0164089,0.0372538,0.138162,0.143796,0.0734924
0.0071454,0.00223496,0.0122947,0.357489,1.98868,1.07655,3.27898,11.9014,5.85036,0.0270721,0.0164083,0.037312,0.138257,0.143915,0.0735188
0.00718825,0.00223627,0.0123644,0.35782,1.9907,1.07796,3.28372,11.9227,5.86166,0.0271215,0.0164083,0.0373871,0.138357,0.144038,0.0735397
0.00722853,0.00223779,0.0124358,0.358146,1.99274,1.07937,3.28847,11.9439,5.87296,0.0271585,0.0164088,0.0374723,0.138462,0.144163,0.0735534
0.0072594,0.00223961,0.0125123,0.358499,1.99472,1.08074,3.29321,11.9653,5.88425,0.0271895,0.0164097,0.0375573,0.138572,0.144285,0.073559
0.00727589,0.00224062,0.0125772,0.358774,1.99655,1.08193,3.29787,11.9866,5.89505,0.0271549,0.0164105,0.0376757,0.138697,0.144405,0.0734864
0.0072901,0.00224099,0.0126535,0.359055,1.99844,1.08311,3.30251,12.0079,5.90583,0.0271314,0.0164099,0.0377949,0.138821,0.14453,0.0734076
0.00731262,0.00224117,0.0127308,0.359359,2.0005,1.08439,3.30718,12.0293,5.91671,0.0271225,0.0164095,0.0379102,0.138946,0.144653,0.0733387
0.00735018,0.00224239,0.0127704,0.359689,2.00228,1.0858,3.31195,12.0507,5.92808,0.0272207,0.0164096,0.037887,0.13899,0.144778,0.0734107
0.00730685,0.00224108,0.0126482,0.360008,2.00216,1.08724,3.31674,12.0717,5.9395,0.0272063,0.0164059,0.0376827,0.13904,0.144702,0.0734721
0.0073362,0.00224114,0.0126487,0.360326,2.00355,1.0886,3.32149,12.093,5.95077,0.0272854,0.0164053,0.0376245,0.139046,0.144756,0.0735591
0.00737906,0.00224151,0.0126738,0.360629,2.00523,1.08995,3.32625,12.1144,5.96204,0.0273653,0.0164053,0.037612,0.13905,0.144826,0.0736473
0.00742084,0.00224304,0.0127311,0.360971,2.00721,1.09136,3.33104,12.1359,5.97345,0.0274328,0.0164054,0.0376478,0.139085,0.144949,0.073724
0.00747095,0.00224402,0.0127878,0.361293,2.00931,1.09279,3.33581,12.1574,5.98482,0.027506,0.0164054,0.0376872,0.139103,0.145068,0.0738083
0.00750215,0.0022435,0.0127481,0.361495,2.01047,1.09359,3.3403,12.179,5.99469,0.0276193,0.0164055,0.0375433,0.138893,0.145192,0.0739329
0.00754549,0.00224202,0.012732,0.361681,2.01193,1.09437,3.34476,12.2005,6.00444,0.0277343,0.0164053,0.037444,0.138667,0.145302,0.0740578
0.00756554,0.00223976,0.0126431,0.361741,2.01256,1.09446,3.34891,12.2221,6.01261,0.0278421,0.0164056,0.0372336,0.138256,0.145418,0.0741731
0.00752663,0.0022421,0.0125357,0.361964,2.01261,1.09553,3.35353,12.2434,6.02322,0.0278008,0.0164096,0.0370745,0.138146,0.145385,0.0742927
0.00747883,0.00224534,0.0124582,0.362246,2.01283,1.09685,3.35828,12.2646,6.03443,0.0277337,0.0164167,0.0369673,0.138127,0.145307,0.074396
0.00752899,0.00224579,0.0125127,0.362503,2.01483,1.09795,3.36294,12.2863,6.04516,0.0278063,0.0164175,0.0370072,0.138027,0.145414,0.0745132
0.0075698,0.00224731,0.0125758,0.362809,2.01682,1.09922,3.3677,12.308,6.05638,0.0278433,0.0164195,0.0370802,0.138001,0.145506,0.0746162
0.00758639,0.00225006,0.012633,0.363135,2.0185,1.10057,3.37253,12.3296,6.06798,0.0278312,0.0164233,0.0371637,0.138048,0.14556,0.0746903
0.00747458,0.00225256,0.0125433,0.36339,2.01819,1.1017,3.37722,12.3509,6.07878,0.0275824,0.0164324,0.0371423,0.138169,0.145478,0.0745948
0.00748765,0.00225445,0.012611,0.363721,2.02,1.10309,3.38207,12.3726,6.09037,0.0275471,0.0164343,0.0372598,0.138282,0.14555,0.0745977
0.00747728,0.00225587,0.0126759,0.364022,2.02159,1.1043,3.38683,12.3943,6.10156,0.0274764,0.0164362,0.0373803,0.138407,0.14562,0.0745376
0.00743289,0.00225745,0.0126871,0.364288,2.02258,1.10534,3.39149,12.4158,6.11215,0.0273491,0.0164436,0.0374482,0.138522,0.145599,0.0744153
0.00744733,0.00226031,0.012742,0.364603,2.02427,1.10668,3.39633,12.4374,6.12368,0.0273435,0.0164503,0.0375206,0.138642,0.145589,0.0744001
0.00745543,0.00226299,0.0127951,0.364922,2.02591,1.10796,3.40114,12.4591,6.13504,0.0273198,0.0164574,0.0376008,0.138766,0.145567,0.074358
0.00745087,0.00226521,0.0128472,0.365219,2.0275,1.10919,3.4059,12.4807,6.14615,0.0272818,0.0164658,0.0376776,0.13889,0.145528,0.0742857
0.00749384,0.00226736,0.0129005,0.365569,2.02945,1.11065,3.4108,12.5024,6.15796,0.027357,0.0164692,0.0377008,0.138973,0.14556,0.0743349
0.00752962,0.00226701,0.0129362,0.365902,2.03124,1.11213,3.41569,12.5244,6.16976,0.0274306,0.0164622,0.0376985,0.139037,0.145679,0.0743945
0.00755563,0.00226595,0.0128991,0.366198,2.0323,1.11336,3.4205,12.5464,6.18112,0.0275164,0.0164525,0.0375852,0.138999,0.145803,0.0744985
0.00751895,0.00226354,0.0128393,0.36653,2.03276,1.11479,3.42539,12.5682,6.1929,0.0274489,0.0164372,0.0375257,0.139106,0.145864,0.0745001
0.00751789,0.00226255,0.012847,0.366858,2.03399,1.11621,3.43029,12.5902,6.20471,0.0274277,0.0164282,0.0375441,0.139212,0.145944,0.0745064
0.00749761,0.0022608,0.0128367,0.367184,2.03504,1.1176,3.43515,12.612,6.21631,0.0273616,0.01642,0.0375624,0.139333,0.14598,0.074467
0.00754474,0.00226204,0.0128991,0.367537,2.03714,1.11906,3.44007,12.6341,6.22818,0.0274325,0.01642,0.0376072,0.139388,0.146103,0.074531
0.00759055,0.00226272,0.0129536,0.367868,2.03916,1.1205,3.44498,12.6562,6.24002,0.0275083,0.0164186,0.0376366,0.139423,0.146218,0.0746063
0.00762684,0.00226319,0.0130043,0.368213,2.04104,1.1219,3.4499,12.6783,6.25185,0.027581,0.0164163,0.0376535,0.139453,0.14632,0.0746834
0.00759671,0.00226184,0.0129519,0.368572,2.04164,1.12338,3.45484,12.7,6.26382,0.0275387,0.0164099,0.0375845,0.139539,0.14625,0.0747123
0.00762445,0.00226182,0.0129727,0.368892,2.04319,1.12481,3.45978,12.722,6.27576,0.0275769,0.0164074,0.0375915,0.139585,0.146267,0.074777
0.007642,0.00226209,0.0130383,0.369225,2.04508,1.1263,3.46473,12.7441,6.28774,0.0275844,0.0164063,0.0376694,0.139686,0.146306,0.0747902
0.00769116,0.00226298,0.0130952,0.369555,2.04714,1.12773,3.46967,12.7662,6.29966,0.0276583,0.0164061,0.0377062,0.139718,0.146391,0.0748663
0.00773517,0.00226431,0.0131646,0.369898,2.04924,1.12914,3.47462,12.7885,6.31164,0.0277258,0.0164061,0.0377574,0.13976,0.146495,0.0749372
0.00774961,0.00226495,0.0132362,0.370228,2.05113,1.13053,3.47956,12.8106,6.32354,0.0277087,0.0164056,0.0378604,0.139876,0.146562,0.0749216
0.0077365,0.00226441,0.0132857,0.370499,2.05273,1.13175,3.48437,12.8328,6.33483,0.027629,0.0164052,0.0379657,0.139999,0.146608,0.0748229
0.00778387,0.00226578,0.0133551,0.370852,2.05491,1.13321,3.48935,12.8551,6.34694,0.0276913,0.0164053,0.0380242,0.140075,0.146711,0.0748693
0.00782134,0.00226728,0.0134381,0.371189,2.05708,1.13464,3.49434,12.8774,6.35904,0.0277316,0.0164054,0.0381086,0.140173,0.146822,0.0748905
0.00781994,0.00226727,0.013513,0.371466,2.059,1.13582,3.49915,12.8998,6.37032,0.027675,0.0164053,0.0382328,0.140296,0.146923,0.0747877
0.00786293,0.00226892,0.0135836,0.371805,2.06119,1.1373,3.50415,12.9222,6.38247,0.0277263,0.0164055,0.0382958,0.140393,0.147046,0.0748116
0.00790585,0.00227038,0.0136594,0.372166,2.06347,1.13879,3.50915,12.9447,6.39464,0.027777,0.0164057,0.0383651,0.14049,0.147168,0.0748363
0.00795597,0.00227158,0.0137139,0.372525,2.06561,1.14025,3.51416,12.9671,6.40678,0.0278611,0.0164057,0.0383838,0.140538,0.147283,0.0749045
0.00800106,0.0022725,0.0137802,0.372878,2.06784,1.14175,3.51917,12.9896,6.41899,0.0279318,0.0164055,0.0384238,0.140599,0.147389,0.0749631
0.00804507,0.00227301,0.0138024,0.373225,2.06966,1.14307,3.52413,13.012,6.43088,0.0280256,0.0164054,0.0383867,0.140584,0.14748,0.0750583
0.00806735,0.00227317,0.0138224,0.373556,2.07133,1.14456,3.52915,13.0344,6.44312,0.028052,0.0164058,0.0383889,0.140641,0.147501,0.0751171
0.00812025,0.00227402,0.0138816,0.373907,2.0736,1.146,3.53415,13.0569,6.45521,0.0281286,0.0164059,0.0384229,0.140657,0.147601,0.0752007
0.00817138,0.00227414,0.0138802,0.374148,2.0753,1.14704,3.53896,13.0795,6.46634,0.0282387,0.0164057,0.0383478,0.140526,0.147721,0.0753204
0.0081873,0.00227637,0.0138853,0.374456,2.07676,1.1484,3.54395,13.1021,6.47838,0.0282594,0.0164055,0.0383259,0.140528,0.147821,0.0754137
0.00815743,0.00227939,0.0138748,0.374773,2.07775,1.14988,3.549,13.1246,6.49073,0.0281952,0.016407,0.0383142,0.140616,0.147875,0.0754538
0.00812896,0.00228244,0.0138584,0.375123,2.07875,1.15138,3.55405,13.1471,6.50305,0.0281197,0.0164104,0.0383091,0.14072,0.147901,0.0754747
0.0081709,0.00228437,0.013922,0.375466,2.08094,1.15287,3.55911,13.1697,6.51539,0.0281613,0.016412,0.0383688,0.140774,0.148,0.0755425
0.00821447,0.00228593,0.0139941,0.375806,2.08323,1.15434,3.56416,13.1924,6.5277,0.0282202,0.0164131,0.0384228,0.140813,0.148109,0.0756188
0.00826161,0.00228627,0.0140498,0.376161,2.08546,1.15577,3.56919,13.2152,6.53988,0.0282923,0.0164116,0.038449,0.140821,0.148233,0.075708
0.00830762,0.00228598,0.0140606,0.376439,2.08724,1.15688,3.57408,13.238,6.55137,0.0283927,0.0164101,0.0383926,0.14072,0.148355,0.0758243
0.00832087,0.00228565,0.0140793,0.376778,2.08892,1.15839,3.57916,13.2607,6.5638,0.0283828,0.0164074,0.0384168,0.140776,0.148431,0.0758859
0.00836845,0.00228643,0.0141486,0.377118,2.09123,1.15976,3.58419,13.2835,6.57594,0.0284574,0.0164073,0.0384559,0.140765,0.148554,0.0759816
0.00839945,0.00228647,0.0141862,0.377456,2.09315,1.16115,3.58924,13.3063,6.58817,0.028505,0.0164061,0.0384658,0.140767,0.148639,0.0760716
0.00840719,0.00228643,0.0141882,0.377796,2.09458,1.16259,3.59433,13.329,6.60061,0.028495,0.0164055,0.0384635,0.14081,0.148667,0.0761396
0.00836452,0.00228611,0.0141536,0.37813,2.09535,1.16408,3.59942,13.3515,6.61307,0.0283905,0.0164066,0.0384524,0.140917,0.148618,0.0761413
0.00838735,0.00228668,0.0142015,0.378474,2.09729,1.16559,3.60454,13.3742,6.62563,0.0283914,0.0164081,0.0385112,0.140994,0.148644,0.0761846
0.00842492,0.00228753,0.0142747,0.37881,2.09958,1.16712,3.60966,13.3971,6.6382,0.0284204,0.0164092,0.0385883,0.141062,0.148704,0.0762367
0.0084752,0.0022884,0.014342,0.379137,2.10197,1.16859,3.61474,13.42,6.65058,0.0284973,0.0164092,0.0386244,0.141072,0.1488,0.0763243
0.00851891,0.00228773,0.0143326,0.379372,2.10369,1.16963,3.61962,13.4429,6.66183,0.0286113,0.0164098,0.0385254,0.140919,0.148874,0.076446
0.00855369,0.00228588,0.0142784,0.379519,2.10492,1.17019,3.62425,13.4659,6.67188,0.0287347,0.0164099,0.0383545,0.14063,0.148965,0.0765701
0.00861439,0.00228547,0.0143118,0.379763,2.10711,1.17124,3.62915,13.4889,6.68324,0.0288289,0.0164105,0.0383466,0.140488,0.149045,0.076691
0.00861523,0.00228606,0.0142747,0.380005,2.10819,1.17224,3.63402,13.512,6.69454,0.0288668,0.0164072,0.0382401,0.140342,0.149154,0.0768132
0.00865875,0.00228702,0.0143496,0.380326,2.11059,1.1736,3.63909,13.5351,6.70676,0.0289162,0.0164065,0.0383037,0.140312,0.149277,0.0769155
0.00871358,0.00228757,0.0144197,0.380614,2.11301,1.17487,3.64412,13.5583,6.71882,0.0289837,0.0164065,0.0383566,0.140256,0.149396,0.0770243
0.00874779,0.00228904,0.0145051,0.380948,2.11535,1.17631,3.64927,13.5814,6.73144,0.0289966,0.0164061,0.0384557,0.140294,0.14952,0.0771
0.00872375,0.00229049,0.0145476,0.381248,2.11687,1.17767,3.65438,13.6046,6.74391,0.0288777,0.0164056,0.0385652,0.140414,0.149643,0.0770734
0.00863648,0.00229064,0.0145278,0.381494,2.11742,1.17861,3.65926,13.6278,6.75516,0.0286523,0.0164052,0.038634,0.140525,0.14976,0.0769214
0.00849301,0.00228915,0.0144265,0.381623,2.11689,1.17898,3.66383,13.651,6.76476,0.0283422,0.0164051,0.0386291,0.140577,0.149844,0.0766461
0.0084049,0.00228704,0.0144178,0.381724,2.11754,1.17929,3.66836,13.6742,6.77419,0.0281303,0.0164053,0.038703,0.140623,0.149953,0.0763584
0.00834721,0.00228917,0.0143627,0.381998,2.11793,1.1804,3.67335,13.6972,6.78594,0.0280212,0.0164085,0.0386565,0.140743,0.149913,0.0762519
0.00822903,0.00229181,0.0141925,0.382233,2.11681,1.18135,3.67827,13.7198,6.79727,0.0278229,0.0164162,0.0384957,0.140853,0.149701,0.076112
0.00812122,0.00229446,0.0140576,0.382445,2.11603,1.18221,3.68316,13.7424,6.80838,0.0276429,0.0164272,0.0383724,0.140956,0.149436,0.0759544
0.00798522,0.00229867,0.0138482,0.382712,2.1143,1.18324,3.68814,13.7645,6.81993,0.0274485,0.0164448,0.0381454,0.141069,0.148962,0.0758358
0.00787157,0.00230306,0.0136786,0.382974,2.11303,1.18423,3.69311,13.7866,6.83142,0.0272774,0.0164653,0.0379701,0.141181,0.148433,0.0757126
0.00774343,0.00230758,0.0134964,0.383212,2.1115,1.18514,3.69804,13.8085,6.84266,0.0270908,0.0164906,0.0377806,0.141284,0.147784,0.0755711
0.00772292,0.00231254,0.0134713,0.383534,2.11211,1.18639,3.70316,13.8308,6.85498,0.0270626,0.0165095,0.0377425,0.141409,0.147328,0.0755223
0.00760158,0.00231696,0.0133156,0.383756,2.11082,1.18713,3.70802,13.8526,6.86576,0.0268743,0.0165392,0.0375953,0.141495,0.146592,0.0753496
0.00758533,0.00232202,0.0133038,0.38407,2.11156,1.18833,3.71312,13.8748,6.87794,0.0268443,0.0165608,0.0375811,0.141619,0.146064,0.0752864
0.00753411,0.00232628,0.0132559,0.384356,2.1118,1.18935,3.71811,13.8969,6.88942,0.0267507,0.0165876,0.0375468,0.141726,0.14545,0.0751658
0.00758111,0.00232828,0.0133127,0.384728,2.11377,1.1908,3.72334,13.9199,6.90229,0.0268234,0.0165868,0.0375866,0.141839,0.145299,0.0751799
0.00759602,0.00232693,0.0133813,0.385037,2.11571,1.19197,3.7284,13.9433,6.91427,0.0268183,0.0165762,0.0376838,0.141959,0.145295,0.0750852
0.00763683,0.00232829,0.0134536,0.385394,2.11784,1.19342,3.73362,13.9666,6.92707,0.0268764,0.0165748,0.0377472,0.142078,0.145246,0.07508
0.0076652,0.00232668,0.0134873,0.385757,2.11967,1.19493,3.73886,13.9902,6.93997,0.0269198,0.0165594,0.0377698,0.142192,0.145329,0.0750827
0.00770672,0.00232708,0.0134856,0.386086,2.12123,1.19636,3.74407,14.0137,6.95276,0.0270281,0.0165543,0.0376959,0.142203,0.145373,0.0751755
0.00766571,0.00232239,0.0133676,0.386436,2.12115,1.1979,3.74934,14.0373,6.96582,0.027017,0.0165224,0.0375245,0.142268,0.145484,0.07523
0.00765378,0.00231898,0.0132931,0.38677,2.12166,1.19939,3.75459,14.061,6.97876,0.0270491,0.0164995,0.0373921,0.142293,0.145591,0.0753091
0.00763396,0.0023153,0.0131957,0.387121,2.12194,1.20086,3.75983,14.0846,6.9916,0.0270697,0.0164775,0.0372373,0.142294,0.14566,0.0753963
0.00766043,0.00231309,0.0131396,0.387378,2.12291,1.20188,3.76486,14.1084,7.00339,0.0271651,0.016467,0.0371037,0.142153,0.145771,0.0755166
0.00767533,0.0023114,0.0131419,0.387708,2.12428,1.20335,3.77012,14.1321,7.01631,0.0272007,0.016455,0.0370862,0.142162,0.145848,0.0756012
0.0077047,0.00231027,0.0131604,0.388055,2.12595,1.20478,3.77536,14.1558,7.02916,0.0272508,0.0164463,0.037088,0.142155,0.145927,0.0756925
0.00774531,0.00230974,0.0131957,0.388352,2.12783,1.20608,3.78054,14.1797,7.04169,0.0273312,0.0164418,0.0370887,0.1421,0.146028,0.0757991
0.00775458,0.00230868,0.013204,0.388669,2.12912,1.20753,3.78583,14.2034,7.05475,0.0273446,0.0164325,0.037093,0.142124,0.146056,0.0758747
0.0076992,0.00230666,0.0131482,0.388988,2.12936,1.20901,3.7911,14.2268,7.06777,0.0272282,0.0164218,0.0370807,0.142239,0.145972,0.0758513
0.00764498,0.00230513,0.0131048,0.389306,2.12961,1.21044,3.79638,14.2502,7.08082,0.0271369,0.0164136,0.0370601,0.142354,0.145844,0.0758279
0.00750074,0.00230167,0.0129251,0.389527,2.12791,1.21153,3.80143,14.2731,7.09281,0.0269108,0.0164065,0.0369177,0.142472,0.14549,0.0756843
0.00732927,0.00229802,0.0126836,0.38971,2.12537,1.21255,3.80641,14.2956,7.10452,0.0266621,0.0164042,0.0366993,0.142586,0.144919,0.0755132
0.00726138,0.00229666,0.0125937,0.389988,2.12501,1.21389,3.81159,14.3184,7.11716,0.0265641,0.0164065,0.0366227,0.14271,0.144464,0.0754296
0.0072844,0.00229708,0.0126441,0.39033,2.12675,1.21546,3.81692,14.3418,7.13041,0.0266029,0.0164082,0.0366695,0.142815,0.144302,0.0754305
0.00732274,0.00229779,0.0126355,0.390653,2.12818,1.21676,3.82216,14.3657,7.14312,0.026714,0.0164078,0.036587,0.142762,0.144327,0.0755354
0.00736943,0.00229865,0.0126699,0.390993,2.1301,1.21824,3.82746,14.3896,7.15618,0.0268062,0.0164076,0.036584,0.142758,0.144354,0.0756256
0.00740242,0.00229807,0.0126206,0.391204,2.13114,1.21905,3.83245,14.4136,7.16757,0.0269227,0.0164067,0.0364428,0.142549,0.144434,0.07575
0.00741138,0.00230001,0.0126273,0.391553,2.13252,1.22048,3.83775,14.4378,7.18065,0.0269616,0.016405,0.0364154,0.142546,0.144559,0.0758435
0.00745846,0.0023008,0.0126855,0.391889,2.13471,1.22198,3.84308,14.4619,7.19377,0.0270316,0.016405,0.0364624,0.142546,0.144641,0.0759338
0.00748813,0.00229937,0.0126396,0.392041,2.13578,1.22255,3.84793,14.4861,7.20448,0.0271503,0.0164046,0.0363201,0.142263,0.144752,0.0760582
0.00753316,0.00229955,0.0126828,0.392346,2.13771,1.22381,3.85318,14.5102,7.21723,0.02722,0.016405,0.0363486,0.142203,0.144807,0.0761659
0.00755953,0.0023008,0.0127643,0.392704,2.13987,1.22536,3.85857,14.5344,7.23069,0.0272342,0.016405,0.0364529,0.142266,0.144901,0.0762227
0.0075901,0.00230216,0.0128441,0.393083,2.14205,1.22689,3.86397,14.5586,7.24418,0.0272546,0.0164051,0.0365533,0.142334,0.145,0.0762756
0.00760875,0.00230316,0.0129192,0.393423,2.14417,1.22846,3.86936,14.5829,7.25762,0.0272374,0.0164052,0.0366712,0.14244,0.145095,0.0762832
0.00765879,0.00230395,0.0129718,0.39372,2.14626,1.22985,3.8747,14.6072,7.27077,0.0273156,0.0164053,0.0367041,0.142426,0.145197,0.0763793
0.00768189,0.00230583,0.0130442,0.394086,2.14831,1.23136,3.88012,14.6315,7.28433,0.0273231,0.0164049,0.036798,0.142514,0.145321,0.0764156
0.00763883,0.0023069,0.0130639,0.394371,2.14938,1.23249,3.88533,14.6559,7.29682,0.0271994,0.0164045,0.0368848,0.142634,0.14544,0.0763087
0.00752056,0.00230664,0.0129749,0.394506,2.14898,1.23305,3.8902,14.6802,7.30752,0.0269654,0.0164053,0.0368707,0.142704,0.145499,0.0760726
0.0075215,0.00230869,0.0130121,0.394844,2.15059,1.23444,3.89554,14.7045,7.32065,0.0269446,0.016407,0.0369277,0.142828,0.145578,0.0760272
0.00754293,0.00231047,0.0130786,0.395201,2.15264,1.2359,3.90092,14.729,7.33397,0.0269619,0.0164085,0.0370038,0.14295,0.145675,0.076001
0.00758363,0.00231199,0.0131508,0.395559,2.15486,1.23742,3.90636,14.7535,7.34755,0.0270158,0.0164089,0.0370717,0.143057,0.145793,0.0760119
0.00761998,0.00231305,0.0132299,0.39589,2.15714,1.2389,3.91176,14.778,7.361,0.027049,0.0164089,0.037163,0.143175,0.145916,0.0759962
0.00766233,0.00231399,0.0133032,0.396242,2.1595,1.24051,3.91721,14.8026,7.37465,0.0271035,0.0164088,0.0372319,0.143278,0.146039,0.0760118
0.00769688,0.00231407,0.0132736,0.396549,2.16089,1.24178,3.9225,14.8272,7.38745,0.0272222,0.0164085,0.0371084,0.143198,0.146164,0.0761251
0.00769722,0.0023116,0.013144,0.396762,2.16112,1.24263,3.92756,14.8517,7.39908,0.0273148,0.016406,0.0368604,0.142982,0.146245,0.0762497
0.00770817,0.00230905,0.0130317,0.396845,2.16156,1.24286,3.93228,14.8763,7.40901,0.0274382,0.0164062,0.0366137,0.142607,0.146368,0.0763686
0.00768408,0.0023057,0.0128819,0.39701,2.16133,1.24358,3.93729,14.9007,7.4203,0.0274747,0.0164041,0.0363762,0.142354,0.146345,0.0764935
0.00770507,0.00230464,0.0128168,0.397122,2.16218,1.24392,3.94208,14.9253,7.43065,0.0275615,0.0164049,0.0362334,0.142019,0.14644,0.0766148
0.00760065,0.00230778,0.0126,0.397361,2.16061,1.24508,3.94731,14.9494,7.44324,0.0274407,0.0164111,0.0359763,0.141914,0.146265,0.0767345
0.00764551,0.00232305,0.0126811,0.397746,2.16273,1.24656,3.9528,14.9742,7.45706,0.0275657,0.0165361,0.0361013,0.142039,0.14639,0.0768595
0.00769582,0.00233819,0.0127579,0.398117,2.16494,1.2481,3.95831,14.999,7.4709,0.0276907,0.0166611,0.0362263,0.142164,0.146515,0.0769845
0.00774927,0.00235352,0.0128323,0.398472,2.16716,1.24965,3.96382,15.0238,7.48476,0.0278157,0.0167861,0.0363512,0.142289,0.14664,0.0771095
0.0077979,0.00236903,0.0129124,0.39883,2.16939,1.25121,3.96933,15.0486,7.49865,0.0279407,0.0169111,0.0364762,0.142414,0.146765,0.0772345
0.00784483,0.00238466,0.0129951,0.399194,2.17166,1.25278,3.97485,15.0735,7.51255,0.0280657,0.0170361,0.0366012,0.142539,0.14689,0.0773595
0.00789829,0.00240051,0.013072,0.399529,2.17392,1.25435,3.98038,15.0984,7.52648,0.0281907,0.0171611,0.0367262,0.142664,0.147015,0.0774845
0.00794862,0.00241647,0.013153,0.399896,2.17624,1.25595,3.98591,15.1234,7.54043,0.0283157,0.0172861,0.0368512,0.142789,0.14714,0.0776095
0.00799967,0.00243272,0.013234,0.40026,2.17857,1.25753,3.99145,15.1483,7.55441,0.0284407,0.0174111,0.0369762,0.142914,0.147265,0.0777345
0.00805405,0.00244917,0.0133126,0.40061,2.18089,1.25912,3.997,15.1733,7.56841,0.0285657,0.0175361,0.0371012,0.143039,0.14739,0.0778595
0.00810557,0.00246597,0.0133946,0.400996,2.18323,1.26069,4.00255,15.1983,7.58242,0.0286907,0.0176611,0.0372262,0.143165,0.147516,0.0779845
0.00815973,0.00248287,0.013475,0.401353,2.18559,1.26228,4.00811,15.2234,7.59646,0.0288157,0.0177861,0.0373512,0.14329,0.147641,0.0781095
0.00821927,0.00250012,0.0135507,0.401715,2.18794,1.26386,4.01368,15.2485,7.61053,0.0289407,0.0179111,0.0374762,0.143415,0.147766,0.0782345
0.00827223,0.00251749,0.0136339,0.402083,2.19033,1.26545,4.01925,15.2736,7.62461,0.0290657,0.0180361,0.0376012,0.14354,0.147891,0.0783595
0.00832328,0.00253509,0.0137199,0.402461,2.19274,1.26705,4.02483,15.2987,7.63872,0.0291907,0.0181611,0.0377262,0.143665,0.148016,0.0784845
0.00837828,0.00255277,0.0138028,0.40281,2.19517,1.26866,4.03041,15.3239,7.65285,0.0293157,0.0182861,0.0378512,0.14379,0.148141,0.0786095
0.00829797,0.00240252,0.0137224,0.403088,2.19645,1.26978,4.03571,15.3486,7.66565,0.028492,0.0169615,0.0372978,0.143386,0.148043,0.0785851
0.00834675,0.00236356,0.0136254,0.403052,2.19755,1.26936,4.04016,15.3735,7.67417,0.0285256,0.0166635,0.0369416,0.142554,0.148042,0.0787017
0.00833177,0.00235066,0.013701,0.4034,2.19956,1.2709,4.04574,15.3987,7.68825,0.0283643,0.0165473,0.0370531,0.142499,0.1481,0.0786504
0.00834609,0.00234559,0.013786,0.403769,2.20177,1.27239,4.05132,15.4238,7.70233,0.0283144,0.0164944,0.0371548,0.142458,0.148165,0.0786367
0.00830176,0.00234337,0.0138199,0.404099,2.20309,1.27382,4.05684,15.449,7.7161,0.0281448,0.0164699,0.0372718,0.142567,0.148231,0.0784807
0.00829372,0.00234212,0.0138823,0.404445,2.20498,1.27532,4.0624,15.4742,7.73003,0.0280556,0.0164561,0.0373966,0.142671,0.14833,0.0783686
0.00832847,0.00234205,0.0139661,0.404826,2.20743,1.27692,4.06803,15.4995,7.7443,0.0280767,0.016449,0.037491,0.14272,0.148437,0.0783635
0.00838081,0.00234197,0.0140278,0.405165,2.20987,1.27845,4.0736,15.5249,7.7583,0.028149,0.0164454,0.0375314,0.142694,0.148549,0.0784231
0.00843267,0.00234125,0.0140264,0.405407,2.21171,1.27948,4.07891,15.5503,7.77099,0.0282617,0.016444,0.0374612,0.1425,0.148659,0.0785366
0.00848549,0.00234235,0.014074,0.405715,2.21397,1.28076,4.08438,15.5756,7.78449,0.0283444,0.0164463,0.0374765,0.142408,0.148753,0.078635
0.00852254,0.00234377,0.014157,0.406089,2.21649,1.28235,4.09001,15.6011,7.79872,0.0283805,0.0164489,0.0375589,0.142431,0.148854,0.0786932
0.00857366,0.00234332,0.0141809,0.406366,2.21852,1.28347,4.09541,15.6265,7.81181,0.0284801,0.0164464,0.037531,0.142294,0.148977,0.0788059
0.00860035,0.00234323,0.0142474,0.406717,2.22073,1.28503,4.10105,15.652,7.82611,0.0285031,0.0164416,0.0375994,0.142327,0.149099,0.0788635
0.00862053,0.00234286,0.0143077,0.407068,2.22285,1.28664,4.10671,15.6776,7.8405,0.0285103,0.0164364,0.0376688,0.142386,0.149212,0.0789039
0.00866885,0.00234347,0.0143758,0.407422,2.22531,1.28813,4.11233,15.7031,7.85465,0.0285794,0.0164351,0.0377153,0.142384,0.149336,0.0789859
0.00871127,0.0023432,0.0144342,0.407785,2.2277,1.28971,4.11797,15.7287,7.86891,0.0286315,0.0164316,0.0377612,0.142398,0.149448,0.0790612
0.0087568,0.00234312,0.0144211,0.408012,2.22938,1.29057,4.12326,15.7543,7.88135,0.0287484,0.0164326,0.0376645,0.142199,0.149571,0.0791847
0.00878544,0.00234419,0.0145083,0.408365,2.2318,1.29214,4.12894,15.78,7.89584,0.0287564,0.0164313,0.0377683,0.142268,0.149694,0.0792293
0.00879043,0.00234504,0.0145898,0.408722,2.23397,1.29365,4.1346,15.8056,7.91017,0.0287144,0.0164298,0.0378877,0.14238,0.149815,0.0792138
0.00878454,0.0023461,0.0146654,0.409069,2.23606,1.29505,4.14019,15.8313,7.92411,0.0286472,0.0164308,0.038011,0.142504,0.14994,0.0791511
0.00878282,0.00234852,0.0147209,0.409395,2.23799,1.29648,4.1458,15.857,7.93819,0.0285949,0.0164357,0.0380994,0.142627,0.150041,0.079105
0.0087815,0.00235165,0.0147622,0.409721,2.23977,1.2979,4.15144,15.8827,7.95234,0.0285496,0.0164425,0.0381651,0.14275,0.150114,0.0790671
0.00872577,0.00235495,0.014727,0.40999,2.24047,1.29915,4.15696,15.9082,7.96586,0.0284171,0.0164542,0.0381686,0.142872,0.150107,0.0789721
0.00875547,0.00235772,0.0147838,0.41033,2.24274,1.30073,4.16266,15.9339,7.98035,0.0284401,0.016461,0.0382198,0.142979,0.150164,0.0789789
0.00880848,0.00235868,0.0148208,0.410687,2.24495,1.30224,4.16837,15.9597,7.99484,0.0285345,0.0164582,0.0382086,0.143012,0.150283,0.0790555
0.00882255,0.00235806,0.0148716,0.411042,2.24695,1.30375,4.17406,15.9856,8.00927,0.0285251,0.0164504,0.0382744,0.143127,0.150402,0.0790389
0.00883823,0.00235753,0.0149349,0.411392,2.24912,1.30526,4.17973,16.0115,8.02362,0.0285167,0.0164442,0.0383541,0.143247,0.15052,0.0790092
0.00887541,0.00235843,0.0150213,0.411752,2.25165,1.30681,4.18547,16.0374,8.03824,0.0285611,0.0164419,0.0384286,0.143352,0.150644,0.0790178
0.00888882,0.00235773,0.0150664,0.412111,2.25362,1.3083,4.19116,16.0633,8.05264,0.028552,0.0164352,0.0384865,0.143471,0.150745,0.0789882
0.00890156,0.00235687,0.0151128,0.41246,2.25566,1.30975,4.19681,16.0892,8.06688,0.0285259,0.0164296,0.0385611,0.143594,0.150838,0.0789364
0.00894767,0.00235731,0.0151807,0.412808,2.25818,1.31131,4.20255,16.1152,8.08149,0.0285452,0.0164271,0.0386494,0.143707,0.15095,0.0789293
0.00898807,0.00235831,0.0152692,0.413152,2.26084,1.31287,4.20829,16.1413,8.09613,0.0285719,0.0164264,0.0387444,0.143818,0.151072,0.0789257
0.00903277,0.00235906,0.0153558,0.413519,2.26361,1.31452,4.21407,16.1673,8.11091,0.0286216,0.0164257,0.0388185,0.143917,0.151191,0.0789448
0.0090799,0.00235861,0.0153395,0.413828,2.26548,1.31593,4.21971,16.1934,8.12499,0.0287352,0.0164239,0.0387177,0.143862,0.151303,0.0790523
0.00910147,0.00235725,0.0152274,0.414019,2.26629,1.31663,4.22495,16.2195,8.13702,0.0288587,0.0164246,0.0384721,0.143603,0.151428,0.079177
0.009086,0.00235232,0.0150176,0.414,2.26576,1.31637,4.22966,16.2456,8.1463,0.0289697,0.0164218,0.038096,0.14311,0.151538,0.0792836
0.00905697,0.00234853,0.0148805,0.414216,2.26569,1.31721,4.23503,16.2714,8.15889,0.0289927,0.0164147,0.0378791,0.142893,0.151501,0.079408
0.00903331,0.00234513,0.0147699,0.41445,2.26593,1.31812,4.24044,16.2971,8.17164,0.0290148,0.0164103,0.0376992,0.14269,0.151422,0.0795318
0.00904454,0.00234073,0.0146664,0.414503,2.26652,1.31812,4.24534,16.3231,8.18179,0.029114,0.0164087,0.0374891,0.142262,0.151437,0.0796467
0.00900993,0.00233771,0.0145492,0.414697,2.26641,1.31882,4.25069,16.3487,8.19422,0.0291165,0.016408,0.0373114,0.142026,0.151287,0.0797715
0.00856517,0.00233537,0.0138108,0.414964,2.25651,1.32035,4.25651,16.3723,8.20914,0.0285338,0.016417,0.0365824,0.142087,0.15024,0.0798138
0.0067968,0.00233282,0.010869,0.414643,2.21268,1.32109,4.26154,16.3868,8.2212,0.0263786,0.0164703,0.0335604,0.142179,0.145263,0.0795543
0.00650122,0.00233537,0.0103908,0.414899,2.20552,1.32266,4.26732,16.4078,8.23606,0.0260294,0.0165124,0.0330914,0.142282,0.143068,0.0795475
0.00637031,0.00233854,0.0101836,0.415197,2.20258,1.32429,4.27314,16.43,8.25103,0.0258774,0.0165494,0.0329049,0.142375,0.141353,0.0795639
0.00640628,0.00233899,0.0102196,0.415518,2.20401,1.3257,4.27888,16.4553,8.26541,0.0259608,0.0165474,0.0329305,0.142332,0.140971,0.0796682
0.0064425,0.00233746,0.0102068,0.415716,2.20506,1.32654,4.28432,16.4811,8.27822,0.0260584,0.016537,0.0328876,0.142129,0.140826,0.0797927
0.00632366,0.00233608,0.00997311,0.415966,2.20287,1.32791,4.28999,16.5075,8.2924,0.0259422,0.016494,0.032642,0.142064,0.140942,0.0799042
0.00636392,0.0023337,0.00995967,0.416059,2.20403,1.32828,4.29515,16.5335,8.30372,0.0260534,0.0164924,0.0325893,0.14173,0.140881,0.0800255
0.00631063,0.0023317,0.00982577,0.41624,2.20326,1.32904,4.30049,16.56,8.31624,0.0260347,0.0164658,0.0324319,0.141503,0.140989,0.0801504
0.00625497,0.00232999,0.00968731,0.416386,2.20238,1.32973,4.30579,16.5863,8.32854,0.026011,0.0164441,0.0322726,0.141257,0.141044,0.0802751
0.00620211,0.0023294,0.00956808,0.416569,2.20168,1.33066,4.31122,16.6126,8.34151,0.0259776,0.0164278,0.0321473,0.141069,0.14104,0.0803998
0.00621902,0.00232812,0.00955614,0.416721,2.20258,1.3312,4.31648,16.6391,8.35361,0.0260402,0.0164212,0.032122,0.140805,0.141123,0.0805239
0.00613181,0.00233037,0.00944986,0.417059,2.20156,1.33277,4.32235,16.6651,8.36872,0.0259132,0.0164122,0.032062,0.140858,0.140964,0.0805935
0.00605605,0.00233306,0.00935853,0.417422,2.20077,1.33439,4.32825,16.691,8.38391,0.0257963,0.0164081,0.0320218,0.140937,0.14074,0.0806442
0.00610116,0.00234786,0.0094136,0.418413,2.20142,1.33448,4.33415,16.7176,8.39913,0.0259213,0.0165331,0.0321468,0.141062,0.140865,0.0807692
0.00614625,0.00236279,0.00946948,0.419353,2.20216,1.33468,4.34007,16.7443,8.41436,0.0260463,0.0166581,0.0322718,0.141187,0.14099,0.0808942
0.00619081,0.00237795,0.00952661,0.420293,2.20299,1.33499,4.34599,16.7711,8.42961,0.0261713,0.0167831,0.0323968,0.141312,0.141115,0.0810192
0.00623127,0.00239333,0.00958855,0.421195,2.20387,1.33537,4.35192,16.7978,8.44488,0.0262963,0.0169081,0.0325218,0.141437,0.14124,0.0811442
0.0062713,0.00240888,0.00965172,0.422062,2.20484,1.33587,4.35786,16.8246,8.46017,0.0264213,0.0170331,0.0326468,0.141562,0.141365,0.0812692
0.00631279,0.00242467,0.00971412,0.422881,2.20584,1.33643,4.36381,16.8515,8.47548,0.0265463,0.0171581,0.0327718,0.141687,0.14149,0.0813942
0.00635824,0.00244072,0.00977326,0.423661,2.2069,1.33708,4.36977,16.8783,8.4908,0.0266713,0.0172831,0.0328968,0.141812,0.141615,0.0815192
0.00640418,0.00245691,0.00983272,0.424406,2.20805,1.33784,4.37574,16.9052,8.50615,0.0267963,0.0174081,0.0330218,0.141937,0.14174,0.0816442
0.00644484,0.00247331,0.00989824,0.425142,2.20931,1.33872,4.38172,16.9321,8.52151,0.0269213,0.0175331,0.0331468,0.142062,0.141865,0.0817692
0.00649108,0.00249001,0.00995884,0.42585,2.21062,1.33967,4.3877,16.9591,8.5369,0.0270463,0.0176581,0.0332718,0.142187,0.14199,0.0818942
0.00653275,0.00250688,0.0100248,0.42649,2.21213,1.34087,4.39369,16.986,8.55231,0.0271713,0.0177831,0.0333968,0.142312,0.142115,0.0820192
0.00658156,0.00252396,0.0100844,0.42698,2.21391,1.34244,4.39969,17.013,8.56774,0.0272963,0.0179081,0.0335218,0.142437,0.14224,0.0821442
0.00663076,0.00254139,0.0101443,0.427357,2.21594,1.34432,4.4057,17.0401,8.58319,0.0274213,0.0180331,0.0336468,0.142562,0.142365,0.0822692
0.00667507,0.00255885,0.01021,0.427603,2.21834,1.34664,4.41171,17.0671,8.59867,0.0275463,0.0181581,0.0337718,0.142687,0.14249,0.0823942
0.00672353,0.00257656,0.0102722,0.427719,2.22103,1.34934,4.41773,17.0942,8.61418,0.0276713,0.0182831,0.0338968,0.142812,0.142615,0.0825192
0.00677042,0.00259455,0.0103368,0.427717,2.22403,1.35238,4.42375,17.1213,8.62972,0.0277963,0.0184081,0.0340218,0.142937,0.14274,0.0826442
0.00681854,0.00261284,0.0104009,0.42758,2.2273,1.35576,4.42978,17.1485,8.64529,0.0279213,0.0185331,0.0341468,0.143062,0.142865,0.0827692
0.00686618,0.00263141,0.0104661,0.427342,2.23093,1.35951,4.43581,17.1756,8.66089,0.0280463,0.0186581,0.0342718,0.143187,0.14299,0.0828942
0.00691783,0.00265006,0.0105283,0.42697,2.23499,1.36371,4.44185,17.2028,8.67652,0.0281713,0.0187831,0.0343967,0.143312,0.143115,0.0830192
0.00696633,0.00266884,0.0105945,0.426462,2.23945,1.36833,4.44789,17.23,8.69219,0.0282963,0.0189081,0.0345217,0.143437,0.14324,0.0831442
0.0070141,0.00268808,0.010662,0.425825,2.2442,1.37323,4.45393,17.2573,8.7079,0.0284213,0.0190331,0.0346467,0.143562,0.143365,0.0832691
0.0070649,0.00270749,0.0107274,0.425066,2.24941,1.37854,4.45998,17.2845,8.72365,0.0285463,0.0191581,0.0347717,0.143687,0.14349,0.0833941
0.00711226,0.00272716,0.0107969,0.42421,2.25503,1.38422,4.46602,17.3118,8.73944,0.0286713,0.0192831,0.0348967,0.143812,0.143615,0.0835191
0.00716184,0.00274696,0.0108651,0.423265,2.26113,1.39027,4.47207,17.3391,8.75528,0.0287963,0.0194081,0.0350217,0.143937,0.14374,0.0836441
0.00721374,0.0027671,0.0109318,0.4222,2.26756,1.39658,4.47812,17.3665,8.77116,0.0289213,0.0195331,0.0351467,0.144062,0.143865,0.0837691
0.00726348,0.00278753,0.0110013,0.421084,2.27449,1.40324,4.48416,17.3938,8.78708,0.0290463,0.0196581,0.0352717,0.144187,0.14399,0.0838941
0.00731245,0.00280808,0.0110725,0.419856,2.28192,1.41027,4.49021,17.4212,8.80305,0.0291713,0.0197831,0.0353967,0.144312,0.144115,0.0840191
0.00736496,0.00282895,0.0111409,0.418555,2.28984,1.41761,4.49626,17.4486,8.81907,0.0292963,0.0199081,0.0355217,0.144437,0.14424,0.0841441
0.00741435,0.00284997,0.0112134,0.417166,2.29835,1.42535,4.5023,17.476,8.83514,0.0294213,0.0200331,0.0356467,0.144562,0.144365,0.0842691
0.007462,0.0028713,0.0112883,0.415703,2.30742,1.43341,4.50835,17.5035,8.85126,0.0295463,0.0201581,0.0357717,0.144687,0.14449,0.0843941
0.00751104,0.00289281,0.0113628,0.41414,2.31709,1.44185,4.51439,17.5309,8.86743,0.0296713,0.0202831,0.0358967,0.144812,0.144615,0.0845191
0.00756608,0.00291475,0.0114319,0.412513,2.32734,1.45059,4.52042,17.5584,8.88366,0.0297963,0.0204081,0.0360217,0.144937,0.14474,0.0846441
0.00761472,0.00293686,0.0115083,0.410796,2.33827,1.45972,4.52646,17.5859,8.89994,0.0299213,0.0205331,0.0361467,0.145062,0.144865,0.0847691
0.00766923,0.00295916,0.0115797,0.409019,2.34999,1.46926,4.53249,17.6135,8.91628,0.0300463,0.0206581,0.0362717,0.145187,0.14499,0.0848941
0.00772283,0.00298173,0.0116528,0.407173,2.36246,1.47919,4.53851,17.641,8.93268,0.0301713,0.0207831,0.0363967,0.145312,0.145115,0.0850191
0.00777663,0.0030047,0.0117264,0.405263,2.37563,1.48943,4.54454,17.6686,8.94914,0.0302963,0.0209081,0.0365217,0.145437,0.14524,0.0851441
0.00782963,0.00302791,0.0118017,0.403332,2.38953,1.49999,4.55055,17.6962,8.96566,0.0304213,0.0210331,0.0366467,0.145562,0.145365,0.0852691
0.00788515,0.00305121,0.0118755,0.40138,2.40413,1.51081,4.55656,17.7238,8.98225,0.0305463,0.0211581,0.0367717,0.145687,0.14549,0.0853941
0.00794314,0.00307484,0.0119476,0.399431,2.41931,1.5218,4.56257,17.7514,8.9989,0.0306713,0.0212831,0.0368967,0.145812,0.145615,0.0855191
0.00799739,0.00309877,0.0120242,0.39749,2.43511,1.53297,4.56857,17.7791,9.01561,0.0307963,0.0214081,0.0370217,0.145937,0.14574,0.0856441
0.00805324,0.00312308,0.0121,0.395562,2.45152,1.54431,4.57456,17.8068,9.03238,0.0309213,0.0215331,0.0371467,0.146062,0.145865,0.0857691
0.00811082,0.00314757,0.012175,0.393619,2.46862,1.55587,4.58055,17.8345,9.04923,0.0310463,0.0216581,0.0372717,0.146187,0.14599,0.0858941
0.00816608,0.00317225,0.0122532,0.391692,2.4865,1.56769,4.58653,17.8622,9.06614,0.0311713,0.0217831,0.0373967,0.146312,0.146115,0.0860191
0.0082233,0.00319728,0.0123303,0.389745,2.50499,1.57965,4.5925,17.8899,9.08311,0.0312963,0.0219081,0.0375217,0.146437,0.14624,0.0861441
0.0082768,0.0032226,0.0124119,0.387825,2.52421,1.59184,4.59847,17.9177,9.10015,0.0314213,0.0220331,0.0376467,0.146562,0.146365,0.0862691
0.00833429,0.00324825,0.0124904,0.38592,2.54418,1.60423,4.60443,17.9455,9.11726,0.0315463,0.0221581,0.0377717,0.146687,0.14649,0.0863941
0.00839666,0.0032741,0.0125649,0.384023,2.565,1.61688,4.61039,17.9733,9.13445,0.0316713,0.0222831,0.0378967,0.146812,0.146615,0.0865191
0.0084567,0.00330013,0.0126427,0.382128,2.58669,1.6298,4.61633,18.0011,9.1517,0.0317963,0.0224081,0.0380217,0.146937,0.14674,0.0866441
0.00851588,0.0033266,0.012722,0.380247,2.60902,1.64285,4.62227,18.0289,9.16902,0.0319213,0.0225331,0.0381467,0.147062,0.146865,0.0867691
0.00857816,0.00335331,0.0127992,0.378386,2.63215,1.6561,4.6282,18.0568,9.18641,0.0320463,0.0226581,0.0382717,0.147187,0.14699,0.0868941
0.00863388,0.00338028,0.0128839,0.376588,2.65604,1.66953,4.63413,18.0847,9.20387,0.0321713,0.0227831,0.0383967,0.147312,0.147115,0.0870191
0.008697,0.00340749,0.0129621,0.374795,2.68068,1.68312,4.64004,18.1126,9.22141,0.0322963,0.0229081,0.0385217,0.147437,0.14724,0.0871441
0.00875717,0.00343509,0.013044,0.37306,2.70599,1.69683,4.64595,18.1405,9.23901,0.0324213,0.0230331,0.0386467,0.147562,0.147365,0.0872691
0.00881115,0.00346295,0.013133,0.371382,2.73211,1.71073,4.65185,18.1685,9.25669,0.0325463,0.0231581,0.0387717,0.147687,0.14749,0.0873941
0.00887431,0.00349108,0.0132138,0.369726,2.75902,1.7248,4.65774,18.1964,9.27445,0.0326713,0.0232831,0.0388967,0.147812,0.147615,0.0875191
0.00893515,0.00351968,0.0132975,0.368132,2.78658,1.73897,4.66362,18.2244,9.29227,0.0327963,0.0234081,0.0390217,0.147937,0.14774,0.0876441
0.00899635,0.0035483,0.0133821,0.366559,2.81515,1.75341,4.66949,18.2524,9.31017,0.0329213,0.0235331,0.0391467,0.148062,0.147865,0.0877691
0.00906144,0.00357724,0.0134637,0.365036,2.84457,1.76804,4.67536,18.2805,9.32815,0.0330463,0.0236581,0.0392717,0.148187,0.14799,0.0878941
0.00913022,0.0036066,0.0135424,0.363544,2.87465,1.78277,4.68122,18.3086,9.3462,0.0331713,0.0237831,0.0393967,0.148312,0.148115,0.0880191
0.00919126,0.00363625,0.0136297,0.362112,2.90556,1.79767,4.68706,18.3367,9.36432,0.0332963,0.0239081,0.0395217,0.148437,0.14824,0.0881441
0.00925616,0.00366611,0.0137142,0.360722,2.93743,1.8128,4.6929,18.3648,9.38252,0.0334213,0.0240331,0.0396467,0.148562,0.148365,0.0882691
0.00931737,0.0036963,0.0138032,0.359378,2.97009,1.82808,4.69873,18.3929,9.4008,0.0335463,0.0241581,0.0397717,0.148687,0.14849,0.0883941
0.00938024,0.00372684,0.0138915,0.358094,3.00362,1.84353,4.70456,18.4211,9.41916,0.0336713,0.0242831,0.0398967,0.148812,0.148615,0.0885191
0.00944452,0.00375764,0.0139793,0.356849,3.03805,1.85918,4.71037,18.4493,9.43759,0.0337963,0.0244081,0.0400217,0.148937,0.14874,0.0886441
0.00951163,0.00378877,0.0140652,0.35566,3.07339,1.87501,4.71617,18.4775,9.4561,0.0339213,0.0245331,0.0401467,0.149062,0.148865,0.0887691
0.00957506,0.00382008,0.0141558,0.35453,3.10979,1.89111,4.72197,18.5058,9.47469,0.0340463,0.0246581,0.0402717,0.149187,0.14899,0.0888941
0.00963876,0.00385172,0.014247,0.353457,3.14711,1.90738,4.72775,18.5341,9.49335,0.0341713,0.0247831,0.0403967,0.149312,0.149115,0.0890191
0.00970262,0.00388387,0.0143388,0.352444,3.18512,1.92374,4.73353,18.5624,9.5121,0.0342963,0.0249081,0.0405217,0.149437,0.14924,0.0891441
0.00977075,0.00391628,0.0144273,0.351489,3.2242,1.94034,4.7393,18.5908,9.53092,0.0344213,0.0250331,0.0406467,0.149562,0.149365,0.0892691
0.0098413,0.00394889,0.0145145,0.350588,3.26442,1.95721,4.74505,18.6191,9.54983,0.0345463,0.0251581,0.0407717,0.149687,0.14949,0.0893941
0.00991153,0.00398174,0.014603,0.349757,3.30577,1.97434,4.7508,18.6475,9.56882,0.0346713,0.0252831,0.0408967,0.149812,0.149615,0.0895191
0.00997541,0.00401497,0.0146987,0.348996,3.348,1.99163,4.75654,18.676,9.58789,0.0347963,0.0254081,0.0410217,0.149937,0.14974,0.0896441
0.010047,0.00404851,0.0147876,0.348287,3.39131,2.00915,4.76227,18.7044,9.60703,0.0349213,0.0255331,0.0411467,0.150062,0.149865,0.0897691
0.0101163,0.00408246,0.0148797,0.347652,3.43553,2.02682,4.76799,18.733,9.62627,0.0350463,0.0256581,0.0412717,0.150187,0.14999,0.0898941
0.0101921,0.00411672,0.0149663,0.347065,3.48074,2.04469,4.7737,18.7615,9.64558,0.0351713,0.0257831,0.0413967,0.150312,0.150115,0.0900191
0.0102658,0.00415124,0.015056,0.346557,3.52714,2.06283,4.7794,18.7901,9.66498,0.0352963,0.0259081,0.0415217,0.150437,0.15024,0.0901441
0.0103361,0.00418612,0.0151501,0.346131,3.57457,2.08116,4.78509,18.8187,9.68446,0.0354213,0.0260331,0.0416467,0.150562,0.150365,0.0902691
0.0104122,0.00422134,0.0152393,0.34577,3.62311,2.09973,4.79077,18.8473,9.70403,0.0355463,0.0261581,0.0417717,0.150687,0.15049,0.0903941
0.0104801,0.00425686,0.0153376,0.345503,3.67278,2.11853,4.79644,18.876,9.72368,0.0356713,0.0262831,0.0418967,0.150812,0.150615,0.0905191
0.0105474,0.00429284,0.0154374,0.34532,3.72342,2.1375,4.8021,18.9047,9.74341,0.0357963,0.0264081,0.0420217,0.150937,0.15074,0.0906441
0.0106183,0.00432915,0.0155346,0.34521,3.77521,2.1567,4.80775,18.9335,9.76323,0.0359213,0.0265331,0.0421466,0.151062,0.150865,0.0907691
0.0106885,0.00436574,0.0156335,0.345186,3.82827,2.17619,4.81339,18.9623,9.78314,0.0360463,0.0266581,0.0422716,0.151187,0.15099,0.0908941
0.0107654,0.00440263,0.0157268,0.345234,3.88262,2.19594,4.81901,18.9911,9.80314,0.0361713,0.0267831,0.0423966,0.151312,0.151115,0.091019
0.0108441,0.00443978,0.0158192,0.345365,3.93831,2.21599,4.82463,19.02,9.82322,0.0362963,0.0269081,0.0425216,0.151437,0.15124,0.091144
0.0109217,0.00447724,0.0159138,0.345587,3.99531,2.23633,4.83024,19.0489,9.84339,0.0364213,0.0270331,0.0426466,0.151562,0.151365,0.091269
0.0109989,0.00451518,0.0160096,0.345897,4.05324,2.2568,4.83583,19.0778,9.86365,0.0365463,0.0271581,0.0427716,0.151687,0.15149,0.091394
0.0110717,0.00455348,0.0161108,0.346311,4.11241,2.27753,4.84142,19.1068,9.884,0.0366713,0.0272831,0.0428966,0.151812,0.151615,0.091519
0.0111419,0.00459219,0.0162156,0.346826,4.17279,2.2985,4.847,19.1359,9.90443,0.0367963,0.0274081,0.0430216,0.151937,0.15174,0.091644
0.0112204,0.00463103,0.0163133,0.347419,4.23482,2.31985,4.85256,19.165,9.92496,0.0369213,0.0275331,0.0431466,0.152062,0.151865,0.091769
0.0112985,0.00467021,0.0164123,0.34811,4.29825,2.34151,4.85812,19.1941,9.94558,0.0370463,0.0276581,0.0432716,0.152187,0.15199,0.091894
0.0113751,0.00470961,0.0165139,0.348905,4.36319,2.36349,4.86366,19.2233,9.96629,0.0371713,0.0277831,0.0433966,0.152312,0.152115,0.092019
0.0114535,0.00474958,0.0166146,0.349798,4.42909,2.38561,4.86919,19.2525,9.9871,0.0372963,0.0279081,0.0435216,0.152437,0.15224,0.092144
0.0115272,0.0047898,0.0167211,0.350808,4.49654,2.40807,4.87471,19.2818,10.008,0.0374213,0.0280331,0.0436466,0.152562,0.152365,0.092269
0.0116064,0.00483045,0.016823,0.351913,4.56512,2.43073,4.88022,19.3112,10.029,0.0375463,0.0281581,0.0437716,0.152687,0.15249,0.092394
0.0116798,0.00487148,0.0169317,0.353142,4.63502,2.45365,4.88573,19.3406,10.0501,0.0376713,0.0282831,0.0438966,0.152812,0.152615,0.092519
0.0117576,0.00491289,0.017037,0.354469,4.70631,2.47685,4.89121,19.37,10.0712,0.0377963,0.0284081,0.0440216,0.152937,0.15274,0.092644
0.0118335,0.00495451,0.0171454,0.355917,4.77925,2.50042,4.89669,19.3995,10.0925,0.0379213,0.0285331,0.0441466,0.153062,0.152865,0.092769
0.0119167,0.00499652,0.0172474,0.357468,4.85347,2.52421,4.90216,19.4291,10.1139,0.0380463,0.0286581,0.0442716,0.153187,0.15299,0.092894
0.0119966,0.00503884,0.0173539,0.359137,4.92935,2.54837,4.90762,19.4587,10.1354,0.0381713,0.0287831,0.0443966,0.153312,0.153115,0.093019
0.0120762,0.00508153,0.0174615,0.360929,5.0066,2.5728,4.91306,19.4883,10.1569,0.0382963,0.0289081,0.0445216,0.153437,0.15324,0.093144
0.012149,0.00512464,0.0175771,0.362863,5.08517,2.59748,4.9185,19.5181,10.1786,0.0384213,0.0290331,0.0446466,0.153562,0.153365,0.093269
0.0122268,0.00516823,0.0176886,0.364912,5.16496,2.62237,4.92392,19.5479,10.2003,0.0385462,0.0291581,0.0447716,0.153687,0.15349,0.093394
0.0123069,0.00521199,0.0177989,0.367073,5.24679,2.64773,4.92933,19.5777,10.2222,0.0386712,0.0292831,0.0448966,0.153812,0.153615,0.093519
0.012393,0.00525626,0.0179042,0.369341,5.32984,2.6733,4.93473,19.6076,10.2441,0.0387962,0.0294081,0.0450216,0.153937,0.15374,0.093644
0.0124725,0.00530082,0.0180172,0.371766,5.41455,2.69922,4.94012,19.6376,10.2662,0.0389212,0.0295331,0.0451466,0.154062,0.153865,0.093769
0.0125527,0.00534583,0.0181305,0.374319,5.50065,2.7254,4.9455,19.6677,10.2884,0.0390462,0.0296581,0.0452716,0.154187,0.15399,0.093894
0.0126363,0.00539128,0.0182414,0.376992,5.58818,2.75186,4.95087,19.6978,10.3106,0.0391712,0.0297831,0.0453966,0.154312,0.154115,0.094019
0.0127231,0.00543708,0.0183501,0.379802,5.67733,2.77865,4.95623,19.728,10.333,0.0392962,0.0299081,0.0455216,0.154437,0.15424,0.094144
0.0128101,0.00548317,0.0184598,0.382748,5.76832,2.80583,4.96158,19.7582,10.3554,0.0394212,0.0300331,0.0456466,0.154562,0.154365,0.094269
0.0128928,0.00552983,0.0185746,0.38584,5.86051,2.83322,4.96691,19.7886,10.378,0.0395462,0.0301581,0.0457716,0.154687,0.15449,0.094394
0.0129739,0.0055767,0.0186923,0.389088,5.95471,2.86106,4.97224,19.819,10.4007,0.0396712,0.0302831,0.0458966,0.154812,0.154615,0.094519
0.013065,0.00562392,0.018801,0.392456,6.05068,2.88925,4.97755,19.8495,10.4234,0.0397962,0.0304081,0.0460216,0.154937,0.15474,0.094644
0.0131515,0.00567151,0.0189156,0.396007,6.14824,2.91776,4.98286,19.8801,10.4463,0.0399212,0.0305331,0.0461466,0.155062,0.154865,0.094769
0.0132361,0.00571962,0.0190328,0.399694,6.24731,2.94657,4.98815,19.9107,10.4693,0.0400462,0.0306581,0.0462716,0.155187,0.15499,0.094894
0.0133209,0.00576794,0.0191511,0.40355,6.34845,2.97583,4.99343,19.9414,10.4924,0.0401712,0.0307831,0.0463966,0.155312,0.155115,0.095019
0.0134072,0.00581671,0.0192691,0.407563,6.45123,3.00541,4.99871,19.9722,10.5156,0.0402962,0.0309081,0.0465216,0.155437,0.15524,0.095144
0.0134935,0.00586585,0.019388,0.411714,6.55589,3.0354,5.00397,20.0031,10.5389,0.0404212,0.0310331,0.0466466,0.155562,0.155365,0.095269
0.0135849,0.00591536,0.019503,0.416028,6.66235,3.06574,5.00922,20.0341,10.5623,0.0405462,0.0311581,0.0467716,0.155687,0.155491,0.095394
0.0136751,0.00596512,0.0196204,0.420531,6.77092,3.09654,5.01446,20.0652,10.5858,0.0406712,0.0312831,0.0468966,0.155812,0.155616,0.095519
0.0137658,0.00601554,0.0197381,0.425159,6.88045,3.12747,5.01969,20.0964,10.6095,0.0407962,0.0314081,0.0470216,0.155937,0.155741,0.095644
0.0138547,0.0060664,0.0198586,0.429956,6.99122,3.15862,5.0249,20.1276,10.6332,0.0409212,0.0315331,0.0471466,0.156062,0.155866,0.095769
0.0139535,0.00611739,0.0199707,0.43487,7.10412,3.19022,5.03011,20.159,10.6571,0.0410462,0.0316581,0.0472716,0.156187,0.155991,0.095894
0.0140506,0.00616888,0.0200855,0.439939,7.21817,3.22201,5.03531,20.1905,10.681,0.0411712,0.0317831,0.0473966,0.156312,0.156116,0.096019
0.0141423,0.00622095,0.0202066,0.445164,7.33321,3.25395,5.0405,20.222,10.7051,0.0412962,0.0319081,0.0475216,0.156437,0.156241,0.096144
0.0142345,0.00627312,0.0203285,0.450553,7.45039,3.28636,5.04568,20.2537,10.7293,0.0414212,0.0320331,0.0476466,0.156562,0.156366,0.096269
0.0143374,0.00632586,0.0204407,0.456044,7.56865,3.31892,5.05085,20.2854,10.7536,0.0415462,0.0321581,0.0477716,0.156687,0.156491,0.096394
0.0144323,0.00637899,0.0205621,0.461755,7.68822,3.35172,5.05601,20.3173,10.778,0.0416712,0.0322831,0.0478966,0.156812,0.156616,0.096519
0.014527,0.00643251,0.0206848,0.467593,7.80934,3.38483,5.06116,20.3493,10.8026,0.0417962,0.0324081,0.0480216,0.156937,0.156741,0.096644
0.0146302,0.00648632,0.0208002,0.473601,7.93211,3.41826,5.0663,20.3814,10.8272,0.0419212,0.0325331,0.0481466,0.157062,0.156866,0.096769
0.0147146,0.00654064,0.0209354,0.479843,8.05661,3.45205,5.07143,20.4136,10.852,0.0420462,0.0326581,0.0482716,0.157187,0.156991,0.096894
0.0148105,0.00659535,0.0210603,0.48626,8.18346,3.48635,5.07656,20.4459,10.8768,0.0421712,0.0327831,0.0483966,0.157312,0.157116,0.097019
0.0149052,0.00665048,0.0211875,0.492829,8.31273,3.5212,5.08167,20.4783,10.9018,0.0422962,0.0329081,0.0485216,0.157437,0.157241,0.097144
0.015002,0.00670613,0.0213137,0.499654,8.44392,3.55643,5.08678,20.5109,10.9269,0.0424212,0.0330331,0.0486466,0.157562,0.157366,0.097269
0.0151025,0.00676195,0.0214376,0.506691,8.57818,3.59237,5.09187,20.5435,10.9522,0.0425462,0.0331581,0.0487716,0.157687,0.157491,0.097394
0.0152063,0.00681828,0.0215591,0.513916,8.71464,3.62878,5.09696,20.5763,10.9775,0.0426712,0.0332831,0.0488966,0.157812,0.157616,0.097519
0.0153052,0.00687497,0.0216868,0.521366,8.8537,3.66577,5.10204,20.6093,11.003,0.0427962,0.0334081,0.0490216,0.157937,0.157741,0.097644
0.0154051,0.00693209,0.0218145,0.529063,8.99522,3.7033,5.10711,20.6423,11.0286,0.0429212,0.0335331,0.0491466,0.158062,0.157866,0.097769
0.0155004,0.00698968,0.0219481,0.537004,9.13908,3.74133,5.11217,20.6755,11.0543,0.0430462,0.0336581,0.0492716,0.158187,0.157991,0.097894
0.0155974,0.0070478,0.022081,0.545125,9.28499,3.7798,5.11722,20.7088,11.0801,0.0431712,0.0337831,0.0493966,0.158312,0.158116,0.098019
0.0156988,0.00710631,0.0222106,0.553474,9.43294,3.81867,5.12227,20.7423,11.1061,0.0432962,0.0339081,0.0495216,0.158437,0.158241,0.098144
0.0158014,0.00716517,0.0223403,0.562053,9.58311,3.85802,5.1273,20.7759,11.1322,0.0434212,0.0340331,0.0496466,0.158562,0.158366,0.098269
0.015907,0.00722469,0.0224679,0.570802,9.7347,3.89763,5.13233,20.8097,11.1584,0.0435462,0.0341581,0.0497716,0.158688,0.158491,0.098394
0.0160129,0.00728443,0.0225966,0.579817,9.88886,3.9378,5.13735,20.8436,11.1847,0.0436712,0.0342831,0.0498965,0.158813,0.158616,0.098519
0.0161184,0.00734445,0.0227269,0.589048,10.0456,3.97853,5.14236,20.8776,11.2112,0.0437962,0.0344081,0.0500215,0.158938,0.158741,0.098644
0.0162265,0.00740504,0.0228558,0.598461,10.204,4.0196,5.14737,20.9118,11.2378,0.0439212,0.0345331,0.0501465,0.159063,0.158866,0.0987689
0.0163414,0.00746597,0.022979,0.608089,10.3647,4.06117,5.15237,20.9462,11.2645,0.0440462,0.0346581,0.0502715,0.159188,0.158991,0.0988939
0.0164452,0.00752723,0.0231147,0.617968,10.528,4.1033,5.15736,20.9807,11.2914,0.0441712,0.0347831,0.0503965,0.159313,0.159116,0.0990189
0.0165454,0.00758911,0.023255,0.628105,10.6927,4.14571,5.16234,21.0153,11.3184,0.0442962,0.0349081,0.0505215,0.159438,0.159241,0.0991439
0.0166558,0.00765163,0.0233861,0.638436,10.859,4.18839,5.16732,21.0502,11.3455,0.0444212,0.0350331,0.0506465,0.159563,0.159366,0.0992689
0.0167653,0.00771434,0.0235194,0.649006,11.0282,4.23176,5.17229,21.0852,11.3728,0.0445462,0.0351581,0.0507715,0.159688,0.159491,0.0993939
0.0168676,0.00777749,0.0236613,0.659853,11.1996,4.27558,5.17725,21.1204,11.4002,0.0446712,0.0352831,0.0508965,0.159813,0.159616,0.0995189
0.0169707,0.00784109,0.0238034,0.670977,11.3732,4.31986,5.1822,21.1557,11.4277,0.0447962,0.0354081,0.0510215,0.159938,0.159741,0.0996439
0.0170815,0.00790524,0.0239389,0.682263,11.5487,4.36454,5.18716,21.1913,11.4553,0.0449212,0.0355331,0.0511465,0.160063,0.159866,0.0997689
0.0171813,0.00796978,0.0240867,0.693865,11.7266,4.40975,5.1921,21.227,11.4831,0.0450462,0.0356581,0.0512715,0.160188,0.159991,0.0998939
0.0172839,0.00803475,0.024233,0.705633,11.9069,4.4555,5.19704,21.2629,11.5111,0.0451712,0.035783,0.0513965,0.160313,0.160116,0.100019
0.0173855,0.00810005,0.0243816,0.717709,12.0899,4.50183,5.20197,21.2989,11.5391,0.0452962,0.035908,0.0515215,0.160438,0.160241,0.100144
0.0174939,0.008166,0.0245244,0.729974,12.2745,4.54849,5.2069,21.3352,11.5673,0.0454212,0.036033,0.0516465,0.160563,0.160366,0.100269
0.0176052,0.00823218,0.0246657,0.742563,12.4622,4.59582,5.21183,21.3717,11.5957,0.0455462,0.036158,0.0517715,0.160688,0.160491,0.100394
0.0177193,0.00829885,0.0248053,0.755361,12.6521,4.64364,5.21675,21.4083,11.6242,0.0456712,0.036283,0.0518965,0.160813,0.160616,0.100519
0.0178292,0.00836588,0.0249504,0.768488,12.8447,4.69205,5.22166,21.4452,11.6528,0.0457962,0.036408,0.0520215,0.160938,0.160741,0.100644
0.0179345,0.00843351,0.0251013,0.781857,13.0392,4.74085,5.22657,21.4823,11.6816,0.0459212,0.036533,0.0521465,0.161063,0.160866,0.100769
0.0180526,0.00850166,0.0252406,0.795385,13.2359,4.79015,5.23148,21.5196,11.7105,0.0460462,0.036658,0.0522715,0.161188,0.160991,0.100894
0.0181692,0.00857015,0.0253827,0.809211,13.4355,4.84008,5.23638,21.5571,11.7396,0.0461712,0.036783,0.0523965,0.161313,0.161116,0.101019
0.0182754,0.00863926,0.0255362,0.823416,13.6367,4.89035,5.24128,21.5948,11.7688,0.0462961,0.036908,0.0525215,0.161438,0.161241,0.101144
0.0183965,0.00870873,0.0256761,0.837762,13.841,4.9413,5.24618,21.6327,11.7982,0.0464211,0.037033,0.0526465,0.161563,0.161366,0.101269
0.0185188,0.00877862,0.0258162,0.852453,14.0478,4.99278,5.25107,21.6709,11.8277,0.0465461,0.037158,0.0527715,0.161688,0.161491,0.101394
0.0186385,0.00884915,0.02596,0.867382,14.256,5.04457,5.25596,21.7093,11.8573,0.0466711,0.037283,0.0528965,0.161813,0.161616,0.101519
0.0187577,0.00891987,0.0261058,0.882644,14.4673,5.09706,5.26085,21.7479,11.8871,0.0467961,0.037408,0.0530215,0.161938,0.161741,0.101644
0.0188757,0.00899124,0.0262537,0.898054,14.6801,5.14986,5.26574,21.7867,11.9171,0.0469211,0.037533,0.0531465,0.162063,0.161866,0.101769
0.0189934,0.00906301,0.0264034,0.913826,14.8951,5.20314,5.27062,21.8258,11.9472,0.0470461,0.037658,0.0532715,0.162188,0.161991,0.101894
0.0191028,0.00913528,0.0265626,0.929803,15.1122,5.25691,5.27551,21.8652,11.9775,0.0471711,0.037783,0.0533965,0.162313,0.162116,0.102019
0.0192207,0.00920805,0.0267145,0.94607,15.3313,5.31108,5.28039,21.9047,12.0079,0.0472961,0.037908,0.0535215,0.162438,0.162241,0.102144
0.0193432,0.00928121,0.0268631,0.962598,15.5529,5.36579,5.28528,21.9446,12.0384,0.0474211,0.038033,0.0536465,0.162563,0.162366,0.102269
0.0194663,0.00935504,0.0270122,0.979263,15.7759,5.42081,5.29016,21.9847,12.0692,0.0475461,0.038158,0.0537715,0.162688,0.162491,0.102394
0.0195865,0.00942921,0.0271656,0.996241,16.0015,5.47643,5.29504,22.025,12.1001,0.0476711,0.038283,0.0538965,0.162813,0.162616,0.102519
0.0197135,0.00950392,0.0273134,1.01346,16.229,5.53246,5.29993,22.0656,12.1311,0.0477961,0.038408,0.0540215,0.162938,0.162741,0.102644
0.0198311,0.00957909,0.0274719,1.03092,16.4588,5.58901,5.30481,22.1065,12.1623,0.0479211,0.038533,0.0541465,0.163063,0.162866,0.102769
0.0199465,0.00965475,0.0276339,1.04867,16.6907,5.64604,5.3097,22.1477,12.1936,0.0480461,0.038658,0.0542715,0.163188,0.162991,0.102894
0.0200785,0.00973086,0.0277807,1.06671,16.9248,5.70352,5.31459,22.1891,12.2252,0.0481711,0.038783,0.0543965,0.163313,0.163116,0.103019
0.0202,0.00980739,0.0279391,1.08504,17.1613,5.76157,5.31948,22.2308,12.2568,0.0482961,0.038908,0.0545215,0.163438,0.163241,0.103144
0.0203235,0.00988461,0.0280967,1.10356,17.3992,5.81992,5.32437,22.2728,12.2887,0.0484211,0.039033,0.0546465,0.163563,0.163366,0.103269
0.0204445,0.00996219,0.0282583,1.12243,17.6397,5.87885,5.32927,22.3151,12.3207,0.0485461,0.039158,0.0547715,0.163688,0.163491,0.103394
0.0205741,0.0100405,0.0284123,1.14147,17.8816,5.93809,5.33417,22.3577,12.3528,0.0486711,0.039283,0.0548965,0.163813,0.163616,0.103519
0.0207013,0.010119,0.0285703,1.16088,18.1267,5.99807,5.33907,22.4006,12.3852,0.0487961,0.039408,0.0550215,0.163938,0.163741,0.103644
0.0208201,0.0101979,0.028738,1.18065,18.3743,6.05863,5.34398,22.4438,12.4177,0.0489211,0.039533,0.0551465,0.164063,0.163866,0.103769
0.0209451,0.0102773,0.0289009,1.20063,18.6242,6.11971,5.34889,22.4873,12.4503,0.0490461,0.039658,0.0552715,0.164188,0.163991,0.103894
0.0210725,0.0103575,0.0290624,1.22075,18.8752,6.18104,5.35381,22.5311,12.4832,0.0491711,0.039783,0.0553965,0.164313,0.164116,0.104019
0.0211974,0.0104383,0.0292275,1.24126,19.1275,6.24262,5.35873,22.5752,12.5162,0.0492961,0.039908,0.0555215,0.164438,0.164241,0.104144
0.0213273,0.0105194,0.0293892,1.26195,19.3832,6.30502,5.36366,22.6197,12.5493,0.0494211,0.040033,0.0556465,0.164563,0.164366,0.104269
0.021452,0.0106009,0.0295575,1.28295,19.6416,6.36809,5.36859,22.6645,12.5827,0.0495461,0.040158,0.0557715,0.164688,0.164491,0.104394
0.0215819,0.0106829,0.0297219,1.30431,19.9018,6.4315,5.37353,22.7096,12.6162,0.0496711,0.040283,0.0558965,0.164813,0.164616,0.104519
0.021704,0.0107654,0.0298955,1.326,20.1645,6.49553,5.37848,22.755,12.6499,0.0497961,0.040408,0.0560215,0.164938,0.164741,0.104644
0.021832,0.0108486,0.0300643,1.34785,20.429,6.55999,5.38344,22.8008,12.6838,0.0499211,0.040533,0.0561465,0.165063,0.164866,0.104769
0.0219593,0.0109319,0.0302354,1.37012,20.6971,6.62527,5.3884,22.847,12.7178,0.0500461,0.040658,0.0562715,0.165188,0.164991,0.104894
0.0220901,0.0110159,0.0304043,1.39243,20.9669,6.69101,5.39337,22.8935,12.752,0.0501711,0.040783,0.0563965,0.165313,0.165116,0.105019
0.0222177,0.0111004,0.0305776,1.41517,21.2388,6.75719,5.39835,22.9403,12.7864,0.0502961,0.040908,0.0565215,0.165438,0.165241,0.105144
0.0223409,0.0111855,0.0307567,1.43833,21.5128,6.82386,5.40334,22.9875,12.821,0.0504211,0.041033,0.0566465,0.165563,0.165366,0.105269
0.0224715,0.0112711,0.0309296,1.46164,21.7887,6.89097,5.40835,23.0351,12.8557,0.0505461,0.041158,0.0567715,0.165688,0.165491,0.105394
0.0226063,0.0113573,0.0310997,1.48521,22.0669,6.95862,5.41336,23.0831,12.8907,0.0506711,0.041283,0.0568965,0.165813,0.165616,0.105519
0.0227414,0.011444,0.0312707,1.50914,22.3467,7.02662,5.41838,23.1314,12.9258,0.0507961,0.041408,0.0570215,0.165938,0.165741,0.105644
0.022874,0.0115311,0.0314459,1.53336,22.6302,7.09553,5.42341,23.1801,12.9611,0.0509211,0.041533,0.0571465,0.166063,0.165866,0.105769
0.0230125,0.0116189,0.0316162,1.55782,22.9146,7.16466,5.42846,23.2292,12.9966,0.0510461,0.041658,0.0572715,0.166188,0.165991,0.105894
0.0231459,0.011707,0.0317931,1.58259,23.2021,7.23452,5.43352,23.2787,13.0322,0.0511711,0.041783,0.0573965,0.166313,0.166116,0.106019
0.0232863,0.0117956,0.0319645,1.60775,23.4926,7.3051,5.43859,23.3286,13.0681,0.0512961,0.041908,0.0575215,0.166438,0.166241,0.106144
0.0234228,0.0118849,0.0321409,1.63318,23.7837,7.37581,5.44367,23.3789,13.1041,0.0514211,0.042033,0.0576464,0.166563,0.166366,0.106269
0.0235646,0.0119747,0.0323134,1.65886,24.0777,7.44722,5.44877,23.4296,13.1404,0.0515461,0.042158,0.0577714,0.166688,0.166491,0.106394
0.0236992,0.0120649,0.0324947,1.68491,24.3748,7.51941,5.45388,23.4807,13.1768,0.0516711,0.042283,0.0578964,0.166813,0.166616,0.106519
0.0238293,0.0121557,0.0326818,1.7113,24.6735,7.59195,5.45901,23.5323,13.2134,0.0517961,0.042408,0.0580214,0.166938,0.166741,0.106644
0.0239614,0.0122469,0.0328682,1.73799,24.9749,7.66519,5.46415,23.5842,13.2502,0.0519211,0.042533,0.0581464,0.167063,0.166866,0.106769
0.024095,0.012339,0.0330544,1.76493,25.2773,7.73865,5.46931,23.6366,13.2873,0.0520461,0.042658,0.0582714,0.167188,0.166991,0.106894
0.0242347,0.0124313,0.033236,1.79215,25.5835,7.81304,5.47449,23.6895,13.3245,0.0521711,0.042783,0.0583964,0.167313,0.167116,0.107019
0.0243744,0.0125243,0.0334189,1.81957,25.8913,7.88785,5.47968,23.7428,13.3619,0.0522961,0.042908,0.0585214,0.167438,0.167241,0.107144
0.024511,0.0126178,0.0336062,1.84726,26.2011,7.96316,5.4849,23.7965,13.3995,0.0524211,0.043033,0.0586464,0.167563,0.167366,0.107269
0.0246476,0.0127117,0.0337951,1.87545,26.5147,8.03939,5.49013,23.8507,13.4373,0.0525461,0.043158,0.0587714,0.167688,0.167491,0.107394
0.0247935,0.0128063,0.0339759,1.90376,26.8289,8.11574,5.49538,23.9053,13.4753,0.0526711,0.043283,0.0588964,0.167813,0.167616,0.107519
0.0249393,0.0129015,0.0341583,1.93233,27.1459,8.19281,5.50065,23.9604,13.5135,0.0527961,0.043408,0.0590214,0.167938,0.167741,0.107644
0.0250774,0.0129972,0.0343497,1.96145,27.4648,8.27034,5.50594,24.016,13.5519,0.0529211,0.0435329,0.0591464,0.168063,0.167866,0.107769
0.0252238,0.0130935,0.0345342,1.99069,27.786,8.34843,5.51125,24.0721,13.5905,0.0530461,0.0436579,0.0592714,0.168188,0.167991,0.107894
0.0253727,0.0131904,0.0347175,2.02036,28.1092,8.42701,5.51658,24.1286,13.6293,0.0531711,0.0437829,0.0593964,0.168313,0.168116,0.108019
0.0255056,0.0132875,0.0349185,2.05049,28.4364,8.5066,5.52194,24.1857,13.6684,0.0532961,0.0439079,0.0595214,0.168438,0.168241,0.108144
0.0256516,0.0133853,0.0351079,2.08081,28.7656,8.58671,5.52731,24.2432,13.7076,0.0534211,0.0440329,0.0596464,0.168563,0.168366,0.108269
0.0258096,0.0134837,0.0352864,2.11136,29.0962,8.66714,5.53271,24.3013,13.747,0.0535461,0.0441579,0.0597714,0.168688,0.168491,0.108394
0.0259639,0.0135826,0.0354702,2.14233,29.4299,8.74833,5.53814,24.3598,13.7867,0.0536711,0.0442829,0.0598964,0.168813,0.168616,0.108519
0.0261142,0.013682,0.0356593,2.17378,29.7659,8.8301,5.54359,24.4189,13.8266,0.0537961,0.0444079,0.0600214,0.168938,0.168741,0.108644
0.0262619,0.0137821,0.0358525,2.20528,30.1038,8.91241,5.54906,24.4785,13.8667,0.0539211,0.0445329,0.0601464,0.169063,0.168866,0.108769
0.0264151,0.0138827,0.0360416,2.23733,30.4441,8.99526,5.55456,24.5386,13.907,0.054046,0.0446579,0.0602714,0.169188,0.168991,0.108894
0.0265729,0.013984,0.0362273,2.26936,30.786,9.0786,5.56009,24.5992,13.9475,0.054171,0.0447829,0.0603964,0.169313,0.169116,0.109019
0.0267327,0.0140856,0.0364128,2.30175,31.1319,9.16294,5.56564,24.6604,13.9882,0.054296,0.0449079,0.0605214,0.169438,0.169241,0.109144
0.0268841,0.0141879,0.036608,2.33456,31.4788,9.24754,5.57122,24.7221,14.0292,0.054421,0.0450329,0.0606464,0.169563,0.169366,0.109269
0.0270371,0.0142907,0.036803,2.36775,31.8285,9.33284,5.57683,24.7844,14.0704,0.054546,0.0451579,0.0607714,0.169688,0.169491,0.109394
0.0271728,0.014394,0.0370169,2.40144,32.181,9.41892,5.58247,24.8473,14.1118,0.054671,0.0452829,0.0608964,0.169813,0.169616,0.109519
0.027323,0.014498,0.0372176,2.43527,32.5353,9.50541,5.58814,24.9107,14.1534,0.054796,0.0454079,0.0610214,0.169938,0.169741,0.109644
0.0274749,0.0146025,0.0374181,2.46948,32.8924,9.59262,5.59384,24.9747,14.1953,0.054921,0.0455329,0.0611464,0.170063,0.169866,0.109769
0.0276224,0.0147078,0.0376242,2.50393,33.2502,9.68005,5.59957,25.0393,14.2374,0.055046,0.0456579,0.0612714,0.170188,0.169991,0.109894
0.0277708,0.0148136,0.0378311,2.53887,33.611,9.76825,5.60534,25.1044,14.2797,0.055171,0.0457829,0.0613964,0.170313,0.170116,0.110019
0.0279273,0.0149197,0.0380314,2.57393,33.9759,9.85751,5.61113,25.1702,14.3223,0.055296,0.0459079,0.0615214,0.170438,0.170241,0.110144
0.0280763,0.0150266,0.0382405,2.60967,34.3416,9.94694,5.61696,25.2365,14.3651,0.055421,0.0460329,0.0616464,0.170563,0.170366,0.110269
0.0282319,0.0151339,0.0384446,2.64544,34.7105,10.0373,5.62282,25.3035,14.4081,0.055546,0.0461579,0.0617714,0.170688,0.170491,0.110394
0.0283883,0.0152418,0.0386494,2.68163,35.0822,10.1283,5.62872,25.371,14.4513,0.055671,0.0462829,0.0618964,0.170813,0.170616,0.110519
0.0285541,0.0153505,0.0388461,2.718,35.4551,10.2197,5.63466,25.4392,14.4948,0.055796,0.0464079,0.0620214,0.170938,0.170741,0.110644
0.0287103,0.0154596,0.039054,2.7546,35.8312,10.3119,5.64063,25.508,14.5386,0.055921,0.0465329,0.0621464,0.171063,0.170866,0.110769
0.0288727,0.0155692,0.0392572,2.79172,36.2098,10.4048,5.64663,25.5775,14.5825,0.056046,0.0466579,0.0622714,0.171188,0.170991,0.110894
0.0290361,0.0156795,0.0394609,2.82921,36.5906,10.4982,5.65268,25.6476,14.6268,0.056171,0.0467829,0.0623964,0.171313,0.171116,0.111019
0.0291955,0.0157902,0.03967,2.86725,36.9743,10.5924,5.65876,25.7183,14.6712,0.056296,0.0469079,0.0625214,0.171438,0.171241,0.111144
0.0293649,0.0159017,0.0398706,2.90525,37.3596,10.6871,5.66488,25.7897,14.7159,0.056421,0.0470329,0.0626464,0.171563,0.171366,0.111269
0.029526,0.0160136,0.0400811,2.94384,37.7481,10.7826,5.67105,25.8618,14.7609,0.056546,0.0471579,0.0627714,0.171688,0.171491,0.111394
0.0296952,0.0161265,0.0402847,2.98253,38.1368,10.8781,5.67725,25.9345,14.8061,0.056671,0.0472829,0.0628964,0.171813,0.171616,0.111519
0.0298655,0.0162397,0.0404887,3.02174,38.5292,10.9747,5.6835,26.008,14.8516,0.056796,0.0474079,0.0630214,0.171938,0.171741,0.111644
0.0300254,0.0163536,0.0407048,3.06143,38.9243,11.0719,5.68978,26.0821,14.8973,0.056921,0.0475329,0.0631464,0.172063,0.171866,0.111769
0.0301892,0.016468,0.0409185,3.10157,39.3215,11.1697,5.69612,26.1568,14.9432,0.057046,0.0476579,0.0632714,0.172188,0.171991,0.111894
0.0303742,0.0165831,0.0411124,3.14166,39.7212,11.2682,5.70249,26.2323,14.9894,0.057171,0.0477829,0.0633964,0.172313,0.172116,0.112019
0.030538,0.0166988,0.0413289,3.18256,40.1229,11.3672,5.70891,26.3085,15.0359,0.057296,0.0479079,0.0635214,0.172438,0.172241,0.112144
0.030685,0.016815,0.0415638,3.22379,40.5273,11.4671,5.71538,26.3855,15.0827,0.057421,0.0480329,0.0636464,0.172563,0.172366,0.112269
0.0308517,0.0169319,0.0417805,3.2649,40.934,11.5675,5.72189,26.4631,15.1297,0.057546,0.0481579,0.0637714,0.172688,0.172491,0.112394
0.0310174,0.0170494,0.0419998,3.30685,41.3436,11.6687,5.72845,26.5415,15.1769,0.057671,0.0482829,0.0638964,0.172813,0.172616,0.112519
0.0311789,0.0171675,0.0422247,3.34886,41.7557,11.7706,5.73506,26.6206,15.2244,0.057796,0.0484079,0.0640214,0.172938,0.172741,0.112644
0.0313585,0.0172862,0.0424331,3.39119,42.1701,11.8731,5.74171,26.7004,15.2722,0.057921,0.0485329,0.0641464,0.173063,0.172866,0.112769
0.03153,0.0174055,0.042651,3.43376,42.5865,11.9763,5.74842,26.781,15.3203,0.058046,0.0486579,0.0642714,0.173188,0.172991,0.112894
0.0317058,0.0175254,0.0428663,3.4768,43.0061,12.0802,5.75518,26.8624,15.3686,0.058171,0.0487829,0.0643964,0.173313,0.173116,0.113019
0.0318758,0.0176459,0.0430889,3.52038,43.4287,12.185,5.76199,26.9445,15.4172,0.058296,0.0489079,0.0645214,0.173438,0.173241,0.113144
0.0320479,0.017767,0.0433109,3.56443,43.8527,12.2902,5.76885,27.0274,15.4661,0.058421,0.0490329,0.0646464,0.173563,0.173366,0.113269
0.0322135,0.0178887,0.0435409,3.6087,44.28,12.3963,5.77576,27.1111,15.5153,0.058546,0.0491579,0.0647714,0.173688,0.173491,0.113394
0.0323974,0.0180111,0.0437542,3.65305,44.7093,12.5029,5.78273,27.1956,15.5647,0.058671,0.0492829,0.0648964,0.173813,0.173616,0.113519
0.0325868,0.018134,0.0439635,3.69777,45.1418,12.6105,5.78975,27.2809,15.6144,0.058796,0.0494079,0.0650214,0.173938,0.173741,0.113644
0.0327484,0.0182575,0.0442023,3.74344,45.5767,12.7186,5.79683,27.367,15.6644,0.058921,0.0495329,0.0651464,0.174063,0.173866,0.113769
0.0329227,0.0183818,0.0444297,3.78927,46.0128,12.8272,5.80397,27.4539,15.7147,0.059046,0.0496579,0.0652714,0.174188,0.173991,0.113894
0.0330965,0.0185065,0.0446594,3.83547,46.4531,12.9369,5.81117,27.5417,15.7653,0.059171,0.0497829,0.0653964,0.174313,0.174116,0.114019
0.0332741,0.0186319,0.0448868,3.8817,46.8957,13.0473,5.81842,27.6302,15.8161,0.059296,0.0499079,0.0655214,0.174438,0.174241,0.114144
0.0334462,0.0187582,0.045121,3.92844,47.3388,13.1579,5.82573,27.7197,15.8673,0.059421,0.0500329,0.0656464,0.174563,0.174366,0.114269
0.0336185,0.0188848,0.0453567,3.97579,47.7865,13.2697,5.83311,27.8099,15.9187,0.059546,0.0501579,0.0657713,0.174688,0.174491,0.114394
0.0337903,0.0190119,0.0455948,4.02332,48.2377,13.3825,5.84054,27.9011,15.9704,0.059671,0.0502829,0.0658963,0.174813,0.174616,0.114519
0.0339753,0.0191397,0.045821,4.07124,48.6906,13.4958,5.84804,27.9931,16.0225,0.059796,0.0504079,0.0660213,0.174938,0.174741,0.114644
0.0341458,0.0192684,0.0460632,4.11947,49.1449,13.6095,5.8556,28.0859,16.0748,0.059921,0.0505329,0.0661463,0.175063,0.174866,0.114769
0.0343335,0.0193975,0.04629,4.16819,49.6032,13.7243,5.86323,28.1797,16.1274,0.060046,0.0506579,0.0662713,0.175188,0.174991,0.114894
0.034518,0.0195271,0.0465215,4.21745,50.0648,13.84,5.87092,28.2743,16.1803,0.060171,0.0507829,0.0663963,0.175313,0.175116,0.115019
0.0346977,0.0196575,0.0467595,4.26681,50.528,13.9563,5.87868,28.3699,16.2336,0.060296,0.0509079,0.0665213,0.175438,0.175241,0.115144
0.03489,0.0197883,0.0469865,4.31669,50.9949,14.0735,5.8865,28.4664,16.2871,0.060421,0.0510329,0.0666463,0.175563,0.175366,0.115269
0.0350709,0.0199202,0.0472261,4.3667,51.4616,14.1908,5.8944,28.5637,16.3409,0.060546,0.0511579,0.0667713,0.175688,0.175491,0.115394
0.0352673,0.0200525,0.0474521,4.4171,51.9323,14.3092,5.90236,28.6621,16.3951,0.060671,0.0512828,0.0668963,0.175813,0.175616,0.115519
0.035459,0.0201856,0.0476841,4.46777,52.4041,14.4279,5.91039,28.7613,16.4496,0.060796,0.0514078,0.0670213,0.175938,0.175741,0.115644
0.0356475,0.020319,0.0479213,4.51926,52.8813,14.5481,5.9185,28.8615,16.5043,0.060921,0.0515328,0.0671463,0.176063,0.175866,0.115769
0.0358326,0.0204535,0.048163,4.57105,53.3569,14.668,5.92667,28.9627,16.5594,0.061046,0.0516578,0.0672713,0.176188,0.175991,0.115894
0.0360162,0.0205886,0.048408,4.62337,53.8365,14.7889,5.93493,29.0648,16.6149,0.061171,0.0517828,0.0673963,0.176313,0.176116,0.116019
0.0362002,0.020724,0.0486544,4.6757,54.3201,14.9111,5.94325,29.1679,16.6706,0.061296,0.0519078,0.0675213,0.176438,0.176241,0.116144
0.0363923,0.0208599,0.0488946,4.72876,54.8081,15.0344,5.95165,29.2719,16.7267,0.061421,0.0520328,0.0676463,0.176563,0.176366,0.116269
0.036595,0.0209971,0.0491251,4.78183,55.294,15.1573,5.96013,29.377,16.7831,0.061546,0.0521578,0.0677713,0.176688,0.176491,0.116394
0.036786,0.0211345,0.0493693,4.83549,55.7851,15.2816,5.96868,29.483,16.8398,0.061671,0.0522828,0.0678963,0.176813,0.176616,0.116519
0.0369801,0.0212728,0.0496119,4.88969,56.2776,15.4063,5.97731,29.5901,16.8968,0.0617959,0.0524078,0.0680213,0.176938,0.176741,0.116644
0.0371629,0.0214116,0.0498674,4.94422,56.7733,15.5321,5.98603,29.6982,16.9542,0.0619209,0.0525328,0.0681463,0.177063,0.176867,0.116769
0.0373556,0.021551,0.0501148,4.99902,57.272,15.6586,5.99482,29.8073,17.0119,0.0620459,0.0526578,0.0682713,0.177188,0.176992,0.116894
0.037539,0.0216912,0.050373,5.05463,57.7729,15.7858,6.00369,29.9174,17.07,0.0621709,0.0527828,0.0683963,0.177313,0.177117,0.117019
0.0377386,0.021832,0.0506167,5.11006,58.2759,15.9137,6.01265,30.0286,17.1284,0.0622959,0.0529078,0.0685213,0.177438,0.177242,0.117144
0.0379402,0.0219734,0.05086,5.16563,58.7826,16.0428,6.02169,30.1409,17.1871,0.0624209,0.0530328,0.0686463,0.177563,0.177367,0.117269
0.0381315,0.0221158,0.051115,5.2222,59.289,16.1716,6.03082,30.2542,17.2462,0.0625459,0.0531578,0.0687713,0.177688,0.177492,0.117394
0.0383362,0.0222586,0.0513585,5.279,59.8,16.3018,6.04004,30.3686,17.3056,0.0626709,0.0532828,0.0688963,0.177813,0.177617,0.117519
0.0385339,0.0224018,0.0516108,5.33628,60.3148,16.4332,6.04934,30.4841,17.3654,0.0627959,0.0534078,0.0690213,0.177938,0.177742,0.117644
0.0387386,0.0225458,0.0518576,5.39389,60.8323,16.5653,6.05873,30.6006,17.4255,0.0629209,0.0535328,0.0691463,0.178063,0.177867,0.117769
0.0389326,0.0226904,0.0521169,5.45215,61.3522,16.6982,6.0682,30.7183,17.4859,0.0630459,0.0536578,0.0692713,0.178188,0.177992,0.117894
0.0391316,0.0228359,0.0523727,5.51065,61.8734,16.8315,6.07778,30.8371,17.5468,0.0631709,0.0537828,0.0693963,0.178313,0.178117,0.118019
0.0393303,0.0229819,0.0526306,5.56944,62.3982,16.9659,6.08744,30.957,17.608,0.0632959,0.0539078,0.0695213,0.178438,0.178242,0.118144
0.0395303,0.0231287,0.0528886,5.62849,62.9246,17.1008,6.09719,31.078,17.6695,0.0634209,0.0540328,0.0696463,0.178563,0.178367,0.118269
0.039719,0.0232762,0.0531597,5.68821,63.4536,17.2365,6.10704,31.2002,17.7314,0.0635459,0.0541578,0.0697713,0.178688,0.178492,0.118394
0.0399248,0.0234245,0.0534151,5.74809,63.9836,17.3725,6.11699,31.3235,17.7937,0.0636709,0.0542828,0.0698963,0.178813,0.178617,0.118519
0.0401405,0.0235732,0.0536626,5.80803,64.5187,17.5101,6.12703,31.448,17.8564,0.0637959,0.0544078,0.0700213,0.178938,0.178742,0.118644
0.0403345,0.0237226,0.0539335,5.86865,65.057,17.6487,6.13717,31.5737,17.9194,0.0639209,0.0545328,0.0701463,0.179063,0.178867,0.118769
0.0405441,0.0238725,0.0541907,5.92942,65.5989,17.7883,6.1474,31.7006,17.9828,0.0640459,0.0546578,0.0702713,0.179188,0.178992,0.118894
0.0407665,0.0240235,0.0544363,5.99097,66.1395,17.9275,6.15774,31.8286,18.0465,0.0641709,0.0547828,0.0703963,0.179313,0.179117,0.119019
0.0409661,0.0241751,0.0547064,6.05275,66.6834,18.0678,6.16818,31.9579,18.1107,0.0642959,0.0549078,0.0705213,0.179438,0.179242,0.119144
0.0411706,0.0243274,0.0549733,6.11535,67.2294,18.2087,6.17872,32.0883,18.1752,0.0644209,0.0550328,0.0706463,0.179563,0.179367,0.119269
0.0413734,0.0244807,0.0552432,6.17791,67.774,18.3493,6.18937,32.22,18.2401,0.0645459,0.0551578,0.0707713,0.179688,0.179492,0.119394
0.0415934,0.0246344,0.055498,6.24133,68.3247,18.4915,6.20012,32.3529,18.3054,0.0646709,0.0552828,0.0708963,0.179813,0.179617,0.119519
0.0418018,0.0247889,0.055766,6.30431,68.8764,18.6344,6.21098,32.4871,18.3711,0.0647959,0.0554078,0.0710213,0.179938,0.179742,0.119644
0.0420267,0.0249438,0.0560194,6.36826,69.4333,18.7786,6.22194,32.6225,18.4371,0.0649209,0.0555328,0.0711463,0.180064,0.179867,0.119769
0.0422322,0.0250995,0.0562938,6.43225,69.9906,18.9232,6.23301,32.7591,18.5036,0.0650459,0.0556578,0.0712713,0.180189,0.179992,0.119894
0.0424343,0.0252558,0.0565735,6.49697,70.5515,19.0688,6.2442,32.8971,18.5705,0.0651709,0.0557828,0.0713963,0.180314,0.180117,0.120019
0.0426548,0.0254129,0.0568363,6.5615,71.114,19.215,6.25549,33.0363,18.6377,0.0652959,0.0559078,0.0715213,0.180439,0.180242,0.120144
0.0428751,0.0255706,0.0571012,6.62698,71.6799,19.3622,6.2669,33.1768,18.7054,0.0654209,0.0560328,0.0716463,0.180564,0.180367,0.120269
0.0430826,0.0257291,0.0573805,6.69234,72.247,19.5099,6.27842,33.3186,18.7734,0.0655459,0.0561578,0.0717713,0.180689,0.180492,0.120394
0.0432843,0.0258885,0.0576671,6.75844,72.8145,19.6577,6.29005,33.4618,18.8419,0.0656709,0.0562828,0.0718963,0.180814,0.180617,0.120519
0.0435051,0.0260482,0.0579367,6.82505,73.3876,19.8072,6.3018,33.6062,18.9108,0.0657959,0.0564078,0.0720213,0.180939,0.180742,0.120644
0.0437279,0.0262088,0.0582058,6.89167,73.962,19.9571,6.31367,33.752,18.9801,0.0659209,0.0565328,0.0721463,0.181064,0.180867,0.120769
0.0439675,0.02637,0.0584599,6.95838,74.5385,20.1077,6.32566,33.8992,19.0497,0.0660459,0.0566578,0.0722713,0.181189,0.180992,0.120894
0.0441807,0.0265324,0.0587417,7.02553,75.1134,20.2581,6.33776,34.0477,19.1199,0.0661709,0.0567828,0.0723963,0.181314,0.181117,0.121019
0.0444004,0.0266951,0.0590192,7.09346,75.6944,20.4102,6.34999,34.1975,19.1904,0.0662959,0.0569078,0.0725213,0.181439,0.181242,0.121144
0.0446123,0.0268584,0.0593063,7.16121,76.2779,20.5633,6.36234,34.3488,19.2614,0.0664209,0.0570328,0.0726463,0.181564,0.181367,0.121269
0.0448557,0.0270227,0.0595634,7.2298,76.862,20.7163,6.37482,34.5014,19.3327,0.0665459,0.0571578,0.0727713,0.181689,0.181492,0.121394
0.045069,0.0271876,0.0598523,7.29897,77.448,20.8701,6.38742,34.6554,19.4045,0.0666709,0.0572828,0.0728963,0.181814,0.181617,0.121519
0.0453008,0.0273532,0.0601246,7.36858,78.0379,21.025,6.40015,34.8108,19.4768,0.0667959,0.0574078,0.0730213,0.181939,0.181742,0.121644
0.0455233,0.0275194,0.060408,7.43814,78.63,21.1808,6.413,34.9677,19.5494,0.0669209,0.0575328,0.0731463,0.182064,0.181867,0.121769
0.0457637,0.0276866,0.060675,7.50834,79.2216,21.3364,6.42598,35.126,19.6225,0.0670459,0.0576578,0.0732713,0.182189,0.181992,0.121894
0.0459785,0.0278544,0.0609695,7.57909,79.8171,21.4933,6.4391,35.2857,19.6961,0.0671709,0.0577828,0.0733963,0.182314,0.182117,0.122019
0.0462206,0.028023,0.0612382,7.64968,80.4134,21.6505,6.45235,35.4469,19.7701,0.0672959,0.0579078,0.0735212,0.182439,0.182242,0.122144
0.0464376,0.0281923,0.061534,7.72124,81.0131,21.8088,6.46573,35.6095,19.8445,0.0674209,0.0580328,0.0736462,0.182564,0.182367,0.122269
0.0466672,0.0283621,0.0618191,7.79271,81.6163,21.9682,6.47924,35.7736,19.9193,0.0675459,0.0581578,0.0737712,0.182689,0.182492,0.122394
0.0468904,0.0285326,0.0621124,7.8651,82.2215,22.1283,6.49289,35.9392,19.9947,0.0676709,0.0582828,0.0738962,0.182814,0.182617,0.122519
0.0471214,0.0287039,0.0623996,7.93746,82.8287,22.289,6.50668,36.1063,20.0704,0.0677959,0.0584078,0.0740212,0.182939,0.182742,0.122644
0.0473461,0.0288761,0.0626947,8.00989,83.4364,22.4502,6.52061,36.2749,20.1467,0.0679209,0.0585328,0.0741462,0.183064,0.182867,0.122769
0.0475769,0.0290487,0.0629859,8.08291,84.0502,22.6131,6.53468,36.445,20.2233,0.0680459,0.0586578,0.0742712,0.183189,0.182992,0.122894
0.0478211,0.0292219,0.0632654,8.15607,84.6662,22.7768,6.54889,36.6167,20.3005,0.0681709,0.0587828,0.0743962,0.183314,0.183117,0.123019
0.0480422,0.0293962,0.0635695,8.23015,85.2812,22.9402,6.56324,36.7899,20.3781,0.0682959,0.0589078,0.0745212,0.183439,0.183242,0.123144
0.0482656,0.0295714,0.0638731,8.30439,85.8977,23.1042,6.57774,36.9646,20.4562,0.0684209,0.0590327,0.0746462,0.183564,0.183367,0.123269
0.0484958,0.0297469,0.0641718,8.37902,86.5191,23.2698,6.59238,37.1409,20.5347,0.0685459,0.0591577,0.0747712,0.183689,0.183492,0.123394
0.0487503,0.0299234,0.0644479,8.45379,87.1409,23.4355,6.60717,37.3188,20.6137,0.0686709,0.0592827,0.0748962,0.183814,0.183617,0.123519
0.0489781,0.0301007,0.0647525,8.52935,87.7647,23.6019,6.62211,37.4983,20.6932,0.0687959,0.0594077,0.0750212,0.183939,0.183742,0.123644
0.0492225,0.0302787,0.0650423,8.605,88.3905,23.7689,6.6372,37.6793,20.7732,0.0689209,0.0595327,0.0751462,0.184064,0.183867,0.123769
0.0494571,0.0304573,0.0653438,8.68081,89.019,23.937,6.65244,37.862,20.8536,0.0690459,0.0596577,0.0752712,0.184189,0.183992,0.123894
0.0497008,0.0306369,0.0656378,8.75679,89.648,24.1054,6.66783,38.0463,20.9345,0.0691709,0.0597827,0.0753962,0.184314,0.184117,0.124019
0.049933,0.0308169,0.0659454,8.83365,90.282,24.2753,6.68338,38.2322,21.016,0.0692959,0.0599077,0.0755212,0.184439,0.184242,0.124144
0.0501774,0.0309981,0.0662422,8.91003,90.9139,24.4448,6.69908,38.4198,21.0979,0.0694209,0.0600327,0.0756462,0.184564,0.184367,0.124269
0.0504197,0.0311799,0.0665431,8.98679,91.5491,24.6154,6.71495,38.609,21.1803,0.0695459,0.0601577,0.0757712,0.184689,0.184492,0.124394
0.0506647,0.031362,0.0668435,9.06433,92.1907,24.7879,6.73097,38.7998,21.2632,0.0696708,0.0602827,0.0758962,0.184814,0.184617,0.124519
0.0509024,0.0315453,0.0671526,9.14234,92.8304,24.9599,6.74715,38.9924,21.3465,0.0697958,0.0604077,0.0760212,0.184939,0.184742,0.124644
0.0511413,0.0317296,0.0674621,9.22052,93.4692,25.1318,6.76349,39.1866,21.4304,0.0699208,0.0605327,0.0761462,0.185064,0.184867,0.124769
0.051391,0.031914,0.0677632,9.29887,94.1169,25.3065,6.77999,39.3826,21.5148,0.0700458,0.0606577,0.0762712,0.185189,0.184992,0.124894
0.0516426,0.0320995,0.068064,9.37799,94.7635,25.4809,6.79666,39.5802,21.5997,0.0701708,0.0607827,0.0763962,0.185314,0.185117,0.125019
0.0518934,0.0322859,0.0683672,9.45726,95.4099,25.6553,6.8135,39.7796,21.6852,0.0702958,0.0609077,0.0765212,0.185439,0.185242,0.125144
0.0521483,0.0324732,0.068668,9.53668,96.0572,25.8302,6.8305,39.9807,21.7711,0.0704208,0.0610327,0.0766462,0.185564,0.185367,0.125269
0.0523945,0.0326609,0.0689798,9.61664,96.71,26.0068,6.84767,40.1836,21.8575,0.0705458,0.0611577,0.0767712,0.185689,0.185492,0.125394
0.0526497,0.0328495,0.0692842,9.69672,97.3635,26.1838,6.86501,40.3882,21.9445,0.0706708,0.0612827,0.0768962,0.185814,0.185617,0.125519
0.0528938,0.0330388,0.0696017,9.77745,98.0192,26.3615,6.88253,40.5945,22.032,0.0707958,0.0614077,0.0770212,0.185939,0.185742,0.125644
0.0531267,0.0332287,0.0699322,9.85885,98.6787,26.5405,6.90022,40.8027,22.12,0.0709208,0.0615327,0.0771462,0.186064,0.185867,0.125769
0.0533845,0.0334196,0.0702397,9.94037,99.3384,26.7196,6.91808,41.0127,22.2085,0.0710458,0.0616577,0.0772712,0.186189,0.185992,0.125894
0.0536345,0.0336112,0.0705567,10.0222,100.001,26.8997,6.93612,41.2244,22.2976,0.0711708,0.0617827,0.0773962,0.186314,0.186117,0.126019
0.0538898,0.0338035,0.0708705,10.1048,100.665,27.0804,6.95434,41.438,22.3872,0.0712958,0.0619077,0.0775212,0.186439,0.186242,0.126144
0.0541511,0.0339967,0.07118,10.1873,101.331,27.2615,6.97274,41.6534,22.4774,0.0714208,0.0620327,0.0776462,0.186564,0.186367,0.126269
0.0544048,0.0341905,0.0714991,10.2706,102,27.444,6.99132,41.8706,22.5681,0.0715458,0.0621577,0.0777712,0.186689,0.186492,0.126394
0.0546666,0.0343849,0.071812,10.3539,102.673,27.6275,7.01008,42.0897,22.6593,0.0716708,0.0622827,0.0778962,0.186814,0.186617,0.126519
0.05492,0.0345803,0.0721352,10.4377,103.346,27.8114,7.02903,42.3107,22.7511,0.0717958,0.0624077,0.0780212,0.186939,0.186742,0.126644
0.0551729,0.0347765,0.0724606,10.5217,104.021,27.9958,7.04817,42.5335,22.8434,0.0719208,0.0625327,0.0781462,0.187064,0.186867,0.126769
0.0554395,0.0349735,0.0727741,10.6048,104.695,28.1807,7.06749,42.7583,22.9363,0.0720458,0.0626577,0.0782712,0.187189,0.186992,0.126894
0.0556981,0.0351713,0.0730976,10.6888,105.373,28.3666,7.087,42.9849,23.0297,0.0721708,0.0627827,0.0783962,0.187314,0.187117,0.127019
0.0559577,0.0353701,0.0734217,10.7734,106.05,28.5522,7.1067,43.2134,23.1237,0.0722958,0.0629077,0.0785212,0.187439,0.187242,0.127144
0.0562111,0.0355695,0.0737541,10.859,106.731,28.7389,7.1266,43.4439,23.2183,0.0724208,0.0630327,0.0786462,0.187564,0.187367,0.127269
0.0564742,0.0357698,0.0740786,10.945,107.412,28.9259,7.14668,43.6763,23.3135,0.0725458,0.0631577,0.0787712,0.187689,0.187492,0.127394
0.056723,0.035971,0.074419,11.0305,108.093,29.1132,7.16697,43.9107,23.4092,0.0726708,0.0632827,0.0788962,0.187814,0.187617,0.127519
0.0569964,0.0361728,0.0747371,11.1169,108.779,29.3018,7.18745,44.147,23.5054,0.0727958,0.0634077,0.0790212,0.187939,0.187742,0.127644
0.0572701,0.0363757,0.0750565,11.2028,109.463,29.4902,7.20813,44.3852,23.6023,0.0729208,0.0635327,0.0791462,0.188064,0.187867,0.127769
0.0575347,0.0365791,0.0753871,11.2897,110.152,29.6802,7.22901,44.6255,23.6997,0.0730458,0.0636577,0.0792712,0.188189,0.187992,0.127894
0.0578027,0.036783,0.0757164,11.3771,110.847,29.8721,7.25009,44.8678,23.7978,0.0731708,0.0637827,0.0793962,0.188314,0.188117,0.128019
0.0580582,0.0369883,0.0760596,11.4643,111.535,30.0622,7.27137,45.112,23.8964,0.0732958,0.0639077,0.0795212,0.188439,0.188242,0.128144
0.0583334,0.0371939,0.0763856,11.5512,112.232,30.2553,7.29286,45.3583,23.9956,0.0734208,0.0640327,0.0796462,0.188564,0.188367,0.128269
0.0585881,0.0374007,0.0767334,11.6389,112.925,30.4471,7.31455,45.6067,24.0953,0.0735458,0.0641577,0.0797712,0.188689,0.188492,0.128394
0.0588508,0.0376081,0.0770755,11.7268,113.622,30.6405,7.33646,45.857,24.1957,0.0736708,0.0642827,0.0798962,0.188814,0.188617,0.128519
0.0591296,0.0378164,0.0774033,11.8151,114.321,30.8345,7.35857,46.1095,24.2967,0.0737958,0.0644077,0.0800212,0.188939,0.188742,0.128644
0.0594124,0.0380256,0.0777289,11.9036,115.019,31.0283,7.3809,46.364,24.3983,0.0739208,0.0645327,0.0801462,0.189064,0.188867,0.128769
0.0596867,0.0382355,0.078065,11.9925,115.721,31.2234,7.40343,46.6205,24.5005,0.0740458,0.0646577,0.0802712,0.189189,0.188992,0.128894
0.0599644,0.038446,0.0783998,12.0828,116.426,31.4192,7.42619,46.8792,24.6033,0.0741708,0.0647827,0.0803962,0.189314,0.189117,0.129019
0.0602366,0.0386572,0.0787422,12.1722,117.135,31.6168,7.44916,47.14,24.7067,0.0742958,0.0649077,0.0805212,0.189439,0.189242,0.129144
0.060522,0.0388693,0.0790732,12.2624,117.842,31.814,7.47234,47.4029,24.8107,0.0744208,0.0650327,0.0806462,0.189564,0.189367,0.129269
0.0607939,0.0390826,0.0794194,12.353,118.548,32.0107,7.49575,47.6679,24.9154,0.0745458,0.0651577,0.0807712,0.189689,0.189492,0.129394
0.0610866,0.0392966,0.0797467,12.4435,119.255,32.2082,7.51938,47.9351,25.0207,0.0746708,0.0652827,0.0808962,0.189814,0.189617,0.129519
0.0613841,0.0395113,0.0800712,12.5344,119.966,32.4066,7.54323,48.2044,25.1266,0.0747958,0.0654077,0.0810212,0.189939,0.189742,0.129644
0.0616737,0.0397268,0.0804057,12.6255,120.678,32.6058,7.56731,48.476,25.2331,0.0749208,0.0655327,0.0811462,0.190064,0.189867,0.129769
0.061953,0.0399431,0.0807525,12.7171,121.392,32.8058,7.59161,48.7496,25.3403,0.0750458,0.0656577,0.0812711,0.190189,0.189992,0.129894
0.0622585,0.0401599,0.0810753,12.8092,122.11,33.0069,7.61615,49.0255,25.4481,0.0751708,0.0657827,0.0813961,0.190314,0.190117,0.130019
0.0625427,0.0403781,0.081421,12.9012,122.824,33.2071,7.64091,49.3036,25.5565,0.0752958,0.0659077,0.0815211,0.190439,0.190242,0.130144
0.0628077,0.0405971,0.0817876,12.9941,123.538,33.4075,7.6659,49.5839,25.6656,0.0754208,0.0660327,0.0816461,0.190564,0.190367,0.130269
0.0630879,0.0408166,0.0821413,13.0862,124.258,33.61,7.69113,49.8664,25.7753,0.0755458,0.0661577,0.0817711,0.190689,0.190492,0.130394
0.063366,0.0410372,0.0824988,13.1783,124.974,33.8118,7.71659,50.1512,25.8857,0.0756708,0.0662827,0.0818961,0.190814,0.190617,0.130519
0.0636501,0.0412585,0.0828526,13.2719,125.696,34.0147,7.74228,50.4382,25.9968,0.0757958,0.0664077,0.0820211,0.190939,0.190742,0.130644
0.0639348,0.0414809,0.0832073,13.3644,126.414,34.2172,7.76822,50.7275,26.1084,0.0759208,0.0665327,0.0821461,0.191064,0.190867,0.130769
0.0642109,0.0417038,0.0835731,13.4576,127.138,34.4217,7.79439,51.0191,26.2208,0.0760458,0.0666577,0.0822711,0.191189,0.190992,0.130894
0.0645004,0.0419274,0.0839274,13.5515,127.864,34.6269,7.82081,51.3129,26.3338,0.0761708,0.0667827,0.0823961,0.191314,0.191117,0.131019
0.064795,0.0421519,0.0842786,13.6452,128.591,34.8324,7.84747,51.6091,26.4475,0.0762958,0.0669077,0.0825211,0.191439,0.191242,0.131144
0.0651056,0.0423775,0.0846156,13.7396,129.316,35.0375,7.87437,51.9076,26.5618,0.0764208,0.0670327,0.0826461,0.191564,0.191367,0.131269
0.0653912,0.0426038,0.0849795,13.8344,130.043,35.2432,7.90152,52.2084,26.6769,0.0765458,0.0671576,0.0827711,0.191689,0.191492,0.131394
0.0656993,0.0428312,0.0853228,13.9285,130.769,35.449,7.92892,52.5115,26.7926,0.0766708,0.0672826,0.0828961,0.191814,0.191617,0.131519
0.0659966,0.0430592,0.085679,14.0237,131.498,35.6558,7.95657,52.817,26.9089,0.0767958,0.0674076,0.0830211,0.191939,0.191742,0.131644
0.0663038,0.0432881,0.0860275,14.1188,132.229,35.8632,7.98447,53.1249,27.026,0.0769208,0.0675326,0.0831461,0.192064,0.191867,0.131769
0.0666093,0.0435175,0.0863798,14.214,132.963,36.0721,8.01262,53.4351,27.1438,0.0770458,0.0676576,0.0832711,0.192189,0.191992,0.131894
0.0669003,0.0437481,0.0867484,14.3095,133.696,36.2806,8.04103,53.7478,27.2622,0.0771708,0.0677826,0.0833961,0.192314,0.192117,0.132019
0.0672134,0.0439796,0.0870968,14.4055,134.427,36.4887,8.06969,54.0628,27.3813,0.0772958,0.0679076,0.0835211,0.192439,0.192242,0.132144
0.0675324,0.0442117,0.0874415,14.5024,135.163,36.6984,8.09862,54.3802,27.5012,0.0774207,0.0680326,0.0836461,0.192564,0.192367,0.132269
0.0678403,0.0444445,0.0877996,14.5992,135.902,36.9091,8.1278,54.7001,27.6217,0.0775457,0.0681576,0.0837711,0.192689,0.192492,0.132394
0.0681414,0.0446783,0.0881663,14.6955,136.64,37.1199,8.15724,55.0224,27.7429,0.0776707,0.0682826,0.0838961,0.192814,0.192617,0.132519
0.0684389,0.0449129,0.0885388,14.791,137.379,37.3318,8.18695,55.3472,27.8649,0.0777957,0.0684076,0.0840211,0.192939,0.192742,0.132644
0.0687561,0.0451481,0.0888936,14.8881,138.123,37.5446,8.21693,55.6745,27.9876,0.0779207,0.0685326,0.0841461,0.193064,0.192867,0.132769
0.0690425,0.0453845,0.0892811,14.9857,138.863,37.7564,8.24716,56.0042,28.1109,0.0780457,0.0686576,0.0842711,0.193189,0.192992,0.132894
0.0693571,0.0456215,0.0896426,15.0827,139.607,37.9699,8.27767,56.3364,28.235,0.0781707,0.0687826,0.0843961,0.193314,0.193117,0.133019
0.06967,0.0458595,0.0900076,15.181,140.351,38.1832,8.30845,56.6711,28.3599,0.0782957,0.0689076,0.0845211,0.193439,0.193242,0.133144
0.0699846,0.0460986,0.0903729,15.2791,141.092,38.396,8.3395,57.0084,28.4854,0.0784207,0.0690326,0.0846461,0.193564,0.193367,0.133269
0.0703109,0.0463386,0.0907284,15.377,141.835,38.6092,8.37083,57.3481,28.6117,0.0785457,0.0691576,0.0847711,0.193689,0.193492,0.133394
0.0705967,0.0465796,0.0911264,15.4751,142.575,38.8225,8.40243,57.6904,28.7387,0.0786707,0.0692826,0.0848961,0.193814,0.193617,0.133519
0.0709038,0.0468213,0.0915051,15.5736,143.319,39.0366,8.43431,58.0353,28.8664,0.0787957,0.0694076,0.0850211,0.193939,0.193742,0.133644
0.0712048,0.0470638,0.0918922,15.6724,144.065,39.2516,8.46646,58.3827,28.9949,0.0789207,0.0695326,0.0851461,0.194064,0.193867,0.133769
0.0715076,0.0473075,0.0922791,15.7709,144.807,39.4654,8.4989,58.7327,29.1241,0.0790457,0.0696576,0.0852711,0.194189,0.193992,0.133894
0.0718255,0.0475516,0.0926535,15.8695,145.556,39.682,8.53162,59.0853,29.2541,0.0791707,0.0697826,0.0853961,0.194314,0.194117,0.134019
0.0721461,0.0477964,0.0930273,15.9696,146.307,39.8989,8.56463,59.4405,29.3848,0.0792957,0.0699076,0.0855211,0.194439,0.194242,0.134144
0.0724773,0.0480422,0.0933925,16.0687,147.059,40.1163,8.59792,59.7983,29.5163,0.0794207,0.0700326,0.0856461,0.194564,0.194367,0.134269
0.0727778,0.0482891,0.0937903,16.1691,147.807,40.3328,8.63149,60.1587,29.6485,0.0795457,0.0701576,0.0857711,0.194689,0.194492,0.134394
0.0731023,0.048537,0.0941661,16.2691,148.556,40.5497,8.66536,60.5218,29.7815,0.0796707,0.0702826,0.0858961,0.194814,0.194617,0.134519
0.0734372,0.0487859,0.0945333,16.3687,149.303,40.7662,8.69952,60.8875,29.9153,0.0797957,0.0704076,0.0860211,0.194939,0.194742,0.134644
0.0737627,0.0490353,0.0949124,16.4698,150.055,40.9843,8.73398,61.2559,30.0498,0.0799207,0.0705326,0.0861461,0.195064,0.194867,0.134769
0.074092,0.0492857,0.0952896,16.5705,150.807,41.2025,8.76872,61.6269,30.1851,0.0800457,0.0706576,0.0862711,0.195189,0.194992,0.134894
0.0744182,0.0495372,0.0956719,16.6714,151.557,41.4203,8.80377,62.0007,30.3212,0.0801707,0.0707826,0.0863961,0.195314,0.195117,0.135019
0.0747573,0.0497895,0.0960434,16.772,152.308,41.6388,8.83911,62.3771,30.458,0.0802957,0.0709076,0.0865211,0.195439,0.195242,0.135144
0.0750758,0.0500426,0.0964377,16.8739,153.061,41.8579,8.87475,62.7562,30.5956,0.0804207,0.0710326,0.0866461,0.195564,0.195367,0.135269
0.0753946,0.0502965,0.0968338,16.9749,153.815,42.0776,8.9107,63.1381,30.7341,0.0805457,0.0711576,0.0867711,0.195689,0.195492,0.135394
0.0757328,0.0505517,0.0972122,17.0769,154.566,42.2964,8.94695,63.5227,30.8733,0.0806707,0.0712826,0.0868961,0.195814,0.195617,0.135519
0.076054,0.0508072,0.0976104,17.1781,155.323,42.5177,8.9835,63.9101,31.0133,0.0807957,0.0714076,0.0870211,0.195939,0.195742,0.135644
0.076402,0.0510638,0.0979836,17.2799,156.079,42.7384,9.02037,64.3002,31.154,0.0809207,0.0715326,0.0871461,0.196064,0.195867,0.135769
0.0767373,0.0513212,0.0983717,17.3811,156.835,42.9599,9.05754,64.6931,31.2956,0.0810457,0.0716576,0.0872711,0.196189,0.195992,0.135894
0.0770357,0.0515798,0.0987985,17.4829,157.589,43.1805,9.09502,65.0888,31.438,0.0811707,0.0717826,0.0873961,0.196314,0.196117,0.136019
0.0773856,0.051839,0.0991762,17.5851,158.346,43.4024,9.13281,65.4873,31.5812,0.0812957,0.0719076,0.0875211,0.196439,0.196242,0.136144
0.0777261,0.0520992,0.0995653,17.6876,159.103,43.6243,9.17092,65.8886,31.7252,0.0814207,0.0720326,0.0876461,0.196564,0.196367,0.136269
0.0780565,0.0523607,0.0999662,17.7905,159.856,43.8451,9.20934,66.2927,31.87,0.0815457,0.0721576,0.0877711,0.196689,0.196492,0.136394
0.078378,0.0526228,0.100378,17.8941,160.614,44.0675,9.24808,66.6997,32.0157,0.0816707,0.0722826,0.0878961,0.196814,0.196617,0.136519
0.0787193,0.0528856,0.100773,17.9968,161.372,44.2905,9.28715,67.1095,32.1621,0.0817957,0.0724076,0.0880211,0.196939,0.196742,0.136644
0.0790651,0.0531492,0.101166,18.0994,162.133,44.5145,9.32653,67.5222,32.3094,0.0819207,0.0725326,0.0881461,0.197064,0.196867,0.136769
0.0794057,0.053414,0.101565,18.2025,162.891,44.7377,9.36624,67.9377,32.4575,0.0820457,0.0726576,0.0882711,0.197189,0.196992,0.136894
0.0797351,0.0536794,0.101978,18.3068,163.653,44.9621,9.40627,68.3561,32.6065,0.0821707,0.0727826,0.0883961,0.197314,0.197117,0.137019
0.0800658,0.0539462,0.102392,18.4104,164.41,45.1852,9.44663,68.7775,32.7563,0.0822957,0.0729076,0.0885211,0.197439,0.197242,0.137144
0.0804278,0.0542138,0.102776,18.513,165.167,45.4086,9.48731,69.2017,32.9069,0.0824207,0.0730326,0.0886461,0.197564,0.197367,0.137269
0.0807824,0.0544825,0.10317,18.6165,165.923,45.6321,9.52833,69.6288,33.0583,0.0825457,0.0731576,0.0887711,0.197689,0.197492,0.137394
0.0811212,0.0547515,0.103582,18.7211,166.687,45.8577,9.56968,70.0589,33.2106,0.0826707,0.0732826,0.0888961,0.197814,0.197617,0.137519
0.0814578,0.0550213,0.103999,18.8253,167.45,46.0839,9.61136,70.492,33.3638,0.0827957,0.0734076,0.089021,0.197939,0.197742,0.137644
0.0818059,0.0552923,0.104406,18.9296,168.212,46.3095,9.65338,70.928,33.5178,0.0829207,0.0735326,0.089146,0.198064,0.197867,0.137769
0.0821417,0.0555647,0.104828,19.0324,168.968,46.5339,9.69573,71.3669,33.6727,0.0830457,0.0736576,0.089271,0.198189,0.197992,0.137894
0.0824915,0.0558372,0.105238,19.1363,169.733,46.7611,9.73843,71.8089,33.8284,0.0831707,0.0737826,0.089396,0.198314,0.198117,0.138019
0.0828577,0.0561108,0.105633,19.2395,170.497,46.9882,9.78146,72.2538,33.985,0.0832957,0.0739076,0.089521,0.198439,0.198243,0.138144
0.0832067,0.0563856,0.106048,19.3432,171.257,47.2144,9.82483,72.7018,34.1424,0.0834207,0.0740326,0.089646,0.198564,0.198368,0.138269
0.0835582,0.056661,0.106463,19.4481,172.021,47.4416,9.86855,73.1527,34.3008,0.0835457,0.0741576,0.089771,0.198689,0.198493,0.138394
0.0838918,0.0569377,0.106897,19.5528,172.781,47.668,9.91262,73.6067,34.46,0.0836707,0.0742826,0.089896,0.198814,0.198618,0.138519
0.0842458,0.0572154,0.107313,19.657,173.539,47.8941,9.95703,74.0638,34.62,0.0837957,0.0744076,0.090021,0.198939,0.198743,0.138644
0.0846009,0.0574938,0.107731,19.7625,174.302,48.1215,10.0018,74.5239,34.781,0.0839207,0.0745326,0.090146,0.199064,0.198868,0.138769
0.0849419,0.0577731,0.108165,19.8672,175.065,48.3493,10.0469,74.9871,34.9429,0.0840457,0.0746576,0.090271,0.199189,0.198993,0.138894
0.0852911,0.0580528,0.108593,19.9726,175.833,48.5788,10.0924,75.4533,35.1056,0.0841707,0.0747826,0.090396,0.199314,0.199118,0.139019
0.0856339,0.0583337,0.10903,20.0771,176.598,48.8081,10.1382,75.9227,35.2692,0.0842957,0.0749075,0.090521,0.199439,0.199243,0.139144
0.0860015,0.058616,0.109443,20.1818,177.357,49.0353,10.1844,76.3951,35.4337,0.0844207,0.0750325,0.090646,0.199564,0.199368,0.139269
0.0863748,0.0588989,0.109853,20.2875,178.122,49.2643,10.2309,76.8707,35.5992,0.0845457,0.0751575,0.090771,0.199689,0.199493,0.139394
0.0867302,0.0591825,0.110284,20.3926,178.889,49.4944,10.2778,77.3494,35.7655,0.0846707,0.0752825,0.090896,0.199814,0.199618,0.139519
0.0870904,0.0594672,0.110712,20.4965,179.652,49.724,10.3251,77.8312,35.9327,0.0847957,0.0754075,0.091021,0.199939,0.199743,0.139644
0.0874316,0.0597534,0.111161,20.6005,180.409,49.9516,10.3727,78.3162,36.1009,0.0849207,0.0755325,0.091146,0.200064,0.199868,0.139769
0.0878046,0.0600405,0.11158,20.7037,181.165,50.1792,10.4207,78.8044,36.2699,0.0850457,0.0756575,0.091271,0.200189,0.199993,0.139894
0.0881672,0.0603288,0.112011,20.8084,181.921,50.4063,10.469,79.2957,36.4399,0.0851706,0.0757825,0.091396,0.200314,0.200118,0.140019
0.088523,0.0606173,0.112452,20.9133,182.684,50.6363,10.5177,79.7902,36.6108,0.0852956,0.0759075,0.091521,0.200439,0.200243,0.140144
0.0889025,0.0609071,0.112871,21.0177,183.442,50.8648,10.5668,80.2879,36.7826,0.0854206,0.0760325,0.091646,0.200564,0.200368,0.140269
0.0892534,0.0611981,0.113321,21.1224,184.198,51.0928,10.6163,80.7888,36.9553,0.0855456,0.0761575,0.091771,0.200689,0.200493,0.140394
0.0896331,0.0614899,0.113744,21.2257,184.953,51.3211,10.6661,81.293,37.129,0.0856706,0.0762825,0.091896,0.200814,0.200618,0.140519
0.0899861,0.0617824,0.114197,21.331,185.713,51.5511,10.7163,81.8003,37.3036,0.0857956,0.0764075,0.092021,0.200939,0.200743,0.140644
0.0903724,0.0620754,0.114619,21.4365,186.479,51.7825,10.7669,82.3109,37.4792,0.0859206,0.0765325,0.092146,0.201064,0.200868,0.140769
0.0907609,0.0623697,0.11504,21.5417,187.239,52.0127,10.8178,82.8248,37.6557,0.0860456,0.0766575,0.092271,0.201189,0.200993,0.140894
0.0911289,0.0626652,0.115485,21.6468,187.997,52.242,10.8692,83.3419,37.8331,0.0861706,0.0767825,0.092396,0.201314,0.201118,0.141019
0.091491,0.0629617,0.115937,21.7524,188.752,52.4707,10.9209,83.8624,38.0115,0.0862956,0.0769075,0.092521,0.201439,0.201243,0.141144
0.0918568,0.0632591,0.116388,21.8584,189.509,52.7002,10.973,84.3861,38.1908,0.0864206,0.0770325,0.092646,0.201565,0.201368,0.141269
0.0922129,0.0635577,0.11685,21.9627,190.262,52.929,11.0255,84.9131,38.3711,0.0865456,0.0771575,0.092771,0.20169,0.201493,0.141394
0.0925972,0.0638569,0.117287,22.0668,191.018,53.159,11.0783,85.4434,38.5523,0.0866706,0.0772825,0.092896,0.201815,0.201618,0.141519
0.0929842,0.0641569,0.117723,22.17,191.776,53.3902,11.1316,85.977,38.7345,0.0867956,0.0774075,0.093021,0.20194,0.201743,0.141644
0.0933682,0.0644583,0.118165,22.2751,192.529,53.6194,11.1852,86.514,38.9177,0.0869206,0.0775325,0.093146,0.202065,0.201868,0.141769
0.0937416,0.0647603,0.11862,22.3809,193.286,53.8497,11.2393,87.0543,39.1018,0.0870456,0.0776575,0.093271,0.20219,0.201993,0.141894
0.0941212,0.0650635,0.11907,22.4866,194.04,54.0796,11.2937,87.598,39.2869,0.0871706,0.0777825,0.093396,0.202315,0.202118,0.142019
0.0944828,0.0653681,0.11954,22.5911,194.786,54.307,11.3485,88.1451,39.473,0.0872956,0.0779075,0.093521,0.20244,0.202243,0.142144
0.0948746,0.065673,0.119983,22.696,195.541,54.5377,11.4038,88.6955,39.6601,0.0874206,0.0780325,0.093646,0.202565,0.202368,0.142269
0.0952551,0.0659789,0.12044,22.8012,196.296,54.7685,11.4594,89.2493,39.8481,0.0875456,0.0781575,0.093771,0.20269,0.202493,0.142394
0.0956456,0.066286,0.120888,22.9061,197.047,54.998,11.5154,89.8066,40.0372,0.0876706,0.0782825,0.093896,0.202815,0.202618,0.142519
0.0960094,0.0665936,0.121367,23.0101,197.803,55.2301,11.5718,90.3672,40.2272,0.0877956,0.0784075,0.094021,0.20294,0.202743,0.142644
0.0963784,0.0669029,0.121841,23.1156,198.55,55.4587,11.6287,90.9313,40.4182,0.0879206,0.0785325,0.094146,0.203065,0.202868,0.142769
0.096784,0.067213,0.122281,23.2207,199.298,55.6876,11.6859,91.4988,40.6102,0.0880456,0.0786575,0.094271,0.20319,0.202993,0.142894
0.0971611,0.0675238,0.122752,23.3251,200.048,55.9181,11.7435,92.0698,40.8032,0.0881706,0.0787825,0.094396,0.203315,0.203118,0.143019
0.0975397,0.0678357,0.123224,23.4281,200.797,56.1485,11.8016,92.6442,40.9972,0.0882956,0.0789075,0.094521,0.20344,0.203243,0.143144
0.097949,0.0681485,0.123668,23.532,201.546,56.3788,11.86,93.2221,41.1922,0.0884206,0.0790325,0.094646,0.203565,0.203368,0.143269
0.09836,0.0684624,0.124112,23.6365,202.292,56.6081,11.9189,93.8034,41.3883,0.0885456,0.0791575,0.094771,0.20369,0.203493,0.143394
0.0987307,0.0687774,0.124599,23.7421,203.037,56.8371,11.9782,94.3883,41.5853,0.0886706,0.0792825,0.094896,0.203815,0.203618,0.143519
0.0991195,0.0690933,0.12507,23.8471,203.782,57.0667,12.0379,94.9766,41.7834,0.0887956,0.0794075,0.095021,0.20394,0.203743,0.143644
0.099477,0.0694102,0.125574,23.952,204.526,57.2959,12.098,95.5685,41.9824,0.0889206,0.0795325,0.095146,0.204065,0.203868,0.143769
0.0998798,0.0697284,0.126035,24.0555,205.265,57.5239,12.1585,96.1639,42.1825,0.0890456,0.0796575,0.095271,0.20419,0.203993,0.143894
0.100276,0.0700476,0.126506,24.159,206.001,57.7511,12.2194,96.7628,42.3837,0.0891706,0.0797825,0.095396,0.204315,0.204118,0.144019
0.100665,0.0703676,0.126986,24.2641,206.741,57.9795,12.2808,97.3653,42.5858,0.0892956,0.0799075,0.095521,0.20444,0.204243,0.144145
0.101071,0.0706885,0.12745,24.3676,207.48,58.2083,12.3426,97.9713,42.789,0.0894206,0.0800325,0.095646,0.204565,0.204368,0.14427
0.101458,0.0710104,0.127937,24.4723,208.22,58.4368,12.4048,98.5809,42.9932,0.0895456,0.0801575,0.095771,0.20469,0.204493,0.144395
0.101869,0.0713335,0.128402,24.5754,208.955,58.6647,12.4674,99.1941,43.1985,0.0896706,0.0802825,0.095896,0.204815,0.204618,0.14452
0.102286,0.0716572,0.128863,24.6785,209.693,58.8936,12.5305,99.8108,43.4048,0.0897956,0.0804075,0.096021,0.20494,0.204743,0.144645
0.102693,0.0719819,0.129337,24.7804,210.431,59.1229,12.594,100.431,43.6121,0.0899206,0.0805325,0.096146,0.205065,0.204868,0.14477
0.103091,0.0723078,0.129821,24.8857,211.167,59.3509,12.6579,101.055,43.8205,0.0900456,0.0806575,0.096271,0.20519,0.204993,0.144895
0.103498,0.0726351,0.130298,24.9901,211.896,59.5767,12.7222,101.683,44.0299,0.0901706,0.0807825,0.096396,0.205315,0.205118,0.14502
0.103926,0.0729628,0.130758,25.0937,212.632,59.8056,12.787,102.314,44.2404,0.0902956,0.0809075,0.096521,0.20544,0.205243,0.145145
0.104346,0.0732918,0.131229,25.1962,213.364,60.0335,12.8523,102.949,44.452,0.0904206,0.0810325,0.096646,0.205565,0.205368,0.14527
0.104747,0.0736217,0.131719,25.2995,214.097,60.2616,12.9179,103.587,44.6646,0.0905456,0.0811575,0.0967709,0.20569,0.205493,0.145395
0.105136,0.0739522,0.132225,25.403,214.838,60.4932,12.984,104.229,44.8783,0.0906706,0.0812825,0.0968959,0.205815,0.205618,0.14552
0.105535,0.0742845,0.132723,25.5054,215.566,60.7205,13.0505,104.875,45.093,0.0907956,0.0814075,0.0970209,0.20594,0.205743,0.145645
0.105935,0.0746173,0.133222,25.6098,216.303,60.9505,13.1175,105.525,45.3089,0.0909206,0.0815325,0.0971459,0.206065,0.205868,0.14577
0.106326,0.0749514,0.133733,25.7125,217.036,61.1798,13.1849,106.178,45.5258,0.0910456,0.0816575,0.0972709,0.20619,0.205993,0.145895
0.106741,0.0752863,0.134221,25.8146,217.772,61.4104,13.2528,106.835,45.7438,0.0911706,0.0817825,0.0973959,0.206315,0.206118,0.14602
0.107157,0.0756223,0.134712,25.9181,218.509,61.6411,13.3211,107.495,45.9628,0.0912956,0.0819075,0.0975209,0.20644,0.206243,0.146145
0.107556,0.0759593,0.135221,26.0218,219.246,61.8721,13.3898,108.16,46.183,0.0914206,0.0820325,0.0976459,0.206565,0.206368,0.14627
0.107973,0.0762973,0.135716,26.1253,219.982,62.103,13.4591,108.828,46.4042,0.0915456,0.0821575,0.0977709,0.20669,0.206493,0.146395
0.108383,0.0766366,0.136218,26.2304,220.717,62.333,13.5287,109.5,46.6266,0.0916706,0.0822825,0.0978959,0.206815,0.206618,0.14652
0.108816,0.0769766,0.136701,26.3346,221.456,62.5647,13.5988,110.176,46.8501,0.0917956,0.0824075,0.0980209,0.20694,0.206743,0.146645
0.109236,0.0773179,0.137199,26.439,222.192,62.7958,13.6694,110.855,47.0746,0.0919206,0.0825325,0.0981459,0.207065,0.206868,0.14677
0.10968,0.0776601,0.137675,26.5423,222.93,63.0278,13.7404,111.538,47.3003,0.0920456,0.0826574,0.0982709,0.20719,0.206993,0.146895
0.110115,0.0780035,0.138163,26.6469,223.664,63.2585,13.8119,112.225,47.5271,0.0921706,0.0827824,0.0983959,0.207315,0.207118,0.14702
0.110539,0.078348,0.138664,26.7509,224.399,63.4896,13.8838,112.916,47.7549,0.0922956,0.0829074,0.0985209,0.20744,0.207243,0.147145
0.110943,0.0786934,0.139188,26.8548,225.135,63.7217,13.9562,113.611,47.984,0.0924206,0.0830324,0.0986459,0.207565,0.207368,0.14727
0.11137,0.0790398,0.13969,26.9588,225.871,63.9539,14.0291,114.31,48.2141,0.0925456,0.0831574,0.0987709,0.20769,0.207493,0.147395
0.111799,0.0793872,0.140194,27.0633,226.609,64.1867,14.1024,115.012,48.4453,0.0926706,0.0832824,0.0988959,0.207815,0.207618,0.14752
0.112219,0.0797355,0.140708,27.1682,227.349,64.4203,14.1762,115.718,48.6777,0.0927956,0.0834074,0.0990209,0.20794,0.207743,0.147645
0.112655,0.0800851,0.141209,27.2745,228.087,64.6527,14.2505,116.428,48.9113,0.0929205,0.0835324,0.0991459,0.208065,0.207868,0.14777
0.113071,0.0804352,0.141733,27.3787,228.831,64.8886,14.3253,117.143,49.1459,0.0930455,0.0836574,0.0992709,0.20819,0.207993,0.147895
0.113501,0.0807869,0.142246,27.4825,229.568,65.1221,14.4005,117.861,49.3817,0.0931705,0.0837824,0.0993959,0.208315,0.208118,0.14802
0.113942,0.0811397,0.142748,27.5862,230.303,65.3547,14.4762,118.582,49.6187,0.0932955,0.0839074,0.0995209,0.20844,0.208243,0.148145
0.114366,0.0814933,0.143271,27.6913,231.043,65.5895,14.5523,119.308,49.8568,0.0934205,0.0840324,0.0996459,0.208565,0.208368,0.14827
0.114806,0.0818483,0.143779,27.7963,231.778,65.8219,14.629,120.038,50.0961,0.0935455,0.0841574,0.0997709,0.20869,0.208493,0.148395
0.115231,0.082204,0.144306,27.9013,232.517,66.0566,14.7061,120.772,50.3365,0.0936705,0.0842824,0.0998959,0.208815,0.208618,0.14852
0.115656,0.0825613,0.144835,28.0081,233.25,66.2888,14.7837,121.509,50.5781,0.0937955,0.0844074,0.100021,0.20894,0.208743,0.148645
0.116123,0.0829192,0.145324,28.1137,233.99,66.5233,14.8618,122.251,50.8208,0.0939205,0.0845324,0.100146,0.209065,0.208868,0.14877
0.116561,0.0832779,0.145845,28.2205,234.732,66.759,14.9404,122.997,51.0647,0.0940455,0.0846574,0.100271,0.20919,0.208993,0.148895
0.116996,0.0836379,0.146371,28.3255,235.472,66.9946,15.0194,123.746,51.3098,0.0941705,0.0847824,0.100396,0.209315,0.209118,0.14902
0.117442,0.0839991,0.146889,28.4302,236.208,67.2289,15.099,124.5,51.5561,0.0942955,0.0849074,0.100521,0.20944,0.209243,0.149145
0.11789,0.0843613,0.147407,28.536,236.946,67.4639,15.179,125.258,51.8035,0.0944205,0.0850324,0.100646,0.209565,0.209368,0.14927
0.118341,0.084725,0.147924,28.6414,237.678,67.6969,15.2596,126.019,52.0521,0.0945455,0.0851574,0.100771,0.20969,0.209493,0.149395
0.118783,0.0850889,0.148453,28.747,238.422,67.9344,15.3406,126.785,52.302,0.0946705,0.0852824,0.100896,0.209815,0.209618,0.14952
0.119225,0.085454,0.148985,28.8541,239.165,68.1716,15.4221,127.555,52.553,0.0947955,0.0854074,0.101021,0.20994,0.209743,0.149645
0.119679,0.0858202,0.149507,28.9603,239.908,68.4088,15.5041,128.329,52.8052,0.0949205,0.0855324,0.101146,0.210065,0.209868,0.14977
0.120117,0.0861876,0.150047,29.0653,240.648,68.6458,15.5867,129.107,53.0586,0.0950455,0.0856574,0.101271,0.21019,0.209993,0.149895
0.120587,0.0865563,0.150558,29.171,241.384,68.881,15.6697,129.889,53.3132,0.0951705,0.0857824,0.101396,0.210315,0.210118,0.15002
0.121043,0.086926,0.151085,29.2799,242.123,69.1164,15.7532,130.675,53.569,0.0952955,0.0859074,0.101521,0.21044,0.210243,0.150145
0.121518,0.0872968,0.151596,29.3857,242.86,69.3523,15.8373,131.465,53.826,0.0954205,0.0860324,0.101646,0.210565,0.210368,0.15027
0.12198,0.0876685,0.152122,29.49,243.598,69.5892,15.9218,132.26,54.0843,0.0955455,0.0861574,0.101771,0.21069,0.210493,0.150395
0.122438,0.0880411,0.152655,29.5959,244.339,69.8272,16.0069,133.059,54.3437,0.0956705,0.0862824,0.101896,0.210815,0.210618,0.15052
0.122892,0.0884149,0.153194,29.7018,245.079,70.0649,16.0924,133.861,54.6044,0.0957955,0.0864074,0.102021,0.21094,0.210743,0.150645
0.123362,0.0887899,0.15372,29.8071,245.817,70.3022,16.1785,134.668,54.8663,0.0959205,0.0865324,0.102146,0.211065,0.210868,0.15077
0.123812,0.0891664,0.154267,29.9133,246.547,70.5365,16.2651,135.479,55.1295,0.0960455,0.0866574,0.102271,0.21119,0.210993,0.150895
0.124235,0.0895436,0.154844,30.0198,247.284,70.7737,16.3522,136.294,55.3939,0.0961705,0.0867824,0.102396,0.211315,0.211118,0.15102
0.124704,0.0899215,0.155378,30.1251,248.028,71.0134,16.4398,137.114,55.6595,0.0962955,0.0869074,0.102521,0.21144,0.211243,0.151145
0.125158,0.0903011,0.15593,30.2326,248.761,71.2492,16.5279,137.938,55.9263,0.0964205,0.0870324,0.102646,0.211565,0.211368,0.15127
0.125627,0.0906809,0.156469,30.3391,249.51,71.4908,16.6166,138.766,56.1944,0.0965455,0.0871574,0.102771,0.21169,0.211493,0.151395
0.126086,0.0910624,0.157021,30.4457,250.248,71.7287,16.7058,139.598,56.4638,0.0966705,0.0872824,0.102896,0.211815,0.211618,0.15152
0.126536,0.0914455,0.157583,30.5507,250.973,71.963,16.7955,140.434,56.7344,0.0967955,0.0874074,0.103021,0.21194,0.211743,0.151645
0.127016,0.0918293,0.158119,30.6557,251.708,72.2003,16.8857,141.275,57.0062,0.0969205,0.0875324,0.103146,0.212065,0.211868,0.15177
0.127465,0.0922141,0.158687,30.7609,252.442,72.4382,16.9764,142.12,57.2793,0.0970455,0.0876574,0.103271,0.21219,0.211993,0.151895
0.127941,0.0926,0.159232,30.8664,253.178,72.6763,17.0677,142.969,57.5537,0.0971705,0.0877824,0.103396,0.212315,0.212118,0.15202
0.128424,0.092987,0.159772,30.9719,253.913,72.9143,17.1595,143.822,57.8294,0.0972955,0.0879074,0.103521,0.21244,0.212243,0.152145
0.128878,0.0933751,0.160343,31.0779,254.648,73.1525,17.2519,144.68,58.1063,0.0974205,0.0880324,0.103646,0.212565,0.212368,0.15227
0.129345,0.0937641,0.160904,31.1841,255.387,73.3921,17.3447,145.542,58.3845,0.0975455,0.0881574,0.103771,0.21269,0.212493,0.152395
0.129876,0.0941544,0.161403,31.2904,256.123,73.6304,17.4382,146.409,58.664,0.0976705,0.0882824,0.103896,0.212815,0.212618,0.15252
0.130345,0.094546,0.161967,31.3976,256.853,73.8669,17.5321,147.279,58.9447,0.0977955,0.0884074,0.104021,0.21294,0.212743,0.152645
0.130828,0.0949385,0.16252,31.5038,257.587,74.1051,17.6266,148.155,59.2268,0.0979205,0.0885324,0.104146,0.213065,0.212868,0.15277
0.131304,0.0953322,0.163081,31.61,258.319,74.343,17.7216,149.034,59.5101,0.0980455,0.0886574,0.104271,0.21319,0.212993,0.152895
0.131772,0.0957272,0.163654,31.7162,259.047,74.5795,17.8172,149.918,59.7947,0.0981705,0.0887824,0.104396,0.213315,0.213118,0.15302
0.132252,0.0961228,0.164217,31.8222,259.782,74.819,17.9133,150.806,60.0806,0.0982955,0.0889074,0.104521,0.21344,0.213243,0.153145
0.132697,0.0965199,0.164818,31.9279,260.512,75.0569,18.01,151.699,60.3679,0.0984205,0.0890324,0.104646,0.213565,0.213368,0.15327
0.1332,0.0969181,0.165363,32.0362,261.248,75.296,18.1072,152.596,60.6564,0.0985455,0.0891574,0.104771,0.21369,0.213493,0.153395
0.133687,0.0973172,0.165927,32.1433,261.989,75.5377,18.2049,153.497,60.9462,0.0986705,0.0892824,0.104896,0.213815,0.213618,0.15352
0.134206,0.0977177,0.166461,32.2517,262.73,75.7791,18.3033,154.403,61.2374,0.0987955,0.0894074,0.105021,0.21394,0.213743,0.153645
0.1347,0.0981193,0.167022,32.3618,263.475,76.0215,18.4021,155.314,61.5299,0.0989205,0.0895324,0.105146,0.214065,0.213868,0.15377
0.135214,0.0985218,0.167567,32.4711,264.227,76.2671,18.5016,156.228,61.8237,0.0990455,0.0896574,0.105271,0.21419,0.213993,0.153895
0.135678,0.0989254,0.168164,32.5806,264.981,76.5137,18.6015,157.148,62.1188,0.0991705,0.0897824,0.105396,0.214315,0.214118,0.15402
0.136146,0.0993302,0.168759,32.6929,265.741,76.7621,18.7021,158.072,62.4153,0.0992955,0.0899074,0.105521,0.21444,0.214243,0.154145
0.13664,0.0997361,0.169331,32.8023,266.503,77.0119,18.8032,159,62.7131,0.0994205,0.0900324,0.105646,0.214565,0.214368,0.15427
0.137131,0.100143,0.169908,32.9149,267.27,77.2628,18.9049,159.933,63.0123,0.0995455,0.0901574,0.105771,0.21469,0.214493,0.154395
0.137634,0.100551,0.170476,33.0277,268.039,77.5146,19.0072,160.87,63.3128,0.0996705,0.0902824,0.105896,0.214815,0.214618,0.15452
0.138135,0.10096,0.171049,33.1394,268.816,77.77,19.11,161.812,63.6147,0.0997955,0.0904073,0.106021,0.21494,0.214743,0.154645
0.138599,0.10137,0.171662,33.2531,269.602,78.0285,19.2134,162.759,63.918,0.0999205,0.0905323,0.106146,0.215065,0.214868,0.15477
0.139073,0.101782,0.172266,33.3667,270.375,78.2825,19.3174,163.71,64.2227,0.100045,0.0906573,0.106271,0.21519,0.214993,0.154895
0.139578,0.102195,0.172843,33.4784,271.141,78.534,19.422,164.666,64.5287,0.10017,0.0907823,0.106396,0.215315,0.215118,0.15502
0.140071,0.102609,0.173433,33.5897,271.89,78.7798,19.5271,165.627,64.8361,0.100295,0.0909073,0.106521,0.21544,0.215243,0.155145
0.140561,0.103024,0.17403,33.699,272.645,79.0288,19.6329,166.592,65.1449,0.10042,0.0910323,0.106646,0.215565,0.215368,0.15527
0.141052,0.10344,0.174628,33.8082,273.383,79.2715,19.7392,167.562,65.4551,0.100545,0.0911573,0.106771,0.21569,0.215493,0.155395
0.141571,0.103857,0.175201,33.9129,274.104,79.5092,19.8461,168.536,65.7666,0.10067,0.0912823,0.106896,0.215815,0.215618,0.15552
0.142067,0.104276,0.175799,34.0205,274.821,79.7446,19.9535,169.515,66.0795,0.100795,0.0914073,0.107021,0.21594,0.215743,0.155645
0.142588,0.104696,0.176375,34.1221,275.524,79.9768,20.0616,170.499,66.3938,0.10092,0.0915323,0.107146,0.216065,0.215868,0.15577
0.143101,0.105116,0.176961,34.226,276.225,80.2079,20.1702,171.487,66.7094,0.101045,0.0916573,0.107271,0.21619,0.215993,0.155895
0.143629,0.105538,0.177535,34.3282,276.919,80.4368,20.2794,172.48,67.0264,0.10117,0.0917823,0.107396,0.216315,0.216118,0.15602
0.144138,0.105961,0.178131,34.4269,277.594,80.66,20.3892,173.477,67.3448,0.101295,0.0919073,0.107521,0.21644,0.216243,0.156145
0.144633,0.106385,0.178744,34.5218,278.251,80.878,20.4995,174.479,67.6645,0.10142,0.0920323,0.107646,0.216565,0.216368,0.15627
0.14513,0.10681,0.179356,34.6161,278.903,81.0942,20.6105,175.486,67.9856,0.101545,0.0921573,0.107771,0.21669,0.216493,0.156395
0.145648,0.107236,0.179951,34.7099,279.558,81.3121,20.722,176.497,68.3081,0.10167,0.0922823,0.107896,0.216815,0.216618,0.15652
0.146134,0.107664,0.18058,34.802,280.186,81.5203,20.834,177.513,68.6319,0.101795,0.0924073,0.108021,0.21694,0.216743,0.156645
0.146651,0.108092,0.181181,34.8918,280.81,81.7276,20.9467,178.533,68.957,0.10192,0.0925323,0.108146,0.217065,0.216868,0.15677
0.147207,0.108522,0.181745,34.9788,281.426,81.9327,21.0599,179.557,69.2836,0.102045,0.0926573,0.108271,0.21719,0.216993,0.156895
0.147732,0.108953,0.182344,35.0637,282.025,82.1327,21.1736,180.587,69.6115,0.10217,0.0927823,0.108396,0.217315,0.217118,0.15702
0.148279,0.109385,0.182922,35.1466,282.616,82.3299,21.288,181.621,69.9407,0.102295,0.0929073,0.108521,0.21744,0.217243,0.157145
0.148772,0.109818,0.183558,35.231,283.193,82.5219,21.4029,182.659,70.2713,0.10242,0.0930323,0.108646,0.217565,0.217368,0.15727
0.149314,0.110253,0.184147,35.311,283.754,82.7091,21.5184,183.702,70.6032,0.102545,0.0931573,0.108771,0.21769,0.217493,0.157395
0.149835,0.110688,0.184759,35.3914,284.316,82.8969,21.6344,184.749,70.9364,0.10267,0.0932823,0.108896,0.217815,0.217618,0.15752
0.150384,0.111125,0.185347,35.4673,284.86,83.079,21.751,185.801,71.271,0.102795,0.0934073,0.109021,0.21794,0.217743,0.157645
0.150901,0.111563,0.185969,35.5434,285.391,83.2565,21.8682,186.857,71.6069,0.10292,0.0935323,0.109146,0.218065,0.217868,0.15777
0.151442,0.112002,0.18657,35.6157,285.91,83.4309,21.9859,187.918,71.9442,0.103045,0.0936573,0.109271,0.21819,0.217993,0.157895
0.15199,0.112442,0.187166,35.6895,286.423,83.6023,22.1042,188.983,72.2828,0.10317,0.0937823,0.109396,0.218315,0.218118,0.15802
0.152523,0.112884,0.18778,35.761,286.923,83.7694,22.223,190.053,72.6227,0.103295,0.0939073,0.109521,0.21844,0.218243,0.158145
0.153051,0.113326,0.188401,35.8291,287.406,83.9317,22.3424,191.127,72.9639,0.10342,0.0940323,0.109646,0.218565,0.218368,0.15827
0.153581,0.11377,0.189023,35.896,287.878,84.0901,22.4623,192.205,73.3065,0.103545,0.0941573,0.109771,0.21869,0.218493,0.158395
0.154143,0.114215,0.189617,35.9605,288.345,84.2473,22.5828,193.288,73.6503,0.10367,0.0942823,0.109896,0.218815,0.218618,0.15852
0.154705,0.114661,0.190212,36.0233,288.793,84.3979,22.7039,194.376,73.9955,0.103795,0.0944073,0.110021,0.21894,0.218743,0.158645
0.155243,0.115109,0.190834,36.0829,289.23,84.5455,22.8255,195.467,74.342,0.10392,0.0945323,0.110146,0.219065,0.218868,0.15877
0.155791,0.115557,0.191449,36.1417,289.653,84.6883,22.9476,196.563,74.6897,0.104045,0.0946573,0.110271,0.21919,0.218993,0.158895
0.156293,0.116007,0.192113,36.1977,290.068,84.8292,23.0703,197.664,75.0388,0.10417,0.0947823,0.110396,0.219315,0.219118,0.15902
0.156812,0.116458,0.192762,36.2561,290.468,84.9633,23.1935,198.768,75.3892,0.104295,0.0949073,0.110521,0.21944,0.219243,0.159145
0.157355,0.116909,0.19339,36.3094,290.865,85.0979,23.3173,199.877,75.7408,0.10442,0.0950323,0.110646,0.219565,0.219368,0.15927
0.157906,0.117362,0.194013,36.3596,291.245,85.2271,23.4416,200.991,76.0937,0.104545,0.0951573,0.110771,0.21969,0.219493,0.159395
0.158418,0.117817,0.194678,36.4087,291.61,85.3516,23.5665,202.109,76.448,0.10467,0.0952823,0.110896,0.219815,0.219618,0.15952
0.158967,0.118273,0.195308,36.4554,291.96,85.4702,23.6918,203.231,76.8034,0.104795,0.0954073,0.111021,0.21994,0.219744,0.159645
0.159503,0.118729,0.195954,36.5015,292.298,85.585,23.8177,204.357,77.1602,0.10492,0.0955323,0.111146,0.220065,0.219869,0.15977
0.160072,0.119188,0.196569,36.5436,292.618,85.6942,23.9442,205.487,77.5182,0.105045,0.0956573,0.111271,0.22019,0.219994,0.159895
0.160641,0.119647,0.197186,36.5862,292.931,85.8002,24.0711,206.622,77.8775,0.10517,0.0957823,0.111396,0.220315,0.220119,0.16002
0.161188,0.120108,0.197829,36.6239,293.227,85.9015,24.1986,207.761,78.238,0.105295,0.0959073,0.111521,0.22044,0.220244,0.160145
0.161726,0.12057,0.198484,36.66,293.511,85.999,24.3266,208.904,78.5998,0.10542,0.0960323,0.111646,0.220565,0.220369,0.16027
0.16229,0.121032,0.199115,36.6946,293.788,86.0941,24.4551,210.051,78.9628,0.105545,0.0961573,0.111771,0.22069,0.220494,0.160395
0.16281,0.121496,0.199793,36.7287,294.054,86.1857,24.5842,211.203,79.327,0.10567,0.0962823,0.111896,0.220815,0.220619,0.16052
0.163332,0.121961,0.200471,36.7603,294.304,86.2718,24.7137,212.358,79.6925,0.105795,0.0964073,0.112021,0.22094,0.220744,0.160645
0.163859,0.122428,0.201148,36.7903,294.545,86.3548,24.8438,213.518,80.0592,0.10592,0.0965323,0.112146,0.221065,0.220869,0.16077
0.164431,0.122896,0.201782,36.8179,294.763,86.4296,24.9744,214.682,80.4271,0.106045,0.0966573,0.112271,0.22119,0.220994,0.160895
0.165016,0.123365,0.202405,36.8409,294.967,86.5002,25.1055,215.85,80.7963,0.10617,0.0967823,0.112396,0.221315,0.221119,0.16102
0.165594,0.123834,0.203039,36.863,295.165,86.5691,25.237,217.021,81.1666,0.106295,0.0969073,0.112521,0.22144,0.221244,0.161145
0.16613,0.124306,0.203717,36.8825,295.338,86.6298,25.3691,218.197,81.5381,0.10642,0.0970323,0.112646,0.221565,0.221369,0.16127
0.166703,0.124778,0.204361,36.8999,295.494,86.6838,25.5017,219.377,81.9108,0.106545,0.0971573,0.112771,0.22169,0.221494,0.161395
0.167302,0.125252,0.204982,36.9138,295.632,86.7322,25.6348,220.561,82.2847,0.10667,0.0972823,0.112896,0.221815,0.221619,0.16152
0.167872,0.125727,0.205635,36.9257,295.752,86.7744,25.7683,221.749,82.6598,0.106795,0.0974073,0.113021,0.22194,0.221744,0.161645
0.168443,0.126204,0.206288,36.9366,295.853,86.8096,25.9023,222.941,83.0359,0.10692,0.0975323,0.113146,0.222065,0.221869,0.16177
0.16904,0.12668,0.20692,36.942,295.952,86.8458,26.0368,224.137,83.4133,0.107045,0.0976573,0.113271,0.22219,0.221994,0.161895
0.169603,0.127159,0.207588,36.9466,296.022,86.8714,26.1718,225.336,83.7918,0.10717,0.0977823,0.113396,0.222315,0.222119,0.16202
0.170184,0.127639,0.20824,36.9439,296.074,86.8924,26.3073,226.539,84.1714,0.107295,0.0979073,0.113521,0.22244,0.222244,0.162145
0.170795,0.12812,0.208866,36.9409,296.101,86.9034,26.4432,227.746,84.5521,0.10742,0.0980323,0.113646,0.222565,0.222369,0.16227
0.171367,0.128602,0.209532,36.9377,296.117,86.9104,26.5796,228.957,84.934,0.107545,0.0981572,0.113771,0.22269,0.222494,0.162395
0.171917,0.129085,0.210224,36.9327,296.13,86.9169,26.7164,230.172,85.3169,0.10767,0.0982822,0.113896,0.222815,0.222619,0.16252
0.172486,0.12957,0.2109,36.9228,296.121,86.9167,26.8537,231.39,85.7009,0.107795,0.0984072,0.114021,0.222941,0.222744,0.162645
0.173107,0.130056,0.211526,36.9102,296.109,86.916,26.9914,232.612,86.086,0.10792,0.0985322,0.114146,0.223066,0.222869,0.16277
0.173673,0.130543,0.212211,36.8976,296.091,86.9129,27.1295,233.838,86.4722,0.108045,0.0986572,0.114271,0.223191,0.222994,0.162895
0.174248,0.131031,0.212889,36.8832,296.056,86.9044,27.2681,235.067,86.8595,0.10817,0.0987822,0.114396,0.223316,0.223119,0.16302
0.17478,0.131521,0.213612,36.8681,296.006,86.8901,27.4072,236.3,87.2478,0.108295,0.0989072,0.114521,0.223441,0.223244,0.163145
0.175381,0.132012,0.21427,36.8509,295.949,86.8734,27.5467,237.537,87.6372,0.10842,0.0990322,0.114646,0.223566,0.223369,0.16327
0.175954,0.132504,0.214958,36.8333,295.895,86.8582,27.6866,238.777,88.0276,0.108545,0.0991572,0.114771,0.223691,0.223494,0.163395
0.176548,0.132998,0.215628,36.815,295.824,86.8367,27.8269,240.02,88.4191,0.10867,0.0992822,0.114896,0.223816,0.223619,0.16352
0.177132,0.133492,0.21631,36.7947,295.743,86.8118,27.9677,241.268,88.8116,0.108795,0.0994072,0.115021,0.223941,0.223744,0.163645
0.177711,0.133988,0.217001,36.7723,295.651,86.7835,28.1089,242.519,89.2052,0.10892,0.0995322,0.115146,0.224066,0.223869,0.16377
0.178275,0.134486,0.217709,36.7486,295.547,86.7508,28.2505,243.773,89.5998,0.109045,0.0996572,0.115271,0.224191,0.223994,0.163895
0.178887,0.134984,0.218373,36.7234,295.436,86.7159,28.3926,245.031,89.9954,0.10917,0.0997822,0.115396,0.224316,0.224119,0.16402
0.179451,0.135483,0.219087,36.6959,295.329,86.6837,28.535,246.292,90.392,0.109295,0.0999072,0.115521,0.224441,0.224244,0.164145
0.179999,0.135984,0.21982,36.6673,295.204,86.6448,28.6779,247.557,90.7896,0.10942,0.100032,0.115646,0.224566,0.224369,0.16427
0.180601,0.136486,0.220501,36.6332,295.062,86.6005,28.8211,248.825,91.1883,0.109545,0.100157,0.115771,0.224691,0.224494,0.164395
0.181208,0.13699,0.22118,36.6009,294.917,86.5547,28.9648,250.096,91.5879,0.10967,0.100282,0.115896,0.224816,0.224619,0.16452
0.181823,0.137494,0.221855,36.568,294.759,86.5042,29.1089,251.371,91.9885,0.109795,0.100407,0.116021,0.224941,0.224744,0.164645
0.182401,0.138,0.222569,36.5345,294.599,86.4531,29.2534,252.65,92.3902,0.10992,0.100532,0.116146,0.225066,0.224869,0.16477
0.182985,0.138507,0.22328,36.4986,294.424,86.397,29.3982,253.931,92.7927,0.110045,0.100657,0.116271,0.225191,0.224994,0.164895
0.183551,0.139016,0.224011,36.4621,294.231,86.334,29.5435,255.216,93.1963,0.11017,0.100782,0.116396,0.225316,0.225119,0.16502
0.184172,0.139526,0.22469,36.4226,294.035,86.2706,29.6891,256.505,93.6008,0.110295,0.100907,0.116521,0.225441,0.225244,0.165145
0.184797,0.140037,0.225369,36.3836,293.839,86.2068,29.8352,257.796,94.0062,0.11042,0.101032,0.116646,0.225566,0.225369,0.16527
0.185403,0.140549,0.226068,36.3417,293.623,86.1368,29.9816,259.091,94.4126,0.110545,0.101157,0.116771,0.225691,0.225494,0.165395
0.185995,0.141062,0.226786,36.2998,293.424,86.0731,30.1284,260.389,94.82,0.11067,0.101282,0.116896,0.225816,0.225619,0.165521
0.186613,0.141577,0.22748,36.2595,293.215,86.0052,30.2756,261.69,95.2283,0.110795,0.101407,0.117021,0.225941,0.225744,0.165646
0.187219,0.142093,0.228189,36.2175,293.003,85.9361,30.4231,262.995,95.6375,0.11092,0.101532,0.117146,0.226066,0.225869,0.165771
0.187832,0.142611,0.228892,36.176,292.786,85.8655,30.5711,264.303,96.0476,0.111045,0.101657,0.117271,0.226191,0.225994,0.165896
0.188465,0.143129,0.229579,36.1371,292.577,85.7966,30.7194,265.614,96.4587,0.11117,0.101782,0.117396,0.226316,0.226119,0.166021
0.189073,0.14365,0.230295,36.0979,292.361,85.7255,30.8681,266.928,96.8708,0.111295,0.101907,0.117521,0.226441,0.226244,0.166146
0.189651,0.144171,0.231042,36.0541,292.142,85.655,31.0171,268.245,97.2837,0.11142,0.102032,0.117646,0.226566,0.226369,0.166271
0.190254,0.144693,0.231769,36.0149,291.942,85.5898,31.1666,269.566,97.6976,0.111545,0.102157,0.117771,0.226691,0.226494,0.166396
0.190889,0.145217,0.232465,35.9728,291.737,85.5238,31.3164,270.89,98.1124,0.11167,0.102282,0.117896,0.226816,0.226619,0.166521
0.191519,0.145741,0.233171,35.9348,291.54,85.4593,31.4666,272.217,98.5281,0.111795,0.102407,0.118021,0.226941,0.226744,0.166646
0.192117,0.146267,0.233911,35.8965,291.342,85.3951,31.6171,273.547,98.9448,0.11192,0.102532,0.118146,0.227066,0.226869,0.166771
0.192743,0.146794,0.234626,35.8561,291.14,85.3295,31.7681,274.881,99.3624,0.112045,0.102657,0.118271,0.227191,0.226994,0.166896
0.193336,0.147323,0.235375,35.8168,290.93,85.2608,31.9194,276.217,99.781,0.11217,0.102782,0.118396,0.227316,0.227119,0.167021
0.193977,0.147853,0.23608,35.7753,290.713,85.1898,32.0711,277.557,100.2,0.112295,0.102907,0.118521,0.227441,0.227244,0.167146
0.194614,0.148385,0.236792,35.7332,290.497,85.1195,32.2231,278.901,100.621,0.11242,0.103032,0.118646,0.227566,0.227369,0.167271
0.195247,0.148918,0.23751,35.6906,290.285,85.0507,32.3755,280.247,101.042,0.112545,0.103157,0.118771,0.227691,0.227494,0.167396
0.195862,0.149452,0.23825,35.6506,290.08,84.984,32.5283,281.596,101.464,0.11267,0.103282,0.118896,0.227816,0.227619,0.167521
0.196496,0.149987,0.238974,35.6087,289.872,84.9168,32.6815,282.949,101.888,0.112795,0.103407,0.119021,0.227941,0.227744,0.167646
0.197114,0.150523,0.239718,35.5699,289.672,84.8518,32.835,284.305,102.312,0.11292,0.103532,0.119146,0.228066,0.227869,0.167771
0.197772,0.151061,0.240423,35.5291,289.465,84.784,32.9889,285.664,102.737,0.113045,0.103657,0.119271,0.228191,0.227994,0.167896
0.19839,0.1516,0.241172,35.49,289.261,84.7175,33.1431,287.026,103.162,0.11317,0.103782,0.119396,0.228316,0.228119,0.168021
0.199044,0.15214,0.241887,35.4498,289.065,84.6542,33.2978,288.391,103.589,0.113295,0.103907,0.119521,0.228441,0.228244,0.168146
0.199668,0.152681,0.242636,35.4078,288.861,84.5887,33.4527,289.76,104.017,0.11342,0.104032,0.119646,0.228566,0.228369,0.168271
0.200266,0.153224,0.243412,35.3695,288.658,84.5223,33.6081,291.131,104.446,0.113545,0.104157,0.119771,0.228691,0.228494,0.168396
0.200939,0.153768,0.244117,35.3277,288.451,84.4552,33.7638,292.506,104.875,0.11367,0.104282,0.119896,0.228816,0.228619,0.168521
0.201567,0.154314,0.244871,35.2875,288.253,84.3911,33.9199,293.884,105.306,0.113795,0.104407,0.120021,0.228941,0.228744,0.168646
0.202167,0.154861,0.245655,35.2464,288.044,84.3236,34.0763,295.265,105.737,0.11392,0.104532,0.120146,0.229066,0.228869,0.168771
0.202794,0.155409,0.246415,35.2065,287.837,84.2562,34.2331,296.65,106.169,0.114045,0.104657,0.120271,0.229191,0.228994,0.168896
0.20345,0.155959,0.247148,35.1662,287.626,84.1868,34.3902,298.037,106.603,0.11417,0.104782,0.120396,0.229316,0.229119,0.169021
0.20409,0.156509,0.247901,35.1264,287.423,84.1208,34.5478,299.428,107.037,0.114295,0.104907,0.120521,0.229441,0.229244,0.169146
0.204719,0.157062,0.248668,35.086,287.212,84.0517,34.7056,300.821,107.472,0.11442,0.105032,0.120646,0.229566,0.229369,0.169271
0.205352,0.157615,0.249433,35.0455,287.001,83.9827,34.8638,302.218,107.908,0.114545,0.105157,0.120771,0.229691,0.229494,0.169396
0.205962,0.158171,0.250223,35.0077,286.781,83.9098,35.0224,303.618,108.344,0.11467,0.105282,0.120896,0.229816,0.229619,0.169521
0.206592,0.158727,0.250998,34.9675,286.579,83.8443,35.1814,305.021,108.782,0.114795,0.105407,0.121021,0.229941,0.229744,0.169646
0.207264,0.159284,0.251733,34.9261,286.373,83.7774,35.3406,306.427,109.221,0.11492,0.105532,0.121146,0.230066,0.229869,0.169771
0.207924,0.159843,0.252484,34.886,286.177,83.7139,35.5003,307.837,109.66,0.115045,0.105657,0.121271,0.230191,0.229994,0.169896
0.208559,0.160403,0.253262,34.8474,285.967,83.6446,35.6603,309.249,110.101,0.11517,0.105782,0.121396,0.230316,0.230119,0.170021
0.209257,0.160965,0.253979,34.8069,285.753,83.5742,35.8206,310.664,110.542,0.115295,0.105907,0.121521,0.230441,0.230244,0.170146
0.209917,0.161527,0.254738,34.7661,285.553,83.5093,35.9813,312.083,110.984,0.11542,0.106032,0.121646,0.230566,0.230369,0.170271
0.210572,0.162091,0.255506,34.7248,285.348,83.4431,36.1424,313.505,111.427,0.115545,0.106157,0.121771,0.230691,0.230494,0.170396
0.211239,0.162656,0.256264,34.6825,285.145,83.3777,36.3038,314.929,111.871,0.11567,0.106282,0.121896,0.230816,0.230619,0.170521
0.211888,0.163223,0.257043,34.643,284.943,83.312,36.4655,316.357,112.316,0.115795,0.106407,0.122021,0.230941,0.230744,0.170646
0.212511,0.16379,0.257852,34.6038,284.747,83.2483,36.6276,317.788,112.762,0.11592,0.106532,0.122146,0.231066,0.230869,0.170771
0.213177,0.164359,0.25862,34.5645,284.551,83.1847,36.7901,319.222,113.208,0.116045,0.106657,0.122271,0.231191,0.230994,0.170896
0.213899,0.164929,0.259336,34.5233,284.354,83.1211,36.9529,320.659,113.656,0.11617,0.106782,0.122396,0.231316,0.231119,0.171021
0.214567,0.165501,0.260107,34.4834,284.146,83.053,37.116,322.1,114.104,0.116295,0.106907,0.122521,0.231441,0.231244,0.171146
0.21518,0.166075,0.260937,34.4448,283.94,82.9855,37.2795,323.543,114.554,0.11642,0.107032,0.122646,0.231566,0.231369,0.171271
0.215863,0.16665,0.261701,34.4064,283.737,82.9186,37.4433,324.989,115.004,0.116545,0.107157,0.122771,0.231691,0.231494,0.171396
0.21654,0.167225,0.262472,34.3654,283.538,82.8544,37.6075,326.439,115.455,0.11667,0.107282,0.122896,0.231816,0.231619,0.171521
0.217192,0.167803,0.263272,34.3266,283.333,82.7875,37.772,327.891,115.907,0.116795,0.107407,0.123021,0.231941,0.231744,0.171646
0.217874,0.168381,0.264045,34.2844,283.126,82.7201,37.9368,329.347,116.36,0.11692,0.107532,0.123146,0.232066,0.231869,0.171771
0.218543,0.168962,0.264834,34.2446,282.919,82.6526,38.102,330.805,116.813,0.117045,0.107657,0.123271,0.232191,0.231994,0.171896
0.219192,0.169544,0.265645,34.2036,282.704,82.5822,38.2676,332.267,117.268,0.11717,0.107782,0.123396,0.232316,0.232119,0.172021
0.219851,0.170127,0.26645,34.1653,282.5,82.5152,38.4334,333.731,117.723,0.117295,0.107907,0.123521,0.232441,0.232244,0.172146
0.220552,0.170711,0.267216,34.1239,282.293,82.4475,38.5996,335.199,118.18,0.11742,0.108032,0.123646,0.232566,0.232369,0.172271
0.221253,0.171296,0.267984,34.0828,282.092,82.3826,38.7662,336.67,118.637,0.117545,0.108157,0.123771,0.232691,0.232494,0.172396
0.221896,0.171883,0.268814,34.0444,281.883,82.3138,38.9331,338.144,119.095,0.11767,0.108282,0.123896,0.232816,0.232619,0.172521
0.222592,0.172471,0.269593,34.0066,281.683,82.2477,39.1003,339.62,119.554,0.117795,0.108407,0.124021,0.232941,0.232744,0.172646
0.223278,0.173061,0.270387,33.9662,281.479,82.1812,39.2679,341.1,120.014,0.11792,0.108532,0.124146,0.233066,0.232869,0.172771
0.223947,0.173652,0.2712,33.9251,281.278,82.1164,39.4357,342.583,120.474,0.118045,0.108657,0.124271,0.233191,0.232994,0.172896
0.224613,0.174244,0.272018,33.8873,281.069,82.0474,39.604,344.069,120.936,0.11817,0.108782,0.124396,0.233316,0.233119,0.173021
0.225371,0.174838,0.272748,33.8465,280.86,81.9786,39.7725,345.557,121.398,0.118295,0.108907,0.124521,0.233441,0.233244,0.173146
0.226051,0.175432,0.273559,33.8067,280.668,81.9165,39.9414,347.049,121.861,0.11842,0.109032,0.124646,0.233566,0.233369,0.173271
0.226728,0.176029,0.274376,33.7662,280.463,81.8501,40.1107,348.544,122.325,0.118545,0.109157,0.124771,0.233691,0.233494,0.173396
0.227441,0.176627,0.275161,33.7269,280.262,81.784,40.2802,350.042,122.79,0.11867,0.109282,0.124896,0.233816,0.233619,0.173521
0.228121,0.177225,0.275981,33.6868,280.065,81.7202,40.4501,351.543,123.256,0.118795,0.109407,0.125021,0.233941,0.233744,0.173646
0.228827,0.177825,0.276779,33.6487,279.865,81.6544,40.6203,353.047,123.723,0.11892,0.109532,0.125146,0.234066,0.233869,0.173771
0.229512,0.178428,0.277599,33.6077,279.655,81.586,40.7908,354.554,124.19,0.119045,0.109657,0.125271,0.234191,0.233994,0.173896
0.230226,0.179031,0.278394,33.5648,279.449,81.5196,40.9617,356.063,124.659,0.11917,0.109782,0.125396,0.234316,0.234119,0.174021
0.230925,0.179636,0.279207,33.526,279.244,81.4519,41.1329,357.576,125.128,0.119295,0.109907,0.125521,0.234441,0.234244,0.174146
0.231608,0.180241,0.28004,33.4853,279.044,81.3875,41.3044,359.092,125.598,0.11942,0.110032,0.125646,0.234566,0.234369,0.174271
0.232319,0.180848,0.280847,33.4466,278.847,81.323,41.4763,360.611,126.069,0.119545,0.110157,0.125771,0.234691,0.234494,0.174396
0.232973,0.181456,0.281715,33.4084,278.655,81.2607,41.6484,362.132,126.541,0.11967,0.110282,0.125896,0.234816,0.234619,0.174521
0.233683,0.182066,0.28253,33.3678,278.46,81.198,41.8209,363.657,127.014,0.119795,0.110407,0.126021,0.234941,0.234744,0.174646
0.234395,0.182677,0.283346,33.3261,278.258,81.1328,41.9937,365.185,127.487,0.11992,0.110532,0.126146,0.235066,0.234869,0.174771
0.235137,0.183291,0.284134,33.2876,278.05,81.0637,42.1669,366.716,127.962,0.120045,0.110657,0.126271,0.235191,0.234994,0.174896
0.235886,0.183905,0.284919,33.247,277.85,80.9985,42.3403,368.249,128.437,0.12017,0.110782,0.126396,0.235316,0.235119,0.175021
0.236607,0.18452,0.285735,33.2085,277.648,80.9321,42.5141,369.786,128.913,0.120295,0.110907,0.126521,0.235441,0.235244,0.175146
0.237271,0.185138,0.286611,33.1677,277.441,80.865,42.6882,371.325,129.39,0.12042,0.111032,0.126646,0.235566,0.235369,0.175271
0.237997,0.185757,0.287426,33.1288,277.228,80.7942,42.8626,372.868,129.867,0.120545,0.111157,0.126771,0.235691,0.235494,0.175396
0.238723,0.186376,0.288247,33.0896,277.031,80.7301,43.0373,374.413,130.346,0.12067,0.111282,0.126896,0.235816,0.235619,0.175521
0.239475,0.186997,0.289044,33.0487,276.831,80.6652,43.2124,375.961,130.825,0.120795,0.111407,0.127021,0.235941,0.235744,0.175646
0.240184,0.18762,0.289887,33.008,276.626,80.5984,43.3877,377.512,131.306,0.12092,0.111532,0.127146,0.236066,0.235869,0.175771
0.240934,0.188244,0.290692,32.9696,276.423,80.5311,43.5634,379.067,131.787,0.121045,0.111657,0.127271,0.236191,0.235994,0.175896
0.241677,0.188869,0.291508,32.9302,276.227,80.4674,43.7394,380.624,132.269,0.12117,0.111782,0.127396,0.236316,0.236119,0.176021
0.242369,0.189496,0.292378,32.8896,276.032,80.4048,43.9157,382.184,132.751,0.121295,0.111907,0.127521,0.236441,0.236244,0.176146
0.243064,0.190124,0.293247,32.8517,275.83,80.3384,44.0923,383.747,133.235,0.12142,0.112032,0.127646,0.236566,0.236369,0.176271
0.24377,0.190754,0.294109,32.8109,275.625,80.2716,44.2693,385.312,133.719,0.121545,0.112157,0.127771,0.236691,0.236494,0.176396
0.244505,0.191385,0.294945,32.7705,275.426,80.2071,44.4465,386.881,134.205,0.12167,0.112282,0.127896,0.236816,0.236619,0.176521
0.245257,0.192017,0.295767,32.7309,275.224,80.1408,44.6241,388.453,134.691,0.121795,0.112407,0.128021,0.236941,0.236744,0.176646
0.245999,0.192651,0.296603,32.6917,275.023,80.0752,44.8019,390.027,135.178,0.12192,0.112532,0.128146,0.237066,0.236869,0.176771
0.246777,0.193286,0.297404,32.6518,274.823,80.0094,44.9801,391.605,135.665,0.122045,0.112657,0.128271,0.237191,0.236994,0.176896
0.247503,0.193923,0.298261,32.6146,274.621,79.943,45.1586,393.185,136.154,0.12217,0.112782,0.128396,0.237316,0.237119,0.177021
0.248216,0.19456,0.299135,32.5767,274.43,79.8806,45.3374,394.768,136.643,0.122295,0.112907,0.128521,0.237441,0.237244,0.177146
0.248985,0.1952,0.299956,32.5378,274.232,79.8157,45.5165,396.354,137.134,0.12242,0.113032,0.128646,0.237566,0.237369,0.177271
0.249712,0.195841,0.300822,32.4981,274.03,79.7498,45.6959,397.944,137.625,0.122545,0.113157,0.128771,0.237691,0.237494,0.177396
0.250416,0.196482,0.301714,32.4582,273.833,79.6861,45.8756,399.535,138.116,0.12267,0.113282,0.128896,0.237816,0.237619,0.177521
0.251225,0.197126,0.302504,32.4184,273.633,79.6207,46.0556,401.13,138.609,0.122795,0.113407,0.129021,0.237941,0.237744,0.177646
0.251973,0.197771,0.303358,32.379,273.435,79.556,46.2359,402.728,139.103,0.12292,0.113532,0.129146,0.238066,0.237869,0.177771
0.252788,0.198418,0.304148,32.3423,273.238,79.4901,46.4165,404.328,139.597,0.123045,0.113657,0.129271,0.238191,0.237994,0.177896
0.253519,0.199066,0.305026,32.3025,273.036,79.4243,46.5975,405.932,140.092,0.12317,0.113782,0.129396,0.238316,0.238119,0.178021
0.254283,0.199716,0.305873,32.2649,272.834,79.3576,46.7787,407.538,140.588,0.123295,0.113907,0.129521,0.238441,0.238244,0.178146
0.255041,0.200366,0.30673,32.2266,272.644,79.2958,46.9602,409.147,141.085,0.12342,0.114032,0.129646,0.238566,0.238369,0.178271
0.255779,0.201018,0.30761,32.1868,272.441,79.2295,47.1421,410.759,141.582,0.123545,0.114157,0.129771,0.238691,0.238494,0.178396
0.256554,0.201672,0.308455,32.1481,272.239,79.1631,47.3242,412.374,142.081,0.12367,0.114282,0.129896,0.238816,0.238619,0.178521
0.257322,0.202328,0.309311,32.1097,272.037,79.0964,47.5066,413.992,142.58,0.123795,0.114407,0.130021,0.238941,0.238744,0.178646
0.25804,0.202984,0.310222,32.0731,271.844,79.0331,47.6894,415.612,143.08,0.12392,0.114532,0.130146,0.239066,0.238869,0.178771
0.258776,0.203641,0.311117,32.0368,271.657,78.9721,47.8724,417.236,143.581,0.124045,0.114657,0.130271,0.239191,0.238994,0.178896
0.259547,0.204299,0.311981,31.995,271.468,78.9121,48.0558,418.862,144.082,0.12417,0.114782,0.130396,0.239316,0.239119,0.179021
0.260295,0.204959,0.31287,31.9569,271.281,78.8514,48.2394,420.491,144.585,0.124295,0.114907,0.130521,0.239441,0.239244,0.179146
0.261057,0.205621,0.313749,31.9224,271.088,78.787,48.4233,422.123,145.088,0.12442,0.115032,0.130646,0.239566,0.239369,0.179271
0.261787,0.206285,0.314662,31.8833,270.891,78.7232,48.6076,423.758,145.592,0.124545,0.115157,0.130771,0.239691,0.239494,0.179396
0.262581,0.20695,0.315514,31.8457,270.693,78.6578,48.7921,425.395,146.097,0.12467,0.115282,0.130896,0.239816,0.239619,0.179521
0.263318,0.207615,0.316428,31.8068,270.507,78.5978,48.9769,427.036,146.602,0.124795,0.115407,0.131021,0.239941,0.239744,0.179646
0.264119,0.208283,0.31728,31.7699,270.31,78.5325,49.162,428.679,147.109,0.12492,0.115532,0.131146,0.240066,0.239869,0.179771
0.264874,0.208953,0.318181,31.7343,270.116,78.4684,49.3475,430.325,147.616,0.125045,0.115657,0.131271,0.240191,0.239994,0.179896
0.265657,0.209623,0.319058,31.697,269.927,78.4067,49.5332,431.974,148.124,0.12517,0.115782,0.131396,0.240316,0.240119,0.180021
0.266418,0.210295,0.319959,31.6607,269.731,78.3418,49.7192,433.626,148.633,0.125295,0.115907,0.131521,0.240441,0.240244,0.180146
0.267147,0.21097,0.320895,31.6217,269.523,78.2737,49.9055,435.28,149.143,0.12542,0.116032,0.131646,0.240566,0.240369,0.180271
0.267921,0.211645,0.321791,31.5839,269.332,78.2114,50.0921,436.938,149.653,0.125545,0.116157,0.131771,0.240691,0.240494,0.180396
0.268708,0.212321,0.322676,31.5443,269.137,78.148,50.279,438.598,150.164,0.12567,0.116282,0.131896,0.240816,0.240619,0.180521
0.269453,0.212999,0.323605,31.5052,268.939,78.0837,50.4661,440.261,150.676,0.125795,0.116407,0.132021,0.240941,0.240744,0.180646
0.270175,0.213679,0.324563,31.4668,268.742,78.0193,50.6536,441.926,151.189,0.12592,0.116532,0.132146,0.241066,0.240869,0.180771
0.270977,0.21436,0.325443,31.4286,268.552,77.9574,50.8413,443.595,151.703,0.126045,0.116657,0.132271,0.241191,0.240994,0.180896
0.271765,0.215041,0.32634,31.3882,268.361,77.8961,51.0293,445.266,152.217,0.12617,0.116782,0.132396,0.241316,0.24112,0.181021
0.272542,0.215725,0.327252,31.3486,268.17,77.8345,51.2176,446.94,152.732,0.126295,0.116907,0.132521,0.241441,0.241245,0.181146
0.273376,0.216409,0.32811,31.3101,267.985,77.7743,51.4062,448.617,153.248,0.12642,0.117032,0.132646,0.241566,0.24137,0.181271
0.274204,0.217096,0.328977,31.2724,267.794,77.7118,51.5951,450.297,153.765,0.126545,0.117157,0.132771,0.241691,0.241495,0.181396
0.274972,0.217784,0.329907,31.2324,267.602,77.6501,51.7842,451.979,154.283,0.12667,0.117282,0.132896,0.241816,0.24162,0.181521
0.275793,0.218473,0.330789,31.1969,267.421,77.5905,51.9736,453.664,154.801,0.126795,0.117407,0.133021,0.241941,0.241745,0.181646
0.276561,0.219164,0.331724,31.1583,267.221,77.5252,52.1633,455.353,155.32,0.12692,0.117532,0.133146,0.242066,0.24187,0.181771
0.277313,0.219858,0.332679,31.1216,267.018,77.4579,52.3533,457.043,155.84,0.127045,0.117657,0.133271,0.242191,0.241995,0.181896
0.278054,0.220552,0.33365,31.0841,266.827,77.3962,52.5436,458.737,156.361,0.12717,0.117782,0.133396,0.242316,0.24212,0.182021
0.278822,0.221247,0.334596,31.0481,266.635,77.3327,52.7342,460.433,156.882,0.127295,0.117907,0.133521,0.242441,0.242245,0.182146
0.279604,0.221944,0.335531,31.0091,266.44,77.2697,52.925,462.132,157.405,0.12742,0.118032,0.133646,0.242566,0.24237,0.182271
0.280382,0.222643,0.336474,30.9709,266.248,77.207,53.1161,463.834,157.928,0.127545,0.118157,0.133771,0.242691,0.242495,0.182396
0.281137,0.223342,0.337444,30.9331,266.063,77.1473,53.3075,465.538,158.452,0.12767,0.118282,0.133896,0.242816,0.24262,0.182521
0.281887,0.224044,0.338421,30.8951,265.864,77.0826,53.4992,467.246,158.976,0.127795,0.118407,0.134021,0.242941,0.242745,0.182646
0.282727,0.224746,0.339312,30.8587,265.678,77.0212,53.6911,468.956,159.501,0.12792,0.118532,0.134146,0.243066,0.24287,0.182771
0.28353,0.225451,0.340243,30.8221,265.489,76.9593,53.8833,470.668,160.028,0.128045,0.118657,0.134271,0.243191,0.242995,0.182896
0.284346,0.226156,0.341165,30.7843,265.305,76.8998,54.0758,472.384,160.554,0.12817,0.118782,0.134396,0.243316,0.24312,0.183021
0.285139,0.226863,0.342113,30.7468,265.117,76.8385,54.2686,474.102,161.082,0.128295,0.118907,0.134521,0.243441,0.243245,0.183146
0.285916,0.227572,0.343079,30.7094,264.924,76.7758,54.4617,475.823,161.611,0.12842,0.119032,0.134646,0.243566,0.24337,0.183271
0.286715,0.228282,0.344027,30.672,264.733,76.7132,54.655,477.547,162.14,0.128545,0.119157,0.134771,0.243691,0.243495,0.183396
0.287583,0.228995,0.344908,30.6355,264.534,76.647,54.8486,479.273,162.67,0.12867,0.119282,0.134896,0.243816,0.24362,0.183521
0.288429,0.229709,0.345815,30.5976,264.333,76.5806,55.0424,481.002,163.201,0.128795,0.119407,0.135021,0.243941,0.243745,0.183646
0.28923,0.230423,0.346771,30.559,264.14,76.518,55.2365,482.734,163.732,0.12892,0.119532,0.135146,0.244066,0.24387,0.183771
0.290063,0.23114,0.347698,30.524,263.946,76.4534,55.4309,484.468,164.264,0.129045,0.119657,0.135271,0.244191,0.243995,0.183896
0.29089,0.231859,0.348633,30.4875,263.742,76.3854,55.6256,486.205,164.797,0.12917,0.119782,0.135396,0.244317,0.24412,0.184021
0.291723,0.232577,0.349568,30.4503,263.565,76.328,55.8206,487.945,165.331,0.129295,0.119907,0.135521,0.244442,0.244245,0.184146
0.292562,0.233299,0.350498,30.411,263.366,76.263,56.0158,489.688,165.866,0.12942,0.120032,0.135646,0.244567,0.24437,0.184271
0.293378,0.234021,0.351455,30.3766,263.179,76.2012,56.2112,491.433,166.401,0.129545,0.120157,0.135771,0.244692,0.244495,0.184396
0.294191,0.234745,0.352419,30.3395,262.984,76.1372,56.407,493.181,166.937,0.12967,0.120282,0.135896,0.244817,0.24462,0.184521
0.295027,0.23547,0.353363,30.2997,262.797,76.0772,56.603,494.932,167.474,0.129795,0.120407,0.136021,0.244942,0.244745,0.184646
0.295839,0.236197,0.354334,30.2601,262.606,76.0156,56.7993,496.685,168.011,0.12992,0.120532,0.136146,0.245067,0.24487,0.184771
0.29665,0.236924,0.355311,30.2277,262.425,75.9557,56.9958,498.441,168.55,0.130045,0.120657,0.136271,0.245192,0.244995,0.184896
0.297463,0.237654,0.356287,30.1915,262.238,75.8944,57.1926,500.199,169.089,0.13017,0.120782,0.136396,0.245317,0.24512,0.185021
0.298308,0.238386,0.357236,30.156,262.045,75.8306,57.3897,501.961,169.628,0.130295,0.120907,0.136521,0.245442,0.245245,0.185146
0.299132,0.239119,0.358208,30.1213,261.854,75.7672,57.587,503.725,170.169,0.13042,0.121032,0.136646,0.245567,0.24537,0.185271
0.299941,0.239853,0.359199,30.0812,261.669,75.7085,57.7846,505.491,170.71,0.130545,0.121157,0.136771,0.245692,0.245495,0.185396
0.300778,0.240589,0.360165,30.0448,261.48,75.6464,57.9825,507.261,171.252,0.13067,0.121282,0.136896,0.245817,0.24562,0.185521
0.301655,0.241326,0.361095,30.0094,261.288,75.5826,58.1806,509.033,171.795,0.130795,0.121407,0.137021,0.245942,0.245745,0.185646
0.302528,0.242065,0.362031,29.9713,261.096,75.5199,58.379,510.807,172.339,0.13092,0.121532,0.137146,0.246067,0.24587,0.185771
0.303413,0.242806,0.36296,29.9343,260.907,75.4577,58.5776,512.585,172.883,0.131045,0.121657,0.137271,0.246192,0.245995,0.185896
0.30426,0.243547,0.363931,29.8962,260.727,75.4,58.7765,514.365,173.428,0.13117,0.121782,0.137396,0.246317,0.24612,0.186021
0.305127,0.24429,0.364884,29.8612,260.542,75.3388,58.9756,516.147,173.974,0.131295,0.121907,0.137521,0.246442,0.246245,0.186146
0.305988,0.245036,0.365846,29.8239,260.352,75.2768,59.175,517.932,174.52,0.13142,0.122032,0.137646,0.246567,0.24637,0.186271
0.306847,0.245783,0.366812,29.7857,260.157,75.2131,59.3747,519.72,175.068,0.131545,0.122157,0.137771,0.246692,0.246495,0.186396
0.307667,0.246531,0.367823,29.7463,259.962,75.1501,59.5746,521.511,175.616,0.13167,0.122282,0.137896,0.246817,0.24662,0.186521
0.308487,0.247281,0.368835,29.7101,259.771,75.0872,59.7747,523.304,176.164,0.131795,0.122407,0.138021,0.246942,0.246745,0.186646
0.309355,0.248032,0.369804,29.6774,259.585,75.0254,59.9752,525.1,176.714,0.13192,0.122532,0.138146,0.247067,0.24687,0.186771
0.310165,0.248785,0.370833,29.6417,259.393,74.9623,60.1758,526.898,177.264,0.132045,0.122657,0.138271,0.247192,0.246995,0.186897
0.311045,0.24954,0.371797,29.6024,259.198,74.8987,60.3767,528.699,177.815,0.13217,0.122782,0.138396,0.247317,0.24712,0.187022
0.311936,0.250295,0.372754,29.565,259.018,74.8405,60.5779,530.502,178.367,0.132295,0.122907,0.138521,0.247442,0.247245,0.187147
0.312783,0.251053,0.373756,29.5299,258.824,74.7761,60.7793,532.309,178.919,0.13242,0.123032,0.138646,0.247567,0.24737,0.187272
0.313618,0.251813,0.374773,29.4939,258.623,74.7097,60.981,534.117,179.472,0.132545,0.123157,0.138771,0.247692,0.247495,0.187397
0.314473,0.252573,0.375776,29.4574,258.438,74.6492,61.1829,535.929,180.026,0.13267,0.123282,0.138896,0.247817,0.24762,0.187522
0.31535,0.253335,0.376759,29.4202,258.246,74.5867,61.3851,537.742,180.58,0.132795,0.123407,0.139021,0.247942,0.247745,0.187647
0.316159,0.2541,0.377812,29.386,258.046,74.5197,61.5875,539.559,181.136,0.132921,0.123532,0.139146,0.248067,0.24787,0.187772
0.317032,0.254865,0.378806,29.3488,257.857,74.4582,61.7902,541.378,181.692,0.133046,0.123657,0.139271,0.248192,0.247995,0.187897
0.31789,0.255633,0.379817,29.3149,257.661,74.3926,61.9931,543.2,182.248,0.133171,0.123782,0.139396,0.248317,0.24812,0.188022
0.31874,0.2564,0.380842,29.2801,257.485,74.3355,62.1963,545.024,182.806,0.133296,0.123907,0.139521,0.248442,0.248245,0.188147
0.319601,0.25717,0.381859,29.2418,257.292,74.2729,62.3997,546.851,183.364,0.133421,0.124032,0.139646,0.248567,0.24837,0.188272
0.320492,0.257942,0.382847,29.2062,257.098,74.2084,62.6034,548.68,183.923,0.133546,0.124157,0.139771,0.248692,0.248495,0.188397
0.321386,0.258715,0.383838,29.1709,256.916,74.1487,62.8073,550.512,184.482,0.133671,0.124282,0.139896,0.248817,0.24862,0.188522
0.322217,0.259488,0.384896,29.1363,256.741,74.0921,63.0114,552.346,185.043,0.133796,0.124407,0.140021,0.248942,0.248745,0.188647
0.323108,0.260262,0.385897,29.1011,256.567,74.0356,63.2158,554.184,185.604,0.133921,0.124532,0.140146,0.249067,0.24887,0.188772
0.324018,0.26104,0.386881,29.0671,256.377,73.9725,63.4204,556.023,186.165,0.134046,0.124657,0.140271,0.249192,0.248995,0.188897
0.324869,0.26182,0.387927,29.0322,256.184,73.9084,63.6253,557.866,186.728,0.134171,0.124782,0.140396,0.249317,0.24912,0.189022
0.325808,0.2626,0.38889,28.9988,256.011,73.8516,63.8305,559.711,187.291,0.134296,0.124907,0.140521,0.249442,0.249245,0.189147
0.326645,0.263382,0.389958,28.9648,255.827,73.7912,64.0358,561.558,187.855,0.134421,0.125032,0.140646,0.249567,0.24937,0.189272
0.327544,0.264165,0.390967,28.9274,255.644,73.7317,64.2415,563.408,188.42,0.134546,0.125157,0.140771,0.249692,0.249495,0.189397
0.328435,0.26495,0.391988,28.8908,255.465,73.6741,64.4473,565.26,188.985,0.134671,0.125282,0.140896,0.249817,0.24962,0.189522
0.329349,0.265736,0.39299,28.8525,255.285,73.616,64.6534,567.116,189.551,0.134796,0.125407,0.141021,0.249942,0.249745,0.189647
0.330234,0.266525,0.394022,28.8174,255.092,73.5524,64.8597,568.973,190.118,0.134921,0.125532,0.141146,0.250067,0.24987,0.189772
0.331161,0.267316,0.395016,28.7809,254.899,73.4887,65.0663,570.833,190.685,0.135046,0.125657,0.141271,0.250192,0.249995,0.189897
0.332028,0.268108,0.396075,28.7432,254.708,73.4266,65.2731,572.696,191.253,0.135171,0.125782,0.141396,0.250317,0.25012,0.190022
0.33293,0.268901,0.397101,28.7103,254.525,73.3658,65.4801,574.561,191.822,0.135296,0.125907,0.141521,0.250442,0.250245,0.190147
0.333801,0.269695,0.398162,28.6731,254.341,73.3065,65.6874,576.429,192.392,0.135421,0.126032,0.141646,0.250567,0.25037,0.190272
0.334731,0.270491,0.399168,28.635,254.158,73.2474,65.8949,578.299,192.962,0.135546,0.126157,0.141771,0.250692,0.250495,0.190397
0.335654,0.271289,0.400184,28.6023,253.98,73.1884,66.1026,580.172,193.533,0.135671,0.126282,0.141896,0.250817,0.25062,0.190522
0.336519,0.272087,0.401264,28.5702,253.808,73.1321,66.3105,582.048,194.104,0.135796,0.126407,0.142021,0.250942,0.250745,0.190647
0.33745,0.272888,0.402279,28.5345,253.626,73.0726,66.5188,583.925,194.677,0.135921,0.126532,0.142146,0.251067,0.25087,0.190772
0.338327,0.273691,0.40335,28.5007,253.436,73.0094,66.7272,585.806,195.25,0.136046,0.126657,0.142271,0.251192,0.250995,0.190897
0.339229,0.274495,0.404401,28.4656,253.251,72.9488,66.9359,587.689,195.824,0.136171,0.126782,0.142396,0.251317,0.25112,0.191022
0.340157,0.275301,0.405429,28.4303,253.066,72.8883,67.1448,589.574,196.398,0.136296,0.126907,0.142521,0.251442,0.251245,0.191147
0.341063,0.276108,0.406484,28.3928,252.885,72.8296,67.3539,591.462,196.973,0.136421,0.127032,0.142646,0.251567,0.25137,0.191272
0.342012,0.276917,0.407498,28.3581,252.702,72.7697,67.5633,593.353,197.549,0.136546,0.127157,0.142771,0.251692,0.251495,0.191397
0.342974,0.277728,0.408503,28.3215,252.519,72.7097,67.7728,595.245,198.126,0.136671,0.127282,0.142896,0.251817,0.25162,0.191522
0.343937,0.27854,0.40951,28.2861,252.334,72.6488,67.9826,597.141,198.703,0.136796,0.127407,0.143021,0.251942,0.251745,0.191647
0.344856,0.279354,0.410565,28.2513,252.151,72.5892,68.1927,599.039,199.281,0.136921,0.127532,0.143146,0.252067,0.25187,0.191772
0.345733,0.280169,0.411666,28.2164,251.973,72.5311,68.4029,600.939,199.859,0.137046,0.127657,0.143271,0.252192,0.251995,0.191897
0.346656,0.280987,0.412722,28.181,251.775,72.4658,68.6134,602.842,200.439,0.137171,0.127782,0.143396,0.252317,0.25212,0.192022
0.34755,0.281805,0.413813,28.1458,251.599,72.4086,68.8241,604.747,201.019,0.137296,0.127907,0.143521,0.252442,0.252245,0.192147
0.348447,0.282625,0.414904,28.1104,251.414,72.3484,69.035,606.655,201.599,0.137421,0.128032,0.143646,0.252567,0.25237,0.192272
0.349359,0.283447,0.415983,28.0763,251.23,72.288,69.2462,608.565,202.181,0.137546,0.128157,0.143771,0.252692,0.252495,0.192397
0.350274,0.28427,0.417064,28.0426,251.054,72.2304,69.4576,610.478,202.763,0.137671,0.128282,0.143896,0.252817,0.25262,0.192522
0.3512,0.285095,0.418135,28.0086,250.869,72.1693,69.6692,612.394,203.345,0.137796,0.128407,0.144021,0.252942,0.252745,0.192647
0.352143,0.285921,0.419195,27.9734,250.693,72.1124,69.881,614.311,203.929,0.137921,0.128532,0.144146,0.253067,0.25287,0.192772
0.353089,0.286749,0.420255,27.9388,250.515,72.0542,70.0931,616.231,204.513,0.138046,0.128657,0.144271,0.253192,0.252995,0.192897
0.354022,0.287578,0.421331,27.9061,250.343,71.9979,70.3053,618.154,205.098,0.138171,0.128782,0.144396,0.253317,0.25312,0.193022
0.354948,0.288409,0.422418,27.8736,250.162,71.938,70.5178,620.079,205.683,0.138296,0.128907,0.144522,0.253442,0.253245,0.193147
0.355871,0.289242,0.423512,27.8383,249.98,71.8787,70.7306,622.007,206.269,0.138421,0.129032,0.144647,0.253567,0.25337,0.193272
0.356806,0.290076,0.424596,27.8042,249.804,71.8213,70.9435,623.937,206.856,0.138546,0.129157,0.144772,0.253691,0.253495,0.193397
0.357747,0.290913,0.425678,27.7696,249.619,71.7606,71.1567,625.869,207.444,0.138671,0.129282,0.144897,0.253816,0.25362,0.193522
0.35872,0.291751,0.426731,27.7364,249.443,71.7026,71.37,627.804,208.032,0.138796,0.129407,0.145022,0.253941,0.253745,0.193647
0.35967,0.29259,0.427811,27.6991,249.256,71.6419,71.5836,629.742,208.621,0.138921,0.129532,0.145147,0.254066,0.25387,0.193772
0.36064,0.29343,0.428876,27.6645,249.086,71.5868,71.7974,631.682,209.21,0.139046,0.129657,0.145272,0.254191,0.253995,0.193897
0.361549,0.294273,0.430004,27.6293,248.903,71.5273,72.0114,633.624,209.8,0.139171,0.129782,0.145397,0.254316,0.25412,0.194022
0.362463,0.295117,0.431131,27.5945,248.725,71.4695,72.2257,635.569,210.391,0.139296,0.129907,0.145522,0.254441,0.254245,0.194147
0.363426,0.295962,0.432214,27.5612,248.555,71.4142,72.4401,637.516,210.983,0.139421,0.130032,0.145647,0.254566,0.25437,0.194272
0.364358,0.296809,0.43333,27.5275,248.377,71.3562,72.6548,639.465,211.575,0.139546,0.130157,0.145772,0.254691,0.254495,0.194397
0.365278,0.297658,0.434462,27.4934,248.206,71.3009,72.8696,641.417,212.168,0.139671,0.130282,0.145897,0.254816,0.25462,0.194522
0.366234,0.298508,0.435562,27.4607,248.035,71.245,73.0847,643.372,212.761,0.139796,0.130407,0.146022,0.254941,0.254745,0.194647
0.36721,0.299359,0.436645,27.4273,247.866,71.1901,73.3,645.329,213.355,0.139921,0.130532,0.146147,0.255066,0.25487,0.194772
0.368145,0.300213,0.437772,27.3941,247.687,71.1312,73.5155,647.288,213.95,0.140046,0.130657,0.146272,0.255191,0.254995,0.194897
0.369079,0.301069,0.438905,27.361,247.511,71.0739,73.7313,649.25,214.546,0.140171,0.130782,0.146397,0.255316,0.25512,0.195022
0.37,0.301926,0.440053,27.3249,247.333,71.0166,73.9472,651.214,215.142,0.140296,0.130907,0.146522,0.255441,0.255245,0.195147
0.370961,0.302784,0.441166,27.2906,247.163,70.9618,74.1634,653.181,215.739,0.140421,0.131032,0.146647,0.255566,0.25537,0.195272
0.371946,0.303644,0.442258,27.2564,246.988,70.9047,74.3797,655.15,216.337,0.140546,0.131157,0.146772,0.255691,0.255495,0.195397
0.372917,0.304506,0.443367,27.2231,246.813,70.8475,74.5963,657.121,216.935,0.140671,0.131282,0.146897,0.255816,0.25562,0.195522
0.373929,0.30537,0.444438,27.189,246.632,70.788,74.813,659.095,217.534,0.140796,0.131407,0.147022,0.255941,0.255745,0.195647
0.374867,0.306235,0.445588,27.1557,246.455,70.7303,75.03,661.071,218.133,0.140921,0.131532,0.147147,0.256066,0.25587,0.195772
0.375806,0.307101,0.446741,27.1228,246.289,70.6765,75.2472,663.05,218.734,0.141046,0.131657,0.147272,0.256191,0.255994,0.195897
0.376801,0.30797,0.447839,27.0862,246.108,70.618,75.4646,665.031,219.334,0.141171,0.131782,0.147397,0.256316,0.256119,0.196022
0.377742,0.30884,0.448997,27.0511,245.936,70.5629,75.6822,667.014,219.936,0.141296,0.131907,0.147522,0.256441,0.256244,0.196147
0.3787,0.309712,0.45014,27.0165,245.755,70.504,75.8999,669,220.538,0.141421,0.132032,0.147647,0.256566,0.256369,0.196272
0.37968,0.310586,0.451266,26.9833,245.582,70.4476,76.1179,670.988,221.141,0.141546,0.132157,0.147772,0.256691,0.256494,0.196397
0.380659,0.311461,0.452397,26.9501,245.41,70.3914,76.3361,672.979,221.745,0.141671,0.132282,0.147897,0.256816,0.256619,0.196522
0.381627,0.312338,0.453541,26.9174,245.231,70.3327,76.5545,674.972,222.349,0.141796,0.132407,0.148022,0.256941,0.256744,0.196647
0.38258,0.313217,0.454704,26.8854,245.055,70.2748,76.7731,676.967,222.953,0.141921,0.132532,0.148147,0.257066,0.256869,0.196772
0.383581,0.314097,0.455822,26.8524,244.879,70.2171,76.9919,678.965,223.559,0.142046,0.132657,0.148272,0.257191,0.256994,0.196897
0.38455,0.314979,0.456976,26.8214,244.7,70.1581,77.2109,680.965,224.165,0.142171,0.132782,0.148397,0.257316,0.257119,0.197022
0.385523,0.315863,0.45813,26.7862,244.525,70.1016,77.4301,682.967,224.772,0.142296,0.132907,0.148522,0.257441,0.257244,0.197147
0.386535,0.316747,0.459249,26.7525,244.359,70.0481,77.6495,684.972,225.379,0.142421,0.133032,0.148647,0.257566,0.257369,0.197272
0.387512,0.317634,0.460407,26.7187,244.187,69.9924,77.8691,686.979,225.987,0.142546,0.133157,0.148772,0.257691,0.257494,0.197397
0.388483,0.318522,0.461574,26.6848,244.01,69.9348,78.0889,688.988,226.596,0.142671,0.133282,0.148897,0.257816,0.257619,0.197522
0.389447,0.319413,0.462751,26.6527,243.831,69.8758,78.3089,691,227.205,0.142796,0.133407,0.149022,0.257941,0.257744,0.197647
0.3904,0.320305,0.463942,26.6207,243.652,69.8169,78.5291,693.014,227.815,0.142921,0.133532,0.149147,0.258066,0.257869,0.197772
0.391478,0.321199,0.465014,26.5886,243.48,69.7603,78.7495,695.031,228.426,0.143046,0.133657,0.149272,0.258191,0.257994,0.197897
0.392544,0.322094,0.4661,26.5559,243.311,69.7048,78.9701,697.05,229.037,0.143171,0.133782,0.149397,0.258316,0.258119,0.198022
0.393557,0.322991,0.467242,26.5226,243.136,69.6477,79.1909,699.071,229.649,0.143296,0.133907,0.149522,0.258441,0.258244,0.198147
0.394569,0.32389,0.46839,26.49,242.957,69.5888,79.4119,701.094,230.261,0.143421,0.134032,0.149647,0.258566,0.258369,0.198272
0.395584,0.32479,0.469538,26.4554,242.78,69.5313,79.6331,703.12,230.875,0.143546,0.134157,0.149772,0.258691,0.258494,0.198397
0.396596,0.325692,0.470694,26.4224,242.612,69.4769,79.8544,705.148,231.488,0.143671,0.134282,0.149897,0.258816,0.258619,0.198522
0.397604,0.326595,0.471857,26.3912,242.445,69.4222,80.076,707.179,232.103,0.143796,0.134407,0.150022,0.258941,0.258744,0.198647
0.398619,0.327499,0.473017,26.357,242.28,69.3696,80.2977,709.211,232.718,0.143921,0.134532,0.150147,0.259066,0.258869,0.198772
0.399583,0.328407,0.47423,26.3253,242.098,69.3095,80.5197,711.247,233.334,0.144046,0.134657,0.150272,0.259191,0.258994,0.198897
0.4006,0.329316,0.475395,26.2933,241.926,69.2532,80.7418,713.284,233.95,0.144171,0.134782,0.150397,0.259316,0.259119,0.199022
0.401615,0.330225,0.476566,26.2612,241.76,69.1995,80.9642,715.324,234.567,0.144296,0.134907,0.150522,0.259441,0.259244,0.199147
0.402677,0.331137,0.477694,26.2305,241.597,69.146,81.1867,717.366,235.184,0.144421,0.135032,0.150647,0.259566,0.259369,0.199272
0.403735,0.332049,0.47883,26.1995,241.439,69.0945,81.4094,719.41,235.803,0.144546,0.135157,0.150772,0.259691,0.259494,0.199397
0.404821,0.332965,0.47994,26.1662,241.262,69.0363,81.6323,721.457,236.421,0.144671,0.135282,0.150897,0.259816,0.259619,0.199522
0.405849,0.333882,0.481112,26.1336,241.09,68.9805,81.8554,723.506,237.041,0.144796,0.135407,0.151022,0.259941,0.259744,0.199647
0.406926,0.3348,0.48224,26.103,240.932,68.9289,82.0787,725.558,237.661,0.144921,0.135532,0.151147,0.260066,0.259869,0.199772
0.407944,0.33572,0.48343,26.0736,240.768,68.8748,82.3022,727.611,238.282,0.145046,0.135657,0.151272,0.260191,0.259994,0.199897
0.408955,0.336642,0.48463,26.0415,240.594,68.8181,82.5259,729.667,238.903,0.145171,0.135782,0.151397,0.260316,0.260119,0.200022
0.410019,0.337567,0.485781,26.0101,240.422,68.7614,82.7497,731.726,239.525,0.145296,0.135907,0.151522,0.260441,0.260244,0.200147
0.411044,0.338491,0.486975,25.9784,240.258,68.7085,82.9738,733.786,240.148,0.145421,0.136032,0.151647,0.260566,0.260369,0.200272
0.412087,0.339418,0.488156,25.9473,240.1,68.6572,83.198,735.849,240.771,0.145546,0.136157,0.151772,0.260691,0.260494,0.200397
0.413134,0.340347,0.489334,25.9157,239.924,68.5993,83.4225,737.914,241.395,0.145671,0.136282,0.151897,0.260816,0.260619,0.200522
0.41415,0.341278,0.490548,25.8838,239.753,68.5437,83.6471,739.982,242.02,0.145796,0.136407,0.152022,0.260941,0.260744,0.200647
0.415224,0.342211,0.491707,25.8507,239.579,68.487,83.8719,742.052,242.645,0.145921,0.136532,0.152147,0.261066,0.260869,0.200772
0.416198,0.343146,0.492969,25.8203,239.399,68.4273,84.0969,744.124,243.271,0.146046,0.136657,0.152272,0.261191,0.260994,0.200897
0.417244,0.344082,0.494164,25.7874,239.225,68.3707,84.322,746.198,243.897,0.146171,0.136782,0.152397,0.261316,0.261119,0.201022
0.418228,0.34502,0.495424,25.7558,239.047,68.3126,84.5474,748.274,244.524,0.146296,0.136907,0.152522,0.261441,0.261244,0.201147
0.419269,0.345961,0.49663,25.7243,238.866,68.2527,84.7729,750.353,245.151,0.146421,0.137032,0.152647,0.261566,0.261369,0.201272
0.420297,0.346901,0.497854,25.6931,238.699,68.1986,84.9986,752.434,245.78,0.146546,0.137157,0.152772,0.261691,0.261494,0.201397
0.421413,0.347844,0.498993,25.6603,238.526,68.1417,85.2245,754.517,246.408,0.146671,0.137282,0.152897,0.261816,0.261619,0.201522
0.422421,0.348789,0.500245,25.6285,238.356,68.0867,85.4506,756.603,247.038,0.146796,0.137407,0.153022,0.261941,0.261744,0.201647
0.423435,0.349736,0.501493,25.5973,238.18,68.0288,85.6768,758.69,247.668,0.146921,0.137532,0.153147,0.262066,0.261869,0.201772
0.424472,0.350683,0.502724,25.5635,238.011,67.9748,85.9033,760.78,248.298,0.147046,0.137657,0.153272,0.262191,0.261994,0.201897
0.425581,0.351633,0.503885,25.5357,237.841,67.9179,86.1299,762.873,248.929,0.147171,0.137782,0.153397,0.262316,0.262119,0.202022
0.426637,0.352585,0.505103,25.5046,237.671,67.8622,86.3566,764.967,249.561,0.147296,0.137908,0.153522,0.262441,0.262244,0.202147
0.427682,0.353537,0.506337,25.4758,237.511,67.8098,86.5836,767.064,250.194,0.147421,0.138033,0.153647,0.262566,0.262369,0.202272
0.428703,0.354491,0.507599,25.4431,237.349,67.7579,86.8108,769.162,250.827,0.147546,0.138158,0.153772,0.262691,0.262494,0.202397
0.429856,0.355447,0.508732,25.4115,237.189,67.706,87.0381,771.264,251.46,0.147671,0.138283,0.153897,0.262816,0.262619,0.202522
0.430971,0.356405,0.509907,25.38,237.024,67.6521,87.2656,773.367,252.094,0.147796,0.138408,0.154022,0.262941,0.262744,0.202647
0.432007,0.357365,0.511164,25.3501,236.855,67.5967,87.4932,775.473,252.729,0.147921,0.138533,0.154147,0.263066,0.262869,0.202772
0.433105,0.358326,0.512364,25.3177,236.69,67.5435,87.7211,777.581,253.365,0.148046,0.138658,0.154272,0.263191,0.262994,0.202897
0.434162,0.35929,0.513607,25.2873,236.518,67.4868,87.9491,779.691,254.001,0.148171,0.138783,0.154397,0.263316,0.263119,0.203022
0.435249,0.360256,0.514824,25.2556,236.344,67.4298,88.1773,781.803,254.637,0.148296,0.138908,0.154522,0.263441,0.263244,0.203147
0.436312,0.361221,0.516071,25.2248,236.187,67.3794,88.4057,783.918,255.275,0.148421,0.139033,0.154647,0.263566,0.263369,0.203272
0.437409,0.36219,0.517286,25.1919,236.021,67.3259,88.6342,786.034,255.912,0.148546,0.139158,0.154772,0.263691,0.263494,0.203397
0.438498,0.363161,0.518512,25.1641,235.848,67.2681,88.8629,788.153,256.551,0.148671,0.139283,0.154897,0.263816,0.263619,0.203522
0.439589,0.364133,0.51974,25.1328,235.68,67.2134,89.0918,790.274,257.19,0.148796,0.139408,0.155022,0.263941,0.263744,0.203647
0.440687,0.365106,0.520967,25.1033,235.524,67.1628,89.3208,792.398,257.83,0.148921,0.139533,0.155147,0.264066,0.263869,0.203772
0.441726,0.366082,0.522255,25.0739,235.36,67.1094,89.5501,794.523,258.47,0.149046,0.139658,0.155272,0.264191,0.263994,0.203897
0.442805,0.367059,0.523506,25.0467,235.193,67.0536,89.7795,796.651,259.111,0.149171,0.139783,0.155397,0.264316,0.264119,0.204022
0.443844,0.368038,0.524802,25.0186,235.028,66.9997,90.0091,798.781,259.752,0.149296,0.139908,0.155522,0.264441,0.264244,0.204147
0.444927,0.369019,0.526058,24.9894,234.864,66.9459,90.2389,800.913,260.394,0.149421,0.140033,0.155647,0.264566,0.264369,0.204272
0.445997,0.370003,0.527328,24.9605,234.685,66.8864,90.4688,803.048,261.037,0.149546,0.140158,0.155772,0.264691,0.264494,0.204397
0.44709,0.370988,0.528582,24.9319,234.52,66.8319,90.6989,805.184,261.68,0.149671,0.140283,0.155897,0.264816,0.264619,0.204522
0.448299,0.371974,0.529723,24.9003,234.356,66.7783,90.9292,807.323,262.323,0.149796,0.140408,0.156022,0.264941,0.264744,0.204647
0.449459,0.372961,0.530917,24.8693,234.195,66.7261,91.1597,809.464,262.968,0.149921,0.140533,0.156147,0.265066,0.264869,0.204772
0.450564,0.373951,0.532171,24.8385,234.032,66.6732,91.3903,811.607,263.613,0.150046,0.140658,0.156272,0.265191,0.264994,0.204897
0.451679,0.374941,0.533418,24.8075,233.877,66.6236,91.6211,813.752,264.258,0.150171,0.140783,0.156397,0.265316,0.265119,0.205022
0.452815,0.375934,0.534647,24.7776,233.712,66.5695,91.852,815.9,264.904,0.150296,0.140908,0.156522,0.265441,0.265244,0.205147
0.453878,0.376928,0.535955,24.7489,233.553,66.5175,92.0831,818.049,265.551,0.150421,0.141033,0.156647,0.265566,0.265369,0.205272
0.455055,0.377926,0.53715,24.7191,233.385,66.4621,92.3144,820.201,266.198,0.150546,0.141158,0.156772,0.265691,0.265494,0.205397
0.456175,0.378925,0.538405,24.6893,233.212,66.4052,92.5459,822.355,266.846,0.150671,0.141283,0.156897,0.265816,0.265619,0.205522
0.457305,0.379926,0.539655,24.6578,233.044,66.3505,92.7775,824.511,267.494,0.150796,0.141408,0.157022,0.265941,0.265744,0.205647
0.458435,0.380926,0.540912,24.627,232.892,66.3021,93.0092,826.67,268.143,0.150921,0.141533,0.157147,0.266066,0.265869,0.205772
0.459613,0.381929,0.542123,24.597,232.735,66.2511,93.2412,828.83,268.793,0.151046,0.141658,0.157272,0.266191,0.265994,0.205897
0.460706,0.382936,0.54342,24.5658,232.56,66.1939,93.4733,830.993,269.443,0.151171,0.141783,0.157397,0.266316,0.266119,0.206022
0.461808,0.383943,0.544715,24.5355,232.4,66.1423,93.7055,833.158,270.094,0.151296,0.141908,0.157522,0.266441,0.266244,0.206147
0.463004,0.384952,0.545919,24.5068,232.237,66.0886,93.9379,835.324,270.745,0.151421,0.142033,0.157647,0.266566,0.266369,0.206272
0.464114,0.385962,0.547213,24.4755,232.078,66.0377,94.1705,837.494,271.397,0.151546,0.142158,0.157772,0.266691,0.266494,0.206397
0.465271,0.386975,0.548465,24.446,231.92,65.9862,94.4032,839.665,272.05,0.151671,0.142283,0.157897,0.266816,0.266619,0.206522
0.466456,0.387989,0.549691,24.4175,231.763,65.9347,94.6361,841.838,272.703,0.151796,0.142408,0.158022,0.266941,0.266744,0.206647
0.467588,0.389005,0.550975,24.3878,231.595,65.8797,94.8691,844.014,273.356,0.151921,0.142533,0.158147,0.267066,0.266869,0.206772
0.468708,0.390023,0.552275,24.3606,231.438,65.8285,95.1023,846.191,274.01,0.152046,0.142658,0.158272,0.267191,0.266994,0.206897
0.469809,0.391043,0.553596,24.333,231.274,65.7746,95.3357,848.371,274.665,0.152171,0.142783,0.158397,0.267316,0.267119,0.207022
0.470922,0.392064,0.554911,24.3034,231.117,65.7238,95.5692,850.553,275.321,0.152296,0.142908,0.158522,0.26744,0.267244,0.207147
0.472056,0.393087,0.556208,24.2756,230.962,65.6732,95.8029,852.737,275.976,0.152421,0.143033,0.158647,0.267565,0.267369,0.207272
0.473229,0.394111,0.557471,24.2456,230.804,65.6224,96.0368,854.924,276.633,0.152546,0.143158,0.158772,0.26769,0.267494,0.207397
0.474366,0.395138,0.558772,24.2173,230.642,65.5691,96.2708,857.112,277.29,0.152671,0.143283,0.158897,0.267815,0.267619,0.207522
0.475506,0.396167,0.560075,24.187,230.482,65.5177,96.5049,859.303,277.948,0.152796,0.143408,0.159022,0.26794,0.267744,0.207647
0.476658,0.397197,0.56137,24.1592,230.325,65.4665,96.7392,861.495,278.606,0.152921,0.143533,0.159147,0.268065,0.267869,0.207772
0.477807,0.39823,0.562671,24.129,230.157,65.4117,96.9737,863.69,279.264,0.153046,0.143658,0.159272,0.26819,0.267994,0.207897
0.478861,0.399264,0.56407,24.0997,230,65.3612,97.2083,865.887,279.924,0.153171,0.143783,0.159397,0.268315,0.268119,0.208022
0.480007,0.400299,0.565383,24.0712,229.841,65.3096,97.4431,868.086,280.584,0.153296,0.143908,0.159522,0.26844,0.268244,0.208147
0.481166,0.401337,0.566687,24.0433,229.684,65.2583,97.678,870.287,281.244,0.153421,0.144033,0.159647,0.268565,0.268369,0.208273
0.482281,0.402376,0.568038,24.0154,229.523,65.2059,97.9131,872.49,281.905,0.153546,0.144158,0.159772,0.26869,0.268494,0.208398
0.483361,0.403417,0.569428,23.9895,229.37,65.1559,98.1484,874.695,282.567,0.153671,0.144283,0.159897,0.268815,0.268619,0.208523
0.484521,0.404458,0.570743,23.9621,229.228,65.1103,98.3838,876.903,283.229,0.153796,0.144408,0.160022,0.26894,0.268744,0.208648
0.485603,0.405501,0.572141,23.9325,229.081,65.0639,98.6194,879.112,283.892,0.153921,0.144533,0.160147,0.269065,0.268869,0.208773
0.486721,0.406547,0.573505,23.905,228.928,65.0144,98.8551,881.324,284.555,0.154046,0.144658,0.160272,0.26919,0.268994,0.208898
0.487848,0.407596,0.574863,23.8775,228.77,64.9632,99.091,883.538,285.219,0.154171,0.144783,0.160397,0.269315,0.269119,0.209023
0.489005,0.408646,0.576195,23.8491,228.608,64.9101,99.327,885.754,285.883,0.154297,0.144908,0.160522,0.26944,0.269244,0.209148
0.490175,0.409698,0.577519,23.819,228.457,64.862,99.5632,887.972,286.548,0.154422,0.145033,0.160647,0.269565,0.269369,0.209273
0.491381,0.410752,0.57881,23.7887,228.296,64.8101,99.7995,890.192,287.214,0.154547,0.145158,0.160772,0.26969,0.269494,0.209398
0.492546,0.411807,0.580146,23.7607,228.143,64.7603,100.036,892.415,287.88,0.154672,0.145283,0.160897,0.269815,0.269619,0.209523
0.493764,0.412865,0.581433,23.7308,227.977,64.7064,100.273,894.639,288.546,0.154797,0.145408,0.161022,0.26994,0.269744,0.209648
0.494966,0.413924,0.58274,23.7026,227.822,64.6561,100.509,896.865,289.214,0.154922,0.145533,0.161147,0.270065,0.269868,0.209773
0.496124,0.414985,0.584096,23.6729,227.669,64.6071,100.746,899.094,289.881,0.155047,0.145658,0.161272,0.27019,0.269993,0.209898
0.497353,0.416048,0.585383,23.642,227.51,64.5559,100.983,901.324,290.55,0.155172,0.145783,0.161397,0.270315,0.270118,0.210023
0.498544,0.417111,0.586715,23.6128,227.365,64.5101,101.22,903.557,291.218,0.155297,0.145908,0.161522,0.27044,0.270243,0.210148
0.499718,0.418178,0.588066,23.5849,227.208,64.4588,101.458,905.792,291.888,0.155422,0.146033,0.161647,0.270565,0.270368,0.210273
0.500883,0.419246,0.58943,23.557,227.054,64.4092,101.695,908.029,292.558,0.155547,0.146158,0.161772,0.27069,0.270493,0.210398
0.502058,0.420317,0.590787,23.5311,226.892,64.3555,101.933,910.267,293.228,0.155672,0.146283,0.161897,0.270815,0.270618,0.210523
0.503174,0.421389,0.592207,23.5027,226.735,64.3051,102.17,912.508,293.899,0.155797,0.146408,0.162022,0.27094,0.270743,0.210648
0.504334,0.422462,0.593589,23.4743,226.585,64.2571,102.408,914.751,294.571,0.155922,0.146533,0.162147,0.271065,0.270868,0.210773
0.505524,0.423537,0.594944,23.4443,226.436,64.2099,102.646,916.996,295.243,0.156047,0.146658,0.162272,0.27119,0.270993,0.210898
0.506715,0.424614,0.596303,23.4159,226.287,64.1622,102.885,919.243,295.916,0.156172,0.146783,0.162397,0.271315,0.271118,0.211023
0.507976,0.425693,0.597594,23.3896,226.133,64.1116,103.123,921.493,296.589,0.156297,0.146908,0.162522,0.27144,0.271243,0.211148
0.509179,0.426774,0.598948,23.3632,225.98,64.0618,103.361,923.744,297.263,0.156422,0.147033,0.162647,0.271565,0.271368,0.211273
0.51034,0.427858,0.600347,23.3342,225.815,64.0084,103.6,925.997,297.937,0.156547,0.147158,0.162772,0.27169,0.271493,0.211398
0.511566,0.428943,0.601685,23.3067,225.663,63.9589,103.839,928.253,298.612,0.156672,0.147283,0.162897,0.271815,0.271618,0.211523
0.512795,0.430029,0.603025,23.2774,225.509,63.9096,104.078,930.51,299.288,0.156797,0.147408,0.163022,0.27194,0.271743,0.211648
0.51392,0.431118,0.604474,23.2524,225.359,63.8607,104.317,932.769,299.964,0.156922,0.147533,0.163147,0.272065,0.271868,0.211773
0.515167,0.432208,0.605803,23.2257,225.205,63.8104,104.556,935.031,300.64,0.157047,0.147658,0.163272,0.27219,0.271993,0.211898
0.516355,0.4333,0.607196,23.1978,225.049,63.76,104.795,937.294,301.317,0.157172,0.147783,0.163397,0.272315,0.272118,0.212023
0.517594,0.434395,0.60854,23.1714,224.889,63.7076,105.035,939.56,301.995,0.157297,0.147908,0.163522,0.27244,0.272243,0.212148
0.518748,0.43549,0.609976,23.1444,224.75,63.6633,105.274,941.828,302.673,0.157422,0.148033,0.163647,0.272565,0.272368,0.212273
0.519953,0.436587,0.611364,23.1175,224.604,63.6164,105.514,944.097,303.351,0.157547,0.148158,0.163772,0.27269,0.272493,0.212398
0.521199,0.437687,0.612714,23.0889,224.449,63.5665,105.754,946.369,304.031,0.157672,0.148283,0.163897,0.272815,0.272618,0.212523
0.522451,0.438788,0.614063,23.0614,224.297,63.5175,105.994,948.643,304.71,0.157797,0.148408,0.164022,0.27294,0.272743,0.212648
0.523668,0.43989,0.615452,23.034,224.153,63.4715,106.234,950.919,305.391,0.157922,0.148533,0.164147,0.273065,0.272868,0.212773
0.524909,0.440995,0.616819,23.0062,224.002,63.4226,106.474,953.196,306.071,0.158047,0.148658,0.164272,0.27319,0.272993,0.212898
0.526113,0.442102,0.618228,22.9779,223.856,63.3762,106.714,955.476,306.753,0.158172,0.148783,0.164397,0.273315,0.273118,0.213023
0.527352,0.443211,0.619606,22.9515,223.699,63.325,106.955,957.758,307.435,0.158297,0.148908,0.164522,0.27344,0.273243,0.213148
0.528612,0.444321,0.620967,22.9254,223.555,63.2783,107.196,960.042,308.117,0.158422,0.149033,0.164647,0.273565,0.273368,0.213273
0.529824,0.445434,0.62238,22.8971,223.399,63.2281,107.436,962.328,308.8,0.158547,0.149158,0.164772,0.27369,0.273493,0.213398
0.531081,0.446549,0.623751,22.8706,223.248,63.1794,107.677,964.616,309.484,0.158672,0.149283,0.164897,0.273815,0.273618,0.213523
0.532305,0.447665,0.62516,22.8443,223.096,63.1299,107.918,966.906,310.168,0.158797,0.149408,0.165022,0.27394,0.273743,0.213648
0.533553,0.448783,0.626549,22.8181,222.949,63.0824,108.16,969.198,310.852,0.158922,0.149533,0.165147,0.274065,0.273868,0.213773
0.534786,0.449904,0.627956,22.7915,222.794,63.032,108.401,971.492,311.537,0.159047,0.149658,0.165272,0.27419,0.273993,0.213898
0.53602,0.451026,0.629367,22.7642,222.637,62.9812,108.642,973.788,312.223,0.159172,0.149783,0.165397,0.274315,0.274118,0.214023
0.537278,0.45215,0.630758,22.7347,222.489,62.9342,108.884,976.085,312.909,0.159297,0.149908,0.165522,0.27444,0.274243,0.214148
0.538598,0.453276,0.632091,22.7064,222.334,62.8843,109.126,978.385,313.595,0.159422,0.150033,0.165647,0.274565,0.274368,0.214273
0.539868,0.454404,0.633478,22.6782,222.181,62.8351,109.368,980.687,314.283,0.159547,0.150158,0.165772,0.27469,0.274493,0.214398
0.541117,0.455534,0.634889,22.6526,222.024,62.7839,109.609,982.991,314.97,0.159672,0.150283,0.165898,0.274815,0.274618,0.214523
0.542376,0.456667,0.636293,22.625,221.857,62.7292,109.852,985.297,315.658,0.159797,0.150408,0.166023,0.27494,0.274743,0.214648
0.54365,0.457799,0.637689,22.5973,221.713,62.6836,110.094,987.604,316.347,0.159922,0.150533,0.166148,0.275065,0.274868,0.214773
0.544933,0.458934,0.63908,22.5711,221.567,62.6364,110.336,989.914,317.036,0.160047,0.150658,0.166273,0.27519,0.274993,0.214898
0.546197,0.46007,0.640495,22.5456,221.432,62.5933,110.579,992.226,317.726,0.160172,0.150783,0.166398,0.275315,0.275118,0.215023
0.547408,0.461207,0.641968,22.5166,221.298,62.5518,110.821,994.539,318.416,0.160297,0.150908,0.166523,0.27544,0.275243,0.215148
0.548725,0.462348,0.643335,22.487,221.145,62.5032,111.064,996.855,319.107,0.160422,0.151033,0.166648,0.275565,0.275368,0.215273
0.549898,0.463491,0.644851,22.4615,220.99,62.4529,111.307,999.173,319.798,0.160547,0.151158,0.166773,0.27569,0.275493,0.215398
0.551178,0.464636,0.646266,22.4346,220.843,62.4058,111.55,1001.49,320.49,0.160672,0.151283,0.166898,0.275815,0.275618,0.215523
0.552438,0.465782,0.647704,22.4056,220.696,62.3594,111.793,1003.81,321.183,0.160797,0.151408,0.167023,0.27594,0.275743,0.215648
0.553692,0.46693,0.649152,22.3795,220.55,62.3126,112.036,1006.14,321.875,0.160922,0.151533,0.167148,0.276065,0.275868,0.215773
0.554944,0.468079,0.650606,22.353,220.41,62.268,112.279,1008.46,322.569,0.161047,0.151658,0.167273,0.27619,0.275993,0.215898
0.55618,0.469232,0.652079,22.3272,220.255,62.2179,112.522,1010.79,323.263,0.161172,0.151783,0.167398,0.276315,0.276118,0.216023
0.557512,0.470386,0.653461,22.2976,220.1,62.1684,112.766,1013.12,323.957,0.161297,0.151908,0.167523,0.27644,0.276243,0.216148
0.558807,0.471542,0.654885,22.269,219.951,62.1213,113.01,1015.45,324.652,0.161422,0.152033,0.167648,0.276565,0.276368,0.216273
0.560037,0.472701,0.656376,22.243,219.798,62.0718,113.253,1017.79,325.347,0.161547,0.152158,0.167773,0.27669,0.276493,0.216398
0.561325,0.47386,0.657816,22.2177,219.656,62.0263,113.497,1020.12,326.043,0.161672,0.152283,0.167898,0.276815,0.276618,0.216523
0.562554,0.475021,0.659317,22.1941,219.513,61.98,113.741,1022.46,326.74,0.161797,0.152408,0.168023,0.27694,0.276743,0.216648
0.563849,0.476185,0.660757,22.1676,219.367,61.9333,113.985,1024.8,327.437,0.161922,0.152533,0.168148,0.277065,0.276868,0.216773
0.565112,0.477351,0.662232,22.1412,219.214,61.8841,114.23,1027.14,328.134,0.162047,0.152658,0.168273,0.27719,0.276993,0.216898
0.566402,0.478518,0.663686,22.1151,219.069,61.8377,114.474,1029.48,328.832,0.162172,0.152783,0.168398,0.277315,0.277118,0.217023
0.567711,0.479687,0.665123,22.0872,218.921,61.7906,114.718,1031.83,329.531,0.162297,0.152908,0.168523,0.27744,0.277243,0.217148
0.568983,0.480858,0.666603,22.0607,218.775,61.744,114.963,1034.17,330.23,0.162422,0.153033,0.168648,0.277565,0.277368,0.217273
0.570348,0.482032,0.667992,22.0348,218.623,61.6946,115.208,1036.52,330.929,0.162547,0.153158,0.168773,0.27769,0.277493,0.217398
0.571604,0.483207,0.669496,22.0098,218.476,61.6474,115.453,1038.87,331.629,0.162672,0.153283,0.168898,0.277815,0.277618,0.217523
0.572942,0.484384,0.670922,21.9842,218.329,61.5999,115.697,1041.22,332.329,0.162797,0.153408,0.169023,0.27794,0.277743,0.217648
0.574229,0.485562,0.672402,21.9571,218.186,61.5548,115.943,1043.58,333.03,0.162922,0.153533,0.169148,0.278065,0.277868,0.217773
0.575551,0.486744,0.673851,21.9296,218.03,61.5044,116.188,1045.94,333.732,0.163047,0.153658,0.169273,0.27819,0.277993,0.217898
0.576851,0.487928,0.675327,21.903,217.876,61.455,116.433,1048.29,334.434,0.163172,0.153783,0.169398,0.278315,0.278118,0.218023
0.578178,0.489112,0.676779,21.8773,217.731,61.4086,116.678,1050.65,335.136,0.163297,0.153908,0.169523,0.27844,0.278243,0.218148
0.579557,0.490298,0.678185,21.851,217.593,61.3645,116.924,1053.02,335.839,0.163422,0.154033,0.169648,0.278565,0.278368,0.218273
0.580831,0.491486,0.679701,21.8235,217.452,61.3204,117.169,1055.38,336.543,0.163547,0.154158,0.169773,0.27869,0.278493,0.218398
0.582184,0.492676,0.68114,21.7965,217.308,61.2746,117.415,1057.75,337.247,0.163672,0.154283,0.169898,0.278815,0.278618,0.218523
0.58351,0.493868,0.682612,21.7722,217.167,61.2291,117.661,1060.12,337.951,0.163797,0.154408,0.170023,0.27894,0.278743,0.218648
0.584815,0.495062,0.684108,21.7475,217.028,61.1847,117.907,1062.49,338.656,0.163922,0.154533,0.170148,0.279065,0.278868,0.218773
0.586106,0.496259,0.685621,21.7238,216.881,61.1372,118.153,1064.86,339.361,0.164047,0.154658,0.170273,0.27919,0.278993,0.218898
0.587476,0.497456,0.687061,21.6956,216.74,61.093,118.399,1067.23,340.067,0.164172,0.154783,0.170398,0.279315,0.279118,0.219023
0.588821,0.498656,0.68853,21.6697,216.598,61.0477,118.645,1069.61,340.774,0.164297,0.154908,0.170523,0.27944,0.279243,0.219148
0.590147,0.499859,0.69002,21.6444,216.443,60.9975,118.891,1071.98,341.481,0.164422,0.155033,0.170648,0.279565,0.279368,0.219273
0.591437,0.501064,0.691552,21.6162,216.294,60.9508,119.138,1074.36,342.188,0.164547,0.155158,0.170773,0.27969,0.279493,0.219398
0.59271,0.502269,0.693105,21.5907,216.154,60.9063,119.384,1076.74,342.896,0.164672,0.155283,0.170898,0.279815,0.279618,0.219523
0.594021,0.503476,0.694625,21.5656,216.015,60.8625,119.631,1079.13,343.604,0.164797,0.155408,0.171023,0.27994,0.279743,0.219648
0.595289,0.504687,0.696191,21.5423,215.868,60.8149,119.878,1081.51,344.313,0.164922,0.155533,0.171148,0.280065,0.279868,0.219773
0.596573,0.505899,0.697745,21.5182,215.723,60.7686,120.125,1083.9,345.023,0.165047,0.155658,0.171273,0.28019,0.279993,0.219898
0.597908,0.507113,0.699252,21.4953,215.578,60.7214,120.372,1086.29,345.732,0.165172,0.155783,0.171398,0.280315,0.280118,0.220023
0.599236,0.508328,0.700771,21.4701,215.44,60.6775,120.619,1088.68,346.443,0.165297,0.155908,0.171523,0.28044,0.280243,0.220148
0.60051,0.509545,0.702349,21.4456,215.304,60.6348,120.866,1091.07,347.154,0.165422,0.156033,0.171648,0.280565,0.280368,0.220273
0.601905,0.510764,0.70381,21.4205,215.165,60.5902,121.113,1093.47,347.865,0.165547,0.156158,0.171773,0.28069,0.280493,0.220398
0.603149,0.511986,0.705424,21.3971,215.016,60.5424,121.361,1095.86,348.577,0.165672,0.156283,0.171898,0.280815,0.280618,0.220523
0.604495,0.51321,0.706941,21.3732,214.864,60.4933,121.608,1098.26,349.289,0.165797,0.156408,0.172023,0.28094,0.280743,0.220648
0.605844,0.514436,0.70846,21.3453,214.72,60.4479,121.856,1100.66,350.002,0.165922,0.156533,0.172148,0.281065,0.280868,0.220773
0.607113,0.515665,0.710061,21.3234,214.568,60.3984,122.104,1103.06,350.715,0.166047,0.156658,0.172273,0.28119,0.280993,0.220898
0.608483,0.516895,0.711567,21.2984,214.422,60.3516,122.352,1105.47,351.429,0.166172,0.156783,0.172398,0.281314,0.281118,0.221023
0.609863,0.518125,0.713069,21.2721,214.285,60.3087,122.6,1107.87,352.143,0.166297,0.156908,0.172523,0.281439,0.281243,0.221148
0.611192,0.51936,0.714623,21.2473,214.132,60.2593,122.848,1110.28,352.857,0.166422,0.157033,0.172648,0.281564,0.281368,0.221273
0.612424,0.520596,0.716278,21.2248,213.984,60.2117,123.096,1112.69,353.573,0.166547,0.157158,0.172773,0.281689,0.281493,0.221398
0.613809,0.521832,0.717788,21.2012,213.852,60.1697,123.344,1115.1,354.288,0.166672,0.157283,0.172898,0.281814,0.281618,0.221523
0.615101,0.523071,0.719393,21.1781,213.715,60.1264,123.592,1117.51,355.004,0.166797,0.157408,0.173023,0.281939,0.281743,0.221648
0.616493,0.524311,0.720903,21.1518,213.578,60.0831,123.841,1119.93,355.721,0.166922,0.157533,0.173148,0.282064,0.281868,0.221773
0.617903,0.525555,0.722399,21.1267,213.434,60.037,124.089,1122.34,356.438,0.167047,0.157658,0.173273,0.282189,0.281993,0.221898
0.619309,0.526799,0.723903,21.1045,213.3,59.9941,124.338,1124.76,357.155,0.167172,0.157783,0.173398,0.282314,0.282118,0.222023
0.620606,0.528044,0.725522,21.0821,213.173,59.954,124.587,1127.18,357.873,0.167297,0.157908,0.173523,0.282439,0.282243,0.222148
0.621901,0.529292,0.727147,21.0602,213.042,59.9125,124.836,1129.6,358.592,0.167422,0.158033,0.173648,0.282564,0.282368,0.222273
0.623275,0.530543,0.728695,21.0353,212.903,59.8684,125.085,1132.03,359.311,0.167547,0.158158,0.173773,0.282689,0.282493,0.222398
0.624666,0.531795,0.730232,21.0085,212.768,59.8265,125.334,1134.45,360.03,0.167672,0.158283,0.173898,0.282814,0.282618,0.222523
0.626118,0.533049,0.731713,20.9848,212.641,59.7863,125.583,1136.88,360.75,0.167797,0.158408,0.174023,0.282939,0.282743,0.222648
0.627509,0.534306,0.733258,20.9596,212.501,59.7418,125.832,1139.31,361.471,0.167922,0.158533,0.174148,0.283064,0.282868,0.222773
0.628919,0.535564,0.734788,20.9372,212.368,59.6993,126.082,1141.74,362.191,0.168047,0.158658,0.174273,0.283189,0.282993,0.222898
0.630232,0.536826,0.736417,20.9136,212.221,59.6523,126.331,1144.18,362.913,0.168172,0.158783,0.174398,0.283314,0.283118,0.223023
0.631684,0.538089,0.737915,20.8901,212.087,59.6095,126.581,1146.61,363.635,0.168297,0.158908,0.174523,0.283439,0.283243,0.223148
0.633008,0.539352,0.739544,20.866,211.958,59.5694,126.83,1149.05,364.357,0.168422,0.159033,0.174648,0.283564,0.283368,0.223273
0.63445,0.540619,0.74106,20.8415,211.823,59.5268,127.08,1151.49,365.08,0.168547,0.159158,0.174773,0.283689,0.283493,0.223398
0.635788,0.541888,0.742681,20.8206,211.677,59.4792,127.33,1153.93,365.803,0.168672,0.159284,0.174898,0.283814,0.283617,0.223523
0.637168,0.543159,0.744267,20.7976,211.538,59.435,127.58,1156.37,366.527,0.168797,0.159409,0.175023,0.283939,0.283742,0.223648
0.638557,0.544431,0.745848,20.7741,211.409,59.3944,127.83,1158.81,367.251,0.168922,0.159534,0.175148,0.284064,0.283867,0.223773
0.639961,0.545706,0.747419,20.7524,211.275,59.3515,128.08,1161.26,367.976,0.169047,0.159659,0.175273,0.284189,0.283992,0.223898
0.641333,0.546983,0.749025,20.7314,211.139,59.3076,128.33,1163.71,368.701,0.169172,0.159784,0.175398,0.284314,0.284117,0.224023
0.642844,0.548261,0.750497,20.7092,211.008,59.2654,128.581,1166.16,369.426,0.169297,0.159909,0.175523,0.284439,0.284242,0.224148
0.644299,0.549542,0.752028,20.6882,210.867,59.2197,128.831,1168.61,370.152,0.169422,0.160034,0.175648,0.284564,0.284367,0.224273
0.645687,0.550826,0.753631,20.6624,210.722,59.1742,129.082,1171.06,370.879,0.169547,0.160159,0.175773,0.284689,0.284492,0.224398
0.647242,0.552108,0.755074,20.6398,210.611,59.1392,129.333,1173.52,371.606,0.169672,0.160284,0.175898,0.284814,0.284617,0.224523
0.648618,0.553395,0.756698,20.6195,210.475,59.0955,129.583,1175.98,372.333,0.169797,0.160409,0.176023,0.284939,0.284742,0.224648
0.650032,0.554684,0.758289,20.5962,210.34,59.0526,129.834,1178.44,373.061,0.169922,0.160534,0.176148,0.285064,0.284867,0.224773
0.651445,0.555973,0.759886,20.5726,210.219,59.0152,130.085,1180.9,373.79,0.170047,0.160659,0.176273,0.285189,0.284992,0.224898
0.652893,0.557265,0.761451,20.5517,210.086,58.9724,130.336,1183.36,374.519,0.170172,0.160784,0.176398,0.285314,0.285117,0.225023
0.654336,0.55856,0.763026,20.5301,209.955,58.9305,130.587,1185.82,375.248,0.170297,0.160909,0.176523,0.285439,0.285242,0.225148
0.655772,0.559856,0.764612,20.5067,209.824,58.8895,130.839,1188.29,375.978,0.170422,0.161034,0.176648,0.285564,0.285367,0.225273
0.657243,0.561154,0.766166,20.4841,209.695,58.8486,131.09,1190.76,376.708,0.170547,0.161159,0.176773,0.285689,0.285492,0.225398
0.658662,0.562454,0.767779,20.4606,209.567,58.8085,131.341,1193.23,377.439,0.170672,0.161284,0.176898,0.285814,0.285617,0.225523
0.660132,0.563758,0.769343,20.4386,209.427,58.7635,131.593,1195.7,378.17,0.170797,0.161409,0.177023,0.285939,0.285742,0.225648
0.661548,0.565062,0.770967,20.4163,209.3,58.7235,131.845,1198.17,378.902,0.170922,0.161534,0.177148,0.286064,0.285867,0.225773
0.662966,0.566369,0.772592,20.3931,209.165,58.681,132.096,1200.65,379.634,0.171047,0.161659,0.177273,0.286189,0.285992,0.225898
0.664435,0.567677,0.774172,20.3705,209.038,58.6411,132.348,1203.13,380.366,0.171172,0.161784,0.177398,0.286314,0.286117,0.226023
0.665881,0.568987,0.775779,20.3474,208.916,58.6031,132.6,1205.6,381.1,0.171297,0.161909,0.177523,0.286439,0.286242,0.226148
0.667253,0.570299,0.777463,20.328,208.792,58.5636,132.852,1208.08,381.833,0.171422,0.162034,0.177648,0.286564,0.286367,0.226273
0.668678,0.571613,0.7791,20.306,208.668,58.5247,133.104,1210.57,382.567,0.171547,0.162159,0.177773,0.286689,0.286492,0.226398
0.670081,0.57293,0.780763,20.2861,208.542,58.4848,133.356,1213.05,383.302,0.171672,0.162284,0.177898,0.286814,0.286617,0.226523
0.671526,0.574248,0.782387,20.2632,208.412,58.4439,133.608,1215.54,384.037,0.171797,0.162409,0.178023,0.286939,0.286742,0.226648
0.672894,0.575569,0.784093,20.2419,208.282,58.403,133.861,1218.03,384.772,0.171922,0.162534,0.178148,0.287064,0.286867,0.226773
0.67422,0.576893,0.785845,20.2217,208.145,58.3593,134.113,1220.52,385.508,0.172047,0.162659,0.178273,0.287189,0.286992,0.226898
0.675608,0.578217,0.78754,20.2001,208.018,58.3195,134.366,1223.01,386.244,0.172172,0.162784,0.178398,0.287314,0.287117,0.227023
0.677067,0.579545,0.789167,20.1756,207.878,58.2756,134.619,1225.5,386.981,0.172297,0.162909,0.178523,0.287439,0.287242,0.227148
0.678491,0.580873,0.790834,20.1557,207.751,58.2352,134.871,1228,387.718,0.172422,0.163034,0.178648,0.287564,0.287367,0.227273
0.679937,0.582204,0.792485,20.1342,207.625,58.1954,135.124,1230.49,388.456,0.172547,0.163159,0.178773,0.287689,0.287492,0.227398
0.681476,0.583537,0.794045,20.1136,207.5,58.1555,135.377,1232.99,389.194,0.172672,0.163284,0.178898,0.287814,0.287617,0.227523
0.682933,0.584872,0.795693,20.0905,207.368,58.1141,135.63,1235.49,389.933,0.172797,0.163409,0.179023,0.287939,0.287742,0.227648
0.684415,0.586209,0.79732,20.07,207.244,58.0751,135.883,1237.99,390.672,0.172922,0.163534,0.179148,0.288064,0.287867,0.227773
0.685901,0.587548,0.798948,20.0489,207.12,58.0358,136.136,1240.5,391.411,0.173047,0.163659,0.179273,0.288189,0.287992,0.227898
0.687369,0.588888,0.800597,20.0254,206.998,57.9981,136.39,1243,392.151,0.173172,0.163784,0.179398,0.288314,0.288117,0.228023
0.688893,0.590232,0.802196,20.0017,206.869,57.9581,136.643,1245.51,392.892,0.173297,0.163909,0.179523,0.288439,0.288242,0.228148
0.69039,0.591577,0.803826,19.9784,206.739,57.9173,136.896,1248.02,393.633,0.173422,0.164034,0.179648,0.288564,0.288367,0.228273
0.69179,0.592924,0.805557,19.9593,206.617,57.8787,137.15,1250.53,394.374,0.173547,0.164159,0.179773,0.288689,0.288492,0.228398
0.693138,0.594274,0.807343,19.9402,206.484,57.8364,137.403,1253.05,395.116,0.173672,0.164284,0.179898,0.288814,0.288617,0.228523
0.694642,0.595626,0.808978,19.9179,206.342,57.7914,137.657,1255.56,395.858,0.173797,0.164409,0.180023,0.288939,0.288742,0.228648
0.696153,0.596978,0.810612,19.8974,206.233,57.7577,137.911,1258.08,396.6,0.173922,0.164534,0.180148,0.289064,0.288867,0.228773
0.69761,0.598334,0.812303,19.875,206.105,57.7178,138.165,1260.59,397.344,0.174047,0.164659,0.180273,0.289189,0.288992,0.228898
0.699159,0.599691,0.813908,19.8524,205.988,57.6813,138.419,1263.11,398.087,0.174172,0.164784,0.180398,0.289314,0.289117,0.229023
0.700634,0.60105,0.81559,19.8319,205.866,57.643,138.673,1265.64,398.831,0.174297,0.164909,0.180523,0.289439,0.289242,0.229148
0.702107,0.602412,0.817279,19.8095,205.733,57.6014,138.927,1268.16,399.576,0.174422,0.165034,0.180648,0.289564,0.289367,0.229273
0.703567,0.603777,0.818984,19.7878,205.595,57.5579,139.181,1270.69,400.321,0.174547,0.165159,0.180773,0.289689,0.289492,0.229398
0.705034,0.605143,0.820688,19.7672,205.467,57.5174,139.435,1273.21,401.066,0.174672,0.165284,0.180898,0.289814,0.289617,0.229523
0.706461,0.606512,0.822435,19.7469,205.328,57.4731,139.689,1275.74,401.812,0.174797,0.165409,0.181023,0.289939,0.289742,0.229649
0.707969,0.607882,0.824106,19.728,205.197,57.4313,139.944,1278.27,402.558,0.174922,0.165534,0.181148,0.290064,0.289867,0.229774
0.70944,0.609255,0.825818,19.7056,205.064,57.3897,140.198,1280.8,403.305,0.175047,0.165659,0.181273,0.290189,0.289992,0.229899
0.710974,0.610629,0.827471,19.686,204.935,57.3486,140.453,1283.34,404.052,0.175172,0.165784,0.181398,0.290314,0.290117,0.230024
0.712399,0.612006,0.829239,19.6648,204.804,57.3075,140.707,1285.87,404.799,0.175297,0.165909,0.181523,0.290439,0.290242,0.230149
0.713933,0.613385,0.830901,19.645,204.668,57.264,140.962,1288.41,405.547,0.175422,0.166034,0.181648,0.290564,0.290367,0.230274
0.715321,0.614766,0.832715,19.6259,204.539,57.2233,141.217,1290.95,406.295,0.175547,0.166159,0.181773,0.290689,0.290492,0.230399
0.716841,0.616148,0.834401,19.6045,204.413,57.1839,141.472,1293.49,407.044,0.175673,0.166284,0.181898,0.290814,0.290617,0.230524
0.718367,0.617534,0.836084,19.5814,204.278,57.1417,141.727,1296.03,407.793,0.175798,0.166409,0.182023,0.290939,0.290742,0.230649
0.719922,0.618921,0.837743,19.5604,204.146,57.0999,141.982,1298.57,408.543,0.175923,0.166534,0.182148,0.291064,0.290867,0.230774
0.721438,0.62031,0.839447,19.5383,204.017,57.0596,142.237,1301.12,409.293,0.176048,0.166659,0.182273,0.291189,0.290992,0.230899
0.722961,0.621701,0.841147,19.5172,203.895,57.0218,142.492,1303.67,410.043,0.176173,0.166784,0.182398,0.291314,0.291117,0.231024
0.724507,0.623093,0.84283,19.4955,203.77,56.9826,142.748,1306.22,410.794,0.176298,0.166909,0.182523,0.291439,0.291242,0.231149
0.72599,0.624489,0.84458,19.4729,203.637,56.9414,143.003,1308.77,411.545,0.176423,0.167034,0.182648,0.291564,0.291367,0.231274
0.727472,0.625887,0.846334,19.4526,203.509,56.9012,143.258,1311.32,412.297,0.176548,0.167159,0.182773,0.291689,0.291492,0.231399
0.728924,0.627285,0.848124,19.4323,203.391,56.8648,143.514,1313.87,413.049,0.176673,0.167284,0.182898,0.291814,0.291617,0.231524
0.730469,0.628686,0.849826,19.4131,203.269,56.8265,143.769,1316.43,413.802,0.176798,0.167409,0.183023,0.291939,0.291742,0.231649
0.732036,0.63009,0.851509,19.3912,203.139,56.7858,144.025,1318.99,414.555,0.176923,0.167534,0.183148,0.292064,0.291867,0.231774
0.733568,0.631496,0.853232,19.3705,203.017,56.7476,144.281,1321.55,415.309,0.177048,0.167659,0.183273,0.292189,0.291992,0.231899
0.735155,0.632903,0.854905,19.3494,202.897,56.7102,144.536,1324.11,416.062,0.177173,0.167784,0.183398,0.292314,0.292117,0.232024
0.736733,0.634312,0.856592,19.3268,202.778,56.6739,144.792,1326.67,416.817,0.177298,0.167909,0.183523,0.292439,0.292242,0.232149
0.738313,0.635724,0.858281,19.3078,202.653,56.6344,145.048,1329.23,417.572,0.177423,0.168034,0.183648,0.292564,0.292367,0.232274
0.739814,0.637137,0.860053,19.289,202.535,56.5976,145.304,1331.8,418.327,0.177548,0.168159,0.183773,0.292689,0.292492,0.232399
0.741326,0.638554,0.861818,19.272,202.41,56.5577,145.56,1334.37,419.082,0.177673,0.168284,0.183898,0.292814,0.292617,0.232524
0.742789,0.639973,0.863636,19.2503,202.276,56.5159,145.816,1336.94,419.838,0.177798,0.168409,0.184023,0.292939,0.292742,0.232649
0.744309,0.641394,0.865403,19.2313,202.147,56.4752,146.072,1339.51,420.595,0.177923,0.168534,0.184148,0.293064,0.292867,0.232774
0.745835,0.642815,0.867168,19.2137,202.033,56.4395,146.329,1342.08,421.352,0.178048,0.168659,0.184273,0.293189,0.292992,0.232899
0.747295,0.644239,0.869004,19.195,201.91,56.4011,146.585,1344.65,422.109,0.178173,0.168784,0.184398,0.293314,0.293117,0.233024
0.748948,0.645666,0.870651,19.1743,201.79,56.3634,146.841,1347.23,422.867,0.178298,0.168909,0.184523,0.293439,0.293242,0.233149
0.750535,0.647094,0.87237,19.1534,201.672,56.327,147.098,1349.81,423.625,0.178423,0.169034,0.184648,0.293564,0.293367,0.233274
0.752101,0.648526,0.874112,19.1351,201.542,56.2858,147.354,1352.39,424.383,0.178548,0.169159,0.184773,0.293689,0.293492,0.233399
0.753591,0.649958,0.875935,19.1162,201.422,56.2485,147.611,1354.97,425.142,0.178673,0.169284,0.184898,0.293814,0.293617,0.233524
0.755099,0.651393,0.877746,19.0955,201.305,56.2124,147.868,1357.55,425.902,0.178798,0.169409,0.185023,0.293939,0.293742,0.233649
0.75662,0.65283,0.879548,19.0749,201.181,56.1743,148.125,1360.14,426.662,0.178923,0.169534,0.185148,0.294064,0.293867,0.233774
0.758186,0.654269,0.88131,19.0574,201.065,56.1378,148.381,1362.72,427.422,0.179048,0.169659,0.185273,0.294189,0.293992,0.233899
0.759703,0.65571,0.883124,19.0411,200.945,56.0996,148.638,1365.31,428.183,0.179173,0.169784,0.185398,0.294314,0.294117,0.234024
0.761346,0.657153,0.884818,19.0182,200.823,56.0624,148.895,1367.9,428.944,0.179298,0.169909,0.185523,0.294439,0.294242,0.234149
0.762913,0.658599,0.886591,19.001,200.699,56.023,149.153,1370.49,429.705,0.179423,0.170034,0.185648,0.294564,0.294367,0.234274
0.764517,0.660048,0.888331,18.9804,200.567,55.9816,149.41,1373.08,430.467,0.179548,0.170159,0.185773,0.294689,0.294492,0.234399
0.766056,0.661499,0.890141,18.9612,200.44,55.942,149.667,1375.68,431.23,0.179673,0.170284,0.185898,0.294814,0.294617,0.234524
0.767567,0.662951,0.891985,18.9419,200.319,55.9045,149.924,1378.27,431.992,0.179798,0.170409,0.186023,0.294939,0.294742,0.234649
0.769182,0.664405,0.893729,18.9232,200.2,55.8671,150.182,1380.87,432.755,0.179923,0.170534,0.186148,0.295063,0.294867,0.234774
0.770737,0.66586,0.895538,18.9046,200.091,55.8335,150.439,1383.47,433.519,0.180048,0.170659,0.186273,0.295188,0.294992,0.234899
0.772404,0.667319,0.89724,18.8852,199.967,55.7948,150.696,1386.07,434.283,0.180173,0.170784,0.186398,0.295313,0.295117,0.235024
0.773963,0.668779,0.899055,18.8658,199.855,55.7606,150.954,1388.68,435.047,0.180298,0.170909,0.186523,0.295438,0.295242,0.235149
0.775533,0.670241,0.900862,18.848,199.742,55.7252,151.212,1391.28,435.812,0.180423,0.171034,0.186648,0.295563,0.295367,0.235274
0.777105,0.671706,0.902672,18.8291,199.618,55.6865,151.469,1393.89,436.578,0.180548,0.171159,0.186773,0.295688,0.295492,0.235399
0.778674,0.673174,0.904488,18.8086,199.488,55.6462,151.727,1396.49,437.343,0.180673,0.171284,0.186898,0.295813,0.295617,0.235524
0.780225,0.674644,0.906327,18.79,199.363,55.6071,151.985,1399.1,438.109,0.180798,0.171409,0.187023,0.295938,0.295742,0.235649
0.781769,0.676115,0.908179,18.7728,199.24,55.5687,152.243,1401.71,438.876,0.180923,0.171534,0.187148,0.296063,0.295867,0.235774
0.783329,0.677587,0.910019,18.7546,199.132,55.5355,152.501,1404.33,439.643,0.181048,0.171659,0.187274,0.296188,0.295992,0.235899
0.785028,0.679064,0.911725,18.7345,199.007,55.4965,152.759,1406.94,440.41,0.181173,0.171784,0.187399,0.296313,0.296117,0.236024
0.786664,0.680541,0.913499,18.7163,198.896,55.4621,153.017,1409.56,441.178,0.181298,0.171909,0.187524,0.296438,0.296242,0.236149
0.788227,0.68202,0.91535,18.6979,198.78,55.4263,153.275,1412.17,441.946,0.181423,0.172034,0.187649,0.296563,0.296367,0.236274
0.789797,0.683502,0.917199,18.6807,198.666,55.3908,153.533,1414.79,442.714,0.181548,0.172159,0.187774,0.296688,0.296492,0.236399
0.791439,0.684987,0.91898,18.6628,198.545,55.3528,153.792,1417.41,443.483,0.181673,0.172284,0.187899,0.296813,0.296617,0.236524
0.793026,0.686474,0.92082,18.644,198.42,55.314,154.05,1420.04,444.253,0.181798,0.172409,0.188024,0.296938,0.296742,0.236649
0.794689,0.687962,0.922589,18.6268,198.305,55.2778,154.308,1422.66,445.022,0.181923,0.172534,0.188149,0.297063,0.296867,0.236774
0.79621,0.689454,0.924503,18.6088,198.172,55.2364,154.567,1425.29,445.792,0.182048,0.172659,0.188274,0.297188,0.296992,0.236899
0.797815,0.690948,0.926339,18.59,198.047,55.1972,154.826,1427.91,446.563,0.182173,0.172784,0.188399,0.297313,0.297117,0.237024
0.799467,0.692442,0.928134,18.5726,197.94,55.1642,155.084,1430.54,447.334,0.182298,0.172909,0.188524,0.297438,0.297242,0.237149
0.801089,0.69394,0.929962,18.553,197.817,55.1262,155.343,1433.17,448.105,0.182423,0.173034,0.188649,0.297563,0.297366,0.237274
0.802685,0.695439,0.931822,18.5363,197.7,55.0899,155.602,1435.81,448.877,0.182548,0.173159,0.188774,0.297688,0.297491,0.237399
0.804273,0.696939,0.933695,18.5193,197.593,55.0571,155.86,1438.44,449.649,0.182673,0.173284,0.188899,0.297813,0.297616,0.237524
0.805894,0.698443,0.935539,18.5024,197.48,55.0217,156.119,1441.07,450.422,0.182798,0.173409,0.189024,0.297938,0.297741,0.237649
0.807364,0.699947,0.937539,18.4857,197.374,54.9896,156.378,1443.71,451.195,0.182923,0.173534,0.189149,0.298063,0.297866,0.237774
0.808981,0.701454,0.939397,18.4688,197.267,54.9567,156.637,1446.35,451.968,0.183048,0.173659,0.189274,0.298188,0.297991,0.237899
0.810741,0.702964,0.941115,18.4479,197.152,54.9217,156.896,1448.99,452.742,0.183173,0.173784,0.189399,0.298313,0.298116,0.238024
0.812356,0.704476,0.942983,18.4309,197.035,54.8851,157.156,1451.63,453.516,0.183298,0.173909,0.189524,0.298438,0.298241,0.238149
0.813898,0.70599,0.94493,18.4154,196.926,54.8515,157.415,1454.28,454.291,0.183423,0.174034,0.189649,0.298563,0.298366,0.238274
0.81547,0.707507,0.946849,18.3989,196.805,54.8138,157.674,1456.92,455.066,0.183548,0.174159,0.189774,0.298688,0.298491,0.238399
0.817102,0.709025,0.948715,18.3821,196.693,54.7791,157.934,1459.57,455.841,0.183673,0.174284,0.189899,0.298813,0.298616,0.238524
0.818733,0.710547,0.950585,18.3652,196.574,54.7422,158.193,1462.22,456.617,0.183798,0.174409,0.190024,0.298938,0.298741,0.238649
0.820325,0.71207,0.9525,18.3466,196.46,54.7074,158.452,1464.87,457.393,0.183923,0.174534,0.190149,0.299063,0.298866,0.238774
0.821947,0.713595,0.954389,18.329,196.35,54.6735,158.712,1467.52,458.17,0.184048,0.174659,0.190274,0.299188,0.298991,0.238899
0.823556,0.715123,0.956294,18.3117,196.229,54.636,158.972,1470.17,458.947,0.184173,0.174784,0.190399,0.299313,0.299116,0.239024
0.825204,0.716653,0.958165,18.2964,196.111,54.5989,159.231,1472.83,459.724,0.184298,0.174909,0.190524,0.299438,0.299241,0.239149
0.826825,0.718186,0.960069,18.2786,195.99,54.5617,159.491,1475.48,460.502,0.184423,0.175034,0.190649,0.299563,0.299366,0.239274
0.828512,0.71972,0.961911,18.2591,195.877,54.5273,159.751,1478.14,461.28,0.184548,0.175159,0.190774,0.299688,0.299491,0.239399
0.830186,0.721255,0.963772,18.2411,195.773,54.4956,160.011,1480.8,462.059,0.184673,0.175284,0.190899,0.299813,0.299616,0.239524
0.831873,0.722792,0.965627,18.2222,195.672,54.4654,160.271,1483.46,462.838,0.184798,0.175409,0.191024,0.299938,0.299741,0.239649
0.833549,0.724333,0.967494,18.205,195.556,54.4296,160.531,1486.13,463.617,0.184923,0.175534,0.191149,0.300063,0.299866,0.239774
0.835152,0.725876,0.969438,18.1884,195.437,54.3928,160.791,1488.79,464.397,0.185048,0.175659,0.191274,0.300188,0.299991,0.239899
0.836796,0.727422,0.971346,18.1712,195.315,54.3549,161.051,1491.46,465.177,0.185173,0.175784,0.191399,0.300313,0.300116,0.240024
0.838488,0.728969,0.973212,18.1569,195.207,54.3211,161.311,1494.12,465.958,0.185298,0.175909,0.191524,0.300438,0.300241,0.240149
0.840123,0.730518,0.975139,18.1424,195.098,54.287,161.571,1496.79,466.739,0.185423,0.176034,0.191649,0.300563,0.300366,0.240274
0.84186,0.732069,0.97697,18.1249,194.99,54.254,161.831,1499.46,467.52,0.185548,0.176159,0.191774,0.300688,0.300491,0.240399
0.843484,0.733623,0.978917,18.1085,194.88,54.2202,162.092,1502.14,468.302,0.185673,0.176284,0.191899,0.300813,0.300616,0.240524
0.845143,0.735179,0.980835,18.0907,194.769,54.1866,162.352,1504.81,469.084,0.185798,0.176409,0.192024,0.300938,0.300741,0.240649
0.846799,0.736737,0.98276,18.0737,194.652,54.1503,162.612,1507.49,469.867,0.185923,0.176534,0.192149,0.301063,0.300866,0.240774
0.848547,0.738297,0.984598,18.0548,194.548,54.119,162.873,1510.16,470.649,0.186048,0.176659,0.192274,0.301188,0.300991,0.240899
0.850168,0.739858,0.986569,18.0404,194.447,54.0881,163.133,1512.84,471.433,0.186173,0.176784,0.192399,0.301313,0.301116,0.241024
0.85187,0.741422,0.988463,18.0253,194.346,54.0572,163.394,1515.52,472.217,0.186298,0.176909,0.192524,0.301438,0.301241,0.241149
0.853465,0.742988,0.990469,18.0103,194.242,54.0254,163.655,1518.21,473.001,0.186423,0.177034,0.192649,0.301563,0.301366,0.241274
0.855214,0.744558,0.992325,17.9906,194.131,53.9919,163.915,1520.89,473.785,0.186548,0.177159,0.192774,0.301688,0.301491,0.241399
0.856986,0.746128,0.994162,17.9723,194.03,53.9613,164.176,1523.58,474.57,0.186673,0.177284,0.192899,0.301813,0.301616,0.241524
0.858647,0.747701,0.996116,17.9552,193.926,53.9299,164.437,1526.26,475.356,0.186798,0.177409,0.193024,0.301938,0.301741,0.241649
0.860274,0.749277,0.998107,17.9397,193.816,53.8962,164.698,1528.95,476.142,0.186923,0.177534,0.193149,0.302063,0.301866,0.241774
0.861902,0.750854,1.0001,17.9241,193.715,53.8658,164.959,1531.64,476.928,0.187048,0.177659,0.193274,0.302188,0.301991,0.241899
0.86363,0.752435,1.002,17.908,193.598,53.8296,165.22,1534.33,477.714,0.187173,0.177784,0.193399,0.302313,0.302116,0.242024
0.86534,0.754019,1.00393,17.8916,193.479,53.7926,165.481,1537.03,478.501,0.187298,0.177909,0.193524,0.302438,0.302241,0.242149
0.86707,0.755603,1.00583,17.8762,193.376,53.7612,165.742,1539.72,479.289,0.187423,0.178034,0.193649,0.302563,0.302366,0.242274
0.868658,0.75719,1.00789,17.8602,193.264,53.7272,166.003,1542.42,480.077,0.187548,0.178159,0.193774,0.302688,0.302491,0.242399
0.87038,0.758778,1.00981,17.8463,193.166,53.6968,166.264,1545.12,480.865,0.187673,0.178284,0.193899,0.302813,0.302616,0.242524
0.872129,0.76037,1.01172,17.8314,193.056,53.6627,166.526,1547.82,481.653,0.187798,0.178409,0.194024,0.302938,0.302741,0.242649
0.87392,0.761963,1.01358,17.8148,192.951,53.6308,166.787,1550.52,482.442,0.187923,0.178534,0.194149,0.303063,0.302866,0.242774
0.875573,0.763559,1.01559,17.7986,192.841,53.5971,167.049,1553.22,483.231,0.188048,0.178659,0.194274,0.303188,0.302991,0.242899
0.877267,0.765158,1.01756,17.7824,192.725,53.5616,167.31,1555.92,484.021,0.188173,0.178784,0.194399,0.303313,0.303116,0.243024
0.879009,0.766759,1.01949,17.7665,192.615,53.5281,167.572,1558.63,484.811,0.188298,0.178909,0.194524,0.303438,0.303241,0.243149
0.880628,0.768361,1.02155,17.7499,192.51,53.4964,167.833,1561.34,485.602,0.188423,0.179034,0.194649,0.303563,0.303366,0.243274
0.882332,0.769966,1.02352,17.7332,192.396,53.4618,168.095,1564.05,486.392,0.188548,0.179159,0.194774,0.303688,0.303491,0.243399
0.884008,0.771573,1.02553,17.718,192.294,53.4307,168.356,1566.76,487.184,0.188673,0.179284,0.194899,0.303813,0.303616,0.243524
0.885669,0.773183,1.02756,17.702,192.182,53.3968,168.618,1569.47,487.975,0.188798,0.179409,0.195024,0.303938,0.303741,0.243649
0.887393,0.774795,1.02953,17.6872,192.071,53.3626,168.88,1572.18,488.767,0.188923,0.179534,0.195149,0.304063,0.303866,0.243774
0.889141,0.776409,1.03148,17.6702,191.963,53.3297,169.142,1574.9,489.56,0.189048,0.179659,0.195274,0.304188,0.303991,0.243899
0.890988,0.778025,1.03334,17.6547,191.852,53.2955,169.404,1577.61,490.352,0.189173,0.179784,0.195399,0.304313,0.304116,0.244024
0.892816,0.779644,1.03522,17.6387,191.735,53.2594,169.665,1580.33,491.145,0.189298,0.179909,0.195524,0.304438,0.304241,0.244149
0.894493,0.781265,1.03725,17.6243,191.624,53.2253,169.927,1583.05,491.939,0.189423,0.180034,0.195649,0.304563,0.304366,0.244274
0.896221,0.782889,1.03924,17.6087,191.512,53.1909,170.189,1585.77,492.733,0.189548,0.180159,0.195774,0.304688,0.304491,0.244399
0.897937,0.784513,1.04125,17.5925,191.414,53.1618,170.452,1588.5,493.527,0.189673,0.180284,0.195899,0.304813,0.304616,0.244524
0.899588,0.786141,1.04333,17.5765,191.303,53.1283,170.714,1591.22,494.321,0.189798,0.180409,0.196024,0.304938,0.304741,0.244649
0.901319,0.787769,1.04533,17.5606,191.208,53.1,170.976,1593.95,495.116,0.189923,0.180534,0.196149,0.305063,0.304866,0.244774
0.903028,0.789401,1.04736,17.5465,191.097,53.066,171.238,1596.67,495.912,0.190048,0.18066,0.196274,0.305188,0.304991,0.244899
0.9047,0.791035,1.04943,17.5324,190.997,53.0357,171.5,1599.4,496.707,0.190173,0.180785,0.196399,0.305313,0.305116,0.245024
0.906405,0.792672,1.05147,17.5171,190.886,53.0019,171.763,1602.13,497.503,0.190298,0.18091,0.196524,0.305438,0.305241,0.245149
0.908172,0.794311,1.05346,17.5027,190.779,52.9692,172.025,1604.87,498.3,0.190423,0.181035,0.196649,0.305563,0.305366,0.245274
0.909957,0.795951,1.05543,17.4876,190.676,52.9379,172.287,1607.6,499.097,0.190548,0.18116,0.196774,0.305688,0.305491,0.245399
0.911644,0.797594,1.0575,17.4723,190.57,52.906,172.55,1610.33,499.894,0.190673,0.181285,0.196899,0.305813,0.305616,0.245524
0.913448,0.799239,1.05947,17.458,190.475,52.8773,172.812,1613.07,500.692,0.190798,0.18141,0.197024,0.305938,0.305741,0.245649
0.915221,0.800886,1.06147,17.4426,190.376,52.8473,173.075,1615.81,501.49,0.190923,0.181535,0.197149,0.306063,0.305866,0.245774
0.916986,0.802535,1.06348,17.426,190.276,52.8177,173.338,1618.55,502.288,0.191048,0.18166,0.197274,0.306188,0.305991,0.245899
0.91879,0.804187,1.06545,17.41,190.175,52.7873,173.6,1621.29,503.087,0.191173,0.181785,0.197399,0.306313,0.306116,0.246024
0.92055,0.805841,1.06748,17.3953,190.081,52.7591,173.863,1624.03,503.886,0.191298,0.18191,0.197524,0.306438,0.306241,0.246149
0.922292,0.807498,1.06953,17.3806,189.977,52.7276,174.126,1626.78,504.686,0.191423,0.182035,0.197649,0.306563,0.306366,0.246274
0.924021,0.809156,1.0716,17.3647,189.881,52.6992,174.389,1629.52,505.486,0.191548,0.18216,0.197774,0.306688,0.306491,0.246399
0.925753,0.810816,1.07367,17.3515,189.787,52.6711,174.651,1632.27,506.286,0.191673,0.182285,0.197899,0.306813,0.306616,0.246524
0.927555,0.812479,1.07567,17.3355,189.69,52.6423,174.914,1635.02,507.087,0.191798,0.18241,0.198024,0.306938,0.306741,0.246649
0.92943,0.814145,1.0776,17.3211,189.585,52.61,175.177,1637.77,507.888,0.191923,0.182535,0.198149,0.307063,0.306866,0.246774
0.931231,0.815813,1.07962,17.3073,189.48,52.578,175.44,1640.52,508.689,0.192048,0.18266,0.198274,0.307188,0.306991,0.246899
0.932999,0.817484,1.08167,17.2919,189.38,52.548,175.703,1643.28,509.491,0.192173,0.182785,0.198399,0.307313,0.307116,0.247024
0.934897,0.819156,1.0836,17.2761,189.284,52.5192,175.966,1646.03,510.293,0.192298,0.18291,0.198524,0.307438,0.307241,0.247149
0.936571,0.820831,1.08575,17.2622,189.181,52.4883,176.229,1648.79,511.096,0.192423,0.183035,0.198649,0.307563,0.307366,0.247274
0.938506,0.822509,1.08765,17.2465,189.075,52.4561,176.492,1651.55,511.899,0.192548,0.18316,0.198774,0.307688,0.307491,0.247399
0.940323,0.824188,1.08967,17.2322,188.975,52.4259,176.756,1654.31,512.703,0.192673,0.183285,0.198899,0.307813,0.307616,0.247524
0.942245,0.825871,1.09159,17.2157,188.864,52.3922,177.019,1657.07,513.506,0.192798,0.18341,0.199024,0.307938,0.307741,0.247649
0.94403,0.827555,1.09366,17.1993,188.761,52.3618,177.282,1659.83,514.31,0.192923,0.183535,0.199149,0.308063,0.307866,0.247774
0.945841,0.829241,1.0957,17.1853,188.66,52.3312,177.545,1662.6,515.115,0.193048,0.18366,0.199274,0.308188,0.307991,0.247899
0.9476,0.830931,1.0978,17.1711,188.547,52.2968,177.809,1665.36,515.92,0.193173,0.183785,0.199399,0.308313,0.308116,0.248024
0.949414,0.832622,1.09985,17.1571,188.446,52.2663,178.072,1668.13,516.725,0.193298,0.18391,0.199524,0.308438,0.308241,0.248149
0.9512,0.834315,1.10193,17.1431,188.35,52.2376,178.335,1670.9,517.53,0.193423,0.184035,0.199649,0.308563,0.308366,0.248274
0.952949,0.836011,1.10406,17.129,188.243,52.2053,178.599,1673.67,518.336,0.193548,0.18416,0.199774,0.308688,0.308491,0.248399
0.954773,0.837708,1.10611,17.115,188.148,52.1769,178.862,1676.44,519.143,0.193673,0.184285,0.199899,0.308812,0.308616,0.248524
0.956545,0.839409,1.10822,17.1001,188.044,52.146,179.126,1679.21,519.949,0.193798,0.18441,0.200024,0.308937,0.308741,0.248649
0.958279,0.841111,1.11038,17.0882,187.942,52.1151,179.389,1681.99,520.756,0.193923,0.184535,0.200149,0.309062,0.308866,0.248774
0.960096,0.842816,1.11245,17.075,187.848,52.0867,179.653,1684.77,521.564,0.194048,0.18466,0.200274,0.309187,0.308991,0.248899
0.961909,0.844523,1.11454,17.0611,187.751,52.0577,179.917,1687.54,522.371,0.194173,0.184785,0.200399,0.309312,0.309116,0.249024
0.963633,0.846232,1.11672,17.048,187.653,52.0286,180.181,1690.32,523.18,0.194298,0.18491,0.200524,0.309437,0.309241,0.249149
0.965483,0.847943,1.11877,17.0337,187.554,51.999,180.444,1693.1,523.988,0.194423,0.185035,0.200649,0.309562,0.309366,0.249274
0.967318,0.849658,1.12085,17.0201,187.445,51.9657,180.708,1695.89,524.797,0.194548,0.18516,0.200774,0.309687,0.309491,0.249399
0.969154,0.851375,1.12293,17.0051,187.346,51.9363,180.972,1698.67,525.606,0.194673,0.185285,0.200899,0.309812,0.309616,0.249524
0.971002,0.853094,1.12501,16.993,187.246,51.9059,181.236,1701.45,526.416,0.194798,0.18541,0.201024,0.309937,0.309741,0.249649
0.972907,0.854815,1.12703,16.9812,187.142,51.8742,181.5,1704.24,527.226,0.194923,0.185535,0.201149,0.310062,0.309866,0.249774
0.974592,0.856538,1.12927,16.9688,187.045,51.8451,181.764,1707.03,528.036,0.195048,0.18566,0.201274,0.310187,0.309991,0.249899
0.976325,0.858264,1.13148,16.9552,186.95,51.8172,182.028,1709.82,528.847,0.195173,0.185785,0.201399,0.310312,0.310116,0.250024
0.978225,0.859991,1.13352,16.941,186.854,51.7886,182.292,1712.61,529.658,0.195298,0.18591,0.201524,0.310437,0.310241,0.250149
0.980088,0.861722,1.1356,16.9272,186.753,51.7584,182.556,1715.4,530.469,0.195423,0.186035,0.201649,0.310562,0.310366,0.250274
0.981954,0.863455,1.13769,16.9122,186.645,51.7259,182.82,1718.2,531.281,0.195548,0.18616,0.201774,0.310687,0.310491,0.250399
0.983808,0.86519,1.13979,16.8991,186.549,51.6973,183.085,1720.99,532.093,0.195673,0.186285,0.201899,0.310812,0.310616,0.250524
0.985754,0.866929,1.14181,16.8847,186.433,51.6621,183.349,1723.79,532.905,0.195798,0.18641,0.202024,0.310937,0.310741,0.250649
0.987658,0.86867,1.14387,16.8712,186.33,51.631,183.613,1726.59,533.718,0.195923,0.186535,0.202149,0.311062,0.310866,0.250774
0.989552,0.870412,1.14594,16.8575,186.226,51.5998,183.877,1729.39,534.531,0.196048,0.18666,0.202274,0.311187,0.310991,0.250899
0.991511,0.872158,1.14796,16.8434,186.122,51.5684,184.142,1732.19,535.345,0.196173,0.186785,0.202399,0.311312,0.311116,0.251024
0.993286,0.873905,1.15017,16.8305,186.019,51.5377,184.406,1734.99,536.158,0.196298,0.18691,0.202524,0.311437,0.31124,0.251149
0.995186,0.875653,1.15225,16.819,185.929,51.5106,184.671,1737.8,536.973,0.196423,0.187035,0.202649,0.311562,0.311365,0.251274
0.997104,0.877404,1.15433,16.8041,185.836,51.4832,184.935,1740.6,537.787,0.196548,0.18716,0.202774,0.311687,0.31149,0.251399
0.998919,0.879158,1.15651,16.7909,185.739,51.4545,185.199,1743.41,538.602,0.196673,0.187285,0.202899,0.311812,0.311615,0.251524
1.00084,0.880915,1.15859,16.7779,185.634,51.4227,185.464,1746.22,539.417,0.196798,0.18741,0.203024,0.311937,0.31174,0.251649
1.00259,0.882674,1.16085,16.766,185.531,51.3919,185.729,1749.03,540.233,0.196923,0.187535,0.203149,0.312062,0.311865,0.251774
1.00454,0.884434,1.16291,16.7519,185.44,51.3651,185.993,1751.84,541.049,0.197049,0.18766,0.203274,0.312187,0.31199,0.251899
1.00639,0.886198,1.16507,16.7382,185.334,51.3336,186.258,1754.65,541.865,0.197174,0.187785,0.203399,0.312312,0.312115,0.252024
1.00828,0.887963,1.1672,16.7251,185.239,51.3054,186.523,1757.47,542.681,0.197299,0.18791,0.203524,0.312437,0.31224,0.252149
1.01014,0.889732,1.16937,16.7127,185.139,51.2753,186.787,1760.28,543.498,0.197424,0.188035,0.203649,0.312562,0.312365,0.252274
1.01208,0.891503,1.17146,16.7005,185.036,51.2445,187.052,1763.1,544.316,0.197549,0.18816,0.203774,0.312687,0.31249,0.252399
1.01389,0.893275,1.17368,16.6873,184.94,51.2163,187.317,1765.92,545.133,0.197674,0.188285,0.203899,0.312812,0.312615,0.252524
1.01567,0.895051,1.17594,16.6757,184.835,51.1847,187.582,1768.74,545.951,0.197799,0.18841,0.204024,0.312937,0.31274,0.252649
1.0177,0.896828,1.17797,16.6634,184.743,51.157,187.846,1771.56,546.77,0.197924,0.188535,0.204149,0.313062,0.312865,0.252774
1.01969,0.898606,1.18002,16.6497,184.657,51.1318,188.111,1774.39,547.588,0.198049,0.18866,0.204274,0.313187,0.31299,0.252899
1.02154,0.900387,1.18223,16.6373,184.575,51.108,188.376,1777.21,548.407,0.198174,0.188785,0.204399,0.313312,0.313115,0.253024
1.02335,0.902171,1.18449,16.6254,184.478,51.0792,188.641,1780.04,549.227,0.198299,0.18891,0.204524,0.313437,0.31324,0.253149
1.02536,0.903957,1.18654,16.6118,184.389,51.053,188.906,1782.86,550.047,0.198424,0.189035,0.204649,0.313562,0.313365,0.253274
1.02732,0.905746,1.18865,16.5998,184.295,51.0252,189.171,1785.69,550.867,0.198549,0.18916,0.204774,0.313687,0.31349,0.253399
1.02918,0.907539,1.19086,16.588,184.19,50.9938,189.436,1788.52,551.687,0.198674,0.189285,0.204899,0.313812,0.313615,0.253524
1.03108,0.909332,1.19305,16.5774,184.1,50.9666,189.702,1791.36,552.508,0.198799,0.18941,0.205024,0.313937,0.31374,0.253649
1.03293,0.911129,1.19528,16.5656,184.004,50.9383,189.967,1794.19,553.33,0.198924,0.189535,0.205149,0.314062,0.313865,0.253774
1.03493,0.912926,1.19737,16.5545,183.918,50.9126,190.232,1797.02,554.151,0.199049,0.18966,0.205274,0.314187,0.31399,0.253899
1.03687,0.914727,1.19953,16.5418,183.823,50.8846,190.497,1799.86,554.973,0.199174,0.189785,0.205399,0.314312,0.314115,0.254024
1.03885,0.916531,1.20165,16.5305,183.724,50.8548,190.763,1802.7,555.795,0.199299,0.18991,0.205524,0.314437,0.31424,0.254149
1.04075,0.918335,1.20386,16.5195,183.647,50.8326,191.028,1805.54,556.618,0.199424,0.190035,0.205649,0.314562,0.314365,0.254274
1.0426,0.920143,1.20612,16.5063,183.553,50.8052,191.293,1808.38,557.441,0.199549,0.19016,0.205774,0.314687,0.31449,0.254399
1.04454,0.921953,1.2083,16.4941,183.462,50.7782,191.559,1811.22,558.264,0.199674,0.190285,0.205899,0.314812,0.314615,0.254524
1.04657,0.923765,1.21039,16.4815,183.376,50.753,191.824,1814.06,559.088,0.199799,0.19041,0.206024,0.314937,0.31474,0.254649
1.04858,0.925579,1.21251,16.4688,183.291,50.7282,192.09,1816.91,559.912,0.199924,0.190535,0.206149,0.315062,0.314865,0.254774
1.05049,0.927398,1.21473,16.4578,183.188,50.6973,192.355,1819.76,560.737,0.200049,0.19066,0.206274,0.315187,0.31499,0.254899
1.05254,0.929217,1.21681,16.4443,183.105,50.6732,192.621,1822.6,561.561,0.200174,0.190785,0.206399,0.315312,0.315115,0.255024
1.05441,0.931038,1.21908,16.434,183.017,50.6472,192.886,1825.45,562.387,0.200299,0.19091,0.206524,0.315437,0.31524,0.255149
1.05634,0.932862,1.2213,16.4216,182.929,50.6216,193.152,1828.3,563.212,0.200424,0.191035,0.206649,0.315562,0.315365,0.255274
1.05826,0.934689,1.22353,16.4107,182.846,50.5971,193.418,1831.16,564.038,0.200549,0.19116,0.206774,0.315687,0.31549,0.255399
1.06023,0.936518,1.22572,16.4011,182.757,50.5706,193.683,1834.01,564.864,0.200674,0.191285,0.206899,0.315812,0.315615,0.255524
1.06213,0.93835,1.22799,16.3904,182.657,50.5411,193.949,1836.87,565.691,0.200799,0.19141,0.207024,0.315937,0.31574,0.255649
1.06408,0.940184,1.2302,16.3775,182.57,50.5156,194.215,1839.72,566.518,0.200924,0.191535,0.207149,0.316062,0.315865,0.255774
1.0661,0.94202,1.23235,16.3667,182.482,50.4896,194.481,1842.58,567.345,0.201049,0.19166,0.207274,0.316187,0.31599,0.255899
1.06816,0.943859,1.23447,16.3555,182.392,50.4631,194.747,1845.44,568.173,0.201174,0.191785,0.207399,0.316312,0.316115,0.256024
1.07019,0.9457,1.23662,16.345,182.304,50.4368,195.013,1848.3,569.001,0.201299,0.19191,0.207524,0.316437,0.31624,0.256149
1.07208,0.947544,1.23891,16.3346,182.215,50.4109,195.278,1851.17,569.829,0.201424,0.192035,0.207649,0.316562,0.316365,0.256274
1.07401,0.949391,1.24118,16.3232,182.121,50.383,195.544,1854.03,570.658,0.201549,0.19216,0.207774,0.316687,0.31649,0.256399
1.07593,0.95124,1.24346,16.3112,182.027,50.3558,195.811,1856.9,571.487,0.201674,0.192285,0.207899,0.316812,0.316615,0.256524
1.07779,0.953089,1.24581,16.3015,181.947,50.3324,196.077,1859.76,572.316,0.201799,0.19241,0.208024,0.316937,0.31674,0.256649
1.07978,0.954942,1.24802,16.2894,181.862,50.3079,196.343,1862.63,573.146,0.201924,0.192535,0.208149,0.317062,0.316865,0.256774
1.08163,0.956797,1.25038,16.2782,181.775,50.2828,196.609,1865.5,573.976,0.202049,0.19266,0.208274,0.317187,0.31699,0.256899
1.08356,0.958655,1.25267,16.268,181.691,50.2581,196.875,1868.37,574.807,0.202174,0.192785,0.208399,0.317312,0.317115,0.257024
1.08552,0.960516,1.25493,16.2575,181.596,50.2301,197.141,1871.25,575.637,0.202299,0.19291,0.208524,0.317437,0.31724,0.257149
1.08741,0.962379,1.25727,16.2477,181.513,50.2059,197.407,1874.12,576.469,0.202424,0.193035,0.20865,0.317562,0.317365,0.257274
1.08941,0.964243,1.2595,16.2376,181.431,50.1821,197.674,1877,577.3,0.202549,0.19316,0.208775,0.317687,0.31749,0.257399
1.09142,0.966111,1.26174,16.2255,181.343,50.1565,197.94,1879.87,578.132,0.202674,0.193285,0.2089,0.317812,0.317615,0.257524
1.09351,0.967981,1.26389,16.2154,181.257,50.1311,198.206,1882.75,578.964,0.202799,0.19341,0.209025,0.317937,0.31774,0.257649
1.09536,0.969854,1.26629,16.2046,181.169,50.1055,198.473,1885.63,579.797,0.202924,0.193535,0.20915,0.318062,0.317865,0.257774
1.09735,0.971729,1.26855,16.1956,181.081,50.0795,198.739,1888.51,580.63,0.203049,0.19366,0.209275,0.318187,0.31799,0.257899
1.09945,0.973608,1.2707,16.1843,180.978,50.049,199.006,1891.4,581.463,0.203174,0.193785,0.2094,0.318312,0.318115,0.258024
1.10143,0.975487,1.27299,16.1742,180.896,50.0251,199.272,1894.28,582.297,0.203299,0.19391,0.209525,0.318437,0.31824,0.258149
1.10346,0.97737,1.27523,16.1631,180.805,49.9985,199.539,1897.17,583.13,0.203424,0.194035,0.20965,0.318562,0.318365,0.258274
1.10543,0.979256,1.27753,16.152,180.711,49.9712,199.805,1900.05,583.965,0.203549,0.19416,0.209775,0.318687,0.31849,0.258399
1.10746,0.981143,1.27978,16.1408,180.625,49.9461,200.072,1902.94,584.799,0.203674,0.194285,0.2099,0.318812,0.318615,0.258524
1.1094,0.983034,1.28212,16.1292,180.522,49.9162,200.339,1905.83,585.634,0.203799,0.19441,0.210025,0.318937,0.31874,0.258649
1.11145,0.984926,1.28436,16.1183,180.44,49.8925,200.605,1908.72,586.47,0.203924,0.194535,0.21015,0.319062,0.318865,0.258774
1.11355,0.986821,1.28656,16.1079,180.35,49.8659,200.872,1911.62,587.305,0.204049,0.19466,0.210275,0.319187,0.31899,0.258899
1.11558,0.988718,1.28882,16.0957,180.258,49.8392,201.139,1914.51,588.141,0.204174,0.194785,0.2104,0.319312,0.319115,0.259024
1.11763,0.990617,1.29109,16.0849,180.18,49.8169,201.405,1917.41,588.977,0.204299,0.19491,0.210525,0.319437,0.31924,0.259149
1.11974,0.992518,1.29328,16.073,180.1,49.7937,201.672,1920.3,589.814,0.204424,0.195035,0.21065,0.319562,0.319365,0.259274
1.12181,0.994421,1.29553,16.0615,180.018,49.7702,201.939,1923.2,590.651,0.204549,0.19516,0.210775,0.319687,0.31949,0.259399
1.12381,0.996326,1.29785,16.051,179.945,49.7495,202.206,1926.1,591.488,0.204674,0.195285,0.2109,0.319812,0.319615,0.259524
1.1259,0.998234,1.30009,16.04,179.87,49.728,202.472,1929,592.326,0.204799,0.19541,0.211025,0.319937,0.31974,0.259649
1.12796,1.00015,1.30236,16.0286,179.787,49.7043,202.739,1931.91,593.164,0.204924,0.195535,0.21115,0.320062,0.319865,0.259774
1.12989,1.00206,1.30476,16.018,179.701,49.6795,203.006,1934.81,594.002,0.205049,0.19566,0.211275,0.320187,0.31999,0.259899
1.13195,1.00398,1.30705,16.0079,179.617,49.6553,203.273,1937.72,594.841,0.205174,0.195785,0.2114,0.320312,0.320115,0.260024
1.13401,1.00589,1.30933,15.9965,179.53,49.6303,203.54,1940.62,595.68,0.205299,0.19591,0.211525,0.320437,0.32024,0.260149
1.13602,1.00782,1.31167,15.9867,179.448,49.6063,203.807,1943.53,596.52,0.205424,0.196035,0.21165,0.320562,0.320365,0.260274
1.13796,1.00974,1.31409,15.9768,179.362,49.5818,204.074,1946.44,597.36,0.205549,0.19616,0.211775,0.320687,0.32049,0.260399
1.14,1.01167,1.31641,15.9679,179.283,49.5588,204.341,1949.35,598.2,0.205674,0.196285,0.2119,0.320812,0.320615,0.260524
1.14212,1.01359,1.31866,15.9576,179.204,49.5363,204.608,1952.27,599.04,0.205799,0.19641,0.212025,0.320937,0.32074,0.260649
1.14417,1.01552,1.32098,15.9484,179.122,49.5124,204.875,1955.18,599.881,0.205924,0.196535,0.21215,0.321062,0.320865,0.260774
1.14629,1.01746,1.32324,15.9384,179.039,49.4884,205.142,1958.1,600.722,0.206049,0.19666,0.212275,0.321187,0.32099,0.260899
1.14833,1.01939,1.32559,15.9286,178.962,49.4662,205.409,1961.01,601.564,0.206174,0.196785,0.2124,0.321312,0.321115,0.261024
1.15029,1.02133,1.32801,15.9209,178.867,49.4386,205.676,1963.93,602.406,0.206299,0.19691,0.212525,0.321437,0.32124,0.261149
1.15236,1.02327,1.33033,15.9109,178.791,49.4167,205.943,1966.85,603.248,0.206424,0.197035,0.21265,0.321562,0.321365,0.261274
1.15429,1.02522,1.3328,15.9019,178.711,49.3939,206.21,1969.77,604.091,0.206549,0.19716,0.212775,0.321687,0.32149,0.261399
1.15641,1.02716,1.33509,15.8932,178.639,49.3733,206.478,1972.69,604.934,0.206674,0.197285,0.2129,0.321812,0.321615,0.261524
1.15844,1.02911,1.33747,15.8832,178.555,49.3489,206.745,1975.62,605.777,0.206799,0.19741,0.213025,0.321937,0.32174,0.261649
1.16043,1.03106,1.33988,15.8745,178.471,49.3251,207.012,1978.54,606.621,0.206924,0.197535,0.21315,0.322062,0.321865,0.261774
1.16257,1.03301,1.34217,15.8637,178.391,49.3019,207.28,1981.47,607.465,0.207049,0.19766,0.213275,0.322187,0.32199,0.261899
1.16454,1.03497,1.34462,15.8546,178.31,49.2791,207.547,1984.4,608.309,0.207174,0.197785,0.2134,0.322312,0.322115,0.262024
1.16659,1.03693,1.347,15.8467,178.229,49.2556,207.814,1987.33,609.154,0.207299,0.19791,0.213525,0.322437,0.32224,0.262149
1.16872,1.03889,1.34931,15.8368,178.143,49.2306,208.082,1990.26,609.999,0.207424,0.198035,0.21365,0.322562,0.322365,0.262274
1.17081,1.04085,1.35166,15.827,178.066,49.2086,208.349,1993.19,610.844,0.207549,0.19816,0.213775,0.322686,0.32249,0.262399
1.17291,1.04281,1.354,15.8176,177.992,49.1875,208.617,1996.13,611.69,0.207674,0.198285,0.2139,0.322811,0.322615,0.262524
1.1749,1.04478,1.35646,15.8082,177.915,49.1657,208.884,1999.06,612.536,0.207799,0.19841,0.214025,0.322936,0.32274,0.262649
1.177,1.04675,1.35881,15.7996,177.839,49.144,209.152,2002,613.382,0.207924,0.198535,0.21415,0.323061,0.322865,0.262774
1.17897,1.04873,1.3613,15.7906,177.754,49.1198,209.42,2004.94,614.229,0.208049,0.19866,0.214275,0.323186,0.32299,0.262899
1.18112,1.0507,1.36362,15.7817,177.677,49.0976,209.687,2007.88,615.076,0.208174,0.198785,0.2144,0.323311,0.323115,0.263023
1.18332,1.05268,1.36589,15.7705,177.598,49.0754,209.955,2010.82,615.924,0.208299,0.19891,0.214525,0.323436,0.32324,0.263148
1.18534,1.05466,1.36835,15.764,177.528,49.0552,210.222,2013.76,616.772,0.208424,0.199035,0.21465,0.323561,0.323365,0.263273
1.18746,1.05664,1.37071,15.7544,177.451,49.0332,210.49,2016.71,617.62,0.208549,0.19916,0.214775,0.323686,0.32349,0.263398
1.18954,1.05863,1.37312,15.7456,177.367,49.0091,210.758,2019.65,618.468,0.208674,0.199285,0.2149,0.323811,0.323615,0.263523
1.19157,1.06061,1.37558,15.7359,177.275,48.9828,211.026,2022.6,619.317,0.208799,0.19941,0.215025,0.323936,0.32374,0.263648
1.19373,1.06261,1.37792,15.7262,177.194,48.9598,211.293,2025.55,620.166,0.208924,0.199535,0.21515,0.324061,0.323865,0.263773
1.19587,1.0646,1.38028,15.7157,177.122,48.9396,211.561,2028.5,621.016,0.209049,0.19966,0.215275,0.324186,0.32399,0.263898
1.19816,1.06659,1.3825,15.7046,177.047,48.9184,211.829,2031.45,621.866,0.209174,0.199785,0.2154,0.324311,0.324115,0.264023
1.20012,1.06859,1.38505,15.6975,176.973,48.8973,212.097,2034.4,622.716,0.209299,0.19991,0.215525,0.324436,0.32424,0.264148
1.20224,1.07059,1.38745,15.689,176.883,48.8714,212.365,2037.36,623.566,0.209424,0.200035,0.21565,0.324561,0.324365,0.264273
1.20445,1.07259,1.38976,15.6808,176.798,48.8469,212.632,2040.31,624.417,0.209549,0.20016,0.215775,0.324686,0.32449,0.264398
1.20651,1.0746,1.39223,15.6718,176.707,48.8209,212.9,2043.27,625.268,0.209674,0.200285,0.2159,0.324811,0.324615,0.264523
1.20863,1.07661,1.39465,15.6638,176.632,48.7993,213.168,2046.22,626.12,0.209799,0.20041,0.216025,0.324936,0.32474,0.264648
1.21066,1.07862,1.39715,15.6555,176.555,48.7777,213.436,2049.18,626.972,0.209924,0.200535,0.21615,0.325061,0.324865,0.264773
1.21278,1.08063,1.39958,15.6466,176.486,48.7583,213.704,2052.14,627.824,0.210049,0.20066,0.216275,0.325186,0.324989,0.264898
1.21497,1.08265,1.40194,15.6388,176.402,48.7342,213.972,2055.11,628.676,0.210174,0.200785,0.2164,0.325311,0.325114,0.265023
1.21713,1.08467,1.40434,15.6311,176.321,48.711,214.24,2058.07,629.529,0.210299,0.20091,0.216525,0.325436,0.325239,0.265148
1.21922,1.08669,1.40681,15.6225,176.234,48.6861,214.508,2061.03,630.382,0.210424,0.201035,0.21665,0.325561,0.325364,0.265273
1.22127,1.08871,1.40932,15.6142,176.166,48.6674,214.776,2064,631.236,0.210549,0.20116,0.216775,0.325686,0.325489,0.265398
1.22336,1.09073,1.41181,15.6063,176.086,48.6445,215.045,2066.97,632.089,0.210674,0.201285,0.2169,0.325811,0.325614,0.265523
1.22545,1.09276,1.4143,15.5981,176.025,48.6278,215.313,2069.94,632.944,0.210799,0.20141,0.217025,0.325936,0.325739,0.265648
1.22754,1.09479,1.41678,15.5895,175.95,48.6067,215.581,2072.91,633.798,0.210924,0.201535,0.21715,0.326061,0.325864,0.265773
1.22967,1.09682,1.41924,15.5811,175.875,48.5855,215.849,2075.88,634.653,0.211049,0.20166,0.217275,0.326186,0.325989,0.265898
1.23196,1.09886,1.42154,15.5722,175.796,48.5629,216.117,2078.85,635.508,0.211174,0.201785,0.2174,0.326311,0.326114,0.266023
1.23418,1.1009,1.42393,15.565,175.722,48.5417,216.386,2081.83,636.364,0.211299,0.20191,0.217525,0.326436,0.326239,0.266148
1.23639,1.10294,1.42632,15.5579,175.652,48.5218,216.654,2084.8,637.22,0.211424,0.202036,0.21765,0.326561,0.326364,0.266273
1.23847,1.10498,1.42885,15.5494,175.58,48.5019,216.922,2087.78,638.076,0.211549,0.202161,0.217775,0.326686,0.326489,0.266398
1.24069,1.10703,1.43125,15.5412,175.504,48.4804,217.191,2090.76,638.933,0.211674,0.202286,0.2179,0.326811,0.326614,0.266523
1.2428,1.10907,1.43375,15.5339,175.428,48.4588,217.459,2093.74,639.79,0.211799,0.202411,0.218025,0.326936,0.326739,0.266648
1.24513,1.11112,1.43605,15.5247,175.354,48.4379,217.727,2096.72,640.647,0.211924,0.202536,0.21815,0.327061,0.326864,0.266773
1.24733,1.11318,1.43848,15.5151,175.289,48.4198,217.996,2099.71,641.505,0.212049,0.202661,0.218275,0.327186,0.326989,0.266898
1.24953,1.11523,1.44091,15.5079,175.214,48.3987,218.264,2102.69,642.362,0.212174,0.202786,0.2184,0.327311,0.327114,0.267023
1.25162,1.11729,1.44347,15.5,175.14,48.3779,218.533,2105.68,643.221,0.212299,0.202911,0.218525,0.327436,0.327239,0.267148
1.25388,1.11935,1.44585,15.491,175.064,48.3564,218.801,2108.66,644.08,0.212424,0.203036,0.21865,0.327561,0.327364,0.267273
1.25602,1.12141,1.44836,15.4844,174.984,48.3338,219.07,2111.65,644.938,0.212549,0.203161,0.218775,0.327686,0.327489,0.267398
1.25825,1.12348,1.45079,15.4771,174.914,48.3141,219.338,2114.64,645.798,0.212674,0.203286,0.2189,0.327811,0.327614,0.267523
1.26046,1.12555,1.45324,15.4698,174.853,48.2972,219.607,2117.63,646.657,0.212799,0.203411,0.219025,0.327936,0.327739,0.267648
1.26269,1.12762,1.45568,15.4627,174.777,48.2755,219.875,2120.63,647.518,0.212924,0.203536,0.21915,0.328061,0.327864,0.267773
1.26479,1.12969,1.45825,15.4563,174.698,48.2532,220.144,2123.62,648.378,0.213049,0.203661,0.219275,0.328186,0.327989,0.267898
1.26709,1.13177,1.46063,15.4492,174.607,48.2272,220.413,2126.62,649.239,0.213174,0.203786,0.2194,0.328311,0.328114,0.268023
1.26932,1.13385,1.46308,15.4442,174.541,48.2084,220.682,2129.61,650.099,0.213299,0.203911,0.219525,0.328436,0.328239,0.268148
1.27157,1.13593,1.46552,15.437,174.465,48.1868,220.95,2132.61,650.961,0.213424,0.204036,0.21965,0.328561,0.328364,0.268273
1.27368,1.13801,1.46811,15.4302,174.395,48.1675,221.219,2135.61,651.822,0.213549,0.204161,0.219775,0.328686,0.328489,0.268398
1.27589,1.1401,1.47059,15.4226,174.334,48.1506,221.488,2138.61,652.684,0.213674,0.204286,0.2199,0.328811,0.328614,0.268523
1.27803,1.14219,1.47316,15.4152,174.262,48.1306,221.757,2141.62,653.547,0.213799,0.204411,0.220025,0.328936,0.328739,0.268648
1.28038,1.14428,1.47552,15.408,174.187,48.1094,222.026,2144.62,654.409,0.213924,0.204536,0.22015,0.329061,0.328864,0.268773
1.28247,1.14637,1.47815,15.4001,174.119,48.0905,222.295,2147.62,655.272,0.214049,0.204661,0.220275,0.329186,0.328989,0.268898
1.28477,1.14847,1.48057,15.3931,174.049,48.071,222.564,2150.63,656.136,0.214174,0.204786,0.2204,0.329311,0.329114,0.269023
1.28707,1.15057,1.483,15.386,173.978,48.0511,222.832,2153.64,656.999,0.214299,0.204911,0.220525,0.329436,0.329239,0.269148
1.28917,1.15267,1.48563,15.3798,173.908,48.0314,223.101,2156.65,657.864,0.214424,0.205036,0.22065,0.329561,0.329364,0.269273
1.29132,1.15477,1.48821,15.3741,173.829,48.0094,223.371,2159.66,658.728,0.214549,0.205161,0.220775,0.329686,0.329489,0.269398
1.29355,1.15688,1.49073,15.3667,173.76,47.9902,223.64,2162.67,659.593,0.214674,0.205286,0.2209,0.329811,0.329614,0.269523
1.29569,1.15899,1.49334,15.3602,173.694,47.9719,223.909,2165.69,660.458,0.214799,0.205411,0.221025,0.329936,0.329739,0.269648
1.29799,1.1611,1.49579,15.3524,173.626,47.9529,224.178,2168.7,661.323,0.214924,0.205536,0.22115,0.330061,0.329864,0.269773
1.30007,1.16321,1.49847,15.3463,173.546,47.9307,224.447,2171.72,662.189,0.215049,0.205661,0.221275,0.330186,0.329989,0.269898
1.30229,1.16533,1.50101,15.3401,173.479,47.9121,224.716,2174.74,663.055,0.215174,0.205786,0.2214,0.330311,0.330114,0.270023
1.30446,1.16745,1.50361,15.3328,173.404,47.8914,224.985,2177.75,663.921,0.215299,0.205911,0.221525,0.330436,0.330239,0.270148
1.30672,1.16957,1.50613,15.3262,173.338,47.8729,225.255,2180.78,664.788,0.215424,0.206036,0.22165,0.330561,0.330364,0.270273
1.30893,1.1717,1.5087,15.32,173.273,47.855,225.524,2183.8,665.655,0.215549,0.206161,0.221775,0.330686,0.330489,0.270398
1.31117,1.17383,1.51124,15.313,173.196,47.8333,225.793,2186.82,666.522,0.215674,0.206286,0.2219,0.330811,0.330614,0.270523
1.31344,1.17596,1.51376,15.3056,173.119,47.8121,226.062,2189.85,667.39,0.215799,0.206411,0.222025,0.330936,0.330739,0.270648
1.31571,1.17809,1.51629,15.2994,173.062,47.7964,226.332,2192.87,668.258,0.215924,0.206536,0.22215,0.331061,0.330864,0.270773
1.31787,1.18022,1.51894,15.2939,172.987,47.7753,226.601,2195.9,669.127,0.216049,0.206661,0.222275,0.331186,0.330989,0.270898
1.32022,1.18236,1.5214,15.2869,172.919,47.7566,226.87,2198.93,669.995,0.216174,0.206786,0.2224,0.331311,0.331114,0.271023
1.32242,1.1845,1.52401,15.2808,172.855,47.7389,227.14,2201.96,670.864,0.216299,0.206911,0.222525,0.331436,0.331239,0.271148
1.3246,1.18664,1.52664,15.2739,172.785,47.7197,227.409,2204.99,671.734,0.216424,0.207036,0.22265,0.331561,0.331364,0.271273
1.32661,1.18879,1.52946,15.267,172.718,47.7015,227.679,2208.02,672.604,0.216549,0.207161,0.222775,0.331686,0.331489,0.271398
1.32888,1.19094,1.53202,15.2607,172.645,47.6811,227.948,2211.06,673.474,0.216674,0.207286,0.2229,0.331811,0.331614,0.271523
1.33111,1.19309,1.53462,15.2546,172.575,47.6619,228.218,2214.09,674.344,0.216799,0.207411,0.223025,0.331936,0.331739,0.271648
1.33328,1.19524,1.53729,15.2488,172.501,47.6414,228.487,2217.13,675.215,0.216924,0.207536,0.22315,0.332061,0.331864,0.271773
1.33552,1.1974,1.5399,15.2417,172.438,47.6241,228.757,2220.17,676.086,0.217049,0.207661,0.223275,0.332186,0.331989,0.271898
1.33772,1.19955,1.54255,15.2376,172.384,47.6093,229.026,2223.21,676.957,0.217174,0.207786,0.2234,0.332311,0.332114,0.272023
1.3399,1.20171,1.54522,15.2314,172.307,47.5882,229.296,2226.25,677.829,0.217299,0.207911,0.223525,0.332436,0.332239,0.272148
1.34217,1.20388,1.54781,15.2263,172.236,47.5684,229.566,2229.29,678.701,0.217424,0.208036,0.22365,0.332561,0.332364,0.272273
1.34451,1.20604,1.55035,15.2212,172.174,47.551,229.835,2232.34,679.573,0.217549,0.208161,0.223775,0.332686,0.332489,0.272398
1.34674,1.20821,1.55299,15.2153,172.103,47.5315,230.105,2235.38,680.446,0.217674,0.208286,0.2239,0.332811,0.332614,0.272523
1.34895,1.21038,1.55565,15.2091,172.031,47.5117,230.375,2238.43,681.319,0.217799,0.208411,0.224025,0.332936,0.332739,0.272648
1.35122,1.21256,1.55826,15.2033,171.959,47.4919,230.645,2241.48,682.193,0.217924,0.208536,0.22415,0.333061,0.332864,0.272773
1.35351,1.21473,1.56086,15.1978,171.888,47.4722,230.915,2244.52,683.066,0.218049,0.208661,0.224275,0.333186,0.332989,0.272898
1.35583,1.21691,1.56344,15.1941,171.82,47.4532,231.184,2247.58,683.94,0.218174,0.208786,0.2244,0.333311,0.333114,0.273023
1.35816,1.2191,1.56601,15.1872,171.751,47.4342,231.454,2250.63,684.815,0.218299,0.208911,0.224525,0.333436,0.333239,0.273148
1.36057,1.22128,1.5685,15.1805,171.675,47.4131,231.724,2253.68,685.689,0.218424,0.209036,0.22465,0.333561,0.333364,0.273273
1.36282,1.22347,1.57116,15.1747,171.596,47.3914,231.994,2256.74,686.564,0.21855,0.209161,0.224775,0.333686,0.333489,0.273398
1.36494,1.22566,1.57396,15.1707,171.534,47.3746,232.264,2259.79,687.44,0.218675,0.209286,0.2249,0.333811,0.333614,0.273523
1.36729,1.22785,1.57654,15.166,171.464,47.3552,232.534,2262.85,688.315,0.2188,0.209411,0.225025,0.333936,0.333739,0.273648
1.36947,1.23004,1.57928,15.1619,171.402,47.3382,232.804,2265.91,689.191,0.218925,0.209536,0.22515,0.334061,0.333864,0.273773
1.37183,1.23224,1.58186,15.1556,171.335,47.3197,233.075,2268.97,690.067,0.21905,0.209661,0.225275,0.334186,0.333989,0.273898
1.37419,1.23444,1.58443,15.1501,171.266,47.3008,233.345,2272.03,690.944,0.219175,0.209786,0.2254,0.334311,0.334114,0.274023
1.37649,1.23664,1.58707,15.1464,171.203,47.2834,233.615,2275.09,691.821,0.2193,0.209911,0.225525,0.334436,0.334239,0.274148
1.37872,1.23885,1.5898,15.1415,171.127,47.2626,233.885,2278.16,692.698,0.219425,0.210036,0.22565,0.334561,0.334364,0.274273
1.38093,1.24106,1.59254,15.1367,171.064,47.2454,234.155,2281.22,693.576,0.21955,0.210161,0.225775,0.334686,0.334489,0.274398
1.38318,1.24327,1.59526,15.1313,170.997,47.2271,234.426,2284.29,694.454,0.219675,0.210286,0.2259,0.334811,0.334614,0.274523
1.38562,1.24548,1.59777,15.1262,170.922,47.2065,234.696,2287.36,695.332,0.2198,0.210411,0.226025,0.334936,0.334739,0.274648
1.3879,1.2477,1.60047,15.1212,170.857,47.1886,234.966,2290.43,696.21,0.219925,0.210536,0.22615,0.335061,0.334864,0.274773
1.39027,1.24991,1.60307,15.1149,170.782,47.168,235.237,2293.5,697.089,0.22005,0.210661,0.226275,0.335186,0.334989,0.274898
1.39264,1.25214,1.60569,15.1104,170.72,47.1511,235.507,2296.57,697.968,0.220175,0.210786,0.2264,0.335311,0.335114,0.275023
1.39491,1.25436,1.6084,15.1045,170.648,47.1316,235.778,2299.64,698.848,0.2203,0.210911,0.226525,0.335436,0.335239,0.275148
1.39721,1.25659,1.61109,15.1004,170.57,47.11,236.048,2302.72,699.727,0.220425,0.211036,0.22665,0.335561,0.335364,0.275273
1.39957,1.25882,1.61373,15.0942,170.501,47.0913,236.319,2305.79,700.607,0.22055,0.211161,0.226775,0.335686,0.335489,0.275398
1.40193,1.26105,1.61638,15.0893,170.445,47.0761,236.589,2308.87,701.488,0.220675,0.211286,0.2269,0.335811,0.335614,0.275523
1.40411,1.26328,1.61921,15.0838,170.376,47.0577,236.86,2311.95,702.369,0.2208,0.211411,0.227025,0.335936,0.335739,0.275648
1.40647,1.26552,1.62187,15.0784,170.316,47.0415,237.13,2315.03,703.25,0.220925,0.211536,0.22715,0.336061,0.335864,0.275773
1.40889,1.26776,1.62447,15.0723,170.252,47.024,237.401,2318.11,704.131,0.22105,0.211661,0.227275,0.336186,0.335989,0.275898
1.41118,1.27,1.62721,15.0675,170.185,47.0059,237.671,2321.19,705.013,0.221175,0.211786,0.2274,0.336311,0.336114,0.276023
1.4136,1.27225,1.62981,15.0619,170.128,46.9904,237.942,2324.28,705.895,0.2213,0.211911,0.227525,0.336435,0.336239,0.276148
1.41597,1.27449,1.63249,15.0582,170.044,46.9672,238.213,2327.36,706.777,0.221425,0.212036,0.22765,0.33656,0.336364,0.276273
1.41824,1.27674,1.63525,15.053,169.97,46.9472,238.483,2330.45,707.66,0.22155,0.212161,0.227775,0.336685,0.336489,0.276398
1.42058,1.279,1.63797,15.0476,169.908,46.9307,238.754,2333.54,708.543,0.221675,0.212286,0.2279,0.33681,0.336614,0.276523
1.42299,1.28125,1.6406,15.0426,169.845,46.9135,239.025,2336.63,709.426,0.2218,0.212411,0.228025,0.336935,0.336739,0.276648
1.42525,1.28351,1.64341,15.0372,169.779,46.8958,239.295,2339.72,710.309,0.221925,0.212536,0.22815,0.33706,0.336864,0.276772
1.42764,1.28577,1.64608,15.0323,169.713,46.8779,239.566,2342.81,711.193,0.22205,0.212661,0.228275,0.337185,0.336989,0.276897
1.43003,1.28804,1.64876,15.0278,169.644,46.8592,239.837,2345.9,712.078,0.222175,0.212786,0.2284,0.33731,0.337114,0.277022
1.43249,1.2903,1.65138,15.0221,169.592,46.8452,240.108,2349,712.962,0.2223,0.212911,0.228525,0.337435,0.337239,0.277147
1.43492,1.29257,1.65403,15.0171,169.535,46.83,240.378,2352.09,713.847,0.222425,0.213036,0.22865,0.33756,0.337364,0.277272
1.43728,1.29484,1.65677,15.012,169.468,46.8118,240.649,2355.19,714.732,0.22255,0.213161,0.228775,0.337685,0.337489,0.277397
1.43962,1.29712,1.65951,15.008,169.394,46.7917,240.92,2358.29,715.618,0.222675,0.213286,0.2289,0.33781,0.337614,0.277522
1.44201,1.29939,1.66222,15.0032,169.33,46.7747,241.191,2361.39,716.504,0.2228,0.213411,0.229025,0.337935,0.337739,0.277647
1.44446,1.30167,1.66488,14.9989,169.272,46.7588,241.462,2364.49,717.39,0.222925,0.213536,0.22915,0.33806,0.337864,0.277772
1.44691,1.30395,1.66754,14.9947,169.215,46.7434,241.733,2367.59,718.276,0.22305,0.213661,0.229275,0.338185,0.337989,0.277897
1.44936,1.30624,1.67021,14.9902,169.153,46.7269,242.004,2370.69,719.163,0.223175,0.213786,0.2294,0.33831,0.338114,0.278022
1.45169,1.30853,1.67299,14.9861,169.085,46.7084,242.275,2373.8,720.05,0.2233,0.213911,0.229525,0.338435,0.338239,0.278147
1.45417,1.31082,1.67564,14.9824,169.01,46.6883,242.546,2376.91,720.938,0.223425,0.214036,0.22965,0.33856,0.338364,0.278272
1.45656,1.31311,1.67838,14.978,168.949,46.6718,242.817,2380.01,721.825,0.22355,0.214161,0.229775,0.338685,0.338489,0.278397
1.45883,1.31541,1.68126,14.9744,168.884,46.6544,243.088,2383.12,722.713,0.223675,0.214286,0.2299,0.33881,0.338614,0.278522
1.46127,1.31771,1.68396,14.97,168.815,46.6359,243.359,2386.23,723.602,0.2238,0.214411,0.230026,0.338935,0.338739,0.278647
1.46365,1.32001,1.68672,14.9664,168.755,46.6198,243.63,2389.35,724.49,0.223925,0.214536,0.230151,0.33906,0.338863,0.278772
1.46594,1.32231,1.68959,14.9629,168.686,46.6015,243.901,2392.46,725.379,0.22405,0.214661,0.230276,0.339185,0.338988,0.278897
1.46832,1.32462,1.69237,14.9584,168.623,46.5845,244.172,2395.57,726.269,0.224175,0.214786,0.230401,0.33931,0.339113,0.279022
1.47079,1.32693,1.69507,14.9542,168.564,46.5687,244.444,2398.69,727.158,0.2243,0.214911,0.230526,0.339435,0.339238,0.279147
1.47317,1.32924,1.69786,14.9508,168.508,46.5538,244.715,2401.81,728.048,0.224425,0.215036,0.230651,0.33956,0.339363,0.279272
1.4756,1.33155,1.70061,14.947,168.452,46.5391,244.986,2404.92,728.938,0.22455,0.215161,0.230776,0.339685,0.339488,0.279397
1.478,1.33387,1.7034,14.9434,168.386,46.5215,245.257,2408.04,729.829,0.224675,0.215286,0.230901,0.33981,0.339613,0.279522
1.48042,1.33619,1.70616,14.9386,168.33,46.5064,245.529,2411.16,730.72,0.2248,0.215411,0.231026,0.339935,0.339738,0.279647
1.4828,1.33851,1.70898,14.9346,168.268,46.4899,245.8,2414.29,731.611,0.224925,0.215536,0.231151,0.34006,0.339863,0.279772
1.48521,1.34084,1.71177,14.9308,168.209,46.4742,246.071,2417.41,732.503,0.22505,0.215661,0.231276,0.340185,0.339988,0.279897
1.48773,1.34316,1.71445,14.9257,168.139,46.4556,246.343,2420.54,733.395,0.225175,0.215786,0.231401,0.34031,0.340113,0.280022
1.4901,1.34549,1.71729,14.9224,168.074,46.4384,246.614,2423.66,734.287,0.2253,0.215911,0.231526,0.340435,0.340238,0.280147
1.4925,1.34783,1.72011,14.9177,168.008,46.421,246.886,2426.79,735.179,0.225425,0.216036,0.231651,0.34056,0.340363,0.280272
1.49478,1.35017,1.72305,14.914,167.939,46.4026,247.157,2429.92,736.072,0.22555,0.216161,0.231776,0.340685,0.340488,0.280397
1.49718,1.35251,1.72587,14.9105,167.87,46.3841,247.429,2433.05,736.965,0.225675,0.216286,0.231901,0.34081,0.340613,0.280522
1.49957,1.35485,1.72871,14.9071,167.813,46.3692,247.7,2436.18,737.859,0.2258,0.216411,0.232026,0.340935,0.340738,0.280647
1.50204,1.35719,1.73149,14.9034,167.758,46.3546,247.972,2439.31,738.752,0.225925,0.216536,0.232151,0.34106,0.340863,0.280772
1.50427,1.35954,1.7345,14.9003,167.697,46.3387,248.243,2442.45,739.646,0.22605,0.216661,0.232276,0.341185,0.340988,0.280897
1.50675,1.36189,1.73727,14.8972,167.629,46.3206,248.515,2445.58,740.541,0.226175,0.216786,0.232401,0.34131,0.341113,0.281022
1.50911,1.36424,1.74017,14.8947,167.574,46.3061,248.786,2448.72,741.435,0.2263,0.216911,0.232526,0.341435,0.341238,0.281147
1.51174,1.36659,1.7428,14.8913,167.516,46.2905,249.058,2451.86,742.33,0.226425,0.217036,0.232651,0.34156,0.341363,0.281272
1.51422,1.36895,1.74559,14.8888,167.465,46.2771,249.33,2454.99,743.226,0.22655,0.217161,0.232776,0.341685,0.341488,0.281397
1.51669,1.37131,1.7484,14.886,167.41,46.2626,249.601,2458.14,744.121,0.226675,0.217286,0.232901,0.34181,0.341613,0.281522
1.51897,1.37367,1.75139,14.8832,167.348,46.2464,249.873,2461.28,745.017,0.2268,0.217411,0.233026,0.341935,0.341738,0.281647
1.52144,1.37604,1.75421,14.8802,167.293,46.2316,250.145,2464.42,745.914,0.226925,0.217536,0.233151,0.34206,0.341863,0.281772
1.52386,1.37841,1.75708,14.8771,167.243,46.2186,250.417,2467.57,746.81,0.22705,0.217661,0.233276,0.342185,0.341988,0.281897
1.5263,1.38078,1.75993,14.8735,167.179,46.2018,250.689,2470.71,747.707,0.227175,0.217786,0.233401,0.34231,0.342113,0.282022
1.52876,1.38315,1.76277,14.8704,167.127,46.1881,250.96,2473.86,748.605,0.2273,0.217911,0.233526,0.342435,0.342238,0.282147
1.53132,1.38553,1.76552,14.8676,167.075,46.1745,251.232,2477.01,749.502,0.227425,0.218036,0.233651,0.34256,0.342363,0.282272
1.53391,1.38791,1.76825,14.8642,167.021,46.16,251.504,2480.16,750.4,0.22755,0.218161,0.233776,0.342685,0.342488,0.282397
1.53649,1.39029,1.77098,14.8603,166.967,46.1458,251.776,2483.31,751.299,0.227675,0.218286,0.233901,0.34281,0.342613,0.282522
1.53896,1.39267,1.77384,14.8577,166.903,46.1289,252.048,2486.46,752.197,0.2278,0.218411,0.234026,0.342935,0.342738,0.282647
1.5415,1.39506,1.77663,14.8551,166.841,46.1126,252.32,2489.62,753.096,0.227925,0.218536,0.234151,0.34306,0.342863,0.282772
1.54395,1.39745,1.77952,14.853,166.788,46.0987,252.592,2492.77,753.995,0.22805,0.218661,0.234276,0.343185,0.342988,0.282897
1.54625,1.39984,1.78256,14.8505,166.726,46.0827,252.864,2495.93,754.895,0.228175,0.218786,0.234401,0.34331,0.343113,0.283022
1.54859,1.40224,1.78557,14.8477,166.662,46.0661,253.137,2499.09,755.795,0.2283,0.218911,0.234526,0.343435,0.343238,0.283147
1.55104,1.40464,1.78847,14.8448,166.603,46.0505,253.409,2502.25,756.695,0.228425,0.219036,0.234651,0.34356,0.343363,0.283272
1.55349,1.40704,1.79137,14.8423,166.547,46.0359,253.681,2505.41,757.595,0.22855,0.219161,0.234776,0.343685,0.343488,0.283397
1.55596,1.40945,1.79427,14.84,166.485,46.0198,253.953,2508.57,758.496,0.228675,0.219286,0.234901,0.34381,0.343613,0.283522
1.55835,1.41185,1.79725,14.837,166.423,46.0037,254.225,2511.73,759.397,0.2288,0.219411,0.235026,0.343935,0.343738,0.283647
1.56092,1.41426,1.80006,14.8335,166.371,45.9901,254.498,2514.9,760.299,0.228925,0.219536,0.235151,0.34406,0.343863,0.283772
1.56332,1.41668,1.80303,14.8319,166.305,45.9729,254.77,2518.06,761.201,0.22905,0.219661,0.235276,0.344185,0.343988,0.283897
1.56588,1.41909,1.80587,14.8283,166.253,45.9594,255.042,2521.23,762.103,0.229175,0.219786,0.235401,0.34431,0.344113,0.284022
1.56834,1.42151,1.8088,14.8258,166.199,45.9452,255.315,2524.4,763.005,0.2293,0.219911,0.235526,0.344435,0.344238,0.284147
1.57084,1.42393,1.81169,14.8231,166.139,45.9296,255.587,2527.57,763.908,0.229425,0.220036,0.235651,0.34456,0.344363,0.284272
1.57332,1.42635,1.81462,14.8202,166.078,45.9137,255.859,2530.74,764.811,0.22955,0.220161,0.235776,0.344685,0.344488,0.284397
1.57587,1.42878,1.81747,14.817,166.038,45.9032,256.132,2533.91,765.714,0.229675,0.220286,0.235901,0.34481,0.344613,0.284522
1.5784,1.43121,1.82037,14.8145,165.978,45.8878,256.404,2537.08,766.618,0.2298,0.220411,0.236026,0.344935,0.344738,0.284647
1.58082,1.43364,1.82337,14.8125,165.924,45.8737,256.677,2540.26,767.522,0.229925,0.220536,0.236151,0.34506,0.344863,0.284772
1.5833,1.43607,1.82631,14.8104,165.866,45.8588,256.949,2543.43,768.426,0.23005,0.220661,0.236276,0.345185,0.344988,0.284897
1.58582,1.43851,1.82923,14.8074,165.815,45.8454,257.222,2546.61,769.331,0.230175,0.220786,0.236401,0.34531,0.345113,0.285022
1.58834,1.44095,1.83215,14.8058,165.753,45.8294,257.494,2549.79,770.236,0.2303,0.220911,0.236526,0.345435,0.345238,0.285147
1.59086,1.44339,1.83506,14.8039,165.698,45.8152,257.767,2552.97,771.141,0.230425,0.221036,0.236651,0.34556,0.345363,0.285272
1.59336,1.44584,1.83801,14.802,165.646,45.8016,258.039,2556.15,772.047,0.23055,0.221161,0.236776,0.345685,0.345488,0.285397
1.59596,1.44829,1.84087,14.7998,165.583,45.7853,258.312,2559.34,772.952,0.230675,0.221286,0.236901,0.34581,0.345613,0.285522
1.5985,1.45074,1.84379,14.7973,165.532,45.7721,258.585,2562.52,773.859,0.2308,0.221411,0.237026,0.345935,0.345738,0.285647
1.60092,1.45319,1.84684,14.7952,165.486,45.7604,258.857,2565.7,774.765,0.230925,0.221536,0.237151,0.34606,0.345863,0.285772
1.60337,1.45564,1.84986,14.794,165.433,45.7467,259.13,2568.89,775.672,0.23105,0.221661,0.237276,0.346185,0.345988,0.285897
1.60587,1.4581,1.85285,14.7916,165.38,45.7331,259.403,2572.08,776.579,0.231175,0.221786,0.237401,0.34631,0.346113,0.286022
1.60842,1.46056,1.85578,14.7894,165.336,45.7217,259.676,2575.27,777.487,0.2313,0.221911,0.237526,0.346435,0.346238,0.286147
1.61108,1.46303,1.85862,14.7866,165.288,45.7092,259.948,2578.46,778.395,0.231425,0.222036,0.237651,0.34656,0.346363,0.286272
1.61369,1.4655,1.8615,14.784,165.229,45.694,260.221,2581.65,779.303,0.23155,0.222161,0.237776,0.346685,0.346488,0.286397
1.61631,1.46797,1.86438,14.7821,165.174,45.6798,260.494,2584.85,780.212,0.231675,0.222286,0.237901,0.34681,0.346613,0.286522
1.6189,1.47044,1.86729,14.78,165.118,45.6654,260.767,2588.04,781.12,0.2318,0.222411,0.238026,0.346935,0.346738,0.286647
1.62155,1.47291,1.87016,14.7781,165.065,45.6517,261.04,2591.24,782.03,0.231925,0.222536,0.238151,0.34706,0.346863,0.286772
1.62417,1.47539,1.87306,14.7767,165.011,45.6378,261.313,2594.43,782.939,0.23205,0.222661,0.238276,0.347185,0.346988,0.286897
1.62671,1.47787,1.87604,14.7749,164.961,45.6249,261.586,2597.63,783.849,0.232175,0.222786,0.238401,0.34731,0.347113,0.287022
1.62927,1.48036,1.87901,14.7736,164.908,45.6114,261.859,2600.83,784.759,0.2323,0.222911,0.238526,0.347435,0.347238,0.287147
1.63196,1.48284,1.88186,14.7716,164.863,45.5999,262.132,2604.03,785.669,0.232425,0.223036,0.238651,0.34756,0.347363,0.287272
1.63453,1.48533,1.88484,14.7703,164.815,45.5876,262.405,2607.24,786.58,0.23255,0.223161,0.238776,0.347685,0.347488,0.287397
1.63697,1.48782,1.88795,14.7684,164.769,45.5759,262.678,2610.44,787.491,0.232675,0.223286,0.238901,0.34781,0.347613,0.287522
1.63938,1.49032,1.89109,14.7681,164.719,45.563,262.951,2613.65,788.403,0.2328,0.223412,0.239026,0.347935,0.347738,0.287647
1.64194,1.49282,1.89409,14.7668,164.671,45.5507,263.224,2616.85,789.315,0.232925,0.223537,0.239151,0.34806,0.347863,0.287772
1.64453,1.49532,1.89707,14.7648,164.611,45.5354,263.497,2620.06,790.227,0.23305,0.223662,0.239276,0.348185,0.347988,0.287897
1.64698,1.49782,1.90019,14.7635,164.566,45.5241,263.771,2623.27,791.139,0.233175,0.223787,0.239401,0.34831,0.348113,0.288022
1.64957,1.50033,1.90318,14.7612,164.514,45.5107,264.044,2626.48,792.052,0.2333,0.223912,0.239526,0.348435,0.348238,0.288147
1.65218,1.50284,1.90615,14.7596,164.474,45.5005,264.317,2629.7,792.965,0.233425,0.224037,0.239651,0.34856,0.348363,0.288272
1.65484,1.50535,1.90908,14.7574,164.42,45.4866,264.59,2632.91,793.879,0.23355,0.224162,0.239776,0.348685,0.348488,0.288397
1.65744,1.50786,1.91208,14.7548,164.372,45.4744,264.863,2636.12,794.793,0.233675,0.224287,0.239901,0.34881,0.348613,0.288522
1.66013,1.51038,1.91498,14.7532,164.33,45.4635,265.137,2639.34,795.707,0.2338,0.224412,0.240026,0.348935,0.348738,0.288647
1.66256,1.5129,1.91816,14.7522,164.272,45.4489,265.41,2642.56,796.621,0.233925,0.224537,0.240151,0.34906,0.348863,0.288772
1.66504,1.51542,1.92129,14.7512,164.215,45.4346,265.683,2645.78,797.536,0.23405,0.224662,0.240276,0.349185,0.348988,0.288897
1.66783,1.51795,1.92412,14.7498,164.167,45.4222,265.957,2649,798.451,0.234175,0.224787,0.240401,0.34931,0.349113,0.289022
1.67065,1.52048,1.92693,14.7484,164.115,45.409,266.23,2652.22,799.366,0.2343,0.224912,0.240526,0.349435,0.349238,0.289147
1.67323,1.52301,1.92997,14.7469,164.071,45.3977,266.503,2655.44,800.282,0.234425,0.225037,0.240651,0.34956,0.349363,0.289272
1.67594,1.52554,1.9329,14.7454,164.024,45.3857,266.777,2658.66,801.198,0.23455,0.225162,0.240776,0.349685,0.349488,0.289397
1.67841,1.52808,1.93607,14.7453,163.976,45.3737,267.05,2661.89,802.115,0.234675,0.225287,0.240901,0.34981,0.349613,0.289522
1.68089,1.53062,1.93924,14.7441,163.921,45.3599,267.324,2665.12,803.031,0.2348,0.225412,0.241026,0.349935,0.349738,0.289647
1.68349,1.53316,1.94229,14.7437,163.875,45.3482,267.597,2668.34,803.948,0.234925,0.225537,0.241151,0.35006,0.349863,0.289772
1.68627,1.53571,1.94518,14.7423,163.835,45.3379,267.871,2671.57,804.866,0.23505,0.225662,0.241276,0.350185,0.349988,0.289897
1.68885,1.53826,1.94826,14.7411,163.783,45.3249,268.144,2674.81,805.784,0.235175,0.225787,0.241401,0.350309,0.350113,0.290022
1.69155,1.54081,1.95123,14.7404,163.732,45.312,268.418,2678.04,806.702,0.2353,0.225912,0.241526,0.350434,0.350238,0.290147
1.69415,1.54336,1.9543,14.7402,163.69,45.3014,268.692,2681.27,807.62,0.235425,0.226037,0.241651,0.350559,0.350363,0.290272
1.69685,1.54592,1.95729,14.7391,163.634,45.2873,268.965,2684.51,808.539,0.23555,0.226162,0.241776,0.350684,0.350488,0.290397
1.69945,1.54848,1.96038,14.7387,163.581,45.2739,269.239,2687.74,809.458,0.235675,0.226287,0.241901,0.350809,0.350613,0.290522
1.70207,1.55104,1.96345,14.7371,163.535,45.2623,269.513,2690.98,810.377,0.2358,0.226412,0.242026,0.350934,0.350738,0.290646
1.70477,1.55361,1.96645,14.7365,163.482,45.249,269.787,2694.22,811.297,0.235925,0.226537,0.242151,0.351059,0.350863,0.290771
1.70749,1.55618,1.96944,14.7356,163.442,45.2388,270.06,2697.46,812.217,0.23605,0.226662,0.242276,0.351184,0.350988,0.290896
1.70997,1.55875,1.97267,14.7355,163.395,45.2271,270.334,2700.7,813.137,0.236175,0.226787,0.242401,0.351309,0.351113,0.291021
1.71246,1.56132,1.9759,14.7357,163.349,45.2157,270.608,2703.94,814.058,0.2363,0.226912,0.242526,0.351434,0.351238,0.291146
1.7151,1.5639,1.97898,14.7349,163.313,45.2064,270.882,2707.19,814.979,0.236425,0.227037,0.242651,0.351559,0.351363,0.291271
1.71786,1.56648,1.98196,14.7339,163.264,45.1942,271.156,2710.43,815.9,0.23655,0.227162,0.242776,0.351684,0.351488,0.291396
1.72038,1.56906,1.98517,14.7344,163.216,45.1822,271.43,2713.68,816.822,0.236675,0.227287,0.242901,0.351809,0.351613,0.291521
1.723,1.57164,1.98829,14.7348,163.165,45.1697,271.704,2716.93,817.744,0.2368,0.227412,0.243026,0.351934,0.351738,0.291646
1.72563,1.57423,1.99141,14.7347,163.113,45.1566,271.978,2720.18,818.666,0.236925,0.227537,0.243151,0.352059,0.351863,0.291771
1.7283,1.57683,1.99449,14.7339,163.06,45.1434,272.252,2723.43,819.589,0.23705,0.227662,0.243276,0.352184,0.351988,0.291896
1.73108,1.57942,1.99747,14.7332,163.007,45.1302,272.527,2726.68,820.511,0.237175,0.227787,0.243401,0.352309,0.352113,0.292021
1.73374,1.58202,2.00057,14.7323,162.952,45.1164,272.801,2729.93,821.435,0.2373,0.227912,0.243526,0.352434,0.352238,0.292146
1.73657,1.58462,2.00351,14.7313,162.894,45.1019,273.075,2733.19,822.358,0.237425,0.228037,0.243651,0.352559,0.352363,0.292271
1.73926,1.58722,2.00659,14.731,162.842,45.0888,273.349,2736.44,823.282,0.23755,0.228162,0.243776,0.352684,0.352488,0.292396
1.74205,1.58983,2.00959,14.7304,162.803,45.079,273.623,2739.7,824.206,0.237675,0.228287,0.243901,0.352809,0.352612,0.292521
1.74457,1.59244,2.01286,14.7309,162.754,45.067,273.898,2742.96,825.13,0.2378,0.228412,0.244026,0.352934,0.352737,0.292646
1.74707,1.59505,2.01615,14.7316,162.704,45.0547,274.172,2746.22,826.055,0.237925,0.228537,0.244151,0.353059,0.352862,0.292771
1.74964,1.59766,2.01938,14.7321,162.656,45.0429,274.447,2749.48,826.98,0.23805,0.228662,0.244276,0.353184,0.352987,0.292896
1.75234,1.60028,2.02249,14.7319,162.612,45.0321,274.721,2752.74,827.906,0.238175,0.228787,0.244401,0.353309,0.353112,0.293021
1.75508,1.60289,2.02556,14.7323,162.579,45.0237,274.996,2756,828.831,0.2383,0.228912,0.244526,0.353434,0.353237,0.293146
1.75787,1.60552,2.02859,14.7315,162.54,45.0138,275.27,2759.27,829.757,0.238425,0.229037,0.244651,0.353559,0.353362,0.293271
1.76049,1.60814,2.0318,14.7316,162.5,45.004,275.545,2762.54,830.684,0.23855,0.229162,0.244776,0.353684,0.353487,0.293396
1.76323,1.61077,2.03489,14.7316,162.458,44.9936,275.819,2765.8,831.611,0.238675,0.229287,0.244901,0.353809,0.353612,0.293521
1.76593,1.6134,2.03803,14.7318,162.41,44.9817,276.094,2769.07,832.538,0.2388,0.229412,0.245026,0.353934,0.353737,0.293646
1.76862,1.61603,2.04118,14.7316,162.372,44.9723,276.368,2772.34,833.465,0.238925,0.229537,0.245151,0.354059,0.353862,0.293771
1.77134,1.61867,2.04431,14.7315,162.336,44.9632,276.643,2775.61,834.393,0.23905,0.229662,0.245276,0.354184,0.353987,0.293896
1.77407,1.62131,2.04743,14.7319,162.293,44.9528,276.918,2778.89,835.321,0.239175,0.229787,0.245401,0.354309,0.354112,0.294021
1.77676,1.62395,2.0506,14.7325,162.255,44.9433,277.193,2782.16,836.25,0.2393,0.229912,0.245526,0.354434,0.354237,0.294146
1.77956,1.62659,2.05366,14.7324,162.212,44.9325,277.467,2785.44,837.179,0.239425,0.230037,0.245651,0.354559,0.354362,0.294271
1.78225,1.62924,2.05685,14.7328,162.158,44.9194,277.742,2788.72,838.108,0.23955,0.230162,0.245776,0.354684,0.354487,0.294396
1.78485,1.63189,2.06013,14.7333,162.113,44.9084,278.017,2792,839.037,0.239675,0.230287,0.245901,0.354809,0.354612,0.294521
1.78748,1.63455,2.06337,14.734,162.065,44.8966,278.292,2795.27,839.967,0.2398,0.230412,0.246026,0.354934,0.354737,0.294646
1.7901,1.6372,2.06665,14.7347,162.029,44.8878,278.567,2798.56,840.897,0.239926,0.230537,0.246151,0.355059,0.354862,0.294771
1.79271,1.63986,2.06993,14.7354,161.986,44.8773,278.842,2801.84,841.828,0.240051,0.230662,0.246276,0.355184,0.354987,0.294896
1.7955,1.64253,2.07304,14.7354,161.939,44.8657,279.117,2805.12,842.758,0.240176,0.230787,0.246401,0.355309,0.355112,0.295021
1.79814,1.64519,2.07631,14.7362,161.893,44.8544,279.392,2808.41,843.689,0.240301,0.230912,0.246526,0.355434,0.355237,0.295146
1.8009,1.64786,2.07946,14.7362,161.851,44.8439,279.667,2811.69,844.621,0.240426,0.231037,0.246651,0.355559,0.355362,0.295271
1.80359,1.65053,2.08269,14.7374,161.805,44.833,279.942,2814.98,845.553,0.240551,0.231162,0.246776,0.355684,0.355487,0.295396
1.80635,1.65321,2.08585,14.7381,161.755,44.8206,280.217,2818.27,846.485,0.240676,0.231287,0.246901,0.355809,0.355612,0.295521
1.80922,1.65588,2.08892,14.7379,161.717,44.8113,280.493,2821.56,847.417,0.240801,0.231412,0.247026,0.355934,0.355737,0.295646
1.81211,1.65856,2.09196,14.738,161.678,44.8014,280.768,2824.85,848.35,0.240926,0.231537,0.247151,0.356059,0.355862,0.295771
1.8149,1.66125,2.09512,14.7387,161.637,44.7916,281.043,2828.15,849.283,0.241051,0.231662,0.247276,0.356184,0.355987,0.295896
1.81769,1.66393,2.09828,14.739,161.6,44.7823,281.319,2831.44,850.216,0.241176,0.231787,0.247401,0.356309,0.356112,0.296021
1.82036,1.66662,2.10156,14.7393,161.547,44.7693,281.594,2834.74,851.15,0.241301,0.231912,0.247526,0.356434,0.356237,0.296146
1.82313,1.66931,2.10475,14.7399,161.51,44.7602,281.869,2838.04,852.084,0.241426,0.232037,0.247651,0.356559,0.356362,0.296271
1.8258,1.67201,2.10806,14.741,161.475,44.7517,282.145,2841.33,853.019,0.241551,0.232162,0.247776,0.356684,0.356487,0.296396
1.82856,1.6747,2.11126,14.7416,161.423,44.739,282.42,2844.63,853.953,0.241676,0.232287,0.247901,0.356809,0.356612,0.296521
1.83125,1.6774,2.11455,14.7427,161.389,44.7308,282.695,2847.94,854.888,0.241801,0.232412,0.248026,0.356934,0.356737,0.296646
1.83395,1.68011,2.11784,14.7438,161.353,44.722,282.971,2851.24,855.824,0.241926,0.232537,0.248151,0.357059,0.356862,0.296771
1.83669,1.68281,2.12109,14.7449,161.31,44.7116,283.246,2854.54,856.76,0.242051,0.232662,0.248276,0.357184,0.356987,0.296896
1.83935,1.68552,2.12443,14.7461,161.263,44.7002,283.522,2857.85,857.696,0.242176,0.232787,0.248401,0.357309,0.357112,0.297021
1.84211,1.68823,2.12767,14.7467,161.221,44.6899,283.798,2861.15,858.632,0.242301,0.232912,0.248526,0.357434,0.357237,0.297146
1.84497,1.69095,2.13082,14.7473,161.18,44.6798,284.073,2864.46,859.569,0.242426,0.233037,0.248651,0.357559,0.357362,0.297271
1.84774,1.69366,2.13406,14.7486,161.146,44.6715,284.349,2867.77,860.506,0.242551,0.233162,0.248776,0.357684,0.357487,0.297396
1.8504,1.69638,2.13742,14.7495,161.11,44.6626,284.624,2871.08,861.443,0.242676,0.233287,0.248901,0.357809,0.357612,0.297521
1.85317,1.69911,2.14068,14.7506,161.059,44.6505,284.9,2874.39,862.381,0.242801,0.233412,0.249026,0.357934,0.357737,0.297646
1.85582,1.70184,2.14406,14.752,161.021,44.6412,285.176,2877.71,863.319,0.242926,0.233537,0.249151,0.358059,0.357862,0.297771
1.85858,1.70456,2.14734,14.7529,160.984,44.6322,285.452,2881.02,864.258,0.243051,0.233662,0.249276,0.358184,0.357987,0.297896
1.86152,1.7073,2.15045,14.7536,160.952,44.6241,285.727,2884.34,865.196,0.243176,0.233787,0.249401,0.358309,0.358112,0.298021
1.86428,1.71003,2.15373,14.7546,160.912,44.6144,286.003,2887.65,866.136,0.243301,0.233912,0.249526,0.358434,0.358237,0.298146
1.86707,1.71277,2.15701,14.756,160.868,44.6038,286.279,2890.97,867.075,0.243426,0.234037,0.249651,0.358559,0.358362,0.298271
1.86996,1.71551,2.16018,14.7572,160.828,44.5942,286.555,2894.29,868.015,0.243551,0.234162,0.249776,0.358684,0.358487,0.298396
1.87284,1.71825,2.16337,14.7579,160.791,44.585,286.831,2897.61,868.955,0.243676,0.234287,0.249901,0.358809,0.358612,0.298521
1.87551,1.721,2.16677,14.7598,160.756,44.5765,287.107,2900.94,869.895,0.243801,0.234412,0.250026,0.358934,0.358737,0.298646
1.87832,1.72375,2.17005,14.7613,160.716,44.5669,287.383,2904.26,870.836,0.243926,0.234537,0.250151,0.359059,0.358862,0.298771
1.88123,1.7265,2.17322,14.7621,160.67,44.5558,287.659,2907.59,871.777,0.244051,0.234662,0.250276,0.359184,0.358987,0.298896
1.884,1.72926,2.17654,14.764,160.63,44.5463,287.935,2910.91,872.719,0.244176,0.234787,0.250401,0.359309,0.359112,0.299021
1.88673,1.73202,2.17991,14.7658,160.592,44.5373,288.211,2914.24,873.66,0.244301,0.234912,0.250526,0.359434,0.359237,0.299146
1.88963,1.73478,2.18312,14.7673,160.559,44.5293,288.487,2917.57,874.602,0.244426,0.235037,0.250651,0.359559,0.359362,0.299271
1.89238,1.73754,2.18648,14.7692,160.519,44.5198,288.763,2920.9,875.545,0.244551,0.235162,0.250776,0.359684,0.359487,0.299396
1.89508,1.74031,2.1899,14.7708,160.484,44.5113,289.039,2924.23,876.488,0.244676,0.235287,0.250901,0.359809,0.359612,0.299521
1.89783,1.74308,2.19328,14.7727,160.448,44.5026,289.316,2927.57,877.431,0.244801,0.235412,0.251026,0.359934,0.359737,0.299646
1.90063,1.74585,2.1966,14.7745,160.413,44.4943,289.592,2930.9,878.374,0.244926,0.235537,0.251151,0.360059,0.359862,0.299771
1.90359,1.74863,2.19978,14.7758,160.382,44.4866,289.868,2934.24,879.318,0.245051,0.235662,0.251276,0.360184,0.359987,0.299896
1.90647,1.75141,2.20305,14.7774,160.344,44.4776,290.145,2937.57,880.262,0.245176,0.235787,0.251401,0.360309,0.360112,0.300021
1.90923,1.75419,2.20642,14.7794,160.3,44.4672,290.421,2940.91,881.207,0.245301,0.235912,0.251526,0.360434,0.360237,0.300146
1.91207,1.75698,2.20974,14.7814,160.252,44.4559,290.698,2944.25,882.152,0.245426,0.236037,0.251651,0.360559,0.360362,0.300271
1.91476,1.75976,2.21321,14.7836,160.211,44.4463,290.974,2947.6,883.097,0.245551,0.236162,0.251776,0.360684,0.360487,0.300396
1.91761,1.76256,2.21653,14.7852,160.171,44.4366,291.251,2950.94,884.042,0.245676,0.236287,0.251901,0.360809,0.360612,0.300521
1.92038,1.76535,2.21993,14.7872,160.12,44.4248,291.527,2954.28,884.988,0.245801,0.236412,0.252026,0.360934,0.360737,0.300646
1.9232,1.76815,2.22328,14.7893,160.077,44.4145,291.804,2957.63,885.934,0.245926,0.236537,0.252151,0.361059,0.360862,0.300771
1.92614,1.77095,2.22653,14.7909,160.038,44.4053,292.081,2960.97,886.88,0.246051,0.236662,0.252276,0.361184,0.360987,0.300896
1.92901,1.77375,2.22984,14.7927,159.999,44.396,292.357,2964.32,887.827,0.246176,0.236787,0.252401,0.361309,0.361112,0.301021
1.93185,1.77656,2.2332,14.7944,159.958,44.386,292.634,2967.67,888.774,0.246301,0.236912,0.252526,0.361434,0.361237,0.301146
1.93472,1.77937,2.23654,14.7962,159.926,44.3782,292.911,2971.02,889.721,0.246426,0.237037,0.252651,0.361559,0.361362,0.301271
1.93765,1.78218,2.23981,14.798,159.881,44.3676,293.188,2974.37,890.669,0.246551,0.237162,0.252776,0.361684,0.361487,0.301396
1.94056,1.78499,2.24311,14.8,159.844,44.359,293.464,2977.73,891.617,0.246676,0.237287,0.252901,0.361809,0.361612,0.301521
1.94348,1.78781,2.24641,14.802,159.803,44.3493,293.741,2981.08,892.565,0.246801,0.237412,0.253026,0.361934,0.361737,0.301646
1.9464,1.79063,2.24972,14.8039,159.77,44.3413,294.018,2984.44,893.514,0.246926,0.237537,0.253151,0.362059,0.361862,0.301771
1.94918,1.79346,2.25318,14.8063,159.733,44.3324,294.295,2987.79,894.463,0.247051,0.237662,0.253276,0.362184,0.361987,0.301896
1.95199,1.79628,2.25661,14.8087,159.705,44.3257,294.572,2991.15,895.412,0.247176,0.237787,0.253401,0.362309,0.362112,0.302021
1.95485,1.79911,2.25999,14.8111,159.677,44.319,294.849,2994.51,896.362,0.247301,0.237912,0.253526,0.362434,0.362237,0.302146
1.95764,1.80194,2.26346,14.8137,159.637,44.3097,295.126,2997.87,897.312,0.247426,0.238037,0.253651,0.362559,0.362362,0.302271
1.9605,1.80478,2.26685,14.8158,159.599,44.3007,295.403,3001.24,898.262,0.247551,0.238162,0.253776,0.362684,0.362487,0.302396
1.96353,1.80762,2.27009,14.8179,159.562,44.2919,295.68,3004.6,899.213,0.247676,0.238287,0.253901,0.362809,0.362612,0.302521
1.96657,1.81046,2.27331,14.8199,159.519,44.2819,295.957,3007.96,900.164,0.247801,0.238412,0.254026,0.362934,0.362737,0.302646
1.96964,1.8133,2.27652,14.8217,159.479,44.2725,296.235,3011.33,901.115,0.247926,0.238537,0.254151,0.363059,0.362862,0.302771
1.97254,1.81615,2.27991,14.824,159.448,44.265,296.512,3014.7,902.067,0.248051,0.238662,0.254276,0.363184,0.362987,0.302896
1.9755,1.819,2.28324,14.8263,159.421,44.2583,296.789,3018.07,903.019,0.248176,0.238787,0.254401,0.363309,0.363112,0.303021
1.97841,1.82185,2.28662,14.8289,159.388,44.2508,297.066,3021.44,903.971,0.248301,0.238912,0.254526,0.363434,0.363237,0.303146
1.98121,1.82471,2.29012,14.8319,159.351,44.2426,297.344,3024.81,904.924,0.248426,0.239037,0.254651,0.363559,0.363362,0.303271
1.98412,1.82757,2.29352,14.8345,159.316,44.2344,297.621,3028.18,905.877,0.248551,0.239162,0.254776,0.363684,0.363487,0.303396
1.98715,1.83043,2.2968,14.8367,159.283,44.2265,297.899,3031.56,906.83,0.248676,0.239287,0.254901,0.363809,0.363612,0.303521
1.99006,1.8333,2.30021,14.8394,159.24,44.2169,298.176,3034.93,907.784,0.248801,0.239412,0.255026,0.363934,0.363737,0.303646
1.99287,1.83617,2.30373,14.8424,159.193,44.2061,298.454,3038.31,908.738,0.248926,0.239537,0.255151,0.364058,0.363862,0.303771
1.99583,1.83904,2.3071,14.8449,159.173,44.2013,298.732,3041.69,909.693,0.249051,0.239662,0.255276,0.364183,0.363987,0.303896
1.99867,1.84191,2.31059,14.8478,159.139,44.1932,299.009,3045.07,910.647,0.249176,0.239787,0.255401,0.364308,0.364112,0.304021
2.00154,1.84479,2.31406,14.8507,159.101,44.1845,299.287,3048.45,911.602,0.249301,0.239912,0.255526,0.364433,0.364237,0.304146
2.00465,1.84767,2.31731,14.8531,159.075,44.1785,299.565,3051.83,912.558,0.249426,0.240037,0.255651,0.364558,0.364362,0.304271
2.00754,1.85055,2.32078,14.8561,159.045,44.1716,299.843,3055.22,913.513,0.249551,0.240162,0.255776,0.364683,0.364487,0.304395
2.01042,1.85344,2.32426,14.8589,159.005,44.1623,300.121,3058.6,914.47,0.249676,0.240287,0.255901,0.364808,0.364612,0.30452
2.01335,1.85633,2.32769,14.8618,158.957,44.1517,300.399,3061.99,915.426,0.249801,0.240412,0.256026,0.364933,0.364737,0.304645
2.01618,1.85922,2.33123,14.8648,158.926,44.1442,300.677,3065.38,916.383,0.249926,0.240537,0.256151,0.365058,0.364862,0.30477
2.01909,1.86212,2.3347,14.8677,158.889,44.1357,300.955,3068.77,917.34,0.250051,0.240662,0.256276,0.365183,0.364987,0.304895
2.02197,1.86501,2.33821,14.8709,158.848,44.1265,301.233,3072.16,918.297,0.250176,0.240787,0.256401,0.365308,0.365112,0.30502
2.02501,1.86792,2.34156,14.8735,158.813,44.1184,301.512,3075.55,919.255,0.250301,0.240912,0.256526,0.365433,0.365237,0.305145
2.02804,1.87082,2.34493,14.8762,158.773,44.1091,301.79,3078.94,920.213,0.250426,0.241037,0.256651,0.365558,0.365362,0.30527
2.03099,1.87373,2.34839,14.8793,158.736,44.1009,302.068,3082.34,921.171,0.250551,0.241162,0.256776,0.365683,0.365487,0.305395
2.03408,1.87664,2.3517,14.8819,158.696,44.0918,302.347,3085.73,922.13,0.250676,0.241287,0.256901,0.365808,0.365612,0.30552
2.03705,1.87955,2.35515,14.8849,158.661,44.0837,302.625,3089.13,923.089,0.250801,0.241412,0.257026,0.365933,0.365737,0.305645
2.04003,1.88247,2.3586,14.888,158.62,44.0744,302.904,3092.53,924.048,0.250926,0.241537,0.257151,0.366058,0.365862,0.30577
2.04292,1.88539,2.36214,14.8912,158.583,44.066,303.182,3095.93,925.007,0.251051,0.241662,0.257276,0.366183,0.365987,0.305895
2.04593,1.88831,2.36557,14.8943,158.558,44.0603,303.461,3099.33,925.967,0.251176,0.241787,0.257401,0.366308,0.366112,0.30602
2.04881,1.89124,2.36913,14.8976,158.52,44.0515,303.739,3102.73,926.928,0.251301,0.241912,0.257526,0.366433,0.366237,0.306145
2.05166,1.89417,2.37272,14.9011,158.494,44.0453,304.018,3106.14,927.888,0.251426,0.242037,0.257651,0.366558,0.366361,0.30627
2.05462,1.8971,2.37622,14.9044,158.455,44.0364,304.297,3109.54,928.849,0.251551,0.242162,0.257776,0.366683,0.366486,0.306395
2.05752,1.90003,2.37978,14.9078,158.419,44.0284,304.575,3112.95,929.81,0.251676,0.242287,0.257901,0.366808,0.366611,0.30652
2.06068,1.90297,2.38309,14.9106,158.376,44.019,304.854,3116.36,930.772,0.251801,0.242412,0.258026,0.366933,0.366736,0.306645
2.0636,1.90591,2.38664,14.9141,158.351,44.0131,305.133,3119.77,931.734,0.251926,0.242537,0.258151,0.367058,0.366861,0.30677
2.06643,1.90886,2.39029,14.9178,158.327,44.0073,305.412,3123.18,932.696,0.252051,0.242662,0.258276,0.367183,0.366986,0.306895
2.06931,1.9118,2.3939,14.9215,158.293,43.9996,305.691,3126.59,933.659,0.252176,0.242787,0.258401,0.367308,0.367111,0.30702
2.07231,1.91475,2.39739,14.9248,158.261,43.9924,305.97,3130,934.622,0.252301,0.242912,0.258526,0.367433,0.367236,0.307145
2.07536,1.9177,2.40083,14.9281,158.229,43.985,306.249,3133.42,935.585,0.252426,0.243037,0.258651,0.367558,0.367361,0.30727
2.07848,1.92066,2.40422,14.9312,158.203,43.979,306.528,3136.83,936.549,0.252551,0.243162,0.258776,0.367683,0.367486,0.307395
2.08157,1.92362,2.40765,14.9345,158.177,43.9726,306.807,3140.25,937.513,0.252676,0.243287,0.258901,0.367808,0.367611,0.30752
2.08455,1.92658,2.41118,14.9381,158.153,43.9671,307.086,3143.67,938.477,0.252801,0.243412,0.259026,0.367933,0.367736,0.307645
2.08743,1.92954,2.41482,14.9419,158.129,43.9617,307.366,3147.09,939.442,0.252926,0.243537,0.259151,0.368058,0.367861,0.30777
2.09056,1.93251,2.41822,14.9451,158.09,43.9529,307.645,3150.51,940.407,0.253051,0.243662,0.259276,0.368183,0.367986,0.307895
2.09356,1.93548,2.42176,14.9488,158.057,43.9454,307.924,3153.93,941.372,0.253176,0.243787,0.259401,0.368308,0.368111,0.30802
2.09646,1.93846,2.4254,14.9526,158.022,43.9376,308.204,3157.36,942.338,0.253301,0.243912,0.259526,0.368433,0.368236,0.308145
2.09934,1.94143,2.42906,14.9566,157.984,43.9294,308.483,3160.78,943.304,0.253426,0.244037,0.259651,0.368558,0.368361,0.30827
2.10241,1.94441,2.43255,14.9601,157.956,43.9229,308.763,3164.21,944.27,0.253551,0.244162,0.259776,0.368683,0.368486,0.308395
2.10536,1.9474,2.43616,14.9639,157.919,43.915,309.042,3167.64,945.237,0.253676,0.244287,0.259901,0.368808,0.368611,0.30852
2.10831,1.95039,2.43978,14.9678,157.882,43.9067,309.322,3171.07,946.204,0.253801,0.244412,0.260026,0.368933,0.368736,0.308645
2.11134,1.95337,2.44332,14.9716,157.855,43.9005,309.602,3174.5,947.172,0.253926,0.244537,0.260151,0.369058,0.368861,0.30877
2.11422,1.95637,2.44703,14.9758,157.829,43.8944,309.881,3177.93,948.139,0.254051,0.244662,0.260276,0.369183,0.368986,0.308895
2.11718,1.95936,2.45064,14.9798,157.79,43.8858,310.161,3181.36,949.107,0.254176,0.244787,0.260401,0.369308,0.369111,0.30902
2.12003,1.96236,2.45439,14.9841,157.764,43.8799,310.441,3184.8,950.076,0.254301,0.244913,0.260526,0.369433,0.369236,0.309145
2.12296,1.96536,2.45805,14.9881,157.725,43.8714,310.721,3188.24,951.044,0.254426,0.245038,0.260651,0.369558,0.369361,0.30927
2.12586,1.96837,2.46175,14.9923,157.686,43.8631,311.001,3191.67,952.014,0.254551,0.245163,0.260776,0.369683,0.369486,0.309395
2.12886,1.97138,2.46536,14.9963,157.658,43.857,311.281,3195.11,952.983,0.254676,0.245288,0.260901,0.369808,0.369611,0.30952
2.13195,1.97439,2.46889,15.0001,157.636,43.8518,311.561,3198.55,953.953,0.254801,0.245413,0.261026,0.369933,0.369736,0.309645
2.13504,1.9774,2.47242,15.0039,157.601,43.8441,311.841,3201.99,954.923,0.254926,0.245538,0.261151,0.370058,0.369861,0.30977
2.13801,1.98042,2.47608,15.0081,157.565,43.8362,312.122,3205.44,955.893,0.255051,0.245663,0.261276,0.370183,0.369986,0.309895
2.14113,1.98344,2.4796,15.0118,157.531,43.829,312.402,3208.88,956.864,0.255176,0.245788,0.261401,0.370308,0.370111,0.31002
2.14402,1.98646,2.48334,15.0163,157.502,43.8224,312.682,3212.33,957.835,0.255301,0.245913,0.261526,0.370433,0.370236,0.310145
2.147,1.98949,2.48702,15.0206,157.484,43.818,312.963,3215.77,958.806,0.255426,0.246038,0.261651,0.370558,0.370361,0.31027
2.15008,1.99251,2.49059,15.0248,157.461,43.8126,313.243,3219.22,959.778,0.255551,0.246163,0.261776,0.370683,0.370486,0.310395
2.15314,1.99555,2.49419,15.0288,157.433,43.8065,313.524,3222.67,960.75,0.255676,0.246288,0.261901,0.370808,0.370611,0.31052
2.15609,1.99858,2.49791,15.0332,157.411,43.8016,313.804,3226.12,961.723,0.255801,0.246413,0.262026,0.370933,0.370736,0.310645
2.15924,2.00162,2.50143,15.0373,157.385,43.7954,314.085,3229.58,962.696,0.255926,0.246538,0.262151,0.371058,0.370861,0.31077
2.16243,2.00466,2.50492,15.041,157.358,43.7897,314.366,3233.03,963.669,0.256051,0.246663,0.262276,0.371183,0.370986,0.310895
2.16549,2.0077,2.50854,15.0452,157.33,43.7834,314.647,3236.49,964.643,0.256176,0.246788,0.262401,0.371308,0.371111,0.31102
2.16852,2.01075,2.51221,15.0495,157.298,43.7765,314.927,3239.94,965.617,0.256301,0.246913,0.262526,0.371433,0.371236,0.311145
2.17148,2.0138,2.51593,15.054,157.261,43.7687,315.208,3243.4,966.591,0.256425,0.247038,0.262651,0.371558,0.371361,0.31127
2.17457,2.01686,2.51955,15.0582,157.229,43.7617,315.489,3246.86,967.565,0.25655,0.247163,0.262776,0.371683,0.371486,0.311395
2.17753,2.01992,2.5233,15.063,157.194,43.754,315.77,3250.32,968.54,0.256675,0.247288,0.262901,0.371808,0.371611,0.31152
2.18046,2.02298,2.52708,15.0677,157.171,43.7488,316.052,3253.78,969.516,0.2568,0.247413,0.263025,0.371933,0.371736,0.311645
2.18344,2.02604,2.53083,15.0724,157.141,43.7422,316.333,3257.25,970.491,0.256925,0.247538,0.26315,0.372058,0.371861,0.31177
2.18638,2.02911,2.53461,15.0773,157.103,43.7341,316.614,3260.71,971.467,0.25705,0.247663,0.263275,0.372183,0.371986,0.311895
2.18938,2.03218,2.53835,15.0819,157.058,43.7246,316.895,3264.18,972.443,0.257175,0.247788,0.2634,0.372308,0.372111,0.31202
2.19237,2.03525,2.54209,15.0867,157.02,43.7164,317.177,3267.64,973.42,0.2573,0.247913,0.263525,0.372433,0.372236,0.312145
2.19567,2.03833,2.54554,15.0907,156.99,43.7099,317.458,3271.11,974.396,0.257425,0.248038,0.26365,0.372558,0.372361,0.31227
2.19883,2.04141,2.54914,15.0953,156.96,43.7032,317.739,3274.58,975.374,0.25755,0.248163,0.263775,0.372683,0.372486,0.312395
2.2019,2.04449,2.55282,15.0998,156.923,43.6954,318.021,3278.05,976.351,0.257675,0.248288,0.2639,0.372808,0.372611,0.31252
2.20496,2.04757,2.55653,15.1048,156.901,43.6901,318.302,3281.53,977.329,0.2578,0.248413,0.264025,0.372933,0.372736,0.312645
2.20794,2.05066,2.56032,15.1095,156.872,43.684,318.584,3285,978.307,0.257925,0.248538,0.26415,0.373058,0.372861,0.31277
2.21107,2.05375,2.56397,15.1145,156.847,43.6782,318.866,3288.47,979.285,0.25805,0.248663,0.264275,0.373183,0.372986,0.312895
2.21415,2.05685,2.56767,15.119,156.811,43.6707,319.147,3291.95,980.264,0.258175,0.248788,0.2644,0.373308,0.373111,0.31302
2.21731,2.05994,2.57131,15.1237,156.794,43.6666,319.429,3295.43,981.243,0.2583,0.248913,0.264525,0.373433,0.373236,0.313145
2.22021,2.06304,2.57521,15.1291,156.775,43.662,319.711,3298.91,982.223,0.258425,0.249038,0.26465,0.373558,0.373361,0.31327
2.22325,2.06615,2.57896,15.134,156.746,43.6558,319.993,3302.39,983.202,0.25855,0.249163,0.264775,0.373683,0.373486,0.313395
2.22655,2.06925,2.58248,15.1385,156.729,43.6517,320.274,3305.87,984.183,0.258675,0.249288,0.2649,0.373808,0.373611,0.31352
2.22961,2.07236,2.58624,15.1431,156.707,43.6471,320.556,3309.35,985.163,0.2588,0.249413,0.265025,0.373933,0.373736,0.313645
2.23262,2.07547,2.59005,15.1481,156.674,43.6403,320.839,3312.84,986.144,0.258925,0.249538,0.26515,0.374058,0.373861,0.31377
2.23558,2.07859,2.59391,15.1532,156.642,43.6336,321.121,3316.32,987.125,0.25905,0.249663,0.265275,0.374183,0.373986,0.313895
2.23871,2.08171,2.59762,15.158,156.612,43.6273,321.403,3319.81,988.107,0.259175,0.249788,0.2654,0.374308,0.374111,0.31402
2.24183,2.08483,2.60134,15.1629,156.584,43.6212,321.685,3323.3,989.089,0.2593,0.249913,0.265525,0.374433,0.374236,0.314145
2.24487,2.08796,2.60515,15.1681,156.563,43.6164,321.968,3326.79,990.071,0.259425,0.250038,0.26565,0.374558,0.374361,0.31427
2.24816,2.09108,2.60871,15.1725,156.544,43.6122,322.25,3330.28,991.054,0.25955,0.250163,0.265775,0.374683,0.374486,0.314395
2.25119,2.09421,2.61254,15.1778,156.522,43.6073,322.533,3333.78,992.037,0.259675,0.250288,0.2659,0.374808,0.374611,0.31452
2.25416,2.09735,2.61645,15.1833,156.483,43.5994,322.815,3337.27,993.02,0.2598,0.250413,0.266025,0.374933,0.374736,0.314645
2.25734,2.10049,2.62013,15.1884,156.448,43.5919,323.098,3340.77,994.004,0.259925,0.250538,0.26615,0.375058,0.374861,0.31477
2.26051,2.10363,2.62384,15.1935,156.43,43.5877,323.38,3344.26,994.988,0.26005,0.250663,0.266275,0.375183,0.374986,0.314895
2.26374,2.10678,2.6275,15.1985,156.399,43.5811,323.663,3347.76,995.972,0.260175,0.250788,0.2664,0.375308,0.375111,0.31502
2.267,2.10992,2.63113,15.2036,156.373,43.5753,323.946,3351.26,996.957,0.2603,0.250913,0.266525,0.375433,0.375236,0.315145
2.27017,2.11307,2.63486,15.2086,156.346,43.5695,324.229,3354.76,997.942,0.260425,0.251038,0.26665,0.375558,0.375361,0.31527
2.27334,2.11623,2.63859,15.2138,156.315,43.563,324.512,3358.27,998.928,0.26055,0.251163,0.266775,0.375683,0.375486,0.315395
2.27653,2.11939,2.64231,15.2189,156.287,43.557,324.794,3361.77,999.913,0.260675,0.251288,0.2669,0.375808,0.375611,0.31552
2.27985,2.12255,2.64591,15.2233,156.253,43.5503,325.077,3365.27,1000.9,0.2608,0.251413,0.267025,0.375933,0.375736,0.315645
2.28288,2.12571,2.6498,15.2295,156.23,43.545,325.361,3368.78,1001.89,0.260925,0.251538,0.26715,0.376058,0.375861,0.31577
2.2862,2.12888,2.65341,15.2345,156.205,43.5396,325.644,3372.29,1002.87,0.26105,0.251663,0.267275,0.376183,0.375986,0.315895
2.28925,2.13205,2.6573,15.2399,156.177,43.5338,325.927,3375.8,1003.86,0.261175,0.251788,0.2674,0.376308,0.376111,0.31602
2.29235,2.13522,2.66114,15.2459,156.159,43.5294,326.21,3379.31,1004.85,0.2613,0.251913,0.267525,0.376433,0.376236,0.316145
2.29566,2.13839,2.66478,15.2512,156.13,43.5232,326.493,3382.82,1005.83,0.261425,0.252038,0.26765,0.376558,0.376361,0.31627
2.29873,2.14157,2.66867,15.2567,156.101,43.5173,326.777,3386.33,1006.82,0.26155,0.252163,0.267775,0.376683,0.376486,0.316395
2.30176,2.14475,2.6726,15.263,156.078,43.512,327.06,3389.85,1007.81,0.261675,0.252288,0.2679,0.376808,0.376611,0.31652
2.30482,2.14794,2.67651,15.2688,156.05,43.506,327.343,3393.36,1008.8,0.2618,0.252413,0.268025,0.376933,0.376736,0.316645
2.30785,2.15113,2.68045,15.2746,156.024,43.5006,327.627,3396.88,1009.79,0.261925,0.252538,0.26815,0.377058,0.376861,0.31677
2.31116,2.15432,2.68412,15.2797,156,43.4956,327.91,3400.4,1010.78,0.26205,0.252663,0.268275,0.377183,0.376986,0.316895
2.31418,2.15751,2.68809,15.2855,155.98,43.4912,328.194,3403.92,1011.77,0.262175,0.252788,0.2684,0.377308,0.377111,0.31702
2.31713,2.16071,2.69214,15.2917,155.957,43.4863,328.478,3407.44,1012.76,0.2623,0.252913,0.268525,0.377433,0.377236,0.317145
2.3202,2.16391,2.69606,15.298,155.934,43.4811,328.762,3410.96,1013.75,0.262425,0.253038,0.26865,0.377558,0.377361,0.31727
2.32332,2.16712,2.69995,15.3037,155.91,43.4762,329.045,3414.49,1014.74,0.26255,0.253163,0.268775,0.377683,0.377486,0.317395
2.3264,2.17032,2.70388,15.3102,155.883,43.4703,329.329,3418.01,1015.73,0.262675,0.253287,0.2689,0.377807,0.377611,0.31752
2.32968,2.17353,2.70763,15.3153,155.869,43.4671,329.613,3421.54,1016.72,0.2628,0.253412,0.269025,0.377932,0.377736,0.317645
2.33282,2.17675,2.71151,15.3209,155.845,43.4621,329.897,3425.07,1017.71,0.262925,0.253537,0.26915,0.378057,0.377861,0.31777
2.33622,2.17996,2.71514,15.3262,155.828,43.4584,330.181,3428.6,1018.71,0.26305,0.253662,0.269275,0.378182,0.377986,0.317895
2.33936,2.18318,2.71904,15.332,155.81,43.4544,330.466,3432.13,1019.7,0.263175,0.253787,0.2694,0.378307,0.378111,0.31802
2.3427,2.1864,2.72274,15.3373,155.784,43.449,330.75,3435.66,1020.69,0.2633,0.253912,0.269525,0.378432,0.378236,0.318145
2.34597,2.18963,2.72652,15.3429,155.76,43.444,331.034,3439.2,1021.69,0.263425,0.254037,0.26965,0.378557,0.378361,0.318269
2.34916,2.19286,2.73039,15.3487,155.729,43.4379,331.319,3442.73,1022.68,0.26355,0.254162,0.269775,0.378682,0.378486,0.318394
2.35246,2.19609,2.73415,15.3544,155.704,43.4325,331.603,3446.27,1023.67,0.263675,0.254287,0.2699,0.378807,0.378611,0.318519
2.35554,2.19933,2.73814,15.3606,155.685,43.4285,331.888,3449.81,1024.67,0.2638,0.254412,0.270025,0.378932,0.378736,0.318644
2.35876,2.20257,2.742,15.3663,155.652,43.4219,332.172,3453.35,1025.66,0.263925,0.254537,0.27015,0.379057,0.378861,0.318769
2.36206,2.20581,2.74577,15.3719,155.63,43.4174,332.457,3456.89,1026.66,0.26405,0.254662,0.270275,0.379182,0.378986,0.318894
2.36538,2.20906,2.74955,15.3778,155.611,43.4132,332.742,3460.43,1027.65,0.264175,0.254787,0.2704,0.379307,0.379111,0.319019
2.36843,2.2123,2.75359,15.3841,155.587,43.4083,333.027,3463.97,1028.65,0.2643,0.254912,0.270525,0.379432,0.379236,0.319144
2.37163,2.21556,2.75749,15.3908,155.557,43.402,333.311,3467.52,1029.64,0.264425,0.255037,0.27065,0.379557,0.379361,0.319269
2.37511,2.21881,2.76112,15.3961,155.538,43.3979,333.596,3471.06,1030.64,0.26455,0.255162,0.270775,0.379682,0.379486,0.319394
2.37835,2.22207,2.76499,15.4018,155.517,43.3936,333.881,3474.61,1031.64,0.264675,0.255287,0.2709,0.379807,0.379611,0.319519
2.38153,2.22533,2.76893,15.4078,155.492,43.3886,334.166,3478.16,1032.63,0.2648,0.255412,0.271025,0.379932,0.379736,0.319644
2.38476,2.2286,2.77284,15.4149,155.476,43.3846,334.452,3481.71,1033.63,0.264925,0.255537,0.27115,0.380057,0.379861,0.319769
2.38793,2.23186,2.7768,15.4211,155.449,43.3792,334.737,3485.26,1034.63,0.26505,0.255662,0.271275,0.380182,0.379986,0.319894
2.39129,2.23514,2.78058,15.4266,155.424,43.3742,335.022,3488.81,1035.63,0.265175,0.255787,0.2714,0.380307,0.380111,0.320019
2.39453,2.23841,2.78448,15.4335,155.393,43.3678,335.307,3492.37,1036.63,0.2653,0.255912,0.271525,0.380432,0.380235,0.320144
2.39786,2.24169,2.7883,15.4404,155.363,43.3615,335.593,3495.92,1037.63,0.265425,0.256037,0.27165,0.380557,0.38036,0.320269
2.40092,2.24497,2.79241,15.4471,155.343,43.3572,335.878,3499.48,1038.62,0.26555,0.256162,0.271775,0.380682,0.380485,0.320394
2.40426,2.24825,2.79623,15.4534,155.328,43.3537,336.164,3503.04,1039.62,0.265675,0.256287,0.2719,0.380807,0.38061,0.320519
2.40763,2.25154,2.80003,15.4589,155.307,43.3496,336.449,3506.6,1040.62,0.2658,0.256412,0.272025,0.380932,0.380735,0.320644
2.41072,2.25483,2.80413,15.4656,155.291,43.3462,336.735,3510.16,1041.62,0.265925,0.256537,0.27215,0.381057,0.38086,0.320769
2.41409,2.25812,2.80794,15.4713,155.269,43.3418,337.021,3513.72,1042.62,0.26605,0.256662,0.272275,0.381182,0.380985,0.320894
2.4175,2.26142,2.81173,15.4775,155.251,43.3379,337.306,3517.29,1043.63,0.266175,0.256787,0.2724,0.381307,0.38111,0.321019
2.42076,2.26472,2.81566,15.4836,155.233,43.3341,337.592,3520.85,1044.63,0.2663,0.256912,0.272525,0.381432,0.381235,0.321144
2.4241,2.26802,2.81953,15.4902,155.222,43.3313,337.878,3524.42,1045.63,0.266425,0.257037,0.27265,0.381557,0.38136,0.321269
2.42738,2.27132,2.82346,15.4971,155.203,43.3271,338.164,3527.99,1046.63,0.26655,0.257162,0.272775,0.381682,0.381485,0.321394
2.43072,2.27463,2.82734,15.5038,155.179,43.322,338.45,3531.56,1047.63,0.266675,0.257287,0.2729,0.381807,0.38161,0.321519
2.4342,2.27794,2.83109,15.5102,155.172,43.32,338.736,3535.13,1048.64,0.2668,0.257412,0.273025,0.381932,0.381735,0.321644
2.43732,2.28126,2.8352,15.5168,155.141,43.3141,339.022,3538.7,1049.64,0.266925,0.257537,0.27315,0.382057,0.38186,0.321769
2.44055,2.28458,2.83921,15.523,155.121,43.3102,339.309,3542.28,1050.64,0.26705,0.257662,0.273275,0.382182,0.381985,0.321894
2.44383,2.2879,2.84317,15.5291,155.095,43.3053,339.595,3545.85,1051.65,0.267175,0.257787,0.2734,0.382307,0.38211,0.322019
2.447,2.29123,2.84725,15.5357,155.072,43.3008,339.882,3549.43,1052.65,0.2673,0.257912,0.273525,0.382432,0.382235,0.322144
2.45024,2.29456,2.85127,15.5421,155.055,43.2973,340.168,3553.01,1053.66,0.267425,0.258037,0.27365,0.382557,0.38236,0.322269
2.45365,2.29788,2.85513,15.5485,155.045,43.2949,340.455,3556.59,1054.66,0.26755,0.258162,0.273775,0.382682,0.382485,0.322394
2.45685,2.30122,2.85919,15.5551,155.025,43.2909,340.741,3560.17,1055.67,0.267675,0.258287,0.2739,0.382807,0.38261,0.322519
2.46016,2.30456,2.86316,15.5614,155.008,43.2874,341.028,3563.75,1056.67,0.2678,0.258412,0.274025,0.382932,0.382735,0.322644
2.4634,2.3079,2.86721,15.5677,154.997,43.2851,341.315,3567.33,1057.68,0.267925,0.258537,0.27415,0.383057,0.38286,0.322769
2.46646,2.31124,2.87143,15.5754,154.976,43.2807,341.602,3570.92,1058.68,0.26805,0.258662,0.274275,0.383182,0.382985,0.322894
2.46982,2.31459,2.87537,15.5814,154.959,43.2773,341.889,3574.51,1059.69,0.268175,0.258787,0.2744,0.383307,0.38311,0.323019
2.47323,2.31794,2.87926,15.5879,154.931,43.272,342.176,3578.09,1060.7,0.2683,0.258912,0.274525,0.383432,0.383235,0.323144
2.47642,2.32129,2.88338,15.5951,154.92,43.2693,342.464,3581.68,1061.71,0.268425,0.259037,0.27465,0.383557,0.38336,0.323269
2.47968,2.32465,2.88743,15.602,154.893,43.2642,342.751,3585.28,1062.71,0.26855,0.259162,0.274775,0.383682,0.383485,0.323394
2.48309,2.32801,2.89135,15.6085,154.882,43.2617,343.038,3588.87,1063.72,0.268675,0.259287,0.2749,0.383807,0.38361,0.323519
2.48631,2.33137,2.89546,15.6147,154.864,43.2583,343.326,3592.46,1064.73,0.2688,0.259412,0.275025,0.383932,0.383735,0.323644
2.48964,2.33474,2.89946,15.6216,154.848,43.2549,343.613,3596.06,1065.74,0.268925,0.259537,0.27515,0.384057,0.38386,0.323769
2.49304,2.33811,2.9034,15.6288,154.826,43.2504,343.901,3599.66,1066.75,0.26905,0.259662,0.275275,0.384182,0.383985,0.323894
2.49637,2.34149,2.90741,15.6365,154.805,43.2459,344.189,3603.25,1067.76,0.269175,0.259787,0.2754,0.384307,0.38411,0.324019
2.49991,2.34486,2.91122,15.6431,154.787,43.2422,344.476,3606.85,1068.77,0.2693,0.259912,0.275525,0.384432,0.384235,0.324144
2.50312,2.34824,2.91538,15.6505,154.768,43.2382,344.764,3610.45,1069.78,0.269425,0.260037,0.27565,0.384557,0.38436,0.324269
2.50665,2.35163,2.91921,15.6567,154.75,43.2348,345.052,3614.06,1070.79,0.26955,0.260162,0.275775,0.384682,0.384485,0.324394
2.51,2.35502,2.92324,15.6639,154.733,43.231,345.34,3617.66,1071.8,0.269675,0.260287,0.2759,0.384807,0.38461,0.324519
2.5135,2.3584,2.92712,15.671,154.72,43.2281,345.628,3621.27,1072.81,0.2698,0.260412,0.276025,0.384932,0.384735,0.324644
2.5171,2.3618,2.93091,15.6774,154.698,43.2239,345.916,3624.87,1073.82,0.269925,0.260537,0.27615,0.385057,0.38486,0.324769
2.52061,2.36519,2.9348,15.6849,154.689,43.2213,346.205,3628.48,1074.84,0.27005,0.260662,0.276275,0.385182,0.384985,0.324894
2.52394,2.3686,2.93886,15.6919,154.663,43.2165,346.493,3632.09,1075.85,0.270175,0.260787,0.2764,0.385307,0.38511,0.325019
2.52728,2.372,2.94293,15.6986,154.64,43.2123,346.781,3635.7,1076.86,0.270299,0.260912,0.276525,0.385432,0.385235,0.325144
2.53068,2.37541,2.94694,15.7056,154.624,43.209,347.07,3639.31,1077.88,0.270424,0.261037,0.27665,0.385557,0.38536,0.325269
2.534,2.37882,2.95104,15.712,154.596,43.2042,347.358,3642.93,1078.89,0.270549,0.261162,0.276774,0.385682,0.385485,0.325394
2.53727,2.38223,2.95519,15.7198,154.573,43.1997,347.647,3646.54,1079.9,0.270674,0.261287,0.276899,0.385807,0.38561,0.325519
2.54059,2.38565,2.95931,15.7275,154.559,43.1966,347.935,3650.16,1080.92,0.270799,0.261412,0.277024,0.385932,0.385735,0.325644
2.54405,2.38907,2.96329,15.7345,154.544,43.1934,348.224,3653.78,1081.93,0.270924,0.261537,0.277149,0.386057,0.38586,0.325769
2.54748,2.39249,2.9673,15.7418,154.528,43.1901,348.513,3657.4,1082.95,0.271049,0.261662,0.277274,0.386182,0.385985,0.325894
2.55079,2.39591,2.97145,15.7493,154.518,43.1878,348.802,3661.02,1083.96,0.271174,0.261787,0.277399,0.386307,0.38611,0.326019
2.55421,2.39934,2.97548,15.7562,154.498,43.1839,349.091,3664.64,1084.98,0.271299,0.261912,0.277524,0.386432,0.386235,0.326144
2.55733,2.40277,2.97983,15.7638,154.482,43.1809,349.38,3668.27,1086,0.271424,0.262037,0.277649,0.386557,0.38636,0.326269
2.56089,2.40621,2.98375,15.7704,154.478,43.1796,349.669,3671.89,1087.01,0.271549,0.262162,0.277774,0.386682,0.386485,0.326394
2.56421,2.40965,2.9879,15.7779,154.453,43.175,349.958,3675.52,1088.03,0.271674,0.262287,0.277899,0.386807,0.38661,0.326519
2.56777,2.41309,2.99183,15.7849,154.44,43.1723,350.248,3679.15,1089.05,0.271799,0.262412,0.278024,0.386932,0.386735,0.326644
2.57114,2.41653,2.99594,15.7931,154.428,43.1694,350.537,3682.78,1090.06,0.271924,0.262537,0.278149,0.387057,0.38686,0.326769
2.57457,2.41998,3.00002,15.8001,154.407,43.1655,350.827,3686.41,1091.08,0.272049,0.262662,0.278274,0.387182,0.386985,0.326894
2.57783,2.42343,3.00426,15.8081,154.396,43.163,351.116,3690.04,1092.1,0.272174,0.262787,0.278399,0.387307,0.38711,0.327019
2.58156,2.42689,3.00804,15.8153,154.377,43.1592,351.406,3693.67,1093.12,0.272299,0.262912,0.278524,0.387432,0.387235,0.327144
2.58494,2.43035,3.01218,15.8238,154.361,43.1557,351.696,3697.31,1094.14,0.272424,0.263037,0.278649,0.387557,0.38736,0.327269
2.58817,2.43381,3.01647,15.8323,154.348,43.1527,351.985,3700.95,1095.16,0.272549,0.263162,0.278774,0.387682,0.387485,0.327394
2.59148,2.43728,3.0207,15.841,154.336,43.1498,352.275,3704.58,1096.18,0.272674,0.263287,0.278899,0.387807,0.38761,0.327519
2.59477,2.44074,3.02494,15.8498,154.327,43.1474,352.565,3708.22,1097.2,0.272799,0.263412,0.279024,0.387932,0.387735,0.327644
2.59804,2.44421,3.02922,15.8578,154.318,43.1452,352.855,3711.86,1098.22,0.272924,0.263537,0.279149,0.388057,0.38786,0.327769
2.60137,2.44769,3.03343,15.8658,154.308,43.1429,353.145,3715.51,1099.24,0.273049,0.263662,0.279274,0.388182,0.387985,0.327894
2.60477,2.45117,3.0376,15.8731,154.288,43.1393,353.435,3719.15,1100.26,0.273174,0.263787,0.279399,0.388307,0.38811,0.328019
2.60823,2.45465,3.0417,15.8805,154.28,43.1373,353.725,3722.8,1101.28,0.273299,0.263912,0.279524,0.388432,0.388235,0.328144
2.6118,2.45813,3.04569,15.8878,154.265,43.1344,354.016,3726.44,1102.31,0.273424,0.264037,0.279649,0.388557,0.38836,0.328269
2.61527,2.46162,3.0498,15.8963,154.25,43.1311,354.306,3730.09,1103.33,0.273549,0.264162,0.279774,0.388682,0.388485,0.328394
2.61856,2.46511,3.0541,15.9036,154.226,43.1271,354.597,3733.74,1104.35,0.273674,0.264287,0.279899,0.388807,0.38861,0.328519
2.62215,2.46861,3.05809,15.9119,154.209,43.1235,354.887,3737.39,1105.38,0.273799,0.264412,0.280024,0.388932,0.388735,0.328644
2.62556,2.47211,3.06228,15.9204,154.189,43.1196,355.178,3741.05,1106.4,0.273924,0.264537,0.280149,0.389057,0.38886,0.328769
2.62903,2.47561,3.06641,15.928,154.169,43.1159,355.469,3744.7,1107.42,0.274049,0.264662,0.280274,0.389182,0.388985,0.328894
2.63236,2.47912,3.07068,15.9368,154.15,43.1121,355.759,3748.36,1108.45,0.274174,0.264787,0.280399,0.389307,0.38911,0.329019
2.63576,2.48263,3.0749,15.945,154.133,43.1088,356.05,3752.01,1109.47,0.274299,0.264912,0.280524,0.389432,0.389235,0.329144
2.63914,2.48614,3.07914,15.9538,154.115,43.1053,356.341,3755.67,1110.5,0.274424,0.265037,0.280649,0.389557,0.38936,0.329269
2.64258,2.48965,3.08333,15.9618,154.107,43.1033,356.632,3759.33,1111.52,0.274549,0.265162,0.280774,0.389682,0.389485,0.329394
2.64598,2.49317,3.08757,15.9699,154.087,43.0996,356.923,3762.99,1112.55,0.274674,0.265287,0.280899,0.389807,0.38961,0.329519
2.6494,2.49669,3.09179,15.9787,154.08,43.0975,357.214,3766.65,1113.57,0.274799,0.265412,0.281024,0.389932,0.389735,0.329644
2.65288,2.50022,3.09595,15.9866,154.058,43.0936,357.506,3770.32,1114.6,0.274924,0.265537,0.281149,0.390057,0.38986,0.329769
2.65635,2.50375,3.10014,15.9935,154.036,43.0901,357.797,3773.98,1115.63,0.275049,0.265662,0.281274,0.390182,0.389985,0.329894
2.65973,2.50728,3.10442,16.0031,154.028,43.0878,358.089,3777.65,1116.66,0.275174,0.265787,0.281399,0.390307,0.39011,0.330019
2.66317,2.51081,3.10864,16.0107,154.018,43.0857,358.38,3781.32,1117.68,0.275299,0.265912,0.281524,0.390432,0.390235,0.330144
2.66666,2.51435,3.11283,16.0196,154.007,43.0831,358.672,3784.99,1118.71,0.275424,0.266037,0.281649,0.390557,0.39036,0.330269
2.67021,2.51789,3.11696,16.0275,153.992,43.0802,358.963,3788.66,1119.74,0.275549,0.266162,0.281774,0.390682,0.390485,0.330394
2.67363,2.52143,3.12123,16.0349,153.98,43.078,359.255,3792.33,1120.77,0.275674,0.266287,0.281899,0.390807,0.39061,0.330519
2.6772,2.52498,3.12535,16.0424,153.971,43.0761,359.547,3796,1121.8,0.275799,0.266412,0.282024,0.390932,0.390735,0.330644
2.68082,2.52853,3.12943,16.0504,153.954,43.0729,359.839,3799.68,1122.83,0.275924,0.266537,0.282149,0.391057,0.39086,0.330769
2.68442,2.53209,3.13354,16.0584,153.942,43.0705,360.131,3803.36,1123.86,0.276049,0.266662,0.282274,0.391182,0.390985,0.330894
2.68787,2.53565,3.13781,16.0679,153.928,43.0674,360.423,3807.03,1124.89,0.276174,0.266787,0.282399,0.391307,0.39111,0.331019
2.69147,2.53921,3.14192,16.0761,153.911,43.0642,360.715,3810.71,1125.92,0.276299,0.266912,0.282524,0.391432,0.391235,0.331144
2.69486,2.54277,3.14626,16.0856,153.896,43.0611,361.008,3814.4,1126.95,0.276424,0.267036,0.282649,0.391557,0.39136,0.331269
2.69837,2.54634,3.15048,16.0929,153.879,43.0583,361.3,3818.08,1127.98,0.276549,0.267161,0.282774,0.391681,0.391485,0.331394
2.70185,2.54991,3.15475,16.1014,153.874,43.0568,361.593,3821.76,1129.01,0.276674,0.267286,0.282899,0.391806,0.39161,0.331519
2.70521,2.55348,3.15914,16.1101,153.87,43.0554,361.885,3825.45,1130.04,0.276799,0.267411,0.283024,0.391931,0.391735,0.331644
2.7085,2.55706,3.1636,16.1203,153.854,43.0521,362.178,3829.14,1131.08,0.276924,0.267536,0.283149,0.392056,0.39186,0.331769
2.71204,2.56064,3.16782,16.1281,153.838,43.0493,362.47,3832.82,1132.11,0.277049,0.267661,0.283274,0.392181,0.391985,0.331894
2.71545,2.56423,3.17217,16.1371,153.829,43.0472,362.763,3836.51,1133.14,0.277174,0.267786,0.283399,0.392306,0.39211,0.332018
2.71899,2.56782,3.1764,16.1477,153.823,43.0449,363.056,3840.2,1134.18,0.277299,0.267911,0.283524,0.392431,0.392235,0.332143
2.72245,2.57141,3.18073,16.156,153.814,43.043,363.349,3843.9,1135.21,0.277424,0.268036,0.283649,0.392556,0.39236,0.332268
2.72596,2.575,3.185,16.1658,153.797,43.0396,363.642,3847.59,1136.24,0.277549,0.268161,0.283774,0.392681,0.392485,0.332393
2.7294,2.5786,3.18935,16.1746,153.793,43.0382,363.935,3851.29,1137.28,0.277674,0.268286,0.283899,0.392806,0.39261,0.332518
2.73292,2.5822,3.19364,16.1827,153.779,43.0358,364.228,3854.99,1138.31,0.277799,0.268411,0.284024,0.392931,0.392735,0.332643
2.73643,2.58581,3.19793,16.1914,153.762,43.0327,364.522,3858.68,1139.35,0.277924,0.268536,0.284149,0.393056,0.39286,0.332768
2.74001,2.58941,3.20216,16.2006,153.751,43.0302,364.815,3862.38,1140.39,0.278049,0.268661,0.284274,0.393181,0.392985,0.332893
2.74356,2.59302,3.20643,16.2102,153.743,43.0282,365.109,3866.09,1141.42,0.278174,0.268786,0.284399,0.393306,0.39311,0.333018
2.74712,2.59664,3.21069,16.2195,153.73,43.0255,365.402,3869.79,1142.46,0.278299,0.268911,0.284524,0.393431,0.393235,0.333143
2.75062,2.60026,3.21503,16.2284,153.717,43.023,365.696,3873.49,1143.5,0.278424,0.269036,0.284649,0.393556,0.39336,0.333268
2.75431,2.60388,3.21918,16.2371,153.702,43.0201,365.989,3877.2,1144.53,0.278549,0.269161,0.284774,0.393681,0.393485,0.333393
2.7578,2.60751,3.22353,16.2474,153.692,43.0177,366.283,3880.91,1145.57,0.278674,0.269286,0.284899,0.393806,0.39361,0.333518
2.76139,2.61114,3.22779,16.2573,153.675,43.0143,366.577,3884.62,1146.61,0.278799,0.269411,0.285024,0.393931,0.393735,0.333643
2.76478,2.61477,3.23227,16.2677,153.674,43.0131,366.871,3888.33,1147.65,0.278924,0.269536,0.285149,0.394056,0.39386,0.333768
2.76834,2.6184,3.23656,16.2762,153.659,43.0104,367.165,3892.04,1148.69,0.279049,0.269661,0.285274,0.394181,0.393984,0.333893
2.77173,2.62204,3.24104,16.2853,153.646,43.0079,367.459,3895.75,1149.73,0.279174,0.269786,0.285399,0.394306,0.394109,0.334018
2.77525,2.62569,3.24541,16.2948,153.631,43.0052,367.753,3899.46,1150.76,0.279299,0.269911,0.285524,0.394431,0.394234,0.334143
2.77889,2.62933,3.24965,16.3037,153.621,43.0031,368.047,3903.18,1151.8,0.279424,0.270036,0.285649,0.394556,0.394359,0.334268
2.78239,2.63298,3.25404,16.3145,153.6,42.9991,368.341,3906.9,1152.84,0.279549,0.270161,0.285774,0.394681,0.394484,0.334393
2.78615,2.63663,3.25817,16.3223,153.593,42.9976,368.636,3910.62,1153.89,0.279674,0.270286,0.285899,0.394806,0.394609,0.334518
2.78973,2.64029,3.26251,16.3316,153.592,42.9967,368.93,3914.34,1154.93,0.279799,0.270411,0.286024,0.394931,0.394734,0.334643
2.79333,2.64394,3.26682,16.3407,153.584,42.9949,369.225,3918.06,1155.97,0.279924,0.270536,0.286149,0.395056,0.394859,0.334768
2.79662,2.64761,3.27144,16.3496,153.566,42.9919,369.52,3921.78,1157.01,0.280049,0.270661,0.286274,0.395181,0.394984,0.334893
2.80013,2.65128,3.27585,16.3574,153.538,42.9879,369.814,3925.51,1158.05,0.280174,0.270786,0.286399,0.395306,0.395109,0.335018
2.8038,2.65495,3.28012,16.3652,153.524,42.9857,370.109,3929.23,1159.09,0.280299,0.270911,0.286524,0.395431,0.395234,0.335143
2.80731,2.65862,3.28455,16.3742,153.511,42.9834,370.404,3932.96,1160.14,0.280424,0.271036,0.286649,0.395556,0.395359,0.335268
2.81085,2.6623,3.28895,16.3828,153.503,42.9817,370.7,3936.69,1161.18,0.280549,0.271161,0.286774,0.395681,0.395484,0.335393
2.81443,2.66598,3.29332,16.3926,153.488,42.979,370.995,3940.42,1162.22,0.280674,0.271286,0.286899,0.395806,0.395609,0.335518
2.81804,2.66966,3.29766,16.4024,153.481,42.9772,371.29,3944.15,1163.27,0.280799,0.271411,0.287024,0.395931,0.395734,0.335643
2.82155,2.67334,3.30212,16.4116,153.477,42.976,371.586,3947.88,1164.31,0.280924,0.271536,0.287149,0.396056,0.395859,0.335768
2.82514,2.67703,3.3065,16.4211,153.471,42.9744,371.881,3951.62,1165.36,0.281049,0.271661,0.287274,0.396181,0.395984,0.335893
2.82878,2.68073,3.31083,16.4302,153.454,42.9716,372.177,3955.36,1166.4,0.281174,0.271786,0.287399,0.396306,0.396109,0.336018
2.83258,2.68442,3.31502,16.4392,153.444,42.9696,372.473,3959.09,1167.45,0.281299,0.271911,0.287524,0.396431,0.396234,0.336143
2.8359,2.68812,3.3197,16.4498,153.438,42.968,372.768,3962.83,1168.49,0.281424,0.272036,0.287649,0.396556,0.396359,0.336268
2.83936,2.69182,3.32423,16.4588,153.436,42.9671,373.064,3966.57,1169.54,0.281549,0.272161,0.287774,0.396681,0.396484,0.336393
2.84273,2.69553,3.32887,16.4679,153.417,42.9641,373.36,3970.32,1170.59,0.281674,0.272286,0.287899,0.396806,0.396609,0.336518
2.84632,2.69924,3.33328,16.478,153.41,42.9624,373.656,3974.06,1171.63,0.281799,0.272411,0.288024,0.396931,0.396734,0.336643
2.84988,2.70295,3.33774,16.4889,153.405,42.9606,373.953,3977.8,1172.68,0.281924,0.272536,0.288149,0.397056,0.396859,0.336768
2.85339,2.70667,3.34225,16.4993,153.393,42.9583,374.249,3981.55,1173.73,0.282049,0.272661,0.288274,0.397181,0.396984,0.336893
2.85699,2.71039,3.34668,16.5087,153.387,42.9569,374.545,3985.3,1174.78,0.282174,0.272786,0.288399,0.397306,0.397109,0.337018
2.86073,2.71411,3.35098,16.5184,153.376,42.9546,374.842,3989.05,1175.83,0.282299,0.272911,0.288524,0.397431,0.397234,0.337143
2.86446,2.71784,3.3553,16.5281,153.374,42.9536,375.138,3992.8,1176.88,0.282424,0.273036,0.288649,0.397556,0.397359,0.337268
2.86818,2.72157,3.35962,16.5377,153.352,42.9502,375.435,3996.55,1177.92,0.282549,0.273161,0.288774,0.397681,0.397484,0.337393
2.87181,2.72531,3.36404,16.5458,153.337,42.948,375.732,4000.31,1178.97,0.282674,0.273286,0.288899,0.397806,0.397609,0.337518
2.87546,2.72904,3.36846,16.5556,153.34,42.9475,376.029,4004.06,1180.02,0.282799,0.273411,0.289024,0.397931,0.397734,0.337643
2.87913,2.73278,3.37286,16.5652,153.33,42.9457,376.326,4007.82,1181.07,0.282924,0.273536,0.289149,0.398056,0.397859,0.337768
2.88287,2.73652,3.3772,16.5747,153.32,42.9438,376.623,4011.58,1182.13,0.283049,0.273661,0.289274,0.398181,0.397984,0.337893
2.88655,2.74027,3.3816,16.584,153.303,42.9411,376.92,4015.34,1183.18,0.283174,0.273786,0.289399,0.398306,0.398109,0.338018
2.89012,2.74402,3.38612,16.5951,153.296,42.9392,377.217,4019.1,1184.23,0.283299,0.273911,0.289524,0.398431,0.398234,0.338143
2.89362,2.74778,3.39072,16.6048,153.287,42.9374,377.514,4022.86,1185.28,0.283424,0.274036,0.289649,0.398556,0.398359,0.338268
2.89723,2.75154,3.39521,16.6141,153.28,42.936,377.812,4026.62,1186.33,0.283549,0.274161,0.289774,0.398681,0.398484,0.338393
2.90073,2.7553,3.39982,16.6249,153.26,42.9328,378.109,4030.39,1187.39,0.283674,0.274286,0.289899,0.398806,0.398609,0.338518
2.90431,2.75907,3.40435,16.635,153.24,42.9297,378.407,4034.16,1188.44,0.283799,0.274411,0.290024,0.398931,0.398734,0.338643
2.90784,2.76284,3.40894,16.6461,153.232,42.9277,378.705,4037.92,1189.49,0.283924,0.274536,0.290149,0.399056,0.398859,0.338768
2.91156,2.76661,3.41335,16.6561,153.214,42.9249,379.002,4041.69,1190.55,0.284048,0.274661,0.290274,0.399181,0.398984,0.338893
2.91527,2.77039,3.41777,16.6665,153.207,42.9233,379.3,4045.47,1191.6,0.284173,0.274786,0.290399,0.399306,0.399109,0.339018
2.91876,2.77416,3.42243,16.6765,153.218,42.9239,379.598,4049.24,1192.65,0.284298,0.274911,0.290523,0.399431,0.399234,0.339143
2.92248,2.77794,3.42686,16.6861,153.217,42.9232,379.897,4053.01,1193.71,0.284423,0.275036,0.290648,0.399556,0.399359,0.339268
2.92583,2.78172,3.43168,16.6973,153.215,42.9221,380.195,4056.79,1194.76,0.284548,0.275161,0.290773,0.399681,0.399484,0.339393
2.92958,2.78551,3.43608,16.7067,153.209,42.9207,380.493,4060.57,1195.82,0.284673,0.275286,0.290898,0.399806,0.399609,0.339518
2.93323,2.7893,3.44061,16.7154,153.196,42.9188,380.792,4064.35,1196.88,0.284798,0.275411,0.291023,0.399931,0.399734,0.339643
2.93665,2.79309,3.44536,16.7255,153.197,42.9183,381.09,4068.13,1197.93,0.284923,0.275536,0.291148,0.400056,0.399859,0.339768
2.9404,2.79689,3.4498,16.7358,153.186,42.9163,381.389,4071.91,1198.99,0.285048,0.275661,0.291273,0.400181,0.399984,0.339893
2.94421,2.8007,3.45417,16.7456,153.165,42.9132,381.688,4075.69,1200.05,0.285173,0.275786,0.291398,0.400306,0.400109,0.340018
2.94779,2.80451,3.45878,16.757,153.152,42.9108,381.986,4079.48,1201.1,0.285298,0.275911,0.291523,0.400431,0.400234,0.340143
2.95115,2.80832,3.46362,16.7693,153.148,42.9093,382.285,4083.26,1202.16,0.285423,0.276036,0.291648,0.400556,0.400359,0.340268
2.95493,2.81213,3.46805,16.7804,153.144,42.9079,382.584,4087.05,1203.22,0.285548,0.276161,0.291773,0.400681,0.400484,0.340393
2.95861,2.81594,3.47259,16.7918,153.145,42.9071,382.884,4090.84,1204.28,0.285673,0.276286,0.291898,0.400806,0.400609,0.340518
2.96221,2.81976,3.4772,16.8015,153.126,42.9044,383.183,4094.63,1205.34,0.285798,0.276411,0.292023,0.400931,0.400734,0.340643
2.96572,2.82359,3.48192,16.8136,153.121,42.9029,383.482,4098.42,1206.4,0.285923,0.276536,0.292148,0.401056,0.400859,0.340768
2.96946,2.82741,3.48641,16.8243,153.118,42.9017,383.782,4102.22,1207.46,0.286048,0.276661,0.292273,0.401181,0.400984,0.340893
2.97307,2.83124,3.49105,16.8329,153.115,42.901,384.081,4106.01,1208.52,0.286173,0.276786,0.292398,0.401306,0.401109,0.341018
2.97681,2.83508,3.49555,16.8437,153.103,42.899,384.381,4109.81,1209.58,0.286298,0.276911,0.292523,0.401431,0.401234,0.341143
2.98052,2.83891,3.50009,16.8536,153.097,42.8977,384.68,4113.61,1210.64,0.286423,0.277036,0.292648,0.401556,0.401359,0.341268
2.98424,2.84276,3.50464,16.8661,153.088,42.8956,384.98,4117.41,1211.7,0.286548,0.277161,0.292773,0.401681,0.401484,0.341393
2.98804,2.8466,3.5091,16.8781,153.082,42.8939,385.28,4121.21,1212.76,0.286673,0.277286,0.292898,0.401806,0.401609,0.341518
2.99173,2.85045,3.51368,16.8891,153.072,42.892,385.58,4125.01,1213.83,0.286798,0.277411,0.293023,0.401931,0.401734,0.341643
2.99555,2.8543,3.51815,16.8991,153.073,42.8915,385.88,4128.81,1214.89,0.286923,0.277536,0.293148,0.402056,0.401859,0.341768
2.99919,2.85815,3.5228,16.9099,153.068,42.8903,386.18,4132.62,1215.95,0.287048,0.277661,0.293273,0.402181,0.401984,0.341893
3.00295,2.86201,3.52733,16.9232,153.062,42.8884,386.481,4136.42,1217.02,0.287173,0.277786,0.293398,0.402306,0.402109,0.342018
3.00649,2.86587,3.53209,16.9351,153.067,42.888,386.781,4140.23,1218.08,0.287298,0.277911,0.293523,0.402431,0.402234,0.342143
3.01034,2.86974,3.53655,16.946,153.053,42.8858,387.081,4144.04,1219.14,0.287423,0.278036,0.293648,0.402556,0.402359,0.342268
3.01393,2.87361,3.54127,16.9576,153.04,42.8836,387.382,4147.86,1220.21,0.287548,0.278161,0.293773,0.402681,0.402484,0.342393
3.01755,2.87748,3.54597,16.967,153.035,42.8826,387.683,4151.67,1221.27,0.287673,0.278286,0.293898,0.402806,0.402609,0.342518
3.02135,2.88135,3.5505,16.9786,153.03,42.8812,387.983,4155.48,1222.34,0.287798,0.278411,0.294023,0.402931,0.402734,0.342643
3.02523,2.88523,3.55496,16.9888,153.025,42.8801,388.284,4159.3,1223.4,0.287923,0.278536,0.294148,0.403056,0.402859,0.342768
3.02884,2.88911,3.55969,16.9999,153.023,42.8793,388.585,4163.12,1224.47,0.288048,0.278661,0.294273,0.403181,0.402984,0.342893
3.03251,2.893,3.56437,17.0103,153.018,42.8781,388.886,4166.94,1225.54,0.288173,0.278786,0.294398,0.403306,0.403109,0.343018
3.03633,2.89688,3.5689,17.0194,153.012,42.8771,389.188,4170.76,1226.6,0.288298,0.278911,0.294523,0.403431,0.403234,0.343143
3.04022,2.90078,3.57338,17.0307,153.007,42.8758,389.489,4174.58,1227.67,0.288423,0.279036,0.294648,0.403556,0.403359,0.343268
3.04391,2.90467,3.57806,17.0406,153.011,42.8758,389.79,4178.4,1228.74,0.288548,0.279161,0.294773,0.403681,0.403484,0.343393
3.04762,2.90857,3.58272,17.0528,153.01,42.8748,390.092,4182.23,1229.81,0.288673,0.279286,0.294898,0.403806,0.403609,0.343518
3.05181,2.91247,3.58691,17.0638,153.017,42.8748,390.393,4186.05,1230.87,0.288798,0.279411,0.295023,0.403931,0.403734,0.343643
3.05548,2.91638,3.59163,17.0759,153.002,42.8724,390.695,4189.88,1231.94,0.288923,0.279536,0.295148,0.404056,0.403859,0.343768
3.05918,2.92029,3.59632,17.087,152.993,42.8708,390.997,4193.71,1233.01,0.289048,0.279661,0.295273,0.404181,0.403984,0.343893
3.06272,2.9242,3.60119,17.0986,152.986,42.8694,391.299,4197.54,1234.08,0.289173,0.279786,0.295398,0.404306,0.404109,0.344018
3.06649,2.92812,3.60581,17.1072,152.966,42.8671,391.601,4201.38,1235.15,0.289298,0.279911,0.295523,0.404431,0.404234,0.344143
3.07022,2.93204,3.6105,17.1185,152.964,42.8662,391.903,4205.21,1236.22,0.289423,0.280036,0.295648,0.404556,0.404359,0.344268
3.07385,2.93597,3.61529,17.1298,152.956,42.8647,392.205,4209.05,1237.29,0.289548,0.280161,0.295773,0.404681,0.404484,0.344393
3.0775,2.9399,3.62007,17.1398,152.948,42.8635,392.508,4212.88,1238.36,0.289673,0.280286,0.295898,0.404806,0.404609,0.344518
3.08106,2.94383,3.62494,17.1494,152.934,42.8618,392.81,4216.72,1239.44,0.289798,0.280411,0.296023,0.404931,0.404734,0.344643
3.08486,2.94777,3.62958,17.1613,152.921,42.8597,393.113,4220.56,1240.51,0.289923,0.280536,0.296148,0.405056,0.404859,0.344768
3.08898,2.95171,3.63391,17.1721,152.92,42.859,393.416,4224.4,1241.58,0.290048,0.280661,0.296273,0.405181,0.404984,0.344893
3.09272,2.95565,3.63863,17.1813,152.913,42.858,393.718,4228.25,1242.65,0.290173,0.280786,0.296398,0.405306,0.405109,0.345018
3.09661,2.95959,3.6432,17.1922,152.918,42.8579,394.021,4232.09,1243.73,0.290298,0.28091,0.296523,0.40543,0.405234,0.345143
3.10046,2.96354,3.64782,17.2043,152.905,42.8559,394.325,4235.94,1244.8,0.290423,0.281035,0.296648,0.405555,0.405359,0.345268
3.10423,2.96749,3.65252,17.2139,152.909,42.856,394.628,4239.78,1245.87,0.290548,0.28116,0.296773,0.40568,0.405484,0.345393
3.10797,2.97145,3.65726,17.2251,152.899,42.8544,394.931,4243.63,1246.95,0.290673,0.281285,0.296898,0.405805,0.405609,0.345518
3.112,2.9754,3.66173,17.234,152.897,42.854,395.235,4247.48,1248.02,0.290798,0.28141,0.297023,0.40593,0.405734,0.345643
3.11575,2.97937,3.66647,17.2434,152.885,42.8525,395.538,4251.34,1249.1,0.290923,0.281535,0.297148,0.406055,0.405859,0.345767
3.11947,2.98333,3.67125,17.254,152.88,42.8516,395.842,4255.19,1250.17,0.291048,0.28166,0.297273,0.40618,0.405984,0.345892
3.12333,2.9873,3.6759,17.2639,152.88,42.8512,396.146,4259.05,1251.25,0.291173,0.281785,0.297398,0.406305,0.406109,0.346017
3.12707,2.99127,3.68068,17.2743,152.879,42.8507,396.45,4262.9,1252.32,0.291298,0.28191,0.297523,0.40643,0.406234,0.346142
3.13074,2.99525,3.68553,17.2854,152.874,42.8497,396.754,4266.76,1253.4,0.291423,0.282035,0.297648,0.406555,0.406359,0.346267
3.1345,2.99923,3.6903,17.2969,152.867,42.8484,397.058,4270.62,1254.48,0.291548,0.28216,0.297773,0.40668,0.406484,0.346392
3.13838,3.00321,3.69496,17.3068,152.873,42.8486,397.363,4274.48,1255.55,0.291673,0.282285,0.297898,0.406805,0.406609,0.346517
3.14227,3.0072,3.69961,17.3188,152.878,42.8486,397.667,4278.35,1256.63,0.291798,0.28241,0.298023,0.40693,0.406734,0.346642
3.14591,3.01119,3.70452,17.3312,152.878,42.8478,397.972,4282.21,1257.71,0.291923,0.282535,0.298148,0.407055,0.406859,0.346767
3.1496,3.01518,3.70939,17.3449,152.884,42.8474,398.277,4286.08,1258.79,0.292048,0.28266,0.298273,0.40718,0.406984,0.346892
3.1535,3.01918,3.71405,17.3552,152.876,42.8463,398.582,4289.95,1259.87,0.292173,0.282785,0.298398,0.407305,0.407109,0.347017
3.15727,3.02317,3.71885,17.3656,152.878,42.8461,398.887,4293.82,1260.95,0.292298,0.28291,0.298523,0.40743,0.407234,0.347142
3.16105,3.02718,3.72365,17.3788,152.887,42.8461,399.192,4297.69,1262.03,0.292423,0.283035,0.298648,0.407555,0.407359,0.347267
3.16488,3.03118,3.72841,17.3926,152.904,42.8468,399.497,4301.56,1263.11,0.292548,0.28316,0.298773,0.40768,0.407484,0.347392
3.16859,3.03519,3.73328,17.4031,152.893,42.8454,399.802,4305.43,1264.19,0.292673,0.283285,0.298898,0.407805,0.407609,0.347517
3.17245,3.03921,3.73801,17.4146,152.882,42.8438,400.108,4309.31,1265.27,0.292798,0.28341,0.299023,0.40793,0.407734,0.347642
3.1763,3.04323,3.74276,17.4251,152.882,42.8434,400.413,4313.19,1266.35,0.292923,0.283535,0.299148,0.408055,0.407858,0.347767
3.18003,3.04725,3.74765,17.4374,152.878,42.8423,400.719,4317.07,1267.43,0.293048,0.28366,0.299273,0.40818,0.407983,0.347892
3.18394,3.05128,3.75235,17.4454,152.862,42.8409,401.025,4320.95,1268.52,0.293173,0.283785,0.299398,0.408305,0.408108,0.348017
3.18764,3.05531,3.75727,17.4576,152.873,42.8413,401.331,4324.83,1269.6,0.293298,0.28391,0.299523,0.40843,0.408233,0.348142
3.19154,3.05934,3.762,17.4684,152.856,42.8394,401.637,4328.71,1270.68,0.293423,0.284035,0.299648,0.408555,0.408358,0.348267
3.19537,3.06338,3.7668,17.4794,152.867,42.8399,401.943,4332.6,1271.77,0.293548,0.28416,0.299773,0.40868,0.408483,0.348392
3.19916,3.06742,3.77166,17.4916,152.861,42.8387,402.249,4336.49,1272.85,0.293673,0.284285,0.299898,0.408805,0.408608,0.348517
3.20297,3.07146,3.77649,17.5018,152.854,42.8378,402.556,4340.38,1273.93,0.293798,0.28441,0.300023,0.40893,0.408733,0.348642
3.20685,3.07551,3.78126,17.5145,152.848,42.8366,402.862,4344.26,1275.02,0.293923,0.284535,0.300148,0.409055,0.408858,0.348767
3.21089,3.07956,3.78588,17.5263,152.842,42.8356,403.169,4348.16,1276.1,0.294048,0.28466,0.300273,0.40918,0.408983,0.348892
3.21465,3.08361,3.79079,17.5397,152.855,42.8359,403.476,4352.05,1277.19,0.294173,0.284785,0.300398,0.409305,0.409108,0.349017
3.21857,3.08767,3.79555,17.5498,152.85,42.8352,403.783,4355.94,1278.28,0.294298,0.28491,0.300523,0.40943,0.409233,0.349142
3.22263,3.09173,3.80018,17.5613,152.849,42.8347,404.09,4359.84,1279.36,0.294423,0.285035,0.300648,0.409555,0.409358,0.349267
3.22658,3.0958,3.80491,17.5739,152.851,42.8343,404.397,4363.74,1280.45,0.294548,0.28516,0.300773,0.40968,0.409483,0.349392
3.23047,3.09987,3.80972,17.5867,152.853,42.8338,404.704,4367.64,1281.54,0.294673,0.285285,0.300898,0.409805,0.409608,0.349517
3.23421,3.10394,3.81468,17.6004,152.856,42.8333,405.012,4371.54,1282.62,0.294798,0.28541,0.301023,0.40993,0.409733,0.349642
3.23807,3.10801,3.81953,17.6137,152.861,42.833,405.319,4375.44,1283.71,0.294923,0.285535,0.301148,0.410055,0.409858,0.349767
3.24207,3.1121,3.82425,17.6265,152.851,42.8316,405.627,4379.35,1284.8,0.295048,0.28566,0.301273,0.41018,0.409983,0.349892
3.24603,3.11618,3.829,17.6361,152.847,42.831,405.934,4383.25,1285.89,0.295173,0.285785,0.301398,0.410305,0.410108,0.350017
3.24988,3.12026,3.83389,17.6445,152.847,42.8311,406.242,4387.16,1286.98,0.295298,0.28591,0.301523,0.41043,0.410233,0.350142
3.25389,3.12436,3.83861,17.6573,152.838,42.8298,406.55,4391.07,1288.07,0.295423,0.286035,0.301648,0.410555,0.410358,0.350267
3.25779,3.12845,3.84345,17.6681,152.833,42.829,406.858,4394.98,1289.16,0.295548,0.28616,0.301773,0.41068,0.410483,0.350392
3.2616,3.13255,3.84839,17.6806,152.835,42.8287,407.167,4398.89,1290.25,0.295673,0.286285,0.301898,0.410805,0.410608,0.350517
3.26555,3.13664,3.8532,17.6938,152.849,42.8292,407.475,4402.8,1291.34,0.295798,0.28641,0.302023,0.41093,0.410733,0.350642
3.26944,3.14075,3.85808,17.7053,152.854,42.8293,407.784,4406.72,1292.43,0.295923,0.286535,0.302148,0.411055,0.410858,0.350767
3.27318,3.14485,3.86311,17.7173,152.856,42.829,408.092,4410.63,1293.52,0.296048,0.28666,0.302273,0.41118,0.410983,0.350892
3.27713,3.14896,3.86794,17.7284,152.857,42.8287,408.401,4414.55,1294.61,0.296173,0.286785,0.302398,0.411305,0.411108,0.351017
3.28101,3.15308,3.87284,17.7391,152.853,42.8281,408.71,4418.47,1295.71,0.296298,0.28691,0.302523,0.41143,0.411233,0.351142
3.28485,3.1572,3.87779,17.7533,152.852,42.8273,409.019,4422.4,1296.8,0.296423,0.287035,0.302648,0.411555,0.411358,0.351267
3.28888,3.16132,3.88255,17.7662,152.86,42.8274,409.328,4426.32,1297.89,0.296548,0.28716,0.302773,0.41168,0.411483,0.351392
3.29278,3.16544,3.88746,17.7787,152.862,42.8271,409.637,4430.24,1298.99,0.296673,0.287285,0.302898,0.411805,0.411608,0.351517
3.2967,3.16957,3.89235,17.7918,152.873,42.8275,409.947,4434.17,1300.08,0.296798,0.28741,0.303023,0.41193,0.411733,0.351642
3.30036,3.1737,3.89751,17.8043,152.871,42.8268,410.256,4438.1,1301.18,0.296923,0.287535,0.303148,0.412055,0.411858,0.351767
3.30418,3.17784,3.90251,17.8168,152.872,42.8263,410.566,4442.03,1302.27,0.297048,0.28766,0.303273,0.41218,0.411983,0.351892
3.30801,3.18198,3.90751,17.829,152.86,42.825,410.876,4445.96,1303.37,0.297173,0.287785,0.303398,0.412305,0.412108,0.352017
3.31196,3.18613,3.9124,17.8422,152.862,42.8245,411.186,4449.89,1304.46,0.297298,0.28791,0.303523,0.41243,0.412233,0.352142
3.31598,3.19027,3.91722,17.8535,152.866,42.8246,411.496,4453.83,1305.56,0.297423,0.288035,0.303648,0.412555,0.412358,0.352267
3.3199,3.19442,3.92216,17.864,152.871,42.8248,411.806,4457.76,1306.65,0.297548,0.28816,0.303773,0.41268,0.412483,0.352392
3.3237,3.19858,3.92721,17.8754,152.861,42.8236,412.116,4461.7,1307.75,0.297673,0.288285,0.303898,0.412805,0.412608,0.352517
3.32758,3.20273,3.93219,17.8889,152.872,42.824,412.427,4465.64,1308.85,0.297798,0.28841,0.304023,0.41293,0.412733,0.352642
3.33166,3.2069,3.93698,17.9019,152.872,42.8235,412.737,4469.58,1309.95,0.297922,0.288535,0.304148,0.413055,0.412858,0.352767
3.33566,3.21106,3.94185,17.9156,152.87,42.8228,413.048,4473.52,1311.05,0.298047,0.28866,0.304273,0.41318,0.412983,0.352892
3.33942,3.21523,3.94697,17.9294,152.863,42.8216,413.359,4477.47,1312.14,0.298172,0.288785,0.304397,0.413305,0.413108,0.353017
3.34329,3.21941,3.952,17.9435,152.863,42.8209,413.669,4481.41,1313.24,0.298297,0.28891,0.304522,0.41343,0.413233,0.353142
3.34733,3.22358,3.95685,17.9563,152.867,42.8208,413.98,4485.36,1314.34,0.298422,0.289035,0.304647,0.413555,0.413358,0.353267
3.35122,3.22776,3.96187,17.9687,152.876,42.8211,414.292,4489.31,1315.44,0.298547,0.28916,0.304772,0.41368,0.413483,0.353392
3.35516,3.23195,3.96683,17.9799,152.873,42.8206,414.603,4493.26,1316.54,0.298672,0.289285,0.304897,0.413805,0.413608,0.353517
3.35902,3.23613,3.97189,17.9912,152.873,42.8204,414.914,4497.21,1317.64,0.298797,0.28941,0.305022,0.41393,0.413733,0.353642
3.36283,3.24032,3.977,17.9999,152.878,42.8208,415.226,4501.16,1318.74,0.298922,0.289535,0.305147,0.414055,0.413858,0.353767
3.36667,3.24451,3.98209,18.0155,152.885,42.8205,415.538,4505.12,1319.85,0.299047,0.28966,0.305272,0.41418,0.413983,0.353892
3.37064,3.24871,3.98706,18.0276,152.887,42.8204,415.85,4509.08,1320.95,0.299172,0.289785,0.305397,0.414305,0.414108,0.354017
3.37437,3.25291,3.99227,18.0399,152.885,42.8198,416.162,4513.03,1322.05,0.299297,0.28991,0.305522,0.41443,0.414233,0.354142
3.37818,3.25712,3.99741,18.0515,152.889,42.8198,416.474,4516.99,1323.15,0.299422,0.290035,0.305647,0.414555,0.414358,0.354267
3.38216,3.26132,4.00238,18.0653,152.896,42.8198,416.786,4520.96,1324.26,0.299547,0.29016,0.305772,0.41468,0.414483,0.354392
3.38607,3.26553,4.00743,18.0813,152.912,42.8203,417.099,4524.92,1325.36,0.299672,0.290285,0.305897,0.414805,0.414608,0.354517
3.39012,3.26975,4.01235,18.0939,152.913,42.8199,417.411,4528.89,1326.46,0.299797,0.29041,0.306022,0.41493,0.414733,0.354642
3.39391,3.27397,4.01754,18.1077,152.917,42.8197,417.724,4532.85,1327.57,0.299922,0.290535,0.306147,0.415055,0.414858,0.354767
3.3977,3.27819,4.02273,18.1216,152.918,42.8192,418.037,4536.82,1328.67,0.300047,0.29066,0.306272,0.41518,0.414983,0.354892
3.4017,3.28242,4.02771,18.137,152.912,42.8181,418.35,4540.79,1329.78,0.300172,0.290785,0.306397,0.415305,0.415108,0.355017
3.4057,3.28665,4.0327,18.1508,152.913,42.8176,418.663,4544.76,1330.89,0.300297,0.29091,0.306522,0.41543,0.415233,0.355142
3.40967,3.29089,4.03772,18.1624,152.906,42.8169,418.976,4548.73,1331.99,0.300422,0.291035,0.306647,0.415555,0.415358,0.355267
3.41375,3.29513,4.04265,18.175,152.912,42.817,419.289,4552.71,1333.1,0.300547,0.29116,0.306772,0.41568,0.415483,0.355392
3.41794,3.29937,4.04748,18.1854,152.905,42.8164,419.603,4556.69,1334.2,0.300672,0.291285,0.306897,0.415805,0.415608,0.355517
3.42201,3.30361,4.05243,18.1994,152.919,42.817,419.916,4560.66,1335.31,0.300797,0.29141,0.307022,0.41593,0.415733,0.355642
3.42569,3.30786,4.05777,18.2133,152.93,42.8172,420.23,4564.64,1336.42,0.300922,0.291535,0.307147,0.416055,0.415858,0.355767
3.42967,3.31211,4.06283,18.2255,152.93,42.8169,420.544,4568.62,1337.53,0.301047,0.29166,0.307272,0.41618,0.415983,0.355892
3.43354,3.31637,4.068,18.2402,152.925,42.816,420.858,4572.61,1338.64,0.301172,0.291785,0.307397,0.416305,0.416108,0.356017
3.43758,3.32063,4.073,18.2545,152.931,42.8159,421.172,4576.59,1339.75,0.301297,0.29191,0.307522,0.41643,0.416233,0.356142
3.44156,3.32489,4.07807,18.2691,152.93,42.8153,421.486,4580.58,1340.86,0.301422,0.292035,0.307647,0.416555,0.416358,0.356267
3.44571,3.32916,4.08298,18.2838,152.932,42.815,421.801,4584.56,1341.97,0.301547,0.29216,0.307772,0.41668,0.416483,0.356392
3.44971,3.33343,4.08805,18.2983,152.936,42.8147,422.115,4588.55,1343.08,0.301672,0.292285,0.307897,0.416805,0.416608,0.356517
3.45348,3.33771,4.09335,18.313,152.936,42.8142,422.43,4592.54,1344.19,0.301797,0.29241,0.308022,0.41693,0.416733,0.356642
3.45733,3.34199,4.09858,18.3288,152.945,42.8141,422.744,4596.53,1345.3,0.301922,0.292535,0.308147,0.417055,0.416858,0.356767
3.46132,3.34627,4.10368,18.3429,152.953,42.8142,423.059,4600.53,1346.41,0.302047,0.29266,0.308272,0.41718,0.416983,0.356892
3.46525,3.35055,4.10884,18.3539,152.949,42.8138,423.374,4604.52,1347.52,0.302172,0.292785,0.308397,0.417305,0.417108,0.357017
3.46928,3.35484,4.1139,18.366,152.946,42.8134,423.689,4608.52,1348.63,0.302297,0.29291,0.308522,0.41743,0.417233,0.357142
3.47343,3.35914,4.11885,18.3807,152.947,42.813,424.005,4612.52,1349.75,0.302422,0.293035,0.308647,0.417555,0.417358,0.357267
3.47719,3.36343,4.12421,18.3936,152.951,42.8129,424.32,4616.52,1350.86,0.302547,0.29316,0.308772,0.41768,0.417483,0.357392
3.48123,3.36773,4.12929,18.4034,152.953,42.8131,424.636,4620.52,1351.97,0.302672,0.293285,0.308897,0.417805,0.417608,0.357517
3.48525,3.37203,4.1344,18.4182,152.965,42.8134,424.951,4624.52,1353.09,0.302797,0.29341,0.309022,0.41793,0.417733,0.357642
3.48936,3.37635,4.13941,18.4318,152.958,42.8126,425.267,4628.53,1354.2,0.302922,0.293535,0.309147,0.418055,0.417858,0.357767
3.49314,3.38066,4.14477,18.4465,152.965,42.8126,425.583,4632.53,1355.31,0.303047,0.29366,0.309272,0.41818,0.417983,0.357892
3.49719,3.38497,4.14986,18.4612,152.957,42.8115,425.899,4636.54,1356.43,0.303172,0.293785,0.309397,0.418305,0.418108,0.358017
3.5013,3.38929,4.1549,18.4741,152.959,42.8115,426.216,4640.55,1357.55,0.303297,0.29391,0.309522,0.41843,0.418233,0.358142
3.50534,3.39362,4.16001,18.4902,152.967,42.8114,426.532,4644.56,1358.66,0.303422,0.294035,0.309647,0.418555,0.418358,0.358267
3.50928,3.39794,4.16524,18.502,152.962,42.8109,426.849,4648.57,1359.78,0.303547,0.29416,0.309772,0.41868,0.418483,0.358392
3.51339,3.40227,4.17031,18.5156,152.976,42.8115,427.165,4652.59,1360.89,0.303672,0.294285,0.309897,0.418805,0.418608,0.358517
3.51743,3.4066,4.17544,18.5276,152.985,42.8119,427.482,4656.6,1362.01,0.303797,0.29441,0.310022,0.41893,0.418733,0.358642
3.52154,3.41093,4.18052,18.5447,152.995,42.812,427.799,4660.62,1363.13,0.303922,0.294535,0.310147,0.419055,0.418858,0.358767
3.52554,3.41527,4.18571,18.5583,153.003,42.8121,428.116,4664.64,1364.25,0.304047,0.294659,0.310272,0.419179,0.418983,0.358892
3.52953,3.41962,4.19091,18.5696,153.002,42.812,428.434,4668.66,1365.37,0.304172,0.294784,0.310397,0.419304,0.419108,0.359017
3.53349,3.42397,4.19615,18.5822,152.998,42.8115,428.751,4672.68,1366.48,0.304297,0.294909,0.310522,0.419429,0.419233,0.359142
3.53753,3.42832,4.20132,18.5949,152.996,42.8112,429.069,4676.71,1367.6,0.304422,0.295034,0.310647,0.419554,0.419358,0.359267
3.54167,3.43268,4.2064,18.6096,153.001,42.8111,429.386,4680.73,1368.72,0.304547,0.295159,0.310772,0.419679,0.419483,0.359392
3.54569,3.43703,4.2116,18.6242,153.01,42.8113,429.704,4684.76,1369.84,0.304672,0.295284,0.310897,0.419804,0.419608,0.359517
3.54972,3.4414,4.2168,18.6349,153.001,42.8107,430.022,4688.79,1370.96,0.304797,0.295409,0.311022,0.419929,0.419733,0.359641
3.55354,3.44577,4.22221,18.648,153.003,42.8106,430.34,4692.82,1372.08,0.304922,0.295534,0.311147,0.420054,0.419858,0.359766
3.55777,3.45013,4.22722,18.6637,153.022,42.8114,430.659,4696.85,1373.21,0.305047,0.295659,0.311272,0.420179,0.419983,0.359891
3.56174,3.45451,4.23251,18.6783,153.02,42.8109,430.977,4700.88,1374.33,0.305172,0.295784,0.311397,0.420304,0.420108,0.360016
3.56578,3.45888,4.23772,18.6937,153.028,42.8109,431.296,4704.92,1375.45,0.305297,0.295909,0.311522,0.420429,0.420233,0.360141
3.56995,3.46326,4.24281,18.7082,153.035,42.811,431.614,4708.96,1376.57,0.305422,0.296034,0.311647,0.420554,0.420358,0.360266
3.57395,3.46765,4.24807,18.7232,153.043,42.8111,431.933,4713,1377.7,0.305547,0.296159,0.311772,0.420679,0.420483,0.360391
3.57817,3.47203,4.25314,18.7376,153.055,42.8116,432.252,4717.04,1378.82,0.305672,0.296284,0.311897,0.420804,0.420608,0.360516
3.58244,3.47643,4.25815,18.7513,153.051,42.8111,432.571,4721.08,1379.94,0.305797,0.296409,0.312022,0.420929,0.420733,0.360641
3.58618,3.48082,4.26369,18.77,153.069,42.8115,432.891,4725.12,1381.07,0.305922,0.296534,0.312147,0.421054,0.420858,0.360766
3.59017,3.48523,4.269,18.7844,153.067,42.811,433.21,4729.17,1382.19,0.306047,0.296659,0.312272,0.421179,0.420983,0.360891
3.59412,3.48963,4.27435,18.8006,153.077,42.8111,433.53,4733.21,1383.32,0.306172,0.296784,0.312397,0.421304,0.421108,0.361016
3.59819,3.49404,4.27959,18.8161,153.073,42.8105,433.849,4737.26,1384.44,0.306297,0.296909,0.312522,0.421429,0.421233,0.361141
3.60205,3.49845,4.28503,18.8316,153.077,42.8103,434.169,4741.31,1385.57,0.306422,0.297034,0.312647,0.421554,0.421358,0.361266
3.6062,3.50287,4.2902,18.8459,153.077,42.81,434.489,4745.36,1386.69,0.306547,0.297159,0.312772,0.421679,0.421483,0.361391
3.61036,3.50728,4.29537,18.8603,153.088,42.8104,434.809,4749.42,1387.82,0.306672,0.297284,0.312897,0.421804,0.421607,0.361516
3.61441,3.5117,4.30065,18.8759,153.098,42.8106,435.129,4753.47,1388.95,0.306797,0.297409,0.313022,0.421929,0.421732,0.361641
3.61848,3.51613,4.30592,18.8907,153.098,42.8103,435.449,4757.53,1390.08,0.306922,0.297534,0.313147,0.422054,0.421857,0.361766
3.62252,3.52056,4.31123,18.9045,153.099,42.8102,435.77,4761.58,1391.2,0.307047,0.297659,0.313272,0.422179,0.421982,0.361891
3.62677,3.52499,4.31633,18.9204,153.113,42.8106,436.091,4765.64,1392.33,0.307172,0.297784,0.313397,0.422304,0.422107,0.362016
3.63087,3.52943,4.32158,18.9363,153.114,42.8103,436.411,4769.71,1393.46,0.307297,0.297909,0.313522,0.422429,0.422232,0.362141
3.63494,3.53387,4.32687,18.9526,153.118,42.8101,436.732,4773.77,1394.59,0.307422,0.298034,0.313647,0.422554,0.422357,0.362266
3.63903,3.53832,4.33215,18.9693,153.123,42.81,437.053,4777.83,1395.72,0.307547,0.298159,0.313772,0.422679,0.422482,0.362391
3.64325,3.54277,4.33732,18.9846,153.131,42.8102,437.374,4781.9,1396.85,0.307672,0.298284,0.313897,0.422804,0.422607,0.362516
3.64751,3.54722,4.34244,18.9997,153.135,42.8102,437.696,4785.97,1397.98,0.307797,0.298409,0.314022,0.422929,0.422732,0.362641
3.65152,3.55168,4.34782,19.0135,153.129,42.8097,438.017,4790.03,1399.11,0.307922,0.298534,0.314147,0.423054,0.422857,0.362766
3.65561,3.55615,4.35312,19.0298,153.125,42.8091,438.339,4794.1,1400.24,0.308047,0.298659,0.314272,0.423179,0.422982,0.362891
3.65977,3.56061,4.35837,19.0451,153.136,42.8094,438.66,4798.18,1401.37,0.308172,0.298784,0.314397,0.423304,0.423107,0.363016
3.66375,3.56507,4.36379,19.0611,153.139,42.8092,438.982,4802.25,1402.5,0.308297,0.298909,0.314522,0.423429,0.423232,0.363141
3.66788,3.56955,4.36909,19.0752,153.14,42.8091,439.304,4806.33,1403.64,0.308422,0.299034,0.314647,0.423554,0.423357,0.363266
3.67211,3.57402,4.37428,19.0889,153.143,42.8092,439.626,4810.4,1404.77,0.308547,0.299159,0.314772,0.423679,0.423482,0.363391
3.67618,3.57851,4.37963,19.1054,153.137,42.8085,439.949,4814.48,1405.9,0.308672,0.299284,0.314897,0.423804,0.423607,0.363516
3.68026,3.58298,4.385,19.1199,153.15,42.809,440.271,4818.56,1407.03,0.308797,0.299409,0.315022,0.423929,0.423732,0.363641
3.68444,3.58747,4.39025,19.1365,153.164,42.8094,440.594,4822.64,1408.17,0.308922,0.299534,0.315147,0.424054,0.423857,0.363766
3.68863,3.59196,4.39552,19.1508,153.164,42.8093,440.917,4826.72,1409.3,0.309047,0.299659,0.315272,0.424179,0.423982,0.363891
3.69289,3.59645,4.40071,19.1646,153.17,42.8096,441.239,4830.81,1410.44,0.309172,0.299784,0.315397,0.424304,0.424107,0.364016
3.69701,3.60094,4.40606,19.1779,153.182,42.8102,441.562,4834.9,1411.57,0.309297,0.299909,0.315522,0.424429,0.424232,0.364141
3.70103,3.60544,4.41151,19.1921,153.191,42.8104,441.886,4838.98,1412.71,0.309422,0.300034,0.315647,0.424554,0.424357,0.364266
3.70506,3.60995,4.41696,19.2088,153.199,42.8105,442.209,4843.07,1413.84,0.309547,0.300159,0.315772,0.424679,0.424482,0.364391
3.70912,3.61445,4.42238,19.2251,153.214,42.8109,442.533,4847.16,1414.98,0.309672,0.300284,0.315897,0.424804,0.424607,0.364516
3.71332,3.61897,4.42767,19.239,153.212,42.8108,442.856,4851.26,1416.12,0.309797,0.300409,0.316022,0.424929,0.424732,0.364641
3.71757,3.62349,4.43291,19.2537,153.214,42.8108,443.18,4855.35,1417.25,0.309922,0.300534,0.316147,0.425054,0.424857,0.364766
3.72171,3.62801,4.43827,19.2676,153.211,42.8106,443.504,4859.45,1418.39,0.310047,0.300659,0.316272,0.425179,0.424982,0.364891
3.72581,3.63254,4.44367,19.2806,153.201,42.8101,443.828,4863.55,1419.53,0.310172,0.300784,0.316397,0.425304,0.425107,0.365016
3.72969,3.63707,4.44931,19.2951,153.204,42.81,444.153,4867.65,1420.67,0.310297,0.300909,0.316522,0.425429,0.425232,0.365141
3.7338,3.6416,4.45472,19.3108,153.21,42.8101,444.477,4871.75,1421.81,0.310422,0.301034,0.316647,0.425554,0.425357,0.365266
3.73796,3.64613,4.46008,19.3271,153.212,42.81,444.802,4875.85,1422.95,0.310547,0.301159,0.316772,0.425679,0.425482,0.365391
3.74251,3.65067,4.46506,19.3442,153.222,42.8104,445.127,4879.95,1424.08,0.310672,0.301284,0.316897,0.425804,0.425607,0.365516
3.74666,3.65521,4.47045,19.3557,153.227,42.8107,445.452,4884.06,1425.22,0.310797,0.301409,0.317022,0.425929,0.425732,0.365641
3.75075,3.65976,4.47591,19.3722,153.231,42.8107,445.777,4888.17,1426.36,0.310922,0.301534,0.317147,0.426054,0.425857,0.365766
3.75493,3.66431,4.48128,19.3895,153.239,42.8108,446.102,4892.27,1427.51,0.311047,0.301659,0.317272,0.426179,0.425982,0.365891
3.75895,3.66887,4.48682,19.4058,153.246,42.8108,446.427,4896.38,1428.65,0.311172,0.301784,0.317397,0.426304,0.426107,0.366016
3.76295,3.67342,4.49239,19.4238,153.261,42.8111,446.753,4900.5,1429.79,0.311297,0.301909,0.317522,0.426429,0.426232,0.366141
3.76704,3.67798,4.49787,19.4386,153.266,42.8113,447.078,4904.61,1430.93,0.311422,0.302034,0.317647,0.426554,0.426357,0.366266
3.7712,3.68254,4.50329,19.4536,153.279,42.8117,447.404,4908.73,1432.07,0.311547,0.302159,0.317772,0.426679,0.426482,0.366391
3.7754,3.68711,4.50867,19.4675,153.279,42.8118,447.73,4912.84,1433.22,0.311671,0.302284,0.317897,0.426804,0.426607,0.366516
3.77995,3.69168,4.51371,19.4821,153.289,42.8123,448.057,4916.96,1434.36,0.311796,0.302409,0.318022,0.426929,0.426732,0.366641
3.78421,3.69626,4.51905,19.4966,153.292,42.8124,448.383,4921.08,1435.5,0.311921,0.302534,0.318146,0.427054,0.426857,0.366766
3.78836,3.70084,4.52451,19.5124,153.296,42.8125,448.709,4925.2,1436.65,0.312046,0.302659,0.318271,0.427179,0.426982,0.366891
3.79259,3.70543,4.52989,19.5281,153.307,42.8129,449.036,4929.33,1437.79,0.312171,0.302784,0.318396,0.427304,0.427107,0.367016
3.79673,3.71002,4.53536,19.5439,153.31,42.8129,449.363,4933.45,1438.94,0.312296,0.302909,0.318521,0.427429,0.427232,0.367141
3.80107,3.71461,4.54065,19.5642,153.328,42.8133,449.69,4937.58,1440.08,0.312421,0.303034,0.318646,0.427554,0.427357,0.367266
3.80526,3.7192,4.54609,19.5812,153.335,42.8135,450.017,4941.71,1441.23,0.312546,0.303159,0.318771,0.427679,0.427482,0.367391
3.80947,3.7238,4.55152,19.5961,153.351,42.8141,450.344,4945.84,1442.37,0.312671,0.303284,0.318896,0.427804,0.427607,0.367516
3.81351,3.7284,4.55713,19.6126,153.363,42.8144,450.672,4949.97,1443.52,0.312796,0.303409,0.319021,0.427929,0.427732,0.367641
3.81751,3.733,4.56277,19.6279,153.367,42.8144,450.999,4954.1,1444.67,0.312921,0.303534,0.319146,0.428054,0.427857,0.367766
3.82169,3.73762,4.56825,19.6429,153.371,42.8146,451.327,4958.24,1445.81,0.313046,0.303659,0.319271,0.428179,0.427982,0.367891
3.8259,3.74223,4.5737,19.656,153.379,42.815,451.655,4962.38,1446.96,0.313171,0.303784,0.319396,0.428304,0.428107,0.368016
3.83019,3.74685,4.57907,19.6738,153.384,42.8151,451.983,4966.52,1448.11,0.313296,0.303909,0.319521,0.428429,0.428232,0.368141
3.83428,3.75147,4.58466,19.6899,153.388,42.8151,452.311,4970.66,1449.26,0.313421,0.304034,0.319646,0.428554,0.428357,0.368266
3.83849,3.7561,4.59013,19.7091,153.403,42.8155,452.639,4974.8,1450.41,0.313546,0.304159,0.319771,0.428679,0.428482,0.368391
3.84261,3.76072,4.5957,19.7263,153.423,42.8161,452.968,4978.94,1451.56,0.313671,0.304284,0.319896,0.428804,0.428607,0.368516
3.84691,3.76535,4.60109,19.7431,153.441,42.8167,453.296,4983.09,1452.71,0.313796,0.304409,0.320021,0.428929,0.428732,0.368641
3.85108,3.76999,4.60663,19.7579,153.45,42.817,453.625,4987.23,1453.86,0.313921,0.304534,0.320146,0.429054,0.428857,0.368766
3.85536,3.77462,4.61205,19.7752,153.464,42.8175,453.954,4991.38,1455.01,0.314046,0.304659,0.320271,0.429179,0.428982,0.368891
3.85952,3.77927,4.6176,19.7932,153.468,42.8175,454.283,4995.53,1456.16,0.314171,0.304784,0.320396,0.429304,0.429107,0.369016
3.8637,3.78392,4.62314,19.8092,153.477,42.8177,454.613,4999.69,1457.31,0.314296,0.304909,0.320521,0.429429,0.429232,0.369141
3.86803,3.78857,4.62853,19.8252,153.481,42.8179,454.942,5003.84,1458.46,0.314421,0.305034,0.320646,0.429554,0.429357,0.369266
3.87226,3.79323,4.63402,19.8401,153.481,42.818,455.272,5008,1459.61,0.314546,0.305159,0.320771,0.429679,0.429482,0.369391
3.87646,3.79789,4.63956,19.8582,153.496,42.8184,455.601,5012.15,1460.77,0.314671,0.305284,0.320896,0.429804,0.429607,0.369516
3.88067,3.80256,4.64509,19.8758,153.5,42.8184,455.931,5016.31,1461.92,0.314796,0.305409,0.321021,0.429929,0.429732,0.369641
3.8849,3.80723,4.65062,19.8938,153.508,42.8186,456.261,5020.47,1463.07,0.314921,0.305534,0.321146,0.430054,0.429857,0.369766
3.88918,3.8119,4.65609,19.9136,153.519,42.8189,456.592,5024.63,1464.23,0.315046,0.305659,0.321271,0.430179,0.429982,0.369891
3.89321,3.81658,4.66182,19.9297,153.527,42.819,456.922,5028.8,1465.38,0.315171,0.305784,0.321396,0.430304,0.430107,0.370016
3.89736,3.82125,4.66744,19.9479,153.551,42.8197,457.253,5032.96,1466.54,0.315296,0.305909,0.321521,0.430429,0.430232,0.370141
3.90151,3.82593,4.67307,19.9649,153.56,42.8199,457.583,5037.13,1467.69,0.315421,0.306034,0.321646,0.430554,0.430357,0.370266
3.90583,3.83062,4.67852,19.9809,153.567,42.8202,457.914,5041.3,1468.85,0.315546,0.306159,0.321771,0.430679,0.430482,0.370391
3.91002,3.83531,4.68411,19.9958,153.565,42.8202,458.245,5045.47,1470,0.315671,0.306284,0.321896,0.430804,0.430607,0.370516
3.91434,3.84,4.6896,20.0128,153.586,42.821,458.576,5049.64,1471.16,0.315796,0.306409,0.322021,0.430929,0.430732,0.370641
3.91858,3.8447,4.69515,20.0283,153.601,42.8215,458.908,5053.81,1472.32,0.315921,0.306534,0.322146,0.431054,0.430857,0.370766
3.92297,3.8494,4.70056,20.0449,153.599,42.8215,459.239,5057.99,1473.48,0.316046,0.306659,0.322271,0.431179,0.430982,0.370891
3.92722,3.85411,4.70613,20.0625,153.615,42.822,459.571,5062.17,1474.63,0.316171,0.306784,0.322396,0.431304,0.431107,0.371016
3.93139,3.85882,4.71177,20.081,153.627,42.8223,459.903,5066.34,1475.79,0.316296,0.306909,0.322521,0.431429,0.431232,0.371141
3.93551,3.86352,4.71749,20.1012,153.653,42.8229,460.235,5070.52,1476.95,0.316421,0.307034,0.322646,0.431554,0.431357,0.371266
3.93984,3.86823,4.72299,20.1192,153.679,42.8237,460.567,5074.71,1478.11,0.316546,0.307159,0.322771,0.431679,0.431482,0.371391
3.94418,3.87295,4.72849,20.1372,153.687,42.824,460.899,5078.89,1479.27,0.316671,0.307284,0.322896,0.431804,0.431607,0.371516
3.94855,3.87767,4.73396,20.1533,153.705,42.8247,461.232,5083.08,1480.43,0.316796,0.307409,0.323021,0.431929,0.431732,0.371641
3.95289,3.8824,4.73947,20.1681,153.716,42.8252,461.564,5087.26,1481.59,0.316921,0.307534,0.323146,0.432054,0.431857,0.371766
3.95714,3.88713,4.74508,20.185,153.732,42.8257,461.897,5091.45,1482.75,0.317046,0.307659,0.323271,0.432179,0.431982,0.371891
3.96146,3.89186,4.75063,20.2043,153.754,42.8263,462.23,5095.65,1483.91,0.317171,0.307784,0.323396,0.432304,0.432107,0.372016
3.96566,3.8966,4.75629,20.2211,153.761,42.8265,462.563,5099.84,1485.07,0.317296,0.307909,0.323521,0.432429,0.432232,0.372141
3.96995,3.90135,4.76188,20.2368,153.768,42.8269,462.896,5104.03,1486.24,0.317421,0.308034,0.323646,0.432554,0.432357,0.372266
3.97427,3.90609,4.76745,20.2564,153.799,42.8277,463.23,5108.23,1487.4,0.317546,0.308159,0.323771,0.432679,0.432482,0.372391
3.97844,3.91084,4.77316,20.2718,153.803,42.8279,463.564,5112.43,1488.56,0.317671,0.308284,0.323896,0.432804,0.432607,0.372516
3.98276,3.9156,4.77873,20.2869,153.814,42.8284,463.897,5116.63,1489.73,0.317796,0.308408,0.324021,0.432929,0.432732,0.372641
3.98689,3.92036,4.78449,20.3055,153.815,42.8283,464.231,5120.83,1490.89,0.317921,0.308533,0.324146,0.433053,0.432857,0.372766
3.99136,3.92512,4.78993,20.3237,153.835,42.829,464.565,5125.03,1492.06,0.318046,0.308658,0.324271,0.433178,0.432982,0.372891
3.99562,3.92989,4.79559,20.3392,153.847,42.8294,464.9,5129.24,1493.22,0.318171,0.308783,0.324396,0.433303,0.433107,0.373016
3.99994,3.93466,4.80117,20.3544,153.843,42.8295,465.234,5133.45,1494.39,0.318296,0.308908,0.324521,0.433428,0.433232,0.373141
4.00435,3.93945,4.80667,20.3727,153.841,42.8296,465.569,5137.65,1495.55,0.318421,0.309033,0.324646,0.433553,0.433357,0.373266
4.00852,3.94422,4.81244,20.3897,153.854,42.8299,465.904,5141.86,1496.72,0.318546,0.309158,0.324771,0.433678,0.433482,0.37339
4.01305,3.949,4.81785,20.4082,153.871,42.8306,466.239,5146.08,1497.88,0.318671,0.309283,0.324896,0.433803,0.433607,0.373515
4.01731,3.95379,4.82353,20.4237,153.874,42.8308,466.574,5150.29,1499.05,0.318796,0.309408,0.325021,0.433928,0.433732,0.37364
4.02156,3.95858,4.82923,20.4439,153.899,42.8314,466.909,5154.5,1500.22,0.318921,0.309533,0.325146,0.434053,0.433857,0.373765
4.02584,3.96337,4.8349,20.4592,153.905,42.8317,467.245,5158.72,1501.39,0.319046,0.309658,0.325271,0.434178,0.433982,0.37389
4.03026,3.96817,4.84044,20.4793,153.918,42.8321,467.581,5162.94,1502.55,0.319171,0.309783,0.325396,0.434303,0.434107,0.374015
4.03468,3.97297,4.84598,20.4974,153.931,42.8326,467.917,5167.16,1503.72,0.319296,0.309908,0.325521,0.434428,0.434232,0.37414
4.03888,3.97778,4.85175,20.5142,153.933,42.8327,468.253,5171.38,1504.89,0.319421,0.310033,0.325646,0.434553,0.434357,0.374265
4.04321,3.98259,4.8574,20.5326,153.945,42.8331,468.589,5175.6,1506.06,0.319546,0.310158,0.325771,0.434678,0.434482,0.37439
4.04755,3.98741,4.86304,20.5482,153.95,42.8335,468.925,5179.83,1507.23,0.319671,0.310283,0.325896,0.434803,0.434607,0.374515
4.05166,3.99223,4.86893,20.566,153.963,42.8337,469.262,5184.05,1508.4,0.319796,0.310408,0.326021,0.434928,0.434732,0.37464
4.05598,3.99704,4.8746,20.5867,153.987,42.8343,469.598,5188.28,1509.57,0.319921,0.310533,0.326146,0.435053,0.434857,0.374765
4.06031,4.00187,4.88027,20.6036,153.997,42.8347,469.935,5192.51,1510.74,0.320046,0.310658,0.326271,0.435178,0.434982,0.37489
4.0647,4.0067,4.88589,20.6225,154.011,42.8352,470.272,5196.75,1511.91,0.320171,0.310783,0.326396,0.435303,0.435107,0.375015
4.06901,4.01153,4.8916,20.6424,154.018,42.8354,470.61,5200.98,1513.09,0.320296,0.310908,0.326521,0.435428,0.435232,0.37514
4.07322,4.01637,4.8974,20.6614,154.03,42.8357,470.947,5205.21,1514.26,0.320421,0.311033,0.326646,0.435553,0.435356,0.375265
4.07765,4.02121,4.90301,20.6848,154.058,42.8364,471.284,5209.45,1515.43,0.320546,0.311158,0.326771,0.435678,0.435481,0.37539
4.08203,4.02605,4.90867,20.7036,154.08,42.837,471.622,5213.69,1516.6,0.320671,0.311283,0.326896,0.435803,0.435606,0.375515
4.08642,4.03089,4.91432,20.7207,154.097,42.8376,471.96,5217.93,1517.78,0.320796,0.311408,0.327021,0.435928,0.435731,0.37564
4.09074,4.03575,4.92003,20.7362,154.094,42.8378,472.298,5222.17,1518.95,0.320921,0.311533,0.327146,0.436053,0.435856,0.375765
4.09502,4.04061,4.92581,20.7542,154.106,42.8381,472.636,5226.42,1520.13,0.321046,0.311658,0.327271,0.436178,0.435981,0.37589
4.09948,4.04546,4.93141,20.7762,154.138,42.8389,472.975,5230.66,1521.3,0.321171,0.311783,0.327396,0.436303,0.436106,0.376015
4.10362,4.05032,4.93733,20.7982,154.155,42.8391,473.313,5234.91,1522.48,0.321296,0.311908,0.327521,0.436428,0.436231,0.37614
4.10798,4.05519,4.94305,20.8132,154.166,42.8396,473.652,5239.16,1523.65,0.321421,0.312033,0.327646,0.436553,0.436356,0.376265
4.11222,4.06006,4.94888,20.8313,154.179,42.84,473.991,5243.41,1524.83,0.321546,0.312158,0.327771,0.436678,0.436481,0.37639
4.11651,4.06494,4.95467,20.8542,154.196,42.8403,474.33,5247.66,1526.01,0.321671,0.312283,0.327896,0.436803,0.436606,0.376515
4.12079,4.06981,4.96048,20.8706,154.218,42.8409,474.669,5251.92,1527.18,0.321796,0.312408,0.328021,0.436928,0.436731,0.37664
4.12522,4.07469,4.96614,20.8849,154.229,42.8414,475.009,5256.17,1528.36,0.321921,0.312533,0.328146,0.437053,0.436856,0.376765
4.12945,4.07958,4.97201,20.9051,154.241,42.8417,475.348,5260.43,1529.54,0.322046,0.312658,0.328271,0.437178,0.436981,0.37689
4.13376,4.08447,4.97781,20.9247,154.265,42.8422,475.688,5264.69,1530.72,0.322171,0.312783,0.328396,0.437303,0.437106,0.377015
4.13806,4.08936,4.98362,20.9469,154.281,42.8426,476.028,5268.95,1531.9,0.322296,0.312908,0.328521,0.437428,0.437231,0.37714
4.14247,4.09426,4.98932,20.9675,154.301,42.8431,476.368,5273.22,1533.08,0.322421,0.313033,0.328646,0.437553,0.437356,0.377265
4.14691,4.09917,4.995,20.9847,154.306,42.8435,476.709,5277.48,1534.26,0.322546,0.313158,0.328771,0.437678,0.437481,0.37739
4.15136,4.10407,5.00068,21.0061,154.332,42.8441,477.049,5281.75,1535.44,0.322671,0.313283,0.328896,0.437803,0.437606,0.377515
4.1558,4.10898,5.00637,21.0235,154.348,42.8447,477.39,5286.02,1536.62,0.322796,0.313408,0.329021,0.437928,0.437731,0.37764
4.16011,4.1139,5.0122,21.0449,154.357,42.845,477.731,5290.29,1537.8,0.322921,0.313533,0.329146,0.438053,0.437856,0.377765
4.16449,4.11881,5.01797,21.0666,154.375,42.8454,478.072,5294.56,1538.98,0.323046,0.313658,0.329271,0.438178,0.437981,0.37789
4.16884,4.12373,5.02377,21.0828,154.394,42.8459,478.413,5298.83,1540.16,0.323171,0.313783,0.329396,0.438303,0.438106,0.378015
4.1734,4.12866,5.02936,21.0971,154.397,42.8465,478.754,5303.11,1541.34,0.323296,0.313908,0.329521,0.438428,0.438231,0.37814
4.17774,4.13359,5.03519,21.1159,154.413,42.8469,479.096,5307.39,1542.53,0.323421,0.314033,0.329646,0.438553,0.438356,0.378265
4.18196,4.13853,5.04113,21.14,154.425,42.8471,479.437,5311.67,1543.71,0.323546,0.314158,0.329771,0.438678,0.438481,0.37839
4.18649,4.14347,5.04677,21.1587,154.43,42.8475,479.779,5315.95,1544.89,0.323671,0.314283,0.329896,0.438803,0.438606,0.378515
4.19083,4.14842,5.05261,21.1758,154.439,42.8479,480.121,5320.23,1546.08,0.323796,0.314408,0.330021,0.438928,0.438731,0.37864
4.19517,4.15336,5.05846,21.1957,154.46,42.8484,480.464,5324.51,1547.26,0.323921,0.314533,0.330146,0.439053,0.438856,0.378765
4.19959,4.15831,5.06424,21.2143,154.481,42.8489,480.806,5328.8,1548.45,0.324046,0.314658,0.330271,0.439178,0.438981,0.37889
4.20385,4.16326,5.07018,21.2308,154.498,42.8494,481.149,5333.08,1549.63,0.324171,0.314783,0.330396,0.439303,0.439106,0.379015
4.20804,4.16821,5.07619,21.2521,154.515,42.8496,481.492,5337.37,1550.82,0.324296,0.314908,0.330521,0.439428,0.439231,0.37914
4.21239,4.17318,5.08205,21.2703,154.525,42.85,481.835,5341.67,1552,0.324421,0.315033,0.330646,0.439553,0.439356,0.379265
4.21672,4.17813,5.08794,21.289,154.551,42.8505,482.178,5345.96,1553.19,0.324546,0.315158,0.330771,0.439678,0.439481,0.37939
4.22112,4.18311,5.09375,21.3087,154.564,42.8509,482.521,5350.25,1554.38,0.324671,0.315283,0.330896,0.439803,0.439606,0.379515
4.22539,4.18808,5.09971,21.3272,154.582,42.8513,482.865,5354.55,1555.57,0.324796,0.315408,0.331021,0.439928,0.439731,0.37964
4.22981,4.19306,5.10551,21.3498,154.592,42.8517,483.209,5358.85,1556.75,0.324921,0.315533,0.331146,0.440053,0.439856,0.379765
4.23412,4.19804,5.11144,21.3707,154.613,42.8521,483.552,5363.15,1557.94,0.325046,0.315658,0.331271,0.440178,0.439981,0.37989
4.23851,4.20303,5.1173,21.3918,154.628,42.8525,483.897,5367.45,1559.13,0.325171,0.315783,0.331396,0.440303,0.440106,0.380015
4.24282,4.20802,5.12323,21.4112,154.633,42.8527,484.241,5371.75,1560.32,0.325296,0.315908,0.331521,0.440428,0.440231,0.38014
4.2472,4.21301,5.1291,21.4304,154.65,42.8532,484.585,5376.06,1561.51,0.32542,0.316033,0.331646,0.440553,0.440356,0.380265
4.25179,4.21801,5.13477,21.4508,154.665,42.8538,484.93,5380.36,1562.7,0.325545,0.316158,0.331771,0.440678,0.440481,0.38039
4.25623,4.22302,5.14058,21.4654,154.666,42.8542,485.275,5384.67,1563.89,0.32567,0.316283,0.331896,0.440803,0.440606,0.380515
4.26042,4.22802,5.14666,21.4868,154.69,42.8545,485.62,5388.98,1565.08,0.325795,0.316408,0.33202,0.440928,0.440731,0.38064
4.26481,4.23303,5.15254,21.504,154.691,42.8548,485.965,5393.29,1566.27,0.32592,0.316533,0.332145,0.441053,0.440856,0.380765
4.26916,4.23805,5.15848,21.5228,154.707,42.8552,486.311,5397.61,1567.46,0.326045,0.316658,0.33227,0.441178,0.440981,0.38089
4.27347,4.24305,5.16446,21.5445,154.736,42.8556,486.656,5401.92,1568.66,0.32617,0.316783,0.332395,0.441303,0.441106,0.381015
4.27785,4.24808,5.17037,21.5682,154.755,42.856,487.002,5406.24,1569.85,0.326295,0.316908,0.33252,0.441428,0.441231,0.38114
4.28231,4.2531,5.1762,21.591,154.779,42.8565,487.348,5410.56,1571.04,0.32642,0.317033,0.332645,0.441553,0.441356,0.381265
4.28671,4.25813,5.1821,21.6124,154.795,42.8569,487.695,5414.88,1572.23,0.326545,0.317158,0.33277,0.441678,0.441481,0.38139
4.29122,4.26316,5.18789,21.6276,154.805,42.8574,488.041,5419.2,1573.43,0.32667,0.317283,0.332895,0.441803,0.441606,0.381515
4.29552,4.2682,5.1939,21.6443,154.809,42.8577,488.388,5423.53,1574.62,0.326795,0.317408,0.33302,0.441928,0.441731,0.38164
4.2999,4.27324,5.19984,21.6615,154.824,42.8581,488.734,5427.85,1575.82,0.32692,0.317533,0.333145,0.442053,0.441856,0.381765
4.30416,4.27829,5.2059,21.679,154.834,42.8584,489.081,5432.18,1577.01,0.327045,0.317658,0.33327,0.442178,0.441981,0.38189
4.30842,4.28333,5.21197,21.7036,154.859,42.8587,489.429,5436.51,1578.21,0.32717,0.317783,0.333395,0.442303,0.442106,0.382015
4.31284,4.28839,5.21787,21.7225,154.866,42.8591,489.776,5440.84,1579.4,0.327295,0.317908,0.33352,0.442428,0.442231,0.38214
4.31732,4.29345,5.22373,21.7462,154.888,42.8596,490.124,5445.17,1580.6,0.32742,0.318033,0.333645,0.442553,0.442356,0.382265
4.32171,4.2985,5.22969,21.7657,154.911,42.86,490.471,5449.51,1581.8,0.327545,0.318158,0.33377,0.442678,0.442481,0.38239
4.32632,4.30357,5.23543,21.7882,154.934,42.8606,490.819,5453.84,1582.99,0.32767,0.318283,0.333895,0.442803,0.442606,0.382515
4.33068,4.30864,5.24141,21.8065,154.937,42.8609,491.168,5458.18,1584.19,0.327795,0.318408,0.33402,0.442928,0.442731,0.38264
4.3352,4.31372,5.24726,21.826,154.948,42.8614,491.516,5462.52,1585.39,0.32792,0.318533,0.334145,0.443053,0.442856,0.382765
4.33969,4.31879,5.25313,21.8467,154.976,42.8619,491.864,5466.86,1586.59,0.328045,0.318658,0.33427,0.443178,0.442981,0.38289
4.3441,4.32386,5.2591,21.8677,155.006,42.8623,492.213,5471.21,1587.79,0.32817,0.318783,0.334395,0.443303,0.443106,0.383015
4.34849,4.32894,5.2651,21.8888,155.028,42.8627,492.562,5475.55,1588.99,0.328295,0.318908,0.33452,0.443428,0.443231,0.38314
4.35304,4.33403,5.27092,21.9151,155.047,42.8632,492.911,5479.9,1590.19,0.32842,0.319033,0.334645,0.443553,0.443356,0.383265
4.35728,4.33912,5.27707,21.9415,155.075,42.8635,493.26,5484.25,1591.39,0.328545,0.319158,0.33477,0.443678,0.443481,0.38339
4.36161,4.34422,5.28313,21.9608,155.082,42.8638,493.61,5488.6,1592.59,0.32867,0.319283,0.334895,0.443803,0.443606,0.383515
4.36594,4.34932,5.2892,21.9905,155.113,42.8641,493.96,5492.95,1593.79,0.328795,0.319408,0.33502,0.443928,0.443731,0.38364
4.37048,4.35443,5.29505,22.0136,155.129,42.8646,494.309,5497.3,1594.99,0.32892,0.319533,0.335145,0.444053,0.443856,0.383765
4.37486,4.35954,5.30108,22.0398,155.15,42.8649,494.659,5501.66,1596.19,0.329045,0.319658,0.33527,0.444178,0.443981,0.38389
4.37921,4.36465,5.30714,22.0601,155.171,42.8653,495.009,5506.02,1597.4,0.32917,0.319783,0.335395,0.444303,0.444106,0.384015
4.38374,4.36976,5.31303,22.0839,155.194,42.8657,495.36,5510.38,1598.6,0.329295,0.319908,0.33552,0.444428,0.444231,0.38414
4.3883,4.37488,5.3189,22.1053,155.219,42.8663,495.71,5514.74,1599.8,0.32942,0.320033,0.335645,0.444553,0.444356,0.384265
4.39269,4.38,5.32494,22.132,155.257,42.8666,496.061,5519.1,1601.01,0.329545,0.320158,0.33577,0.444678,0.444481,0.38439
4.3973,4.38512,5.33076,22.1521,155.278,42.8672,496.412,5523.47,1602.21,0.32967,0.320283,0.335895,0.444803,0.444606,0.384515
4.40183,4.39026,5.33668,22.175,155.295,42.8676,496.763,5527.83,1603.41,0.329795,0.320408,0.33602,0.444928,0.444731,0.38464
4.40632,4.39539,5.34263,22.1981,155.319,42.8681,497.114,5532.2,1604.62,0.32992,0.320533,0.336145,0.445053,0.444856,0.384765
4.41073,4.40053,5.34867,22.2157,155.334,42.8684,497.465,5536.57,1605.82,0.330045,0.320658,0.33627,0.445178,0.444981,0.38489
4.41523,4.40567,5.35463,22.2384,155.358,42.8688,497.817,5540.94,1607.03,0.33017,0.320783,0.336395,0.445303,0.445106,0.385015
4.41965,4.41082,5.36067,22.2612,155.37,42.8692,498.169,5545.32,1608.24,0.330295,0.320908,0.33652,0.445428,0.445231,0.38514
4.42402,4.41597,5.36677,22.283,155.397,42.8695,498.521,5549.69,1609.44,0.33042,0.321033,0.336645,0.445553,0.445356,0.385265
4.42853,4.42113,5.37272,22.3022,155.413,42.8699,498.873,5554.07,1610.65,0.330545,0.321158,0.33677,0.445678,0.445481,0.38539
4.43296,4.42629,5.37876,22.3245,155.428,42.8703,499.226,5558.45,1611.86,0.33067,0.321283,0.336895,0.445803,0.445606,0.385515
4.43764,4.43145,5.38456,22.341,155.443,42.8709,499.578,5562.83,1613.07,0.330795,0.321408,0.33702,0.445928,0.445731,0.38564
4.44224,4.43662,5.39046,22.3619,155.467,42.8714,499.931,5567.21,1614.28,0.33092,0.321533,0.337145,0.446053,0.445856,0.385765
4.4467,4.44179,5.39648,22.3832,155.479,42.8718,500.284,5571.6,1615.48,0.331045,0.321658,0.33727,0.446178,0.445981,0.38589
4.45122,4.44697,5.40246,22.4069,155.506,42.8722,500.637,5575.99,1616.69,0.33117,0.321783,0.337395,0.446303,0.446106,0.386015
4.45577,4.45215,5.40841,22.4285,155.524,42.8727,500.991,5580.38,1617.9,0.331295,0.321908,0.33752,0.446428,0.446231,0.38614
4.4602,4.45732,5.41449,22.4522,155.557,42.873,501.344,5584.77,1619.11,0.33142,0.322033,0.337645,0.446553,0.446356,0.386265
4.46465,4.46251,5.42056,22.4738,155.59,42.8733,501.698,5589.16,1620.33,0.331545,0.322158,0.33777,0.446678,0.446481,0.38639
4.46917,4.4677,5.42657,22.4985,155.618,42.8737,502.052,5593.55,1621.54,0.33167,0.322282,0.337895,0.446802,0.446606,0.386515
4.4738,4.47289,5.43246,22.5196,155.639,42.8742,502.407,5597.95,1622.75,0.331795,0.322407,0.33802,0.446927,0.446731,0.38664
4.47838,4.4781,5.4384,22.5412,155.648,42.8747,502.761,5602.35,1623.96,0.33192,0.322532,0.338145,0.447052,0.446856,0.386765
4.48295,4.4833,5.44436,22.5576,155.659,42.8752,503.116,5606.75,1625.17,0.332045,0.322657,0.33827,0.447177,0.446981,0.38689
4.48751,4.48851,5.45033,22.5732,155.666,42.8757,503.47,5611.15,1626.39,0.33217,0.322782,0.338395,0.447302,0.447106,0.387015
4.49195,4.49373,5.45643,22.5947,155.677,42.876,503.826,5615.55,1627.6,0.332295,0.322907,0.33852,0.447427,0.447231,0.387139
4.49635,4.49894,5.46259,22.6168,155.701,42.8763,504.181,5619.96,1628.81,0.33242,0.323032,0.338645,0.447552,0.447356,0.387264
4.50091,4.50416,5.46858,22.6392,155.725,42.8767,504.536,5624.36,1630.03,0.332545,0.323157,0.33877,0.447677,0.447481,0.387389
4.50557,4.50939,5.47448,22.6616,155.749,42.8772,504.892,5628.77,1631.24,0.33267,0.323282,0.338895,0.447802,0.447606,0.387514
4.51026,4.51461,5.48036,22.6818,155.777,42.8777,505.248,5633.18,1632.46,0.332795,0.323407,0.33902,0.447927,0.447731,0.387639
4.51484,4.51984,5.48635,22.7022,155.791,42.8782,505.604,5637.59,1633.67,0.33292,0.323532,0.339145,0.448052,0.447856,0.387764
4.51939,4.52509,5.49237,22.7267,155.805,42.8787,505.96,5642.01,1634.89,0.333045,0.323657,0.33927,0.448177,0.447981,0.387889
4.52384,4.53033,5.4985,22.7484,155.825,42.879,506.317,5646.42,1636.11,0.33317,0.323782,0.339395,0.448302,0.448106,0.388014
4.52838,4.53557,5.50454,22.7703,155.85,42.8794,506.674,5650.84,1637.32,0.333295,0.323907,0.33952,0.448427,0.448231,0.388139
4.53288,4.54082,5.51063,22.7935,155.868,42.8798,507.031,5655.26,1638.54,0.33342,0.324032,0.339645,0.448552,0.448356,0.388264
4.53735,4.54607,5.51675,22.8135,155.886,42.8801,507.388,5659.68,1639.76,0.333545,0.324157,0.33977,0.448677,0.448481,0.388389
4.54191,4.55133,5.5228,22.8365,155.907,42.8805,507.745,5664.11,1640.98,0.33367,0.324282,0.339895,0.448802,0.448606,0.388514
4.5463,4.55659,5.52901,22.8596,155.924,42.8808,508.103,5668.53,1642.19,0.333795,0.324407,0.34002,0.448927,0.448731,0.388639
4.551,4.56185,5.53492,22.8836,155.952,42.8813,508.461,5672.96,1643.41,0.33392,0.324532,0.340145,0.449052,0.448856,0.388764
4.55559,4.56712,5.54095,22.9069,155.976,42.8817,508.818,5677.39,1644.63,0.334045,0.324657,0.34027,0.449177,0.448981,0.388889
4.56008,4.5724,5.54707,22.927,155.987,42.8821,509.177,5681.82,1645.85,0.33417,0.324782,0.340395,0.449302,0.449106,0.389014
4.56464,4.57768,5.55313,22.9528,156.012,42.8825,509.535,5686.25,1647.07,0.334295,0.324907,0.34052,0.449427,0.44923,0.389139
4.56911,4.58296,5.55929,22.9775,156.032,42.8828,509.894,5690.68,1648.29,0.33442,0.325032,0.340645,0.449552,0.449355,0.389264
4.57356,4.58825,5.56546,22.9966,156.038,42.8832,510.252,5695.12,1649.51,0.334545,0.325157,0.34077,0.449677,0.44948,0.389389
4.57815,4.59354,5.57151,23.0168,156.055,42.8836,510.612,5699.55,1650.74,0.33467,0.325282,0.340895,0.449802,0.449605,0.389514
4.58276,4.59884,5.57754,23.0409,156.077,42.8841,510.971,5703.99,1651.96,0.334795,0.325407,0.34102,0.449927,0.44973,0.389639
4.58732,4.60413,5.58362,23.064,156.096,42.8845,511.33,5708.43,1653.18,0.33492,0.325532,0.341145,0.450052,0.449855,0.389764
4.59193,4.60944,5.58966,23.0903,156.114,42.885,511.69,5712.88,1654.4,0.335045,0.325657,0.34127,0.450177,0.44998,0.389889
4.59652,4.61474,5.59572,23.1151,156.14,42.8854,512.05,5717.32,1655.63,0.33517,0.325782,0.341395,0.450302,0.450105,0.390014
4.60105,4.62005,5.60186,23.1401,156.165,42.8857,512.41,5721.77,1656.85,0.335295,0.325907,0.34152,0.450427,0.45023,0.390139
4.60573,4.62537,5.60784,23.1582,156.182,42.8862,512.77,5726.21,1658.07,0.33542,0.326032,0.341645,0.450552,0.450355,0.390264
4.61036,4.63069,5.61388,23.1859,156.202,42.8868,513.131,5730.66,1659.3,0.335545,0.326157,0.34177,0.450677,0.45048,0.390389
4.61482,4.63601,5.62009,23.2082,156.223,42.8871,513.491,5735.12,1660.52,0.33567,0.326282,0.341895,0.450802,0.450605,0.390514
4.6195,4.64133,5.62609,23.2339,156.254,42.8875,513.852,5739.57,1661.75,0.335795,0.326407,0.34202,0.450927,0.45073,0.390639
4.62412,4.64667,5.63216,23.252,156.259,42.888,514.213,5744.02,1662.97,0.33592,0.326532,0.342145,0.451052,0.450855,0.390764
4.62868,4.652,5.63828,23.2785,156.286,42.8884,514.575,5748.48,1664.2,0.336045,0.326657,0.34227,0.451177,0.45098,0.390889
4.63317,4.65734,5.64449,23.302,156.307,42.8887,514.936,5752.94,1665.43,0.33617,0.326782,0.342395,0.451302,0.451105,0.391014
4.63763,4.66268,5.65073,23.3276,156.33,42.8889,515.298,5757.4,1666.65,0.336295,0.326907,0.34252,0.451427,0.45123,0.391139
4.64231,4.66803,5.65675,23.3534,156.35,42.8895,515.66,5761.86,1667.88,0.33642,0.327032,0.342645,0.451552,0.451355,0.391264
4.64679,4.67338,5.66297,23.3728,156.362,42.8898,516.022,5766.33,1669.11,0.336545,0.327157,0.34277,0.451677,0.45148,0.391389
4.65149,4.67874,5.66898,23.3975,156.391,42.8902,516.384,5770.79,1670.34,0.33667,0.327282,0.342895,0.451802,0.451605,0.391514
4.65612,4.6841,5.67507,23.4222,156.411,42.8907,516.747,5775.26,1671.56,0.336795,0.327407,0.34302,0.451927,0.45173,0.391639
4.66086,4.68946,5.68105,23.4457,156.435,42.8912,517.11,5779.73,1672.79,0.33692,0.327532,0.343145,0.452052,0.451855,0.391764
4.66536,4.69483,5.68728,23.4682,156.455,42.8914,517.473,5784.2,1674.02,0.337045,0.327657,0.34327,0.452177,0.45198,0.391889
4.66991,4.7002,5.69346,23.4867,156.475,42.8916,517.836,5788.67,1675.25,0.33717,0.327782,0.343395,0.452302,0.452105,0.392014
4.67455,4.70557,5.69955,23.5129,156.504,42.892,518.2,5793.15,1676.48,0.337295,0.327907,0.34352,0.452427,0.45223,0.392139
4.6791,4.71095,5.70575,23.5388,156.534,42.8922,518.563,5797.62,1677.71,0.33742,0.328032,0.343645,0.452552,0.452355,0.392264
4.68374,4.71633,5.71185,23.5608,156.552,42.8926,518.927,5802.1,1678.94,0.337545,0.328157,0.34377,0.452677,0.45248,0.392389
4.68833,4.72171,5.71801,23.592,156.586,42.8929,519.291,5806.58,1680.18,0.33767,0.328282,0.343895,0.452802,0.452605,0.392514
4.69297,4.72711,5.72412,23.6185,156.611,42.8933,519.656,5811.06,1681.41,0.337795,0.328407,0.34402,0.452927,0.45273,0.392639
4.69767,4.7325,5.73017,23.6448,156.634,42.8939,520.02,5815.55,1682.64,0.33792,0.328532,0.344145,0.453052,0.452855,0.392764
4.70223,4.7379,5.73638,23.6672,156.66,42.894,520.385,5820.04,1683.87,0.338045,0.328657,0.34427,0.453177,0.45298,0.392889
4.7069,4.7433,5.74248,23.6942,156.69,42.8944,520.75,5824.52,1685.11,0.33817,0.328782,0.344395,0.453302,0.453105,0.393014
4.71152,4.74871,5.74863,23.7189,156.719,42.8946,521.115,5829.01,1686.34,0.338295,0.328907,0.34452,0.453427,0.45323,0.393139
4.71615,4.75412,5.75478,23.7463,156.74,42.8951,521.48,5833.5,1687.58,0.33842,0.329032,0.344645,0.453552,0.453355,0.393264
4.72071,4.75954,5.761,23.7732,156.774,42.8952,521.846,5838,1688.81,0.338545,0.329157,0.34477,0.453677,0.45348,0.393389
4.72542,4.76495,5.76707,23.7979,156.802,42.8956,522.212,5842.49,1690.04,0.33867,0.329282,0.344895,0.453802,0.453605,0.393514
4.73001,4.77038,5.77326,23.8211,156.816,42.896,522.578,5846.99,1691.28,0.338795,0.329407,0.34502,0.453927,0.45373,0.393639
4.7345,4.77581,5.77956,23.8449,156.836,42.8962,522.944,5851.49,1692.52,0.33892,0.329532,0.345145,0.454052,0.453855,0.393764
4.7392,4.78125,5.78566,23.8738,156.862,42.8967,523.31,5855.99,1693.75,0.339045,0.329657,0.34527,0.454177,0.45398,0.393889
4.74377,4.78668,5.79189,23.8976,156.887,42.8969,523.677,5860.49,1694.99,0.33917,0.329782,0.345395,0.454302,0.454105,0.394014
4.74851,4.79213,5.79794,23.9173,156.893,42.8976,524.044,5865,1696.23,0.339294,0.329907,0.34552,0.454427,0.45423,0.394139
4.75306,4.79757,5.80421,23.9434,156.922,42.8977,524.411,5869.5,1697.46,0.339419,0.330032,0.345645,0.454552,0.454355,0.394264
4.75776,4.80302,5.81032,23.974,156.953,42.8982,524.779,5874.01,1698.7,0.339544,0.330157,0.345769,0.454677,0.45448,0.394389
4.7625,4.80848,5.81639,23.995,156.97,42.8987,525.146,5878.52,1699.94,0.339669,0.330282,0.345894,0.454802,0.454605,0.394514
4.76719,4.81394,5.82251,24.0231,156.99,42.8993,525.514,5883.03,1701.18,0.339794,0.330407,0.346019,0.454927,0.45473,0.394639
4.77171,4.8194,5.82882,24.0522,157.019,42.8995,525.882,5887.55,1702.42,0.339919,0.330532,0.346144,0.455052,0.454855,0.394764
4.77637,4.82486,5.835,24.0777,157.05,42.8996,526.25,5892.06,1703.66,0.340044,0.330657,0.346269,0.455177,0.45498,0.394889
4.781,4.83033,5.84119,24.1078,157.075,42.9001,526.619,5896.58,1704.9,0.340169,0.330782,0.346394,0.455302,0.455105,0.395014
4.78565,4.8358,5.84738,24.1361,157.103,42.9004,526.987,5901.1,1706.14,0.340294,0.330907,0.346519,0.455427,0.45523,0.395139
4.79027,4.84129,5.85359,24.1585,157.118,42.9008,527.356,5905.62,1707.38,0.340419,0.331032,0.346644,0.455552,0.455355,0.395264
4.7949,4.84677,5.8598,24.1885,157.139,42.9014,527.725,5910.14,1708.62,0.340544,0.331157,0.346769,0.455677,0.45548,0.395389
4.79963,4.85226,5.86592,24.2121,157.158,42.9019,528.094,5914.66,1709.86,0.340669,0.331282,0.346894,0.455802,0.455605,0.395514
4.80423,4.85775,5.87217,24.2405,157.185,42.9021,528.464,5919.19,1711.1,0.340794,0.331407,0.347019,0.455927,0.45573,0.395639
4.80885,4.86325,5.87841,24.2644,157.21,42.9023,528.834,5923.72,1712.35,0.340919,0.331532,0.347144,0.456052,0.455855,0.395764
4.8134,4.86875,5.8847,24.295,157.223,42.903,529.204,5928.25,1713.59,0.341044,0.331657,0.347269,0.456177,0.45598,0.395889
4.8181,4.87425,5.89088,24.3217,157.261,42.903,529.574,5932.78,1714.83,0.341169,0.331782,0.347394,0.456302,0.456105,0.396014
4.82265,4.87975,5.8972,24.3527,157.295,42.903,529.944,5937.31,1716.08,0.341294,0.331907,0.347519,0.456427,0.45623,0.396139
4.82725,4.88526,5.90346,24.38,157.322,42.9032,530.315,5941.84,1717.32,0.341419,0.332032,0.347644,0.456552,0.456355,0.396264
4.83194,4.89078,5.90965,24.4105,157.353,42.9035,530.686,5946.38,1718.56,0.341544,0.332157,0.347769,0.456677,0.45648,0.396389
4.83662,4.8963,5.91584,24.4428,157.387,42.9038,531.057,5950.92,1719.81,0.341669,0.332282,0.347894,0.456802,0.456605,0.396514
4.84133,4.90183,5.922,24.4653,157.393,42.9046,531.428,5955.46,1721.06,0.341794,0.332407,0.348019,0.456927,0.45673,0.396639
4.84612,4.90736,5.92809,24.4863,157.413,42.9051,531.8,5960,1722.3,0.341919,0.332532,0.348144,0.457052,0.456855,0.396764
4.85075,4.91289,5.93435,24.5169,157.444,42.9053,532.171,5964.55,1723.55,0.342044,0.332657,0.348269,0.457177,0.45698,0.396889
4.85535,4.91842,5.94065,24.5469,157.475,42.9054,532.543,5969.09,1724.79,0.342169,0.332782,0.348394,0.457302,0.457105,0.397014
4.85996,4.92396,5.94693,24.5725,157.504,42.9054,532.915,5973.64,1726.04,0.342294,0.332907,0.348519,0.457427,0.45723,0.397139
4.86463,4.9295,5.95317,24.6034,157.543,42.9054,533.288,5978.19,1727.29,0.342419,0.333032,0.348644,0.457552,0.457355,0.397264
4.86939,4.93504,5.95931,24.6359,157.586,42.9055,533.661,5982.74,1728.54,0.342544,0.333157,0.348769,0.457677,0.45748,0.397389
4.87415,4.94059,5.96546,24.6691,157.618,42.906,534.033,5987.3,1729.78,0.342669,0.333282,0.348894,0.457802,0.457605,0.397514
4.87897,4.94615,5.97154,24.6905,157.644,42.9062,534.406,5991.85,1731.03,0.342794,0.333407,0.349019,0.457927,0.45773,0.397639
4.88368,4.95171,5.97775,24.7193,157.677,42.9064,534.78,5996.41,1732.28,0.342919,0.333532,0.349144,0.458052,0.457855,0.397764
4.88839,4.95727,5.98397,24.7496,157.714,42.9064,535.153,6000.97,1733.53,0.343044,0.333657,0.349269,0.458177,0.45798,0.397889
4.8931,4.96284,5.99017,24.78,157.739,42.9069,535.527,6005.53,1734.78,0.343169,0.333782,0.349394,0.458302,0.458105,0.398014
4.89778,4.96841,5.99642,24.8121,157.772,42.9072,535.901,6010.09,1736.03,0.343294,0.333907,0.349519,0.458427,0.45823,0.398139
4.90252,4.97399,6.00261,24.8359,157.803,42.9072,536.275,6014.66,1737.28,0.343419,0.334032,0.349644,0.458552,0.458355,0.398264
4.90722,4.97957,6.00884,24.8551,157.818,42.9075,536.649,6019.23,1738.53,0.343544,0.334157,0.349769,0.458677,0.45848,0.398389
4.91198,4.98516,6.01502,24.8862,157.848,42.9079,537.024,6023.79,1739.79,0.343669,0.334282,0.349894,0.458802,0.458605,0.398514
4.91668,4.99075,6.02125,24.918,157.868,42.9086,537.399,6028.37,1741.04,0.343794,0.334407,0.350019,0.458927,0.45873,0.398639
4.92144,4.99635,6.02742,24.9429,157.887,42.9091,537.774,6032.94,1742.29,0.343919,0.334532,0.350144,0.459052,0.458855,0.398764
4.92626,5.00194,6.03356,24.9743,157.925,42.9093,538.149,6037.51,1743.54,0.344044,0.334657,0.350269,0.459177,0.45898,0.398889
4.93097,5.00755,6.03979,25.0009,157.949,42.9096,538.525,6042.09,1744.8,0.344169,0.334782,0.350394,0.459302,0.459105,0.399014
4.93574,5.01316,6.04597,25.0301,157.975,42.9101,538.901,6046.67,1746.05,0.344294,0.334907,0.350519,0.459427,0.45923,0.399139
4.94053,5.01877,6.05214,25.0612,158.007,42.9105,539.277,6051.25,1747.31,0.344419,0.335032,0.350644,0.459552,0.459355,0.399264
4.94533,5.02438,6.05831,25.0904,158.037,42.9108,539.653,6055.83,1748.56,0.344544,0.335157,0.350769,0.459677,0.45948,0.399389
4.95005,5.03,6.06454,25.1268,158.068,42.9114,540.029,6060.41,1749.82,0.344669,0.335282,0.350894,0.459802,0.459605,0.399514
4.95471,5.03563,6.07085,25.1571,158.096,42.9116,540.406,6064.99,1751.07,0.344794,0.335407,0.351019,0.459927,0.45973,0.399639
4.9595,5.04126,6.07702,25.1909,158.128,42.9121,540.783,6069.58,1752.33,0.344919,0.335532,0.351144,0.460052,0.459855,0.399764
4.96431,5.04689,6.08319,25.219,158.155,42.9125,541.16,6074.17,1753.58,0.345044,0.335657,0.351269,0.460177,0.45998,0.399889
4.96896,5.05253,6.08952,25.2473,158.178,42.9127,541.537,6078.76,1754.84,0.345169,0.335782,0.351394,0.460302,0.460105,0.400014
4.97372,5.05816,6.09574,25.2744,158.212,42.9127,541.915,6083.35,1756.1,0.345294,0.335907,0.351519,0.460427,0.46023,0.400139
4.97843,5.06381,6.10201,25.3077,158.242,42.9131,542.293,6087.95,1757.35,0.345419,0.336031,0.351644,0.460552,0.460355,0.400264
4.98319,5.06946,6.10823,25.3382,158.272,42.9134,542.671,6092.54,1758.61,0.345544,0.336156,0.351769,0.460676,0.46048,0.400389
4.98784,5.07511,6.11458,25.3737,158.308,42.9135,543.049,6097.14,1759.87,0.345669,0.336281,0.351894,0.460801,0.460605,0.400514
4.99243,5.08077,6.12097,25.4027,158.325,42.9138,543.427,6101.74,1761.13,0.345794,0.336406,0.352019,0.460926,0.46073,0.400639
4.99718,5.08643,6.12721,25.4319,158.357,42.9139,543.806,6106.34,1762.39,0.345919,0.336531,0.352144,0.461051,0.460855,0.400764
5.00197,5.0921,6.13342,25.4636,158.388,42.9143,544.185,6110.94,1763.65,0.346044,0.336656,0.352269,0.461176,0.46098,0.400889
5.00668,5.09777,6.13971,25.4905,158.418,42.9142,544.564,6115.55,1764.91,0.346169,0.336781,0.352394,0.461301,0.461105,0.401013
5.01142,5.10344,6.14596,25.5183,158.449,42.9143,544.944,6120.16,1766.17,0.346294,0.336906,0.352519,0.461426,0.46123,0.401138
5.01612,5.10912,6.15226,25.5476,158.47,42.9147,545.323,6124.77,1767.43,0.346419,0.337031,0.352644,0.461551,0.461355,0.401263
5.02083,5.1148,6.15856,25.5844,158.51,42.9147,545.703,6129.38,1768.69,0.346544,0.337156,0.352769,0.461676,0.46148,0.401388
5.02568,5.12048,6.16473,25.6154,158.55,42.9147,546.084,6133.99,1769.95,0.346669,0.337281,0.352894,0.461801,0.461605,0.401513
5.03051,5.12618,6.1709,25.6461,158.578,42.9152,546.464,6138.6,1771.21,0.346794,0.337406,0.353019,0.461926,0.46173,0.401638
5.03535,5.13187,6.17707,25.6699,158.601,42.9155,546.845,6143.22,1772.47,0.346919,0.337531,0.353144,0.462051,0.461855,0.401763
5.0401,5.13757,6.18334,25.6943,158.63,42.9154,547.226,6147.84,1773.74,0.347044,0.337656,0.353269,0.462176,0.46198,0.401888
5.04483,5.14327,6.18963,25.7222,158.654,42.9156,547.607,6152.46,1775,0.347169,0.337781,0.353394,0.462301,0.462105,0.402013
5.04965,5.14899,6.19583,25.7503,158.675,42.9162,547.988,6157.08,1776.26,0.347294,0.337906,0.353519,0.462426,0.46223,0.402138
5.05444,5.1547,6.20206,25.7762,158.695,42.9166,548.37,6161.7,1777.53,0.347419,0.338031,0.353644,0.462551,0.462355,0.402263
5.05907,5.16041,6.20845,25.8066,158.729,42.9163,548.752,6166.33,1778.79,0.347544,0.338156,0.353769,0.462676,0.46248,0.402388
5.06391,5.16614,6.21464,25.8396,158.758,42.9168,549.134,6170.96,1780.06,0.347669,0.338281,0.353894,0.462801,0.462605,0.402513
5.06868,5.17186,6.22091,25.8787,158.802,42.9168,549.517,6175.59,1781.32,0.347794,0.338406,0.354019,0.462926,0.46273,0.402638
5.07347,5.17759,6.22714,25.9076,158.827,42.9172,549.899,6180.22,1782.59,0.347919,0.338531,0.354144,0.463051,0.462855,0.402763
5.07822,5.18332,6.23344,25.934,158.858,42.917,550.282,6184.85,1783.85,0.348044,0.338656,0.354269,0.463176,0.462979,0.402888
5.08314,5.18906,6.23956,25.9644,158.886,42.9176,550.665,6189.48,1785.12,0.348169,0.338781,0.354394,0.463301,0.463104,0.403013
5.08794,5.1948,6.24579,25.9972,158.914,42.918,551.049,6194.12,1786.39,0.348294,0.338906,0.354519,0.463426,0.463229,0.403138
5.09278,5.20055,6.252,26.023,158.936,42.9184,551.432,6198.76,1787.65,0.348419,0.339031,0.354644,0.463551,0.463354,0.403263
5.09739,5.20631,6.25842,26.0561,158.959,42.9187,551.816,6203.4,1788.92,0.348544,0.339156,0.354769,0.463676,0.463479,0.403388
5.10222,5.21206,6.26465,26.089,159,42.9185,552.201,6208.04,1790.19,0.348669,0.339281,0.354894,0.463801,0.463604,0.403513
5.10701,5.21781,6.2709,26.1191,159.033,42.9185,552.585,6212.69,1791.46,0.348794,0.339406,0.355019,0.463926,0.463729,0.403638
5.11187,5.22357,6.27709,26.1558,159.072,42.9187,552.97,6217.33,1792.73,0.348919,0.339531,0.355144,0.464051,0.463854,0.403763
5.11668,5.22935,6.28334,26.1807,159.088,42.9193,553.355,6221.98,1794,0.349044,0.339656,0.355269,0.464176,0.463979,0.403888
5.12146,5.23512,6.28961,26.2153,159.121,42.9195,553.74,6226.63,1795.27,0.349169,0.339781,0.355394,0.464301,0.464104,0.404013
5.12634,5.24089,6.29579,26.2534,159.163,42.9197,554.125,6231.28,1796.54,0.349294,0.339906,0.355519,0.464426,0.464229,0.404138
5.13107,5.24667,6.30213,26.2872,159.204,42.9193,554.511,6235.94,1797.81,0.349419,0.340031,0.355644,0.464551,0.464354,0.404263
5.13594,5.25246,6.30831,26.3174,159.225,42.92,554.897,6240.59,1799.08,0.349544,0.340156,0.355769,0.464676,0.464479,0.404388
5.14074,5.25825,6.31457,26.3468,159.249,42.9204,555.283,6245.25,1800.35,0.349669,0.340281,0.355894,0.464801,0.464604,0.404513
5.14564,5.26404,6.32074,26.3829,159.284,42.9209,555.669,6249.91,1801.62,0.349794,0.340406,0.356019,0.464926,0.464729,0.404638
5.15046,5.26984,6.32698,26.4036,159.301,42.921,556.056,6254.57,1802.89,0.349919,0.340531,0.356144,0.465051,0.464854,0.404763
5.15533,5.27565,6.33318,26.4385,159.332,42.9215,556.443,6259.23,1804.16,0.350044,0.340656,0.356269,0.465176,0.464979,0.404888
5.16012,5.28145,6.33946,26.472,159.366,42.9215,556.83,6263.89,1805.44,0.350169,0.340781,0.356394,0.465301,0.465104,0.405013
5.16503,5.28726,6.34562,26.5111,159.402,42.9222,557.218,6268.56,1806.71,0.350294,0.340906,0.356519,0.465426,0.465229,0.405138
5.16987,5.29307,6.35186,26.5478,159.444,42.9221,557.605,6273.23,1807.98,0.350419,0.341031,0.356644,0.465551,0.465354,0.405263
5.1748,5.29889,6.35801,26.5844,159.476,42.9229,557.993,6277.9,1809.26,0.350544,0.341156,0.356769,0.465676,0.465479,0.405388
5.17968,5.30472,6.3642,26.618,159.506,42.9233,558.381,6282.57,1810.53,0.350669,0.341281,0.356894,0.465801,0.465604,0.405513
5.18451,5.31054,6.37046,26.6535,159.545,42.9233,558.77,6287.24,1811.81,0.350794,0.341406,0.357019,0.465926,0.465729,0.405638
5.18931,5.31638,6.37674,26.685,159.57,42.9236,559.158,6291.92,1813.08,0.350919,0.341531,0.357144,0.466051,0.465854,0.405763
5.19421,5.32222,6.38292,26.7146,159.596,42.9241,559.547,6296.6,1814.36,0.351044,0.341656,0.357269,0.466176,0.465979,0.405888
5.19904,5.32805,6.38919,26.7539,159.639,42.924,559.936,6301.27,1815.63,0.351169,0.341781,0.357394,0.466301,0.466104,0.406013
5.2039,5.3339,6.39541,26.7835,159.667,42.9242,560.326,6305.95,1816.91,0.351294,0.341906,0.357519,0.466426,0.466229,0.406138
5.20877,5.33975,6.40163,26.8234,159.7,42.9249,560.715,6310.64,1818.19,0.351419,0.342031,0.357644,0.466551,0.466354,0.406263
5.2136,5.3456,6.40789,26.8623,159.739,42.925,561.105,6315.32,1819.46,0.351544,0.342156,0.357769,0.466676,0.466479,0.406388
5.21852,5.35146,6.41406,26.8947,159.77,42.9254,561.495,6320.01,1820.74,0.351669,0.342281,0.357894,0.466801,0.466604,0.406513
5.22334,5.35732,6.42034,26.9267,159.801,42.9254,561.886,6324.7,1822.02,0.351794,0.342406,0.358019,0.466926,0.466729,0.406638
5.22825,5.36318,6.42652,26.9671,159.846,42.9255,562.276,6329.39,1823.3,0.351919,0.342531,0.358144,0.467051,0.466854,0.406763
5.23315,5.36905,6.43273,27.0056,159.887,42.9256,562.667,6334.08,1824.57,0.352044,0.342656,0.358269,0.467176,0.466979,0.406888
5.23809,5.37492,6.43889,27.0479,159.936,42.9258,563.058,6338.77,1825.85,0.352169,0.342781,0.358394,0.467301,0.467104,0.407013
5.24298,5.3808,6.4451,27.0781,159.968,42.9257,563.45,6343.47,1827.13,0.352294,0.342906,0.358519,0.467426,0.467229,0.407138
5.24784,5.38668,6.45134,27.1114,159.996,42.9261,563.841,6348.17,1828.41,0.352419,0.343031,0.358644,0.467551,0.467354,0.407263
5.2527,5.39256,6.45758,27.1507,160.043,42.9257,564.233,6352.87,1829.69,0.352544,0.343156,0.358769,0.467676,0.467479,0.407388
5.2576,5.39846,6.46379,27.186,160.069,42.9264,564.625,6357.57,1830.97,0.352669,0.343281,0.358894,0.467801,0.467604,0.407513
5.26254,5.40435,6.46994,27.2202,160.099,42.927,565.018,6362.27,1832.25,0.352794,0.343406,0.359019,0.467926,0.467729,0.407638
5.26743,5.41025,6.47617,27.2518,160.136,42.9267,565.411,6366.97,1833.53,0.352919,0.343531,0.359144,0.468051,0.467854,0.407763
5.27242,5.41615,6.48229,27.2938,160.182,42.927,565.803,6371.68,1834.82,0.353043,0.343656,0.359269,0.468176,0.467979,0.407888
5.27736,5.42205,6.48846,27.3379,160.233,42.927,566.197,6376.39,1836.1,0.353168,0.343781,0.359394,0.468301,0.468104,0.408013
5.28227,5.42796,6.49467,27.3757,160.279,42.9267,566.59,6381.1,1837.38,0.353293,0.343906,0.359518,0.468426,0.468229,0.408138
5.28718,5.43388,6.50087,27.4157,160.313,42.9273,566.984,6385.81,1838.66,0.353418,0.344031,0.359643,0.468551,0.468354,0.408263
5.29207,5.4398,6.5071,27.4584,160.358,42.9273,567.377,6390.53,1839.95,0.353543,0.344156,0.359768,0.468676,0.468479,0.408388
5.29705,5.44572,6.51324,27.497,160.402,42.9273,567.771,6395.25,1841.23,0.353668,0.344281,0.359893,0.468801,0.468604,0.408513
5.302,5.45165,6.51941,27.5368,160.448,42.9273,568.166,6399.96,1842.52,0.353793,0.344406,0.360018,0.468926,0.468729,0.408638
5.30692,5.45758,6.52561,27.5682,160.476,42.9275,568.56,6404.69,1843.8,0.353918,0.344531,0.360143,0.469051,0.468854,0.408763
5.31183,5.46352,6.53181,27.6025,160.508,42.9277,568.955,6409.41,1845.08,0.354043,0.344656,0.360268,0.469176,0.468979,0.408888
5.31679,5.46947,6.53797,27.6337,160.535,42.9281,569.351,6414.13,1846.37,0.354168,0.344781,0.360393,0.469301,0.469104,0.409013
5.32172,5.47541,6.54416,27.6638,160.564,42.9282,569.746,6418.86,1847.66,0.354293,0.344906,0.360518,0.469426,0.469229,0.409138
5.3267,5.48137,6.55029,27.6985,160.583,42.9296,570.142,6423.59,1848.94,0.354418,0.345031,0.360643,0.469551,0.469354,0.409263
5.33166,5.48733,6.55646,27.7342,160.622,42.9296,570.538,6428.32,1850.23,0.354543,0.345156,0.360768,0.469676,0.469479,0.409388
5.33664,5.49328,6.5626,27.7732,160.665,42.9297,570.934,6433.05,1851.51,0.354668,0.345281,0.360893,0.469801,0.469604,0.409513
5.34161,5.49924,6.56876,27.8151,160.712,42.9296,571.331,6437.78,1852.8,0.354793,0.345406,0.361018,0.469926,0.469729,0.409638
5.34661,5.50522,6.57489,27.8449,160.733,42.9305,571.728,6442.52,1854.09,0.354918,0.345531,0.361143,0.470051,0.469854,0.409763
5.35159,5.51119,6.58103,27.881,160.765,42.9311,572.125,6447.25,1855.38,0.355043,0.345656,0.361268,0.470176,0.469979,0.409888
5.35658,5.51717,6.58717,27.9169,160.803,42.9312,572.522,6451.99,1856.67,0.355168,0.345781,0.361393,0.470301,0.470104,0.410013
5.36155,5.52315,6.59333,27.9562,160.846,42.9312,572.92,6456.73,1857.95,0.355293,0.345906,0.361518,0.470426,0.470229,0.410138
5.36652,5.52913,6.59949,27.9909,160.884,42.931,573.318,6461.48,1859.24,0.355418,0.346031,0.361643,0.470551,0.470354,0.410263
5.37152,5.53512,6.60563,28.0265,160.922,42.9311,573.716,6466.22,1860.53,0.355543,0.346156,0.361768,0.470676,0.470479,0.410388
5.37647,5.54111,6.61182,28.0627,160.964,42.9306,574.114,6470.97,1861.82,0.355668,0.346281,0.361893,0.470801,0.470604,0.410513
5.38138,5.5471,6.61804,28.0966,160.999,42.9303,574.513,6475.72,1863.11,0.355793,0.346406,0.362018,0.470926,0.470729,0.410638
5.38641,5.55311,6.62414,28.142,161.042,42.931,574.912,6480.47,1864.4,0.355918,0.346531,0.362143,0.471051,0.470854,0.410763
5.39138,5.55912,6.6303,28.1831,161.077,42.9316,575.311,6485.22,1865.7,0.356043,0.346656,0.362268,0.471176,0.470979,0.410888
5.39644,5.56513,6.63637,28.2244,161.124,42.9319,575.711,6489.98,1866.99,0.356168,0.346781,0.362393,0.471301,0.471104,0.411013
5.40143,5.57114,6.64252,28.2603,161.163,42.9317,576.11,6494.73,1868.28,0.356293,0.346906,0.362518,0.471426,0.471229,0.411138
5.40644,5.57716,6.64865,28.2967,161.198,42.932,576.51,6499.49,1869.57,0.356418,0.347031,0.362643,0.471551,0.471354,0.411263
5.41148,5.58318,6.65475,28.3391,161.247,42.932,576.911,6504.25,1870.86,0.356543,0.347156,0.362768,0.471676,0.471479,0.411388
5.41647,5.58921,6.6609,28.374,161.288,42.9315,577.311,6509.01,1872.16,0.356668,0.347281,0.362893,0.471801,0.471604,0.411513
5.42149,5.59524,6.66701,28.4122,161.317,42.9325,577.712,6513.78,1873.45,0.356793,0.347406,0.363018,0.471926,0.471729,0.411638
5.42653,5.60128,6.6731,28.4554,161.362,42.9328,578.113,6518.54,1874.74,0.356918,0.347531,0.363143,0.472051,0.471854,0.411763
5.43151,5.60732,6.67927,28.4944,161.403,42.9326,578.515,6523.31,1876.04,0.357043,0.347656,0.363268,0.472176,0.471979,0.411888
5.43657,5.61337,6.68534,28.5359,161.442,42.9333,578.917,6528.08,1877.33,0.357168,0.347781,0.363393,0.472301,0.472104,0.412013
5.44163,5.61942,6.69141,28.5781,161.475,42.9346,579.318,6532.85,1878.63,0.357293,0.347906,0.363518,0.472426,0.472229,0.412138
5.44665,5.62548,6.69754,28.6252,161.521,42.935,579.721,6537.62,1879.92,0.357418,0.348031,0.363643,0.472551,0.472354,0.412263
5.45173,5.63154,6.70359,28.6649,161.555,42.9361,580.123,6542.4,1881.22,0.357543,0.348156,0.363768,0.472676,0.472479,0.412388
5.45674,5.63761,6.70973,28.7047,161.587,42.9367,580.526,6547.17,1882.51,0.357668,0.348281,0.363893,0.472801,0.472604,0.412513
5.46177,5.64368,6.71584,28.7432,161.624,42.937,580.929,6551.95,1883.81,0.357793,0.348406,0.364018,0.472926,0.472729,0.412638
5.46679,5.64975,6.72195,28.7869,161.669,42.937,581.332,6556.73,1885.11,0.357918,0.348531,0.364143,0.473051,0.472854,0.412763
5.47185,5.65583,6.72803,28.8213,161.7,42.9375,581.736,6561.51,1886.4,0.358043,0.348656,0.364268,0.473176,0.472979,0.412888
5.47688,5.6619,6.73414,28.8603,161.742,42.9372,582.14,6566.3,1887.7,0.358168,0.348781,0.364393,0.473301,0.473104,0.413013
5.48196,5.66799,6.7402,28.901,161.788,42.9373,582.544,6571.08,1889,0.358293,0.348906,0.364518,0.473426,0.473229,0.413138
5.487,5.67408,6.7463,28.9362,161.821,42.9373,582.948,6575.87,1890.3,0.358418,0.349031,0.364643,0.473551,0.473354,0.413263
5.49207,5.68017,6.75237,28.9793,161.87,42.9372,583.353,6580.66,1891.6,0.358543,0.349156,0.364768,0.473676,0.473479,0.413388
5.49711,5.68627,6.75846,29.0194,161.905,42.9376,583.758,6585.46,1892.89,0.358668,0.349281,0.364893,0.473801,0.473604,0.413513
5.50217,5.69237,6.76454,29.0661,161.959,42.9373,584.163,6590.25,1894.19,0.358793,0.349406,0.365018,0.473926,0.473729,0.413638
5.50722,5.69847,6.77062,29.1014,161.992,42.9373,584.569,6595.04,1895.49,0.358918,0.349531,0.365143,0.474051,0.473854,0.413763
5.5123,5.70458,6.77668,29.1591,162.056,42.9375,584.975,6599.84,1896.79,0.359043,0.349656,0.365268,0.474176,0.473979,0.413888
5.51739,5.7107,6.78272,29.2031,162.097,42.9381,585.381,6604.64,1898.09,0.359168,0.34978,0.365393,0.474301,0.474104,0.414013
5.52246,5.71682,6.78878,29.2416,162.13,42.9387,585.787,6609.44,1899.39,0.359293,0.349905,0.365518,0.474425,0.474229,0.414138
5.52754,5.72294,6.79484,29.2816,162.173,42.9384,586.194,6614.25,1900.7,0.359418,0.35003,0.365643,0.47455,0.474354,0.414263
5.53262,5.72907,6.80088,29.325,162.213,42.9388,586.601,6619.05,1902,0.359543,0.350155,0.365768,0.474675,0.474479,0.414388
5.5377,5.73521,6.80693,29.3683,162.244,42.9401,587.008,6623.86,1903.3,0.359668,0.35028,0.365893,0.4748,0.474604,0.414513
5.54279,5.74135,6.81296,29.4213,162.291,42.9411,587.416,6628.67,1904.6,0.359793,0.350405,0.366018,0.474925,0.474729,0.414638
5.54789,5.74749,6.81899,29.4609,162.336,42.9407,587.823,6633.48,1905.9,0.359918,0.35053,0.366143,0.47505,0.474854,0.414762
5.55302,5.75364,6.82497,29.5038,162.372,42.942,588.232,6638.29,1907.21,0.360043,0.350655,0.366268,0.475175,0.474979,0.414887
5.55813,5.75979,6.83099,29.5545,162.423,42.9425,588.64,6643.1,1908.51,0.360168,0.35078,0.366393,0.4753,0.475104,0.415012
5.56324,5.76595,6.837,29.5902,162.451,42.9431,589.049,6647.92,1909.81,0.360293,0.350905,0.366518,0.475425,0.475229,0.415137
5.56836,5.77212,6.843,29.6338,162.484,42.9445,589.458,6652.74,1911.12,0.360418,0.35103,0.366643,0.47555,0.475354,0.415262
5.57347,5.77828,6.849,29.6821,162.534,42.9446,589.867,6657.55,1912.42,0.360543,0.351155,0.366768,0.475675,0.475479,0.415387
5.57862,5.78444,6.85498,29.7276,162.583,42.9449,590.276,6662.38,1913.72,0.360668,0.35128,0.366893,0.4758,0.475604,0.415512
5.58375,5.79062,6.86097,29.7735,162.626,42.9456,590.686,6667.2,1915.03,0.360793,0.351405,0.367018,0.475925,0.475729,0.415637
5.5889,5.7968,6.86694,29.8252,162.675,42.9467,591.096,6672.02,1916.33,0.360918,0.35153,0.367143,0.47605,0.475854,0.415762
5.59404,5.80298,6.87291,29.877,162.723,42.9478,591.507,6676.85,1917.64,0.361043,0.351655,0.367268,0.476175,0.475979,0.415887
5.59918,5.80917,6.87889,29.921,162.759,42.9487,591.917,6681.68,1918.95,0.361168,0.35178,0.367393,0.4763,0.476104,0.416012
5.60432,5.81536,6.88486,29.9672,162.804,42.9491,592.328,6686.51,1920.25,0.361293,0.351905,0.367518,0.476425,0.476229,0.416137
5.60947,5.82155,6.89083,30.0098,162.845,42.9494,592.739,6691.34,1921.56,0.361418,0.35203,0.367643,0.47655,0.476354,0.416262
5.61462,5.82775,6.89679,30.0549,162.89,42.9497,593.151,6696.17,1922.87,0.361543,0.352155,0.367768,0.476675,0.476479,0.416387
5.61978,5.83396,6.90274,30.1023,162.925,42.9514,593.563,6701.01,1924.17,0.361668,0.35228,0.367893,0.4768,0.476604,0.416512
5.62494,5.84018,6.90868,30.1482,162.96,42.9528,593.975,6705.85,1925.48,0.361793,0.352405,0.368018,0.476925,0.476728,0.416637
5.63011,5.84639,6.91463,30.1933,163.007,42.9528,594.387,6710.68,1926.79,0.361918,0.35253,0.368143,0.47705,0.476853,0.416762
5.63527,5.85261,6.92056,30.2408,163.047,42.9537,594.8,6715.53,1928.1,0.362043,0.352655,0.368268,0.477175,0.476978,0.416887
5.64045,5.85883,6.92649,30.2842,163.09,42.9539,595.213,6720.37,1929.4,0.362168,0.35278,0.368393,0.4773,0.477103,0.417012
5.64563,5.86506,6.9324,30.3366,163.133,42.9554,595.626,6725.21,1930.71,0.362293,0.352905,0.368518,0.477425,0.477228,0.417137
5.65081,5.8713,6.9383,30.3878,163.165,42.9577,596.04,6730.06,1932.02,0.362418,0.35303,0.368643,0.47755,0.477353,0.417262
5.65599,5.87754,6.9442,30.4415,163.212,42.959,596.454,6734.9,1933.33,0.362543,0.353155,0.368768,0.477675,0.477478,0.417387
5.66119,5.88377,6.95011,30.495,163.272,42.9588,596.868,6739.75,1934.64,0.362668,0.35328,0.368893,0.4778,0.477603,0.417512
5.66638,5.89001,6.956,30.542,163.318,42.9595,597.282,6744.6,1935.95,0.362793,0.353405,0.369018,0.477925,0.477728,0.417637
5.67159,5.89627,6.96188,30.5926,163.357,42.9613,597.697,6749.46,1937.26,0.362918,0.35353,0.369143,0.47805,0.477853,0.417762
5.67679,5.90252,6.96776,30.634,163.393,42.9621,598.112,6754.31,1938.57,0.363043,0.353655,0.369268,0.478175,0.477978,0.417887
5.682,5.90878,6.97362,30.681,163.434,42.9631,598.527,6759.17,1939.88,0.363168,0.35378,0.369393,0.4783,0.478103,0.418012
5.68721,5.91503,6.97949,30.7301,163.49,42.9628,598.943,6764.02,1941.19,0.363293,0.353905,0.369518,0.478425,0.478228,0.418137
5.69243,5.9213,6.98535,30.7862,163.545,42.9636,599.359,6768.88,1942.5,0.363418,0.35403,0.369643,0.47855,0.478353,0.418262
5.69765,5.92756,6.99121,30.8378,163.599,42.964,599.775,6773.74,1943.81,0.363543,0.354155,0.369768,0.478675,0.478478,0.418387
5.70287,5.93384,6.99707,30.8887,163.65,42.9648,600.192,6778.61,1945.13,0.363668,0.35428,0.369893,0.4788,0.478603,0.418512
5.7081,5.94012,7.0029,30.9325,163.682,42.9666,600.609,6783.47,1946.44,0.363793,0.354405,0.370018,0.478925,0.478728,0.418637
5.71334,5.94641,7.00873,30.9795,163.725,42.9673,601.026,6788.34,1947.75,0.363918,0.35453,0.370143,0.47905,0.478853,0.418762
5.71858,5.95269,7.01456,31.0316,163.781,42.9674,601.443,6793.21,1949.06,0.364043,0.354655,0.370268,0.479175,0.478978,0.418887
5.72384,5.95898,7.02037,31.0892,163.835,42.9681,601.861,6798.08,1950.38,0.364168,0.35478,0.370393,0.4793,0.479103,0.419012
5.72908,5.96528,7.02618,31.1415,163.884,42.9693,602.279,6802.95,1951.69,0.364293,0.354905,0.370518,0.479425,0.479228,0.419137
5.73434,5.97158,7.03198,31.1853,163.931,42.9691,602.697,6807.82,1953.01,0.364418,0.35503,0.370643,0.47955,0.479353,0.419262
5.73961,5.97788,7.03777,31.2301,163.969,42.9701,603.116,6812.7,1954.32,0.364543,0.355155,0.370768,0.479675,0.479478,0.419387
5.74486,5.98419,7.04357,31.2875,164.03,42.9705,603.535,6817.58,1955.64,0.364668,0.35528,0.370893,0.4798,0.479603,0.419512
5.75015,5.99051,7.04933,31.3461,164.075,42.9727,603.954,6822.46,1956.95,0.364793,0.355405,0.371018,0.479925,0.479728,0.419637
5.75542,5.99683,7.0551,31.3966,164.122,42.9737,604.374,6827.34,1958.27,0.364918,0.35553,0.371143,0.48005,0.479853,0.419762
5.7607,6.00316,7.06086,31.4457,164.158,42.9759,604.794,6832.22,1959.58,0.365043,0.355655,0.371268,0.480175,0.479978,0.419887
5.76599,6.00948,7.06661,31.4998,164.224,42.9748,605.214,6837.11,1960.9,0.365168,0.35578,0.371393,0.4803,0.480103,0.420012
5.77125,6.01581,7.07238,31.5551,164.271,42.9769,605.634,6841.99,1962.21,0.365293,0.355905,0.371518,0.480425,0.480228,0.420137
5.77654,6.02216,7.07812,31.5998,164.305,42.9787,606.055,6846.88,1963.53,0.365418,0.35603,0.371643,0.48055,0.480353,0.420262
5.78179,6.0285,7.0839,31.6541,164.355,42.9805,606.476,6851.77,1964.85,0.365543,0.356155,0.371768,0.480675,0.480478,0.420387
5.78709,6.03485,7.08963,31.7028,164.394,42.9823,606.898,6856.66,1966.16,0.365668,0.35628,0.371893,0.4808,0.480603,0.420512
5.79241,6.0412,7.09533,31.7562,164.438,42.9841,607.32,6861.56,1967.48,0.365793,0.356405,0.372018,0.480925,0.480728,0.420637
5.79772,6.04755,7.10105,31.8042,164.487,42.9844,607.742,6866.45,1968.8,0.365918,0.35653,0.372143,0.48105,0.480853,0.420762
5.80301,6.05392,7.10678,31.8537,164.529,42.9864,608.164,6871.35,1970.12,0.366043,0.356655,0.372268,0.481175,0.480978,0.420887
5.80831,6.06028,7.1125,31.9002,164.569,42.9879,608.587,6876.25,1971.43,0.366168,0.35678,0.372393,0.4813,0.481103,0.421012
5.81364,6.06665,7.11818,31.952,164.621,42.9883,609.01,6881.15,1972.75,0.366293,0.356905,0.372518,0.481425,0.481228,0.421137
5.81897,6.07302,7.12387,32.0101,164.681,42.9889,609.433,6886.05,1974.07,0.366418,0.35703,0.372643,0.48155,0.481353,0.421262
5.8243,6.07939,7.12955,32.0611,164.73,42.9898,609.857,6890.96,1975.39,0.366543,0.357155,0.372768,0.481675,0.481478,0.421387
5.82963,6.08578,7.13522,32.1119,164.77,42.992,610.281,6895.86,1976.71,0.366668,0.35728,0.372893,0.4818,0.481603,0.421512
5.83498,6.09216,7.14088,32.172,164.836,42.992,610.705,6900.77,1978.03,0.366793,0.357405,0.373018,0.481925,0.481728,0.421637
5.84033,6.09854,7.14654,32.2325,164.903,42.9919,611.129,6905.68,1979.35,0.366917,0.35753,0.373143,0.48205,0.481853,0.421762
5.84566,6.10494,7.15221,32.2896,164.955,42.9937,611.554,6910.59,1980.67,0.367042,0.357655,0.373268,0.482175,0.481978,0.421887
5.85102,6.11133,7.15784,32.3388,165.007,42.9938,611.98,6915.51,1981.99,0.367167,0.35778,0.373392,0.4823,0.482103,0.422012
5.85636,6.11773,7.16349,32.3994,165.063,42.9956,612.405,6920.42,1983.31,0.367292,0.357905,0.373517,0.482425,0.482228,0.422137
5.86173,6.12414,7.16911,32.4509,165.109,42.997,612.831,6925.34,1984.63,0.367417,0.35803,0.373642,0.48255,0.482353,0.422262
5.86713,6.13055,7.17469,32.511,165.169,42.9978,613.257,6930.26,1985.95,0.367542,0.358155,0.373767,0.482675,0.482478,0.422387
5.87251,6.13697,7.18029,32.5756,165.223,43.0005,613.684,6935.18,1987.28,0.367667,0.35828,0.373892,0.4828,0.482603,0.422512
5.87788,6.14339,7.18588,32.6319,165.275,43.0019,614.11,6940.1,1988.6,0.367792,0.358405,0.374017,0.482925,0.482728,0.422637
5.88324,6.14983,7.19149,32.6961,165.328,43.005,614.537,6945.03,1989.92,0.367917,0.35853,0.374142,0.48305,0.482853,0.422762
5.88862,6.15625,7.19707,32.7566,165.386,43.0064,614.965,6949.95,1991.24,0.368042,0.358655,0.374267,0.483175,0.482978,0.422887
5.89402,6.16269,7.20263,32.8171,165.434,43.0093,615.393,6954.88,1992.57,0.368167,0.35878,0.374392,0.4833,0.483103,0.423012
5.8994,6.16914,7.20821,32.8688,165.475,43.0119,615.821,6959.81,1993.89,0.368292,0.358905,0.374517,0.483425,0.483228,0.423137
5.90484,6.17558,7.21373,32.9259,165.527,43.0134,616.249,6964.74,1995.21,0.368417,0.35903,0.374642,0.48355,0.483353,0.423262
5.91028,6.18203,7.21923,32.9891,165.59,43.0142,616.678,6969.67,1996.54,0.368542,0.359155,0.374767,0.483675,0.483478,0.423387
5.9157,6.18848,7.22476,33.0458,165.641,43.016,617.107,6974.61,1997.86,0.368667,0.35928,0.374892,0.4838,0.483603,0.423512
5.92108,6.19493,7.23032,33.1076,165.705,43.017,617.536,6979.54,1999.18,0.368792,0.359405,0.375017,0.483925,0.483728,0.423637
5.92651,6.20141,7.23582,33.1723,165.754,43.0208,617.966,6984.48,2000.51,0.368917,0.35953,0.375142,0.48405,0.483853,0.423762
5.93196,6.20787,7.2413,33.2323,165.81,43.0223,618.396,6989.42,2001.83,0.369042,0.359655,0.375267,0.484175,0.483978,0.423887
5.93742,6.21435,7.24676,33.2853,165.842,43.0266,618.826,6994.36,2003.16,0.369167,0.35978,0.375392,0.4843,0.484103,0.424012
5.94287,6.22083,7.25223,33.3375,165.887,43.0284,619.257,6999.3,2004.48,0.369292,0.359905,0.375517,0.484425,0.484228,0.424137
5.9483,6.22732,7.2577,33.3918,165.928,43.0317,619.688,7004.25,2005.81,0.369417,0.36003,0.375642,0.48455,0.484353,0.424262
5.95374,6.2338,7.26318,33.4503,165.979,43.0341,620.119,7009.19,2007.14,0.369542,0.360155,0.375767,0.484675,0.484478,0.424387
5.9592,6.24029,7.26863,33.5111,166.038,43.0354,620.551,7014.14,2008.46,0.369667,0.36028,0.375892,0.4848,0.484603,0.424512
5.9647,6.24678,7.27402,33.5764,166.097,43.0375,620.983,7019.09,2009.79,0.369792,0.360405,0.376017,0.484925,0.484728,0.424637
5.97015,6.25328,7.27947,33.6422,166.163,43.0389,621.415,7024.04,2011.11,0.369917,0.36053,0.376142,0.48505,0.484853,0.424762
5.9757,6.25978,7.28481,33.7006,166.212,43.0412,621.848,7028.99,2012.44,0.370042,0.360655,0.376267,0.485175,0.484978,0.424887
5.98117,6.26628,7.29023,33.7627,166.276,43.0421,622.281,7033.94,2013.77,0.370167,0.36078,0.376392,0.4853,0.485103,0.425012
5.9867,6.2728,7.29557,33.8187,166.321,43.0448,622.714,7038.9,2015.09,0.370292,0.360905,0.376517,0.485425,0.485228,0.425137
5.99222,6.27932,7.30092,33.8767,166.372,43.0469,623.148,7043.86,2016.42,0.370417,0.36103,0.376642,0.48555,0.485353,0.425262
5.99773,6.28584,7.30628,33.9393,166.423,43.0502,623.582,7048.82,2017.75,0.370542,0.361155,0.376767,0.485675,0.485478,0.425387
6.00332,6.29237,7.31154,33.9933,166.47,43.0518,624.017,7053.78,2019.08,0.370667,0.36128,0.376892,0.4858,0.485603,0.425512
6.00886,6.2989,7.31686,34.0514,166.525,43.0533,624.452,7058.74,2020.41,0.370792,0.361405,0.377017,0.485925,0.485728,0.425637
6.01433,6.30542,7.32224,34.1234,166.604,43.0538,624.887,7063.71,2021.73,0.370917,0.36153,0.377142,0.48605,0.485853,0.425762
6.01987,6.31196,7.32755,34.2002,166.674,43.0568,625.322,7068.67,2023.06,0.371042,0.361655,0.377267,0.486175,0.485978,0.425887
6.02537,6.31851,7.33288,34.2662,166.729,43.0604,625.758,7073.64,2024.39,0.371167,0.36178,0.377392,0.4863,0.486103,0.426012
6.03091,6.32505,7.33817,34.343,166.803,43.0628,626.194,7078.61,2025.72,0.371292,0.361905,0.377517,0.486425,0.486228,0.426137
6.03653,6.3316,7.34338,34.4125,166.872,43.0641,626.63,7083.58,2027.05,0.371417,0.36203,0.377642,0.48655,0.486353,0.426262
6.04209,6.33815,7.34863,34.4804,166.936,43.0662,627.067,7088.56,2028.38,0.371542,0.362155,0.377767,0.486675,0.486478,0.426387
6.04764,6.34471,7.3539,34.5589,167.015,43.0681,627.504,7093.53,2029.71,0.371667,0.36228,0.377892,0.4868,0.486603,0.426512
6.05323,6.35128,7.35911,34.6218,167.067,43.0714,627.942,7098.51,2031.04,0.371792,0.362405,0.378017,0.486925,0.486728,0.426637
6.05878,6.35785,7.36435,34.6948,167.135,43.074,628.38,7103.49,2032.37,0.371917,0.36253,0.378142,0.48705,0.486853,0.426762
6.06434,6.36442,7.36958,34.767,167.204,43.0764,628.818,7108.47,2033.7,0.372042,0.362655,0.378267,0.487175,0.486978,0.426887
6.06989,6.37099,7.37483,34.8268,167.265,43.0775,629.256,7113.45,2035.03,0.372167,0.36278,0.378392,0.4873,0.487103,0.427012
6.07558,6.37758,7.37991,34.9041,167.33,43.0814,629.695,7118.43,2036.37,0.372292,0.362905,0.378517,0.487425,0.487228,0.427137
6.08118,6.38417,7.38508,34.9604,167.379,43.084,630.134,7123.42,2037.7,0.372417,0.36303,0.378642,0.48755,0.487353,0.427262
6.08673,6.39077,7.39029,35.0202,167.428,43.0875,630.574,7128.41,2039.03,0.372542,0.363155,0.378767,0.487675,0.487478,0.427387
6.09242,6.39736,7.39536,35.0848,167.495,43.088,631.014,7133.39,2040.36,0.372667,0.36328,0.378892,0.4878,0.487603,0.427512
6.09812,6.40395,7.40041,35.1395,167.546,43.0894,631.454,7138.39,2041.69,0.372792,0.363405,0.379017,0.487925,0.487728,0.427637
6.10381,6.41056,7.40546,35.2064,167.608,43.0916,631.895,7143.38,2043.03,0.372917,0.36353,0.379142,0.48805,0.487853,0.427762
6.10937,6.41717,7.41064,35.2752,167.668,43.0954,632.336,7148.37,2044.36,0.373042,0.363654,0.379267,0.488174,0.487978,0.427887
6.11499,6.42379,7.41574,35.3322,167.719,43.0978,632.777,7153.37,2045.69,0.373167,0.363779,0.379392,0.488299,0.488103,0.428012
6.12063,6.43041,7.42082,35.3983,167.774,43.1015,633.219,7158.36,2047.02,0.373292,0.363904,0.379517,0.488424,0.488228,0.428137
6.12627,6.43704,7.42589,35.4513,167.817,43.1046,633.661,7163.36,2048.36,0.373417,0.364029,0.379642,0.488549,0.488353,0.428262
6.13193,6.44367,7.43091,35.5062,167.855,43.1094,634.104,7168.36,2049.69,0.373542,0.364154,0.379767,0.488674,0.488478,0.428387
6.13762,6.45031,7.43592,35.5733,167.911,43.1132,634.547,7173.37,2051.03,0.373667,0.364279,0.379892,0.488799,0.488603,0.428512
6.14328,6.45695,7.44094,35.6497,167.981,43.1166,634.99,7178.37,2052.36,0.373792,0.364404,0.380017,0.488924,0.488728,0.428636
6.14889,6.46359,7.44602,35.7254,168.048,43.1208,635.434,7183.38,2053.69,0.373917,0.364529,0.380142,0.489049,0.488853,0.428761
6.15444,6.47024,7.45114,35.7965,168.113,43.1244,635.878,7188.38,2055.03,0.374042,0.364654,0.380267,0.489174,0.488978,0.428886
6.16012,6.47689,7.45614,35.8775,168.188,43.128,636.322,7193.39,2056.36,0.374167,0.364779,0.380392,0.489299,0.489103,0.429011
6.16587,6.48355,7.46104,35.9449,168.241,43.1328,636.767,7198.4,2057.7,0.374292,0.364904,0.380517,0.489424,0.489228,0.429136
6.17158,6.49021,7.46599,36.014,168.302,43.1365,637.212,7203.41,2059.03,0.374417,0.365029,0.380642,0.489549,0.489353,0.429261
6.17739,6.49688,7.47082,36.0749,168.351,43.1403,637.657,7208.43,2060.37,0.374542,0.365154,0.380767,0.489674,0.489478,0.429386
6.18324,6.50355,7.4756,36.152,168.423,43.143,638.103,7213.44,2061.7,0.374667,0.365279,0.380892,0.489799,0.489603,0.429511
6.18892,6.51022,7.48054,36.2188,168.483,43.1465,638.549,7218.46,2063.04,0.374792,0.365404,0.381017,0.489924,0.489728,0.429636
6.19465,6.5169,7.48543,36.2981,168.555,43.1506,638.996,7223.48,2064.38,0.374917,0.365529,0.381142,0.490049,0.489853,0.429761
6.20025,6.52359,7.49044,36.3771,168.622,43.1561,639.443,7228.49,2065.71,0.375042,0.365654,0.381267,0.490174,0.489978,0.429886
6.20598,6.53028,7.49531,36.446,168.684,43.1596,639.89,7233.52,2067.05,0.375167,0.365779,0.381392,0.490299,0.490103,0.430011
6.21169,6.53697,7.5002,36.5274,168.76,43.1636,640.338,7238.54,2068.38,0.375292,0.365904,0.381517,0.490424,0.490228,0.430136
6.21737,6.54367,7.5051,36.5984,168.823,43.1678,640.786,7243.56,2069.72,0.375417,0.366029,0.381642,0.490549,0.490353,0.430261
6.22321,6.55038,7.50984,36.6794,168.886,43.1744,641.234,7248.59,2071.06,0.375542,0.366154,0.381767,0.490674,0.490478,0.430386
6.22906,6.55708,7.51455,36.7553,168.956,43.1777,641.683,7253.62,2072.39,0.375667,0.366279,0.381892,0.490799,0.490602,0.430511
6.23485,6.56379,7.51932,36.8421,169.035,43.1825,642.132,7258.65,2073.73,0.375792,0.366404,0.382017,0.490924,0.490727,0.430636
6.24065,6.57051,7.52406,36.9148,169.099,43.1868,642.582,7263.68,2075.07,0.375917,0.366529,0.382142,0.491049,0.490852,0.430761
6.24645,6.57723,7.5288,36.9774,169.151,43.1909,643.032,7268.71,2076.41,0.376042,0.366654,0.382267,0.491174,0.490977,0.430886
6.25225,6.58395,7.53353,37.0671,169.235,43.1954,643.482,7273.74,2077.74,0.376167,0.366779,0.382392,0.491299,0.491102,0.431011
6.25814,6.59067,7.53817,37.1511,169.315,43.1989,643.933,7278.78,2079.08,0.376292,0.366904,0.382517,0.491424,0.491227,0.431136
6.26403,6.59741,7.54278,37.2238,169.373,43.2047,644.384,7283.82,2080.42,0.376417,0.367029,0.382642,0.491549,0.491352,0.431261
6.26994,6.60416,7.54737,37.2991,169.432,43.2112,644.836,7288.86,2081.76,0.376542,0.367154,0.382767,0.491674,0.491477,0.431386
6.27588,6.61091,7.5519,37.3833,169.499,43.2183,645.288,7293.9,2083.1,0.376667,0.367279,0.382892,0.491799,0.491602,0.431511
6.28162,6.61765,7.55665,37.468,169.579,43.2226,645.74,7298.94,2084.44,0.376792,0.367404,0.383017,0.491924,0.491727,0.431636
6.28734,6.6244,7.5614,37.5574,169.658,43.229,646.193,7303.98,2085.77,0.376917,0.367529,0.383142,0.492049,0.491852,0.431761
6.29301,6.63116,7.56618,37.6244,169.714,43.2344,646.646,7309.03,2087.11,0.377042,0.367654,0.383267,0.492174,0.491977,0.431886
6.29891,6.63793,7.57073,37.6965,169.769,43.2414,647.099,7314.07,2088.45,0.377167,0.367779,0.383392,0.492299,0.492102,0.432011
6.30471,6.6447,7.57539,37.7732,169.839,43.246,647.553,7319.12,2089.79,0.377292,0.367904,0.383517,0.492424,0.492227,0.432136
6.31051,6.65146,7.58002,37.8468,169.908,43.2497,648.007,7324.17,2091.13,0.377417,0.368029,0.383642,0.492549,0.492352,0.432261
6.31629,6.65823,7.58468,37.9224,169.978,43.2542,648.462,7329.22,2092.47,0.377542,0.368154,0.383767,0.492674,0.492477,0.432386
6.32207,6.66502,7.5893,38.0161,170.057,43.2621,648.917,7334.27,2093.81,0.377667,0.368279,0.383892,0.492799,0.492602,0.432511
6.32799,6.6718,7.5938,38.1001,170.129,43.2686,649.372,7339.33,2095.15,0.377792,0.368404,0.384017,0.492924,0.492727,0.432636
6.33395,6.67859,7.59823,38.1732,170.191,43.274,649.828,7344.38,2096.49,0.377917,0.368529,0.384142,0.493049,0.492852,0.432761
6.33968,6.6854,7.60288,38.253,170.253,43.2827,650.284,7349.44,2097.83,0.378042,0.368654,0.384267,0.493174,0.492977,0.432886
6.34556,6.69219,7.60739,38.3312,170.323,43.288,650.741,7354.5,2099.17,0.378167,0.368779,0.384392,0.493299,0.493102,0.433011
6.35136,6.69899,7.61196,38.4048,170.39,43.2928,651.198,7359.56,2100.51,0.378292,0.368904,0.384517,0.493424,0.493227,0.433136
6.35727,6.7058,7.61642,38.4911,170.467,43.2989,651.655,7364.62,2101.85,0.378417,0.369029,0.384642,0.493549,0.493352,0.433261
6.36316,6.71261,7.62088,38.5673,170.534,43.3047,652.113,7369.68,2103.19,0.378542,0.369154,0.384767,0.493674,0.493477,0.433386
6.36907,6.71943,7.6253,38.6504,170.609,43.3103,652.571,7374.75,2104.53,0.378667,0.369279,0.384892,0.493799,0.493602,0.433511
6.37507,6.72625,7.62964,38.7331,170.683,43.3159,653.03,7379.81,2105.87,0.378792,0.369404,0.385017,0.493924,0.493727,0.433636
6.38106,6.73307,7.63397,38.8089,170.752,43.3209,653.489,7384.88,2107.21,0.378917,0.369529,0.385142,0.494049,0.493852,0.433761
6.38709,6.73991,7.63824,38.9015,170.824,43.3309,653.949,7389.95,2108.55,0.379042,0.369654,0.385267,0.494174,0.493977,0.433886
6.39306,6.74673,7.64258,38.9835,170.907,43.3337,654.409,7395.02,2109.9,0.379167,0.369779,0.385392,0.494299,0.494102,0.434011
6.39896,6.75357,7.64696,39.0863,170.997,43.3425,654.869,7400.09,2111.24,0.379292,0.369904,0.385517,0.494424,0.494227,0.434136
6.40498,6.76041,7.65122,39.1698,171.078,43.3464,655.33,7405.17,2112.58,0.379417,0.370029,0.385642,0.494549,0.494352,0.434261
6.41108,6.76727,7.65538,39.2637,171.157,43.3549,655.791,7410.24,2113.92,0.379542,0.370154,0.385767,0.494674,0.494477,0.434386
6.41709,6.77412,7.65961,39.3434,171.224,43.3623,656.252,7415.32,2115.26,0.379667,0.370279,0.385892,0.494799,0.494602,0.434511
6.42318,6.78098,7.66376,39.4376,171.309,43.3691,656.714,7420.4,2116.6,0.379792,0.370404,0.386017,0.494924,0.494727,0.434636
6.42916,6.78784,7.668,39.5187,171.375,43.3778,657.177,7425.48,2117.95,0.379917,0.370529,0.386142,0.495049,0.494852,0.434761
6.43526,6.79471,7.67212,39.6042,171.453,43.3838,657.639,7430.56,2119.29,0.380042,0.370654,0.386267,0.495174,0.494977,0.434886
6.44129,6.80159,7.67628,39.6858,171.518,43.3927,658.103,7435.64,2120.63,0.380167,0.370779,0.386392,0.495299,0.495102,0.435011
6.44723,6.80847,7.68053,39.7812,171.598,43.4025,658.566,7440.73,2121.97,0.380292,0.370904,0.386517,0.495424,0.495227,0.435136
6.45306,6.81535,7.68487,39.8745,171.678,43.412,659.03,7445.81,2123.32,0.380417,0.371029,0.386642,0.495549,0.495352,0.435261
6.45922,6.82223,7.68889,39.9664,171.766,43.4172,659.495,7450.9,2124.66,0.380542,0.371154,0.386767,0.495674,0.495477,0.435386
6.4652,6.82912,7.69307,40.0683,171.859,43.4252,659.96,7455.99,2126,0.380666,0.371279,0.386892,0.495799,0.495602,0.435511
6.47122,6.83601,7.69719,40.1573,171.938,43.433,660.425,7461.08,2127.35,0.380791,0.371404,0.387017,0.495924,0.495727,0.435636
6.47722,6.84292,7.70132,40.2472,172.013,43.4426,660.891,7466.17,2128.69,0.380916,0.371529,0.387141,0.496049,0.495852,0.435761
6.48324,6.84982,7.70542,40.3328,172.087,43.4509,661.357,7471.26,2130.03,0.381041,0.371654,0.387266,0.496174,0.495977,0.435886
6.48926,6.85673,7.70951,40.4225,172.159,43.4616,661.824,7476.36,2131.38,0.381166,0.371779,0.387391,0.496299,0.496102,0.436011
6.49543,6.86365,7.71342,40.4945,172.212,43.4715,662.291,7481.45,2132.72,0.381291,0.371904,0.387516,0.496424,0.496227,0.436136
6.50148,6.87057,7.71746,40.5898,172.298,43.4798,662.758,7486.55,2134.06,0.381416,0.372029,0.387641,0.496549,0.496352,0.436261
6.50767,6.87749,7.72135,40.6806,172.379,43.4878,663.226,7491.65,2135.41,0.381541,0.372154,0.387766,0.496674,0.496477,0.436386
6.51366,6.88442,7.72541,40.7771,172.463,43.4977,663.695,7496.75,2136.75,0.381666,0.372279,0.387891,0.496799,0.496602,0.436511
6.51966,6.89135,7.72947,40.8696,172.542,43.5075,664.164,7501.85,2138.09,0.381791,0.372404,0.388016,0.496924,0.496727,0.436636
6.52568,6.89829,7.73347,40.963,172.62,43.5185,664.633,7506.95,2139.44,0.381916,0.372529,0.388141,0.497049,0.496852,0.436761
6.53195,6.90524,7.73722,41.048,172.688,43.5292,665.102,7512.05,2140.78,0.382041,0.372654,0.388266,0.497174,0.496977,0.436886
6.53803,6.91218,7.74116,41.1458,172.777,43.538,665.573,7517.16,2142.13,0.382166,0.372779,0.388391,0.497299,0.497102,0.437011
6.54416,6.91914,7.74502,41.249,172.865,43.5495,666.043,7522.27,2143.47,0.382291,0.372904,0.388516,0.497424,0.497227,0.437136
6.55039,6.92609,7.74878,41.3455,172.952,43.5584,666.514,7527.37,2144.81,0.382416,0.373029,0.388641,0.497549,0.497352,0.437261
6.5566,6.93305,7.75253,41.4507,173.045,43.5688,666.986,7532.48,2146.16,0.382541,0.373154,0.388766,0.497674,0.497477,0.437386
6.56261,6.94002,7.75648,41.546,173.129,43.5789,667.458,7537.6,2147.5,0.382666,0.373279,0.388891,0.497799,0.497602,0.437511
6.56856,6.94699,7.76048,41.6295,173.199,43.5894,667.93,7542.71,2148.85,0.382791,0.373404,0.389016,0.497924,0.497727,0.437636
6.57465,6.95396,7.76432,41.7321,173.284,43.6028,668.403,7547.82,2150.19,0.382916,0.373529,0.389141,0.498049,0.497852,0.437761
6.58075,6.96095,7.76813,41.8301,173.363,43.6166,668.876,7552.94,2151.53,0.383041,0.373654,0.389266,0.498174,0.497977,0.437886
6.58687,6.96793,7.77193,41.9349,173.46,43.6262,669.35,7558.05,2152.88,0.383166,0.373779,0.389391,0.498299,0.498102,0.438011
6.59292,6.97492,7.77577,42.0346,173.542,43.6399,669.824,7563.17,2154.22,0.383291,0.373904,0.389516,0.498424,0.498227,0.438136
6.59907,6.98192,7.7795,42.1239,173.614,43.6524,670.299,7568.29,2155.57,0.383416,0.374029,0.389641,0.498549,0.498352,0.438261
6.60536,6.98892,7.78307,42.2176,173.688,43.6663,670.774,7573.41,2156.91,0.383541,0.374154,0.389766,0.498674,0.498477,0.438386
6.61163,6.99592,7.78666,42.3219,173.784,43.6763,671.249,7578.53,2158.26,0.383666,0.374279,0.389891,0.498799,0.498602,0.438511
6.61803,7.00293,7.7901,42.4206,173.87,43.6873,671.726,7583.65,2159.6,0.383791,0.374404,0.390016,0.498924,0.498727,0.438636
6.62439,7.00994,7.79357,42.5105,173.946,43.6989,672.202,7588.78,2160.95,0.383916,0.374529,0.390141,0.499049,0.498852,0.438761
6.6307,7.01696,7.79706,42.6014,174.019,43.7125,672.679,7593.9,2162.29,0.384041,0.374654,0.390266,0.499174,0.498977,0.438886
6.63707,7.02398,7.80049,42.7079,174.117,43.7225,673.156,7599.03,2163.64,0.384166,0.374779,0.390391,0.499299,0.499102,0.439011
6.64314,7.03101,7.80419,42.8171,174.21,43.7378,673.634,7604.15,2164.98,0.384291,0.374904,0.390516,0.499424,0.499227,0.439136
6.64934,7.03804,7.80775,42.9113,174.288,43.7513,674.113,7609.28,2166.33,0.384416,0.375029,0.390641,0.499549,0.499352,0.439261
6.65535,7.04507,7.81149,43.0139,174.381,43.763,674.592,7614.41,2167.67,0.384541,0.375154,0.390766,0.499674,0.499477,0.439386
6.66182,7.05212,7.81476,43.1206,174.469,43.7786,675.071,7619.55,2169.02,0.384666,0.375279,0.390891,0.499799,0.499602,0.439511
6.66802,7.05916,7.81828,43.2235,174.56,43.7912,675.551,7624.68,2170.36,0.384791,0.375404,0.391016,0.499924,0.499727,0.439636
6.67443,7.06621,7.82157,43.318,174.637,43.8058,676.031,7629.81,2171.71,0.384916,0.375529,0.391141,0.500049,0.499852,0.439761
6.68076,7.07327,7.82493,43.4153,174.716,43.821,676.512,7634.95,2173.05,0.385041,0.375654,0.391266,0.500174,0.499977,0.439886
6.68717,7.08033,7.8282,43.529,174.819,43.834,676.993,7640.08,2174.4,0.385166,0.375779,0.391391,0.500299,0.500102,0.440011
6.69325,7.0874,7.83177,43.6296,174.901,43.8508,677.475,7645.22,2175.74,0.385291,0.375904,0.391516,0.500424,0.500227,0.440136
6.69966,7.09446,7.835,43.7298,174.987,43.8648,677.957,7650.36,2177.09,0.385416,0.376029,0.391641,0.500549,0.500352,0.440261
6.70608,7.10154,7.83822,43.8414,175.081,43.8819,678.44,7655.5,2178.43,0.385541,0.376154,0.391766,0.500674,0.500477,0.440386
6.71245,7.10862,7.84146,43.9415,175.169,43.8948,678.923,7660.64,2179.78,0.385666,0.376279,0.391891,0.500799,0.500602,0.440511
6.71858,7.11571,7.84493,44.0381,175.245,43.9134,679.407,7665.79,2181.12,0.385791,0.376404,0.392016,0.500924,0.500727,0.440636
6.72513,7.12279,7.84796,44.1476,175.338,43.9296,679.891,7670.93,2182.47,0.385916,0.376529,0.392141,0.501049,0.500852,0.440761
6.7314,7.12989,7.85125,44.2326,175.407,43.9445,680.376,7676.07,2183.81,0.386041,0.376654,0.392266,0.501174,0.500977,0.440886
6.73778,7.13698,7.85442,44.3444,175.505,43.9603,680.861,7681.22,2185.16,0.386166,0.376779,0.392391,0.501299,0.501102,0.441011
6.74455,7.14408,7.85718,44.4428,175.588,43.9753,681.347,7686.37,2186.5,0.386291,0.376904,0.392516,0.501424,0.501227,0.441136
6.75083,7.15118,7.86043,44.5564,175.698,43.986,681.833,7691.52,2187.85,0.386416,0.377029,0.392641,0.501549,0.501352,0.441261
6.75719,7.15828,7.86357,44.6483,175.779,43.9988,682.32,7696.67,2189.19,0.386541,0.377154,0.392766,0.501674,0.501477,0.441386
6.76393,7.1654,7.86631,44.7631,175.877,44.0172,682.807,7701.82,2190.54,0.386666,0.377279,0.392891,0.501799,0.501602,0.441511
6.77015,7.17252,7.86954,44.8903,175.99,44.0353,683.295,7706.97,2191.88,0.386791,0.377403,0.393016,0.501924,0.501727,0.441636
6.77669,7.17965,7.87246,45.0014,176.086,44.0526,683.783,7712.12,2193.23,0.386916,0.377528,0.393141,0.502048,0.501852,0.441761
6.78318,7.18678,7.8754,45.11,176.18,44.0695,684.272,7717.28,2194.57,0.387041,0.377653,0.393266,0.502173,0.501977,0.441886
6.78964,7.19391,7.87834,45.2048,176.257,44.0875,684.761,7722.43,2195.92,0.387166,0.377778,0.393391,0.502298,0.502102,0.442011
6.79603,7.20105,7.88135,45.3205,176.358,44.1061,685.251,7727.59,2197.26,0.387291,0.377903,0.393516,0.502423,0.502227,0.442136
6.80243,7.20819,7.88432,45.4411,176.466,44.1239,685.741,7732.75,2198.61,0.387416,0.378028,0.393641,0.502548,0.502352,0.442261
6.80898,7.21535,7.88713,45.5616,176.569,44.1441,686.232,7737.91,2199.95,0.387541,0.378153,0.393766,0.502673,0.502477,0.442385
6.81566,7.2225,7.88978,45.6578,176.644,44.1652,686.723,7743.07,2201.3,0.387666,0.378278,0.393891,0.502798,0.502602,0.44251
6.82239,7.22966,7.89238,45.7715,176.744,44.1828,687.215,7748.23,2202.64,0.387791,0.378403,0.394016,0.502923,0.502727,0.442635
6.82896,7.23682,7.89511,45.8903,176.849,44.202,687.707,7753.39,2203.99,0.387916,0.378528,0.394141,0.503048,0.502852,0.44276
6.83511,7.24398,7.89824,45.9949,176.942,44.219,688.2,7758.56,2205.33,0.388041,0.378653,0.394266,0.503173,0.502977,0.442885
6.84149,7.25116,7.90113,46.1033,177.033,44.2399,688.694,7763.72,2206.68,0.388166,0.378778,0.394391,0.503298,0.503102,0.44301
6.84815,7.25834,7.90372,46.2231,177.135,44.262,689.188,7768.89,2208.02,0.388291,0.378903,0.394516,0.503423,0.503227,0.443135
6.85456,7.26552,7.90654,46.3413,177.24,44.2814,689.682,7774.05,2209.37,0.388416,0.379028,0.394641,0.503548,0.503352,0.44326
6.86078,7.27271,7.90954,46.4397,177.317,44.3051,690.177,7779.22,2210.71,0.388541,0.379153,0.394766,0.503673,0.503477,0.443385
6.86709,7.2799,7.91243,46.5572,177.421,44.3256,690.673,7784.39,2212.05,0.388666,0.379278,0.394891,0.503798,0.503602,0.44351
6.87355,7.28709,7.91515,46.6681,177.516,44.3467,691.169,7789.56,2213.4,0.388791,0.379403,0.395016,0.503923,0.503727,0.443635
6.8805,7.2943,7.91736,46.7772,177.607,44.3689,691.666,7794.73,2214.74,0.388916,0.379528,0.395141,0.504048,0.503852,0.44376
6.88684,7.3015,7.92016,46.8978,177.712,44.3919,692.163,7799.9,2216.09,0.389041,0.379653,0.395266,0.504173,0.503977,0.443885
6.89348,7.30871,7.92266,47.0285,177.829,44.4139,692.661,7805.08,2217.43,0.389166,0.379778,0.395391,0.504298,0.504102,0.44401
6.90014,7.31592,7.9251,47.1494,177.937,44.4345,693.159,7810.25,2218.78,0.389291,0.379903,0.395516,0.504423,0.504227,0.444135
6.9069,7.32315,7.92742,47.2601,178.027,44.4606,693.658,7815.43,2220.12,0.389416,0.380028,0.395641,0.504548,0.504351,0.44426
6.91356,7.33038,7.92983,47.3809,178.128,44.4872,694.157,7820.6,2221.47,0.389541,0.380153,0.395766,0.504673,0.504476,0.444385
6.92021,7.33761,7.93222,47.4857,178.216,44.5104,694.657,7825.78,2222.81,0.389666,0.380278,0.395891,0.504798,0.504601,0.44451
6.92676,7.34484,7.9347,47.5953,178.314,44.5303,695.157,7830.96,2224.15,0.389791,0.380403,0.396016,0.504923,0.504726,0.444635
6.93351,7.35208,7.93696,47.6881,178.391,44.5519,695.658,7836.14,2225.5,0.389916,0.380528,0.396141,0.505048,0.504851,0.44476
6.9403,7.35933,7.93915,47.8026,178.485,44.5796,696.16,7841.32,2226.84,0.390041,0.380653,0.396266,0.505173,0.504976,0.444885
6.94716,7.36657,7.94125,47.917,178.584,44.6041,696.662,7846.5,2228.18,0.390166,0.380778,0.396391,0.505298,0.505101,0.44501
6.95385,7.37382,7.9435,48.0292,178.684,44.6253,697.165,7851.68,2229.53,0.390291,0.380903,0.396516,0.505423,0.505226,0.445135
6.96049,7.38107,7.9458,48.1753,178.823,44.6467,697.668,7856.86,2230.87,0.390416,0.381028,0.396641,0.505548,0.505351,0.44526
6.96695,7.38832,7.94824,48.308,178.949,44.6666,698.172,7862.05,2232.22,0.390541,0.381153,0.396766,0.505673,0.505476,0.445385
6.97392,7.3956,7.95015,48.412,179.031,44.6958,698.677,7867.23,2233.56,0.390666,0.381278,0.396891,0.505798,0.505601,0.44551
6.9803,7.40287,7.95263,48.5498,179.151,44.7263,699.182,7872.42,2234.9,0.390791,0.381403,0.397016,0.505923,0.505726,0.445635
6.98723,7.41015,7.95454,48.6727,179.261,44.7504,699.687,7877.61,2236.25,0.390916,0.381528,0.397141,0.506048,0.505851,0.44576
6.99394,7.41742,7.95665,48.8049,179.385,44.7723,700.193,7882.8,2237.59,0.391041,0.381653,0.397266,0.506173,0.505976,0.445885
7.0006,7.42471,7.95878,48.9153,179.477,44.801,700.7,7887.99,2238.93,0.391166,0.381778,0.397391,0.506298,0.506101,0.44601
7.00713,7.432,7.96103,49.0514,179.597,44.8311,701.208,7893.18,2240.27,0.391291,0.381903,0.397516,0.506423,0.506226,0.446135
7.01342,7.4393,7.9635,49.1856,179.714,44.863,701.715,7898.37,2241.62,0.391416,0.382028,0.397641,0.506548,0.506351,0.44626
7.01987,7.4466,7.96579,49.3055,179.815,44.8947,702.224,7903.56,2242.96,0.391541,0.382153,0.397766,0.506673,0.506476,0.446385
7.02639,7.45391,7.96799,49.4286,179.919,44.9276,702.733,7908.75,2244.3,0.391666,0.382278,0.397891,0.506798,0.506601,0.44651
7.03314,7.46122,7.96995,49.5459,180.024,44.9535,703.242,7913.95,2245.65,0.391791,0.382403,0.398016,0.506923,0.506726,0.446635
7.03967,7.46853,7.97211,49.695,180.163,44.981,703.753,7919.14,2246.99,0.391916,0.382528,0.398141,0.507048,0.506851,0.44676
7.04652,7.47585,7.97392,49.8293,180.283,45.0119,704.263,7924.34,2248.33,0.392041,0.382653,0.398266,0.507173,0.506976,0.446885
7.05322,7.48318,7.97586,49.9383,180.373,45.0442,704.775,7929.53,2249.67,0.392166,0.382778,0.398391,0.507298,0.507101,0.44701
7.05989,7.49051,7.97781,50.0685,180.487,45.0767,705.287,7934.73,2251.01,0.392291,0.382903,0.398516,0.507423,0.507226,0.447135
7.06674,7.49784,7.97955,50.1708,180.576,45.1037,705.799,7939.93,2252.36,0.392416,0.383028,0.398641,0.507548,0.507351,0.44726
7.07316,7.50518,7.9817,50.288,180.674,45.1399,706.312,7945.13,2253.7,0.392541,0.383153,0.398766,0.507673,0.507476,0.447385
7.08021,7.51253,7.98321,50.4121,180.785,45.1694,706.826,7950.33,2255.04,0.392666,0.383278,0.398891,0.507798,0.507601,0.44751
7.08734,7.51988,7.9846,50.5121,180.866,45.2029,707.341,7955.53,2256.38,0.392791,0.383403,0.399016,0.507923,0.507726,0.447635
7.09443,7.52724,7.98601,50.615,180.951,45.2373,707.856,7960.73,2257.72,0.392916,0.383528,0.399141,0.508048,0.507851,0.44776
7.10103,7.5346,7.98789,50.7493,181.066,45.2767,708.371,7965.93,2259.06,0.393041,0.383653,0.399266,0.508173,0.507976,0.447885
7.10781,7.54197,7.98956,50.8677,181.168,45.3119,708.888,7971.13,2260.4,0.393166,0.383778,0.399391,0.508298,0.508101,0.44801
7.11486,7.54934,7.99094,50.9711,181.256,45.3446,709.404,7976.34,2261.74,0.393291,0.383903,0.399516,0.508423,0.508226,0.448135
7.12172,7.55671,7.9925,51.1097,181.381,45.3792,709.922,7981.54,2263.08,0.393416,0.384028,0.399641,0.508548,0.508351,0.44826
7.12865,7.56409,7.99394,51.2342,181.489,45.4169,710.44,7986.75,2264.42,0.393541,0.384153,0.399766,0.508673,0.508476,0.448385
7.13524,7.57147,7.99572,51.3531,181.595,45.4507,710.959,7991.95,2265.76,0.393666,0.384278,0.399891,0.508798,0.508601,0.44851
7.14218,7.57885,7.99713,51.4874,181.719,45.4824,711.478,7997.16,2267.1,0.393791,0.384403,0.400016,0.508923,0.508726,0.448635
7.14917,7.58625,7.99846,51.623,181.838,45.5232,711.998,8002.36,2268.44,0.393916,0.384528,0.400141,0.509048,0.508851,0.44876
7.1558,7.59365,8.00011,51.7429,181.942,45.5618,712.519,8007.57,2269.78,0.394041,0.384653,0.400266,0.509173,0.508976,0.448885
7.16267,7.60105,8.00152,51.8684,182.054,45.5989,713.04,8012.78,2271.12,0.394166,0.384778,0.400391,0.509298,0.509101,0.44901
7.16976,7.60846,8.00267,51.9894,182.157,45.6405,713.562,8017.99,2272.46,0.394291,0.384903,0.400516,0.509423,0.509226,0.449135
7.17663,7.61587,8.00402,52.1194,182.273,45.6807,714.084,8023.2,2273.8,0.394415,0.385028,0.400641,0.509548,0.509351,0.44926
7.18363,7.62329,8.00522,52.2467,182.387,45.7185,714.607,8028.41,2275.14,0.39454,0.385153,0.400766,0.509673,0.509476,0.449385
7.19041,7.6307,8.00661,52.3891,182.519,45.7561,715.131,8033.62,2276.48,0.394665,0.385278,0.40089,0.509798,0.509601,0.44951
7.19714,7.63812,8.00803,52.5169,182.636,45.7916,715.656,8038.83,2277.82,0.39479,0.385403,0.401015,0.509923,0.509726,0.449635
7.2041,7.64555,8.0092,52.6618,182.774,45.8252,716.181,8044.04,2279.16,0.394915,0.385528,0.40114,0.510048,0.509851,0.44976
7.21082,7.65299,8.01058,52.7836,182.879,45.871,716.706,8049.26,2280.5,0.39504,0.385653,0.401265,0.510173,0.509976,0.449885
7.21763,7.66043,8.01185,52.9194,183.002,45.9135,717.233,8054.47,2281.83,0.395165,0.385778,0.40139,0.510298,0.510101,0.45001
7.2251,7.66787,8.01244,53.0491,183.12,45.9529,717.76,8059.69,2283.17,0.39529,0.385903,0.401515,0.510423,0.510226,0.450135
7.23196,7.67532,8.0136,53.174,183.233,45.9944,718.288,8064.9,2284.51,0.395415,0.386028,0.40164,0.510548,0.510351,0.45026
7.2389,7.68278,8.01466,53.3021,183.349,46.0359,718.816,8070.12,2285.85,0.39554,0.386153,0.401765,0.510673,0.510476,0.450385
7.24584,7.69023,8.01569,53.4419,183.477,46.0791,719.345,8075.33,2287.18,0.395665,0.386278,0.40189,0.510798,0.510601,0.45051
7.25248,7.6977,8.017,53.5602,183.583,46.1222,719.875,8080.55,2288.52,0.39579,0.386403,0.402015,0.510923,0.510726,0.450635
7.25976,7.70517,8.01764,53.6821,183.693,46.1647,720.405,8085.77,2289.86,0.395915,0.386528,0.40214,0.511048,0.510851,0.45076
7.26665,7.71263,8.01866,53.8129,183.816,46.2033,720.936,8090.99,2291.19,0.39604,0.386653,0.402265,0.511173,0.510976,0.450885
7.27378,7.72011,8.0194,53.9298,183.924,46.241,721.468,8096.21,2292.53,0.396165,0.386778,0.40239,0.511298,0.511101,0.45101
7.28036,7.72759,8.02067,54.0568,184.038,46.2888,722,8101.43,2293.87,0.39629,0.386903,0.402515,0.511423,0.511226,0.451135
7.2872,7.73509,8.02164,54.1864,184.151,46.3451,722.533,8106.65,2295.2,0.396415,0.387028,0.40264,0.511548,0.511351,0.45126
7.29423,7.74258,8.02241,54.32,184.273,46.3931,723.066,8111.87,2296.54,0.39654,0.387153,0.402765,0.511673,0.511476,0.451385
7.30116,7.75009,8.02324,54.4624,184.401,46.4491,723.601,8117.09,2297.87,0.396665,0.387278,0.40289,0.511798,0.511601,0.45151
7.30816,7.7576,8.02398,54.5887,184.515,46.5,724.136,8122.31,2299.21,0.39679,0.387403,0.403015,0.511923,0.511726,0.451635
7.31498,7.7651,8.02488,54.7202,184.637,46.5465,724.672,8127.54,2300.54,0.396915,0.387528,0.40314,0.512048,0.511851,0.45176
7.32202,7.77261,8.02554,54.83,184.737,46.5917,725.208,8132.76,2301.88,0.39704,0.387653,0.403265,0.512173,0.511976,0.451885
7.32856,7.78013,8.02666,54.9542,184.851,46.6404,725.745,8137.98,2303.21,0.397165,0.387778,0.40339,0.512298,0.512101,0.45201
7.33548,7.78765,8.02739,55.09,184.978,46.6903,726.283,8143.21,2304.55,0.39729,0.387903,0.403515,0.512423,0.512226,0.452135
7.34265,7.79518,8.02783,55.2233,185.102,46.741,726.821,8148.43,2305.88,0.397415,0.388028,0.40364,0.512548,0.512351,0.45226
7.34965,7.80271,8.02842,55.3599,185.229,46.7928,727.36,8153.66,2307.22,0.39754,0.388153,0.403765,0.512673,0.512476,0.452385
7.35695,7.81025,8.02868,55.4829,185.344,46.842,727.9,8158.88,2308.55,0.397665,0.388278,0.40389,0.512798,0.512601,0.45251
7.36376,7.81779,8.0294,55.6139,185.468,46.8903,728.441,8164.11,2309.88,0.39779,0.388403,0.404015,0.512923,0.512726,0.452635
7.37103,7.82534,8.02963,55.7411,185.584,46.9491,728.982,8169.34,2311.22,0.397915,0.388528,0.40414,0.513048,0.512851,0.45276
7.3779,7.83289,8.03023,55.8859,185.721,47.0026,729.524,8174.56,2312.55,0.39804,0.388653,0.404265,0.513173,0.512976,0.452885
7.38492,7.84045,8.03066,56.0214,185.848,47.0584,730.066,8179.79,2313.88,0.398165,0.388778,0.40439,0.513298,0.513101,0.45301
7.39141,7.848,8.0316,56.1519,185.973,47.1078,730.61,8185.02,2315.21,0.39829,0.388903,0.404515,0.513423,0.513226,0.453135
7.39837,7.85557,8.03204,56.2744,186.089,47.1587,731.154,8190.25,2316.55,0.398415,0.389028,0.40464,0.513548,0.513351,0.45326
7.4054,7.86314,8.03238,56.3874,186.192,47.216,731.698,8195.48,2317.88,0.39854,0.389153,0.404765,0.513673,0.513476,0.453385
7.41268,7.87072,8.03243,56.5168,186.315,47.2712,732.244,8200.71,2319.21,0.398665,0.389278,0.40489,0.513798,0.513601,0.45351
7.42026,7.8783,8.03217,56.6532,186.445,47.3291,732.79,8205.94,2320.54,0.39879,0.389403,0.405015,0.513923,0.513726,0.453635
7.42727,7.88589,8.03242,56.7669,186.55,47.3922,733.337,8211.17,2321.87,0.398915,0.389528,0.40514,0.514048,0.513851,0.45376
7.434,7.89348,8.03295,56.8874,186.665,47.4447,733.885,8216.4,2323.2,0.39904,0.389653,0.405265,0.514173,0.513976,0.453885
7.44125,7.90108,8.03292,57.0233,186.793,47.5098,734.433,8221.63,2324.54,0.399165,0.389778,0.40539,0.514298,0.514101,0.45401
7.44817,7.90867,8.0332,57.1525,186.92,47.5599,734.982,8226.86,2325.87,0.39929,0.389903,0.405515,0.514423,0.514226,0.454135
7.45513,7.91628,8.0334,57.2813,187.042,47.6221,735.532,8232.09,2327.2,0.399415,0.390028,0.40564,0.514548,0.514351,0.45426
7.46187,7.92389,8.0338,57.4015,187.157,47.6826,736.082,8237.32,2328.53,0.39954,0.390153,0.405765,0.514673,0.514476,0.454385
7.46849,7.93151,8.03429,57.5477,187.297,47.7487,736.634,8242.56,2329.86,0.399665,0.390278,0.40589,0.514798,0.514601,0.45451
7.4754,7.93913,8.03446,57.6884,187.433,47.8166,737.186,8247.79,2331.18,0.39979,0.390403,0.406015,0.514923,0.514726,0.454635
7.48226,7.94676,8.03464,57.8241,187.562,47.8882,737.738,8253.02,2332.51,0.399915,0.390528,0.40614,0.515048,0.514851,0.45476
7.48907,7.95439,8.03487,57.9625,187.698,47.9482,738.292,8258.26,2333.84,0.40004,0.390653,0.406265,0.515173,0.514976,0.454885
7.49633,7.96203,8.0346,58.0924,187.822,48.0206,738.846,8263.49,2335.17,0.400165,0.390778,0.40639,0.515298,0.515101,0.45501
7.50323,7.96967,8.03467,58.215,187.943,48.081,739.401,8268.72,2336.5,0.40029,0.390903,0.406515,0.515423,0.515226,0.455135
7.51081,7.97732,8.03403,58.3307,188.054,48.1513,739.957,8273.96,2337.83,0.400415,0.391028,0.40664,0.515548,0.515351,0.45526
7.51757,7.98498,8.03416,58.4497,188.168,48.2276,740.513,8279.19,2339.15,0.40054,0.391153,0.406765,0.515673,0.515476,0.455385
7.52443,7.99263,8.03419,58.5807,188.297,48.2926,741.07,8284.42,2340.48,0.400665,0.391277,0.40689,0.515797,0.515601,0.45551
7.53156,8.00029,8.0339,58.6887,188.402,48.3623,741.628,8289.66,2341.81,0.40079,0.391402,0.407015,0.515922,0.515726,0.455635
7.53858,8.00795,8.0337,58.8314,188.545,48.4274,742.187,8294.89,2343.13,0.400915,0.391527,0.40714,0.516047,0.515851,0.45576
7.54589,8.01562,8.03318,58.9585,188.671,48.4972,742.746,8300.13,2344.46,0.40104,0.391652,0.407265,0.516172,0.515976,0.455885
7.55267,8.0233,8.03316,59.0804,188.792,48.5662,743.307,8305.36,2345.79,0.401165,0.391777,0.40739,0.516297,0.516101,0.45601
7.55982,8.03098,8.03273,59.2093,188.92,48.6418,743.868,8310.6,2347.11,0.40129,0.391902,0.407515,0.516422,0.516226,0.456134
7.56694,8.03866,8.03231,59.3215,189.033,48.7079,744.429,8315.83,2348.44,0.401415,0.392027,0.40764,0.516547,0.516351,0.456259
7.57413,8.04635,8.03178,59.447,189.16,48.7763,744.992,8321.07,2349.76,0.40154,0.392152,0.407765,0.516672,0.516476,0.456384
7.58122,8.05404,8.03132,59.5757,189.29,48.8471,745.555,8326.31,2351.09,0.401665,0.392277,0.40789,0.516797,0.516601,0.456509
7.58807,8.06173,8.03108,59.742,189.46,48.9168,746.119,8331.54,2352.41,0.40179,0.392402,0.408015,0.516922,0.516726,0.456634
7.59524,8.06942,8.03049,59.8805,189.602,48.9823,746.684,8336.78,2353.74,0.401915,0.392527,0.40814,0.517047,0.516851,0.456759
7.60257,8.07714,8.0297,59.9901,189.713,49.0592,747.25,8342.02,2355.06,0.40204,0.392652,0.408265,0.517172,0.516976,0.456884
7.60958,8.08485,8.02918,60.1168,189.843,49.1341,747.816,8347.25,2356.38,0.402165,0.392777,0.40839,0.517297,0.517101,0.457009
7.61675,8.09257,8.02848,60.2444,189.973,49.2192,748.383,8352.49,2357.71,0.40229,0.392902,0.408515,0.517422,0.517226,0.457134
7.62406,8.1003,8.02761,60.3657,190.098,49.2942,748.951,8357.73,2359.03,0.402415,0.393027,0.40864,0.517547,0.517351,0.457259
7.63125,8.10802,8.02683,60.4913,190.228,49.3673,749.52,8362.97,2360.35,0.40254,0.393152,0.408765,0.517672,0.517476,0.457384
7.63805,8.11576,8.0264,60.6195,190.36,49.449,750.089,8368.21,2361.67,0.402665,0.393277,0.40889,0.517797,0.517601,0.457509
7.64531,8.12349,8.02548,60.7251,190.471,49.5213,750.66,8373.44,2363,0.40279,0.393402,0.409015,0.517922,0.517726,0.457634
7.65242,8.13123,8.02468,60.8587,190.611,49.5949,751.231,8378.68,2364.32,0.402915,0.393527,0.40914,0.518047,0.517851,0.457759
7.65981,8.13898,8.02356,60.978,190.737,49.6688,751.803,8383.92,2365.64,0.40304,0.393652,0.409265,0.518172,0.517976,0.457884
7.66697,8.14672,8.02265,61.0892,190.855,49.7389,752.375,8389.16,2366.96,0.403165,0.393777,0.40939,0.518297,0.518101,0.458009
7.67398,8.15448,8.02185,61.213,190.985,49.8261,752.949,8394.4,2368.28,0.40329,0.393902,0.409515,0.518422,0.518225,0.458134
7.68101,8.16224,8.02099,61.3338,191.113,49.9047,753.523,8399.64,2369.6,0.403415,0.394027,0.40964,0.518547,0.51835,0.458259
7.68794,8.17001,8.02019,61.4525,191.239,49.9818,754.098,8404.88,2370.92,0.40354,0.394152,0.409765,0.518672,0.518475,0.458384
7.69541,8.17778,8.01884,61.5845,191.381,50.06,754.674,8410.12,2372.24,0.403665,0.394277,0.40989,0.518797,0.5186,0.458509
7.70207,8.18555,8.01825,61.7025,191.507,50.1428,755.251,8415.36,2373.56,0.40379,0.394402,0.410015,0.518922,0.518725,0.458634
7.70919,8.19332,8.01717,61.8506,191.666,50.213,755.829,8420.6,2374.88,0.403915,0.394527,0.41014,0.519047,0.51885,0.458759
7.71624,8.2011,8.01613,61.9929,191.818,50.2888,756.407,8425.84,2376.2,0.40404,0.394652,0.410265,0.519172,0.518975,0.458884
7.72353,8.20888,8.01481,62.1051,191.941,50.3663,756.986,8431.08,2377.52,0.404165,0.394777,0.41039,0.519297,0.5191,0.459009
7.73055,8.21668,8.01372,62.2271,192.073,50.4591,757.566,8436.32,2378.84,0.40429,0.394902,0.410515,0.519422,0.519225,0.459134
7.73747,8.22448,8.01271,62.3676,192.225,50.5473,758.147,8441.57,2380.16,0.404415,0.395027,0.41064,0.519547,0.51935,0.459259
7.74433,8.23228,8.01172,62.5201,192.39,50.6307,758.728,8446.81,2381.48,0.40454,0.395152,0.410765,0.519672,0.519475,0.459384
7.75106,8.24009,8.01082,62.6289,192.51,50.7145,759.311,8452.05,2382.79,0.404665,0.395277,0.41089,0.519797,0.5196,0.459509
7.75829,8.24791,8.00939,62.7405,192.634,50.8011,759.894,8457.29,2384.11,0.40479,0.395402,0.411015,0.519922,0.519725,0.459634
7.76536,8.25572,8.00809,62.876,192.783,50.8818,760.478,8462.54,2385.43,0.404915,0.395527,0.41114,0.520047,0.51985,0.459759
7.77244,8.26354,8.00674,63.0064,192.927,50.9697,761.063,8467.78,2386.75,0.40504,0.395652,0.411265,0.520172,0.519975,0.459884
7.77965,8.27137,8.00522,63.1269,193.062,51.0564,761.649,8473.02,2388.06,0.405165,0.395777,0.41139,0.520297,0.5201,0.460009
7.78661,8.2792,8.00393,63.2695,193.22,51.146,762.236,8478.27,2389.38,0.40529,0.395902,0.411515,0.520422,0.520225,0.460134
7.79345,8.28704,8.00271,63.4,193.366,51.2346,762.823,8483.51,2390.69,0.405415,0.396027,0.41164,0.520547,0.52035,0.460259
7.80074,8.29488,8.00101,63.5369,193.519,51.3286,763.411,8488.75,2392.01,0.40554,0.396152,0.411765,0.520672,0.520475,0.460384
7.80802,8.30274,7.99927,63.6274,193.626,51.4261,764,8494,2393.33,0.405665,0.396277,0.41189,0.520797,0.5206,0.460509
7.81539,8.31059,7.99741,63.7461,193.763,51.5237,764.59,8499.24,2394.64,0.40579,0.396402,0.412015,0.520922,0.520725,0.460634
7.82261,8.31845,7.99566,63.8513,193.885,51.6124,765.181,8504.49,2395.96,0.405915,0.396527,0.41214,0.521047,0.52085,0.460759
7.82976,8.32632,7.99393,63.9538,194.005,51.71,765.773,8509.73,2397.27,0.40604,0.396652,0.412265,0.521172,0.520975,0.460884
7.83684,8.33419,7.99225,64.0654,194.136,51.8058,766.365,8514.97,2398.59,0.406165,0.396777,0.41239,0.521297,0.5211,0.461009
7.84371,8.34207,7.99072,64.1812,194.271,51.9128,766.959,8520.22,2399.9,0.40629,0.396902,0.412515,0.521422,0.521225,0.461134
7.85073,8.34995,7.98903,64.3029,194.412,52.0084,767.553,8525.46,2401.21,0.406415,0.397027,0.41264,0.521547,0.52135,0.461259
7.85774,8.35783,7.9873,64.4102,194.54,52.1055,768.148,8530.7,2402.53,0.40654,0.397152,0.412765,0.521672,0.521475,0.461384
7.86477,8.36572,7.98552,64.5337,194.684,52.2018,768.744,8535.95,2403.84,0.406665,0.397277,0.41289,0.521797,0.5216,0.461509
7.87192,8.37361,7.98359,64.6402,194.811,52.2913,769.341,8541.19,2405.15,0.40679,0.397402,0.413015,0.521922,0.521725,0.461634
7.87869,8.38151,7.98198,64.7543,194.946,52.3865,769.938,8546.44,2406.46,0.406915,0.397527,0.41314,0.522047,0.52185,0.461759
7.88548,8.38941,7.98034,64.8725,195.086,52.4819,770.537,8551.68,2407.78,0.40704,0.397652,0.413265,0.522172,0.521975,0.461884
7.89246,8.39732,7.97845,64.9686,195.204,52.579,771.136,8556.93,2409.09,0.407165,0.397777,0.41339,0.522297,0.5221,0.462009
7.89987,8.40522,7.97611,65.1067,195.367,52.6735,771.736,8562.17,2410.4,0.40729,0.397902,0.413515,0.522422,0.522225,0.462134
7.90702,8.41314,7.97398,65.2121,195.497,52.7753,772.337,8567.42,2411.71,0.407415,0.398027,0.41364,0.522547,0.52235,0.462259
7.91357,8.42106,7.9724,65.3231,195.632,52.8788,772.939,8572.66,2413.02,0.40754,0.398152,0.413765,0.522672,0.522475,0.462384
7.91994,8.42899,7.97098,65.4344,195.767,52.9814,773.542,8577.91,2414.33,0.407665,0.398277,0.41389,0.522797,0.5226,0.462509
7.92709,8.43693,7.96873,65.5375,195.897,53.0927,774.146,8583.15,2415.64,0.40779,0.398402,0.414015,0.522922,0.522725,0.462634
7.93352,8.44487,7.96717,65.6364,196.022,53.201,774.75,8588.4,2416.95,0.407915,0.398527,0.41414,0.523047,0.52285,0.462759
7.94043,8.45282,7.96509,65.7346,196.147,53.3048,775.356,8593.64,2418.26,0.40804,0.398652,0.414265,0.523172,0.522975,0.462884
7.94704,8.46077,7.96328,65.8205,196.259,53.4138,775.962,8598.89,2419.57,0.408165,0.398777,0.41439,0.523297,0.5231,0.463009
7.9542,8.46872,7.96087,65.9308,196.399,53.521,776.569,8604.13,2420.88,0.408289,0.398902,0.414515,0.523422,0.523225,0.463134
7.96132,8.47669,7.95846,66.0195,196.517,53.6305,777.177,8609.38,2422.19,0.408414,0.399027,0.41464,0.523547,0.52335,0.463259
7.96778,8.48465,7.95669,66.1341,196.662,53.7453,777.786,8614.62,2423.5,0.408539,0.399152,0.414764,0.523672,0.523475,0.463384
7.97471,8.49263,7.95438,66.2473,196.809,53.874,778.396,8619.87,2424.81,0.408664,0.399277,0.414889,0.523797,0.5236,0.463509
7.98157,8.50061,7.95212,66.3421,196.935,53.9889,779.006,8625.11,2426.11,0.408789,0.399402,0.415014,0.523922,0.523725,0.463634
7.98841,8.50859,7.94984,66.4182,197.042,54.0942,779.618,8630.35,2427.42,0.408914,0.399527,0.415139,0.524047,0.52385,0.463759
7.99535,8.51657,7.94742,66.5147,197.171,54.2087,780.23,8635.6,2428.73,0.409039,0.399652,0.415264,0.524172,0.523975,0.463884
8.00217,8.52456,7.94508,66.6103,197.299,54.3181,780.844,8640.84,2430.04,0.409164,0.399777,0.415389,0.524297,0.5241,0.464009
8.00875,8.53256,7.94293,66.695,197.416,54.4291,781.458,8646.08,2431.34,0.409289,0.399902,0.415514,0.524422,0.524225,0.464134
8.01557,8.54056,7.94051,66.7956,197.552,54.5453,782.073,8651.33,2432.65,0.409414,0.400027,0.415639,0.524547,0.52435,0.464259
8.02267,8.54856,7.93777,66.8876,197.68,54.6608,782.689,8656.57,2433.95,0.409539,0.400152,0.415764,0.524672,0.524475,0.464384
8.02892,8.55657,7.93583,66.9927,197.818,54.7748,783.306,8661.81,2435.26,0.409664,0.400277,0.415889,0.524797,0.5246,0.464509
8.0353,8.56458,7.93373,67.1138,197.976,54.8993,783.923,8667.06,2436.57,0.409789,0.400402,0.416014,0.524922,0.524725,0.464634
8.04172,8.5726,7.93156,67.2104,198.109,55.0177,784.542,8672.3,2437.87,0.409914,0.400527,0.416139,0.525047,0.52485,0.464759
8.04804,8.58063,7.92945,67.3132,198.25,55.1399,785.161,8677.54,2439.18,0.410039,0.400652,0.416264,0.525172,0.524975,0.464884
8.05487,8.58866,7.92678,67.3982,198.375,55.2686,785.782,8682.79,2440.48,0.410164,0.400777,0.416389,0.525297,0.5251,0.465009
8.06157,8.59669,7.92421,67.4973,198.512,55.3832,786.403,8688.03,2441.78,0.410289,0.400902,0.416514,0.525422,0.525225,0.465134
8.06833,8.60472,7.92154,67.6079,198.661,55.498,787.025,8693.27,2443.09,0.410414,0.401027,0.416639,0.525547,0.52535,0.465259
8.07474,8.61277,7.91917,67.6799,198.774,55.6236,787.649,8698.51,2444.39,0.410539,0.401152,0.416764,0.525672,0.525475,0.465384
8.08094,8.62082,7.91697,67.7628,198.896,55.7435,788.273,8703.76,2445.69,0.410664,0.401277,0.416889,0.525797,0.5256,0.465509
8.08708,8.62887,7.9148,67.8603,199.032,55.8589,788.897,8709,2447,0.410789,0.401402,0.417014,0.525922,0.525725,0.465634
8.09342,8.63693,7.91239,67.9527,199.167,55.9856,789.523,8714.24,2448.3,0.410914,0.401527,0.417139,0.526047,0.52585,0.465759
8.0996,8.64499,7.9101,68.0508,199.305,56.1039,790.15,8719.48,2449.6,0.411039,0.401652,0.417264,0.526172,0.525975,0.465884
8.10628,8.65307,7.90727,68.1279,199.428,56.2357,790.777,8724.73,2450.91,0.411164,0.401777,0.417389,0.526297,0.5261,0.466009
8.11255,8.66114,7.90482,68.2326,199.574,56.3519,791.406,8729.97,2452.21,0.411289,0.401902,0.417514,0.526422,0.526225,0.466134
8.11928,8.66921,7.90186,68.3222,199.707,56.4699,792.035,8735.21,2453.51,0.411414,0.402027,0.417639,0.526547,0.52635,0.466259
8.12547,8.6773,7.89939,68.3776,199.808,56.6,792.665,8740.45,2454.81,0.411539,0.402152,0.417764,0.526672,0.526475,0.466384
8.13185,8.68539,7.89669,68.4498,199.921,56.7103,793.297,8745.69,2456.11,0.411664,0.402277,0.417889,0.526797,0.5266,0.466509
8.13826,8.69348,7.89393,68.5399,200.057,56.833,793.929,8750.94,2457.41,0.411789,0.402402,0.418014,0.526922,0.526725,0.466634
8.14436,8.70158,7.89145,68.6235,200.183,56.9498,794.562,8756.18,2458.71,0.411914,0.402527,0.418139,0.527047,0.52685,0.466759
8.15062,8.70968,7.88875,68.7008,200.309,57.0831,795.195,8761.42,2460.01,0.412039,0.402652,0.418264,0.527172,0.526975,0.466884
8.15707,8.71779,7.88583,68.7853,200.438,57.1979,795.83,8766.66,2461.31,0.412164,0.402777,0.418389,0.527297,0.5271,0.467009
8.16323,8.7259,7.88314,68.8612,200.562,57.3255,796.466,8771.91,2462.61,0.412289,0.402902,0.418514,0.527422,0.527225,0.467134
8.1697,8.73403,7.88011,68.9199,200.671,57.4547,797.103,8777.15,2463.91,0.412414,0.403027,0.418639,0.527547,0.52735,0.467259
8.17566,8.74215,7.87755,69.006,200.804,57.5779,797.74,8782.39,2465.21,0.412539,0.403152,0.418764,0.527672,0.527475,0.467384
8.18202,8.75028,7.87454,69.0758,200.927,57.7132,798.379,8787.63,2466.51,0.412664,0.403277,0.418889,0.527797,0.5276,0.467509
8.18813,8.75841,7.87175,69.1575,201.059,57.8419,799.018,8792.87,2467.81,0.412789,0.403402,0.419014,0.527922,0.527725,0.467634
8.19394,8.76655,7.86921,69.2376,201.192,57.9823,799.658,8798.11,2469.11,0.412914,0.403527,0.419139,0.528047,0.52785,0.467759
8.20004,8.7747,7.86634,69.2825,201.29,58.116,800.299,8803.36,2470.41,0.413039,0.403652,0.419264,0.528172,0.527975,0.467884
8.2061,8.78286,7.86346,69.3368,201.4,58.2554,800.941,8808.6,2471.71,0.413164,0.403777,0.419389,0.528297,0.5281,0.468009
8.21259,8.79102,7.86013,69.387,201.503,58.3795,801.584,8813.84,2473.01,0.413289,0.403902,0.419514,0.528422,0.528225,0.468134
8.21871,8.79918,7.85711,69.4591,201.63,58.5161,802.228,8819.08,2474.31,0.413414,0.404027,0.419639,0.528547,0.52835,0.468259
8.22457,8.80734,7.85431,69.5124,201.736,58.6442,802.873,8824.32,2475.6,0.413539,0.404152,0.419764,0.528672,0.528475,0.468384
8.23085,8.81551,7.85105,69.5896,201.872,58.7858,803.518,8829.56,2476.9,0.413664,0.404277,0.419889,0.528797,0.5286,0.468509
8.23674,8.82369,7.84813,69.6411,201.975,58.9072,804.165,8834.8,2478.2,0.413789,0.404402,0.420014,0.528922,0.528725,0.468634
8.24259,8.83187,7.84521,69.6954,202.082,59.03,804.812,8840.04,2479.5,0.413914,0.404527,0.420139,0.529047,0.52885,0.468759
8.24792,8.84005,7.84279,69.7679,202.211,59.1706,805.461,8845.28,2480.79,0.414039,0.404652,0.420264,0.529172,0.528975,0.468884
8.25357,8.84824,7.84,69.8262,202.326,59.3054,806.11,8850.52,2482.09,0.414164,0.404777,0.420389,0.529297,0.5291,0.469009
8.25982,8.85644,7.83656,69.8837,202.439,59.4295,806.76,8855.76,2483.39,0.414289,0.404902,0.420514,0.529422,0.529225,0.469134
8.2654,8.86464,7.83376,69.9377,202.552,59.5668,807.411,8861,2484.68,0.414414,0.405026,0.420639,0.529546,0.52935,0.469259
8.27161,8.87284,7.83027,69.9842,202.654,59.6887,808.063,8866.25,2485.98,0.414539,0.405151,0.420764,0.529671,0.529475,0.469384
8.27724,8.88105,7.82733,70.055,202.782,59.8192,808.716,8871.49,2487.27,0.414664,0.405276,0.420889,0.529796,0.5296,0.469509
8.28219,8.88927,7.82502,70.1012,202.883,59.9498,809.37,8876.73,2488.57,0.414789,0.405401,0.421014,0.529921,0.529725,0.469634
8.28768,8.89749,7.82214,70.1568,203.002,60.0954,810.025,8881.97,2489.87,0.414914,0.405526,0.421139,0.530046,0.52985,0.469759
8.29304,8.90572,7.81936,70.2103,203.118,60.2388,810.681,8887.21,2491.16,0.415039,0.405651,0.421264,0.530171,0.529975,0.469884
8.2989,8.91395,7.81602,70.2662,203.237,60.3792,811.337,8892.45,2492.46,0.415164,0.405776,0.421389,0.530296,0.5301,0.470008
8.30406,8.92219,7.81334,70.3129,203.341,60.5078,811.995,8897.69,2493.75,0.415289,0.405901,0.421514,0.530421,0.530225,0.470133
8.30968,8.93043,7.81017,70.3525,203.438,60.6279,812.653,8902.93,2495.05,0.415414,0.406026,0.421639,0.530546,0.53035,0.470258
8.31561,8.93868,7.80664,70.3915,203.547,60.7794,813.312,8908.17,2496.34,0.415539,0.406151,0.421764,0.530671,0.530475,0.470383
8.3209,8.94693,7.8037,70.4408,203.658,60.9164,813.972,8913.41,2497.64,0.415664,0.406276,0.421889,0.530796,0.5306,0.470508
8.32595,8.95518,7.80097,70.4984,203.775,61.0466,814.633,8918.65,2498.93,0.415789,0.406401,0.422014,0.530921,0.530725,0.470633
8.33107,8.96345,7.79813,70.5383,203.886,61.2042,815.295,8923.89,2500.23,0.415914,0.406526,0.422139,0.531046,0.53085,0.470758
8.33659,8.97172,7.79485,70.5786,203.992,61.3436,815.958,8929.13,2501.52,0.416039,0.406651,0.422264,0.531171,0.530975,0.470883
8.34208,8.97999,7.79154,70.6096,204.092,61.4878,816.622,8934.37,2502.82,0.416164,0.406776,0.422389,0.531296,0.5311,0.471008
8.34724,8.98827,7.78854,70.6448,204.19,61.6207,817.287,8939.61,2504.11,0.416289,0.406901,0.422514,0.531421,0.531225,0.471133
8.35241,8.99655,7.78548,70.6934,204.305,61.7604,817.952,8944.85,2505.4,0.416414,0.407026,0.422639,0.531546,0.53135,0.471258
8.35743,9.00483,7.78254,70.741,204.411,61.8814,818.619,8950.09,2506.7,0.416539,0.407151,0.422764,0.531671,0.531475,0.471383
8.3629,9.01312,7.77911,70.7948,204.523,61.9981,819.286,8955.33,2507.99,0.416664,0.407276,0.422889,0.531796,0.5316,0.471508
8.36822,9.02141,7.77576,70.8358,204.624,62.1159,819.954,8960.57,2509.29,0.416789,0.407401,0.423014,0.531921,0.531725,0.471633
8.37292,9.02971,7.77301,70.8736,204.73,62.2611,820.624,8965.81,2510.58,0.416914,0.407526,0.423139,0.532046,0.53185,0.471758
8.37825,9.03802,7.76959,70.913,204.834,62.3888,821.294,8971.05,2511.87,0.417039,0.407651,0.423264,0.532171,0.531974,0.471883
8.38299,9.04633,7.7667,70.9621,204.952,62.5336,821.965,8976.29,2513.17,0.417164,0.407776,0.423389,0.532296,0.532099,0.472008
8.38824,9.05464,7.76328,70.9999,205.057,62.6671,822.637,8981.54,2514.46,0.417289,0.407901,0.423514,0.532421,0.532224,0.472133
8.39291,9.06296,7.76039,71.0485,205.173,62.8051,823.31,8986.78,2515.76,0.417414,0.408026,0.423639,0.532546,0.532349,0.472258
8.39778,9.07129,7.75726,71.0777,205.269,62.9376,823.983,8992.02,2517.05,0.417539,0.408151,0.423764,0.532671,0.532474,0.472383
8.40264,9.07962,7.7541,71.1192,205.38,63.0767,824.658,8997.26,2518.34,0.417664,0.408276,0.423889,0.532796,0.532599,0.472508
8.40745,9.08796,7.75095,71.1426,205.47,63.2083,825.334,9002.5,2519.64,0.417789,0.408401,0.424014,0.532921,0.532724,0.472633
8.41235,9.09629,7.74766,71.1927,205.591,63.3477,826.01,9007.75,2520.93,0.417914,0.408526,0.424139,0.533046,0.532849,0.472758
8.41694,9.10465,7.74463,71.1909,205.66,63.4855,826.688,9012.99,2522.22,0.418039,0.408651,0.424264,0.533171,0.532974,0.472883
8.4218,9.113,7.7413,71.2255,205.767,63.6267,827.366,9018.23,2523.52,0.418164,0.408776,0.424389,0.533296,0.533099,0.473008
8.42663,9.12136,7.73796,71.2382,205.848,63.7552,828.045,9023.47,2524.81,0.418289,0.408901,0.424514,0.533421,0.533224,0.473133
8.43124,9.12973,7.73479,71.2436,205.931,63.905,828.725,9028.72,2526.1,0.418414,0.409026,0.424639,0.533546,0.533349,0.473258
8.43604,9.1381,7.73138,71.2629,206.018,64.03,829.406,9033.96,2527.4,0.418539,0.409151,0.424764,0.533671,0.533474,0.473383
8.44028,9.14648,7.7285,71.2705,206.098,64.1695,830.088,9039.2,2528.69,0.418664,0.409276,0.424889,0.533796,0.533599,0.473508
8.44512,9.15486,7.72498,71.2721,206.172,64.3002,830.771,9044.45,2529.98,0.418789,0.409401,0.425014,0.533921,0.533724,0.473633
8.44923,9.16324,7.72215,71.2879,206.259,64.4374,831.454,9049.69,2531.28,0.418914,0.409526,0.425139,0.534046,0.533849,0.473758
8.45391,9.17163,7.71871,71.2847,206.327,64.5658,832.138,9054.93,2532.57,0.419039,0.409651,0.425264,0.534171,0.533974,0.473883
8.45795,9.18002,7.71587,71.3242,206.441,64.7136,832.824,9060.18,2533.86,0.419164,0.409776,0.425389,0.534296,0.534099,0.474008
8.46213,9.18843,7.71284,71.3348,206.524,64.8494,833.51,9065.42,2535.15,0.419289,0.409901,0.425514,0.534421,0.534224,0.474133
8.46677,9.19683,7.70932,71.3458,206.609,64.9817,834.197,9070.67,2536.45,0.419414,0.410026,0.425639,0.534546,0.534349,0.474258
8.47119,9.20524,7.70597,71.3462,206.682,65.1115,834.885,9075.91,2537.74,0.419539,0.410151,0.425764,0.534671,0.534474,0.474383
8.47585,9.21366,7.70234,71.3543,206.768,65.2509,835.574,9081.15,2539.03,0.419664,0.410276,0.425889,0.534796,0.534599,0.474508
8.48007,9.22209,7.69911,71.346,206.833,65.3814,836.264,9086.4,2540.33,0.419789,0.410401,0.426014,0.534921,0.534724,0.474633
8.4847,9.23052,7.69541,71.3427,206.906,65.513,836.954,9091.64,2541.62,0.419914,0.410526,0.426139,0.535046,0.534849,0.474758
8.48856,9.23894,7.69246,71.366,207.003,65.6506,837.646,9096.89,2542.91,0.420039,0.410651,0.426264,0.535171,0.534974,0.474883
8.49277,9.24739,7.6891,71.3591,207.078,65.7965,838.338,9102.13,2544.21,0.420164,0.410776,0.426389,0.535296,0.535099,0.475008
8.49702,9.25582,7.68567,71.3731,207.168,65.9304,839.031,9107.38,2545.5,0.420289,0.410901,0.426514,0.535421,0.535224,0.475133
8.50118,9.26427,7.68228,71.3893,207.255,66.0539,839.726,9112.63,2546.79,0.420414,0.411026,0.426639,0.535546,0.535349,0.475258
8.50512,9.27272,7.67907,71.3844,207.328,66.1923,840.421,9117.87,2548.09,0.420539,0.411151,0.426764,0.535671,0.535474,0.475383
8.50943,9.28118,7.67544,71.3812,207.403,66.3253,841.117,9123.12,2549.38,0.420664,0.411276,0.426889,0.535796,0.535599,0.475508
8.51338,9.28964,7.67214,71.3835,207.488,66.4711,841.813,9128.37,2550.68,0.420789,0.411401,0.427014,0.535921,0.535724,0.475633
8.51746,9.29811,7.66865,71.394,207.584,66.6225,842.511,9133.61,2551.97,0.420914,0.411526,0.427139,0.536046,0.535849,0.475758
8.52144,9.30658,7.66523,71.3866,207.656,66.7594,843.21,9138.86,2553.26,0.421039,0.411651,0.427264,0.536171,0.535974,0.475883
8.52524,9.31507,7.66193,71.3675,207.715,66.8912,843.909,9144.11,2554.56,0.421164,0.411776,0.427389,0.536296,0.536099,0.476008
8.52879,9.32354,7.65887,71.3963,207.817,67.0221,844.609,9149.35,2555.85,0.421289,0.411901,0.427514,0.536421,0.536224,0.476133
8.53244,9.33203,7.65565,71.3787,207.876,67.1494,845.31,9154.6,2557.14,0.421414,0.412026,0.427639,0.536546,0.536349,0.476258
8.53652,9.34052,7.65196,71.3632,207.929,67.255,846.012,9159.85,2558.44,0.421539,0.412151,0.427764,0.536671,0.536474,0.476383
8.5401,9.34901,7.64873,71.3636,208.003,67.379,846.715,9165.1,2559.73,0.421664,0.412276,0.427889,0.536796,0.536599,0.476508
8.54367,9.35751,7.64548,71.3651,208.073,67.4916,847.419,9170.35,2561.03,0.421789,0.412401,0.428014,0.536921,0.536724,0.476633
8.54703,9.36602,7.64239,71.3437,208.131,67.6253,848.123,9175.6,2562.32,0.421914,0.412526,0.428139,0.537046,0.536849,0.476758
8.55078,9.37454,7.63887,71.3329,208.199,67.7545,848.829,9180.85,2563.62,0.422038,0.412651,0.428264,0.537171,0.536974,0.476883
8.55463,9.38306,7.63519,71.3298,208.278,67.8891,849.535,9186.1,2564.91,0.422163,0.412776,0.428389,0.537296,0.537099,0.477008
8.55802,9.39158,7.63194,71.3201,208.338,68.0009,850.242,9191.35,2566.21,0.422288,0.412901,0.428513,0.537421,0.537224,0.477133
8.56128,9.4001,7.6288,71.3328,208.42,68.1153,850.95,9196.6,2567.5,0.422413,0.413026,0.428638,0.537546,0.537349,0.477258
8.56476,9.40863,7.62537,71.3204,208.487,68.2437,851.659,9201.86,2568.8,0.422538,0.413151,0.428763,0.537671,0.537474,0.477383
8.56802,9.41717,7.62213,71.3216,208.565,68.3713,852.369,9207.11,2570.09,0.422663,0.413276,0.428888,0.537796,0.537599,0.477508
8.5715,9.42571,7.61862,71.318,208.642,68.5006,853.08,9212.36,2571.39,0.422788,0.413401,0.429013,0.537921,0.537724,0.477633
8.57463,9.43426,7.61543,71.2918,208.687,68.6126,853.791,9217.62,2572.69,0.422913,0.413526,0.429138,0.538046,0.537849,0.477758
8.57774,9.44281,7.61221,71.2951,208.769,68.7414,854.504,9222.87,2573.98,0.423038,0.413651,0.429263,0.538171,0.537974,0.477883
8.58075,9.45137,7.60906,71.2707,208.817,68.8553,855.217,9228.13,2575.28,0.423163,0.413776,0.429388,0.538296,0.538099,0.478008
8.58391,9.45994,7.60571,71.251,208.877,68.9812,855.931,9233.38,2576.57,0.423288,0.413901,0.429513,0.538421,0.538224,0.478133
8.58702,9.4685,7.60238,71.2527,208.952,69.0972,856.646,9238.64,2577.87,0.423413,0.414026,0.429638,0.538546,0.538349,0.478258
8.59016,9.47708,7.59897,71.242,209.025,69.2309,857.362,9243.9,2579.17,0.423538,0.414151,0.429763,0.538671,0.538474,0.478383
8.59296,9.48565,7.59586,71.2391,209.093,69.3434,858.078,9249.16,2580.47,0.423663,0.414276,0.429888,0.538796,0.538599,0.478508
8.59605,9.49424,7.59241,71.1988,209.134,69.4664,858.796,9254.41,2581.76,0.423788,0.414401,0.430013,0.538921,0.538724,0.478633
8.59888,9.50284,7.58919,71.1702,209.179,69.5764,859.514,9259.67,2583.06,0.423913,0.414526,0.430138,0.539046,0.538849,0.478758
8.60175,9.51143,7.58588,71.1537,209.24,69.6962,860.233,9264.93,2584.36,0.424038,0.414651,0.430263,0.539171,0.538974,0.478883
8.60432,9.52004,7.58284,71.1101,209.272,69.8109,860.953,9270.19,2585.66,0.424163,0.414776,0.430388,0.539296,0.539099,0.479008
8.60674,9.52864,7.5799,71.0951,209.33,69.9256,861.674,9275.45,2586.95,0.424288,0.414901,0.430513,0.539421,0.539224,0.479133
8.60951,9.53725,7.57659,71.0902,209.404,70.0494,862.395,9280.72,2588.25,0.424413,0.415026,0.430638,0.539546,0.539349,0.479258
8.61218,9.54586,7.57334,71.0739,209.46,70.1587,863.118,9285.98,2589.55,0.424538,0.415151,0.430763,0.539671,0.539474,0.479383
8.61496,9.55448,7.56992,71.0572,209.514,70.2599,863.841,9291.24,2590.85,0.424663,0.415276,0.430888,0.539796,0.539599,0.479508
8.61743,9.5631,7.56679,71.0477,209.58,70.3768,864.565,9296.51,2592.15,0.424788,0.415401,0.431013,0.539921,0.539724,0.479633
8.61996,9.57173,7.56355,71.0164,209.616,70.4711,865.29,9301.77,2593.45,0.424913,0.415526,0.431138,0.540046,0.539849,0.479758
8.62238,9.58037,7.56038,70.972,209.641,70.5695,866.016,9307.04,2594.75,0.425038,0.415651,0.431263,0.540171,0.539974,0.479883
8.62508,9.58902,7.55689,70.9469,209.689,70.6724,866.743,9312.3,2596.05,0.425163,0.415776,0.431388,0.540296,0.540099,0.480008
8.62739,9.59767,7.55375,70.9071,209.724,70.7806,867.47,9317.57,2597.35,0.425288,0.415901,0.431513,0.540421,0.540224,0.480133
8.62993,9.60631,7.55034,70.8824,209.767,70.8736,868.198,9322.84,2598.65,0.425413,0.416026,0.431638,0.540546,0.540349,0.480258
8.63205,9.61498,7.5473,70.8373,209.799,70.9869,868.927,9328.11,2599.95,0.425538,0.416151,0.431763,0.540671,0.540474,0.480383
8.63444,9.62364,7.54396,70.8104,209.84,71.0794,869.657,9333.38,2601.26,0.425663,0.416276,0.431888,0.540796,0.540599,0.480508
8.63658,9.6323,7.54085,70.7949,209.889,71.171,870.388,9338.65,2602.56,0.425788,0.416401,0.432013,0.540921,0.540724,0.480633
8.63903,9.64097,7.53737,70.7876,209.955,71.2765,871.12,9343.92,2603.86,0.425913,0.416526,0.432138,0.541046,0.540849,0.480758
8.64112,9.64964,7.53421,70.7663,209.999,71.3676,871.852,9349.2,2605.16,0.426038,0.416651,0.432263,0.541171,0.540974,0.480883
8.64323,9.65832,7.53099,70.7387,210.045,71.4708,872.585,9354.47,2606.47,0.426163,0.416776,0.432388,0.541296,0.541099,0.481008
8.64518,9.66701,7.5279,70.7026,210.077,71.5655,873.319,9359.75,2607.77,0.426288,0.416901,0.432513,0.541421,0.541224,0.481133
8.64702,9.67571,7.52486,70.6525,210.105,71.6761,874.054,9365.02,2609.07,0.426413,0.417026,0.432638,0.541546,0.541349,0.481258
8.6492,9.68441,7.52145,70.6308,210.158,71.7787,874.79,9370.3,2610.38,0.426538,0.417151,0.432763,0.541671,0.541474,0.481383
8.65095,9.69312,7.51843,70.5825,210.187,71.8869,875.526,9375.58,2611.68,0.426663,0.417276,0.432888,0.541796,0.541599,0.481508
8.65252,9.70182,7.51556,70.5636,210.226,71.9676,876.263,9380.86,2612.99,0.426788,0.417401,0.433013,0.541921,0.541724,0.481633
8.65409,9.71054,7.51266,70.5354,210.266,72.0637,877.002,9386.14,2614.29,0.426913,0.417526,0.433138,0.542046,0.541849,0.481758
8.65596,9.71926,7.50942,70.5005,210.308,72.1703,877.74,9391.42,2615.6,0.427038,0.417651,0.433263,0.542171,0.541974,0.481883
8.65749,9.72798,7.50648,70.4694,210.339,72.2522,878.48,9396.7,2616.91,0.427163,0.417776,0.433388,0.542296,0.542099,0.482008
8.65916,9.73671,7.50336,70.4217,210.363,72.3465,879.22,9401.99,2618.21,0.427288,0.417901,0.433513,0.542421,0.542224,0.482133
8.66074,9.74545,7.5003,70.3721,210.381,72.4344,879.962,9407.27,2619.52,0.427413,0.418026,0.433638,0.542546,0.542349,0.482258
8.66231,9.75419,7.4972,70.3531,210.43,72.5277,880.704,9412.56,2620.83,0.427538,0.418151,0.433763,0.542671,0.542474,0.482383
8.6641,9.76293,7.49386,70.3028,210.437,72.5892,881.447,9417.84,2622.14,0.427663,0.418276,0.433888,0.542796,0.542599,0.482508
8.6655,9.77168,7.49086,70.2933,210.5,72.6949,882.19,9423.13,2623.44,0.427788,0.418401,0.434013,0.542921,0.542724,0.482633
8.66717,9.78044,7.48755,70.2525,210.522,72.7681,882.935,9428.42,2624.75,0.427913,0.418526,0.434138,0.543046,0.542849,0.482758
8.66891,9.7892,7.48413,70.1956,210.54,72.8605,883.68,9433.71,2626.06,0.428038,0.418651,0.434263,0.543171,0.542974,0.482883
8.67021,9.79798,7.4811,70.1429,210.556,72.9466,884.426,9439,2627.37,0.428163,0.418775,0.434388,0.543296,0.543099,0.483008
8.67134,9.80675,7.47822,70.0942,210.574,73.034,885.173,9444.3,2628.68,0.428288,0.4189,0.434513,0.54342,0.543224,0.483133
8.67261,9.81553,7.47515,70.0323,210.582,73.1192,885.92,9449.59,2629.99,0.428413,0.419025,0.434638,0.543545,0.543349,0.483258
8.67377,9.82432,7.47215,69.9842,210.607,73.2154,886.669,9454.89,2631.3,0.428538,0.41915,0.434763,0.54367,0.543474,0.483383
8.67479,9.83311,7.46927,69.949,210.647,73.3187,887.418,9460.18,2632.61,0.428663,0.419275,0.434888,0.543795,0.543599,0.483508
8.67587,9.8419,7.46629,69.9305,210.701,73.4181,888.168,9465.48,2633.93,0.428788,0.4194,0.435013,0.54392,0.543724,0.483633
8.67694,9.8507,7.46327,69.8668,210.707,73.5028,888.918,9470.78,2635.24,0.428913,0.419525,0.435138,0.544045,0.543849,0.483757
8.67802,9.8595,7.46023,69.8311,210.721,73.5553,889.67,9476.08,2636.55,0.429038,0.41965,0.435263,0.54417,0.543974,0.483882
8.67918,9.86831,7.45706,69.7892,210.74,73.6235,890.422,9481.38,2637.86,0.429163,0.419775,0.435388,0.544295,0.544099,0.484007
8.68024,9.87712,7.45396,69.7572,210.775,73.7085,891.175,9486.68,2639.18,0.429288,0.4199,0.435513,0.54442,0.544224,0.484132
8.68089,9.88595,7.45122,69.7034,210.789,73.7945,891.929,9491.98,2640.49,0.429413,0.420025,0.435638,0.544545,0.544349,0.484257
8.68165,9.89478,7.44834,69.6426,210.805,73.8932,892.683,9497.29,2641.81,0.429538,0.42015,0.435763,0.54467,0.544474,0.484382
8.68253,9.90362,7.4453,69.5626,210.782,73.9471,893.439,9502.59,2643.12,0.429663,0.420275,0.435888,0.544795,0.544599,0.484507
8.6832,9.91245,7.44245,69.5238,210.804,74.0203,894.195,9507.9,2644.44,0.429788,0.4204,0.436013,0.54492,0.544724,0.484632
8.68389,9.92129,7.43954,69.481,210.814,74.0768,894.952,9513.21,2645.75,0.429913,0.420525,0.436138,0.545045,0.544849,0.484757
8.68449,9.93014,7.43669,69.4232,210.812,74.1377,895.709,9518.52,2647.07,0.430038,0.42065,0.436263,0.54517,0.544974,0.484882
8.68502,9.93898,7.43388,69.4013,210.84,74.1948,896.467,9523.83,2648.39,0.430163,0.420775,0.436388,0.545295,0.545099,0.485007
8.68554,9.94783,7.43104,69.3617,210.859,74.2633,897.227,9529.15,2649.71,0.430288,0.4209,0.436513,0.54542,0.545224,0.485132
8.68597,9.95671,7.42825,69.3051,210.881,74.3646,897.986,9534.46,2651.02,0.430413,0.421025,0.436638,0.545545,0.545349,0.485257
8.68643,9.96557,7.4254,69.259,210.903,74.4474,898.747,9539.78,2652.34,0.430538,0.42115,0.436763,0.54567,0.545474,0.485382
8.68702,9.97445,7.4224,69.2063,210.91,74.5106,899.508,9545.09,2653.66,0.430663,0.421275,0.436888,0.545795,0.545599,0.485507
8.68755,9.98333,7.4194,69.1306,210.888,74.558,900.27,9550.41,2654.98,0.430788,0.4214,0.437013,0.54592,0.545723,0.485632
8.68801,9.99221,7.41646,69.0998,210.907,74.608,901.033,9555.73,2656.3,0.430913,0.421525,0.437138,0.546045,0.545848,0.485757
8.68842,10.0011,7.41353,69.0443,210.916,74.6805,901.797,9561.05,2657.63,0.431038,0.42165,0.437263,0.54617,0.545973,0.485882
8.68883,10.01,7.41055,68.9913,210.924,74.7459,902.561,9566.38,2658.95,0.431163,0.421775,0.437388,0.546295,0.546098,0.486007
8.68901,10.0189,7.40778,68.9514,210.934,74.7957,903.326,9571.7,2660.27,0.431288,0.4219,0.437513,0.54642,0.546223,0.486132
8.6892,10.0278,7.40495,68.8855,210.923,74.8483,904.092,9577.03,2661.59,0.431413,0.422025,0.437638,0.546545,0.546348,0.486257
8.68943,10.0367,7.40206,68.8369,210.93,74.9063,904.858,9582.36,2662.92,0.431538,0.42215,0.437763,0.54667,0.546473,0.486382
8.68959,10.0456,7.39921,68.7915,210.936,74.9547,905.626,9587.68,2664.24,0.431663,0.422275,0.437888,0.546795,0.546598,0.486507
8.68955,10.0546,7.39651,68.7094,210.912,75.0123,906.394,9593.02,2665.56,0.431788,0.4224,0.438013,0.54692,0.546723,0.486632
8.68936,10.0635,7.39394,68.6601,210.92,75.078,907.162,9598.35,2666.89,0.431913,0.422525,0.438138,0.547045,0.546848,0.486757
8.68955,10.0724,7.39096,68.6061,210.913,75.1128,907.932,9603.68,2668.22,0.432038,0.42265,0.438263,0.54717,0.546973,0.486882
8.68947,10.0813,7.38822,68.5422,210.901,75.1602,908.702,9609.02,2669.54,0.432163,0.422775,0.438388,0.547295,0.547098,0.487007
8.68953,10.0903,7.38531,68.5138,210.924,75.2125,909.473,9614.36,2670.87,0.432288,0.4229,0.438513,0.54742,0.547223,0.487132
8.68947,10.0992,7.38248,68.4707,210.922,75.2431,910.245,9619.7,2672.2,0.432413,0.423025,0.438638,0.547545,0.547348,0.487257
8.68912,10.1082,7.37992,68.4364,210.94,75.3006,911.017,9625.04,2673.53,0.432538,0.42315,0.438763,0.54767,0.547473,0.487382
8.68905,10.1171,7.37703,68.3959,210.953,75.352,911.79,9630.38,2674.86,0.432663,0.423275,0.438888,0.547795,0.547598,0.487507
8.68874,10.1261,7.37437,68.3687,210.972,75.3987,912.564,9635.73,2676.19,0.432788,0.4234,0.439013,0.54792,0.547723,0.487632
8.68843,10.1351,7.37167,68.3185,210.962,75.4269,913.339,9641.07,2677.52,0.432913,0.423525,0.439138,0.548045,0.547848,0.487757
8.68829,10.144,7.36877,68.2504,210.941,75.4599,914.115,9646.42,2678.85,0.433038,0.42365,0.439263,0.54817,0.547973,0.487882
8.68783,10.153,7.36615,68.1909,210.926,75.4952,914.891,9651.77,2680.18,0.433163,0.423775,0.439388,0.548295,0.548098,0.488007
8.68766,10.162,7.36322,68.1542,210.933,75.5257,915.668,9657.12,2681.51,0.433288,0.4239,0.439513,0.54842,0.548223,0.488132
8.68716,10.171,7.36057,68.0915,210.918,75.5663,916.445,9662.48,2682.84,0.433413,0.424025,0.439638,0.548545,0.548348,0.488257
8.68652,10.18,7.35805,68.0808,210.958,75.6254,917.224,9667.84,2684.18,0.433538,0.42415,0.439763,0.54867,0.548473,0.488382
8.68627,10.189,7.35511,68.0238,210.952,75.6647,918.003,9673.19,2685.51,0.433663,0.424275,0.439888,0.548795,0.548598,0.488507
8.68575,10.198,7.35239,67.9701,210.954,75.7177,918.783,9678.55,2686.85,0.433788,0.4244,0.440013,0.54892,0.548723,0.488632
8.68522,10.207,7.34965,67.8832,210.898,75.7174,919.563,9683.92,2688.18,0.433913,0.424525,0.440138,0.549045,0.548848,0.488757
8.68457,10.216,7.34701,67.8146,210.88,75.7573,920.344,9689.28,2689.52,0.434038,0.42465,0.440263,0.54917,0.548973,0.488882
8.68399,10.225,7.34427,67.7573,210.877,75.8057,921.126,9694.65,2690.86,0.434163,0.424775,0.440388,0.549295,0.549098,0.489007
8.68322,10.2341,7.34169,67.7127,210.88,75.8485,921.909,9700.01,2692.2,0.434288,0.4249,0.440513,0.54942,0.549223,0.489132
8.68228,10.2431,7.33925,67.6818,210.891,75.8882,922.692,9705.38,2693.53,0.434413,0.425025,0.440638,0.549545,0.549348,0.489257
8.68149,10.2521,7.33664,67.6416,210.893,75.9228,923.477,9710.75,2694.87,0.434538,0.42515,0.440763,0.54967,0.549473,0.489382
8.68069,10.2612,7.334,67.5919,210.885,75.9503,924.261,9716.13,2696.21,0.434663,0.425275,0.440888,0.549795,0.549598,0.489507
8.67977,10.2702,7.33146,67.5103,210.847,75.9773,925.047,9721.5,2697.55,0.434788,0.4254,0.441013,0.54992,0.549723,0.489632
8.67885,10.2793,7.3289,67.4677,210.838,75.9938,925.833,9726.88,2698.89,0.434913,0.425525,0.441138,0.550045,0.549848,0.489757
8.67791,10.2883,7.32633,67.4028,210.819,76.0269,926.62,9732.26,2700.24,0.435038,0.42565,0.441263,0.55017,0.549973,0.489882
8.677,10.2974,7.3237,67.3661,210.808,76.0294,927.408,9737.64,2701.58,0.435163,0.425775,0.441388,0.550295,0.550098,0.490007
8.67599,10.3065,7.32115,67.3268,210.813,76.0674,928.196,9743.02,2702.92,0.435288,0.4259,0.441513,0.55042,0.550223,0.490132
8.67502,10.3155,7.31852,67.2841,210.81,76.0921,928.985,9748.41,2704.27,0.435413,0.426025,0.441638,0.550545,0.550348,0.490257
8.67409,10.3246,7.31583,67.2392,210.799,76.1039,929.775,9753.8,2705.61,0.435538,0.42615,0.441763,0.55067,0.550473,0.490382
8.67306,10.3337,7.31321,67.1825,210.776,76.1142,930.565,9759.19,2706.96,0.435663,0.426275,0.441888,0.550795,0.550598,0.490507
8.67194,10.3428,7.31065,67.1204,210.751,76.1302,931.356,9764.58,2708.3,0.435787,0.4264,0.442013,0.55092,0.550723,0.490632
8.67083,10.3519,7.30805,67.0607,210.739,76.1651,932.148,9769.97,2709.65,0.435912,0.426525,0.442138,0.551045,0.550848,0.490757
8.66973,10.361,7.30542,67.0296,210.745,76.188,932.941,9775.37,2711,0.436037,0.42665,0.442263,0.55117,0.550973,0.490882
8.66855,10.3701,7.30284,66.9769,210.72,76.1883,933.734,9780.76,2712.35,0.436162,0.426775,0.442387,0.551295,0.551098,0.491007
8.66723,10.3792,7.30037,66.9146,210.675,76.1708,934.528,9786.16,2713.7,0.436287,0.4269,0.442512,0.55142,0.551223,0.491132
8.66595,10.3883,7.29784,66.8699,210.65,76.1589,935.323,9791.57,2715.05,0.436412,0.427025,0.442637,0.551545,0.551348,0.491257
8.66464,10.3974,7.29532,66.8343,210.642,76.1667,936.119,9796.97,2716.4,0.436537,0.42715,0.442762,0.55167,0.551473,0.491382
8.66332,10.4066,7.29277,66.7773,210.621,76.1797,936.915,9802.38,2717.75,0.436662,0.427275,0.442887,0.551795,0.551598,0.491507
8.66193,10.4157,7.29027,66.7084,210.572,76.1624,937.711,9807.79,2719.1,0.436787,0.4274,0.443012,0.55192,0.551723,0.491632
8.66047,10.4248,7.28782,66.6566,210.555,76.1797,938.509,9813.2,2720.46,0.436912,0.427525,0.443137,0.552045,0.551848,0.491757
8.65903,10.434,7.28533,66.6011,210.519,76.1649,939.307,9818.62,2721.81,0.437037,0.42765,0.443262,0.55217,0.551973,0.491882
8.6575,10.4431,7.2829,66.5593,210.49,76.1445,940.106,9824.03,2723.16,0.437162,0.427775,0.443387,0.552295,0.552098,0.492007
8.65598,10.4523,7.28045,66.5406,210.487,76.1348,940.906,9829.45,2724.52,0.437287,0.4279,0.443512,0.55242,0.552223,0.492132
8.65443,10.4614,7.278,66.5152,210.493,76.1517,941.706,9834.88,2725.88,0.437412,0.428025,0.443637,0.552545,0.552348,0.492257
8.6529,10.4706,7.27551,66.4685,210.481,76.1661,942.507,9840.3,2727.23,0.437537,0.42815,0.443762,0.55267,0.552473,0.492382
8.65142,10.4798,7.27293,66.4057,210.445,76.1579,943.309,9845.73,2728.59,0.437662,0.428275,0.443887,0.552795,0.552598,0.492507
8.64988,10.4889,7.27039,66.3571,210.424,76.1573,944.111,9851.16,2729.95,0.437787,0.4284,0.444012,0.55292,0.552723,0.492632
8.64819,10.4981,7.26798,66.3161,210.416,76.1721,944.914,9856.59,2731.31,0.437912,0.428525,0.444137,0.553045,0.552848,0.492757
8.64656,10.5073,7.26548,66.2676,210.391,76.1648,945.718,9862.02,2732.67,0.438037,0.42865,0.444262,0.55317,0.552973,0.492882
8.64488,10.5165,7.26302,66.2121,210.367,76.1701,946.523,9867.46,2734.03,0.438162,0.428775,0.444387,0.553295,0.553098,0.493007
8.64317,10.5257,7.26056,66.1696,210.337,76.1454,947.328,9872.9,2735.4,0.438287,0.4289,0.444512,0.55342,0.553223,0.493132
8.64133,10.5349,7.25821,66.1136,210.298,76.1296,948.134,9878.34,2736.76,0.438412,0.429025,0.444637,0.553545,0.553348,0.493257
8.63958,10.5441,7.25574,66.0414,210.24,76.0984,948.94,9883.78,2738.12,0.438537,0.42915,0.444762,0.55367,0.553473,0.493382
8.63777,10.5533,7.25332,65.9809,210.211,76.1035,949.748,9889.23,2739.49,0.438662,0.429275,0.444887,0.553795,0.553598,0.493507
8.63603,10.5625,7.2508,65.9443,210.21,76.1177,950.555,9894.68,2740.85,0.438787,0.4294,0.445012,0.55392,0.553723,0.493632
8.6341,10.5717,7.24845,65.8804,210.158,76.0899,951.364,9900.13,2742.22,0.438912,0.429525,0.445137,0.554045,0.553848,0.493757
8.63212,10.581,7.24614,65.8308,210.13,76.0848,952.173,9905.58,2743.59,0.439037,0.42965,0.445262,0.55417,0.553973,0.493882
8.63021,10.5902,7.24374,65.8024,210.138,76.1076,952.983,9911.04,2744.95,0.439162,0.429775,0.445387,0.554295,0.554098,0.494007
8.62832,10.5994,7.2413,65.7686,210.107,76.0675,953.794,9916.5,2746.32,0.439287,0.4299,0.445512,0.55442,0.554223,0.494132
8.62636,10.6087,7.23891,65.7431,210.097,76.0537,954.605,9921.96,2747.69,0.439412,0.430025,0.445637,0.554545,0.554348,0.494257
8.62433,10.6179,7.23658,65.7262,210.088,76.0315,955.417,9927.42,2749.06,0.439537,0.43015,0.445762,0.55467,0.554473,0.494382
8.6224,10.6272,7.23412,65.6735,210.061,76.0242,956.23,9932.89,2750.43,0.439662,0.430275,0.445887,0.554795,0.554598,0.494507
8.62038,10.6365,7.23173,65.6275,210.028,75.9995,957.043,9938.35,2751.81,0.439787,0.4304,0.446012,0.55492,0.554723,0.494632
8.61834,10.6457,7.22934,65.5948,210.014,75.9883,957.858,9943.83,2753.18,0.439912,0.430525,0.446137,0.555045,0.554848,0.494757
8.61629,10.655,7.22694,65.5776,209.995,75.9449,958.672,9949.3,2754.55,0.440037,0.43065,0.446262,0.55517,0.554973,0.494882
8.61419,10.6643,7.22457,65.5447,209.98,75.9336,959.488,9954.78,2755.93,0.440162,0.430775,0.446387,0.555295,0.555098,0.495007
8.61206,10.6735,7.22221,65.5041,209.962,75.9286,960.304,9960.26,2757.3,0.440287,0.4309,0.446512,0.55542,0.555223,0.495132
8.60997,10.6828,7.2198,65.4569,209.939,75.9215,961.121,9965.74,2758.68,0.440412,0.431025,0.446637,0.555545,0.555348,0.495257
8.60785,10.6921,7.21739,65.404,209.908,75.9066,961.939,9971.22,2760.06,0.440537,0.43115,0.446762,0.55567,0.555473,0.495382
8.6057,10.7014,7.21499,65.3698,209.895,75.8987,962.757,9976.71,2761.43,0.440662,0.431275,0.446887,0.555795,0.555598,0.495507
8.60345,10.7107,7.21268,65.3323,209.868,75.8747,963.576,9982.2,2762.81,0.440787,0.4314,0.447012,0.55592,0.555723,0.495632
8.60124,10.72,7.21031,65.2806,209.845,75.8749,964.396,9987.69,2764.19,0.440912,0.431525,0.447137,0.556045,0.555848,0.495757
8.59901,10.7293,7.20793,65.2306,209.81,75.8492,965.217,9993.19,2765.57,0.441037,0.43165,0.447262,0.55617,0.555973,0.495882
8.5968,10.7387,7.20553,65.197,209.784,75.8156,966.038,9998.69,2766.95,0.441162,0.431775,0.447387,0.556295,0.556098,0.496007
8.59455,10.748,7.20314,65.1339,209.732,75.7776,966.859,10004.2,2768.34,0.441287,0.4319,0.447512,0.55642,0.556223,0.496132
8.59232,10.7573,7.20071,65.0849,209.694,75.7413,967.682,10009.7,2769.72,0.441412,0.432025,0.447637,0.556545,0.556348,0.496257
8.59003,10.7667,7.19832,65.0274,209.647,75.7052,968.505,10015.2,2771.1,0.441537,0.43215,0.447762,0.55667,0.556473,0.496382
8.5877,10.776,7.19595,64.9827,209.613,75.6737,969.329,10020.7,2772.49,0.441662,0.432275,0.447887,0.556795,0.556598,0.496507
8.58536,10.7854,7.19358,64.9395,209.587,75.6541,970.153,10026.2,2773.87,0.441787,0.4324,0.448012,0.55692,0.556723,0.496632
8.58301,10.7947,7.1912,64.9305,209.577,75.6124,970.978,10031.7,2775.26,0.441912,0.432525,0.448137,0.557045,0.556848,0.496757
8.58067,10.8041,7.18879,64.8893,209.541,75.5688,971.804,10037.2,2776.65,0.442037,0.432649,0.448262,0.557169,0.556973,0.496882
8.57827,10.8134,7.18641,64.8242,209.475,75.5072,972.631,10042.8,2778.04,0.442162,0.432774,0.448387,0.557294,0.557098,0.497007
8.57584,10.8228,7.18405,64.7865,209.446,75.4753,973.458,10048.3,2779.43,0.442287,0.432899,0.448512,0.557419,0.557223,0.497132
8.57336,10.8322,7.18173,64.7634,209.419,75.4264,974.286,10053.8,2780.82,0.442412,0.433024,0.448637,0.557544,0.557348,0.497257
8.57089,10.8415,7.17938,64.734,209.404,75.4079,975.114,10059.3,2782.21,0.442537,0.433149,0.448762,0.557669,0.557473,0.497382
8.56841,10.8509,7.17703,64.7013,209.39,75.3946,975.943,10064.9,2783.6,0.442662,0.433274,0.448887,0.557794,0.557598,0.497506
8.5659,10.8603,7.17469,64.6801,209.369,75.3534,976.773,10070.4,2784.99,0.442787,0.433399,0.449012,0.557919,0.557723,0.497631
8.56334,10.8697,7.17239,64.6503,209.335,75.304,977.604,10075.9,2786.39,0.442912,0.433524,0.449137,0.558044,0.557848,0.497756
8.5608,10.8791,7.17005,64.5981,209.289,75.263,978.436,10081.5,2787.78,0.443037,0.433649,0.449262,0.558169,0.557973,0.497881
8.55824,10.8885,7.16773,64.5758,209.261,75.2107,979.268,10087,2789.18,0.443162,0.433774,0.449387,0.558294,0.558098,0.498006
8.55567,10.8979,7.16541,64.5655,209.254,75.1804,980.1,10092.6,2790.57,0.443287,0.433899,0.449512,0.558419,0.558223,0.498131
8.55308,10.9073,7.16309,64.5315,209.227,75.1479,980.934,10098.1,2791.97,0.443412,0.434024,0.449637,0.558544,0.558348,0.498256
8.5505,10.9168,7.16075,64.506,209.197,75.0944,981.768,10103.7,2793.37,0.443537,0.434149,0.449762,0.558669,0.558473,0.498381
8.54791,10.9262,7.1584,64.4522,209.14,75.0321,982.603,10109.2,2794.77,0.443662,0.434274,0.449887,0.558794,0.558598,0.498506
8.54528,10.9356,7.15608,64.4341,209.126,74.9993,983.438,10114.8,2796.17,0.443787,0.434399,0.450012,0.558919,0.558723,0.498631
8.54263,10.9451,7.15377,64.4183,209.105,74.9517,984.275,10120.4,2797.57,0.443912,0.434524,0.450137,0.559044,0.558848,0.498756
8.53998,10.9545,7.15145,64.3602,209.058,74.9167,985.112,10125.9,2798.97,0.444037,0.434649,0.450262,0.559169,0.558973,0.498881
8.53734,10.964,7.1491,64.3101,208.994,74.8379,985.949,10131.5,2800.37,0.444162,0.434774,0.450387,0.559294,0.559098,0.499006
8.53468,10.9734,7.14675,64.2552,208.952,74.8026,986.787,10137.1,2801.77,0.444287,0.434899,0.450512,0.559419,0.559223,0.499131
8.53201,10.9829,7.14441,64.2072,208.908,74.7552,987.626,10142.6,2803.18,0.444412,0.435024,0.450637,0.559544,0.559348,0.499256
8.52932,10.9923,7.14207,64.1906,208.884,74.698,988.466,10148.2,2804.58,0.444537,0.435149,0.450762,0.559669,0.559473,0.499381
8.52661,11.0018,7.13974,64.1479,208.837,74.6397,989.306,10153.8,2805.99,0.444662,0.435274,0.450887,0.559794,0.559597,0.499506
8.52389,11.0113,7.13741,64.1102,208.797,74.5865,990.147,10159.4,2807.4,0.444787,0.435399,0.451012,0.559919,0.559722,0.499631
8.52115,11.0208,7.13509,64.0736,208.762,74.5405,990.988,10165,2808.81,0.444912,0.435524,0.451137,0.560044,0.559847,0.499756
8.5184,11.0303,7.13276,64.0326,208.717,74.4827,991.831,10170.5,2810.21,0.445037,0.435649,0.451262,0.560169,0.559972,0.499881
8.51564,11.0398,7.13043,63.9781,208.652,74.4096,992.674,10176.1,2811.62,0.445162,0.435774,0.451387,0.560294,0.560097,0.500006
8.51287,11.0493,7.1281,63.9419,208.619,74.3648,993.517,10181.7,2813.04,0.445287,0.435899,0.451512,0.560419,0.560222,0.500131
8.5101,11.0588,7.12577,63.8996,208.567,74.2943,994.361,10187.3,2814.45,0.445412,0.436024,0.451637,0.560544,0.560347,0.500256
8.5073,11.0683,7.12344,63.8632,208.521,74.2297,995.206,10192.9,2815.86,0.445537,0.436149,0.451762,0.560669,0.560472,0.500381
8.5045,11.0778,7.12112,63.8084,208.456,74.1568,996.052,10198.5,2817.27,0.445662,0.436274,0.451887,0.560794,0.560597,0.500506
8.50169,11.0873,7.1188,63.7747,208.418,74.1001,996.898,10204.1,2818.69,0.445787,0.436399,0.452012,0.560919,0.560722,0.500631
8.49888,11.0968,7.11647,63.742,208.374,74.0304,997.745,10209.7,2820.1,0.445912,0.436524,0.452137,0.561044,0.560847,0.500756
8.49605,11.1064,7.11415,63.7446,208.364,73.9735,998.592,10215.4,2821.52,0.446037,0.436649,0.452262,0.561169,0.560972,0.500881
8.49321,11.1159,7.11182,63.7074,208.315,73.9034,999.44,10221,2822.94,0.446162,0.436774,0.452387,0.561294,0.561097,0.501006
8.49037,11.1254,7.1095,63.6858,208.282,73.84,1000.29,10226.6,2824.36,0.446287,0.436899,0.452512,0.561419,0.561222,0.501131
8.48751,11.135,7.10718,63.6402,208.231,73.7798,1001.14,10232.2,2825.77,0.446412,0.437024,0.452637,0.561544,0.561347,0.501256
8.48466,11.1446,7.10485,63.597,208.192,73.7328,1001.99,10237.8,2827.19,0.446537,0.437149,0.452762,0.561669,0.561472,0.501381
8.48179,11.1541,7.10253,63.5856,208.168,73.6714,1002.84,10243.5,2828.61,0.446662,0.437274,0.452887,0.561794,0.561597,0.501506
8.47892,11.1637,7.10021,63.573,208.144,73.6138,1003.69,10249.1,2830.04,0.446787,0.437399,0.453012,0.561919,0.561722,0.501631
8.47604,11.1732,7.09789,63.5465,208.102,73.54,1004.54,10254.7,2831.46,0.446912,0.437524,0.453137,0.562044,0.561847,0.501756
8.47316,11.1828,7.09556,63.4969,208.045,73.4749,1005.4,10260.4,2832.88,0.447037,0.437649,0.453262,0.562169,0.561972,0.501881
8.47027,11.1924,7.09323,63.4653,208.012,73.4212,1006.25,10266,2834.31,0.447162,0.437774,0.453387,0.562294,0.562097,0.502006
8.46737,11.202,7.09091,63.4295,207.972,73.3636,1007.11,10271.7,2835.73,0.447287,0.437899,0.453512,0.562419,0.562222,0.502131
8.46447,11.2116,7.08859,63.42,207.935,73.2788,1007.96,10277.3,2837.16,0.447412,0.438024,0.453637,0.562544,0.562347,0.502256
8.46156,11.2212,7.08626,63.3587,207.864,73.1987,1008.82,10283,2838.59,0.447537,0.438149,0.453762,0.562669,0.562472,0.502381
8.45864,11.2308,7.08393,63.3186,207.808,73.1182,1009.67,10288.6,2840.02,0.447662,0.438274,0.453887,0.562794,0.562597,0.502506
8.45572,11.2404,7.08161,63.3019,207.775,73.0457,1010.53,10294.3,2841.44,0.447787,0.438399,0.454012,0.562919,0.562722,0.502631
8.45279,11.25,7.07928,63.2818,207.733,72.9632,1011.39,10300,2842.87,0.447912,0.438524,0.454137,0.563044,0.562847,0.502756
8.44986,11.2596,7.07696,63.255,207.681,72.8693,1012.25,10305.6,2844.31,0.448037,0.438649,0.454262,0.563169,0.562972,0.502881
8.44692,11.2692,7.07463,63.2321,207.647,72.8036,1013.1,10311.3,2845.74,0.448162,0.438774,0.454387,0.563294,0.563097,0.503006
8.44399,11.2789,7.0723,63.2125,207.605,72.7226,1013.96,10317,2847.17,0.448287,0.438899,0.454512,0.563419,0.563222,0.503131
8.44105,11.2885,7.06996,63.1785,207.561,72.6585,1014.82,10322.6,2848.61,0.448412,0.439024,0.454637,0.563544,0.563347,0.503256
8.43811,11.2982,7.06763,63.1139,207.491,72.5894,1015.69,10328.3,2850.04,0.448537,0.439149,0.454762,0.563669,0.563472,0.503381
8.43516,11.3078,7.06531,63.0888,207.452,72.5171,1016.55,10334,2851.48,0.448662,0.439274,0.454887,0.563794,0.563597,0.503506
8.43221,11.3175,7.06297,63.0561,207.392,72.4189,1017.41,10339.7,2852.91,0.448787,0.439399,0.455012,0.563919,0.563722,0.503631
8.42927,11.3271,7.06064,63.0264,207.347,72.3456,1018.27,10345.4,2854.35,0.448912,0.439524,0.455137,0.564044,0.563847,0.503756
8.42631,11.3368,7.05832,62.9745,207.274,72.2484,1019.14,10351.1,2855.79,0.449037,0.439649,0.455262,0.564169,0.563972,0.503881
8.42335,11.3464,7.05599,62.9481,207.224,72.159,1020,10356.8,2857.23,0.449162,0.439774,0.455387,0.564294,0.564097,0.504006
8.42038,11.3561,7.05367,62.9214,207.176,72.0727,1020.87,10362.5,2858.67,0.449287,0.439899,0.455512,0.564419,0.564222,0.504131
8.41741,11.3658,7.05134,62.9111,207.142,71.9894,1021.73,10368.2,2860.11,0.449412,0.440024,0.455637,0.564544,0.564347,0.504256
8.41445,11.3755,7.04901,62.88,207.096,71.915,1022.6,10373.9,2861.55,0.449537,0.440149,0.455762,0.564669,0.564472,0.504381
8.41148,11.3852,7.04668,62.8678,207.061,71.8325,1023.46,10379.6,2863,0.449661,0.440274,0.455887,0.564794,0.564597,0.504506
8.40849,11.3949,7.04437,62.8592,207.032,71.7511,1024.33,10385.3,2864.44,0.449786,0.440399,0.456012,0.564919,0.564722,0.504631
8.40552,11.4046,7.04203,62.8399,206.99,71.6681,1025.2,10391,2865.89,0.449911,0.440524,0.456136,0.565044,0.564847,0.504756
8.40255,11.4143,7.0397,62.8071,206.948,71.6035,1026.07,10396.7,2867.33,0.450036,0.440649,0.456261,0.565169,0.564972,0.504881
8.39957,11.424,7.03737,62.7738,206.897,71.5215,1026.94,10402.5,2868.78,0.450161,0.440774,0.456386,0.565294,0.565097,0.505006
8.39659,11.4337,7.03504,62.7544,206.862,71.4485,1027.81,10408.2,2870.23,0.450286,0.440899,0.456511,0.565419,0.565222,0.505131
8.39361,11.4434,7.03271,62.7187,206.802,71.3526,1028.68,10413.9,2871.68,0.450411,0.441024,0.456636,0.565544,0.565347,0.505256
8.39062,11.4532,7.03038,62.7162,206.768,71.2584,1029.55,10419.7,2873.12,0.450536,0.441149,0.456761,0.565669,0.565472,0.505381
8.38764,11.4629,7.02805,62.6983,206.732,71.182,1030.43,10425.4,2874.58,0.450661,0.441274,0.456886,0.565794,0.565597,0.505506
8.38465,11.4726,7.02573,62.664,206.682,71.101,1031.3,10431.1,2876.03,0.450786,0.441399,0.457011,0.565919,0.565722,0.505631
8.38166,11.4824,7.02341,62.6497,206.637,71.0018,1032.17,10436.9,2877.48,0.450911,0.441524,0.457136,0.566044,0.565847,0.505756
8.37868,11.4921,7.02106,62.6168,206.581,70.9117,1033.05,10442.6,2878.93,0.451036,0.441649,0.457261,0.566169,0.565972,0.505881
8.37568,11.5019,7.01875,62.5872,206.536,70.8318,1033.92,10448.4,2880.39,0.451161,0.441774,0.457386,0.566294,0.566097,0.506006
8.3727,11.5117,7.01641,62.554,206.475,70.7315,1034.8,10454.1,2881.84,0.451286,0.441899,0.457511,0.566419,0.566222,0.506131
8.3697,11.5214,7.01409,62.5415,206.429,70.6268,1035.67,10459.9,2883.3,0.451411,0.442024,0.457636,0.566544,0.566347,0.506256
8.3667,11.5312,7.01177,62.4935,206.379,70.5633,1036.55,10465.7,2884.76,0.451536,0.442149,0.457761,0.566669,0.566472,0.506381
8.36371,11.541,7.00945,62.4755,206.35,70.497,1037.43,10471.4,2886.21,0.451661,0.442274,0.457886,0.566794,0.566597,0.506506
8.36071,11.5508,7.00713,62.4827,206.327,70.409,1038.31,10477.2,2887.67,0.451786,0.442399,0.458011,0.566919,0.566722,0.506631
8.35772,11.5605,7.0048,62.433,206.251,70.3013,1039.19,10483,2889.13,0.451911,0.442524,0.458136,0.567044,0.566847,0.506756
8.35472,11.5703,7.00247,62.429,206.23,70.231,1040.07,10488.7,2890.59,0.452036,0.442649,0.458261,0.567169,0.566972,0.506881
8.35173,11.5801,7.00015,62.3894,206.164,70.1284,1040.95,10494.5,2892.06,0.452161,0.442774,0.458386,0.567294,0.567097,0.507006
8.34874,11.5899,6.99782,62.3831,206.12,70.0199,1041.83,10500.3,2893.52,0.452286,0.442899,0.458511,0.567419,0.567222,0.507131
8.34575,11.5998,6.99548,62.3664,206.068,69.9112,1042.71,10506.1,2894.98,0.452411,0.443024,0.458636,0.567544,0.567347,0.507256
8.34278,11.6096,6.99313,62.3303,206.011,69.8219,1043.59,10511.9,2896.45,0.452536,0.443149,0.458761,0.567669,0.567472,0.507381
8.33979,11.6194,6.99082,62.3364,205.977,69.7142,1044.48,10517.7,2897.91,0.452661,0.443274,0.458886,0.567794,0.567597,0.507506
8.3368,11.6292,6.98849,62.3117,205.93,69.6263,1045.36,10523.5,2899.38,0.452786,0.443399,0.459011,0.567919,0.567722,0.507631
8.33383,11.6391,6.98615,62.299,205.901,69.5548,1046.25,10529.3,2900.85,0.452911,0.443524,0.459136,0.568044,0.567847,0.507756
8.33085,11.6489,6.98382,62.2779,205.859,69.4711,1047.13,10535.1,2902.31,0.453036,0.443649,0.459261,0.568169,0.567972,0.507881
8.32788,11.6587,6.9815,62.2656,205.828,69.3939,1048.02,10540.9,2903.78,0.453161,0.443774,0.459386,0.568294,0.568097,0.508006
8.3249,11.6686,6.97917,62.2353,205.776,69.3026,1048.9,10546.7,2905.25,0.453286,0.443899,0.459511,0.568419,0.568222,0.508131
8.32189,11.6784,6.97688,62.2077,205.737,69.2277,1049.79,10552.5,2906.72,0.453411,0.444024,0.459636,0.568544,0.568347,0.508256
8.31893,11.6883,6.97455,62.2004,205.703,69.1403,1050.68,10558.3,2908.2,0.453536,0.444149,0.459761,0.568669,0.568472,0.508381
8.31594,11.6982,6.97223,62.181,205.661,69.0516,1051.57,10564.2,2909.67,0.453661,0.444274,0.459886,0.568794,0.568597,0.508506
8.31298,11.7081,6.9699,62.1733,205.621,68.9545,1052.46,10570,2911.14,0.453786,0.444399,0.460011,0.568919,0.568722,0.508631
8.31002,11.7179,6.96757,62.1549,205.576,68.8611,1053.35,10575.8,2912.62,0.453911,0.444524,0.460136,0.569044,0.568847,0.508756
8.30707,11.7278,6.96524,62.1078,205.507,68.7631,1054.24,10581.7,2914.09,0.454036,0.444649,0.460261,0.569169,0.568972,0.508881
8.3041,11.7377,6.96292,62.0908,205.471,68.6815,1055.13,10587.5,2915.57,0.454161,0.444774,0.460386,0.569294,0.569097,0.509006
8.30113,11.7476,6.96061,62.0725,205.421,68.5767,1056.02,10593.3,2917.05,0.454286,0.444899,0.460511,0.569419,0.569222,0.509131
8.29817,11.7575,6.9583,62.0747,205.392,68.4821,1056.92,10599.2,2918.52,0.454411,0.445024,0.460636,0.569544,0.569347,0.509256
8.29519,11.7674,6.956,62.0678,205.358,68.3904,1057.81,10605,2920,0.454536,0.445149,0.460761,0.569669,0.569472,0.509381
8.29223,11.7773,6.95369,62.0397,205.312,68.3067,1058.7,10610.9,2921.48,0.454661,0.445274,0.460886,0.569794,0.569597,0.509506
8.2893,11.7872,6.95136,62.0288,205.268,68.2059,1059.6,10616.7,2922.96,0.454786,0.445399,0.461011,0.569919,0.569722,0.509631
8.28638,11.7972,6.94903,62.0146,205.217,68.0955,1060.49,10622.6,2924.45,0.454911,0.445524,0.461136,0.570044,0.569847,0.509756
8.28344,11.8071,6.94671,61.9895,205.17,68.0071,1061.39,10628.5,2925.93,0.455036,0.445649,0.461261,0.570169,0.569972,0.509881
8.28049,11.817,6.94442,61.9859,205.128,67.8961,1062.29,10634.3,2927.41,0.455161,0.445774,0.461386,0.570294,0.570097,0.510006
8.27755,11.827,6.94211,61.9712,205.089,67.8066,1063.19,10640.2,2928.9,0.455286,0.445899,0.461511,0.570419,0.570222,0.510131
8.27462,11.8369,6.9398,61.9656,205.059,67.7211,1064.08,10646.1,2930.38,0.455411,0.446024,0.461636,0.570544,0.570347,0.510256
8.27171,11.8469,6.93748,61.9589,205.029,67.6414,1064.98,10651.9,2931.87,0.455536,0.446149,0.461761,0.570669,0.570472,0.510381
8.26879,11.8568,6.93517,61.9328,204.975,67.5385,1065.88,10657.8,2933.35,0.455661,0.446274,0.461886,0.570794,0.570597,0.510506
8.26589,11.8668,6.93285,61.9277,204.933,67.4337,1066.78,10663.7,2934.84,0.455786,0.446398,0.462011,0.570919,0.570722,0.510631
8.26299,11.8767,6.93055,61.9037,204.886,67.3428,1067.68,10669.6,2936.33,0.455911,0.446523,0.462136,0.571043,0.570847,0.510756
8.26005,11.8867,6.92828,61.8869,204.843,67.2467,1068.59,10675.5,2937.82,0.456036,0.446648,0.462261,0.571168,0.570972,0.510881
8.25719,11.8967,6.92594,61.8742,204.808,67.1663,1069.49,10681.4,2939.31,0.456161,0.446773,0.462386,0.571293,0.571097,0.511006
8.2543,11.9067,6.92364,61.8292,204.746,67.0769,1070.39,10687.3,2940.8,0.456286,0.446898,0.462511,0.571418,0.571222,0.511131
8.2514,11.9167,6.92137,61.8201,204.709,66.9811,1071.3,10693.2,2942.29,0.456411,0.447023,0.462636,0.571543,0.571347,0.511256
8.24854,11.9267,6.91905,61.8066,204.668,66.8898,1072.2,10699.1,2943.79,0.456536,0.447148,0.462761,0.571668,0.571472,0.51138
8.24568,11.9367,6.91675,61.7809,204.625,66.8099,1073.11,10705,2945.28,0.456661,0.447273,0.462886,0.571793,0.571597,0.511505
8.24279,11.9467,6.91448,61.7689,204.585,66.7134,1074.01,10710.9,2946.78,0.456786,0.447398,0.463011,0.571918,0.571722,0.51163
8.23994,11.9567,6.91219,61.7548,204.549,66.6303,1074.92,10716.8,2948.27,0.456911,0.447523,0.463136,0.572043,0.571847,0.511755
8.23708,11.9667,6.90991,61.7379,204.497,66.5215,1075.83,10722.8,2949.77,0.457036,0.447648,0.463261,0.572168,0.571972,0.51188
8.23422,11.9767,6.90764,61.7181,204.466,66.4521,1076.73,10728.7,2951.27,0.457161,0.447773,0.463386,0.572293,0.572097,0.512005
8.23136,11.9868,6.90538,61.6954,204.416,66.3533,1077.64,10734.6,2952.76,0.457286,0.447898,0.463511,0.572418,0.572222,0.51213
8.22852,11.9968,6.9031,61.7109,204.394,66.2553,1078.55,10740.5,2954.26,0.457411,0.448023,0.463636,0.572543,0.572347,0.512255
8.22569,12.0068,6.90082,61.673,204.334,66.1603,1079.46,10746.5,2955.76,0.457536,0.448148,0.463761,0.572668,0.572472,0.51238
8.22284,12.0169,6.89858,61.6651,204.298,66.0646,1080.37,10752.4,2957.26,0.457661,0.448273,0.463886,0.572793,0.572597,0.512505
8.21998,12.0269,6.89635,61.6484,204.259,65.9746,1081.28,10758.4,2958.77,0.457786,0.448398,0.464011,0.572918,0.572722,0.51263
8.21713,12.037,6.89411,61.6354,204.22,65.882,1082.2,10764.3,2960.27,0.457911,0.448523,0.464136,0.573043,0.572847,0.512755
8.21434,12.047,6.89183,61.6368,204.188,65.7862,1083.11,10770.3,2961.77,0.458036,0.448648,0.464261,0.573168,0.572972,0.51288
8.21152,12.0571,6.88958,61.6277,204.147,65.6859,1084.02,10776.2,2963.28,0.458161,0.448773,0.464386,0.573293,0.573097,0.513005
8.2087,12.0672,6.88735,61.6149,204.115,65.6064,1084.94,10782.2,2964.78,0.458286,0.448898,0.464511,0.573418,0.573222,0.51313
8.2059,12.0773,6.8851,61.5734,204.058,65.5172,1085.85,10788.1,2966.29,0.458411,0.449023,0.464636,0.573543,0.573346,0.513255
8.20309,12.0873,6.88287,61.555,204.02,65.4351,1086.77,10794.1,2967.8,0.458536,0.449148,0.464761,0.573668,0.573471,0.51338
8.20027,12.0974,6.88065,61.5215,203.969,65.3445,1087.68,10800.1,2969.3,0.458661,0.449273,0.464886,0.573793,0.573596,0.513505
8.19749,12.1075,6.87841,61.5154,203.932,65.2486,1088.6,10806,2970.81,0.458786,0.449398,0.465011,0.573918,0.573721,0.51363
8.19471,12.1176,6.87618,61.5011,203.895,65.1626,1089.52,10812,2972.32,0.458911,0.449523,0.465136,0.574043,0.573846,0.513755
8.19193,12.1277,6.87396,61.469,203.849,65.0825,1090.44,10818,2973.83,0.459036,0.449648,0.465261,0.574168,0.573971,0.51388
8.18915,12.1379,6.87175,61.4384,203.8,64.9926,1091.35,10824,2975.34,0.459161,0.449773,0.465386,0.574293,0.574096,0.514005
8.18638,12.148,6.86953,61.4126,203.764,64.923,1092.27,10830,2976.85,0.459286,0.449898,0.465511,0.574418,0.574221,0.51413
8.18364,12.1581,6.86731,61.3951,203.732,64.8515,1093.19,10835.9,2978.37,0.459411,0.450023,0.465636,0.574543,0.574346,0.514255
8.18084,12.1682,6.86514,61.3601,203.688,64.7745,1094.11,10841.9,2979.88,0.459536,0.450148,0.465761,0.574668,0.574471,0.51438
8.17812,12.1784,6.8629,61.3293,203.637,64.6877,1095.04,10847.9,2981.4,0.459661,0.450273,0.465886,0.574793,0.574596,0.514505
8.17536,12.1885,6.86072,61.2942,203.58,64.5887,1095.96,10853.9,2982.91,0.459786,0.450398,0.466011,0.574918,0.574721,0.51463
8.17263,12.1987,6.85851,61.2745,203.534,64.4913,1096.88,10859.9,2984.43,0.459911,0.450523,0.466136,0.575043,0.574846,0.514755
8.16992,12.2088,6.85631,61.2715,203.505,64.4076,1097.8,10865.9,2985.94,0.460036,0.450648,0.466261,0.575168,0.574971,0.51488
8.16719,12.219,6.85412,61.2185,203.437,64.3136,1098.73,10872,2987.46,0.460161,0.450773,0.466386,0.575293,0.575096,0.515005
8.16447,12.2291,6.85195,61.2091,203.403,64.2232,1099.65,10878,2988.98,0.460286,0.450898,0.466511,0.575418,0.575221,0.51513
8.16177,12.2393,6.84976,61.1964,203.366,64.1363,1100.58,10884,2990.5,0.460411,0.451023,0.466636,0.575543,0.575346,0.515255
8.15907,12.2495,6.8476,61.1767,203.328,64.0541,1101.5,10890,2992.02,0.460536,0.451148,0.466761,0.575668,0.575471,0.51538
8.15635,12.2597,6.84545,61.1575,203.284,63.9592,1102.43,10896,2993.54,0.460661,0.451273,0.466886,0.575793,0.575596,0.515505
8.15367,12.2698,6.84328,61.1413,203.241,63.8626,1103.36,10902.1,2995.06,0.460786,0.451398,0.467011,0.575918,0.575721,0.51563
8.15097,12.28,6.84114,61.1159,203.206,63.793,1104.28,10908.1,2996.58,0.460911,0.451523,0.467136,0.576043,0.575846,0.515755
8.14829,12.2902,6.83899,61.0808,203.161,63.7173,1105.21,10914.1,2998.11,0.461036,0.451648,0.467261,0.576168,0.575971,0.51588
8.14561,12.3004,6.83685,61.063,203.113,63.6136,1106.14,10920.2,2999.63,0.461161,0.451773,0.467386,0.576293,0.576096,0.516005
8.14295,12.3106,6.83469,61.0218,203.051,63.5154,1107.07,10926.2,3001.16,0.461286,0.451898,0.467511,0.576418,0.576221,0.51613
8.1403,12.3209,6.83255,61.0091,203.008,63.4151,1108,10932.2,3002.68,0.461411,0.452023,0.467636,0.576543,0.576346,0.516255
8.13766,12.3311,6.83042,60.9941,202.972,63.3316,1108.93,10938.3,3004.21,0.461536,0.452148,0.467761,0.576668,0.576471,0.51638
8.13499,12.3413,6.82831,60.9683,202.94,63.2664,1109.86,10944.3,3005.74,0.461661,0.452273,0.467886,0.576793,0.576596,0.516505
8.13232,12.3515,6.82622,60.9454,202.893,63.1691,1110.8,10950.4,3007.26,0.461786,0.452398,0.468011,0.576918,0.576721,0.51663
8.12969,12.3618,6.8241,60.9163,202.841,63.0731,1111.73,10956.5,3008.79,0.461911,0.452523,0.468136,0.577043,0.576846,0.516755
8.12708,12.372,6.82198,60.8868,202.792,62.9846,1112.66,10962.5,3010.32,0.462036,0.452648,0.468261,0.577168,0.576971,0.51688
8.12447,12.3823,6.81986,60.8505,202.738,62.8955,1113.6,10968.6,3011.85,0.462161,0.452773,0.468386,0.577293,0.577096,0.517005
8.12187,12.3925,6.81776,60.8218,202.697,62.8197,1114.53,10974.7,3013.39,0.462286,0.452898,0.468511,0.577418,0.577221,0.51713
8.11926,12.4028,6.81568,60.7923,202.648,62.7285,1115.47,10980.7,3014.92,0.462411,0.453023,0.468636,0.577543,0.577346,0.517255
8.11666,12.413,6.81361,60.7906,202.622,62.6456,1116.4,10986.8,3016.45,0.462536,0.453148,0.468761,0.577668,0.577471,0.51738
8.11407,12.4233,6.81153,60.7814,202.591,62.5624,1117.34,10992.9,3017.98,0.462661,0.453273,0.468886,0.577793,0.577596,0.517505
8.11149,12.4336,6.80945,60.7276,202.529,62.4798,1118.28,10999,3019.52,0.462786,0.453398,0.469011,0.577918,0.577721,0.51763
8.10888,12.4439,6.80741,60.6949,202.489,62.4083,1119.21,11005.1,3021.05,0.462911,0.453523,0.469136,0.578043,0.577846,0.517755
8.10633,12.4542,6.80534,60.668,202.451,62.3365,1120.15,11011.2,3022.59,0.463036,0.453648,0.469261,0.578168,0.577971,0.51788
8.10375,12.4645,6.8033,60.633,202.397,62.2414,1121.09,11017.2,3024.13,0.463161,0.453773,0.469386,0.578293,0.578096,0.518005
8.10119,12.4748,6.80126,60.626,202.371,62.1647,1122.03,11023.3,3025.66,0.463286,0.453898,0.469511,0.578418,0.578221,0.51813
8.09865,12.4851,6.7992,60.5676,202.31,62.0907,1122.97,11029.4,3027.2,0.46341,0.454023,0.469636,0.578543,0.578346,0.518255
8.09612,12.4954,6.79716,60.5296,202.258,62.0068,1123.91,11035.6,3028.74,0.463535,0.454148,0.469761,0.578668,0.578471,0.51838
8.09358,12.5057,6.79514,60.4963,202.207,61.9165,1124.85,11041.7,3030.28,0.46366,0.454273,0.469885,0.578793,0.578596,0.518505
8.09105,12.516,6.79312,60.453,202.153,61.8345,1125.8,11047.8,3031.82,0.463785,0.454398,0.47001,0.578918,0.578721,0.51863
8.08853,12.5263,6.79111,60.4109,202.107,61.7669,1126.74,11053.9,3033.36,0.46391,0.454523,0.470135,0.579043,0.578846,0.518755
8.086,12.5367,6.78912,60.3757,202.07,61.7039,1127.68,11060,3034.91,0.464035,0.454648,0.47026,0.579168,0.578971,0.51888
8.08349,12.547,6.78712,60.3348,202.035,61.6559,1128.63,11066.1,3036.45,0.46416,0.454773,0.470385,0.579293,0.579096,0.519005
8.08101,12.5574,6.78513,60.3397,202.019,61.5848,1129.57,11072.2,3037.99,0.464285,0.454898,0.47051,0.579418,0.579221,0.51913
8.07852,12.5677,6.78314,60.305,201.982,61.5246,1130.52,11078.4,3039.54,0.46441,0.455023,0.470635,0.579543,0.579346,0.519255
8.07607,12.5781,6.78115,60.2732,201.935,61.4453,1131.46,11084.5,3041.08,0.464535,0.455148,0.47076,0.579668,0.579471,0.51938
8.07358,12.5884,6.7792,60.2366,201.889,61.3665,1132.41,11090.6,3042.63,0.46466,0.455273,0.470885,0.579793,0.579596,0.519505
8.07111,12.5988,6.77724,60.1881,201.842,61.3044,1133.35,11096.8,3044.18,0.464785,0.455398,0.47101,0.579918,0.579721,0.51963
8.06864,12.6092,6.77529,60.1494,201.798,61.2347,1134.3,11102.9,3045.72,0.46491,0.455523,0.471135,0.580043,0.579846,0.519755
8.0662,12.6195,6.77335,60.1369,201.77,61.1621,1135.25,11109,3047.27,0.465035,0.455648,0.47126,0.580168,0.579971,0.51988
8.06376,12.6299,6.77141,60.1082,201.732,61.0917,1136.2,11115.2,3048.82,0.46516,0.455773,0.471385,0.580293,0.580096,0.520005
8.06132,12.6403,6.76949,60.0555,201.675,61.0165,1137.15,11121.3,3050.37,0.465285,0.455898,0.47151,0.580418,0.580221,0.52013
8.05888,12.6507,6.76757,60.0174,201.631,60.9448,1138.1,11127.5,3051.92,0.46541,0.456023,0.471635,0.580543,0.580346,0.520255
8.05645,12.6611,6.76566,59.9574,201.569,60.8658,1139.05,11133.7,3053.47,0.465535,0.456148,0.47176,0.580668,0.580471,0.52038
8.05402,12.6715,6.76377,59.9087,201.518,60.7937,1140,11139.8,3055.02,0.46566,0.456273,0.471885,0.580793,0.580596,0.520505
8.05161,12.6819,6.76188,59.907,201.503,60.7318,1140.95,11146,3056.57,0.465785,0.456398,0.47201,0.580918,0.580721,0.52063
8.04921,12.6924,6.75998,59.8579,201.456,60.6701,1141.9,11152.1,3058.13,0.46591,0.456523,0.472135,0.581043,0.580846,0.520755
8.04683,12.7028,6.75809,59.835,201.42,60.5978,1142.85,11158.3,3059.68,0.466035,0.456648,0.47226,0.581168,0.580971,0.52088
8.04444,12.7132,6.75623,59.796,201.378,60.5314,1143.81,11164.5,3061.24,0.46616,0.456773,0.472385,0.581293,0.581096,0.521005
8.04205,12.7236,6.75437,59.7479,201.327,60.4597,1144.76,11170.7,3062.79,0.466285,0.456898,0.47251,0.581418,0.581221,0.52113
8.03967,12.7341,6.75251,59.681,201.258,60.376,1145.71,11176.8,3064.35,0.46641,0.457023,0.472635,0.581543,0.581346,0.521255
8.0373,12.7445,6.75066,59.6357,201.216,60.3193,1146.67,11183,3065.91,0.466535,0.457148,0.47276,0.581668,0.581471,0.52138
8.03494,12.755,6.74882,59.5921,201.173,60.2568,1147.62,11189.2,3067.46,0.46666,0.457273,0.472885,0.581793,0.581596,0.521505
8.03259,12.7655,6.74698,59.5335,201.125,60.2046,1148.58,11195.4,3069.02,0.466785,0.457398,0.47301,0.581918,0.581721,0.52163
8.03024,12.7759,6.74516,59.4815,201.073,60.1355,1149.53,11201.6,3070.58,0.46691,0.457523,0.473135,0.582043,0.581846,0.521755
8.02789,12.7864,6.74334,59.4228,201.029,60.0905,1150.49,11207.8,3072.14,0.467035,0.457648,0.47326,0.582168,0.581971,0.52188
8.02555,12.7969,6.74154,59.3814,200.998,60.0474,1151.45,11214,3073.7,0.46716,0.457773,0.473385,0.582293,0.582096,0.522005
8.02322,12.8073,6.73974,59.3353,200.963,60.0013,1152.41,11220.2,3075.26,0.467285,0.457898,0.47351,0.582418,0.582221,0.52213
8.0209,12.8178,6.73794,59.2543,200.902,59.9521,1153.36,11226.4,3076.82,0.46741,0.458023,0.473635,0.582543,0.582346,0.522255
8.01858,12.8283,6.73616,59.1964,200.843,59.8766,1154.32,11232.6,3078.39,0.467535,0.458148,0.47376,0.582668,0.582471,0.52238
8.01627,12.8388,6.73439,59.1518,200.803,59.8195,1155.28,11238.8,3079.95,0.46766,0.458273,0.473885,0.582793,0.582596,0.522505
8.01397,12.8493,6.73261,59.084,200.744,59.7561,1156.24,11245,3081.51,0.467785,0.458398,0.47401,0.582918,0.582721,0.52263
8.01167,12.8598,6.73084,59.0478,200.703,59.6879,1157.2,11251.2,3083.08,0.46791,0.458523,0.474135,0.583043,0.582846,0.522755
8.00939,12.8704,6.72908,59.0055,200.665,59.6352,1158.16,11257.4,3084.64,0.468035,0.458648,0.47426,0.583168,0.582971,0.52288
8.0071,12.8809,6.72735,58.9674,200.643,59.6037,1159.12,11263.6,3086.21,0.46816,0.458773,0.474385,0.583293,0.583096,0.523005
8.00483,12.8914,6.72561,58.9184,200.601,59.5489,1160.08,11269.8,3087.77,0.468285,0.458898,0.47451,0.583418,0.583221,0.52313
8.00256,12.9019,6.72387,58.8509,200.552,59.5056,1161.05,11276.1,3089.34,0.46841,0.459023,0.474635,0.583543,0.583346,0.523255
8.00029,12.9125,6.72215,58.7926,200.509,59.4568,1162.01,11282.3,3090.91,0.468535,0.459148,0.47476,0.583668,0.583471,0.52338
7.99804,12.923,6.72043,58.7358,200.461,59.4026,1162.97,11288.5,3092.48,0.46866,0.459273,0.474885,0.583793,0.583596,0.523505
7.99579,12.9336,6.71872,58.6948,200.426,59.3516,1163.94,11294.8,3094.05,0.468785,0.459398,0.47501,0.583918,0.583721,0.52363
7.99356,12.9441,6.71701,58.6428,200.383,59.3007,1164.9,11301,3095.62,0.46891,0.459523,0.475135,0.584043,0.583846,0.523755
7.99133,12.9547,6.71532,58.6049,200.349,59.2492,1165.86,11307.2,3097.19,0.469035,0.459648,0.47526,0.584168,0.583971,0.52388
7.9891,12.9653,6.71363,58.5534,200.305,59.1931,1166.83,11313.5,3098.76,0.46916,0.459773,0.475385,0.584293,0.584096,0.524005
7.98689,12.9758,6.71196,58.5088,200.271,59.1464,1167.79,11319.7,3100.33,0.469285,0.459898,0.47551,0.584418,0.584221,0.52413
7.98468,12.9864,6.71029,58.444,200.218,59.0918,1168.76,11326,3101.9,0.46941,0.460023,0.475635,0.584543,0.584346,0.524255
7.98248,12.997,6.70862,58.3769,200.161,59.0325,1169.73,11332.2,3103.48,0.469535,0.460148,0.47576,0.584668,0.584471,0.52438
7.98028,13.0076,6.70697,58.3176,200.121,58.9957,1170.69,11338.5,3105.05,0.46966,0.460272,0.475885,0.584792,0.584596,0.524505
7.9781,13.0182,6.70533,58.2601,200.079,58.9519,1171.66,11344.7,3106.63,0.469785,0.460397,0.47601,0.584917,0.584721,0.52463
7.97592,13.0288,6.70369,58.2062,200.037,58.9073,1172.63,11351,3108.2,0.46991,0.460522,0.476135,0.585042,0.584846,0.524755
7.97375,13.0394,6.70207,58.1737,200.013,58.866,1173.6,11357.2,3109.78,0.470035,0.460647,0.47626,0.585167,0.584971,0.52488
7.97159,13.05,6.70045,58.0985,199.954,58.8138,1174.57,11363.5,3111.35,0.47016,0.460772,0.476385,0.585292,0.585096,0.525005
7.96943,13.0606,6.69885,58.0379,199.92,58.7866,1175.53,11369.8,3112.93,0.470285,0.460897,0.47651,0.585417,0.585221,0.525129
7.96728,13.0713,6.69725,57.9928,199.885,58.7425,1176.5,11376,3114.51,0.47041,0.461022,0.476635,0.585542,0.585346,0.525254
7.96514,13.0819,6.69566,57.9318,199.849,58.7127,1177.47,11382.3,3116.09,0.470535,0.461147,0.47676,0.585667,0.585471,0.525379
7.96301,13.0925,6.69407,57.8483,199.794,58.6779,1178.44,11388.6,3117.67,0.47066,0.461272,0.476885,0.585792,0.585596,0.525504
7.96088,13.1032,6.6925,57.813,199.775,58.649,1179.42,11394.9,3119.25,0.470785,0.461397,0.47701,0.585917,0.585721,0.525629
7.95876,13.1138,6.69094,57.7593,199.734,58.6008,1180.39,11401.1,3120.83,0.47091,0.461522,0.477135,0.586042,0.585846,0.525754
7.95665,13.1245,6.68937,57.6991,199.692,58.5599,1181.36,11407.4,3122.41,0.471035,0.461647,0.47726,0.586167,0.585971,0.525879
7.95454,13.1351,6.68783,57.6544,199.655,58.5097,1182.33,11413.7,3123.99,0.47116,0.461772,0.477385,0.586292,0.586096,0.526004
7.95245,13.1458,6.68628,57.5787,199.609,58.4804,1183.3,11420,3125.57,0.471285,0.461897,0.47751,0.586417,0.586221,0.526129
7.95036,13.1564,6.68475,57.5244,199.57,58.4366,1184.28,11426.3,3127.16,0.47141,0.462022,0.477635,0.586542,0.586346,0.526254
7.94827,13.1671,6.68322,57.4466,199.521,58.4033,1185.25,11432.6,3128.74,0.471535,0.462147,0.47776,0.586667,0.586471,0.526379
7.9462,13.1778,6.6817,57.3817,199.481,58.3717,1186.22,11438.9,3130.32,0.47166,0.462272,0.477885,0.586792,0.586596,0.526504
7.94413,13.1885,6.68018,57.3269,199.446,58.334,1187.2,11445.2,3131.91,0.471785,0.462397,0.47801,0.586917,0.586721,0.526629
7.94206,13.1992,6.67868,57.2967,199.427,58.2988,1188.17,11451.5,3133.5,0.47191,0.462522,0.478135,0.587042,0.586846,0.526754
7.94,13.2099,6.67719,57.2304,199.38,58.2576,1189.15,11457.8,3135.08,0.472035,0.462647,0.47826,0.587167,0.586971,0.526879
7.93795,13.2206,6.6757,57.1731,199.344,58.224,1190.12,11464.1,3136.67,0.47216,0.462772,0.478385,0.587292,0.587095,0.527004
7.93591,13.2313,6.67422,57.1043,199.298,58.1862,1191.1,11470.4,3138.26,0.472285,0.462897,0.47851,0.587417,0.58722,0.527129
7.93387,13.242,6.67275,57.0527,199.263,58.1479,1192.08,11476.7,3139.84,0.47241,0.463022,0.478635,0.587542,0.587345,0.527254
7.93184,13.2527,6.67129,56.9898,199.218,58.1049,1193.05,11483,3141.43,0.472535,0.463147,0.47876,0.587667,0.58747,0.527379
7.92982,13.2635,6.66984,56.9435,199.192,58.0771,1194.03,11489.3,3143.02,0.47266,0.463272,0.478885,0.587792,0.587595,0.527504
7.92781,13.2742,6.66841,56.9025,199.171,58.0526,1195.01,11495.6,3144.61,0.472785,0.463397,0.47901,0.587917,0.58772,0.527629
7.9258,13.2849,6.66697,56.8382,199.126,58.009,1195.99,11502,3146.2,0.47291,0.463522,0.479135,0.588042,0.587845,0.527754
7.92379,13.2957,6.66555,56.788,199.082,57.9554,1196.97,11508.3,3147.79,0.473035,0.463647,0.47926,0.588167,0.58797,0.527879
7.9218,13.3064,6.66414,56.7257,199.053,57.9413,1197.94,11514.6,3149.39,0.47316,0.463772,0.479385,0.588292,0.588095,0.528004
7.91982,13.3172,6.66273,56.6565,199.016,57.9208,1198.92,11520.9,3150.98,0.473285,0.463897,0.47951,0.588417,0.58822,0.528129
7.91786,13.3279,6.6613,56.575,198.967,57.8877,1199.9,11527.3,3152.57,0.47341,0.464022,0.479635,0.588542,0.588345,0.528254
7.91588,13.3387,6.65991,56.5092,198.917,57.8397,1200.88,11533.6,3154.17,0.473535,0.464147,0.47976,0.588667,0.58847,0.528379
7.91392,13.3495,6.65851,56.4215,198.863,57.8084,1201.86,11539.9,3155.76,0.47366,0.464272,0.479885,0.588792,0.588595,0.528504
7.91197,13.3603,6.65714,56.3563,198.83,57.792,1202.85,11546.3,3157.36,0.473785,0.464397,0.48001,0.588917,0.58872,0.528629
7.91002,13.3711,6.65577,56.281,198.79,57.772,1203.83,11552.6,3158.95,0.47391,0.464522,0.480135,0.589042,0.588845,0.528754
7.9081,13.3819,6.65439,56.1937,198.748,57.7614,1204.81,11558.9,3160.55,0.474035,0.464647,0.48026,0.589167,0.58897,0.528879
7.90616,13.3927,6.65304,56.1358,198.716,57.7351,1205.79,11565.3,3162.14,0.47416,0.464772,0.480385,0.589292,0.589095,0.529004
7.90423,13.4035,6.65169,56.0604,198.678,57.7208,1206.77,11571.6,3163.74,0.474285,0.464897,0.48051,0.589417,0.58922,0.529129
7.90232,13.4143,6.65035,55.9974,198.649,57.7052,1207.76,11578,3165.34,0.47441,0.465022,0.480635,0.589542,0.589345,0.529254
7.90041,13.4251,6.64901,55.9276,198.599,57.6603,1208.74,11584.3,3166.94,0.474535,0.465147,0.48076,0.589667,0.58947,0.529379
7.89849,13.4359,6.64769,55.8746,198.561,57.6178,1209.72,11590.7,3168.54,0.47466,0.465272,0.480885,0.589792,0.589595,0.529504
7.89658,13.4467,6.64638,55.7887,198.506,57.5848,1210.7,11597,3170.14,0.474785,0.465397,0.48101,0.589917,0.58972,0.529629
7.8947,13.4576,6.64508,55.7233,198.479,57.5778,1211.69,11603.4,3171.74,0.47491,0.465522,0.481135,0.590042,0.589845,0.529754
7.89282,13.4684,6.64378,55.647,198.43,57.5422,1212.67,11609.8,3173.34,0.475035,0.465647,0.48126,0.590167,0.58997,0.529879
7.89094,13.4793,6.64249,55.5584,198.376,57.5137,1213.66,11616.1,3174.94,0.47516,0.465772,0.481385,0.590292,0.590095,0.530004
7.88907,13.4901,6.64121,55.4738,198.339,57.5111,1214.64,11622.5,3176.54,0.475285,0.465897,0.48151,0.590417,0.59022,0.530129
7.88722,13.501,6.63991,55.39,198.289,57.4793,1215.63,11628.9,3178.15,0.47541,0.466022,0.481635,0.590542,0.590345,0.530254
7.88538,13.5118,6.63864,55.3292,198.262,57.4649,1216.61,11635.2,3179.75,0.475535,0.466147,0.48176,0.590667,0.59047,0.530379
7.88352,13.5227,6.63741,55.2629,198.23,57.4526,1217.6,11641.6,3181.35,0.47566,0.466272,0.481885,0.590792,0.590595,0.530504
7.88168,13.5336,6.63615,55.1763,198.182,57.4323,1218.58,11648,3182.96,0.475785,0.466397,0.48201,0.590917,0.59072,0.530629
7.87987,13.5444,6.6349,55.1152,198.165,57.4352,1219.57,11654.4,3184.56,0.47591,0.466522,0.482135,0.591042,0.590845,0.530754
7.87803,13.5553,6.63368,55.0534,198.138,57.4262,1220.56,11660.7,3186.17,0.476035,0.466647,0.48226,0.591167,0.59097,0.530879
7.87624,13.5662,6.63244,54.9906,198.108,57.4057,1221.54,11667.1,3187.78,0.47616,0.466772,0.482385,0.591292,0.591095,0.531004
7.87441,13.5771,6.63124,54.9311,198.076,57.3841,1222.53,11673.5,3189.38,0.476285,0.466897,0.48251,0.591417,0.59122,0.531129
7.87262,13.588,6.63002,54.8697,198.041,57.355,1223.52,11679.9,3190.99,0.47641,0.467022,0.482635,0.591542,0.591345,0.531254
7.87083,13.5989,6.62882,54.8057,198.019,57.3536,1224.51,11686.3,3192.6,0.476535,0.467147,0.48276,0.591667,0.59147,0.531379
7.86905,13.6098,6.6276,54.6901,197.963,57.3506,1225.5,11692.7,3194.21,0.47666,0.467272,0.482885,0.591792,0.591595,0.531504
7.86725,13.6207,6.62642,54.6149,197.922,57.3302,1226.49,11699,3195.82,0.476785,0.467397,0.48301,0.591917,0.59172,0.531629
7.86549,13.6316,6.62524,54.5417,197.893,57.3267,1227.47,11705.4,3197.43,0.47691,0.467522,0.483135,0.592042,0.591845,0.531754
7.86372,13.6426,6.62406,54.4553,197.852,57.3182,1228.46,11711.8,3199.04,0.477035,0.467647,0.48326,0.592167,0.59197,0.531879
7.86196,13.6535,6.62288,54.3664,197.803,57.296,1229.45,11718.2,3200.65,0.47716,0.467772,0.483385,0.592292,0.592095,0.532004
7.86021,13.6645,6.62172,54.294,197.772,57.2898,1230.44,11724.6,3202.26,0.477284,0.467897,0.48351,0.592417,0.59222,0.532129
7.85846,13.6754,6.62058,54.2187,197.74,57.285,1231.43,11731,3203.88,0.477409,0.468022,0.483635,0.592542,0.592345,0.532254
7.85674,13.6863,6.61942,54.1331,197.711,57.2958,1232.42,11737.4,3205.49,0.477534,0.468147,0.483759,0.592667,0.59247,0.532379
7.85498,13.6973,6.61833,54.0807,197.685,57.2772,1233.41,11743.8,3207.1,0.477659,0.468272,0.483884,0.592792,0.592595,0.532504
7.85326,13.7083,6.61719,54.0036,197.646,57.2603,1234.4,11750.2,3208.72,0.477784,0.468397,0.484009,0.592917,0.59272,0.532629
7.85154,13.7192,6.61609,53.9485,197.617,57.2369,1235.39,11756.7,3210.33,0.477909,0.468522,0.484134,0.593042,0.592845,0.532754
7.84985,13.7302,6.61496,53.8636,197.588,57.2448,1236.39,11763.1,3211.95,0.478034,0.468647,0.484259,0.593167,0.59297,0.532879
7.84815,13.7412,6.61383,53.7626,197.535,57.2294,1237.38,11769.5,3213.56,0.478159,0.468772,0.484384,0.593292,0.593095,0.533004
7.84645,13.7522,6.61272,53.6796,197.491,57.2113,1238.37,11775.9,3215.18,0.478284,0.468897,0.484509,0.593417,0.59322,0.533129
7.84474,13.7632,6.61165,53.5913,197.453,57.211,1239.36,11782.3,3216.8,0.478409,0.469022,0.484634,0.593542,0.593345,0.533254
7.84307,13.7742,6.61054,53.4924,197.409,57.2109,1240.35,11788.7,3218.41,0.478534,0.469147,0.484759,0.593667,0.59347,0.533379
7.84138,13.7852,6.60948,53.3998,197.369,57.211,1241.35,11795.2,3220.03,0.478659,0.469272,0.484884,0.593792,0.593595,0.533504
7.83971,13.7962,6.60841,53.3173,197.324,57.1896,1242.34,11801.6,3221.65,0.478784,0.469397,0.485009,0.593917,0.59372,0.533629
7.83806,13.8072,6.60735,53.2448,197.299,57.1933,1243.33,11808,3223.27,0.478909,0.469522,0.485134,0.594042,0.593845,0.533754
7.83642,13.8182,6.60628,53.1402,197.257,57.2031,1244.32,11814.4,3224.89,0.479034,0.469647,0.485259,0.594167,0.59397,0.533879
7.83477,13.8293,6.60522,53.0506,197.213,57.1894,1245.32,11820.9,3226.51,0.479159,0.469772,0.485384,0.594292,0.594095,0.534004
7.83314,13.8403,6.60417,52.9593,197.172,57.1858,1246.31,11827.3,3228.13,0.479284,0.469897,0.485509,0.594417,0.59422,0.534129
7.8315,13.8513,6.60316,52.8809,197.147,57.1969,1247.3,11833.7,3229.75,0.479409,0.470022,0.485634,0.594542,0.594345,0.534254
7.82989,13.8624,6.60212,52.7828,197.11,57.2077,1248.3,11840.2,3231.38,0.479534,0.470147,0.485759,0.594667,0.59447,0.534379
7.82828,13.8735,6.60109,52.6859,197.063,57.1979,1249.29,11846.6,3233,0.479659,0.470272,0.485884,0.594792,0.594595,0.534504
7.82667,13.8845,6.60008,52.6091,197.034,57.1994,1250.29,11853,3234.62,0.479784,0.470397,0.486009,0.594917,0.59472,0.534629
7.82506,13.8956,6.5991,52.5319,197.007,57.2059,1251.28,11859.5,3236.25,0.479909,0.470522,0.486134,0.595042,0.594845,0.534754
7.82348,13.9067,6.59805,52.4205,196.946,57.1849,1252.27,11865.9,3237.87,0.480034,0.470647,0.486259,0.595167,0.59497,0.534879
7.82191,13.9178,6.59703,52.3413,196.904,57.1614,1253.27,11872.4,3239.5,0.480159,0.470772,0.486384,0.595292,0.595095,0.535004
7.82036,13.9288,6.596,52.2464,196.863,57.1569,1254.26,11878.8,3241.12,0.480284,0.470897,0.486509,0.595417,0.59522,0.535129
7.81876,13.9399,6.59503,52.164,196.823,57.146,1255.26,11885.2,3242.75,0.480409,0.471022,0.486634,0.595542,0.595345,0.535254
7.81718,13.951,6.59406,52.0714,196.783,57.1453,1256.25,11891.7,3244.38,0.480534,0.471147,0.486759,0.595667,0.59547,0.535379
7.81563,13.9621,6.5931,52.0016,196.757,57.1436,1257.25,11898.1,3246,0.480659,0.471272,0.486884,0.595792,0.595595,0.535504
7.81406,13.9732,6.59214,51.9048,196.713,57.1399,1258.24,11904.6,3247.63,0.480784,0.471397,0.487009,0.595917,0.59572,0.535629
7.81253,13.9843,6.59117,51.8312,196.689,57.1456,1259.24,11911.1,3249.26,0.480909,0.471522,0.487134,0.596042,0.595845,0.535754
7.81099,13.9955,6.59023,51.7337,196.655,57.1611,1260.24,11917.5,3250.89,0.481034,0.471647,0.487259,0.596167,0.59597,0.535879
7.80944,14.0066,6.58929,51.6373,196.612,57.1588,1261.23,11924,3252.52,0.481159,0.471772,0.487384,0.596292,0.596095,0.536004
7.80793,14.0177,6.58835,51.5575,196.586,57.1667,1262.23,11930.4,3254.15,0.481284,0.471897,0.487509,0.596417,0.59622,0.536129
7.80642,14.0289,6.58738,51.4376,196.527,57.1594,1263.22,11936.9,3255.78,0.481409,0.472022,0.487634,0.596542,0.596345,0.536254
7.80489,14.04,6.58647,51.349,196.496,57.1709,1264.22,11943.4,3257.41,0.481534,0.472147,0.487759,0.596667,0.59647,0.536379
7.80337,14.0512,6.58556,51.2578,196.451,57.1602,1265.22,11949.8,3259.05,0.481659,0.472272,0.487884,0.596792,0.596595,0.536504
7.80186,14.0623,6.58465,51.1599,196.407,57.1576,1266.21,11956.3,3260.68,0.481784,0.472397,0.488009,0.596917,0.59672,0.536629
7.8004,14.0735,6.58373,51.0753,196.379,57.166,1267.21,11962.8,3262.31,0.481909,0.472522,0.488134,0.597042,0.596845,0.536754
7.79894,14.0847,6.58279,50.9737,196.336,57.1663,1268.21,11969.2,3263.95,0.482034,0.472647,0.488259,0.597167,0.59697,0.536879
7.7975,14.0958,6.58186,50.8846,196.308,57.1794,1269.2,11975.7,3265.58,0.482159,0.472772,0.488384,0.597292,0.597095,0.537004
7.79604,14.107,6.58093,50.771,196.259,57.1812,1270.2,11982.2,3267.21,0.482284,0.472897,0.488509,0.597417,0.59722,0.537129
7.7946,14.1182,6.58002,50.6897,196.234,57.1927,1271.2,11988.7,3268.85,0.482409,0.473022,0.488634,0.597542,0.597345,0.537254
7.79317,14.1294,6.57912,50.6151,196.206,57.1892,1272.19,11995.1,3270.49,0.482534,0.473147,0.488759,0.597667,0.59747,0.537379
7.79173,14.1406,6.57822,50.5151,196.179,57.2178,1273.19,12001.6,3272.12,0.482659,0.473272,0.488884,0.597792,0.597595,0.537504
7.79029,14.1518,6.57732,50.403,196.135,57.2277,1274.19,12008.1,3273.76,0.482784,0.473397,0.489009,0.597917,0.59772,0.537629
7.78885,14.163,6.57643,50.3105,196.097,57.2282,1275.18,12014.6,3275.4,0.482909,0.473522,0.489134,0.598042,0.597845,0.537754
7.78741,14.1742,6.57556,50.2,196.059,57.2483,1276.18,12021.1,3277.04,0.483034,0.473647,0.489259,0.598167,0.59797,0.537879
7.78598,14.1854,6.5747,50.1004,196.026,57.2666,1277.18,12027.5,3278.68,0.483159,0.473772,0.489384,0.598292,0.598095,0.538004
7.78458,14.1966,6.57385,50.026,196.01,57.2867,1278.18,12034,3280.32,0.483284,0.473897,0.489509,0.598417,0.59822,0.538129
7.78318,14.2079,6.57295,49.9111,195.964,57.2957,1279.17,12040.5,3281.96,0.483409,0.474021,0.489634,0.598541,0.598345,0.538254
7.78176,14.2191,6.57211,49.8154,195.935,57.3158,1280.17,12047,3283.6,0.483534,0.474146,0.489759,0.598666,0.59847,0.538379
7.78035,14.2304,6.57126,49.7071,195.89,57.321,1281.17,12053.5,3285.24,0.483659,0.474271,0.489884,0.598791,0.598595,0.538504
7.779,14.2416,6.57036,49.6081,195.851,57.3232,1282.17,12060,3286.88,0.483784,0.474396,0.490009,0.598916,0.59872,0.538629
7.77762,14.2529,6.56948,49.4906,195.798,57.3209,1283.16,12066.5,3288.52,0.483909,0.474521,0.490134,0.599041,0.598845,0.538754
7.77624,14.2642,6.56864,49.3921,195.756,57.3208,1284.16,12073,3290.17,0.484034,0.474646,0.490259,0.599166,0.59897,0.538879
7.77484,14.2754,6.56783,49.3016,195.728,57.3382,1285.16,12079.5,3291.81,0.484159,0.474771,0.490384,0.599291,0.599095,0.539003
7.77347,14.2867,6.56699,49.1952,195.694,57.3594,1286.16,12086,3293.45,0.484284,0.474896,0.490509,0.599416,0.59922,0.539128
7.77212,14.298,6.56615,49.099,195.66,57.3684,1287.15,12092.5,3295.1,0.484409,0.475021,0.490634,0.599541,0.599345,0.539253
7.77078,14.3093,6.56531,48.9939,195.621,57.3789,1288.15,12099,3296.74,0.484534,0.475146,0.490759,0.599666,0.59947,0.539378
7.76943,14.3206,6.56448,48.8894,195.591,57.4054,1289.15,12105.5,3298.39,0.484659,0.475271,0.490884,0.599791,0.599595,0.539503
7.76808,14.3319,6.56367,48.7864,195.553,57.418,1290.15,12112,3300.04,0.484784,0.475396,0.491009,0.599916,0.59972,0.539628
7.76676,14.3432,6.56284,48.6997,195.524,57.4239,1291.15,12118.5,3301.68,0.484909,0.475521,0.491134,0.600041,0.599845,0.539753
7.76537,14.3545,6.56207,48.5811,195.486,57.4565,1292.14,12125,3303.33,0.485034,0.475646,0.491259,0.600166,0.59997,0.539878
7.76405,14.3658,6.56128,48.4896,195.459,57.4742,1293.14,12131.5,3304.98,0.485159,0.475771,0.491384,0.600291,0.600095,0.540003
7.76271,14.3771,6.56048,48.3764,195.427,57.5076,1294.14,12138,3306.63,0.485284,0.475896,0.491509,0.600416,0.60022,0.540128
7.76137,14.3884,6.55973,48.2879,195.397,57.5193,1295.14,12144.5,3308.28,0.485409,0.476021,0.491634,0.600541,0.600345,0.540253
7.76007,14.3998,6.55891,48.1652,195.342,57.5178,1296.13,12151,3309.93,0.485534,0.476146,0.491759,0.600666,0.60047,0.540378
7.75879,14.4111,6.5581,48.0621,195.313,57.5437,1297.13,12157.6,3311.58,0.485659,0.476271,0.491884,0.600791,0.600595,0.540503
7.75748,14.4225,6.55733,47.954,195.276,57.5612,1298.13,12164.1,3313.23,0.485784,0.476396,0.492009,0.600916,0.60072,0.540628
7.7562,14.4338,6.55654,47.8678,195.256,57.5854,1299.13,12170.6,3314.88,0.485909,0.476521,0.492134,0.601041,0.600845,0.540753
7.75494,14.4452,6.55572,47.7398,195.215,57.6137,1300.12,12177.1,3316.53,0.486034,0.476646,0.492259,0.601166,0.600969,0.540878
7.75365,14.4566,6.55495,47.6353,195.178,57.6283,1301.12,12183.6,3318.18,0.486159,0.476771,0.492384,0.601291,0.601094,0.541003
7.75237,14.4679,6.55419,47.5339,195.15,57.6538,1302.12,12190.2,3319.84,0.486284,0.476896,0.492509,0.601416,0.601219,0.541128
7.7511,14.4793,6.55341,47.4113,195.113,57.6876,1303.12,12196.7,3321.49,0.486409,0.477021,0.492634,0.601541,0.601344,0.541253
7.74982,14.4907,6.55266,47.32,195.087,57.7059,1304.11,12203.2,3323.15,0.486534,0.477146,0.492759,0.601666,0.601469,0.541378
7.74859,14.5021,6.55187,47.2124,195.061,57.7401,1305.11,12209.7,3324.8,0.486659,0.477271,0.492884,0.601791,0.601594,0.541503
7.74733,14.5135,6.55112,47.0937,195.032,57.7844,1306.11,12216.3,3326.46,0.486784,0.477396,0.493009,0.601916,0.601719,0.541628
7.74604,14.5249,6.5504,46.9909,195.008,57.8216,1307.1,12222.8,3328.11,0.486909,0.477521,0.493134,0.602041,0.601844,0.541753
7.74479,14.5363,6.54965,46.8816,194.975,57.8454,1308.1,12229.3,3329.77,0.487034,0.477646,0.493259,0.602166,0.601969,0.541878
7.74355,14.5477,6.54891,46.7816,194.936,57.8503,1309.1,12235.8,3331.43,0.487159,0.477771,0.493384,0.602291,0.602094,0.542003
7.74231,14.5591,6.54817,46.685,194.903,57.86,1310.09,12242.4,3333.08,0.487284,0.477896,0.493509,0.602416,0.602219,0.542128
7.7411,14.5705,6.5474,46.5717,194.868,57.8849,1311.09,12248.9,3334.74,0.487409,0.478021,0.493634,0.602541,0.602344,0.542253
7.73986,14.582,6.54667,46.4551,194.828,57.9049,1312.09,12255.4,3336.4,0.487534,0.478146,0.493759,0.602666,0.602469,0.542378
7.73861,14.5934,6.54597,46.3609,194.799,57.9229,1313.08,12262,3338.06,0.487659,0.478271,0.493884,0.602791,0.602594,0.542503
7.73742,14.6049,6.54521,46.2569,194.767,57.9399,1314.08,12268.5,3339.72,0.487784,0.478396,0.494009,0.602916,0.602719,0.542628
7.73621,14.6163,6.54448,46.1465,194.739,57.9756,1315.08,12275.1,3341.38,0.487909,0.478521,0.494134,0.603041,0.602844,0.542753
7.73501,14.6278,6.54374,46.0187,194.703,58.013,1316.07,12281.6,3343.04,0.488034,0.478646,0.494259,0.603166,0.602969,0.542878
7.73383,14.6392,6.543,45.9209,194.681,58.0432,1317.07,12288.1,3344.71,0.488159,0.478771,0.494384,0.603291,0.603094,0.543003
7.73264,14.6507,6.54227,45.8057,194.657,58.0908,1318.06,12294.7,3346.37,0.488284,0.478896,0.494509,0.603416,0.603219,0.543128
7.73142,14.6622,6.54157,45.6867,194.624,58.1266,1319.06,12301.2,3348.03,0.488409,0.479021,0.494634,0.603541,0.603344,0.543253
7.73022,14.6736,6.54087,45.5834,194.601,58.1635,1320.06,12307.8,3349.7,0.488534,0.479146,0.494759,0.603666,0.603469,0.543378
7.72904,14.6851,6.54014,45.4667,194.563,58.1845,1321.05,12314.3,3351.36,0.488659,0.479271,0.494884,0.603791,0.603594,0.543503
7.72786,14.6966,6.53941,45.3223,194.52,58.228,1322.05,12320.9,3353.02,0.488784,0.479396,0.495009,0.603916,0.603719,0.543628
7.72667,14.7081,6.53873,45.2206,194.494,58.2571,1323.04,12327.4,3354.69,0.488909,0.479521,0.495134,0.604041,0.603844,0.543753
7.7255,14.7196,6.53802,45.1056,194.468,58.3004,1324.04,12333.9,3356.36,0.489034,0.479646,0.495259,0.604166,0.603969,0.543878
7.72431,14.7312,6.53734,44.9993,194.434,58.3197,1325.03,12340.5,3358.02,0.489159,0.479771,0.495384,0.604291,0.604094,0.544003
7.72315,14.7427,6.53663,44.8857,194.397,58.3392,1326.02,12347,3359.69,0.489284,0.479896,0.495509,0.604416,0.604219,0.544128
7.72198,14.7542,6.53594,44.7695,194.352,58.348,1327.02,12353.6,3361.36,0.489409,0.480021,0.495634,0.604541,0.604344,0.544253
7.7208,14.7657,6.53527,44.6602,194.326,58.3865,1328.01,12360.2,3363.03,0.489534,0.480146,0.495759,0.604666,0.604469,0.544378
7.71961,14.7773,6.53465,44.5678,194.303,58.4136,1329.01,12366.7,3364.69,0.489659,0.480271,0.495884,0.604791,0.604594,0.544503
7.71843,14.7888,6.53399,44.4449,194.271,58.4559,1330,12373.3,3366.36,0.489784,0.480396,0.496009,0.604916,0.604719,0.544628
7.71729,14.8004,6.53331,44.3351,194.239,58.4801,1330.99,12379.8,3368.03,0.489909,0.480521,0.496134,0.605041,0.604844,0.544753
7.71615,14.8119,6.53265,44.209,194.201,58.512,1331.99,12386.4,3369.7,0.490034,0.480646,0.496259,0.605166,0.604969,0.544878
7.71501,14.8234,6.532,44.1276,194.194,58.5532,1332.98,12392.9,3371.38,0.490159,0.480771,0.496384,0.605291,0.605094,0.545003
7.71387,14.835,6.53136,44.0134,194.176,58.6106,1333.97,12399.5,3373.05,0.490284,0.480896,0.496509,0.605416,0.605219,0.545128
7.71271,14.8466,6.53075,43.9062,194.153,58.6543,1334.97,12406.1,3374.72,0.490409,0.481021,0.496634,0.605541,0.605344,0.545253
7.7116,14.8581,6.5301,43.8071,194.144,58.7097,1335.96,12412.6,3376.39,0.490534,0.481146,0.496759,0.605666,0.605469,0.545378
7.71045,14.8697,6.52948,43.6963,194.106,58.7268,1336.95,12419.2,3378.07,0.490659,0.481271,0.496884,0.605791,0.605594,0.545503
7.70933,14.8813,6.52888,43.6176,194.104,58.7756,1337.94,12425.8,3379.74,0.490784,0.481396,0.497009,0.605916,0.605719,0.545628
7.70821,14.8929,6.52825,43.5077,194.077,58.8097,1338.93,12432.3,3381.42,0.490909,0.481521,0.497134,0.606041,0.605844,0.545753
7.7071,14.9045,6.52763,43.4069,194.049,58.833,1339.93,12438.9,3383.09,0.491033,0.481646,0.497259,0.606166,0.605969,0.545878
7.70599,14.9161,6.527,43.2948,194.019,58.8655,1340.92,12445.5,3384.77,0.491158,0.481771,0.497384,0.606291,0.606094,0.546003
7.70488,14.9277,6.52639,43.179,193.992,58.9072,1341.91,12452,3386.44,0.491283,0.481896,0.497508,0.606416,0.606219,0.546128
7.70381,14.9393,6.52575,43.0625,193.967,58.9507,1342.9,12458.6,3388.12,0.491408,0.482021,0.497633,0.606541,0.606344,0.546253
7.70274,14.9509,6.52512,42.9436,193.945,59.0021,1343.89,12465.2,3389.8,0.491533,0.482146,0.497758,0.606666,0.606469,0.546378
7.70167,14.9625,6.5245,42.8389,193.934,59.0598,1344.88,12471.7,3391.48,0.491658,0.482271,0.497883,0.606791,0.606594,0.546503
7.70058,14.9742,6.52388,42.7088,193.897,59.0975,1345.87,12478.3,3393.16,0.491783,0.482396,0.498008,0.606916,0.606719,0.546628
7.69953,14.9858,6.52324,42.6013,193.868,59.1242,1346.86,12484.9,3394.83,0.491908,0.482521,0.498133,0.607041,0.606844,0.546753
7.69844,14.9975,6.52264,42.4885,193.838,59.1561,1347.85,12491.5,3396.52,0.492033,0.482646,0.498258,0.607166,0.606969,0.546878
7.69735,15.0091,6.52205,42.3848,193.811,59.1847,1348.84,12498,3398.2,0.492158,0.482771,0.498383,0.607291,0.607094,0.547003
7.69628,15.0208,6.52144,42.2752,193.776,59.202,1349.83,12504.6,3399.88,0.492283,0.482896,0.498508,0.607416,0.607219,0.547128
7.69522,15.0325,6.52083,42.1592,193.739,59.2235,1350.82,12511.2,3401.56,0.492408,0.483021,0.498633,0.607541,0.607344,0.547253
7.69417,15.0441,6.52022,42.0367,193.711,59.2682,1351.81,12517.8,3403.24,0.492533,0.483146,0.498758,0.607666,0.607469,0.547378
7.69311,15.0558,6.51964,41.9416,193.698,59.3122,1352.8,12524.3,3404.92,0.492658,0.483271,0.498883,0.607791,0.607594,0.547503
7.69207,15.0675,6.51903,41.8293,193.666,59.3369,1353.79,12530.9,3406.61,0.492783,0.483396,0.499008,0.607916,0.607719,0.547628
7.69101,15.0792,6.51847,41.73,193.653,59.3872,1354.77,12537.5,3408.29,0.492908,0.483521,0.499133,0.608041,0.607844,0.547753
7.68994,15.0909,6.51791,41.6192,193.626,59.4219,1355.76,12544.1,3409.98,0.493033,0.483646,0.499258,0.608166,0.607969,0.547878
7.68888,15.1026,6.51734,41.5043,193.59,59.4455,1356.75,12550.7,3411.66,0.493158,0.483771,0.499383,0.608291,0.608094,0.548003
7.68786,15.1143,6.51675,41.3856,193.565,59.4909,1357.74,12557.3,3413.35,0.493283,0.483896,0.499508,0.608416,0.608219,0.548128
7.68682,15.126,6.51618,41.2654,193.531,59.5229,1358.72,12563.9,3415.04,0.493408,0.484021,0.499633,0.608541,0.608344,0.548253
7.68579,15.1377,6.51562,41.1611,193.517,59.5735,1359.71,12570.4,3416.72,0.493533,0.484146,0.499758,0.608666,0.608469,0.548378
7.68477,15.1494,6.51506,41.0599,193.506,59.6265,1360.7,12577,3418.41,0.493658,0.484271,0.499883,0.608791,0.608594,0.548503
7.68374,15.1612,6.51452,40.9485,193.487,59.6781,1361.68,12583.6,3420.1,0.493783,0.484396,0.500008,0.608916,0.608719,0.548628
7.68273,15.1729,6.51397,40.8498,193.472,59.7218,1362.67,12590.2,3421.79,0.493908,0.484521,0.500133,0.609041,0.608844,0.548753
7.68171,15.1846,6.51342,40.747,193.448,59.7519,1363.65,12596.8,3423.48,0.494033,0.484646,0.500258,0.609166,0.608969,0.548878
7.68071,15.1964,6.51287,40.6351,193.43,59.8033,1364.64,12603.4,3425.17,0.494158,0.484771,0.500383,0.609291,0.609094,0.549003
7.67973,15.2081,6.51229,40.5345,193.407,59.8311,1365.62,12610,3426.86,0.494283,0.484896,0.500508,0.609416,0.609219,0.549128
7.67874,15.2199,6.51172,40.4318,193.387,59.8654,1366.61,12616.6,3428.55,0.494408,0.485021,0.500633,0.609541,0.609344,0.549253
7.67772,15.2316,6.51119,40.3387,193.372,59.9036,1367.59,12623.2,3430.25,0.494533,0.485146,0.500758,0.609666,0.609469,0.549378
7.67673,15.2434,6.51065,40.2441,193.353,59.934,1368.58,12629.8,3431.94,0.494658,0.485271,0.500883,0.609791,0.609594,0.549503
7.6757,15.2552,6.51013,40.1543,193.33,59.954,1369.56,12636.4,3433.63,0.494783,0.485396,0.501008,0.609916,0.609719,0.549628
7.67474,15.267,6.50958,40.0533,193.316,59.9983,1370.54,12643,3435.33,0.494908,0.485521,0.501133,0.610041,0.609844,0.549753
7.67375,15.2787,6.50906,39.9598,193.31,60.0528,1371.53,12649.6,3437.02,0.495033,0.485646,0.501258,0.610166,0.609969,0.549878
7.67277,15.2906,6.50851,39.8549,193.279,60.0694,1372.51,12656.2,3438.72,0.495158,0.485771,0.501383,0.610291,0.610094,0.550003
7.67179,15.3023,6.50798,39.7532,193.268,60.1208,1373.49,12662.8,3440.41,0.495283,0.485896,0.501508,0.610416,0.610219,0.550128
7.67083,15.3141,6.50743,39.6442,193.25,60.1669,1374.48,12669.4,3442.11,0.495408,0.486021,0.501633,0.610541,0.610344,0.550253
7.66985,15.326,6.50691,39.547,193.229,60.1969,1375.46,12676,3443.81,0.495533,0.486146,0.501758,0.610666,0.610469,0.550378
7.66885,15.3378,6.50639,39.4254,193.198,60.2352,1376.44,12682.6,3445.5,0.495658,0.486271,0.501883,0.610791,0.610594,0.550503
7.66786,15.3496,6.50592,39.342,193.193,60.2815,1377.42,12689.2,3447.2,0.495783,0.486396,0.502008,0.610916,0.610719,0.550628
7.66691,15.3614,6.50537,39.2122,193.166,60.3315,1378.4,12695.8,3448.9,0.495908,0.486521,0.502133,0.611041,0.610844,0.550753
7.66595,15.3733,6.50487,39.1039,193.153,60.3887,1379.38,12702.4,3450.6,0.496033,0.486646,0.502258,0.611166,0.610969,0.550878
7.66498,15.3851,6.50434,38.9957,193.121,60.4081,1380.36,12709,3452.3,0.496158,0.486771,0.502383,0.611291,0.611094,0.551003
7.664,15.3969,6.50388,38.8982,193.113,60.4633,1381.34,12715.6,3454,0.496283,0.486896,0.502508,0.611416,0.611219,0.551128
7.66303,15.4088,6.50338,38.7831,193.079,60.4879,1382.32,12722.3,3455.7,0.496408,0.487021,0.502633,0.611541,0.611344,0.551253
7.66209,15.4207,6.50287,38.6765,193.063,60.5346,1383.3,12728.9,3457.41,0.496533,0.487146,0.502758,0.611666,0.611469,0.551378
7.66115,15.4326,6.50237,38.5555,193.039,60.584,1384.28,12735.5,3459.11,0.496658,0.487271,0.502883,0.611791,0.611594,0.551503
7.66017,15.4444,6.50188,38.4482,193.005,60.6007,1385.26,12742.1,3460.81,0.496783,0.487396,0.503008,0.611916,0.611719,0.551628
7.65921,15.4563,6.50139,38.3342,192.973,60.6259,1386.24,12748.7,3462.52,0.496908,0.487521,0.503133,0.612041,0.611844,0.551753
7.65827,15.4682,6.50094,38.2424,192.969,60.6818,1387.21,12755.3,3464.22,0.497033,0.487646,0.503258,0.612166,0.611969,0.551878
7.65736,15.4801,6.50043,38.1204,192.948,60.7358,1388.19,12762,3465.93,0.497158,0.48777,0.503383,0.612291,0.612094,0.552003
7.65644,15.492,6.49993,38.029,192.929,60.7583,1389.17,12768.6,3467.63,0.497283,0.487895,0.503508,0.612415,0.612219,0.552128
7.65554,15.5039,6.49943,37.8978,192.904,60.8143,1390.15,12775.2,3469.34,0.497408,0.48802,0.503633,0.61254,0.612344,0.552253
7.65463,15.5158,6.49894,37.7692,192.875,60.8614,1391.12,12781.8,3471.05,0.497533,0.488145,0.503758,0.612665,0.612469,0.552378
7.65365,15.5277,6.49851,37.6842,192.856,60.8834,1392.1,12788.4,3472.75,0.497658,0.48827,0.503883,0.61279,0.612594,0.552503
7.65273,15.5397,6.49803,37.583,192.834,60.9127,1393.07,12795.1,3474.46,0.497783,0.488395,0.504008,0.612915,0.612719,0.552628
7.65183,15.5516,6.49756,37.4911,192.826,60.9581,1394.05,12801.7,3476.17,0.497908,0.48852,0.504133,0.61304,0.612844,0.552752
7.65092,15.5635,6.49712,37.3938,192.82,61.0156,1395.02,12808.3,3477.88,0.498033,0.488645,0.504258,0.613165,0.612969,0.552877
7.64998,15.5755,6.49666,37.293,192.79,61.031,1395.99,12814.9,3479.59,0.498158,0.48877,0.504383,0.61329,0.613094,0.553002
7.64906,15.5874,6.49622,37.1978,192.773,61.0646,1396.97,12821.6,3481.3,0.498283,0.488895,0.504508,0.613415,0.613219,0.553127
7.6482,15.5993,6.49573,37.0926,192.766,61.1227,1397.94,12828.2,3483.02,0.498408,0.48902,0.504633,0.61354,0.613344,0.553252
7.6473,15.6113,6.49527,36.98,192.741,61.1593,1398.91,12834.8,3484.73,0.498533,0.489145,0.504758,0.613665,0.613469,0.553377
7.64638,15.6233,6.4948,36.871,192.703,61.1668,1399.88,12841.5,3486.44,0.498658,0.48927,0.504883,0.61379,0.613594,0.553502
7.64549,15.6353,6.49436,36.7716,192.694,61.219,1400.86,12848.1,3488.15,0.498783,0.489395,0.505008,0.613915,0.613719,0.553627
7.64458,15.6473,6.49391,36.6611,192.668,61.2509,1401.83,12854.7,3489.87,0.498908,0.48952,0.505133,0.61404,0.613844,0.553752
7.64366,15.6593,6.49349,36.5661,192.642,61.2675,1402.8,12861.3,3491.58,0.499033,0.489645,0.505258,0.614165,0.613969,0.553877
7.64277,15.6713,6.49304,36.4644,192.615,61.2886,1403.77,12868,3493.3,0.499158,0.48977,0.505383,0.61429,0.614094,0.554002
7.64185,15.6833,6.49263,36.3582,192.593,61.3263,1404.74,12874.6,3495.02,0.499283,0.489895,0.505508,0.614415,0.614219,0.554127
7.64096,15.6953,6.4922,36.2618,192.575,61.3587,1405.71,12881.3,3496.73,0.499408,0.49002,0.505633,0.61454,0.614344,0.554252
7.64007,15.7073,6.49179,36.1638,192.557,61.3914,1406.68,12887.9,3498.45,0.499533,0.490145,0.505758,0.614665,0.614469,0.554377
7.63917,15.7193,6.49136,36.0577,192.521,61.4005,1407.65,12894.5,3500.17,0.499658,0.49027,0.505883,0.61479,0.614594,0.554502
7.63829,15.7313,6.49095,35.963,192.502,61.4299,1408.61,12901.2,3501.89,0.499783,0.490395,0.506008,0.614915,0.614718,0.554627
7.63739,15.7434,6.49056,35.8683,192.487,61.4671,1409.58,12907.8,3503.61,0.499908,0.49052,0.506133,0.61504,0.614843,0.554752
7.63651,15.7554,6.49017,35.7714,192.464,61.4927,1410.55,12914.5,3505.33,0.500033,0.490645,0.506258,0.615165,0.614968,0.554877
7.63562,15.7674,6.4898,35.6871,192.459,61.5374,1411.52,12921.1,3507.05,0.500158,0.49077,0.506383,0.61529,0.615093,0.555002
7.63478,15.7795,6.48939,35.5939,192.445,61.5722,1412.48,12927.7,3508.77,0.500283,0.490895,0.506508,0.615415,0.615218,0.555127
7.63392,15.7915,6.48901,35.5115,192.439,61.6126,1413.45,12934.4,3510.49,0.500408,0.49102,0.506633,0.61554,0.615343,0.555252
7.63307,15.8035,6.48862,35.4297,192.435,61.6543,1414.41,12941,3512.21,0.500533,0.491145,0.506758,0.615665,0.615468,0.555377
7.63221,15.8156,6.48824,35.3292,192.419,61.6943,1415.38,12947.7,3513.94,0.500658,0.49127,0.506883,0.61579,0.615593,0.555502
7.63135,15.8277,6.48786,35.2303,192.395,61.7181,1416.34,12954.3,3515.66,0.500783,0.491395,0.507008,0.615915,0.615718,0.555627
7.63054,15.8397,6.48745,35.1463,192.394,61.7644,1417.31,12961,3517.39,0.500908,0.49152,0.507133,0.61604,0.615843,0.555752
7.62969,15.8518,6.48708,35.0636,192.38,61.7885,1418.27,12967.6,3519.11,0.501033,0.491645,0.507258,0.616165,0.615968,0.555877
7.62886,15.8639,6.4867,34.9712,192.372,61.833,1419.24,12974.3,3520.84,0.501158,0.49177,0.507383,0.61629,0.616093,0.556002
7.62802,15.876,6.48632,34.8733,192.351,61.8602,1420.2,12980.9,3522.56,0.501283,0.491895,0.507508,0.616415,0.616218,0.556127
7.62721,15.8881,6.48594,34.7741,192.349,61.9227,1421.16,12987.6,3524.29,0.501408,0.49202,0.507633,0.61654,0.616343,0.556252
7.62636,15.9002,6.48559,34.6917,192.337,61.953,1422.13,12994.2,3526.02,0.501533,0.492145,0.507758,0.616665,0.616468,0.556377
7.62555,15.9122,6.48522,34.5947,192.332,62.0073,1423.09,13000.9,3527.75,0.501658,0.49227,0.507883,0.61679,0.616593,0.556502
7.6247,15.9244,6.48488,34.5064,192.319,62.0395,1424.05,13007.6,3529.48,0.501783,0.492395,0.508008,0.616915,0.616718,0.556627
7.62387,15.9365,6.48451,34.4088,192.295,62.0614,1425.01,13014.2,3531.21,0.501908,0.49252,0.508133,0.61704,0.616843,0.556752
7.62303,15.9486,6.48415,34.3123,192.268,62.0755,1425.97,13020.9,3532.94,0.502033,0.492645,0.508258,0.617165,0.616968,0.556877
7.62218,15.9608,6.48381,34.2247,192.247,62.0932,1426.93,13027.5,3534.67,0.502158,0.49277,0.508383,0.61729,0.617093,0.557002
7.62136,15.9729,6.48347,34.1434,192.234,62.118,1427.89,13034.2,3536.4,0.502283,0.492895,0.508508,0.617415,0.617218,0.557127
7.62057,15.9851,6.4831,34.0272,192.219,62.1732,1428.85,13040.9,3538.13,0.502408,0.49302,0.508633,0.61754,0.617343,0.557252
7.61979,15.9972,6.48276,33.9304,192.215,62.2296,1429.81,13047.5,3539.87,0.502533,0.493145,0.508758,0.617665,0.617468,0.557377
7.619,16.0094,6.48239,33.8268,192.196,62.2639,1430.77,13054.2,3541.6,0.502658,0.49327,0.508883,0.61779,0.617593,0.557502
7.61821,16.0216,6.482,33.7145,192.163,62.2808,1431.72,13060.9,3543.33,0.502783,0.493395,0.509008,0.617915,0.617718,0.557627
7.61743,16.0337,6.48165,33.6234,192.15,62.313,1432.68,13067.5,3545.07,0.502908,0.49352,0.509133,0.61804,0.617843,0.557752
7.61664,16.0459,6.48131,33.5279,192.137,62.3512,1433.64,13074.2,3546.81,0.503033,0.493645,0.509258,0.618165,0.617968,0.557877
7.61583,16.0581,6.48096,33.4348,192.115,62.3697,1434.59,13080.9,3548.54,0.503158,0.49377,0.509383,0.61829,0.618093,0.558002
7.61499,16.0703,6.48062,33.3497,192.074,62.345,1435.55,13087.5,3550.28,0.503283,0.493895,0.509508,0.618415,0.618218,0.558127
7.61421,16.0826,6.48027,33.2519,192.055,62.373,1436.5,13094.2,3552.02,0.503408,0.49402,0.509633,0.61854,0.618343,0.558252
7.6134,16.0948,6.47995,33.1652,192.038,62.3948,1437.46,13100.9,3553.76,0.503533,0.494145,0.509758,0.618665,0.618468,0.558377
7.61264,16.107,6.47962,33.067,192.028,62.4407,1438.41,13107.6,3555.49,0.503658,0.49427,0.509883,0.61879,0.618593,0.558502
7.61188,16.1192,6.47928,32.9678,192.017,62.4838,1439.37,13114.2,3557.23,0.503783,0.494395,0.510008,0.618915,0.618718,0.558627
7.61109,16.1314,6.47892,32.8662,191.983,62.4872,1440.32,13120.9,3558.98,0.503908,0.49452,0.510133,0.61904,0.618843,0.558752
7.61033,16.1436,6.47858,32.7646,191.967,62.5243,1441.27,13127.6,3560.72,0.504033,0.494645,0.510258,0.619165,0.618968,0.558877
7.60952,16.1559,6.4783,32.6796,191.949,62.5447,1442.22,13134.3,3562.46,0.504158,0.49477,0.510383,0.61929,0.619093,0.559002
7.60876,16.1681,6.47798,32.5841,191.936,62.5823,1443.17,13140.9,3564.2,0.504283,0.494895,0.510508,0.619415,0.619218,0.559127
7.60799,16.1804,6.47767,32.4967,191.92,62.6055,1444.12,13147.6,3565.94,0.504408,0.49502,0.510633,0.61954,0.619343,0.559252
7.60721,16.1926,6.47739,32.4189,191.911,62.6338,1445.07,13154.3,3567.69,0.504533,0.495145,0.510758,0.619665,0.619468,0.559377
7.60643,16.2048,6.47711,32.3255,191.9,62.6754,1446.02,13161,3569.43,0.504658,0.49527,0.510883,0.61979,0.619593,0.559502
7.60568,16.2171,6.4768,32.2316,191.883,62.7019,1446.97,13167.7,3571.18,0.504782,0.495395,0.511008,0.619915,0.619718,0.559627
7.60491,16.2294,6.47649,32.1405,191.855,62.7061,1447.92,13174.3,3572.92,0.504907,0.49552,0.511133,0.62004,0.619843,0.559752
7.60416,16.2417,6.47616,32.0384,191.824,62.7155,1448.86,13181,3574.67,0.505032,0.495645,0.511258,0.620165,0.619968,0.559877
7.60339,16.254,6.47587,31.9612,191.804,62.7203,1449.81,13187.7,3576.42,0.505157,0.49577,0.511383,0.62029,0.620093,0.560002
7.60263,16.2663,6.47558,31.8828,191.787,62.7309,1450.76,13194.4,3578.16,0.505282,0.495895,0.511508,0.620415,0.620218,0.560127
7.60188,16.2786,6.47532,31.8054,191.78,62.7606,1451.7,13201.1,3579.91,0.505407,0.49602,0.511633,0.62054,0.620343,0.560252
7.60111,16.2909,6.47506,31.7223,191.761,62.7766,1452.65,13207.8,3581.66,0.505532,0.496145,0.511757,0.620665,0.620468,0.560377
7.60039,16.3032,6.47475,31.6263,191.745,62.8059,1453.59,13214.5,3583.41,0.505657,0.49627,0.511882,0.62079,0.620593,0.560502
7.59963,16.3155,6.47448,31.5479,191.728,62.8175,1454.54,13221.2,3585.16,0.505782,0.496395,0.512007,0.620915,0.620718,0.560627
7.5989,16.3279,6.4742,31.457,191.711,62.8413,1455.48,13227.9,3586.91,0.505907,0.49652,0.512132,0.62104,0.620843,0.560752
7.59817,16.3402,6.4739,31.3713,191.688,62.847,1456.43,13234.6,3588.67,0.506032,0.496645,0.512257,0.621165,0.620968,0.560877
7.59745,16.3525,6.47363,31.2815,191.68,62.8855,1457.37,13241.3,3590.42,0.506157,0.49677,0.512382,0.62129,0.621093,0.561002
7.59674,16.3649,6.47332,31.1816,191.652,62.8962,1458.31,13248,3592.17,0.506282,0.496895,0.512507,0.621415,0.621218,0.561127
7.596,16.3772,6.47305,31.0853,191.628,62.9139,1459.25,13254.7,3593.93,0.506407,0.49702,0.512632,0.62154,0.621343,0.561252
7.59528,16.3896,6.47277,30.9984,191.611,62.9318,1460.19,13261.4,3595.68,0.506532,0.497145,0.512757,0.621665,0.621468,0.561377
7.59454,16.402,6.47252,30.9209,191.598,62.9494,1461.13,13268.1,3597.43,0.506657,0.49727,0.512882,0.62179,0.621593,0.561502
7.59382,16.4143,6.47227,30.8325,191.584,62.9774,1462.07,13274.8,3599.19,0.506782,0.497395,0.513007,0.621915,0.621718,0.561627
7.59308,16.4267,6.47201,30.7622,191.561,62.9672,1463.01,13281.5,3600.95,0.506907,0.49752,0.513132,0.62204,0.621843,0.561752
7.59236,16.4391,6.47174,30.674,191.536,62.9726,1463.95,13288.2,3602.7,0.507032,0.497645,0.513257,0.622165,0.621968,0.561877
7.59163,16.4515,6.47149,30.5896,191.512,62.977,1464.89,13294.9,3604.46,0.507157,0.49777,0.513382,0.62229,0.622093,0.562002
7.59092,16.4639,6.47126,30.5185,191.508,63.0037,1465.82,13301.6,3606.22,0.507282,0.497895,0.513507,0.622415,0.622218,0.562127
7.59019,16.4763,6.47098,30.4311,191.467,62.9776,1466.76,13308.3,3607.98,0.507407,0.49802,0.513632,0.62254,0.622343,0.562252
7.58948,16.4887,6.47074,30.3415,191.453,63.0061,1467.7,13315,3609.74,0.507532,0.498145,0.513757,0.622665,0.622468,0.562377
7.5888,16.5011,6.47046,30.2465,191.428,63.0148,1468.63,13321.7,3611.5,0.507657,0.49827,0.513882,0.62279,0.622593,0.562502
7.5881,16.5136,6.47022,30.1636,191.416,63.0369,1469.57,13328.4,3613.26,0.507782,0.498395,0.514007,0.622915,0.622718,0.562627
7.58739,16.526,6.46998,30.0836,191.396,63.0451,1470.5,13335.1,3615.02,0.507907,0.49852,0.514132,0.62304,0.622843,0.562752
7.58668,16.5384,6.46975,29.9937,191.378,63.0661,1471.43,13341.8,3616.78,0.508032,0.498645,0.514257,0.623165,0.622968,0.562877
7.58598,16.5508,6.46953,29.9249,191.369,63.0824,1472.37,13348.6,3618.55,0.508157,0.49877,0.514382,0.62329,0.623093,0.563002
7.58529,16.5633,6.46931,29.8457,191.357,63.1018,1473.3,13355.3,3620.31,0.508282,0.498895,0.514507,0.623415,0.623218,0.563127
7.58458,16.5757,6.46907,29.7662,191.33,63.093,1474.23,13362,3622.08,0.508407,0.49902,0.514632,0.62354,0.623343,0.563252
7.58388,16.5882,6.46884,29.6753,191.299,63.0892,1475.16,13368.7,3623.84,0.508532,0.499145,0.514757,0.623665,0.623468,0.563377
7.58319,16.6007,6.46861,29.5925,191.276,63.0915,1476.09,13375.4,3625.61,0.508657,0.49927,0.514882,0.62379,0.623593,0.563502
7.58252,16.6131,6.46841,29.518,191.274,63.1254,1477.02,13382.2,3627.37,0.508782,0.499395,0.515007,0.623915,0.623718,0.563627
7.58182,16.6256,6.46818,29.4412,191.244,63.1095,1477.95,13388.9,3629.14,0.508907,0.49952,0.515132,0.62404,0.623843,0.563752
7.58115,16.6381,6.46798,29.3605,191.237,63.1412,1478.88,13395.6,3630.91,0.509032,0.499645,0.515257,0.624165,0.623968,0.563877
7.58045,16.6505,6.46781,29.2976,191.237,63.1701,1479.81,13402.3,3632.68,0.509157,0.49977,0.515382,0.62429,0.624093,0.564002
7.57978,16.663,6.46762,29.2276,191.227,63.1849,1480.73,13409,3634.45,0.509282,0.499895,0.515507,0.624415,0.624218,0.564127
7.5791,16.6755,6.46742,29.1461,191.208,63.1944,1481.66,13415.8,3636.22,0.509407,0.50002,0.515632,0.62454,0.624343,0.564252
7.57843,16.688,6.46722,29.0595,191.189,63.2078,1482.59,13422.5,3637.99,0.509532,0.500145,0.515757,0.624665,0.624468,0.564377
7.57777,16.7005,6.46703,28.9819,191.174,63.2215,1483.51,13429.2,3639.76,0.509657,0.50027,0.515882,0.62479,0.624593,0.564502
7.57712,16.713,6.46682,28.896,191.159,63.2418,1484.44,13436,3641.53,0.509782,0.500395,0.516007,0.624915,0.624718,0.564627
7.57644,16.7256,6.46666,28.8298,191.146,63.2486,1485.36,13442.7,3643.3,0.509907,0.50052,0.516132,0.62504,0.624843,0.564752
7.57579,16.7381,6.4665,28.7587,191.141,63.2733,1486.28,13449.4,3645.08,0.510032,0.500645,0.516257,0.625165,0.624968,0.564877
7.57516,16.7506,6.46632,28.6754,191.132,63.3038,1487.21,13456.2,3646.85,0.510157,0.50077,0.516382,0.62529,0.625093,0.565002
7.57451,16.7631,6.46614,28.604,191.119,63.3116,1488.13,13462.9,3648.62,0.510282,0.500895,0.516507,0.625415,0.625218,0.565127
7.57385,16.7757,6.46595,28.5209,191.086,63.2957,1489.05,13469.6,3650.4,0.510407,0.50102,0.516632,0.62554,0.625343,0.565252
7.5732,16.7883,6.46578,28.4458,191.07,63.3047,1489.97,13476.4,3652.18,0.510532,0.501145,0.516757,0.625665,0.625468,0.565377
7.57255,16.8009,6.4656,28.3668,191.041,63.2891,1490.89,13483.1,3653.95,0.510657,0.50127,0.516882,0.62579,0.625593,0.565502
7.5719,16.8134,6.46545,28.2906,191.022,63.2945,1491.81,13489.9,3655.73,0.510782,0.501395,0.517007,0.625915,0.625718,0.565627
7.57125,16.826,6.46528,28.2106,190.994,63.2858,1492.73,13496.6,3657.51,0.510907,0.50152,0.517132,0.62604,0.625843,0.565752
7.57062,16.8386,6.46514,28.1434,190.984,63.2968,1493.65,13503.3,3659.29,0.511032,0.501644,0.517257,0.626164,0.625968,0.565877
7.57001,16.8511,6.465,28.0748,190.982,63.3252,1494.57,13510.1,3661.06,0.511157,0.501769,0.517382,0.626289,0.626093,0.566002
7.56939,16.8637,6.46485,28.0007,190.967,63.3327,1495.48,13516.8,3662.84,0.511282,0.501894,0.517507,0.626414,0.626218,0.566127
7.56877,16.8763,6.46471,27.9254,190.951,63.3403,1496.4,13523.6,3664.62,0.511407,0.502019,0.517632,0.626539,0.626343,0.566252
7.56815,16.8889,6.46455,27.8534,190.931,63.3357,1497.31,13530.3,3666.41,0.511532,0.502144,0.517757,0.626664,0.626468,0.566377
7.56753,16.9016,6.46442,27.7815,190.913,63.3368,1498.23,13537.1,3668.19,0.511657,0.502269,0.517882,0.626789,0.626593,0.566501
7.56692,16.9142,6.46429,27.7153,190.906,63.3507,1499.14,13543.8,3669.97,0.511782,0.502394,0.518007,0.626914,0.626718,0.566626
7.5663,16.9268,6.46417,27.653,190.891,63.3492,1500.06,13550.6,3671.75,0.511907,0.502519,0.518132,0.627039,0.626843,0.566751
7.56569,16.9394,6.46405,27.5864,190.879,63.3543,1500.97,13557.3,3673.54,0.512032,0.502644,0.518257,0.627164,0.626968,0.566876
7.56505,16.9521,6.46392,27.5205,190.852,63.3313,1501.88,13564.1,3675.32,0.512157,0.502769,0.518382,0.627289,0.627093,0.567001
7.56444,16.9647,6.4638,27.4562,190.832,63.3209,1502.79,13570.8,3677.11,0.512282,0.502894,0.518507,0.627414,0.627218,0.567126
7.56385,16.9774,6.46369,27.385,190.822,63.3346,1503.7,13577.6,3678.89,0.512407,0.503019,0.518632,0.627539,0.627343,0.567251
7.56326,16.99,6.46355,27.3044,190.797,63.3282,1504.61,13584.3,3680.68,0.512532,0.503144,0.518757,0.627664,0.627468,0.567376
7.56268,17.0027,6.46343,27.2213,190.773,63.3291,1505.52,13591.1,3682.47,0.512657,0.503269,0.518882,0.627789,0.627593,0.567501
7.56209,17.0154,6.46334,27.1571,190.764,63.3413,1506.43,13597.9,3684.26,0.512782,0.503394,0.519007,0.627914,0.627718,0.567626
7.56153,17.028,6.46322,27.0745,190.743,63.3431,1507.34,13604.6,3686.04,0.512907,0.503519,0.519132,0.628039,0.627843,0.567751
7.56092,17.0407,6.46311,27.0127,190.716,63.3148,1508.25,13611.4,3687.83,0.513032,0.503644,0.519257,0.628164,0.627968,0.567876
7.56035,17.0534,6.463,26.9379,190.696,63.3119,1509.15,13618.2,3689.62,0.513157,0.503769,0.519382,0.628289,0.628093,0.568001
7.55978,17.0661,6.46292,26.8733,190.688,63.326,1510.06,13624.9,3691.41,0.513282,0.503894,0.519507,0.628414,0.628218,0.568126
7.55921,17.0788,6.46283,26.8028,190.67,63.3231,1510.96,13631.7,3693.2,0.513407,0.504019,0.519632,0.628539,0.628343,0.568251
7.55864,17.0915,6.46274,26.7425,190.655,63.315,1511.87,13638.5,3695,0.513532,0.504144,0.519757,0.628664,0.628468,0.568376
7.55809,17.1042,6.46265,26.6707,190.646,63.3304,1512.77,13645.2,3696.79,0.513657,0.504269,0.519882,0.628789,0.628592,0.568501
7.55754,17.1169,6.46257,26.6078,190.633,63.3307,1513.67,13652,3698.58,0.513782,0.504394,0.520007,0.628914,0.628717,0.568626
7.557,17.1296,6.46249,26.5399,190.625,63.3438,1514.57,13658.8,3700.38,0.513907,0.504519,0.520132,0.629039,0.628842,0.568751
7.55644,17.1423,6.46243,26.486,190.623,63.3562,1515.48,13665.5,3702.17,0.514032,0.504644,0.520257,0.629164,0.628967,0.568876
7.55586,17.1551,6.46236,26.4194,190.596,63.3335,1516.38,13672.3,3703.97,0.514157,0.504769,0.520382,0.629289,0.629092,0.569001
7.55531,17.1678,6.4623,26.3585,190.581,63.3284,1517.28,13679.1,3705.76,0.514282,0.504894,0.520507,0.629414,0.629217,0.569126
7.55479,17.1806,6.46224,26.2924,190.579,63.3521,1518.17,13685.9,3707.56,0.514407,0.505019,0.520632,0.629539,0.629342,0.569251
7.55425,17.1933,6.46221,26.2362,190.576,63.3684,1519.07,13692.6,3709.36,0.514532,0.505144,0.520757,0.629664,0.629467,0.569376
7.55372,17.206,6.46216,26.1746,190.563,63.3657,1519.97,13699.4,3711.15,0.514657,0.505269,0.520882,0.629789,0.629592,0.569501
7.55319,17.2188,6.46211,26.1168,190.555,63.3694,1520.87,13706.2,3712.95,0.514782,0.505394,0.521007,0.629914,0.629717,0.569626
7.55264,17.2316,6.46207,26.0537,190.532,63.3516,1521.76,13713,3714.75,0.514907,0.505519,0.521132,0.630039,0.629842,0.569751
7.55211,17.2444,6.46201,25.9878,190.507,63.3294,1522.66,13719.8,3716.55,0.515032,0.505644,0.521257,0.630164,0.629967,0.569876
7.5516,17.2572,6.46197,25.9213,190.49,63.3237,1523.56,13726.6,3718.35,0.515157,0.505769,0.521382,0.630289,0.630092,0.570001
7.55111,17.2699,6.46192,25.8565,190.482,63.3326,1524.45,13733.3,3720.15,0.515282,0.505894,0.521507,0.630414,0.630217,0.570126
7.55056,17.2828,6.46189,25.8016,190.462,63.3126,1525.34,13740.1,3721.95,0.515407,0.506019,0.521632,0.630539,0.630342,0.570251
7.55002,17.2956,6.46187,25.7454,190.441,63.29,1526.24,13746.9,3723.76,0.515532,0.506144,0.521757,0.630664,0.630467,0.570376
7.54949,17.3084,6.46186,25.6914,190.424,63.2759,1527.13,13753.7,3725.56,0.515657,0.506269,0.521882,0.630789,0.630592,0.570501
7.549,17.3212,6.46182,25.6225,190.398,63.2517,1528.02,13760.5,3727.36,0.515782,0.506394,0.522007,0.630914,0.630717,0.570626
7.54849,17.3341,6.46181,25.5716,190.39,63.2493,1528.91,13767.3,3729.17,0.515907,0.506519,0.522132,0.631039,0.630842,0.570751
7.54799,17.3469,6.46178,25.5057,190.366,63.2296,1529.8,13774.1,3730.97,0.516032,0.506644,0.522257,0.631164,0.630967,0.570876
7.54752,17.3597,6.46178,25.4475,190.363,63.2416,1530.69,13780.9,3732.78,0.516157,0.506769,0.522382,0.631289,0.631092,0.571001
7.54702,17.3726,6.46176,25.3898,190.347,63.2276,1531.58,13787.7,3734.59,0.516282,0.506894,0.522507,0.631414,0.631217,0.571126
7.5465,17.3854,6.46177,25.3448,190.331,63.2049,1532.46,13794.5,3736.39,0.516407,0.507019,0.522632,0.631539,0.631342,0.571251
7.54601,17.3983,6.46178,25.2968,190.327,63.207,1533.35,13801.3,3738.2,0.516532,0.507144,0.522757,0.631664,0.631467,0.571376
7.54552,17.4111,6.46179,25.2414,190.311,63.1925,1534.24,13808.1,3740.01,0.516657,0.507269,0.522882,0.631789,0.631592,0.571501
7.54503,17.424,6.46179,25.1821,190.29,63.1728,1535.12,13814.9,3741.82,0.516782,0.507394,0.523007,0.631914,0.631717,0.571626
7.54455,17.4369,6.46182,25.1315,190.281,63.1691,1536.01,13821.7,3743.63,0.516907,0.507519,0.523132,0.632039,0.631842,0.571751
7.54409,17.4498,6.46183,25.077,190.272,63.166,1536.89,13828.5,3745.44,0.517032,0.507644,0.523257,0.632164,0.631967,0.571876
7.54362,17.4626,6.46187,25.0297,190.269,63.1688,1537.78,13835.3,3747.25,0.517157,0.507769,0.523382,0.632289,0.632092,0.572001
7.54314,17.4755,6.4619,24.9803,190.252,63.1476,1538.66,13842.1,3749.06,0.517282,0.507894,0.523507,0.632414,0.632217,0.572126
7.54267,17.4884,6.46192,24.9243,190.232,63.1239,1539.54,13848.9,3750.87,0.517407,0.508019,0.523632,0.632539,0.632342,0.572251
7.54223,17.5013,6.46197,24.8723,190.23,63.1337,1540.42,13855.7,3752.69,0.517532,0.508144,0.523757,0.632664,0.632467,0.572376
7.54174,17.5143,6.46202,24.8273,190.209,63.1013,1541.3,13862.5,3754.5,0.517657,0.508269,0.523882,0.632789,0.632592,0.572501
7.54132,17.5272,6.46205,24.7709,190.202,63.1016,1542.18,13869.3,3756.31,0.517782,0.508394,0.524007,0.632914,0.632717,0.572626
7.54089,17.5401,6.46209,24.7141,190.188,63.093,1543.06,13876.2,3758.13,0.517907,0.508519,0.524132,0.633039,0.632842,0.572751
7.54044,17.553,6.46212,24.6608,190.171,63.0714,1543.94,13883,3759.94,0.518032,0.508644,0.524257,0.633164,0.632967,0.572876
7.53999,17.566,6.46217,24.6092,190.154,63.0516,1544.82,13889.8,3761.76,0.518157,0.508769,0.524382,0.633289,0.633092,0.573001
7.53956,17.5789,6.46223,24.5598,190.143,63.0377,1545.7,13896.6,3763.58,0.518282,0.508894,0.524507,0.633414,0.633217,0.573126
7.53911,17.5919,6.46228,24.5092,190.124,63.0116,1546.57,13903.4,3765.39,0.518407,0.509019,0.524632,0.633539,0.633342,0.573251
7.53869,17.6048,6.46233,24.456,190.108,62.9957,1547.45,13910.3,3767.21,0.518532,0.509144,0.524757,0.633664,0.633467,0.573376
7.53827,17.6178,6.4624,24.4073,190.102,62.9917,1548.32,13917.1,3769.03,0.518656,0.509269,0.524882,0.633789,0.633592,0.573501
7.53784,17.6308,6.46247,24.3603,190.088,62.9723,1549.2,13923.9,3770.85,0.518781,0.509394,0.525007,0.633914,0.633717,0.573626
7.53745,17.6437,6.46254,24.3102,190.085,62.9738,1550.07,13930.7,3772.67,0.518906,0.509519,0.525132,0.634039,0.633842,0.573751
7.53707,17.6567,6.46262,24.2589,190.086,62.9849,1550.94,13937.6,3774.49,0.519031,0.509644,0.525257,0.634164,0.633967,0.573876
7.53671,17.6696,6.4627,24.204,190.086,63.0013,1551.81,13944.4,3776.31,0.519156,0.509769,0.525382,0.634289,0.634092,0.574001
7.53624,17.6827,6.46277,24.1602,190.053,62.9429,1552.68,13951.2,3778.13,0.519281,0.509894,0.525506,0.634414,0.634217,0.574126
7.53585,17.6957,6.46284,24.1061,190.039,62.9286,1553.55,13958,3779.96,0.519406,0.510019,0.525631,0.634539,0.634342,0.574251
7.53544,17.7087,6.46292,24.0576,190.022,62.9034,1554.42,13964.9,3781.78,0.519531,0.510144,0.525756,0.634664,0.634467,0.574376
7.53503,17.7217,6.46303,24.0148,190.011,62.8885,1555.29,13971.7,3783.6,0.519656,0.510269,0.525881,0.634789,0.634592,0.574501
7.53463,17.7347,6.46312,23.966,189.991,62.8568,1556.16,13978.5,3785.43,0.519781,0.510394,0.526006,0.634914,0.634717,0.574626
7.53423,17.7478,6.46323,23.9186,189.973,62.8335,1557.03,13985.4,3787.25,0.519906,0.510519,0.526131,0.635039,0.634842,0.574751
7.53384,17.7608,6.46333,23.8742,189.959,62.8082,1557.89,13992.2,3789.08,0.520031,0.510644,0.526256,0.635164,0.634967,0.574876
7.53348,17.7738,6.46345,23.83,189.954,62.8032,1558.76,13999.1,3790.91,0.520156,0.510769,0.526381,0.635289,0.635092,0.575001
7.53313,17.7868,6.46356,23.7821,189.949,62.8017,1559.62,14005.9,3792.73,0.520281,0.510894,0.526506,0.635414,0.635217,0.575126
7.53277,17.7999,6.4637,23.737,189.942,62.7954,1560.49,14012.7,3794.56,0.520406,0.511019,0.526631,0.635539,0.635342,0.575251
7.53239,17.813,6.4638,23.6894,189.917,62.7532,1561.35,14019.6,3796.39,0.520531,0.511144,0.526756,0.635664,0.635467,0.575376
7.53204,17.826,6.46393,23.643,189.907,62.7382,1562.21,14026.4,3798.22,0.520656,0.511269,0.526881,0.635789,0.635592,0.575501
7.53168,17.8391,6.46408,23.6048,189.902,62.7284,1563.07,14033.3,3800.05,0.520781,0.511394,0.527006,0.635914,0.635717,0.575626
7.53134,17.8522,6.46421,23.5588,189.887,62.7045,1563.93,14040.1,3801.88,0.520906,0.511519,0.527131,0.636039,0.635842,0.575751
7.53096,17.8653,6.46436,23.5207,189.87,62.6723,1564.79,14047,3803.71,0.521031,0.511644,0.527256,0.636164,0.635967,0.575876
7.53064,17.8783,6.4645,23.4774,189.868,62.6689,1565.65,14053.8,3805.54,0.521156,0.511769,0.527381,0.636289,0.636092,0.576001
7.53027,17.8914,6.46469,23.4474,189.862,62.6502,1566.51,14060.7,3807.37,0.521281,0.511894,0.527506,0.636414,0.636217,0.576126
7.52991,17.9046,6.46484,23.409,189.844,62.6129,1567.37,14067.5,3809.2,0.521406,0.512019,0.527631,0.636539,0.636342,0.576251
7.52957,17.9177,6.46498,23.3654,189.825,62.5759,1568.22,14074.4,3811.04,0.521531,0.512144,0.527756,0.636664,0.636467,0.576376
7.5292,17.9309,6.46516,23.3332,189.806,62.5316,1569.08,14081.2,3812.87,0.521656,0.512269,0.527881,0.636789,0.636592,0.576501
7.52885,17.944,6.46534,23.2993,189.793,62.5022,1569.94,14088.1,3814.71,0.521781,0.512394,0.528006,0.636914,0.636717,0.576626
7.5285,17.9571,6.4655,23.2598,189.771,62.4579,1570.79,14095,3816.54,0.521906,0.512519,0.528131,0.637039,0.636842,0.576751
7.5282,17.9703,6.46566,23.2156,189.757,62.4325,1571.64,14101.8,3818.38,0.522031,0.512644,0.528256,0.637164,0.636967,0.576876
7.52787,17.9835,6.46584,23.1786,189.74,62.3951,1572.5,14108.7,3820.21,0.522156,0.512769,0.528381,0.637289,0.637092,0.577001
7.52758,17.9966,6.46601,23.1359,189.734,62.3846,1573.35,14115.5,3822.05,0.522281,0.512894,0.528506,0.637414,0.637217,0.577126
7.52726,18.0098,6.46617,23.0939,189.706,62.3303,1574.2,14122.4,3823.89,0.522406,0.513019,0.528631,0.637539,0.637342,0.577251
7.52694,18.0229,6.46637,23.0618,189.697,62.3048,1575.05,14129.3,3825.73,0.522531,0.513144,0.528756,0.637664,0.637467,0.577376
7.52664,18.0361,6.46656,23.0228,189.684,62.2798,1575.9,14136.1,3827.56,0.522656,0.513269,0.528881,0.637789,0.637592,0.577501
7.52635,18.0493,6.46672,22.9779,189.658,62.2292,1576.75,14143,3829.4,0.522781,0.513394,0.529006,0.637914,0.637717,0.577626
7.52604,18.0625,6.46694,22.9467,189.647,62.1999,1577.6,14149.9,3831.24,0.522906,0.513519,0.529131,0.638039,0.637842,0.577751
7.52574,18.0757,6.46714,22.9139,189.633,62.1646,1578.45,14156.8,3833.08,0.523031,0.513644,0.529256,0.638164,0.637967,0.577876
7.52545,18.0889,6.46735,22.8784,189.622,62.1372,1579.29,14163.6,3834.93,0.523156,0.513769,0.529381,0.638289,0.638092,0.578001
7.52517,18.1021,6.46755,22.8415,189.603,62.0956,1580.14,14170.5,3836.77,0.523281,0.513894,0.529506,0.638414,0.638217,0.578126
7.52489,18.1154,6.46776,22.804,189.587,62.0615,1580.98,14177.4,3838.61,0.523406,0.514019,0.529631,0.638539,0.638342,0.578251
7.5246,18.1286,6.46797,22.7679,189.566,62.0169,1581.83,14184.3,3840.45,0.523531,0.514144,0.529756,0.638664,0.638467,0.578376
7.52437,18.1418,6.4682,22.7304,189.567,62.0135,1582.67,14191.1,3842.3,0.523656,0.514269,0.529881,0.638789,0.638592,0.578501
7.52409,18.155,6.46845,22.7031,189.562,61.9919,1583.51,14198,3844.14,0.523781,0.514394,0.530006,0.638914,0.638717,0.578626
7.52384,18.1682,6.46869,22.6726,189.556,61.9707,1584.35,14204.9,3845.98,0.523906,0.514519,0.530131,0.639039,0.638842,0.578751
7.52358,18.1814,6.46895,22.644,189.554,61.9567,1585.19,14211.8,3847.83,0.524031,0.514644,0.530256,0.639164,0.638967,0.578876
7.52334,18.1947,6.46921,22.6124,189.549,61.9379,1586.03,14218.7,3849.68,0.524156,0.514769,0.530381,0.639289,0.639092,0.579001
7.52308,18.2079,6.46947,22.5841,189.538,61.9056,1586.87,14225.6,3851.52,0.524281,0.514894,0.530506,0.639414,0.639217,0.579126
7.52283,18.2212,6.46973,22.5548,189.522,61.8633,1587.71,14232.5,3853.37,0.524406,0.515019,0.530631,0.639539,0.639342,0.579251
7.5226,18.2345,6.46998,22.5233,189.51,61.8308,1588.55,14239.3,3855.22,0.524531,0.515144,0.530756,0.639664,0.639467,0.579376
7.52238,18.2477,6.47025,22.4915,189.507,61.8136,1589.39,14246.2,3857.07,0.524656,0.515269,0.530881,0.639789,0.639592,0.579501
7.52215,18.261,6.47052,22.4621,189.497,61.7852,1590.22,14253.1,3858.91,0.524781,0.515393,0.531006,0.639913,0.639717,0.579626
7.52194,18.2743,6.47079,22.4307,189.489,61.7609,1591.06,14260,3860.76,0.524906,0.515518,0.531131,0.640038,0.639842,0.579751
7.52174,18.2876,6.47108,22.4024,189.489,61.7462,1591.89,14266.9,3862.61,0.525031,0.515643,0.531256,0.640163,0.639967,0.579876
7.52151,18.3009,6.47135,22.372,189.467,61.694,1592.73,14273.8,3864.47,0.525156,0.515768,0.531381,0.640288,0.640092,0.580001
7.5213,18.3142,6.47164,22.3436,189.459,61.6663,1593.56,14280.7,3866.32,0.525281,0.515893,0.531506,0.640413,0.640217,0.580126
7.52111,18.3275,6.47192,22.3134,189.448,61.6326,1594.39,14287.6,3868.17,0.525406,0.516018,0.531631,0.640538,0.640342,0.580251
7.52092,18.3408,6.47222,22.2858,189.444,61.6115,1595.22,14294.5,3870.02,0.525531,0.516143,0.531756,0.640663,0.640467,0.580375
7.52073,18.3542,6.47251,22.2565,189.434,61.5795,1596.05,14301.4,3871.87,0.525656,0.516268,0.531881,0.640788,0.640592,0.5805
7.52056,18.3675,6.47281,22.2278,189.429,61.5566,1596.88,14308.3,3873.73,0.525781,0.516393,0.532006,0.640913,0.640717,0.580625
7.52039,18.3808,6.4731,22.199,189.423,61.5307,1597.71,14315.2,3875.58,0.525906,0.516518,0.532131,0.641038,0.640842,0.58075
7.5202,18.3942,6.4734,22.1715,189.407,61.4858,1598.54,14322.1,3877.44,0.526031,0.516643,0.532256,0.641163,0.640967,0.580875
7.52002,18.4075,6.47373,22.1481,189.401,61.4546,1599.36,14329.1,3879.29,0.526156,0.516768,0.532381,0.641288,0.641092,0.581
7.51984,18.4209,6.47405,22.1239,189.394,61.4254,1600.19,14336,3881.15,0.526281,0.516893,0.532506,0.641413,0.641217,0.581125
7.51968,18.4343,6.47437,22.0975,189.386,61.3922,1601.01,14342.9,3883.01,0.526406,0.517018,0.532631,0.641538,0.641342,0.58125
7.51951,18.4476,6.47469,22.0721,189.37,61.3489,1601.84,14349.8,3884.86,0.526531,0.517143,0.532756,0.641663,0.641467,0.581375
7.51936,18.461,6.47503,22.0486,189.37,61.3309,1602.66,14356.7,3886.72,0.526656,0.517268,0.532881,0.641788,0.641592,0.5815
7.51921,18.4744,6.47537,22.0248,189.361,61.2986,1603.48,14363.6,3888.58,0.526781,0.517393,0.533006,0.641913,0.641717,0.581625
7.51908,18.4878,6.47572,22.0012,189.361,61.2813,1604.3,14370.5,3890.44,0.526906,0.517518,0.533131,0.642038,0.641842,0.58175
7.51891,18.5012,6.47608,21.9827,189.349,61.2347,1605.12,14377.5,3892.3,0.527031,0.517643,0.533256,0.642163,0.641967,0.581875
7.51877,18.5146,6.47642,21.9598,189.331,61.1797,1605.94,14384.4,3894.16,0.527156,0.517768,0.533381,0.642288,0.642092,0.582
7.51865,18.528,6.47678,21.9372,189.334,61.1656,1606.76,14391.3,3896.02,0.527281,0.517893,0.533506,0.642413,0.642217,0.582125
7.51853,18.5414,6.47715,21.9167,189.33,61.1369,1607.58,14398.2,3897.88,0.527406,0.518018,0.533631,0.642538,0.642341,0.58225
7.51839,18.5548,6.47753,21.8982,189.324,61.1027,1608.4,14405.1,3899.74,0.527531,0.518143,0.533756,0.642663,0.642466,0.582375
7.51829,18.5682,6.47792,21.8789,189.334,61.1019,1609.21,14412.1,3901.61,0.527656,0.518268,0.533881,0.642788,0.642591,0.5825
7.51817,18.5816,6.47831,21.8611,189.332,61.0741,1610.03,14419,3903.47,0.527781,0.518393,0.534006,0.642913,0.642716,0.582625
7.51808,18.595,6.47868,21.8396,189.329,61.0498,1610.84,14425.9,3905.33,0.527906,0.518518,0.534131,0.643038,0.642841,0.58275
7.51798,18.6085,6.47907,21.8204,189.325,61.0181,1611.66,14432.9,3907.2,0.528031,0.518643,0.534256,0.643163,0.642966,0.582875
7.51787,18.622,6.47944,21.8009,189.314,60.9757,1612.47,14439.8,3909.06,0.528156,0.518768,0.534381,0.643288,0.643091,0.583
7.51779,18.6354,6.47984,21.7822,189.315,60.955,1613.28,14446.7,3910.93,0.528281,0.518893,0.534506,0.643413,0.643216,0.583125
7.51772,18.6489,6.48023,21.7632,189.313,60.9279,1614.09,14453.7,3912.79,0.528406,0.519018,0.534631,0.643538,0.643341,0.58325
7.51761,18.6624,6.48064,21.748,189.303,60.8834,1614.9,14460.6,3914.66,0.528531,0.519143,0.534756,0.643663,0.643466,0.583375
7.51753,18.6758,6.48106,21.7327,189.299,60.8497,1615.71,14467.5,3916.53,0.528656,0.519268,0.534881,0.643788,0.643591,0.5835
7.51748,18.6893,6.48149,21.7161,189.308,60.8438,1616.52,14474.5,3918.4,0.528781,0.519393,0.535006,0.643913,0.643716,0.583625
7.51739,18.7028,6.48191,21.7011,189.296,60.7927,1617.33,14481.4,3920.26,0.528906,0.519518,0.535131,0.644038,0.643841,0.58375
7.51732,18.7163,6.48231,21.6843,189.284,60.7427,1618.13,14488.4,3922.13,0.529031,0.519643,0.535256,0.644163,0.643966,0.583875
7.51725,18.7298,6.48274,21.6709,189.28,60.706,1618.94,14495.3,3924,0.529156,0.519768,0.535381,0.644288,0.644091,0.584
7.51719,18.7433,6.48315,21.655,189.27,60.6606,1619.74,14502.2,3925.87,0.529281,0.519893,0.535506,0.644413,0.644216,0.584125
7.51713,18.7569,6.48358,21.6412,189.262,60.6174,1620.55,14509.2,3927.74,0.529406,0.520018,0.535631,0.644538,0.644341,0.58425
7.51708,18.7704,6.48404,21.6292,189.262,60.5912,1621.35,14516.1,3929.61,0.529531,0.520143,0.535756,0.644663,0.644466,0.584375
7.51704,18.7839,6.4845,21.6177,189.263,60.5651,1622.15,14523.1,3931.49,0.529656,0.520268,0.535881,0.644788,0.644591,0.5845
7.517,18.7974,6.48498,21.6069,189.266,60.5396,1622.95,14530,3933.36,0.529781,0.520393,0.536006,0.644913,0.644716,0.584625
7.51698,18.8109,6.48546,21.5957,189.271,60.5196,1623.75,14537,3935.23,0.529906,0.520518,0.536131,0.645038,0.644841,0.58475
7.51696,18.8245,6.48592,21.5841,189.271,60.4907,1624.55,14543.9,3937.1,0.530031,0.520643,0.536256,0.645163,0.644966,0.584875
7.51693,18.838,6.48637,21.5729,189.263,60.4437,1625.35,14550.9,3938.98,0.530156,0.520768,0.536381,0.645288,0.645091,0.585
7.51693,18.8516,6.48685,21.5615,189.268,60.4223,1626.15,14557.9,3940.85,0.530281,0.520893,0.536506,0.645413,0.645216,0.585125
7.51691,18.8652,6.48728,21.5496,189.259,60.3707,1626.95,14564.8,3942.73,0.530406,0.521018,0.536631,0.645538,0.645341,0.58525
7.51692,18.8787,6.48778,21.5412,189.268,60.359,1627.74,14571.8,3944.6,0.530531,0.521143,0.536756,0.645663,0.645466,0.585375
7.5169,18.8923,6.48824,21.532,189.258,60.3059,1628.54,14578.7,3946.48,0.530656,0.521268,0.536881,0.645788,0.645591,0.5855
7.51688,18.906,6.4887,21.523,189.24,60.2386,1629.33,14585.7,3948.36,0.530781,0.521393,0.537006,0.645913,0.645716,0.585625
7.51689,18.9196,6.48916,21.5139,189.232,60.189,1630.12,14592.7,3950.23,0.530906,0.521518,0.537131,0.646038,0.645841,0.58575
7.51693,18.9332,6.48967,21.5061,189.246,60.1822,1630.91,14599.6,3952.11,0.531031,0.521643,0.537256,0.646163,0.645966,0.585875
7.51695,18.9468,6.49016,21.4989,189.246,60.1466,1631.71,14606.6,3953.99,0.531156,0.521768,0.537381,0.646288,0.646091,0.586
7.517,18.9603,6.49068,21.4925,189.261,60.1415,1632.5,14613.6,3955.87,0.531281,0.521893,0.537506,0.646413,0.646216,0.586125
7.517,18.974,6.49119,21.4867,189.254,60.0909,1633.28,14620.5,3957.75,0.531406,0.522018,0.537631,0.646538,0.646341,0.58625
7.51705,18.9876,6.49169,21.4806,189.261,60.0695,1634.07,14627.5,3959.63,0.531531,0.522143,0.537756,0.646663,0.646466,0.586375
7.51703,19.0013,6.49219,21.4771,189.239,59.9897,1634.86,14634.5,3961.51,0.531656,0.522268,0.537881,0.646788,0.646591,0.5865
7.51707,19.0149,6.49271,21.4727,189.239,59.9528,1635.65,14641.4,3963.39,0.531781,0.522393,0.538006,0.646913,0.646716,0.586625
7.51712,19.0286,6.49324,21.4687,189.243,59.9225,1636.43,14648.4,3965.27,0.531906,0.522518,0.538131,0.647038,0.646841,0.58675
7.51719,19.0422,6.49374,21.4647,189.245,59.889,1637.21,14655.4,3967.15,0.532031,0.522643,0.538256,0.647163,0.646966,0.586875
7.51727,19.0558,6.49429,21.4618,189.258,59.8745,1638,14662.4,3969.04,0.532156,0.522768,0.538381,0.647288,0.647091,0.587
7.51733,19.0695,6.49482,21.4598,189.26,59.84,1638.78,14669.3,3970.92,0.532281,0.522893,0.538506,0.647413,0.647216,0.587125
7.51738,19.0832,6.49538,21.4593,189.261,59.8033,1639.56,14676.3,3972.81,0.532405,0.523018,0.538631,0.647538,0.647341,0.58725
7.51742,19.0969,6.49593,21.4583,189.254,59.7495,1640.34,14683.3,3974.69,0.53253,0.523143,0.538756,0.647663,0.647466,0.587375
7.5175,19.1105,6.49649,21.4581,189.259,59.7195,1641.12,14690.3,3976.57,0.532655,0.523268,0.538881,0.647788,0.647591,0.5875
7.51755,19.1243,6.49707,21.4585,189.258,59.6763,1641.9,14697.3,3978.46,0.53278,0.523393,0.539006,0.647913,0.647716,0.587625
7.51763,19.138,6.49765,21.4593,189.258,59.6363,1642.68,14704.3,3980.35,0.532905,0.523518,0.539131,0.648038,0.647841,0.58775
7.51772,19.1517,6.49822,21.4601,189.262,59.6013,1643.45,14711.2,3982.23,0.53303,0.523643,0.539255,0.648163,0.647966,0.587875
7.51782,19.1654,6.4988,21.4626,189.265,59.5648,1644.23,14718.2,3984.12,0.533155,0.523768,0.53938,0.648288,0.648091,0.588
7.51787,19.1791,6.49937,21.4642,189.251,59.4935,1645,14725.2,3986.01,0.53328,0.523893,0.539505,0.648413,0.648216,0.588125
7.51798,19.1929,6.49996,21.4665,189.255,59.4582,1645.78,14732.2,3987.9,0.533405,0.524018,0.53963,0.648538,0.648341,0.58825
7.51807,19.2066,6.50053,21.4704,189.248,59.4005,1646.55,14739.2,3989.78,0.53353,0.524143,0.539755,0.648663,0.648466,0.588375
7.51819,19.2204,6.50113,21.4737,189.252,59.3629,1647.32,14746.2,3991.67,0.533655,0.524268,0.53988,0.648788,0.648591,0.5885
7.51831,19.2341,6.50175,21.4778,189.261,59.3353,1648.09,14753.2,3993.56,0.53378,0.524393,0.540005,0.648913,0.648716,0.588625
7.51844,19.2478,6.50238,21.4821,189.27,59.3094,1648.86,14760.2,3995.45,0.533905,0.524518,0.54013,0.649038,0.648841,0.58875
7.51857,19.2615,6.50301,21.4877,189.28,59.284,1649.63,14767.2,3997.34,0.53403,0.524643,0.540255,0.649163,0.648966,0.588875
7.51869,19.2753,6.50367,21.4915,189.288,59.2536,1650.4,14774.2,3999.24,0.534155,0.524768,0.54038,0.649288,0.649091,0.589
7.51884,19.289,6.5043,21.4977,189.295,59.2208,1651.17,14781.2,4001.13,0.53428,0.524893,0.540505,0.649413,0.649216,0.589125
7.51899,19.3028,6.5049,21.5057,189.3,59.1801,1651.93,14788.2,4003.02,0.534405,0.525018,0.54063,0.649538,0.649341,0.58925
7.51911,19.3167,6.50551,21.5129,189.289,59.11,1652.7,14795.2,4004.91,0.53453,0.525143,0.540755,0.649663,0.649466,0.589375
7.51928,19.3304,6.50613,21.5222,189.298,59.0777,1653.46,14802.2,4006.81,0.534655,0.525268,0.54088,0.649788,0.649591,0.5895
7.51942,19.3442,6.50679,21.5299,189.302,59.0393,1654.23,14809.2,4008.7,0.53478,0.525393,0.541005,0.649913,0.649716,0.589625
7.51959,19.3581,6.50742,21.5407,189.305,58.9924,1654.99,14816.2,4010.6,0.534905,0.525518,0.54113,0.650038,0.649841,0.58975
7.51976,19.3719,6.50806,21.5509,189.308,58.9484,1655.75,14823.3,4012.49,0.53503,0.525643,0.541255,0.650163,0.649966,0.589875
7.51993,19.3857,6.5087,21.5616,189.31,58.8988,1656.51,14830.3,4014.39,0.535155,0.525768,0.54138,0.650288,0.650091,0.59
7.5201,19.3995,6.50936,21.5738,189.314,58.8562,1657.27,14837.3,4016.28,0.53528,0.525893,0.541505,0.650413,0.650216,0.590125
7.52027,19.4134,6.51004,21.5856,189.319,58.8151,1658.03,14844.3,4018.18,0.535405,0.526018,0.54163,0.650538,0.650341,0.59025
7.52047,19.4272,6.51071,21.5979,189.327,58.7769,1658.79,14851.3,4020.08,0.53553,0.526143,0.541755,0.650663,0.650466,0.590375
7.52068,19.4411,6.51137,21.6113,189.336,58.7394,1659.54,14858.3,4021.97,0.535655,0.526268,0.54188,0.650788,0.650591,0.5905
7.52092,19.4549,6.51202,21.6262,189.349,58.7066,1660.3,14865.3,4023.87,0.53578,0.526393,0.542005,0.650913,0.650716,0.590625
7.52109,19.4688,6.51273,21.6379,189.348,58.6542,1661.05,14872.4,4025.77,0.535905,0.526518,0.54213,0.651038,0.650841,0.59075
7.5213,19.4826,6.51342,21.6545,189.358,58.6185,1661.81,14879.4,4027.67,0.53603,0.526643,0.542255,0.651163,0.650966,0.590875
7.52151,19.4965,6.51411,21.6701,189.361,58.5677,1662.56,14886.4,4029.57,0.536155,0.526768,0.54238,0.651288,0.651091,0.591
7.52177,19.5104,6.5148,21.6875,189.379,58.5457,1663.31,14893.4,4031.47,0.53628,0.526893,0.542505,0.651413,0.651216,0.591125
7.52202,19.5242,6.51552,21.7042,189.399,58.5274,1664.06,14900.5,4033.37,0.536405,0.527018,0.54263,0.651538,0.651341,0.59125
7.52225,19.5381,6.51622,21.7226,189.404,58.4797,1664.81,14907.5,4035.27,0.53653,0.527143,0.542755,0.651663,0.651466,0.591375
7.52248,19.552,6.51692,21.742,189.408,58.427,1665.56,14914.5,4037.17,0.536655,0.527268,0.54288,0.651788,0.651591,0.5915
7.5227,19.5659,6.51766,21.7585,189.416,58.3875,1666.31,14921.5,4039.08,0.53678,0.527393,0.543005,0.651913,0.651716,0.591625
7.52296,19.5798,6.51842,21.7767,189.433,58.3652,1667.05,14928.6,4040.98,0.536905,0.527518,0.54313,0.652038,0.651841,0.59175
7.52319,19.5937,6.51917,21.7935,189.436,58.3129,1667.8,14935.6,4042.88,0.53703,0.527643,0.543255,0.652163,0.651966,0.591875
7.52346,19.6076,6.51992,21.8139,189.452,58.2862,1668.54,14942.6,4044.79,0.537155,0.527768,0.54338,0.652288,0.652091,0.592
7.52374,19.6216,6.52064,21.8367,189.464,58.245,1669.29,14949.7,4046.69,0.53728,0.527893,0.543505,0.652413,0.652216,0.592125
7.52399,19.6355,6.52141,21.8564,189.469,58.1979,1670.03,14956.7,4048.59,0.537405,0.528018,0.54363,0.652538,0.652341,0.59225
7.52428,19.6494,6.52218,21.8779,189.485,58.169,1670.77,14963.8,4050.5,0.53753,0.528143,0.543755,0.652663,0.652466,0.592375
7.52459,19.6634,6.5229,21.9057,189.499,58.1255,1671.51,14970.8,4052.41,0.537655,0.528268,0.54388,0.652788,0.652591,0.5925
7.52487,19.6773,6.52367,21.9256,189.508,58.0824,1672.25,14977.8,4054.31,0.53778,0.528393,0.544005,0.652913,0.652716,0.592625
7.52515,19.6913,6.52441,21.9535,189.511,58.0214,1672.99,14984.9,4056.22,0.537905,0.528518,0.54413,0.653038,0.652841,0.59275
7.52543,19.7053,6.52516,21.9779,189.515,57.964,1673.73,14991.9,4058.13,0.53803,0.528643,0.544255,0.653163,0.652966,0.592875
7.52574,19.7193,6.52591,22.0063,189.525,57.9136,1674.46,14999,4060.03,0.538155,0.528768,0.54438,0.653288,0.653091,0.593
7.52605,19.7333,6.5267,22.0329,189.54,57.8774,1675.2,15006,4061.94,0.53828,0.528893,0.544505,0.653413,0.653216,0.593125
7.52633,19.7473,6.52748,22.0578,189.542,57.8183,1675.93,15013.1,4063.85,0.538405,0.529018,0.54463,0.653538,0.653341,0.59325
7.52663,19.7613,6.52827,22.0857,189.55,57.7665,1676.66,15020.1,4065.76,0.53853,0.529142,0.544755,0.653663,0.653466,0.593375
7.52693,19.7754,6.52904,22.1153,189.552,57.6983,1677.4,15027.2,4067.67,0.538655,0.529267,0.54488,0.653787,0.653591,0.5935
7.52724,19.7894,6.52984,22.1424,189.561,57.6511,1678.13,15034.2,4069.58,0.53878,0.529392,0.545005,0.653912,0.653716,0.593625
7.52753,19.8035,6.53063,22.1701,189.558,57.5757,1678.86,15041.3,4071.49,0.538905,0.529517,0.54513,0.654037,0.653841,0.59375
7.52782,19.8175,6.53145,22.1931,189.559,57.5149,1679.59,15048.3,4073.4,0.53903,0.529642,0.545255,0.654162,0.653966,0.593875
7.52814,19.8316,6.53226,22.2232,189.565,57.4588,1680.31,15055.4,4075.31,0.539155,0.529767,0.54538,0.654287,0.654091,0.594
7.52848,19.8456,6.53308,22.2548,189.578,57.4138,1681.04,15062.5,4077.22,0.53928,0.529892,0.545505,0.654412,0.654216,0.594124
7.52885,19.8596,6.53391,22.2851,189.602,57.3911,1681.77,15069.5,4079.13,0.539405,0.530017,0.54563,0.654537,0.654341,0.594249
7.52918,19.8737,6.53476,22.3129,189.613,57.3473,1682.49,15076.6,4081.05,0.53953,0.530142,0.545755,0.654662,0.654466,0.594374
7.52953,19.8877,6.53558,22.3476,189.622,57.29,1683.22,15083.6,4082.96,0.539655,0.530267,0.54588,0.654787,0.654591,0.594499
7.5299,19.9018,6.53643,22.3823,189.642,57.2579,1683.94,15090.7,4084.87,0.53978,0.530392,0.546005,0.654912,0.654716,0.594624
7.53026,19.9159,6.53729,22.4138,189.658,57.219,1684.66,15097.8,4086.79,0.539905,0.530517,0.54613,0.655037,0.654841,0.594749
7.53062,19.9299,6.53814,22.4467,189.667,57.1649,1685.38,15104.8,4088.7,0.54003,0.530642,0.546255,0.655162,0.654966,0.594874
7.53097,19.944,6.53901,22.4775,189.672,57.1062,1686.1,15111.9,4090.62,0.540155,0.530767,0.54638,0.655287,0.655091,0.594999
7.53136,19.9581,6.53986,22.5159,189.689,57.062,1686.82,15119,4092.53,0.54028,0.530892,0.546505,0.655412,0.655216,0.595124
7.53175,19.9722,6.54074,22.5525,189.71,57.0298,1687.54,15126.1,4094.45,0.540405,0.531017,0.54663,0.655537,0.655341,0.595249
7.53216,19.9863,6.54161,22.591,189.733,56.998,1688.26,15133.1,4096.37,0.54053,0.531142,0.546755,0.655662,0.655466,0.595374
7.53254,20.0004,6.54249,22.6268,189.742,56.9412,1688.98,15140.2,4098.28,0.540655,0.531267,0.54688,0.655787,0.655591,0.595499
7.53296,20.0145,6.54338,22.6647,189.766,56.911,1689.69,15147.3,4100.2,0.54078,0.531392,0.547005,0.655912,0.655716,0.595624
7.53336,20.0287,6.54425,22.707,189.777,56.8528,1690.41,15154.4,4102.12,0.540905,0.531517,0.54713,0.656037,0.655841,0.595749
7.53378,20.0428,6.54513,22.7458,189.791,56.8013,1691.12,15161.4,4104.04,0.54103,0.531642,0.547255,0.656162,0.655966,0.595874
7.53419,20.0569,6.54605,22.7861,189.813,56.77,1691.83,15168.5,4105.96,0.541155,0.531767,0.54738,0.656287,0.65609,0.595999
7.53462,20.0711,6.54692,22.8336,189.83,56.7163,1692.54,15175.6,4107.87,0.54128,0.531892,0.547505,0.656412,0.656215,0.596124
7.53504,20.0852,6.54783,22.8786,189.845,56.6655,1693.25,15182.7,4109.79,0.541405,0.532017,0.54763,0.656537,0.65634,0.596249
7.53548,20.0994,6.54877,22.918,189.866,56.6299,1693.96,15189.8,4111.71,0.54153,0.532142,0.547755,0.656662,0.656465,0.596374
7.53592,20.1135,6.54971,22.9547,189.885,56.5921,1694.67,15196.9,4113.63,0.541655,0.532267,0.54788,0.656787,0.65659,0.596499
7.53637,20.1277,6.55061,23.0048,189.903,56.5402,1695.38,15203.9,4115.56,0.54178,0.532392,0.548005,0.656912,0.656715,0.596624
7.5368,20.1419,6.55155,23.0459,189.915,56.4848,1696.08,15211,4117.48,0.541905,0.532517,0.54813,0.657037,0.65684,0.596749
7.53728,20.156,6.5525,23.0875,189.94,56.4549,1696.79,15218.1,4119.4,0.54203,0.532642,0.548255,0.657162,0.656965,0.596874
7.53774,20.1703,6.55342,23.1409,189.957,56.3983,1697.49,15225.2,4121.32,0.542155,0.532767,0.54838,0.657287,0.65709,0.596999
7.53823,20.1844,6.55439,23.1873,189.987,56.3744,1698.19,15232.3,4123.24,0.54228,0.532892,0.548505,0.657412,0.657215,0.597124
7.53868,20.1987,6.55532,23.232,189.994,56.3036,1698.9,15239.4,4125.17,0.542405,0.533017,0.54863,0.657537,0.65734,0.597249
7.53916,20.2128,6.55631,23.276,190.022,56.2796,1699.6,15246.5,4127.09,0.54253,0.533142,0.548755,0.657662,0.657465,0.597374
7.53965,20.227,6.55728,23.3234,190.044,56.2388,1700.3,15253.6,4129.02,0.542655,0.533267,0.54888,0.657787,0.65759,0.597499
7.54013,20.2413,6.55824,23.3731,190.061,56.1849,1701,15260.7,4130.94,0.54278,0.533392,0.549005,0.657912,0.657715,0.597624
7.54064,20.2554,6.55925,23.4165,190.091,56.1641,1701.69,15267.8,4132.87,0.542905,0.533517,0.54913,0.658037,0.65784,0.597749
7.54119,20.2696,6.56024,23.4725,190.133,56.1543,1702.39,15274.9,4134.79,0.54303,0.533642,0.549255,0.658162,0.657965,0.597874
7.54174,20.2838,6.56121,23.5313,190.168,56.1277,1703.09,15282,4136.72,0.543155,0.533767,0.54938,0.658287,0.65809,0.597999
7.54228,20.298,6.56222,23.5802,190.2,56.1046,1703.78,15289.1,4138.64,0.54328,0.533892,0.549505,0.658412,0.658215,0.598124
7.54277,20.3123,6.56322,23.631,190.219,56.0551,1704.48,15296.2,4140.57,0.543405,0.534017,0.54963,0.658537,0.65834,0.598249
7.54328,20.3266,6.56418,23.6867,190.232,55.9872,1705.17,15303.3,4142.5,0.54353,0.534142,0.549755,0.658662,0.658465,0.598374
7.54382,20.3409,6.56516,23.7461,190.261,55.9468,1705.86,15310.4,4144.43,0.543655,0.534267,0.54988,0.658787,0.65859,0.598499
7.54432,20.3551,6.56617,23.798,190.276,55.889,1706.55,15317.5,4146.36,0.54378,0.534392,0.550005,0.658912,0.658715,0.598624
7.54486,20.3694,6.56717,23.8491,190.297,55.8407,1707.24,15324.7,4148.28,0.543905,0.534517,0.55013,0.659037,0.65884,0.598749
7.54537,20.3837,6.56821,23.9037,190.318,55.7934,1707.93,15331.8,4150.21,0.54403,0.534642,0.550255,0.659162,0.658965,0.598874
7.54589,20.398,6.56926,23.9575,190.339,55.7457,1708.62,15338.9,4152.14,0.544155,0.534767,0.55038,0.659287,0.65909,0.598999
7.54643,20.4123,6.57028,24.0201,190.362,55.6949,1709.31,15346,4154.07,0.54428,0.534892,0.550505,0.659412,0.659215,0.599124
7.547,20.4266,6.57134,24.0772,190.393,55.6634,1709.99,15353.1,4156,0.544405,0.535017,0.55063,0.659537,0.65934,0.599249
7.54752,20.4409,6.5724,24.1273,190.401,55.5921,1710.68,15360.2,4157.93,0.54453,0.535142,0.550755,0.659662,0.659465,0.599374
7.54808,20.4553,6.57343,24.1877,190.419,55.5323,1711.36,15367.4,4159.87,0.544655,0.535267,0.55088,0.659787,0.65959,0.599499
7.54863,20.4697,6.57446,24.249,190.436,55.4674,1712.04,15374.5,4161.8,0.54478,0.535392,0.551005,0.659912,0.659715,0.599624
7.54921,20.484,6.57551,24.3087,190.457,55.4127,1712.72,15381.6,4163.73,0.544905,0.535517,0.55113,0.660037,0.65984,0.599749
7.54976,20.4984,6.57654,24.3738,190.469,55.3353,1713.41,15388.7,4165.66,0.54503,0.535642,0.551255,0.660162,0.659965,0.599874
7.55036,20.5127,6.57762,24.4361,190.5,55.2999,1714.09,15395.9,4167.59,0.545155,0.535767,0.55138,0.660287,0.66009,0.599999
7.55096,20.5271,6.57868,24.5065,190.532,55.2576,1714.76,15403,4169.53,0.54528,0.535892,0.551505,0.660412,0.660215,0.600124
7.55157,20.5415,6.57977,24.5712,190.559,55.2119,1715.44,15410.1,4171.46,0.545405,0.536017,0.55163,0.660537,0.66034,0.600249
7.55217,20.5558,6.58085,24.637,190.584,55.1598,1716.12,15417.2,4173.4,0.54553,0.536142,0.551755,0.660662,0.660465,0.600374
7.55277,20.5702,6.58191,24.7103,190.605,55.0939,1716.79,15424.4,4175.33,0.545655,0.536267,0.55188,0.660787,0.66059,0.600499
7.5534,20.5846,6.583,24.7805,190.637,55.0521,1717.47,15431.5,4177.27,0.54578,0.536392,0.552005,0.660912,0.660715,0.600624
7.55404,20.599,6.58411,24.8424,190.669,55.0177,1718.14,15438.7,4179.2,0.545905,0.536517,0.55213,0.661037,0.66084,0.600749
7.55467,20.6134,6.5852,24.9121,190.695,54.9636,1718.81,15445.8,4181.14,0.54603,0.536642,0.552255,0.661162,0.660965,0.600874
7.55527,20.6278,6.58632,24.9794,190.713,54.8997,1719.48,15452.9,4183.07,0.546154,0.536767,0.55238,0.661287,0.66109,0.600999
7.55592,20.6422,6.58747,25.044,190.75,54.8733,1720.15,15460.1,4185.01,0.546279,0.536892,0.552505,0.661412,0.661215,0.601124
7.55658,20.6566,6.58857,25.1194,190.783,54.8292,1720.82,15467.2,4186.95,0.546404,0.537017,0.55263,0.661537,0.66134,0.601249
7.55722,20.671,6.58972,25.1879,190.812,54.784,1721.49,15474.4,4188.88,0.546529,0.537142,0.552755,0.661662,0.661465,0.601374
7.55789,20.6854,6.59087,25.2607,190.851,54.7559,1722.16,15481.5,4190.82,0.546654,0.537267,0.55288,0.661787,0.66159,0.601499
7.55853,20.6999,6.592,25.3284,190.871,54.6917,1722.83,15488.6,4192.76,0.546779,0.537392,0.553005,0.661912,0.661715,0.601624
7.55919,20.7142,6.5932,25.391,190.901,54.6548,1723.49,15495.8,4194.7,0.546904,0.537517,0.553129,0.662037,0.66184,0.601749
7.55985,20.7287,6.59435,25.4634,190.928,54.6016,1724.16,15502.9,4196.64,0.547029,0.537642,0.553254,0.662162,0.661965,0.601874
7.56056,20.7432,6.59547,25.5479,190.967,54.5616,1724.82,15510.1,4198.58,0.547154,0.537767,0.553379,0.662287,0.66209,0.601999
7.56124,20.7576,6.59665,25.6194,190.997,54.5152,1725.48,15517.2,4200.52,0.547279,0.537892,0.553504,0.662412,0.662215,0.602124
7.5619,20.7721,6.59782,25.6818,191.011,54.445,1726.14,15524.4,4202.46,0.547404,0.538017,0.553629,0.662537,0.66234,0.602249
7.56261,20.7866,6.59895,25.7695,191.052,54.4047,1726.8,15531.5,4204.4,0.547529,0.538142,0.553754,0.662662,0.662465,0.602374
7.5633,20.8011,6.60009,25.8475,191.074,54.3352,1727.46,15538.7,4206.34,0.547654,0.538267,0.553879,0.662787,0.66259,0.602499
7.56396,20.8156,6.60125,25.9217,191.089,54.2575,1728.12,15545.9,4208.28,0.547779,0.538392,0.554004,0.662912,0.662715,0.602624
7.56468,20.8301,6.60241,26.0096,191.13,54.2169,1728.78,15553,4210.22,0.547904,0.538517,0.554129,0.663037,0.66284,0.602749
7.5654,20.8446,6.60364,26.0835,191.169,54.1892,1729.43,15560.2,4212.16,0.548029,0.538642,0.554254,0.663162,0.662965,0.602874
7.56612,20.8591,6.60481,26.1692,191.202,54.1352,1730.09,15567.3,4214.1,0.548154,0.538767,0.554379,0.663287,0.66309,0.602999
7.56683,20.8736,6.60603,26.2507,191.238,54.0938,1730.74,15574.5,4216.05,0.548279,0.538892,0.554504,0.663412,0.663215,0.603124
7.56755,20.8882,6.6072,26.3361,191.264,54.0272,1731.4,15581.7,4217.99,0.548404,0.539017,0.554629,0.663537,0.66334,0.603249
7.56828,20.9027,6.60842,26.4187,191.3,53.9839,1732.05,15588.8,4219.93,0.548529,0.539142,0.554754,0.663662,0.663465,0.603374
7.56901,20.9172,6.60965,26.5002,191.332,53.9328,1732.7,15596,4221.88,0.548654,0.539267,0.554879,0.663787,0.66359,0.603499
7.56974,20.9317,6.61088,26.5811,191.361,53.8764,1733.35,15603.2,4223.82,0.548779,0.539392,0.555004,0.663912,0.663715,0.603624
7.57049,20.9464,6.61203,26.6775,191.387,53.8004,1734,15610.3,4225.77,0.548904,0.539517,0.555129,0.664037,0.66384,0.603749
7.57123,20.961,6.61325,26.7689,191.417,53.7377,1734.65,15617.5,4227.71,0.549029,0.539642,0.555254,0.664162,0.663965,0.603874
7.57197,20.9755,6.6145,26.8604,191.453,53.6878,1735.29,15624.7,4229.66,0.549154,0.539767,0.555379,0.664287,0.66409,0.603999
7.57273,20.9901,6.61572,26.9511,191.48,53.6179,1735.94,15631.9,4231.6,0.549279,0.539892,0.555504,0.664412,0.664215,0.604124
7.57351,21.0047,6.61694,27.0469,191.517,53.5638,1736.58,15639,4233.55,0.549404,0.540017,0.555629,0.664537,0.66434,0.604249
7.57429,21.0193,6.61822,27.1314,191.553,53.5207,1737.23,15646.2,4235.49,0.549529,0.540142,0.555754,0.664662,0.664465,0.604374
7.57508,21.0339,6.61947,27.2245,191.594,53.4769,1737.87,15653.4,4237.44,0.549654,0.540267,0.555879,0.664787,0.66459,0.604499
7.57587,21.0485,6.62072,27.321,191.63,53.4199,1738.51,15660.6,4239.39,0.549779,0.540392,0.556004,0.664912,0.664715,0.604624
7.57668,21.0631,6.62196,27.4215,191.669,53.3661,1739.15,15667.8,4241.33,0.549904,0.540517,0.556129,0.665037,0.66484,0.604749
7.57747,21.0777,6.62323,27.5086,191.699,53.3065,1739.79,15675,4243.28,0.550029,0.540642,0.556254,0.665162,0.664965,0.604874
7.57827,21.0924,6.62449,27.6098,191.732,53.2421,1740.43,15682.1,4245.23,0.550154,0.540767,0.556379,0.665287,0.66509,0.604999
7.57908,21.107,6.62578,27.7099,191.779,53.204,1741.06,15689.3,4247.18,0.550279,0.540892,0.556504,0.665412,0.665215,0.605124
7.57991,21.1216,6.62705,27.8193,191.83,53.1674,1741.7,15696.5,4249.13,0.550404,0.541017,0.556629,0.665537,0.66534,0.605249
7.58072,21.1362,6.62838,27.916,191.871,53.1246,1742.34,15703.7,4251.08,0.550529,0.541142,0.556754,0.665662,0.665465,0.605374
7.58155,21.1509,6.6297,28.0166,191.919,53.0887,1742.97,15710.9,4253.03,0.550654,0.541267,0.556879,0.665787,0.66559,0.605499
7.5824,21.1655,6.63097,28.1257,191.963,53.0386,1743.6,15718.1,4254.98,0.550779,0.541392,0.557004,0.665912,0.665715,0.605624
7.58323,21.1802,6.63228,28.2367,192.008,52.9882,1744.23,15725.3,4256.93,0.550904,0.541517,0.557129,0.666037,0.66584,0.605749
7.58409,21.1948,6.63362,28.3408,192.057,52.954,1744.86,15732.5,4258.88,0.551029,0.541642,0.557254,0.666162,0.665965,0.605874
7.58495,21.2095,6.63494,28.4479,192.101,52.9043,1745.49,15739.7,4260.83,0.551154,0.541767,0.557379,0.666287,0.66609,0.605999
7.5858,21.2242,6.63629,28.5437,192.14,52.8562,1746.12,15746.9,4262.78,0.551279,0.541892,0.557504,0.666412,0.666215,0.606124
7.58665,21.2389,6.63765,28.6388,192.175,52.8029,1746.75,15754.1,4264.73,0.551404,0.542017,0.557629,0.666537,0.66634,0.606249
7.58753,21.2536,6.63899,28.7415,192.214,52.7462,1747.38,15761.3,4266.68,0.551529,0.542142,0.557754,0.666662,0.666465,0.606374
7.58841,21.2683,6.64033,28.8378,192.248,52.6866,1748,15768.5,4268.64,0.551654,0.542267,0.557879,0.666787,0.66659,0.606499
7.58929,21.2829,6.64171,28.9399,192.296,52.6516,1748.63,15775.7,4270.59,0.551779,0.542392,0.558004,0.666912,0.666715,0.606624
7.59017,21.2976,6.64311,29.044,192.342,52.611,1749.25,15782.9,4272.54,0.551904,0.542517,0.558129,0.667037,0.66684,0.606749
7.59107,21.3123,6.64448,29.1467,192.384,52.5635,1749.87,15790.1,4274.5,0.552029,0.542642,0.558254,0.667162,0.666965,0.606874
7.59196,21.3271,6.64583,29.2573,192.425,52.5062,1750.49,15797.3,4276.45,0.552154,0.542767,0.558379,0.667287,0.66709,0.606999
7.59287,21.3418,6.64721,29.3669,192.471,52.4602,1751.11,15804.5,4278.4,0.552279,0.542892,0.558504,0.667412,0.667215,0.607124
7.59378,21.3565,6.64858,29.4874,192.523,52.4163,1751.73,15811.7,4280.36,0.552404,0.543016,0.558629,0.667536,0.66734,0.607249
7.59469,21.3713,6.64993,29.6169,192.573,52.3599,1752.35,15818.9,4282.31,0.552529,0.543141,0.558754,0.667661,0.667465,0.607374
7.59559,21.386,6.65137,29.716,192.61,52.3069,1752.97,15826.1,4284.27,0.552654,0.543266,0.558879,0.667786,0.66759,0.607499
7.59652,21.4008,6.65275,29.8254,192.647,52.2422,1753.59,15833.4,4286.22,0.552779,0.543391,0.559004,0.667911,0.667715,0.607624
7.59745,21.4155,6.65419,29.9293,192.692,52.1998,1754.2,15840.6,4288.18,0.552904,0.543516,0.559129,0.668036,0.66784,0.607749
7.59839,21.4303,6.65562,30.0395,192.738,52.154,1754.82,15847.8,4290.13,0.553029,0.543641,0.559254,0.668161,0.667965,0.607873
7.59933,21.4451,6.65705,30.159,192.791,52.1139,1755.43,15855,4292.09,0.553154,0.543766,0.559379,0.668286,0.66809,0.607998
7.60027,21.4598,6.65849,30.2724,192.836,52.0633,1756.04,15862.2,4294.05,0.553279,0.543891,0.559504,0.668411,0.668215,0.608123
7.60121,21.4747,6.65989,30.4037,192.88,51.9957,1756.65,15869.5,4296,0.553404,0.544016,0.559629,0.668536,0.66834,0.608248
7.60216,21.4894,6.66138,30.5185,192.935,51.9634,1757.26,15876.7,4297.96,0.553529,0.544141,0.559754,0.668661,0.668465,0.608373
7.60313,21.5042,6.66284,30.6349,192.982,51.9154,1757.87,15883.9,4299.92,0.553654,0.544266,0.559879,0.668786,0.66859,0.608498
7.60411,21.5191,6.66426,30.7582,193.028,51.8566,1758.48,15891.1,4301.88,0.553779,0.544391,0.560004,0.668911,0.668715,0.608623
7.60511,21.5338,6.66574,30.8677,193.076,51.815,1759.09,15898.4,4303.84,0.553904,0.544516,0.560129,0.669036,0.66884,0.608748
7.60609,21.5487,6.66719,30.9977,193.128,51.764,1759.7,15905.6,4305.79,0.554029,0.544641,0.560254,0.669161,0.668965,0.608873
7.60708,21.5635,6.66864,31.1404,193.19,51.7215,1760.3,15912.8,4307.75,0.554154,0.544766,0.560379,0.669286,0.66909,0.608998
7.60808,21.5784,6.67011,31.2675,193.243,51.6759,1760.91,15920.1,4309.71,0.554279,0.544891,0.560504,0.669411,0.669215,0.609123
7.60906,21.5932,6.67158,31.3898,193.282,51.605,1761.51,15927.3,4311.67,0.554404,0.545016,0.560629,0.669536,0.66934,0.609248
7.61008,21.608,6.6731,31.5025,193.327,51.5561,1762.11,15934.5,4313.63,0.554529,0.545141,0.560754,0.669661,0.669465,0.609373
7.61109,21.6229,6.67459,31.6345,193.383,51.5112,1762.71,15941.8,4315.59,0.554654,0.545266,0.560879,0.669786,0.66959,0.609498
7.61213,21.6377,6.67608,31.7641,193.44,51.4705,1763.31,15949,4317.55,0.554779,0.545391,0.561004,0.669911,0.669715,0.609623
7.61316,21.6526,6.6776,31.892,193.494,51.4254,1763.91,15956.2,4319.51,0.554904,0.545516,0.561129,0.670036,0.66984,0.609748
7.6142,21.6675,6.67911,32.0222,193.547,51.3761,1764.51,15963.5,4321.48,0.555029,0.545641,0.561254,0.670161,0.669964,0.609873
7.61524,21.6823,6.68062,32.1469,193.597,51.3266,1765.11,15970.7,4323.44,0.555154,0.545766,0.561379,0.670286,0.670089,0.609998
7.61628,21.6973,6.6821,32.296,193.655,51.2711,1765.7,15978,4325.4,0.555279,0.545891,0.561504,0.670411,0.670214,0.610123
7.61733,21.7121,6.68365,32.4244,193.712,51.2331,1766.3,15985.2,4327.36,0.555404,0.546016,0.561629,0.670536,0.670339,0.610248
7.61838,21.727,6.6852,32.5582,193.768,51.1878,1766.89,15992.5,4329.32,0.555529,0.546141,0.561754,0.670661,0.670464,0.610373
7.61947,21.7419,6.68673,32.6984,193.832,51.1511,1767.48,15999.7,4331.29,0.555654,0.546266,0.561879,0.670786,0.670589,0.610498
7.62052,21.7569,6.68824,32.8316,193.876,51.0817,1768.08,16007,4333.25,0.555779,0.546391,0.562004,0.670911,0.670714,0.610623
7.6216,21.7718,6.68978,32.973,193.934,51.0341,1768.67,16014.2,4335.21,0.555904,0.546516,0.562129,0.671036,0.670839,0.610748
7.62268,21.7867,6.69134,33.1149,193.998,50.9963,1769.26,16021.5,4337.18,0.556029,0.546641,0.562254,0.671161,0.670964,0.610873
7.62377,21.8017,6.69286,33.258,194.052,50.9384,1769.85,16028.7,4339.14,0.556154,0.546766,0.562379,0.671286,0.671089,0.610998
7.62486,21.8166,6.69439,33.4098,194.112,50.8864,1770.44,16036,4341.11,0.556279,0.546891,0.562504,0.671411,0.671214,0.611123
7.62595,21.8316,6.69591,33.5608,194.167,50.8233,1771.02,16043.2,4343.07,0.556404,0.547016,0.562629,0.671536,0.671339,0.611248
7.62705,21.8466,6.69749,33.6974,194.223,50.7767,1771.61,16050.5,4345.04,0.556529,0.547141,0.562754,0.671661,0.671464,0.611373
7.62816,21.8616,6.69904,33.8513,194.286,50.7267,1772.19,16057.8,4347,0.556654,0.547266,0.562879,0.671786,0.671589,0.611498
7.62927,21.8766,6.70057,33.9986,194.338,50.6619,1772.78,16065,4348.97,0.556779,0.547391,0.563004,0.671911,0.671714,0.611623
7.63038,21.8916,6.70211,34.1606,194.4,50.6037,1773.36,16072.3,4350.93,0.556904,0.547516,0.563129,0.672036,0.671839,0.611748
7.63151,21.9066,6.70371,34.3054,194.461,50.5597,1773.94,16079.6,4352.9,0.557029,0.547641,0.563254,0.672161,0.671964,0.611873
7.63263,21.9216,6.70528,34.465,194.526,50.5094,1774.52,16086.8,4354.86,0.557154,0.547766,0.563379,0.672286,0.672089,0.611998
7.63373,21.9366,6.7069,34.6089,194.578,50.4494,1775.1,16094.1,4356.83,0.557279,0.547891,0.563504,0.672411,0.672214,0.612123
7.63487,21.9516,6.7085,34.7647,194.64,50.398,1775.68,16101.4,4358.8,0.557404,0.548016,0.563629,0.672536,0.672339,0.612248
7.63599,21.9666,6.71014,34.9079,194.695,50.3449,1776.26,16108.6,4360.76,0.557529,0.548141,0.563754,0.672661,0.672464,0.612373
7.63715,21.9817,6.71174,35.0498,194.745,50.2801,1776.83,16115.9,4362.73,0.557654,0.548266,0.563879,0.672786,0.672589,0.612498
7.6383,21.9967,6.71336,35.2002,194.802,50.2237,1777.41,16123.2,4364.7,0.557779,0.548391,0.564004,0.672911,0.672714,0.612623
7.63947,22.0118,6.71493,35.3788,194.874,50.172,1777.98,16130.5,4366.67,0.557904,0.548516,0.564129,0.673036,0.672839,0.612748
7.64064,22.0268,6.71656,35.5329,194.936,50.1222,1778.56,16137.7,4368.63,0.558029,0.548641,0.564254,0.673161,0.672964,0.612873
7.64179,22.0418,6.71823,35.6667,194.982,50.0571,1779.13,16145,4370.6,0.558154,0.548766,0.564379,0.673286,0.673089,0.612998
7.64296,22.0569,6.71989,35.8237,195.043,50.0053,1779.7,16152.3,4372.57,0.558279,0.548891,0.564504,0.673411,0.673214,0.613123
7.64414,22.072,6.7215,35.9988,195.112,49.9504,1780.27,16159.6,4374.54,0.558404,0.549016,0.564629,0.673536,0.673339,0.613248
7.64533,22.0871,6.72313,36.1654,195.177,49.8957,1780.84,16166.8,4376.51,0.558529,0.549141,0.564754,0.673661,0.673464,0.613373
7.64653,22.1022,6.7248,36.3289,195.245,49.8521,1781.41,16174.1,4378.48,0.558654,0.549266,0.564879,0.673786,0.673589,0.613498
7.64774,22.1173,6.72645,36.5015,195.317,49.8055,1781.98,16181.4,4380.45,0.558779,0.549391,0.565004,0.673911,0.673714,0.613623
7.64895,22.1323,6.72813,36.6636,195.385,49.762,1782.54,16188.7,4382.42,0.558904,0.549516,0.565129,0.674036,0.673839,0.613748
7.65018,22.1474,6.72981,36.8334,195.46,49.7259,1783.11,16196,4384.39,0.559029,0.549641,0.565254,0.674161,0.673964,0.613873
7.65141,22.1625,6.73148,37.0013,195.529,49.6777,1783.67,16203.3,4386.36,0.559154,0.549766,0.565379,0.674286,0.674089,0.613998
7.65263,22.1776,6.73319,37.1567,195.592,49.6305,1784.24,16210.6,4388.33,0.559279,0.549891,0.565504,0.674411,0.674214,0.614123
7.65384,22.1927,6.73493,37.3115,195.656,49.5845,1784.8,16217.9,4390.3,0.559404,0.550016,0.565629,0.674536,0.674339,0.614248
7.65507,22.2078,6.73661,37.4902,195.727,49.534,1785.36,16225.2,4392.27,0.559529,0.550141,0.565754,0.674661,0.674464,0.614373
7.65631,22.2229,6.73831,37.6594,195.795,49.4846,1785.92,16232.5,4394.24,0.559654,0.550266,0.565879,0.674786,0.674589,0.614498
7.65755,22.238,6.74005,37.8377,195.873,49.4468,1786.48,16239.8,4396.21,0.559779,0.550391,0.566004,0.674911,0.674714,0.614623
7.6588,22.2532,6.74175,38.0111,195.939,49.3912,1787.04,16247.1,4398.19,0.559904,0.550516,0.566129,0.675036,0.674839,0.614748
7.66006,22.2683,6.74354,38.1804,196.019,49.3657,1787.6,16254.4,4400.16,0.560028,0.550641,0.566254,0.675161,0.674964,0.614873
7.66129,22.2835,6.74528,38.3434,196.076,49.3002,1788.16,16261.7,4402.13,0.560153,0.550766,0.566379,0.675286,0.675089,0.614998
7.66255,22.2987,6.74696,38.5276,196.141,49.2327,1788.71,16269,4404.1,0.560278,0.550891,0.566504,0.675411,0.675214,0.615123
7.66384,22.3139,6.74864,38.7304,196.222,49.18,1789.27,16276.3,4406.08,0.560403,0.551016,0.566629,0.675536,0.675339,0.615248
7.66514,22.3291,6.75036,38.933,196.311,49.1438,1789.82,16283.6,4408.05,0.560528,0.551141,0.566754,0.675661,0.675464,0.615373
7.66643,22.3442,6.75216,39.0959,196.379,49.1021,1790.37,16290.9,4410.02,0.560653,0.551266,0.566878,0.675786,0.675589,0.615498
7.66771,22.3595,6.75384,39.303,196.456,49.0375,1790.93,16298.2,4412,0.560778,0.551391,0.567003,0.675911,0.675714,0.615623
7.669,22.3747,6.75562,39.4874,196.532,48.9922,1791.48,16305.5,4413.97,0.560903,0.551516,0.567128,0.676036,0.675839,0.615748
7.67032,22.3899,6.75732,39.6881,196.608,48.9336,1792.03,16312.8,4415.95,0.561028,0.551641,0.567253,0.676161,0.675964,0.615873
7.67161,22.4052,6.75906,39.8634,196.666,48.8594,1792.57,16320.1,4417.92,0.561153,0.551766,0.567378,0.676286,0.676089,0.615998
7.67291,22.4205,6.76082,40.0538,196.737,48.7976,1793.12,16327.4,4419.89,0.561278,0.551891,0.567503,0.676411,0.676214,0.616123
7.67424,22.4357,6.76259,40.2436,196.812,48.7474,1793.67,16334.8,4421.87,0.561403,0.552016,0.567628,0.676536,0.676339,0.616248
7.67554,22.4509,6.76438,40.4266,196.879,48.6856,1794.21,16342.1,4423.84,0.561528,0.552141,0.567753,0.676661,0.676464,0.616373
7.67685,22.4662,6.76619,40.5995,196.941,48.6214,1794.76,16349.4,4425.82,0.561653,0.552266,0.567878,0.676786,0.676589,0.616498
7.67819,22.4814,6.76798,40.7768,197.006,48.5605,1795.3,16356.7,4427.79,0.561778,0.552391,0.568003,0.676911,0.676714,0.616623
7.67952,22.4967,6.76979,40.9748,197.085,48.512,1795.85,16364,4429.77,0.561903,0.552516,0.568128,0.677036,0.676839,0.616748
7.68088,22.5119,6.77165,41.1518,197.159,48.4689,1796.39,16371.4,4431.74,0.562028,0.552641,0.568253,0.677161,0.676964,0.616873
7.68222,22.5272,6.77349,41.336,197.229,48.4143,1796.93,16378.7,4433.72,0.562153,0.552766,0.568378,0.677286,0.677089,0.616998
7.68358,22.5425,6.77529,41.5364,197.307,48.3595,1797.47,16386,4435.7,0.562278,0.552891,0.568503,0.677411,0.677214,0.617123
7.68494,22.5578,6.77713,41.7274,197.381,48.3063,1798.01,16393.3,4437.67,0.562403,0.553016,0.568628,0.677536,0.677339,0.617248
7.6863,22.5731,6.77898,41.9142,197.45,48.2459,1798.55,16400.7,4439.65,0.562528,0.553141,0.568753,0.677661,0.677464,0.617373
7.68771,22.5884,6.78078,42.1295,197.539,48.2016,1799.09,16408,4441.63,0.562653,0.553266,0.568878,0.677786,0.677589,0.617498
7.68909,22.6037,6.78264,42.3147,197.613,48.1516,1799.62,16415.3,4443.6,0.562778,0.553391,0.569003,0.677911,0.677714,0.617623
7.69047,22.6189,6.78457,42.4786,197.675,48.0993,1800.16,16422.7,4445.58,0.562903,0.553516,0.569128,0.678036,0.677839,0.617748
7.69186,22.6342,6.78647,42.6777,197.762,48.0642,1800.69,16430,4447.56,0.563028,0.553641,0.569253,0.678161,0.677964,0.617873
7.69328,22.6495,6.78836,42.8637,197.837,48.018,1801.23,16437.4,4449.53,0.563153,0.553766,0.569378,0.678286,0.678089,0.617998
7.69469,22.6647,6.79031,43.0363,197.908,47.9752,1801.76,16444.7,4451.51,0.563278,0.553891,0.569503,0.678411,0.678214,0.618123
7.69608,22.6801,6.7922,43.2417,197.989,47.9229,1802.29,16452,4453.49,0.563403,0.554016,0.569628,0.678536,0.678339,0.618248
7.6975,22.6953,6.79413,43.4194,198.057,47.8696,1802.83,16459.4,4455.47,0.563528,0.554141,0.569753,0.678661,0.678464,0.618373
7.69893,22.7107,6.79597,43.6385,198.142,47.8153,1803.36,16466.7,4457.45,0.563653,0.554266,0.569878,0.678786,0.678589,0.618498
7.70037,22.726,6.79792,43.8092,198.206,47.76,1803.89,16474.1,4459.43,0.563778,0.554391,0.570003,0.678911,0.678714,0.618623
7.70181,22.7414,6.79976,44.0308,198.292,47.7052,1804.42,16481.4,4461.4,0.563903,0.554516,0.570128,0.679036,0.678839,0.618748
7.70326,22.7568,6.80164,44.2488,198.38,47.6573,1804.94,16488.8,4463.38,0.564028,0.554641,0.570253,0.679161,0.678964,0.618873
7.7047,22.7722,6.80347,44.482,198.469,47.5996,1805.47,16496.1,4465.36,0.564153,0.554766,0.570378,0.679286,0.679089,0.618998
7.70614,22.7876,6.80537,44.6957,198.551,47.5431,1806,16503.5,4467.34,0.564278,0.554891,0.570503,0.679411,0.679214,0.619123
7.7076,22.8031,6.80725,44.919,198.637,47.4882,1806.52,16510.8,4469.32,0.564403,0.555016,0.570628,0.679536,0.679339,0.619248
7.70905,22.8185,6.80914,45.151,198.73,47.4399,1807.05,16518.2,4471.3,0.564528,0.555141,0.570753,0.679661,0.679464,0.619373
7.71052,22.834,6.81097,45.3973,198.822,47.3769,1807.57,16525.5,4473.28,0.564653,0.555266,0.570878,0.679786,0.679589,0.619498
7.71197,22.8494,6.81292,45.6269,198.915,47.3314,1808.09,16532.9,4475.26,0.564778,0.555391,0.571003,0.679911,0.679714,0.619623
7.71343,22.8648,6.81488,45.8322,198.993,47.2748,1808.62,16540.3,4477.24,0.564903,0.555516,0.571128,0.680036,0.679839,0.619748
7.71492,22.8802,6.81684,46.0287,199.063,47.2119,1809.14,16547.6,4479.22,0.565028,0.555641,0.571253,0.680161,0.679964,0.619873
7.7164,22.8958,6.81872,46.2739,199.152,47.1436,1809.66,16555,4481.2,0.565153,0.555766,0.571378,0.680286,0.680089,0.619998
7.71789,22.9112,6.82066,46.4897,199.232,47.0842,1810.17,16562.3,4483.18,0.565278,0.555891,0.571503,0.680411,0.680214,0.620123
7.71939,22.9267,6.82261,46.7024,199.305,47.013,1810.69,16569.7,4485.16,0.565403,0.556016,0.571628,0.680536,0.680339,0.620248
7.72091,22.9421,6.82457,46.9341,199.401,46.9703,1811.21,16577.1,4487.14,0.565528,0.556141,0.571753,0.680661,0.680464,0.620373
7.72242,22.9576,6.82654,47.1546,199.483,46.9114,1811.73,16584.5,4489.12,0.565653,0.556266,0.571878,0.680786,0.680589,0.620498
7.72393,22.9731,6.82848,47.3897,199.568,46.8461,1812.24,16591.8,4491.1,0.565778,0.556391,0.572003,0.680911,0.680714,0.620623
7.72544,22.9886,6.83052,47.6089,199.657,46.801,1812.76,16599.2,4493.08,0.565903,0.556516,0.572128,0.681036,0.680839,0.620748
7.72698,23.004,6.83252,47.8298,199.742,46.7488,1813.27,16606.6,4495.07,0.566028,0.556641,0.572253,0.681161,0.680964,0.620873
7.72855,23.0195,6.83453,48.042,199.827,46.7019,1813.78,16613.9,4497.05,0.566153,0.556765,0.572378,0.681286,0.681089,0.620998
7.73009,23.035,6.8365,48.2928,199.93,46.6599,1814.3,16621.3,4499.03,0.566278,0.55689,0.572503,0.68141,0.681214,0.621123
7.73163,23.0505,6.83851,48.5255,200.019,46.6051,1814.81,16628.7,4501.01,0.566403,0.557015,0.572628,0.681535,0.681339,0.621248
7.7332,23.066,6.8405,48.7701,200.121,46.5652,1815.32,16636.1,4502.99,0.566528,0.55714,0.572753,0.68166,0.681464,0.621373
7.73476,23.0815,6.84253,49.0082,200.219,46.525,1815.83,16643.5,4504.97,0.566653,0.557265,0.572878,0.681785,0.681589,0.621498
7.73633,23.097,6.84457,49.241,200.315,46.4843,1816.34,16650.9,4506.96,0.566778,0.55739,0.573003,0.68191,0.681714,0.621623
7.7379,23.1126,6.84659,49.4774,200.408,46.4342,1816.84,16658.2,4508.94,0.566903,0.557515,0.573128,0.682035,0.681839,0.621747
7.73947,23.128,6.84869,49.6881,200.492,46.3878,1817.35,16665.6,4510.92,0.567028,0.55764,0.573253,0.68216,0.681964,0.621872
7.74103,23.1435,6.85076,49.9236,200.585,46.3393,1817.86,16673,4512.9,0.567153,0.557765,0.573378,0.682285,0.682089,0.621997
7.7426,23.1591,6.85281,50.1889,200.694,46.2991,1818.36,16680.4,4514.89,0.567278,0.55789,0.573503,0.68241,0.682214,0.622122
7.74418,23.1747,6.85485,50.4201,200.777,46.2332,1818.87,16687.8,4516.87,0.567403,0.558015,0.573628,0.682535,0.682339,0.622247
7.74579,23.1903,6.85686,50.6636,200.865,46.1689,1819.37,16695.2,4518.85,0.567528,0.55814,0.573753,0.68266,0.682464,0.622372
7.74741,23.2059,6.85891,50.9017,200.954,46.1112,1819.87,16702.6,4520.83,0.567653,0.558265,0.573878,0.682785,0.682589,0.622497
7.749,23.2214,6.86102,51.1483,201.057,46.0743,1820.38,16710,4522.82,0.567778,0.55839,0.574003,0.68291,0.682714,0.622622
7.75059,23.237,6.86312,51.4027,201.159,46.0293,1820.88,16717.4,4524.8,0.567903,0.558515,0.574128,0.683035,0.682839,0.622747
7.7522,23.2526,6.86524,51.6382,201.249,45.9757,1821.38,16724.8,4526.79,0.568028,0.55864,0.574253,0.68316,0.682964,0.622872
7.75381,23.2682,6.86729,51.9169,201.359,45.926,1821.88,16732.2,4528.77,0.568153,0.558765,0.574378,0.683285,0.683089,0.622997
7.75545,23.2839,6.86935,52.1842,201.462,45.8713,1822.38,16739.6,4530.75,0.568278,0.55889,0.574503,0.68341,0.683214,0.623122
7.75709,23.2995,6.87147,52.4183,201.549,45.8136,1822.87,16747,4532.74,0.568403,0.559015,0.574628,0.683535,0.683339,0.623247
7.75873,23.3151,6.87361,52.6654,201.648,45.7695,1823.37,16754.4,4534.72,0.568528,0.55914,0.574753,0.68366,0.683464,0.623372
7.76038,23.3307,6.87574,52.9181,201.746,45.7189,1823.87,16761.8,4536.71,0.568653,0.559265,0.574878,0.683785,0.683589,0.623497
7.76205,23.3464,6.87781,53.1892,201.849,45.6608,1824.36,16769.2,4538.69,0.568778,0.55939,0.575003,0.68391,0.683713,0.623622
7.76368,23.362,6.87999,53.4333,201.943,45.6097,1824.86,16776.6,4540.67,0.568903,0.559515,0.575128,0.684035,0.683838,0.623747
7.76535,23.3776,6.88216,53.6868,202.044,45.5649,1825.35,16784,4542.66,0.569028,0.55964,0.575253,0.68416,0.683963,0.623872
7.76702,23.3932,6.88434,53.9425,202.146,45.5195,1825.85,16791.4,4544.64,0.569153,0.559765,0.575378,0.684285,0.684088,0.623997
7.76871,23.409,6.88641,54.2425,202.265,45.4728,1826.34,16798.9,4546.63,0.569278,0.55989,0.575503,0.68441,0.684213,0.624122
7.77039,23.4246,6.8886,54.5131,202.377,45.436,1826.83,16806.3,4548.61,0.569403,0.560015,0.575628,0.684535,0.684338,0.624247
7.77209,23.4403,6.89077,54.7728,202.478,45.3863,1827.32,16813.7,4550.6,0.569528,0.56014,0.575753,0.68466,0.684463,0.624372
7.7738,23.456,6.89291,55.0349,202.574,45.3239,1827.81,16821.1,4552.58,0.569653,0.560265,0.575878,0.684785,0.684588,0.624497
7.77549,23.4717,6.89508,55.31,202.68,45.2715,1828.3,16828.5,4554.57,0.569778,0.56039,0.576003,0.68491,0.684713,0.624622
7.77719,23.4874,6.89726,55.605,202.803,45.2376,1828.79,16836,4556.55,0.569903,0.560515,0.576128,0.685035,0.684838,0.624747
7.77893,23.5032,6.89937,55.9025,202.92,45.1876,1829.28,16843.4,4558.54,0.570028,0.56064,0.576253,0.68516,0.684963,0.624872
7.78067,23.5189,6.90158,56.1564,203.017,45.1361,1829.77,16850.8,4560.52,0.570153,0.560765,0.576378,0.685285,0.685088,0.624997
7.78241,23.5346,6.90375,56.4425,203.13,45.0893,1830.25,16858.2,4562.51,0.570278,0.56089,0.576503,0.68541,0.685213,0.625122
7.78419,23.5503,6.9059,56.719,203.239,45.0424,1830.74,16865.7,4564.5,0.570403,0.561015,0.576628,0.685535,0.685338,0.625247
7.78594,23.5661,6.90804,57.017,203.354,44.9899,1831.22,16873.1,4566.48,0.570528,0.56114,0.576753,0.68566,0.685463,0.625372
7.7877,23.5819,6.9102,57.306,203.464,44.9367,1831.71,16880.5,4568.47,0.570653,0.561265,0.576878,0.685785,0.685588,0.625497
7.78946,23.5977,6.91236,57.582,203.564,44.873,1832.19,16888,4570.45,0.570778,0.56139,0.577003,0.68591,0.685713,0.625622
7.79122,23.6134,6.91461,57.8544,203.673,44.8291,1832.67,16895.4,4572.44,0.570903,0.561515,0.577128,0.686035,0.685838,0.625747
7.79298,23.6292,6.91677,58.1739,203.799,44.7828,1833.15,16902.8,4574.43,0.571028,0.56164,0.577253,0.68616,0.685963,0.625872
7.79473,23.645,6.919,58.4699,203.916,44.7369,1833.63,16910.3,4576.41,0.571153,0.561765,0.577378,0.686285,0.686088,0.625997
7.7965,23.6608,6.92124,58.7532,204.026,44.6871,1834.11,16917.7,4578.4,0.571278,0.56189,0.577503,0.68641,0.686213,0.626122
7.79828,23.6765,6.92352,59.0136,204.124,44.6344,1834.59,16925.2,4580.38,0.571403,0.562015,0.577628,0.686535,0.686338,0.626247
7.80006,23.6922,6.92582,59.2922,204.238,44.5971,1835.07,16932.6,4582.37,0.571528,0.56214,0.577753,0.68666,0.686463,0.626372
7.80184,23.708,6.92811,59.567,204.343,44.5446,1835.55,16940.1,4584.36,0.571653,0.562265,0.577878,0.686785,0.686588,0.626497
7.80364,23.7238,6.93035,59.882,204.47,44.5048,1836.03,16947.5,4586.34,0.571778,0.56239,0.578003,0.68691,0.686713,0.626622
7.80545,23.7396,6.93271,60.1464,204.579,44.4702,1836.5,16955,4588.33,0.571903,0.562515,0.578128,0.687035,0.686838,0.626747
7.80726,23.7554,6.93491,60.4556,204.693,44.4095,1836.98,16962.4,4590.32,0.572028,0.56264,0.578253,0.68716,0.686963,0.626872
7.80905,23.7713,6.93723,60.7477,204.808,44.3628,1837.46,16969.9,4592.3,0.572153,0.562765,0.578378,0.687285,0.687088,0.626997
7.81087,23.7871,6.93954,61.0313,204.916,44.3104,1837.93,16977.3,4594.29,0.572278,0.56289,0.578503,0.68741,0.687213,0.627122
7.8127,23.803,6.94175,61.3493,205.033,44.2497,1838.4,16984.8,4596.28,0.572403,0.563015,0.578628,0.687535,0.687338,0.627247
7.81453,23.8188,6.94413,61.6234,205.14,44.2036,1838.88,16992.2,4598.27,0.572528,0.56314,0.578753,0.68766,0.687463,0.627372
7.81639,23.8346,6.94647,61.9117,205.256,44.1645,1839.35,16999.7,4600.25,0.572653,0.563265,0.578878,0.687785,0.687588,0.627497
7.81824,23.8504,6.94878,62.2105,205.371,44.1137,1839.82,17007.2,4602.24,0.572778,0.56339,0.579003,0.68791,0.687713,0.627622
7.8201,23.8664,6.95103,62.5414,205.499,44.0647,1840.29,17014.6,4604.23,0.572903,0.563515,0.579128,0.688035,0.687838,0.627747
7.82195,23.8822,6.95338,62.8382,205.613,44.0146,1840.76,17022.1,4606.21,0.573028,0.56364,0.579253,0.68816,0.687963,0.627872
7.82382,23.8982,6.95566,63.1592,205.735,43.9605,1841.23,17029.5,4608.2,0.573153,0.563765,0.579378,0.688285,0.688088,0.627997
7.82572,23.914,6.95801,63.4492,205.848,43.9147,1841.7,17037,4610.19,0.573278,0.56389,0.579503,0.68841,0.688213,0.628122
7.82762,23.9299,6.96034,63.7492,205.962,43.8622,1842.17,17044.5,4612.18,0.573403,0.564015,0.579628,0.688535,0.688338,0.628247
7.82948,23.9458,6.96275,64.0678,206.093,43.8301,1842.64,17052,4614.16,0.573528,0.56414,0.579753,0.68866,0.688463,0.628372
7.83138,23.9617,6.96511,64.3703,206.211,43.7846,1843.11,17059.4,4616.15,0.573653,0.564265,0.579878,0.688785,0.688588,0.628497
7.83326,23.9776,6.9675,64.6805,206.332,43.738,1843.58,17066.9,4618.14,0.573777,0.56439,0.580003,0.68891,0.688713,0.628622
7.83518,23.9936,6.96976,65.0366,206.469,43.6881,1844.04,17074.4,4620.13,0.573902,0.564515,0.580128,0.689035,0.688838,0.628747
7.83707,24.0095,6.97214,65.3637,206.597,43.6439,1844.51,17081.9,4622.11,0.574027,0.56464,0.580253,0.68916,0.688963,0.628872
7.83898,24.0255,6.97446,65.6955,206.72,43.5837,1844.97,17089.3,4624.1,0.574152,0.564765,0.580378,0.689285,0.689088,0.628997
7.8409,24.0415,6.97684,66.0269,206.849,43.5396,1845.44,17096.8,4626.09,0.574277,0.56489,0.580503,0.68941,0.689213,0.629122
7.84283,24.0574,6.97931,66.316,206.961,43.4938,1845.9,17104.3,4628.08,0.574402,0.565015,0.580628,0.689535,0.689338,0.629247
7.84475,24.0734,6.98167,66.6686,207.099,43.4472,1846.36,17111.8,4630.07,0.574527,0.56514,0.580752,0.68966,0.689463,0.629372
7.84669,24.0894,6.98407,67.0023,207.23,43.4056,1846.82,17119.3,4632.05,0.574652,0.565265,0.580877,0.689785,0.689588,0.629497
7.84861,24.1054,6.98649,67.3414,207.361,43.3572,1847.29,17126.8,4634.04,0.574777,0.56539,0.581002,0.68991,0.689713,0.629622
7.85058,24.1214,6.9889,67.6772,207.492,43.3129,1847.75,17134.2,4636.03,0.574902,0.565515,0.581127,0.690035,0.689838,0.629747
7.85255,24.1373,6.99131,68.0205,207.629,43.2736,1848.21,17141.7,4638.02,0.575027,0.56564,0.581252,0.69016,0.689963,0.629872
7.85453,24.1534,6.99368,68.3739,207.766,43.2283,1848.67,17149.2,4640,0.575152,0.565765,0.581377,0.690285,0.690088,0.629997
7.85652,24.1694,6.99609,68.7002,207.888,43.1729,1849.13,17156.7,4641.99,0.575277,0.56589,0.581502,0.69041,0.690213,0.630122
7.8585,24.1855,6.9985,69.0475,208.021,43.1238,1849.58,17164.2,4643.98,0.575402,0.566015,0.581627,0.690535,0.690338,0.630247
7.86051,24.2015,7.00092,69.3661,208.139,43.0695,1850.04,17171.7,4645.97,0.575527,0.56614,0.581752,0.69066,0.690463,0.630372
7.86252,24.2175,7.00332,69.7168,208.273,43.019,1850.5,17179.2,4647.96,0.575652,0.566265,0.581877,0.690785,0.690588,0.630497
7.86451,24.2335,7.00582,70.0582,208.411,42.986,1850.96,17186.7,4649.94,0.575777,0.56639,0.582002,0.69091,0.690713,0.630622
7.86652,24.2495,7.00834,70.3687,208.533,42.9448,1851.41,17194.2,4651.93,0.575902,0.566515,0.582127,0.691035,0.690838,0.630747
7.86854,24.2655,7.0108,70.71,208.665,42.8997,1851.87,17201.7,4653.92,0.576027,0.56664,0.582252,0.69116,0.690963,0.630872
7.87055,24.2816,7.01332,71.0279,208.786,42.8511,1852.32,17209.2,4655.91,0.576152,0.566765,0.582377,0.691285,0.691088,0.630997
7.87256,24.2977,7.01576,71.3914,208.924,42.7995,1852.78,17216.7,4657.9,0.576277,0.56689,0.582502,0.69141,0.691213,0.631122
7.87457,24.3138,7.01825,71.7637,209.07,42.7573,1853.23,17224.2,4659.88,0.576402,0.567015,0.582627,0.691535,0.691338,0.631247
7.8766,24.3298,7.02079,72.1159,209.213,42.7275,1853.69,17231.8,4661.87,0.576527,0.56714,0.582752,0.69166,0.691463,0.631372
7.87865,24.3459,7.02326,72.4668,209.346,42.6774,1854.14,17239.3,4663.86,0.576652,0.567265,0.582877,0.691785,0.691588,0.631497
7.8807,24.362,7.02577,72.8262,209.487,42.6371,1854.59,17246.8,4665.85,0.576777,0.56739,0.583002,0.69191,0.691713,0.631622
7.88278,24.3782,7.0282,73.192,209.625,42.5846,1855.04,17254.3,4667.83,0.576902,0.567515,0.583127,0.692035,0.691838,0.631747
7.88486,24.3943,7.03067,73.5574,209.764,42.5357,1855.5,17261.8,4669.82,0.577027,0.56764,0.583252,0.69216,0.691963,0.631872
7.88696,24.4105,7.0331,73.9191,209.895,42.4757,1855.95,17269.3,4671.81,0.577152,0.567765,0.583377,0.692285,0.692088,0.631997
7.88904,24.4266,7.03556,74.2963,210.036,42.4205,1856.4,17276.9,4673.8,0.577277,0.56789,0.583502,0.69241,0.692213,0.632122
7.89112,24.4428,7.03807,74.674,210.184,42.3818,1856.85,17284.4,4675.79,0.577402,0.568015,0.583627,0.692535,0.692338,0.632247
7.89319,24.459,7.04051,75.1061,210.352,42.3383,1857.3,17291.9,4677.77,0.577527,0.56814,0.583752,0.69266,0.692463,0.632372
7.89527,24.4751,7.04309,75.451,210.486,42.2973,1857.74,17299.4,4679.76,0.577652,0.568265,0.583877,0.692785,0.692588,0.632497
7.89736,24.4912,7.04578,75.7702,210.619,42.2733,1858.19,17307,4681.75,0.577777,0.56839,0.584002,0.69291,0.692713,0.632622
7.89947,24.5072,7.04841,76.1084,210.753,42.238,1858.64,17314.5,4683.74,0.577902,0.568515,0.584127,0.693035,0.692838,0.632747
7.90159,24.5234,7.05094,76.4977,210.906,42.1986,1859.09,17322,4685.72,0.578027,0.56864,0.584252,0.69316,0.692963,0.632872
7.90373,24.5396,7.05347,76.8719,211.051,42.1567,1859.53,17329.6,4687.71,0.578152,0.568765,0.584377,0.693285,0.693088,0.632997
7.90585,24.5557,7.05608,77.2323,211.193,42.1214,1859.98,17337.1,4689.7,0.578277,0.56889,0.584502,0.69341,0.693213,0.633122
7.90801,24.5719,7.05861,77.6045,211.336,42.0771,1860.43,17344.6,4691.69,0.578402,0.569015,0.584627,0.693535,0.693338,0.633247
7.91018,24.5881,7.06116,77.9591,211.468,42.026,1860.87,17352.2,4693.68,0.578527,0.56914,0.584752,0.69366,0.693463,0.633372
7.91232,24.6043,7.06378,78.3133,211.605,41.9836,1861.32,17359.7,4695.66,0.578652,0.569265,0.584877,0.693785,0.693588,0.633497
7.91443,24.6206,7.06631,78.7429,211.771,41.9408,1861.76,17367.3,4697.65,0.578777,0.56939,0.585002,0.69391,0.693713,0.633622
7.91657,24.6368,7.06887,79.1454,211.927,41.9002,1862.21,17374.8,4699.64,0.578902,0.569515,0.585127,0.694035,0.693838,0.633747
7.9187,24.6531,7.07147,79.5638,212.094,41.8677,1862.65,17382.4,4701.63,0.579027,0.56964,0.585252,0.69416,0.693963,0.633872
7.92084,24.6693,7.0741,79.9648,212.251,41.8312,1863.09,17389.9,4703.61,0.579152,0.569765,0.585377,0.694285,0.694088,0.633997
7.92299,24.6856,7.0767,80.36,212.402,41.785,1863.54,17397.5,4705.6,0.579277,0.56989,0.585502,0.69441,0.694213,0.634122
7.92516,24.7018,7.07934,80.7366,212.548,41.7448,1863.98,17405,4707.59,0.579402,0.570015,0.585627,0.694535,0.694338,0.634247
7.92734,24.718,7.08203,81.1041,212.692,41.708,1864.42,17412.6,4709.58,0.579527,0.57014,0.585752,0.69466,0.694463,0.634372
7.92951,24.7342,7.08472,81.4925,212.846,41.6745,1864.86,17420.1,4711.56,0.579652,0.570265,0.585877,0.694785,0.694588,0.634497
7.93173,24.7505,7.08733,81.8929,213.002,41.6371,1865.3,17427.7,4713.55,0.579777,0.57039,0.586002,0.69491,0.694713,0.634622
7.93394,24.7667,7.09002,82.2569,213.143,41.5989,1865.74,17435.2,4715.54,0.579902,0.570515,0.586127,0.695035,0.694838,0.634747
7.93613,24.783,7.09268,82.6632,213.301,41.5607,1866.18,17442.8,4717.53,0.580027,0.570639,0.586252,0.695159,0.694963,0.634872
7.93832,24.7993,7.09535,83.0526,213.448,41.5138,1866.62,17450.4,4719.51,0.580152,0.570764,0.586377,0.695284,0.695088,0.634997
7.9405,24.8157,7.098,83.4896,213.616,41.4711,1867.06,17457.9,4721.5,0.580277,0.570889,0.586502,0.695409,0.695213,0.635122
7.94274,24.8319,7.10071,83.8698,213.765,41.4357,1867.5,17465.5,4723.49,0.580402,0.571014,0.586627,0.695534,0.695338,0.635247
7.94498,24.8481,7.10347,84.2317,213.907,41.4008,1867.94,17473.1,4725.48,0.580527,0.571139,0.586752,0.695659,0.695463,0.635372
7.94725,24.8644,7.10612,84.6512,214.072,41.3674,1868.38,17480.6,4727.46,0.580652,0.571264,0.586877,0.695784,0.695588,0.635496
7.94951,24.8808,7.10877,85.0645,214.23,41.3255,1868.82,17488.2,4729.45,0.580777,0.571389,0.587002,0.695909,0.695713,0.635621
7.95179,24.8971,7.11143,85.4507,214.374,41.2779,1869.26,17495.8,4731.44,0.580902,0.571514,0.587127,0.696034,0.695838,0.635746
7.95405,24.9135,7.1141,85.8648,214.531,41.2334,1869.7,17503.3,4733.42,0.581027,0.571639,0.587252,0.696159,0.695963,0.635871
7.95632,24.9299,7.11677,86.2936,214.697,41.1948,1870.13,17510.9,4735.41,0.581152,0.571764,0.587377,0.696284,0.696088,0.635996
7.95861,24.9462,7.11948,86.6895,214.848,41.153,1870.57,17518.5,4737.4,0.581277,0.571889,0.587502,0.696409,0.696213,0.636121
7.96087,24.9626,7.12215,87.1258,215.014,41.11,1871.01,17526.1,4739.38,0.581402,0.572014,0.587627,0.696534,0.696338,0.636246
7.96313,24.9789,7.12491,87.5478,215.18,41.079,1871.44,17533.7,4741.37,0.581527,0.572139,0.587752,0.696659,0.696463,0.636371
7.96542,24.9953,7.12767,87.957,215.34,41.0448,1871.88,17541.3,4743.36,0.581652,0.572264,0.587877,0.696784,0.696588,0.636496
7.96772,25.0116,7.13042,88.3578,215.494,41.0052,1872.32,17548.8,4745.34,0.581777,0.572389,0.588002,0.696909,0.696713,0.636621
7.96999,25.028,7.13317,88.7863,215.658,40.9654,1872.75,17556.4,4747.33,0.581902,0.572514,0.588127,0.697034,0.696838,0.636746
7.9723,25.0445,7.13587,89.2319,215.828,40.9243,1873.19,17564,4749.31,0.582027,0.572639,0.588252,0.697159,0.696963,0.636871
7.97459,25.0608,7.13872,89.6342,215.988,40.8955,1873.62,17571.6,4751.3,0.582152,0.572764,0.588377,0.697284,0.697088,0.636996
7.97691,25.0772,7.14147,90.066,216.153,40.8547,1874.06,17579.2,4753.29,0.582277,0.572889,0.588502,0.697409,0.697213,0.637121
7.97925,25.0936,7.14426,90.4953,216.324,40.8298,1874.49,17586.8,4755.27,0.582402,0.573014,0.588627,0.697534,0.697338,0.637246
7.98158,25.1101,7.147,90.9421,216.495,40.7922,1874.92,17594.4,4757.26,0.582527,0.573139,0.588752,0.697659,0.697462,0.637371
7.98389,25.1265,7.1498,91.3978,216.676,40.7647,1875.36,17602,4759.24,0.582652,0.573264,0.588877,0.697784,0.697587,0.637496
7.98622,25.143,7.15259,91.8466,216.851,40.732,1875.79,17609.6,4761.23,0.582777,0.573389,0.589002,0.697909,0.697712,0.637621
7.98857,25.1594,7.1554,92.2902,217.024,40.7008,1876.23,17617.2,4763.22,0.582902,0.573514,0.589127,0.698034,0.697837,0.637746
7.99092,25.1759,7.15815,92.7602,217.206,40.6659,1876.66,17624.8,4765.2,0.583027,0.573639,0.589252,0.698159,0.697962,0.637871
7.99328,25.1924,7.16097,93.1945,217.373,40.6299,1877.09,17632.4,4767.19,0.583152,0.573764,0.589377,0.698284,0.698087,0.637996
7.99564,25.2089,7.16375,93.6543,217.55,40.5931,1877.53,17640,4769.17,0.583277,0.573889,0.589502,0.698409,0.698212,0.638121
7.99802,25.2254,7.1665,94.132,217.732,40.5552,1877.96,17647.6,4771.16,0.583402,0.574014,0.589627,0.698534,0.698337,0.638246
8.00044,25.2419,7.16922,94.6059,217.912,40.5163,1878.39,17655.2,4773.14,0.583527,0.574139,0.589752,0.698659,0.698462,0.638371
8.00279,25.2584,7.17213,95.0541,218.092,40.4952,1878.82,17662.9,4775.13,0.583652,0.574264,0.589877,0.698784,0.698587,0.638496
8.00519,25.2749,7.17493,95.5097,218.265,40.4556,1879.25,17670.5,4777.11,0.583777,0.574389,0.590002,0.698909,0.698712,0.638621
8.00761,25.2913,7.17782,95.9284,218.43,40.4288,1879.68,17678.1,4779.1,0.583902,0.574514,0.590127,0.699034,0.698837,0.638746
8.01002,25.3078,7.18067,96.3931,218.613,40.4024,1880.12,17685.7,4781.08,0.584027,0.574639,0.590252,0.699159,0.698962,0.638871
8.01244,25.3244,7.18347,96.8678,218.796,40.3693,1880.55,17693.3,4783.07,0.584152,0.574764,0.590377,0.699284,0.699087,0.638996
8.01485,25.3409,7.18632,97.3246,218.971,40.3352,1880.98,17700.9,4785.05,0.584277,0.574889,0.590502,0.699409,0.699212,0.639121
8.01726,25.3574,7.18923,97.7718,219.147,40.3086,1881.41,17708.6,4787.04,0.584402,0.575014,0.590627,0.699534,0.699337,0.639246
8.01967,25.374,7.19206,98.2597,219.333,40.2711,1881.84,17716.2,4789.02,0.584527,0.575139,0.590752,0.699659,0.699462,0.639371
8.02212,25.3905,7.19497,98.6986,219.505,40.2439,1882.27,17723.8,4791.01,0.584652,0.575264,0.590877,0.699784,0.699587,0.639496
8.02456,25.4071,7.19773,99.2362,219.711,40.2095,1882.7,17731.5,4792.99,0.584777,0.575389,0.591002,0.699909,0.699712,0.639621
8.02698,25.4237,7.20065,99.7081,219.895,40.1809,1883.13,17739.1,4794.98,0.584902,0.575514,0.591127,0.700034,0.699837,0.639746
8.02942,25.4403,7.20351,100.208,220.086,40.1471,1883.56,17746.7,4796.96,0.585027,0.575639,0.591252,0.700159,0.699962,0.639871
8.03186,25.4568,7.2065,100.656,220.264,40.1248,1883.99,17754.4,4798.95,0.585152,0.575764,0.591377,0.700284,0.700087,0.639996
8.03432,25.4734,7.20942,101.133,220.451,40.0987,1884.42,17762,4800.93,0.585277,0.575889,0.591502,0.700409,0.700212,0.640121
8.03678,25.4899,7.21239,101.587,220.628,40.07,1884.85,17769.6,4802.91,0.585402,0.576014,0.591627,0.700534,0.700337,0.640246
8.03925,25.5066,7.21526,102.09,220.819,40.0352,1885.28,17777.3,4804.9,0.585527,0.576139,0.591752,0.700659,0.700462,0.640371
8.04173,25.5231,7.21824,102.567,221.008,40.0138,1885.71,17784.9,4806.88,0.585652,0.576264,0.591877,0.700784,0.700587,0.640496
8.04423,25.5397,7.22124,103.017,221.186,39.9914,1886.14,17792.6,4808.86,0.585777,0.576389,0.592002,0.700909,0.700712,0.640621
8.04673,25.5562,7.22423,103.462,221.358,39.9621,1886.57,17800.2,4810.85,0.585902,0.576514,0.592127,0.701034,0.700837,0.640746
8.0492,25.5729,7.22714,103.987,221.56,39.9314,1887,17807.9,4812.83,0.586027,0.576639,0.592252,0.701159,0.700962,0.640871
8.05173,25.5896,7.23,104.531,221.77,39.9031,1887.43,17815.5,4814.82,0.586152,0.576764,0.592377,0.701284,0.701087,0.640996
8.05422,25.6063,7.23295,105.055,221.973,39.8766,1887.86,17823.2,4816.8,0.586277,0.576889,0.592502,0.701409,0.701212,0.641121
8.05672,25.623,7.23591,105.581,222.177,39.8493,1888.29,17830.8,4818.78,0.586402,0.577014,0.592627,0.701534,0.701337,0.641246
8.05924,25.6397,7.23882,106.128,222.388,39.8209,1888.72,17838.5,4820.77,0.586527,0.577139,0.592752,0.701659,0.701462,0.641371
8.06178,25.6563,7.24184,106.619,222.581,39.799,1889.15,17846.2,4822.75,0.586652,0.577264,0.592877,0.701784,0.701587,0.641496
8.06434,25.673,7.24475,107.152,222.785,39.7701,1889.57,17853.8,4824.73,0.586777,0.577389,0.593002,0.701909,0.701712,0.641621
8.06689,25.6897,7.24773,107.673,222.988,39.7462,1890,17861.5,4826.71,0.586902,0.577514,0.593127,0.702034,0.701837,0.641746
8.06945,25.7064,7.25075,108.145,223.171,39.7203,1890.43,17869.1,4828.7,0.587027,0.577639,0.593252,0.702159,0.701962,0.641871
8.072,25.723,7.25382,108.609,223.351,39.6957,1890.86,17876.8,4830.68,0.587152,0.577764,0.593377,0.702284,0.702087,0.641996
8.07456,25.7398,7.25678,109.137,223.553,39.6658,1891.29,17884.5,4832.66,0.587277,0.577889,0.593502,0.702409,0.702212,0.642121
8.07713,25.7565,7.25975,109.673,223.759,39.6382,1891.72,17892.2,4834.64,0.587402,0.578014,0.593627,0.702534,0.702337,0.642246
8.07972,25.7732,7.26276,110.183,223.957,39.614,1892.15,17899.8,4836.62,0.587527,0.578139,0.593752,0.702659,0.702462,0.642371
8.0823,25.7899,7.26579,110.695,224.155,39.5898,1892.58,17907.5,4838.61,0.587651,0.578264,0.593877,0.702784,0.702587,0.642496
8.08487,25.8067,7.26884,111.23,224.362,39.5657,1893.01,17915.2,4840.59,0.587776,0.578389,0.594002,0.702909,0.702712,0.642621
8.08744,25.8234,7.27188,111.731,224.553,39.5347,1893.44,17922.9,4842.57,0.587901,0.578514,0.594127,0.703034,0.702837,0.642746
8.09003,25.8402,7.27493,112.295,224.773,39.5144,1893.87,17930.5,4844.55,0.588026,0.578639,0.594252,0.703159,0.702962,0.642871
8.0926,25.857,7.27801,112.861,224.994,39.4931,1894.29,17938.2,4846.53,0.588151,0.578764,0.594377,0.703284,0.703087,0.642996
8.09522,25.8737,7.28111,113.362,225.189,39.472,1894.72,17945.9,4848.51,0.588276,0.578889,0.594501,0.703409,0.703212,0.643121
8.09782,25.8904,7.28429,113.847,225.38,39.4529,1895.15,17953.6,4850.49,0.588401,0.579014,0.594626,0.703534,0.703337,0.643246
8.10043,25.9071,7.28741,114.382,225.588,39.4318,1895.58,17961.3,4852.48,0.588526,0.579139,0.594751,0.703659,0.703462,0.643371
8.10307,25.9239,7.29051,114.921,225.797,39.4109,1896.01,17969,4854.46,0.588651,0.579264,0.594876,0.703784,0.703587,0.643496
8.10573,25.9407,7.29357,115.452,226.001,39.3861,1896.44,17976.7,4856.44,0.588776,0.579389,0.595001,0.703909,0.703712,0.643621
8.10839,25.9575,7.29668,115.985,226.208,39.3663,1896.87,17984.4,4858.42,0.588901,0.579514,0.595126,0.704034,0.703837,0.643746
8.11107,25.9743,7.29973,116.57,226.434,39.3453,1897.3,17992.1,4860.4,0.589026,0.579639,0.595251,0.704159,0.703962,0.643871
8.11371,25.9911,7.30288,117.121,226.649,39.3268,1897.73,17999.8,4862.38,0.589151,0.579764,0.595376,0.704284,0.704087,0.643996
8.11638,26.0079,7.30602,117.659,226.857,39.3057,1898.16,18007.5,4864.36,0.589276,0.579889,0.595501,0.704409,0.704212,0.644121
8.11908,26.0248,7.30911,118.22,227.075,39.2865,1898.59,18015.2,4866.34,0.589401,0.580014,0.595626,0.704534,0.704337,0.644246
8.12178,26.0416,7.31227,118.742,227.278,39.2674,1899.02,18022.9,4868.32,0.589526,0.580139,0.595751,0.704659,0.704462,0.644371
8.12445,26.0584,7.31544,119.257,227.476,39.2449,1899.46,18030.6,4870.3,0.589651,0.580264,0.595876,0.704784,0.704587,0.644496
8.12714,26.0752,7.31859,119.819,227.694,39.2263,1899.89,18038.3,4872.28,0.589776,0.580389,0.596001,0.704909,0.704712,0.644621
8.12984,26.092,7.32179,120.342,227.897,39.2078,1900.32,18046,4874.26,0.589901,0.580514,0.596126,0.705034,0.704837,0.644746
8.13253,26.1089,7.32496,120.922,228.122,39.189,1900.75,18053.7,4876.24,0.590026,0.580639,0.596251,0.705159,0.704962,0.644871
8.13523,26.1257,7.3282,121.454,228.329,39.1718,1901.18,18061.4,4878.21,0.590151,0.580764,0.596376,0.705284,0.705087,0.644996
8.13796,26.1426,7.33137,122.031,228.553,39.1544,1901.61,18069.1,4880.19,0.590276,0.580889,0.596501,0.705409,0.705212,0.645121
8.14068,26.1596,7.3345,122.602,228.77,39.1304,1902.05,18076.9,4882.17,0.590401,0.581014,0.596626,0.705534,0.705337,0.645246
8.14342,26.1765,7.33768,123.125,228.971,39.1092,1902.48,18084.6,4884.15,0.590526,0.581139,0.596751,0.705659,0.705462,0.645371
8.14616,26.1934,7.34087,123.717,229.2,39.093,1902.91,18092.3,4886.13,0.590651,0.581264,0.596876,0.705784,0.705587,0.645496
8.14895,26.2103,7.344,124.335,229.439,39.078,1903.34,18100,4888.11,0.590776,0.581389,0.597001,0.705909,0.705712,0.645621
8.15173,26.2272,7.3472,124.893,229.655,39.0615,1903.78,18107.8,4890.08,0.590901,0.581514,0.597126,0.706034,0.705837,0.645746
8.15449,26.2442,7.3504,125.492,229.887,39.0458,1904.21,18115.5,4892.06,0.591026,0.581639,0.597251,0.706159,0.705962,0.645871
8.15731,26.2611,7.35351,126.106,230.122,39.0287,1904.65,18123.2,4894.04,0.591151,0.581764,0.597376,0.706284,0.706087,0.645996
8.16007,26.2781,7.35676,126.686,230.346,39.0121,1905.08,18130.9,4896.02,0.591276,0.581889,0.597501,0.706409,0.706212,0.646121
8.16288,26.295,7.35996,127.299,230.584,38.9998,1905.51,18138.7,4897.99,0.591401,0.582014,0.597626,0.706534,0.706337,0.646246
8.16568,26.3119,7.36323,127.839,230.794,38.9861,1905.95,18146.4,4899.97,0.591526,0.582139,0.597751,0.706659,0.706462,0.646371
8.16851,26.3288,7.36648,128.388,231.007,38.9726,1906.38,18154.2,4901.95,0.591651,0.582264,0.597876,0.706784,0.706587,0.646496
8.17133,26.3458,7.3697,129.038,231.259,38.962,1906.82,18161.9,4903.92,0.591776,0.582389,0.598001,0.706909,0.706712,0.646621
8.17418,26.3628,7.37288,129.691,231.511,38.9501,1907.26,18169.6,4905.9,0.591901,0.582514,0.598126,0.707034,0.706837,0.646746
8.17698,26.3798,7.37615,130.256,231.729,38.935,1907.69,18177.4,4907.88,0.592026,0.582639,0.598251,0.707159,0.706962,0.646871
8.17979,26.3968,7.3794,130.855,231.96,38.9207,1908.13,18185.1,4909.85,0.592151,0.582764,0.598376,0.707284,0.707087,0.646996
8.18261,26.4137,7.38274,131.393,232.17,38.9092,1908.56,18192.9,4911.83,0.592276,0.582889,0.598501,0.707409,0.707212,0.647121
8.18546,26.4307,7.38599,132.019,232.412,38.8976,1909,18200.6,4913.8,0.592401,0.583014,0.598626,0.707534,0.707337,0.647246
8.18828,26.4477,7.38932,132.573,232.627,38.8847,1909.44,18208.4,4915.78,0.592526,0.583139,0.598751,0.707659,0.707462,0.647371
8.19109,26.4648,7.39262,133.148,232.848,38.8708,1909.88,18216.2,4917.75,0.592651,0.583264,0.598876,0.707784,0.707587,0.647496
8.19398,26.4818,7.39592,133.753,233.083,38.8619,1910.32,18223.9,4919.73,0.592776,0.583389,0.599001,0.707909,0.707712,0.647621
8.1968,26.4988,7.39926,134.359,233.318,38.8502,1910.76,18231.7,4921.7,0.592901,0.583514,0.599126,0.708034,0.707837,0.647746
8.1997,26.5158,7.40257,134.935,233.541,38.8407,1911.2,18239.4,4923.68,0.593026,0.583639,0.599251,0.708159,0.707962,0.647871
8.20263,26.5328,7.40585,135.53,233.771,38.8323,1911.64,18247.2,4925.65,0.593151,0.583764,0.599376,0.708284,0.708087,0.647996
8.20552,26.5499,7.40914,136.162,234.016,38.8228,1912.08,18255,4927.63,0.593276,0.583889,0.599501,0.708409,0.708212,0.648121
8.20843,26.5669,7.41251,136.712,234.23,38.8155,1912.52,18262.7,4929.6,0.593401,0.584014,0.599626,0.708534,0.708337,0.648246
8.21133,26.584,7.41581,137.347,234.475,38.807,1912.96,18270.5,4931.58,0.593526,0.584139,0.599751,0.708659,0.708462,0.648371
8.21423,26.601,7.41919,137.917,234.697,38.7984,1913.4,18278.3,4933.55,0.593651,0.584264,0.599876,0.708784,0.708587,0.648496
8.21711,26.6181,7.42252,138.552,234.942,38.7897,1913.84,18286.1,4935.52,0.593776,0.584388,0.600001,0.708908,0.708712,0.648621
8.22001,26.6352,7.42592,139.176,235.185,38.7829,1914.29,18293.9,4937.5,0.593901,0.584513,0.600126,0.709033,0.708837,0.648746
8.22291,26.6523,7.42924,139.83,235.436,38.7742,1914.73,18301.6,4939.47,0.594026,0.584638,0.600251,0.709158,0.708962,0.648871
8.22585,26.6694,7.43262,140.443,235.674,38.7686,1915.18,18309.4,4941.44,0.594151,0.584763,0.600376,0.709283,0.709087,0.648996
8.22874,26.6865,7.43598,141.073,235.917,38.76,1915.62,18317.2,4943.41,0.594276,0.584888,0.600501,0.709408,0.709212,0.649121
8.2317,26.7037,7.43929,141.742,236.174,38.7539,1916.07,18325,4945.39,0.594401,0.585013,0.600626,0.709533,0.709337,0.649246
8.23465,26.7208,7.44271,142.353,236.412,38.7495,1916.51,18332.8,4947.36,0.594526,0.585138,0.600751,0.709658,0.709462,0.64937
8.23761,26.738,7.44606,143.025,236.671,38.7447,1916.96,18340.6,4949.33,0.594651,0.585263,0.600876,0.709783,0.709587,0.649495
8.24058,26.755,7.44953,143.557,236.879,38.7406,1917.41,18348.4,4951.3,0.594776,0.585388,0.601001,0.709908,0.709712,0.64962
8.24354,26.7722,7.45291,144.252,237.148,38.7366,1917.85,18356.2,4953.27,0.594901,0.585513,0.601126,0.710033,0.709837,0.649745
8.24648,26.7893,7.4564,144.859,237.385,38.7334,1918.3,18364,4955.24,0.595026,0.585638,0.601251,0.710158,0.709962,0.64987
8.24945,26.8064,7.45989,145.473,237.624,38.7306,1918.75,18371.8,4957.21,0.595151,0.585763,0.601376,0.710283,0.710087,0.649995
8.25245,26.8235,7.46334,146.07,237.856,38.7282,1919.2,18379.6,4959.19,0.595276,0.585888,0.601501,0.710408,0.710212,0.65012
8.25545,26.8407,7.46677,146.698,238.099,38.7258,1919.65,18387.4,4961.16,0.595401,0.586013,0.601626,0.710533,0.710337,0.650245
8.25846,26.8578,7.47025,147.328,238.345,38.7247,1920.1,18395.2,4963.13,0.595526,0.586138,0.601751,0.710658,0.710462,0.65037
8.26145,26.8751,7.47364,148.018,238.61,38.7222,1920.55,18403,4965.1,0.595651,0.586263,0.601876,0.710783,0.710587,0.650495
8.26447,26.8924,7.47699,148.732,238.885,38.7209,1921.01,18410.8,4967.07,0.595776,0.586388,0.602001,0.710908,0.710712,0.65062
8.26748,26.9095,7.48051,149.343,239.123,38.7203,1921.46,18418.6,4969.04,0.595901,0.586513,0.602126,0.711033,0.710837,0.650745
8.27051,26.9267,7.48398,149.993,239.375,38.7203,1921.91,18426.4,4971,0.596026,0.586638,0.602251,0.711158,0.710962,0.65087
8.27352,26.9439,7.4875,150.591,239.608,38.7203,1922.37,18434.3,4972.97,0.596151,0.586763,0.602376,0.711283,0.711087,0.650995
8.27654,26.9611,7.49106,151.211,239.85,38.7208,1922.82,18442.1,4974.94,0.596276,0.586888,0.602501,0.711408,0.711212,0.65112
8.27959,26.9783,7.49451,151.908,240.119,38.7222,1923.28,18449.9,4976.91,0.596401,0.587013,0.602626,0.711533,0.711336,0.651245
8.28265,26.9956,7.49793,152.619,240.393,38.724,1923.74,18457.7,4978.88,0.596526,0.587138,0.602751,0.711658,0.711461,0.65137
8.28569,27.0128,7.50148,153.299,240.657,38.7259,1924.2,18465.6,4980.85,0.596651,0.587263,0.602876,0.711783,0.711586,0.651495
8.28877,27.03,7.50504,153.891,240.889,38.7289,1924.65,18473.4,4982.81,0.596776,0.587388,0.603001,0.711908,0.711711,0.65162
8.29188,27.0472,7.50858,154.503,241.127,38.7325,1925.11,18481.2,4984.78,0.596901,0.587513,0.603126,0.712033,0.711836,0.651745
8.295,27.0644,7.5121,155.163,241.383,38.7366,1925.57,18489.1,4986.75,0.597026,0.587638,0.603251,0.712158,0.711961,0.65187
8.2981,27.0817,7.51565,155.827,241.642,38.7408,1926.04,18496.9,4988.72,0.597151,0.587763,0.603376,0.712283,0.712086,0.651995
8.3012,27.099,7.51908,156.561,241.924,38.7456,1926.5,18504.7,4990.68,0.597276,0.587888,0.603501,0.712408,0.712211,0.65212
8.30429,27.1163,7.52261,157.257,242.194,38.7504,1926.96,18512.6,4992.65,0.597401,0.588013,0.603626,0.712533,0.712336,0.652245
8.30741,27.1336,7.52617,157.902,242.445,38.7561,1927.42,18520.4,4994.62,0.597526,0.588138,0.603751,0.712658,0.712461,0.65237
8.3105,27.1508,7.52979,158.552,242.698,38.7613,1927.89,18528.3,4996.58,0.597651,0.588263,0.603876,0.712783,0.712586,0.652495
8.31359,27.1681,7.53338,159.293,242.985,38.7663,1928.35,18536.1,4998.55,0.597776,0.588388,0.604001,0.712908,0.712711,0.65262
8.3167,27.1855,7.53689,160.055,243.279,38.7727,1928.82,18544,5000.52,0.597901,0.588513,0.604126,0.713033,0.712836,0.652745
8.31989,27.2028,7.54041,160.716,243.535,38.7811,1929.29,18551.8,5002.48,0.598026,0.588638,0.604251,0.713158,0.712961,0.65287
8.32303,27.2201,7.54396,161.459,243.822,38.7884,1929.76,18559.7,5004.45,0.598151,0.588763,0.604376,0.713283,0.713086,0.652995
8.32616,27.2374,7.54764,162.117,244.079,38.795,1930.22,18567.6,5006.41,0.598276,0.588888,0.604501,0.713408,0.713211,0.65312
8.32931,27.2547,7.55127,162.761,244.33,38.8035,1930.69,18575.4,5008.38,0.598401,0.589013,0.604626,0.713533,0.713336,0.653245
8.33244,27.272,7.55489,163.431,244.591,38.8128,1931.17,18583.3,5010.34,0.598526,0.589138,0.604751,0.713658,0.713461,0.65337
8.3356,27.2893,7.55852,164.097,244.85,38.8223,1931.64,18591.1,5012.31,0.598651,0.589263,0.604876,0.713783,0.713586,0.653495
8.33875,27.3067,7.56218,164.764,245.11,38.8319,1932.11,18599,5014.27,0.598776,0.589388,0.605001,0.713908,0.713711,0.65362
8.34193,27.324,7.56577,165.511,245.399,38.8419,1932.58,18606.9,5016.24,0.598901,0.589513,0.605126,0.714033,0.713836,0.653745
8.34511,27.3415,7.56929,166.232,245.678,38.8555,1933.06,18614.8,5018.2,0.599026,0.589638,0.605251,0.714158,0.713961,0.65387
8.34833,27.3589,7.57292,166.895,245.937,38.8677,1933.54,18622.6,5020.16,0.599151,0.589763,0.605376,0.714283,0.714086,0.653995
8.35149,27.3763,7.57653,167.644,246.227,38.8799,1934.01,18630.5,5022.13,0.599276,0.589888,0.605501,0.714408,0.714211,0.65412
8.3547,27.3937,7.58014,168.393,246.516,38.8922,1934.49,18638.4,5024.09,0.599401,0.590013,0.605626,0.714533,0.714336,0.654245
8.35791,27.4112,7.5837,169.177,246.819,38.906,1934.97,18646.3,5026.05,0.599526,0.590138,0.605751,0.714658,0.714461,0.65437
8.36112,27.4287,7.58728,169.944,247.115,38.9213,1935.45,18654.2,5028.01,0.599651,0.590263,0.605876,0.714783,0.714586,0.654495
8.3643,27.446,7.59104,170.615,247.378,38.9336,1935.93,18662.1,5029.98,0.599776,0.590388,0.606001,0.714908,0.714711,0.65462
8.36754,27.4634,7.59471,171.416,247.686,38.9448,1936.41,18670,5031.94,0.599901,0.590513,0.606126,0.715033,0.714836,0.654745
8.37081,27.4809,7.59832,172.14,247.967,38.9616,1936.9,18677.8,5033.9,0.600026,0.590638,0.606251,0.715158,0.714961,0.65487
8.37408,27.4984,7.60194,172.897,248.259,38.978,1937.38,18685.7,5035.86,0.600151,0.590763,0.606376,0.715283,0.715086,0.654995
8.37733,27.5158,7.60567,173.555,248.517,38.9946,1937.87,18693.6,5037.82,0.600276,0.590888,0.606501,0.715408,0.715211,0.65512
8.38056,27.5333,7.60932,174.317,248.812,39.012,1938.35,18701.5,5039.78,0.600401,0.591013,0.606626,0.715533,0.715336,0.655245
8.3838,27.5508,7.61294,175.14,249.13,39.0302,1938.84,18709.4,5041.74,0.600526,0.591138,0.606751,0.715658,0.715461,0.65537
8.38705,27.5684,7.61656,175.966,249.448,39.0488,1939.33,18717.3,5043.7,0.600651,0.591263,0.606876,0.715783,0.715586,0.655495
8.39033,27.5858,7.62028,176.719,249.74,39.0656,1939.82,18725.3,5045.66,0.600776,0.591388,0.607001,0.715908,0.715711,0.65562
8.39365,27.6034,7.62389,177.54,250.056,39.0854,1940.31,18733.2,5047.62,0.600901,0.591513,0.607126,0.716033,0.715836,0.655745
8.3969,27.6209,7.62762,178.267,250.339,39.1057,1940.81,18741.1,5049.58,0.601026,0.591638,0.607251,0.716158,0.715961,0.65587
8.4002,27.6383,7.6314,178.986,250.619,39.1231,1941.3,18749,5051.54,0.601151,0.591763,0.607376,0.716283,0.716086,0.655995
8.40351,27.6559,7.63506,179.757,250.918,39.1468,1941.79,18756.9,5053.5,0.601276,0.591888,0.607501,0.716408,0.716211,0.65612
8.40679,27.6734,7.63879,180.555,251.227,39.1664,1942.29,18764.8,5055.46,0.6014,0.592013,0.607626,0.716533,0.716336,0.656245
8.41008,27.6909,7.64259,181.301,251.516,39.1856,1942.79,18772.8,5057.42,0.601525,0.592138,0.607751,0.716658,0.716461,0.65637
8.4134,27.7084,7.64631,182.073,251.816,39.2084,1943.29,18780.7,5059.38,0.60165,0.592263,0.607876,0.716783,0.716586,0.656495
8.41674,27.7259,7.65007,182.868,252.123,39.2279,1943.79,18788.6,5061.33,0.601775,0.592388,0.608001,0.716908,0.716711,0.65662
8.42005,27.7434,7.65393,183.6,252.408,39.2477,1944.29,18796.5,5063.29,0.6019,0.592513,0.608126,0.717033,0.716836,0.656745
8.42343,27.761,7.65759,184.381,252.711,39.2752,1944.79,18804.5,5065.25,0.602025,0.592638,0.60825,0.717158,0.716961,0.65687
8.42675,27.7786,7.66132,185.248,253.045,39.2981,1945.29,18812.4,5067.21,0.60215,0.592763,0.608375,0.717283,0.717086,0.656995
8.43009,27.7962,7.66511,185.989,253.334,39.3246,1945.8,18820.3,5069.16,0.602275,0.592888,0.6085,0.717408,0.717211,0.65712
8.43341,27.8138,7.66889,186.789,253.644,39.3506,1946.31,18828.3,5071.12,0.6024,0.593013,0.608625,0.717533,0.717336,0.657245
8.43677,27.8313,7.67274,187.433,253.9,39.3793,1946.81,18836.2,5073.08,0.602525,0.593138,0.60875,0.717658,0.717461,0.65737
8.44015,27.8489,7.67652,188.229,254.208,39.4053,1947.32,18844.2,5075.03,0.60265,0.593263,0.608875,0.717783,0.717586,0.657495
8.44347,27.8665,7.68037,188.962,254.496,39.4352,1947.83,18852.1,5076.99,0.602775,0.593388,0.609,0.717908,0.717711,0.65762
8.44681,27.8841,7.68422,189.702,254.786,39.4647,1948.35,18860.1,5078.94,0.6029,0.593513,0.609125,0.718033,0.717836,0.657745
8.45014,27.9017,7.68815,190.464,255.084,39.4899,1948.86,18868,5080.9,0.603025,0.593638,0.60925,0.718158,0.717961,0.65787
8.45351,27.9193,7.69203,191.182,255.366,39.5203,1949.38,18876,5082.85,0.60315,0.593763,0.609375,0.718283,0.718086,0.657995
8.45692,27.9369,7.69588,191.952,255.666,39.5499,1949.89,18883.9,5084.81,0.603275,0.593888,0.6095,0.718408,0.718211,0.65812
8.4603,27.9545,7.69977,192.69,255.956,39.5826,1950.41,18891.9,5086.76,0.6034,0.594013,0.609625,0.718533,0.718336,0.658245
8.46369,27.9721,7.70372,193.43,256.246,39.6107,1950.93,18899.9,5088.72,0.603525,0.594138,0.60975,0.718658,0.718461,0.65837
8.46713,27.9897,7.7076,194.204,256.547,39.6407,1951.45,18907.8,5090.67,0.60365,0.594263,0.609875,0.718783,0.718586,0.658495
8.47056,28.0073,7.7115,194.975,256.847,39.6718,1951.98,18915.8,5092.62,0.603775,0.594388,0.61,0.718908,0.718711,0.65862
8.47398,28.025,7.71533,195.809,257.172,39.7067,1952.5,18923.8,5094.58,0.6039,0.594513,0.610125,0.719033,0.718836,0.658745
8.47738,28.0427,7.71924,196.645,257.497,39.7382,1953.03,18931.8,5096.53,0.604025,0.594638,0.61025,0.719158,0.718961,0.65887
8.48081,28.0604,7.72311,197.428,257.804,39.7778,1953.55,18939.7,5098.48,0.60415,0.594763,0.610375,0.719283,0.719086,0.658995
8.48428,28.0782,7.7269,198.284,258.138,39.819,1954.08,18947.7,5100.43,0.604275,0.594888,0.6105,0.719408,0.719211,0.65912
8.48771,28.0959,7.73079,199.133,258.467,39.8539,1954.61,18955.7,5102.39,0.6044,0.595013,0.610625,0.719533,0.719336,0.659245
8.49118,28.1137,7.7346,200.077,258.83,39.889,1955.15,18963.7,5104.34,0.604525,0.595138,0.61075,0.719658,0.719461,0.65937
8.49473,28.1314,7.7384,200.869,259.141,39.9346,1955.68,18971.7,5106.29,0.60465,0.595263,0.610875,0.719783,0.719586,0.659495
8.49819,28.1492,7.74228,201.727,259.475,39.976,1956.22,18979.7,5108.24,0.604775,0.595388,0.611,0.719908,0.719711,0.65962
8.50167,28.1669,7.74621,202.538,259.792,40.0149,1956.75,18987.7,5110.19,0.6049,0.595513,0.611125,0.720033,0.719836,0.659745
8.50521,28.1846,7.75017,203.281,260.084,40.0548,1957.29,18995.7,5112.14,0.605025,0.595638,0.61125,0.720158,0.719961,0.65987
8.50867,28.2024,7.75411,204.165,260.426,40.091,1957.83,19003.7,5114.09,0.60515,0.595763,0.611375,0.720283,0.720086,0.659995
8.51216,28.2202,7.75798,205.056,260.774,40.1379,1958.37,19011.7,5116.04,0.605275,0.595888,0.6115,0.720408,0.720211,0.66012
8.51572,28.238,7.76186,205.899,261.102,40.1815,1958.92,19019.7,5117.99,0.6054,0.596013,0.611625,0.720533,0.720336,0.660245
8.51925,28.2558,7.76575,206.821,261.457,40.221,1959.46,19027.7,5119.94,0.605525,0.596138,0.61175,0.720658,0.720461,0.66037
8.52276,28.2735,7.76978,207.593,261.761,40.2635,1960.01,19035.7,5121.88,0.60565,0.596263,0.611875,0.720783,0.720586,0.660495
8.52629,28.2913,7.7737,208.433,262.091,40.3154,1960.56,19043.7,5123.83,0.605775,0.596388,0.612,0.720908,0.720711,0.66062
8.52983,28.3091,7.77764,209.302,262.429,40.3582,1961.11,19051.7,5125.78,0.6059,0.596513,0.612125,0.721033,0.720836,0.660745
8.53339,28.327,7.78157,210.151,262.763,40.4114,1961.66,19059.7,5127.73,0.606025,0.596638,0.61225,0.721158,0.720961,0.66087
8.53696,28.3447,7.78555,210.957,263.08,40.462,1962.22,19067.8,5129.67,0.60615,0.596763,0.612375,0.721283,0.721086,0.660995
8.54053,28.3626,7.78954,211.801,263.411,40.5111,1962.77,19075.8,5131.62,0.606275,0.596888,0.6125,0.721408,0.721211,0.66112
8.54413,28.3803,7.79355,212.58,263.719,40.562,1963.33,19083.8,5133.57,0.6064,0.597013,0.612625,0.721533,0.721336,0.661245
8.54773,28.3981,7.79751,213.441,264.056,40.6132,1963.89,19091.8,5135.51,0.606525,0.597138,0.61275,0.721658,0.721461,0.66137
8.5513,28.416,7.80148,214.328,264.404,40.6697,1964.45,19099.9,5137.46,0.60665,0.597263,0.612875,0.721783,0.721586,0.661495
8.55488,28.4339,7.80548,215.223,264.752,40.7169,1965.02,19107.9,5139.4,0.606775,0.597388,0.613,0.721908,0.721711,0.66162
8.55843,28.4518,7.80948,216.164,265.116,40.7655,1965.58,19115.9,5141.35,0.6069,0.597513,0.613125,0.722033,0.721836,0.661745
8.56203,28.4696,7.81349,217.066,265.467,40.8148,1966.15,19124,5143.29,0.607025,0.597638,0.61325,0.722158,0.721961,0.66187
8.56558,28.4875,7.81758,217.957,265.815,40.8642,1966.72,19132,5145.24,0.60715,0.597763,0.613375,0.722283,0.722086,0.661995
8.56915,28.5055,7.82157,218.942,266.197,40.9188,1967.29,19140.1,5147.18,0.607275,0.597888,0.6135,0.722408,0.722211,0.66212
8.57277,28.5234,7.82556,219.897,266.566,40.9714,1967.87,19148.1,5149.12,0.6074,0.598013,0.613625,0.722533,0.722336,0.662245
8.5764,28.5413,7.82957,220.833,266.93,41.0266,1968.44,19156.2,5151.07,0.607525,0.598137,0.61375,0.722658,0.722461,0.66237
8.58002,28.5593,7.83361,221.77,267.295,41.0838,1969.02,19164.2,5153.01,0.60765,0.598262,0.613875,0.722782,0.722586,0.662495
8.58365,28.5771,7.83775,222.581,267.614,41.1346,1969.6,19172.3,5154.95,0.607775,0.598387,0.614,0.722907,0.722711,0.66262
8.58729,28.595,7.84185,223.48,267.962,41.1826,1970.18,19180.4,5156.89,0.6079,0.598512,0.614125,0.723032,0.722836,0.662745
8.5909,28.613,7.84591,224.455,268.341,41.2409,1970.76,19188.4,5158.84,0.608025,0.598637,0.61425,0.723157,0.722961,0.66287
8.59456,28.6309,7.85001,225.36,268.693,41.2922,1971.35,19196.5,5160.78,0.60815,0.598762,0.614375,0.723282,0.723086,0.662995
8.59822,28.6488,7.85412,226.251,269.042,41.3519,1971.93,19204.6,5162.72,0.608275,0.598887,0.6145,0.723407,0.723211,0.663119
8.60188,28.6667,7.85825,227.158,269.394,41.4036,1972.52,19212.6,5164.66,0.6084,0.599012,0.614625,0.723532,0.723336,0.663244
8.6056,28.6846,7.86237,228.004,269.728,41.4654,1973.11,19220.7,5166.6,0.608525,0.599137,0.61475,0.723657,0.723461,0.663369
8.60932,28.7026,7.86642,228.926,270.09,41.5332,1973.71,19228.8,5168.54,0.60865,0.599262,0.614875,0.723782,0.723586,0.663494
8.61302,28.7206,7.87052,229.855,270.454,41.5993,1974.3,19236.9,5170.48,0.608775,0.599387,0.615,0.723907,0.723711,0.663619
8.61668,28.7386,7.87469,230.776,270.811,41.6512,1974.9,19245,5172.42,0.6089,0.599512,0.615125,0.724032,0.723836,0.663744
8.62036,28.7565,7.87887,231.702,271.172,41.708,1975.5,19253,5174.36,0.609025,0.599637,0.61525,0.724157,0.723961,0.663869
8.62408,28.7745,7.88296,232.666,271.548,41.7743,1976.1,19261.1,5176.3,0.60915,0.599762,0.615375,0.724282,0.724086,0.663994
8.62778,28.7925,7.88713,233.595,271.911,41.8385,1976.71,19269.2,5178.24,0.609275,0.599887,0.6155,0.724407,0.724211,0.664119
8.63149,28.8106,7.89127,234.58,272.295,41.9045,1977.31,19277.3,5180.18,0.6094,0.600012,0.615625,0.724532,0.724336,0.664244
8.63517,28.8285,7.89556,235.437,272.63,41.9558,1977.92,19285.4,5182.12,0.609525,0.600137,0.61575,0.724657,0.724461,0.664369
8.63894,28.8464,7.89977,236.278,272.964,42.025,1978.53,19293.5,5184.06,0.60965,0.600262,0.615875,0.724782,0.724586,0.664494
8.64265,28.8644,7.904,237.228,273.331,42.0786,1979.15,19301.6,5185.99,0.609775,0.600387,0.616,0.724907,0.724711,0.664619
8.64638,28.8824,7.90826,238.122,273.682,42.1421,1979.76,19309.7,5187.93,0.6099,0.600512,0.616125,0.725032,0.724836,0.664744
8.65015,28.9004,7.91248,239.045,274.042,42.2046,1980.38,19317.8,5189.87,0.610025,0.600637,0.61625,0.725157,0.724961,0.664869
8.65387,28.9185,7.91669,240.075,274.437,42.2609,1981,19326,5191.81,0.61015,0.600762,0.616375,0.725282,0.725085,0.664994
8.65764,28.9366,7.92088,241.078,274.825,42.3236,1981.62,19334.1,5193.74,0.610275,0.600887,0.6165,0.725407,0.72521,0.665119
8.66143,28.9547,7.92507,242.023,275.198,42.4015,1982.25,19342.2,5195.68,0.6104,0.601012,0.616625,0.725532,0.725335,0.665244
8.66519,28.9727,7.92933,242.989,275.574,42.4669,1982.88,19350.3,5197.62,0.610525,0.601137,0.61675,0.725657,0.72546,0.665369
8.66897,28.9908,7.93357,243.937,275.946,42.5397,1983.51,19358.4,5199.55,0.61065,0.601262,0.616875,0.725782,0.725585,0.665494
8.67278,29.0089,7.93773,245.001,276.358,42.6146,1984.14,19366.6,5201.49,0.610775,0.601387,0.617,0.725907,0.72571,0.665619
8.67656,29.027,7.94206,245.891,276.709,42.6828,1984.77,19374.7,5203.42,0.6109,0.601512,0.617125,0.726032,0.725835,0.665744
8.6804,29.0451,7.9463,246.869,277.089,42.7518,1985.41,19382.8,5205.36,0.611025,0.601637,0.61725,0.726157,0.72596,0.665869
8.68427,29.0631,7.95053,247.817,277.46,42.8263,1986.05,19391,5207.29,0.61115,0.601762,0.617375,0.726282,0.726085,0.665994
8.68816,29.0812,7.9548,248.707,277.809,42.8985,1986.69,19399.1,5209.23,0.611275,0.601887,0.6175,0.726407,0.72621,0.666119
8.69204,29.0993,7.95897,249.697,278.201,42.9903,1987.34,19407.3,5211.16,0.6114,0.602012,0.617625,0.726532,0.726335,0.666244
8.69589,29.1175,7.96323,250.669,278.58,43.065,1987.98,19415.4,5213.1,0.611525,0.602137,0.61775,0.726657,0.72646,0.666369
8.69973,29.1356,7.96753,251.651,278.962,43.1361,1988.63,19423.6,5215.03,0.61165,0.602262,0.617875,0.726782,0.726585,0.666494
8.70358,29.1537,7.9718,252.661,279.356,43.2132,1989.29,19431.7,5216.96,0.611775,0.602387,0.618,0.726907,0.72671,0.666619
8.70743,29.1719,7.97613,253.669,279.744,43.2784,1989.94,19439.9,5218.9,0.6119,0.602512,0.618125,0.727032,0.726835,0.666744
8.71135,29.1901,7.98031,254.724,280.155,43.3636,1990.6,19448,5220.83,0.612025,0.602637,0.61825,0.727157,0.72696,0.666869
8.71529,29.2083,7.98443,255.814,280.579,43.4574,1991.26,19456.2,5222.76,0.61215,0.602762,0.618375,0.727282,0.727085,0.666994
8.71918,29.2265,7.98873,256.799,280.965,43.5405,1991.92,19464.3,5224.69,0.612275,0.602887,0.6185,0.727407,0.72721,0.667119
8.72306,29.2447,7.99305,257.789,281.352,43.6201,1992.59,19472.5,5226.63,0.6124,0.603012,0.618625,0.727532,0.727335,0.667244
8.72694,29.2629,7.99734,258.874,281.77,43.6951,1993.25,19480.7,5228.56,0.612525,0.603137,0.61875,0.727657,0.72746,0.667369
8.73081,29.281,8.00175,259.833,282.143,43.7649,1993.92,19488.9,5230.49,0.61265,0.603262,0.618875,0.727782,0.727585,0.667494
8.73477,29.2991,8.00608,260.71,282.495,43.8586,1994.6,19497,5232.42,0.612775,0.603387,0.619,0.727907,0.72771,0.667619
8.73868,29.3173,8.01047,261.627,282.86,43.9468,1995.27,19505.2,5234.35,0.6129,0.603512,0.619125,0.728032,0.727835,0.667744
8.74255,29.3355,8.01487,262.682,283.267,44.0177,1995.95,19513.4,5236.28,0.613025,0.603637,0.61925,0.728157,0.72796,0.667869
8.74647,29.3537,8.01921,263.675,283.66,44.1127,1996.63,19521.6,5238.21,0.61315,0.603762,0.619375,0.728282,0.728085,0.667994
8.7504,29.3721,8.02343,264.85,284.114,44.2071,1997.32,19529.8,5240.14,0.613275,0.603887,0.6195,0.728407,0.72821,0.668119
8.75433,29.3903,8.02776,265.874,284.521,44.3104,1998,19538,5242.07,0.6134,0.604012,0.619625,0.728532,0.728335,0.668244
8.75824,29.4085,8.03223,266.814,284.894,44.3972,1998.69,19546.2,5244,0.613525,0.604137,0.61975,0.728657,0.72846,0.668369
8.76214,29.4268,8.03659,267.932,285.328,44.4859,1999.39,19554.4,5245.93,0.61365,0.604262,0.619875,0.728782,0.728585,0.668494
8.76608,29.445,8.04102,268.942,285.723,44.5705,2000.08,19562.6,5247.86,0.613775,0.604387,0.62,0.728907,0.72871,0.668619
8.77003,29.4633,8.04542,270.032,286.142,44.6479,2000.78,19570.8,5249.79,0.6139,0.604512,0.620125,0.729032,0.728835,0.668744
8.77401,29.4816,8.04976,271.118,286.566,44.7461,2001.48,19579,5251.72,0.614025,0.604637,0.62025,0.729157,0.72896,0.668869
8.77802,29.4999,8.05414,272.117,286.962,44.8486,2002.19,19587.2,5253.65,0.61415,0.604762,0.620375,0.729282,0.729085,0.668994
8.78201,29.5182,8.05851,273.199,287.386,44.9478,2002.89,19595.4,5255.57,0.614275,0.604887,0.6205,0.729407,0.72921,0.669119
8.78601,29.5366,8.06285,274.293,287.816,45.0542,2003.6,19603.6,5257.5,0.6144,0.605012,0.620625,0.729532,0.729335,0.669244
8.78996,29.5549,8.06727,275.415,288.254,45.1527,2004.32,19611.9,5259.43,0.614525,0.605137,0.62075,0.729657,0.72946,0.669369
8.7939,29.5732,8.07174,276.532,288.688,45.2434,2005.03,19620.1,5261.35,0.61465,0.605262,0.620875,0.729782,0.729585,0.669494
8.79787,29.5916,8.07621,277.594,289.106,45.3433,2005.75,19628.3,5263.28,0.614775,0.605387,0.621,0.729907,0.72971,0.669619
8.8019,29.6099,8.08061,278.731,289.545,45.4367,2006.47,19636.6,5265.21,0.6149,0.605512,0.621125,0.730032,0.729835,0.669744
8.80588,29.6282,8.08516,279.728,289.938,45.5283,2007.2,19644.8,5267.13,0.615025,0.605637,0.62125,0.730157,0.72996,0.669869
8.80991,29.6465,8.08967,280.75,290.338,45.6202,2007.93,19653,5269.06,0.615149,0.605762,0.621375,0.730282,0.730085,0.669994
8.81395,29.6649,8.09413,281.838,290.763,45.7205,2008.66,19661.3,5270.98,0.615274,0.605887,0.6215,0.730407,0.73021,0.670119
8.81802,29.6832,8.09858,282.912,291.183,45.8213,2009.39,19669.5,5272.91,0.615399,0.606012,0.621625,0.730532,0.730335,0.670244
8.82204,29.7015,8.10319,283.93,291.577,45.8987,2010.13,19677.8,5274.83,0.615524,0.606137,0.62175,0.730657,0.73046,0.670369
8.8261,29.7198,8.10769,284.996,291.996,46.0031,2010.87,19686,5276.76,0.615649,0.606262,0.621875,0.730782,0.730585,0.670494
8.83018,29.7383,8.11209,286.179,292.456,46.1113,2011.61,19694.3,5278.68,0.615774,0.606387,0.622,0.730907,0.73071,0.670619
8.83424,29.7567,8.11662,287.348,292.902,46.1941,2012.36,19702.5,5280.61,0.615899,0.606512,0.622124,0.731032,0.730835,0.670744
8.83831,29.775,8.1212,288.36,293.299,46.2915,2013.11,19710.8,5282.53,0.616024,0.606637,0.622249,0.731157,0.73096,0.670869
8.8424,29.7934,8.12573,289.468,293.729,46.3876,2013.86,19719.1,5284.45,0.616149,0.606762,0.622374,0.731282,0.731085,0.670994
8.84647,29.8118,8.13028,290.516,294.146,46.5034,2014.62,19727.3,5286.38,0.616274,0.606887,0.622499,0.731407,0.73121,0.671119
8.85056,29.8302,8.13483,291.564,294.564,46.6221,2015.38,19735.6,5288.3,0.616399,0.607012,0.622624,0.731532,0.731335,0.671244
8.85469,29.8487,8.13928,292.754,295.027,46.7355,2016.14,19743.9,5290.22,0.616524,0.607137,0.622749,0.731657,0.73146,0.671369
8.85885,29.8671,8.1438,293.838,295.451,46.843,2016.91,19752.2,5292.15,0.616649,0.607262,0.622874,0.731782,0.731585,0.671494
8.86295,29.8856,8.14827,295.041,295.921,46.9628,2017.68,19760.4,5294.07,0.616774,0.607387,0.622999,0.731907,0.73171,0.671619
8.86703,29.9041,8.15278,296.247,296.395,47.0886,2018.45,19768.7,5295.99,0.616899,0.607512,0.623124,0.732032,0.731835,0.671744
8.87108,29.9226,8.15737,297.496,296.878,47.1944,2019.23,19777,5297.91,0.617024,0.607637,0.623249,0.732157,0.73196,0.671869
8.87522,29.9411,8.16195,298.641,297.323,47.2997,2020.01,19785.3,5299.84,0.617149,0.607762,0.623374,0.732282,0.732085,0.671994
8.87943,29.9595,8.16649,299.695,297.739,47.4192,2020.79,19793.6,5301.76,0.617274,0.607887,0.623499,0.732407,0.73221,0.672119
8.88359,29.978,8.171,300.935,298.22,47.5376,2021.58,19801.9,5303.68,0.617399,0.608012,0.623624,0.732532,0.732335,0.672244
8.88776,29.9966,8.17551,302.165,298.7,47.6609,2022.37,19810.2,5305.6,0.617524,0.608137,0.623749,0.732657,0.73246,0.672369
8.89187,30.0152,8.18005,303.363,299.182,47.8161,2023.16,19818.5,5307.52,0.617649,0.608262,0.623874,0.732782,0.732585,0.672494
8.89604,30.0337,8.18464,304.516,299.634,47.9366,2023.96,19826.8,5309.44,0.617774,0.608387,0.623999,0.732907,0.73271,0.672619
8.90026,30.0522,8.18923,305.677,300.082,48.0446,2024.76,19835.1,5311.36,0.617899,0.608512,0.624124,0.733032,0.732835,0.672744
8.90444,30.0707,8.19385,306.782,300.523,48.177,2025.56,19843.5,5313.28,0.618024,0.608637,0.624249,0.733157,0.73296,0.672869
8.90861,30.0893,8.19848,307.94,300.978,48.2997,2026.37,19851.8,5315.2,0.618149,0.608762,0.624374,0.733282,0.733085,0.672994
8.91284,30.1078,8.20309,308.987,301.4,48.4406,2027.18,19860.1,5317.12,0.618274,0.608887,0.624499,0.733407,0.73321,0.673119
8.91707,30.1263,8.20769,310.145,301.855,48.5687,2028,19868.4,5319.04,0.618399,0.609012,0.624624,0.733532,0.733335,0.673244
8.92132,30.1449,8.2123,311.221,302.287,48.709,2028.82,19876.8,5320.95,0.618524,0.609137,0.624749,0.733657,0.73346,0.673369
8.92556,30.1635,8.21688,312.422,302.76,48.8463,2029.64,19885.1,5322.87,0.618649,0.609262,0.624874,0.733782,0.733585,0.673494
8.92974,30.182,8.22156,313.598,303.224,48.9778,2030.46,19893.4,5324.79,0.618774,0.609387,0.624999,0.733907,0.73371,0.673619
8.93398,30.2006,8.22624,314.684,303.658,49.1139,2031.29,19901.8,5326.71,0.618899,0.609512,0.625124,0.734032,0.733835,0.673744
8.93824,30.2191,8.23091,315.763,304.091,49.2542,2032.13,19910.1,5328.62,0.619024,0.609637,0.625249,0.734157,0.73396,0.673869
8.94246,30.2377,8.23562,316.936,304.551,49.3784,2032.96,19918.5,5330.54,0.619149,0.609762,0.625374,0.734282,0.734085,0.673994
8.9467,30.2563,8.24027,318.122,305.022,49.5238,2033.8,19926.8,5332.46,0.619274,0.609887,0.625499,0.734407,0.73421,0.674119
8.95096,30.2749,8.24495,319.328,305.493,49.6514,2034.65,19935.2,5334.37,0.619399,0.610012,0.625624,0.734532,0.734335,0.674244
8.95523,30.2935,8.24962,320.534,305.966,49.7866,2035.5,19943.5,5336.29,0.619524,0.610137,0.625749,0.734657,0.73446,0.674369
8.95951,30.3122,8.25427,321.741,306.448,49.9432,2036.35,19951.9,5338.2,0.619649,0.610262,0.625874,0.734782,0.734585,0.674494
8.96375,30.3308,8.259,322.97,306.931,50.0817,2037.21,19960.3,5340.12,0.619774,0.610387,0.625999,0.734907,0.73471,0.674619
8.96801,30.3495,8.26371,324.202,307.415,50.2205,2038.07,19968.7,5342.04,0.619899,0.610512,0.626124,0.735032,0.734835,0.674744
8.97233,30.3682,8.26838,325.495,307.913,50.3475,2038.93,19977,5343.95,0.620024,0.610637,0.626249,0.735157,0.73496,0.674869
8.97657,30.3868,8.27316,326.696,308.388,50.4868,2039.8,19985.4,5345.86,0.620149,0.610762,0.626374,0.735282,0.735085,0.674994
8.98085,30.4054,8.27797,327.845,308.841,50.6183,2040.67,19993.8,5347.78,0.620274,0.610887,0.626499,0.735407,0.73521,0.675119
8.98518,30.4241,8.28263,329.121,309.346,50.777,2041.55,20002.2,5349.69,0.620399,0.611012,0.626624,0.735532,0.735335,0.675244
8.98946,30.4428,8.28745,330.301,309.81,50.9097,2042.42,20010.6,5351.61,0.620524,0.611137,0.626749,0.735657,0.73546,0.675369
8.99377,30.4615,8.29222,331.502,310.287,51.0596,2043.31,20019,5353.52,0.620649,0.611262,0.626874,0.735782,0.735585,0.675494
8.99813,30.4801,8.297,332.615,310.734,51.2117,2044.2,20027.3,5355.44,0.620774,0.611387,0.626999,0.735907,0.73571,0.675619
9.00251,30.4988,8.30172,333.86,311.222,51.3577,2045.09,20035.8,5357.35,0.620899,0.611512,0.627124,0.736032,0.735835,0.675744
9.00692,30.5175,8.3065,334.96,311.664,51.5128,2045.98,20044.2,5359.26,0.621024,0.611637,0.627249,0.736157,0.73596,0.675869
9.01125,30.5362,8.31127,336.252,312.167,51.6526,2046.88,20052.6,5361.17,0.621149,0.611762,0.627374,0.736282,0.736085,0.675994
9.0156,30.5549,8.31609,337.441,312.641,51.8074,2047.79,20061,5363.09,0.621274,0.611887,0.627499,0.736407,0.73621,0.676119
9.01992,30.5736,8.32093,338.71,313.138,51.9511,2048.7,20069.4,5365,0.621399,0.612011,0.627624,0.736531,0.736335,0.676244
9.02428,30.5924,8.32571,340.065,313.657,52.082,2049.61,20077.8,5366.91,0.621524,0.612136,0.627749,0.736656,0.73646,0.676369
9.02868,30.6111,8.33052,341.275,314.137,52.2369,2050.53,20086.2,5368.82,0.621649,0.612261,0.627874,0.736781,0.736585,0.676494
9.03302,30.6298,8.33539,342.506,314.626,52.3916,2051.45,20094.7,5370.73,0.621774,0.612386,0.627999,0.736906,0.73671,0.676619
9.03735,30.6486,8.34029,343.796,315.13,52.5335,2052.37,20103.1,5372.65,0.621899,0.612511,0.628124,0.737031,0.736835,0.676744
9.04177,30.6674,8.34507,345.129,315.647,52.682,2053.3,20111.5,5374.56,0.622024,0.612636,0.628249,0.737156,0.73696,0.676868
9.04618,30.6862,8.34991,346.335,316.131,52.8538,2054.23,20120,5376.47,0.622149,0.612761,0.628374,0.737281,0.737085,0.676993
9.05062,30.705,8.35464,347.792,316.697,53.0213,2055.17,20128.4,5378.38,0.622274,0.612886,0.628499,0.737406,0.73721,0.677118
9.05506,30.7238,8.35945,349.071,317.203,53.1898,2056.11,20136.9,5380.29,0.622399,0.613011,0.628624,0.737531,0.737335,0.677243
9.05952,30.7426,8.36431,350.208,317.667,53.3702,2057.06,20145.3,5382.2,0.622524,0.613136,0.628749,0.737656,0.73746,0.677368
9.06391,30.7614,8.36919,351.576,318.2,53.5241,2058.01,20153.8,5384.11,0.622649,0.613261,0.628874,0.737781,0.737585,0.677493
9.06833,30.7802,8.37412,352.804,318.684,53.6751,2058.97,20162.2,5386.02,0.622774,0.613386,0.628999,0.737906,0.73771,0.677618
9.07276,30.7991,8.379,354.109,319.205,53.8565,2059.93,20170.7,5387.93,0.622899,0.613511,0.629124,0.738031,0.737835,0.677743
9.07726,30.8179,8.38386,355.367,319.701,54.0203,2060.89,20179.2,5389.84,0.623024,0.613636,0.629249,0.738156,0.73796,0.677868
9.08173,30.8367,8.38879,356.61,320.19,54.1719,2061.86,20187.6,5391.75,0.623149,0.613761,0.629374,0.738281,0.738085,0.677993
9.0862,30.8555,8.39368,357.918,320.704,54.338,2062.83,20196.1,5393.66,0.623274,0.613886,0.629499,0.738406,0.73821,0.678118
9.09066,30.8744,8.39859,359.211,321.221,54.5188,2063.81,20204.6,5395.57,0.623399,0.614011,0.629624,0.738531,0.738335,0.678243
9.09515,30.8933,8.40347,360.594,321.761,54.6862,2064.79,20213.1,5397.48,0.623524,0.614136,0.629749,0.738656,0.73846,0.678368
9.0996,30.9121,8.40844,361.966,322.289,54.8288,2065.78,20221.5,5399.39,0.623649,0.614261,0.629874,0.738781,0.738585,0.678493
9.10411,30.931,8.41335,363.33,322.822,54.9956,2066.77,20230,5401.29,0.623774,0.614386,0.629999,0.738906,0.73871,0.678618
9.10859,30.9499,8.4183,364.683,323.352,55.1623,2067.77,20238.5,5403.2,0.623899,0.614511,0.630124,0.739031,0.738835,0.678743
9.1131,30.9688,8.42327,366.04,323.875,55.3078,2068.77,20247,5405.11,0.624024,0.614636,0.630249,0.739156,0.738959,0.678868
9.11767,30.9877,8.42817,367.339,324.392,55.4931,2069.77,20255.5,5407.02,0.624149,0.614761,0.630374,0.739281,0.739084,0.678993
9.12215,31.0065,8.43321,368.606,324.896,55.6656,2070.78,20264,5408.93,0.624274,0.614886,0.630499,0.739406,0.739209,0.679118
9.12667,31.0254,8.43824,369.82,325.38,55.8333,2071.8,20272.5,5410.83,0.624399,0.615011,0.630624,0.739531,0.739334,0.679243
9.13122,31.0442,8.44325,371.045,325.873,56.0169,2072.82,20281.1,5412.74,0.624524,0.615136,0.630749,0.739656,0.739459,0.679368
9.13574,31.0633,8.44815,372.554,326.467,56.2184,2073.84,20289.6,5414.65,0.624649,0.615261,0.630874,0.739781,0.739584,0.679493
9.14034,31.0822,8.45306,373.846,326.993,56.4361,2074.87,20298.1,5416.56,0.624774,0.615386,0.630999,0.739906,0.739709,0.679618
9.14491,31.1012,8.45801,375.271,327.55,56.6174,2075.91,20306.6,5418.46,0.624899,0.615511,0.631124,0.740031,0.739834,0.679743
9.1494,31.1202,8.46308,376.595,328.081,56.8095,2076.95,20315.2,5420.37,0.625024,0.615636,0.631249,0.740156,0.739959,0.679868
9.15399,31.1392,8.46805,378.01,328.64,57.0041,2077.99,20323.7,5422.28,0.625149,0.615761,0.631374,0.740281,0.740084,0.679993
9.15856,31.1581,8.47308,379.373,329.177,57.1842,2079.04,20332.2,5424.18,0.625274,0.615886,0.631499,0.740406,0.740209,0.680118
9.16316,31.1771,8.47811,380.652,329.69,57.3795,2080.09,20340.8,5426.09,0.625399,0.616011,0.631624,0.740531,0.740334,0.680243
9.16771,31.1961,8.48319,382.103,330.25,57.5413,2081.15,20349.3,5427.99,0.625524,0.616136,0.631749,0.740656,0.740459,0.680368
9.17236,31.215,8.48818,383.403,330.775,57.7535,2082.21,20357.9,5429.9,0.625649,0.616261,0.631874,0.740781,0.740584,0.680493
9.17702,31.2341,8.49316,384.793,331.328,57.9575,2083.28,20366.4,5431.8,0.625774,0.616386,0.631999,0.740906,0.740709,0.680618
9.18161,31.2531,8.49818,386.31,331.917,58.1444,2084.36,20375,5433.71,0.625899,0.616511,0.632124,0.741031,0.740834,0.680743
9.18623,31.2721,8.50329,387.638,332.44,58.3218,2085.44,20383.5,5435.62,0.626024,0.616636,0.632249,0.741156,0.740959,0.680868
9.1909,31.2911,8.50831,388.973,332.978,58.5359,2086.52,20392.1,5437.52,0.626149,0.616761,0.632374,0.741281,0.741084,0.680993
9.19553,31.3101,8.51337,390.314,333.523,58.7608,2087.61,20400.7,5439.42,0.626274,0.616886,0.632499,0.741406,0.741209,0.681118
9.20016,31.3292,8.51844,391.739,334.085,58.9579,2088.7,20409.2,5441.33,0.626399,0.617011,0.632624,0.741531,0.741334,0.681243
9.20474,31.3482,8.52363,393.07,334.619,59.1565,2089.8,20417.8,5443.23,0.626524,0.617136,0.632749,0.741656,0.741459,0.681368
9.20945,31.3672,8.52868,394.476,335.168,59.341,2090.91,20426.4,5445.14,0.626649,0.617261,0.632874,0.741781,0.741584,0.681493
9.21408,31.3863,8.5338,396.026,335.762,59.5134,2092.02,20435,5447.04,0.626774,0.617386,0.632999,0.741906,0.741709,0.681618
9.21877,31.4054,8.53887,397.553,336.353,59.7033,2093.13,20443.6,5448.95,0.626899,0.617511,0.633124,0.742031,0.741834,0.681743
9.22343,31.4244,8.54404,398.862,336.876,59.8973,2094.25,20452.2,5450.85,0.627024,0.617636,0.633249,0.742156,0.741959,0.681868
9.22815,31.4435,8.54911,400.277,337.443,60.1225,2095.38,20460.8,5452.76,0.627149,0.617761,0.633374,0.742281,0.742084,0.681993
9.23283,31.4626,8.55426,401.752,338.015,60.3049,2096.51,20469.4,5454.66,0.627274,0.617886,0.633499,0.742406,0.742209,0.682118
9.23752,31.4817,8.55942,403.134,338.569,60.5209,2097.64,20478,5456.56,0.627399,0.618011,0.633624,0.742531,0.742334,0.682243
9.24227,31.5008,8.56453,404.58,339.136,60.7203,2098.79,20486.6,5458.47,0.627524,0.618136,0.633749,0.742656,0.742459,0.682368
9.24698,31.52,8.56964,406.133,339.744,60.9336,2099.93,20495.2,5460.37,0.627649,0.618261,0.633874,0.742781,0.742584,0.682493
9.25168,31.5391,8.57483,407.518,340.298,61.1471,2101.09,20503.9,5462.27,0.627774,0.618386,0.633999,0.742906,0.742709,0.682618
9.25642,31.5583,8.5799,409.118,340.93,61.3853,2102.24,20512.5,5464.18,0.627899,0.618511,0.634124,0.743031,0.742834,0.682743
9.26119,31.5775,8.58501,410.716,341.551,61.5961,2103.41,20521.1,5466.08,0.628024,0.618636,0.634249,0.743156,0.742959,0.682868
9.26592,31.5966,8.59019,412.093,342.11,61.8332,2104.58,20529.7,5467.98,0.628149,0.618761,0.634374,0.743281,0.743084,0.682993
9.27063,31.6158,8.59541,413.459,342.668,62.074,2105.75,20538.4,5469.89,0.628274,0.618886,0.634499,0.743406,0.743209,0.683118
9.2754,31.6349,8.60058,414.947,343.256,62.2925,2106.93,20547,5471.79,0.628399,0.619011,0.634624,0.743531,0.743334,0.683243
9.2801,31.6541,8.60588,416.349,343.81,62.4891,2108.12,20555.7,5473.69,0.628524,0.619136,0.634749,0.743656,0.743459,0.683368
9.2849,31.6732,8.6111,417.708,344.35,62.6968,2109.31,20564.3,5475.6,0.628649,0.619261,0.634874,0.743781,0.743584,0.683493
9.28959,31.6924,8.61637,419.143,344.939,62.9558,2110.51,20573,5477.5,0.628774,0.619386,0.634999,0.743906,0.743709,0.683618
9.2944,31.7116,8.6216,420.603,345.515,63.1687,2111.71,20581.7,5479.4,0.628899,0.619511,0.635124,0.744031,0.743834,0.683743
9.29925,31.7308,8.62673,422.175,346.136,63.4097,2112.92,20590.3,5481.3,0.629023,0.619636,0.635249,0.744156,0.743959,0.683868
9.30404,31.75,8.63203,423.566,346.683,63.6045,2114.13,20599,5483.2,0.629148,0.619761,0.635374,0.744281,0.744084,0.683993
9.30883,31.7692,8.63727,425.054,347.28,63.8494,2115.35,20607.7,5485.11,0.629273,0.619886,0.635499,0.744406,0.744209,0.684118
9.31368,31.7884,8.64248,426.556,347.88,64.0925,2116.58,20616.3,5487.01,0.629398,0.620011,0.635624,0.744531,0.744334,0.684243
9.31842,31.8076,8.64784,428.005,348.455,64.3076,2117.81,20625,5488.91,0.629523,0.620136,0.635749,0.744656,0.744459,0.684368
9.3233,31.8269,8.65306,429.54,349.058,64.5315,2119.05,20633.7,5490.81,0.629648,0.620261,0.635873,0.744781,0.744584,0.684493
9.32817,31.8461,8.65831,431.04,349.645,64.7467,2120.29,20642.4,5492.71,0.629773,0.620386,0.635998,0.744906,0.744709,0.684618
9.33303,31.8653,8.66361,432.459,350.209,64.9665,2121.54,20651.1,5494.62,0.629898,0.620511,0.636123,0.745031,0.744834,0.684743
9.33789,31.8845,8.66893,433.901,350.777,65.1769,2122.8,20659.8,5496.52,0.630023,0.620636,0.636248,0.745156,0.744959,0.684868
9.34274,31.9038,8.67422,435.33,351.363,65.4483,2124.06,20668.5,5498.42,0.630148,0.620761,0.636373,0.745281,0.745084,0.684993
9.3476,31.9231,8.67949,436.861,351.98,65.7106,2125.32,20677.2,5500.32,0.630273,0.620886,0.636498,0.745406,0.745209,0.685118
9.35245,31.9424,8.68477,438.458,352.622,65.9807,2126.6,20685.9,5502.22,0.630398,0.621011,0.636623,0.745531,0.745334,0.685243
9.35737,31.9617,8.69007,439.823,353.183,66.2469,2127.88,20694.7,5504.12,0.630523,0.621136,0.636748,0.745656,0.745459,0.685368
9.36227,31.981,8.69542,441.252,353.752,66.4732,2129.16,20703.4,5506.03,0.630648,0.621261,0.636873,0.745781,0.745584,0.685493
9.36717,32.0003,8.70071,442.881,354.388,66.7067,2130.45,20712.1,5507.93,0.630773,0.621386,0.636998,0.745906,0.745709,0.685618
9.37209,32.0196,8.70605,444.368,354.975,66.9331,2131.75,20720.8,5509.83,0.630898,0.621511,0.637123,0.746031,0.745834,0.685743
9.377,32.0389,8.71138,445.899,355.589,67.1932,2133.06,20729.6,5511.73,0.631023,0.621636,0.637248,0.746156,0.745959,0.685868
9.38185,32.0582,8.71678,447.456,356.214,67.4498,2134.37,20738.3,5513.63,0.631148,0.621761,0.637373,0.746281,0.746084,0.685993
9.38676,32.0775,8.72217,448.982,356.816,67.6811,2135.68,20747.1,5515.53,0.631273,0.621886,0.637498,0.746406,0.746209,0.686118
9.39171,32.0969,8.72752,450.515,357.427,67.9336,2137,20755.8,5517.43,0.631398,0.622011,0.637623,0.746531,0.746334,0.686243
9.39663,32.1162,8.73297,451.908,357.987,68.1697,2138.33,20764.6,5519.34,0.631523,0.622136,0.637748,0.746656,0.746459,0.686368
9.40151,32.1355,8.7384,453.419,358.603,68.4451,2139.67,20773.3,5521.24,0.631648,0.622261,0.637873,0.746781,0.746584,0.686493
9.4065,32.1549,8.74376,454.904,359.21,68.7283,2141.01,20782.1,5523.14,0.631773,0.622386,0.637998,0.746906,0.746709,0.686618
9.41143,32.1742,8.7492,456.463,359.824,68.9656,2142.36,20790.9,5525.04,0.631898,0.622511,0.638123,0.747031,0.746834,0.686743
9.41641,32.1936,8.75461,457.995,360.431,69.209,2143.71,20799.7,5526.94,0.632023,0.622636,0.638248,0.747156,0.746959,0.686868
9.42146,32.213,8.7599,459.64,361.088,69.4932,2145.07,20808.4,5528.84,0.632148,0.622761,0.638373,0.747281,0.747084,0.686993
9.42649,32.2324,8.76531,461.1,361.672,69.7446,2146.44,20817.2,5530.74,0.632273,0.622886,0.638498,0.747406,0.747209,0.687118
9.43139,32.2517,8.77087,462.654,362.279,69.9611,2147.81,20826,5532.64,0.632398,0.623011,0.638623,0.747531,0.747334,0.687243
9.43639,32.2711,8.77631,464.225,362.899,70.208,2149.19,20834.8,5534.54,0.632523,0.623136,0.638748,0.747656,0.747459,0.687368
9.44135,32.2906,8.78176,465.855,363.549,70.4781,2150.58,20843.6,5536.45,0.632648,0.623261,0.638873,0.747781,0.747584,0.687493
9.44635,32.31,8.78718,467.543,364.216,70.7442,2151.97,20852.4,5538.35,0.632773,0.623386,0.638998,0.747906,0.747709,0.687618
9.45142,32.3294,8.79264,469.004,364.803,71.0053,2153.37,20861.2,5540.25,0.632898,0.623511,0.639123,0.748031,0.747834,0.687743
9.45641,32.3488,8.79814,470.594,365.436,71.2666,2154.78,20870,5542.15,0.633023,0.623636,0.639248,0.748156,0.747959,0.687868
9.4613,32.3683,8.80373,472.129,366.071,71.5684,2156.19,20878.9,5544.05,0.633148,0.623761,0.639373,0.748281,0.748084,0.687993
9.46635,32.3877,8.80927,473.568,366.657,71.8384,2157.61,20887.7,5545.95,0.633273,0.623886,0.639498,0.748406,0.748209,0.688118
9.47136,32.4072,8.81478,475.247,367.32,72.1039,2159.04,20896.5,5547.86,0.633398,0.624011,0.639623,0.748531,0.748334,0.688243
9.47638,32.4267,8.82024,476.999,368.018,72.3994,2160.47,20905.4,5549.76,0.633523,0.624136,0.639748,0.748656,0.748459,0.688368
9.48139,32.4461,8.82584,478.429,368.615,72.7011,2161.91,20914.2,5551.66,0.633648,0.624261,0.639873,0.748781,0.748584,0.688493
9.4865,32.4656,8.83137,479.935,369.223,72.9758,2163.36,20923,5553.56,0.633773,0.624386,0.639998,0.748906,0.748709,0.688618
9.49157,32.4851,8.83687,481.597,369.891,73.2747,2164.81,20931.9,5555.46,0.633898,0.624511,0.640123,0.749031,0.748834,0.688743
9.49667,32.5046,8.84238,483.292,370.55,73.5255,2166.27,20940.7,5557.37,0.634023,0.624636,0.640248,0.749156,0.748959,0.688868
9.5018,32.5241,8.84787,484.928,371.201,73.8049,2167.74,20949.6,5559.27,0.634148,0.624761,0.640373,0.749281,0.749084,0.688993
9.50687,32.5437,8.85345,486.538,371.853,74.1026,2169.21,20958.5,5561.17,0.634273,0.624886,0.640498,0.749406,0.749209,0.689118
9.51194,32.5632,8.85905,488.218,372.506,74.3466,2170.7,20967.3,5563.07,0.634398,0.625011,0.640623,0.749531,0.749334,0.689243
9.51701,32.5827,8.86466,489.859,373.166,74.6385,2172.18,20976.2,5564.97,0.634523,0.625136,0.640748,0.749656,0.749459,0.689368
9.52218,32.6022,8.87021,491.432,373.798,74.9248,2173.68,20985.1,5566.88,0.634648,0.625261,0.640873,0.749781,0.749584,0.689493
9.52729,32.6218,8.8758,493.043,374.452,75.2294,2175.18,20994,5568.78,0.634773,0.625386,0.640998,0.749906,0.749709,0.689618
9.53246,32.6413,8.88131,494.872,375.155,75.4848,2176.69,21002.9,5570.68,0.634898,0.625511,0.641123,0.750031,0.749834,0.689743
9.53762,32.6609,8.88686,496.494,375.822,75.8205,2178.21,21011.8,5572.58,0.635023,0.625636,0.641248,0.750156,0.749959,0.689868
9.54277,32.6806,8.89241,498.186,376.509,76.1469,2179.73,21020.7,5574.49,0.635148,0.62576,0.641373,0.75028,0.750084,0.689993
9.54789,32.7001,8.89806,499.819,377.168,76.4465,2181.26,21029.6,5576.39,0.635273,0.625885,0.641498,0.750405,0.750209,0.690118
9.553,32.7197,8.90376,501.519,377.83,76.6979,2182.8,21038.5,5578.29,0.635398,0.62601,0.641623,0.75053,0.750334,0.690243
9.55817,32.7393,8.9094,503.268,378.509,76.9555,2184.35,21047.4,5580.19,0.635523,0.626135,0.641748,0.750655,0.750459,0.690368
9.56335,32.7588,8.91505,504.888,379.161,77.2549,2185.9,21056.3,5582.1,0.635648,0.62626,0.641873,0.75078,0.750584,0.690493
9.56855,32.7785,8.92066,506.551,379.835,77.5762,2187.46,21065.2,5584,0.635773,0.626385,0.641998,0.750905,0.750709,0.690618
9.57373,32.7981,8.92632,508.243,380.515,77.8838,2189.03,21074.2,5585.9,0.635898,0.62651,0.642123,0.75103,0.750834,0.690742
9.57895,32.8178,8.93189,510.035,381.227,78.1984,2190.61,21083.1,5587.81,0.636023,0.626635,0.642248,0.751155,0.750959,0.690867
9.58414,32.8374,8.9376,511.649,381.883,78.5096,2192.19,21092,5589.71,0.636148,0.62676,0.642373,0.75128,0.751084,0.690992
9.58941,32.857,8.94319,513.368,382.575,78.8359,2193.78,21101,5591.61,0.636273,0.626885,0.642498,0.751405,0.751209,0.691117
9.59468,32.8767,8.94877,515.186,383.295,79.1522,2195.38,21109.9,5593.52,0.636398,0.62701,0.642623,0.75153,0.751334,0.691242
9.59991,32.8965,8.95435,517.063,384.041,79.4857,2196.98,21118.9,5595.42,0.636523,0.627135,0.642748,0.751655,0.751459,0.691367
9.60514,32.9161,8.96004,518.804,384.735,79.7954,2198.6,21127.8,5597.33,0.636648,0.62726,0.642873,0.75178,0.751584,0.691492
9.61041,32.9357,8.96581,520.371,385.354,80.0563,2200.22,21136.8,5599.23,0.636773,0.627385,0.642998,0.751905,0.751709,0.691617
9.61562,32.9554,8.9715,522.216,386.088,80.3792,2201.85,21145.8,5601.14,0.636898,0.62751,0.643123,0.75203,0.751834,0.691742
9.6209,32.9751,8.97722,523.865,386.752,80.6924,2203.48,21154.8,5603.04,0.637023,0.627635,0.643248,0.752155,0.751959,0.691867
9.62615,32.9947,8.98299,525.632,387.444,80.9719,2205.13,21163.7,5604.95,0.637148,0.62776,0.643373,0.75228,0.752084,0.691992
9.63132,33.0144,8.98884,527.403,388.14,81.2527,2206.78,21172.7,5606.85,0.637273,0.627885,0.643498,0.752405,0.752209,0.692117
9.63666,33.0342,8.99445,529.212,388.87,81.609,2208.44,21181.7,5608.76,0.637398,0.62801,0.643623,0.75253,0.752334,0.692242
9.64197,33.0539,9.00012,531.111,389.619,81.9351,2210.1,21190.7,5610.66,0.637523,0.628135,0.643748,0.752655,0.752459,0.692367
9.6473,33.0736,9.00588,532.863,390.305,82.2201,2211.78,21199.7,5612.57,0.637648,0.62826,0.643873,0.75278,0.752584,0.692492
9.65261,33.0933,9.01164,534.632,391.005,82.5259,2213.46,21208.7,5614.47,0.637773,0.628385,0.643998,0.752905,0.752708,0.692617
9.65794,33.113,9.01744,536.309,391.677,82.8364,2215.15,21217.8,5616.38,0.637898,0.62851,0.644123,0.75303,0.752833,0.692742
9.66327,33.1328,9.02319,538.095,392.387,83.1584,2216.85,21226.8,5618.29,0.638023,0.628635,0.644248,0.753155,0.752958,0.692867
9.66855,33.1525,9.02903,539.843,393.089,83.4826,2218.56,21235.8,5620.19,0.638148,0.62876,0.644373,0.75328,0.753083,0.692992
9.67388,33.1723,9.03476,541.667,393.824,83.8336,2220.27,21244.8,5622.1,0.638273,0.628885,0.644498,0.753405,0.753208,0.693117
9.67912,33.1921,9.04063,543.462,394.552,84.1833,2221.99,21253.9,5624.01,0.638398,0.62901,0.644623,0.75353,0.753333,0.693242
9.6845,33.2119,9.0464,545.247,395.268,84.5231,2223.73,21262.9,5625.92,0.638523,0.629135,0.644748,0.753655,0.753458,0.693367
9.68985,33.2317,9.05218,547.08,396.001,84.8659,2225.46,21271.9,5627.82,0.638648,0.62926,0.644873,0.75378,0.753583,0.693492
9.69523,33.2515,9.05799,549.048,396.76,85.1621,2227.21,21281,5629.73,0.638773,0.629385,0.644998,0.753905,0.753708,0.693617
9.70057,33.2713,9.06389,550.721,397.443,85.5044,2228.97,21290.1,5631.64,0.638898,0.62951,0.645123,0.75403,0.753833,0.693742
9.70588,33.2911,9.06979,552.357,398.129,85.8826,2230.73,21299.1,5633.55,0.639023,0.629635,0.645248,0.754155,0.753958,0.693867
9.71116,33.3109,9.07574,554.097,398.843,86.2428,2232.5,21308.2,5635.46,0.639148,0.62976,0.645373,0.75428,0.754083,0.693992
9.7165,33.3308,9.08158,555.901,399.589,86.6397,2234.28,21317.3,5637.37,0.639273,0.629885,0.645498,0.754405,0.754208,0.694117
9.72189,33.3507,9.08743,557.735,400.331,87.0056,2236.07,21326.3,5639.28,0.639398,0.63001,0.645623,0.75453,0.754333,0.694242
9.7273,33.3705,9.09329,559.541,401.064,87.3707,2237.87,21335.4,5641.19,0.639523,0.630135,0.645748,0.754655,0.754458,0.694367
9.73277,33.3904,9.09911,561.257,401.778,87.7682,2239.67,21344.5,5643.09,0.639648,0.63026,0.645873,0.75478,0.754583,0.694492
9.73828,33.4102,9.10495,562.991,402.478,88.1195,2241.49,21353.6,5645,0.639773,0.630385,0.645998,0.754905,0.754708,0.694617
9.74381,33.43,9.1108,564.731,403.172,88.4505,2243.31,21362.7,5646.91,0.639898,0.63051,0.646123,0.75503,0.754833,0.694742
9.74918,33.4499,9.11681,566.504,403.888,88.7942,2245.14,21371.8,5648.83,0.640023,0.630635,0.646248,0.755155,0.754958,0.694867
9.75471,33.4698,9.1226,568.384,404.639,89.1577,2246.98,21380.9,5650.74,0.640148,0.63076,0.646373,0.75528,0.755083,0.694992
9.76019,33.4897,9.12843,570.309,405.41,89.5303,2248.83,21390.1,5652.65,0.640273,0.630885,0.646498,0.755405,0.755208,0.695117
9.76568,33.5096,9.13429,572.108,406.148,89.925,2250.68,21399.2,5654.56,0.640398,0.63101,0.646623,0.75553,0.755333,0.695242
9.77118,33.5295,9.14017,573.918,406.886,90.3085,2252.55,21408.3,5656.47,0.640523,0.631135,0.646748,0.755655,0.755458,0.695367
9.7766,33.5494,9.14616,575.738,407.625,90.6782,2254.42,21417.5,5658.38,0.640648,0.63126,0.646873,0.75578,0.755583,0.695492
9.78211,33.5693,9.15207,577.599,408.374,91.0477,2256.3,21426.6,5660.29,0.640773,0.631385,0.646998,0.755905,0.755708,0.695617
9.78763,33.5893,9.15791,579.52,409.153,91.4481,2258.19,21435.7,5662.21,0.640898,0.63151,0.647123,0.75603,0.755833,0.695742
9.79316,33.6092,9.16388,581.278,409.865,91.8096,2260.09,21444.9,5664.12,0.641023,0.631635,0.647248,0.756155,0.755958,0.695867
9.7987,33.6291,9.16985,583.102,410.59,92.1512,2262,21454.1,5666.03,0.641148,0.63176,0.647373,0.75628,0.756083,0.695992
9.80421,33.6491,9.17576,585.059,411.377,92.5409,2263.92,21463.2,5667.95,0.641273,0.631885,0.647498,0.756405,0.756208,0.696117
9.80974,33.669,9.18174,586.87,412.115,92.9248,2265.84,21472.4,5669.86,0.641398,0.63201,0.647623,0.75653,0.756333,0.696242
9.81521,33.689,9.18774,588.896,412.909,93.2707,2267.78,21481.6,5671.78,0.641523,0.632135,0.647748,0.756655,0.756458,0.696367
9.8207,33.709,9.19378,590.729,413.66,93.666,2269.72,21490.8,5673.69,0.641648,0.63226,0.647873,0.75678,0.756583,0.696492
9.82619,33.729,9.19982,592.623,414.424,94.0444,2271.68,21500,5675.61,0.641773,0.632385,0.647998,0.756905,0.756708,0.696617
9.83179,33.749,9.20574,594.665,415.224,94.404,2273.64,21509.1,5677.52,0.641898,0.63251,0.648123,0.75703,0.756833,0.696742
9.83731,33.769,9.21178,596.667,416.011,94.7541,2275.61,21518.3,5679.44,0.642023,0.632635,0.648248,0.757155,0.756958,0.696867
9.84291,33.789,9.21774,598.598,416.789,95.1515,2277.59,21527.6,5681.36,0.642148,0.63276,0.648373,0.75728,0.757083,0.696992
9.84852,33.8091,9.22363,600.65,417.616,95.5738,2279.58,21536.8,5683.27,0.642273,0.632885,0.648498,0.757405,0.757208,0.697117
9.85403,33.8292,9.22971,602.641,418.412,95.9547,2281.58,21546,5685.19,0.642398,0.63301,0.648623,0.75753,0.757333,0.697242
9.8596,33.8492,9.23576,604.586,419.193,96.3419,2283.59,21555.2,5687.11,0.642523,0.633135,0.648748,0.757655,0.757458,0.697367
9.86519,33.8692,9.2418,606.457,419.96,96.756,2285.61,21564.4,5689.03,0.642648,0.63326,0.648873,0.75778,0.757583,0.697492
9.87078,33.8892,9.24789,608.284,420.713,97.1671,2287.63,21573.7,5690.95,0.642772,0.633385,0.648998,0.757905,0.757708,0.697617
9.8764,33.9093,9.25389,610.231,421.512,97.6042,2289.67,21582.9,5692.86,0.642897,0.63351,0.649123,0.75803,0.757833,0.697742
9.88201,33.9294,9.25997,612.112,422.286,98.0281,2291.71,21592.2,5694.78,0.643022,0.633635,0.649248,0.758155,0.757958,0.697867
9.88772,33.9494,9.26604,613.917,423.017,98.4129,2293.77,21601.4,5696.7,0.643147,0.63376,0.649373,0.75828,0.758083,0.697992
9.89328,33.9694,9.27222,615.761,423.778,98.8277,2295.83,21610.7,5698.62,0.643272,0.633885,0.649498,0.758405,0.758208,0.698117
9.89884,33.9896,9.27835,617.795,424.599,99.2407,2297.91,21619.9,5700.55,0.643397,0.63401,0.649622,0.75853,0.758333,0.698242
9.90448,34.0097,9.2844,619.743,425.41,99.7066,2299.99,21629.2,5702.47,0.643522,0.634135,0.649747,0.758655,0.758458,0.698367
9.91012,34.0299,9.29044,621.723,426.238,100.192,2302.08,21638.5,5704.39,0.643647,0.63426,0.649872,0.75878,0.758583,0.698492
9.91574,34.05,9.29658,623.68,427.045,100.636,2304.18,21647.8,5706.31,0.643772,0.634385,0.649997,0.758905,0.758708,0.698617
9.92138,34.07,9.30286,625.409,427.766,101.045,2306.3,21657.1,5708.23,0.643897,0.63451,0.650122,0.75903,0.758833,0.698742
9.92714,34.0901,9.30896,627.266,428.53,101.474,2308.42,21666.4,5710.16,0.644022,0.634635,0.650247,0.759155,0.758958,0.698867
9.93275,34.1101,9.31524,629.254,429.305,101.812,2310.55,21675.7,5712.08,0.644147,0.63476,0.650372,0.75928,0.759083,0.698992
9.93842,34.1302,9.32146,631.264,430.096,102.177,2312.69,21685,5714,0.644272,0.634885,0.650497,0.759405,0.759208,0.699117
9.94411,34.1505,9.32753,633.368,430.956,102.646,2314.84,21694.3,5715.93,0.644397,0.63501,0.650622,0.75953,0.759333,0.699242
9.94975,34.1706,9.33373,635.478,431.788,103.035,2317,21703.6,5717.85,0.644522,0.635135,0.650747,0.759655,0.759458,0.699367
9.95551,34.1908,9.33982,637.521,432.617,103.48,2319.17,21713,5719.78,0.644647,0.63526,0.650872,0.75978,0.759583,0.699492
9.96124,34.211,9.34602,639.488,433.414,103.9,2321.35,21722.3,5721.71,0.644772,0.635385,0.650997,0.759905,0.759708,0.699617
9.967,34.2312,9.35221,641.521,434.223,104.3,2323.54,21731.6,5723.63,0.644897,0.63551,0.651122,0.76003,0.759833,0.699742
9.97274,34.2513,9.35842,643.618,435.045,104.68,2325.74,21741,5725.56,0.645022,0.635635,0.651247,0.760155,0.759958,0.699867
9.97842,34.2716,9.36456,645.789,435.928,105.154,2327.95,21750.3,5727.49,0.645147,0.63576,0.651372,0.76028,0.760083,0.699992
9.98417,34.2919,9.37071,647.853,436.783,105.647,2330.18,21759.7,5729.42,0.645272,0.635885,0.651497,0.760405,0.760208,0.700117
9.98991,34.312,9.37707,649.612,437.522,106.084,2332.41,21769.1,5731.35,0.645397,0.63601,0.651622,0.76053,0.760333,0.700242
9.99569,34.3323,9.38324,651.693,438.373,106.554,2334.65,21778.4,5733.28,0.645522,0.636135,0.651747,0.760655,0.760458,0.700367
10.0015,34.3525,9.3894,653.78,439.2,106.968,2336.9,21787.8,5735.21,0.645647,0.63626,0.651872,0.76078,0.760583,0.700492
10.0074,34.3728,9.39549,655.915,440.077,107.468,2339.16,21797.2,5737.14,0.645772,0.636385,0.651997,0.760905,0.760708,0.700617
10.0132,34.3929,9.40185,657.883,440.852,107.835,2341.43,21806.6,5739.07,0.645897,0.63651,0.652122,0.76103,0.760833,0.700742
10.019,34.4133,9.40802,660.131,441.741,108.27,2343.71,21816,5741,0.646022,0.636635,0.652247,0.761155,0.760958,0.700867
10.0247,34.4336,9.41427,662.301,442.611,108.715,2346.01,21825.4,5742.94,0.646147,0.63676,0.652372,0.76128,0.761083,0.700992
10.0306,34.4538,9.42051,664.329,443.436,109.17,2348.31,21834.8,5744.87,0.646272,0.636885,0.652497,0.761405,0.761208,0.701117
10.0364,34.4741,9.42679,666.349,444.261,109.626,2350.62,21844.2,5746.8,0.646397,0.63701,0.652622,0.76153,0.761333,0.701242
10.0422,34.4942,9.4332,668.323,445.055,110.036,2352.95,21853.6,5748.74,0.646522,0.637135,0.652747,0.761655,0.761458,0.701367
10.048,34.5146,9.43945,670.385,445.919,110.558,2355.28,21863.1,5750.68,0.646647,0.63726,0.652872,0.76178,0.761583,0.701492
10.0538,34.5348,9.44581,672.445,446.753,111.001,2357.63,21872.5,5752.61,0.646772,0.637385,0.652997,0.761905,0.761708,0.701617
10.0597,34.5551,9.45216,674.555,447.579,111.391,2359.98,21882,5754.55,0.646897,0.63751,0.653122,0.76203,0.761833,0.701742
10.0656,34.5754,9.45843,676.777,448.455,111.82,2362.35,21891.4,5756.49,0.647022,0.637635,0.653247,0.762155,0.761958,0.701867
10.0715,34.5958,9.46457,679.032,449.372,112.334,2364.72,21900.9,5758.43,0.647147,0.63776,0.653372,0.76228,0.762083,0.701992
10.0774,34.6161,9.47099,681.089,450.2,112.766,2367.11,21910.3,5760.36,0.647272,0.637885,0.653497,0.762405,0.762208,0.702117
10.0834,34.6365,9.47714,683.148,451.057,113.294,2369.51,21919.8,5762.3,0.647397,0.63801,0.653622,0.76253,0.762333,0.702242
10.0893,34.6568,9.48347,685.351,451.935,113.741,2371.92,21929.3,5764.24,0.647522,0.638135,0.653747,0.762655,0.762458,0.702367
10.0951,34.6772,9.48987,687.477,452.793,114.198,2374.34,21938.8,5766.19,0.647647,0.63826,0.653872,0.76278,0.762583,0.702492
10.101,34.6976,9.49621,689.69,453.684,114.671,2376.77,21948.2,5768.13,0.647772,0.638385,0.653997,0.762905,0.762708,0.702617
10.1069,34.718,9.50254,691.929,454.581,115.14,2379.21,21957.7,5770.07,0.647897,0.63851,0.654122,0.76303,0.762833,0.702742
10.1128,34.7384,9.50884,694.236,455.487,115.583,2381.67,21967.2,5772.01,0.648022,0.638635,0.654247,0.763155,0.762958,0.702867
10.1186,34.7588,9.51529,696.467,456.397,116.081,2384.13,21976.8,5773.96,0.648147,0.63876,0.654372,0.76328,0.763083,0.702992
10.1246,34.7793,9.52159,698.639,457.295,116.611,2386.61,21986.3,5775.9,0.648272,0.638885,0.654497,0.763405,0.763208,0.703117
10.1305,34.7997,9.52797,700.76,458.163,117.106,2389.09,21995.8,5777.85,0.648397,0.63901,0.654622,0.76353,0.763333,0.703242
10.1364,34.8201,9.53438,703.009,459.064,117.579,2391.59,22005.3,5779.8,0.648522,0.639135,0.654747,0.763655,0.763458,0.703367
10.1425,34.8406,9.54066,705.173,459.962,118.124,2394.1,22014.9,5781.74,0.648647,0.63926,0.654872,0.76378,0.763583,0.703492
10.1484,34.8611,9.54697,707.352,460.87,118.678,2396.62,22024.4,5783.69,0.648772,0.639385,0.654997,0.763905,0.763708,0.703617
10.1544,34.8816,9.55335,709.635,461.79,119.177,2399.15,22034,5785.64,0.648897,0.639509,0.655122,0.76403,0.763833,0.703742
10.1603,34.902,9.5598,711.772,462.675,119.701,2401.7,22043.5,5787.59,0.649022,0.639634,0.655247,0.764154,0.763958,0.703867
10.1663,34.9225,9.56617,713.968,463.583,120.241,2404.25,22053.1,5789.54,0.649147,0.639759,0.655372,0.764279,0.764083,0.703992
10.1723,34.943,9.57258,716.129,464.482,120.787,2406.82,22062.7,5791.49,0.649272,0.639884,0.655497,0.764404,0.764208,0.704117
10.1783,34.9634,9.57918,718.293,465.341,121.218,2409.39,22072.2,5793.44,0.649397,0.640009,0.655622,0.764529,0.764333,0.704242
10.1843,34.9838,9.58564,720.47,466.219,121.699,2411.98,22081.8,5795.4,0.649522,0.640134,0.655747,0.764654,0.764458,0.704367
10.1903,35.0043,9.59212,722.793,467.139,122.167,2414.58,22091.4,5797.35,0.649647,0.640259,0.655872,0.764779,0.764583,0.704491
10.1963,35.0248,9.5986,725.106,468.075,122.68,2417.2,22101,5799.31,0.649772,0.640384,0.655997,0.764904,0.764708,0.704616
10.2023,35.0453,9.60509,727.214,468.955,123.221,2419.82,22110.6,5801.26,0.649897,0.640509,0.656122,0.765029,0.764833,0.704741
10.2084,35.0658,9.6115,729.464,469.878,123.762,2422.46,22120.2,5803.22,0.650022,0.640634,0.656247,0.765154,0.764958,0.704866
10.2145,35.0863,9.61802,731.524,470.725,124.264,2425.1,22129.9,5805.18,0.650147,0.640759,0.656372,0.765279,0.765083,0.704991
10.2206,35.1067,9.62451,733.78,471.622,124.737,2427.76,22139.5,5807.14,0.650272,0.640884,0.656497,0.765404,0.765208,0.705116
10.2266,35.1272,9.63109,736.094,472.539,125.203,2430.43,22149.1,5809.09,0.650397,0.641009,0.656622,0.765529,0.765333,0.705241
10.2327,35.1477,9.63757,738.29,473.429,125.711,2433.11,22158.8,5811.06,0.650522,0.641134,0.656747,0.765654,0.765458,0.705366
10.2389,35.1683,9.644,740.441,474.314,126.246,2435.81,22168.4,5813.02,0.650647,0.641259,0.656872,0.765779,0.765583,0.705491
10.245,35.1888,9.65051,742.807,475.259,126.749,2438.51,22178.1,5814.98,0.650772,0.641384,0.656997,0.765904,0.765708,0.705616
10.2511,35.2094,9.65698,745.092,476.198,127.308,2441.23,22187.7,5816.94,0.650897,0.641509,0.657122,0.766029,0.765833,0.705741
10.2573,35.23,9.6634,747.45,477.145,127.834,2443.96,22197.4,5818.91,0.651022,0.641634,0.657247,0.766154,0.765958,0.705866
10.2634,35.2506,9.66995,749.733,478.078,128.375,2446.71,22207.1,5820.87,0.651147,0.641759,0.657372,0.766279,0.766083,0.705991
10.2695,35.2712,9.67645,752.208,479.057,128.881,2449.46,22216.8,5822.84,0.651272,0.641884,0.657497,0.766404,0.766208,0.706116
10.2756,35.2918,9.68303,754.572,479.997,129.376,2452.23,22226.5,5824.81,0.651397,0.642009,0.657622,0.766529,0.766333,0.706241
10.2817,35.3124,9.68963,756.777,480.906,129.92,2455.01,22236.2,5826.77,0.651522,0.642134,0.657747,0.766654,0.766457,0.706366
10.2878,35.3331,9.69612,759.015,481.852,130.536,2457.8,22245.9,5828.74,0.651647,0.642259,0.657872,0.766779,0.766582,0.706491
10.294,35.3537,9.70262,761.627,482.852,130.994,2460.6,22255.6,5830.71,0.651772,0.642384,0.657997,0.766904,0.766707,0.706616
10.3002,35.3744,9.70909,764.019,483.844,131.606,2463.42,22265.3,5832.68,0.651897,0.642509,0.658122,0.767029,0.766832,0.706741
10.3063,35.3951,9.71568,766.444,484.814,132.132,2466.25,22275,5834.66,0.652022,0.642634,0.658247,0.767154,0.766957,0.706866
10.3125,35.4156,9.72232,768.667,485.718,132.653,2469.09,22284.8,5836.63,0.652147,0.642759,0.658372,0.767279,0.767082,0.706991
10.3187,35.4363,9.72885,771.135,486.705,133.194,2471.94,22294.5,5838.6,0.652272,0.642884,0.658497,0.767404,0.767207,0.707116
10.3249,35.4569,9.73553,773.365,487.615,133.725,2474.81,22304.2,5840.58,0.652397,0.643009,0.658622,0.767529,0.767332,0.707241
10.331,35.4776,9.74212,775.7,488.591,134.338,2477.69,22314,5842.56,0.652522,0.643134,0.658747,0.767654,0.767457,0.707366
10.3372,35.4984,9.74869,778.218,489.618,134.936,2480.58,22323.8,5844.53,0.652647,0.643259,0.658872,0.767779,0.767582,0.707491
10.3433,35.5191,9.75536,780.562,490.582,135.509,2483.49,22333.5,5846.51,0.652772,0.643384,0.658997,0.767904,0.767707,0.707616
10.3494,35.5399,9.762,782.857,491.565,136.171,2486.4,22343.3,5848.49,0.652897,0.643509,0.659122,0.768029,0.767832,0.707741
10.3555,35.5606,9.76876,785.119,492.52,136.781,2489.33,22353.1,5850.47,0.653022,0.643634,0.659247,0.768154,0.767957,0.707866
10.3618,35.5813,9.77539,787.611,493.509,137.312,2492.28,22362.9,5852.46,0.653147,0.643759,0.659372,0.768279,0.768082,0.707991
10.368,35.602,9.78207,789.969,494.483,137.905,2495.23,22372.7,5854.44,0.653272,0.643884,0.659497,0.768404,0.768207,0.708116
10.3741,35.6228,9.78883,792.434,495.481,138.466,2498.2,22382.5,5856.42,0.653397,0.644009,0.659622,0.768529,0.768332,0.708241
10.3803,35.6434,9.79561,794.692,496.402,139.005,2501.18,22392.3,5858.41,0.653522,0.644134,0.659747,0.768654,0.768457,0.708366
10.3866,35.6641,9.80238,796.964,497.346,139.59,2504.18,22402.2,5860.39,0.653647,0.644259,0.659872,0.768779,0.768582,0.708491
10.3928,35.6849,9.80902,799.466,498.366,140.192,2507.19,22412,5862.38,0.653772,0.644384,0.659997,0.768904,0.768707,0.708616
10.3991,35.7057,9.81577,801.98,499.363,140.723,2510.21,22421.8,5864.37,0.653897,0.644509,0.660122,0.769029,0.768832,0.708741
10.4053,35.7263,9.82264,804.254,500.297,141.276,2513.24,22431.7,5866.36,0.654022,0.644634,0.660247,0.769154,0.768957,0.708866
10.4117,35.747,9.82934,806.641,501.262,141.839,2516.29,22441.5,5868.35,0.654147,0.644759,0.660372,0.769279,0.769082,0.708991
10.418,35.7679,9.83594,809.111,502.285,142.484,2519.35,22451.4,5870.35,0.654272,0.644884,0.660497,0.769404,0.769207,0.709116
10.4242,35.7886,9.84287,811.424,503.226,143.024,2522.42,22461.3,5872.34,0.654397,0.645009,0.660622,0.769529,0.769332,0.709241
10.4305,35.8093,9.84978,813.649,504.149,143.595,2525.51,22471.2,5874.33,0.654522,0.645134,0.660747,0.769654,0.769457,0.709366
10.4368,35.8301,9.85653,816.078,505.148,144.203,2528.61,22481,5876.33,0.654647,0.645259,0.660872,0.769779,0.769582,0.709491
10.4431,35.8508,9.8634,818.294,506.087,144.828,2531.72,22490.9,5878.33,0.654772,0.645384,0.660997,0.769904,0.769707,0.709616
10.4494,35.8715,9.87034,820.7,507.044,145.342,2534.85,22500.8,5880.33,0.654897,0.645509,0.661122,0.770029,0.769832,0.709741
10.4558,35.8923,9.87716,823.25,508.058,145.892,2537.99,22510.8,5882.33,0.655022,0.645634,0.661247,0.770154,0.769957,0.709866
10.4621,35.9132,9.88378,825.883,509.131,146.537,2541.15,22520.7,5884.33,0.655147,0.645759,0.661372,0.770279,0.770082,0.709991
10.4685,35.9342,9.89047,828.53,510.21,147.181,2544.31,22530.6,5886.33,0.655272,0.645884,0.661497,0.770404,0.770207,0.710116
10.4748,35.9551,9.89724,830.95,511.223,147.839,2547.5,22540.5,5888.34,0.655397,0.646009,0.661622,0.770529,0.770332,0.710241
10.4812,35.976,9.90404,833.503,512.267,148.465,2550.69,22550.5,5890.34,0.655522,0.646134,0.661747,0.770654,0.770457,0.710366
10.4875,35.9969,9.9108,836.047,513.323,149.133,2553.9,22560.4,5892.35,0.655647,0.646259,0.661872,0.770779,0.770582,0.710491
10.4939,36.0179,9.91748,838.574,514.381,149.828,2557.12,22570.4,5894.36,0.655772,0.646384,0.661997,0.770904,0.770707,0.710616
10.5004,36.0388,9.92427,840.955,515.376,150.48,2560.36,22580.3,5896.37,0.655897,0.646509,0.662122,0.771029,0.770832,0.710741
10.5069,36.0597,9.93098,843.42,516.4,151.143,2563.61,22590.3,5898.38,0.656022,0.646634,0.662247,0.771154,0.770957,0.710866
10.5133,36.0805,9.93797,845.798,517.365,151.71,2566.88,22600.3,5900.39,0.656147,0.646759,0.662372,0.771279,0.771082,0.710991
10.5198,36.1013,9.94478,848.109,518.331,152.35,2570.16,22610.3,5902.4,0.656272,0.646884,0.662497,0.771404,0.771207,0.711116
10.5261,36.1224,9.95157,850.743,519.437,153.071,2573.45,22620.3,5904.42,0.656397,0.647009,0.662622,0.771529,0.771332,0.711241
10.5325,36.1433,9.95841,853.23,520.472,153.737,2576.76,22630.3,5906.43,0.656521,0.647134,0.662747,0.771654,0.771457,0.711366
10.5389,36.1643,9.96532,855.752,521.517,154.393,2580.08,22640.3,5908.45,0.656646,0.647259,0.662872,0.771779,0.771582,0.711491
10.5454,36.1852,9.97212,858.374,522.577,155.022,2583.41,22650.3,5910.47,0.656771,0.647384,0.662997,0.771904,0.771707,0.711616
10.5519,36.206,9.97916,860.736,523.532,155.583,2586.76,22660.4,5912.49,0.656896,0.647509,0.663122,0.772029,0.771832,0.711741
10.5583,36.2268,9.98628,863.134,524.51,156.16,2590.13,22670.4,5914.51,0.657021,0.647634,0.663247,0.772154,0.771957,0.711866
10.5648,36.2477,9.99321,865.563,525.503,156.775,2593.5,22680.5,5916.54,0.657146,0.647759,0.663372,0.772279,0.772082,0.711991
10.5713,36.2685,10.0002,867.885,526.48,157.427,2596.9,22690.5,5918.56,0.657271,0.647884,0.663496,0.772404,0.772207,0.712116
10.5778,36.2896,10.007,870.544,527.571,158.108,2600.3,22700.6,5920.59,0.657396,0.648009,0.663621,0.772529,0.772332,0.712241
10.5843,36.3106,10.0139,873.118,528.644,158.802,2603.72,22710.6,5922.62,0.657521,0.648134,0.663746,0.772654,0.772457,0.712366
10.5908,36.3316,10.0208,875.668,529.687,159.443,2607.16,22720.7,5924.65,0.657646,0.648259,0.663871,0.772779,0.772582,0.712491
10.5974,36.3526,10.0278,878.266,530.74,160.079,2610.61,22730.8,5926.68,0.657771,0.648384,0.663996,0.772904,0.772707,0.712616
10.6038,36.3736,10.0348,880.909,531.811,160.709,2614.07,22740.9,5928.71,0.657896,0.648509,0.664121,0.773029,0.772832,0.712741
10.6103,36.3944,10.0419,883.434,532.826,161.293,2617.55,22751,5930.75,0.658021,0.648634,0.664246,0.773154,0.772957,0.712866
10.6168,36.4155,10.0489,886.21,533.942,161.934,2621.05,22761.1,5932.78,0.658146,0.648759,0.664371,0.773279,0.773082,0.712991
10.6234,36.4366,10.0558,889.012,535.06,162.573,2624.56,22771.2,5934.82,0.658271,0.648884,0.664496,0.773404,0.773207,0.713116
10.63,36.4575,10.0627,891.783,536.149,163.173,2628.08,22781.4,5936.86,0.658396,0.649009,0.664621,0.773529,0.773332,0.713241
10.6365,36.4787,10.0697,894.431,537.254,163.886,2631.62,22791.5,5938.9,0.658521,0.649134,0.664746,0.773654,0.773457,0.713366
10.6429,36.4997,10.0768,897.003,538.32,164.558,2635.18,22801.7,5940.94,0.658646,0.649259,0.664871,0.773779,0.773582,0.713491
10.6495,36.521,10.0836,899.849,539.496,165.314,2638.75,22811.8,5942.98,0.658771,0.649384,0.664996,0.773904,0.773707,0.713616
10.6561,36.542,10.0906,902.484,540.58,165.993,2642.34,22822,5945.03,0.658896,0.649509,0.665121,0.774029,0.773832,0.713741
10.6626,36.5632,10.0976,905.023,541.66,166.746,2645.94,22832.2,5947.08,0.659021,0.649634,0.665246,0.774154,0.773957,0.713866
10.6692,36.5842,10.1047,907.446,542.685,167.45,2649.55,22842.3,5949.13,0.659146,0.649759,0.665371,0.774279,0.774082,0.713991
10.6758,36.6052,10.1118,910.114,543.762,168.091,2653.18,22852.5,5951.18,0.659271,0.649884,0.665496,0.774404,0.774207,0.714116
10.6825,36.6262,10.1188,912.717,544.815,168.733,2656.83,22862.7,5953.23,0.659396,0.650009,0.665621,0.774529,0.774332,0.714241
10.6891,36.6472,10.126,915.312,545.87,169.367,2660.49,22872.9,5955.28,0.659521,0.650134,0.665746,0.774654,0.774457,0.714366
10.6957,36.6682,10.1332,918.031,546.966,170.015,2664.17,22883.1,5957.34,0.659646,0.650259,0.665871,0.774779,0.774582,0.714491
10.7022,36.6894,10.1403,920.616,548.058,170.753,2667.86,22893.4,5959.4,0.659771,0.650384,0.665996,0.774904,0.774707,0.714616
10.7089,36.7104,10.1475,923.309,549.136,171.375,2671.57,22903.6,5961.46,0.659896,0.650509,0.666121,0.775029,0.774832,0.714741
10.7155,36.7317,10.1544,926.029,550.284,172.165,2675.29,22913.8,5963.52,0.660021,0.650634,0.666246,0.775154,0.774957,0.714866
10.7221,36.7529,10.1615,928.595,551.381,172.938,2679.03,22924.1,5965.58,0.660146,0.650759,0.666371,0.775279,0.775082,0.714991
10.7286,36.7741,10.1686,931.468,552.561,173.674,2682.78,22934.3,5967.64,0.660271,0.650884,0.666496,0.775404,0.775207,0.715116
10.7354,36.7953,10.1757,934.052,553.652,174.43,2686.55,22944.6,5969.71,0.660396,0.651009,0.666621,0.775529,0.775332,0.715241
10.7421,36.8164,10.1828,936.801,554.765,175.105,2690.34,22954.9,5971.78,0.660521,0.651134,0.666746,0.775654,0.775457,0.715366
10.7489,36.8375,10.19,939.443,555.828,175.749,2694.14,22965.2,5973.85,0.660646,0.651259,0.666871,0.775779,0.775582,0.715491
10.7556,36.8587,10.197,942.284,556.98,176.458,2697.96,22975.5,5975.92,0.660771,0.651384,0.666996,0.775904,0.775707,0.715616
10.7623,36.88,10.204,945.187,558.169,177.209,2701.79,22985.8,5977.99,0.660896,0.651509,0.667121,0.776029,0.775832,0.715741
10.7689,36.9011,10.2113,947.719,559.234,177.927,2705.64,22996.1,5980.07,0.661021,0.651634,0.667246,0.776154,0.775957,0.715866
10.7756,36.9221,10.2187,950.325,560.303,178.6,2709.51,23006.4,5982.15,0.661146,0.651759,0.667371,0.776279,0.776082,0.715991
10.7824,36.9433,10.2258,953.067,561.426,179.317,2713.39,23016.7,5984.23,0.661271,0.651884,0.667496,0.776404,0.776207,0.716116
10.789,36.9644,10.2332,955.622,562.492,180.017,2717.29,23027.1,5986.31,0.661396,0.652009,0.667621,0.776529,0.776332,0.716241
10.7959,36.9857,10.2402,958.503,563.666,180.761,2721.2,23037.4,5988.39,0.661521,0.652134,0.667746,0.776654,0.776457,0.716366
10.8027,37.007,10.2473,961.382,564.844,181.512,2725.13,23047.8,5990.47,0.661646,0.652259,0.667871,0.776779,0.776582,0.716491
10.8094,37.0282,10.2545,964.188,565.99,182.231,2729.08,23058.1,5992.56,0.661771,0.652384,0.667996,0.776904,0.776707,0.716616
10.8162,37.0495,10.2617,966.799,567.1,183.018,2733.04,23068.5,5994.65,0.661896,0.652509,0.668121,0.777029,0.776832,0.716741
10.8228,37.0708,10.2689,969.631,568.271,183.773,2737.02,23078.9,5996.74,0.662021,0.652634,0.668246,0.777154,0.776957,0.716866
10.8295,37.0922,10.276,972.32,569.443,184.654,2741.02,23089.3,5998.83,0.662146,0.652759,0.668371,0.777279,0.777082,0.716991
10.8364,37.1136,10.2831,975.132,570.616,185.453,2745.03,23099.7,6000.93,0.662271,0.652884,0.668496,0.777404,0.777207,0.717116
10.8431,37.135,10.2902,977.907,571.804,186.31,2749.06,23110.1,6003.02,0.662396,0.653009,0.668621,0.777529,0.777332,0.717241
10.8499,37.1564,10.2974,980.724,572.979,187.1,2753.11,23120.5,6005.12,0.662521,0.653134,0.668746,0.777654,0.777457,0.717366
10.8567,37.1778,10.3045,983.697,574.198,187.884,2757.17,23131,6007.22,0.662646,0.653259,0.668871,0.777779,0.777582,0.717491
10.8636,37.1991,10.3117,986.453,575.352,188.678,2761.25,23141.4,6009.33,0.662771,0.653383,0.668996,0.777903,0.777707,0.717616
10.8704,37.2204,10.319,989.442,576.541,189.367,2765.34,23151.8,6011.43,0.662896,0.653508,0.669121,0.778028,0.777832,0.717741
10.8771,37.2419,10.3261,992.333,577.766,190.224,2769.46,23162.3,6013.54,0.663021,0.653633,0.669246,0.778153,0.777957,0.717866
10.8839,37.2631,10.3336,995.061,578.903,190.976,2773.59,23172.8,6015.65,0.663146,0.653758,0.669371,0.778278,0.778082,0.717991
10.8907,37.2845,10.3409,998.073,580.115,191.708,2777.74,23183.2,6017.76,0.663271,0.653883,0.669496,0.778403,0.778207,0.718116
10.8975,37.306,10.3481,1000.97,581.341,192.563,2781.9,23193.7,6019.87,0.663396,0.654008,0.669621,0.778528,0.778332,0.71824
10.9043,37.3274,10.3553,1003.75,582.511,193.382,2786.08,23204.2,6021.99,0.663521,0.654133,0.669746,0.778653,0.778457,0.718365
10.9111,37.349,10.3625,1006.7,583.771,194.284,2790.28,23214.7,6024.11,0.663646,0.654258,0.669871,0.778778,0.778582,0.71849
10.918,37.3703,10.3699,1009.53,584.938,195.043,2794.5,23225.2,6026.23,0.663771,0.654383,0.669996,0.778903,0.778707,0.718615
10.9249,37.3917,10.3772,1012.36,586.115,195.844,2798.73,23235.8,6028.35,0.663896,0.654508,0.670121,0.779028,0.778832,0.71874
10.9318,37.4132,10.3844,1015.37,587.366,196.69,2802.98,23246.3,6030.47,0.664021,0.654633,0.670246,0.779153,0.778957,0.718865
10.9387,37.4347,10.3916,1018.16,588.576,197.603,2807.25,23256.8,6032.6,0.664146,0.654758,0.670371,0.779278,0.779082,0.71899
10.9455,37.4562,10.3989,1021.2,589.815,198.38,2811.54,23267.4,6034.73,0.664271,0.654883,0.670496,0.779403,0.779207,0.719115
10.9524,37.4776,10.4063,1024.11,591.035,199.217,2815.84,23278,6036.86,0.664396,0.655008,0.670621,0.779528,0.779332,0.71924
10.9593,37.4992,10.4136,1027.06,592.274,200.073,2820.16,23288.5,6038.99,0.664521,0.655133,0.670746,0.779653,0.779457,0.719365
10.9661,37.5206,10.421,1029.89,593.461,200.886,2824.5,23299.1,6041.13,0.664646,0.655258,0.670871,0.779778,0.779582,0.71949
10.9731,37.5421,10.4283,1032.92,594.71,201.724,2828.86,23309.7,6043.26,0.664771,0.655383,0.670996,0.779903,0.779707,0.719615
10.98,37.5635,10.4357,1035.96,595.939,202.485,2833.23,23320.3,6045.4,0.664896,0.655508,0.671121,0.780028,0.779832,0.71974
10.987,37.5849,10.4431,1038.85,597.13,203.269,2837.63,23330.9,6047.55,0.665021,0.655633,0.671246,0.780153,0.779957,0.719865
10.9939,37.6064,10.4506,1041.73,598.334,204.086,2842.04,23341.5,6049.69,0.665146,0.655758,0.671371,0.780278,0.780082,0.71999
11.0008,37.6278,10.4581,1044.56,599.524,204.917,2846.46,23352.2,6051.84,0.665271,0.655883,0.671496,0.780403,0.780207,0.720115
11.0078,37.6492,10.4655,1047.3,600.696,205.777,2850.91,23362.8,6053.99,0.665396,0.656008,0.671621,0.780528,0.780331,0.72024
11.0148,37.6707,10.473,1050.25,601.919,206.602,2855.37,23373.4,6056.14,0.665521,0.656133,0.671746,0.780653,0.780456,0.720365
11.0216,37.6923,10.4805,1053.08,603.144,207.502,2859.86,23384.1,6058.29,0.665646,0.656258,0.671871,0.780778,0.780581,0.72049
