1,0,0,0,0,0,0,0,0,0,0,0,0,0,0,0
1,4.5583e-05,0.000155475,-0.000191503,0.0246063,0.000588611,0.0216436,6.15157e-05,1.47153e-06,5.4109e-05,0,0,0,0,0,0
1,0.000118665,0.000182491,-0.000302378,0.0493181,0.000678181,0.0435959,0.000184811,3.16698e-06,0.000163099,0,0,0,0,0,0
1,8.19698e-05,0.000211513,1.00565e-06,0.073608,0.000790071,0.0671395,0.000368831,5.14216e-06,0.000330948,0,0,0,0,0,0
0.999994,0.000319074,8.96736e-05,0.0235421,0.0989424,0.000363876,0.0905111,0.000616187,6.05185e-06,0.000557225,0,0,0,0,0,0
0.999721,0.000380601,8.57331e-05,0.0235963,0.123584,0.00150925,0.113128,0.000925146,9.82497e-06,0.000840045,0,0,0,0,0,0
0.999719,0.000363489,7.47531e-05,0.0237226,0.147923,0.00262569,0.135998,0.00129495,1.63892e-05,0.00118004,0,0,0,0,0,0
0.999717,0.000480066,0.000197681,0.0237795,0.172763,0.0042724,0.158595,0.00172686,2.70702e-05,0.00157653,0,0,0,0,0,0
0.999755,0.000361747,0.000261471,0.0222178,0.196761,0.00565666,0.181502,0.00221876,4.12119e-05,0.00203028,0,0,0,0,0,0
0.999752,0.000401251,0.000350068,0.0222794,0.221312,0.00709058,0.20411,0.00277204,5.89383e-05,0.00254056,0,0,0,0,0,0
0.999753,0.000374954,0.000374429,0.0222127,0.245614,0.00826876,0.226224,0.00338608,7.96102e-05,0.00310612,0,0,0,0,0,0
0.999755,0.000452379,0.000278913,0.022122,0.270326,0.00899095,0.248249,0.00406189,0.000102088,0.00372674,0,0,0,0,0,0
0.999694,0.00035027,1.21346e-05,0.0248564,0.294513,0.00910838,0.271104,0.00479818,0.000124859,0.0044045,0,0,0,0,0,0
0.999688,0.000379422,-5.12032e-05,0.0249725,0.319032,0.0100891,0.293941,0.00559576,0.000150081,0.00513935,0,0,0,0,0,0
0.999689,0.000234584,-6.34843e-05,0.024952,0.342878,0.0112478,0.316253,0.00645295,0.000178201,0.00592998,0,0,0,0,0,0
0.999707,-0.0121686,0.499415,0.0250607,0.367381,0.0125707,0.334643,0.00737145,0.000209619,-0.980451,1.79523e-05,-0.00376369,1.9945e-06,0.0109506,0.00398426,7.57848
0.944893,-0.00838428,0.345481,0.0239512,0.377665,0.0133518,0.3338,0.00831561,0.000242998,-0.979616,-2.962e-05,-0.0454379,-0.000658285,2.54739,0.00178978,7.06806
0.933292,-0.0112796,0.359037,0.0164193,0.394907,0.0146095,0.340287,0.00930288,0.000279522,-0.978766,0.00738891,-0.0795148,0.00531806,3.00263,-0.0209741,6.57708
0.933317,-0.00704987,0.358137,0.0273591,0.41139,0.014679,0.346564,0.0103314,0.000316219,-0.977899,-0.00328414,-0.0814455,-0.00498713,3.11901,-0.00641255,6.4078
0.933233,-0.0119387,0.359028,0.0146914,0.427888,0.0162204,0.352972,0.0114011,0.00035677,-0.977017,0.0102024,-0.083171,0.00728158,3.15171,-0.0117701,6.36044
0.930875,-0.0100315,0.364762,0.0200034,0.444916,0.0165563,0.359721,0.0125134,0.000398161,-0.976117,0.00425952,-0.0931623,0.00115944,3.1453,-0.0170967,6.41825
0.932474,-0.00966117,0.360525,0.0210126,0.461237,0.0172241,0.36645,0.0136665,0.000441221,-0.975201,0.0034376,-0.0839784,0.00022693,3.11344,-0.0173177,6.45032
0.930917,-0.0130134,0.36494,0.0123024,0.478116,0.0184562,0.37273,0.0148617,0.000487362,-0.974269,0.0141514,-0.0943261,0.00955977,3.1425,-0.0183328,6.39929
0.934131,-0.00911925,0.356392,0.0224131,0.494,0.0184481,0.379162,0.0160967,0.000533482,-0.973322,0.000233163,-0.071136,-0.00182465,3.13186,-0.0188998,6.38437
0.929055,-0.00855847,0.369326,0.0241667,0.511522,0.0190806,0.385489,0.0173756,0.000581184,-0.972358,-0.00690711,-0.108373,-0.00508468,3.1494,-0.0190163,6.35391
0.931465,-0.0110555,0.363362,0.0175976,0.527561,0.0202261,0.391543,0.0186945,0.000631749,-0.971379,0.000625081,-0.0898764,0.00319904,3.15083,-0.0178071,6.33166
0.932691,-0.00712324,0.359714,0.0278689,0.543874,0.0202919,0.398382,0.0200541,0.000682479,-0.970383,-0.0155675,-0.0782141,-0.0099977,3.13581,-0.0212717,6.39114
0.931433,-0.00817733,0.362961,0.0254052,0.560783,0.0213203,0.405301,0.0214561,0.00073578,-0.96937,-0.0127717,-0.0906975,-0.00641432,3.1327,-0.0134679,6.44064
0.930424,-0.00961483,0.365739,0.0217618,0.577717,0.022352,0.412039,0.0229004,0.000791659,-0.96834,-0.00830955,-0.100934,-0.0020469,3.12984,-0.011505,6.4668
0.931942,-0.0108724,0.362008,0.0185668,0.594116,0.0233275,0.418737,0.0243857,0.000849978,-0.967293,-0.00398493,-0.0868989,0.00322536,3.12484,-0.0104852,6.48216
0.933208,-0.0104065,0.358666,0.0196907,0.610367,0.0239529,0.425891,0.0259116,0.00090945,-0.782204,-0.00779838,-0.073252,0.00128369,3.12882,-0.00450502,6.42431
0.93349,-0.010002,0.357853,0.020978,0.626942,0.0246303,0.432888,0.0274789,0.000971026,-0.781122,-0.0108626,-0.071014,-0.00100594,3.12869,-0.00615051,6.46259
0.929289,-0.00874913,0.368688,0.0238536,0.644346,0.025154,0.438975,0.0290898,0.00103391,-0.780024,-0.0215899,-0.111165,-0.00940616,3.1288,-0.00504671,6.38739
0.930777,-0.00540738,0.364275,0.0320498,0.660565,0.0253705,0.445111,0.0307412,0.00109734,-0.778912,-0.0328023,-0.0946699,-0.0286018,3.13215,-0.012702,6.36778
0.933953,-0.00823778,0.356636,0.0246137,0.676369,0.0268871,0.451676,0.0324321,0.00116455,-0.777782,-0.0040242,-0.0639304,-0.00876953,3.12887,-0.00904649,6.37818
0.932216,-0.00786833,0.360927,0.025814,0.693234,0.0276251,0.458375,0.0341652,0.00123362,-0.776636,-0.00790991,-0.0817765,-0.0123068,3.12929,-0.00949536,6.38593
0.932165,-0.00920036,0.361265,0.0219663,0.709838,0.028753,0.465178,0.0359398,0.0013055,-0.775473,0.00395013,-0.0834275,-0.00134794,3.12764,-0.00742945,6.41756
0.93122,-0.00883559,0.363656,0.0226259,0.726377,0.0294452,0.470769,0.0377558,0.00137911,-0.774297,0.000354585,-0.0924908,-0.0047076,3.13516,-0.00163116,6.30768
0.932832,-0.0104395,0.359737,0.0185122,0.742411,0.0306622,0.47709,0.0396118,0.00145577,-0.773104,0.0197127,-0.0760368,0.0157645,3.13414,0.000851979,6.30647
0.929814,-0.0100915,0.36747,0.0195012,0.759613,0.0313229,0.48376,0.0415108,0.00153408,-0.771894,0.0173469,-0.108721,0.010088,3.13419,-0.00387923,6.34424
0.933662,-0.00965832,0.357632,0.0198955,0.775237,0.0318554,0.490171,0.0434489,0.00161371,-0.770669,0.0084356,-0.0667497,0.000312184,3.12845,-0.00714235,6.34842
0.928008,-0.0100749,0.372279,0.018786,0.792963,0.0328439,0.496478,0.0454313,0.00169582,-0.769428,0.024739,-0.128392,0.0118871,3.12752,-0.00587664,6.33062
0.930863,-0.00942859,0.364773,0.0203372,0.808827,0.0332762,0.502744,0.0474534,0.00177901,-0.768171,0.0134552,-0.0949567,-0.00612778,3.11782,-0.0116027,6.33749
0.929168,-0.00926932,0.368992,0.0206805,0.825708,0.0338953,0.509025,0.0495177,0.00186375,-0.766898,0.003254,-0.113701,-0.0148569,3.11878,-0.0118461,6.3369
0.932945,-0.00902617,0.359472,0.0204176,0.841337,0.0344485,0.515498,0.051621,0.00194987,-0.76561,-0.00587992,-0.0703044,-0.0263273,3.11118,-0.0136304,6.35107
0.933646,-0.00909459,0.357499,0.0205174,0.857673,0.0353055,0.522523,0.0537652,0.00203809,-0.751572,0.00990478,-0.0630875,-0.0153915,3.11418,-0.0139993,6.39294
0.931826,-0.00924036,0.362253,0.0203567,0.87469,0.0355976,0.52941,0.0559519,0.00212708,-0.750249,-0.0419275,-0.0859725,-0.0508511,3.11601,-0.0126908,6.41895
0.931325,-0.00919866,0.363502,0.0204394,0.891341,0.0361992,0.535785,0.0581803,0.00221758,-0.74891,-0.0537815,-0.0914973,-0.0616886,3.11739,-0.0133617,6.40068
0.931952,-0.00892872,0.361914,0.0201799,0.907755,0.036321,0.542182,0.0604496,0.00230838,-0.747554,-0.108004,-0.084936,-0.114303,3.11824,-0.0177105,6.38927
0.93337,-0.00902797,0.358268,0.0199518,0.923889,0.0366712,0.548548,0.0627594,0.00240006,-0.746183,-0.140744,-0.0685978,-0.143542,3.11894,-0.0195246,6.3693
0.932423,-0.00938178,0.360745,0.0192706,0.940716,0.0367129,0.555493,0.0651112,0.00249184,-0.744794,-0.214235,-0.081702,-0.198977,3.1203,-0.0203292,6.4073
0.931443,-0.00938391,0.363266,0.019252,0.957451,0.0373565,0.56187,0.0675048,0.00258523,-0.743389,-0.218145,-0.0929011,-0.202837,3.12161,-0.0201422,6.388
0.932466,-0.00943594,0.360698,0.0180274,0.973733,0.0383207,0.56842,0.0699391,0.00268104,-0.741968,-0.192956,-0.0807821,-0.176449,3.12032,-0.0176806,6.39272
0.932912,-0.00933393,0.359515,0.0184116,0.990111,0.0393407,0.575018,0.0724144,0.00277939,-0.740531,-0.157304,-0.074889,-0.145377,3.12014,-0.016039,6.39459
0.933376,-0.00943279,0.358313,0.0182447,1.00645,0.0398374,0.581487,0.0749305,0.00287898,-0.739077,-0.173363,-0.0691014,-0.158398,3.12038,-0.0162295,6.37807
0.932688,-0.00932942,0.360073,0.0188509,1.02322,0.0412741,0.588707,0.0774886,0.00298217,-0.737605,-0.0990086,-0.0779185,-0.10085,3.12052,-0.0159436,6.44327
0.932534,-0.00922705,0.36052,0.0179515,1.03977,0.0414843,0.59496,0.080088,0.00308588,-0.736118,-0.139905,-0.0799921,-0.137262,3.12318,-0.0180047,6.39996
0.933088,-0.00920203,0.359082,0.0180008,1.05605,0.0423127,0.601182,0.0827281,0.00319166,-0.734615,-0.123585,-0.0727667,-0.122037,3.12608,-0.0163595,6.36291
0.934671,-0.00941685,0.354968,0.0178266,1.07226,0.0424192,0.608337,0.0854088,0.00329771,-0.733094,-0.171182,-0.0547504,-0.161533,3.1236,-0.0191478,6.4176
0.932789,-0.00944079,0.359894,0.0178673,1.08917,0.0431541,0.614925,0.0881317,0.00340559,-0.731557,-0.163687,-0.0770487,-0.157162,3.12213,-0.0188264,6.39785
0.931491,-0.00929904,0.363265,0.017065,1.10602,0.0434925,0.636499,0.0908935,0.00349971,1.88282,-0.180006,-0.0932009,-0.173686,3.12199,-0.0204067,6.41219
0.933648,-0.00935757,0.357715,0.0170285,1.12202,0.0441654,0.643004,0.0936986,0.00361012,1.88442,-0.175841,-0.0665419,-0.167532,3.12164,-0.0195338,6.4043
0.932446,-0.00938143,0.360794,0.0171615,1.1389,0.0449068,0.649934,0.0965458,0.00372239,1.88605,-0.167137,-0.0819048,-0.161252,3.12156,-0.0198103,6.43139
0.932975,-0.00953489,0.359417,0.0169756,1.15537,0.0458695,0.656831,0.0994342,0.00383706,1.88769,-0.144266,-0.0746697,-0.137536,3.11845,-0.0179341,6.45395
0.932755,-0.00939777,0.360037,0.0159815,1.17198,0.0463446,0.663341,0.102364,0.00395292,1.88935,-0.155714,-0.0775514,-0.147584,3.11999,-0.0181508,6.43351
0.932656,-0.00943658,0.36029,0.015961,1.18857,0.0468514,0.669945,0.105336,0.00407005,1.89102,-0.162355,-0.0787718,-0.15387,3.1206,-0.0184721,6.42767
0.93113,-0.00945939,0.364244,0.0158432,1.20549,0.0478605,0.676385,0.108349,0.0041897,1.89271,-0.135456,-0.098202,-0.128414,3.12299,-0.0160749,6.41378
0.931586,-0.00952508,0.363059,0.0156844,1.22196,0.0485551,0.682847,0.111404,0.00431109,1.89442,-0.130703,-0.0919024,-0.121241,3.1232,-0.0150981,6.41131
0.932567,-0.00953181,0.360602,0.0142506,1.2383,0.0493432,0.689561,0.1145,0.00443445,1.89614,-0.119962,-0.0783422,-0.108518,3.11976,-0.0141938,6.42452
0.931946,-0.00952027,0.362195,0.0142952,1.25501,0.0499369,0.696097,0.117637,0.00455929,1.89789,-0.118305,-0.0865522,-0.107645,3.1206,-0.0138355,6.41779
0.932956,-0.00952967,0.359587,0.0144151,1.27132,0.0502981,0.702718,0.120816,0.00468503,1.89964,-0.130822,-0.072408,-0.119708,3.11966,-0.0149709,6.41977
0.93345,-0.00957967,0.358296,0.0143725,1.28765,0.05126,0.709156,0.124035,0.00481318,1.90141,-0.102978,-0.0640984,-0.0999868,3.12065,-0.0137965,6.40031
0.933771,-0.0094733,0.357504,0.0132551,1.30401,0.0514368,0.715568,0.127295,0.00494178,1.9032,-0.131061,-0.0590833,-0.117178,3.12094,-0.0130726,6.37691
0.932083,-0.00963604,0.361914,0.0129961,1.32105,0.0517475,0.722599,0.130598,0.00507114,1.90501,-0.148765,-0.0850061,-0.128561,3.12095,-0.0143843,6.41492
0.931225,-0.00941043,0.364073,0.0136913,1.33794,0.0517833,0.729504,0.133942,0.0052006,1.90683,-0.173977,-0.0970935,-0.160955,3.11579,-0.0190376,6.44256
0.931528,-0.00913863,0.363284,0.0140774,1.35444,0.0521642,0.725171,0.137333,0.00534357,0.169467,-0.182641,-0.0947858,-0.175937,3.13245,-0.020131,6.38716
0.931912,-0.00882501,0.362338,0.0132821,1.37093,0.0525343,0.731746,0.14076,0.00547491,0.171296,-0.19033,-0.0891737,-0.186072,3.1302,-0.0211567,6.39495
0.931881,-0.00883388,0.362411,0.0133223,1.38751,0.0530749,0.738339,0.144229,0.0056076,0.173142,-0.188724,-0.0893997,-0.184392,3.12892,-0.0209673,6.40147
0.933535,-0.00879125,0.358148,0.0136089,1.40362,0.0531432,0.744883,0.147738,0.00574045,0.175004,-0.211092,-0.064305,-0.207129,3.1283,-0.0227585,6.40033
0.933254,-0.00889229,0.358854,0.0134857,1.42023,0.0534466,0.751591,0.151289,0.00587407,0.176883,-0.226019,-0.0689481,-0.214061,3.12833,-0.0224005,6.40438
0.933281,-0.0088904,0.358821,0.0124742,1.43647,0.0536968,0.759124,0.15488,0.00600831,0.178781,-0.226019,-0.0689481,-0.214061,3.12833,-0.0224005,6.40438
0.933251,-0.00896513,0.358894,0.0125337,1.45298,0.0543574,0.766006,0.158512,0.00614421,0.180696,-0.226019,-0.0689481,-0.214061,3.12833,-0.0224005,6.40438
0.933247,-0.00901523,0.358907,0.0124106,1.46933,0.0547564,0.7722,0.162186,0.0062811,0.182627,-0.226019,-0.0689481,-0.214061,3.12833,-0.0224005,6.40438
0.933198,-0.00902062,0.359034,0.0124197,1.48601,0.0556323,0.778799,0.165901,0.00642018,0.184574,-0.226019,-0.0689481,-0.214061,3.12833,-0.0224005,6.40438
0.933236,-0.00880663,0.358982,0.0112256,1.50272,0.0557461,0.785349,0.169657,0.00655954,0.186537,-0.226019,-0.0689481,-0.214061,3.12833,-0.0224005,6.40438
0.933223,-0.00879999,0.359015,0.0111887,1.51938,0.0561867,0.791769,0.173456,0.00670001,0.188516,-0.226019,-0.0689481,-0.214061,3.12833,-0.0224005,6.40438
0.933164,-0.00888935,0.359173,0.0110158,1.5355,0.0571209,0.797826,0.177295,0.00684281,0.190511,-0.226019,-0.0689481,-0.214061,3.12833,-0.0224005,6.40438
0.933154,-0.00868284,0.359203,0.0110267,1.55295,0.057548,0.804136,0.181177,0.00698668,0.192521,-0.226019,-0.0689481,-0.214061,3.12833,-0.0224005,6.40438
0.933185,-0.00860575,0.359159,0.00987271,1.56918,0.0576429,0.810992,0.1851,0.00713079,0.194549,-0.226019,-0.0689481,-0.214061,3.12833,-0.0224005,6.40438
0.933235,-0.00855654,0.359027,0.00989836,1.58609,0.0573558,0.817581,0.189065,0.00727418,0.196593,-0.226019,-0.0689481,-0.214061,3.12833,-0.0224005,6.40438
0.933232,-0.0086327,0.359032,0.00998684,1.60259,0.0575776,0.832255,0.193066,0.00740656,1.50682,-0.226021,-0.0689635,-0.21406,3.12892,-0.0224005,6.40491
0.933198,-0.00857711,0.359119,0.0100557,1.61957,0.0581977,0.838983,0.197115,0.00755205,1.50891,-0.226021,-0.0689635,-0.21406,3.12892,-0.0224005,6.40491
0.933205,-0.00841837,0.359142,0.00872553,1.6359,0.0585258,0.845455,0.201204,0.00769837,1.51103,-0.226021,-0.0689635,-0.21406,3.12892,-0.0224005,6.40491
0.933175,-0.00852362,0.359214,0.00876511,1.65226,0.0590254,0.852298,0.205335,0.00784593,1.51316,-0.226021,-0.0689635,-0.21406,3.12892,-0.0224005,6.40491
0.933147,-0.00851054,0.359287,0.00881316,1.66906,0.0595314,0.859004,0.209508,0.00799476,1.51531,-0.226021,-0.0689635,-0.21406,3.12892,-0.0224005,6.40491
0.930868,-0.00863607,0.36521,0.00849725,1.68602,0.0601555,0.865699,0.213723,0.00814515,1.51747,-0.197256,-0.159632,-0.192325,3.12728,-0.0218253,6.41247
0.931693,-0.00770619,0.363069,0.00891011,1.7024,0.0601087,0.871837,0.217979,0.00829542,1.51965,-0.219788,-0.126515,-0.229329,3.14004,-0.024044,6.39373
0.930898,-0.00760726,0.365098,0.00891855,1.71924,0.0598125,0.877996,0.222277,0.00844495,1.52184,-0.256182,-0.151748,-0.267206,3.14937,-0.0268424,6.37595
0.932276,-0.00784091,0.361579,0.00871741,1.73541,0.0603724,0.884975,0.226615,0.00859588,1.52406,-0.247793,-0.11514,-0.254638,3.12683,-0.0255051,6.40568
0.933596,-0.00785925,0.358155,0.00861809,1.75147,0.0605359,0.890849,0.230994,0.00874722,1.52628,-0.257475,-0.085691,-0.260223,3.14037,-0.0245828,6.3693
0.933564,-0.0079541,0.358261,0.00675507,1.76786,0.0600095,0.896767,0.235414,0.00889724,1.52853,-0.316507,-0.0836703,-0.270107,3.14563,-0.0206475,6.32714
0.932455,-0.00836595,0.361161,0.00569306,1.7847,0.0598319,0.903446,0.239875,0.00904682,1.53078,-0.345127,-0.104397,-0.280633,3.14441,-0.0206585,6.34005
0.931934,-0.00831277,0.362491,0.00568012,1.80132,0.0601749,0.909613,0.244379,0.00919726,1.53306,-0.342697,-0.112478,-0.279529,3.14923,-0.0187861,6.32791
0.930888,-0.00807922,0.365173,0.00619405,1.81818,0.0602867,0.916152,0.248924,0.00934798,1.53535,-0.347574,-0.128967,-0.289828,3.14483,-0.0208823,6.33862
0.930822,-0.0079014,0.365361,0.00455345,1.83473,0.0606748,0.922341,0.253511,0.00949967,1.53765,-0.346153,-0.130038,-0.28445,3.14734,-0.0199585,6.33575
0.93258,-0.00803155,0.360883,0.00424069,1.85075,0.061073,0.919112,0.258149,0.00966836,0.0141046,-0.345634,-0.102702,-0.27795,3.15834,-0.0172078,6.32044
0.932808,-0.008341,0.360261,0.00355718,1.86718,0.0606677,0.925637,0.262817,0.00982003,0.0164187,-0.379798,-0.0996925,-0.291664,3.15681,-0.0176675,6.32788
0.932367,-0.00829184,0.361402,0.00353259,1.88377,0.0609035,0.931765,0.267526,0.00997229,0.0187481,-0.379911,-0.106057,-0.292379,3.15999,-0.0155425,6.31493
0.932555,-0.00798366,0.360932,0.00273569,1.9002,0.060921,0.938277,0.272277,0.0101246,0.0210938,-0.389469,-0.102993,-0.299264,3.15737,-0.0170348,6.32246
0.932447,-0.00805915,0.361208,0.00246941,1.91669,0.0609902,0.94448,0.277069,0.0102771,0.023455,-0.395799,-0.104383,-0.303438,3.15988,-0.0161208,6.31529
0.931626,-0.00805944,0.363329,0.00250699,1.93353,0.0602408,0.951297,0.281902,0.0104277,0.0258332,-0.43416,-0.120381,-0.333819,3.15331,-0.0202482,6.33577
0.932225,-0.00753053,0.361787,0.00401317,1.94986,0.0597811,0.957795,0.286777,0.0105771,0.0282277,-0.450861,-0.109962,-0.365203,3.14951,-0.024168,6.34148
0.933345,-0.00717647,0.358907,0.00348398,1.96599,0.0597809,0.964441,0.291692,0.0107266,0.0306388,-0.457254,-0.0897844,-0.37449,3.14513,-0.0250891,6.35069
0.932277,-0.00695489,0.361674,0.00354947,1.98267,0.0601294,0.969923,0.296649,0.0108769,0.0330636,-0.449406,-0.104252,-0.371782,3.15268,-0.0255383,6.30348
0.931753,-0.00683427,0.363013,0.00376002,1.99933,0.0596774,0.976243,0.301647,0.0110261,0.0355042,-0.471495,-0.114687,-0.394498,3.15326,-0.0268452,6.30415
0.931584,-0.00689431,0.363442,0.00356879,2.01585,0.0599357,0.982559,0.306687,0.0111759,0.0379606,-0.470082,-0.117327,-0.391287,3.15215,-0.0264107,6.30556
0.930224,-0.00616539,0.366947,0.00340392,2.03283,0.0597904,0.988699,0.311769,0.0113254,0.0404324,-0.478625,-0.143832,-0.405872,3.15529,-0.0275962,6.30257
0.929536,-0.0060086,0.368668,0.0036526,2.04958,0.0598408,0.995044,0.316893,0.011475,0.04292,-0.479711,-0.155243,-0.413338,3.14737,-0.027341,6.30625
0.931177,-0.00536536,0.364522,0.0051879,2.06558,0.059598,1.00077,0.322057,0.011624,0.0454219,-0.477509,-0.127196,-0.445511,3.16277,-0.0332423,6.30245
0.92997,-0.0052728,0.367578,0.00501785,2.08254,0.0595171,1.00675,0.327263,0.0117728,0.0479388,-0.48985,-0.151643,-0.449719,3.16818,-0.0349554,6.29695
0.930668,-0.00489283,0.365818,0.00399252,2.09881,0.0596351,1.0151,0.332505,0.011917,0.451988,-0.48901,-0.138767,-0.452569,3.17393,-0.0369115,6.29492
0.93027,-0.00487667,0.366821,0.00414805,2.11546,0.059674,1.02188,0.337794,0.0120662,0.454543,-0.492249,-0.144655,-0.455785,3.15585,-0.0314932,6.30937
0.930895,-0.00496933,0.365235,0.00410227,2.13172,0.060006,1.02843,0.343123,0.0122162,0.457114,-0.487402,-0.129541,-0.448333,3.14332,-0.0277721,6.31691
0.931329,-0.0048554,0.364121,0.00444048,2.14806,0.0597306,1.03476,0.348494,0.0123655,0.459701,-0.503113,-0.120972,-0.459933,3.14114,-0.0275243,6.31936
0.931274,-0.00445511,0.364271,0.00401043,2.1646,0.0593426,1.04122,0.353905,0.0125139,0.462304,-0.526724,-0.123162,-0.470009,3.13788,-0.0260959,6.32418
0.931593,-0.00454033,0.363455,0.00397879,2.18097,0.0593923,1.04786,0.359358,0.0126624,0.464923,-0.530307,-0.116421,-0.472677,3.13075,-0.0235508,6.33368
0.931877,-0.00463902,0.362725,0.00393234,2.19736,0.0593757,1.05455,0.364851,0.0128108,0.46756,-0.537695,-0.110911,-0.475895,3.12473,-0.0212866,6.34378
0.931614,-0.00463896,0.363393,0.00436578,2.21401,0.0598017,1.06196,0.370386,0.0129603,0.470215,-0.526144,-0.118885,-0.472481,3.10915,-0.016129,6.37562
0.93075,-0.0042235,0.365624,0.00346032,2.23087,0.0597952,1.06826,0.375963,0.0131098,0.472885,-0.533717,-0.138492,-0.476374,3.11193,-0.0174043,6.37064
0.931007,-0.00422965,0.36496,0.00368133,2.24726,0.0604724,1.07504,0.381581,0.013261,0.475573,-0.522935,-0.13021,-0.453262,3.10125,-0.0132292,6.37931
0.930524,-0.00412208,0.366191,0.00377979,2.26399,0.0602601,1.0813,0.387241,0.0134116,0.478276,-0.533973,-0.14228,-0.465693,3.10507,-0.0150339,6.37498
0.931461,-0.00399345,0.363805,0.00422218,2.28016,0.0602292,1.0876,0.392942,0.0135622,0.480995,-0.537383,-0.120095,-0.474269,3.10722,-0.0159902,6.37361
0.932174,-0.0036483,0.361979,0.00372977,2.29639,0.0600281,1.09417,0.398683,0.0137123,0.483731,-0.55118,-0.103146,-0.481945,3.10487,-0.0152142,6.37695
0.93302,-0.00355152,0.35979,0.00436282,2.31254,0.0603074,1.10097,0.404464,0.0138631,0.486483,-0.543477,-0.0824669,-0.482616,3.1015,-0.0137545,6.38645
0.931841,-0.00353993,0.36284,0.00425387,2.32948,0.060516,1.10748,0.410288,0.0140143,0.489252,-0.543071,-0.111969,-0.480355,3.10205,-0.0147385,6.38127
0.932805,-0.00348595,0.360343,0.00471959,2.34556,0.0602761,1.11574,0.416147,0.0141614,0.754723,-0.554943,-0.0872956,-0.491565,3.09971,-0.0141878,6.3855
0.9324,-0.00316027,0.361403,0.00338699,2.36216,0.0607746,1.12216,0.422053,0.0143133,0.757528,-0.538991,-0.0961357,-0.489794,3.10148,-0.0161451,6.37874
0.930792,-0.00298034,0.365546,0.00358123,2.37933,0.0610204,1.12864,0.428001,0.0144659,0.76035,-0.53533,-0.13994,-0.486449,3.1023,-0.0165749,6.37627
0.931752,-0.00276241,0.363071,0.00409129,2.39548,0.0608887,1.13459,0.43399,0.0146181,0.763186,-0.536047,-0.115592,-0.502029,3.11596,-0.0209074,6.36854
0.931707,-0.00288438,0.363181,0.00374291,2.412,0.0612737,1.14091,0.44002,0.0147713,0.766039,-0.528198,-0.115949,-0.494293,3.11871,-0.0216091,6.36489
0.932467,-0.00260352,0.361242,0.00295149,2.42817,0.0612666,1.14718,0.44609,0.0149245,0.768907,-0.53119,-0.0936704,-0.498076,3.12225,-0.0228652,6.36077
0.932439,-0.00271952,0.361307,0.00276807,2.44467,0.0612808,1.15379,0.452202,0.0150777,0.771791,-0.534363,-0.095285,-0.498725,3.12073,-0.0221887,6.3644
0.932138,-0.00263663,0.362082,0.00300063,2.46129,0.0615436,1.16031,0.458355,0.0152315,0.774692,-0.526945,-0.104243,-0.49624,3.12033,-0.0221715,6.36506
0.930169,-0.00251503,0.367151,0.00291889,2.4787,0.0617347,1.1668,0.464552,0.0153859,0.777609,-0.524365,-0.167298,-0.492988,3.11976,-0.0219193,6.36521
0.930998,-0.0026988,0.365023,0.000995793,2.49486,0.0619765,1.17317,0.470789,0.0155408,0.780542,-0.525962,-0.138525,-0.480733,3.117,-0.0203574,6.36609
0.931942,-0.00278591,0.362606,0.000635968,2.51098,0.062142,1.17886,0.477066,0.0156961,0.783489,-0.526193,-0.109453,-0.471947,3.13641,-0.0194143,6.35343
0.93239,-0.00317962,0.361443,-6.4615e-05,2.52732,0.0616421,1.1857,0.483385,0.0158503,0.786453,-0.548949,-0.0966967,-0.478109,3.12891,-0.0196177,6.36533
0.931077,-0.00288474,0.364831,0.000339789,2.54446,0.0614682,1.19205,0.489746,0.0160039,0.789433,-0.552903,-0.143269,-0.485809,3.13069,-0.0196181,6.361
0.930801,-0.00206082,0.365525,0.00116623,2.56116,0.0610798,1.19839,0.496149,0.0161566,0.792429,-0.558086,-0.154522,-0.505416,3.13121,-0.0210823,6.3607
0.931324,-0.00206673,0.364186,0.00132422,2.57741,0.0615796,1.20487,0.502592,0.0163106,0.795441,-0.551595,-0.131858,-0.483488,3.12626,-0.0188483,6.36348
0.930379,-0.00200908,0.366602,0.00109456,2.59456,0.0615025,1.20474,0.509102,0.0164801,-0.213081,-0.557795,-0.169473,-0.485578,3.13073,-0.0196808,6.3575
0.931249,-0.00114224,0.364383,0.00330878,2.61074,0.060842,1.21083,0.515628,0.0166322,-0.210054,-0.561736,-0.139419,-0.523582,3.13783,-0.0234723,6.35483
0.931554,-0.000865041,0.363597,0.00231452,2.62713,0.0609396,1.2168,0.522196,0.0167846,-0.207012,-0.558214,-0.127467,-0.524888,3.14684,-0.0278343,6.34641
0.932266,-0.000655866,0.361768,0.00298696,2.64329,0.0610977,1.2231,0.528804,0.0169373,-0.203954,-0.549129,-0.0967195,-0.526995,3.14769,-0.0289269,6.34544
0.930997,-0.000918644,0.36504,0.00210737,2.66052,0.0610176,1.22979,0.535456,0.0170898,-0.20088,-0.562643,-0.155386,-0.516761,3.1436,-0.0241344,6.35429
0.932296,-0.00107259,0.361708,0.00195084,2.67639,0.0611456,1.23602,0.542147,0.0172427,-0.19779,-0.558944,-0.0982413,-0.514362,3.1461,-0.0247777,6.35278
0.932382,-0.000916787,0.361473,0.00129737,2.6929,0.061016,1.24274,0.548879,0.0173952,-0.194683,-0.565999,-0.0976584,-0.514454,3.14187,-0.0228424,6.36246
0.931893,-0.000677247,0.362731,0.0016974,2.70965,0.0611502,1.24892,0.555653,0.0175481,-0.191561,-0.559713,-0.116822,-0.513842,3.14562,-0.0243377,6.35362
0.931403,-0.000572256,0.363987,0.00178151,2.72643,0.0614722,1.2552,0.562469,0.0177018,-0.188423,-0.550298,-0.137413,-0.505784,3.14752,-0.0246584,6.35062
0.931636,-0.000704819,0.363391,0.00130689,2.74285,0.0616685,1.26123,0.569326,0.017856,-0.18527,-0.546042,-0.126913,-0.498801,3.15502,-0.0262252,6.34372
0.93158,-0.000374772,0.363536,0.000879749,2.75944,0.0614942,1.26732,0.576225,0.0180097,-0.182101,-0.550207,-0.130405,-0.502912,3.16018,-0.0273849,6.33805
0.931597,-0.000386972,0.363493,0.000807129,2.77598,0.0614241,1.27366,0.583165,0.0181633,-0.178917,-0.551056,-0.130087,-0.503866,3.15957,-0.027301,6.33874
0.931412,-0.000318895,0.363966,0.000843563,2.7926,0.0617919,1.27988,0.590146,0.0183177,-0.175718,-0.540287,-0.136775,-0.492627,3.16119,-0.0271124,6.33652
0.931246,-0.000279314,0.364389,0.000869389,2.80924,0.0617457,1.28626,0.597169,0.0184721,-0.172502,-0.540476,-0.144491,-0.492882,3.1591,-0.0267236,6.33843
0.931061,6.98027e-05,0.364864,0.000615137,2.8259,0.0615783,1.2926,0.604234,0.0186261,-0.16927,-0.543007,-0.153677,-0.497378,3.15748,-0.0266801,6.33982
0.930184,0.000210326,0.367101,0.000838956,2.84277,0.0616063,1.30477,0.611314,0.0187649,0.710066,-0.54167,-0.191488,-0.492085,3.14811,-0.0243537,6.34782
0.93166,0.000306509,0.363352,0.00121549,2.85863,0.0613996,1.31077,0.618461,0.0189184,0.713343,-0.54025,-0.128667,-0.50356,3.15618,-0.0264024,6.34525
0.931269,0.000372252,0.364331,0.00117521,2.87536,0.061743,1.31696,0.625649,0.0190728,0.716635,-0.52576,-0.144456,-0.498875,3.15884,-0.0274143,6.34135
0.93086,0.000488599,0.365379,5.58068e-05,2.89213,0.0618649,1.32321,0.63288,0.0192274,0.719943,-0.521669,-0.162926,-0.494106,3.15965,-0.0273881,6.34036
0.930962,0.000623115,0.365116,0.000372082,2.90863,0.0620219,1.32955,0.640151,0.0193825,0.723267,-0.517545,-0.15688,-0.485249,3.157,-0.0265246,6.34207
0.930797,0.000736094,0.365536,1.33732e-05,2.92536,0.0616665,1.33484,0.647465,0.0195367,0.726604,-0.52389,-0.170316,-0.493306,3.18253,-0.0316871,6.32203
0.931739,0.000809545,0.363136,0.000463358,2.94144,0.0613245,1.34132,0.654818,0.01969,0.729958,-0.52876,-0.127421,-0.501748,3.17424,-0.0312766,6.32844
0.931641,0.000969192,0.36338,-6.74819e-05,2.95806,0.0612931,1.34791,0.662214,0.0198432,0.733327,-0.526706,-0.133579,-0.501407,3.16873,-0.0296951,6.33708
0.930789,0.0015212,0.36556,0.00125953,2.97508,0.0615626,1.35466,0.669651,0.0199971,0.736714,-0.513478,-0.172807,-0.496731,3.15976,-0.0275942,6.34915
0.931609,0.00168023,0.363463,0.00137143,2.99131,0.0612265,1.36016,0.677129,0.0201502,0.740114,-0.513982,-0.141638,-0.510915,3.18064,-0.0353843,6.33483
0.931309,0.0016828,0.364225,0.00117185,3.00807,0.0607266,1.36639,0.68465,0.020302,0.74353,-0.530372,-0.158085,-0.513577,3.18174,-0.0353834,6.33381
0.931419,0.00119445,0.363949,-0.00165411,3.02456,0.0615406,1.37274,0.692211,0.0204558,0.746962,-0.507175,-0.149197,-0.490956,3.17849,-0.0336072,6.3362
0.931674,0.00130815,0.363292,-0.00124287,3.041,0.0615717,1.3793,0.699814,0.0206098,0.75041,-0.502947,-0.137228,-0.485506,3.17192,-0.0333906,6.34375
0.932213,0.00117122,0.361908,-0.00160721,3.05728,0.0613433,1.38541,0.707457,0.0207631,0.753874,-0.507421,-0.112608,-0.484417,3.17578,-0.0334448,6.33834
0.932416,0.000992369,0.36138,-0.0021404,3.07372,0.060857,1.39156,0.715141,0.0209153,0.757353,-0.523811,-0.103461,-0.482447,3.17861,-0.0328235,6.33228
0.93171,0.00128206,0.363199,-0.00218709,3.09068,0.0606595,1.3958,0.72288,0.0210726,0.463999,-0.523069,-0.134638,-0.485945,3.18056,-0.0326043,6.32572
0.93093,0.00146279,0.365196,-0.00194225,3.10766,0.0604957,1.40227,0.730649,0.0212238,0.467505,-0.521019,-0.171269,-0.488119,3.17633,-0.0326674,6.33095
0.930965,0.00117114,0.365097,-0.00260506,3.12418,0.0607744,1.40884,0.738459,0.0213757,0.471027,-0.51974,-0.165248,-0.463823,3.16577,-0.0307889,6.33759
0.931735,0.0012145,0.363135,-0.00243295,3.14036,0.0604006,1.41499,0.74631,0.0215267,0.474565,-0.52439,-0.131934,-0.469467,3.16845,-0.0308129,6.33584
0.932055,0.00123842,0.362306,-0.00264194,3.15675,0.0601762,1.42137,0.754202,0.0216772,0.478118,-0.52679,-0.118017,-0.469507,3.16699,-0.0308443,6.33799
0.931114,0.00140238,0.364726,-0.00246402,3.17381,0.059992,1.42787,0.762136,0.0218272,0.481688,-0.525496,-0.162857,-0.471421,3.16418,-0.0312053,6.34288
0.931714,0.00120334,0.363186,-0.00284016,3.19004,0.0602304,1.43423,0.770112,0.0219777,0.485273,-0.521152,-0.133346,-0.453172,3.16184,-0.0301335,6.34469
0.931803,0.00114715,0.36295,-0.00302393,3.20653,0.0604467,1.4405,0.778128,0.0221288,0.488875,-0.50876,-0.127546,-0.446611,3.16278,-0.0299706,6.34337
0.931588,0.000953335,0.363491,-0.00443101,3.22319,0.0609948,1.44725,0.786186,0.0222813,0.492493,-0.483973,-0.135573,-0.437721,3.15458,-0.0310122,6.35451
0.931982,0.00110496,0.362485,-0.00393042,3.23953,0.0610323,1.45366,0.794285,0.0224339,0.496127,-0.479019,-0.116703,-0.429658,3.15318,-0.030936,6.35624
0.932204,0.0014852,0.361918,-0.00311247,3.25591,0.0613396,1.45956,0.802424,0.0225873,0.499776,-0.459356,-0.102117,-0.425632,3.16184,-0.0294518,6.34243
0.931563,0.00170857,0.36357,-0.00278983,3.27276,0.0617089,1.4658,0.810606,0.0227415,0.50344,-0.436068,-0.128582,-0.423859,3.16355,-0.0299597,6.33854
0.931338,0.00168948,0.364134,-0.0036019,3.28943,0.0616695,1.47152,0.81883,0.0228957,0.507119,-0.433199,-0.138643,-0.418772,3.17658,-0.0307988,6.32469
0.93209,0.00151293,0.362212,-0.00352756,3.30556,0.061444,1.47856,0.827094,0.0230493,0.510815,-0.433369,-0.102419,-0.41991,3.15664,-0.0311736,6.34233
0.932064,0.00169694,0.362276,-0.00312892,3.32209,0.0614546,1.4848,0.835399,0.023203,0.514527,-0.424551,-0.102278,-0.418911,3.15872,-0.0312636,6.33872
0.932246,0.00166104,0.361807,-0.00325173,3.33868,0.0608504,1.48624,0.843783,0.0233702,-0.214731,-0.440167,-0.095692,-0.423154,3.16004,-0.031236,6.33459
0.932499,0.00158582,0.361151,-0.0037041,3.35508,0.0609136,1.49288,0.852171,0.0235225,-0.210998,-0.430112,-0.0849753,-0.421657,3.15539,-0.0312714,6.34289
0.933133,0.00159015,0.359515,-0.00340739,3.37126,0.0607819,1.49946,0.860599,0.0236745,-0.20725,-0.426921,-0.0572158,-0.421478,3.15302,-0.0314306,6.3483
0.933104,0.00207641,0.359599,-0.00198902,3.38781,0.0609489,1.50617,0.869069,0.0238269,-0.203484,-0.405533,-0.0612386,-0.428435,3.151,-0.0323643,6.35721
0.932515,0.00224362,0.361124,-0.00165411,3.40462,0.0611945,1.51267,0.87758,0.0239798,-0.199703,-0.387468,-0.0874322,-0.427896,3.15098,-0.0328626,6.35736
0.931629,0.00198438,0.363401,-0.0031199,3.42163,0.0613956,1.51932,0.886134,0.0241333,-0.195904,-0.382134,-0.128496,-0.413684,3.14748,-0.0310646,6.36347
0.931439,0.0022238,0.363881,-0.00262039,3.43828,0.0617615,1.52563,0.89473,0.0242877,-0.19209,-0.381016,-0.135416,-0.382269,3.14941,-0.0294571,6.36219
0.93175,0.0018909,0.363081,-0.00345705,3.45467,0.0622482,1.53191,0.903367,0.0244434,-0.18826,-0.378633,-0.119044,-0.346389,3.15161,-0.0276846,6.36085
0.931694,0.00167297,0.363218,-0.00401652,3.47124,0.0624374,1.53836,0.912045,0.0245994,-0.184415,-0.37138,-0.119962,-0.333678,3.14971,-0.0271411,6.36264
0.930973,0.00154901,0.365054,-0.00512154,3.48818,0.0626325,1.54453,0.920765,0.024756,-0.180553,-0.360811,-0.151914,-0.324592,3.1547,-0.0265803,6.35813
0.932133,0.0012369,0.362084,-0.00569903,3.50415,0.0626252,1.55072,0.929526,0.0249126,-0.176676,-0.368562,-0.0988255,-0.301653,3.15815,-0.024584,6.35648
0.931864,0.00157512,0.362772,-0.00489562,3.52084,0.0626645,1.55717,0.938328,0.0250692,-0.172784,-0.355303,-0.110184,-0.303123,3.15697,-0.0253569,6.358
0.931052,0.00162897,0.364855,-0.00498692,3.53781,0.0631479,1.56363,0.947172,0.0252271,-0.168874,-0.33245,-0.144454,-0.293,3.15498,-0.0255991,6.35993
0.93093,0.00128103,0.365147,-0.00602975,3.55444,0.0631737,1.57002,0.956058,0.0253851,-0.164949,-0.330807,-0.147904,-0.280808,3.15217,-0.0252416,6.36147
0.931123,0.00103575,0.36465,-0.00634247,3.57086,0.0628074,1.57696,0.964986,0.0255421,-0.161007,-0.333488,-0.133688,-0.283916,3.13291,-0.0292565,6.37169
0.931739,0.000883905,0.36307,-0.0066939,3.58715,0.0627457,1.58213,0.973963,0.0257022,-0.300897,-0.334036,-0.106169,-0.272413,3.13962,-0.0265579,6.3671
0.932256,0.000770386,0.361734,-0.00697642,3.6034,0.0626632,1.58821,0.982971,0.0258588,-0.296927,-0.330487,-0.0810882,-0.26734,3.14673,-0.0234718,6.35887
0.932324,0.000688363,0.361559,-0.00684736,3.61987,0.0623104,1.59437,0.992021,0.0260146,-0.292941,-0.335731,-0.0763772,-0.265559,3.15097,-0.0209393,6.35095
0.932998,-0.000800439,0.359749,-0.0106455,3.636,0.0614015,1.60035,1.00111,0.0261681,-0.28894,-0.370476,-0.0432951,-0.256934,3.15812,-0.016134,6.33778
0.933648,-0.00225207,0.357932,-0.014078,3.65212,0.0605974,1.60687,1.01024,0.0263196,-0.284923,-0.414832,-0.0133551,-0.22665,3.15776,-0.0154931,6.3407
0.934503,-0.00373701,0.355535,-0.0174418,3.66809,0.0600337,1.61347,1.01941,0.0264697,-0.280889,-0.456775,0.0281976,-0.183129,3.15758,-0.0154577,6.34421
0.93379,-0.00322721,0.357505,-0.0149585,3.68494,0.0594391,1.62013,1.02862,0.0266183,-0.276839,-0.446642,-0.00767333,-0.206285,3.15801,-0.0192121,6.34702
0.93362,-0.00429124,0.357809,-0.0177744,3.70139,0.0585822,1.62638,1.03788,0.0267647,-0.272773,-0.474133,-0.00753134,-0.197793,3.15966,-0.00825926,6.33533
0.932621,-0.00353451,0.360503,-0.0159345,3.71849,0.0580244,1.63342,1.04717,0.0269098,-0.268689,-0.452289,-0.0626365,-0.234805,3.15573,-0.0321966,6.35512
0.932595,-0.00280625,0.360651,-0.0139553,3.73505,0.0567211,1.64008,1.05651,0.0270516,-0.264589,-0.458672,-0.0673981,-0.275741,3.15191,-0.0404901,6.36055
0.932709,-0.00243978,0.360429,-0.0119439,3.75151,0.0559658,1.64623,1.06589,0.0271915,-0.260474,-0.461622,-0.0630211,-0.291685,3.15839,-0.0345413,6.35254
0.93173,-0.00338266,0.362853,-0.014949,3.76852,0.0546017,1.6522,1.07531,0.027328,-0.256343,-0.48422,-0.106112,-0.318548,3.16821,-0.0287781,6.33995
0.932116,-0.003187,0.361874,-0.0140938,3.78481,0.053677,1.65901,1.08477,0.0274622,-0.252196,-0.478634,-0.0845971,-0.356853,3.15425,-0.0421665,6.34836
0.931635,-0.00263385,0.363166,-0.0127554,3.80159,0.0527571,1.66564,1.09428,0.0275941,-0.248032,-0.481133,-0.1072,-0.382092,3.14852,-0.0476957,6.35333
0.931565,-0.00267359,0.363359,-0.0122358,3.81818,0.0523438,1.67181,1.10382,0.0277249,-0.243852,-0.481565,-0.111512,-0.382653,3.15433,-0.0454174,6.35017
0.929977,-0.00269755,0.367415,-0.0126875,3.83525,0.0519217,1.68499,1.11334,0.0278329,0.699561,-0.489826,-0.179221,-0.370828,3.14233,-0.0490256,6.35859
0.929969,-0.00290077,0.367382,-0.013446,3.85189,0.0516746,1.69103,1.12297,0.0279621,0.703788,-0.496853,-0.182704,-0.353122,3.15146,-0.0459264,6.35822
0.931267,-0.00235697,0.364166,-0.0116435,3.86778,0.0509091,1.69741,1.13263,0.0280894,0.708032,-0.487413,-0.121109,-0.387227,3.14477,-0.0496602,6.35881
0.931842,-0.0023868,0.362696,-0.0109414,3.88401,0.0505295,1.70378,1.14234,0.0282157,0.712291,-0.48322,-0.0938376,-0.393655,3.14408,-0.0501248,6.35923
0.932242,-0.00299928,0.36162,-0.0122707,3.90032,0.0498687,1.71038,1.1521,0.0283403,0.716567,-0.49356,-0.0741091,-0.397305,3.13966,-0.0507579,6.36379
0.931752,-0.00366309,0.36281,-0.0141228,3.91707,0.0489511,1.71685,1.16189,0.0284627,0.720859,-0.522537,-0.0955856,-0.388229,3.13939,-0.0499521,6.36386
0.931743,-0.00367813,0.362822,-0.0141801,3.9336,0.0486807,1.7232,1.17172,0.0285844,0.725167,-0.518484,-0.0942733,-0.386226,3.14078,-0.0490585,6.36256
0.932391,-0.00366103,0.361225,-0.0124667,3.9498,0.0475926,1.72934,1.1816,0.0287034,0.729491,-0.542971,-0.0668909,-0.39077,3.14715,-0.0449551,6.35617
0.931831,-0.0043798,0.362588,-0.0144476,3.96659,0.0468826,1.73589,1.19151,0.0288206,0.73383,-0.561249,-0.0913056,-0.385667,3.14552,-0.0452671,6.35903
0.932086,-0.00445157,0.361925,-0.0143939,3.98296,0.0467828,1.74254,1.20147,0.0289376,0.738187,-0.555952,-0.0771084,-0.377088,3.1397,-0.0490584,6.36488
0.931555,-0.00424867,0.363303,-0.014178,3.99976,0.0459686,1.74874,1.21147,0.0290525,0.742559,-0.568619,-0.100807,-0.382731,3.14471,-0.0453583,6.35827
0.931762,-0.00416186,0.362806,-0.0132275,4.0162,0.0454239,1.75473,1.22151,0.0291661,0.746945,-0.571674,-0.0926495,-0.387489,3.15479,-0.0406777,6.35032
0.932957,-0.00535327,0.359626,-0.0157991,4.03207,0.0444023,1.76117,1.23159,0.0292771,0.751348,-0.587621,-0.0352186,-0.40424,3.15335,-0.0421642,6.35218
0.932659,-0.00628445,0.360252,-0.0182611,4.04866,0.043455,1.76763,1.24171,0.0293857,0.755767,-0.622545,-0.0455574,-0.387821,3.1538,-0.040178,6.35099
0.932853,-0.00674969,0.359689,-0.0191133,4.06507,0.0427874,1.77455,1.25188,0.0294927,0.760204,-0.637382,-0.0381984,-0.38062,3.14735,-0.0523437,6.36558
0.932877,-0.00705215,0.359657,-0.018399,4.08133,0.0421053,1.78507,1.26202,0.0295829,1.36418,-0.648734,-0.0341755,-0.375756,3.15033,-0.0470756,6.36087
0.932172,-0.00761546,0.361389,-0.0200601,4.09817,0.0412526,1.79161,1.27227,0.0296861,1.36866,-0.661085,-0.0635168,-0.381779,3.14992,-0.0480355,6.36198
0.932496,-0.00812451,0.360471,-0.0211441,4.11447,0.0403193,1.79813,1.28255,0.0297869,1.37316,-0.677448,-0.0454471,-0.386142,3.14839,-0.0503247,6.36382
0.932287,-0.00820515,0.361005,-0.0211777,4.13109,0.0388383,1.80512,1.29288,0.029884,1.37767,-0.707509,-0.0571905,-0.399225,3.14006,-0.0666514,6.37765
0.932998,-0.00841408,0.359271,-0.0193357,4.14723,0.0376797,1.81153,1.30325,0.0299782,1.3822,-0.731357,-0.0250916,-0.402245,3.14194,-0.0630234,6.3746
0.93285,-0.012096,0.359049,-0.0288264,4.16357,0.0355929,1.81794,1.31366,0.0300671,1.38674,-0.810527,-0.0164886,-0.385611,3.14348,-0.057206,6.36884
0.932903,-0.0143522,0.358253,-0.0342871,4.17982,0.0337602,1.8248,1.32411,0.0301515,1.39131,-0.880372,-0.00319364,-0.358794,3.13971,-0.0730939,6.37775
0.932685,-0.0144375,0.358749,-0.0344886,4.19632,0.0325783,1.83133,1.3346,0.030233,1.39588,-0.898814,-0.0069084,-0.35881,3.14043,-0.0660781,6.37452
0.932677,-0.0144286,0.359171,-0.0302024,4.21278,0.0302423,1.83791,1.34513,0.0303086,1.40048,-0.957494,-0.0130645,-0.366449,3.14059,-0.0642631,6.37322
0.932331,-0.0162789,0.359599,-0.034741,4.2293,0.0286449,1.845,1.3557,0.0303802,1.40509,-0.984208,-0.017537,-0.384181,3.13278,-0.0941615,6.38764
0.932228,-0.0167742,0.359676,-0.0361328,4.24565,0.0265175,1.85112,1.36632,0.0304465,1.40972,-1.02333,-0.00999028,-0.409926,3.14071,-0.060573,6.37402
0.931336,-0.0149736,0.362467,-0.0321342,4.26267,0.0251951,1.85738,1.37697,0.0305095,1.41436,-1.00685,-0.0523268,-0.466208,3.14652,-0.0422498,6.36665
0.932126,-0.0140443,0.36088,-0.027033,4.27883,0.0238662,1.86391,1.38767,0.0305692,1.41902,-0.999816,-0.0196446,-0.516908,3.14402,-0.0495758,6.36843
0.932545,-0.0147123,0.35963,-0.0285374,4.29501,0.0226618,1.87019,1.39841,0.0306258,1.4237,-1.00287,0.00941792,-0.553574,3.14923,-0.0452783,6.36409
0.932787,-0.0157907,0.358773,-0.0307944,4.31127,0.0212675,1.87728,1.40919,0.030679,1.42839,-1.03378,0.0284349,-0.561064,3.13918,-0.0645366,6.37936
0.931818,-0.0159941,0.361205,-0.0315964,4.32794,0.0197111,1.88913,1.41992,0.03071,2.13947,-1.07538,-0.010865,-0.554347,3.13662,-0.0736284,6.38718
0.931181,-0.0141859,0.363487,-0.0248611,4.34491,0.0177736,1.89565,1.43078,0.0307544,2.14421,-1.08651,-0.0466742,-0.608392,3.13706,-0.0752764,6.38655
0.931762,-0.0139272,0.362003,-0.0241141,4.36118,0.0161968,1.90177,1.44169,0.0307949,2.14896,-1.0555,-0.0147872,-0.711633,3.14915,-0.075,6.38288
0.931361,-0.0140226,0.362997,-0.0245926,4.3779,0.0147082,1.90813,1.45263,0.0308317,2.15373,-1.07409,-0.026436,-0.7417,3.15244,-0.0750153,6.38092
0.931839,-0.0123445,0.362142,-0.0200238,4.39425,0.0128334,1.91482,1.46362,0.0308638,2.15852,-1.06978,-0.00299639,-0.823954,3.14479,-0.081736,6.38518
0.931446,-0.012357,0.363153,-0.0193918,4.41098,0.0120819,1.92148,1.47465,0.030894,2.16332,-1.0855,-0.0170349,-0.81961,3.13939,-0.0802974,6.38875
0.931413,-0.0131638,0.363086,-0.021705,4.42754,0.0106954,1.92747,1.48571,0.0309207,2.16814,-1.09196,-0.0130656,-0.865144,3.15418,-0.0853621,6.38131
0.930662,-0.0132799,0.364992,-0.0218462,4.44438,0.00965714,1.93485,1.49682,0.0309449,2.17298,-1.10446,-0.0334742,-0.880728,3.12476,-0.088,6.39721
0.930346,-0.0116492,0.366084,-0.0179332,4.46117,0.00815062,1.94127,1.50798,0.0309652,2.17783,-1.09877,-0.0481198,-0.946973,3.12481,-0.0908272,6.39675
0.930998,-0.00856643,0.364904,-0.0096013,4.47747,0.00666483,1.94804,1.51917,0.0309819,2.1827,-1.06752,-0.0166273,-1.05089,3.10903,-0.0904938,6.39925
0.930744,-0.00866682,0.365441,-0.0096966,4.49406,0.00617491,1.95491,1.53041,0.0309973,2.18759,-1.07192,-0.018366,-1.05924,3.09421,-0.0734329,6.40485
0.931694,-0.00795156,0.363086,-0.00788237,4.51025,0.0058483,1.96077,1.54168,0.031012,2.19249,-1.04278,0.0163407,-1.10363,3.11702,-0.0983741,6.39717
0.93114,-0.00852084,0.364443,-0.00953817,4.52707,0.00602544,1.96716,1.553,0.031027,2.19741,-1.04319,-0.00711389,-1.07479,3.1202,-0.102269,6.3946
0.932233,-0.0072086,0.361757,-0.00659848,4.54307,0.00536244,1.97376,1.56436,0.0310404,2.20234,-1.02829,0.0431897,-1.11947,3.11553,-0.0990748,6.39725
0.931722,-0.00782833,0.363,-0.00831782,4.55985,0.00505096,1.98024,1.57576,0.0310531,2.20729,-1.04688,0.0219637,-1.09846,3.11688,-0.101406,6.395
0.932126,-0.0080553,0.361941,-0.00878236,4.57633,0.00433312,1.98395,1.58725,0.0310742,1.84487,-1.05956,0.0413837,-1.11367,3.11935,-0.10607,6.39108
0.931682,-0.00857768,0.363033,-0.0103648,4.59307,0.00316104,1.99019,1.59873,0.0310821,1.84984,-1.11115,0.0217981,-1.10662,3.12475,-0.113251,6.38281
0.931384,-0.00804959,0.363833,-0.00930519,4.60978,0.0023074,1.99668,1.61026,0.0310878,1.85483,-1.12858,0.00716173,-1.12014,3.12431,-0.11313,6.38317
0.931394,-0.0086809,0.36375,-0.0109028,4.62631,0.00141912,2.00315,1.62182,0.0310914,1.85984,-1.14197,0.00929818,-1.14507,3.12381,-0.113402,6.38347
0.931877,-0.00888287,0.362492,-0.011308,4.6426,0.000614851,2.00944,1.63343,0.0310929,1.86487,-1.15612,0.0313837,-1.16064,3.12795,-0.115914,6.38028
0.931962,-0.00892844,0.362266,-0.0114304,4.65909,-0.000679989,2.0158,1.64508,0.0310912,1.8699,-1.19875,0.0337758,-1.17423,3.1306,-0.117267,6.37698
0.931902,-0.00853573,0.362469,-0.0102256,4.67567,-0.00166432,2.02255,1.65677,0.0310871,1.87496,-1.22524,0.0284069,-1.18492,3.12527,-0.114692,6.38384
0.931761,-0.00868929,0.362817,-0.0104617,4.69227,-0.00211062,2.02938,1.6685,0.0310818,1.88003,-1.22949,0.0229605,-1.18738,3.11773,-0.11013,6.39259
0.931531,-0.00876992,0.363402,-0.0106544,4.70892,-0.00266315,2.03601,1.68027,0.0310751,1.88512,-1.23705,0.0134405,-1.19423,3.11502,-0.109068,6.39518
0.932143,-0.00876808,0.361834,-0.0105695,4.72515,-0.0031541,2.04213,1.69208,0.0310673,1.89023,-1.24229,0.0411383,-1.19887,3.12447,-0.112329,6.38713
0.932227,-0.00855548,0.361633,-0.0101368,4.7416,-0.00415332,2.04793,1.70394,0.0310569,1.89535,-1.27531,0.0463958,-1.20324,3.13781,-0.118257,6.36669
0.931214,-0.00914359,0.364175,-0.0120724,4.75862,-0.00481281,2.05421,1.71583,0.0310448,1.90049,-1.29219,0.00218368,-1.2037,3.14131,-0.119614,6.36146
0.932845,-0.00945829,0.359961,-0.0126088,4.77435,-0.0058926,2.05996,1.72777,0.0310301,1.90564,-1.31315,0.0722319,-1.22973,3.15991,-0.121742,6.35052
0.932298,-0.00973311,0.361311,-0.0135303,4.79111,-0.00675274,2.06632,1.73975,0.0310132,1.9108,-1.3424,0.0487306,-1.22446,3.16139,-0.120923,6.3471
0.93229,-0.00930887,0.361399,-0.0118932,4.80765,-0.00803033,2.07256,1.75177,0.0309932,1.91598,-1.38134,0.0452813,-1.23629,3.16493,-0.120139,6.34287
0.932069,-0.00954512,0.36193,-0.012795,4.82615,-0.00842312,2.04877,1.7645,0.0310916,-2.08087,-1.38778,0.03882,-1.23965,3.16578,-0.120941,6.3228
0.932814,-0.0100733,0.359971,-0.0135504,4.84225,-0.00935622,2.05579,1.7766,0.0310682,-2.07573,-1.40973,0.0724442,-1.25181,3.15225,-0.122659,6.34053
0.932388,-0.0101362,0.361048,-0.0139883,4.85888,-0.0101574,2.06185,1.78875,0.0310428,-2.07058,-1.43038,0.0575539,-1.2528,3.15736,-0.120265,6.32762
0.932424,-0.00957328,0.361042,-0.0120673,4.87536,-0.0113842,2.06807,1.80094,0.0310144,-2.06541,-1.46272,0.0563833,-1.26977,3.16101,-0.119286,6.32324
0.932511,-0.0109302,0.360665,-0.0154043,4.89175,-0.0125188,2.07466,1.81317,0.0309831,-2.06022,-1.49202,0.0623582,-1.28917,3.15759,-0.119435,6.3298
0.932772,-0.0116193,0.359886,-0.0169334,4.90806,-0.0135191,2.08127,1.82544,0.0309493,-2.05502,-1.52067,0.0755539,-1.29425,3.15447,-0.121936,6.33573
0.932198,-0.0114393,0.361397,-0.0164594,4.92488,-0.0146654,2.08821,1.83775,0.0309126,-2.0498,-1.54384,0.0441464,-1.31459,3.14793,-0.130892,6.35108
0.932361,-0.0108663,0.361072,-0.0146903,4.9413,-0.0156362,2.09422,1.8501,0.0308735,-2.04456,-1.55857,0.0506503,-1.33197,3.15713,-0.124738,6.34046
0.931736,-0.0126765,0.362451,-0.0190588,4.95808,-0.0171207,2.10173,1.8625,0.0308307,-2.03931,-1.59488,0.0245918,-1.36529,3.13562,-0.13329,6.36921
0.931651,-0.0123414,0.362677,-0.0184399,4.97465,-0.0181711,2.10774,1.87494,0.0307853,-2.03404,-1.60039,0.0206251,-1.40009,3.14713,-0.123143,6.36011
0.931409,-0.0120429,0.363359,-0.0174478,4.99127,-0.0190444,2.11481,1.88741,0.0307377,-2.02875,-1.60462,0.0136024,-1.42388,3.12941,-0.136869,6.37281
0.932219,-0.0112495,0.361452,-0.0143922,5.00736,-0.0201979,2.1216,1.89993,0.0306872,-2.02345,-1.61652,0.0508946,-1.45838,3.11906,-0.142576,6.37832
0.933062,-0.0114439,0.359256,-0.0143124,5.02339,-0.020782,2.12841,1.91249,0.0306352,-2.01813,-1.61415,0.0917504,-1.47286,3.11306,-0.143697,6.3855
0.93139,-0.0125821,0.36341,-0.0179385,5.04062,-0.0218043,2.13467,1.92509,0.0305807,-2.01279,-1.66586,0.0235441,-1.44413,3.11677,-0.141708,6.37187
0.932371,-0.0121264,0.360944,-0.0163474,5.0566,-0.0230632,2.14107,1.93773,0.0305231,-2.00744,-1.68311,0.0682247,-1.48017,3.11825,-0.141296,6.37061
0.932112,-0.0120261,0.361607,-0.0162307,5.07388,-0.0235835,2.13743,1.95067,0.0305054,-3.30617,-1.68668,0.0591858,-1.48124,3.12068,-0.138565,6.36077
0.931522,-0.0131449,0.362953,-0.0192972,5.09059,-0.024727,2.14385,1.9634,0.0304436,-3.30082,-1.71255,0.0377624,-1.49831,3.12224,-0.138079,6.35894
0.931369,-0.012858,0.363361,-0.0188677,5.10718,-0.0258468,2.14978,1.97617,0.030379,-3.29544,-1.72111,0.0294304,-1.53423,3.13662,-0.128618,6.34955
0.931786,-0.0124233,0.362378,-0.0174875,5.12345,-0.0270003,2.15635,1.98898,0.0303115,-3.29005,-1.7356,0.0495503,-1.56634,3.1315,-0.132402,6.35297
0.931504,-0.0120503,0.363185,-0.0159607,5.14007,-0.0279591,2.16331,2.00183,0.0302416,-3.28464,-1.75221,0.0372258,-1.57961,3.11889,-0.137601,6.36432
0.932446,-0.0127172,0.360675,-0.0174697,5.15605,-0.0290031,2.16927,2.01472,0.0301691,-3.27922,-1.75934,0.082083,-1.61711,3.13245,-0.136151,6.35505
0.932501,-0.0142624,0.36028,-0.0212625,5.1724,-0.0304933,2.17589,2.02765,0.0300928,-3.27378,-1.82262,0.0896219,-1.60891,3.13055,-0.136628,6.35849
0.93129,-0.0134045,0.363536,-0.0194053,5.18956,-0.0312358,2.18272,2.04062,0.0300147,-3.26832,-1.80876,0.0319772,-1.6421,3.12603,-0.145029,6.36794
0.931072,-0.0120867,0.364326,-0.0155123,5.20622,-0.0324765,2.18937,2.05364,0.0299335,-3.26285,-1.81508,0.020414,-1.68734,3.1196,-0.149242,6.37145
0.930521,-0.0123642,0.365665,-0.0164103,5.22299,-0.0331719,2.19583,2.0667,0.0298506,-3.25736,-1.82268,-0.000731193,-1.69307,3.11819,-0.149355,6.37197
0.931328,-0.012053,0.363674,-0.0151587,5.23905,-0.0339686,2.20247,2.07979,0.0297657,-3.25185,-1.81488,0.0418212,-1.72939,3.10808,-0.150963,6.37445
0.93105,-0.0117735,0.364422,-0.0143057,5.25566,-0.035104,2.20937,2.09293,0.0296779,-3.24633,-1.83799,0.0322595,-1.74984,3.09574,-0.150653,6.38226
0.931421,-0.0103587,0.363668,-0.0104603,5.27199,-0.0363812,2.216,2.10611,0.029587,-3.24079,-1.85136,0.0473265,-1.79592,3.09045,-0.150754,6.38426
0.93026,-0.0117456,0.366462,-0.0145943,5.28905,-0.0370725,2.22204,2.11934,0.0294943,-3.23523,-1.89143,-0.00366323,-1.76141,3.10302,-0.159039,6.37425
0.930744,-0.0119277,0.365181,-0.014773,5.30526,-0.0374132,2.22856,2.1326,0.0294008,-3.22966,-1.89148,0.0237392,-1.74895,3.097,-0.158484,6.37565
0.930268,-0.0112555,0.366475,-0.0132502,5.32136,-0.03867,2.24381,2.14564,0.0292661,-2.09431,-1.90906,0.00143304,-1.7832,3.09859,-0.159073,6.37797
0.930473,-0.00960054,0.366143,-0.00934367,5.33786,-0.0398781,2.25006,2.15899,0.0291664,-2.08868,-1.9141,0.00468226,-1.83507,3.10369,-0.160973,6.37616
0.931003,-0.0094135,0.364789,-0.00871547,5.35412,-0.0404612,2.25642,2.17237,0.0290653,-2.08304,-1.90355,0.0296779,-1.86433,3.10473,-0.162278,6.37573
0.931306,-0.00961127,0.363997,-0.0091494,5.37048,-0.041387,2.26276,2.1858,0.0289618,-2.07739,-1.91859,0.043643,-1.88666,3.10712,-0.164597,6.37374
0.931446,-0.0095954,0.363636,-0.00927445,5.38691,-0.0414447,2.26869,2.19927,0.0288582,-2.07171,-1.89785,0.0511912,-1.88533,3.11963,-0.174598,6.36149
0.930207,-0.00996414,0.366728,-0.0118672,5.40403,-0.0415805,2.2746,2.21278,0.0287543,-2.06603,-1.89248,-0.00178779,-1.86626,3.13087,-0.182917,6.34847
0.930151,-0.0103027,0.366815,-0.0126608,5.42054,-0.0425382,2.28117,2.22633,0.0286479,-2.06033,-1.896,0.00126442,-1.89812,3.1206,-0.18102,6.35242
0.930245,-0.0102357,0.366591,-0.01232,5.43696,-0.0434566,2.28784,2.23992,0.0285393,-2.05461,-1.90211,0.0104818,-1.92258,3.10783,-0.179902,6.35728
0.930033,-0.01022,0.367124,-0.0124047,5.45358,-0.0439296,2.29415,2.25356,0.0284294,-2.04887,-1.90025,0.00197396,-1.92056,3.10826,-0.179957,6.3571
0.930115,-0.00943318,0.367003,-0.0105262,5.47004,-0.0448555,2.30073,2.26723,0.0283173,-2.04312,-1.90745,0.00691582,-1.94331,3.09947,-0.179198,6.36047
0.930253,-0.00905648,0.366688,-0.00940423,5.48644,-0.0451261,2.30734,2.28095,0.0282045,-2.03735,-1.90075,0.0167057,-1.93383,3.09036,-0.17587,6.36464
0.930156,-0.00912196,0.366926,-0.00964537,5.50299,-0.0457355,2.31366,2.2947,0.0280902,-2.03157,-1.90633,0.01232,-1.938,3.09178,-0.176615,6.36375
0.930161,-0.00889237,0.366913,-0.00987774,5.51987,-0.0464338,2.3188,2.3085,0.0279741,-2.02577,-1.90633,0.01232,-1.938,3.09178,-0.176615,6.36375
0.930137,-0.00865301,0.366963,-0.0103902,5.53657,-0.0468828,2.3245,2.32235,0.0278569,-2.01996,-1.90633,0.01232,-1.938,3.09178,-0.176615,6.36375
0.930122,-0.00843698,0.367004,-0.0104488,5.55365,-0.0473677,2.33027,2.33623,0.0277384,-2.01413,-1.90633,0.01232,-1.938,3.09178,-0.176615,6.36375
0.930153,-0.00855428,0.36692,-0.0105633,5.569,-0.0483869,2.34188,2.34997,0.027593,-1.31139,-1.90633,0.0123325,-1.938,3.0934,-0.176611,6.36525
0.930186,-0.00856842,0.366838,-0.0104983,5.58543,-0.0493731,2.34843,2.36393,0.0274696,-1.30552,-1.90633,0.0123325,-1.938,3.0934,-0.176611,6.36525
0.930124,-0.0083711,0.366986,-0.011015,5.60208,-0.0494322,2.35514,2.37794,0.027346,-1.29963,-1.90633,0.0123325,-1.938,3.0934,-0.176611,6.36525
0.930134,-0.00832258,0.366964,-0.010929,5.61876,-0.0501849,2.36167,2.39198,0.0272205,-1.29373,-1.90633,0.0123325,-1.938,3.0934,-0.176611,6.36525
0.930111,-0.00843318,0.367018,-0.0109466,5.63473,-0.0506222,2.36805,2.40607,0.027094,-1.28781,-1.90633,0.0123325,-1.938,3.0934,-0.176611,6.36525
0.930133,-0.00844746,0.366965,-0.0108882,5.65114,-0.0514991,2.37457,2.4202,0.0269652,-1.28187,-1.90633,0.0123325,-1.938,3.0934,-0.176611,6.36525
0.930168,-0.00853743,0.366881,-0.0106536,5.66747,-0.0524983,2.38117,2.43437,0.026834,-1.27592,-1.90633,0.0123325,-1.938,3.0934,-0.176611,6.36525
0.930156,-0.00858144,0.36691,-0.0106685,5.68368,-0.0530339,2.38747,2.44858,0.0267014,-1.26995,-1.90633,0.0123325,-1.938,3.0934,-0.176611,6.36525
0.930236,-0.00854801,0.366707,-0.0106383,5.70023,-0.0545246,2.39384,2.46283,0.0265651,-1.26396,-1.90633,0.0123325,-1.938,3.0934,-0.176611,6.36525
0.930206,-0.00837258,0.366788,-0.0106248,5.71727,-0.054849,2.39993,2.47712,0.026428,-1.25796,-1.90633,0.0123325,-1.938,3.0934,-0.176611,6.36525
0.930198,-0.00833615,0.366805,-0.0107744,5.73366,-0.055436,2.40634,2.49145,0.0262894,-1.25195,-1.90633,0.0123325,-1.938,3.0934,-0.176611,6.36525
0.930224,-0.00834026,0.366739,-0.0108046,5.75,-0.0563651,2.41254,2.50583,0.0261485,-1.24592,-1.90633,0.0123325,-1.938,3.0934,-0.176611,6.36525
0.929989,-0.00837517,0.367331,-0.0108754,5.76654,-0.0571716,2.41908,2.52025,0.0260055,-1.23987,-1.93083,0.00489403,-1.96018,3.08438,-0.174479,6.37282
0.928515,-0.00777396,0.371101,-0.0100839,5.78354,-0.0582835,2.42483,2.5347,0.0258598,-1.23381,-1.9597,-0.0556603,-1.99678,3.1147,-0.180884,6.35056
0.929029,-0.00869562,0.369706,-0.0124999,5.79974,-0.0584524,2.43162,2.5492,0.0257137,-1.22773,-1.96111,-0.0193635,-1.95789,3.07585,-0.17239,6.36188
0.93096,-0.00880044,0.364851,-0.0121713,5.81524,-0.0585562,2.43955,2.56368,0.02556,-1.02059,-1.96762,0.0572039,-1.90653,3.07594,-0.171398,6.36251
0.930696,-0.00833165,0.365533,-0.0110572,5.8318,-0.0589259,2.44589,2.57826,0.0254127,-1.01447,-1.95027,0.0483938,-1.91704,3.07876,-0.172016,6.35768
0.929491,-0.00772908,0.368637,-0.0101774,5.84882,-0.0587148,2.45173,2.59288,0.0252659,-1.00834,-1.89826,0.0030604,-1.93056,3.09386,-0.176699,6.33676
0.931049,-0.00705474,0.364763,-0.00829178,5.8645,-0.0594407,2.45818,2.60754,0.0251173,-1.0022,-1.89308,0.0700965,-1.95526,3.08585,-0.175173,6.34145
0.931239,-0.00838613,0.364149,-0.0114957,5.88081,-0.0603209,2.46475,2.62225,0.0249665,-0.996037,-1.92354,0.0785407,-1.94378,3.08277,-0.172044,6.34749
0.930053,-0.0089132,0.367089,-0.0134547,5.89775,-0.0612619,2.47061,2.63699,0.0248133,-0.989861,-1.95058,0.0334477,-1.93732,3.09219,-0.172863,6.32505
0.929424,-0.00863104,0.368684,-0.0130828,5.91452,-0.0616609,2.47674,2.65178,0.0246592,-0.983669,-1.9368,0.00649583,-1.9429,3.0966,-0.172148,6.32142
0.929444,-0.00874139,0.36861,-0.01355,5.93099,-0.0621529,2.48264,2.6666,0.0245038,-0.977462,-1.93617,0.00544824,-1.93763,3.10763,-0.171166,6.31606
0.929935,-0.00930434,0.367305,-0.0150084,5.94721,-0.0630464,2.48857,2.68147,0.0243462,-0.971241,-1.94536,0.0262832,-1.95147,3.11668,-0.17022,6.31153
0.92988,-0.00941388,0.367418,-0.0154382,5.96369,-0.0638949,2.49467,2.69638,0.0241865,-0.965004,-1.95482,0.0242043,-1.95904,3.11998,-0.169037,6.30896
0.929735,-0.00935527,0.367789,-0.0153764,5.98021,-0.0644577,2.50096,2.71133,0.0240253,-0.958752,-1.95178,0.0193232,-1.95989,3.11723,-0.170096,6.31125
0.929847,-0.00919509,0.367548,-0.0144765,5.99662,-0.0652481,2.50719,2.72632,0.0238622,-0.952484,-1.9588,0.0240135,-1.96491,3.11624,-0.170461,6.31217
0.929735,-0.00919315,0.367835,-0.014307,6.01311,-0.0658115,2.51396,2.74136,0.0236977,-0.946199,-1.95784,0.021783,-1.96445,3.10117,-0.173755,6.32498
0.930234,-0.00907563,0.366598,-0.0138265,6.0293,-0.0660082,2.52028,2.75643,0.0235326,-0.939898,-1.9456,0.046142,-1.94886,3.099,-0.174089,6.32669
0.930738,-0.0092265,0.365301,-0.0140914,6.04546,-0.0671086,2.52646,2.77154,0.0233649,-0.933582,-1.97528,0.068935,-1.9502,3.10128,-0.173397,6.32355
0.930564,-0.00929284,0.365751,-0.0138073,6.06063,-0.0678437,2.54834,2.78608,0.0231283,0.854717,-1.98258,0.0561601,-1.94818,3.09649,-0.175724,6.34737
0.929842,-0.00903158,0.36761,-0.0133528,6.07749,-0.0683714,2.55486,2.80127,0.0229574,0.861104,-1.97889,0.0228978,-1.94867,3.09357,-0.17657,6.35225
0.930994,-0.0092518,0.364693,-0.0131994,6.09333,-0.0691828,2.56178,2.81651,0.0227845,0.867509,-1.98365,0.0784404,-1.96432,3.07742,-0.176996,6.36466
0.930852,-0.00972833,0.364978,-0.0145971,6.10975,-0.0704032,2.56776,2.83178,0.0226084,0.873928,-2.0321,0.0780986,-1.94913,3.08294,-0.175608,6.3478
0.930197,-0.00938997,0.366696,-0.01358,6.12652,-0.0712994,2.57409,2.8471,0.0224302,0.880364,-2.0461,0.0481413,-1.95384,3.08425,-0.175029,6.34466
0.930301,-0.0108593,0.366258,-0.0170678,6.14285,-0.0726185,2.5808,2.86245,0.0222487,0.886816,-2.06759,0.0576305,-1.98918,3.07541,-0.176157,6.35297
0.930405,-0.010685,0.365987,-0.0168856,6.1592,-0.0730988,2.58647,2.87785,0.0220659,0.893282,-2.06556,0.0649795,-1.97988,3.09095,-0.163201,6.33517
0.931047,-0.0108789,0.364345,-0.0169744,6.17529,-0.0745373,2.59311,2.89329,0.0218796,0.899765,-2.10982,0.0927724,-1.98892,3.08516,-0.167309,6.34257
0.931672,-0.0113143,0.362714,-0.0173642,6.1913,-0.0750942,2.59927,2.90877,0.0216918,0.906263,-2.1154,0.126477,-1.9782,3.08853,-0.16316,6.33398
0.931771,-0.0127956,0.362248,-0.0207363,6.20769,-0.0760058,2.60638,2.92429,0.0215018,0.912779,-2.14496,0.124866,-1.96307,3.08444,-0.173738,6.35922
0.931653,-0.015149,0.362113,-0.0266,6.22401,-0.0775961,2.61301,2.93985,0.0213078,0.919311,-2.23001,0.126807,-1.91944,3.08329,-0.175449,6.36188
0.931731,-0.0163366,0.361615,-0.0292326,6.24035,-0.0790511,2.62005,2.95545,0.0211102,0.925861,-2.28913,0.12829,-1.89229,3.08012,-0.200393,6.37959
0.931446,-0.0163419,0.3626,-0.0258875,6.25682,-0.0813199,2.62642,2.97109,0.0209069,0.932427,-2.38701,0.115069,-1.87227,3.07988,-0.184318,6.36799
0.930943,-0.0163056,0.363887,-0.025838,6.27349,-0.0822095,2.63314,2.98677,0.0207014,0.93901,-2.38088,0.0939381,-1.89545,3.07805,-0.19291,6.37354
0.931144,-0.0165619,0.363317,-0.0264305,6.28974,-0.0832807,2.6393,3.0025,0.0204932,0.945608,-2.39959,0.109306,-1.90086,3.08417,-0.176836,6.36377
0.930547,-0.0161549,0.364934,-0.0254508,6.30601,-0.0843375,2.65107,3.01804,0.0202611,1.52323,-2.40345,0.081463,-1.92603,3.08045,-0.191884,6.37497
0.930606,-0.0149393,0.365117,-0.021277,6.3225,-0.0856662,2.65714,3.03385,0.0200469,1.52988,-2.41699,0.0795942,-1.96542,3.08983,-0.177562,6.36595
0.929837,-0.0163878,0.366766,-0.0252698,6.33924,-0.0872033,2.6635,3.04969,0.0198289,1.53653,-2.44998,0.0573012,-2.01385,3.09178,-0.176418,6.36408
0.930102,-0.0161126,0.366126,-0.0245816,6.35559,-0.0883087,2.66963,3.06558,0.0196081,1.54321,-2.45474,0.0705034,-2.05229,3.0995,-0.168829,6.36079
0.930425,-0.0153757,0.365454,-0.0227976,6.37194,-0.0895006,2.6756,3.08151,0.0193844,1.5499,-2.46851,0.0831575,-2.08925,3.11106,-0.158056,6.3538
0.930397,-0.0151518,0.365606,-0.0215559,6.38844,-0.0903191,2.68193,3.09748,0.0191586,1.5566,-2.47658,0.082906,-2.09821,3.11208,-0.15744,6.35308
0.930607,-0.0161452,0.364888,-0.0239611,6.40473,-0.091445,2.68828,3.1135,0.01893,1.56332,-2.49505,0.101325,-2.13162,3.11251,-0.157644,6.35311
0.930308,-0.0168021,0.365491,-0.0257922,6.42127,-0.0929012,2.69456,3.12955,0.0186977,1.57006,-2.54133,0.0956228,-2.15526,3.11492,-0.155401,6.35084
0.929999,-0.0163472,0.366362,-0.0248172,6.43791,-0.0939623,2.70091,3.14564,0.0184628,1.57681,-2.55602,0.0837594,-2.17714,3.11529,-0.1552,6.35082
0.930066,-0.0134102,0.36688,-0.0163094,6.45457,-0.0961031,2.70681,3.16178,0.0182225,1.58358,-2.60303,0.0722633,-2.26665,3.12807,-0.146528,6.34368
0.930758,-0.0137865,0.364976,-0.0172077,6.47072,-0.0973981,2.71277,3.17796,0.017979,1.59036,-2.59329,0.110393,-2.37511,3.13836,-0.151981,6.33929
0.930362,-0.0143085,0.365887,-0.0187398,6.48739,-0.0982608,2.71906,3.19418,0.0177334,1.59716,-2.62221,0.0969989,-2.3719,3.1388,-0.15182,6.33923
0.93065,-0.0135545,0.365276,-0.016871,6.50379,-0.0996895,2.72521,3.21043,0.0174842,1.60397,-2.65719,0.109485,-2.42034,3.14278,-0.152411,6.33713
0.930782,-0.0125343,0.365104,-0.0139624,6.52028,-0.100946,2.73168,3.22674,0.0172318,1.6108,-2.6943,0.112706,-2.44732,3.139,-0.150597,6.34216
0.92932,-0.0149144,0.36848,-0.0207588,6.53744,-0.102011,2.73768,3.24308,0.0169768,1.61764,-2.76423,0.0559646,-2.41095,3.14587,-0.156177,6.33459
0.930499,-0.0154792,0.36534,-0.0217196,6.5543,-0.102777,2.73448,3.25994,0.0167631,0.55671,-2.78108,0.115598,-2.41192,3.14046,-0.157349,6.33244
0.930297,-0.0152195,0.365882,-0.0211471,6.57089,-0.104269,2.74093,3.27637,0.0165024,0.563562,-2.83269,0.107057,-2.43719,3.13738,-0.15932,6.33685
0.929309,-0.0139578,0.368648,-0.0175633,6.58796,-0.105519,2.74798,3.29283,0.0162386,0.570432,-2.85586,0.0602634,-2.47542,3.11901,-0.166101,6.35392
0.92852,-0.0143435,0.37055,-0.0185098,6.60472,-0.10658,2.755,3.30935,0.0159721,0.57732,-2.8626,0.0437335,-2.52788,3.08964,-0.162134,6.362
0.930133,-0.0137245,0.366629,-0.0164373,6.62044,-0.10752,2.76117,3.3259,0.0157033,0.584222,-2.85061,0.11591,-2.5955,3.09247,-0.161752,6.36155
0.929511,-0.0137735,0.368153,-0.0168913,6.63723,-0.108443,2.7674,3.34249,0.0154322,0.591141,-2.88259,0.0899441,-2.59556,3.09546,-0.163025,6.35824
0.929302,-0.0128279,0.368818,-0.0146079,6.65382,-0.10939,2.77407,3.35913,0.0151588,0.598076,-2.89765,0.0830003,-2.62204,3.08362,-0.160796,6.36371
0.930276,-0.0135846,0.366278,-0.0158579,6.66968,-0.110814,2.78093,3.3758,0.0148817,0.605029,-2.89984,0.141632,-2.73597,3.06403,-0.152355,6.37067
0.931141,-0.0143617,0.363966,-0.0175471,6.68559,-0.111909,2.78704,3.39251,0.014602,0.611996,-2.93796,0.186096,-2.75474,3.07027,-0.154192,6.36167
0.931506,-0.0153956,0.362864,-0.0199139,6.70171,-0.113118,2.79348,3.40927,0.0143192,0.61898,-3.01286,0.20724,-2.72539,3.07013,-0.153623,6.35883
0.931822,-0.0163857,0.361956,-0.0207733,6.71782,-0.11446,2.79991,3.42606,0.014033,0.62598,-3.10627,0.224622,-2.6764,3.07005,-0.151787,6.35363
0.929702,-0.0194706,0.366778,-0.0294021,6.73511,-0.116055,2.80655,3.4429,0.0137429,0.632996,-3.19009,0.141644,-2.67671,3.06928,-0.153166,6.35609
0.929993,-0.0201122,0.365733,-0.030843,6.75122,-0.118241,2.81285,3.45978,0.0134473,0.640028,-3.25774,0.163845,-2.76304,3.07191,-0.147084,6.35313
0.929636,-0.0182927,0.367096,-0.0265685,6.76788,-0.11971,2.81903,3.4767,0.013148,0.647076,-3.26671,0.143564,-2.84782,3.07735,-0.133902,6.3475
0.930474,-0.0167118,0.365382,-0.0214962,6.78398,-0.121089,2.82492,3.49366,0.0128453,0.654138,-3.2968,0.171893,-2.90251,3.09067,-0.119667,6.3397
0.930431,-0.0200633,0.364807,-0.0298679,6.80086,-0.122972,2.82506,3.511,0.0125671,-0.0312976,-3.38126,0.190671,-2.9689,3.08811,-0.120291,6.33917
0.928966,-0.0192794,0.368588,-0.0284774,6.81804,-0.124488,2.83178,3.52805,0.0122558,-0.0242182,-3.39673,0.128253,-3.06938,3.08327,-0.134038,6.34788
0.928863,-0.015087,0.369846,-0.0180461,6.83472,-0.12685,2.83846,3.54514,0.0119387,-0.017122,-3.40687,0.116309,-3.29471,3.07078,-0.147333,6.35188
0.928917,-0.0122709,0.36997,-0.0116547,6.85134,-0.128179,2.84443,3.56226,0.0116183,-0.0100109,-3.41678,0.108734,-3.39345,3.08287,-0.151773,6.34978
0.928646,-0.012757,0.37052,-0.0130798,6.86794,-0.128836,2.85061,3.57943,0.0112962,-0.00288442,-3.43189,0.100492,-3.40855,3.08545,-0.154479,6.34922
0.929262,-0.0115277,0.369128,-0.00990267,6.88418,-0.129701,2.85682,3.59665,0.0109719,0.00425764,-3.41455,0.128682,-3.50293,3.08555,-0.15485,6.34943
0.930009,-0.0105015,0.367336,-0.00706735,6.9003,-0.129918,2.8632,3.6139,0.0106471,0.0114156,-3.37258,0.164036,-3.54515,3.0818,-0.150193,6.35129
0.930395,-0.0094156,0.366403,-0.00571821,6.9166,-0.130751,2.86908,3.63119,0.0103203,0.0185883,-3.39545,0.179465,-3.5879,3.09308,-0.173535,6.34001
0.929992,-0.0102424,0.367363,-0.00782179,6.93325,-0.13128,2.87569,3.64852,0.00999206,0.0257775,-3.42852,0.161423,-3.56599,3.08725,-0.157648,6.34829
0.930544,-0.0101108,0.365965,-0.00758275,6.94945,-0.131688,2.88148,3.66589,0.00966284,0.0329812,-3.41971,0.186439,-3.58758,3.1005,-0.179607,6.33573
0.931222,-0.00968114,0.364279,-0.00621248,6.96557,-0.132173,2.88793,3.68331,0.00933241,0.0402011,-3.41511,0.216303,-3.6088,3.09821,-0.174762,6.33966
0.930582,-0.00996208,0.36585,-0.00889976,6.98224,-0.132232,2.89388,3.70076,0.00900183,0.0474358,-3.3895,0.197123,-3.59558,3.10295,-0.19327,6.32291
0.930068,-0.00926922,0.367202,-0.0073875,6.99895,-0.13239,2.90007,3.71826,0.00867086,0.054686,-3.36449,0.174954,-3.57611,3.10478,-0.196274,6.31973
0.929375,-0.00953437,0.368921,-0.0084856,7.01577,-0.132579,2.90603,3.7358,0.00833941,0.061951,-3.35344,0.144827,-3.5418,3.11192,-0.205912,6.31309
0.929534,-0.0095251,0.368511,-0.00865017,7.03219,-0.133107,2.91196,3.75338,0.00800664,0.0692309,-3.35392,0.149658,-3.54335,3.11986,-0.212584,6.30947
0.92984,-0.00926006,0.367742,-0.00889698,7.04896,-0.133676,2.91433,3.77122,0.00769137,-0.32027,-3.35654,0.162729,-3.54757,3.12138,-0.214988,6.30675
0.928077,-0.00901839,0.372204,-0.00884355,7.06635,-0.134189,2.92085,3.78889,0.00735589,-0.312968,-3.35346,0.0838792,-3.54521,3.1126,-0.206049,6.31412
0.92785,-0.00909974,0.372734,-0.00899677,7.08281,-0.134578,2.92739,3.8066,0.00701945,-0.305649,-3.35247,0.0886186,-3.52056,3.08934,-0.194735,6.31502
0.928088,-0.00913023,0.372124,-0.00967275,7.09944,-0.135101,2.93267,3.82435,0.0066817,-0.298318,-3.35204,0.0781771,-3.522,3.12663,-0.210521,6.31399
0.928722,-0.00749481,0.370673,-0.00631275,7.11575,-0.136164,2.93855,3.84214,0.00634129,-0.290971,-3.37086,0.0974392,-3.57769,3.13337,-0.213314,6.31332
0.928467,-0.00640844,0.371353,-0.00367051,7.13238,-0.136112,2.94497,3.85997,0.00600101,-0.283609,-3.33667,0.0920882,-3.52782,3.12072,-0.201773,6.31819
0.929246,-0.00582972,0.369419,-0.00218491,7.14852,-0.136116,2.95102,3.87784,0.00566072,-0.276231,-3.29483,0.129007,-3.51289,3.121,-0.202313,6.31785
0.929275,-0.0059802,0.36933,-0.00271392,7.165,-0.135716,2.9571,3.89575,0.00532143,-0.268839,-3.22206,0.135624,-3.48298,3.12231,-0.20476,6.31633
0.929517,-0.00546938,0.368731,-0.00291977,7.18139,-0.136124,2.96354,3.9137,0.00498112,-0.26143,-3.21608,0.146728,-3.4873,3.11457,-0.193104,6.32343
0.929266,-0.00326588,0.369434,0.0023154,7.19803,-0.135682,2.96946,3.9317,0.00464191,-0.254006,-3.13847,0.138545,-3.45529,3.12016,-0.202429,6.31687
0.928908,-0.00321953,0.37029,0.00239711,7.21473,-0.135848,2.976,3.94974,0.00430229,-0.246566,-3.13401,0.12334,-3.42774,3.10992,-0.178926,6.32659
0.92844,-0.00339966,0.371463,0.00196664,7.23147,-0.135954,2.9827,3.96781,0.00396241,-0.239109,-3.13072,0.105674,-3.39966,3.09372,-0.149295,6.33777
0.929222,-0.00416177,0.369514,-0.00222009,7.24764,-0.135716,2.98841,3.98593,0.00362312,-0.231638,-3.10084,0.13817,-3.36601,3.10882,-0.168886,6.33171
0.92993,-0.00351709,0.36773,-0.00067952,7.26379,-0.135743,2.99424,4.00409,0.00328376,-0.224153,-3.07666,0.171811,-3.34187,3.1168,-0.178509,6.32378
0.930122,-0.00316304,0.367238,0.00027067,7.28022,-0.135978,3.00068,4.02229,0.00294382,-0.216651,-3.06115,0.178645,-3.34179,3.1134,-0.170887,6.33094
0.930198,-0.00269917,0.367048,0.00167805,7.29549,-0.135712,3.01787,4.03986,0.00255163,0.867416,-2.99471,0.179022,-3.33882,3.10795,-0.147182,6.35683
0.930433,-0.00241402,0.366457,0.000328378,7.31192,-0.135697,3.02434,4.05814,0.00221239,0.874977,-2.9672,0.188976,-3.33858,3.10597,-0.140954,6.36242
0.929883,-0.00123749,0.367856,0.00303464,7.3287,-0.135563,3.03047,4.07647,0.00187348,0.882553,-2.92478,0.168725,-3.33348,3.10856,-0.148159,6.355
0.930213,-0.000777407,0.366997,0.0043029,7.34508,-0.13553,3.03697,4.09483,0.00153465,0.890145,-2.89841,0.183699,-3.32562,3.10441,-0.138191,6.36176
0.930076,-0.0012841,0.367359,0.00263393,7.3616,-0.135176,3.04259,4.11323,0.00119671,0.897752,-2.84974,0.18688,-3.30606,3.11476,-0.16877,6.33923
0.930231,-0.00161475,0.366978,-0.000138316,7.37803,-0.135119,3.04871,4.13168,0.000858916,0.905373,-2.82159,0.19628,-3.28956,3.11696,-0.173271,6.33508
0.930699,-0.00155353,0.365784,7.01513e-05,7.3943,-0.135449,3.05497,4.15016,0.000520295,0.913011,-2.82047,0.216826,-3.27985,3.11689,-0.173214,6.33516
0.931182,-0.00130027,0.364554,0.00089821,7.41058,-0.135598,3.06149,4.16869,0.0001813,0.920665,-2.80069,0.236366,-3.27084,3.11445,-0.167946,6.3434
0.931139,-0.00120728,0.364662,0.0010953,7.42707,-0.135658,3.06779,4.18726,-0.000157844,0.928334,-2.76888,0.236698,-3.27189,3.11474,-0.169338,6.34072
0.930706,-0.00134774,0.365769,-0.00110967,7.44384,-0.13548,3.07445,4.20587,-0.000496544,0.93602,-2.71758,0.214303,-3.2685,3.11248,-0.162022,6.35279
0.930326,-0.000710895,0.366737,0.000362974,7.46056,-0.135649,3.08078,4.22452,-0.000835667,0.943722,-2.69584,0.197516,-3.26386,3.11262,-0.162108,6.35268
0.93164,-0.000823981,0.363397,0.000133945,7.47639,-0.13624,3.08657,4.24321,-0.00117627,0.951438,-2.7124,0.256235,-3.27416,3.12218,-0.172273,6.33841
0.932681,-0.000798651,0.360713,0.00060047,7.49237,-0.136333,3.09321,4.26194,-0.0015171,0.959172,-2.68426,0.299614,-3.2706,3.12117,-0.167439,6.34941
0.932936,-0.000387309,0.360046,0.000115956,7.50869,-0.136314,3.09972,4.28071,-0.00185788,0.966921,-2.63334,0.312541,-3.29197,3.1211,-0.166834,6.34985
0.93275,0.00206072,0.360524,0.0066067,7.52537,-0.136115,3.10657,4.29953,-0.00219817,0.974687,-2.554,0.29487,-3.32302,3.12403,-0.160399,6.36769
0.930973,0.0016271,0.365086,0.00500579,7.54225,-0.13568,3.11535,4.31819,-0.00255208,1.26683,-2.5112,0.232692,-3.26573,3.12292,-0.183821,6.34221
0.93134,0.000664524,0.36415,0.00266996,7.55857,-0.135491,3.12181,4.33708,-0.0028908,1.27464,-2.48554,0.251142,-3.21415,3.12012,-0.179026,6.34603
0.931917,-0.000141139,0.362685,-0.00036149,7.57482,-0.135443,3.12876,4.35602,-0.00322941,1.28246,-2.46327,0.27403,-3.18033,3.11116,-0.166976,6.36394
0.931726,0.00131311,0.363166,0.00350769,7.59146,-0.135297,3.13556,4.375,-0.00356765,1.2903,-2.41154,0.263391,-3.16751,3.10843,-0.164016,6.3763
0.931883,0.00147404,0.362739,0.00366463,7.60775,-0.134868,3.1412,4.39402,-0.00390482,1.29815,-2.35225,0.284508,-3.12856,3.11913,-0.183107,6.34861
0.931872,0.000850482,0.362783,0.00219543,7.62426,-0.134381,3.14785,4.41308,-0.00424078,1.30602,-2.28378,0.285537,-3.09232,3.11657,-0.177468,6.35658
0.931347,3.55567e-05,0.364147,-0.00137752,7.64106,-0.134118,3.15455,4.43218,-0.00457607,1.31391,-2.23081,0.260777,-3.07057,3.11354,-0.173449,6.36552
0.931379,0.000257302,0.36405,-0.000845711,7.65756,-0.134426,3.16086,4.45132,-0.00491214,1.32181,-2.2222,0.262542,-3.05641,3.11574,-0.173562,6.36272
0.931306,0.000147354,0.364237,-0.00107892,7.67411,-0.134164,3.16739,4.47051,-0.00524755,1.32973,-2.17888,0.263192,-3.00201,3.11361,-0.172998,6.36629
0.931233,-0.000508513,0.364418,-0.00288378,7.69066,-0.134162,3.17356,4.48974,-0.00558295,1.33766,-2.15132,0.262387,-2.96854,3.11872,-0.173438,6.36028
0.931812,-0.00196419,0.362897,-0.00679813,7.70685,-0.134234,3.17958,4.509,-0.00591854,1.34561,-2.14089,0.291835,-2.91807,3.12664,-0.171457,6.35144
0.931659,-0.000541074,0.363341,-0.00319576,7.72342,-0.134274,3.18594,4.52831,-0.00625422,1.35358,-2.09373,0.287555,-2.90867,3.12719,-0.170019,6.34969
0.930991,-3.00451e-05,0.365042,-0.00226858,7.74024,-0.134248,3.1919,4.54766,-0.00658984,1.36156,-2.0489,0.262122,-2.89248,3.13429,-0.168032,6.33711
0.931035,-0.00056291,0.364915,-0.00359113,7.75672,-0.134437,3.19834,4.56705,-0.00692594,1.36955,-2.03538,0.265672,-2.86673,3.13039,-0.167913,6.34011
0.93058,-0.000918334,0.366058,-0.00500671,7.77347,-0.134702,3.20464,4.58649,-0.00726269,1.37756,-2.01854,0.245334,-2.85594,3.13066,-0.167718,6.33975
0.929654,0.000244865,0.368443,-0.00249124,7.79133,-0.134619,3.20458,4.60643,-0.00756794,0.771639,-1.98127,0.204202,-2.81476,3.13287,-0.166139,6.33518
0.930196,-0.000134577,0.367053,-0.00325231,7.80753,-0.134895,3.21105,4.62595,-0.00790517,0.779667,-1.97938,0.235337,-2.78401,3.12065,-0.165537,6.3371
0.931237,8.58208e-05,0.364415,-0.00264554,7.82356,-0.135575,3.217,4.64551,-0.00824411,0.78771,-1.9915,0.276519,-2.79638,3.1306,-0.165152,6.33263
0.929961,9.21384e-05,0.367661,-0.00332106,7.84076,-0.135931,3.22364,4.66511,-0.00858394,0.795769,-1.97932,0.216071,-2.79319,3.12446,-0.164312,6.34159
0.931103,0.000113396,0.364761,-0.00272907,7.85659,-0.135925,3.2304,4.68475,-0.00892375,0.803845,-1.97252,0.277588,-2.72415,3.10607,-0.164566,6.34801
0.931761,0.000376188,0.363073,-0.00186982,7.87271,-0.135912,3.23673,4.70444,-0.00926353,0.811936,-1.93582,0.308883,-2.70566,3.1069,-0.164159,6.34724
0.931722,0.000458976,0.363167,-0.0018586,7.8891,-0.135971,3.24257,4.72416,-0.00960346,0.820043,-1.89559,0.314464,-2.70802,3.11379,-0.166574,6.32708
0.932344,0.000140826,0.361567,-0.00277049,7.90531,-0.13613,3.2498,4.74392,-0.00994379,0.828167,-1.86903,0.33405,-2.70717,3.10272,-0.162366,6.35492
0.931731,0.00161015,0.36317,0.00096404,7.92211,-0.136229,3.2564,4.76373,-0.0102844,0.836308,-1.82489,0.303482,-2.7191,3.10233,-0.162114,6.35876
0.932558,0.00274357,0.361011,0.00418713,7.93812,-0.135691,3.26291,4.78357,-0.0106236,0.844466,-1.73958,0.343658,-2.71156,3.10186,-0.160117,6.3608
0.932139,0.00256775,0.362076,0.00373961,7.95478,-0.135566,3.26943,4.80346,-0.0109625,0.852639,-1.70005,0.32437,-2.70176,3.10219,-0.16036,6.36044
0.932677,0.00165116,0.360726,-0.000201224,7.97101,-0.134853,3.27644,4.82339,-0.0112996,0.86083,-1.6108,0.344351,-2.69215,3.09672,-0.146846,6.37868
0.931179,0.00486453,0.364571,0.00763665,7.98813,-0.134363,3.28251,4.84336,-0.0116355,0.869037,-1.51417,0.287687,-2.70775,3.1002,-0.151278,6.35859
0.931554,0.00531298,0.363459,0.00897271,8.0044,-0.134494,3.28909,4.86337,-0.0119718,0.877259,-1.49437,0.305389,-2.71596,3.09595,-0.143796,6.36219
0.931721,0.00391577,0.363135,0.00533109,8.02076,-0.133645,3.29522,4.88342,-0.0123059,0.885497,-1.42474,0.315765,-2.65539,3.10271,-0.157654,6.35387
0.931519,0.00252714,0.363713,0.000297787,8.03556,-0.133348,3.31382,4.90249,-0.012703,2.106,-1.38215,0.308498,-2.61864,3.11419,-0.167143,6.34729
0.931141,0.00386773,0.364639,0.00355386,8.05222,-0.133193,3.31999,4.92262,-0.013036,2.1143,-1.33976,0.295437,-2.58532,3.11878,-0.167937,6.34173
0.930369,0.00345381,0.366612,0.00208799,8.06912,-0.132748,3.32592,4.9428,-0.0133678,2.12262,-1.2995,0.263564,-2.50493,3.12936,-0.175668,6.33301
0.930388,0.0016552,0.366598,-0.00254073,8.08563,-0.132551,3.33219,4.96301,-0.0136992,2.13095,-1.28544,0.267866,-2.41891,3.12775,-0.175576,6.33331
0.930806,0.00033878,0.365489,-0.00569096,8.10197,-0.132826,3.3382,4.98327,-0.0140313,2.1393,-1.28784,0.284792,-2.3725,3.13599,-0.173747,6.33028
0.930838,0.00182932,0.365445,-0.00197968,8.11844,-0.132456,3.34437,5.00356,-0.0143624,2.14766,-1.24037,0.29312,-2.29241,3.13759,-0.171953,6.3283
0.931572,0.00143966,0.363551,-0.0027305,8.13454,-0.132581,3.35082,5.0239,-0.0146939,2.15603,-1.22663,0.329657,-2.25002,3.13222,-0.173122,6.33178
0.931677,0.00114831,0.363271,-0.00339894,8.15096,-0.132515,3.35726,5.04427,-0.0150252,2.16443,-1.17724,0.336456,-2.23611,3.12997,-0.173508,6.33444
0.932363,0.000306201,0.361497,-0.00525225,8.16706,-0.132787,3.36349,5.06469,-0.0153571,2.17284,-1.16503,0.369201,-2.21494,3.13203,-0.172212,6.33048
0.932743,-0.000418621,0.360482,-0.00690616,8.18334,-0.133471,3.37004,5.08515,-0.0156908,2.18126,-1.18347,0.383186,-2.20218,3.13109,-0.174839,6.33545
0.933088,-0.000657248,0.359577,-0.00725066,8.19966,-0.134011,3.37672,5.10565,-0.0160258,2.1897,-1.18193,0.394203,-2.19428,3.13011,-0.180084,6.34439
0.93325,-0.000622446,0.359161,-0.00686868,8.21612,-0.134345,3.38361,5.12619,-0.0163617,2.19816,-1.14882,0.39286,-2.20413,3.12947,-0.18863,6.36082
0.933766,-0.00136282,0.357788,-0.0085496,8.23223,-0.134299,3.38999,5.14677,-0.0166974,2.20664,-1.08646,0.423036,-2.20494,3.12959,-0.184151,6.35343
0.933524,-0.00220221,0.358358,-0.0106628,8.2488,-0.135188,3.39662,5.16739,-0.0170354,2.21513,-1.11114,0.410158,-2.20262,3.12976,-0.185101,6.35453
0.933951,-0.00274863,0.357202,-0.011736,8.26504,-0.135886,3.40332,5.18806,-0.0173751,2.22364,-1.12162,0.427252,-2.18733,3.12967,-0.18953,6.36008
0.933926,-0.00302451,0.357247,-0.012178,8.28308,-0.137095,3.40044,5.20962,-0.0176742,1.29753,-1.173,0.412534,-2.18843,3.12745,-0.20478,6.37598
0.932315,-0.00229732,0.3615,-0.0110785,8.30022,-0.136989,3.4065,5.23037,-0.0180166,1.30604,-1.06248,0.352655,-2.23184,3.12729,-0.182729,6.34962
0.932065,-0.00221461,0.362122,-0.010875,8.31683,-0.137678,3.41301,5.25117,-0.0183608,1.31458,-1.06004,0.340703,-2.23493,3.12621,-0.183989,6.3508
0.932347,-0.00190585,0.361429,-0.0098422,8.33317,-0.138824,3.41967,5.272,-0.0187079,1.32312,-1.07838,0.351705,-2.2923,3.12072,-0.188773,6.35523
0.931749,-0.00127889,0.363022,-0.00798221,8.34999,-0.139904,3.427,5.29287,-0.0190576,1.33169,-1.09853,0.32037,-2.32985,3.1024,-0.203773,6.37597
0.931165,-0.00322224,0.364421,-0.0121133,8.36674,-0.140146,3.43376,5.31379,-0.019408,1.34028,-1.08968,0.297571,-2.26407,3.09505,-0.206906,6.38103
0.931566,-0.00383579,0.363316,-0.0132488,8.38294,-0.140599,3.44063,5.33475,-0.0197595,1.34888,-1.09355,0.323466,-2.20126,3.08111,-0.218226,6.38577
0.931681,-0.00392587,0.363006,-0.0134865,8.39937,-0.141216,3.4469,5.35575,-0.0201125,1.3575,-1.08664,0.326368,-2.17913,3.08948,-0.209594,6.38132
0.931658,-0.00329616,0.363126,-0.0120436,8.4159,-0.142181,3.45298,5.37679,-0.020468,1.36613,-1.09425,0.320789,-2.19951,3.10168,-0.196022,6.37246
0.93133,-0.00515434,0.363819,-0.0160542,8.43253,-0.142239,3.45914,5.39787,-0.0208236,1.37478,-1.05932,0.307553,-2.14252,3.11109,-0.189227,6.36655
0.931014,-0.00497696,0.364622,-0.0155222,8.44915,-0.142915,3.46591,5.41899,-0.0211809,1.38344,-1.04924,0.296358,-2.14228,3.10113,-0.201537,6.37175
0.931017,-0.00470528,0.364635,-0.0150541,8.46571,-0.143629,3.47191,5.44016,-0.02154,1.39212,-1.04388,0.290383,-2.13717,3.11599,-0.187077,6.36615
0.93022,-0.00423664,0.366714,-0.0140993,8.48264,-0.144421,3.47847,5.46136,-0.021901,1.40082,-1.03887,0.254808,-2.15097,3.11075,-0.191293,6.36837
0.930261,-0.00508277,0.366578,-0.0145959,8.49898,-0.145069,3.48539,5.48261,-0.0222637,1.40953,-1.03792,0.270527,-2.138,3.08626,-0.203604,6.37127
0.931129,-0.00553704,0.364325,-0.0155321,8.51505,-0.146023,3.49158,5.5039,-0.0226287,1.41826,-1.04987,0.307169,-2.15401,3.09426,-0.198151,6.36963
0.931168,-0.0056211,0.36421,-0.0156766,8.53253,-0.146875,3.49124,5.52586,-0.0229687,0.801605,-1.05735,0.309509,-2.15902,3.09123,-0.19874,6.36769
0.931747,-0.0059394,0.3627,-0.0162106,8.54867,-0.147653,3.49767,5.54723,-0.0233378,0.810349,-1.06291,0.336743,-2.15298,3.09193,-0.198006,6.36711
0.931879,-0.00579914,0.362453,-0.0141165,8.56506,-0.148765,3.50414,5.56864,-0.0237097,0.81911,-1.09268,0.341148,-2.15673,3.09289,-0.196873,6.36548
0.931776,-0.00547778,0.362718,-0.0141372,8.58274,-0.14843,3.51004,5.5901,-0.0240808,0.827885,-1.09268,0.341148,-2.15673,3.09289,-0.196873,6.36548
0.931815,-0.0054351,0.362616,-0.014207,8.59935,-0.149597,3.51618,5.6116,-0.0244548,0.836675,-1.09268,0.341148,-2.15673,3.09289,-0.196873,6.36548
0.931799,-0.00546854,0.362659,-0.0141501,8.61586,-0.150158,3.52287,5.63314,-0.0248302,0.845482,-1.09268,0.341148,-2.15673,3.09289,-0.196873,6.36548
0.93182,-0.0056736,0.362628,-0.0134539,8.63223,-0.151015,3.52907,5.65472,-0.0252077,0.854305,-1.09268,0.341148,-2.15673,3.09289,-0.196873,6.36548
0.931785,-0.00565874,0.362718,-0.0134209,8.64888,-0.151357,3.5356,5.67634,-0.0255861,0.863144,-1.09268,0.341148,-2.15673,3.09289,-0.196873,6.36548
0.931766,-0.00562572,0.36277,-0.0133806,8.66561,-0.151854,3.54214,5.69801,-0.0259658,0.871999,-1.09268,0.341148,-2.15673,3.09289,-0.196873,6.36548
0.931764,-0.00576649,0.362773,-0.0133645,8.68167,-0.152546,3.54883,5.71971,-0.0263471,0.880872,-1.09268,0.341148,-2.15673,3.09289,-0.196873,6.36548
0.931816,-0.00615001,0.362667,-0.012439,8.69765,-0.153675,3.55565,5.74145,-0.0267313,0.889761,-1.09268,0.341148,-2.15673,3.09289,-0.196873,6.36548
0.931823,-0.00607698,0.362648,-0.0124435,8.71446,-0.154436,3.56197,5.76324,-0.0271174,0.898666,-1.09268,0.341148,-2.15673,3.09289,-0.196873,6.36548
0.931889,-0.00614731,0.362478,-0.0124074,8.73081,-0.15581,3.56866,5.78507,-0.0275069,0.907587,-1.09268,0.341148,-2.15673,3.09289,-0.196873,6.36548
0.931855,-0.0061679,0.362573,-0.0122417,8.74753,-0.15609,3.57572,5.80694,-0.0278972,0.916527,-1.09268,0.341148,-2.15673,3.09289,-0.196873,6.36548
0.931819,-0.00616057,0.362668,-0.0121814,8.76421,-0.156366,3.58246,5.82885,-0.0282881,0.925483,-1.09268,0.341148,-2.15673,3.09289,-0.196873,6.36548
0.931819,-0.00626436,0.362667,-0.0121173,8.78109,-0.157026,3.58539,5.85118,-0.0286654,0.588013,-1.09268,0.34114,-2.15673,3.09147,-0.196877,6.36418
0.931799,-0.00620162,0.36272,-0.0120804,8.79792,-0.157475,3.59187,5.87318,-0.0290591,0.596993,-1.09268,0.34114,-2.15673,3.09147,-0.196877,6.36418
0.931809,-0.00613668,0.362695,-0.0120712,8.81472,-0.158247,3.59825,5.89521,-0.0294547,0.605988,-1.09268,0.34114,-2.15673,3.09147,-0.196877,6.36418
0.932713,-0.00603982,0.360427,-0.0104205,8.83099,-0.159267,3.60549,5.91729,-0.0298529,0.615002,-1.14714,0.373058,-2.19583,3.06112,-0.208871,6.40134
0.931582,-0.00561062,0.363385,-0.00925788,8.8478,-0.159736,3.61251,5.93941,-0.0302522,0.624033,-1.12904,0.325421,-2.18129,3.05291,-0.211973,6.41908
0.932293,-0.00549415,0.361562,-0.00869414,8.86401,-0.160575,3.61901,5.96157,-0.0306537,0.633081,-1.1382,0.352361,-2.20978,3.05869,-0.210976,6.41312
0.932119,-0.00553061,0.361999,-0.00890484,8.8805,-0.161151,3.62516,5.98377,-0.0310565,0.642144,-1.13522,0.348602,-2.20691,3.07353,-0.210174,6.38979
0.932741,-0.00555185,0.360405,-0.00858554,8.89665,-0.161774,3.63192,6.00601,-0.031461,0.651224,-1.13208,0.373193,-2.21399,3.06942,-0.210325,6.39527
0.932959,-0.00548696,0.359846,-0.00827485,8.91292,-0.16236,3.63829,6.0283,-0.0318669,0.660319,-1.12796,0.38549,-2.21733,3.07515,-0.209799,6.38202
0.932079,-0.00650342,0.362049,-0.0111051,8.92975,-0.163555,3.64476,6.05062,-0.0322758,0.669431,-1.18528,0.349792,-2.20436,3.07838,-0.210857,6.37328
0.931547,-0.00582928,0.363455,-0.00957862,8.94648,-0.164466,3.65107,6.07299,-0.0326869,0.678559,-1.19206,0.324987,-2.22939,3.08554,-0.207484,6.36536
0.931329,-0.00540033,0.364042,-0.00853104,8.96307,-0.165216,3.65742,6.09539,-0.0331,0.687703,-1.19553,0.312891,-2.24015,3.09047,-0.206793,6.36208
0.930711,-0.00569495,0.365596,-0.00942619,8.97985,-0.166012,3.66393,6.11784,-0.033515,0.696862,-1.20382,0.285362,-2.25308,3.08893,-0.206611,6.36307
0.930392,-0.00586255,0.36638,-0.0101318,8.99656,-0.166453,3.67002,6.14033,-0.0339311,0.706037,-1.20329,0.265952,-2.22534,3.10196,-0.205974,6.35922
0.931585,-0.0068669,0.363273,-0.0123065,9.01242,-0.166863,3.67629,6.16287,-0.0343483,0.715228,-1.20606,0.319987,-2.18794,3.10539,-0.206258,6.35833
0.930651,-0.0064456,0.365675,-0.0116226,9.03093,-0.167371,3.67294,6.18643,-0.0347268,-0.097342,-1.18552,0.277528,-2.20416,3.11018,-0.200731,6.34687
0.93148,-0.00762962,0.363443,-0.0144601,9.047,-0.168735,3.67909,6.20905,-0.0351487,-0.0881443,-1.20585,0.313013,-2.27532,3.11786,-0.198525,6.34468
0.930893,-0.00671229,0.365034,-0.0122709,9.06378,-0.16875,3.68558,6.23171,-0.0355706,-0.0789303,-1.15456,0.287654,-2.26511,3.11501,-0.199643,6.34632
0.930789,-0.00631505,0.365328,-0.0113415,9.08034,-0.169614,3.6919,6.25441,-0.0359946,-0.0697006,-1.16178,0.281293,-2.28182,3.11625,-0.199172,6.34586
0.929607,-0.00610464,0.368356,-0.0108615,9.09744,-0.170331,3.69849,6.27716,-0.0364204,-0.0604543,-1.16787,0.229268,-2.28001,3.10824,-0.200209,6.34995
0.930341,-0.00612818,0.366498,-0.0105731,9.11349,-0.171054,3.70502,6.29994,-0.0368481,-0.0511918,-1.16316,0.269752,-2.30219,3.09539,-0.200774,6.35055
0.931181,-0.00624192,0.364364,-0.0103343,9.12945,-0.171453,3.71177,6.32276,-0.0372767,-0.0419124,-1.15201,0.314258,-2.28909,3.08069,-0.201525,6.35583
0.930583,-0.0064276,0.365868,-0.0108801,9.14619,-0.171779,3.71837,6.34563,-0.0377061,-0.0326165,-1.13488,0.288141,-2.27694,3.07724,-0.201814,6.35962
0.930372,-0.00599636,0.36644,-0.00979928,9.1628,-0.172556,3.72452,6.36854,-0.0381375,-0.0233052,-1.14061,0.274704,-2.28585,3.08568,-0.200804,6.35496
0.930855,-0.00666104,0.365154,-0.0115266,9.17906,-0.173535,3.73051,6.39148,-0.0385714,-0.0139789,-1.15104,0.29279,-2.3205,3.09831,-0.200936,6.34922
0.930278,-0.00655532,0.366629,-0.0112144,9.19581,-0.174149,3.73738,6.41447,-0.0390067,-0.00463544,-1.14729,0.268169,-2.32286,3.0857,-0.204002,6.35975
0.930458,-0.00625311,0.366193,-0.0106152,9.21226,-0.174938,3.74336,6.4375,-0.0394441,0.00472296,-1.15203,0.270823,-2.33445,3.0988,-0.201963,6.3539
0.929724,-0.00851769,0.367838,-0.0167835,9.22908,-0.174661,3.74935,6.46058,-0.0398807,0.0140963,-1.11681,0.242344,-2.27623,3.10948,-0.201469,6.34759
0.92963,-0.00978661,0.367843,-0.0198838,9.24552,-0.176033,3.75597,6.48369,-0.0403208,0.0234862,-1.13353,0.247554,-2.3363,3.09706,-0.210851,6.3511
0.930185,-0.0104181,0.366323,-0.0214489,9.26173,-0.176749,3.76194,6.50684,-0.0407627,0.0328911,-1.15169,0.270791,-2.29147,3.10901,-0.198249,6.34768
0.929766,-0.00931991,0.367565,-0.0187997,9.28001,-0.17811,3.75925,6.53107,-0.0411704,-0.739096,-1.16492,0.249341,-2.34592,3.09923,-0.208684,6.34932
0.930447,-0.00919866,0.365932,-0.0168378,9.29615,-0.179162,3.76557,6.55431,-0.0416183,-0.729682,-1.182,0.278444,-2.35149,3.09894,-0.209248,6.34946
0.930503,-0.00924897,0.365765,-0.0171869,9.31259,-0.179981,3.77143,6.57759,-0.0420683,-0.720253,-1.187,0.281319,-2.35348,3.11085,-0.198999,6.33851
0.930606,-0.0100337,0.365397,-0.0190173,9.32897,-0.181267,3.77804,6.60091,-0.0425214,-0.710808,-1.22579,0.28831,-2.36645,3.1048,-0.205292,6.34529
0.931294,-0.00989553,0.363661,-0.018632,9.34505,-0.182869,3.78389,6.62428,-0.0429786,-0.701349,-1.29055,0.319159,-2.36979,3.11604,-0.19213,6.33245
0.93113,-0.00996482,0.364122,-0.0177243,9.36159,-0.183675,3.79034,6.64768,-0.0434378,-0.691873,-1.2962,0.311001,-2.36967,3.11523,-0.193844,6.3349
0.931264,-0.0129926,0.363339,-0.0250687,9.37789,-0.185151,3.79731,6.67113,-0.0439007,-0.682379,-1.3582,0.322883,-2.37136,3.10672,-0.206691,6.35299
0.930645,-0.01344,0.364736,-0.0262998,9.39464,-0.18665,3.8041,6.69461,-0.0443673,-0.672869,-1.39013,0.296523,-2.40692,3.10312,-0.224002,6.36363
0.930824,-0.013562,0.364261,-0.0263851,9.41099,-0.188037,3.81076,6.71814,-0.0448374,-0.663342,-1.42455,0.306237,-2.4125,3.09863,-0.236536,6.36899
0.930523,-0.0116728,0.365566,-0.0197367,9.42772,-0.189782,3.81708,6.74171,-0.0453118,-0.6538,-1.46007,0.284329,-2.45787,3.10096,-0.22941,6.3645
0.92904,-0.0134105,0.368951,-0.0250291,9.44489,-0.191433,3.82295,6.76532,-0.0457904,-0.644242,-1.51003,0.228019,-2.49345,3.11434,-0.219465,6.35298
0.930094,-0.0126548,0.366408,-0.0228616,9.46093,-0.193095,3.82905,6.78897,-0.0462732,-0.63467,-1.51859,0.274727,-2.60137,3.12088,-0.212796,6.35266
0.93036,-0.0130333,0.36564,-0.0238798,9.47727,-0.193635,3.83504,6.81267,-0.0467572,-0.625082,-1.50696,0.288162,-2.57915,3.12973,-0.203725,6.34665
0.929642,-0.0115574,0.367839,-0.0187574,9.49425,-0.195147,3.84175,6.8364,-0.0472451,-0.615478,-1.54141,0.250052,-2.61469,3.12136,-0.215324,6.35578
0.929431,-0.0120802,0.368246,-0.0202317,9.51086,-0.196271,3.84805,6.86018,-0.0477358,-0.605858,-1.55216,0.246992,-2.65318,3.12059,-0.215375,6.35622
0.929929,-0.0119801,0.367008,-0.0198933,9.52082,-0.197119,3.89105,6.87968,-0.0483723,2.42086,-1.54832,0.26984,-2.66281,3.1364,-0.214431,6.36822
0.930084,-0.0116974,0.366675,-0.018895,9.53727,-0.198147,3.89796,6.90352,-0.0488677,2.43061,-1.55894,0.281765,-2.68395,3.11893,-0.221461,6.37942
0.930578,-0.0108795,0.365609,-0.0156488,9.5536,-0.199288,3.90478,6.9274,-0.0493659,2.44037,-1.57356,0.303627,-2.71284,3.10681,-0.224405,6.38857
0.931398,-0.0103793,0.363604,-0.0138209,9.56974,-0.199981,3.91172,6.95133,-0.0498659,2.45015,-1.5547,0.339408,-2.74622,3.0963,-0.220357,6.40187
0.931166,-0.0114292,0.364051,-0.016584,9.5863,-0.201068,3.91809,6.97529,-0.0503685,2.45994,-1.60142,0.335834,-2.72878,3.09749,-0.223741,6.39511
0.930866,-0.0114437,0.3648,-0.0166863,9.60297,-0.201737,3.92462,6.9993,-0.0508729,2.46976,-1.59936,0.323456,-2.7254,3.09741,-0.223852,6.39549
0.931095,-0.0119329,0.364159,-0.0176006,9.61934,-0.202188,3.93103,7.02335,-0.0513783,2.47958,-1.57969,0.336745,-2.72196,3.09892,-0.223288,6.39373
0.931057,-0.0135194,0.364014,-0.0214627,9.63582,-0.203347,3.93782,7.04744,-0.0518867,2.48943,-1.61619,0.339924,-2.72495,3.09443,-0.225651,6.40192
0.930899,-0.0136116,0.364374,-0.021771,9.65237,-0.204298,3.94419,7.07157,-0.0523975,2.49929,-1.62757,0.337023,-2.72922,3.09677,-0.221843,6.39655
0.930044,-0.0120806,0.366805,-0.0186141,9.66933,-0.206136,3.94996,7.09574,-0.0529128,2.50916,-1.6882,0.299385,-2.78156,3.10874,-0.205709,6.37478
0.929779,-0.0110656,0.367636,-0.0155369,9.68602,-0.207177,3.95663,7.11996,-0.0534307,2.51905,-1.69917,0.287939,-2.81083,3.09935,-0.207229,6.37975
0.930016,-0.011326,0.366989,-0.0162116,9.70244,-0.20814,3.96287,7.14421,-0.0539511,2.52896,-1.70108,0.300569,-2.85667,3.10328,-0.207689,6.37822
0.929816,-0.0112628,0.367495,-0.0162537,9.7191,-0.20933,3.96912,7.16851,-0.0544744,2.53888,-1.72394,0.292335,-2.89975,3.10705,-0.208202,6.37605
0.931344,-0.0103586,0.363782,-0.0133928,9.73487,-0.210303,3.97552,7.19285,-0.0550002,2.54882,-1.71999,0.360274,-2.95458,3.10509,-0.207477,6.37693
0.932062,-0.00974535,0.361984,-0.0118389,9.75097,-0.211027,3.9818,7.21723,-0.0555277,2.55878,-1.71288,0.395236,-2.98277,3.10742,-0.210114,6.37014
0.932905,-0.0120248,0.359556,-0.0173752,9.7706,-0.212219,3.9666,7.24429,-0.0559669,0.864992,-1.75985,0.447614,-2.99891,3.10068,-0.218567,6.34768
0.932462,-0.0116735,0.360705,-0.0164986,9.7872,-0.212864,3.97313,7.26876,-0.0564991,0.874925,-1.74734,0.43033,-3.01168,3.10028,-0.217761,6.34519
0.931683,-0.0121764,0.36264,-0.0178571,9.80411,-0.214169,3.9801,7.29327,-0.0570345,0.884875,-1.81607,0.383926,-2.98573,3.10051,-0.219798,6.36421
0.931441,-0.0123524,0.363242,-0.017915,9.82068,-0.214791,3.98667,7.31782,-0.0575715,0.894842,-1.80747,0.37427,-2.98602,3.09961,-0.220197,6.36661
0.931052,-0.0121963,0.364263,-0.0175168,9.83736,-0.215484,3.99338,7.34241,-0.0581102,0.904825,-1.80307,0.356148,-2.98957,3.096,-0.221954,6.37306
0.93033,-0.0120761,0.366121,-0.0172964,9.85421,-0.216083,4.00021,7.36705,-0.0586504,0.914826,-1.79487,0.32458,-2.98351,3.08805,-0.224171,6.38164
0.930431,-0.0111311,0.366005,-0.0148708,9.8707,-0.217185,4.00665,7.39173,-0.0591934,0.924843,-1.80546,0.327269,-3.0304,3.08762,-0.223831,6.3815
0.930568,-0.0112405,0.365633,-0.0151382,9.88715,-0.217824,4.01283,7.41644,-0.0597379,0.934875,-1.80268,0.332556,-3.02866,3.09564,-0.225458,6.37733
0.930334,-0.0110269,0.36625,-0.0147933,9.90379,-0.2184,4.01904,7.4412,-0.0602839,0.944922,-1.79904,0.320879,-3.01487,3.1018,-0.226622,6.37332
0.93108,-0.0107801,0.364388,-0.0141034,9.91997,-0.219709,4.02507,7.466,-0.0608332,0.954985,-1.82118,0.350794,-3.08534,3.11331,-0.22849,6.36726
0.931926,-0.0101491,0.362318,-0.0120454,9.93607,-0.220954,4.03175,7.49084,-0.0613856,0.965064,-1.85484,0.385496,-3.12172,3.10816,-0.22657,6.37421
0.932268,-0.0104083,0.361377,-0.0133414,9.95241,-0.220952,4.03872,7.51572,-0.061938,0.975161,-1.78876,0.400647,-3.14072,3.10363,-0.217621,6.3905
0.933017,-0.012643,0.359184,-0.0185202,9.96849,-0.22212,4.04565,7.54065,-0.0624933,0.985275,-1.84393,0.433679,-3.13308,3.10142,-0.214924,6.40395
0.933104,-0.0144596,0.358623,-0.0228034,9.98499,-0.223326,4.05287,7.56561,-0.0630516,0.995407,-1.91298,0.427709,-3.09341,3.10373,-0.224454,6.42873
0.932806,-0.0152504,0.359202,-0.0248714,10.0014,-0.224669,4.05927,7.59061,-0.0636132,1.00556,-1.98872,0.428411,-3.04718,3.10075,-0.21389,6.40975
0.932677,-0.014611,0.359821,-0.020964,10.0189,-0.226509,4.06113,7.6163,-0.0641576,0.630588,-2.08973,0.411498,-3.03511,3.09836,-0.219873,6.4112
0.932061,-0.0152054,0.361289,-0.0225081,10.0357,-0.227475,4.06807,7.64139,-0.0647262,0.640758,-2.1034,0.383237,-3.05217,3.09707,-0.226183,6.42058
0.931498,-0.014968,0.36276,-0.0222639,10.0525,-0.228828,4.07422,7.66652,-0.0652983,0.650944,-2.13723,0.363795,-3.10035,3.1038,-0.210783,6.40427
0.931663,-0.0142617,0.36249,-0.0201409,10.0689,-0.230065,4.08118,7.69169,-0.0658735,0.661147,-2.16313,0.370026,-3.14756,3.09511,-0.220456,6.41267
0.931627,-0.0128866,0.362855,-0.0160462,10.0855,-0.231307,4.08787,7.71691,-0.0664518,0.671366,-2.1917,0.363261,-3.18827,3.09321,-0.221599,6.41418
0.930947,-0.0147752,0.364286,-0.0211863,10.1023,-0.232762,4.09419,7.74216,-0.0670337,0.681602,-2.24684,0.341575,-3.24419,3.09936,-0.223089,6.40718
0.930615,-0.0141534,0.3652,-0.0197091,10.119,-0.23406,4.10076,7.76746,-0.0676188,0.691854,-2.26377,0.328481,-3.32323,3.098,-0.223163,6.40766
0.931047,-0.0121677,0.36445,-0.0145063,10.1354,-0.235496,4.10728,7.7928,-0.0682075,0.702122,-2.28305,0.343266,-3.42643,3.09705,-0.222327,6.40771
0.930675,-0.0114069,0.365449,-0.0128288,10.1522,-0.236468,4.11376,7.81818,-0.0687987,0.712406,-2.30859,0.324579,-3.43964,3.09844,-0.223349,6.40678
0.933168,-0.0102647,0.359257,-0.00926711,10.1676,-0.23764,4.11972,7.8436,-0.0693928,0.722706,-2.26316,0.431714,-3.63627,3.11683,-0.230073,6.39995
0.932414,-0.0121061,0.360952,-0.0142397,10.1844,-0.238598,4.12612,7.86906,-0.0699893,0.733021,-2.33458,0.406681,-3.58022,3.11736,-0.241014,6.38831
0.931793,-0.0121404,0.362494,-0.0146471,10.2011,-0.239485,4.1323,7.89456,-0.070588,0.743352,-2.35656,0.383802,-3.57848,3.12223,-0.244844,6.3747
0.931904,-0.011447,0.362307,-0.0127495,10.2176,-0.240456,4.13909,7.92011,-0.0711892,0.753699,-2.37403,0.385932,-3.59709,3.11625,-0.243016,6.38244
0.932166,-0.0117271,0.361606,-0.0130822,10.234,-0.241266,4.14607,7.94569,-0.0717923,0.764064,-2.38229,0.397913,-3.61304,3.10698,-0.236423,6.3947
0.932406,-0.0116614,0.361007,-0.0125505,10.2504,-0.241857,4.15302,7.97132,-0.072397,0.774447,-2.37666,0.407189,-3.61313,3.10084,-0.232324,6.40566
0.93248,-0.0113825,0.360856,-0.011615,10.2668,-0.24314,4.16007,7.99695,-0.0730058,0.801781,-2.43639,0.40587,-3.63303,3.09809,-0.23115,6.41131
0.931515,-0.0116743,0.363289,-0.0131494,10.2838,-0.24371,4.16658,8.02266,-0.0736151,0.812198,-2.44177,0.364573,-3.61613,3.10021,-0.233961,6.40657
0.932288,-0.0117185,0.361305,-0.0128899,10.2999,-0.244344,4.17312,8.04841,-0.074226,0.822631,-2.44097,0.40074,-3.6162,3.10076,-0.233897,6.40614
0.931912,-0.0123562,0.362192,-0.0144477,10.3166,-0.245657,4.18002,8.0742,-0.0748401,0.833081,-2.49878,0.381234,-3.64712,3.09607,-0.232682,6.41398
0.931116,-0.0122379,0.364244,-0.0142926,10.3336,-0.246223,4.1868,8.10004,-0.0754557,0.843548,-2.48709,0.346039,-3.65092,3.0927,-0.232788,6.41796
0.931707,-0.0123217,0.362721,-0.0143961,10.3498,-0.246895,4.19343,8.12591,-0.0760729,0.854031,-2.49101,0.375047,-3.64724,3.0903,-0.232655,6.41896
0.930938,-0.0118553,0.364742,-0.013518,10.3668,-0.247439,4.19985,8.15183,-0.0766915,0.864531,-2.47966,0.339813,-3.64527,3.09495,-0.232685,6.41472
0.931342,-0.0117089,0.363732,-0.0129038,10.3831,-0.248321,4.20647,8.17779,-0.0773123,0.875047,-2.48851,0.359217,-3.67639,3.09181,-0.232004,6.41571
0.929,-0.0121687,0.369632,-0.0150978,10.4009,-0.248757,4.21272,8.20379,-0.0779342,0.885579,-2.48481,0.253165,-3.64352,3.10106,-0.235046,6.40983
0.929347,-0.0110954,0.368831,-0.0127379,10.4174,-0.249618,4.21897,8.22983,-0.0785582,0.896126,-2.4818,0.263872,-3.67909,3.10624,-0.234262,6.41069
0.9303,-0.0108325,0.366459,-0.0118439,10.4335,-0.250012,4.22527,8.25592,-0.0791833,0.90669,-2.47598,0.305208,-3.64111,3.10967,-0.235182,6.41084
0.932046,-0.0104409,0.362076,-0.0103371,10.4493,-0.250484,4.2315,8.28204,-0.0798095,0.917268,-2.4533,0.381903,-3.65272,3.11714,-0.237028,6.40847
0.933267,-0.00990859,0.35897,-0.00841063,10.4652,-0.251064,4.23813,8.3082,-0.0804371,0.927864,-2.43383,0.437448,-3.68457,3.11617,-0.235208,6.41066
0.933508,-0.00971714,0.358323,-0.00861001,10.4816,-0.251698,4.24479,8.33441,-0.0810664,0.938476,-2.43898,0.44963,-3.68714,3.116,-0.236067,6.40902
0.93345,-0.00937039,0.358505,-0.00765999,10.498,-0.252206,4.25115,8.36065,-0.0816969,0.949103,-2.42539,0.457683,-3.69887,3.11409,-0.243444,6.39136
0.933713,-0.0112375,0.357672,-0.0122097,10.5117,-0.253442,4.27159,8.38499,-0.0823876,1.96568,-2.51025,0.465356,-3.66442,3.11983,-0.243113,6.40147
0.932652,-0.0112928,0.360392,-0.0126374,10.5287,-0.254452,4.2782,8.41131,-0.0830237,1.97637,-2.54728,0.417764,-3.66317,3.11953,-0.243918,6.39616
0.93175,-0.0112064,0.362694,-0.0132265,10.5457,-0.254927,4.28483,8.43767,-0.0836611,1.98708,-2.52283,0.378446,-3.67264,3.11916,-0.24318,6.39705
0.931981,-0.0120623,0.361994,-0.015232,10.5621,-0.256024,4.29145,8.46408,-0.0843011,1.99781,-2.54662,0.3902,-3.71631,3.11709,-0.24322,6.3989
0.931623,-0.0118936,0.362935,-0.0146933,10.5788,-0.256464,4.29838,8.49052,-0.0849423,2.00856,-2.52253,0.37563,-3.70275,3.10913,-0.247144,6.40796
0.931442,-0.0111219,0.363501,-0.0127634,10.5955,-0.257504,4.30492,8.51701,-0.085586,2.01932,-2.5375,0.364087,-3.74305,3.10952,-0.246781,6.40753
0.93208,-0.0105403,0.361929,-0.0113712,10.6117,-0.258345,4.31136,8.54354,-0.0862319,2.0301,-2.54484,0.390823,-3.76205,3.11252,-0.246687,6.40562
0.931674,-0.00982089,0.363042,-0.00959025,10.6285,-0.258702,4.31797,8.57011,-0.0868787,2.04089,-2.52372,0.371974,-3.73655,3.11196,-0.246419,6.40646
0.931143,-0.0101437,0.36436,-0.0107351,10.6454,-0.259642,4.3242,8.59673,-0.0875278,2.05171,-2.55143,0.345309,-3.75012,3.12041,-0.251832,6.39987
0.931547,-0.0103173,0.363312,-0.0109078,10.6617,-0.260199,4.33087,8.62338,-0.0881783,2.06253,-2.54457,0.367437,-3.74164,3.11363,-0.249948,6.40268
0.930695,-0.0111442,0.365382,-0.0138683,10.6787,-0.26055,4.33715,8.65008,-0.0888296,2.07338,-2.52661,0.331572,-3.71398,3.1203,-0.251859,6.39773
0.932155,-0.012115,0.361531,-0.0160313,10.6945,-0.261568,4.34313,8.67681,-0.0894836,2.08423,-2.55437,0.39215,-3.72547,3.13771,-0.24975,6.39314
0.931901,-0.0130635,0.362022,-0.018403,10.7112,-0.263028,4.34996,8.70359,-0.0901411,2.09511,-2.62088,0.377325,-3.74796,3.13404,-0.255191,6.40239
0.931642,-0.0124243,0.362771,-0.0170162,10.7279,-0.264091,4.35615,8.73041,-0.0908014,2.106,-2.63533,0.364834,-3.77219,3.14076,-0.245789,6.39273
0.931003,-0.0128532,0.364341,-0.0181123,10.7448,-0.264578,4.36286,8.75727,-0.0914628,2.11691,-2.60921,0.340305,-3.76867,3.13523,-0.249021,6.39793
0.93184,-0.0137858,0.362056,-0.0202473,10.7688,-0.265573,4.3289,8.79019,-0.091973,-0.752155,-2.63554,0.37939,-3.7694,3.12747,-0.244681,6.38059
0.931211,-0.013369,0.363724,-0.0193853,10.7856,-0.266521,4.33549,8.81716,-0.0926393,-0.741316,-2.63265,0.35028,-3.80203,3.12621,-0.246334,6.38281
0.93226,-0.0138148,0.360985,-0.0199846,10.8016,-0.267484,4.34203,8.84416,-0.093308,-0.730461,-2.65746,0.400236,-3.79051,3.12418,-0.248928,6.38423
0.932125,-0.0137523,0.361375,-0.0190584,10.8182,-0.268397,4.34869,8.87121,-0.093979,-0.719589,-2.66559,0.393012,-3.79403,3.12316,-0.251309,6.38724
0.931383,-0.014089,0.363225,-0.0200133,10.8351,-0.269321,4.35561,8.8983,-0.0946523,-0.7087,-2.67236,0.358638,-3.80542,3.11785,-0.25862,6.3981
0.932148,-0.0146219,0.361175,-0.0210914,10.8512,-0.270946,4.36192,8.92542,-0.0953297,-0.697795,-2.73203,0.39467,-3.85638,3.12321,-0.253945,6.39358
0.932228,-0.0145896,0.360981,-0.0207718,10.8677,-0.272389,4.36879,8.95259,-0.0960106,-0.686873,-2.78872,0.394968,-3.86745,3.11937,-0.262624,6.4022
0.933344,-0.0148726,0.358144,-0.0197571,10.8836,-0.273515,4.37558,8.9798,-0.0966944,-0.675934,-2.82276,0.444084,-3.85797,3.11693,-0.267411,6.40741
0.931893,-0.017772,0.361348,-0.0278124,10.9006,-0.275001,4.38197,9.00705,-0.0973819,-0.664979,-2.90679,0.398254,-3.82372,3.11634,-0.26284,6.39203
0.93202,-0.0190907,0.360597,-0.0309297,10.9169,-0.276813,4.38864,9.03435,-0.098074,-0.654008,-2.98713,0.41323,-3.84339,3.11517,-0.268357,6.39377
0.931637,-0.017592,0.361974,-0.0271397,10.9337,-0.278743,4.39553,9.06168,-0.0987708,-0.643019,-3.03533,0.387937,-3.92663,3.11211,-0.284732,6.40087
0.931406,-0.0174186,0.362664,-0.0256103,10.9503,-0.279727,4.4018,9.08906,-0.0994701,-0.632015,-3.03115,0.377671,-3.93239,3.11926,-0.270607,6.39389
0.930377,-0.0195539,0.364786,-0.0315454,10.9672,-0.281929,4.40822,9.11647,-0.100175,-0.620994,-3.09742,0.348707,-4.06501,3.12285,-0.265744,6.39178
0.930286,-0.017945,0.36538,-0.027584,10.9839,-0.283865,4.41472,9.14393,-0.100885,-0.609957,-3.11272,0.344681,-4.22705,3.12243,-0.265536,6.39241
0.930154,-0.016677,0.365979,-0.0246116,11.0006,-0.285146,4.42098,9.17144,-0.101597,-0.598905,-3.11902,0.333245,-4.27955,3.12961,-0.258563,6.39146
0.931375,-0.0129388,0.363697,-0.0146323,11.0083,-0.286837,4.46991,9.19226,-0.10247,2.40852,-3.13065,0.364307,-4.40934,3.16455,-0.249133,6.40451
0.931242,-0.0131868,0.363847,-0.0152157,11.025,-0.28769,4.4766,9.21982,-0.103189,2.41971,-3.14169,0.365018,-4.42141,3.15701,-0.241597,6.40981
0.930432,-0.0137682,0.365839,-0.0166309,11.0419,-0.28877,4.48391,9.24742,-0.103911,2.43092,-3.19343,0.337687,-4.40666,3.13215,-0.222596,6.42614
0.930574,-0.0141584,0.365414,-0.017454,11.0584,-0.289159,4.49058,9.27507,-0.104634,2.44215,-3.17558,0.351057,-4.38636,3.12318,-0.218963,6.42828
0.931459,-0.0124012,0.363444,-0.0129671,11.0747,-0.290264,4.49701,9.30276,-0.10536,2.45339,-3.18949,0.386231,-4.44769,3.12495,-0.218809,6.42734
0.93218,-0.0114378,0.361678,-0.0105209,11.091,-0.290677,4.50292,9.33048,-0.106086,2.46465,-3.15257,0.417325,-4.4803,3.14067,-0.236293,6.41209
0.931282,-0.0123116,0.363866,-0.0133391,11.1079,-0.291157,4.50881,9.35825,-0.106814,2.47592,-3.16228,0.385032,-4.43428,3.15032,-0.262717,6.38984
0.931397,-0.0121682,0.363573,-0.0129283,11.1245,-0.29191,4.51531,9.38606,-0.107544,2.48721,-3.16379,0.391025,-4.44051,3.14836,-0.261023,6.39144
0.931111,-0.012765,0.364206,-0.0151185,11.1412,-0.292403,4.52136,9.41392,-0.108275,2.49851,-3.15006,0.380647,-4.42394,3.15801,-0.269884,6.38236
0.931331,-0.0126052,0.363662,-0.0146496,11.1577,-0.293104,4.5278,9.44181,-0.109008,2.50983,-3.1453,0.391562,-4.41887,3.15644,-0.269289,6.38334
0.930794,-0.012813,0.364995,-0.0155188,11.1746,-0.294255,4.53408,9.46975,-0.109743,2.52117,-3.17964,0.366342,-4.44013,3.15997,-0.271379,6.38071
0.931536,-0.0134587,0.363007,-0.0171206,11.1908,-0.294777,4.54005,9.49772,-0.11048,2.53252,-3.166,0.400364,-4.41091,3.17216,-0.275058,6.37426
0.932587,-0.0136235,0.360307,-0.0168115,11.2068,-0.295824,4.54592,9.52574,-0.11122,2.54388,-3.19806,0.449047,-4.39642,3.18261,-0.276728,6.36062
0.932071,-0.0103205,0.362137,-0.00866669,11.2237,-0.295962,4.55209,9.5538,-0.11196,2.55526,-3.10251,0.426084,-4.43455,3.18274,-0.273748,6.34845
0.931757,-0.0106905,0.362798,-0.00971104,11.2404,-0.296718,4.55858,9.5819,-0.112702,2.56666,-3.12119,0.41204,-4.41791,3.18055,-0.268564,6.35302
0.931353,-0.010746,0.363829,-0.00980392,11.2643,-0.297396,4.5307,9.61573,-0.113329,0.217638,-3.13025,0.392189,-4.40236,3.15542,-0.250821,6.35623
0.931909,-0.0096591,0.362495,-0.0076997,11.2806,-0.298242,4.53727,9.64393,-0.114074,0.228981,-3.13778,0.415521,-4.43269,3.14952,-0.244578,6.36108
0.931166,-0.00848598,0.364484,-0.00471497,11.2976,-0.298304,4.54422,9.67217,-0.11482,0.240342,-3.10778,0.379636,-4.37809,3.13903,-0.224612,6.37614
0.931535,-0.00782186,0.363564,-0.00277012,11.314,-0.298896,4.55094,9.70046,-0.115567,0.251719,-3.10375,0.397919,-4.41207,3.12871,-0.208181,6.38222
0.931005,-0.00908886,0.364863,-0.00594684,11.3308,-0.298524,4.55781,9.72878,-0.116314,0.263114,-3.05844,0.380648,-4.33576,3.11866,-0.186114,6.39253
0.931115,-0.00937961,0.364517,-0.00815013,11.3473,-0.298805,4.56396,9.75715,-0.117061,0.274524,-3.05103,0.385277,-4.32516,3.12789,-0.195387,6.38789
0.930928,-0.00878871,0.365036,-0.00683515,11.364,-0.299005,4.57019,9.78556,-0.117808,0.285949,-3.03062,0.376693,-4.30341,3.13374,-0.19978,6.38431
0.93043,-0.00900707,0.366278,-0.00787492,11.3809,-0.29929,4.57608,9.81401,-0.118556,0.297389,-3.01975,0.351207,-4.28266,3.14935,-0.213612,6.37603
0.930821,-0.00989959,0.36521,-0.0101947,11.3973,-0.299481,4.58221,9.84251,-0.119305,0.308845,-3.00512,0.370824,-4.2403,3.15606,-0.217744,6.37394
0.931189,-0.0121038,0.364026,-0.0162925,11.4137,-0.299375,4.58844,9.87104,-0.120054,0.320316,-2.9691,0.398946,-4.17691,3.15856,-0.218647,6.37202
0.93033,-0.0108991,0.366328,-0.0135625,11.4307,-0.300087,4.595,9.89962,-0.120804,0.331804,-2.93525,0.358882,-4.24639,3.15422,-0.220583,6.37646
0.931,-0.0107626,0.364624,-0.0132539,11.4471,-0.301736,4.60103,9.92824,-0.121558,0.343306,-3.00119,0.376928,-4.33247,3.16473,-0.219901,6.37335
0.930214,-0.0102679,0.366677,-0.0122066,11.4641,-0.302459,4.60775,9.9569,-0.122314,0.354825,-2.99792,0.341118,-4.35416,3.15505,-0.220256,6.38182
0.930096,-0.0101811,0.366959,-0.012617,11.4808,-0.303071,4.61376,9.9856,-0.123072,0.36636,-2.99601,0.332237,-4.35382,3.1657,-0.221082,6.37853
0.931109,-0.0096464,0.364471,-0.0107914,11.4969,-0.303224,4.6204,10.0143,-0.12383,0.377911,-2.97877,0.386798,-4.28869,3.15123,-0.220886,6.38247
0.932004,-0.00945224,0.3622,-0.00984492,11.5102,-0.303754,4.64087,10.0408,-0.124633,1.29503,-2.96942,0.42812,-4.29393,3.14858,-0.217185,6.39626
0.932566,-0.00930305,0.360764,-0.00927362,11.5265,-0.304232,4.64727,10.0696,-0.125394,1.30665,-2.95482,0.456181,-4.30462,3.14927,-0.21764,6.39323
0.933355,-0.00896163,0.35876,-0.00808856,11.5427,-0.305406,4.65401,10.0985,-0.126157,1.31828,-3.02696,0.482566,-4.2807,3.14885,-0.216705,6.40172
0.933801,-0.00818012,0.357663,-0.00587114,11.5589,-0.305819,4.66036,10.1274,-0.126922,1.32993,-3.00229,0.51207,-4.30496,3.14669,-0.220521,6.38746
0.933071,-0.0101719,0.35943,-0.0110688,11.576,-0.306729,4.66747,10.1563,-0.127689,1.3416,-3.08379,0.459441,-4.22699,3.15242,-0.210823,6.41411
0.932779,-0.00997788,0.360156,-0.0105683,11.5928,-0.307032,4.67416,10.1853,-0.128456,1.35329,-3.04996,0.446951,-4.23836,3.15244,-0.210103,6.41747
0.931876,-0.00870387,0.362607,-0.00803894,11.6099,-0.308087,4.68081,10.2143,-0.129226,1.36499,-3.08702,0.398922,-4.26021,3.1519,-0.210748,6.41905
0.931422,-0.0100493,0.363633,-0.0118718,11.6268,-0.309317,4.68691,10.2434,-0.13,1.37671,-3.13021,0.377611,-4.3276,3.16068,-0.217176,6.40836
0.932307,-0.0104562,0.361306,-0.0126612,11.6429,-0.310006,4.69326,10.2725,-0.130775,1.38844,-3.14653,0.418854,-4.31487,3.16343,-0.217319,6.40646
0.9321,-0.0103659,0.361838,-0.0125183,11.6597,-0.310596,4.69974,10.3016,-0.131551,1.40019,-3.14089,0.410531,-4.31811,3.16393,-0.216886,6.40535
0.932335,-0.00880934,0.36141,-0.00864724,11.6762,-0.31179,4.70627,10.3308,-0.132331,1.41195,-3.18219,0.414198,-4.35355,3.16349,-0.217376,6.40609
0.93262,-0.00980879,0.360567,-0.011077,11.6927,-0.312775,4.71287,10.3601,-0.133113,1.42374,-3.21427,0.426989,-4.38605,3.16212,-0.216483,6.40862
0.932336,-0.00978327,0.361294,-0.0109916,11.7095,-0.313403,4.71967,10.3893,-0.133896,1.43554,-3.2156,0.411241,-4.39019,3.15919,-0.216426,6.41705
0.932334,-0.0101997,0.36125,-0.0121996,11.7261,-0.313683,4.72585,10.4186,-0.13468,1.44735,-3.19198,0.416681,-4.3697,3.1655,-0.216351,6.40643
0.932285,-0.00976088,0.361422,-0.011184,11.7428,-0.314453,4.73287,10.448,-0.135466,1.45918,-3.20223,0.410076,-4.38057,3.1571,-0.218985,6.42089
0.931948,-0.0100557,0.362248,-0.0122851,11.7619,-0.315216,4.72818,10.4793,-0.136223,0.780018,-3.21295,0.397341,-4.39135,3.16204,-0.219208,6.40338
0.932695,-0.0103721,0.360302,-0.0126565,11.7781,-0.315741,4.73497,10.5087,-0.137012,0.791855,-3.21251,0.433809,-4.3727,3.1548,-0.220931,6.41047
0.933812,-0.0106631,0.357382,-0.0129965,11.794,-0.316634,4.74132,10.5382,-0.137804,0.803708,-3.24674,0.487942,-4.36246,3.1575,-0.219933,6.40276
0.932792,-0.0101201,0.360089,-0.0119655,11.8112,-0.317484,4.74826,10.5678,-0.138597,0.815579,-3.26275,0.430726,-4.36917,3.15864,-0.22235,6.41569
0.933338,-0.00966018,0.358725,-0.0103937,11.8276,-0.3179,4.75511,10.5973,-0.139392,0.827467,-3.24724,0.453709,-4.35802,3.15492,-0.222851,6.4243
0.932697,-0.0095555,0.360395,-0.0102061,11.8446,-0.318324,4.76196,10.6269,-0.140188,0.839372,-3.23372,0.421424,-4.34699,3.15377,-0.222117,6.43165
0.933604,-0.0100095,0.358007,-0.0110364,11.8607,-0.31855,4.76841,10.6566,-0.140984,0.851293,-3.20457,0.467152,-4.33383,3.15681,-0.222236,6.42729
0.933723,-0.00962456,0.357729,-0.0100431,11.8773,-0.319456,4.77544,10.6863,-0.141783,0.863231,-3.23534,0.46388,-4.33103,3.15529,-0.222842,6.44102
0.93391,-0.00946769,0.35726,-0.00936198,11.8939,-0.319985,4.78239,10.716,-0.142583,0.875187,-3.22949,0.468135,-4.33206,3.15439,-0.221669,6.45021
0.933855,-0.00927339,0.357421,-0.00889644,11.9105,-0.32043,4.7887,10.7458,-0.143384,0.887159,-3.21524,0.475427,-4.33494,3.15582,-0.224344,6.43158
0.932759,-0.00946767,0.36026,-0.0097416,11.9276,-0.320986,4.79528,10.7756,-0.144186,0.899147,-3.21942,0.427154,-4.32072,3.15663,-0.225886,6.42642
0.932803,-0.00934778,0.360132,-0.00985263,11.9442,-0.321588,4.80224,10.8055,-0.14499,0.911153,-3.22022,0.429862,-4.32225,3.14856,-0.224386,6.43467
0.933053,-0.00954203,0.359459,-0.0105693,11.9607,-0.322273,4.8081,10.8354,-0.145796,0.923173,-3.2255,0.441903,-4.33044,3.16571,-0.227594,6.41573
0.933148,-0.0095932,0.359214,-0.0104338,11.9773,-0.322859,4.81509,10.8653,-0.146603,0.935211,-3.22386,0.445016,-4.32842,3.15859,-0.227223,6.4265
0.931998,-0.00906321,0.362248,-0.00928325,11.9946,-0.323711,4.8221,10.8953,-0.147412,0.947266,-3.23758,0.387227,-4.34648,3.1522,-0.226804,6.43724
0.932315,-0.0101715,0.361301,-0.0125744,12.0147,-0.324041,4.8119,10.9284,-0.148175,-0.0754975,-3.23024,0.402763,-4.31267,3.15415,-0.228542,6.42883
0.932387,-0.0101157,0.361115,-0.0121605,12.0312,-0.324573,4.81888,10.9584,-0.148986,-0.0634503,-3.22621,0.409879,-4.29693,3.14273,-0.232247,6.43622
0.932395,-0.00988109,0.361107,-0.0119819,12.0479,-0.325529,4.8246,10.9886,-0.1498,-0.0513888,-3.24233,0.404359,-4.32422,3.1668,-0.225982,6.41806
0.932272,-0.00966251,0.361437,-0.0118117,12.0647,-0.326207,4.83047,11.0187,-0.150616,-0.0393126,-3.24295,0.395351,-4.32857,3.18464,-0.222944,6.40448
0.932195,-0.00847547,0.361761,-0.00895656,12.0814,-0.327186,4.83737,11.0489,-0.151434,-0.0272192,-3.25979,0.389886,-4.35608,3.17319,-0.22369,6.41271
0.931978,-0.00836692,0.36231,-0.00883427,12.0982,-0.327687,4.84376,11.0792,-0.152253,-0.0151098,-3.25765,0.379478,-4.34215,3.17607,-0.224986,6.41094
0.932316,-0.00838113,0.361446,-0.00864985,12.1147,-0.327925,4.85047,11.1095,-0.153073,-0.00298364,-3.23829,0.399408,-4.31405,3.16817,-0.222351,6.4145
0.932579,-0.00826926,0.360777,-0.00827788,12.1312,-0.328547,4.85699,11.1398,-0.153894,0.00915883,-3.23918,0.411081,-4.32031,3.16818,-0.222307,6.41447
0.932387,-0.0088479,0.361208,-0.0103901,12.1479,-0.328832,4.86402,11.1702,-0.154716,0.0213189,-3.22145,0.40515,-4.30763,3.15731,-0.216338,6.4265
0.93174,-0.0083731,0.362902,-0.00981009,12.1649,-0.329343,4.86977,11.2006,-0.15554,0.0334933,-3.21137,0.373142,-4.30814,3.17746,-0.218251,6.40831
0.932243,-0.0082149,0.36162,-0.00940434,12.1814,-0.33029,4.87602,11.231,-0.156365,0.0456833,-3.2252,0.391561,-4.34437,3.18417,-0.219267,6.40585
0.932543,-0.00782295,0.360883,-0.00821324,12.1979,-0.331146,4.88274,11.2615,-0.157193,0.0578902,-3.24027,0.403827,-4.36029,3.17794,-0.217459,6.41134
0.932746,-0.00828832,0.360306,-0.00991709,12.2144,-0.331446,4.88967,11.2921,-0.158022,0.0701144,-3.22181,0.415615,-4.35486,3.16888,-0.212115,6.42188
0.932022,-0.008271,0.362169,-0.010184,12.2315,-0.332072,4.89612,11.3226,-0.158852,0.0823547,-3.22186,0.382715,-4.35889,3.17115,-0.212714,6.41833
0.931557,-0.00810365,0.363364,-0.0102197,12.2484,-0.332697,4.90214,11.3533,-0.159684,0.09461,-3.22028,0.357576,-4.36411,3.185,-0.214214,6.40973
0.931607,-0.00591161,0.363429,-0.0050109,12.2697,-0.334155,4.8881,11.3877,-0.160463,-1.11024,-3.24467,0.343106,-4.45485,3.19473,-0.215106,6.39728
0.931238,-0.00652425,0.364282,-0.00768109,12.2867,-0.334672,4.89384,11.4185,-0.1613,-1.098,-3.25601,0.318591,-4.42733,3.21661,-0.234109,6.38884
0.93318,-0.00568089,0.359379,-0.00509943,12.3024,-0.334899,4.89998,11.4492,-0.162137,-1.08575,-3.23782,0.406261,-4.3991,3.22159,-0.23828,6.38663
0.933616,-0.0044546,0.358265,-0.0017044,12.3189,-0.335058,4.9067,11.48,-0.162975,-1.07349,-3.1869,0.424196,-4.42869,3.21816,-0.229848,6.39606
0.932991,-0.00476664,0.359865,-0.00268029,12.3359,-0.335184,4.91333,11.5108,-0.163813,-1.0612,-3.16254,0.394892,-4.41428,3.21735,-0.224761,6.40026
0.934244,-0.00454012,0.356608,-0.00334816,12.3519,-0.335341,4.91976,11.5417,-0.164651,-1.0489,-3.11624,0.455438,-4.453,3.21703,-0.224875,6.39894
0.933436,-0.00384273,0.358732,-0.00173708,12.3691,-0.335685,4.92641,11.5726,-0.16549,-1.03659,-3.10027,0.415608,-4.45051,3.21715,-0.222322,6.40194
0.933334,-0.00305726,0.359002,0.000431257,12.3859,-0.33573,4.93335,11.6036,-0.16633,-1.02426,-3.06284,0.407178,-4.4462,3.21214,-0.205728,6.41737
0.935034,-0.00168177,0.354584,0.00448788,12.4017,-0.336397,4.93992,11.6346,-0.167171,-1.01191,-3.04826,0.481962,-4.51793,3.21141,-0.203343,6.41819
0.934229,-0.00202589,0.356683,0.000924724,12.4186,-0.336104,4.94629,11.6657,-0.168011,-0.99954,-2.97958,0.460303,-4.54986,3.20711,-0.220502,6.39945
0.933583,-0.000505279,0.358359,0.00455108,12.4354,-0.33607,4.95222,11.6968,-0.168851,-0.987159,-2.9317,0.447871,-4.54992,3.20844,-0.247266,6.37119
0.933586,-0.000126789,0.358309,0.00577799,12.4521,-0.33633,4.95927,11.7279,-0.169692,-0.974761,-2.92013,0.442837,-4.53279,3.20034,-0.214568,6.38975
0.933941,-9.70774e-05,0.357379,0.00598296,12.4686,-0.336465,4.96585,11.7591,-0.170533,-0.962346,-2.89561,0.458899,-4.53687,3.19922,-0.210679,6.39147
0.933974,-0.00151651,0.357372,0.000120072,12.4853,-0.335926,4.97277,11.7903,-0.171373,-0.949915,-2.82739,0.461062,-4.51414,3.19528,-0.190455,6.40415
0.933541,0.000255811,0.358475,0.00467829,12.5021,-0.335818,4.97934,11.8215,-0.172212,-0.937466,-2.77723,0.447099,-4.50717,3.19536,-0.190268,6.40325
0.934118,0.000756552,0.356917,0.00618611,12.5116,-0.335402,5.01625,11.8468,-0.173108,0.874756,-2.72024,0.482279,-4.47352,3.20591,-0.187913,6.4147
0.934213,0.00078835,0.356656,0.00651924,12.5283,-0.335463,5.02334,11.8781,-0.173947,0.887314,-2.69895,0.480307,-4.46694,3.20174,-0.164293,6.43231
0.933612,0.000623121,0.358272,0.00411395,12.5453,-0.335728,5.02974,11.9095,-0.174786,0.899889,-2.70534,0.452968,-4.45401,3.20396,-0.176395,6.42289
0.933134,0.00137083,0.359483,0.00601803,12.5623,-0.335727,5.03646,11.9409,-0.175625,0.91248,-2.68407,0.4339,-4.42657,3.20135,-0.171212,6.42699
0.93333,0.000939182,0.358989,0.00482857,12.5789,-0.335484,5.04282,11.9724,-0.176464,0.925087,-2.65922,0.44785,-4.36459,3.20659,-0.179257,6.42338
0.932868,-0.000803465,0.360254,0.000157375,12.5959,-0.33497,5.04935,12.0039,-0.177301,0.93771,-2.61249,0.434986,-4.29045,3.20714,-0.179714,6.42326
0.933506,-0.0042305,0.358556,-0.00901286,12.6123,-0.334684,5.0557,12.0354,-0.178138,0.950349,-2.60454,0.471656,-4.17838,3.21206,-0.182038,6.42121
0.933442,-0.0027825,0.358702,-0.00528287,12.629,-0.334719,5.0622,12.067,-0.178975,0.963005,-2.56524,0.477637,-4.14743,3.21291,-0.179783,6.41985
0.933853,-0.00309193,0.357597,-0.0058688,12.6454,-0.334377,5.06889,12.0986,-0.179811,0.975677,-2.51933,0.509372,-4.06611,3.20957,-0.18233,6.4238
0.933459,-0.00259755,0.358648,-0.0047028,12.6624,-0.334964,5.07549,12.1302,-0.180648,0.988366,-2.51151,0.488815,-4.09048,3.20953,-0.181815,6.42356
0.933101,-0.00299919,0.359551,-0.00632384,12.6793,-0.335226,5.08204,12.1619,-0.181486,1.00107,-2.48888,0.474341,-4.08657,3.20949,-0.181402,6.42346
0.932613,-0.0030233,0.360806,-0.00669661,12.6963,-0.336031,5.08839,12.1937,-0.182327,1.01379,-2.49206,0.44663,-4.13127,3.21438,-0.177992,6.41951
0.932639,-0.0036797,0.360707,-0.0079234,12.7128,-0.336364,5.09579,12.2254,-0.183167,1.02653,-2.4889,0.462279,-4.09365,3.18291,-0.192959,6.43252
0.932563,-0.00381584,0.360887,-0.00850135,12.7296,-0.336802,5.10201,12.2573,-0.184009,1.03929,-2.47788,0.456155,-4.08113,3.19358,-0.185922,6.42767
0.93245,-0.00549362,0.361066,-0.0126655,12.7464,-0.336917,5.10839,12.2891,-0.184852,1.05206,-2.45473,0.45506,-4.03465,3.198,-0.183107,6.42596
0.932937,-0.00584753,0.359728,-0.0139038,12.7628,-0.33788,5.11481,12.3209,-0.185697,1.10805,-2.48144,0.467088,-4.04725,3.22533,-0.149371,6.41393
0.933495,-0.00680442,0.358174,-0.01614,12.7792,-0.338678,5.12143,12.3528,-0.186544,1.12085,-2.51658,0.494565,-4.02192,3.22237,-0.156497,6.4173
0.934325,-0.00834018,0.355804,-0.0198172,12.7954,-0.339098,5.12781,12.3848,-0.187392,1.13367,-2.53188,0.541667,-3.94971,3.22463,-0.149675,6.41239
0.934541,-0.00865739,0.355289,-0.0181604,12.8119,-0.340462,5.13451,12.4169,-0.188243,1.14651,-2.61894,0.547346,-3.90674,3.22543,-0.156008,6.41576
0.934815,-0.00988835,0.354379,-0.0211855,12.8284,-0.34129,5.1411,12.4489,-0.189096,1.15936,-2.65356,0.566114,-3.87598,3.22563,-0.154214,6.41374
0.93461,-0.0106817,0.354769,-0.0231108,12.8453,-0.342386,5.14829,12.481,-0.189952,1.17223,-2.68804,0.545098,-3.88917,3.2282,-0.1885,6.43766
0.935404,-0.0123797,0.352369,-0.0269583,12.8615,-0.343022,5.15519,12.5132,-0.190809,1.18512,-2.70062,0.58629,-3.82873,3.22813,-0.203029,6.44598
0.93451,-0.0101543,0.355298,-0.020058,12.8788,-0.34414,5.16219,12.5454,-0.19167,1.19802,-2.66731,0.52783,-3.929,3.23053,-0.216756,6.45563
0.934554,-0.0109943,0.354969,-0.0221238,12.8955,-0.345228,5.16897,12.5776,-0.192533,1.21094,-2.69378,0.534777,-3.93966,3.23,-0.220268,6.45794
0.934515,-0.0113235,0.35501,-0.0228496,12.9123,-0.346339,5.17591,12.6099,-0.193399,1.22388,-2.71785,0.532863,-3.95082,3.22855,-0.231555,6.46529
0.933713,-0.0107917,0.357222,-0.0215322,12.9296,-0.347526,5.18337,12.6422,-0.194268,1.23684,-2.73043,0.484883,-3.98547,3.22267,-0.268565,6.48964
0.933992,-0.0110935,0.356529,-0.0206384,12.9462,-0.348478,5.18989,12.6746,-0.195139,1.24982,-2.72996,0.497776,-3.98219,3.22732,-0.25967,6.48504
0.933973,-0.011836,0.356446,-0.0224539,12.963,-0.349727,5.19682,12.707,-0.196013,1.26281,-2.75681,0.501864,-4.01068,3.22364,-0.267098,6.48969
0.934331,-0.0120524,0.355477,-0.0227576,12.9796,-0.351561,5.20371,12.7395,-0.196892,1.27582,-2.83358,0.524382,-4.07812,3.22063,-0.273227,6.49214
0.934418,-0.0119096,0.355282,-0.0222628,12.9963,-0.352724,5.21054,12.7719,-0.197774,1.28885,-2.85052,0.52945,-4.08693,3.22024,-0.274159,6.49252
0.934404,-0.0118992,0.355404,-0.0209048,13.0183,-0.353739,5.19381,12.8093,-0.198632,0.00873137,-2.84918,0.534065,-4.08562,3.21883,-0.252313,6.46621
0.934803,-0.012431,0.35428,-0.0218597,13.0349,-0.354727,5.20092,12.8419,-0.199519,0.0217337,-2.85783,0.553167,-4.09467,3.21387,-0.263247,6.47686
0.934958,-0.012501,0.353868,-0.0217886,13.0515,-0.355539,5.20786,12.8746,-0.200408,0.0347533,-2.84569,0.559392,-4.09122,3.21297,-0.267072,6.48121
0.934354,-0.0122149,0.355512,-0.0211847,13.0686,-0.356675,5.21479,12.9072,-0.2013,0.0477903,-2.86595,0.530785,-4.0943,3.21246,-0.269788,6.48363
0.934295,-0.0109123,0.355955,-0.0169377,13.0854,-0.357992,5.22075,12.9399,-0.202195,0.0608422,-2.89463,0.527772,-4.11943,3.227,-0.248408,6.4605
0.933133,-0.0122612,0.358753,-0.0208884,13.1027,-0.359279,5.22753,12.9727,-0.203093,0.073911,-2.95179,0.48175,-4.11477,3.22577,-0.249707,6.46251
0.933829,-0.012837,0.356815,-0.0221094,13.1191,-0.359974,5.23404,13.0055,-0.203993,0.0869961,-2.94693,0.514884,-4.08288,3.22996,-0.247211,6.46132
0.934796,-0.0133072,0.354209,-0.022878,13.1353,-0.360904,5.2406,13.0383,-0.204895,0.100098,-2.95717,0.562574,-4.0752,3.23288,-0.244143,6.45875
0.934315,-0.0126408,0.355672,-0.020035,13.1523,-0.362068,5.24717,13.0712,-0.2058,0.113215,-2.98052,0.540525,-4.0838,3.23473,-0.238549,6.452
0.934503,-0.011916,0.355305,-0.0180234,13.1689,-0.36255,5.25382,13.1041,-0.206707,0.12635,-2.95162,0.546762,-4.06528,3.23514,-0.237697,6.45087
0.93473,-0.0120912,0.354676,-0.0183992,13.1855,-0.363909,5.26039,13.1371,-0.207616,0.139501,-3.00007,0.561311,-4.0999,3.23781,-0.237305,6.44732
0.93486,-0.0123864,0.354291,-0.0190129,13.2022,-0.364417,5.26714,13.1701,-0.208527,0.152669,-2.97271,0.569169,-4.09526,3.23716,-0.237213,6.44815
0.934803,-0.0116902,0.354616,-0.016119,13.219,-0.365652,5.27422,13.2032,-0.209442,0.165854,-3.01416,0.559774,-4.10138,3.23333,-0.24142,6.45985
0.93571,-0.0114573,0.352273,-0.0150533,13.2353,-0.366403,5.28091,13.2362,-0.210358,0.179057,-3.00077,0.602895,-4.13222,3.23413,-0.240879,6.45806
0.935096,-0.0131077,0.353652,-0.0194865,13.2523,-0.367901,5.28791,13.2694,-0.211277,0.192276,-3.10518,0.576364,-4.0904,3.23414,-0.241997,6.4657
0.934437,-0.012132,0.35552,-0.0171995,13.2693,-0.369271,5.29512,13.3024,-0.212201,0.232778,-3.15058,0.545028,-4.11836,3.2353,-0.241212,6.4631
0.934143,-0.012626,0.356217,-0.0181259,13.2862,-0.369914,5.30181,13.3357,-0.213126,0.246033,-3.14514,0.533935,-4.10444,3.23601,-0.241184,6.4624
0.933914,-0.0129699,0.356741,-0.0193099,13.3031,-0.371041,5.30811,13.3689,-0.214053,0.259303,-3.16391,0.524382,-4.14191,3.24687,-0.237691,6.45499
0.933599,-0.0125179,0.357643,-0.0181777,13.32,-0.372228,5.315,13.4022,-0.214984,0.27259,-3.18231,0.511961,-4.1907,3.23969,-0.240668,6.45933
0.933958,-0.0108645,0.356983,-0.0138013,13.3367,-0.373572,5.32162,13.4356,-0.215918,0.285894,-3.20422,0.523479,-4.26442,3.24033,-0.240185,6.4593
0.933873,-0.0100304,0.357274,-0.011883,13.3536,-0.374567,5.32786,13.4689,-0.216854,0.299214,-3.2235,0.513806,-4.28041,3.2529,-0.246249,6.45211
0.933708,-0.0102705,0.357662,-0.0127615,13.3706,-0.375285,5.33419,13.5024,-0.217793,0.31255,-3.23008,0.504379,-4.27192,3.26139,-0.252488,6.44762
0.934141,-0.00962127,0.356618,-0.0108412,13.3872,-0.376542,5.34103,13.5358,-0.218734,0.325902,-3.25057,0.525377,-4.34377,3.25297,-0.247634,6.45227
0.934931,-0.00934602,0.354574,-0.00996067,13.4036,-0.37713,5.3474,13.5693,-0.219677,0.339271,-3.22828,0.561238,-4.371,3.25945,-0.253362,6.44663
0.934617,-0.00986462,0.355322,-0.0120164,13.4204,-0.377633,5.35346,13.6029,-0.220621,0.352654,-3.21466,0.554999,-4.36455,3.26753,-0.269493,6.42596
0.933873,-0.0104256,0.357197,-0.0138283,13.4376,-0.378573,5.36001,13.6365,-0.221567,0.366054,-3.23517,0.5211,-4.36032,3.26864,-0.270057,6.42502
0.93511,-0.0105502,0.353939,-0.0140417,13.4537,-0.379716,5.36592,13.6701,-0.222517,0.379469,-3.25649,0.572347,-4.3882,3.28778,-0.274671,6.41437
0.934866,-0.0104428,0.354574,-0.0139187,13.4706,-0.380682,5.37243,13.7038,-0.223468,0.3929,-3.27152,0.561273,-4.38871,3.28903,-0.275159,6.4112
0.934363,-0.00979058,0.355989,-0.0121117,13.4877,-0.381744,5.37924,13.7375,-0.224423,0.406348,-3.29112,0.531773,-4.3959,3.28595,-0.273461,6.41949
0.933921,-0.0103649,0.357073,-0.0137042,13.5048,-0.382806,5.38611,13.7713,-0.22538,0.419814,-3.31194,0.511671,-4.41246,3.2786,-0.269011,6.42764
0.934134,-0.0106755,0.356465,-0.0145992,13.5281,-0.383285,5.3644,13.8114,-0.22631,-1.0625,-3.29625,0.522728,-4.37178,3.27403,-0.270125,6.41427
0.934175,-0.0108365,0.356344,-0.0148022,13.5449,-0.384041,5.37142,13.8453,-0.22727,-1.04907,-3.2941,0.52757,-4.36689,3.26133,-0.270207,6.42464
0.933882,-0.010473,0.357162,-0.0138214,13.5618,-0.384935,5.37786,13.8792,-0.228232,-1.03563,-3.29692,0.512196,-4.3759,3.26478,-0.269942,6.42163
0.933262,-0.00934472,0.358918,-0.0111132,13.5789,-0.38513,5.38455,13.9131,-0.229195,-1.02217,-3.2672,0.484219,-4.32064,3.25959,-0.26941,6.42426
0.933145,-0.00913515,0.359229,-0.0106009,13.5958,-0.386005,5.39123,13.9471,-0.23016,-1.00869,-3.27173,0.481668,-4.33683,3.25155,-0.266069,6.42624
0.93306,-0.00944019,0.359421,-0.0112867,13.6125,-0.386581,5.39809,13.9811,-0.231127,-0.995193,-3.2665,0.486229,-4.32068,3.23665,-0.259761,6.42954
0.932121,-0.0103048,0.361752,-0.0138984,13.6297,-0.387089,5.40477,14.0152,-0.232094,-0.981681,-3.26448,0.449304,-4.28823,3.22976,-0.258026,6.43123
0.933005,-0.0104039,0.359429,-0.0144724,13.6463,-0.388574,5.41044,14.0493,-0.233066,-0.968155,-3.26736,0.463198,-4.41232,3.27027,-0.256321,6.43302
0.933828,-0.0104432,0.357293,-0.0142468,13.6627,-0.390079,5.41714,14.0835,-0.234041,-0.954612,-3.30777,0.501128,-4.46596,3.26242,-0.257347,6.43621
0.933931,-0.0104983,0.357013,-0.0142966,13.6794,-0.390844,5.42392,14.1177,-0.235018,-0.941052,-3.30815,0.506446,-4.46448,3.25765,-0.257812,6.44164
0.934056,-0.00987124,0.356789,-0.0121417,13.6962,-0.391951,5.43092,14.1519,-0.235998,-0.927475,-3.33308,0.507297,-4.47042,3.24949,-0.259055,6.45243
0.934193,-0.0112491,0.356267,-0.0156377,13.7129,-0.393141,5.43767,14.1862,-0.236981,-0.91388,-3.36817,0.515217,-4.48192,3.2469,-0.258512,6.45571
0.933826,-0.0113357,0.357193,-0.0159656,13.7299,-0.394203,5.44447,14.2205,-0.237966,-0.900269,-3.38569,0.497216,-4.49479,3.24459,-0.260264,6.45966
0.933838,-0.0110257,0.357205,-0.0152088,13.7467,-0.395223,5.45106,14.2549,-0.238954,-0.886642,-3.39933,0.496469,-4.50472,3.24558,-0.259802,6.45829
0.934188,-0.0103959,0.35639,-0.013228,13.7633,-0.396287,5.45735,14.2893,-0.239945,-0.872998,-3.41694,0.509647,-4.5139,3.25296,-0.257573,6.44996
0.934067,-0.0104576,0.356694,-0.0133675,13.7718,-0.396988,5.49881,14.3157,-0.240969,0.942149,-3.41889,0.503462,-4.51269,3.2626,-0.257115,6.46719
0.933963,-0.0105875,0.35695,-0.0137132,13.7887,-0.397946,5.50563,14.3502,-0.241964,0.955913,-3.43402,0.497936,-4.51923,3.25907,-0.256996,6.4719
0.934162,-0.0108348,0.3564,-0.014306,13.8054,-0.398515,5.51227,14.3847,-0.24296,0.969694,-3.42281,0.509007,-4.51177,3.25908,-0.256848,6.47205
0.934615,-0.0106401,0.355248,-0.0134911,13.822,-0.399415,5.51872,14.4192,-0.243959,0.983491,-3.43336,0.530118,-4.5129,3.26284,-0.256162,6.466
0.934386,-0.0120045,0.355679,-0.0168832,13.839,-0.400528,5.52608,14.4538,-0.24496,0.997306,-3.46726,0.514212,-4.50798,3.25531,-0.256422,6.48878
0.934391,-0.0119277,0.355662,-0.016633,13.8559,-0.401218,5.53289,14.4885,-0.245963,1.01114,-3.45921,0.514941,-4.50611,3.25411,-0.257813,6.49158
0.933983,-0.0116154,0.356757,-0.016321,13.8729,-0.401938,5.53888,14.5232,-0.246968,1.02499,-3.45014,0.502044,-4.51096,3.26551,-0.247102,6.46921
0.934104,-0.0120261,0.3564,-0.0169132,13.8896,-0.40261,5.54567,14.5579,-0.247975,1.03885,-3.44611,0.509969,-4.50436,3.262,-0.248786,6.4729
0.933726,-0.0123804,0.357305,-0.0184368,13.9066,-0.40367,5.55147,14.5926,-0.248984,1.05273,-3.46114,0.49619,-4.51915,3.27918,-0.237017,6.45098
0.933705,-0.0123306,0.357357,-0.0184154,13.9235,-0.405051,5.55804,14.6274,-0.249996,1.06662,-3.48992,0.494345,-4.55979,3.27954,-0.237213,6.45162
0.933338,-0.0117048,0.358405,-0.0171029,13.9406,-0.40604,5.56452,14.6623,-0.251012,1.08053,-3.4954,0.475495,-4.57959,3.28185,-0.235573,6.4501
0.933825,-0.0107669,0.357302,-0.0141412,13.9572,-0.407091,5.57114,14.6972,-0.252029,1.09446,-3.50417,0.495525,-4.60537,3.2786,-0.236636,6.45191
0.93483,-0.0103727,0.354745,-0.0123161,13.9735,-0.40778,5.57862,14.7321,-0.253049,1.10841,-3.48887,0.544653,-4.63572,3.25572,-0.231924,6.47241
0.935171,-0.011299,0.353731,-0.0144028,13.9902,-0.409024,5.5858,14.7671,-0.254071,1.12237,-3.54232,0.555721,-4.62585,3.25137,-0.227131,6.48865
0.935584,-0.011656,0.352599,-0.0149264,14.0069,-0.410425,5.59311,14.8021,-0.255097,1.13636,-3.61652,0.564359,-4.59261,3.24882,-0.228033,6.50846
0.935996,-0.0118727,0.351475,-0.0154253,14.0243,-0.410935,5.59603,14.8381,-0.256122,0.963195,-3.59902,0.592947,-4.60252,3.24718,-0.226345,6.49554
0.935772,-0.012672,0.351954,-0.0174341,14.0412,-0.411779,5.60314,14.8732,-0.257151,0.977203,-3.61835,0.578909,-4.58975,3.24847,-0.227985,6.50588
0.935199,-0.0129646,0.35341,-0.0184175,14.0582,-0.412764,5.60982,14.9083,-0.258183,0.991227,-3.64184,0.559906,-4.58574,3.24774,-0.225013,6.49525
0.935405,-0.0130165,0.35286,-0.0183797,14.0749,-0.413692,5.61662,14.9435,-0.259217,1.00527,-3.66018,0.570928,-4.58141,3.24779,-0.22465,6.49414
0.935595,-0.0131202,0.352363,-0.0181981,14.0914,-0.41445,5.62277,14.9787,-0.260253,1.01933,-3.66729,0.592568,-4.57268,3.25254,-0.212398,6.46806
0.933777,-0.0146054,0.356894,-0.0228765,14.1091,-0.415753,5.62954,15.014,-0.261293,1.0334,-3.7111,0.514562,-4.58593,3.25292,-0.211665,6.4662
0.933418,-0.0123039,0.358214,-0.0173206,14.1263,-0.417578,5.63593,15.0493,-0.262337,1.04749,-3.71059,0.48851,-4.76817,3.26199,-0.20092,6.46323
0.933411,-0.0120149,0.358186,-0.0173868,14.1439,-0.418717,5.64191,15.0847,-0.263384,1.06159,-3.71059,0.48851,-4.76817,3.26199,-0.20092,6.46323
0.933378,-0.0119839,0.358285,-0.0171709,14.161,-0.419325,5.64869,15.1201,-0.264432,1.07572,-3.71059,0.48851,-4.76817,3.26199,-0.20092,6.46323
0.93339,-0.0120491,0.358252,-0.0171145,14.1775,-0.420468,5.65559,15.1555,-0.265483,1.08985,-3.71059,0.48851,-4.76817,3.26199,-0.20092,6.46323
0.933314,-0.0120367,0.358453,-0.0170806,14.1943,-0.420652,5.66228,15.191,-0.266535,1.10401,-3.71059,0.48851,-4.76817,3.26199,-0.20092,6.46323
0.933338,-0.012043,0.358385,-0.0171965,14.2109,-0.421952,5.66849,15.2265,-0.26759,1.11818,-3.71059,0.48851,-4.76817,3.26199,-0.20092,6.46323
0.933357,-0.0120776,0.358362,-0.0166246,14.2279,-0.423038,5.67507,15.2621,-0.268647,1.13237,-3.71059,0.48851,-4.76817,3.26199,-0.20092,6.46323
0.933326,-0.0121973,0.358432,-0.0167438,14.244,-0.423742,5.68141,15.2977,-0.269706,1.14657,-3.71059,0.48851,-4.76817,3.26199,-0.20092,6.46323
0.933302,-0.0120688,0.358497,-0.0167835,14.2611,-0.424486,5.68768,15.3334,-0.270768,1.16079,-3.71059,0.48851,-4.76817,3.26199,-0.20092,6.46323
0.933313,-0.0121535,0.358468,-0.0167277,14.2853,-0.425643,5.66368,15.3767,-0.271809,-0.351102,-3.7106,0.488479,-4.76817,3.25042,-0.200906,6.45296
0.933361,-0.0121679,0.358377,-0.0159719,14.3026,-0.426983,5.67035,15.4125,-0.272876,-0.336926,-3.7106,0.488479,-4.76817,3.25042,-0.200906,6.45296
0.93338,-0.0119353,0.358334,-0.0160183,14.3201,-0.42814,5.67646,15.4483,-0.273946,-0.322735,-3.7106,0.488479,-4.76817,3.25042,-0.200906,6.45296
0.933433,-0.0119449,0.358201,-0.0158803,14.3369,-0.429643,5.68359,15.4841,-0.275021,-0.308526,-3.7106,0.488479,-4.76817,3.25042,-0.200906,6.45296
0.93345,-0.0118873,0.358159,-0.0158919,14.3539,-0.430773,5.69008,15.52,-0.276098,-0.2943,-3.7106,0.488479,-4.76817,3.25042,-0.200906,6.45296
0.933506,-0.0121753,0.35803,-0.0152694,14.3699,-0.432225,5.69606,15.5559,-0.277178,-0.28006,-3.7106,0.488479,-4.76817,3.25042,-0.200906,6.45296
0.933519,-0.0121971,0.357993,-0.0153132,14.3865,-0.433314,5.70256,15.5919,-0.278261,-0.265804,-3.7106,0.488479,-4.76817,3.25042,-0.200906,6.45296
0.935619,-0.0101209,0.35284,-0.00940342,14.4029,-0.434837,5.70925,15.6279,-0.279348,-0.251531,-3.80295,0.567358,-4.95066,3.24465,-0.201198,6.45779
0.934588,-0.0104288,0.355442,-0.0103574,14.4199,-0.435811,5.71613,15.6639,-0.280438,-0.23724,-3.8836,0.527212,-4.91904,3.2426,-0.199302,6.46397
0.935473,-0.00949098,0.353182,-0.0086733,14.4364,-0.436534,5.72255,15.7,-0.281529,-0.222934,-3.8883,0.560442,-4.95171,3.25372,-0.204283,6.45284
0.935915,-0.00912021,0.352034,-0.0074676,14.453,-0.436986,5.7293,15.7362,-0.282622,-0.208611,-3.87521,0.578507,-4.96646,3.25351,-0.204019,6.4531
0.935122,-0.0085538,0.35418,-0.00606701,14.4701,-0.43686,5.73626,15.7723,-0.283714,-0.19427,-3.82663,0.54316,-4.95175,3.25077,-0.198588,6.46199
0.933835,-0.0103768,0.357435,-0.0112112,14.4875,-0.436537,5.74304,15.8086,-0.284805,-0.179912,-3.8028,0.492614,-4.87017,3.24922,-0.196907,6.46417
0.934114,-0.0124621,0.356406,-0.0169458,14.5042,-0.436629,5.74934,15.8448,-0.285897,-0.165539,-3.80085,0.506867,-4.80558,3.26374,-0.198278,6.45934
0.934197,-0.012226,0.356183,-0.0161516,14.5209,-0.436974,5.75625,15.8811,-0.286989,-0.151148,-3.79553,0.515717,-4.76672,3.25344,-0.205171,6.46519
0.934327,-0.0123809,0.355818,-0.0165267,14.5359,-0.437791,5.76962,15.9158,-0.288087,0.187829,-3.8087,0.522177,-4.77096,3.25742,-0.204441,6.46638
0.934714,-0.0120445,0.354861,-0.0155157,14.5526,-0.438912,5.77625,15.9521,-0.289184,0.202269,-3.84338,0.53711,-4.77867,3.25879,-0.203792,6.46513
0.935312,-0.0116921,0.353359,-0.0140766,14.5691,-0.439867,5.78304,15.9886,-0.290284,0.216727,-3.87186,0.562081,-4.77315,3.25675,-0.205117,6.46769
0.933962,-0.0123372,0.356815,-0.0163115,14.5865,-0.440669,5.78975,16.025,-0.291386,0.231201,-3.89023,0.50244,-4.76867,3.25739,-0.205166,6.46586
0.933528,-0.0121021,0.357956,-0.0157296,14.6035,-0.441667,5.79675,16.0615,-0.29249,0.245693,-3.89946,0.486923,-4.80952,3.24475,-0.210365,6.47159
0.932422,-0.010918,0.360992,-0.0131589,14.621,-0.442614,5.80346,16.0981,-0.293597,0.260202,-3.89905,0.434693,-4.85701,3.24128,-0.211386,6.47231
0.931438,-0.010567,0.363531,-0.0128063,14.6382,-0.443298,5.81038,16.1347,-0.294705,0.274728,-3.90354,0.405415,-4.85856,3.21762,-0.21003,6.47028
0.931551,-0.0106781,0.363208,-0.0134342,14.6552,-0.443807,5.81654,16.1713,-0.295814,0.289269,-3.91053,0.395795,-4.82688,3.23928,-0.212153,6.47549
0.931242,-0.0100029,0.364085,-0.0116178,14.672,-0.444648,5.82352,16.208,-0.296926,0.303828,-3.90483,0.404949,-4.87514,3.20485,-0.210181,6.46922
0.932672,-0.00787603,0.360673,-0.00555794,14.688,-0.445567,5.83033,16.2447,-0.29804,0.318404,-3.87883,0.48172,-4.98191,3.18229,-0.205013,6.46431
0.932664,-0.0061082,0.360713,-0.00228595,14.7048,-0.44656,5.83695,16.2815,-0.299156,0.332996,-3.90525,0.478062,-5.01605,3.1812,-0.204964,6.46369
0.932793,-0.00654553,0.360338,-0.00358397,14.7215,-0.447103,5.84324,16.3183,-0.300274,0.347604,-3.91059,0.47795,-5.02549,3.1938,-0.223055,6.45982
0.933338,-0.00562127,0.358969,-0.000883557,14.7379,-0.446866,5.8501,16.3551,-0.301391,0.362229,-3.84927,0.508329,-5.00868,3.18481,-0.210162,6.46421
0.933497,-0.00543257,0.358544,-0.000330005,14.7546,-0.447326,5.85675,16.392,-0.302509,0.376871,-3.84857,0.514535,-5.01891,3.18511,-0.210912,6.46378
0.9326,-0.00703919,0.360839,-0.00633334,14.7718,-0.447367,5.86305,16.4289,-0.303628,0.391529,-3.84322,0.474673,-4.96487,3.19448,-0.231317,6.45432
0.932931,-0.00667934,0.359962,-0.00509965,14.7745,-0.447649,5.92436,16.4517,-0.304788,2.96418,-3.83674,0.497112,-4.93752,3.20036,-0.222657,6.4771
0.932658,-0.00628371,0.36069,-0.0037642,14.7914,-0.447627,5.93179,16.4887,-0.305907,2.97901,-3.80036,0.494122,-4.90006,3.17677,-0.201713,6.492
0.933677,-0.00512328,0.358107,-0.000350904,14.8076,-0.448597,5.93863,16.5257,-0.307029,2.99385,-3.8253,0.538435,-4.95312,3.16981,-0.196025,6.49359
0.933363,-0.00560065,0.358883,-0.00351698,14.8245,-0.448751,5.94503,16.5628,-0.308151,3.00872,-3.80959,0.527619,-4.94211,3.17672,-0.212656,6.48229
0.934107,-0.00610799,0.356916,-0.00480662,14.8408,-0.449385,5.95121,16.5999,-0.309274,3.0236,-3.81932,0.561161,-4.9512,3.18844,-0.227724,6.46842
0.933555,-0.00564354,0.358372,-0.0039963,14.8577,-0.449647,5.95722,16.637,-0.310398,3.03849,-3.78475,0.546998,-4.95891,3.19579,-0.242108,6.44192
0.933111,-0.00555872,0.359524,-0.00404976,14.8747,-0.450372,5.96355,16.6742,-0.311524,3.0534,-3.79621,0.524384,-4.96523,3.20177,-0.248955,6.43389
0.933051,-0.00552782,0.359669,-0.00501647,14.8915,-0.450949,5.96986,16.7114,-0.312652,3.06832,-3.79486,0.519333,-4.96389,3.20877,-0.254416,6.42861
0.932943,-0.00353147,0.360048,0.000146003,14.9083,-0.45065,5.97649,16.7487,-0.313778,3.08326,-3.74098,0.521128,-4.88322,3.20517,-0.252126,6.42991
0.933359,-0.00321092,0.358931,0.00107439,14.9248,-0.450795,5.98304,16.786,-0.314905,3.09822,-3.70902,0.543333,-4.86637,3.2043,-0.251193,6.42994
0.933107,-0.00407316,0.359583,-0.00147705,14.9416,-0.450914,5.98914,16.8234,-0.316032,3.11319,-3.68363,0.534327,-4.83689,3.21441,-0.271405,6.41734
0.932719,-0.00513345,0.360545,-0.00541149,14.9585,-0.451093,5.99582,16.8608,-0.31716,3.12818,-3.65866,0.520617,-4.80668,3.20947,-0.266184,6.42082
0.932205,-0.00353921,0.361937,-0.00154191,14.9756,-0.451088,6.00227,16.8982,-0.318288,3.14319,-3.61622,0.501174,-4.7546,3.2101,-0.265916,6.41983
0.932793,-0.00462277,0.360371,-0.00446662,14.992,-0.45062,6.00831,16.9357,-0.319414,3.15821,-3.58062,0.531797,-4.61278,3.2252,-0.276487,6.41551
0.932757,-0.00433481,0.360461,-0.00364076,15.0088,-0.451462,6.01513,16.9732,-0.320543,3.17325,-3.58925,0.528996,-4.62315,3.21528,-0.272627,6.42271
0.933669,-0.00540657,0.358052,-0.00691325,15.0395,-0.451885,5.96515,17.0258,-0.321631,0.616736,-3.57736,0.57126,-4.59276,3.20551,-0.278038,6.39646
0.933911,-0.00472164,0.357445,-0.00515494,15.056,-0.4524,5.97138,17.0635,-0.322762,0.631665,-3.55976,0.586453,-4.5837,3.209,-0.277251,6.38605
0.934393,-0.00460704,0.356189,-0.00455633,15.0724,-0.452974,5.9782,17.1012,-0.323894,0.64661,-3.54775,0.60479,-4.5816,3.20618,-0.275514,6.39598
0.934824,-0.0044934,0.355064,-0.00384596,15.089,-0.453323,5.98538,17.1389,-0.325028,0.661574,-3.50893,0.614189,-4.59516,3.20442,-0.270439,6.41982
0.934613,-0.00448426,0.355609,-0.00460143,15.1058,-0.453814,5.99225,17.1766,-0.326162,0.676554,-3.48793,0.599416,-4.60494,3.20493,-0.268499,6.428
0.933875,-0.00352766,0.357588,-0.00238471,15.1228,-0.454265,5.99859,17.2144,-0.327298,0.691551,-3.46057,0.571776,-4.61256,3.20571,-0.271144,6.41318
0.934212,-0.00334883,0.356701,-0.00156796,15.1393,-0.454758,6.00567,17.2523,-0.328435,0.706565,-3.44799,0.583697,-4.60798,3.19764,-0.261918,6.4279
0.933804,-0.00411867,0.357752,-0.00356506,15.1562,-0.454646,6.0125,17.2902,-0.329571,0.721596,-3.39459,0.566715,-4.57744,3.19587,-0.258072,6.4341
0.932896,-0.00567027,0.360042,-0.0085435,15.1734,-0.454634,6.0194,17.3281,-0.330708,0.736645,-3.35228,0.528225,-4.54442,3.19129,-0.255788,6.44156
0.932833,-0.00508837,0.360204,-0.00717654,15.1902,-0.454997,6.02579,17.3661,-0.331845,0.751709,-3.33955,0.524543,-4.49972,3.19783,-0.252897,6.43934
0.933316,-0.00558522,0.358924,-0.0081388,15.2066,-0.45558,6.03267,17.4041,-0.332984,0.766791,-3.3452,0.551409,-4.46863,3.18717,-0.254988,6.44388
0.933635,-0.006627,0.358021,-0.0105596,15.2231,-0.455898,6.03956,17.4422,-0.334124,0.78189,-3.33009,0.570311,-4.426,3.18111,-0.257812,6.4499
0.933465,-0.00708078,0.358412,-0.0116393,15.2399,-0.456408,6.04615,17.4803,-0.335265,0.797005,-3.30872,0.564666,-4.42322,3.18315,-0.255423,6.44747
0.933088,-0.00645798,0.359454,-0.0100531,15.2568,-0.457071,6.05297,17.5184,-0.336408,0.812138,-3.28942,0.545908,-4.43803,3.17985,-0.259795,6.45137
0.93344,-0.00640031,0.358543,-0.00985005,15.2734,-0.458515,6.05945,17.5566,-0.337554,0.827286,-3.32838,0.556761,-4.49486,3.18386,-0.257008,6.44754
0.932733,-0.00689623,0.360334,-0.0112483,15.3031,-0.458852,6.01757,17.6083,-0.338675,-1.33751,-3.29053,0.526645,-4.4749,3.16169,-0.260159,6.43701
0.932951,-0.00876704,0.359608,-0.0152211,15.3196,-0.459239,6.02435,17.6466,-0.339823,-1.32245,-3.28296,0.543543,-4.42388,3.15642,-0.263487,6.43968
0.932997,-0.00882383,0.359451,-0.0153115,15.3362,-0.460089,6.03094,17.6849,-0.340974,-1.30737,-3.28518,0.545904,-4.42091,3.15823,-0.260734,6.43847
0.933165,-0.00882843,0.359014,-0.0153337,15.3528,-0.460881,6.03731,17.7233,-0.342126,-1.29228,-3.28662,0.552584,-4.41048,3.16594,-0.249273,6.4327
0.93355,-0.00965933,0.357913,-0.0171896,15.3691,-0.461422,6.04405,17.7617,-0.343279,-1.27716,-3.27814,0.573904,-4.37995,3.16388,-0.252466,6.43491
0.933012,-0.00796811,0.359579,-0.0123574,15.3861,-0.46271,6.05022,17.8002,-0.344436,-1.26204,-3.29858,0.545918,-4.41395,3.17201,-0.230252,6.41944
0.932828,-0.00689502,0.360131,-0.00993217,15.4029,-0.462986,6.0562,17.8387,-0.345594,-1.2469,-3.27629,0.532545,-4.37455,3.18844,-0.220223,6.4076
0.932083,-0.0073393,0.362005,-0.0111965,15.4199,-0.463129,6.063,17.8772,-0.346751,-1.23174,-3.26212,0.502547,-4.30548,3.17955,-0.22022,6.41191
0.93223,-0.00900996,0.361462,-0.0151758,15.4363,-0.463239,6.06989,17.9158,-0.34791,-1.21657,-3.24654,0.523263,-4.23684,3.16192,-0.223552,6.41438
0.932743,-0.0085519,0.3602,-0.0133132,15.4527,-0.464184,6.0761,17.9544,-0.34907,-1.20138,-3.26138,0.540369,-4.24481,3.17374,-0.214213,6.41083
0.931662,-0.00879511,0.362959,-0.0140915,15.4699,-0.465025,6.08317,17.9931,-0.350233,-1.18617,-3.26731,0.494356,-4.25979,3.15973,-0.223586,6.42093
0.931879,-0.00862601,0.36241,-0.0136752,15.4865,-0.465894,6.08956,18.0318,-0.351397,-1.17094,-3.27205,0.501884,-4.27912,3.16433,-0.2214,6.42048
0.931852,-0.0101691,0.362298,-0.0174941,15.503,-0.465998,6.09627,18.0706,-0.352562,-1.1557,-3.25065,0.50974,-4.21508,3.15592,-0.22487,6.42244
0.931956,-0.0108984,0.361943,-0.0184274,15.5196,-0.466623,6.1027,18.1094,-0.353729,-1.14045,-3.24757,0.515635,-4.19684,3.15984,-0.221028,6.42145
0.932313,-0.0122983,0.360798,-0.0219404,15.536,-0.467854,6.10905,18.1482,-0.354898,-1.12517,-3.28572,0.535758,-4.20776,3.16577,-0.213798,6.41889
0.931693,-0.0110366,0.362588,-0.0191875,15.545,-0.468783,6.14585,18.1785,-0.356075,0.225746,-3.27282,0.5041,-4.26375,3.18648,-0.192942,6.42124
0.931304,-0.00969446,0.363769,-0.0162117,15.562,-0.46988,6.15199,18.2174,-0.357249,0.241126,-3.28223,0.478516,-4.30782,3.19821,-0.181822,6.4181
0.933039,-0.00911103,0.359436,-0.0137864,15.5779,-0.470641,6.15836,18.2563,-0.358426,0.256521,-3.27245,0.556175,-4.34935,3.19946,-0.182054,6.41798
0.933427,-0.00856279,0.358467,-0.0120836,15.5944,-0.471123,6.16521,18.2953,-0.359604,0.271934,-3.2538,0.571181,-4.36549,3.19521,-0.18339,6.42769
0.933704,-0.00908679,0.357689,-0.0132091,15.6109,-0.47196,6.17206,18.3343,-0.360784,0.287365,-3.28204,0.582037,-4.36065,3.19327,-0.182474,6.43684
0.933794,-0.00955831,0.357393,-0.0144794,15.6275,-0.473305,6.17836,18.3734,-0.361967,0.30281,-3.37186,0.594416,-4.32253,3.19465,-0.181851,6.42234
0.935083,-0.00961465,0.35406,-0.0135184,15.6434,-0.474165,6.18496,18.4125,-0.363152,0.318273,-3.39784,0.654809,-4.31959,3.19478,-0.181864,6.42109
0.934091,-0.0128032,0.356239,-0.0222205,15.6602,-0.475309,6.19131,18.4516,-0.364341,0.333751,-3.49358,0.634954,-4.23904,3.18848,-0.179839,6.39719
0.93302,-0.0107276,0.359294,-0.0174368,15.6773,-0.475894,6.19737,18.4908,-0.36553,0.349245,-3.44179,0.596132,-4.30994,3.18887,-0.151557,6.37308
0.932975,-0.0111174,0.359299,-0.0184412,15.6938,-0.476257,6.20379,18.5301,-0.366721,0.364754,-3.42888,0.598454,-4.29349,3.18987,-0.150397,6.37138
0.932085,-0.0100164,0.361779,-0.0157134,15.7109,-0.477065,6.20999,18.5693,-0.367914,0.380279,-3.43462,0.554898,-4.31825,3.1965,-0.143418,6.36515
0.931833,-0.00989706,0.362428,-0.0153584,15.7276,-0.477413,6.21669,18.6087,-0.369107,0.395821,-3.43003,0.550907,-4.28939,3.18302,-0.145783,6.36802
0.932598,-0.00948367,0.360528,-0.0140459,15.7438,-0.478174,6.22307,18.648,-0.370303,0.411378,-3.43013,0.586489,-4.33834,3.18305,-0.146181,6.36824
0.932126,-0.00992442,0.361681,-0.0152777,15.7606,-0.478496,6.22967,18.6874,-0.371499,0.426953,-3.42305,0.568722,-4.31409,3.1784,-0.145729,6.37124
0.932804,-0.00910826,0.360055,-0.0128094,15.7769,-0.479266,6.23614,18.7269,-0.372697,0.442543,-3.43206,0.599218,-4.34404,3.17637,-0.146242,6.37217
0.931871,-0.0117993,0.362121,-0.0203575,15.7932,-0.480628,6.24466,18.7656,-0.373899,0.567144,-3.51856,0.563903,-4.35748,3.18991,-0.150263,6.36115
0.931675,-0.0108667,0.362684,-0.0181757,15.8099,-0.482058,6.25097,18.8051,-0.375104,0.582771,-3.54863,0.553734,-4.46379,3.19281,-0.148871,6.36157
0.931974,-0.0107626,0.361918,-0.0180139,15.8264,-0.482698,6.25704,18.8447,-0.376311,0.598414,-3.55236,0.564155,-4.46621,3.20327,-0.144495,6.35928
0.932322,-0.00902963,0.361323,-0.0129158,15.8429,-0.483876,6.26353,18.8843,-0.37752,0.614073,-3.58684,0.575016,-4.51229,3.19931,-0.146851,6.36213
0.931722,-0.0103961,0.362669,-0.0165919,15.8598,-0.484839,6.27014,18.924,-0.378732,0.629748,-3.63164,0.553802,-4.52162,3.19317,-0.143923,6.36724
0.931566,-0.0100348,0.363093,-0.0157871,15.8765,-0.485952,6.27657,18.9637,-0.379947,0.645439,-3.65924,0.548385,-4.58211,3.19078,-0.144708,6.36851
0.931008,-0.00982473,0.364538,-0.015556,15.8934,-0.486548,6.28293,19.0034,-0.381164,0.661147,-3.66299,0.524437,-4.58463,3.18975,-0.144709,6.36885
0.931371,-0.00736718,0.363939,-0.00933184,15.9099,-0.487645,6.28938,19.0432,-0.382383,0.67687,-3.67547,0.538403,-4.66145,3.18243,-0.145199,6.36955
0.931241,-0.00748627,0.364201,-0.00953733,15.9265,-0.488315,6.29611,19.083,-0.383604,0.69261,-3.68353,0.542422,-4.69331,3.16616,-0.132586,6.37321
0.929801,-0.00836072,0.367798,-0.0122316,15.9438,-0.4887,6.30266,19.1228,-0.384825,0.708367,-3.71593,0.482821,-4.62855,3.15765,-0.126769,6.37508
0.930688,-0.00709614,0.365672,-0.00859141,15.9598,-0.489398,6.30928,19.1627,-0.386049,0.72414,-3.70776,0.538711,-4.69354,3.13342,-0.122217,6.3703
0.930564,-0.00729743,0.365923,-0.0100028,15.9766,-0.48978,6.31518,19.2027,-0.387273,0.739928,-3.71545,0.523516,-4.68115,3.1536,-0.135239,6.36846
0.930598,-0.0072009,0.365838,-0.00988276,15.9932,-0.490172,6.32141,19.2427,-0.388499,0.755732,-3.7137,0.524473,-4.6775,3.15602,-0.136373,6.36824
0.933498,-0.00683585,0.358516,-0.00822346,16.0083,-0.490436,6.32735,19.2827,-0.389725,0.77155,-3.68215,0.649385,-4.70528,3.17109,-0.143632,6.36582
0.933152,-0.00837727,0.359203,-0.0122869,16.025,-0.491454,6.33384,19.3227,-0.390954,0.787385,-3.78823,0.634717,-4.61916,3.1712,-0.144279,6.36432
0.931651,-0.00748612,0.363159,-0.0104267,16.0471,-0.492387,6.32331,19.368,-0.392184,0.0831718,-3.82337,0.556277,-4.62401,3.1653,-0.143073,6.36893
0.931788,-0.00805803,0.362717,-0.0120601,16.0636,-0.4931,6.32935,19.4081,-0.393417,0.0989952,-3.83835,0.562002,-4.64594,3.1747,-0.147626,6.36231
0.933042,-0.00855403,0.359447,-0.0130798,16.0795,-0.493693,6.33532,19.4483,-0.394651,0.114834,-3.8549,0.62014,-4.63545,3.18415,-0.149447,6.35366
0.932284,-0.00822797,0.361426,-0.0124682,16.0965,-0.494364,6.34194,19.4886,-0.395887,0.130688,-3.86424,0.58092,-4.64725,3.18383,-0.149323,6.36084
0.931733,-0.00722926,0.362936,-0.010373,16.1134,-0.495221,6.34775,19.5289,-0.397125,0.146558,-3.88753,0.555118,-4.66641,3.1944,-0.150288,6.34423
0.931375,-0.00697653,0.363857,-0.0100333,16.1302,-0.495552,6.35387,19.5692,-0.398364,0.162442,-3.88224,0.538859,-4.64594,3.1986,-0.152136,6.34097
0.932317,-0.0067643,0.361471,-0.00926726,16.1463,-0.496066,6.36013,19.6095,-0.399604,0.178343,-3.8764,0.582219,-4.66462,3.19815,-0.152672,6.34112
0.932615,-0.00645604,0.360719,-0.00846258,16.1627,-0.496834,6.36641,19.65,-0.400846,0.194259,-3.89937,0.594082,-4.68018,3.19942,-0.153764,6.33991
0.931578,-0.00664188,0.363367,-0.00956695,16.1799,-0.497334,6.37303,19.6904,-0.402089,0.210191,-3.91619,0.54339,-4.65657,3.19617,-0.147562,6.34918
0.932638,-0.00664639,0.360647,-0.00923333,16.1959,-0.497819,6.37943,19.7309,-0.403334,0.22614,-3.91412,0.59373,-4.66616,3.1924,-0.146284,6.35122
0.931889,-0.0062264,0.3626,-0.00835627,16.2129,-0.497942,6.38604,19.7714,-0.404579,0.242105,-3.8855,0.558504,-4.65426,3.18945,-0.142899,6.35876
0.93288,-0.00623977,0.360061,-0.00782061,16.229,-0.49821,6.39294,19.812,-0.405824,0.258087,-3.86958,0.607628,-4.65589,3.17472,-0.133078,6.37098
0.933126,-0.00578328,0.359436,-0.00712555,16.2454,-0.498879,6.39901,19.8526,-0.407072,0.274085,-3.89405,0.62343,-4.65968,3.17821,-0.140133,6.35584
0.932505,-0.00678434,0.360971,-0.00997584,16.2622,-0.49949,6.40529,19.8933,-0.40832,0.290098,-3.92194,0.598355,-4.64673,3.17937,-0.143805,6.34884
0.931433,-0.00591329,0.363798,-0.00786323,16.2794,-0.499237,6.41228,19.934,-0.409568,0.306129,-3.85819,0.549327,-4.62769,3.16859,-0.140434,6.36617
0.931622,-0.00523386,0.363351,-0.0058035,16.2819,-0.499715,6.47061,19.9591,-0.410811,2.41494,-3.86311,0.565118,-4.65717,3.16565,-0.131346,6.38996
0.932741,-0.00581627,0.360431,-0.00792943,16.2979,-0.499671,6.4774,19.9998,-0.41206,2.43114,-3.83053,0.624556,-4.65106,3.15369,-0.121394,6.39635
0.932171,-0.00731988,0.361771,-0.0121896,16.3146,-0.500446,6.4834,20.0406,-0.413311,2.44735,-3.87144,0.60568,-4.64843,3.15979,-0.128804,6.37741
0.931251,-0.00640301,0.364185,-0.0104699,16.3317,-0.500971,6.48928,20.0814,-0.414564,2.46357,-3.85397,0.563233,-4.69023,3.17198,-0.123913,6.36359
0.931585,-0.0071111,0.363263,-0.0120074,16.348,-0.501202,6.49597,20.1223,-0.415817,2.47981,-3.85172,0.588404,-4.65903,3.15799,-0.123338,6.3674
0.931308,-0.00565589,0.364129,-0.00786979,16.3647,-0.502142,6.50361,20.1632,-0.417072,2.49607,-3.8753,0.581141,-4.69865,3.12013,-0.132626,6.3885
0.931825,-0.00676725,0.362704,-0.0106718,16.381,-0.503268,6.5098,20.2042,-0.41833,2.51234,-3.90062,0.601584,-4.78559,3.12789,-0.136181,6.38383
0.932041,-0.00684499,0.36213,-0.0107524,16.3974,-0.503656,6.51629,20.2452,-0.419589,2.52863,-3.89816,0.612869,-4.77804,3.12781,-0.136029,6.38405
0.932302,-0.00674292,0.361467,-0.0104887,16.4138,-0.504289,6.52249,20.2862,-0.42085,2.54494,-3.91356,0.624974,-4.78099,3.13378,-0.135087,6.37636
0.931803,-0.00600654,0.362812,-0.00899588,16.4306,-0.505027,6.52861,20.3273,-0.422113,2.56126,-3.93406,0.60201,-4.78914,3.14007,-0.134832,6.36493
0.931904,-0.00628529,0.362521,-0.00974845,16.447,-0.505579,6.53488,20.3684,-0.423377,2.5776,-3.94052,0.60656,-4.79914,3.14406,-0.136072,6.36165
0.93154,-0.00607195,0.363472,-0.00926177,16.4638,-0.505454,6.5414,20.4095,-0.42464,2.59395,-3.90386,0.593184,-4.76477,3.14132,-0.135583,6.36426
0.932003,-0.00534169,0.362348,-0.00720049,16.4801,-0.506273,6.54791,20.4507,-0.425906,2.61032,-3.92193,0.612384,-4.79789,3.13802,-0.135104,6.36609
0.932473,-0.00640491,0.361047,-0.0104518,16.4963,-0.506102,6.55474,20.492,-0.427171,2.62671,-3.87866,0.639619,-4.78935,3.12947,-0.129035,6.37592
0.933308,-0.00718841,0.358812,-0.0121217,16.5123,-0.50666,6.56114,20.5333,-0.428438,2.64311,-3.89718,0.681225,-4.77695,3.13092,-0.128462,6.37205
0.932505,-0.00751271,0.360846,-0.0131877,16.53,-0.507421,6.56464,20.5755,-0.429707,2.54166,-3.92307,0.647628,-4.7765,3.12972,-0.127161,6.3651
0.932349,-0.00741262,0.361248,-0.0130321,16.5465,-0.507894,6.57087,20.6169,-0.430977,2.55809,-3.92094,0.643945,-4.77888,3.13391,-0.122843,6.35639
0.933147,-0.00728693,0.359235,-0.0118241,16.5626,-0.508653,6.57748,20.6583,-0.432248,2.57454,-3.95037,0.67855,-4.77167,3.13133,-0.12473,6.36039
0.932085,-0.0104819,0.361643,-0.0203278,16.5796,-0.509934,6.58418,20.6997,-0.433523,2.591,-4.03615,0.631433,-4.75172,3.1306,-0.125517,6.36566
0.931874,-0.0102334,0.362099,-0.0197909,16.5961,-0.511423,6.59054,20.7412,-0.434802,2.60747,-4.07998,0.621605,-4.82617,3.13338,-0.118788,6.36218
0.931491,-0.0100641,0.363098,-0.019617,16.6128,-0.511739,6.59671,20.7828,-0.436081,2.62396,-4.05537,0.606131,-4.82836,3.14055,-0.10636,6.35664
0.93115,-0.00619599,0.364606,-0.00976345,16.6297,-0.513119,6.6029,20.8243,-0.437364,2.64047,-4.06871,0.573899,-4.93851,3.14749,-0.0983837,6.3537
0.93157,-0.00580426,0.363417,-0.00867574,16.6461,-0.513573,6.60919,20.8659,-0.438648,2.65699,-4.05465,0.595175,-4.98413,3.14866,-0.0992199,6.3535
0.931987,-0.00513583,0.362403,-0.00659984,16.6623,-0.514158,6.61603,20.9076,-0.439933,2.67353,-4.05096,0.618356,-5.03962,3.13378,-0.0900662,6.36119
0.931952,-0.00485807,0.362504,-0.00576941,16.6789,-0.514615,6.62268,20.9493,-0.44122,2.69009,-4.0644,0.616873,-5.04808,3.12836,-0.0837399,6.36626
0.931774,-0.00401675,0.362993,-0.00453808,16.6955,-0.515217,6.62895,20.991,-0.442508,2.70666,-4.09272,0.606539,-5.05594,3.13283,-0.0894865,6.36192
0.931963,-0.00395931,0.362503,-0.00458561,16.712,-0.515406,6.63485,21.0328,-0.443796,2.72325,-4.0846,0.612588,-5.05852,3.14702,-0.108303,6.35168
0.931501,-0.00450608,0.363661,-0.00637346,16.7288,-0.515904,6.64079,21.0746,-0.445086,2.73985,-4.10901,0.590214,-5.04938,3.15811,-0.123676,6.34112
0.932157,-0.00421394,0.361999,-0.00525598,16.7449,-0.516312,6.64748,21.1165,-0.446377,2.75647,-4.10589,0.623631,-5.06467,3.14626,-0.115653,6.34728
0.932868,-0.00331968,0.360199,-0.00363604,16.7611,-0.516916,6.65362,21.1584,-0.447669,2.77311,-4.11938,0.654858,-5.08943,3.15163,-0.122774,6.34011
0.931093,-0.00216087,0.364813,-0.00140815,16.8001,-0.516873,6.58042,21.2255,-0.448987,-0.273815,-4.08306,0.585526,-5.04236,3.12903,-0.145454,6.28866
0.930939,-0.00253127,0.36516,-0.00232895,16.8165,-0.516865,6.5868,21.2676,-0.450279,-0.257348,-4.07382,0.583923,-4.98938,3.12246,-0.138242,6.28966
0.931538,-0.00365929,0.363606,-0.00505718,16.8326,-0.516723,6.59299,21.3097,-0.451571,-0.240866,-4.05006,0.614724,-4.94086,3.12306,-0.139439,6.28884
0.930691,-0.00194241,0.365828,-0.00183441,16.8495,-0.517608,6.5989,21.3518,-0.452865,-0.224368,-4.07398,0.56741,-4.98255,3.13435,-0.146004,6.28216
0.931099,-0.00170461,0.364762,-0.00142374,16.8658,-0.517701,6.60467,21.3939,-0.454159,-0.207857,-4.06323,0.579,-4.94731,3.15083,-0.160581,6.2792
0.930995,-0.001959,0.36502,-0.00228888,16.8823,-0.517753,6.61063,21.4361,-0.455453,-0.19133,-4.04687,0.573992,-4.90822,3.15728,-0.168014,6.27554
0.929631,-0.00305847,0.368475,-0.00521343,16.8994,-0.51764,6.61741,21.4784,-0.456747,-0.174787,-4.02577,0.52506,-4.84476,3.1344,-0.147932,6.28328
0.930081,-0.00348637,0.367283,-0.00657694,16.9156,-0.518034,6.62355,21.5207,-0.458043,-0.158228,-4.03361,0.54836,-4.82379,3.13137,-0.147366,6.28288
0.931847,-0.00443046,0.362764,-0.00842262,16.9311,-0.51823,6.62976,21.563,-0.459338,-0.141653,-4.06128,0.634165,-4.72614,3.12741,-0.146951,6.28299
0.931379,-0.00414008,0.363949,-0.00764658,16.9477,-0.51878,6.63645,21.6054,-0.460635,-0.125062,-4.05483,0.608283,-4.75021,3.12177,-0.149934,6.29578
0.932585,-0.00533149,0.3608,-0.00996915,16.9635,-0.518895,6.64333,21.6478,-0.461932,-0.108454,-4.04585,0.668213,-4.70342,3.10827,-0.151545,6.30986
0.932759,-0.00550503,0.360323,-0.00995237,16.9798,-0.519442,6.65017,21.6902,-0.463231,-0.0918285,-4.05034,0.667483,-4.70163,3.1075,-0.158168,6.32691
0.932122,-0.0074206,0.361807,-0.0148634,16.9966,-0.520469,6.65709,21.7327,-0.464532,-0.0751858,-4.10075,0.628058,-4.70268,3.10695,-0.165188,6.34484
0.931316,-0.0067181,0.363923,-0.0132023,17.0135,-0.52151,6.66382,21.7753,-0.465836,-0.0585262,-4.10243,0.585571,-4.7789,3.10342,-0.176375,6.35225
0.930879,-0.00529952,0.365181,-0.00971,17.0302,-0.522649,6.6703,21.8178,-0.467142,-0.0418505,-4.11924,0.560666,-4.84576,3.10133,-0.178452,6.35238
0.931586,-0.00423505,0.363457,-0.00654758,17.0559,-0.523578,6.64235,21.8718,-0.468452,-1.34375,-4.13006,0.59525,-4.88452,3.07462,-0.181434,6.3459
0.931975,-0.0037214,0.362471,-0.00530419,17.0721,-0.523947,6.6482,21.9145,-0.469762,-1.32713,-4.11213,0.612583,-4.88671,3.08867,-0.186487,6.33105
0.930791,-0.00382984,0.3655,-0.00582993,17.0892,-0.523847,6.65474,21.9572,-0.471072,-1.31049,-4.07826,0.559072,-4.82028,3.08808,-0.185444,6.33406
0.931492,-0.00380005,0.363704,-0.00558533,17.1052,-0.524317,6.66096,21.9999,-0.472382,-1.29384,-4.0692,0.588644,-4.82809,3.09301,-0.186826,6.33246
0.931479,-0.00448716,0.363689,-0.00783636,17.1217,-0.524568,6.66712,22.0427,-0.473694,-1.27717,-4.04984,0.589378,-4.81267,3.09897,-0.189653,6.32671
0.930627,-0.00319739,0.365944,-0.00480674,17.1385,-0.524735,6.67347,22.0856,-0.475006,-1.26048,-4.01422,0.549698,-4.79351,3.09997,-0.189744,6.32593
0.930614,-0.00296364,0.365968,-0.0040379,17.1549,-0.525446,6.68012,22.1285,-0.476319,-1.24378,-4.02111,0.553027,-4.82064,3.08704,-0.184313,6.32944
0.93122,-0.00256401,0.364439,-0.0033341,17.1712,-0.526124,6.6856,22.1714,-0.477635,-1.22707,-4.02489,0.564918,-4.84789,3.11811,-0.200194,6.31947
0.929976,-0.00383698,0.367566,-0.00734692,17.1883,-0.526344,6.69194,22.2144,-0.47895,-1.21034,-4.02074,0.509619,-4.79652,3.11756,-0.199002,6.31994
0.930108,-0.00390458,0.367183,-0.00773627,17.2048,-0.527154,6.69789,22.2574,-0.480268,-1.1936,-4.02361,0.507441,-4.83297,3.12957,-0.199182,6.3193
0.929944,-0.00424789,0.367581,-0.00842312,17.2213,-0.527511,6.70463,22.3004,-0.481587,-1.17683,-4.01734,0.512797,-4.79514,3.10711,-0.19987,6.32269
0.929538,-0.00256372,0.368722,-0.00420354,17.2379,-0.528653,6.71119,22.3435,-0.482909,-1.16006,-4.0279,0.495385,-4.87484,3.09336,-0.202118,6.32438
0.931018,-0.0028503,0.364947,-0.00530226,17.2538,-0.529053,6.71691,22.3867,-0.484231,-1.14326,-4.0117,0.548672,-4.87821,3.11708,-0.210571,6.32406
0.93071,-0.00157568,0.365764,-0.00215183,17.2704,-0.529268,6.72326,22.4298,-0.485554,-1.12646,-3.97763,0.534409,-4.8666,3.11606,-0.210213,6.32507
0.931651,-0.000907493,0.363367,-0.000182646,17.2864,-0.529638,6.72961,22.4731,-0.486879,-1.10963,-3.94652,0.576814,-4.89199,3.11415,-0.208845,6.32629
0.930636,-0.00174767,0.365951,-0.00275835,17.295,-0.529893,6.76525,22.5064,-0.488202,0.00803876,-3.94539,0.535465,-4.85246,3.12854,-0.223021,6.32135
0.931046,-0.00374653,0.364835,-0.0081797,17.3112,-0.529754,6.77176,22.5497,-0.489527,0.0249682,-3.90385,0.560682,-4.80355,3.12072,-0.218015,6.326
0.930751,-0.00180324,0.365673,-0.00326027,17.3279,-0.529887,6.77826,22.593,-0.490851,0.0419138,-3.85063,0.547467,-4.79914,3.11663,-0.220298,6.3308
0.930415,-0.00196405,0.366483,-0.00386092,17.3446,-0.530765,6.78448,22.6364,-0.492178,0.058875,-3.87223,0.528895,-4.81268,3.11872,-0.221656,6.32905
0.929727,-0.00288512,0.368197,-0.00644397,17.3614,-0.530862,6.79078,22.6798,-0.493506,0.075852,-3.84696,0.50037,-4.76399,3.11752,-0.221014,6.32979
0.929823,-0.0056858,0.367796,-0.0135659,17.378,-0.530815,6.79627,22.7233,-0.494833,0.0928426,-3.82868,0.495775,-4.67638,3.14722,-0.219409,6.32576
0.930668,-0.0075587,0.365385,-0.0180072,17.394,-0.531569,6.80256,22.7667,-0.496161,0.109849,-3.8806,0.541323,-4.58166,3.14257,-0.223971,6.32702
0.930957,-0.00805385,0.364539,-0.0192019,17.4103,-0.532127,6.80879,22.8103,-0.497492,0.126871,-3.87884,0.559128,-4.53085,3.14306,-0.221622,6.32604
0.930896,-0.00800202,0.364703,-0.019013,17.4269,-0.533213,6.8154,22.8538,-0.498825,0.14391,-3.89322,0.552847,-4.54421,3.13855,-0.24109,6.33537
0.930666,-0.00727392,0.365462,-0.0159088,17.4435,-0.534286,6.82147,22.8974,-0.500161,0.160963,-3.89618,0.540046,-4.5674,3.14269,-0.227303,6.32845
0.930207,-0.00636465,0.366726,-0.0138742,17.4603,-0.534916,6.82771,22.9411,-0.501498,0.178032,-3.87322,0.517853,-4.57025,3.14292,-0.226781,6.328
0.930206,-0.0060964,0.366723,-0.0139488,17.4775,-0.535684,6.83337,22.9848,-0.502837,0.195116,-3.87322,0.517853,-4.57025,3.14292,-0.226781,6.328
0.930186,-0.00611858,0.366772,-0.013988,17.4938,-0.53623,6.83955,23.0285,-0.504178,0.212215,-3.87322,0.517853,-4.57025,3.14292,-0.226781,6.328
0.930131,-0.00605348,0.366914,-0.0139301,17.5104,-0.536391,6.84563,23.0723,-0.505519,0.229329,-3.87322,0.517853,-4.57025,3.14292,-0.226781,6.328
0.930148,-0.00607427,0.36687,-0.013965,17.5267,-0.53732,6.85183,23.1161,-0.506862,0.246458,-3.87322,0.517853,-4.57025,3.14292,-0.226781,6.328
0.930147,-0.00623608,0.366867,-0.0139815,17.5641,-0.538189,6.78145,23.1861,-0.508198,-2.52054,-3.87332,0.517805,-4.57021,3.11647,-0.226923,6.30345
0.930143,-0.00613515,0.366878,-0.0140163,17.5808,-0.538901,6.78747,23.2301,-0.509546,-2.50357,-3.87332,0.517805,-4.57021,3.11647,-0.226923,6.30345
0.930217,-0.00626927,0.36673,-0.012935,17.5976,-0.540241,6.79355,23.2741,-0.510896,-2.48659,-3.87332,0.517805,-4.57021,3.11647,-0.226923,6.30345
0.930236,-0.00634537,0.366681,-0.0128814,17.6138,-0.541144,6.80015,23.3181,-0.512249,-2.46959,-3.87332,0.517805,-4.57021,3.11647,-0.226923,6.30345
0.930263,-0.00625876,0.366614,-0.0128651,17.6305,-0.542126,6.80639,23.3622,-0.513604,-2.45257,-3.87332,0.517805,-4.57021,3.11647,-0.226923,6.30345
0.93029,-0.00617551,0.366544,-0.0129882,17.647,-0.543124,6.81214,23.4063,-0.514962,-2.43554,-3.87332,0.517805,-4.57021,3.11647,-0.226923,6.30345
0.930274,-0.00623765,0.366592,-0.0127182,17.6634,-0.543625,6.81844,23.4505,-0.516321,-2.4185,-3.87332,0.517805,-4.57021,3.11647,-0.226923,6.30345
0.93027,-0.00629547,0.366602,-0.0126765,17.6797,-0.544274,6.82497,23.4946,-0.517682,-2.40144,-3.87332,0.517805,-4.57021,3.11647,-0.226923,6.30345
0.930305,-0.00631821,0.366515,-0.0126278,17.6961,-0.545328,6.83149,23.5389,-0.519045,-2.38436,-3.87332,0.517805,-4.57021,3.11647,-0.226923,6.30345
0.930316,-0.00633686,0.366486,-0.0126779,17.7123,-0.546142,6.83764,23.5832,-0.520411,-2.36726,-3.87332,0.517805,-4.57021,3.11647,-0.226923,6.30345
0.930351,-0.00656241,0.366413,-0.0120755,17.7284,-0.54712,6.84382,23.6275,-0.521778,-2.35015,-3.87332,0.517805,-4.57021,3.11647,-0.226923,6.30345
0.930997,-0.00639634,0.364782,-0.0118806,17.7447,-0.547892,6.84944,23.6719,-0.523148,-2.33303,-3.87975,0.538109,-4.5789,3.14761,-0.214895,6.27713
0.931598,-0.00678212,0.363211,-0.0126896,17.7609,-0.548207,6.85577,23.7163,-0.524519,-2.31589,-3.82896,0.56017,-4.5519,3.14171,-0.217611,6.28419
0.930501,-0.00616508,0.366069,-0.0116424,17.7777,-0.549186,6.86163,23.7607,-0.525892,-2.29874,-3.85865,0.522379,-4.55809,3.15088,-0.210204,6.2629
0.931191,-0.00795645,0.364157,-0.0152711,17.7938,-0.549447,6.86803,23.8052,-0.527265,-2.28157,-3.83242,0.555061,-4.52378,3.13869,-0.213253,6.27168
0.930919,-0.00966591,0.364593,-0.0197657,17.7921,-0.550732,6.93833,23.8274,-0.528653,0.00402355,-3.88821,0.548786,-4.54758,3.16208,-0.211678,6.29085
0.930603,-0.00938264,0.365406,-0.019248,17.8087,-0.552237,6.9446,23.8719,-0.530034,0.021385,-3.92714,0.53511,-4.6039,3.1611,-0.214638,6.29332
0.930067,-0.00966899,0.366711,-0.0201864,17.8254,-0.552712,6.95096,23.9165,-0.531415,0.0387624,-3.89743,0.51558,-4.59613,3.15499,-0.222573,6.2985
0.930275,-0.00832953,0.366463,-0.0155711,17.8419,-0.553941,6.95692,23.9611,-0.5328,0.0561547,-3.91064,0.517215,-4.6327,3.16226,-0.214882,6.29505
0.92982,-0.00915092,0.367485,-0.0177232,17.8585,-0.555092,6.96349,24.0058,-0.534188,0.0735635,-3.93105,0.504571,-4.66612,3.14744,-0.221941,6.30449
0.929094,-0.00901174,0.369317,-0.017656,17.8754,-0.55576,6.96989,24.0505,-0.535577,0.0909882,-3.92195,0.476993,-4.6565,3.13743,-0.228543,6.30809
0.929269,-0.00795732,0.369027,-0.0149601,17.8917,-0.556916,6.97625,24.0952,-0.53697,0.108429,-3.92557,0.489734,-4.70809,3.12426,-0.23502,6.30897
0.928588,-0.00920138,0.370611,-0.0173901,17.9085,-0.557474,6.98243,24.14,-0.538363,0.125885,-3.92743,0.463288,-4.6656,3.12233,-0.235089,6.30941
0.927888,-0.00882283,0.372376,-0.0168858,17.9254,-0.558355,6.98854,24.1848,-0.539759,0.143356,-3.9226,0.433512,-4.68183,3.12091,-0.236002,6.3094
0.929375,-0.00941388,0.368596,-0.0181477,17.9412,-0.559039,6.99431,24.2296,-0.541157,0.160842,-3.92759,0.490137,-4.65041,3.137,-0.23124,6.31203
0.929122,-0.00796922,0.369404,-0.0149046,17.9579,-0.560638,7.00027,24.2745,-0.542558,0.178343,-3.97058,0.473595,-4.70263,3.1429,-0.227433,6.30914
0.929632,-0.00643858,0.368319,-0.0102735,17.9742,-0.561839,7.00665,24.3194,-0.543963,0.195859,-3.9827,0.496321,-4.75107,3.1322,-0.228066,6.3126
0.92982,-0.00471841,0.367965,-0.00599664,17.9907,-0.561973,7.01283,24.3644,-0.545368,0.213391,-3.94131,0.500445,-4.72908,3.13123,-0.227378,6.31347
0.929181,-0.00514883,0.369525,-0.00725033,18.0075,-0.562255,7.0193,24.4094,-0.546774,0.23094,-3.94599,0.471767,-4.66212,3.12329,-0.213146,6.32073
0.9291,-0.00557608,0.36969,-0.00858841,18.0241,-0.562688,7.02527,24.4545,-0.54818,0.248503,-3.94141,0.465868,-4.64033,3.12926,-0.218491,6.31866
0.928429,-0.00601353,0.371332,-0.0100642,18.054,-0.563365,6.98569,24.5158,-0.549599,-1.31266,-3.94917,0.434187,-4.61603,3.11805,-0.221166,6.30269
0.928724,-0.00610508,0.370586,-0.0100677,18.0702,-0.564176,6.99223,24.5609,-0.551009,-1.29518,-3.95082,0.459987,-4.63928,3.09537,-0.214149,6.30431
0.929191,-0.00627799,0.369397,-0.010609,18.0864,-0.564415,6.99809,24.6062,-0.55242,-1.27768,-3.93265,0.47682,-4.59523,3.10574,-0.217143,6.30214
0.929084,-0.00636046,0.369649,-0.0110592,18.1029,-0.56497,7.00405,24.6514,-0.553833,-1.26017,-3.92448,0.471086,-4.58867,3.11093,-0.218797,6.29901
0.92969,-0.00794043,0.367983,-0.0149813,18.1191,-0.565152,7.00932,24.6967,-0.555246,-1.24265,-3.89667,0.495883,-4.55353,3.1368,-0.224294,6.28477
0.929783,-0.0093881,0.367536,-0.0187015,18.1355,-0.566266,7.01543,24.7421,-0.556661,-1.22511,-3.93479,0.502946,-4.54732,3.13704,-0.224049,6.28525
0.929806,-0.00898895,0.367525,-0.0175447,18.152,-0.566748,7.02213,24.7874,-0.558078,-1.20756,-3.89787,0.50149,-4.55052,3.12757,-0.244267,6.30184
0.929568,-0.00876425,0.368148,-0.0171399,18.1686,-0.56749,7.02838,24.8329,-0.559497,-1.18998,-3.88105,0.490854,-4.56007,3.12626,-0.246597,6.30423
0.929598,-0.00885757,0.368107,-0.0163414,18.185,-0.568361,7.03443,24.8783,-0.560918,-1.1724,-3.88238,0.491981,-4.55979,3.12839,-0.244423,6.30169
0.929734,-0.00948167,0.367673,-0.0180119,18.2014,-0.569381,7.04048,24.9238,-0.562341,-1.1548,-3.8995,0.500262,-4.56397,3.1305,-0.242487,6.29918
0.930036,-0.00995573,0.366841,-0.0190999,18.2177,-0.570405,7.04682,24.9694,-0.563767,-1.13718,-3.91953,0.514501,-4.55977,3.12737,-0.246779,6.30402
0.92937,-0.00895426,0.368649,-0.0172582,18.2344,-0.571899,7.05232,25.015,-0.565197,-1.11955,-3.96683,0.488476,-4.58315,3.13637,-0.225553,6.28105
0.929889,-0.00864887,0.367424,-0.0153437,18.2506,-0.572876,7.05832,25.0606,-0.566629,-1.1019,-3.97676,0.50968,-4.59508,3.13838,-0.224666,6.27974
0.930371,-0.00815896,0.366261,-0.0141193,18.2668,-0.573504,7.06424,25.1062,-0.568063,-1.08424,-3.96231,0.532004,-4.59734,3.1416,-0.22378,6.27414
0.930617,-0.00889764,0.365548,-0.0158689,18.2831,-0.574717,7.07069,25.152,-0.5695,-1.06657,-4.00875,0.539881,-4.60237,3.13914,-0.223211,6.28542
0.9309,-0.00892689,0.364818,-0.0159425,18.2958,-0.575367,7.08904,25.1932,-0.570939,-0.631804,-3.99982,0.556526,-4.60356,3.14416,-0.222024,6.28349
0.930357,-0.0088101,0.366251,-0.0148548,18.3127,-0.576304,7.09568,25.239,-0.57238,-0.614065,-4.01827,0.520722,-4.59857,3.14318,-0.225224,6.30195
0.930378,-0.00964397,0.366086,-0.0170371,18.3291,-0.577329,7.10188,25.2848,-0.573823,-0.596311,-4.04006,0.524608,-4.61111,3.14306,-0.225174,6.30238
0.930932,-0.00970002,0.364674,-0.0169749,18.3453,-0.577815,7.10819,25.3307,-0.575267,-0.57854,-4.02159,0.549598,-4.59041,3.14144,-0.227028,6.30588
0.931468,-0.00997327,0.363282,-0.0172202,18.3616,-0.578811,7.1152,25.3766,-0.576714,-0.560752,-4.045,0.559662,-4.58721,3.13793,-0.237905,6.33601
0.930604,-0.00963161,0.365571,-0.0157694,18.3787,-0.579729,7.1219,25.4226,-0.578164,-0.542947,-4.04953,0.509302,-4.59576,3.13906,-0.24378,6.35194
0.931396,-0.00982846,0.363528,-0.0160247,18.3948,-0.580546,7.12816,25.4685,-0.579615,-0.525127,-4.05067,0.546979,-4.59987,3.13971,-0.242808,6.35031
0.931626,-0.0103281,0.362873,-0.0170864,18.4112,-0.581563,7.13491,25.5146,-0.581069,-0.50729,-4.07503,0.550685,-4.59802,3.139,-0.246134,6.36601
0.9307,-0.00989573,0.365282,-0.0165966,18.428,-0.582311,7.14063,25.5606,-0.582525,-0.489438,-4.06393,0.527602,-4.60478,3.13807,-0.235766,6.33342
0.931113,-0.0090502,0.364379,-0.0135368,18.4444,-0.583436,7.14697,25.6068,-0.583983,-0.471571,-4.08339,0.542936,-4.62777,3.13722,-0.23622,6.33457
0.930176,-0.00912148,0.366738,-0.0141038,18.4614,-0.58411,7.15333,25.6529,-0.585444,-0.453687,-4.09253,0.500076,-4.59837,3.13687,-0.23585,6.33568
0.929764,-0.00890487,0.367794,-0.0137444,18.4781,-0.585187,7.15972,25.6991,-0.586907,-0.435788,-4.10878,0.482905,-4.63173,3.1325,-0.23571,6.33847
0.930279,-0.0094078,0.366446,-0.0146417,18.4943,-0.585708,7.16642,25.7453,-0.588371,-0.417872,-4.09776,0.514272,-4.61418,3.1158,-0.233541,6.34453
0.930211,-0.00751407,0.366855,-0.00970397,18.5109,-0.587032,7.17245,25.7916,-0.589839,-0.399941,-4.12776,0.50526,-4.65769,3.12197,-0.233248,6.33794
0.930033,-0.00732823,0.367288,-0.00925192,18.5275,-0.587584,7.17895,25.8379,-0.591308,-0.381993,-4.12709,0.497847,-4.63956,3.1157,-0.227306,6.34269
0.929913,-0.00751667,0.36757,-0.00990018,18.5426,-0.587932,7.19,25.8825,-0.592777,-0.201773,-4.1176,0.491181,-4.60435,3.12091,-0.229932,6.34247
0.929495,-0.00758004,0.368611,-0.0104837,18.5594,-0.588649,7.19593,25.9289,-0.594249,-0.183783,-4.12675,0.46893,-4.59704,3.13113,-0.236614,6.33697
0.929746,-0.00759158,0.367976,-0.0104895,18.5758,-0.589286,7.20246,25.9753,-0.595722,-0.165777,-4.1227,0.486125,-4.59709,3.11813,-0.23105,6.3406
0.930938,-0.00729325,0.365002,-0.00934312,18.5917,-0.589846,7.20881,26.0218,-0.597197,-0.147755,-4.11092,0.540503,-4.59958,3.11456,-0.229184,6.34241
0.931199,-0.00825033,0.364231,-0.0119432,18.6079,-0.591074,7.21454,26.0683,-0.598674,-0.129719,-4.16521,0.561337,-4.60465,3.12073,-0.240626,6.31992
0.930875,-0.00821191,0.36504,-0.0122574,18.6243,-0.591854,7.2201,26.1149,-0.600154,-0.111669,-4.171,0.560313,-4.60387,3.12583,-0.24349,6.2899
0.931537,-0.00845705,0.36335,-0.0121594,18.6404,-0.592582,7.22691,26.1615,-0.601636,-0.0936015,-4.1738,0.584687,-4.59882,3.11817,-0.242362,6.30836
0.931144,-0.00681208,0.364528,-0.00807041,18.6571,-0.592954,7.23332,26.2081,-0.603118,-0.0755182,-4.13187,0.56267,-4.61394,3.11798,-0.242649,6.31134
0.930356,-0.00661009,0.366524,-0.00759536,18.674,-0.593102,7.24019,26.2548,-0.604601,-0.0574177,-4.10641,0.520868,-4.57027,3.11098,-0.228709,6.33083
0.930012,-0.00680669,0.367378,-0.00812431,18.6907,-0.593652,7.24674,26.3015,-0.606085,-0.0393009,-4.10871,0.506283,-4.55545,3.10395,-0.222193,6.3364
0.930566,-0.00510404,0.366093,-0.0043162,18.7069,-0.594639,7.25311,26.3483,-0.607571,-0.0211681,-4.11751,0.528158,-4.60222,3.10051,-0.220424,6.33762
0.931039,-0.00410156,0.364905,-0.00180397,18.7232,-0.5949,7.2591,26.3951,-0.609059,-0.00302034,-4.08644,0.548942,-4.60868,3.10822,-0.233899,6.32952
0.930978,-0.00393773,0.365054,-0.00124857,18.7397,-0.595283,7.26582,26.442,-0.610547,0.0151442,-4.08052,0.541287,-4.59394,3.10291,-0.214063,6.34234
0.930811,-0.00457025,0.365466,-0.00283417,18.7563,-0.595208,7.27234,26.4889,-0.612035,0.0333251,-4.04455,0.533943,-4.5653,3.10096,-0.206274,6.34772
0.930859,-0.00334274,0.365376,-0.000774158,18.7728,-0.596076,7.27882,26.5358,-0.613525,0.0515221,-4.06996,0.531633,-4.58281,3.09839,-0.202092,6.35057
0.930591,-0.00336376,0.366045,-0.00099495,18.7784,-0.596344,7.32292,26.5685,-0.615002,1.29836,-4.06947,0.519297,-4.56609,3.11479,-0.211224,6.357
0.930987,-0.00308242,0.365042,-0.000171381,18.7947,-0.595906,7.32932,26.6155,-0.616492,1.31669,-4.01189,0.541205,-4.50466,3.11397,-0.208017,6.35922
0.931279,-0.00305937,0.364295,-0.000157,18.811,-0.596327,7.33546,26.6625,-0.617983,1.33503,-4.00482,0.555022,-4.51158,3.11791,-0.218628,6.35185
0.931749,-0.00382063,0.363078,-0.00363063,18.8273,-0.596159,7.34228,26.7096,-0.619473,1.35338,-3.94962,0.575349,-4.50709,3.11295,-0.200934,6.36736
0.931908,0.00106115,0.362834,0.00908549,18.8439,-0.595453,7.34908,26.7567,-0.620962,1.37176,-3.8196,0.580006,-4.52985,3.11259,-0.193911,6.38303
0.932161,0.00443171,0.361713,0.0176154,18.86,-0.594418,7.35483,26.8039,-0.622448,1.39014,-3.62531,0.623617,-4.64811,3.11621,-0.262498,6.35138
0.931896,0.00408305,0.362317,0.0167709,18.8766,-0.593554,7.36138,26.851,-0.623932,1.40855,-3.51357,0.616381,-4.64691,3.11704,-0.253719,6.35492
0.932917,0.00522284,0.359778,0.0147822,18.8924,-0.59258,7.36753,26.8983,-0.625413,1.42696,-3.31349,0.678019,-4.78675,3.11736,-0.289349,6.34096
0.932078,0.0106611,0.361266,0.0289301,18.909,-0.591672,7.37404,26.9455,-0.626893,1.4454,-3.13564,0.663889,-4.83457,3.11696,-0.290359,6.34002
0.931352,0.0101606,0.362928,0.0277079,18.9258,-0.590407,7.38059,26.9929,-0.628369,1.46385,-3.03653,0.643784,-4.68614,3.11828,-0.274115,6.3443
0.931629,0.00895213,0.362479,0.024651,18.9422,-0.589517,7.38703,27.0402,-0.629842,1.48232,-2.93236,0.659456,-4.62175,3.11823,-0.268627,6.34526
0.931929,0.0067247,0.362346,0.0152395,18.9587,-0.588581,7.39374,27.0876,-0.631314,1.5008,-2.82812,0.666229,-4.53462,3.1162,-0.234025,6.35572
0.93173,0.00864783,0.362527,0.0201878,18.9752,-0.58785,7.40005,27.135,-0.632783,1.5193,-2.7169,0.681566,-4.44519,3.11804,-0.242016,6.35148
0.93081,0.00746484,0.365062,0.0169192,18.9921,-0.586368,7.4061,27.1825,-0.634249,1.53782,-2.54095,0.669238,-4.26957,3.12284,-0.273563,6.33899
0.930335,0.00237829,0.366953,0.00403282,19.0089,-0.584962,7.41288,27.2301,-0.635712,1.55635,-2.4107,0.666978,-4,3.10885,-0.239608,6.34696
0.930559,-0.000667992,0.366218,-0.00434798,19.0125,-0.584588,7.46317,27.2606,-0.637074,2.98424,-2.37655,0.676673,-3.88153,3.14077,-0.235631,6.3595
0.931125,-0.0015411,0.364648,-0.00672098,19.0289,-0.585081,7.46906,27.3082,-0.638537,3.00291,-2.40116,0.700001,-3.77823,3.15593,-0.215538,6.35566
0.931346,-0.00279449,0.364009,-0.00982546,19.0453,-0.585096,7.47554,27.3558,-0.639999,3.0216,-2.3551,0.722788,-3.65819,3.15095,-0.224148,6.3593
0.931203,-0.003528,0.3643,-0.0117677,19.0619,-0.585223,7.48193,27.4035,-0.641462,3.0403,-2.27536,0.725684,-3.61121,3.14963,-0.226486,6.36022
0.931555,-0.00648794,0.363193,-0.0176435,19.0782,-0.585532,7.48867,27.4512,-0.642926,3.05903,-2.25231,0.750858,-3.50701,3.14025,-0.254023,6.36973
0.93175,-0.0073646,0.362492,-0.019834,19.0946,-0.586584,7.49498,27.4989,-0.644393,3.07776,-2.29086,0.762889,-3.47573,3.14193,-0.24268,6.36627
0.93186,-0.00782431,0.362129,-0.0209882,19.111,-0.587879,7.50133,27.5467,-0.645862,3.09652,-2.3542,0.767974,-3.48409,3.14312,-0.231924,6.36252
0.932637,-0.00966,0.35984,-0.0252146,19.1271,-0.589122,7.50796,27.5945,-0.647335,3.11529,-2.4483,0.804809,-3.42473,3.14143,-0.249023,6.36888
0.931904,-0.0078259,0.362141,-0.0195271,19.1441,-0.589973,7.51462,27.6423,-0.64881,3.13407,-2.35473,0.761889,-3.5212,3.14242,-0.262328,6.37466
0.931179,-0.00672524,0.364116,-0.0170621,19.161,-0.590793,7.52098,27.6902,-0.650287,3.15288,-2.31245,0.727977,-3.53046,3.14384,-0.254131,6.37107
0.930659,-0.00627063,0.365483,-0.0161473,19.1779,-0.591932,7.52741,27.7382,-0.651767,3.17169,-2.33408,0.703222,-3.57159,3.14272,-0.256873,6.37187
0.931712,-0.00732417,0.362678,-0.0184091,19.1938,-0.592567,7.53382,27.7862,-0.653248,3.19053,-2.30822,0.754685,-3.52247,3.14059,-0.259185,6.3725
0.932662,-0.00767699,0.360269,-0.0172423,19.2099,-0.593676,7.54017,27.8342,-0.654733,3.20938,-2.34162,0.798354,-3.52633,3.14211,-0.253317,6.36945
0.932517,-0.00669597,0.360773,-0.0147344,19.2265,-0.594241,7.54662,27.8823,-0.656218,3.22825,-2.2824,0.790155,-3.50655,3.14213,-0.24984,6.36639
0.931653,-0.00678675,0.362975,-0.0151908,19.2435,-0.594981,7.55331,27.9304,-0.657706,3.24713,-2.26878,0.746622,-3.48205,3.14118,-0.256049,6.37382
0.930694,-0.00734072,0.365357,-0.0166917,19.2606,-0.595688,7.56023,27.9786,-0.659195,3.26174,-2.24948,0.703178,-3.44967,3.12785,-0.276187,6.38874
0.930097,-0.00615736,0.367052,-0.0129992,19.2775,-0.596894,7.5666,28.0268,-0.660687,3.28066,-2.26845,0.67154,-3.49674,3.12917,-0.275474,6.38836
0.93068,-0.00616173,0.365564,-0.0127344,19.2937,-0.597586,7.57316,28.075,-0.662181,3.29959,-2.24707,0.703175,-3.47271,3.11867,-0.279043,6.38831
0.93036,-0.00621998,0.366361,-0.0131176,19.3105,-0.598414,7.57944,28.1233,-0.663677,3.31854,-2.24365,0.685814,-3.45604,3.12354,-0.276982,6.38684
0.930791,-0.00471247,0.365416,-0.00965575,19.3271,-0.599768,7.58512,28.1716,-0.665177,3.3375,-2.28758,0.688028,-3.5325,3.1515,-0.266099,6.38166
0.930636,-0.00540355,0.365741,-0.0112029,19.3438,-0.600399,7.59119,28.22,-0.666678,3.35648,-2.2726,0.678121,-3.50174,3.16039,-0.266856,6.37747
0.93129,-0.00437769,0.364163,-0.00874962,19.3602,-0.600298,7.59699,28.2684,-0.668178,3.37547,-2.16981,0.697521,-3.37756,3.17703,-0.263997,6.36998
0.931968,-0.00402376,0.362447,-0.00758346,19.3765,-0.600798,7.60357,28.3168,-0.66968,3.39448,-2.12414,0.727015,-3.37178,3.17099,-0.262529,6.37616
0.93159,-0.00432572,0.36339,-0.00840857,19.3933,-0.601315,7.61029,28.3653,-0.671184,3.41351,-2.0981,0.704767,-3.34318,3.16778,-0.258485,6.38709
0.931813,-0.00506551,0.36277,-0.0100058,19.4099,-0.601702,7.61714,28.4138,-0.672688,3.43255,-2.05398,0.713165,-3.31623,3.1598,-0.255259,6.39996
0.931746,-0.0049664,0.362944,-0.00984456,19.4265,-0.602457,7.62352,28.4624,-0.674194,3.45161,-2.05061,0.709746,-3.31429,3.16081,-0.255147,6.39759
0.931578,-0.00492666,0.36338,-0.00968236,19.4433,-0.603185,7.63035,28.511,-0.675702,3.47068,-2.04474,0.697971,-3.3099,3.15498,-0.255459,6.40921
0.932195,-0.00505939,0.361789,-0.00992551,19.4596,-0.603908,7.63663,28.5596,-0.677212,3.48977,-2.03961,0.726289,-3.30611,3.15846,-0.255191,6.40425
0.932762,-0.00477979,0.360364,-0.008573,19.4759,-0.604951,7.64269,28.6083,-0.678724,3.50888,-2.07168,0.757176,-3.32076,3.16191,-0.254259,6.38745
0.932652,-0.00524799,0.360609,-0.00983799,19.4925,-0.605855,7.64909,28.6571,-0.680239,3.528,-2.09331,0.754799,-3.32593,3.16184,-0.254662,6.38163
0.93168,-0.00459293,0.363166,-0.00840934,19.5319,-0.606534,7.58043,28.7357,-0.681853,1.25453,-2.0247,0.70467,-3.29999,3.13619,-0.255031,6.36742
0.93194,-0.00573286,0.36241,-0.0110768,19.5483,-0.606717,7.58715,28.7846,-0.68337,1.2735,-1.97434,0.719124,-3.23805,3.12949,-0.253519,6.37436
0.930952,-0.00587658,0.364922,-0.01156,19.5653,-0.607263,7.59352,28.8335,-0.684888,1.29248,-1.94303,0.674701,-3.23127,3.13151,-0.252825,6.37139
0.930941,-0.00568986,0.36495,-0.0113494,19.5819,-0.608044,7.59952,28.8825,-0.686408,1.31148,-1.94058,0.668049,-3.23113,3.14476,-0.248722,6.36677
0.93146,-0.00616117,0.363592,-0.0121927,19.5982,-0.608683,7.60626,28.9315,-0.68793,1.33049,-1.93421,0.697533,-3.20535,3.13124,-0.252021,6.37173
0.931952,-0.00670145,0.362279,-0.0133511,19.6144,-0.609325,7.61274,28.9805,-0.689453,1.34953,-1.92456,0.721226,-3.18304,3.12982,-0.252623,6.37301
0.931733,-0.00743223,0.362778,-0.0146001,19.6311,-0.609796,7.61948,29.0296,-0.690977,1.36857,-1.88739,0.710938,-3.16675,3.12621,-0.257423,6.38124
0.931214,-0.00754411,0.36408,-0.015219,19.6479,-0.610965,7.62565,29.0787,-0.692505,1.38764,-1.91141,0.688629,-3.20486,3.13206,-0.249784,6.37227
0.930251,-0.00667495,0.366639,-0.0132735,19.6649,-0.612217,7.63237,29.1279,-0.694035,1.40672,-1.93056,0.643569,-3.27361,3.1238,-0.25767,6.37816
0.929984,-0.00638566,0.36733,-0.0126231,19.6816,-0.61312,7.63887,29.1771,-0.695568,1.42582,-1.9335,0.634454,-3.28551,3.11682,-0.259715,6.37857
0.930656,-0.00715316,0.365572,-0.0138437,19.6979,-0.613785,7.6449,29.2263,-0.697103,1.44493,-1.92607,0.657088,-3.26249,3.13156,-0.256928,6.37861
0.931874,-0.00806254,0.362377,-0.0156044,19.7138,-0.614849,7.65149,29.2756,-0.69864,1.46406,-1.952,0.71706,-3.27564,3.12429,-0.260061,6.38124
0.931825,-0.00774771,0.362519,-0.014908,19.7303,-0.61552,7.65765,29.3249,-0.700179,1.4832,-1.93012,0.719152,-3.26991,3.12799,-0.251851,6.36954
0.931359,-0.00763147,0.36372,-0.0148623,19.747,-0.616135,7.66388,29.3743,-0.701719,1.50236,-1.90482,0.700774,-3.2656,3.13106,-0.247527,6.36176
0.931796,-0.00866095,0.362517,-0.0164284,19.7633,-0.616655,7.67045,29.4237,-0.70326,1.52154,-1.88199,0.72347,-3.24329,3.12723,-0.250401,6.36575
0.931995,-0.00882475,0.361985,-0.0165836,19.8138,-0.618171,7.56255,29.5195,-0.704989,-1.87461,-1.88059,0.729858,-3.23915,3.08518,-0.258533,6.34157
0.933063,-0.00892516,0.359243,-0.0163468,19.8296,-0.618478,7.5688,29.5691,-0.706535,-1.85569,-1.8331,0.782944,-3.2038,3.0879,-0.25198,6.333
0.933314,-0.00888742,0.358602,-0.0158276,19.8459,-0.618971,7.57579,29.6187,-0.708083,-1.83675,-1.78839,0.781659,-3.21357,3.09144,-0.261415,6.35404
0.932762,-0.00895187,0.360067,-0.0151615,19.8627,-0.619847,7.58265,29.6684,-0.709632,-1.8178,-1.79014,0.747583,-3.21437,3.09373,-0.265737,6.36556
0.932605,-0.00821523,0.360575,-0.0130745,19.8793,-0.620392,7.58954,29.718,-0.711183,-1.79882,-1.75938,0.731732,-3.20521,3.09332,-0.270561,6.3774
0.932434,-0.0081778,0.361015,-0.012987,19.8958,-0.621086,7.59591,29.7678,-0.712736,-1.77983,-1.74837,0.727263,-3.1976,3.09535,-0.269309,6.36865
0.932148,-0.00826252,0.36175,-0.0130374,19.9124,-0.621947,7.60285,29.8176,-0.714291,-1.76083,-1.75525,0.70965,-3.19481,3.09091,-0.271062,6.3807
0.932406,-0.00807411,0.361125,-0.0120307,19.9287,-0.62285,7.60915,29.8674,-0.715848,-1.7418,-1.76022,0.721613,-3.20435,3.096,-0.26949,6.37268
0.932269,-0.00797133,0.361496,-0.0115146,19.9453,-0.623531,7.61615,29.9173,-0.717407,-1.72276,-1.75295,0.710545,-3.19373,3.09018,-0.269916,6.3859
0.931519,-0.00807179,0.363405,-0.0121399,19.9621,-0.62404,7.62228,29.9672,-0.718967,-1.70371,-1.73578,0.678198,-3.16211,3.09858,-0.270684,6.3728
0.931121,-0.00863603,0.364361,-0.0135409,19.9787,-0.624621,7.629,30.0171,-0.720528,-1.68463,-1.72505,0.663357,-3.1349,3.09159,-0.270972,6.37639
0.93102,-0.00595821,0.364929,-0.00676437,19.9954,-0.626104,7.63518,30.0671,-0.722094,-1.66555,-1.753,0.64579,-3.21623,3.10278,-0.268732,6.37308
0.930554,-0.00592103,0.366052,-0.0064728,20.0121,-0.626669,7.64217,30.1171,-0.72366,-1.64644,-1.75261,0.635151,-3.18748,3.0802,-0.253868,6.37783
0.930963,-0.00510616,0.365062,-0.00419619,20.0284,-0.627627,7.64872,30.1672,-0.725229,-1.62732,-1.75563,0.654682,-3.24886,3.0751,-0.251365,6.37801
0.930617,-0.00579628,0.365907,-0.00594174,20.045,-0.628052,7.65531,30.2173,-0.726799,-1.60818,-1.75306,0.64045,-3.2141,3.07091,-0.247468,6.37933
0.930681,-0.00721206,0.365646,-0.0100202,20.0529,-0.628157,7.69021,30.2556,-0.728328,-0.748748,-1.73807,0.638013,-3.17023,3.09459,-0.254611,6.38616
0.930675,-0.00712139,0.365644,-0.00987064,20.0694,-0.628851,7.69652,30.3058,-0.7299,-0.729507,-1.73578,0.634858,-3.16805,3.10003,-0.254747,6.38491
0.931014,-0.00732064,0.364761,-0.0104808,20.0859,-0.629338,7.70256,30.356,-0.731474,-0.71025,-1.72321,0.644234,-3.14205,3.11456,-0.255275,6.38094
0.930953,-0.00699466,0.36495,-0.00953034,20.1024,-0.630287,7.70929,30.4063,-0.733049,-0.690977,-1.73771,0.641821,-3.15744,3.10573,-0.255653,6.38614
0.930824,-0.00678371,0.365292,-0.00905957,20.119,-0.631068,7.71583,30.4566,-0.734627,-0.671688,-1.74133,0.635442,-3.16217,3.10321,-0.255408,6.3875
0.930522,-0.00621931,0.366109,-0.00752856,20.1357,-0.631455,7.72265,30.5069,-0.736206,-0.652381,-1.72154,0.624803,-3.13536,3.09109,-0.253312,6.3932
0.930513,-0.00633812,0.366116,-0.00804798,20.1523,-0.63198,7.72873,30.5573,-0.737786,-0.633059,-1.71388,0.618072,-3.11801,3.10468,-0.257836,6.38945
0.929927,-0.00660079,0.367574,-0.00920629,20.1693,-0.632538,7.73469,30.6077,-0.739367,-0.613723,-1.70741,0.58457,-3.10088,3.1211,-0.262179,6.38418
0.93008,-0.00844339,0.367035,-0.0138048,20.1858,-0.632786,7.74092,30.6582,-0.740949,-0.59437,-1.6907,0.594196,-3.04524,3.12472,-0.262309,6.38363
0.929018,-0.0074081,0.369805,-0.0113929,20.2028,-0.633459,7.74777,30.7087,-0.742533,-0.575001,-1.66348,0.554418,-3.06875,3.10506,-0.272571,6.38774
0.930297,-0.00730253,0.36658,-0.0112026,20.2191,-0.634422,7.75348,30.7592,-0.744119,-0.555617,-1.6717,0.588546,-3.08398,3.13794,-0.268911,6.3926
0.931661,-0.00870816,0.362981,-0.0142569,20.2349,-0.634465,7.75993,30.8098,-0.745705,-0.536217,-1.62981,0.657737,-3.03058,3.13415,-0.269589,6.39376
0.931606,-0.00882444,0.363079,-0.0143554,20.2513,-0.635127,7.76577,30.8605,-0.747293,-0.516803,-1.61496,0.66895,-3.02931,3.13767,-0.256499,6.36847
0.930056,-0.00703568,0.367252,-0.0104394,20.2688,-0.63578,7.77218,30.9111,-0.748882,-0.497372,-1.57643,0.594804,-3.07207,3.13809,-0.255751,6.36794
0.930862,-0.00700643,0.365163,-0.0103691,20.285,-0.636343,7.77814,30.9618,-0.750473,-0.477927,-1.56334,0.62657,-3.0637,3.15025,-0.256952,6.36472
0.931714,-0.00703973,0.362983,-0.0103836,20.3123,-0.637135,7.74688,31.0282,-0.752125,-1.52463,-1.54577,0.666106,-3.06702,3.14575,-0.258549,6.34492
0.931909,-0.00719042,0.362463,-0.0107808,20.3287,-0.637696,7.75313,31.079,-0.753719,-1.50525,-1.52679,0.678148,-3.07168,3.14633,-0.259155,6.34022
0.931742,-0.00815214,0.362794,-0.0133635,20.3452,-0.638728,7.75937,31.1298,-0.755316,-1.48585,-1.55447,0.674188,-3.06754,3.14735,-0.259045,6.33414
0.931483,-0.00821779,0.363439,-0.0135862,20.3619,-0.639688,7.76589,31.1807,-0.756915,-1.46643,-1.56557,0.659234,-3.07432,3.14636,-0.260761,6.34022
0.931354,-0.0080029,0.363797,-0.0129669,20.3785,-0.64074,7.77262,31.2317,-0.758517,-1.447,-1.5816,0.647851,-3.08568,3.14155,-0.265274,6.35231
0.930809,-0.00845739,0.365144,-0.0140089,20.3953,-0.641299,7.77905,31.2827,-0.76012,-1.42755,-1.56344,0.624433,-3.0774,3.1404,-0.265755,6.35388
0.930566,-0.00765731,0.365844,-0.0122366,20.412,-0.641786,7.78518,31.3337,-0.761725,-1.40809,-1.54352,0.610805,-3.05249,3.14544,-0.263025,6.34987
0.930391,-0.00769891,0.366284,-0.0122564,20.4286,-0.642515,7.7919,31.3848,-0.763331,-1.38861,-1.54076,0.607286,-3.04599,3.13146,-0.2643,6.35659
0.93062,-0.0075957,0.365722,-0.0116934,20.445,-0.643389,7.79874,31.4359,-0.764939,-1.36911,-1.54379,0.623617,-3.05483,3.11363,-0.266015,6.36359
0.93056,-0.00742706,0.365894,-0.0111677,20.4616,-0.644238,7.80484,31.4871,-0.76655,-1.3496,-1.54693,0.61775,-3.0581,3.12143,-0.265846,6.35876
0.931964,-0.0074095,0.362331,-0.0109475,20.4774,-0.644994,7.81062,31.5382,-0.768163,-1.33008,-1.54081,0.676602,-3.06736,3.13814,-0.266544,6.34908
0.931368,-0.00701062,0.363882,-0.00987971,20.4944,-0.645517,7.81775,31.5895,-0.769776,-1.31053,-1.52003,0.6338,-3.06262,3.13534,-0.264455,6.37837
0.93235,-0.00684311,0.361391,-0.00902324,20.5105,-0.646303,7.82439,31.6408,-0.771392,-1.29097,-1.51643,0.676268,-3.07737,3.13194,-0.262798,6.38465
0.933286,-0.00656654,0.358992,-0.00814703,20.5264,-0.647073,7.83062,31.6921,-0.77301,-1.27139,-1.51133,0.726016,-3.09517,3.13168,-0.265523,6.37125
0.932863,-0.00648514,0.360087,-0.00794129,20.5432,-0.647739,7.83735,31.7434,-0.774629,-1.2518,-1.51083,0.699382,-3.08669,3.13391,-0.263637,6.37946
0.932193,-0.00556403,0.361887,-0.00562018,20.5543,-0.647746,7.86381,31.7865,-0.776208,-0.682968,-1.46053,0.656505,-3.08364,3.1423,-0.259293,6.40247
0.932064,-0.00556294,0.362207,-0.00565288,20.571,-0.648517,7.87032,31.8379,-0.777829,-0.663292,-1.47055,0.649407,-3.08249,3.14239,-0.25977,6.40169
0.931231,-0.00642974,0.364289,-0.00864462,20.588,-0.648921,7.87656,31.8894,-0.779452,-0.643601,-1.46288,0.61475,-3.05387,3.14609,-0.265902,6.39284
0.9317,-0.00567456,0.363138,-0.0064546,20.6044,-0.64894,7.88324,31.9409,-0.781074,-0.623893,-1.43795,0.637213,-2.97582,3.13829,-0.263925,6.39761
0.932298,-0.00565122,0.361597,-0.00625909,20.6207,-0.649895,7.8896,31.9925,-0.782699,-0.604169,-1.44995,0.663354,-3.00001,3.14052,-0.26584,6.39432
0.932672,-0.00570016,0.360631,-0.00612194,20.6371,-0.650446,7.89639,32.0441,-0.784325,-0.584428,-1.4383,0.67601,-2.99946,3.13815,-0.261572,6.40412
0.932024,-0.0061831,0.36226,-0.00817447,20.6539,-0.650792,7.90274,32.0957,-0.785952,-0.564671,-1.41359,0.6522,-2.99299,3.13922,-0.265197,6.39469
0.931811,-0.00367662,0.362985,-0.00183766,20.6707,-0.650421,7.90916,32.1474,-0.787578,-0.544898,-1.34583,0.640858,-2.93077,3.1406,-0.265522,6.39299
0.931765,-0.00371981,0.363038,-0.00198209,20.6873,-0.650067,7.91557,32.1991,-0.789203,-0.525109,-1.2929,0.641437,-2.86039,3.14199,-0.267597,6.39147
0.932286,-0.00453672,0.361682,-0.00390827,20.7036,-0.649933,7.92205,32.2509,-0.790828,-0.505304,-1.24226,0.66779,-2.8289,3.14159,-0.266881,6.392
0.931805,-0.00569889,0.362851,-0.00788958,20.7204,-0.649913,7.92867,32.3027,-0.792453,-0.485482,-1.19617,0.648091,-2.80953,3.14038,-0.264704,6.39569
0.932849,-0.00752502,0.360025,-0.0121287,20.7364,-0.651148,7.9353,32.3545,-0.794081,-0.465644,-1.24013,0.695753,-2.81295,3.13697,-0.264463,6.39914
0.931806,-0.00597525,0.362839,-0.00861904,20.7534,-0.651784,7.94144,32.4064,-0.79571,-0.44579,-1.19916,0.656373,-2.86422,3.13802,-0.254685,6.3797
0.931692,-0.00686547,0.36303,-0.0108746,20.77,-0.651951,7.94797,32.4583,-0.79734,-0.42592,-1.17095,0.655489,-2.82615,3.13583,-0.254709,6.38151
0.931714,-0.00521893,0.363127,-0.00650728,20.7866,-0.653264,7.95427,32.5103,-0.798973,-0.406035,-1.1961,0.649074,-2.86575,3.13997,-0.252664,6.37799
0.931775,-0.00521717,0.36294,-0.00650301,20.8106,-0.65411,7.93603,32.5729,-0.800671,-1.06405,-1.196,0.651064,-2.86657,3.13258,-0.252857,6.37025
0.932257,-0.00516123,0.361709,-0.0061896,20.8269,-0.654226,7.94244,32.625,-0.802306,-1.04419,-1.16321,0.674403,-2.83367,3.13291,-0.253083,6.36949
0.931141,-0.00549489,0.364558,-0.00741943,20.844,-0.654625,7.94884,32.6771,-0.803943,-1.02432,-1.14915,0.624222,-2.81409,3.13405,-0.253741,6.36676
0.929643,-0.00617104,0.368306,-0.00993272,20.8614,-0.655053,7.95507,32.7293,-0.80558,-1.00443,-1.13814,0.555201,-2.79092,3.13932,-0.253984,6.36485
0.931084,-0.00755409,0.364532,-0.0130484,20.8772,-0.655029,7.96124,32.7815,-0.807218,-0.984529,-1.16955,0.622314,-2.60069,3.14128,-0.253002,6.36418
0.931741,-0.00813846,0.362753,-0.014448,20.8934,-0.655879,7.96736,32.8337,-0.808858,-0.96461,-1.18758,0.651279,-2.57671,3.14874,-0.246887,6.36011
0.932767,-0.00952986,0.359954,-0.0175802,20.9093,-0.656475,7.97375,32.886,-0.810499,-0.944676,-1.20029,0.702854,-2.521,3.14851,-0.246545,6.35913
0.93319,-0.0104605,0.358756,-0.0186268,20.9257,-0.657071,7.98057,32.9383,-0.812142,-0.924725,-1.18451,0.717656,-2.51303,3.14908,-0.260824,6.37351
0.932512,-0.0118866,0.360269,-0.0225253,20.9424,-0.658416,7.98704,32.9906,-0.813788,-0.904757,-1.22491,0.694804,-2.51098,3.14804,-0.254955,6.36737
0.931679,-0.010695,0.362611,-0.019686,20.9595,-0.659604,7.99395,33.043,-0.815437,-0.884772,-1.20324,0.646119,-2.59246,3.14738,-0.279573,6.38276
0.931643,-0.0106192,0.362705,-0.0193515,20.9761,-0.660737,8.00074,33.0955,-0.817088,-0.86477,-1.21231,0.644669,-2.60477,3.14018,-0.294155,6.39009
0.93165,-0.00849484,0.363083,-0.0128786,20.9928,-0.662477,8.00691,33.148,-0.818745,-0.844753,-1.24958,0.635004,-2.65672,3.14744,-0.281379,6.38258
0.9318,-0.00829561,0.362673,-0.0121914,21.0092,-0.663223,8.01361,33.2005,-0.820403,-0.824719,-1.24217,0.642727,-2.6556,3.14073,-0.282929,6.38786
0.931439,-0.00836402,0.363587,-0.0125099,21.026,-0.663569,8.02005,33.2531,-0.822062,-0.804669,-1.21857,0.625081,-2.61092,3.14163,-0.282761,6.38705
0.931184,-0.00915075,0.36415,-0.0146236,21.0427,-0.663993,8.02648,33.3057,-0.823722,-0.784603,-1.20048,0.614777,-2.57167,3.14186,-0.282628,6.3869
0.932658,-0.00968922,0.360349,-0.01484,21.0598,-0.664822,8.02861,33.3601,-0.825394,-0.876713,-1.19915,0.681122,-2.56663,3.14501,-0.280426,6.38368
0.93183,-0.0120767,0.362135,-0.0213802,21.0765,-0.666387,8.03479,33.4128,-0.82706,-0.856626,-1.27056,0.658763,-2.55593,3.14628,-0.27404,6.36813
0.93104,-0.0113048,0.364228,-0.0195648,21.0935,-0.667591,8.04169,33.4656,-0.828729,-0.836522,-1.26213,0.62077,-2.6155,3.13879,-0.295378,6.38019
0.930956,-0.0105767,0.364552,-0.0177362,21.1102,-0.668894,8.04822,33.5183,-0.830401,-0.816401,-1.27428,0.616712,-2.64972,3.13524,-0.299305,6.38161
0.931423,-0.0114323,0.363292,-0.018548,21.1264,-0.669709,8.05492,33.5712,-0.832075,-0.796264,-1.2704,0.643982,-2.63482,3.12506,-0.305698,6.38476
0.932036,-0.012406,0.361565,-0.0208451,21.1426,-0.670978,8.06116,33.624,-0.833753,-0.776111,-1.29543,0.675869,-2.64283,3.13105,-0.298289,6.37931
0.932446,-0.0134591,0.360334,-0.0230349,21.1589,-0.672268,8.06826,33.6769,-0.835434,-0.75594,-1.3282,0.693177,-2.63556,3.12377,-0.320084,6.39703
0.932764,-0.0138276,0.359442,-0.0237511,21.1751,-0.673051,8.07472,33.7299,-0.837116,-0.735754,-1.30997,0.713061,-2.6212,3.12466,-0.312135,6.39105
0.931344,-0.0120084,0.363538,-0.0184162,21.1923,-0.674656,8.08086,33.7828,-0.838803,-0.715551,-1.3378,0.653061,-2.65423,3.12393,-0.288351,6.36864
0.931122,-0.0115287,0.364104,-0.0175585,21.209,-0.67535,8.08677,33.8359,-0.840491,-0.695334,-1.33089,0.636449,-2.62516,3.14057,-0.277948,6.36019
0.931823,-0.0109509,0.362395,-0.0161471,21.2253,-0.676757,8.09261,33.8889,-0.842183,-0.675103,-1.34708,0.661442,-2.69322,3.16019,-0.271621,6.35417
0.932495,-0.00979524,0.360826,-0.0132379,21.2415,-0.678291,8.09843,33.942,-0.843879,-0.654857,-1.38256,0.689701,-2.74909,3.17373,-0.270034,6.34079
0.931811,-0.0111272,0.362418,-0.0165994,21.2584,-0.678625,8.10523,33.9952,-0.845575,-0.634594,-1.3637,0.657947,-2.70843,3.16848,-0.264408,6.35396
0.932104,-0.0115078,0.361602,-0.0171818,21.2748,-0.67956,8.11221,34.0484,-0.847274,-0.614313,-1.36909,0.673842,-2.7189,3.1552,-0.268692,6.36819
0.930966,-0.011039,0.364584,-0.0163788,21.292,-0.680059,8.11884,34.1016,-0.848974,-0.594016,-1.34351,0.619538,-2.70144,3.15219,-0.270294,6.37322
0.930983,-0.00950585,0.364742,-0.0126684,21.2962,-0.681225,8.16556,34.1368,-0.85057,0.496141,-1.36336,0.614274,-2.7679,3.17134,-0.269774,6.38397
0.930784,-0.0108069,0.36509,-0.0156575,21.3128,-0.681562,8.17263,34.1901,-0.852274,0.516573,-1.34515,0.622773,-2.73127,3.14255,-0.25827,6.39075
0.931962,-0.0108763,0.362088,-0.0152057,21.3287,-0.682192,8.17935,34.2434,-0.85398,0.537021,-1.33789,0.682501,-2.71849,3.13005,-0.25852,6.39329
0.931607,-0.0113422,0.362926,-0.016339,21.3454,-0.683372,8.18623,34.2968,-0.855688,0.557487,-1.37195,0.666585,-2.7244,3.12357,-0.259103,6.40317
0.931319,-0.0110229,0.363704,-0.0156527,21.3621,-0.684377,8.19269,34.3502,-0.857399,0.577969,-1.38419,0.65334,-2.73558,3.12499,-0.258788,6.40116
0.931486,-0.00983007,0.363447,-0.0123999,21.3787,-0.685605,8.1987,34.4036,-0.859113,0.598465,-1.40625,0.653918,-2.7635,3.13855,-0.257394,6.39178
0.930815,-0.0088865,0.365252,-0.0102223,21.3956,-0.685845,8.20524,34.4571,-0.860828,0.618979,-1.38761,0.619904,-2.71222,3.13632,-0.256135,6.39365
0.932471,-0.00793196,0.361116,-0.00760354,21.4115,-0.686938,8.21107,34.5106,-0.862545,0.639506,-1.37463,0.683858,-2.80765,3.15927,-0.270071,6.38845
0.933116,-0.00727388,0.359469,-0.0056382,21.4278,-0.687074,8.21763,34.5642,-0.864263,0.66005,-1.30828,0.713197,-2.84506,3.15918,-0.268242,6.39094
0.933319,-0.00688421,0.358935,-0.00591424,21.4441,-0.687427,8.22358,34.6178,-0.865981,0.680609,-1.26097,0.740838,-2.88903,3.15791,-0.294007,6.3618
0.932393,-0.00346051,0.361548,0.00262747,21.4611,-0.687183,8.22985,34.6715,-0.867699,0.701184,-1.17422,0.701163,-2.88835,3.15627,-0.303972,6.34825
0.931501,-0.0048513,0.363735,-0.00118642,21.4781,-0.687384,8.23626,34.7252,-0.869418,0.721775,-1.19079,0.659976,-2.78246,3.1556,-0.303965,6.34712
0.930933,-0.00765875,0.365096,-0.00888076,21.4949,-0.687122,8.24201,34.7789,-0.871136,0.74238,-1.16643,0.63212,-2.66106,3.17315,-0.335631,6.33623
0.931451,-0.00954172,0.363539,-0.0131697,21.5111,-0.687656,8.24853,34.8327,-0.872855,0.763001,-1.16868,0.666911,-2.59609,3.16077,-0.33272,6.33742
0.931435,-0.00828061,0.363695,-0.009931,21.5276,-0.688027,8.255,34.8865,-0.874575,0.783638,-1.13296,0.6671,-2.55643,3.15589,-0.334323,6.33941
0.93085,-0.00788275,0.365202,-0.00935446,21.552,-0.68884,8.23675,34.9514,-0.876379,0.176026,-1.11029,0.638071,-2.55058,3.15735,-0.335823,6.32632
0.93072,-0.00881043,0.365443,-0.0119119,21.5686,-0.689291,8.24287,35.0053,-0.878102,0.196633,-1.09085,0.633513,-2.50422,3.16159,-0.336759,6.32458
0.931109,-0.00896211,0.364451,-0.0114624,21.5848,-0.690352,8.24973,35.0592,-0.879828,0.217257,-1.10522,0.661125,-2.49754,3.13723,-0.340138,6.32974
0.930836,-0.0093161,0.365106,-0.0125209,21.6014,-0.691533,8.25603,35.1132,-0.881557,0.237897,-1.11715,0.647315,-2.52104,3.13795,-0.340093,6.32957
0.931198,-0.00937607,0.364171,-0.0127552,21.6178,-0.692681,8.26204,35.1673,-0.883288,0.258553,-1.13073,0.65815,-2.53188,3.1479,-0.337545,6.32612
0.930581,-0.00849084,0.365837,-0.0108428,21.6347,-0.694026,8.2683,35.2214,-0.885023,0.279223,-1.14804,0.624436,-2.56981,3.14982,-0.336876,6.32536
0.930538,-0.00734572,0.366045,-0.00804,21.6513,-0.69528,8.2744,35.2755,-0.886762,0.299909,-1.16072,0.614256,-2.60214,3.15567,-0.337185,6.32438
0.931408,-0.00640548,0.363902,-0.00531289,21.6673,-0.695759,8.28088,35.3297,-0.888501,0.320611,-1.13313,0.657276,-2.58104,3.14507,-0.333128,6.32642
0.931934,-0.0054185,0.362595,-0.00237435,21.6836,-0.69592,8.28777,35.3839,-0.890241,0.341331,-1.07477,0.681417,-2.57105,3.13199,-0.316222,6.34103
0.932624,-0.00492233,0.360825,-0.000932216,21.6997,-0.695978,8.29402,35.4381,-0.891981,0.362066,-0.997251,0.716227,-2.60005,3.13467,-0.322376,6.33637
0.933102,-0.004452,0.359587,-0.00087684,21.716,-0.6965,8.30077,35.4924,-0.893722,0.382818,-0.971153,0.729925,-2.61916,3.13474,-0.309013,6.35021
0.933195,0.000646578,0.359437,0.0124722,21.7326,-0.696011,8.30741,35.5467,-0.895462,0.403586,-0.835174,0.729693,-2.66481,3.13696,-0.303877,6.3573
0.932333,0.00115139,0.361346,0.0137181,21.7494,-0.695254,8.31392,35.6011,-0.8972,0.424371,-0.755264,0.695893,-2.59126,3.13826,-0.305207,6.35726
0.932473,0.000395201,0.361054,0.0117113,21.7658,-0.694226,8.32009,35.6555,-0.898936,0.445171,-0.625515,0.710184,-2.56377,3.14263,-0.335927,6.34682
0.93188,-0.00275804,0.362897,0.000866449,21.7826,-0.693474,8.32594,35.71,-0.900669,0.465986,-0.536155,0.692517,-2.49187,3.14808,-0.385442,6.32461
0.93049,0.000393208,0.366325,0.0086959,21.8257,-0.693772,8.2485,35.8031,-0.902828,-1.64903,-0.435721,0.640014,-2.4235,3.1149,-0.375616,6.3061
0.930472,-0.00221047,0.366417,0.00218452,21.8421,-0.692848,8.25496,35.8577,-0.90456,-1.62839,-0.38978,0.6574,-2.14986,3.10342,-0.35822,6.3061
0.93041,-0.0039109,0.366521,-0.00179539,21.8584,-0.69305,8.26181,35.9123,-0.906293,-1.60774,-0.373399,0.674031,-2.05664,3.07549,-0.340233,6.30768
0.929862,-0.00378268,0.367882,-0.00277378,21.8752,-0.693604,8.26769,35.967,-0.908027,-1.58707,-0.339469,0.638411,-2.07059,3.09456,-0.34262,6.30667
0.930681,-0.00422243,0.365797,-0.00370888,21.8912,-0.693199,8.27387,36.0218,-0.90976,-1.56639,-0.321867,0.684997,-1.8244,3.09621,-0.341704,6.30679
0.929759,-0.00337256,0.368162,-0.00188908,21.9081,-0.693658,8.28008,36.0765,-0.911494,-1.54568,-0.271451,0.643099,-1.83132,3.09877,-0.34133,6.3062
0.931528,-0.00741994,0.36359,-0.0117596,21.9236,-0.693336,8.28609,36.1313,-0.913228,-1.52497,-0.246097,0.728485,-1.62924,3.10814,-0.342184,6.30647
0.931365,-0.00777035,0.363789,-0.012559,21.9401,-0.693885,8.29222,36.1862,-0.914962,-1.50424,-0.199918,0.729135,-1.6277,3.11145,-0.332545,6.30026
0.932005,-0.00753528,0.362186,-0.0116627,21.9561,-0.694405,8.29859,36.2411,-0.916698,-1.48349,-0.180666,0.760544,-1.56324,3.11035,-0.334107,6.30097
0.932268,-0.00905328,0.361345,-0.015532,21.9722,-0.696012,8.30458,36.296,-0.918438,-1.46273,-0.270804,0.776271,-1.54064,3.11273,-0.319232,6.28519
0.932274,-0.00900762,0.361313,-0.0154022,21.9884,-0.696537,8.31067,36.351,-0.92018,-1.44195,-0.223722,0.787202,-1.52848,3.11284,-0.303356,6.27271
0.931611,-0.00847272,0.363098,-0.0139234,22.0051,-0.697259,8.31687,36.406,-0.921923,-1.42116,-0.182991,0.760375,-1.55725,3.11337,-0.294743,6.26595
0.931846,-0.00667452,0.362709,-0.00928611,22.0213,-0.69735,8.32294,36.4611,-0.923666,-1.40035,-0.11433,0.771607,-1.4962,3.11583,-0.286656,6.25931
0.931049,-0.00669306,0.364714,-0.00951178,22.038,-0.697837,8.32935,36.5162,-0.925411,-1.37953,-0.0900199,0.735215,-1.46335,3.11333,-0.287414,6.26276
0.930839,-0.00738704,0.365186,-0.0112981,22.0545,-0.698311,8.33565,36.5713,-0.927157,-1.35869,-0.067918,0.728563,-1.42597,3.11021,-0.28816,6.26378
0.931131,-0.00776341,0.364423,-0.011464,22.0527,-0.698723,8.40002,36.5996,-0.928659,0.100258,-0.0695766,0.748501,-1.42344,3.10913,-0.299696,6.28819
0.929876,-0.00674715,0.367725,-0.00905672,22.0697,-0.699188,8.40687,36.6548,-0.930407,0.121276,-0.0309607,0.691341,-1.39682,3.09423,-0.311125,6.29941
0.930302,-0.00758422,0.366565,-0.0107554,22.0857,-0.699499,8.41353,36.71,-0.932156,0.142309,-0.00511916,0.725641,-1.31832,3.07222,-0.313471,6.29874
0.930289,-0.00762361,0.366588,-0.0108476,22.1021,-0.700364,8.41981,36.7653,-0.933906,0.163359,-0.00392508,0.724055,-1.31645,3.07253,-0.313367,6.29871
0.93072,-0.00875809,0.365391,-0.0135571,22.1183,-0.700883,8.42558,36.8205,-0.935659,0.184423,0.0168171,0.736246,-1.27785,3.09295,-0.305099,6.29422
0.929407,-0.00744583,0.36886,-0.0105835,22.1354,-0.701586,8.43217,36.8759,-0.937413,0.205503,0.0535193,0.675126,-1.29597,3.08485,-0.313549,6.3001
0.93094,-0.00754038,0.364969,-0.0104218,22.151,-0.702451,8.43824,36.9313,-0.939169,0.226599,0.0555925,0.739401,-1.3011,3.09202,-0.311895,6.30064
0.930929,-0.00794005,0.364935,-0.0114411,22.1674,-0.702752,8.44447,36.9867,-0.940926,0.24771,0.107157,0.740336,-1.27482,3.09419,-0.310985,6.299
0.931045,-0.00827596,0.364616,-0.0119008,22.1837,-0.70352,8.45091,37.0421,-0.942684,0.268837,0.116484,0.74549,-1.26925,3.09152,-0.312677,6.30211
0.930602,-0.00749831,0.36582,-0.0102026,22.2003,-0.70423,8.45694,37.0976,-0.944445,0.28998,0.13623,0.72381,-1.26479,3.09759,-0.307798,6.29417
0.929973,-0.00754813,0.367404,-0.0105333,22.217,-0.705288,8.46329,37.1532,-0.946208,0.311138,0.119469,0.694455,-1.27455,3.09551,-0.308133,6.29554
0.930279,-0.00960766,0.366435,-0.0156618,22.2332,-0.705221,8.46943,37.2088,-0.947971,0.332312,0.167519,0.712308,-1.17172,3.09805,-0.307418,6.29483
0.930532,-0.0100025,0.365729,-0.0159274,22.2495,-0.706091,8.47539,37.2644,-0.949737,0.3535,0.16793,0.722127,-1.15806,3.10692,-0.297874,6.29023
0.930765,-0.0119138,0.36486,-0.0209516,22.2657,-0.707757,8.4811,37.3201,-0.951506,0.374703,0.102435,0.73626,-1.18898,3.12086,-0.279691,6.27874
0.93078,-0.0122294,0.364746,-0.0214452,22.282,-0.708486,8.48798,37.3758,-0.953277,0.395923,0.122789,0.736933,-1.17861,3.10902,-0.315535,6.29546
0.931399,-0.0131994,0.363013,-0.0235068,22.3299,-0.710539,8.39219,37.4799,-0.955542,-2.08936,0.086099,0.767276,-1.14994,3.07404,-0.325237,6.27066
0.931017,-0.0132512,0.364027,-0.0227428,22.3463,-0.711185,8.39833,37.5358,-0.95732,-2.06836,0.139799,0.755654,-1.16619,3.07557,-0.311321,6.26263
0.929845,-0.0129966,0.367031,-0.0227764,22.3631,-0.712661,8.40417,37.5917,-0.959101,-2.04735,0.124154,0.708644,-1.21982,3.08284,-0.283806,6.24789
0.929267,-0.0125365,0.368552,-0.0218665,22.3796,-0.713722,8.41039,37.6476,-0.960886,-2.02632,0.129056,0.683348,-1.24112,3.08142,-0.285843,6.24855
0.930199,-0.0118239,0.366359,-0.0195694,22.3954,-0.715163,8.41677,37.7036,-0.962674,-2.00528,0.106925,0.729802,-1.29559,3.0706,-0.296366,6.24905
0.930007,-0.0111359,0.367006,-0.0165989,22.4118,-0.716525,8.42332,37.7597,-0.964465,-1.98422,0.0806562,0.719858,-1.31925,3.0615,-0.304933,6.25471
0.929017,-0.0116571,0.369414,-0.0182921,22.4285,-0.717588,8.42952,37.8157,-0.966259,-1.96315,0.0602558,0.677355,-1.30345,3.06187,-0.304782,6.25426
0.928903,-0.0115012,0.369703,-0.0180921,22.4449,-0.718615,8.4355,37.8718,-0.968055,-1.94206,0.0573681,0.667641,-1.31034,3.07002,-0.301683,6.25466
0.929354,-0.0102149,0.368775,-0.0146753,22.461,-0.720034,8.44177,37.928,-0.969856,-1.92096,0.0435264,0.689425,-1.37767,3.0627,-0.304501,6.25468
0.929083,-0.0103282,0.369441,-0.0145324,22.4774,-0.720963,8.44802,37.9842,-0.971658,-1.89984,0.03821,0.679089,-1.3723,3.05889,-0.304274,6.25524
0.929411,-0.00993666,0.368667,-0.0135188,22.4935,-0.721614,8.45406,38.0404,-0.973462,-1.8787,0.0522001,0.689121,-1.35153,3.06343,-0.304332,6.2549
0.92956,-0.0098938,0.368296,-0.0133659,22.5097,-0.722347,8.46023,38.0967,-0.975268,-1.85755,0.0627058,0.695359,-1.34386,3.06315,-0.304238,6.25501
0.929158,-0.00933761,0.369372,-0.0120758,22.5262,-0.723729,8.46654,38.153,-0.977077,-1.83638,0.0257104,0.676983,-1.36813,3.05849,-0.303416,6.25689
0.929128,-0.00974556,0.3694,-0.0130486,22.5426,-0.72447,8.47256,38.2094,-0.978888,-1.8152,0.029825,0.673766,-1.3563,3.06352,-0.305013,6.2559
0.928647,-0.0105529,0.370519,-0.0150328,22.559,-0.7258,8.47914,38.2658,-0.980703,-1.79401,0.00421166,0.662807,-1.39504,3.04621,-0.302142,6.25988
0.929353,-0.0103475,0.368764,-0.0145711,22.5477,-0.726336,8.57246,38.2801,-0.982056,0.337623,-0.0112987,0.682891,-1.43532,3.09311,-0.300303,6.28377
0.929206,-0.0106625,0.369092,-0.0152935,22.5641,-0.726971,8.57897,38.3365,-0.983873,0.35907,0.00405011,0.68092,-1.41964,3.08229,-0.300692,6.28936
0.928249,-0.0111226,0.371445,-0.0163589,22.5809,-0.72762,8.58547,38.393,-0.985692,0.380534,0.0208805,0.643464,-1.40885,3.07163,-0.302463,6.29429
0.929102,-0.0116353,0.369253,-0.017129,22.5967,-0.728408,8.59198,38.4495,-0.987513,0.402014,0.0147165,0.694245,-1.37622,3.05289,-0.306258,6.29368
0.92947,-0.0118359,0.368299,-0.0174058,22.6128,-0.729172,8.59835,38.506,-0.989336,0.423509,0.0209623,0.712939,-1.35864,3.04867,-0.308213,6.29612
0.929288,-0.0113309,0.368819,-0.016438,22.6292,-0.730554,8.60415,38.5626,-0.991162,0.44502,-0.00952402,0.703141,-1.37616,3.05891,-0.300564,6.28419
0.929148,-0.0105716,0.3693,-0.0139815,22.6456,-0.731817,8.61032,38.6192,-0.992992,0.466546,-0.0301458,0.693021,-1.3936,3.05984,-0.300238,6.28302
0.929247,-0.00967846,0.369158,-0.0116345,22.6619,-0.732298,8.61671,38.6759,-0.994823,0.488087,-0.00839324,0.696215,-1.36933,3.05408,-0.299567,6.28661
0.929679,-0.00953184,0.368082,-0.0111266,22.678,-0.733228,8.62293,38.7326,-0.996656,0.509645,-0.00854832,0.715158,-1.38867,3.054,-0.299512,6.28661
0.928553,-0.0101165,0.370844,-0.0132674,22.6949,-0.733964,8.6286,38.7893,-0.998491,0.531216,-0.017269,0.666821,-1.35696,3.06577,-0.308928,6.27102
0.929595,-0.0120862,0.368003,-0.0177188,22.7107,-0.734284,8.63437,38.8461,-1.00033,0.552802,0.00152659,0.71336,-1.30716,3.07915,-0.31053,6.26852
0.92907,-0.0127469,0.369167,-0.0197179,22.7272,-0.735578,8.64033,38.9029,-1.00217,0.574403,-0.0176419,0.69394,-1.32687,3.08341,-0.305775,6.26229
0.928668,-0.0126029,0.370183,-0.0195791,22.7438,-0.737034,8.64652,38.9597,-1.00401,0.596019,-0.0374199,0.675463,-1.36869,3.08249,-0.307235,6.26378
0.928843,-0.011758,0.369886,-0.01742,22.76,-0.738623,8.65279,39.0166,-1.00585,0.617651,-0.0663207,0.681038,-1.41168,3.0773,-0.311612,6.26624
0.928968,-0.0121614,0.36953,-0.0178556,22.7763,-0.739449,8.65871,39.0736,-1.0077,0.639298,-0.0606701,0.686424,-1.40304,3.08327,-0.309333,6.26319
0.928846,-0.0118809,0.369879,-0.0171676,22.783,-0.740018,8.69593,39.1155,-1.00937,1.39073,-0.0540123,0.681769,-1.39801,3.08663,-0.312501,6.27594
0.92905,-0.012134,0.369333,-0.0176824,22.7992,-0.741439,8.7023,39.1725,-1.01123,1.41249,-0.079709,0.693425,-1.42742,3.07955,-0.314987,6.28003
0.929675,-0.0125869,0.367693,-0.0187944,22.8153,-0.742009,8.70805,39.2296,-1.01308,1.43426,-0.0588755,0.722945,-1.40661,3.08975,-0.309998,6.27177
0.929879,-0.012835,0.367178,-0.0184698,22.8315,-0.742964,8.71437,39.2866,-1.01494,1.45604,-0.0593461,0.73116,-1.40446,3.08798,-0.312382,6.27622
0.929487,-0.0136472,0.368009,-0.0210515,22.8478,-0.744221,8.71966,39.3438,-1.0168,1.47784,-0.0848025,0.730856,-1.40283,3.09691,-0.297092,6.2432
0.928584,-0.0138683,0.370225,-0.0219378,22.8646,-0.745901,8.7261,39.4009,-1.01867,1.49966,-0.121529,0.688855,-1.44406,3.09279,-0.305258,6.25334
0.929101,-0.0133495,0.369014,-0.0206374,22.8807,-0.747293,8.73197,39.4581,-1.02053,1.52149,-0.141172,0.707946,-1.46646,3.09954,-0.29986,6.2513
0.928621,-0.0127907,0.37034,-0.0187839,22.8974,-0.748422,8.73767,39.5154,-1.0224,1.54333,-0.146578,0.683533,-1.47719,3.10905,-0.291812,6.24296
0.928382,-0.0133037,0.370855,-0.0199454,22.9137,-0.749567,8.7443,39.5727,-1.02428,1.56519,-0.155005,0.683774,-1.49682,3.08817,-0.29817,6.25148
0.927653,-0.0128882,0.372718,-0.0194682,22.9305,-0.75075,8.75014,39.63,-1.02616,1.58707,-0.160474,0.648209,-1.5206,3.09584,-0.29489,6.24969
0.928042,-0.0107559,0.372094,-0.0141867,22.9467,-0.752428,8.75623,39.6873,-1.02804,1.60896,-0.167906,0.662285,-1.61728,3.091,-0.296547,6.25052
0.92868,-0.00959056,0.370607,-0.0111681,22.9627,-0.753422,8.76242,39.7448,-1.02992,1.63086,-0.15511,0.693041,-1.66152,3.08229,-0.29295,6.25201
0.929777,-0.00836346,0.367987,-0.00732435,22.9785,-0.754332,8.76942,39.8022,-1.03181,1.65279,-0.124622,0.748531,-1.74082,3.05367,-0.262486,6.26928
0.92972,-0.00850461,0.368088,-0.00771216,22.9948,-0.755008,8.77557,39.8597,-1.03369,1.67473,-0.128129,0.747064,-1.73821,3.05439,-0.265872,6.26665
0.93044,-0.00781572,0.366327,-0.00566927,23.0107,-0.755758,8.78193,39.9172,-1.03558,1.69668,-0.117655,0.776198,-1.77207,3.05254,-0.259449,6.27195
0.930276,-0.00807994,0.366698,-0.00753564,23.0328,-0.756157,8.77,39.9838,-1.03759,1.29501,-0.0881111,0.768696,-1.77358,3.04764,-0.256519,6.27004
0.929733,-0.00880054,0.368017,-0.00938443,23.0494,-0.756929,8.77656,40.0414,-1.03949,1.31696,-0.110179,0.738779,-1.75249,3.04586,-0.246117,6.28143
0.929444,-0.00861533,0.368753,-0.00899645,23.0659,-0.75735,8.7828,40.0991,-1.04138,1.33891,-0.0959657,0.725626,-1.74188,3.04637,-0.246328,6.28164
0.929198,-0.00934413,0.369306,-0.0110377,23.0823,-0.75745,8.78873,40.1568,-1.04327,1.36088,-0.0666339,0.717472,-1.70949,3.05379,-0.253664,6.27498
0.928958,-0.00984286,0.369841,-0.0127067,23.0987,-0.757923,8.79481,40.2145,-1.04517,1.38287,-0.0546138,0.708716,-1.69761,3.05674,-0.25496,6.27298
0.928453,-0.0102816,0.371038,-0.0143022,23.1153,-0.759037,8.80047,40.2723,-1.04707,1.40487,-0.0654118,0.682694,-1.73971,3.0714,-0.257081,6.26407
0.928725,-0.0104132,0.370335,-0.0146144,23.1315,-0.759884,8.80655,40.3302,-1.04896,1.42689,-0.0723496,0.695384,-1.73938,3.07123,-0.257198,6.26407
0.929034,-0.0109607,0.369495,-0.0158357,23.1477,-0.760481,8.81281,40.388,-1.05087,1.44892,-0.0697698,0.713647,-1.71523,3.06612,-0.258067,6.26643
0.928949,-0.0121206,0.369569,-0.0183009,23.164,-0.760842,8.81939,40.4459,-1.05277,1.47097,-0.0461953,0.717012,-1.69353,3.05549,-0.263138,6.27615
0.927575,-0.0113038,0.373109,-0.0168079,23.181,-0.761927,8.82572,40.5039,-1.05467,1.49303,-0.0261353,0.654414,-1.76941,3.0523,-0.267247,6.27953
0.928537,-0.0104926,0.370808,-0.0148659,23.1971,-0.763522,8.83132,40.5619,-1.05658,1.51511,-0.0426029,0.679167,-1.86681,3.07577,-0.260769,6.28048
0.928643,-0.0102484,0.370554,-0.0143746,23.2134,-0.76445,8.83731,40.6199,-1.05849,1.53721,-0.0491791,0.68222,-1.87645,3.07926,-0.260575,6.27873
0.928151,-0.0114432,0.371635,-0.0174885,23.23,-0.76476,8.84331,40.678,-1.0604,1.55931,-0.0261925,0.665662,-1.8472,3.08232,-0.260507,6.27693
0.928498,-0.0104777,0.370895,-0.0150621,23.2462,-0.765047,8.84938,40.7361,-1.06232,1.58144,-0.00736832,0.68051,-1.79228,3.08155,-0.260625,6.27693
0.929295,-0.0106608,0.368873,-0.0153124,23.2622,-0.766132,8.85547,40.7943,-1.06423,1.60358,-0.0230102,0.716369,-1.81182,3.08148,-0.26082,6.27694
0.930043,-0.0106864,0.366982,-0.0152946,23.3132,-0.768447,8.74985,40.9083,-1.06696,-0.909907,-0.0562138,0.752493,-1.81372,3.05334,-0.259335,6.23314
0.930172,-0.0108562,0.366651,-0.0151224,23.3296,-0.769188,8.75668,40.9666,-1.06889,-0.888016,-0.0518501,0.743315,-1.81497,3.05283,-0.261289,6.26156
0.929732,-0.00800983,0.368135,-0.00825806,23.346,-0.769357,8.76243,41.0249,-1.07081,-0.86611,0.0119704,0.729798,-1.83573,3.05367,-0.259441,6.23972
0.928971,-0.00859039,0.369926,-0.0100954,23.3626,-0.769881,8.76826,41.0834,-1.07273,-0.844189,0.00518477,0.700873,-1.79607,3.05789,-0.27042,6.22838
0.928747,-0.0091288,0.370429,-0.0113684,23.3789,-0.770215,8.77469,41.1418,-1.07466,-0.822252,0.0225327,0.695298,-1.76571,3.0478,-0.26236,6.23526
0.92899,-0.0100704,0.369729,-0.0135419,23.3949,-0.770559,8.78145,41.2003,-1.07659,-0.800299,0.0407552,0.716229,-1.74344,3.02699,-0.253449,6.24653
0.929228,-0.0112864,0.36898,-0.0165096,23.4109,-0.771697,8.78753,41.2588,-1.07852,-0.77833,0.0150995,0.729753,-1.75977,3.02879,-0.253404,6.24415
0.929708,-0.0120218,0.367666,-0.018004,23.4269,-0.772673,8.79394,41.3174,-1.08045,-0.756345,-0.00784265,0.752627,-1.74773,3.02438,-0.256964,6.24989
0.929642,-0.0120198,0.367831,-0.0179374,23.4431,-0.773652,8.80021,41.376,-1.08238,-0.734345,-0.0201604,0.749759,-1.74973,3.02404,-0.257411,6.25028
0.930407,-0.0121747,0.365948,-0.0167726,23.4589,-0.774878,8.80674,41.4346,-1.08432,-0.712328,-0.0609815,0.778677,-1.7348,3.02029,-0.263438,6.25911
0.931492,-0.0124183,0.363173,-0.0168298,23.4744,-0.775587,8.81292,41.4933,-1.08626,-0.690295,-0.0636255,0.833289,-1.71754,3.01998,-0.26024,6.25236
0.930396,-0.0132818,0.365828,-0.0193039,23.491,-0.776701,8.81918,41.5521,-1.0882,-0.668247,-0.101898,0.794319,-1.69691,3.01605,-0.257541,6.2411
0.929579,-0.0126945,0.36797,-0.0181031,23.5075,-0.777948,8.82533,41.6108,-1.09014,-0.646184,-0.125947,0.759525,-1.71888,3.0163,-0.25269,6.23378
0.929159,-0.0130911,0.368986,-0.0185305,23.5238,-0.778635,8.832,41.6696,-1.09209,-0.624104,-0.118215,0.74204,-1.71597,3.00705,-0.261758,6.24518
0.928267,-0.0129351,0.37124,-0.0184398,23.5405,-0.779566,8.83824,41.7285,-1.09404,-0.602009,-0.116024,0.703124,-1.73755,3.00676,-0.262325,6.24546
0.927666,-0.0125363,0.372785,-0.0176988,23.5611,-0.780668,8.83124,41.794,-1.09609,-0.874065,-0.115136,0.676179,-1.76363,3.00344,-0.262245,6.2418
0.927662,-0.0118439,0.372902,-0.0158202,23.5772,-0.781697,8.83762,41.853,-1.09804,-0.851971,-0.115714,0.68501,-1.80018,2.98786,-0.266151,6.23989
0.928113,-0.0110573,0.371896,-0.0135545,23.5932,-0.782644,8.84383,41.912,-1.1,-0.829862,-0.113642,0.706352,-1.83041,2.98291,-0.266277,6.2394
0.926985,-0.0114446,0.374642,-0.0149367,23.6099,-0.783333,8.84992,41.971,-1.10196,-0.807737,-0.128577,0.655638,-1.78816,2.98533,-0.267217,6.239
0.927114,-0.0117793,0.374259,-0.0158865,23.6261,-0.78392,8.85577,42.0301,-1.10392,-0.785597,-0.128361,0.653901,-1.75323,2.99786,-0.267465,6.24169
0.927159,-0.0107106,0.374291,-0.0132647,23.6423,-0.785079,8.86189,42.0892,-1.10588,-0.763443,-0.134524,0.655435,-1.80312,2.99446,-0.267763,6.24119
0.926541,-0.0110217,0.375757,-0.014558,23.6591,-0.785897,8.86722,42.1483,-1.10784,-0.741275,-0.148901,0.603985,-1.78204,3.03274,-0.276114,6.24442
0.926042,-0.0113561,0.37693,-0.0156363,23.6756,-0.78729,8.8733,42.2075,-1.10981,-0.719091,-0.154552,0.589425,-1.87271,3.02533,-0.275603,6.24333
0.926538,-0.0116684,0.375675,-0.0161459,23.6915,-0.788029,8.87949,42.2667,-1.11178,-0.696893,-0.157225,0.626965,-1.85406,3.00629,-0.276106,6.238
0.926743,-0.0108126,0.375286,-0.0139966,23.7076,-0.789225,8.88561,42.326,-1.11376,-0.674679,-0.16774,0.637942,-1.89606,2.99931,-0.27679,6.23719
0.925838,-0.0114648,0.37743,-0.0157771,23.7242,-0.789857,8.89167,42.3853,-1.11573,-0.652449,-0.166709,0.602268,-1.87086,2.99626,-0.276399,6.2372
0.927553,-0.0120631,0.373153,-0.0167006,23.7395,-0.790789,8.89761,42.4447,-1.11771,-0.630205,-0.175432,0.679796,-1.87536,2.99652,-0.276039,6.23707
0.927918,-0.0121721,0.372203,-0.0169431,23.7555,-0.791617,8.90347,42.504,-1.11969,-0.607947,-0.1781,0.696417,-1.86988,3.00237,-0.273968,6.23283
0.927074,-0.0118422,0.374333,-0.0165369,23.7721,-0.792795,8.90945,42.5635,-1.12167,-0.585673,-0.201461,0.657854,-1.8815,3.00479,-0.272758,6.22943
0.927877,-0.0109933,0.372487,-0.0137232,23.788,-0.794029,8.91541,42.6229,-1.12365,-0.563384,-0.223232,0.688334,-1.90415,3.00698,-0.272424,6.22862
0.929767,-0.00908899,0.368019,-0.00842819,23.7941,-0.794082,8.94998,42.6677,-1.12542,0.0946401,-0.17313,0.769143,-1.92898,3.02071,-0.27462,6.23089
0.930511,-0.0104039,0.365959,-0.0113883,23.8099,-0.795299,8.95622,42.7272,-1.12741,0.117031,-0.224011,0.803063,-1.92266,3.02085,-0.273583,6.23284
0.93206,-0.00965597,0.362107,-0.00867629,23.8256,-0.795805,8.96317,42.7868,-1.1294,0.139439,-0.185378,0.837539,-1.96163,3.03668,-0.263618,6.27888
0.932115,-0.0106405,0.361851,-0.0108277,23.8417,-0.796823,8.96955,42.8464,-1.13139,0.161862,-0.245551,0.847104,-1.90512,3.03176,-0.265953,6.27023
0.931255,-0.0153352,0.363562,-0.0229384,23.8583,-0.798183,8.97621,42.906,-1.13338,0.184303,-0.363902,0.802756,-1.79766,3.03816,-0.264377,6.28413
0.930498,-0.0158113,0.365158,-0.0242694,23.8749,-0.799629,8.98282,42.9657,-1.13538,0.20676,-0.40012,0.764785,-1.83526,3.04217,-0.273261,6.29467
0.929916,-0.0150694,0.366777,-0.0225916,23.8914,-0.801158,8.98913,43.0254,-1.13738,0.229233,-0.439086,0.738899,-1.87803,3.04053,-0.268055,6.28889
0.929586,-0.0134819,0.367962,-0.0177189,23.908,-0.802672,8.99575,43.0852,-1.13939,0.251722,-0.47038,0.709772,-1.9388,3.0393,-0.280069,6.29974
0.929219,-0.0138254,0.368788,-0.0189172,23.9244,-0.803746,9.0015,43.145,-1.1414,0.274226,-0.486175,0.701338,-1.96129,3.04714,-0.271679,6.28227
0.929811,-0.0140467,0.367278,-0.0191053,23.9404,-0.804783,9.00793,43.2049,-1.14341,0.296746,-0.501576,0.729147,-1.98075,3.04292,-0.275569,6.28692
0.93045,-0.013997,0.365678,-0.0186836,23.9563,-0.805883,9.01412,43.2648,-1.14543,0.319281,-0.526246,0.759938,-1.99411,3.04385,-0.273115,6.28256
0.93071,-0.0128574,0.365246,-0.0149227,23.9722,-0.807553,9.01983,43.3247,-1.14745,0.341831,-0.609291,0.781307,-2.01826,3.04279,-0.262254,6.25293
0.929765,-0.0150951,0.367323,-0.0206952,23.989,-0.808793,9.02662,43.3847,-1.14947,0.364397,-0.677266,0.732547,-2.00622,3.04338,-0.260879,6.27476
0.929242,-0.0147402,0.368627,-0.0202087,24.0054,-0.810261,9.03238,43.4447,-1.15149,0.386978,-0.72119,0.714308,-2.07806,3.05129,-0.245886,6.25952
0.928734,-0.0135605,0.370112,-0.0172864,24.022,-0.811559,9.03901,43.5047,-1.15352,0.409576,-0.746939,0.689092,-2.14846,3.04073,-0.255698,6.26864
0.928186,-0.0141238,0.371393,-0.0184999,24.0216,-0.811671,9.09853,43.5373,-1.15514,1.59518,-0.744134,0.673904,-2.12768,3.04246,-0.257872,6.28692
0.927866,-0.0141646,0.37215,-0.0192272,24.0383,-0.812957,9.10401,43.5974,-1.15717,1.61794,-0.760624,0.64558,-2.21362,3.07325,-0.249693,6.28534
0.928934,-0.0130867,0.369656,-0.0167504,24.0545,-0.814391,9.10933,43.6575,-1.15921,1.64072,-0.78369,0.668869,-2.3272,3.11041,-0.239424,6.28681
0.929363,-0.0127352,0.368611,-0.0158245,24.0707,-0.815255,9.11543,43.7177,-1.16124,1.66351,-0.78972,0.688136,-2.34795,3.11087,-0.239737,6.28685
0.92917,-0.0113145,0.369306,-0.0119848,24.0873,-0.816654,9.12217,43.7779,-1.16328,1.68631,-0.848192,0.670522,-2.38237,3.09922,-0.235562,6.30352
0.929126,-0.0120041,0.369317,-0.0137679,24.1037,-0.817605,9.12844,43.8381,-1.16533,1.70913,-0.871121,0.671752,-2.41222,3.09642,-0.232759,6.30599
0.928923,-0.0122265,0.369786,-0.0145433,24.1202,-0.818822,9.13453,43.8984,-1.16738,1.73197,-0.914245,0.663207,-2.45833,3.09843,-0.23394,6.30438
0.929309,-0.0126508,0.368766,-0.0154452,24.1364,-0.819184,9.14085,43.9588,-1.16942,1.75482,-0.892493,0.685095,-2.43239,3.09318,-0.232295,6.3075
0.929898,-0.0120956,0.367369,-0.0137151,24.1526,-0.820158,9.14745,44.0192,-1.17147,1.77769,-0.915986,0.708954,-2.44813,3.0848,-0.231093,6.3175
0.928594,-0.0130114,0.370523,-0.0166781,24.1696,-0.82103,9.15339,44.0796,-1.17353,1.80057,-0.943681,0.657821,-2.44082,3.08827,-0.235362,6.30561
0.928907,-0.0129771,0.369704,-0.0168188,24.1859,-0.821904,9.15909,44.1401,-1.17558,1.82347,-0.954184,0.667159,-2.45533,3.1039,-0.23345,6.30011
0.929022,-0.0123332,0.369512,-0.0151509,24.2023,-0.823134,9.1655,44.2006,-1.17764,1.84638,-0.98941,0.670915,-2.49541,3.0964,-0.234669,6.30558
0.928219,-0.0116152,0.371605,-0.0138124,24.2192,-0.824086,9.17161,44.2611,-1.1797,1.86931,-1.00728,0.632468,-2.50971,3.09773,-0.23492,6.30459
0.929041,-0.0116033,0.369555,-0.0135219,24.2352,-0.82489,9.17786,44.3217,-1.18176,1.89226,-1.00664,0.673646,-2.54049,3.09107,-0.232901,6.30568
0.928238,-0.0117482,0.371531,-0.0143571,24.252,-0.825653,9.18387,44.3823,-1.18383,1.91522,-1.01827,0.638267,-2.53758,3.09483,-0.234944,6.30229
0.928685,-0.0108598,0.370526,-0.0120065,24.2949,-0.827608,9.10637,44.4872,-1.18659,0.130746,-1.03599,0.659414,-2.58498,3.06184,-0.232901,6.2814
0.929494,-0.00895342,0.368696,-0.00741915,24.3109,-0.828812,9.11266,44.548,-1.18866,0.153528,-1.06119,0.690657,-2.64186,3.05694,-0.229793,6.28394
0.928557,-0.0102423,0.37091,-0.0111038,24.3276,-0.82947,9.11859,44.6088,-1.19073,0.176324,-1.09194,0.652603,-2.60016,3.06167,-0.242756,6.27484
0.929014,-0.0102484,0.369742,-0.0109356,24.3437,-0.830845,9.1249,44.6696,-1.19281,0.199136,-1.12935,0.673609,-2.67335,3.05521,-0.238776,6.27765
0.928852,-0.0101778,0.370143,-0.011163,24.3602,-0.831682,9.13044,44.7305,-1.19489,0.221962,-1.14285,0.664831,-2.68314,3.07019,-0.251377,6.26299
0.929574,-0.0102761,0.368316,-0.011553,24.3761,-0.832271,9.13674,44.7915,-1.19697,0.244804,-1.13651,0.699525,-2.68102,3.0649,-0.248145,6.26689
0.929746,-0.0110091,0.367791,-0.0136078,24.3922,-0.833118,9.14227,44.8525,-1.19905,0.26766,-1.15131,0.71604,-2.68383,3.07338,-0.257948,6.24495
0.929522,-0.0106121,0.368402,-0.0125323,24.4087,-0.833713,9.14887,44.9135,-1.20114,0.290532,-1.13468,0.699773,-2.68879,3.06893,-0.256351,6.26103
0.928429,-0.0105078,0.371155,-0.0126893,24.4255,-0.834174,9.15507,44.9745,-1.20322,0.31342,-1.11146,0.65202,-2.68596,3.06843,-0.255815,6.2621
0.927715,-0.0117464,0.372768,-0.0163697,24.4422,-0.834479,9.16081,45.0356,-1.20531,0.336322,-1.09354,0.621644,-2.64822,3.08009,-0.258203,6.25836
0.927755,-0.0123755,0.372563,-0.0178171,24.4584,-0.835536,9.16718,45.0968,-1.2074,0.35924,-1.10542,0.635347,-2.67431,3.06283,-0.262884,6.25879
0.926887,-0.0114019,0.374848,-0.0158046,24.4752,-0.836675,9.17337,45.158,-1.20949,0.382173,-1.09726,0.597165,-2.74648,3.05642,-0.265897,6.25971
0.927864,-0.0107484,0.372519,-0.0138963,24.491,-0.837765,9.17947,45.2192,-1.21158,0.405122,-1.10601,0.643402,-2.78226,3.04859,-0.266722,6.25826
0.928409,-0.0113563,0.371085,-0.0151569,24.507,-0.838322,9.18567,45.2805,-1.21368,0.428086,-1.09544,0.67374,-2.76844,3.04315,-0.266002,6.25954
0.926871,-0.0113643,0.374898,-0.015801,24.5241,-0.839247,9.19184,45.3418,-1.21578,0.451066,-1.09797,0.605573,-2.7844,3.04171,-0.266455,6.26076
0.92777,-0.0118858,0.372612,-0.0164175,24.5446,-0.840208,9.18297,45.4114,-1.21802,0.145301,-1.107,0.670646,-2.76849,3.00237,-0.269818,6.25222
0.926294,-0.0110846,0.376361,-0.0150734,24.5616,-0.841115,9.18905,45.4728,-1.22012,0.168273,-1.09847,0.602755,-2.79703,3.00399,-0.270265,6.25179
0.927311,-0.00947947,0.37403,-0.0113547,24.5778,-0.842253,9.19432,45.5343,-1.22222,0.191259,-1.09943,0.611334,-2.84771,3.04789,-0.269842,6.26091
0.927495,-0.00996855,0.37349,-0.012741,24.594,-0.843234,9.20014,45.5957,-1.22433,0.214259,-1.10816,0.616774,-2.87149,3.05546,-0.27379,6.25964
0.927805,-0.00980192,0.372739,-0.0121638,24.6102,-0.84397,9.20647,45.6573,-1.22644,0.237276,-1.10347,0.63526,-2.87391,3.04387,-0.26995,6.26342
0.92826,-0.00976546,0.371606,-0.0121858,24.6263,-0.844689,9.21218,45.7188,-1.22855,0.260306,-1.0982,0.653219,-2.87721,3.05433,-0.274891,6.25699
0.929773,-0.00974493,0.367834,-0.0119485,24.6418,-0.845351,9.21798,45.7804,-1.23067,0.283351,-1.08315,0.722587,-2.89108,3.05976,-0.27863,6.2498
0.930317,-0.0124429,0.366152,-0.018431,24.6578,-0.84659,9.22444,45.8421,-1.23278,0.306412,-1.14338,0.742049,-2.85368,3.06172,-0.27535,6.2645
0.929934,-0.00955547,0.367511,-0.0112925,24.6743,-0.846908,9.23063,45.9038,-1.2349,0.329489,-1.05042,0.724211,-2.9403,3.06084,-0.273071,6.2602
0.930314,-0.00960285,0.366472,-0.0111244,24.6905,-0.847748,9.23725,45.9655,-1.23702,0.352582,-1.05987,0.729301,-2.93829,3.06241,-0.266113,6.28073
0.929477,-0.00984005,0.368562,-0.0119765,24.7072,-0.848605,9.24333,46.0273,-1.23914,0.37569,-1.07971,0.698032,-2.91872,3.06053,-0.26941,6.26986
0.928808,-0.00956848,0.37026,-0.0116375,24.7238,-0.849284,9.24932,46.0891,-1.24126,0.398813,-1.07487,0.67081,-2.91332,3.06238,-0.271501,6.2623
0.92863,-0.00957572,0.370702,-0.0115982,24.7402,-0.85012,9.25583,46.1509,-1.24339,0.421953,-1.08044,0.662104,-2.91792,3.05369,-0.266791,6.27189
0.929487,-0.009568,0.368564,-0.0113677,24.7561,-0.850857,9.26186,46.2128,-1.24552,0.445108,-1.07888,0.700277,-2.92188,3.0561,-0.267705,6.26977
0.928959,-0.00971934,0.369858,-0.012143,24.7727,-0.851487,9.26806,46.2747,-1.24765,0.468278,-1.07126,0.677518,-2.91726,3.05614,-0.267676,6.27
0.929055,-0.0104149,0.369539,-0.0138711,24.7915,-0.852564,9.26603,46.3412,-1.24985,0.319674,-1.08674,0.682531,-2.93202,3.05313,-0.267463,6.26848
0.92879,-0.0104838,0.370203,-0.0137817,24.808,-0.853482,9.27307,46.4032,-1.25199,0.342857,-1.09302,0.665473,-2.94642,3.03752,-0.270723,6.29301
0.927974,-0.0103919,0.372242,-0.014033,24.8248,-0.854049,9.27897,46.4652,-1.25412,0.366054,-1.07348,0.62965,-2.94193,3.04534,-0.270059,6.28613
0.92751,-0.010488,0.373376,-0.0143727,24.8414,-0.854768,9.2851,46.5273,-1.25626,0.389267,-1.06802,0.610193,-2.93876,3.0447,-0.270262,6.28642
0.927665,-0.0109192,0.372927,-0.0156963,24.8577,-0.855977,9.29087,46.5895,-1.2584,0.412494,-1.07673,0.609644,-2.99938,3.05886,-0.268587,6.28545
0.928633,-0.0111673,0.370488,-0.0161757,24.8736,-0.857093,9.29674,46.6517,-1.26054,0.435736,-1.0973,0.648789,-3.018,3.06704,-0.266124,6.2838
0.928628,-0.0110872,0.370489,-0.0162664,24.89,-0.857852,9.3024,46.7139,-1.26269,0.458992,-1.09332,0.650751,-3.01406,3.07683,-0.259612,6.27177
0.929583,-0.0116306,0.368063,-0.0166505,24.9058,-0.858662,9.30864,46.7762,-1.26483,0.482264,-1.10234,0.694799,-2.99905,3.07383,-0.261792,6.27515
0.93038,-0.0132754,0.365817,-0.0204015,24.9217,-0.859719,9.31497,46.8385,-1.26698,0.505551,-1.13775,0.732667,-2.97726,3.07334,-0.264204,6.28044
0.930068,-0.0116001,0.366865,-0.0164102,24.9379,-0.860179,9.32068,46.9008,-1.26913,0.528853,-1.0859,0.739222,-3.00397,3.0663,-0.243,6.24883
0.929581,-0.0115814,0.368064,-0.0166254,24.9543,-0.861032,9.32659,46.9632,-1.27129,0.552169,-1.09543,0.726132,-3.00097,3.06596,-0.239652,6.23522
0.92968,-0.0107297,0.367954,-0.0139898,24.9705,-0.86233,9.3322,47.0256,-1.27344,0.5755,-1.13754,0.732976,-3.00946,3.07152,-0.234063,6.21663
0.929943,-0.0105735,0.367313,-0.0133044,24.9866,-0.862976,9.3388,47.0881,-1.2756,0.598847,-1.13279,0.737965,-3.01076,3.06635,-0.232426,6.23466
0.928741,-0.0108894,0.370304,-0.0144775,25.0035,-0.863633,9.34515,47.1506,-1.27776,0.62221,-1.14283,0.681344,-2.9832,3.06509,-0.230785,6.24222
0.929818,-0.0104718,0.367662,-0.0128358,25.0192,-0.864587,9.35169,47.2131,-1.27992,0.645589,-1.15292,0.732178,-3.0156,3.05128,-0.231186,6.25043
0.929828,-0.0107824,0.367574,-0.0138817,25.058,-0.865808,9.28726,47.3143,-1.28275,-0.781985,-1.13516,0.736809,-3.01421,3.03217,-0.231592,6.22824
0.929477,-0.0138505,0.368075,-0.0217342,25.0743,-0.867286,9.29328,47.377,-1.28492,-0.758752,-1.20442,0.731038,-3.02796,3.03404,-0.232039,6.22187
0.928225,-0.0133011,0.371219,-0.0207947,25.0911,-0.869115,9.2997,47.4398,-1.28709,-0.735503,-1.23798,0.670942,-3.15588,3.03174,-0.24179,6.22983
0.928949,-0.0134038,0.369386,-0.0208118,25.1069,-0.870148,9.30568,47.5025,-1.28927,-0.712239,-1.25874,0.702774,-3.15572,3.03572,-0.238322,6.22891
0.928059,-0.0117298,0.371924,-0.0163472,25.1237,-0.871358,9.31202,47.5653,-1.29144,-0.688959,-1.26453,0.656653,-3.20988,3.03117,-0.244602,6.23373
0.928667,-0.0122788,0.370304,-0.0175019,25.1395,-0.872572,9.3181,47.6282,-1.29363,-0.665664,-1.27179,0.687747,-3.28718,3.03069,-0.244569,6.23391
0.9285,-0.0121689,0.370711,-0.0177032,25.1559,-0.873754,9.32346,47.6911,-1.29581,-0.642355,-1.29339,0.675607,-3.32323,3.05266,-0.23631,6.22076
0.928301,-0.0115648,0.371289,-0.0164414,25.1723,-0.874805,9.32933,47.754,-1.298,-0.619032,-1.30685,0.663398,-3.34952,3.05847,-0.23445,6.2185
0.928416,-0.0117229,0.370987,-0.0166068,25.1885,-0.875503,9.3352,47.817,-1.30019,-0.595694,-1.30449,0.668065,-3.3465,3.06333,-0.234303,6.21681
0.928596,-0.0126116,0.370408,-0.0188244,25.2046,-0.876595,9.3412,47.88,-1.30238,-0.572341,-1.32202,0.679476,-3.37932,3.06415,-0.234418,6.21717
0.928946,-0.012754,0.369497,-0.0192317,25.2206,-0.87748,9.34694,47.943,-1.30457,-0.548973,-1.33138,0.695584,-3.38178,3.07197,-0.230152,6.2117
0.928472,-0.0122905,0.370745,-0.0184026,25.2371,-0.878572,9.35284,48.0061,-1.30677,-0.525591,-1.35061,0.673515,-3.39956,3.07509,-0.227714,6.20877
0.929265,-0.0115055,0.368932,-0.0153514,25.2529,-0.879712,9.35935,48.0693,-1.30897,-0.502193,-1.3709,0.708715,-3.42557,3.06033,-0.233343,6.2184
0.928586,-0.0130657,0.370409,-0.0193878,25.2695,-0.880774,9.36578,48.1324,-1.31117,-0.478778,-1.4067,0.680689,-3.41743,3.05521,-0.231377,6.22914
0.927996,-0.0126106,0.37191,-0.0187056,25.286,-0.881531,9.37154,48.1957,-1.31337,-0.455349,-1.39921,0.653742,-3.42731,3.06348,-0.225963,6.22333
0.928323,-0.0122177,0.371153,-0.0177524,25.2697,-0.881383,9.47823,48.2031,-1.31457,1.60544,-1.40884,0.666456,-3.44709,3.09541,-0.225379,6.24957
0.928678,-0.0108686,0.370489,-0.0138689,25.286,-0.882621,9.48441,48.2663,-1.31678,1.62915,-1.43267,0.678295,-3.48044,3.09048,-0.226287,6.25264
0.928412,-0.0118381,0.370999,-0.0166947,25.3024,-0.883552,9.49005,48.3295,-1.31899,1.65287,-1.45222,0.668851,-3.48521,3.10093,-0.232908,6.2441
0.928298,-0.0117425,0.371272,-0.0167861,25.3189,-0.884281,9.49576,48.3928,-1.3212,1.67661,-1.4514,0.663021,-3.48376,3.10902,-0.232844,6.23915
0.928784,-0.0120628,0.370022,-0.0173464,25.3349,-0.884807,9.50206,48.4562,-1.32341,1.70037,-1.44002,0.690806,-3.47099,3.09814,-0.233144,6.24441
0.929138,-0.0118527,0.369186,-0.0163071,25.3511,-0.885726,9.50805,48.5195,-1.32562,1.72414,-1.45206,0.706015,-3.47331,3.09896,-0.233139,6.2436
0.929752,-0.00973451,0.367938,-0.0111536,25.3671,-0.885967,9.5134,48.583,-1.32784,1.74792,-1.40958,0.735876,-3.47596,3.10876,-0.233894,6.22127
0.929913,-0.00893947,0.367562,-0.00917493,25.3833,-0.886369,9.51942,48.6464,-1.33005,1.77172,-1.38047,0.744092,-3.49273,3.10851,-0.234648,6.21985
0.930026,-0.00877677,0.367285,-0.0087743,25.3995,-0.886917,9.52552,48.7099,-1.33227,1.79553,-1.37138,0.748241,-3.49989,3.10812,-0.23246,6.2221
0.929421,-0.00947791,0.368732,-0.0115364,25.4161,-0.887102,9.53168,48.7735,-1.33449,1.81936,-1.34603,0.72341,-3.48586,3.10711,-0.228209,6.22576
0.928799,-0.0103571,0.370192,-0.013899,25.4328,-0.88799,9.5381,48.837,-1.33671,1.84321,-1.36743,0.693733,-3.4835,3.10091,-0.219106,6.23818
0.928432,-0.0102103,0.371115,-0.0135547,25.4493,-0.888674,9.54457,48.9007,-1.33893,1.86707,-1.36636,0.680412,-3.4887,3.08793,-0.215576,6.24729
0.928727,-0.00982872,0.370426,-0.0124989,25.4654,-0.889553,9.55081,48.9643,-1.34115,1.89095,-1.37684,0.695126,-3.5071,3.08015,-0.213599,6.25025
0.928852,-0.00820879,0.370287,-0.00852546,25.4817,-0.890725,9.55716,49.028,-1.34338,1.91484,-1.40322,0.696068,-3.54114,3.07164,-0.209624,6.25568
0.930267,-0.00757982,0.366774,-0.00650401,25.4973,-0.891379,9.56332,49.0918,-1.34561,1.93875,-1.38375,0.759402,-3.60033,3.0692,-0.205942,6.25739
0.929163,-0.0082504,0.369496,-0.00857639,25.5482,-0.893038,9.4638,49.2148,-1.349,-0.136274,-1.39751,0.712902,-3.55713,3.03974,-0.209954,6.22518
0.929248,-0.00872103,0.369228,-0.00969096,25.5644,-0.89308,9.46995,49.2787,-1.35123,-0.112599,-1.36569,0.720939,-3.53319,3.03916,-0.208609,6.22661
0.928691,-0.00939957,0.370542,-0.0122464,25.5808,-0.893333,9.47576,49.3427,-1.35346,-0.0889092,-1.34596,0.700699,-3.52137,3.04563,-0.214472,6.21885
0.927451,-0.00902735,0.373674,-0.0115451,25.5976,-0.894025,9.48233,49.4067,-1.3557,-0.0652034,-1.33638,0.648838,-3.55044,3.03,-0.211386,6.22766
0.927756,-0.00829875,0.372981,-0.00948164,25.6136,-0.895236,9.4887,49.4707,-1.35794,-0.0414816,-1.34272,0.671219,-3.6479,3.00903,-0.207625,6.22523
0.927973,-0.00758627,0.372501,-0.00747175,25.6296,-0.896017,9.49508,49.5348,-1.36018,-0.0177439,-1.34561,0.687367,-3.68041,2.99306,-0.200709,6.22582
0.928122,-0.00856437,0.372042,-0.0104207,25.6455,-0.896152,9.50156,49.5989,-1.36242,0.00600995,-1.33014,0.70646,-3.65202,2.97772,-0.188998,6.22958
0.926991,-0.00894593,0.374807,-0.0117997,25.6623,-0.896905,9.50757,49.663,-1.36466,0.0297789,-1.33507,0.654402,-3.67841,2.98159,-0.191313,6.22764
0.926749,-0.00894959,0.375396,-0.0115798,25.6783,-0.897524,9.5141,49.7272,-1.3669,0.0535641,-1.33735,0.662704,-3.68348,2.95378,-0.189648,6.22413
0.926053,-0.00849818,0.377162,-0.0103894,25.6946,-0.898184,9.52062,49.7915,-1.36915,0.0773657,-1.33569,0.649342,-3.70407,2.92647,-0.188288,6.21986
0.925959,-0.00586927,0.377612,-0.00461475,25.7106,-0.899177,9.52696,49.8558,-1.3714,0.101183,-1.3301,0.654553,-3.78668,2.90412,-0.185176,6.21288
0.926885,-0.00564264,0.375289,-0.00401029,25.7264,-0.899874,9.53268,49.9201,-1.37365,0.125015,-1.31201,0.679465,-3.8658,2.92424,-0.198497,6.21733
0.927047,-0.00581024,0.374874,-0.00449551,25.7424,-0.900099,9.53851,49.9844,-1.3759,0.148861,-1.30417,0.68062,-3.83806,2.93667,-0.209684,6.21724
0.927398,-0.00642615,0.373977,-0.00605387,25.7584,-0.900247,9.54429,50.0488,-1.37815,0.172722,-1.2865,0.692255,-3.81225,2.94961,-0.220729,6.2157
0.926844,-0.00606491,0.375356,-0.00588466,25.7748,-0.90088,9.55072,50.1133,-1.3804,0.196599,-1.2922,0.669854,-3.81363,2.93833,-0.211982,6.22088
0.927768,-0.0042591,0.373176,-0.00108933,25.7646,-0.899828,9.63671,50.1324,-1.38184,1.7878,-1.26545,0.713718,-3.7506,2.95872,-0.209658,6.24372
0.927461,-0.00347915,0.373908,0.000844236,25.7809,-0.899654,9.64295,50.1969,-1.38409,1.81191,-1.22669,0.70299,-3.71685,2.95794,-0.205066,6.24706
0.928272,-0.00343765,0.371892,0.00102812,25.7967,-0.899412,9.64879,50.2614,-1.38634,1.83603,-1.16781,0.740473,-3.72221,2.96761,-0.221249,6.24257
0.927429,-0.00493315,0.373978,-0.004793,25.8132,-0.899065,9.65458,50.3259,-1.38858,1.86017,-1.11464,0.712018,-3.70112,2.97382,-0.241517,6.23086
0.927533,-0.00297105,0.373766,-1.57622e-05,25.8293,-0.899068,9.66045,50.3905,-1.39083,1.88432,-1.08073,0.718717,-3.66216,2.98027,-0.245821,6.22765
0.927196,-0.00235628,0.374571,0.00138324,25.8456,-0.898909,9.66645,50.4551,-1.39308,1.90848,-1.0415,0.709332,-3.6147,2.98196,-0.24805,6.22678
0.928907,-0.00190218,0.370329,0.0028261,25.861,-0.899023,9.67233,50.5197,-1.39533,1.93266,-0.994225,0.78654,-3.63787,2.98665,-0.255728,6.22421
0.928915,-0.00177291,0.370288,0.00136483,25.8771,-0.8992,9.67856,50.5844,-1.39757,1.95686,-0.95895,0.786591,-3.65334,2.98653,-0.251615,6.22733
0.928467,0.00230828,0.371393,0.0115164,25.8934,-0.898909,9.68461,50.6492,-1.39982,1.98107,-0.872157,0.776955,-3.67804,2.98656,-0.256858,6.22164
0.9277,0.00379568,0.373019,0.0152805,25.9099,-0.898016,9.69103,50.7139,-1.40207,2.0053,-0.799019,0.755192,-3.59498,2.98352,-0.224717,6.23288
0.927954,0.00280409,0.372476,0.0127408,25.9259,-0.896985,9.69689,50.7788,-1.40431,2.02954,-0.708013,0.777148,-3.54872,2.98922,-0.249801,6.22711
0.927622,0.000388288,0.373577,0.0041588,25.9423,-0.896571,9.70245,50.8436,-1.40655,2.0538,-0.667768,0.765841,-3.496,2.99933,-0.296596,6.21215
0.928103,0.00209391,0.372257,0.00825724,25.9582,-0.896408,9.708,50.9085,-1.40879,2.07807,-0.631468,0.799024,-3.41356,3.0109,-0.314228,6.203
0.92676,0.00335349,0.3755,0.0112325,25.975,-0.89576,9.71425,50.9734,-1.41103,2.10235,-0.541351,0.758896,-3.34338,3.00475,-0.297826,6.20795
0.92759,0.000143296,0.37369,0.0031833,25.9909,-0.894968,9.7199,51.0384,-1.41327,2.12665,-0.491522,0.805847,-3.18797,3.01427,-0.316041,6.20495
0.926985,-0.00368669,0.375161,-0.00799722,26.0447,-0.895359,9.60998,51.1697,-1.41673,-0.0776157,-0.382259,0.799862,-3.11155,2.99102,-0.323348,6.16389
0.9277,-0.00420786,0.373201,-0.00907836,26.0604,-0.895466,9.61586,51.2349,-1.41896,-0.0535761,-0.404756,0.852337,-2.90614,2.98926,-0.323673,6.16292
0.927124,-0.00268128,0.374732,-0.00536178,26.0767,-0.895998,9.62209,51.3001,-1.4212,-0.0295209,-0.33805,0.830392,-2.95058,2.98197,-0.334356,6.16866
0.927652,-0.00488942,0.373314,-0.0103554,26.0924,-0.896244,9.62861,51.3653,-1.42344,-0.00544936,-0.322018,0.872582,-2.84816,2.96113,-0.344545,6.17616
0.927916,-0.00697111,0.37249,-0.014153,26.1083,-0.896841,9.63522,51.4306,-1.42569,0.0186387,-0.305071,0.890743,-2.80126,2.94805,-0.370986,6.19044
0.928187,-0.00682341,0.37181,-0.0134637,26.1242,-0.897699,9.64165,51.4959,-1.42793,0.0427428,-0.290339,0.902161,-2.77168,2.94305,-0.392382,6.20042
0.927924,-0.00496081,0.372669,-0.00873237,26.1404,-0.897918,9.64806,51.5612,-1.43018,0.0668629,-0.175003,0.891114,-2.77643,2.94089,-0.406183,6.21005
0.927501,-0.0055626,0.373648,-0.0101273,26.1567,-0.898293,9.65453,51.6266,-1.43242,0.0909993,-0.104019,0.875661,-2.74162,2.93554,-0.414905,6.22034
0.926941,-0.00751153,0.374889,-0.0144895,26.173,-0.898676,9.66068,51.6921,-1.43467,0.115151,-0.040613,0.856698,-2.69132,2.93645,-0.414872,6.22165
0.927077,-0.00715785,0.37455,-0.013766,26.1891,-0.899919,9.66638,51.7575,-1.43692,0.139317,-0.0405235,0.855187,-2.69529,2.95048,-0.392029,6.21694
0.927928,-0.00765449,0.372393,-0.0148195,26.2048,-0.901204,9.67217,51.8231,-1.43917,0.163497,-0.0657081,0.889082,-2.68201,2.95955,-0.378017,6.21244
0.927219,-0.00734753,0.374183,-0.0142215,26.2213,-0.901904,9.67841,51.8886,-1.44143,0.187693,-0.00658351,0.856412,-2.68558,2.95815,-0.382695,6.21578
0.927094,-0.0076459,0.374492,-0.0140002,26.2374,-0.902943,9.68437,51.9542,-1.44368,0.211904,0.00297035,0.848959,-2.67867,2.96161,-0.377601,6.21371
0.92819,-0.00679281,0.371884,-0.0116058,26.253,-0.903443,9.69019,52.0198,-1.44594,0.23613,0.0353062,0.893587,-2.59084,2.96854,-0.367906,6.21019
0.927273,-0.00595031,0.374224,-0.00978843,26.2696,-0.903942,9.69629,52.0855,-1.4482,0.26037,0.095654,0.85083,-2.56242,2.96868,-0.36675,6.20918
0.927501,-0.00686841,0.373576,-0.0119116,26.2695,-0.903857,9.75171,52.1226,-1.44991,1.21964,0.13676,0.86275,-2.51512,2.97884,-0.367748,6.224
0.927923,-0.00879217,0.372374,-0.0155754,26.2854,-0.904357,9.75821,52.1883,-1.45217,1.24403,0.177946,0.884756,-2.47359,2.96892,-0.376893,6.23362
0.928926,-0.00731896,0.370047,-0.0116142,26.301,-0.904831,9.76405,52.2541,-1.45443,1.26844,0.223945,0.927907,-2.40892,2.97347,-0.362333,6.22424
0.929044,-0.0067844,0.36977,-0.010167,26.317,-0.90563,9.77016,52.3199,-1.4567,1.29287,0.254548,0.933995,-2.41405,2.97317,-0.360157,6.21943
0.929294,-0.00653043,0.369165,-0.00935535,26.3329,-0.906067,9.77629,52.3857,-1.45896,1.31731,0.325194,0.945681,-2.42471,2.97286,-0.358827,6.21557
0.928818,-0.0069651,0.370331,-0.0103642,26.3492,-0.906761,9.78246,52.4516,-1.46123,1.34177,0.354539,0.925162,-2.41836,2.97255,-0.358347,6.21276
0.927168,-0.00612453,0.374524,-0.00884562,26.3661,-0.907555,9.78841,52.5175,-1.4635,1.36624,0.37241,0.852094,-2.39739,2.97386,-0.355896,6.20368
0.928179,-0.00646135,0.371964,-0.00960983,26.3818,-0.908078,9.79397,52.5834,-1.46577,1.39072,0.39924,0.8887,-2.34249,2.99075,-0.355781,6.19954
0.927655,-0.00704742,0.373207,-0.0113462,26.3981,-0.908601,9.79975,52.6494,-1.46804,1.41522,0.435216,0.867252,-2.30392,2.99534,-0.354219,6.191
0.926672,-0.00803925,0.375566,-0.0134014,26.4147,-0.90928,9.80625,52.7155,-1.47031,1.43974,0.459237,0.827316,-2.27688,2.98122,-0.360034,6.19985
0.926998,-0.00845659,0.374705,-0.0141438,26.4305,-0.910215,9.81255,52.7815,-1.47259,1.46427,0.455182,0.850677,-2.24265,2.96561,-0.368741,6.20037
0.925798,-0.00766203,0.377742,-0.0127386,26.4473,-0.91095,9.81841,52.8477,-1.47487,1.48881,0.492343,0.792106,-2.2276,2.9715,-0.364369,6.19892
0.924951,-0.00978253,0.379578,-0.0181821,26.4637,-0.911443,9.82445,52.9138,-1.47714,1.51338,0.502207,0.764947,-2.11705,2.96325,-0.366569,6.19732
0.925256,-0.00994363,0.378794,-0.0178404,26.4801,-0.912439,9.82971,52.98,-1.47943,1.53795,0.512735,0.747406,-2.1033,3.00369,-0.33983,6.21018
0.927223,-0.0111392,0.373829,-0.0205147,26.4955,-0.913554,9.83502,53.0463,-1.48171,1.56254,0.478207,0.81509,-2.05067,3.03467,-0.318249,6.21652
0.927582,-0.0117352,0.372797,-0.0218992,26.5357,-0.915551,9.76653,53.1563,-1.48491,0.191026,0.463402,0.833925,-2.02928,3.01381,-0.320036,6.19782
0.927621,-0.0119097,0.372668,-0.0222752,26.5518,-0.916362,9.77268,53.2227,-1.48721,0.215458,0.491312,0.835655,-2.0238,3.01182,-0.328252,6.20232
0.927905,-0.0119024,0.372078,-0.0202714,26.5678,-0.917819,9.77867,53.2891,-1.4895,0.239904,0.452761,0.846218,-2.01947,3.01252,-0.326387,6.20124
0.927756,-0.0121052,0.372412,-0.0207771,26.584,-0.918924,9.7849,53.3556,-1.4918,0.264367,0.449791,0.837427,-2.02363,3.01113,-0.334978,6.20843
0.927384,-0.0110391,0.373496,-0.0185672,26.6003,-0.919692,9.79034,53.4221,-1.4941,0.288843,0.485187,0.825375,-2.01907,3.01771,-0.308532,6.18843
0.92558,-0.0106208,0.377997,-0.0182013,26.6174,-0.921077,9.79663,53.4886,-1.4964,0.313334,0.447451,0.743451,-2.02408,3.01149,-0.316608,6.19734
0.927368,-0.00969089,0.373771,-0.0148491,26.633,-0.922267,9.80203,53.5552,-1.4987,0.337839,0.450318,0.803239,-2.06984,3.03491,-0.307715,6.20075
0.928004,-0.00761162,0.372419,-0.00953155,26.6489,-0.922627,9.80806,53.6218,-1.50101,0.362359,0.509907,0.824677,-2.06247,3.03206,-0.308011,6.20255
0.928795,-0.00702884,0.370454,-0.00790919,26.6647,-0.923645,9.814,53.6885,-1.50332,0.386894,0.516608,0.859547,-2.11819,3.03279,-0.309517,6.20104
0.929687,-0.00561058,0.368315,-0.00415756,26.6803,-0.924039,9.8198,53.7552,-1.50563,0.411444,0.601573,0.903353,-2.19748,3.03177,-0.317113,6.18879
0.928742,-0.00715473,0.370594,-0.00858967,26.697,-0.924499,9.82608,53.8219,-1.50794,0.436009,0.598429,0.85334,-2.12649,3.03457,-0.307411,6.20002
0.928521,-0.00670132,0.371146,-0.00746927,26.7134,-0.925174,9.83237,53.8887,-1.51025,0.46059,0.608991,0.836454,-2.11334,3.03359,-0.30154,6.21052
0.928668,-0.00559105,0.370851,-0.00479968,26.7294,-0.925,9.83807,53.9555,-1.51257,0.485185,0.70676,0.846465,-2.07676,3.03635,-0.309991,6.19772
0.92921,-0.00520421,0.369503,-0.00364433,26.7454,-0.925734,9.84425,54.0224,-1.51488,0.509796,0.719541,0.865989,-2.09523,3.03496,-0.303561,6.20401
0.929471,-0.00532415,0.368828,-0.00475886,26.7614,-0.926153,9.85045,54.0893,-1.5172,0.534422,0.755772,0.874216,-2.09996,3.03486,-0.298081,6.20971
0.929502,-0.00395561,0.368814,-0.00119189,26.7858,-0.926874,9.83217,54.1709,-1.51985,0.102234,0.793161,0.863463,-2.0919,3.02937,-0.286257,6.21961
0.928115,-0.00453309,0.372278,-0.00292795,26.8028,-0.927122,9.83858,54.2379,-1.52217,0.126831,0.802412,0.793033,-2.00885,3.03021,-0.272565,6.2329
0.928227,-0.00637582,0.371914,-0.00771503,26.8189,-0.926961,9.84424,54.305,-1.52449,0.151441,0.856838,0.800716,-1.91846,3.04063,-0.286589,6.22544
0.928909,-0.00808457,0.370069,-0.0115811,26.8348,-0.927321,9.85084,54.372,-1.52681,0.176068,0.875123,0.835541,-1.86332,3.02728,-0.2814,6.23926
0.929542,-0.00994387,0.368278,-0.0157905,26.8507,-0.928474,9.8575,54.4392,-1.52913,0.200712,0.826567,0.857107,-1.85097,3.02252,-0.289042,6.25796
0.928988,-0.00840618,0.369837,-0.0122313,26.8671,-0.928961,9.86329,54.5063,-1.53145,0.22537,0.887727,0.845056,-1.87317,3.02135,-0.271415,6.23651
0.928529,-0.00836081,0.370963,-0.0123036,26.8835,-0.929487,9.86933,54.5735,-1.53378,0.250044,0.918584,0.827692,-1.86964,3.02269,-0.269729,6.23287
0.928735,-0.0077666,0.370526,-0.0102748,26.8996,-0.930557,9.8759,54.6408,-1.5361,0.274733,0.896896,0.831612,-1.88968,3.01341,-0.27588,6.24497
0.929429,-0.00772843,0.368798,-0.00973178,26.9155,-0.93126,9.88248,54.7081,-1.53843,0.29944,0.902021,0.859469,-1.88489,3.00638,-0.276604,6.25736
0.929014,-0.00764818,0.369838,-0.00981731,26.9318,-0.931991,9.88813,54.7754,-1.54076,0.32416,0.905313,0.852821,-1.88336,3.00897,-0.27651,6.23271
0.928,-0.00755799,0.372387,-0.00975802,26.9485,-0.932815,9.89467,54.8428,-1.54309,0.348897,0.898528,0.801915,-1.88363,3.00396,-0.276579,6.24477
0.927344,-0.00850746,0.373934,-0.0120114,26.965,-0.933335,9.90144,54.9102,-1.54543,0.37365,0.910528,0.78315,-1.85274,2.9817,-0.276163,6.25395
0.926965,-0.00815893,0.374887,-0.0114252,26.9814,-0.934061,9.90736,54.9776,-1.54776,0.398419,0.918183,0.761018,-1.84927,2.99019,-0.274196,6.25362
0.927359,-0.00890749,0.373822,-0.0137774,26.9978,-0.934314,9.9125,55.0451,-1.5501,0.4232,0.937249,0.753434,-1.75091,3.03656,-0.267678,6.25662
0.928358,-0.0103192,0.371176,-0.017198,27.0136,-0.934779,9.91814,55.1127,-1.55243,0.447995,0.943526,0.796068,-1.6813,3.05156,-0.260791,6.25373
0.928283,-0.00995745,0.371417,-0.01561,27.0417,-0.936259,9.88817,55.202,-1.55529,-0.185022,0.933467,0.79079,-1.69345,3.04082,-0.262867,6.24624
0.929072,-0.012505,0.369117,-0.0216777,27.0575,-0.937755,9.89426,55.2696,-1.55763,-0.160287,0.862561,0.830679,-1.71161,3.04104,-0.263415,6.2463
0.928215,-0.011782,0.371306,-0.0204466,27.074,-0.939058,9.89985,55.3373,-1.55998,-0.135537,0.838987,0.804501,-1.75366,3.04247,-0.228652,6.22197
0.92794,-0.0111134,0.372074,-0.0191619,27.0903,-0.939942,9.90545,55.405,-1.56233,-0.110774,0.839822,0.792531,-1.76835,3.05165,-0.20835,6.21149
0.927899,-0.0110583,0.372209,-0.0184986,27.1066,-0.940684,9.91113,55.4728,-1.56468,-0.0859957,0.841318,0.790061,-1.76793,3.05958,-0.198266,6.20599
0.92713,-0.0120263,0.373967,-0.0211447,27.1232,-0.941859,9.91742,55.5406,-1.56704,-0.0612022,0.812253,0.761109,-1.81376,3.05119,-0.207655,6.21314
0.927337,-0.0123291,0.373401,-0.0215707,27.1392,-0.943159,9.92396,55.6084,-1.56939,-0.0363923,0.77972,0.784319,-1.87063,3.02717,-0.233402,6.21727
0.926651,-0.0118478,0.375184,-0.0204825,27.1557,-0.944176,9.93045,55.6763,-1.57175,-0.0115661,0.777448,0.760336,-1.90111,3.00997,-0.254042,6.223
0.926391,-0.0094327,0.376257,-0.0136882,27.1719,-0.945675,9.93695,55.7442,-1.57412,0.0132762,0.757396,0.754548,-1.98572,2.98556,-0.270469,6.22262
0.927242,-0.00870648,0.374192,-0.011705,27.1877,-0.946379,9.94287,55.8122,-1.57648,0.0381334,0.777944,0.789572,-2.0062,2.98786,-0.270153,6.22298
0.927316,-0.00832617,0.374044,-0.0104006,27.2038,-0.947371,9.94958,55.8802,-1.57885,0.0630074,0.770398,0.802388,-2.04332,2.96332,-0.258663,6.23072
0.927405,-0.00825654,0.373832,-0.010126,27.2198,-0.948054,9.95579,55.9483,-1.58122,0.0878969,0.774903,0.807236,-2.04612,2.95951,-0.25607,6.23235
0.927055,-0.0089625,0.374628,-0.0121878,27.2362,-0.948641,9.96151,56.0164,-1.58359,0.112801,0.774727,0.789008,-2.0212,2.97201,-0.264627,6.22627
0.928634,-0.0083241,0.370791,-0.0102508,27.2516,-0.94919,9.96723,56.0845,-1.58597,0.137719,0.795892,0.8521,-2.01904,2.98435,-0.266719,6.2229
0.928934,-0.00750669,0.370094,-0.00790946,27.2676,-0.94957,9.97375,56.1527,-1.58834,0.162653,0.835763,0.857304,-2.02474,2.98224,-0.260007,6.23759
0.929265,-0.00718022,0.369284,-0.00677374,27.2578,-0.948842,10.0595,56.1728,-1.58954,1.60859,0.875738,0.863139,-2.03513,3.00285,-0.249765,6.27413
0.929346,-0.00722843,0.369065,-0.00743631,27.2742,-0.949303,10.0664,56.241,-1.59192,1.63376,0.887211,0.850222,-2.02812,3.00411,-0.231348,6.3025
0.929409,-0.00866187,0.368807,-0.0109273,27.2904,-0.950224,10.0727,56.3092,-1.59429,1.65894,0.851237,0.853319,-2.02412,3.00336,-0.230263,6.30406
0.929438,-0.00897563,0.368688,-0.011585,27.3067,-0.951002,10.0792,56.3775,-1.59667,1.68414,0.836718,0.852239,-2.02303,3.00323,-0.229849,6.30903
0.929578,-0.00915342,0.368315,-0.0120054,27.3227,-0.951838,10.0852,56.4458,-1.59905,1.70935,0.81574,0.868154,-2.01751,3.00257,-0.229837,6.29244
0.930009,-0.00890999,0.36727,-0.0108922,27.3387,-0.952896,10.0915,56.5141,-1.60143,1.73458,0.774696,0.886807,-2.01144,3.00186,-0.229866,6.28971
0.928671,-0.00878848,0.370652,-0.0111241,27.3554,-0.95354,10.0972,56.5825,-1.60382,1.75982,0.776301,0.847278,-2.01366,2.99744,-0.231918,6.25754
0.928519,-0.00877035,0.371017,-0.011064,27.3717,-0.954138,10.1035,56.6509,-1.6062,1.78508,0.780347,0.840933,-2.00896,2.99637,-0.231746,6.25893
0.928429,-0.00933816,0.371183,-0.0125645,27.3879,-0.954466,10.1095,56.7194,-1.60859,1.81035,0.800371,0.839749,-1.97949,3.0014,-0.23219,6.25438
0.92912,-0.00863864,0.369532,-0.0107253,27.4038,-0.95544,10.1151,56.7879,-1.61098,1.83564,0.779477,0.866605,-1.99483,3.01465,-0.229138,6.24254
0.929394,-0.00716814,0.36898,-0.00687565,27.4199,-0.955636,10.1213,56.8565,-1.61337,1.86094,0.818916,0.878113,-1.97852,3.01369,-0.228776,6.24393
0.928796,-0.00713208,0.37046,-0.007059,27.4363,-0.955909,10.1272,56.925,-1.61576,1.88626,0.840551,0.858543,-1.95411,3.01684,-0.237682,6.23022
0.927329,-0.00835452,0.374043,-0.0106567,27.4532,-0.956095,10.1331,56.9937,-1.61815,1.91159,0.8531,0.797153,-1.88925,3.02034,-0.241167,6.22532
0.927451,-0.00762835,0.373768,-0.00887884,27.4692,-0.956946,10.1395,57.0624,-1.62054,1.93694,0.847238,0.812707,-1.91098,3.00023,-0.240414,6.22524
0.926208,-0.00756536,0.376841,-0.00909177,27.486,-0.95751,10.1457,57.1311,-1.62293,1.96231,0.846788,0.761218,-1.89061,2.99332,-0.238341,6.22587
0.926587,-0.00832781,0.375836,-0.0109048,27.5092,-0.95813,10.1298,57.2133,-1.62566,1.59938,0.847479,0.783018,-1.82251,2.98514,-0.237852,6.21962
0.926615,-0.00788044,0.375796,-0.0100468,27.5255,-0.958908,10.1355,57.2821,-1.62806,1.62472,0.846714,0.773955,-1.84047,2.99849,-0.237728,6.22125
0.927234,-0.00869429,0.374205,-0.0117681,27.5412,-0.959413,10.1418,57.3509,-1.63046,1.65007,0.849152,0.816801,-1.81619,2.97832,-0.235974,6.21964
0.927474,-0.00849957,0.373618,-0.0113812,27.5572,-0.960019,10.1476,57.4198,-1.63286,1.67544,0.85274,0.823243,-1.80671,2.9888,-0.234199,6.21683
0.927533,-0.00796128,0.37352,-0.010192,27.5734,-0.959865,10.1533,57.4888,-1.63526,1.70082,0.910579,0.827649,-1.75088,2.99802,-0.233026,6.212
0.927657,-0.00776855,0.373221,-0.00991411,27.5895,-0.960689,10.1589,57.5577,-1.63766,1.72622,0.899229,0.828511,-1.75989,3.00937,-0.234646,6.20571
0.92811,-0.00830947,0.372047,-0.0112657,27.6054,-0.961099,10.1653,57.6268,-1.64006,1.75163,0.916925,0.853355,-1.75174,3.00003,-0.232896,6.21193
0.928069,-0.00855622,0.372114,-0.0120833,27.6215,-0.961853,10.1709,57.6958,-1.64247,1.77706,0.910102,0.854187,-1.75267,3.00759,-0.231951,6.19987
0.927835,-0.00858945,0.372696,-0.0121452,27.6378,-0.962589,10.1772,57.7649,-1.64487,1.8025,0.90759,0.842158,-1.75676,3.00264,-0.233525,6.20743
0.928223,-0.00827841,0.371769,-0.011056,27.6538,-0.963898,10.1837,57.834,-1.64728,1.82796,0.861323,0.854583,-1.77962,2.99256,-0.236634,6.21838
0.928299,-0.00806051,0.371605,-0.0103488,27.6699,-0.964715,10.1901,57.9032,-1.6497,1.85344,0.850785,0.854057,-1.7825,2.98715,-0.23684,6.22826
0.927724,-0.00776599,0.373065,-0.00966996,27.6864,-0.965285,10.1965,57.9724,-1.65211,1.87893,0.85691,0.825742,-1.77603,2.98302,-0.236179,6.23656
0.927561,-0.00775806,0.37346,-0.00990615,27.7027,-0.96589,10.2022,58.0417,-1.65452,1.90444,0.859256,0.81649,-1.77018,2.99386,-0.238958,6.22901
0.927017,-0.00802761,0.374793,-0.0103505,27.719,-0.966369,10.2091,58.111,-1.65694,1.92996,0.868088,0.800107,-1.75426,2.96937,-0.234342,6.24287
0.92744,-0.00833888,0.373708,-0.0114269,27.7351,-0.966942,10.2146,58.1803,-1.65936,1.9555,0.870939,0.809296,-1.74487,2.99156,-0.235237,6.23872
0.929828,-0.00939081,0.367688,-0.0135169,27.7484,-0.967746,10.2251,58.2466,-1.6617,2.06921,0.848382,0.912323,-1.73648,3.01099,-0.232498,6.22944
0.929177,-0.00781245,0.369453,-0.00970434,27.7649,-0.968144,10.2313,58.316,-1.66412,2.09479,0.899668,0.884275,-1.78373,3.01015,-0.231235,6.22669
0.929223,-0.00749847,0.369338,-0.0088359,27.781,-0.968301,10.2375,58.3854,-1.66654,2.12038,0.949504,0.889152,-1.80014,3.00983,-0.230985,6.22641
0.929257,-0.00780415,0.369214,-0.0101392,27.7972,-0.968547,10.2438,58.4549,-1.66896,2.14599,0.984304,0.889723,-1.80887,3.00941,-0.229061,6.23347
0.929558,-0.00642945,0.368583,-0.00651055,27.8132,-0.968882,10.25,58.5244,-1.67138,2.17162,1.01572,0.901024,-1.8163,3.00921,-0.228729,6.23544
0.928518,-0.00713737,0.371134,-0.00870248,27.8298,-0.969525,10.2558,58.594,-1.67381,2.19726,0.99813,0.866659,-1.78813,3.00884,-0.239516,6.21436
0.928109,-0.00740066,0.372122,-0.00924824,27.8461,-0.969936,10.2624,58.6636,-1.67623,2.22291,1.01183,0.848505,-1.77189,2.99849,-0.234086,6.2276
0.927278,-0.00830713,0.374106,-0.0119418,27.8627,-0.970247,10.2687,58.7333,-1.67866,2.24859,1.02803,0.816058,-1.74664,2.99226,-0.232725,6.23195
0.927542,-0.00798162,0.373471,-0.0110799,27.8787,-0.970645,10.2747,58.803,-1.68108,2.27427,1.03247,0.828909,-1.69957,2.99278,-0.232638,6.23201
0.927143,-0.007731,0.374468,-0.0109724,27.8952,-0.971242,10.2802,58.8727,-1.68351,2.29997,1.03945,0.802132,-1.69626,3.01455,-0.230823,6.22537
0.92823,-0.00732222,0.371816,-0.00988171,27.911,-0.972143,10.2858,58.9425,-1.68594,2.32569,1.02972,0.840812,-1.7186,3.0285,-0.230737,6.2238
0.927799,-0.00761231,0.372846,-0.0108929,27.9274,-0.97266,10.292,59.0123,-1.68837,2.35142,1.03813,0.822757,-1.71083,3.0253,-0.229742,6.22754
0.928495,-0.00836801,0.37105,-0.0125147,27.9433,-0.973564,10.2982,59.0822,-1.69081,2.37716,1.02336,0.854693,-1.72501,3.02133,-0.230047,6.23027
0.9288,-0.00728465,0.370401,-0.00954726,27.9594,-0.973408,10.3046,59.1521,-1.69324,2.40292,1.09016,0.868634,-1.69976,3.01591,-0.233466,6.24069
0.928606,-0.00734779,0.370872,-0.0095719,27.9757,-0.973837,10.3112,59.222,-1.69567,2.4287,1.10797,0.85454,-1.69509,3.01132,-0.230364,6.25715
0.928016,-0.00803341,0.372274,-0.0118187,27.9887,-0.973977,10.3282,59.2852,-1.69793,2.64114,1.13254,0.83178,-1.68349,3.01537,-0.230897,6.25827
0.928303,-0.00894032,0.371473,-0.0137052,28.0047,-0.9749,10.3349,59.3552,-1.70037,2.66697,1.11661,0.847461,-1.69502,3.00007,-0.234559,6.27011
0.928207,-0.00889089,0.371711,-0.0135475,28.021,-0.975608,10.3412,59.4253,-1.70281,2.69283,1.11928,0.843061,-1.69699,2.99787,-0.236663,6.2732
0.928902,-0.00931208,0.36994,-0.0142849,28.0369,-0.976328,10.3474,59.4954,-1.70525,2.7187,1.11191,0.875341,-1.68228,2.99659,-0.237188,6.27461
0.929795,-0.0100731,0.367636,-0.0152175,28.0526,-0.977021,10.3538,59.5655,-1.70769,2.74458,1.1043,0.916682,-1.662,2.99615,-0.237842,6.27673
0.929638,-0.0133319,0.367596,-0.0233489,28.0687,-0.978344,10.36,59.6357,-1.71014,2.77048,1.03341,0.92092,-1.62034,2.99436,-0.235762,6.2707
0.929194,-0.0125848,0.368749,-0.0216512,28.0849,-0.979164,10.3659,59.7059,-1.71259,2.7964,1.04231,0.917214,-1.63098,2.99107,-0.203845,6.24821
0.928393,-0.0116244,0.370921,-0.0194651,28.1015,-0.980217,10.3723,59.7761,-1.71504,2.82233,1.04111,0.87583,-1.67753,2.99047,-0.211118,6.2534
0.927933,-0.0091032,0.372479,-0.012849,28.118,-0.981704,10.3782,59.8464,-1.71749,2.84827,1.00955,0.845225,-1.73501,2.99677,-0.200272,6.24625
0.926724,-0.00978425,0.375338,-0.0149527,28.1348,-0.982293,10.3844,59.9168,-1.71995,2.87423,0.988772,0.794977,-1.68354,2.99566,-0.200382,6.24664
0.928374,-0.0104725,0.371158,-0.0167137,28.1505,-0.982431,10.3894,59.9871,-1.7224,2.90021,0.995479,0.836111,-1.59602,3.04826,-0.192235,6.2546
0.929283,-0.0102254,0.368895,-0.0158914,28.1664,-0.98351,10.3953,60.0576,-1.72486,2.92619,0.965064,0.876619,-1.61454,3.05299,-0.189308,6.2501
0.929428,-0.0105604,0.368489,-0.016388,28.1826,-0.983961,10.4017,60.128,-1.72732,2.9522,0.9825,0.882115,-1.61718,3.05193,-0.191585,6.25763
0.928918,-0.00938743,0.369926,-0.0137302,28.1991,-0.984393,10.4076,60.1985,-1.72978,2.97822,1.0063,0.863145,-1.62116,3.0523,-0.187683,6.24714
0.929234,-0.010198,0.369026,-0.015631,28.2152,-0.985628,10.4138,60.2691,-1.73225,3.00425,0.957234,0.877696,-1.64855,3.05145,-0.187755,6.25161
0.929641,-0.0102391,0.368,-0.0155154,28.2484,-0.987259,10.3682,60.3725,-1.73553,2.14871,0.926959,0.893311,-1.65342,3.03662,-0.189438,6.24549
0.930039,-0.00961064,0.367115,-0.0129794,28.2644,-0.988531,10.3746,60.4432,-1.738,2.17464,0.867893,0.90419,-1.64785,3.03678,-0.191003,6.25184
0.929504,-0.0120732,0.368175,-0.0192741,28.2809,-0.989601,10.381,60.5139,-1.74047,2.2006,0.810604,0.882625,-1.62529,3.03739,-0.190852,6.25835
0.929041,-0.0125874,0.369192,-0.0206074,28.2974,-0.990788,10.3875,60.5846,-1.74295,2.22656,0.775857,0.860296,-1.65447,3.03564,-0.200108,6.26911
0.927736,-0.0107746,0.372743,-0.0168181,28.3144,-0.991722,10.3933,60.6554,-1.74543,2.25255,0.790037,0.800261,-1.72039,3.04156,-0.186657,6.25882
0.927756,-0.00953144,0.372837,-0.0135067,28.3306,-0.992651,10.3996,60.7262,-1.74791,2.27855,0.784153,0.802715,-1.76014,3.03401,-0.188438,6.25945
0.927939,-0.0103598,0.372276,-0.015418,28.3468,-0.993931,10.4059,60.7971,-1.7504,2.30456,0.768969,0.820666,-1.87137,3.02252,-0.185967,6.26065
0.928802,-0.0102899,0.37014,-0.014971,28.3626,-0.994704,10.4119,60.868,-1.75288,2.33059,0.764806,0.859552,-1.89733,3.02392,-0.185571,6.26018
0.929311,-0.00961155,0.368954,-0.012919,28.3786,-0.996028,10.4185,60.939,-1.75537,2.35664,0.714472,0.879202,-1.93785,3.01639,-0.186225,6.26966
0.927937,-0.00979676,0.372372,-0.0137915,28.3955,-0.996756,10.4244,61.0099,-1.75786,2.3827,0.688138,0.822811,-1.90914,3.02032,-0.190277,6.25742
0.926765,-0.0100892,0.375232,-0.0146881,28.4122,-0.997487,10.431,61.081,-1.76036,2.40878,0.678992,0.781873,-1.91628,3,-0.187876,6.26217
0.927875,-0.009564,0.372554,-0.0130792,28.4279,-0.998402,10.437,61.1521,-1.76285,2.43487,0.678712,0.830109,-1.98048,3.0008,-0.187299,6.26197
0.927924,-0.00929109,0.372443,-0.0125569,28.4442,-0.999112,10.4429,61.2232,-1.76535,2.46098,0.672899,0.828478,-1.9937,3.01063,-0.189493,6.25861
0.927848,-0.00757104,0.372809,-0.00860971,28.4606,-1.0002,10.4489,61.2943,-1.76785,2.4871,0.648804,0.81836,-2.03503,3.0153,-0.191092,6.25644
0.927699,-0.00643221,0.373239,-0.00583495,28.4769,-1.00023,10.455,61.3655,-1.77035,2.51324,0.667677,0.811944,-1.97676,3.01314,-0.188921,6.25731
0.928766,-0.00566259,0.370619,-0.0038686,28.5197,-1.0021,10.3789,61.4891,-1.77414,1.16905,0.676881,0.851391,-2.06873,3.00513,-0.204988,6.2331
0.928435,-0.00612311,0.371412,-0.00517137,28.5361,-1.00262,10.3849,61.5604,-1.77665,1.19501,0.664019,0.837362,-2.0507,3.00805,-0.214041,6.228
0.928639,-0.00628006,0.370877,-0.00639243,28.5521,-1.00292,10.3913,61.6318,-1.77915,1.22099,0.681252,0.847986,-2.04715,3.00128,-0.202053,6.23472
0.927281,-0.00419448,0.374391,-0.00165399,28.569,-1.00275,10.3973,61.7032,-1.78166,1.24699,0.721211,0.788349,-1.99367,3.00411,-0.206829,6.23065
0.926414,-0.00491249,0.376471,-0.00369662,28.5857,-1.00329,10.4034,61.7747,-1.78417,1.27299,0.696695,0.751232,-1.95985,3.00041,-0.201847,6.23112
0.924988,-0.00346742,0.380019,2.2155e-05,28.6022,-1.00406,10.4103,61.8462,-1.78668,1.29902,0.689989,0.725426,-2.00295,2.94124,-0.158676,6.22054
0.92563,-0.00309785,0.378423,-0.000676314,28.6181,-1.00435,10.416,61.9178,-1.78919,1.32506,0.698333,0.743935,-2.01493,2.95259,-0.16663,6.225
0.926678,-0.00301455,0.375852,-0.000474302,28.6339,-1.00513,10.4217,61.9893,-1.7917,1.35111,0.710908,0.774278,-2.11893,2.9672,-0.17929,6.22826
0.927704,-0.00300552,0.373313,-0.000558967,28.6497,-1.00522,10.4272,62.061,-1.79421,1.37718,0.733792,0.809001,-2.10206,2.99097,-0.207811,6.22547
0.927951,-0.00298069,0.372692,-0.000382747,28.6657,-1.00536,10.4334,62.1326,-1.79673,1.40327,0.761405,0.821903,-2.0958,2.9876,-0.200843,6.22878
0.928141,-0.00310728,0.372214,-0.00198672,28.6819,-1.00535,10.4402,62.2043,-1.79924,1.42937,0.797085,0.829014,-2.08926,2.97446,-0.167309,6.25046
0.928414,-0.00124832,0.371572,0.00301646,28.698,-1.00535,10.447,62.2761,-1.80176,1.45548,0.832594,0.837247,-2.0853,2.96597,-0.145003,6.27063
0.928279,-0.000265882,0.371854,0.00538587,28.7142,-1.00505,10.4529,62.3479,-1.80427,1.48162,0.887662,0.840308,-2.08571,2.96999,-0.163536,6.25983
0.928375,-0.000260731,0.371604,0.00543742,28.7303,-1.0052,10.459,62.4197,-1.80678,1.50776,0.900427,0.844724,-2.08814,2.97099,-0.168358,6.25743
0.928085,-0.000511433,0.372363,0.00288811,28.7467,-1.00518,10.4656,62.4916,-1.80929,1.53393,0.916175,0.826784,-2.06838,2.96691,-0.143775,6.27146
0.927991,0.00150746,0.372555,0.00794728,28.7955,-1.00596,10.3736,62.627,-1.81322,-0.0677291,0.960249,0.828894,-2.0398,2.94247,-0.143094,6.24812
0.928935,0.00218999,0.370122,0.00982433,28.8111,-1.00621,10.3795,62.699,-1.81573,-0.0417803,0.979719,0.870078,-2.08898,2.94625,-0.158678,6.24153
0.928178,0.00148592,0.372057,0.00805011,28.8276,-1.00583,10.3858,62.7711,-1.81825,-0.0158157,1.01698,0.83899,-2.0527,2.94702,-0.156556,6.24333
0.928206,0.00130664,0.372026,0.00558383,28.8437,-1.00587,10.392,62.8432,-1.82076,0.0101644,1.02759,0.838784,-2.04298,2.94695,-0.155597,6.24389
0.927533,0.0029917,0.373636,0.00956334,28.8601,-1.00551,10.3979,62.9154,-1.82328,0.0361591,1.07221,0.820141,-2.00512,2.95454,-0.173681,6.23345
0.927235,0.00288549,0.374351,0.00941608,28.8763,-1.00461,10.4042,62.9875,-1.82579,0.0621696,1.12349,0.825931,-1.87671,2.94779,-0.156027,6.23838
0.927992,0.00243556,0.372506,0.00834677,28.8921,-1.00458,10.4101,63.0598,-1.8283,0.088195,1.13929,0.857228,-1.86024,2.95489,-0.167812,6.23592
0.927944,0.00169594,0.3727,0.00451836,28.9083,-1.00452,10.4161,63.132,-1.83081,0.114235,1.15987,0.856036,-1.84329,2.95952,-0.178933,6.22974
0.928144,0.00263287,0.372158,0.00687196,28.9243,-1.0045,10.422,63.2044,-1.83332,0.14029,1.18158,0.871069,-1.81181,2.96304,-0.183419,6.22559
0.928606,0.00292811,0.37098,0.00763528,28.9401,-1.00433,10.4279,63.2767,-1.83583,0.16636,1.21817,0.900684,-1.78472,2.96777,-0.194821,6.2166
0.927591,0.00261287,0.37354,0.00673904,28.9568,-1.00422,10.4341,63.3491,-1.83834,0.192445,1.25527,0.85815,-1.77271,2.96676,-0.191203,6.21881
0.927161,0.000826707,0.374704,0.000867447,28.9731,-1.00396,10.4405,63.4215,-1.84085,0.218546,1.28164,0.846272,-1.72064,2.95567,-0.178599,6.225
0.927593,0.0010785,0.373591,0.00142815,28.9891,-1.00404,10.4463,63.494,-1.84336,0.244662,1.28226,0.866442,-1.65464,2.96731,-0.178551,6.22264
0.927384,0.00115496,0.374106,0.00173803,29.0053,-1.00382,10.4526,63.5665,-1.84587,0.270794,1.31613,0.868994,-1.60079,2.95854,-0.176816,6.22782
0.927267,0.000465881,0.374404,2.05211e-05,29.0215,-1.00388,10.4587,63.6391,-1.84838,0.29694,1.33329,0.867407,-1.5699,2.95783,-0.176449,6.22823
0.926374,0.000172031,0.376612,-0.00180862,29.0044,-1.00286,10.5665,63.6454,-1.84937,1.9798,1.36363,0.831474,-1.57415,2.97906,-0.177185,6.25501
0.926365,0.00061952,0.376628,-0.00062623,29.0205,-1.00263,10.5728,63.7179,-1.85187,2.00623,1.36438,0.849597,-1.448,2.96725,-0.179631,6.2552
0.926313,0.000125383,0.376753,-0.00185449,29.0368,-1.00267,10.5789,63.7905,-1.85438,2.03268,1.3714,0.855062,-1.38187,2.96247,-0.179812,6.25575
0.927313,-0.00204911,0.374267,-0.00678308,29.0524,-1.00274,10.5853,63.8631,-1.85689,2.05914,1.35873,0.912985,-1.28634,2.94754,-0.182903,6.25676
0.927909,-0.00253707,0.372725,-0.00762286,29.0682,-1.00338,10.5909,63.9358,-1.8594,2.08562,1.33443,0.937887,-1.25086,2.96124,-0.161708,6.24568
0.928767,-0.00262574,0.370592,-0.00719463,29.084,-1.00357,10.5978,64.0085,-1.8619,2.11211,1.34068,0.971656,-1.20487,2.95077,-0.193869,6.27094
0.928934,5.07641e-06,0.370316,-0.000497031,29.1,-1.00317,10.6039,64.0813,-1.86441,2.13862,1.44876,0.988511,-1.23826,2.95123,-0.185392,6.26269
0.929338,0.000422447,0.369234,0.000851615,29.116,-1.00324,10.6104,64.154,-1.86692,2.16515,1.4964,1.0024,-1.26275,2.95189,-0.184335,6.27234
0.928636,0.000216493,0.370999,-0.00111921,29.1323,-1.00315,10.6162,64.2269,-1.86943,2.19169,1.55167,0.988518,-1.28119,2.94788,-0.188522,6.24699
0.929628,0.00131857,0.368516,0.00199558,29.1478,-1.00339,10.6224,64.2997,-1.87194,2.21825,1.57861,1.03436,-1.28903,2.9483,-0.18829,6.24382
0.92894,0.00267471,0.370206,0.00526105,29.1639,-1.00332,10.628,64.3727,-1.87444,2.24482,1.64245,1.03135,-1.3123,2.94027,-0.200268,6.20461
0.927839,0.00131729,0.373007,0.00181914,29.1806,-1.00332,10.6344,64.4456,-1.87695,2.2714,1.64631,0.977248,-1.2352,2.93962,-0.19251,6.21315
0.92799,-0.000887607,0.37263,-0.00435721,29.1966,-1.00314,10.6403,64.5186,-1.87946,2.298,1.67414,0.984617,-1.17384,2.94635,-0.195528,6.20829
0.927417,0.000634821,0.374051,-0.000702747,29.2129,-1.00333,10.6463,64.5916,-1.88197,2.32462,1.70956,0.960582,-1.1639,2.94837,-0.193037,6.20575
0.928661,8.29698e-05,0.370942,-0.00199262,29.2284,-1.00315,10.6519,64.6647,-1.88448,2.35125,1.7346,1.01387,-1.07094,2.96634,-0.193947,6.19905
0.928212,-0.000186526,0.372044,-0.00271086,29.2761,-1.00398,10.5632,64.8003,-1.88848,0.851479,1.80517,0.999456,-1.0523,2.94119,-0.192715,6.17216
0.927456,-0.000368765,0.37392,-0.00372781,29.2924,-1.0043,10.5692,64.8735,-1.89099,0.877902,1.82744,0.965617,-1.05137,2.94207,-0.191569,6.17005
0.927131,0.00107389,0.374756,-2.66971e-05,29.3085,-1.00409,10.5755,64.9468,-1.8935,0.904341,1.86123,0.960314,-0.959055,2.93169,-0.194774,6.17248
0.926477,0.000508298,0.376355,-0.0017355,29.3249,-1.00408,10.5812,65.0201,-1.89601,0.930794,1.87473,0.92795,-0.873185,2.94398,-0.197315,6.1698
0.927756,-0.00285185,0.37316,-0.01006,29.3405,-1.00369,10.5865,65.0934,-1.89852,0.95726,1.88765,0.973269,-0.712034,2.97337,-0.196897,6.17069
0.927306,-0.00463483,0.374055,-0.0136187,29.3566,-1.00376,10.5934,65.1668,-1.90103,0.983744,1.93883,0.961688,-0.699746,2.95032,-0.239809,6.18959
0.926265,-0.00173087,0.3769,-0.00649054,29.3732,-1.00401,10.6,65.2403,-1.90354,1.01024,2.02143,0.918041,-0.738371,2.93259,-0.276416,6.19786
0.926637,-0.00212789,0.375879,-0.00748962,29.3891,-1.00448,10.6058,65.3137,-1.90605,1.03676,2.028,0.929879,-0.680872,2.94283,-0.272151,6.19883
0.926825,-0.00382916,0.375322,-0.0116129,29.4051,-1.00459,10.6118,65.3872,-1.90856,1.06329,2.05559,0.941677,-0.594907,2.9433,-0.271642,6.19891
0.926462,-0.00324269,0.376243,-0.0100645,29.4214,-1.00531,10.6171,65.4608,-1.91107,1.08983,2.07923,0.914627,-0.608689,2.96629,-0.241252,6.19139
0.926171,-0.0023311,0.377021,-0.00796589,29.4377,-1.00575,10.6231,65.5344,-1.91359,1.11639,2.0984,0.901239,-0.57351,2.96542,-0.241406,6.19113
0.928088,-0.00281009,0.372286,-0.00855772,29.4528,-1.0062,10.6291,65.608,-1.9161,1.14296,2.10892,0.988712,-0.538062,2.96166,-0.243372,6.19086
0.927301,-0.00245494,0.374236,-0.00776491,29.4693,-1.00638,10.6354,65.6817,-1.91862,1.16955,2.17233,0.948995,-0.545105,2.95914,-0.248455,6.19995
0.926522,-0.00366652,0.376091,-0.0106928,29.4857,-1.00662,10.6414,65.7554,-1.92114,1.19615,2.20727,0.915422,-0.514331,2.95872,-0.248402,6.2
0.926155,-0.00303992,0.377025,-0.00916621,29.502,-1.00717,10.6476,65.8292,-1.92365,1.22277,2.22245,0.902194,-0.492222,2.9492,-0.256175,6.20221
0.927056,-0.00302404,0.374803,-0.00930946,29.5174,-1.0078,10.654,65.9023,-1.92615,1.26592,2.22659,0.924722,-0.467088,2.97944,-0.242144,6.20015
0.928634,-0.00334613,0.370885,-0.00947601,29.5328,-1.00879,10.6603,65.9761,-1.92868,1.29257,2.20681,0.994491,-0.477361,2.97153,-0.24903,6.20736
0.928092,-0.0032734,0.372234,-0.00889066,29.5491,-1.00953,10.6663,66.05,-1.9312,1.31924,2.21306,0.972419,-0.480701,2.97093,-0.246761,6.20173
0.928003,-0.00384779,0.372412,-0.0104125,29.5651,-1.01045,10.6721,66.1239,-1.93373,1.34592,2.19882,0.972514,-0.482432,2.97293,-0.242614,6.19179
0.928369,-0.00408874,0.37148,-0.0108125,29.581,-1.01125,10.6783,66.1978,-1.93625,1.37262,2.19494,0.986708,-0.479504,2.97189,-0.245231,6.19563
0.927462,-0.00367207,0.373775,-0.0100271,29.5976,-1.01198,10.6844,66.2718,-1.93878,1.39933,2.20736,0.943844,-0.489672,2.97181,-0.245386,6.19634
0.926778,-0.00462096,0.375405,-0.0119146,29.614,-1.01244,10.6906,66.3459,-1.94132,1.42605,2.22506,0.914178,-0.465155,2.96752,-0.248244,6.20035
0.926907,-0.00287302,0.375218,-0.00807654,29.6302,-1.01261,10.6957,66.4199,-1.94385,1.45279,2.24779,0.904658,-0.382915,2.99747,-0.224328,6.19079
0.927879,-0.00258685,0.372807,-0.00742862,29.6459,-1.01344,10.7011,66.494,-1.94638,1.47955,2.25057,0.940525,-0.415524,3.01418,-0.223661,6.1839
0.928996,-0.00208726,0.370052,-0.00584562,29.6616,-1.01453,10.7072,66.5682,-1.94892,1.50631,2.23109,0.985704,-0.454664,3.01318,-0.224378,6.18936
0.927247,-0.00328454,0.374376,-0.00893716,29.6787,-1.01499,10.7138,66.6424,-1.95145,1.5331,2.21908,0.892146,-0.39112,3.01627,-0.218411,6.21246
0.927322,-0.00202472,0.374227,-0.00590189,29.6949,-1.01513,10.7196,66.7166,-1.95399,1.5599,2.23982,0.894752,-0.325351,3.01709,-0.217949,6.21099
0.927564,-0.00190148,0.37362,-0.00552224,29.711,-1.01568,10.7258,66.7909,-1.95653,1.58671,2.24678,0.905325,-0.322071,3.01192,-0.216162,6.21447
0.928848,-0.00166233,0.370446,-0.00453754,29.7265,-1.01624,10.7319,66.8652,-1.95907,1.61354,2.26385,0.961036,-0.344132,3.00829,-0.214661,6.21795
0.927908,-0.00287241,0.372732,-0.00836008,29.7433,-1.01598,10.7385,66.9396,-1.96161,1.64039,2.33112,0.905681,-0.327719,3.00901,-0.206516,6.24237
0.929133,-0.00225689,0.369705,-0.00635076,29.7732,-1.0168,10.7019,67.0429,-1.9649,0.992559,2.34388,0.95852,-0.289452,2.99391,-0.207583,6.23933
0.929678,-0.00139422,0.368362,-0.00390822,29.7891,-1.01709,10.7082,67.1174,-1.96744,1.01933,2.38169,0.977772,-0.302691,2.99469,-0.206713,6.24564
0.929448,-0.000668022,0.368952,-0.0020948,29.8053,-1.01704,10.7142,67.1919,-1.96999,1.04611,2.45591,0.977118,-0.337494,2.99145,-0.210753,6.23089
0.929323,-0.000684633,0.369261,-0.00235683,29.8215,-1.01771,10.7204,67.2664,-1.97253,1.07292,2.44397,0.970997,-0.329893,2.99115,-0.212146,6.22829
0.928338,-0.00165129,0.371721,-0.00503508,29.8381,-1.01839,10.7264,67.341,-1.97508,1.09973,2.42056,0.927852,-0.302943,2.99115,-0.215064,6.22286
0.92903,-0.00164397,0.369976,-0.00468155,29.8539,-1.01858,10.7328,67.4157,-1.97762,1.12656,2.44201,0.95904,-0.260858,2.9871,-0.213686,6.22866
0.929237,-0.00163659,0.369452,-0.0045915,29.8699,-1.01934,10.7388,67.4903,-1.98017,1.15341,2.43022,0.969101,-0.265569,2.98794,-0.214772,6.22263
0.929044,-0.00238496,0.369907,-0.00670837,29.8861,-1.01956,10.745,67.565,-1.98272,1.18027,2.46045,0.960976,-0.256765,2.98794,-0.214598,6.22304
0.929165,0.000179862,0.369733,-0.000117913,29.9022,-1.01947,10.7513,67.6398,-1.98527,1.20715,2.51421,0.965207,-0.223067,2.98716,-0.214983,6.22705
0.929293,0.000649026,0.369343,0.00123936,29.9182,-1.01972,10.7576,67.7146,-1.98782,1.23405,2.53865,0.968502,-0.215395,2.98596,-0.20969,6.23319
0.928189,-0.000578769,0.372132,-0.00205154,29.935,-1.01978,10.7638,67.7894,-1.99037,1.26095,2.54682,0.918734,-0.148502,2.98664,-0.210263,6.23328
0.92843,-0.00164901,0.371483,-0.00503971,29.951,-1.02007,10.7697,67.8643,-1.99292,1.28788,2.55624,0.928182,-0.119279,2.99422,-0.214229,6.229
0.928644,-0.000859764,0.370965,-0.00309953,29.9671,-1.02037,10.7755,67.9392,-1.99547,1.31482,2.57051,0.93841,-0.0839882,3.00004,-0.21379,6.22356
0.928627,-0.000477722,0.371011,-0.00196219,29.9832,-1.02034,10.782,68.0142,-1.99802,1.34177,2.60803,0.939543,-0.03942,2.99342,-0.210486,6.23235
0.928742,-0.00148163,0.370706,-0.00440149,29.9993,-1.02017,10.7881,68.0892,-2.00057,1.36874,2.65226,0.948527,0.00868445,2.99382,-0.210505,6.23228
0.928774,-0.00358767,0.370543,-0.0098586,30.0282,-1.02046,10.7559,68.1902,-2.00382,0.803206,2.69821,0.955762,0.049676,2.98609,-0.210148,6.22045
0.929366,-0.00537907,0.368892,-0.0138331,30.044,-1.02138,10.7626,68.2653,-2.00638,0.830112,2.66558,0.979279,0.0725543,2.97712,-0.227515,6.23631
0.929515,-0.00384691,0.368657,-0.00991506,30.0599,-1.02121,10.7685,68.3404,-2.00893,0.857033,2.7413,0.996795,0.101894,2.97934,-0.209286,6.22377
0.929606,-0.00393213,0.368396,-0.0100658,30.0759,-1.02172,10.7745,68.4156,-2.01149,0.883969,2.75408,1.00787,0.107641,2.98048,-0.201819,6.21238
0.928012,-0.00364264,0.372429,-0.00979376,30.0928,-1.02201,10.7808,68.4909,-2.01404,0.910922,2.80454,0.93388,0.0746592,2.9798,-0.204755,6.21794
0.928188,-0.00526746,0.371838,-0.0139852,30.1089,-1.02368,10.7866,68.5661,-2.0166,0.937888,2.77706,0.931808,-0.0648995,2.99274,-0.197264,6.21371
0.927834,-0.00478123,0.372743,-0.0128813,30.1253,-1.02468,10.7927,68.6414,-2.01916,0.96487,2.77615,0.913786,-0.115947,2.99176,-0.19862,6.2143
0.927807,-0.00441864,0.372844,-0.0119674,30.1414,-1.02553,10.7988,68.7168,-2.02173,0.991867,2.77305,0.911979,-0.135161,2.98939,-0.20073,6.21493
0.927933,-0.0063306,0.372386,-0.0158689,30.1575,-1.02578,10.8045,68.7922,-2.02429,1.01888,2.78487,0.917639,-0.0803022,3.00065,-0.19313,6.2119
0.927651,-0.00721122,0.372954,-0.0179624,30.1737,-1.02684,10.811,68.8676,-2.02686,1.04591,2.77442,0.910459,-0.121113,2.98868,-0.211389,6.21753
0.926431,-0.00557926,0.376181,-0.0144395,30.1905,-1.02746,10.817,68.9431,-2.02943,1.07295,2.81898,0.852611,-0.166133,2.9896,-0.209698,6.21728
0.92628,-0.00455073,0.376626,-0.0119815,30.2067,-1.02847,10.8231,69.0186,-2.032,1.10001,2.82038,0.848813,-0.216314,2.98188,-0.213579,6.21568
0.925497,-0.00619162,0.378423,-0.0154149,30.2234,-1.02894,10.8289,69.0942,-2.03457,1.12708,2.8121,0.81002,-0.151528,2.99203,-0.211478,6.21793
0.926306,-0.00708617,0.376326,-0.0171579,30.2389,-1.02955,10.8351,69.1698,-2.03714,1.15417,2.79362,0.867054,-0.0860575,2.96834,-0.222846,6.2102
0.926715,-0.00738804,0.375266,-0.0179691,30.2549,-1.03005,10.8407,69.2454,-2.03972,1.18127,2.79695,0.877696,-0.0285532,2.98293,-0.210511,6.21139
0.926459,-0.00584453,0.37609,-0.0145413,30.3341,-1.0338,10.6583,69.45,-2.04609,-1.67645,2.78407,0.856452,-0.0889994,2.94808,-0.19636,6.16436
0.926411,-0.00711271,0.37609,-0.0166843,30.3501,-1.03422,10.6641,69.5259,-2.04867,-1.64979,2.79381,0.854809,-0.0553851,2.95281,-0.194223,6.16405
0.926473,-0.0066291,0.375996,-0.0152772,30.366,-1.03464,10.6704,69.6018,-2.05126,-1.62311,2.80544,0.864934,-0.0153793,2.93801,-0.205429,6.16508
0.927977,-0.00690408,0.372278,-0.0153441,30.3812,-1.03533,10.6764,69.6777,-2.05385,-1.59642,2.80882,0.93354,-0.0166251,2.93548,-0.206877,6.16531
0.927172,-0.00653372,0.374298,-0.0146996,30.3975,-1.03572,10.6822,69.7537,-2.05644,-1.56971,2.84622,0.900416,-0.0210753,2.93772,-0.201872,6.15795
0.927455,-0.00754861,0.373516,-0.0161662,30.4133,-1.0361,10.6883,69.8298,-2.05903,-1.54299,2.86978,0.916028,-0.00962841,2.93448,-0.203783,6.16004
0.927984,-0.0099886,0.371893,-0.0219593,30.4289,-1.03738,10.6943,69.9058,-2.06162,-1.51626,2.82055,0.947461,-0.0165944,2.93696,-0.200736,6.15698
0.927075,-0.0100235,0.374087,-0.0222629,30.4453,-1.03867,10.7005,69.982,-2.06422,-1.4895,2.80129,0.906586,-0.0649688,2.93614,-0.210445,6.16334
0.92761,-0.00993288,0.372777,-0.0219326,30.461,-1.03994,10.7062,70.0581,-2.06682,-1.46274,2.76249,0.930312,-0.0664795,2.94537,-0.190443,6.1562
0.927836,-0.00985596,0.372345,-0.0196516,30.4769,-1.04108,10.7124,70.1343,-2.06942,-1.43596,2.73407,0.937972,-0.0682422,2.9436,-0.197011,6.16018
0.926591,-0.0133229,0.374871,-0.0287515,30.4933,-1.04277,10.7182,70.2105,-2.07203,-1.40916,2.65433,0.900589,-0.0842443,2.9475,-0.187148,6.15205
0.926307,-0.0130421,0.375491,-0.028141,30.5093,-1.04456,10.7242,70.2868,-2.07464,-1.38235,2.62505,0.894197,-0.198032,2.94616,-0.19414,6.15383
0.926164,-0.00951731,0.376583,-0.0199054,30.5257,-1.04646,10.7298,70.3631,-2.07725,-1.35553,2.60823,0.871379,-0.34746,2.96088,-0.165848,6.1515
0.927384,-0.00847246,0.373705,-0.0159837,30.541,-1.04729,10.7358,70.4395,-2.07987,-1.32869,2.62863,0.926997,-0.412477,2.95544,-0.16904,6.15185
0.927141,-0.0079774,0.374347,-0.0145938,30.5572,-1.0477,10.7422,70.5159,-2.08249,-1.30183,2.63808,0.914627,-0.389615,2.94542,-0.16871,6.16303
0.927578,-0.00746939,0.373331,-0.0131157,30.5436,-1.047,10.836,70.5316,-2.08328,0.0530034,2.66023,0.933315,-0.409217,2.96578,-0.168749,6.185
0.926296,-0.00878732,0.376364,-0.0165432,30.5602,-1.04713,10.8426,70.608,-2.08589,0.0801099,2.66076,0.876503,-0.325591,2.95587,-0.160461,6.19991
0.926097,-0.00777068,0.37698,-0.0134083,30.5764,-1.04805,10.8489,70.6844,-2.08851,0.107232,2.64887,0.874323,-0.356123,2.94125,-0.162534,6.20138
0.926189,-0.00828923,0.376681,-0.0148064,30.5925,-1.04889,10.8546,70.7609,-2.09114,0.134369,2.63911,0.876469,-0.391498,2.95074,-0.165107,6.20062
0.926789,-0.00801572,0.375244,-0.0138872,30.6082,-1.05045,10.8608,70.8374,-2.09376,0.161521,2.59977,0.909344,-0.51216,2.94366,-0.165139,6.20065
0.926138,-0.00780114,0.37688,-0.01316,30.6246,-1.05129,10.8676,70.914,-2.09639,0.18869,2.57634,0.886804,-0.518216,2.91951,-0.15981,6.21529
0.926856,-0.00875308,0.375018,-0.0152236,30.6403,-1.05155,10.8733,70.9906,-2.09902,0.215873,2.59458,0.913202,-0.501508,2.93555,-0.162748,6.21358
0.92624,-0.0115354,0.37617,-0.0224527,30.6566,-1.05297,10.879,71.0672,-2.10165,0.24307,2.5293,0.895083,-0.539723,2.9444,-0.161826,6.20378
0.926242,-0.0116226,0.376064,-0.0227263,30.6726,-1.05401,10.8848,71.1439,-2.10429,0.270282,2.50812,0.897518,-0.566383,2.94843,-0.15623,6.20192
0.927163,-0.0114418,0.373852,-0.0218744,30.6882,-1.05565,10.8909,71.2206,-2.10693,0.29751,2.42735,0.938627,-0.591138,2.94573,-0.159794,6.20239
0.927966,-0.0111781,0.372022,-0.0190253,30.7039,-1.05704,10.897,71.2974,-2.10957,0.324752,2.35452,0.971504,-0.576409,2.94539,-0.159779,6.20166
0.926652,-0.0128219,0.375005,-0.0236,30.7204,-1.05804,10.9029,71.3742,-2.11221,0.352009,2.30988,0.926878,-0.565537,2.94537,-0.154786,6.1909
0.926714,-0.0136233,0.374668,-0.0253674,30.7363,-1.05925,10.9092,71.451,-2.11486,0.379282,2.26922,0.936131,-0.592173,2.93891,-0.166974,6.19602
0.927844,-0.0138069,0.371859,-0.0253769,30.7517,-1.06105,10.915,71.5279,-2.11751,0.40657,2.16445,0.98805,-0.593537,2.9436,-0.154243,6.18962
0.927151,-0.0122636,0.373996,-0.0198872,30.7681,-1.06281,10.921,71.6048,-2.12017,0.433872,2.06787,0.953422,-0.594894,2.94354,-0.146187,6.18193
0.927016,-0.0139262,0.374017,-0.0240331,30.7881,-1.06409,10.9146,71.6903,-2.12309,0.278528,2.02998,0.957838,-0.628452,2.94378,-0.14345,6.17516
0.926301,-0.0144406,0.375659,-0.0253886,30.8045,-1.06553,10.921,71.7673,-2.12575,0.305831,1.97884,0.93097,-0.692484,2.93662,-0.16012,6.18566
0.926335,-0.0131896,0.37584,-0.0220536,30.8205,-1.067,10.9276,71.8444,-2.12842,0.33315,1.94367,0.93639,-0.773515,2.92029,-0.183754,6.19198
0.926064,-0.0101,0.377071,-0.0138188,30.8368,-1.06862,10.9337,71.9215,-2.13109,0.360484,1.90193,0.915733,-0.855329,2.91774,-0.185765,6.19205
0.926192,-0.00958263,0.376747,-0.0119252,30.8525,-1.06957,10.9406,71.9986,-2.13376,0.387835,1.91666,0.946865,-0.962278,2.87663,-0.163279,6.19604
0.925984,-0.0100764,0.377198,-0.0132706,30.8686,-1.07005,10.9464,72.0758,-2.13644,0.415201,1.90611,0.934614,-0.940764,2.88768,-0.17217,6.19369
0.924797,-0.0105712,0.38005,-0.0145301,30.885,-1.07061,10.953,72.153,-2.13911,0.442584,1.88307,0.895759,-0.90385,2.86616,-0.161772,6.19675
0.92556,-0.0110249,0.378128,-0.0155497,30.9007,-1.07101,10.9587,72.2303,-2.14179,0.469981,1.89072,0.921298,-0.896552,2.88085,-0.163946,6.20027
0.926332,-0.0113714,0.376195,-0.0161988,30.9163,-1.07172,10.9645,72.3076,-2.14447,0.497392,1.88654,0.952247,-0.9229,2.89156,-0.164813,6.1991
0.926883,-0.012466,0.374675,-0.0190245,30.932,-1.07326,10.9697,72.3849,-2.14715,0.524816,1.80844,0.978016,-0.974273,2.91369,-0.165016,6.18066
0.926249,-0.0120966,0.376284,-0.0181772,30.9483,-1.07425,10.9761,72.4623,-2.14984,0.552256,1.77892,0.947341,-0.994929,2.90955,-0.169659,6.18976
0.926065,-0.0116631,0.376812,-0.0168149,30.9644,-1.07501,10.9821,72.5397,-2.15253,0.579712,1.77005,0.938857,-1.00601,2.91077,-0.169304,6.18892
0.925699,-0.0137728,0.377403,-0.0221916,30.9805,-1.07633,10.9879,72.6171,-2.15522,0.607181,1.72279,0.928342,-1.06578,2.9177,-0.169233,6.18554
0.924852,-0.013507,0.379482,-0.0215572,30.9968,-1.07765,10.9945,72.6946,-2.15791,0.634667,1.7018,0.901239,-1.16162,2.89595,-0.190228,6.19244
0.925822,-0.0127827,0.377266,-0.0193177,31.0123,-1.07886,11.0006,72.7721,-2.16061,0.662169,1.67578,0.946767,-1.21114,2.88785,-0.19416,6.19131
0.925161,-0.0131259,0.378831,-0.019867,31.0501,-1.08027,10.9426,72.8949,-2.16466,-0.255102,1.68305,0.921121,-1.20213,2.87235,-0.19402,6.17625
0.924803,-0.0152662,0.379362,-0.0249888,31.066,-1.08188,10.9488,72.9725,-2.16736,-0.22773,1.64469,0.921525,-1.31399,2.86051,-0.198645,6.1764
0.924923,-0.0154026,0.379014,-0.0250718,31.0817,-1.08352,10.955,73.0502,-2.17007,-0.200342,1.60558,0.936027,-1.41421,2.84983,-0.208876,6.17542
0.925341,-0.0159169,0.37792,-0.0258968,31.0973,-1.08443,10.9613,73.128,-2.17278,-0.172939,1.58797,0.962399,-1.40312,2.84129,-0.217363,6.17616
0.925041,-0.0147085,0.378976,-0.0217625,31.1134,-1.08564,10.9674,73.2058,-2.1755,-0.145521,1.57218,0.945475,-1.44174,2.83867,-0.221039,6.17662
0.924853,-0.0151435,0.37934,-0.0227965,31.1293,-1.08655,10.9734,73.2836,-2.17822,-0.118087,1.56385,0.941323,-1.4571,2.83983,-0.220392,6.17605
0.924599,-0.0149622,0.379975,-0.0226486,31.1454,-1.08782,10.979,73.3614,-2.18093,-0.0906395,1.54076,0.924507,-1.50982,2.85725,-0.209171,6.17251
0.924019,-0.0128823,0.381738,-0.0181045,31.1618,-1.08943,10.9846,73.4393,-2.18366,-0.0631779,1.50723,0.88569,-1.6028,2.8725,-0.20188,6.17104
0.923668,-0.0110128,0.382815,-0.0137943,31.1782,-1.09066,10.9901,73.5173,-2.18638,-0.0357026,1.47965,0.85004,-1.64559,2.89529,-0.205486,6.17456
0.924243,-0.0108607,0.381416,-0.0134313,31.194,-1.09163,10.9958,73.5953,-2.18911,-0.00821312,1.49525,0.871237,-1.74011,2.90399,-0.210458,6.17676
0.923891,-0.0112261,0.382219,-0.0144914,31.2102,-1.0917,11.0016,73.6733,-2.19184,0.0192909,1.50489,0.85756,-1.65676,2.90432,-0.210577,6.17624
0.924606,-0.00866062,0.380802,-0.00815847,31.2259,-1.09322,11.0075,73.7514,-2.19458,0.0468097,1.49119,0.883874,-1.79048,2.90055,-0.209112,6.17667
0.924353,-0.00798642,0.381388,-0.00730636,31.2421,-1.09403,11.0135,73.8295,-2.19731,0.0743435,1.46772,0.874006,-1.79328,2.89576,-0.201943,6.17799
0.924985,-0.00703925,0.379917,-0.00505635,31.2578,-1.09434,11.0191,73.9076,-2.20005,0.101891,1.49458,0.89431,-1.80553,2.90785,-0.21903,6.17616
0.926189,-0.00558344,0.377051,-0.00129762,31.2733,-1.09487,11.0248,73.9858,-2.20278,0.129453,1.53774,0.944068,-1.8879,2.91221,-0.229468,6.17332
0.927271,-0.00337464,0.374415,0.00427113,31.3045,-1.09546,10.9831,74.0976,-2.20652,-0.532408,1.65693,1.00203,-2.00896,2.90379,-0.267274,6.14264
0.927963,-0.00133367,0.372655,0.00631948,31.3203,-1.09534,10.9896,74.1759,-2.20926,-0.504934,1.75394,1.01683,-2.08566,2.90812,-0.215337,6.17104
0.92788,0.00288247,0.372653,0.0170324,31.3365,-1.09492,10.9962,74.2543,-2.212,-0.477444,1.84352,0.994533,-2.10036,2.91789,-0.159656,6.20392
0.927108,0.00206747,0.374503,0.014937,31.3527,-1.09461,11.0019,74.3326,-2.21473,-0.449939,1.86662,0.98036,-2.06546,2.91146,-0.225997,6.17664
0.927451,0.0032925,0.373509,0.0181218,31.3684,-1.09404,11.008,74.4111,-2.21747,-0.422419,1.98553,1.00312,-2.10001,2.91102,-0.225713,6.17575
0.927669,0.00321632,0.373167,0.0134111,31.3842,-1.09256,11.0142,74.4895,-2.2202,-0.394884,2.19916,1.02205,-2.11323,2.91074,-0.212516,6.17886
0.927506,0.00695836,0.373191,0.0227498,31.3999,-1.09182,11.0199,74.568,-2.22293,-0.367334,2.35244,1.04992,-2.12296,2.90779,-0.258737,6.15591
0.927262,0.00968607,0.373177,0.0297913,31.4159,-1.09054,11.0263,74.6466,-2.22566,-0.339768,2.55556,1.06137,-2.06881,2.90773,-0.2037,6.17177
0.927342,0.00999313,0.372814,0.0307867,31.4317,-1.08868,11.0326,74.7252,-2.22838,-0.312187,2.80815,1.08741,-2.01163,2.90717,-0.160311,6.18138
0.927328,0.00731299,0.373777,0.019647,31.4477,-1.08708,11.0386,74.8038,-2.2311,-0.28459,2.98376,1.09425,-1.92461,2.90686,-0.189233,6.17143
0.928131,0.00967152,0.371304,0.0257692,31.463,-1.08613,11.0447,74.8824,-2.23381,-0.256978,3.12237,1.16244,-1.82586,2.90664,-0.184626,6.17228
0.927337,0.0104072,0.373061,0.0277883,31.4792,-1.08472,11.0509,74.9611,-2.23652,-0.229351,3.32935,1.15705,-1.75098,2.90662,-0.173294,6.17504
0.928109,0.00884654,0.371449,0.0240831,31.4947,-1.08319,11.057,75.0399,-2.23923,-0.201709,3.53163,1.21236,-1.64727,2.90588,-0.168898,6.17462
0.927222,0.00651542,0.374274,0.0145178,31.5113,-1.08173,11.0635,75.1186,-2.24193,-0.17405,3.72688,1.17317,-1.57836,2.90694,-0.138297,6.18915
0.927899,0.0064638,0.372488,0.0147735,31.5269,-1.08071,11.07,75.1975,-2.24464,-0.146375,3.821,1.23408,-1.36529,2.90174,-0.118274,6.20139
0.927385,0.00647507,0.37376,0.0148781,31.5442,-1.08017,11.0727,75.2788,-2.24745,-0.168082,3.91854,1.22413,-1.33036,2.90121,-0.117626,6.20024
0.927551,0.00465845,0.373553,0.0104176,31.5602,-1.07958,11.0787,75.3577,-2.25015,-0.140385,3.98553,1.2391,-1.24835,2.90436,-0.122651,6.19633
0.926557,0.0034391,0.376141,0.00508264,31.5767,-1.07886,11.0849,75.4366,-2.25285,-0.112673,4.11228,1.20291,-1.23221,2.90323,-0.120412,6.19763
0.926987,0.00282461,0.375073,0.00346901,31.5925,-1.07861,11.0905,75.5156,-2.25554,-0.0849467,4.13736,1.22735,-1.11636,2.91917,-0.116971,6.19341
0.926622,0.00276983,0.375971,0.00327358,31.6087,-1.07849,11.0965,75.5946,-2.25824,-0.0572055,4.18893,1.21708,-1.09128,2.92063,-0.1153,6.1918
0.926526,0.00212301,0.376227,0.00148491,31.6249,-1.07845,11.1021,75.6737,-2.26094,-0.0294501,4.22265,1.21218,-1.05806,2.93203,-0.11019,6.18655
0.925622,0.0012121,0.378462,-0.00164343,31.6413,-1.07826,11.1086,75.7528,-2.26363,-0.00167854,4.28732,1.18277,-1.0415,2.91392,-0.119573,6.19313
0.926202,-0.000299554,0.377014,-0.00513936,31.657,-1.07787,11.1147,75.8319,-2.26633,0.0261081,4.30847,1.22645,-0.84323,2.9102,-0.121338,6.19389
0.926202,-0.000137742,0.376995,-0.00494349,31.673,-1.07808,11.1203,75.9111,-2.26902,0.0539088,4.33219,1.22329,-0.822138,2.92432,-0.102522,6.1892
0.925702,-0.00110707,0.378193,-0.00728162,31.6893,-1.07798,11.1265,75.9903,-2.27172,0.0817251,4.38689,1.21067,-0.780241,2.91302,-0.114983,6.19308
0.926335,-0.000829977,0.376647,-0.00658047,31.7051,-1.07852,11.1319,76.0696,-2.27441,0.109555,4.36848,1.22486,-0.77321,2.93768,-0.086512,6.19003
0.927426,-0.000963894,0.373953,-0.00694889,31.7207,-1.07866,11.1372,76.1489,-2.27711,0.137398,4.36504,1.27228,-0.704608,2.95764,-0.0573899,6.17747
0.927239,-0.000431138,0.374431,-0.00564317,31.7367,-1.0783,11.1432,76.2282,-2.2798,0.165256,4.45422,1.26987,-0.672923,2.95627,-0.056245,6.17579
0.928185,-0.000455024,0.372087,-0.00551899,31.7523,-1.07889,11.1489,76.3076,-2.2825,0.193128,4.40453,1.31304,-0.677243,2.95978,-0.0498236,6.16844
0.928406,-0.000648455,0.371517,-0.00607599,31.7681,-1.07905,11.1549,76.387,-2.2852,0.221015,4.41492,1.32571,-0.671602,2.95928,-0.0482165,6.16531
0.927986,0.000142355,0.372598,-0.00417657,31.797,-1.07992,11.123,76.4939,-2.2892,-0.291961,4.45053,1.31221,-0.668615,2.94879,-0.0432952,6.14919
0.927318,0.00019805,0.374254,-0.00416818,31.8133,-1.07991,11.1289,76.5734,-2.2919,-0.264138,4.47817,1.28442,-0.652049,2.94858,-0.0419395,6.14701
0.926098,0.000966282,0.37729,-0.00274036,31.8299,-1.08051,11.1346,76.653,-2.2946,-0.236302,4.44276,1.22886,-0.685455,2.95471,-0.037063,6.13946
0.926178,0.00167928,0.377085,-0.00131935,31.8458,-1.08084,11.1408,76.7326,-2.2973,-0.20845,4.43458,1.24062,-0.712122,2.937,-0.0392545,6.1415
0.925008,0.00126887,0.379952,-0.00257696,31.8623,-1.0808,11.1468,76.8123,-2.3,-0.180583,4.44152,1.19266,-0.659483,2.9319,-0.0381842,6.14246
0.925739,0.000760345,0.378152,-0.00359735,31.8778,-1.08078,11.1527,76.892,-2.30271,-0.152701,4.45124,1.23294,-0.62071,2.92271,-0.038426,6.14028
0.925677,0.00281959,0.378342,0.00161525,31.8938,-1.08177,11.159,76.9717,-2.30541,-0.124804,4.39406,1.23453,-0.727738,2.90588,-0.041894,6.14224
0.924267,0.000368391,0.381795,-0.00523123,31.9105,-1.08147,11.1648,77.0515,-2.30811,-0.0968916,4.40231,1.17139,-0.627249,2.91034,-0.043329,6.14242
0.925267,0.000403447,0.379291,-0.00512556,31.9261,-1.08209,11.1703,77.1313,-2.31082,-0.0689658,4.37831,1.20357,-0.686006,2.92336,-0.0410656,6.14617
0.925888,-0.000396525,0.377745,-0.00687677,31.9417,-1.08194,11.1762,77.2111,-2.31352,-0.0410252,4.39686,1.2371,-0.621393,2.91823,-0.0423772,6.14625
0.925989,0.000308372,0.377521,-0.00516477,31.9576,-1.08269,11.1821,77.291,-2.31623,-0.01307,4.35416,1.2392,-0.661477,2.91939,-0.0418929,6.14586
0.926301,0.000540158,0.376762,-0.00426736,31.9734,-1.08313,11.1886,77.371,-2.31894,0.0149015,4.33441,1.2561,-0.674473,2.90284,-0.048666,6.15637
0.925342,0.00111744,0.379128,-0.00325827,31.9898,-1.08315,11.1941,77.4509,-2.32165,0.0428868,4.359,1.21395,-0.659954,2.91162,-0.0460845,6.14737
0.926413,0.000970264,0.3765,-0.0038364,32.0054,-1.08303,11.1992,77.531,-2.32435,0.0708847,4.3837,1.24594,-0.623555,2.94431,-0.0463683,6.14257
0.92761,0.000960652,0.373548,-0.00342893,32.0208,-1.08345,11.2053,77.611,-2.32706,0.0988981,4.36419,1.29684,-0.63541,2.93904,-0.0480221,6.15061
0.92855,0.000911732,0.371201,-0.0033244,32.0586,-1.08528,11.1455,77.7393,-2.3321,-0.807766,4.34898,1.33225,-0.637848,2.92408,-0.0479175,6.14543
0.927407,0.000425953,0.374039,-0.00481457,32.0748,-1.08561,11.1511,77.8195,-2.33481,-0.779888,4.33395,1.30531,-0.631144,2.91437,-0.0459168,6.11275
0.927109,0.000262443,0.374757,-0.00513455,32.0909,-1.08604,11.1572,77.8997,-2.33752,-0.751995,4.31802,1.28632,-0.641876,2.91328,-0.0479145,6.12268
0.926692,0.000818059,0.375806,-0.00372111,32.107,-1.08674,11.1635,77.98,-2.34024,-0.724086,4.28266,1.2621,-0.67501,2.91048,-0.0503374,6.13156
0.926967,0.00109512,0.375128,-0.00318982,32.1228,-1.08708,11.1693,78.0603,-2.34296,-0.696163,4.27555,1.27357,-0.684867,2.91208,-0.0502753,6.12975
0.926858,0.00124402,0.375398,-0.00300337,32.1387,-1.08723,11.1748,78.1406,-2.34568,-0.668226,4.28199,1.27214,-0.678668,2.92039,-0.0508617,6.11516
0.9254,0.00113034,0.378993,-0.00379803,32.1553,-1.08745,11.1803,78.221,-2.3484,-0.640275,4.28038,1.20824,-0.666756,2.92712,-0.05111,6.10618
0.924559,0.00226258,0.381048,-0.00112941,32.1716,-1.08801,11.1864,78.3015,-2.35112,-0.612309,4.27015,1.17705,-0.715051,2.91229,-0.0503833,6.10654
0.923636,0.000952747,0.383268,-0.00468704,32.1878,-1.08796,11.1924,78.3819,-2.35384,-0.584328,4.27034,1.1538,-0.661603,2.89073,-0.0445462,6.10148
0.923934,0.00156401,0.382538,-0.00324038,32.2036,-1.08871,11.1981,78.4624,-2.35656,-0.556333,4.26715,1.16265,-0.765152,2.8891,-0.0449835,6.10084
0.923631,0.000411482,0.383246,-0.00628651,32.2197,-1.08842,11.2037,78.543,-2.35928,-0.528324,4.27931,1.14647,-0.672387,2.8988,-0.0454425,6.10358
0.924157,-0.00177319,0.381886,-0.0111539,32.235,-1.08832,11.2097,78.6236,-2.362,-0.500299,4.27251,1.19778,-0.585243,2.86865,-0.0497384,6.09456
0.92383,-0.00248289,0.382597,-0.0124457,32.2509,-1.08843,11.2156,78.7042,-2.36472,-0.47226,4.28985,1.1892,-0.566603,2.86451,-0.0525522,6.09424
0.923881,-0.00280303,0.38247,-0.0123894,32.2656,-1.08954,11.222,78.7849,-2.36744,-0.444205,4.28985,1.1892,-0.566603,2.86451,-0.0525522,6.09424
0.923876,-0.00289908,0.382483,-0.0123357,32.2811,-1.09008,11.2281,78.8656,-2.37017,-0.416135,4.28985,1.1892,-0.566603,2.86451,-0.0525522,6.09424
0.923837,-0.0029777,0.382575,-0.0123752,32.2898,-1.08985,11.2538,78.9316,-2.37218,-0.107255,4.28989,1.1892,-0.56664,2.86922,-0.0528765,6.09886
0.923862,-0.003192,0.382535,-0.0117175,32.3053,-1.09067,11.2594,79.0124,-2.3749,-0.0791065,4.28989,1.1892,-0.56664,2.86922,-0.0528765,6.09886
0.923906,-0.00319923,0.382426,-0.0117434,32.321,-1.09171,11.2651,79.0932,-2.37763,-0.0509439,4.28989,1.1892,-0.56664,2.86922,-0.0528765,6.09886
0.923878,-0.00319648,0.382488,-0.0119229,32.3365,-1.09204,11.2702,79.174,-2.38036,-0.0227685,4.28989,1.1892,-0.56664,2.86922,-0.0528765,6.09886
0.923893,-0.00315047,0.382452,-0.0119007,32.3525,-1.09278,11.2759,79.2549,-2.38309,0.00542133,4.28989,1.1892,-0.56664,2.86922,-0.0528765,6.09886
0.923907,-0.00325761,0.382436,-0.0113609,32.3683,-1.09347,11.2816,79.3358,-2.38583,0.0336254,4.28989,1.1892,-0.56664,2.86922,-0.0528765,6.09886
0.923882,-0.0032336,0.382492,-0.0114395,32.384,-1.09381,11.2871,79.4168,-2.38856,0.0618431,4.28989,1.1892,-0.56664,2.86922,-0.0528765,6.09886
0.923897,-0.0033049,0.38246,-0.0113165,32.3997,-1.09451,11.2934,79.4978,-2.3913,0.0900765,4.28989,1.1892,-0.56664,2.86922,-0.0528765,6.09886
0.923884,-0.00329202,0.382491,-0.0113624,32.4155,-1.09495,11.2989,79.5788,-2.39404,0.118324,4.28989,1.1892,-0.56664,2.86922,-0.0528765,6.09886
0.923815,-0.00332997,0.382653,-0.0114535,32.431,-1.09484,11.3048,79.6599,-2.39677,0.146586,4.28989,1.1892,-0.56664,2.86922,-0.0528765,6.09886
0.923824,-0.00333058,0.382631,-0.0114469,32.4468,-1.0955,11.3106,79.741,-2.39951,0.174862,4.28989,1.1892,-0.56664,2.86922,-0.0528765,6.09886
0.923859,-0.00334062,0.38255,-0.0113976,32.4626,-1.09641,11.3165,79.8222,-2.40225,0.203153,4.28989,1.1892,-0.56664,2.86922,-0.0528765,6.09886
0.923852,-0.00325181,0.382563,-0.0115027,32.4785,-1.09693,11.3218,79.9034,-2.405,0.231458,4.28989,1.1892,-0.56664,2.86922,-0.0528765,6.09886
0.921721,-0.00331188,0.387707,-0.011574,32.4947,-1.09717,11.3279,79.9846,-2.40774,0.259778,4.31513,1.12632,-0.561859,2.83757,-0.0691488,6.1072
0.923894,-0.00384129,0.382472,-0.0123499,32.5098,-1.0977,11.3337,80.0659,-2.41048,0.288112,4.29375,1.21456,-0.574759,2.81853,-0.0749019,6.10349
0.924008,-0.00373746,0.382159,-0.0122085,32.5442,-1.09956,11.2839,80.1882,-2.4153,-0.451812,4.27678,1.21521,-0.586017,2.8227,-0.0625444,6.08261
0.925138,-0.00374401,0.379442,-0.0117251,32.5594,-1.10056,11.2899,80.2696,-2.41806,-0.423587,4.21773,1.26072,-0.610418,2.81075,-0.0701276,6.08871
0.925054,-0.00387179,0.379633,-0.011746,32.5751,-1.10078,11.2957,80.3511,-2.42081,-0.395348,4.23422,1.26,-0.611217,2.81386,-0.0666323,6.08287
0.924328,-0.00356784,0.381424,-0.0111512,32.5912,-1.10108,11.3015,80.4325,-2.42356,-0.367094,4.24156,1.23168,-0.611812,2.81572,-0.0648466,6.07996
0.923663,-0.00379106,0.383011,-0.0117634,32.6072,-1.10184,11.3075,80.5141,-2.42631,-0.338826,4.21444,1.20576,-0.631642,2.81048,-0.0673365,6.08335
0.922891,-0.0033177,0.384894,-0.0110478,32.6234,-1.1023,11.3129,80.5956,-2.42907,-0.310543,4.21299,1.16679,-0.639342,2.82673,-0.0611848,6.07943
0.923199,-0.00384138,0.384118,-0.0119955,32.639,-1.10252,11.3184,80.6772,-2.43183,-0.282247,4.21604,1.17681,-0.625728,2.83519,-0.0595976,6.07971
0.923662,-0.0040615,0.38299,-0.0123716,32.6545,-1.10295,11.3242,80.7589,-2.43458,-0.253937,4.21147,1.19886,-0.630827,2.83288,-0.0604433,6.07996
0.922689,-0.0040822,0.385323,-0.0127039,32.6708,-1.10406,11.33,80.8405,-2.43734,-0.225612,4.17305,1.15744,-0.67961,2.82922,-0.0621559,6.08181
0.923452,-0.00389333,0.383512,-0.012023,32.6861,-1.10462,11.3357,80.9222,-2.44011,-0.197273,4.16484,1.19208,-0.695799,2.82658,-0.0629779,6.08164
0.923906,-0.00223943,0.382566,-0.00754921,32.7018,-1.10571,11.341,81.004,-2.44287,-0.16892,4.129,1.20284,-0.735742,2.84162,-0.0579654,6.07551
0.923504,-0.00370153,0.383424,-0.0114623,32.7178,-1.10641,11.3462,81.0858,-2.44564,-0.140555,4.09394,1.18483,-0.737189,2.85662,-0.0631848,6.06482
0.923506,-0.00384524,0.383383,-0.011821,32.7335,-1.10726,11.352,81.1676,-2.4484,-0.112175,4.06864,1.18548,-0.767667,2.85415,-0.0640697,6.06679
0.922262,-0.00321226,0.38642,-0.0106612,32.7499,-1.10784,11.3578,81.2495,-2.45117,-0.0837801,4.06217,1.13224,-0.785623,2.84841,-0.0655145,6.07008
0.923617,-0.00226393,0.383257,-0.00778464,32.765,-1.10846,11.3636,81.3314,-2.45395,-0.0553711,4.06199,1.19528,-0.826349,2.83862,-0.0662887,6.06893
0.924342,-0.00333735,0.381422,-0.0104115,32.8045,-1.11095,11.2975,81.4668,-2.45947,-1.00668,4.0391,1.22453,-0.862003,2.83547,-0.0700931,6.04369
0.92466,-0.00467757,0.380539,-0.0135462,32.82,-1.11207,11.3032,81.5488,-2.46226,-0.978425,3.9749,1.23973,-0.863701,2.8366,-0.069811,6.04284
0.924502,-0.00483031,0.380896,-0.0138101,32.8358,-1.11331,11.3093,81.6309,-2.46504,-0.950151,3.90925,1.22536,-0.866668,2.83493,-0.0765712,6.05698
0.924645,-0.00431602,0.380631,-0.011654,32.8514,-1.11423,11.3147,81.713,-2.46782,-0.921865,3.87229,1.2353,-0.870131,2.83882,-0.0692349,6.04456
0.92525,-0.00530561,0.379076,-0.0139414,32.8667,-1.1149,11.3201,81.7952,-2.47061,-0.893564,3.84935,1.26929,-0.875559,2.84288,-0.0655408,6.03134
0.924499,-0.00534334,0.38088,-0.0144035,32.8825,-1.1155,11.3252,81.8774,-2.4734,-0.865251,3.83304,1.25457,-0.878198,2.84265,-0.0517678,6.00284
0.923752,-0.00443244,0.382766,-0.0127152,32.8984,-1.11632,11.3302,81.9596,-2.47619,-0.836926,3.81104,1.22565,-0.904114,2.85323,-0.0376281,5.98356
0.924584,-0.00382486,0.380825,-0.0105722,32.9136,-1.11689,11.3359,82.0419,-2.47898,-0.808586,3.80443,1.26099,-0.929411,2.85135,-0.0393465,5.98564
0.924547,-0.00476213,0.380832,-0.0127429,32.9293,-1.11747,11.3417,82.1243,-2.48178,-0.780232,3.78379,1.25867,-0.937842,2.8488,-0.0391622,5.99297
0.924159,-0.00522382,0.381721,-0.013944,32.9451,-1.11836,11.3474,82.2066,-2.48457,-0.751864,3.74672,1.24043,-0.95921,2.84871,-0.0397738,5.99669
0.92477,-0.00386846,0.380378,-0.0106452,32.9605,-1.11982,11.3527,82.289,-2.48737,-0.723482,3.69,1.26049,-1.02163,2.85749,-0.035319,5.99158
0.92484,-0.00352155,0.380228,-0.00936507,32.9761,-1.12034,11.3588,82.3715,-2.49017,-0.695085,3.67382,1.25744,-1.02726,2.85124,-0.0342628,6.0083
0.924324,-0.00328887,0.381499,-0.00867204,32.9921,-1.12039,11.365,82.4539,-2.49297,-0.666672,3.6778,1.22993,-1.00683,2.84304,-0.0296732,6.02736
0.924178,-0.00312384,0.38186,-0.00824268,33.0078,-1.11976,11.3708,82.5365,-2.49577,-0.638245,3.71834,1.22775,-0.954518,2.84162,-0.0290683,6.02826
0.924327,-0.00281229,0.381514,-0.00769814,33.0234,-1.12022,11.3759,82.619,-2.49857,-0.609806,3.70781,1.23164,-0.97109,2.85567,-0.0352879,6.01802
0.923239,-0.00195556,0.384191,-0.00603512,33.0135,-1.11914,11.4588,82.6431,-2.49836,0.470319,3.66944,1.1814,-0.9714,2.88029,-0.0398961,6.03027
0.922395,-0.00236398,0.386177,-0.00747554,33.0297,-1.11924,11.4641,82.7257,-2.50115,0.49898,3.65711,1.14235,-0.932337,2.8887,-0.0438874,6.02975
0.921322,-0.00214868,0.388742,-0.00698447,33.0457,-1.11953,11.4702,82.8083,-2.50395,0.527655,3.6546,1.12287,-0.935584,2.85066,-0.0327975,6.02239
0.922076,-0.000990802,0.387004,-0.00410403,33.061,-1.11996,11.4757,82.8909,-2.50675,0.556344,3.66549,1.1611,-0.986448,2.84069,-0.0306706,6.01868
0.921892,-0.000221312,0.387439,-0.00296256,33.0767,-1.12021,11.4815,82.9736,-2.50955,0.585048,3.66683,1.16709,-1.00276,2.81993,-0.0195125,6.01475
0.920878,-0.000587307,0.389843,-0.00387091,33.0927,-1.12059,11.4875,83.0563,-2.51235,0.613767,3.65309,1.14066,-1.01691,2.79346,-0.00301239,6.00945
0.92122,0.000209319,0.389046,-0.00179146,33.1079,-1.12087,11.4932,83.1391,-2.51516,0.6425,3.66215,1.17002,-1.06288,2.77299,0.00513791,6.00175
0.922652,0.00219376,0.385671,0.00329108,33.1228,-1.12128,11.4988,83.2219,-2.51796,0.671247,3.68259,1.23406,-1.15211,2.76434,0.0100641,5.99906
0.923755,0.00292331,0.382981,0.00292891,33.1376,-1.1204,11.5049,83.3048,-2.52076,0.700009,3.76998,1.29096,-1.19753,2.74832,0.0376246,6.00503
0.923167,0.00247322,0.384393,0.0016723,33.1533,-1.1202,11.5102,83.3877,-2.52356,0.728785,3.76718,1.27075,-1.17635,2.75493,0.0122532,5.99066
0.923283,0.00267025,0.384107,0.00215243,33.1688,-1.11995,11.5156,83.4706,-2.52636,0.757574,3.78701,1.27621,-1.17447,2.76119,0.00125632,5.9858
0.92231,0.00190441,0.38646,6.76182e-05,33.1847,-1.1194,11.521,83.5535,-2.52916,0.786376,3.81463,1.23699,-1.14169,2.76766,-0.010603,5.97988
0.921576,0.00290474,0.388196,0.0014055,33.2006,-1.11975,11.5266,83.6365,-2.53196,0.815193,3.80369,1.20357,-1.16148,2.76583,-0.00911253,5.98021
0.922079,0.00363238,0.386981,0.00315238,33.2159,-1.1191,11.532,83.7196,-2.53476,0.844023,3.81983,1.2288,-1.082,2.77297,-0.0140898,5.98105
0.920988,0.00287855,0.389596,0.00094734,33.232,-1.11887,11.5372,83.8027,-2.53755,0.872866,3.81645,1.17766,-1.0329,2.7854,-0.0272883,5.9795
0.921345,0.00102277,0.388759,-0.00375836,33.2933,-1.12137,11.4068,83.9889,-2.54532,-0.927831,3.82191,1.17996,-0.955796,2.78086,-0.0391151,5.954
0.92086,0.00192683,0.389893,-0.00183282,33.3089,-1.1218,11.4127,84.0722,-2.54813,-0.899299,3.81779,1.17423,-0.979858,2.75248,-0.0365532,5.95258
0.920787,0.001938,0.390058,-0.00177735,33.3243,-1.12198,11.4183,84.1555,-2.55093,-0.870753,3.81745,1.17552,-0.979624,2.74531,-0.0345859,5.95132
0.920266,0.00204661,0.391286,-0.001749,33.3401,-1.12207,11.4236,84.2389,-2.55374,-0.842194,3.82346,1.14965,-0.975872,2.75103,-0.0360999,5.95225
0.921589,0.00178873,0.388173,-0.00184607,33.3548,-1.12231,11.4294,84.3223,-2.55654,-0.813621,3.81306,1.22196,-0.970145,2.72799,-0.0308503,5.94635
0.921783,0.00204543,0.387699,-0.00158357,33.3701,-1.1226,11.435,84.4057,-2.55935,-0.785034,3.80502,1.2303,-0.974156,2.72457,-0.0298073,5.94745
0.920893,0.00311061,0.389818,0.00105277,33.3858,-1.12241,11.441,84.4892,-2.56215,-0.756431,3.82901,1.19828,-0.962858,2.71042,-0.0244927,5.95551
0.92083,0.00303299,0.389952,0.00120412,33.3863,-1.12184,11.4657,84.5726,-2.56496,-0.727767,3.82901,1.19828,-0.962858,2.71042,-0.0244927,5.95551
0.920777,0.00304823,0.390075,0.00122054,33.3878,-1.12131,11.4887,84.6561,-2.56776,-0.699045,3.82901,1.19828,-0.962858,2.71042,-0.0244927,5.95551
0.920744,0.00329598,0.390155,0.000344348,33.3905,-1.12093,11.5115,84.7396,-2.57056,-0.670266,3.82901,1.19828,-0.962858,2.71042,-0.0244927,5.95551
0.920777,0.00327322,0.390077,0.000458535,33.394,-1.12124,11.5329,84.8231,-2.57337,-0.641434,3.82901,1.19828,-0.962858,2.71042,-0.0244927,5.95551
0.920822,0.00331229,0.38997,0.000555459,33.3987,-1.12167,11.5533,84.9066,-2.57617,-0.612551,3.82901,1.19828,-0.962858,2.71042,-0.0244927,5.95551
0.920848,0.00328107,0.389908,0.000514928,33.4038,-1.1219,11.5722,84.9901,-2.57898,-0.583621,3.82901,1.19828,-0.962858,2.71042,-0.0244927,5.95551
0.92082,0.00340783,0.389975,-0.000428644,33.4097,-1.12156,11.5901,85.0736,-2.58178,-0.554645,3.82901,1.19828,-0.962858,2.71042,-0.0244927,5.95551
0.920786,0.00341607,0.390053,-0.000510992,33.4169,-1.12121,11.6068,85.1571,-2.58458,-0.525629,3.82901,1.19828,-0.962858,2.71042,-0.0244927,5.95551
0.92084,0.00346514,0.389924,-0.000468128,33.3853,-1.11917,11.7396,85.1507,-2.58307,1.07084,3.82926,1.19829,-0.963041,2.73672,-0.0261198,5.9823
0.920814,0.0033919,0.389987,-0.000396947,33.3944,-1.11889,11.755,85.2342,-2.58587,1.10023,3.82926,1.19829,-0.963041,2.73672,-0.0261198,5.9823
0.920864,0.00344818,0.389869,-0.000469385,33.4061,-1.11934,11.768,85.3177,-2.58867,1.12965,3.82926,1.19829,-0.963041,2.73672,-0.0261198,5.9823
0.920808,0.00346045,0.39,-0.000473274,33.4214,-1.11875,11.7768,85.4013,-2.59146,1.15909,3.82926,1.19829,-0.963041,2.73672,-0.0261198,5.9823
0.920753,0.00331205,0.390132,-0.000436726,33.4398,-1.11815,11.7822,85.4849,-2.59426,1.18854,3.82926,1.19829,-0.963041,2.73672,-0.0261198,5.9823
0.920777,0.00340442,0.390075,-0.000419744,33.4628,-1.11832,11.7833,85.5685,-2.59705,1.218,3.82926,1.19829,-0.963041,2.73672,-0.0261198,5.9823
0.920745,0.00367475,0.390147,-0.00121364,33.4894,-1.11792,11.7806,85.6522,-2.59985,1.24745,3.82926,1.19829,-0.963041,2.73672,-0.0261198,5.9823
0.92074,0.00368158,0.390158,-0.00118864,33.5194,-1.11784,11.7743,85.736,-2.60264,1.27689,3.82926,1.19829,-0.963041,2.73672,-0.0261198,5.9823
0.920722,0.00358878,0.390201,-0.00124714,33.5526,-1.11764,11.764,85.8199,-2.60544,1.3063,3.82926,1.19829,-0.963041,2.73672,-0.0261198,5.9823
0.920717,0.00344661,0.390214,-0.00116862,33.5895,-1.11756,11.7505,85.9039,-2.60823,1.33568,3.82926,1.19829,-0.963041,2.73672,-0.0261198,5.9823
0.92066,0.0037178,0.390343,-0.00199073,33.6309,-1.11694,11.7328,85.988,-2.61102,1.36501,3.82926,1.19829,-0.963041,2.73672,-0.0261198,5.9823
0.920652,0.00389338,0.390359,-0.00198142,33.6762,-1.11691,11.7109,86.0722,-2.61382,1.39429,3.82926,1.19829,-0.963041,2.73672,-0.0261198,5.9823
0.92066,0.00378936,0.390342,-0.00209835,33.724,-1.11704,11.6852,86.1565,-2.61661,1.4235,3.82926,1.19829,-0.963041,2.73672,-0.0261198,5.9823
0.920629,0.00375996,0.390414,-0.00218296,33.7758,-1.11682,11.6557,86.2409,-2.6194,1.45264,3.82926,1.19829,-0.963041,2.73672,-0.0261198,5.9823
0.920653,0.00372982,0.390357,-0.00229956,33.8309,-1.11715,11.6228,86.3255,-2.62219,1.48169,3.82926,1.19829,-0.963041,2.73672,-0.0261198,5.9823
0.920651,0.00382474,0.390362,-0.00227168,33.9145,-1.11883,11.5121,86.468,-2.62777,0.526387,3.8291,1.19826,-0.962925,2.72004,-0.0250921,5.96532
0.920619,0.00378119,0.390435,-0.00246069,33.9753,-1.11865,11.4727,86.5529,-2.63057,0.555069,3.8291,1.19826,-0.962925,2.72004,-0.0250921,5.96532
0.920626,0.0037129,0.390422,-0.00239976,34.0393,-1.11885,11.4312,86.638,-2.63337,0.583647,3.8291,1.19826,-0.962925,2.72004,-0.0250921,5.96532
0.920646,0.00379771,0.390371,-0.00255129,34.1065,-1.11921,11.3859,86.7233,-2.63616,0.612112,3.8291,1.19826,-0.962925,2.72004,-0.0250921,5.96532
0.920624,0.00377912,0.390425,-0.00253332,34.1765,-1.11916,11.3381,86.8087,-2.63896,0.640457,3.8291,1.19826,-0.962925,2.72004,-0.0250921,5.96532
0.920649,0.00388042,0.390364,-0.00253874,34.2499,-1.11959,11.287,86.8943,-2.64176,0.668675,3.8291,1.19826,-0.962925,2.72004,-0.0250921,5.96532
0.920703,0.0039201,0.390235,-0.00252896,34.326,-1.1203,11.233,86.9802,-2.64456,0.696757,3.8291,1.19826,-0.962925,2.72004,-0.0250921,5.96532
0.920742,0.00400814,0.390142,-0.00252213,34.4051,-1.12088,11.1755,87.0662,-2.64736,0.724696,3.8291,1.19826,-0.962925,2.72004,-0.0250921,5.96532
0.920705,0.00391061,0.390231,-0.00253156,34.4866,-1.1207,11.1156,87.1524,-2.65016,0.752485,3.8291,1.19826,-0.962925,2.72004,-0.0250921,5.96532
0.920759,0.0039086,0.390102,-0.00269922,34.5712,-1.12147,11.0519,87.2388,-2.65297,0.780115,3.8291,1.19826,-0.962925,2.72004,-0.0250921,5.96532
0.920739,0.00399586,0.390148,-0.00271015,34.6592,-1.12151,10.9857,87.3255,-2.65577,0.807579,3.8291,1.19826,-0.962925,2.72004,-0.0250921,5.96532
0.920737,0.00412143,0.390151,-0.00292932,34.7501,-1.12173,10.9163,87.4123,-2.65858,0.83487,3.8291,1.19826,-0.962925,2.72004,-0.0250921,5.96532
0.920737,0.00401674,0.390152,-0.00298627,34.8433,-1.12204,10.8441,87.4994,-2.66138,0.86198,3.8291,1.19826,-0.962925,2.72004,-0.0250921,5.96532
0.920753,0.00395168,0.390114,-0.00294614,34.9387,-1.12252,10.7701,87.5868,-2.66419,0.888906,3.8291,1.19826,-0.962925,2.72004,-0.0250921,5.96532
0.920741,0.00409033,0.390143,-0.00296733,35.0358,-1.12271,10.6946,87.6744,-2.66699,0.915642,3.8291,1.19826,-0.962925,2.72004,-0.0250921,5.96532
0.920701,0.00425745,0.39023,-0.0034012,35.1298,-1.12237,10.6319,87.7519,-2.6693,1.11227,3.82913,1.19829,-0.962945,2.72302,-0.025273,5.96835
0.920716,0.00428205,0.390196,-0.00335685,35.2286,-1.12291,10.5546,87.84,-2.67211,1.13866,3.82913,1.19829,-0.962945,2.72302,-0.025273,5.96835
0.920715,0.00418186,0.390199,-0.00322751,35.3282,-1.12329,10.4767,87.9283,-2.67492,1.16485,3.82913,1.19829,-0.962945,2.72302,-0.025273,5.96835
0.920697,0.00416992,0.390244,-0.00320631,35.429,-1.12348,10.3971,88.0169,-2.67773,1.19084,3.82913,1.19829,-0.962945,2.72302,-0.025273,5.96835
0.920713,0.00427006,0.390204,-0.00309237,35.5314,-1.124,10.3167,88.1057,-2.68054,1.21664,3.82913,1.19829,-0.962945,2.72302,-0.025273,5.96835
0.920708,0.00426167,0.390215,-0.00319837,35.6341,-1.12433,10.2346,88.1948,-2.68335,1.24222,3.82913,1.19829,-0.962945,2.72302,-0.025273,5.96835
0.920757,0.00423665,0.390102,-0.00321503,35.7379,-1.12519,10.1517,88.2841,-2.68616,1.2676,3.82913,1.19829,-0.962945,2.72302,-0.025273,5.96835
0.920759,0.00414572,0.390096,-0.00316253,35.8427,-1.1256,10.0682,88.3737,-2.68897,1.29277,3.82913,1.19829,-0.962945,2.72302,-0.025273,5.96835
0.920707,0.00427975,0.390215,-0.00360061,35.9489,-1.12543,9.98363,88.4636,-2.69179,1.31773,3.82913,1.19829,-0.962945,2.72302,-0.025273,5.96835
0.920687,0.0044161,0.39026,-0.00358629,36.0564,-1.12573,9.89741,88.5537,-2.6946,1.34247,3.82913,1.19829,-0.962945,2.72302,-0.025273,5.96835
0.920683,0.0043277,0.390271,-0.00365211,36.1641,-1.1262,9.81017,88.6442,-2.69742,1.367,3.82913,1.19829,-0.962945,2.72302,-0.025273,5.96835
0.920645,0.00431035,0.390359,-0.00374555,36.2725,-1.12638,9.72212,88.7348,-2.70023,1.3913,3.82913,1.19829,-0.962945,2.72302,-0.025273,5.96835
0.920694,0.00422845,0.390249,-0.00330963,36.3816,-1.12739,9.63419,88.8258,-2.70305,1.41539,3.82913,1.19829,-0.962945,2.72302,-0.025273,5.96835
0.920655,0.00429091,0.390338,-0.00343001,36.491,-1.12749,9.54515,88.917,-2.70587,1.43925,3.82913,1.19829,-0.962945,2.72302,-0.025273,5.96835
0.920659,0.00422246,0.390329,-0.00343743,36.6005,-1.128,9.45631,89.0085,-2.70869,1.46289,3.82913,1.19829,-0.962945,2.72302,-0.025273,5.96835
0.920743,0.00420161,0.390131,-0.00337118,36.6926,-1.12807,9.44421,89.0448,-2.70883,2.35759,3.82926,1.19877,-0.96304,2.73921,-0.0262312,5.98481
0.920721,0.00424855,0.390181,-0.00359723,36.8032,-1.1283,9.35468,89.1368,-2.71165,2.38097,3.82926,1.19877,-0.96304,2.73921,-0.0262312,5.98481
0.920733,0.00404196,0.390157,-0.00343745,36.9136,-1.12891,9.26552,89.2291,-2.71447,2.40414,3.82926,1.19877,-0.96304,2.73921,-0.0262312,5.98481
0.920744,0.00414066,0.390131,-0.0034315,37.0253,-1.12951,9.17498,89.3217,-2.7173,2.42707,3.82926,1.19877,-0.96304,2.73921,-0.0262312,5.98481
0.920714,0.00422445,0.390201,-0.00328578,37.1375,-1.12966,9.08456,89.4145,-2.72012,2.44979,3.82926,1.19877,-0.96304,2.73921,-0.0262312,5.98481
0.920647,0.00430236,0.390355,-0.00388346,37.2493,-1.12941,8.99358,89.5076,-2.72295,2.47227,3.82926,1.19877,-0.96304,2.73921,-0.0262312,5.98481
0.920674,0.00424362,0.39029,-0.00384812,37.3616,-1.13029,8.90218,89.6011,-2.72577,2.49453,3.82926,1.19877,-0.96304,2.73921,-0.0262312,5.98481
0.920661,0.00428188,0.390321,-0.003788,37.4746,-1.13074,8.81033,89.6947,-2.7286,2.51655,3.82926,1.19877,-0.96304,2.73921,-0.0262312,5.98481
0.920695,0.00428693,0.39024,-0.00385421,37.5877,-1.13169,8.71771,89.7887,-2.73143,2.53835,3.82926,1.19877,-0.96304,2.73921,-0.0262312,5.98481
0.920716,0.00420195,0.390195,-0.00362982,37.7012,-1.13248,8.62522,89.883,-2.73426,2.55991,3.82926,1.19877,-0.96304,2.73921,-0.0262312,5.98481
0.920723,0.00419543,0.390176,-0.00371914,37.8149,-1.13314,8.53178,89.9775,-2.73709,2.58124,3.82926,1.19877,-0.96304,2.73921,-0.0262312,5.98481
0.920704,0.00416589,0.390221,-0.00371827,37.9292,-1.13354,8.43829,90.0723,-2.73993,2.60233,3.82926,1.19877,-0.96304,2.73921,-0.0262312,5.98481
0.920732,0.00428779,0.390155,-0.00374326,38.0442,-1.13439,8.34412,90.1674,-2.74276,2.62319,3.82926,1.19877,-0.96304,2.73921,-0.0262312,5.98481
0.92076,0.00432561,0.390089,-0.00355396,38.1596,-1.13526,8.24957,90.2628,-2.7456,2.64382,3.82926,1.19877,-0.96304,2.73921,-0.0262312,5.98481
0.920792,0.00418263,0.390016,-0.00362712,38.2745,-1.13613,8.15489,90.3585,-2.74844,2.6642,3.82926,1.19877,-0.96304,2.73921,-0.0262312,5.98481
0.92078,0.00410183,0.390043,-0.00361483,38.3987,-1.13718,8.00971,90.489,-2.75294,2.17093,3.82919,1.19817,-0.962995,2.72897,-0.0256437,5.97441
0.920747,0.00415964,0.390121,-0.00360546,38.5151,-1.13742,7.91423,90.5852,-2.75578,2.19071,3.82919,1.19817,-0.962995,2.72897,-0.0256437,5.97441
0.920724,0.0043612,0.390172,-0.00374188,38.6325,-1.13768,7.81875,90.6818,-2.75863,2.21026,3.82919,1.19817,-0.962995,2.72897,-0.0256437,5.97441
0.920774,0.00442961,0.390052,-0.0037444,38.7497,-1.13875,7.72245,90.7787,-2.76147,2.22957,3.82919,1.19817,-0.962995,2.72897,-0.0256437,5.97441
0.920744,0.00450902,0.390123,-0.00370234,38.8674,-1.139,7.62589,90.8759,-2.76432,2.24863,3.82919,1.19817,-0.962995,2.72897,-0.0256437,5.97441
0.920745,0.00448204,0.390123,-0.00365912,38.985,-1.13954,7.5291,90.9733,-2.76717,2.26745,3.82919,1.19817,-0.962995,2.72897,-0.0256437,5.97441
0.920679,0.00455614,0.390271,-0.00431107,39.1028,-1.13947,7.43129,91.0711,-2.77002,2.28603,3.82919,1.19817,-0.962995,2.72897,-0.0256437,5.97441
0.92064,0.00460381,0.39036,-0.00438504,39.2212,-1.13985,7.33315,91.1691,-2.77287,2.30436,3.82919,1.19817,-0.962995,2.72897,-0.0256437,5.97441
0.920644,0.00460825,0.390351,-0.00448215,39.3399,-1.14067,7.23461,91.2675,-2.77572,2.32245,3.82919,1.19817,-0.962995,2.72897,-0.0256437,5.97441
0.92059,0.00460352,0.390478,-0.004516,39.459,-1.14093,7.13589,91.3661,-2.77857,2.34029,3.82919,1.19817,-0.962995,2.72897,-0.0256437,5.97441
0.920627,0.00452233,0.390395,-0.00413375,39.5784,-1.14214,7.03657,91.4651,-2.78143,2.35788,3.82919,1.19817,-0.962995,2.72897,-0.0256437,5.97441
0.920676,0.00439391,0.390281,-0.00416687,39.6978,-1.14333,6.93732,91.5643,-2.78429,2.37523,3.82919,1.19817,-0.962995,2.72897,-0.0256437,5.97441
0.920692,0.00426914,0.390244,-0.00426557,39.8175,-1.14425,6.83746,91.6639,-2.78715,2.39232,3.82919,1.19817,-0.962995,2.72897,-0.0256437,5.97441
0.920719,0.00420302,0.39018,-0.00431105,39.9379,-1.14531,6.73733,91.7637,-2.79001,2.40916,3.82919,1.19817,-0.962995,2.72897,-0.0256437,5.97441
0.920682,0.00422959,0.390264,-0.00454774,40.0589,-1.14574,6.63693,91.8639,-2.79287,2.42575,3.82919,1.19817,-0.962995,2.72897,-0.0256437,5.97441
0.920632,0.0042857,0.390383,-0.00450769,40.17,-1.14529,6.64079,91.8972,-2.79254,3.39276,3.82928,1.20011,-0.963044,2.74935,-0.0267764,5.99509
0.920598,0.00436999,0.390463,-0.00433755,40.2923,-1.14575,6.53997,91.9979,-2.79541,3.40911,3.82928,1.20011,-0.963044,2.74935,-0.0267764,5.99509
0.920572,0.00430299,0.390525,-0.00438368,40.4141,-1.1463,6.43822,92.0989,-2.79827,3.4252,3.82928,1.20011,-0.963044,2.74935,-0.0267764,5.99509
0.920596,0.00414279,0.390474,-0.00405438,40.5363,-1.14735,6.33644,92.2003,-2.80114,3.44104,3.82928,1.20011,-0.963044,2.74935,-0.0267764,5.99509
0.920651,0.00398723,0.390345,-0.00399448,40.6587,-1.14862,6.23447,92.3019,-2.80401,3.45663,3.82928,1.20011,-0.963044,2.74935,-0.0267764,5.99509
0.920627,0.00404882,0.390401,-0.00397997,40.7822,-1.1491,6.13163,92.4039,-2.80688,3.47196,3.82928,1.20011,-0.963044,2.74935,-0.0267764,5.99509
0.920613,0.00411745,0.390436,-0.00377929,40.9064,-1.14961,6.02904,92.5061,-2.80976,3.48703,3.82928,1.20011,-0.963044,2.74935,-0.0267764,5.99509
0.920617,0.0043256,0.390425,-0.00376944,41.0312,-1.15026,5.92532,92.6087,-2.81263,3.50184,3.82928,1.20011,-0.963044,2.74935,-0.0267764,5.99509
0.920608,0.00428204,0.390447,-0.00373752,41.1555,-1.15078,5.82153,92.7116,-2.81551,3.5164,3.82928,1.20011,-0.963044,2.74935,-0.0267764,5.99509
0.92065,0.00436187,0.390346,-0.00371453,41.2805,-1.15179,5.71723,92.8148,-2.81839,3.53069,3.82928,1.20011,-0.963044,2.74935,-0.0267764,5.99509
0.920642,0.00434107,0.390366,-0.00380031,41.4053,-1.15233,5.61241,92.9183,-2.82127,3.54472,3.82928,1.20011,-0.963044,2.74935,-0.0267764,5.99509
0.920694,0.00419191,0.390248,-0.00337681,41.5303,-1.15351,5.50756,93.0222,-2.82415,3.55849,3.82928,1.20011,-0.963044,2.74935,-0.0267764,5.99509
0.920709,0.00412168,0.390215,-0.00333167,41.6557,-1.15415,5.40278,93.1263,-2.82704,3.572,3.82928,1.20011,-0.963044,2.74935,-0.0267764,5.99509
0.920747,0.00419726,0.390125,-0.0033372,41.7818,-1.15502,5.29736,93.2308,-2.82993,3.58524,3.82928,1.20011,-0.963044,2.74935,-0.0267764,5.99509
0.920717,0.00422958,0.390193,-0.00349729,41.9078,-1.15527,5.19117,93.3355,-2.83282,3.59822,3.82928,1.20011,-0.963044,2.74935,-0.0267764,5.99509
0.920726,0.0043386,0.390171,-0.00344545,42.0347,-1.15587,5.08245,93.4424,-2.83579,3.58672,3.82928,1.20003,-0.963044,2.74879,-0.0267464,5.99452
0.92074,0.00441992,0.390136,-0.00345533,42.1616,-1.15652,4.97619,93.5478,-2.83868,3.59916,3.82928,1.20003,-0.963044,2.74879,-0.0267464,5.99452
0.920824,0.00443874,0.389937,-0.00352111,42.2885,-1.15787,4.86961,93.6535,-2.84158,3.61134,3.82928,1.20003,-0.963044,2.74879,-0.0267464,5.99452
0.920865,0.0043337,0.389841,-0.00368278,42.4152,-1.15886,4.76264,93.7596,-2.84447,3.62324,3.82928,1.20003,-0.963044,2.74879,-0.0267464,5.99452
0.920888,0.00441068,0.389786,-0.00348068,42.5432,-1.15965,4.6559,93.8659,-2.84737,3.63488,3.82928,1.20003,-0.963044,2.74879,-0.0267464,5.99452
0.920861,0.00435936,0.389852,-0.00339378,42.6709,-1.15987,4.54919,93.9726,-2.85027,3.64626,3.82928,1.20003,-0.963044,2.74879,-0.0267464,5.99452
0.920899,0.00439685,0.389763,-0.00342663,42.7991,-1.16074,4.44167,94.0796,-2.85317,3.65736,3.82928,1.20003,-0.963044,2.74879,-0.0267464,5.99452
0.920934,0.00434514,0.389679,-0.00344625,42.9272,-1.16159,4.33409,94.1869,-2.85608,3.6682,3.82928,1.20003,-0.963044,2.74879,-0.0267464,5.99452
0.920944,0.00420883,0.389658,-0.00339201,43.0555,-1.1622,4.22658,94.2946,-2.85898,3.67876,3.82928,1.20003,-0.963044,2.74879,-0.0267464,5.99452
0.920927,0.00410943,0.389699,-0.00344623,43.1839,-1.16257,4.1184,94.4025,-2.86189,3.68906,3.82928,1.20003,-0.963044,2.74879,-0.0267464,5.99452
0.920914,0.00409721,0.38973,-0.00342124,43.3131,-1.16298,4.01011,94.5108,-2.8648,3.69908,3.82928,1.20003,-0.963044,2.74879,-0.0267464,5.99452
0.920944,0.00389636,0.389661,-0.00337405,43.4419,-1.16382,3.90192,94.6194,-2.86771,3.70884,3.82928,1.20003,-0.963044,2.74879,-0.0267464,5.99452
0.920992,0.00379451,0.389551,-0.00306254,43.5715,-1.16485,3.79315,94.7283,-2.87062,3.71832,3.82928,1.20003,-0.963044,2.74879,-0.0267464,5.99452
0.920955,0.00378543,0.38964,-0.00304787,43.7014,-1.16493,3.68403,94.8376,-2.87353,3.72753,3.82928,1.20003,-0.963044,2.74879,-0.0267464,5.99452
0.920963,0.00378014,0.389619,-0.00321379,43.8314,-1.16553,3.57401,94.9472,-2.87644,3.73647,3.82928,1.20003,-0.963044,2.74879,-0.0267464,5.99452
0.920993,0.00365054,0.389549,-0.00319928,43.9343,-1.1652,3.01158,95.2996,-2.89046,0.59281,3.82932,1.1856,-0.963247,2.67095,-0.0226782,5.91572
0.921025,0.00365424,0.389474,-0.00316045,44.065,-1.16607,2.90137,95.4097,-2.89338,0.600063,3.82932,1.1856,-0.963247,2.67095,-0.0226782,5.91572
0.921048,0.00363346,0.389418,-0.00326504,44.1959,-1.16685,2.79084,95.5202,-2.8963,0.60704,3.82932,1.1856,-0.963247,2.67095,-0.0226782,5.91572
0.921076,0.00361279,0.389353,-0.00319303,44.3273,-1.16765,2.68069,95.631,-2.89922,0.613742,3.82932,1.1856,-0.963247,2.67095,-0.0226782,5.91572
0.921063,0.00361505,0.389383,-0.00323614,44.4589,-1.16807,2.56983,95.7422,-2.90214,0.620166,3.82932,1.1856,-0.963247,2.67095,-0.0226782,5.91572
0.921065,0.00378004,0.389374,-0.00353906,44.591,-1.16866,2.45815,95.8537,-2.90506,0.626312,3.82932,1.1856,-0.963247,2.67095,-0.0226782,5.91572
0.921068,0.00366323,0.389369,-0.00352714,44.7225,-1.16931,2.3475,95.9655,-2.90798,0.632181,3.82932,1.1856,-0.963247,2.67095,-0.0226782,5.91572
0.921089,0.00350373,0.389319,-0.00360984,44.8533,-1.1702,2.23686,96.0776,-2.91091,0.637773,3.82932,1.1856,-0.963247,2.67095,-0.0226782,5.91572
0.921031,0.00358199,0.389456,-0.00357404,44.9849,-1.17029,2.1265,96.1901,-2.91383,0.643089,3.82932,1.1856,-0.963247,2.67095,-0.0226782,5.91572
0.920995,0.00365807,0.389537,-0.00403638,45.1159,-1.17055,2.01652,96.3029,-2.91676,0.64813,3.82932,1.1856,-0.963247,2.67095,-0.0226782,5.91572
0.921007,0.0034873,0.389511,-0.00395706,45.2462,-1.17145,1.90721,96.416,-2.91969,0.652898,3.82932,1.1856,-0.963247,2.67095,-0.0226782,5.91572
0.921019,0.00356983,0.389482,-0.00388409,45.3771,-1.17233,1.79777,96.5294,-2.92262,0.657393,3.82932,1.1856,-0.963247,2.67095,-0.0226782,5.91572
0.920945,0.0035115,0.389658,-0.00373396,45.5073,-1.17231,1.68902,96.6432,-2.92555,0.661615,3.82932,1.1856,-0.963247,2.67095,-0.0226782,5.91572
0.920943,0.00348875,0.389662,-0.00393328,45.637,-1.17301,1.57978,96.7573,-2.92848,0.665565,3.82932,1.1856,-0.963247,2.67095,-0.0226782,5.91572
0.920948,0.00344859,0.389651,-0.00382562,45.7668,-1.1738,1.4714,96.8717,-2.93142,0.669243,3.82932,1.1856,-0.963247,2.67095,-0.0226782,5.91572
0.920885,0.00351074,0.3898,-0.00388108,45.9026,-1.17427,1.40586,96.9658,-2.93344,0.933051,3.8293,1.18723,-0.96321,2.67782,-0.0230272,5.92267
0.920982,0.00348216,0.389569,-0.00389869,46.0323,-1.176,1.29696,97.0809,-2.93638,0.936293,3.8293,1.18723,-0.96321,2.67782,-0.0230272,5.92267
0.920989,0.00348107,0.389553,-0.00400406,46.1626,-1.17684,1.18731,97.1963,-2.93932,0.939262,3.8293,1.18723,-0.96321,2.67782,-0.0230272,5.92267
0.921011,0.00345301,0.389502,-0.00378991,46.2938,-1.17779,1.07806,97.312,-2.94227,0.941957,3.8293,1.18723,-0.96321,2.67782,-0.0230272,5.92267
0.921019,0.00334216,0.389484,-0.00384969,46.4249,-1.17863,0.967368,97.4281,-2.94521,0.944375,3.8293,1.18723,-0.96321,2.67782,-0.0230272,5.92267
0.921001,0.00343856,0.389526,-0.00387547,46.5574,-1.17923,0.855883,97.5445,-2.94816,0.946515,3.8293,1.18723,-0.96321,2.67782,-0.0230272,5.92267
0.920963,0.00354491,0.38961,-0.00433974,46.6903,-1.17958,0.744155,97.6612,-2.95111,0.948375,3.8293,1.18723,-0.96321,2.67782,-0.0230272,5.92267
0.920968,0.00359542,0.3896,-0.0042195,46.8239,-1.18049,0.632044,97.7783,-2.95406,0.949955,3.8293,1.18723,-0.96321,2.67782,-0.0230272,5.92267
0.920968,0.00365284,0.389599,-0.00419145,46.9581,-1.18134,0.519002,97.8957,-2.95701,0.951253,3.8293,1.18723,-0.96321,2.67782,-0.0230272,5.92267
0.921009,0.00365683,0.389501,-0.00415988,47.0926,-1.1826,0.405487,98.0134,-2.95997,0.952267,3.8293,1.18723,-0.96321,2.67782,-0.0230272,5.92267
0.921041,0.00353169,0.38943,-0.00383517,47.2273,-1.18372,0.292185,98.1315,-2.96293,0.952997,3.8293,1.18723,-0.96321,2.67782,-0.0230272,5.92267
0.921042,0.00347035,0.389429,-0.00382906,47.362,-1.18448,0.178327,98.2499,-2.96589,0.953443,3.8293,1.18723,-0.96321,2.67782,-0.0230272,5.92267
0.921037,0.00347552,0.38944,-0.00387729,47.4969,-1.1852,0.064123,98.3686,-2.96885,0.953603,3.8293,1.18723,-0.96321,2.67782,-0.0230272,5.92267
0.921014,0.00329144,0.389497,-0.0038505,47.6313,-1.18574,-0.0495982,98.4877,-2.97182,0.953479,3.8293,1.18723,-0.96321,2.67782,-0.0230272,5.92267
0.920993,0.00333754,0.389542,-0.00428832,47.7662,-1.18634,-0.164068,98.6071,-2.97478,0.953069,3.8293,1.18723,-0.96321,2.67782,-0.0230272,5.92267
0.920978,0.00343982,0.389575,-0.00432012,47.9817,-1.19176,0.0667009,98.5842,-2.97174,2.72834,3.82898,1.20184,-0.962781,2.72772,-0.0254898,5.97306
0.920949,0.00342686,0.389644,-0.00427321,48.1168,-1.19238,-0.0473986,98.7045,-2.97472,2.72822,3.82898,1.20184,-0.962781,2.72772,-0.0254898,5.97306
0.920871,0.0034876,0.389829,-0.0042468,48.2522,-1.1925,-0.161784,98.8251,-2.97771,2.72782,3.82898,1.20184,-0.962781,2.72772,-0.0254898,5.97306
0.920884,0.00364468,0.389798,-0.0041792,48.388,-1.19345,-0.276081,98.9461,-2.98069,2.72713,3.82898,1.20184,-0.962781,2.72772,-0.0254898,5.97306
0.920928,0.00363624,0.389695,-0.00417777,48.5232,-1.19472,-0.390513,99.0674,-2.98368,2.72615,3.82898,1.20184,-0.962781,2.72772,-0.0254898,5.97306
0.920897,0.00346346,0.389767,-0.00421324,48.6579,-1.19529,-0.504898,99.189,-2.98666,2.72489,3.82898,1.20184,-0.962781,2.72772,-0.0254898,5.97306
0.920879,0.0035016,0.389811,-0.00418469,48.7934,-1.19597,-0.619435,99.311,-2.98965,2.72334,3.82898,1.20184,-0.962781,2.72772,-0.0254898,5.97306
0.920917,0.00348672,0.389722,-0.00395268,48.9289,-1.19722,-0.734138,99.4333,-2.99265,2.7215,3.82898,1.20184,-0.962781,2.72772,-0.0254898,5.97306
0.920954,0.00351816,0.389635,-0.00408023,49.0643,-1.1984,-0.849264,99.556,-2.99564,2.71938,3.82898,1.20184,-0.962781,2.72772,-0.0254898,5.97306
0.920938,0.00345471,0.389673,-0.00407844,49.1996,-1.19906,-0.963848,99.679,-2.99864,2.71697,3.82898,1.20184,-0.962781,2.72772,-0.0254898,5.97306
0.921007,0.00344585,0.389508,-0.00414675,49.3351,-1.20059,-1.07876,99.8023,-3.00164,2.71427,3.82898,1.20184,-0.962781,2.72772,-0.0254898,5.97306
0.92106,0.00337433,0.389388,-0.00370083,49.4709,-1.20193,-1.19303,99.926,-3.00465,2.71129,3.82898,1.20184,-0.962781,2.72772,-0.0254898,5.97306
0.921125,0.00346316,0.389235,-0.0037162,49.607,-1.20326,-1.30792,100.05,-3.00766,2.70802,3.82898,1.20184,-0.962781,2.72772,-0.0254898,5.97306
0.921143,0.00338909,0.389192,-0.00368094,49.7427,-1.20412,-1.42242,100.174,-3.01067,2.70447,3.82898,1.20184,-0.962781,2.72772,-0.0254898,5.97306
0.921143,0.00350093,0.389189,-0.00378862,49.8789,-1.20483,-1.53775,100.299,-3.01368,2.70062,3.82898,1.20184,-0.962781,2.72772,-0.0254898,5.97306
0.921129,0.00362687,0.389218,-0.00414822,50.0582,-1.20794,-1.51665,100.376,-3.01483,3.29214,3.82881,1.20808,-0.96257,2.74546,-0.0263411,5.99095
0.921147,0.00378662,0.389172,-0.00425824,50.1946,-1.20895,-1.63215,100.502,-3.01785,3.28806,3.82881,1.20808,-0.96257,2.74546,-0.0263411,5.99095
0.921204,0.00381508,0.389038,-0.00430895,50.3308,-1.21035,-1.74726,100.628,-3.02087,3.28369,3.82881,1.20808,-0.96257,2.74546,-0.0263411,5.99095
0.921173,0.00379656,0.389111,-0.00423563,50.467,-1.21086,-1.86192,100.754,-3.0239,3.27903,3.82881,1.20808,-0.96257,2.74546,-0.0263411,5.99095
0.921158,0.0039179,0.389143,-0.00445744,50.6036,-1.21148,-1.97687,100.88,-3.02693,3.27409,3.82881,1.20808,-0.96257,2.74546,-0.0263411,5.99095
0.921219,0.00386431,0.388999,-0.0045904,50.7395,-1.213,-2.09227,101.007,-3.02996,3.26886,3.82881,1.20808,-0.96257,2.74546,-0.0263411,5.99095
0.921179,0.00389514,0.389094,-0.00452635,50.876,-1.2135,-2.20717,101.134,-3.033,3.26334,3.82881,1.20808,-0.96257,2.74546,-0.0263411,5.99095
0.921134,0.00396147,0.389199,-0.00459835,51.0125,-1.21398,-2.32267,101.262,-3.03603,3.25753,3.82881,1.20808,-0.96257,2.74546,-0.0263411,5.99095
0.921113,0.00392174,0.389245,-0.00484137,51.1483,-1.21469,-2.43766,101.39,-3.03907,3.25144,3.82881,1.20808,-0.96257,2.74546,-0.0263411,5.99095
0.921098,0.00407275,0.389277,-0.00496345,51.2846,-1.21557,-2.55309,101.518,-3.04211,3.24506,3.82881,1.20808,-0.96257,2.74546,-0.0263411,5.99095
0.921097,0.00406713,0.389281,-0.00489543,51.4204,-1.21654,-2.66739,101.647,-3.04515,3.23839,3.82881,1.20808,-0.96257,2.74546,-0.0263411,5.99095
0.921101,0.00412483,0.389271,-0.00501328,51.556,-1.2176,-2.78222,101.775,-3.04819,3.23143,3.82881,1.20808,-0.96257,2.74546,-0.0263411,5.99095
0.921165,0.00404895,0.389128,-0.00432783,51.6915,-1.21926,-2.89617,101.905,-3.05124,3.22419,3.82881,1.20808,-0.96257,2.74546,-0.0263411,5.99095
0.921175,0.00406296,0.389101,-0.00441912,51.8266,-1.22018,-3.01035,102.034,-3.05429,3.21667,3.82881,1.20808,-0.96257,2.74546,-0.0263411,5.99095
0.921158,0.00413909,0.38914,-0.00451654,51.9616,-1.22085,-3.12442,102.164,-3.05734,3.20886,3.82881,1.20808,-0.96257,2.74546,-0.0263411,5.99095
0.921143,0.00405516,0.389179,-0.00442482,52.202,-1.22789,-2.97002,102.217,-3.0577,4.19283,3.82841,1.22097,-0.962091,2.77665,-0.0277983,6.02237
0.921151,0.00408225,0.389159,-0.00438055,52.3366,-1.22875,-3.08305,102.348,-3.06078,4.18512,3.82841,1.22097,-0.962091,2.77665,-0.0277983,6.02237
0.921117,0.0040604,0.389241,-0.00433889,52.4709,-1.22918,-3.19585,102.479,-3.06385,4.17713,3.82841,1.22097,-0.962091,2.77665,-0.0277983,6.02237
0.921151,0.00404982,0.389161,-0.00419645,52.6052,-1.23023,-3.30807,102.611,-3.06693,4.16886,3.82841,1.22097,-0.962091,2.77665,-0.0277983,6.02237
0.921204,0.0040366,0.389037,-0.00408538,52.7392,-1.23142,-3.42013,102.743,-3.07,4.16031,3.82841,1.22097,-0.962091,2.77665,-0.0277983,6.02237
0.921152,0.00415131,0.389152,-0.00475879,52.8729,-1.23156,-3.53256,102.875,-3.07308,4.15148,3.82841,1.22097,-0.962091,2.77665,-0.0277983,6.02237
0.92117,0.00421518,0.389108,-0.00474628,53.0066,-1.23261,-3.64466,103.007,-3.07616,4.14237,3.82841,1.22097,-0.962091,2.77665,-0.0277983,6.02237
0.921181,0.00411608,0.389086,-0.00463434,53.1397,-1.23355,-3.75594,103.14,-3.07925,4.13298,3.82841,1.22097,-0.962091,2.77665,-0.0277983,6.02237
0.921211,0.00411613,0.389015,-0.00463245,53.2727,-1.23469,-3.86751,103.273,-3.08233,4.12331,3.82841,1.22097,-0.962091,2.77665,-0.0277983,6.02237
0.92119,0.00400314,0.389063,-0.00479325,53.4052,-1.23529,-3.97832,103.407,-3.08542,4.11337,3.82841,1.22097,-0.962091,2.77665,-0.0277983,6.02237
0.921187,0.00405564,0.38907,-0.00478898,53.538,-1.23616,-4.08953,103.541,-3.08851,4.10314,3.82841,1.22097,-0.962091,2.77665,-0.0277983,6.02237
0.921242,0.00416326,0.388938,-0.00484218,53.6708,-1.23761,-4.20077,103.675,-3.09161,4.09264,3.82841,1.22097,-0.962091,2.77665,-0.0277983,6.02237
0.921261,0.00426889,0.388891,-0.00482792,53.8034,-1.23868,-4.31153,103.809,-3.0947,4.08186,3.82841,1.22097,-0.962091,2.77665,-0.0277983,6.02237
0.92127,0.0041709,0.388875,-0.00464221,53.9354,-1.23959,-4.42133,103.944,-3.0978,4.07081,3.82841,1.22097,-0.962091,2.77665,-0.0277983,6.02237
0.921297,0.0039543,0.388812,-0.00466652,54.0664,-1.24071,-4.53127,104.079,-3.10091,4.05948,3.82841,1.22097,-0.962091,2.77665,-0.0277983,6.02237
0.921297,0.00390977,0.388813,-0.0045474,54.4386,-1.2562,-4.12607,104.096,-3.10061,5.6696,3.82753,1.24647,-0.96108,2.83017,-0.0302346,6.07621
0.921335,0.00395239,0.388725,-0.0044001,54.5704,-1.25733,-4.23532,104.232,-3.10375,5.65901,3.82753,1.24647,-0.96108,2.83017,-0.0302346,6.07621
0.921342,0.00393943,0.388707,-0.00446072,54.7016,-1.25816,-4.34486,104.369,-3.1069,5.64815,3.82753,1.24647,-0.96108,2.83017,-0.0302346,6.07621
0.921402,0.00397908,0.388565,-0.00447636,54.8328,-1.25954,-4.45419,104.506,-3.11005,5.63701,3.82753,1.24647,-0.96108,2.83017,-0.0302346,6.07621
0.921429,0.0039323,0.388502,-0.00439359,54.9636,-1.26055,-4.56281,104.644,-3.1132,5.62561,3.82753,1.24647,-0.96108,2.83017,-0.0302346,6.07621
0.921464,0.00410253,0.388418,-0.00441682,55.0949,-1.26163,-4.67187,104.781,-3.11635,5.61393,3.82753,1.24647,-0.96108,2.83017,-0.0302346,6.07621
0.921482,0.00415922,0.388376,-0.00419126,55.2259,-1.26245,-4.77963,104.919,-3.11951,5.60198,3.82753,1.24647,-0.96108,2.83017,-0.0302346,6.07621
0.921523,0.00420595,0.38828,-0.00411937,55.3565,-1.26346,-4.88769,105.058,-3.12267,5.58976,3.82753,1.24647,-0.96108,2.83017,-0.0302346,6.07621
0.921593,0.00425639,0.388112,-0.00420058,55.4867,-1.26478,-4.99602,105.197,-3.12583,5.57727,3.82753,1.24647,-0.96108,2.83017,-0.0302346,6.07621
0.921622,0.00422452,0.388043,-0.00417797,55.6166,-1.26569,-5.10362,105.336,-3.12899,5.56451,3.82753,1.24647,-0.96108,2.83017,-0.0302346,6.07621
0.92163,0.00420783,0.388025,-0.00420412,55.7463,-1.26636,-5.21087,105.475,-3.13216,5.55148,3.82753,1.24647,-0.96108,2.83017,-0.0302346,6.07621
0.921638,0.004105,0.388005,-0.00426415,55.8754,-1.2671,-5.31818,105.615,-3.13533,5.53819,3.82753,1.24647,-0.96108,2.83017,-0.0302346,6.07621
0.921667,0.00419283,0.387937,-0.00423533,56.0051,-1.26802,-5.42521,105.755,-3.1385,5.52462,3.82753,1.24647,-0.96108,2.83017,-0.0302346,6.07621
0.921662,0.00410616,0.387948,-0.00422419,56.1339,-1.26862,-5.53181,105.895,-3.14167,5.51079,3.82753,1.24647,-0.96108,2.83017,-0.0302346,6.07621
0.921692,0.00410411,0.387879,-0.0040417,56.2629,-1.26954,-5.63816,106.036,-3.14484,5.4967,3.82753,1.24647,-0.96108,2.83017,-0.0302346,6.07621
0.921684,0.00424603,0.387897,-0.00409859,56.4532,-1.2738,-5.62938,106.156,-3.14763,5.79263,3.82732,1.25225,-0.96084,2.84085,-0.030709,6.08694
0.921703,0.00415461,0.387853,-0.00415217,56.5813,-1.27459,-5.73549,106.298,-3.15081,5.77829,3.82732,1.25225,-0.96084,2.84085,-0.030709,6.08694
0.921694,0.004145,0.387874,-0.00415604,56.7095,-1.2751,-5.84131,106.439,-3.154,5.76368,3.82732,1.25225,-0.96084,2.84085,-0.030709,6.08694
0.921731,0.00422539,0.387788,-0.00396914,56.8379,-1.27607,-5.94706,106.582,-3.15719,5.74882,3.82732,1.25225,-0.96084,2.84085,-0.030709,6.08694
0.921798,0.00423333,0.387626,-0.00402151,56.9657,-1.27729,-6.05255,106.724,-3.16039,5.73368,3.82732,1.25225,-0.96084,2.84085,-0.030709,6.08694
0.921857,0.00430621,0.387484,-0.00406716,57.0935,-1.27842,-6.15784,106.867,-3.16358,5.71829,3.82732,1.25225,-0.96084,2.84085,-0.030709,6.08694
0.921912,0.00419922,0.387355,-0.00410778,57.2206,-1.27953,-6.26258,107.01,-3.16678,5.70263,3.82732,1.25225,-0.96084,2.84085,-0.030709,6.08694
0.921934,0.00427075,0.387303,-0.00407062,57.3481,-1.2803,-6.36719,107.153,-3.16998,5.68672,3.82732,1.25225,-0.96084,2.84085,-0.030709,6.08694
0.921961,0.00425456,0.38724,-0.00398726,57.4752,-1.28109,-6.47113,107.297,-3.17318,5.67054,3.82732,1.25225,-0.96084,2.84085,-0.030709,6.08694
0.922009,0.00418694,0.387127,-0.00386574,57.602,-1.28204,-6.5746,107.441,-3.17639,5.6541,3.82732,1.25225,-0.96084,2.84085,-0.030709,6.08694
0.922059,0.0043333,0.387005,-0.00388757,57.7292,-1.28302,-6.67862,107.585,-3.1796,5.6374,3.82732,1.25225,-0.96084,2.84085,-0.030709,6.08694
0.922062,0.00426489,0.386998,-0.00401729,57.8554,-1.2835,-6.7818,107.73,-3.18281,5.62045,3.82732,1.25225,-0.96084,2.84085,-0.030709,6.08694
0.922069,0.00422707,0.386983,-0.00388525,57.9817,-1.28404,-6.88454,107.875,-3.18602,5.60324,3.82732,1.25225,-0.96084,2.84085,-0.030709,6.08694
0.922121,0.00417754,0.386859,-0.00396804,58.1074,-1.28507,-6.98775,108.02,-3.18923,5.58577,3.82732,1.25225,-0.96084,2.84085,-0.030709,6.08694
0.922131,0.00409149,0.386836,-0.00390089,58.2331,-1.28566,-7.09014,108.166,-3.19244,5.56804,3.82732,1.25225,-0.96084,2.84085,-0.030709,6.08694
0.922131,0.00402304,0.386835,-0.00416504,59.0508,-1.32881,-6.01125,108.162,-3.19525,8.27304,3.82505,1.31119,-0.958312,2.938,-0.0349196,6.18441
0.922223,0.00412934,0.386613,-0.00423619,59.1765,-1.33033,-6.1139,108.31,-3.19858,8.25776,3.82505,1.31119,-0.958312,2.938,-0.0349196,6.18441
0.922245,0.0041896,0.386559,-0.00425728,59.3019,-1.33116,-6.21605,108.458,-3.20191,8.24222,3.82505,1.31119,-0.958312,2.938,-0.0349196,6.18441
0.922204,0.00413521,0.386658,-0.00427616,59.4267,-1.33136,-6.31782,108.607,-3.20524,8.22642,3.82505,1.31119,-0.958312,2.938,-0.0349196,6.18441
0.922189,0.00421953,0.386689,-0.00463365,59.5515,-1.33181,-6.41962,108.756,-3.20857,8.21037,3.82505,1.31119,-0.958312,2.938,-0.0349196,6.18441
0.922196,0.00428391,0.386668,-0.00479756,59.676,-1.33265,-6.52162,108.905,-3.2119,8.19407,3.82505,1.31119,-0.958312,2.938,-0.0349196,6.18441
0.922225,0.00426763,0.386602,-0.00473254,59.8004,-1.33366,-6.62244,109.054,-3.21523,8.17751,3.82505,1.31119,-0.958312,2.938,-0.0349196,6.18441
0.922224,0.00427592,0.386601,-0.00486904,59.9243,-1.33444,-6.72377,109.204,-3.21857,8.1607,3.82505,1.31119,-0.958312,2.938,-0.0349196,6.18441
0.922206,0.00421711,0.386644,-0.00501097,60.048,-1.33498,-6.82385,109.354,-3.22191,8.14364,3.82505,1.31119,-0.958312,2.938,-0.0349196,6.18441
0.922179,0.00431023,0.386708,-0.00487978,60.1721,-1.33549,-6.92393,109.505,-3.22524,8.12633,3.82505,1.31119,-0.958312,2.938,-0.0349196,6.18441
0.922202,0.00426371,0.386656,-0.00482101,60.2954,-1.33647,-7.02381,109.656,-3.22859,8.10877,3.82505,1.31119,-0.958312,2.938,-0.0349196,6.18441
0.922218,0.00427927,0.386616,-0.00480996,60.4187,-1.33738,-7.12371,109.807,-3.23193,8.09096,3.82505,1.31119,-0.958312,2.938,-0.0349196,6.18441
0.922326,0.00422646,0.386373,-0.00378358,60.542,-1.33926,-7.22359,109.958,-3.23528,8.07291,3.82505,1.31119,-0.958312,2.938,-0.0349196,6.18441
0.922364,0.00421122,0.386281,-0.00376454,60.6648,-1.34006,-7.32286,110.11,-3.23863,8.0546,3.82505,1.31119,-0.958312,2.938,-0.0349196,6.18441
0.922397,0.00425327,0.386202,-0.00378097,60.7875,-1.34081,-7.42209,110.262,-3.24198,8.03604,3.82505,1.31119,-0.958312,2.938,-0.0349196,6.18441
0.922457,0.00411143,0.38606,-0.0037568,61.2185,-1.36088,-7.03351,110.375,-3.24653,8.98697,3.82409,1.33518,-0.957259,2.97362,-0.0364269,6.22011
0.922512,0.00401322,0.385931,-0.00348465,61.3404,-1.36191,-7.13232,110.528,-3.24994,8.96914,3.82409,1.33518,-0.957259,2.97362,-0.0364269,6.22011
0.922532,0.00410604,0.385885,-0.00339721,61.4629,-1.36242,-7.23048,110.682,-3.25334,8.95106,3.82409,1.33518,-0.957259,2.97362,-0.0364269,6.22011
0.922592,0.0040756,0.385739,-0.00358924,61.5844,-1.3634,-7.32917,110.836,-3.25675,8.93274,3.82409,1.33518,-0.957259,2.97362,-0.0364269,6.22011
0.922623,0.00410434,0.385665,-0.00355074,61.7062,-1.36406,-7.42689,110.99,-3.26016,8.91417,3.82409,1.33518,-0.957259,2.97362,-0.0364269,6.22011
0.922653,0.00418052,0.385593,-0.00357007,61.8278,-1.36472,-7.52463,111.145,-3.26357,8.89536,3.82409,1.33518,-0.957259,2.97362,-0.0364269,6.22011
0.922637,0.00412594,0.385631,-0.00354226,61.9489,-1.36491,-7.62179,111.3,-3.26699,8.8763,3.82409,1.33518,-0.957259,2.97362,-0.0364269,6.22011
0.922676,0.00414337,0.38554,-0.00338303,62.0701,-1.36559,-7.71833,111.455,-3.2704,8.85701,3.82409,1.33518,-0.957259,2.97362,-0.0364269,6.22011
0.922685,0.00419403,0.385517,-0.00337338,62.1911,-1.36597,-7.81522,111.61,-3.27381,8.83747,3.82409,1.33518,-0.957259,2.97362,-0.0364269,6.22011
0.922694,0.00425882,0.385492,-0.00362447,62.3117,-1.36634,-7.91193,111.766,-3.27723,8.81769,3.82409,1.33518,-0.957259,2.97362,-0.0364269,6.22011
0.922724,0.00436485,0.385417,-0.00374673,62.4322,-1.36703,-8.00887,111.922,-3.28065,8.79767,3.82409,1.33518,-0.957259,2.97362,-0.0364269,6.22011
0.922709,0.00435825,0.385454,-0.00367193,62.5524,-1.36723,-8.10473,112.078,-3.28407,8.77741,3.82409,1.33518,-0.957259,2.97362,-0.0364269,6.22011
0.922739,0.00445457,0.385382,-0.00369876,62.6726,-1.36789,-8.20087,112.235,-3.28749,8.7569,3.82409,1.33518,-0.957259,2.97362,-0.0364269,6.22011
0.922734,0.00434463,0.385394,-0.0039417,62.7919,-1.36816,-8.29618,112.392,-3.29091,8.73616,3.82409,1.33518,-0.957259,2.97362,-0.0364269,6.22011
0.922723,0.00434019,0.385418,-0.0039648,62.9113,-1.36851,-8.39175,112.549,-3.29433,8.71518,3.82409,1.33518,-0.957259,2.97362,-0.0364269,6.22011
0.922769,0.00435603,0.385307,-0.004021,62.7911,-1.35471,-8.84141,112.72,-3.29596,8.08029,3.82479,1.31808,-0.958022,2.95056,-0.0354735,6.19703
0.922798,0.00434696,0.385236,-0.00416152,62.91,-1.35551,-8.93694,112.877,-3.29935,8.05795,3.82479,1.31808,-0.958022,2.95056,-0.0354735,6.19703
0.922732,0.00442669,0.385386,-0.00499573,63.0289,-1.35529,-9.03158,113.035,-3.30274,8.03537,3.82479,1.31808,-0.958022,2.95056,-0.0354735,6.19703
0.922767,0.0043836,0.3853,-0.00514551,63.1472,-1.35645,-9.1267,113.193,-3.30613,8.01256,3.82479,1.31808,-0.958022,2.95056,-0.0354735,6.19703
0.922889,0.0043624,0.385005,-0.00522358,63.2656,-1.35851,-9.22132,113.351,-3.30952,7.9895,3.82479,1.31808,-0.958022,2.95056,-0.0354735,6.19703
0.92292,0.00428319,0.384935,-0.00509241,63.3839,-1.35961,-9.31489,113.509,-3.31292,7.96621,3.82479,1.31808,-0.958022,2.95056,-0.0354735,6.19703
0.922954,0.0042195,0.384858,-0.00480747,63.5018,-1.36083,-9.4093,113.668,-3.31632,7.94269,3.82479,1.31808,-0.958022,2.95056,-0.0354735,6.19703
0.923015,0.00419103,0.384711,-0.00475713,63.6199,-1.36215,-9.50276,113.827,-3.31973,7.91893,3.82479,1.31808,-0.958022,2.95056,-0.0354735,6.19703
0.922992,0.00414168,0.384769,-0.00474696,63.7375,-1.36262,-9.59614,113.987,-3.32314,7.89494,3.82479,1.31808,-0.958022,2.95056,-0.0354735,6.19703
0.923012,0.00404598,0.384722,-0.00464149,63.855,-1.36351,-9.68889,114.146,-3.32654,7.87072,3.82479,1.31808,-0.958022,2.95056,-0.0354735,6.19703
0.923015,0.00402746,0.384715,-0.00467889,63.9724,-1.36422,-9.78176,114.306,-3.32996,7.84627,3.82479,1.31808,-0.958022,2.95056,-0.0354735,6.19703
0.923047,0.00405298,0.384636,-0.00470176,64.0897,-1.36525,-9.87472,114.466,-3.33337,7.82158,3.82479,1.31808,-0.958022,2.95056,-0.0354735,6.19703
0.923073,0.00399468,0.384574,-0.00481158,64.2064,-1.36626,-9.96764,114.627,-3.33678,7.79666,3.82479,1.31808,-0.958022,2.95056,-0.0354735,6.19703
0.923134,0.00399666,0.384428,-0.0048016,64.3233,-1.36761,-10.06,114.788,-3.3402,7.77151,3.82479,1.31808,-0.958022,2.95056,-0.0354735,6.19703
0.923114,0.00396824,0.384473,-0.00501448,64.4399,-1.36811,-10.1517,114.949,-3.34362,7.74613,3.82479,1.31808,-0.958022,2.95056,-0.0354735,6.19703
0.923069,0.00396378,0.384583,-0.00490727,65.9109,-1.45166,-8.34242,115.115,-3.36127,10.6109,3.82105,1.40761,-0.953975,3.06099,-0.039934,6.30734
0.923157,0.00398815,0.384369,-0.00503506,66.0271,-1.45336,-8.43465,115.28,-3.3649,10.5898,3.82105,1.40761,-0.953975,3.06099,-0.039934,6.30734
0.923189,0.00389003,0.384292,-0.00511516,66.1427,-1.45453,-8.52631,115.445,-3.36854,10.5685,3.82105,1.40761,-0.953975,3.06099,-0.039934,6.30734
0.923225,0.00389296,0.38421,-0.00477115,66.2588,-1.45577,-8.6178,115.611,-3.37217,10.547,3.82105,1.40761,-0.953975,3.06099,-0.039934,6.30734
0.92325,0.00389442,0.384151,-0.00464612,66.3747,-1.45672,-8.70843,115.777,-3.37582,10.5252,3.82105,1.40761,-0.953975,3.06099,-0.039934,6.30734
0.923303,0.00373518,0.384026,-0.0046239,66.4898,-1.45796,-8.79895,115.943,-3.37946,10.5032,3.82105,1.40761,-0.953975,3.06099,-0.039934,6.30734
0.923357,0.00376086,0.383895,-0.00468357,66.6052,-1.45924,-8.8898,116.11,-3.38311,10.481,3.82105,1.40761,-0.953975,3.06099,-0.039934,6.30734
0.923415,0.00379492,0.383762,-0.00413723,66.7208,-1.46056,-8.98008,116.276,-3.38676,10.4585,3.82105,1.40761,-0.953975,3.06099,-0.039934,6.30734
0.923417,0.0038212,0.383756,-0.00414955,66.8359,-1.46115,-9.07032,116.443,-3.39041,10.4358,3.82105,1.40761,-0.953975,3.06099,-0.039934,6.30734
0.923491,0.00374731,0.383581,-0.00410582,66.9506,-1.46244,-9.15996,116.611,-3.39407,10.4129,3.82105,1.40761,-0.953975,3.06099,-0.039934,6.30734
0.923487,0.00380057,0.383588,-0.00413579,67.0654,-1.46298,-9.24985,116.778,-3.39773,10.3898,3.82105,1.40761,-0.953975,3.06099,-0.039934,6.30734
0.923502,0.00392115,0.383551,-0.00426506,67.1802,-1.4637,-9.33981,116.946,-3.40139,10.3665,3.82105,1.40761,-0.953975,3.06099,-0.039934,6.30734
0.923542,0.0039513,0.383453,-0.00421507,67.2947,-1.46468,-9.42893,117.115,-3.40505,10.3429,3.82105,1.40761,-0.953975,3.06099,-0.039934,6.30734
0.923528,0.00408141,0.383485,-0.0042461,67.4092,-1.46511,-9.51829,117.283,-3.40871,10.3191,3.82105,1.40761,-0.953975,3.06099,-0.039934,6.30734
0.92357,0.00398751,0.383387,-0.00417074,67.5228,-1.46607,-9.60672,117.452,-3.41238,10.2951,3.82105,1.40761,-0.953975,3.06099,-0.039934,6.30734
0.923548,0.00405058,0.383434,-0.00455929,69.2189,-1.56357,-7.56783,117.705,-3.43681,13.1326,3.81691,1.50503,-0.949523,3.17139,-0.0442979,6.41743
0.923548,0.00396007,0.383436,-0.00446033,69.3322,-1.5642,-7.65578,117.878,-3.44072,13.1134,3.81691,1.50503,-0.949523,3.17139,-0.0442979,6.41743
0.923565,0.0041055,0.383394,-0.00449682,69.4459,-1.56501,-7.74434,118.052,-3.44464,13.0941,3.81691,1.50503,-0.949523,3.17139,-0.0442979,6.41743
0.9236,0.00393319,0.383311,-0.00456293,69.5583,-1.56602,-7.83231,118.225,-3.44855,13.0745,3.81691,1.50503,-0.949523,3.17139,-0.0442979,6.41743
0.923642,0.00383608,0.383215,-0.00424899,69.6709,-1.56717,-7.92033,118.4,-3.45247,13.0547,3.81691,1.50503,-0.949523,3.17139,-0.0442979,6.41743
0.923689,0.00387639,0.383101,-0.00415003,69.7839,-1.5682,-8.00757,118.574,-3.45639,13.0347,3.81691,1.50503,-0.949523,3.17139,-0.0442979,6.41743
0.923703,0.00405983,0.383065,-0.00420042,69.8971,-1.5689,-8.09533,118.749,-3.46031,13.0144,3.81691,1.50503,-0.949523,3.17139,-0.0442979,6.41743
0.923674,0.00388653,0.383137,-0.00418536,70.0088,-1.56917,-8.18215,118.924,-3.46424,12.994,3.81691,1.50503,-0.949523,3.17139,-0.0442979,6.41743
0.923699,0.00391883,0.383077,-0.00408205,70.1211,-1.56999,-8.26906,119.099,-3.46816,12.9733,3.81691,1.50503,-0.949523,3.17139,-0.0442979,6.41743
0.923714,0.00387735,0.383042,-0.00416272,70.2328,-1.57069,-8.35598,119.275,-3.47209,12.9524,3.81691,1.50503,-0.949523,3.17139,-0.0442979,6.41743
0.923781,0.00388348,0.38288,-0.00417621,70.3446,-1.57193,-8.44248,119.451,-3.47602,12.9313,3.81691,1.50503,-0.949523,3.17139,-0.0442979,6.41743
0.923809,0.00390805,0.382812,-0.00415691,70.4563,-1.57276,-8.52867,119.627,-3.47995,12.91,3.81691,1.50503,-0.949523,3.17139,-0.0442979,6.41743
0.923874,0.00386662,0.382659,-0.00368766,70.5676,-1.57406,-8.61519,119.803,-3.48388,12.8885,3.81691,1.50503,-0.949523,3.17139,-0.0442979,6.41743
0.923879,0.00382925,0.382648,-0.00364052,70.6787,-1.57452,-8.70074,119.98,-3.48782,12.8667,3.81691,1.50503,-0.949523,3.17139,-0.0442979,6.41743
0.92388,0.00386885,0.382648,-0.00346617,70.7901,-1.57489,-8.78574,120.157,-3.49176,12.8447,3.81691,1.50503,-0.949523,3.17139,-0.0442979,6.41743
0.923925,0.00372456,0.382538,-0.00357496,71.0457,-1.58467,-8.68255,120.348,-3.49794,13.0491,3.81655,1.51341,-0.949137,3.18016,-0.0446369,6.42616
0.92392,0.00375917,0.382547,-0.00397012,71.1563,-1.58501,-8.7678,120.526,-3.50191,13.0271,3.81655,1.51341,-0.949137,3.18016,-0.0446369,6.42616
0.923945,0.00385219,0.382485,-0.00398664,71.2671,-1.58578,-8.8529,120.704,-3.50587,13.005,3.81655,1.51341,-0.949137,3.18016,-0.0446369,6.42616
0.923944,0.00394186,0.382487,-0.00399478,71.3776,-1.58628,-8.93777,120.882,-3.50984,12.9827,3.81655,1.51341,-0.949137,3.18016,-0.0446369,6.42616
0.923991,0.00403803,0.382372,-0.00407793,71.4879,-1.58727,-9.02268,121.061,-3.5138,12.9601,3.81655,1.51341,-0.949137,3.18016,-0.0446369,6.42616
0.924019,0.00402611,0.382305,-0.00396378,71.5977,-1.5881,-9.10713,121.24,-3.51778,12.9373,3.81655,1.51341,-0.949137,3.18016,-0.0446369,6.42616
0.924053,0.00409499,0.382222,-0.00395654,71.7076,-1.58892,-9.19123,121.419,-3.52175,12.9144,3.81655,1.51341,-0.949137,3.18016,-0.0446369,6.42616
0.924085,0.00409512,0.382146,-0.00391512,71.8171,-1.5897,-9.27488,121.599,-3.52572,12.8912,3.81655,1.51341,-0.949137,3.18016,-0.0446369,6.42616
0.924166,0.00410611,0.381949,-0.00395198,71.9265,-1.59099,-9.35858,121.779,-3.5297,12.8678,3.81655,1.51341,-0.949137,3.18016,-0.0446369,6.42616
0.92418,0.00399794,0.381917,-0.00397054,72.0352,-1.59162,-9.44183,121.959,-3.53368,12.8442,3.81655,1.51341,-0.949137,3.18016,-0.0446369,6.42616
0.924157,0.00405218,0.381973,-0.00383651,72.1445,-1.59183,-9.52458,122.139,-3.53766,12.8204,3.81655,1.51341,-0.949137,3.18016,-0.0446369,6.42616
0.924226,0.00416156,0.381805,-0.00374814,72.2537,-1.59294,-9.60732,122.32,-3.54164,12.7963,3.81655,1.51341,-0.949137,3.18016,-0.0446369,6.42616
0.924235,0.00432439,0.381783,-0.0035926,72.3631,-1.59338,-9.68969,122.501,-3.54562,12.7721,3.81655,1.51341,-0.949137,3.18016,-0.0446369,6.42616
0.924197,0.0043111,0.381867,-0.00428022,72.4711,-1.59334,-9.77234,122.682,-3.54961,12.7477,3.81655,1.51341,-0.949137,3.18016,-0.0446369,6.42616
0.924252,0.00429757,0.381735,-0.00422389,72.5792,-1.59442,-9.85435,122.863,-3.55359,12.7231,3.81655,1.51341,-0.949137,3.18016,-0.0446369,6.42616
0.924289,0.00428014,0.381644,-0.00434634,72.6552,-1.59342,-9.97652,123.041,-3.55703,12.6552,3.81663,1.5117,-0.949216,3.1785,-0.0445742,6.42451
0.924337,0.0040218,0.381531,-0.004372,72.7619,-1.59448,-10.0579,123.223,-3.56101,12.6301,3.81663,1.5117,-0.949216,3.1785,-0.0445742,6.42451
0.924319,0.0040309,0.38157,-0.00478401,72.869,-1.59494,-10.14,123.405,-3.565,12.6047,3.81663,1.5117,-0.949216,3.1785,-0.0445742,6.42451
0.924352,0.00392422,0.381493,-0.00465359,72.976,-1.59595,-10.2205,123.587,-3.56899,12.5792,3.81663,1.5117,-0.949216,3.1785,-0.0445742,6.42451
0.92432,0.00400999,0.381569,-0.00472486,73.0831,-1.59633,-10.3018,123.77,-3.57298,12.5534,3.81663,1.5117,-0.949216,3.1785,-0.0445742,6.42451
0.92437,0.00397567,0.381449,-0.00466094,73.1897,-1.59751,-10.3822,123.953,-3.57697,12.5275,3.81663,1.5117,-0.949216,3.1785,-0.0445742,6.42451
0.924431,0.00396865,0.381307,-0.00402828,73.2963,-1.59886,-10.4628,124.136,-3.58097,12.5013,3.81663,1.5117,-0.949216,3.1785,-0.0445742,6.42451
0.924428,0.00396402,0.381316,-0.00392141,73.4027,-1.5993,-10.5425,124.32,-3.58497,12.475,3.81663,1.5117,-0.949216,3.1785,-0.0445742,6.42451
0.924428,0.00404449,0.381315,-0.00399301,73.5088,-1.59979,-10.6228,124.504,-3.58897,12.4484,3.81663,1.5117,-0.949216,3.1785,-0.0445742,6.42451
0.924482,0.00404414,0.381185,-0.00388688,73.6147,-1.60079,-10.702,124.688,-3.59297,12.4217,3.81663,1.5117,-0.949216,3.1785,-0.0445742,6.42451
0.924556,0.0038817,0.381014,-0.00321472,73.7198,-1.60206,-10.7813,124.872,-3.59698,12.3947,3.81663,1.5117,-0.949216,3.1785,-0.0445742,6.42451
0.924562,0.00398352,0.380996,-0.00329041,73.8253,-1.60243,-10.8607,125.057,-3.60098,12.3675,3.81663,1.5117,-0.949216,3.1785,-0.0445742,6.42451
0.924565,0.00401366,0.380989,-0.00326271,73.9305,-1.60275,-10.9394,125.241,-3.60499,12.3402,3.81663,1.5117,-0.949216,3.1785,-0.0445742,6.42451
0.924507,0.00403421,0.38113,-0.00317333,74.0354,-1.60243,-11.0177,125.426,-3.609,12.3127,3.81663,1.5117,-0.949216,3.1785,-0.0445742,6.42451
0.924552,0.00382052,0.381025,-0.00288964,74.1393,-1.60315,-11.0955,125.612,-3.613,12.2849,3.81663,1.5117,-0.949216,3.1785,-0.0445742,6.42451
0.924576,0.00385782,0.380966,-0.00290954,75.3644,-1.67204,-9.79795,125.985,-3.63883,13.6061,3.81414,1.56902,-0.946558,3.22997,-0.04648,6.47556
0.924635,0.0039007,0.380826,-0.00273269,75.4689,-1.67279,-9.87513,126.173,-3.64301,13.5814,3.81414,1.56902,-0.946558,3.22997,-0.04648,6.47556
0.924574,0.00385702,0.380972,-0.00279552,75.5724,-1.67236,-9.95282,126.362,-3.64719,13.5565,3.81414,1.56902,-0.946558,3.22997,-0.04648,6.47556
0.92463,0.0037872,0.38084,-0.00260358,75.6757,-1.67314,-10.0302,126.552,-3.65138,13.5314,3.81414,1.56902,-0.946558,3.22997,-0.04648,6.47556
0.92462,0.00382971,0.380863,-0.00270124,75.779,-1.67319,-10.1076,126.741,-3.65556,13.5061,3.81414,1.56902,-0.946558,3.22997,-0.04648,6.47556
0.924649,0.00386806,0.380793,-0.00264152,75.8822,-1.67363,-10.1842,126.931,-3.65974,13.4807,3.81414,1.56902,-0.946558,3.22997,-0.04648,6.47556
0.924613,0.00375795,0.38088,-0.00273786,75.9845,-1.67344,-10.2609,127.121,-3.66393,13.455,3.81414,1.56902,-0.946558,3.22997,-0.04648,6.47556
0.924674,0.00373225,0.380733,-0.00251101,76.0869,-1.67427,-10.3373,127.311,-3.66811,13.4292,3.81414,1.56902,-0.946558,3.22997,-0.04648,6.47556
0.924639,0.00364291,0.38082,-0.00248868,76.1889,-1.67403,-10.4131,127.501,-3.6723,13.4032,3.81414,1.56902,-0.946558,3.22997,-0.04648,6.47556
0.924699,0.00363706,0.380672,-0.00257504,76.2909,-1.67479,-10.4891,127.692,-3.67648,13.3769,3.81414,1.56902,-0.946558,3.22997,-0.04648,6.47556
0.924717,0.00368551,0.380629,-0.00253464,76.3929,-1.6751,-10.5645,127.883,-3.68067,13.3505,3.81414,1.56902,-0.946558,3.22997,-0.04648,6.47556
0.92476,0.0037414,0.380523,-0.00260952,76.4946,-1.6757,-10.6401,128.074,-3.68486,13.3239,3.81414,1.56902,-0.946558,3.22997,-0.04648,6.47556
0.924778,0.00377745,0.380479,-0.0026234,76.596,-1.67602,-10.7151,128.266,-3.68905,13.2971,3.81414,1.56902,-0.946558,3.22997,-0.04648,6.47556
0.924823,0.00372213,0.380371,-0.00256025,76.697,-1.67661,-10.7894,128.457,-3.69324,13.2702,3.81414,1.56902,-0.946558,3.22997,-0.04648,6.47556
0.924848,0.00388002,0.380309,-0.00252392,76.7985,-1.67697,-10.8639,128.649,-3.69744,13.243,3.81414,1.56902,-0.946558,3.22997,-0.04648,6.47556
0.924833,0.00409442,0.38034,-0.00316812,80.4759,-1.89412,-6.64152,129.55,-3.77759,17.0769,3.80659,1.74242,-0.938529,3.37473,-0.051718,6.61883
0.924898,0.00409544,0.38018,-0.00324499,80.5762,-1.89505,-6.71563,129.752,-3.78233,17.0601,3.80659,1.74242,-0.938529,3.37473,-0.051718,6.61883
0.924958,0.0040659,0.380033,-0.00328177,80.6763,-1.89595,-6.78927,129.954,-3.78707,17.0431,3.80659,1.74242,-0.938529,3.37473,-0.051718,6.61883
0.924997,0.00417207,0.379937,-0.00330733,80.7766,-1.89662,-6.86279,130.156,-3.79181,17.026,3.80659,1.74242,-0.938529,3.37473,-0.051718,6.61883
0.924955,0.00424661,0.380032,-0.00408928,80.8763,-1.89645,-6.93597,130.358,-3.79655,17.0086,3.80659,1.74242,-0.938529,3.37473,-0.051718,6.61883
0.925007,0.00426838,0.379902,-0.00417945,80.9757,-1.89748,-7.00909,130.56,-3.80129,16.9911,3.80659,1.74242,-0.938529,3.37473,-0.051718,6.61883
0.925004,0.00427882,0.37991,-0.00422695,81.0748,-1.89795,-7.0818,130.763,-3.80604,16.9734,3.80659,1.74242,-0.938529,3.37473,-0.051718,6.61883
0.925039,0.00431846,0.379824,-0.00419117,81.174,-1.8988,-7.15398,130.966,-3.81079,16.9555,3.80659,1.74242,-0.938529,3.37473,-0.051718,6.61883
0.925045,0.00427524,0.379811,-0.00414826,81.2726,-1.89933,-7.22573,131.169,-3.81553,16.9375,3.80659,1.74242,-0.938529,3.37473,-0.051718,6.61883
0.925093,0.00439396,0.379691,-0.00417818,81.3715,-1.90031,-7.29773,131.372,-3.82029,16.9192,3.80659,1.74242,-0.938529,3.37473,-0.051718,6.61883
0.925104,0.00428371,0.379669,-0.00406121,81.4696,-1.90086,-7.36862,131.576,-3.82504,16.9008,3.80659,1.74242,-0.938529,3.37473,-0.051718,6.61883
0.925124,0.00423934,0.37962,-0.00393072,81.5676,-1.90149,-7.4393,131.78,-3.82979,16.8822,3.80659,1.74242,-0.938529,3.37473,-0.051718,6.61883
0.925137,0.00441877,0.379587,-0.00389193,81.6661,-1.90203,-7.51028,131.984,-3.83455,16.8634,3.80659,1.74242,-0.938529,3.37473,-0.051718,6.61883
0.925179,0.00440257,0.379486,-0.00389545,81.7636,-1.90285,-7.58094,132.189,-3.8393,16.8445,3.80659,1.74242,-0.938529,3.37473,-0.051718,6.61883
0.925219,0.00424549,0.37939,-0.00388858,81.8603,-1.90366,-7.65109,132.393,-3.84406,16.8253,3.80659,1.74242,-0.938529,3.37473,-0.051718,6.61883
0.925225,0.0044193,0.379374,-0.00377264,83.643,-2.00618,-5.73316,132.981,-3.88745,18.4581,3.80321,1.82016,-0.934939,3.43517,-0.053855,6.67853
0.925227,0.0044548,0.379368,-0.00390768,83.7399,-2.00657,-5.80321,133.19,-3.89247,18.4436,3.80321,1.82016,-0.934939,3.43517,-0.053855,6.67853
0.925235,0.00437269,0.37935,-0.0039086,83.8361,-2.00705,-5.87274,133.4,-3.89749,18.4289,3.80321,1.82016,-0.934939,3.43517,-0.053855,6.67853
0.925231,0.00424527,0.37936,-0.00387142,83.932,-2.00742,-5.94181,133.609,-3.90251,18.4141,3.80321,1.82016,-0.934939,3.43517,-0.053855,6.67853
0.925261,0.00428757,0.379287,-0.00382641,84.0283,-2.00811,-6.01084,133.819,-3.90753,18.399,3.80321,1.82016,-0.934939,3.43517,-0.053855,6.67853
0.925264,0.00427163,0.37928,-0.00388543,84.1242,-2.0085,-6.07943,134.03,-3.91255,18.3838,3.80321,1.82016,-0.934939,3.43517,-0.053855,6.67853
0.925306,0.00426904,0.379177,-0.00386316,84.2198,-2.00933,-6.14795,134.24,-3.91757,18.3685,3.80321,1.82016,-0.934939,3.43517,-0.053855,6.67853
0.925389,0.00435636,0.378975,-0.00388977,84.3154,-2.01057,-6.21649,134.451,-3.9226,18.3529,3.80321,1.82016,-0.934939,3.43517,-0.053855,6.67853
0.92539,0.00435525,0.378971,-0.00392403,84.4105,-2.01099,-6.28467,134.662,-3.92763,18.3372,3.80321,1.82016,-0.934939,3.43517,-0.053855,6.67853
0.925419,0.0043725,0.378902,-0.00368083,84.5055,-2.0117,-6.35248,134.873,-3.93266,18.3213,3.80321,1.82016,-0.934939,3.43517,-0.053855,6.67853
0.925434,0.00442776,0.378865,-0.00380256,84.6002,-2.01222,-6.42053,135.085,-3.93769,18.3053,3.80321,1.82016,-0.934939,3.43517,-0.053855,6.67853
0.925432,0.00441099,0.378868,-0.00382042,84.6945,-2.01258,-6.48786,135.297,-3.94272,18.2891,3.80321,1.82016,-0.934939,3.43517,-0.053855,6.67853
0.925458,0.0045274,0.378802,-0.00390745,84.7889,-2.01323,-6.55537,135.509,-3.94775,18.2727,3.80321,1.82016,-0.934939,3.43517,-0.053855,6.67853
0.925461,0.00467756,0.378793,-0.00399041,84.8833,-2.01363,-6.62239,135.721,-3.95278,18.2561,3.80321,1.82016,-0.934939,3.43517,-0.053855,6.67853
0.925494,0.00477588,0.378711,-0.00404822,84.9773,-2.01436,-6.68924,135.933,-3.95782,18.2394,3.80321,1.82016,-0.934939,3.43517,-0.053855,6.67853
0.925532,0.00485136,0.378617,-0.00405788,87.4524,-2.15927,-3.98911,136.751,-4.02137,20.3674,3.79864,1.92508,-0.930105,3.51124,-0.0564799,6.75346
0.925529,0.00483188,0.378627,-0.00384506,87.5458,-2.15957,-4.05432,136.97,-4.02677,20.3572,3.79864,1.92508,-0.930105,3.51124,-0.0564799,6.75346
0.925554,0.0048595,0.378568,-0.00352695,87.6391,-2.16013,-4.11962,137.189,-4.03217,20.3469,3.79864,1.92508,-0.930105,3.51124,-0.0564799,6.75346
0.925579,0.00478462,0.378509,-0.00349973,87.7316,-2.16063,-4.18488,137.408,-4.03757,20.3365,3.79864,1.92508,-0.930105,3.51124,-0.0564799,6.75346
0.925626,0.00480075,0.378393,-0.00359575,87.824,-2.16138,-4.25044,137.628,-4.04297,20.3259,3.79864,1.92508,-0.930105,3.51124,-0.0564799,6.75346
0.925643,0.0047707,0.378349,-0.00373727,87.9159,-2.16187,-4.31583,137.848,-4.04838,20.3151,3.79864,1.92508,-0.930105,3.51124,-0.0564799,6.75346
0.925708,0.00458637,0.3782,-0.00297708,88.0075,-2.16287,-4.38009,138.068,-4.05378,20.3041,3.79864,1.92508,-0.930105,3.51124,-0.0564799,6.75346
0.925698,0.00458795,0.378222,-0.00307484,88.0992,-2.16294,-4.44485,138.288,-4.05919,20.293,3.79864,1.92508,-0.930105,3.51124,-0.0564799,6.75346
0.925692,0.00442749,0.37824,-0.00301689,88.1902,-2.16304,-4.50857,138.508,-4.0646,20.2817,3.79864,1.92508,-0.930105,3.51124,-0.0564799,6.75346
0.925717,0.00441591,0.378178,-0.00304107,88.2814,-2.16347,-4.57254,138.729,-4.07001,20.2703,3.79864,1.92508,-0.930105,3.51124,-0.0564799,6.75346
0.925734,0.00458782,0.378134,-0.00315862,88.3729,-2.16381,-4.6365,138.95,-4.07542,20.2587,3.79864,1.92508,-0.930105,3.51124,-0.0564799,6.75346
0.925795,0.00439185,0.377988,-0.00315109,88.463,-2.16461,-4.69955,139.171,-4.08083,20.247,3.79864,1.92508,-0.930105,3.51124,-0.0564799,6.75346
0.925796,0.0044838,0.377986,-0.00295881,88.5542,-2.16478,-4.76211,139.393,-4.08624,20.2351,3.79864,1.92508,-0.930105,3.51124,-0.0564799,6.75346
0.925864,0.00433633,0.377822,-0.00292536,88.6441,-2.16561,-4.82461,139.614,-4.09165,20.223,3.79864,1.92508,-0.930105,3.51124,-0.0564799,6.75346
0.925908,0.00428478,0.377716,-0.0026229,88.7342,-2.16621,-4.88676,139.836,-4.09707,20.2108,3.79864,1.92508,-0.930105,3.51124,-0.0564799,6.75346
0.925905,0.00425782,0.377723,-0.00259323,91.2262,-2.31149,-2.19501,140.73,-4.16536,22.2074,3.79423,2.02648,-0.925447,3.57984,-0.0587878,6.82085
0.925893,0.00412406,0.377755,-0.00256195,91.3153,-2.31145,-2.25675,140.959,-4.17114,22.2018,3.79423,2.02648,-0.925447,3.57984,-0.0587878,6.82085
0.92591,0.00408456,0.377713,-0.00251005,91.4045,-2.3117,-2.31827,141.187,-4.17691,22.196,3.79423,2.02648,-0.925447,3.57984,-0.0587878,6.82085
0.92592,0.00413296,0.377686,-0.00294714,91.4934,-2.3119,-2.38041,141.416,-4.18269,22.19,3.79423,2.02648,-0.925447,3.57984,-0.0587878,6.82085
0.925949,0.0042573,0.377613,-0.00282933,91.5827,-2.31234,-2.44136,141.645,-4.18848,22.1839,3.79423,2.02648,-0.925447,3.57984,-0.0587878,6.82085
0.92594,0.00429434,0.377635,-0.00287553,91.6713,-2.31239,-2.50249,141.874,-4.19426,22.1776,3.79423,2.02648,-0.925447,3.57984,-0.0587878,6.82085
0.925975,0.00418637,0.37755,-0.00295072,91.759,-2.31292,-2.56322,142.103,-4.20004,22.1712,3.79423,2.02648,-0.925447,3.57984,-0.0587878,6.82085
0.925953,0.00413871,0.377599,-0.00356085,91.8466,-2.31283,-2.62353,142.333,-4.20582,22.1647,3.79423,2.02648,-0.925447,3.57984,-0.0587878,6.82085
0.925915,0.00411842,0.377693,-0.00359768,91.9341,-2.31276,-2.68373,142.563,-4.2116,22.158,3.79423,2.02648,-0.925447,3.57984,-0.0587878,6.82085
0.925905,0.00410909,0.377718,-0.00357546,92.0214,-2.31297,-2.74346,142.793,-4.21739,22.1511,3.79423,2.02648,-0.925447,3.57984,-0.0587878,6.82085
0.925928,0.00413952,0.377659,-0.00360442,92.1085,-2.31353,-2.80315,143.023,-4.22317,22.1441,3.79423,2.02648,-0.925447,3.57984,-0.0587878,6.82085
0.925879,0.00431089,0.377769,-0.00446159,92.1957,-2.31331,-2.86281,143.254,-4.22895,22.1369,3.79423,2.02648,-0.925447,3.57984,-0.0587878,6.82085
0.925894,0.00423147,0.377734,-0.00448229,92.2818,-2.31396,-2.92176,143.484,-4.23474,22.1296,3.79423,2.02648,-0.925447,3.57984,-0.0587878,6.82085
0.925968,0.00412453,0.377551,-0.0045818,92.3676,-2.31525,-2.98065,143.715,-4.24053,22.1222,3.79423,2.02648,-0.925447,3.57984,-0.0587878,6.82085
0.926001,0.00416416,0.377471,-0.00447741,92.4538,-2.31609,-3.03874,143.946,-4.24632,22.1146,3.79423,2.02648,-0.925447,3.57984,-0.0587878,6.82085
0.926041,0.00400694,0.377383,-0.00390158,96.0245,-2.52745,0.853396,145.239,-4.34872,24.8406,3.78808,2.16787,-0.918989,3.66913,-0.0617089,6.90831
0.926066,0.00401139,0.37732,-0.00399564,96.1098,-2.52812,0.795237,145.479,-4.35504,24.8426,3.78808,2.16787,-0.918989,3.66913,-0.0617089,6.90831
0.926094,0.00383996,0.377254,-0.00388321,96.1946,-2.52879,0.738358,145.72,-4.36136,24.8444,3.78808,2.16787,-0.918989,3.66913,-0.0617089,6.90831
0.926149,0.00386046,0.377118,-0.00380486,96.2797,-2.52973,0.681378,145.961,-4.36769,24.8461,3.78808,2.16787,-0.918989,3.66913,-0.0617089,6.90831
0.926167,0.00391932,0.377075,-0.00379685,96.3645,-2.53029,0.624285,146.202,-4.37401,24.8477,3.78808,2.16787,-0.918989,3.66913,-0.0617089,6.90831
0.926173,0.00394972,0.37706,-0.00373866,96.4491,-2.5307,0.567783,146.443,-4.38034,24.8491,3.78808,2.16787,-0.918989,3.66913,-0.0617089,6.90831
0.926133,0.00388522,0.377157,-0.00381661,96.5329,-2.53067,0.511192,146.684,-4.38667,24.8504,3.78808,2.16787,-0.918989,3.66913,-0.0617089,6.90831
0.92617,0.00383828,0.377066,-0.00385897,96.6165,-2.53143,0.454994,146.926,-4.39299,24.8515,3.78808,2.16787,-0.918989,3.66913,-0.0617089,6.90831
0.926148,0.00373614,0.377118,-0.00426371,96.6996,-2.53155,0.399538,147.167,-4.39932,24.8525,3.78808,2.16787,-0.918989,3.66913,-0.0617089,6.90831
0.926156,0.00370336,0.377097,-0.00431554,96.7827,-2.53213,0.34383,147.409,-4.40565,24.8534,3.78808,2.16787,-0.918989,3.66913,-0.0617089,6.90831
0.926139,0.00367238,0.377139,-0.00430877,96.8656,-2.53244,0.288597,147.651,-4.41198,24.8541,3.78808,2.16787,-0.918989,3.66913,-0.0617089,6.90831
0.92613,0.00374548,0.377162,-0.00424429,96.9486,-2.53282,0.23369,147.894,-4.41832,24.8547,3.78808,2.16787,-0.918989,3.66913,-0.0617089,6.90831
0.926164,0.00369948,0.377083,-0.00389026,97.031,-2.53364,0.179159,148.136,-4.42465,24.8551,3.78808,2.16787,-0.918989,3.66913,-0.0617089,6.90831
0.926138,0.00359141,0.377148,-0.00394414,97.1127,-2.53378,0.124647,148.379,-4.43098,24.8554,3.78808,2.16787,-0.918989,3.66913,-0.0617089,6.90831
0.926096,0.00363634,0.377247,-0.00407983,97.1945,-2.53381,0.0698796,148.622,-4.43732,24.8556,3.78808,2.16787,-0.918989,3.66913,-0.0617089,6.90831
0.926091,0.00373291,0.377259,-0.00410851,97.4211,-2.54294,0.1781,148.913,-4.44789,24.9632,3.78783,2.17353,-0.918732,3.67247,-0.0618148,6.91157
0.926109,0.00373999,0.377217,-0.00398288,97.5025,-2.54353,0.124695,149.157,-4.45425,24.9635,3.78783,2.17353,-0.918732,3.67247,-0.0618148,6.91157
0.926141,0.00378771,0.377141,-0.00371987,97.5841,-2.5442,0.0721857,149.401,-4.46061,24.9636,3.78783,2.17353,-0.918732,3.67247,-0.0618148,6.91157
0.926117,0.00394354,0.377197,-0.00369531,97.6655,-2.5443,0.018937,149.645,-4.46697,24.9637,3.78783,2.17353,-0.918732,3.67247,-0.0618148,6.91157
0.926184,0.00393478,0.377032,-0.00371019,97.7459,-2.54531,-0.0339121,149.889,-4.47334,24.9636,3.78783,2.17353,-0.918732,3.67247,-0.0618148,6.91157
0.926176,0.00406263,0.377048,-0.00396756,97.8266,-2.54551,-0.0862473,150.134,-4.4797,24.9634,3.78783,2.17353,-0.918732,3.67247,-0.0618148,6.91157
0.926173,0.00414099,0.377056,-0.00404992,97.9067,-2.54586,-0.138916,150.378,-4.48607,24.963,3.78783,2.17353,-0.918732,3.67247,-0.0618148,6.91157
0.926168,0.0041038,0.377068,-0.00407781,97.9862,-2.54619,-0.190951,150.623,-4.49243,24.9626,3.78783,2.17353,-0.918732,3.67247,-0.0618148,6.91157
0.926133,0.00406497,0.377154,-0.00407372,98.0654,-2.54622,-0.242609,150.869,-4.4988,24.962,3.78783,2.17353,-0.918732,3.67247,-0.0618148,6.91157
0.92621,0.00390825,0.376975,-0.00312972,98.1442,-2.54743,-0.293617,151.114,-4.50517,24.9612,3.78783,2.17353,-0.918732,3.67247,-0.0618148,6.91157
0.926234,0.00386597,0.376916,-0.00312562,98.2229,-2.54788,-0.344681,151.359,-4.51153,24.9604,3.78783,2.17353,-0.918732,3.67247,-0.0618148,6.91157
0.926278,0.00386772,0.376808,-0.00312925,98.3015,-2.54853,-0.395545,151.605,-4.51791,24.9594,3.78783,2.17353,-0.918732,3.67247,-0.0618148,6.91157
0.92632,0.00368236,0.376707,-0.00309049,98.3792,-2.54916,-0.445695,151.851,-4.52428,24.9583,3.78783,2.17353,-0.918732,3.67247,-0.0618148,6.91157
0.926325,0.00376118,0.376691,-0.00336051,98.4576,-2.54938,-0.495743,152.097,-4.53065,24.957,3.78783,2.17353,-0.918732,3.67247,-0.0618148,6.91157
0.926322,0.00386692,0.376698,-0.00347912,98.5356,-2.54962,-0.546325,152.344,-4.53703,24.9557,3.78783,2.17353,-0.918732,3.67247,-0.0618148,6.91157
0.926293,0.0039451,0.376768,-0.00340725,101.967,-2.75252,3.1344,153.771,-4.64689,27.3336,3.78233,2.30036,-0.912999,3.74227,-0.0639583,6.97945
0.926351,0.00391146,0.376626,-0.00351234,102.044,-2.75338,3.08463,154.026,-4.65377,27.3413,3.78233,2.30036,-0.912999,3.74227,-0.0639583,6.97945
0.926346,0.00387593,0.376634,-0.00382188,102.121,-2.75361,3.0354,154.281,-4.66066,27.3489,3.78233,2.30036,-0.912999,3.74227,-0.0639583,6.97945
0.926316,0.00373858,0.37671,-0.00380702,102.197,-2.75363,2.98674,154.536,-4.66754,27.3564,3.78233,2.30036,-0.912999,3.74227,-0.0639583,6.97945
0.926313,0.00377549,0.376717,-0.00394144,102.273,-2.75397,2.93756,154.792,-4.67443,27.3637,3.78233,2.30036,-0.912999,3.74227,-0.0639583,6.97945
0.926302,0.00375802,0.376742,-0.00399695,102.349,-2.75424,2.88902,155.048,-4.68131,27.3709,3.78233,2.30036,-0.912999,3.74227,-0.0639583,6.97945
0.926304,0.00367433,0.376737,-0.00415715,102.425,-2.75464,2.84084,155.304,-4.6882,27.378,3.78233,2.30036,-0.912999,3.74227,-0.0639583,6.97945
0.926273,0.00361016,0.376814,-0.00416207,102.5,-2.75473,2.79307,155.56,-4.69508,27.385,3.78233,2.30036,-0.912999,3.74227,-0.0639583,6.97945
0.926299,0.00359625,0.376748,-0.00429808,102.575,-2.75544,2.74506,155.817,-4.70197,27.3919,3.78233,2.30036,-0.912999,3.74227,-0.0639583,6.97945
0.926328,0.00356476,0.376676,-0.00426729,102.65,-2.75618,2.69794,156.073,-4.70886,27.3986,3.78233,2.30036,-0.912999,3.74227,-0.0639583,6.97945
0.926308,0.00347124,0.376721,-0.00471588,102.724,-2.75643,2.65057,156.33,-4.71575,27.4053,3.78233,2.30036,-0.912999,3.74227,-0.0639583,6.97945
0.926337,0.00353224,0.376651,-0.00465281,102.799,-2.75723,2.60399,156.587,-4.72265,27.4118,3.78233,2.30036,-0.912999,3.74227,-0.0639583,6.97945
0.926296,0.00352506,0.376751,-0.00468669,102.873,-2.75732,2.55742,156.844,-4.72954,27.4182,3.78233,2.30036,-0.912999,3.74227,-0.0639583,6.97945
0.926293,0.00353382,0.376761,-0.00459378,102.947,-2.75778,2.51155,157.102,-4.73644,27.4244,3.78233,2.30036,-0.912999,3.74227,-0.0639583,6.97945
0.926383,0.00338924,0.376553,-0.00345257,103.02,-2.75925,2.4659,157.359,-4.74333,27.4306,3.78233,2.30036,-0.912999,3.74227,-0.0639583,6.97945
0.926345,0.00340081,0.376645,-0.00348065,109.461,-3.14516,9.44811,160.005,-4.95683,31.7879,3.77221,2.53388,-0.902513,3.86218,-0.0675087,7.09557
0.926335,0.00338836,0.37667,-0.00353207,109.534,-3.14535,9.40259,160.279,-4.96469,31.8114,3.77221,2.53388,-0.902513,3.86218,-0.0675087,7.09557
0.926353,0.00325182,0.376625,-0.00363938,109.606,-3.14586,9.35732,160.553,-4.97255,31.8348,3.77221,2.53388,-0.902513,3.86218,-0.0675087,7.09557
0.926396,0.00323092,0.376521,-0.00348549,109.679,-3.14666,9.31205,160.827,-4.98042,31.8581,3.77221,2.53388,-0.902513,3.86218,-0.0675087,7.09557
0.926392,0.00322806,0.376531,-0.00350574,109.751,-3.14692,9.26747,161.101,-4.98829,31.8812,3.77221,2.53388,-0.902513,3.86218,-0.0675087,7.09557
0.926379,0.00329165,0.376562,-0.00346903,109.823,-3.14707,9.22326,161.376,-4.99616,31.9043,3.77221,2.53388,-0.902513,3.86218,-0.0675087,7.09557
0.926382,0.00325766,0.376556,-0.00350579,109.895,-3.14739,9.1792,161.651,-5.00402,31.9272,3.77221,2.53388,-0.902513,3.86218,-0.0675087,7.09557
0.926415,0.00333491,0.376473,-0.00352184,109.966,-3.14806,9.13489,161.926,-5.01189,31.9501,3.77221,2.53388,-0.902513,3.86218,-0.0675087,7.09557
0.926448,0.00324461,0.376392,-0.00360257,110.037,-3.1487,9.09132,162.201,-5.01977,31.9728,3.77221,2.53388,-0.902513,3.86218,-0.0675087,7.09557
0.926404,0.00314688,0.3765,-0.00355617,110.107,-3.14856,9.04848,162.476,-5.02764,31.9954,3.77221,2.53388,-0.902513,3.86218,-0.0675087,7.09557
0.926382,0.00304395,0.376557,-0.00360177,110.178,-3.14864,9.00558,162.751,-5.03551,32.0179,3.77221,2.53388,-0.902513,3.86218,-0.0675087,7.09557
0.926402,0.00314168,0.376504,-0.00377402,110.248,-3.14918,8.96244,163.027,-5.04338,32.0403,3.77221,2.53388,-0.902513,3.86218,-0.0675087,7.09557
0.926431,0.00324537,0.376432,-0.0038157,110.319,-3.14982,8.91981,163.303,-5.05126,32.0626,3.77221,2.53388,-0.902513,3.86218,-0.0675087,7.09557
0.926432,0.00328207,0.376427,-0.00388912,110.388,-3.15019,8.87744,163.579,-5.05913,32.0848,3.77221,2.53388,-0.902513,3.86218,-0.0675087,7.09557
0.926469,0.00313804,0.376339,-0.00376861,110.458,-3.1509,8.8363,163.855,-5.06701,32.1069,3.77221,2.53388,-0.902513,3.86218,-0.0675087,7.09557
0.926474,0.00326094,0.376323,-0.00400687,110.175,-3.12989,8.40907,163.991,-5.0629,31.8956,3.77275,2.52133,-0.903073,3.85618,-0.0673377,7.08978
0.926439,0.0033345,0.376409,-0.00389911,110.245,-3.12988,8.36811,164.267,-5.07073,31.9165,3.77275,2.52133,-0.903073,3.85618,-0.0673377,7.08978
0.92645,0.00330776,0.376383,-0.00383336,110.313,-3.13032,8.32742,164.543,-5.07855,31.9373,3.77275,2.52133,-0.903073,3.85618,-0.0673377,7.08978
0.926456,0.00339206,0.376367,-0.00391481,110.382,-3.13073,8.28632,164.819,-5.08638,31.9581,3.77275,2.52133,-0.903073,3.85618,-0.0673377,7.08978
0.926509,0.00335821,0.376242,-0.0034987,110.45,-3.13162,8.2458,165.095,-5.09421,31.9787,3.77275,2.52133,-0.903073,3.85618,-0.0673377,7.08978
0.926514,0.00328285,0.376229,-0.00349051,110.518,-3.13194,8.20581,165.371,-5.10204,31.9992,3.77275,2.52133,-0.903073,3.85618,-0.0673377,7.08978
0.926519,0.00333664,0.376217,-0.00361614,110.585,-3.13228,8.16543,165.648,-5.10987,32.0196,3.77275,2.52133,-0.903073,3.85618,-0.0673377,7.08978
0.926562,0.00337734,0.37611,-0.00361424,110.653,-3.133,8.1258,165.924,-5.1177,32.0399,3.77275,2.52133,-0.903073,3.85618,-0.0673377,7.08978
0.926586,0.00357556,0.376048,-0.00367475,110.721,-3.13354,8.086,166.201,-5.12553,32.0601,3.77275,2.52133,-0.903073,3.85618,-0.0673377,7.08978
0.92663,0.00370513,0.375939,-0.00361316,110.788,-3.13424,8.04703,166.478,-5.13337,32.0802,3.77275,2.52133,-0.903073,3.85618,-0.0673377,7.08978
0.926615,0.00365678,0.375977,-0.00364217,110.854,-3.13435,8.00825,166.755,-5.14121,32.1003,3.77275,2.52133,-0.903073,3.85618,-0.0673377,7.08978
0.926587,0.00377113,0.376043,-0.00375098,110.921,-3.13434,7.96922,167.032,-5.14904,32.1202,3.77275,2.52133,-0.903073,3.85618,-0.0673377,7.08978
0.926607,0.00394023,0.375992,-0.00374238,110.987,-3.13481,7.93079,167.31,-5.15688,32.14,3.77275,2.52133,-0.903073,3.85618,-0.0673377,7.08978
0.926619,0.00401883,0.375964,-0.00358862,111.054,-3.13516,7.8933,167.587,-5.16472,32.1598,3.77275,2.52133,-0.903073,3.85618,-0.0673377,7.08978
0.926679,0.00392326,0.375817,-0.00347643,111.119,-3.13598,7.85619,167.865,-5.17256,32.1794,3.77275,2.52133,-0.903073,3.85618,-0.0673377,7.08978
0.926665,0.00379507,0.375854,-0.00330466,112.366,-3.20802,9.10821,168.64,-5.22265,32.965,3.77099,2.56244,-0.901252,3.87451,-0.0678387,7.10735
0.926678,0.00366254,0.375822,-0.00342514,112.431,-3.20834,9.07131,168.921,-5.23067,32.9877,3.77099,2.56244,-0.901252,3.87451,-0.0678387,7.10735
0.92671,0.00376114,0.375744,-0.00339201,112.496,-3.20887,9.03446,169.203,-5.23869,33.0103,3.77099,2.56244,-0.901252,3.87451,-0.0678387,7.10735
0.926687,0.00371318,0.375801,-0.00333814,112.56,-3.20883,8.99817,169.484,-5.24672,33.0327,3.77099,2.56244,-0.901252,3.87451,-0.0678387,7.10735
0.926735,0.00362139,0.375683,-0.00329639,112.624,-3.20951,8.96217,169.766,-5.25474,33.0552,3.77099,2.56244,-0.901252,3.87451,-0.0678387,7.10735
0.926721,0.00352902,0.375716,-0.00370465,112.688,-3.2095,8.92696,170.047,-5.26276,33.0775,3.77099,2.56244,-0.901252,3.87451,-0.0678387,7.10735
0.926769,0.00358817,0.375597,-0.00370727,112.752,-3.21025,8.89114,170.329,-5.27079,33.0997,3.77099,2.56244,-0.901252,3.87451,-0.0678387,7.10735
0.926739,0.00378165,0.375667,-0.00373537,112.816,-3.21021,8.8553,170.611,-5.27881,33.1218,3.77099,2.56244,-0.901252,3.87451,-0.0678387,7.10735
0.926708,0.00385676,0.375745,-0.0037478,112.879,-3.21013,8.81994,170.893,-5.28684,33.1439,3.77099,2.56244,-0.901252,3.87451,-0.0678387,7.10735
0.926727,0.00385228,0.375697,-0.00368846,112.942,-3.21058,8.78507,171.176,-5.29487,33.1658,3.77099,2.56244,-0.901252,3.87451,-0.0678387,7.10735
0.926763,0.00380407,0.375609,-0.00375447,113.004,-3.21119,8.75025,171.458,-5.30289,33.1877,3.77099,2.56244,-0.901252,3.87451,-0.0678387,7.10735
0.926792,0.00382157,0.375537,-0.00384807,113.066,-3.21175,8.71552,171.741,-5.31092,33.2095,3.77099,2.56244,-0.901252,3.87451,-0.0678387,7.10735
0.926847,0.00373511,0.375402,-0.00375102,113.128,-3.21256,8.6819,172.024,-5.31896,33.2312,3.77099,2.56244,-0.901252,3.87451,-0.0678387,7.10735
0.926841,0.00375456,0.375415,-0.00400201,113.19,-3.21271,8.64845,172.307,-5.32699,33.2528,3.77099,2.56244,-0.901252,3.87451,-0.0678387,7.10735
0.92683,0.00382589,0.375443,-0.00376584,113.252,-3.21284,8.61563,172.59,-5.33502,33.2744,3.77099,2.56244,-0.901252,3.87451,-0.0678387,7.10735
0.926827,0.00378984,0.375451,-0.00377914,118.717,-3.54328,14.4416,175.268,-5.54541,36.7382,3.76317,2.74605,-0.893178,3.95073,-0.0698292,7.17991
0.92685,0.00386409,0.375391,-0.00384771,118.778,-3.54378,14.4082,175.565,-5.55427,36.7742,3.76317,2.74605,-0.893178,3.95073,-0.0698292,7.17991
0.926862,0.00389447,0.375362,-0.0039311,118.839,-3.54415,14.3752,175.862,-5.56313,36.8102,3.76317,2.74605,-0.893178,3.95073,-0.0698292,7.17991
0.926919,0.00370641,0.375224,-0.00390521,118.899,-3.54499,14.3431,176.159,-5.572,36.846,3.76317,2.74605,-0.893178,3.95073,-0.0698292,7.17991
0.926907,0.00378585,0.375251,-0.00388725,118.959,-3.54514,14.3108,176.457,-5.58086,36.8818,3.76317,2.74605,-0.893178,3.95073,-0.0698292,7.17991
0.926925,0.00387857,0.375207,-0.00389015,119.019,-3.54557,14.2788,176.754,-5.58972,36.9175,3.76317,2.74605,-0.893178,3.95073,-0.0698292,7.17991
0.926922,0.00387234,0.375211,-0.00410081,119.079,-3.54579,14.2471,177.052,-5.59859,36.9531,3.76317,2.74605,-0.893178,3.95073,-0.0698292,7.17991
0.926984,0.00402796,0.375059,-0.00394868,119.139,-3.54667,14.216,177.35,-5.60745,36.9887,3.76317,2.74605,-0.893178,3.95073,-0.0698292,7.17991
0.927034,0.00396978,0.374935,-0.00403062,119.197,-3.54744,14.1848,177.648,-5.61632,37.0241,3.76317,2.74605,-0.893178,3.95073,-0.0698292,7.17991
0.927004,0.00393688,0.37501,-0.00410312,119.256,-3.5474,14.1537,177.946,-5.62519,37.0595,3.76317,2.74605,-0.893178,3.95073,-0.0698292,7.17991
0.92704,0.00399183,0.374922,-0.00371435,119.315,-3.54804,14.1233,178.244,-5.63406,37.0948,3.76317,2.74605,-0.893178,3.95073,-0.0698292,7.17991
0.927078,0.00401728,0.374831,-0.00352615,119.373,-3.5486,14.0937,178.543,-5.64293,37.13,3.76317,2.74605,-0.893178,3.95073,-0.0698292,7.17991
0.927048,0.00406996,0.374906,-0.00345946,119.432,-3.54846,14.0638,178.841,-5.6518,37.1652,3.76317,2.74605,-0.893178,3.95073,-0.0698292,7.17991
0.927016,0.00408316,0.374984,-0.00347476,119.489,-3.5483,14.034,179.14,-5.66068,37.2003,3.76317,2.74605,-0.893178,3.95073,-0.0698292,7.17991
0.927074,0.00407412,0.374845,-0.00301353,119.546,-3.54909,14.0041,179.439,-5.66955,37.2353,3.76317,2.74605,-0.893178,3.95073,-0.0698292,7.17991
0.927096,0.00412104,0.37479,-0.00307033,121.041,-3.63767,15.5257,180.408,-5.73478,38.1754,3.76114,2.79389,-0.891091,3.96919,-0.0702869,7.19735
0.92719,0.00413902,0.374555,-0.0031119,121.098,-3.63875,15.4966,180.71,-5.74388,38.2142,3.76114,2.79389,-0.891091,3.96919,-0.0702869,7.19735
0.927187,0.00405513,0.374565,-0.00307517,121.154,-3.63881,15.4682,181.013,-5.75298,38.2528,3.76114,2.79389,-0.891091,3.96919,-0.0702869,7.19735
0.927202,0.00393032,0.374527,-0.00316825,121.21,-3.63906,15.4401,181.316,-5.76208,38.2914,3.76114,2.79389,-0.891091,3.96919,-0.0702869,7.19735
0.927233,0.00392842,0.374451,-0.0032913,121.266,-3.63951,15.4116,181.619,-5.77117,38.33,3.76114,2.79389,-0.891091,3.96919,-0.0702869,7.19735
0.927228,0.00393398,0.374462,-0.00326048,121.322,-3.6396,15.3839,181.923,-5.78027,38.3684,3.76114,2.79389,-0.891091,3.96919,-0.0702869,7.19735
0.927269,0.00395851,0.374361,-0.00334886,121.377,-3.64016,15.356,182.226,-5.78937,38.4068,3.76114,2.79389,-0.891091,3.96919,-0.0702869,7.19735
0.927262,0.00392342,0.374375,-0.00369522,121.433,-3.64021,15.3289,182.53,-5.79847,38.4451,3.76114,2.79389,-0.891091,3.96919,-0.0702869,7.19735
0.927241,0.00397272,0.374426,-0.00365287,121.488,-3.64018,15.3019,182.833,-5.80757,38.4834,3.76114,2.79389,-0.891091,3.96919,-0.0702869,7.19735
0.927248,0.0040297,0.37441,-0.00347226,121.543,-3.6404,15.2757,183.137,-5.81668,38.5216,3.76114,2.79389,-0.891091,3.96919,-0.0702869,7.19735
0.927272,0.00408361,0.374347,-0.00366487,121.598,-3.64083,15.2485,183.441,-5.82578,38.5597,3.76114,2.79389,-0.891091,3.96919,-0.0702869,7.19735
0.927279,0.00398986,0.37433,-0.00384087,121.651,-3.6411,15.2219,183.745,-5.83488,38.5977,3.76114,2.79389,-0.891091,3.96919,-0.0702869,7.19735
0.927245,0.00409226,0.374413,-0.00388277,121.705,-3.64095,15.1956,184.05,-5.84398,38.6357,3.76114,2.79389,-0.891091,3.96919,-0.0702869,7.19735
0.927233,0.00408477,0.374444,-0.00381271,121.759,-3.64102,15.17,184.354,-5.85309,38.6737,3.76114,2.79389,-0.891091,3.96919,-0.0702869,7.19735
0.927262,0.00408258,0.374372,-0.00378872,121.813,-3.6415,15.1444,184.659,-5.86219,38.7115,3.76114,2.79389,-0.891091,3.96919,-0.0702869,7.19735
0.927318,0.00427473,0.374237,-0.0032141,126.898,-3.9528,20.5263,187.422,-6.07778,41.8988,3.75423,2.95836,-0.883971,4.02808,-0.0716643,7.25251
0.927356,0.00414827,0.374144,-0.0031111,126.951,-3.95327,20.5015,187.74,-6.08766,41.9501,3.75423,2.95836,-0.883971,4.02808,-0.0716643,7.25251
0.927395,0.00422935,0.374047,-0.00316118,127.005,-3.95376,20.4761,188.057,-6.09755,42.0012,3.75423,2.95836,-0.883971,4.02808,-0.0716643,7.25251
0.927455,0.00420085,0.373898,-0.00304627,127.058,-3.95446,20.4515,188.375,-6.10744,42.0524,3.75423,2.95836,-0.883971,4.02808,-0.0716643,7.25251
0.927467,0.00423469,0.373868,-0.0031157,127.111,-3.95463,20.4272,188.693,-6.11732,42.1034,3.75423,2.95836,-0.883971,4.02808,-0.0716643,7.25251
0.927479,0.00428429,0.373838,-0.00307004,127.164,-3.95483,20.4026,189.011,-6.12721,42.1544,3.75423,2.95836,-0.883971,4.02808,-0.0716643,7.25251
0.927529,0.00432606,0.373714,-0.00302049,127.217,-3.95541,20.3782,189.329,-6.1371,42.2054,3.75423,2.95836,-0.883971,4.02808,-0.0716643,7.25251
0.927543,0.00435074,0.373679,-0.002961,127.269,-3.95561,20.354,189.647,-6.14699,42.2563,3.75423,2.95836,-0.883971,4.02808,-0.0716643,7.25251
0.927571,0.00432579,0.37361,-0.00296626,127.322,-3.95597,20.3295,189.965,-6.15688,42.3071,3.75423,2.95836,-0.883971,4.02808,-0.0716643,7.25251
0.927557,0.00438354,0.373643,-0.00297075,127.374,-3.95589,20.3053,190.284,-6.16677,42.3579,3.75423,2.95836,-0.883971,4.02808,-0.0716643,7.25251
0.927572,0.00438689,0.373608,-0.00298312,127.426,-3.95609,20.2814,190.602,-6.17666,42.4086,3.75423,2.95836,-0.883971,4.02808,-0.0716643,7.25251
0.927538,0.00440741,0.373692,-0.0028848,127.478,-3.95578,20.258,190.921,-6.18655,42.4592,3.75423,2.95836,-0.883971,4.02808,-0.0716643,7.25251
0.927527,0.0043656,0.373715,-0.00338086,127.529,-3.9557,20.2343,191.24,-6.19644,42.5098,3.75423,2.95836,-0.883971,4.02808,-0.0716643,7.25251
0.927543,0.00431567,0.373677,-0.00334202,127.581,-3.95596,20.2111,191.559,-6.20633,42.5603,3.75423,2.95836,-0.883971,4.02808,-0.0716643,7.25251
0.9276,0.00429605,0.373536,-0.00326183,127.632,-3.95665,20.1881,191.878,-6.21622,42.6108,3.75423,2.95836,-0.883971,4.02808,-0.0716643,7.25251
0.927611,0.00427939,0.373509,-0.00320184,129.923,-4.09589,22.5647,193.343,-6.32222,44.0607,3.75122,3.03041,-0.880879,4.05198,-0.0721863,7.27466
0.927622,0.00429912,0.373481,-0.00332389,129.975,-4.09608,22.5418,193.668,-6.33246,44.117,3.75122,3.03041,-0.880879,4.05198,-0.0721863,7.27466
0.927652,0.00435316,0.373407,-0.00331392,130.026,-4.09649,22.519,193.993,-6.3427,44.1733,3.75122,3.03041,-0.880879,4.05198,-0.0721863,7.27466
0.927651,0.00435267,0.373407,-0.00345288,130.076,-4.0966,22.4959,194.318,-6.35294,44.2296,3.75122,3.03041,-0.880879,4.05198,-0.0721863,7.27466
0.927696,0.00450408,0.373296,-0.00333674,130.128,-4.09715,22.4736,194.644,-6.36318,44.2858,3.75122,3.03041,-0.880879,4.05198,-0.0721863,7.27466
0.927714,0.00448645,0.37325,-0.00323601,130.178,-4.09742,22.4517,194.969,-6.37343,44.3419,3.75122,3.03041,-0.880879,4.05198,-0.0721863,7.27466
0.927712,0.00440294,0.373258,-0.00313513,130.228,-4.09746,22.43,195.295,-6.38367,44.398,3.75122,3.03041,-0.880879,4.05198,-0.0721863,7.27466
0.927746,0.00445936,0.373172,-0.00311676,130.279,-4.09788,22.408,195.62,-6.39392,44.454,3.75122,3.03041,-0.880879,4.05198,-0.0721863,7.27466
0.927748,0.00436484,0.373168,-0.00312919,130.328,-4.09796,22.3862,195.946,-6.40416,44.5099,3.75122,3.03041,-0.880879,4.05198,-0.0721863,7.27466
0.927785,0.00439008,0.373079,-0.00291071,130.378,-4.09841,22.3646,196.272,-6.41441,44.5659,3.75122,3.03041,-0.880879,4.05198,-0.0721863,7.27466
0.927823,0.0042813,0.372985,-0.00306916,130.427,-4.09886,22.3426,196.598,-6.42465,44.6217,3.75122,3.03041,-0.880879,4.05198,-0.0721863,7.27466
0.927779,0.00430111,0.373093,-0.00312722,130.477,-4.09848,22.321,196.924,-6.4349,44.6775,3.75122,3.03041,-0.880879,4.05198,-0.0721863,7.27466
0.927795,0.00438845,0.37305,-0.00323682,130.526,-4.09874,22.2993,197.251,-6.44515,44.7333,3.75122,3.03041,-0.880879,4.05198,-0.0721863,7.27466
0.927819,0.00441628,0.37299,-0.00314283,130.576,-4.09906,22.2784,197.577,-6.45539,44.789,3.75122,3.03041,-0.880879,4.05198,-0.0721863,7.27466
0.927827,0.00435773,0.372972,-0.00309311,130.625,-4.0992,22.2577,197.904,-6.46564,44.8446,3.75122,3.03041,-0.880879,4.05198,-0.0721863,7.27466
0.927829,0.00435433,0.372967,-0.00313048,133.644,-4.28473,25.4082,199.818,-6.60889,46.757,3.74732,3.12453,-0.876882,4.0808,-0.0727652,7.30105
0.92783,0.00420809,0.372966,-0.00315811,133.692,-4.28481,25.3877,200.152,-6.61961,46.8205,3.74732,3.12453,-0.876882,4.0808,-0.0727652,7.30105
0.927851,0.00432319,0.372912,-0.00318127,133.741,-4.28509,25.3672,200.486,-6.63032,46.8839,3.74732,3.12453,-0.876882,4.0808,-0.0727652,7.30105
0.927873,0.00443961,0.372856,-0.00328337,133.79,-4.2854,25.3464,200.821,-6.64103,46.9473,3.74732,3.12453,-0.876882,4.0808,-0.0727652,7.30105
0.927874,0.00452823,0.372853,-0.0033156,133.838,-4.28549,25.326,201.155,-6.65174,47.0106,3.74732,3.12453,-0.876882,4.0808,-0.0727652,7.30105
0.927909,0.0045723,0.372766,-0.00323793,133.887,-4.28592,25.3062,201.49,-6.66246,47.0739,3.74732,3.12453,-0.876882,4.0808,-0.0727652,7.30105
0.927886,0.00452374,0.372818,-0.00378476,133.934,-4.28575,25.2864,201.825,-6.67317,47.1371,3.74732,3.12453,-0.876882,4.0808,-0.0727652,7.30105
0.927886,0.00454019,0.372813,-0.00407487,133.982,-4.28592,25.2657,202.16,-6.68389,47.2002,3.74732,3.12453,-0.876882,4.0808,-0.0727652,7.30105
0.927858,0.00451605,0.372884,-0.00409384,134.029,-4.2858,25.2461,202.495,-6.6946,47.2634,3.74732,3.12453,-0.876882,4.0808,-0.0727652,7.30105
0.927856,0.00451118,0.372891,-0.00395808,134.077,-4.28593,25.2273,202.83,-6.70532,47.3264,3.74732,3.12453,-0.876882,4.0808,-0.0727652,7.30105
0.927864,0.00458575,0.372871,-0.00393272,134.125,-4.28616,25.208,203.165,-6.71603,47.3894,3.74732,3.12453,-0.876882,4.0808,-0.0727652,7.30105
0.927881,0.00463891,0.372828,-0.00391804,134.172,-4.28648,25.1889,203.501,-6.72675,47.4524,3.74732,3.12453,-0.876882,4.0808,-0.0727652,7.30105
0.92787,0.00465763,0.372855,-0.00386864,134.219,-4.2865,25.1702,203.836,-6.73747,47.5153,3.74732,3.12453,-0.876882,4.0808,-0.0727652,7.30105
0.927899,0.00450614,0.372784,-0.00392067,134.266,-4.28694,25.1515,204.172,-6.74818,47.5782,3.74732,3.12453,-0.876882,4.0808,-0.0727652,7.30105
0.92798,0.00450496,0.372594,-0.00290296,134.312,-4.28795,25.1328,204.508,-6.7589,47.6411,3.74732,3.12453,-0.876882,4.0808,-0.0727652,7.30105
0.927977,0.00463281,0.372598,-0.0028253,134.756,-4.31284,25.5365,205.065,-6.78813,47.9524,3.74681,3.13692,-0.876362,4.08429,-0.0728282,7.3042
0.928005,0.00457349,0.372528,-0.00296954,134.802,-4.31315,25.5178,205.402,-6.79891,48.0162,3.74681,3.13692,-0.876362,4.08429,-0.0728282,7.3042
0.928006,0.00481448,0.372522,-0.00296897,134.849,-4.3132,25.4994,205.739,-6.80969,48.08,3.74681,3.13692,-0.876362,4.08429,-0.0728282,7.3042
0.92803,0.00484614,0.372463,-0.00294918,134.896,-4.31346,25.4812,206.076,-6.82048,48.1437,3.74681,3.13692,-0.876362,4.08429,-0.0728282,7.3042
0.928074,0.00463378,0.372356,-0.0029034,134.941,-4.31392,25.4639,206.413,-6.83126,48.2073,3.74681,3.13692,-0.876362,4.08429,-0.0728282,7.3042
0.928063,0.00459626,0.372385,-0.00284646,134.987,-4.31381,25.4465,206.751,-6.84205,48.2709,3.74681,3.13692,-0.876362,4.08429,-0.0728282,7.3042
0.928112,0.00458074,0.372263,-0.00276957,135.032,-4.31432,25.4293,207.088,-6.85283,48.3345,3.74681,3.13692,-0.876362,4.08429,-0.0728282,7.3042
0.928114,0.00458643,0.372256,-0.00307969,135.078,-4.31433,25.4121,207.426,-6.86362,48.398,3.74681,3.13692,-0.876362,4.08429,-0.0728282,7.3042
0.928103,0.00458431,0.372283,-0.00305784,135.123,-4.31425,25.395,207.764,-6.8744,48.4615,3.74681,3.13692,-0.876362,4.08429,-0.0728282,7.3042
0.928148,0.00458887,0.372171,-0.00305674,135.169,-4.31475,25.378,208.102,-6.88519,48.525,3.74681,3.13692,-0.876362,4.08429,-0.0728282,7.3042
0.928172,0.00467347,0.37211,-0.00305441,135.214,-4.31503,25.361,208.44,-6.89598,48.5884,3.74681,3.13692,-0.876362,4.08429,-0.0728282,7.3042
0.928082,0.00469745,0.372321,-0.00462939,135.259,-4.3141,25.344,208.778,-6.90676,48.6517,3.74681,3.13692,-0.876362,4.08429,-0.0728282,7.3042
0.928105,0.0046327,0.372259,-0.00474388,135.303,-4.31457,25.3271,209.116,-6.91755,48.7151,3.74681,3.13692,-0.876362,4.08429,-0.0728282,7.3042
0.928106,0.0046357,0.372256,-0.00477821,135.348,-4.31481,25.3105,209.455,-6.92834,48.7783,3.74681,3.13692,-0.876362,4.08429,-0.0728282,7.3042
0.928121,0.00462243,0.372219,-0.00480076,135.392,-4.31518,25.2942,209.793,-6.93912,48.8416,3.74681,3.13692,-0.876362,4.08429,-0.0728282,7.3042
0.928154,0.004527,0.372146,-0.0042082,136.47,-4.38114,26.3758,210.731,-7.0002,49.5565,3.7455,3.16888,-0.875037,4.09253,-0.0729579,7.3115
0.928166,0.0045922,0.372114,-0.00420458,136.515,-4.38142,26.3598,211.072,-7.01115,49.6224,3.7455,3.16888,-0.875037,4.09253,-0.0729579,7.3115
0.928246,0.0045377,0.371916,-0.00417953,136.559,-4.3824,26.3441,211.414,-7.02211,49.6883,3.7455,3.16888,-0.875037,4.09253,-0.0729579,7.3115
0.928221,0.00452982,0.371977,-0.00434233,136.602,-4.38232,26.3277,211.755,-7.03306,49.7541,3.7455,3.16888,-0.875037,4.09253,-0.0729579,7.3115
0.928227,0.0045547,0.371962,-0.0042458,136.647,-4.38257,26.3116,212.097,-7.04402,49.8199,3.7455,3.16888,-0.875037,4.09253,-0.0729579,7.3115
0.928177,0.00451005,0.372087,-0.00433282,136.691,-4.38222,26.2953,212.438,-7.05498,49.8856,3.7455,3.16888,-0.875037,4.09253,-0.0729579,7.3115
0.928174,0.00446357,0.372094,-0.0044947,136.735,-4.38239,26.2787,212.78,-7.06593,49.9513,3.7455,3.16888,-0.875037,4.09253,-0.0729579,7.3115
0.928139,0.00448947,0.37218,-0.0045307,136.779,-4.38223,26.2623,213.122,-7.07689,50.017,3.7455,3.16888,-0.875037,4.09253,-0.0729579,7.3115
0.928196,0.00448103,0.372048,-0.00367469,136.824,-4.38303,26.2461,213.464,-7.08784,50.0826,3.7455,3.16888,-0.875037,4.09253,-0.0729579,7.3115
0.928246,0.00451947,0.37192,-0.00381435,136.868,-4.38367,26.2292,213.806,-7.0988,50.1482,3.7455,3.16888,-0.875037,4.09253,-0.0729579,7.3115
0.928255,0.00450747,0.371899,-0.00370732,136.913,-4.38387,26.2131,214.149,-7.10976,50.2137,3.7455,3.16888,-0.875037,4.09253,-0.0729579,7.3115
0.928269,0.00452496,0.371864,-0.0037916,136.958,-4.38414,26.1962,214.491,-7.12072,50.2792,3.7455,3.16888,-0.875037,4.09253,-0.0729579,7.3115
0.928263,0.00450609,0.371875,-0.00401336,137.003,-4.3842,26.1794,214.834,-7.13168,50.3446,3.7455,3.16888,-0.875037,4.09253,-0.0729579,7.3115
0.928267,0.00456598,0.371867,-0.00391625,137.048,-4.38437,26.163,215.176,-7.14264,50.41,3.7455,3.16888,-0.875037,4.09253,-0.0729579,7.3115
0.928337,0.00472221,0.371691,-0.00388004,137.094,-4.38522,26.1462,215.519,-7.15361,50.4754,3.7455,3.16888,-0.875037,4.09253,-0.0729579,7.3115
0.928389,0.00465143,0.371559,-0.00390797,143.62,-4.79862,32.9928,219.76,-7.49266,54.6506,3.73743,3.36693,-0.866925,4.139,-0.0735666,7.3518
0.928391,0.00460697,0.371555,-0.00394403,143.664,-4.79876,32.9769,220.119,-7.50466,54.733,3.73743,3.36693,-0.866925,4.139,-0.0735666,7.3518
0.928414,0.00444022,0.371499,-0.00405184,143.707,-4.79913,32.9615,220.479,-7.51665,54.8154,3.73743,3.36693,-0.866925,4.139,-0.0735666,7.3518
0.928445,0.00458632,0.371419,-0.00404732,143.75,-4.7996,32.9467,220.838,-7.52865,54.8978,3.73743,3.36693,-0.866925,4.139,-0.0735666,7.3518
0.928477,0.00459041,0.371339,-0.00418894,143.792,-4.80007,32.9323,221.198,-7.54065,54.9801,3.73743,3.36693,-0.866925,4.139,-0.0735666,7.3518
0.928464,0.00446573,0.371372,-0.00433603,143.833,-4.80006,32.9193,221.557,-7.55265,55.0624,3.73743,3.36693,-0.866925,4.139,-0.0735666,7.3518
0.928488,0.00445692,0.371307,-0.00460023,143.874,-4.80051,32.9058,221.917,-7.56465,55.1447,3.73743,3.36693,-0.866925,4.139,-0.0735666,7.3518
0.928475,0.00437821,0.371341,-0.00454955,143.914,-4.80055,32.8942,222.277,-7.57666,55.2269,3.73743,3.36693,-0.866925,4.139,-0.0735666,7.3518
0.928475,0.004469,0.371339,-0.0047496,143.953,-4.80074,32.8821,222.637,-7.58866,55.3092,3.73743,3.36693,-0.866925,4.139,-0.0735666,7.3518
0.928451,0.00461745,0.371392,-0.00510581,143.992,-4.8007,32.8705,222.997,-7.60066,55.3913,3.73743,3.36693,-0.866925,4.139,-0.0735666,7.3518
0.928463,0.00461081,0.37136,-0.00517257,144.03,-4.80105,32.8604,223.357,-7.61266,55.4735,3.73743,3.36693,-0.866925,4.139,-0.0735666,7.3518
0.928505,0.00447611,0.371257,-0.00509437,144.067,-4.80168,32.8516,223.717,-7.62467,55.5556,3.73743,3.36693,-0.866925,4.139,-0.0735666,7.3518
0.928544,0.00443337,0.371161,-0.00507347,144.104,-4.80228,32.8431,224.077,-7.63667,55.6377,3.73743,3.36693,-0.866925,4.139,-0.0735666,7.3518
0.928547,0.00466379,0.371152,-0.00490827,144.141,-4.80251,32.8347,224.437,-7.64868,55.7198,3.73743,3.36693,-0.866925,4.139,-0.0735666,7.3518
0.928608,0.00458491,0.371001,-0.00498072,144.175,-4.80331,32.8273,224.798,-7.66069,55.8019,3.73743,3.36693,-0.866925,4.139,-0.0735666,7.3518
0.928618,0.00462598,0.370976,-0.00500161,146.283,-4.93683,35.0107,226.453,-7.78222,57.211,3.7349,3.4298,-0.864378,4.15233,-0.073702,7.36306
0.928564,0.00472477,0.37111,-0.00495221,146.318,-4.93644,35.0047,226.819,-7.79456,57.2985,3.7349,3.4298,-0.864378,4.15233,-0.073702,7.36306
0.928567,0.00472978,0.371106,-0.00467921,146.351,-4.9366,34.9997,227.185,-7.8069,57.386,3.7349,3.4298,-0.864378,4.15233,-0.073702,7.36306
0.928533,0.00477465,0.371192,-0.00458368,146.384,-4.93636,34.9954,227.551,-7.81924,57.4735,3.7349,3.4298,-0.864378,4.15233,-0.073702,7.36306
0.928592,0.00478343,0.371041,-0.00469746,146.416,-4.9371,34.991,227.917,-7.83159,57.561,3.7349,3.4298,-0.864378,4.15233,-0.073702,7.36306
0.928571,0.00470345,0.371095,-0.00466749,146.447,-4.93699,34.9879,228.283,-7.84393,57.6485,3.7349,3.4298,-0.864378,4.15233,-0.073702,7.36306
0.928586,0.00485645,0.371059,-0.00441022,146.478,-4.93726,34.9848,228.649,-7.85627,57.7359,3.7349,3.4298,-0.864378,4.15233,-0.073702,7.36306
0.928558,0.0048723,0.37113,-0.00431983,146.508,-4.93704,34.983,229.016,-7.86861,57.8234,3.7349,3.4298,-0.864378,4.15233,-0.073702,7.36306
0.928585,0.00487486,0.371062,-0.00435562,146.537,-4.93739,34.9816,229.382,-7.88096,57.9108,3.7349,3.4298,-0.864378,4.15233,-0.073702,7.36306
0.928576,0.00487829,0.371086,-0.00426425,146.565,-4.93735,34.9812,229.748,-7.8933,57.9983,3.7349,3.4298,-0.864378,4.15233,-0.073702,7.36306
0.928554,0.0049703,0.371136,-0.00461901,146.593,-4.93719,34.9805,230.115,-7.90564,58.0857,3.7349,3.4298,-0.864378,4.15233,-0.073702,7.36306
0.928561,0.00502709,0.371116,-0.0047066,146.62,-4.93735,34.9807,230.481,-7.91799,58.1732,3.7349,3.4298,-0.864378,4.15233,-0.073702,7.36306
0.928577,0.00501113,0.371076,-0.00470034,146.646,-4.93759,34.9821,230.848,-7.93033,58.2606,3.7349,3.4298,-0.864378,4.15233,-0.073702,7.36306
0.928593,0.0050081,0.371036,-0.00474002,146.672,-4.93782,34.9839,231.215,-7.94267,58.3481,3.7349,3.4298,-0.864378,4.15233,-0.073702,7.36306
0.928559,0.00511649,0.371116,-0.00505337,146.697,-4.93754,34.9863,231.581,-7.95502,58.4356,3.7349,3.4298,-0.864378,4.15233,-0.073702,7.36306
0.928525,0.00511084,0.371199,-0.00508415,148.983,-5.08397,37.3739,233.42,-8.09229,59.9977,3.73217,3.49816,-0.861638,4.1655,-0.0737947,7.37381
0.928536,0.00511832,0.371174,-0.00499639,149.006,-5.08415,37.3781,233.793,-8.105,60.0912,3.73217,3.49816,-0.861638,4.1655,-0.0737947,7.37381
0.92853,0.00510723,0.371188,-0.00500099,149.029,-5.08415,37.3826,234.166,-8.11771,60.1846,3.73217,3.49816,-0.861638,4.1655,-0.0737947,7.37381
0.928606,0.00519107,0.371014,-0.00367101,149.052,-5.08497,37.3881,234.538,-8.13042,60.2781,3.73217,3.49816,-0.861638,4.1655,-0.0737947,7.37381
0.928649,0.00519202,0.370902,-0.00389814,149.073,-5.08542,37.3932,234.911,-8.14314,60.3716,3.73217,3.49816,-0.861638,4.1655,-0.0737947,7.37381
0.928659,0.00535173,0.370876,-0.00387685,149.095,-5.08552,37.3995,235.284,-8.15585,60.4651,3.73217,3.49816,-0.861638,4.1655,-0.0737947,7.37381
0.928658,0.00543532,0.370879,-0.00380308,149.115,-5.08548,37.4068,235.656,-8.16856,60.5586,3.73217,3.49816,-0.861638,4.1655,-0.0737947,7.37381
0.928723,0.0055063,0.370722,-0.0028689,149.135,-5.08614,37.4147,236.029,-8.18128,60.6522,3.73217,3.49816,-0.861638,4.1655,-0.0737947,7.37381
0.928729,0.00548636,0.370708,-0.002841,149.154,-5.08612,37.4233,236.402,-8.19399,60.7457,3.73217,3.49816,-0.861638,4.1655,-0.0737947,7.37381
0.928758,0.0054952,0.370635,-0.00289721,149.172,-5.08635,37.4323,236.775,-8.20671,60.8393,3.73217,3.49816,-0.861638,4.1655,-0.0737947,7.37381
0.928736,0.00541375,0.370692,-0.00285573,149.189,-5.08603,37.4423,237.148,-8.21943,60.9329,3.73217,3.49816,-0.861638,4.1655,-0.0737947,7.37381
0.928715,0.00540431,0.370739,-0.00343649,149.206,-5.08574,37.4524,237.521,-8.23214,61.0265,3.73217,3.49816,-0.861638,4.1655,-0.0737947,7.37381
0.928733,0.00533651,0.370695,-0.0033467,149.222,-5.08587,37.4639,237.894,-8.24485,61.1202,3.73217,3.49816,-0.861638,4.1655,-0.0737947,7.37381
0.928769,0.00528456,0.370607,-0.00327785,149.237,-5.08617,37.476,238.267,-8.25757,61.2139,3.73217,3.49816,-0.861638,4.1655,-0.0737947,7.37381
0.928764,0.00533112,0.37062,-0.00323311,149.252,-5.08605,37.4885,238.64,-8.27029,61.3076,3.73217,3.49816,-0.861638,4.1655,-0.0737947,7.37381
0.928828,0.00542882,0.370464,-0.0024796,151.826,-5.25414,40.1981,240.757,-8.43105,63.1208,3.72911,3.57562,-0.858565,4.17929,-0.0738531,7.38464
0.928893,0.00546031,0.3703,-0.00248479,151.839,-5.25472,40.2117,241.137,-8.44419,63.2214,3.72911,3.57562,-0.858565,4.17929,-0.0738531,7.38464
0.928952,0.0055453,0.37015,-0.00251585,151.852,-5.25524,40.2259,241.517,-8.45733,63.3219,3.72911,3.57562,-0.858565,4.17929,-0.0738531,7.38464
0.928942,0.00546478,0.370177,-0.002586,151.864,-5.25503,40.2407,241.896,-8.47047,63.4225,3.72911,3.57562,-0.858565,4.17929,-0.0738531,7.38464
0.928914,0.0053814,0.370242,-0.00321058,151.875,-5.25464,40.2569,242.276,-8.4836,63.5232,3.72911,3.57562,-0.858565,4.17929,-0.0738531,7.38464
0.928899,0.00550874,0.37028,-0.0032049,151.885,-5.2544,40.2733,242.656,-8.49674,63.6238,3.72911,3.57562,-0.858565,4.17929,-0.0738531,7.38464
0.928952,0.00551752,0.370146,-0.00321,151.895,-5.25487,40.2907,243.035,-8.50988,63.7246,3.72911,3.57562,-0.858565,4.17929,-0.0738531,7.38464
0.928948,0.00550517,0.370156,-0.00328827,151.903,-5.25474,40.3088,243.415,-8.52301,63.8253,3.72911,3.57562,-0.858565,4.17929,-0.0738531,7.38464
0.928906,0.00548219,0.370254,-0.00401673,151.911,-5.25422,40.3278,243.795,-8.53615,63.9262,3.72911,3.57562,-0.858565,4.17929,-0.0738531,7.38464
0.928912,0.00546168,0.370239,-0.00409241,151.917,-5.2542,40.3475,244.175,-8.54928,64.027,3.72911,3.57562,-0.858565,4.17929,-0.0738531,7.38464
0.928916,0.00541552,0.370226,-0.00429106,151.923,-5.25417,40.3677,244.555,-8.56242,64.128,3.72911,3.57562,-0.858565,4.17929,-0.0738531,7.38464
0.928884,0.00562839,0.370303,-0.00426479,151.929,-5.25377,40.3891,244.934,-8.57555,64.2289,3.72911,3.57562,-0.858565,4.17929,-0.0738531,7.38464
0.928906,0.00566974,0.370252,-0.00387839,151.933,-5.25391,40.4112,245.314,-8.58869,64.33,3.72911,3.57562,-0.858565,4.17929,-0.0738531,7.38464
0.928903,0.00569275,0.37026,-0.00371312,151.936,-5.25378,40.4351,245.694,-8.60182,64.4311,3.72911,3.57562,-0.858565,4.17929,-0.0738531,7.38464
0.928857,0.00558128,0.370378,-0.00376382,151.938,-5.25319,40.4593,246.074,-8.61495,64.5322,3.72911,3.57562,-0.858565,4.17929,-0.0738531,7.38464
0.92887,0.00558312,0.370343,-0.00394298,149.237,-5.07504,37.6367,244.518,-8.4642,62.7411,3.73234,3.49345,-0.861802,4.16541,-0.0738207,7.37421
0.928919,0.00577689,0.370223,-0.00330415,149.238,-5.07545,37.6616,244.891,-8.47688,62.8352,3.73234,3.49345,-0.861802,4.16541,-0.0738207,7.37421
0.928943,0.00574784,0.370163,-0.00327361,149.238,-5.07559,37.6879,245.264,-8.48957,62.9294,3.73234,3.49345,-0.861802,4.16541,-0.0738207,7.37421
0.92889,0.00581887,0.370297,-0.00317114,149.238,-5.07493,37.7147,245.637,-8.50226,63.0237,3.73234,3.49345,-0.861802,4.16541,-0.0738207,7.37421
0.928922,0.00592816,0.370214,-0.00311729,149.238,-5.07517,37.7417,246.01,-8.51495,63.1181,3.73234,3.49345,-0.861802,4.16541,-0.0738207,7.37421
0.928944,0.00593455,0.370163,-0.00287712,149.237,-5.07528,37.7693,246.383,-8.52764,63.2125,3.73234,3.49345,-0.861802,4.16541,-0.0738207,7.37421
0.929032,0.00582675,0.369943,-0.00287358,149.235,-5.07607,37.7973,246.756,-8.54033,63.307,3.73234,3.49345,-0.861802,4.16541,-0.0738207,7.37421
0.929017,0.00575221,0.369981,-0.00286758,149.233,-5.07581,37.8256,247.13,-8.55302,63.4016,3.73234,3.49345,-0.861802,4.16541,-0.0738207,7.37421
0.929045,0.00588501,0.369908,-0.00286385,149.231,-5.07599,37.8542,247.503,-8.56571,63.4962,3.73234,3.49345,-0.861802,4.16541,-0.0738207,7.37421
0.929045,0.00589024,0.369908,-0.00308891,149.228,-5.07588,37.8829,247.876,-8.5784,63.5909,3.73234,3.49345,-0.861802,4.16541,-0.0738207,7.37421
0.929061,0.00587674,0.369868,-0.00313651,149.225,-5.07592,37.9123,248.249,-8.59109,63.6857,3.73234,3.49345,-0.861802,4.16541,-0.0738207,7.37421
0.929088,0.00584274,0.369799,-0.00315181,149.221,-5.07609,37.9423,248.622,-8.60378,63.7805,3.73234,3.49345,-0.861802,4.16541,-0.0738207,7.37421
0.929139,0.00575422,0.369673,-0.00317644,149.216,-5.07649,37.9728,248.995,-8.61647,63.8755,3.73234,3.49345,-0.861802,4.16541,-0.0738207,7.37421
0.92912,0.0057055,0.369717,-0.00356997,149.211,-5.07616,38.0035,249.368,-8.62916,63.9705,3.73234,3.49345,-0.861802,4.16541,-0.0738207,7.37421
0.929175,0.00588721,0.369578,-0.00346997,149.207,-5.07662,38.0349,249.741,-8.64185,64.0656,3.73234,3.49345,-0.861802,4.16541,-0.0738207,7.37421
0.929255,0.00592262,0.369376,-0.00342113,148.305,-5.01791,37.1216,249.436,-8.59759,63.4988,3.73341,3.46601,-0.862879,4.16085,-0.0738129,7.37093
0.929258,0.00581779,0.369372,-0.00317411,148.299,-5.01781,37.1547,249.807,-8.61013,63.5917,3.73341,3.46601,-0.862879,4.16085,-0.0738129,7.37093
0.929255,0.00582304,0.369378,-0.00327798,148.293,-5.01766,37.1874,250.178,-8.62267,63.6847,3.73341,3.46601,-0.862879,4.16085,-0.0738129,7.37093
0.929242,0.00578188,0.369412,-0.00329555,148.285,-5.01739,37.2204,250.548,-8.63522,63.7777,3.73341,3.46601,-0.862879,4.16085,-0.0738129,7.37093
0.929285,0.00585291,0.369302,-0.0033182,148.278,-5.01771,37.2536,250.919,-8.64776,63.8708,3.73341,3.46601,-0.862879,4.16085,-0.0738129,7.37093
0.929322,0.00583246,0.36921,-0.0033027,148.27,-5.01796,37.2875,251.29,-8.66031,63.9641,3.73341,3.46601,-0.862879,4.16085,-0.0738129,7.37093
0.929384,0.0056834,0.369064,-0.00243887,148.261,-5.01848,37.3218,251.66,-8.67285,64.0574,3.73341,3.46601,-0.862879,4.16085,-0.0738129,7.37093
0.92937,0.00562175,0.369099,-0.00240959,148.252,-5.01822,37.3566,252.031,-8.6854,64.1508,3.73341,3.46601,-0.862879,4.16085,-0.0738129,7.37093
0.929351,0.00570514,0.369146,-0.00248627,148.243,-5.01791,37.3913,252.402,-8.69794,64.2442,3.73341,3.46601,-0.862879,4.16085,-0.0738129,7.37093
0.929363,0.00558696,0.369118,-0.00247126,148.233,-5.01791,37.427,252.772,-8.71049,64.3378,3.73341,3.46601,-0.862879,4.16085,-0.0738129,7.37093
0.929397,0.00573531,0.36903,-0.00225171,148.225,-5.01817,37.4624,253.143,-8.72303,64.4315,3.73341,3.46601,-0.862879,4.16085,-0.0738129,7.37093
0.929395,0.00573298,0.369036,-0.00231598,148.215,-5.01803,37.4976,253.513,-8.73558,64.5252,3.73341,3.46601,-0.862879,4.16085,-0.0738129,7.37093
0.929413,0.0056535,0.368991,-0.00228279,148.205,-5.0181,37.5332,253.884,-8.74812,64.619,3.73341,3.46601,-0.862879,4.16085,-0.0738129,7.37093
0.929422,0.00551428,0.368969,-0.00229779,148.195,-5.01808,37.5687,254.254,-8.76067,64.713,3.73341,3.46601,-0.862879,4.16085,-0.0738129,7.37093
0.929406,0.00547411,0.369007,-0.00302351,148.185,-5.01776,37.6035,254.625,-8.77321,64.807,3.73341,3.46601,-0.862879,4.16085,-0.0738129,7.37093
0.929426,0.00534633,0.368955,-0.00317853,149.447,-5.1025,38.9815,256.012,-8.87043,65.8993,3.73188,3.50519,-0.861334,4.16752,-0.0738307,7.37552
0.929493,0.00516936,0.368791,-0.00302778,149.437,-5.10304,39.0176,256.385,-8.88319,65.9968,3.73188,3.50519,-0.861334,4.16752,-0.0738307,7.37552
0.929525,0.00528253,0.368709,-0.00311443,149.428,-5.10324,39.0525,256.759,-8.89595,66.0945,3.73188,3.50519,-0.861334,4.16752,-0.0738307,7.37552
0.929513,0.00531475,0.368736,-0.00346839,149.419,-5.10297,39.0879,257.133,-8.9087,66.1922,3.73188,3.50519,-0.861334,4.16752,-0.0738307,7.37552
0.929509,0.00547573,0.368741,-0.00363874,149.409,-5.10279,39.1223,257.506,-8.92146,66.29,3.73188,3.50519,-0.861334,4.16752,-0.0738307,7.37552
0.929551,0.00563598,0.368631,-0.00376743,149.4,-5.10309,39.1569,257.88,-8.93422,66.3879,3.73188,3.50519,-0.861334,4.16752,-0.0738307,7.37552
0.929558,0.00570953,0.368613,-0.00379051,149.391,-5.10301,39.192,258.253,-8.94698,66.4858,3.73188,3.50519,-0.861334,4.16752,-0.0738307,7.37552
0.929612,0.0056877,0.368485,-0.00300686,149.382,-5.10342,39.2269,258.626,-8.95973,66.5839,3.73188,3.50519,-0.861334,4.16752,-0.0738307,7.37552
0.929601,0.00552767,0.368514,-0.00302491,149.372,-5.10316,39.2623,259,-8.97249,66.6821,3.73188,3.50519,-0.861334,4.16752,-0.0738307,7.37552
0.929599,0.00538305,0.368521,-0.0029907,149.362,-5.103,39.2978,259.373,-8.98525,66.7803,3.73188,3.50519,-0.861334,4.16752,-0.0738307,7.37552
0.929603,0.00529406,0.368512,-0.00291538,149.352,-5.1029,39.3334,259.747,-8.99801,66.8786,3.73188,3.50519,-0.861334,4.16752,-0.0738307,7.37552
0.929634,0.00532821,0.368435,-0.00273251,149.343,-5.10309,39.3684,260.12,-9.01076,66.9771,3.73188,3.50519,-0.861334,4.16752,-0.0738307,7.37552
0.929642,0.00531004,0.368417,-0.00267888,149.334,-5.10304,39.4038,260.493,-9.02352,67.0756,3.73188,3.50519,-0.861334,4.16752,-0.0738307,7.37552
0.929673,0.00541965,0.368336,-0.0027802,149.325,-5.10324,39.4384,260.867,-9.03628,67.1742,3.73188,3.50519,-0.861334,4.16752,-0.0738307,7.37552
0.929649,0.00539347,0.368396,-0.00280574,149.315,-5.10286,39.4735,261.24,-9.04904,67.2729,3.73188,3.50519,-0.861334,4.16752,-0.0738307,7.37552
0.929683,0.00544741,0.36831,-0.00261584,151.391,-5.24216,41.7165,263.373,-9.20669,69.1154,3.72935,3.56967,-0.858771,4.17904,-0.0738818,7.38316
0.929668,0.00560814,0.368345,-0.00262749,151.382,-5.24189,41.7513,263.751,-9.21979,69.2198,3.72935,3.56967,-0.858771,4.17904,-0.0738818,7.38316
0.9297,0.00564514,0.368266,-0.00253554,151.373,-5.2421,41.7867,264.13,-9.2329,69.3243,3.72935,3.56967,-0.858771,4.17904,-0.0738818,7.38316
0.929767,0.00569788,0.368095,-0.00266269,151.364,-5.24268,41.8213,264.508,-9.246,69.4288,3.72935,3.56967,-0.858771,4.17904,-0.0738818,7.38316
0.929734,0.00565956,0.368174,-0.00338048,151.355,-5.2422,41.8565,264.887,-9.25911,69.5335,3.72935,3.56967,-0.858771,4.17904,-0.0738818,7.38316
0.929764,0.00577724,0.368095,-0.00338416,151.346,-5.24238,41.8914,265.265,-9.27221,69.6382,3.72935,3.56967,-0.858771,4.17904,-0.0738818,7.38316
0.929836,0.0057372,0.367915,-0.00334162,151.337,-5.24298,41.9267,265.643,-9.28532,69.743,3.72935,3.56967,-0.858771,4.17904,-0.0738818,7.38316
0.929872,0.00572279,0.367823,-0.00338676,151.327,-5.24322,41.9616,266.022,-9.29843,69.8479,3.72935,3.56967,-0.858771,4.17904,-0.0738818,7.38316
0.929868,0.00562725,0.367832,-0.00351615,151.318,-5.24303,41.9965,266.4,-9.31154,69.9529,3.72935,3.56967,-0.858771,4.17904,-0.0738818,7.38316
0.92989,0.00566633,0.367777,-0.00355356,151.309,-5.24311,42.0314,266.778,-9.32465,70.058,3.72935,3.56967,-0.858771,4.17904,-0.0738818,7.38316
0.929929,0.00557585,0.367679,-0.00357988,151.299,-5.24336,42.0664,267.156,-9.33775,70.1631,3.72935,3.56967,-0.858771,4.17904,-0.0738818,7.38316
0.929964,0.00548299,0.367592,-0.00360235,151.29,-5.24357,42.1014,267.535,-9.35086,70.2684,3.72935,3.56967,-0.858771,4.17904,-0.0738818,7.38316
0.930029,0.00528436,0.367439,-0.00270425,151.279,-5.24409,42.136,267.913,-9.36397,70.3737,3.72935,3.56967,-0.858771,4.17904,-0.0738818,7.38316
0.930072,0.00533395,0.36733,-0.00270444,151.27,-5.24441,42.1709,268.291,-9.37708,70.4792,3.72935,3.56967,-0.858771,4.17904,-0.0738818,7.38316
0.930059,0.00531478,0.367363,-0.00266206,151.261,-5.24414,42.206,268.669,-9.39019,70.5847,3.72935,3.56967,-0.858771,4.17904,-0.0738818,7.38316
0.930063,0.00544819,0.367349,-0.00266572,151.892,-5.28676,42.9202,269.616,-9.44958,71.2595,3.72857,3.58948,-0.857974,4.1828,-0.0739062,7.38556
0.930104,0.00537237,0.367249,-0.00239468,151.883,-5.28705,42.9548,269.996,-9.4628,71.3669,3.72857,3.58948,-0.857974,4.1828,-0.0739062,7.38556
0.930062,0.00522409,0.367356,-0.00245374,151.873,-5.28648,42.9897,270.375,-9.47602,71.4743,3.72857,3.58948,-0.857974,4.1828,-0.0739062,7.38556
0.930073,0.00528586,0.367329,-0.00241548,151.864,-5.28647,43.0247,270.755,-9.48923,71.5819,3.72857,3.58948,-0.857974,4.1828,-0.0739062,7.38556
0.930095,0.0052877,0.367274,-0.00235914,151.855,-5.28657,43.0597,271.135,-9.50245,71.6895,3.72857,3.58948,-0.857974,4.1828,-0.0739062,7.38556
0.930102,0.00529626,0.367255,-0.00260544,151.846,-5.28651,43.095,271.514,-9.51566,71.7973,3.72857,3.58948,-0.857974,4.1828,-0.0739062,7.38556
0.930133,0.00533626,0.367176,-0.00264695,151.837,-5.2867,43.1297,271.894,-9.52888,71.9051,3.72857,3.58948,-0.857974,4.1828,-0.0739062,7.38556
0.9302,0.00545738,0.367002,-0.00266695,151.829,-5.28729,43.1643,272.273,-9.5421,72.013,3.72857,3.58948,-0.857974,4.1828,-0.0739062,7.38556
0.930212,0.00558545,0.366969,-0.00269959,151.82,-5.28729,43.1989,272.653,-9.55532,72.121,3.72857,3.58948,-0.857974,4.1828,-0.0739062,7.38556
0.930154,0.00565549,0.367107,-0.00384365,151.812,-5.28655,43.2337,273.032,-9.56853,72.2291,3.72857,3.58948,-0.857974,4.1828,-0.0739062,7.38556
0.930167,0.00558939,0.367075,-0.00388032,151.802,-5.28652,43.2685,273.412,-9.58175,72.3373,3.72857,3.58948,-0.857974,4.1828,-0.0739062,7.38556
0.930255,0.00555799,0.36685,-0.00396137,151.793,-5.28728,43.3031,273.791,-9.59497,72.4455,3.72857,3.58948,-0.857974,4.1828,-0.0739062,7.38556
0.930253,0.00556077,0.366855,-0.00408371,151.784,-5.28709,43.3374,274.171,-9.60818,72.5539,3.72857,3.58948,-0.857974,4.1828,-0.0739062,7.38556
0.930259,0.00563759,0.366839,-0.00387274,151.775,-5.28701,43.3723,274.55,-9.6214,72.6623,3.72857,3.58948,-0.857974,4.1828,-0.0739062,7.38556
0.930301,0.00562502,0.366732,-0.00395033,151.766,-5.28728,43.4068,274.93,-9.63462,72.7708,3.72857,3.58948,-0.857974,4.1828,-0.0739062,7.38556
0.930308,0.00555366,0.366718,-0.00384525,155.094,-5.5099,46.9979,278.427,-9.89876,76.0332,3.72448,3.69293,-0.853753,4.20374,-0.0740853,7.39843
0.930331,0.00550281,0.366659,-0.00387565,155.085,-5.50998,47.0326,278.814,-9.91254,76.1508,3.72448,3.69293,-0.853753,4.20374,-0.0740853,7.39843
0.930384,0.00533675,0.366538,-0.00298585,155.075,-5.51036,47.0677,279.202,-9.92631,76.2684,3.72448,3.69293,-0.853753,4.20374,-0.0740853,7.39843
0.930422,0.00532448,0.366438,-0.00309235,155.066,-5.51062,47.1021,279.59,-9.94009,76.3862,3.72448,3.69293,-0.853753,4.20374,-0.0740853,7.39843
0.930411,0.00524594,0.366468,-0.00303594,155.057,-5.51036,47.1371,279.977,-9.95387,76.504,3.72448,3.69293,-0.853753,4.20374,-0.0740853,7.39843
0.9304,0.005284,0.366496,-0.00297261,155.048,-5.5101,47.172,280.365,-9.96764,76.6219,3.72448,3.69293,-0.853753,4.20374,-0.0740853,7.39843
0.930465,0.00521011,0.366339,-0.00223842,155.039,-5.51065,47.2064,280.753,-9.98142,76.74,3.72448,3.69293,-0.853753,4.20374,-0.0740853,7.39843
0.930462,0.00523789,0.366343,-0.00237631,155.03,-5.5105,47.2406,281.14,-9.99519,76.8581,3.72448,3.69293,-0.853753,4.20374,-0.0740853,7.39843
0.930478,0.00520875,0.366304,-0.00235434,155.021,-5.51053,47.2754,281.528,-10.009,76.9763,3.72448,3.69293,-0.853753,4.20374,-0.0740853,7.39843
0.930517,0.00523794,0.366205,-0.00226594,155.013,-5.51081,47.3103,281.915,-10.0227,77.0945,3.72448,3.69293,-0.853753,4.20374,-0.0740853,7.39843
0.930558,0.00514486,0.366102,-0.00211285,155.003,-5.51112,47.3446,282.303,-10.0365,77.2129,3.72448,3.69293,-0.853753,4.20374,-0.0740853,7.39843
0.930486,0.0050261,0.366286,-0.00211935,154.994,-5.51023,47.3793,282.69,-10.0503,77.3313,3.72448,3.69293,-0.853753,4.20374,-0.0740853,7.39843
0.930515,0.0051747,0.366211,-0.00208521,154.986,-5.51042,47.4139,283.078,-10.0641,77.4499,3.72448,3.69293,-0.853753,4.20374,-0.0740853,7.39843
0.930551,0.00513862,0.366121,-0.00203928,154.977,-5.51067,47.4487,283.465,-10.0779,77.5685,3.72448,3.69293,-0.853753,4.20374,-0.0740853,7.39843
0.930545,0.00511373,0.366134,-0.00270794,154.968,-5.51045,47.4831,283.853,-10.0916,77.6872,3.72448,3.69293,-0.853753,4.20374,-0.0740853,7.39843
0.930579,0.00518312,0.366044,-0.0026607,154.457,-5.47715,46.98,283.747,-10.0662,77.3022,3.7251,3.67735,-0.854399,4.20036,-0.0740498,7.39643
0.930583,0.00520262,0.366034,-0.00276475,154.448,-5.47704,47.0142,284.133,-10.0799,77.4197,3.7251,3.67735,-0.854399,4.20036,-0.0740498,7.39643
0.930616,0.00507605,0.365953,-0.0027042,154.439,-5.47724,47.0491,284.519,-10.0936,77.5373,3.7251,3.67735,-0.854399,4.20036,-0.0740498,7.39643
0.930615,0.00498941,0.365954,-0.00297012,154.43,-5.47708,47.0844,284.905,-10.1073,77.655,3.7251,3.67735,-0.854399,4.20036,-0.0740498,7.39643
0.930633,0.00492023,0.365909,-0.00303695,154.421,-5.47711,47.1188,285.291,-10.1209,77.7728,3.7251,3.67735,-0.854399,4.20036,-0.0740498,7.39643
0.930674,0.00494735,0.365805,-0.00295412,154.412,-5.47739,47.1536,285.677,-10.1346,77.8907,3.7251,3.67735,-0.854399,4.20036,-0.0740498,7.39643
0.930679,0.00499931,0.365789,-0.00300035,154.404,-5.4773,47.1878,286.063,-10.1483,78.0087,3.7251,3.67735,-0.854399,4.20036,-0.0740498,7.39643
0.930758,0.00516437,0.365595,-0.00211379,154.395,-5.478,47.2221,286.449,-10.162,78.1268,3.7251,3.67735,-0.854399,4.20036,-0.0740498,7.39643
0.930769,0.00525829,0.365564,-0.00203041,154.387,-5.47801,47.2567,286.835,-10.1757,78.2449,3.7251,3.67735,-0.854399,4.20036,-0.0740498,7.39643
0.930781,0.00523874,0.365534,-0.00189861,154.378,-5.47801,47.2917,287.221,-10.1894,78.3631,3.7251,3.67735,-0.854399,4.20036,-0.0740498,7.39643
0.930756,0.00511345,0.3656,-0.00200992,154.369,-5.47761,47.3259,287.607,-10.2031,78.4814,3.7251,3.67735,-0.854399,4.20036,-0.0740498,7.39643
0.930728,0.00507216,0.365665,-0.00298363,154.361,-5.47716,47.3605,287.993,-10.2168,78.5998,3.7251,3.67735,-0.854399,4.20036,-0.0740498,7.39643
0.930733,0.0050436,0.365652,-0.00305507,154.352,-5.47706,47.3948,288.379,-10.2305,78.7183,3.7251,3.67735,-0.854399,4.20036,-0.0740498,7.39643
0.930812,0.00494361,0.365453,-0.002962,154.343,-5.47774,47.4296,288.765,-10.2442,78.8369,3.7251,3.67735,-0.854399,4.20036,-0.0740498,7.39643
0.930814,0.00473587,0.365451,-0.0030454,154.333,-5.47759,47.4641,289.151,-10.2579,78.9556,3.7251,3.67735,-0.854399,4.20036,-0.0740498,7.39643
0.930819,0.00477121,0.365434,-0.00330345,154.994,-5.52204,48.2169,290.224,-10.3256,79.784,3.72427,3.69806,-0.853526,4.20517,-0.074109,7.39917
0.930794,0.00476749,0.365499,-0.0032247,154.986,-5.52161,48.2516,290.611,-10.3394,79.9046,3.72427,3.69806,-0.853526,4.20517,-0.074109,7.39917
0.930824,0.00468257,0.365423,-0.00315403,154.977,-5.52177,48.2863,290.999,-10.3532,80.0253,3.72427,3.69806,-0.853526,4.20517,-0.074109,7.39917
0.930804,0.00461381,0.365474,-0.00324141,154.968,-5.52139,48.3205,291.386,-10.3671,80.1461,3.72427,3.69806,-0.853526,4.20517,-0.074109,7.39917
0.930796,0.00464586,0.36549,-0.00367485,154.96,-5.52114,48.3548,291.773,-10.3809,80.267,3.72427,3.69806,-0.853526,4.20517,-0.074109,7.39917
0.930852,0.00471637,0.365348,-0.00355192,154.952,-5.52156,48.3895,292.161,-10.3947,80.388,3.72427,3.69806,-0.853526,4.20517,-0.074109,7.39917
0.930905,0.00467415,0.365214,-0.00362636,154.943,-5.52194,48.4236,292.548,-10.4085,80.5091,3.72427,3.69806,-0.853526,4.20517,-0.074109,7.39917
0.930948,0.00457856,0.365106,-0.00353391,154.934,-5.52222,48.4584,292.936,-10.4223,80.6302,3.72427,3.69806,-0.853526,4.20517,-0.074109,7.39917
0.930957,0.00457288,0.365084,-0.00358917,154.926,-5.52214,48.493,293.323,-10.4361,80.7514,3.72427,3.69806,-0.853526,4.20517,-0.074109,7.39917
0.930947,0.00451457,0.365109,-0.00358306,154.917,-5.52186,48.5274,293.71,-10.4499,80.8728,3.72427,3.69806,-0.853526,4.20517,-0.074109,7.39917
0.93095,0.00448575,0.365101,-0.00358766,154.908,-5.52172,48.5617,294.097,-10.4637,80.9942,3.72427,3.69806,-0.853526,4.20517,-0.074109,7.39917
0.930911,0.00444194,0.3652,-0.00356543,154.9,-5.52114,48.5961,294.485,-10.4775,81.1157,3.72427,3.69806,-0.853526,4.20517,-0.074109,7.39917
0.930937,0.00440802,0.365138,-0.00345317,154.891,-5.52123,48.63,294.872,-10.4913,81.2372,3.72427,3.69806,-0.853526,4.20517,-0.074109,7.39917
0.930979,0.00450991,0.365027,-0.00348347,154.883,-5.52152,48.664,295.259,-10.5051,81.3589,3.72427,3.69806,-0.853526,4.20517,-0.074109,7.39917
0.930958,0.00450674,0.365083,-0.00350492,154.874,-5.52112,48.6982,295.646,-10.5189,81.4806,3.72427,3.69806,-0.853526,4.20517,-0.074109,7.39917
0.930989,0.0044461,0.365003,-0.00346915,155.268,-5.54793,49.1663,296.465,-10.5662,82.0531,3.72377,3.71049,-0.852995,4.20827,-0.0741519,7.40088
0.931048,0.00448664,0.36486,-0.00276171,155.26,-5.54839,49.2008,296.854,-10.5801,82.1761,3.72377,3.71049,-0.852995,4.20827,-0.0741519,7.40088
0.930983,0.00444886,0.365024,-0.00274729,155.251,-5.54755,49.2351,297.242,-10.594,82.2992,3.72377,3.71049,-0.852995,4.20827,-0.0741519,7.40088
0.930995,0.00443554,0.364996,-0.00272208,155.243,-5.54752,49.2694,297.63,-10.6078,82.4224,3.72377,3.71049,-0.852995,4.20827,-0.0741519,7.40088
0.930926,0.00441914,0.365169,-0.00289156,155.234,-5.54664,49.303,298.018,-10.6217,82.5456,3.72377,3.71049,-0.852995,4.20827,-0.0741519,7.40088
0.930961,0.00435485,0.365082,-0.0027176,155.225,-5.54685,49.3375,298.406,-10.6356,82.669,3.72377,3.71049,-0.852995,4.20827,-0.0741519,7.40088
0.930958,0.00428219,0.365091,-0.00281567,155.217,-5.54665,49.3714,298.794,-10.6494,82.7924,3.72377,3.71049,-0.852995,4.20827,-0.0741519,7.40088
0.930963,0.00438351,0.365077,-0.00282545,155.209,-5.54655,49.4054,299.182,-10.6633,82.9159,3.72377,3.71049,-0.852995,4.20827,-0.0741519,7.40088
0.930996,0.00429126,0.364995,-0.0027748,155.2,-5.54674,49.4398,299.57,-10.6772,83.0395,3.72377,3.71049,-0.852995,4.20827,-0.0741519,7.40088
0.930986,0.00417774,0.365015,-0.00342206,155.191,-5.54645,49.474,299.958,-10.691,83.1632,3.72377,3.71049,-0.852995,4.20827,-0.0741519,7.40088
0.930985,0.00408778,0.365017,-0.00346833,155.183,-5.54627,49.508,300.346,-10.7049,83.287,3.72377,3.71049,-0.852995,4.20827,-0.0741519,7.40088
0.931046,0.00414107,0.364862,-0.00355685,155.174,-5.54673,49.5418,300.734,-10.7188,83.4108,3.72377,3.71049,-0.852995,4.20827,-0.0741519,7.40088
0.931085,0.00428683,0.364759,-0.00365706,155.166,-5.54697,49.5753,301.122,-10.7326,83.5348,3.72377,3.71049,-0.852995,4.20827,-0.0741519,7.40088
0.931089,0.00438447,0.364747,-0.00374828,155.159,-5.54684,49.61,301.51,-10.7465,83.6588,3.72377,3.71049,-0.852995,4.20827,-0.0741519,7.40088
0.931118,0.0045152,0.364671,-0.00373948,155.151,-5.54698,49.6439,301.898,-10.7604,83.7829,3.72377,3.71049,-0.852995,4.20827,-0.0741519,7.40088
0.931132,0.00455218,0.364632,-0.00397528,155.97,-5.60129,50.5728,303.213,-10.845,84.8844,3.72272,3.73594,-0.851893,4.2151,-0.0742547,7.4045
0.931187,0.00454543,0.364494,-0.0039203,155.962,-5.60168,50.607,303.603,-10.859,85.0109,3.72272,3.73594,-0.851893,4.2151,-0.0742547,7.4045
0.931167,0.00448863,0.364538,-0.0043785,155.954,-5.6013,50.6409,303.993,-10.873,85.1375,3.72272,3.73594,-0.851893,4.2151,-0.0742547,7.4045
0.931217,0.00462585,0.36441,-0.00429532,155.946,-5.60165,50.675,304.383,-10.887,85.2642,3.72272,3.73594,-0.851893,4.2151,-0.0742547,7.4045
0.931194,0.00459621,0.364469,-0.00441326,155.937,-5.60121,50.7086,304.773,-10.901,85.391,3.72272,3.73594,-0.851893,4.2151,-0.0742547,7.4045
0.931225,0.00461644,0.364386,-0.00456182,155.929,-5.60135,50.7421,305.163,-10.915,85.5178,3.72272,3.73594,-0.851893,4.2151,-0.0742547,7.4045
0.931226,0.00471422,0.364383,-0.00454569,155.921,-5.60117,50.7757,305.552,-10.929,85.6448,3.72272,3.73594,-0.851893,4.2151,-0.0742547,7.4045
0.931254,0.00468981,0.36431,-0.00466061,155.913,-5.60127,50.8093,305.942,-10.943,85.7718,3.72272,3.73594,-0.851893,4.2151,-0.0742547,7.4045
0.931322,0.00450772,0.364139,-0.00463331,155.904,-5.60178,50.8437,306.332,-10.957,85.8989,3.72272,3.73594,-0.851893,4.2151,-0.0742547,7.4045
0.931339,0.00456471,0.364095,-0.00464367,155.896,-5.60176,50.8775,306.722,-10.971,86.0261,3.72272,3.73594,-0.851893,4.2151,-0.0742547,7.4045
0.931344,0.00455812,0.364085,-0.00445951,155.888,-5.60161,50.9117,307.111,-10.9851,86.1534,3.72272,3.73594,-0.851893,4.2151,-0.0742547,7.4045
0.931398,0.00451541,0.363949,-0.00439425,155.879,-5.60198,50.946,307.501,-10.9991,86.2808,3.72272,3.73594,-0.851893,4.2151,-0.0742547,7.4045
0.93148,0.00447115,0.363738,-0.00435594,155.871,-5.60266,50.9801,307.891,-11.0131,86.4082,3.72272,3.73594,-0.851893,4.2151,-0.0742547,7.4045
0.931473,0.0045299,0.363757,-0.00434501,155.863,-5.60239,51.0139,308.28,-11.0271,86.5357,3.72272,3.73594,-0.851893,4.2151,-0.0742547,7.4045
0.931484,0.00458545,0.363731,-0.00412438,155.855,-5.60232,51.0483,308.67,-11.0411,86.6634,3.72272,3.73594,-0.851893,4.2151,-0.0742547,7.4045
0.931509,0.00463174,0.363666,-0.00401621,155.146,-5.55669,50.32,308.24,-10.9934,85.9189,3.72362,3.71447,-0.852839,4.2089,-0.0741534,7.40133
0.93147,0.00475332,0.363764,-0.00397516,155.138,-5.55611,50.3538,308.628,-11.0073,86.0448,3.72362,3.71447,-0.852839,4.2089,-0.0741534,7.40133
0.931441,0.00479264,0.363838,-0.0040051,155.13,-5.55562,50.3875,309.015,-11.0212,86.1708,3.72362,3.71447,-0.852839,4.2089,-0.0741534,7.40133
0.931481,0.00484402,0.363742,-0.0033812,155.122,-5.55586,50.4219,309.403,-11.0351,86.2968,3.72362,3.71447,-0.852839,4.2089,-0.0741534,7.40133
0.931463,0.00501146,0.363785,-0.00349996,155.115,-5.55551,50.455,309.791,-11.049,86.4229,3.72362,3.71447,-0.852839,4.2089,-0.0741534,7.40133
0.931505,0.00491781,0.363678,-0.0034589,155.106,-5.55578,50.4891,310.179,-11.0629,86.5492,3.72362,3.71447,-0.852839,4.2089,-0.0741534,7.40133
0.931567,0.00476916,0.36352,-0.00353914,155.098,-5.55626,50.5229,310.567,-11.0768,86.6755,3.72362,3.71447,-0.852839,4.2089,-0.0741534,7.40133
0.931644,0.00485456,0.363332,-0.0025121,155.09,-5.5569,50.5567,310.954,-11.0907,86.8019,3.72362,3.71447,-0.852839,4.2089,-0.0741534,7.40133
0.93169,0.00485852,0.363213,-0.00260048,155.082,-5.55724,50.5902,311.342,-11.1045,86.9283,3.72362,3.71447,-0.852839,4.2089,-0.0741534,7.40133
0.931724,0.00483864,0.363126,-0.00251621,155.074,-5.55746,50.6243,311.73,-11.1184,87.0549,3.72362,3.71447,-0.852839,4.2089,-0.0741534,7.40133
0.931765,0.00484255,0.363022,-0.00247249,155.066,-5.55774,50.6582,312.117,-11.1323,87.1815,3.72362,3.71447,-0.852839,4.2089,-0.0741534,7.40133
0.931831,0.00497091,0.362853,-0.00187046,155.058,-5.55831,50.692,312.505,-11.1462,87.3083,3.72362,3.71447,-0.852839,4.2089,-0.0741534,7.40133
0.931906,0.00489148,0.362663,-0.00183388,155.05,-5.55896,50.726,312.893,-11.1601,87.4351,3.72362,3.71447,-0.852839,4.2089,-0.0741534,7.40133
0.931882,0.00496886,0.362723,-0.0018994,155.042,-5.55857,50.7594,313.28,-11.174,87.562,3.72362,3.71447,-0.852839,4.2089,-0.0741534,7.40133
0.931899,0.00501734,0.362677,-0.00193602,155.034,-5.55863,50.7929,313.668,-11.1879,87.689,3.72362,3.71447,-0.852839,4.2089,-0.0741534,7.40133
0.931907,0.00512052,0.362654,-0.00243958,154.713,-5.53825,50.4838,313.673,-11.1735,87.4058,3.72402,3.70493,-0.85327,4.20592,-0.0741008,7.39987
0.931941,0.00517593,0.362566,-0.00241159,154.705,-5.53846,50.5176,314.06,-11.1873,87.5321,3.72402,3.70493,-0.85327,4.20592,-0.0741008,7.39987
0.931993,0.00516968,0.362432,-0.00239144,154.697,-5.53887,50.5513,314.447,-11.2012,87.6585,3.72402,3.70493,-0.85327,4.20592,-0.0741008,7.39987
0.932023,0.00517252,0.362354,-0.00238231,154.689,-5.53905,50.585,314.834,-11.215,87.785,3.72402,3.70493,-0.85327,4.20592,-0.0741008,7.39987
0.93198,0.00501725,0.362459,-0.00358887,154.68,-5.53843,50.6185,315.22,-11.2288,87.9115,3.72402,3.70493,-0.85327,4.20592,-0.0741008,7.39987
0.931962,0.00487213,0.362506,-0.00360192,154.672,-5.53806,50.6523,315.607,-11.2427,88.0382,3.72402,3.70493,-0.85327,4.20592,-0.0741008,7.39987
0.931996,0.00484884,0.362418,-0.00351184,154.664,-5.53825,50.6863,315.994,-11.2565,88.1649,3.72402,3.70493,-0.85327,4.20592,-0.0741008,7.39987
0.931995,0.00480107,0.362422,-0.00366244,154.656,-5.53805,50.7195,316.38,-11.2704,88.2917,3.72402,3.70493,-0.85327,4.20592,-0.0741008,7.39987
0.932002,0.00460449,0.362404,-0.00370879,154.647,-5.53794,50.753,316.767,-11.2842,88.4186,3.72402,3.70493,-0.85327,4.20592,-0.0741008,7.39987
0.932007,0.00479474,0.362391,-0.003664,154.64,-5.53782,50.7865,317.154,-11.2981,88.5455,3.72402,3.70493,-0.85327,4.20592,-0.0741008,7.39987
0.932006,0.00466979,0.362396,-0.00357079,154.632,-5.53763,50.8206,317.54,-11.3119,88.6726,3.72402,3.70493,-0.85327,4.20592,-0.0741008,7.39987
0.93203,0.00471798,0.362332,-0.0037144,154.624,-5.53771,50.8537,317.927,-11.3258,88.7997,3.72402,3.70493,-0.85327,4.20592,-0.0741008,7.39987
0.93206,0.00466693,0.362258,-0.00337166,154.615,-5.53785,50.8873,318.313,-11.3396,88.9269,3.72402,3.70493,-0.85327,4.20592,-0.0741008,7.39987
0.932067,0.0047146,0.36224,-0.00319905,154.608,-5.53776,50.9214,318.7,-11.3535,89.0542,3.72402,3.70493,-0.85327,4.20592,-0.0741008,7.39987
0.932103,0.00470206,0.36215,-0.00303525,154.6,-5.53797,50.9556,319.086,-11.3673,89.1816,3.72402,3.70493,-0.85327,4.20592,-0.0741008,7.39987
0.932139,0.00483793,0.362054,-0.00326273,154.503,-5.53245,50.8903,319.36,-11.3729,89.1868,3.72413,3.70225,-0.853395,4.20502,-0.0740836,7.39944
0.932175,0.00488741,0.361964,-0.00297504,154.496,-5.53267,50.9238,319.746,-11.3867,89.3141,3.72413,3.70225,-0.853395,4.20502,-0.0740836,7.39944
0.932179,0.00483933,0.361953,-0.00307544,154.488,-5.53255,50.957,320.132,-11.4005,89.4415,3.72413,3.70225,-0.853395,4.20502,-0.0740836,7.39944
0.932206,0.00481212,0.361883,-0.00320082,154.48,-5.53267,50.9901,320.519,-11.4144,89.569,3.72413,3.70225,-0.853395,4.20502,-0.0740836,7.39944
0.932253,0.00488837,0.361762,-0.00297073,154.472,-5.53301,51.0243,320.905,-11.4282,89.6965,3.72413,3.70225,-0.853395,4.20502,-0.0740836,7.39944
0.932271,0.00488288,0.361716,-0.00304533,154.464,-5.53303,51.0577,321.291,-11.442,89.8242,3.72413,3.70225,-0.853395,4.20502,-0.0740836,7.39944
0.932247,0.00483125,0.361775,-0.00315101,154.456,-5.53262,51.0909,321.677,-11.4559,89.9519,3.72413,3.70225,-0.853395,4.20502,-0.0740836,7.39944
0.932231,0.00478512,0.361818,-0.00309008,154.448,-5.53227,51.1246,322.063,-11.4697,90.0797,3.72413,3.70225,-0.853395,4.20502,-0.0740836,7.39944
0.932204,0.00476703,0.361887,-0.0030917,154.441,-5.53182,51.1581,322.449,-11.4835,90.2076,3.72413,3.70225,-0.853395,4.20502,-0.0740836,7.39944
0.93222,0.00488669,0.361847,-0.00315987,154.434,-5.53182,51.1918,322.835,-11.4973,90.3356,3.72413,3.70225,-0.853395,4.20502,-0.0740836,7.39944
0.932214,0.00492599,0.361861,-0.00325286,154.426,-5.53159,51.2249,323.221,-11.5112,90.4637,3.72413,3.70225,-0.853395,4.20502,-0.0740836,7.39944
0.932217,0.00490003,0.361853,-0.00321654,154.418,-5.53145,51.2584,323.607,-11.525,90.5918,3.72413,3.70225,-0.853395,4.20502,-0.0740836,7.39944
0.932223,0.00479808,0.361838,-0.00314491,154.41,-5.53135,51.2923,323.993,-11.5388,90.72,3.72413,3.70225,-0.853395,4.20502,-0.0740836,7.39944
0.932273,0.00472821,0.361715,-0.00252269,154.402,-5.53172,51.3264,324.379,-11.5527,90.8483,3.72413,3.70225,-0.853395,4.20502,-0.0740836,7.39944
0.932323,0.0046738,0.361588,-0.00253513,154.394,-5.53209,51.3598,324.765,-11.5665,90.9767,3.72413,3.70225,-0.853395,4.20502,-0.0740836,7.39944
0.932323,0.00470348,0.361585,-0.00275129,156.216,-5.6484,53.4098,327.556,-11.754,93.7382,3.72178,3.75684,-0.850793,4.22492,-0.0744848,7.40854
0.932387,0.00464069,0.361422,-0.00278353,156.208,-5.64891,53.4431,327.947,-11.7681,93.8718,3.72178,3.75684,-0.850793,4.22492,-0.0744848,7.40854
0.932383,0.00449364,0.361429,-0.00321215,156.201,-5.64869,53.4771,328.337,-11.7822,94.0055,3.72178,3.75684,-0.850793,4.22492,-0.0744848,7.40854
0.932368,0.00459873,0.361469,-0.00313949,156.193,-5.64835,53.5106,328.728,-11.7964,94.1393,3.72178,3.75684,-0.850793,4.22492,-0.0744848,7.40854
0.932398,0.0044916,0.361392,-0.00322446,156.185,-5.6485,53.5438,329.118,-11.8105,94.2731,3.72178,3.75684,-0.850793,4.22492,-0.0744848,7.40854
0.932441,0.00429556,0.361281,-0.00326856,156.177,-5.64877,53.5772,329.509,-11.8246,94.4071,3.72178,3.75684,-0.850793,4.22492,-0.0744848,7.40854
0.932468,0.00431494,0.361214,-0.00319408,156.169,-5.64888,53.6107,329.899,-11.8387,94.5411,3.72178,3.75684,-0.850793,4.22492,-0.0744848,7.40854
0.932472,0.00424707,0.361202,-0.00315009,156.161,-5.64875,53.6442,330.289,-11.8528,94.6752,3.72178,3.75684,-0.850793,4.22492,-0.0744848,7.40854
0.932547,0.00404533,0.361011,-0.00328524,156.153,-5.64935,53.6773,330.68,-11.867,94.8094,3.72178,3.75684,-0.850793,4.22492,-0.0744848,7.40854
0.93256,0.00400908,0.360979,-0.0032249,156.145,-5.6493,53.7109,331.07,-11.8811,94.9437,3.72178,3.75684,-0.850793,4.22492,-0.0744848,7.40854
0.932587,0.00386657,0.360911,-0.00324039,156.137,-5.64941,53.7438,331.46,-11.8952,95.078,3.72178,3.75684,-0.850793,4.22492,-0.0744848,7.40854
0.932625,0.00401862,0.36081,-0.0032657,156.13,-5.64964,53.7768,331.851,-11.9093,95.2125,3.72178,3.75684,-0.850793,4.22492,-0.0744848,7.40854
0.932656,0.00392095,0.360733,-0.00314112,156.122,-5.64978,53.8106,332.241,-11.9235,95.347,3.72178,3.75684,-0.850793,4.22492,-0.0744848,7.40854
0.932656,0.00378901,0.360734,-0.00319744,156.114,-5.64959,53.8438,332.631,-11.9376,95.4816,3.72178,3.75684,-0.850793,4.22492,-0.0744848,7.40854
0.932657,0.00381402,0.360726,-0.00370967,156.106,-5.64941,53.8769,333.022,-11.9517,95.6163,3.72178,3.75684,-0.850793,4.22492,-0.0744848,7.40854
0.93272,0.00397161,0.36056,-0.00372283,156.405,-5.66913,54.2487,333.829,-11.9955,96.212,3.72138,3.76585,-0.85035,4.22849,-0.0745603,7.41011
0.932725,0.00413401,0.360545,-0.00372133,156.398,-5.669,54.2817,334.22,-12.0096,96.3477,3.72138,3.76585,-0.85035,4.22849,-0.0745603,7.41011
0.932713,0.00406454,0.360577,-0.00385757,156.39,-5.66867,54.3145,334.611,-12.0238,96.4835,3.72138,3.76585,-0.85035,4.22849,-0.0745603,7.41011
0.93276,0.00396677,0.36046,-0.00329784,156.382,-5.66898,54.3476,335.002,-12.038,96.6194,3.72138,3.76585,-0.85035,4.22849,-0.0745603,7.41011
0.932721,0.00413745,0.360558,-0.00341956,156.375,-5.66839,54.3801,335.393,-12.0522,96.7554,3.72138,3.76585,-0.85035,4.22849,-0.0745603,7.41011
0.932786,0.00415018,0.360389,-0.00348964,156.368,-5.66891,54.413,335.784,-12.0663,96.8914,3.72138,3.76585,-0.85035,4.22849,-0.0745603,7.41011
0.932793,0.0041638,0.360374,-0.00338557,156.36,-5.66879,54.4466,336.175,-12.0805,97.0275,3.72138,3.76585,-0.85035,4.22849,-0.0745603,7.41011
0.932808,0.00424231,0.360332,-0.00347123,156.353,-5.66878,54.4799,336.565,-12.0947,97.1637,3.72138,3.76585,-0.85035,4.22849,-0.0745603,7.41011
0.932804,0.00428995,0.360344,-0.00330467,156.346,-5.66855,54.5135,336.956,-12.1088,97.3,3.72138,3.76585,-0.85035,4.22849,-0.0745603,7.41011
0.932828,0.00416728,0.360284,-0.00334667,156.338,-5.66861,54.5467,337.347,-12.123,97.4364,3.72138,3.76585,-0.85035,4.22849,-0.0745603,7.41011
0.932813,0.00402927,0.360324,-0.00333508,156.33,-5.66826,54.58,337.738,-12.1372,97.5728,3.72138,3.76585,-0.85035,4.22849,-0.0745603,7.41011
0.932859,0.00394242,0.360209,-0.00286229,156.323,-5.66857,54.6137,338.129,-12.1514,97.7093,3.72138,3.76585,-0.85035,4.22849,-0.0745603,7.41011
0.93287,0.00394507,0.360179,-0.00300754,156.315,-5.66851,54.6463,338.52,-12.1655,97.846,3.72138,3.76585,-0.85035,4.22849,-0.0745603,7.41011
0.932915,0.00394442,0.360064,-0.00288626,156.308,-5.66882,54.6798,338.91,-12.1797,97.9827,3.72138,3.76585,-0.85035,4.22849,-0.0745603,7.41011
0.932904,0.00394387,0.360092,-0.00273182,156.3,-5.66853,54.7135,339.301,-12.1939,98.1194,3.72138,3.76585,-0.85035,4.22849,-0.0745603,7.41011
0.932901,0.00397576,0.360094,-0.00349002,156.293,-5.66832,54.7461,339.692,-12.2081,98.2566,3.72138,3.76585,-0.85035,4.22849,-0.0745604,7.41011
0.932955,0.00413808,0.35995,-0.00361586,156.286,-5.66872,54.7785,340.083,-12.2222,98.3935,3.72138,3.76585,-0.85035,4.22849,-0.0745604,7.41011
0.932948,0.00414521,0.35997,-0.00359364,156.279,-5.66845,54.8116,340.473,-12.2364,98.5305,3.72138,3.76585,-0.85035,4.22849,-0.0745604,7.41011
0.932993,0.00403541,0.359853,-0.00368844,156.271,-5.66874,54.8444,340.864,-12.2506,98.6676,3.72138,3.76585,-0.85035,4.22849,-0.0745604,7.41011
0.933017,0.00400594,0.359792,-0.0035841,156.263,-5.6688,54.8775,341.255,-12.2647,98.8048,3.72138,3.76585,-0.85035,4.22849,-0.0745604,7.41011
0.933017,0.00397151,0.359793,-0.00358358,156.256,-5.66861,54.9106,341.645,-12.2789,98.9421,3.72138,3.76585,-0.85035,4.22849,-0.0745604,7.41011
0.933041,0.00397488,0.359731,-0.00343625,156.249,-5.66867,54.9441,342.036,-12.2931,99.0795,3.72138,3.76585,-0.85035,4.22849,-0.0745604,7.41011
0.933024,0.0039686,0.359776,-0.00346812,156.241,-5.6683,54.977,342.427,-12.3073,99.2169,3.72138,3.76585,-0.85035,4.22849,-0.0745604,7.41011
0.932998,0.0038787,0.359836,-0.00425847,156.234,-5.66782,55.0103,342.817,-12.3214,99.3544,3.72138,3.76585,-0.85035,4.22849,-0.0745604,7.41011
0.932971,0.00382408,0.359906,-0.00425847,156.227,-5.66733,55.0433,343.208,-12.3356,99.4921,3.72138,3.76585,-0.85035,4.22849,-0.0745604,7.41011
0.932988,0.00381389,0.359862,-0.0042689,156.219,-5.6673,55.0763,343.598,-12.3498,99.6297,3.72138,3.76585,-0.85035,4.22849,-0.0745604,7.41011
0.933047,0.00385238,0.359709,-0.00423474,156.212,-5.66772,55.1093,343.989,-12.3639,99.7675,3.72138,3.76585,-0.85035,4.22849,-0.0745604,7.41011
0.933063,0.00363264,0.359672,-0.00409883,156.204,-5.66768,55.1425,344.379,-12.3781,99.9054,3.72138,3.76585,-0.85035,4.22849,-0.0745604,7.41011
0.933109,0.00369475,0.359552,-0.00404457,156.197,-5.66797,55.1755,344.77,-12.3923,100.043,3.72138,3.76585,-0.85035,4.22849,-0.0745604,7.41011
0.933153,0.00364697,0.359438,-0.00400206,156.189,-5.66823,55.2087,345.16,-12.4064,100.181,3.72138,3.76585,-0.85035,4.22849,-0.0745604,7.41011
0.933184,0.00360089,0.359357,-0.00403517,155.353,-5.61796,54.3129,344.339,-12.3377,98.9527,3.72247,3.7422,-0.851585,4.21742,-0.0743078,7.40556
0.933214,0.00367519,0.359281,-0.00384593,155.346,-5.61808,54.3456,344.727,-12.3518,99.0886,3.72247,3.7422,-0.851585,4.21742,-0.0743078,7.40556
0.933235,0.00360381,0.359228,-0.00389036,155.339,-5.6181,54.3784,345.115,-12.3658,99.2245,3.72247,3.7422,-0.851585,4.21742,-0.0743078,7.40556
0.933242,0.00367035,0.359209,-0.0038391,155.332,-5.61798,54.4114,345.504,-12.3798,99.3605,3.72247,3.7422,-0.851585,4.21742,-0.0743078,7.40556
0.933248,0.00369614,0.359194,-0.00383179,155.325,-5.61784,54.4443,345.892,-12.3939,99.4967,3.72247,3.7422,-0.851585,4.21742,-0.0743078,7.40556
0.933266,0.00380726,0.359144,-0.00391049,155.318,-5.61784,54.4767,346.28,-12.4079,99.6328,3.72247,3.7422,-0.851585,4.21742,-0.0743078,7.40556
0.933293,0.00378879,0.359073,-0.00402407,155.31,-5.61793,54.5092,346.668,-12.422,99.7691,3.72247,3.7422,-0.851585,4.21742,-0.0743078,7.40556
0.933326,0.00375562,0.358989,-0.00396915,155.303,-5.61807,54.5422,347.057,-12.436,99.9055,3.72247,3.7422,-0.851585,4.21742,-0.0743078,7.40556
0.933348,0.00380459,0.358932,-0.00396715,155.296,-5.61811,54.575,347.445,-12.4501,100.042,3.72247,3.7422,-0.851585,4.21742,-0.0743078,7.40556
0.933366,0.00372765,0.358885,-0.00390411,155.288,-5.6181,54.6079,347.833,-12.4641,100.178,3.72247,3.7422,-0.851585,4.21742,-0.0743078,7.40556
0.933355,0.00376586,0.358914,-0.00396851,155.281,-5.61778,54.6405,348.221,-12.4782,100.315,3.72247,3.7422,-0.851585,4.21742,-0.0743078,7.40556
0.933369,0.00364855,0.358879,-0.00381743,155.274,-5.61772,54.674,348.61,-12.4922,100.452,3.72247,3.7422,-0.851585,4.21742,-0.0743078,7.40556
0.933366,0.00376697,0.358888,-0.00377278,155.267,-5.61749,54.7067,348.998,-12.5062,100.588,3.72247,3.7422,-0.851585,4.21742,-0.0743078,7.40556
0.933419,0.00373773,0.358755,-0.00314131,155.26,-5.61786,54.7398,349.386,-12.5203,100.725,3.72247,3.7422,-0.851585,4.21742,-0.0743078,7.40556
0.933471,0.00374655,0.358621,-0.0030813,155.253,-5.61823,54.7728,349.774,-12.5343,100.862,3.72247,3.7422,-0.851585,4.21742,-0.0743078,7.40556
0.933478,0.00386423,0.358601,-0.00310118,156.628,-5.70051,56.3635,352.253,-12.6884,103.38,3.72065,3.78088,-0.849493,4.23717,-0.0747717,7.41339
0.933515,0.00387436,0.358505,-0.00310373,156.621,-5.70072,56.3963,352.645,-12.7026,103.521,3.72065,3.78088,-0.849493,4.23717,-0.0747717,7.41339
0.933565,0.00398429,0.358376,-0.00275939,156.615,-5.70108,56.429,353.036,-12.7169,103.662,3.72065,3.78088,-0.849493,4.23717,-0.0747717,7.41339
0.933583,0.00408008,0.358328,-0.00280685,156.608,-5.70109,56.4615,353.428,-12.7311,103.804,3.72065,3.78088,-0.849493,4.23717,-0.0747717,7.41339
0.933583,0.00420208,0.358325,-0.00281332,156.601,-5.70093,56.494,353.819,-12.7454,103.945,3.72065,3.78088,-0.849493,4.23717,-0.0747717,7.41339
0.933624,0.0041762,0.35822,-0.00284497,156.594,-5.70118,56.5266,354.211,-12.7596,104.086,3.72065,3.78088,-0.849493,4.23717,-0.0747717,7.41339
0.933667,0.00421729,0.358108,-0.00265756,156.587,-5.70147,56.5592,354.602,-12.7739,104.227,3.72065,3.78088,-0.849493,4.23717,-0.0747717,7.41339
0.933724,0.0042081,0.357961,-0.00250685,156.58,-5.70191,56.5924,354.994,-12.7881,104.369,3.72065,3.78088,-0.849493,4.23717,-0.0747717,7.41339
0.933746,0.00431159,0.357903,-0.00244268,156.573,-5.70197,56.6252,355.385,-12.8024,104.511,3.72065,3.78088,-0.849493,4.23717,-0.0747717,7.41339
0.933747,0.00433119,0.3579,-0.00241123,156.566,-5.70182,56.6579,355.777,-12.8167,104.652,3.72065,3.78088,-0.849493,4.23717,-0.0747717,7.41339
0.933762,0.00433678,0.357857,-0.00280486,156.559,-5.70181,56.6905,356.168,-12.8309,104.794,3.72065,3.78088,-0.849493,4.23717,-0.0747717,7.41339
0.933742,0.00427063,0.35791,-0.00280627,156.552,-5.70142,56.7232,356.559,-12.8452,104.936,3.72065,3.78088,-0.849493,4.23717,-0.0747717,7.41339
0.93379,0.0042679,0.357784,-0.0028031,156.545,-5.70176,56.7559,356.951,-12.8594,105.078,3.72065,3.78088,-0.849493,4.23717,-0.0747717,7.41339
0.933839,0.00440815,0.357655,-0.0027921,156.539,-5.70212,56.7883,357.342,-12.8737,105.22,3.72065,3.78088,-0.849493,4.23717,-0.0747717,7.41339
0.93384,0.00431001,0.357651,-0.00320837,156.532,-5.70194,56.8216,357.733,-12.8879,105.362,3.72065,3.78088,-0.849493,4.23717,-0.0747717,7.41339
0.933891,0.00437149,0.357518,-0.00307666,156.464,-5.69872,56.7852,358.029,-12.8959,105.394,3.72073,3.7792,-0.849588,4.23623,-0.0747491,7.41304
0.933928,0.00430133,0.357424,-0.00301059,156.457,-5.69893,56.8181,358.42,-12.9101,105.536,3.72073,3.7792,-0.849588,4.23623,-0.0747491,7.41304
0.933945,0.00433854,0.357376,-0.00300213,156.45,-5.69894,56.8507,358.811,-12.9244,105.678,3.72073,3.7792,-0.849588,4.23623,-0.0747491,7.41304
0.933966,0.00437523,0.357321,-0.00312244,156.443,-5.69899,56.8832,359.203,-12.9386,105.82,3.72073,3.7792,-0.849588,4.23623,-0.0747491,7.41304
0.933998,0.00433014,0.357239,-0.00315206,156.436,-5.69914,56.9157,359.594,-12.9529,105.962,3.72073,3.7792,-0.849588,4.23623,-0.0747491,7.41304
0.934044,0.00431483,0.357118,-0.00321033,156.429,-5.69945,56.9481,359.985,-12.9671,106.105,3.72073,3.7792,-0.849588,4.23623,-0.0747491,7.41304
0.934049,0.00429905,0.357105,-0.00322293,156.422,-5.69932,56.9806,360.376,-12.9814,106.247,3.72073,3.7792,-0.849588,4.23623,-0.0747491,7.41304
0.934083,0.00426375,0.357017,-0.00308656,156.414,-5.6995,57.0128,360.767,-12.9956,106.39,3.72073,3.7792,-0.849588,4.23623,-0.0747491,7.41304
0.934117,0.00425894,0.356929,-0.00295542,156.408,-5.69968,57.0457,361.158,-13.0099,106.532,3.72073,3.7792,-0.849588,4.23623,-0.0747491,7.41304
0.934118,0.00437706,0.356927,-0.00288958,156.401,-5.69951,57.0783,361.549,-13.0241,106.675,3.72073,3.7792,-0.849588,4.23623,-0.0747491,7.41304
0.934151,0.00440926,0.35684,-0.00282449,156.394,-5.69969,57.111,361.94,-13.0384,106.818,3.72073,3.7792,-0.849588,4.23623,-0.0747491,7.41304
0.93419,0.00437855,0.356739,-0.00260479,156.387,-5.69994,57.1438,362.331,-13.0526,106.961,3.72073,3.7792,-0.849588,4.23623,-0.0747491,7.41304
0.934238,0.00430833,0.356615,-0.00265011,156.38,-5.70027,57.1762,362.722,-13.0669,107.104,3.72073,3.7792,-0.849588,4.23623,-0.0747491,7.41304
0.934295,0.00423498,0.356466,-0.00269032,156.373,-5.7007,57.2086,363.113,-13.0811,107.247,3.72073,3.7792,-0.849588,4.23623,-0.0747491,7.41304
0.934245,0.00425935,0.356596,-0.00275217,156.366,-5.69999,57.2408,363.504,-13.0954,107.39,3.72073,3.7792,-0.849588,4.23623,-0.0747491,7.41304
0.934209,0.00423766,0.356681,-0.00400428,156.309,-5.69651,57.216,363.814,-13.1044,107.439,3.72079,3.77787,-0.849667,4.23542,-0.0747286,7.41274
0.934218,0.00421378,0.356656,-0.00397645,156.302,-5.69641,57.2485,364.204,-13.1186,107.582,3.72079,3.77787,-0.849667,4.23542,-0.0747286,7.41274
0.93423,0.00413056,0.356624,-0.00399867,156.295,-5.69634,57.281,364.595,-13.1329,107.725,3.72079,3.77787,-0.849667,4.23542,-0.0747286,7.41274
0.934243,0.00407071,0.356592,-0.00389443,156.288,-5.69627,57.3139,364.986,-13.1471,107.869,3.72079,3.77787,-0.849667,4.23542,-0.0747286,7.41274
0.934259,0.00413777,0.35655,-0.00387958,156.282,-5.69624,57.3463,365.377,-13.1614,108.012,3.72079,3.77787,-0.849667,4.23542,-0.0747286,7.41274
0.934279,0.00421312,0.356496,-0.0039384,156.275,-5.69626,57.3784,365.767,-13.1756,108.156,3.72079,3.77787,-0.849667,4.23542,-0.0747286,7.41274
0.934295,0.00432579,0.356453,-0.00381209,156.269,-5.69624,57.4111,366.158,-13.1898,108.299,3.72079,3.77787,-0.849667,4.23542,-0.0747286,7.41274
0.934357,0.00419036,0.356294,-0.00385785,156.262,-5.69669,57.4435,366.549,-13.2041,108.443,3.72079,3.77787,-0.849667,4.23542,-0.0747286,7.41274
0.934374,0.0041975,0.356248,-0.00381604,156.255,-5.69668,57.4758,366.939,-13.2183,108.586,3.72079,3.77787,-0.849667,4.23542,-0.0747286,7.41274
0.934395,0.00428702,0.356194,-0.00380366,156.248,-5.69671,57.508,367.33,-13.2326,108.73,3.72079,3.77787,-0.849667,4.23542,-0.0747286,7.41274
0.934375,0.00440142,0.356243,-0.00389121,156.242,-5.6963,57.5399,367.72,-13.2468,108.874,3.72079,3.77787,-0.849667,4.23542,-0.0747286,7.41274
0.934361,0.00458441,0.356277,-0.00393974,156.236,-5.69596,57.5718,368.111,-13.2611,109.018,3.72079,3.77787,-0.849667,4.23542,-0.0747286,7.41274
0.934325,0.00444141,0.356366,-0.00468887,156.229,-5.69538,57.6044,368.502,-13.2753,109.162,3.72079,3.77787,-0.849667,4.23542,-0.0747286,7.41274
0.934339,0.00443902,0.356326,-0.00466772,156.222,-5.69533,57.6368,368.892,-13.2895,109.306,3.72079,3.77787,-0.849667,4.23542,-0.0747286,7.41274
0.934314,0.0046122,0.35639,-0.00474062,156.216,-5.69485,57.6686,369.283,-13.3038,109.45,3.72079,3.77787,-0.849667,4.23542,-0.0747286,7.41274
0.93434,0.00470551,0.35632,-0.00487349,154.676,-5.60905,55.9376,367.122,-13.1572,106.602,3.72279,3.7382,-0.852144,4.20876,-0.074044,7.40324
0.934377,0.00471806,0.356231,-0.00412793,154.669,-5.6092,55.97,367.508,-13.1712,106.742,3.72279,3.7382,-0.852144,4.20876,-0.074044,7.40324
0.934368,0.00469143,0.356254,-0.00418158,154.662,-5.6089,56.0021,367.895,-13.1852,106.882,3.72279,3.7382,-0.852144,4.20876,-0.074044,7.40324
0.934393,0.00478583,0.356187,-0.00417158,154.656,-5.60897,56.0343,368.281,-13.1992,107.022,3.72279,3.7382,-0.852144,4.20876,-0.074044,7.40324
0.934404,0.00494649,0.356155,-0.00418754,154.65,-5.6089,56.0663,368.668,-13.2132,107.162,3.72279,3.7382,-0.852144,4.20876,-0.074044,7.40324
0.934414,0.00487974,0.356132,-0.00406215,154.643,-5.60879,56.0985,369.055,-13.2273,107.302,3.72279,3.7382,-0.852144,4.20876,-0.074044,7.40324
0.934452,0.00486844,0.356033,-0.00405032,154.636,-5.609,56.1308,369.441,-13.2413,107.443,3.72279,3.7382,-0.852144,4.20876,-0.074044,7.40324
0.934443,0.00480673,0.356059,-0.0040027,154.629,-5.60869,56.1633,369.828,-13.2553,107.583,3.72279,3.7382,-0.852144,4.20876,-0.074044,7.40324
0.934518,0.00465883,0.355862,-0.00408421,154.622,-5.6093,56.1954,370.214,-13.2693,107.723,3.72279,3.7382,-0.852144,4.20876,-0.074044,7.40324
0.934535,0.00460688,0.355821,-0.00385565,154.615,-5.60927,56.228,370.601,-13.2834,107.864,3.72279,3.7382,-0.852144,4.20876,-0.074044,7.40324
0.934606,0.00449522,0.355636,-0.00385954,154.608,-5.60983,56.2603,370.987,-13.2974,108.005,3.72279,3.7382,-0.852144,4.20876,-0.074044,7.40324
0.934629,0.00432467,0.355576,-0.00389993,154.6,-5.60987,56.2926,371.374,-13.3114,108.145,3.72279,3.7382,-0.852144,4.20876,-0.074044,7.40324
0.934665,0.00436152,0.355482,-0.00390851,154.594,-5.61005,56.3247,371.76,-13.3254,108.286,3.72279,3.7382,-0.852144,4.20876,-0.074044,7.40324
0.934631,0.00423706,0.355564,-0.00472988,154.587,-5.60946,56.3571,372.147,-13.3395,108.427,3.72279,3.7382,-0.852144,4.20876,-0.074044,7.40324
0.934687,0.00422463,0.355416,-0.00469525,154.58,-5.60985,56.3894,372.533,-13.3535,108.568,3.72279,3.7382,-0.852144,4.20876,-0.074044,7.40324
0.934738,0.00411591,0.355282,-0.00471894,154.577,-5.61035,56.4254,372.925,-13.3679,108.716,3.72278,3.73828,-0.852138,4.20882,-0.0740456,7.40326
0.934774,0.00411274,0.355189,-0.00456771,154.57,-5.61052,56.4581,373.312,-13.3819,108.857,3.72278,3.73828,-0.852138,4.20882,-0.0740456,7.40326
0.934749,0.00406228,0.355248,-0.00519627,154.563,-5.61002,56.4895,373.698,-13.3959,108.998,3.72278,3.73828,-0.852138,4.20882,-0.0740456,7.40326
0.93477,0.00403033,0.355194,-0.00521376,154.557,-5.61002,56.5216,374.085,-13.4099,109.139,3.72278,3.73828,-0.852138,4.20882,-0.0740456,7.40326
0.9348,0.00413611,0.355109,-0.00532798,154.55,-5.61013,56.5531,374.471,-13.424,109.281,3.72278,3.73828,-0.852138,4.20882,-0.0740456,7.40326
0.934855,0.00420949,0.354967,-0.00520921,154.544,-5.61049,56.5856,374.857,-13.438,109.422,3.72278,3.73828,-0.852138,4.20882,-0.0740456,7.40326
0.9348,0.00425613,0.355099,-0.00604889,154.538,-5.60969,56.6176,375.244,-13.452,109.564,3.72278,3.73828,-0.852138,4.20882,-0.0740456,7.40326
0.934778,0.00427677,0.355154,-0.00604408,154.531,-5.60922,56.6497,375.63,-13.466,109.705,3.72278,3.73828,-0.852138,4.20882,-0.0740456,7.40326
0.934823,0.00425116,0.355036,-0.00610539,154.525,-5.60946,56.6816,376.016,-13.48,109.847,3.72278,3.73828,-0.852138,4.20882,-0.0740456,7.40326
0.93482,0.00427773,0.355045,-0.00602669,154.518,-5.60918,56.7139,376.403,-13.4941,109.989,3.72278,3.73828,-0.852138,4.20882,-0.0740456,7.40326
0.934852,0.00426167,0.354977,-0.00508768,154.511,-5.60926,56.7459,376.789,-13.5081,110.131,3.72278,3.73828,-0.852138,4.20882,-0.0740456,7.40326
0.93486,0.00415363,0.354957,-0.00507385,154.505,-5.60911,56.7782,377.175,-13.5221,110.273,3.72278,3.73828,-0.852138,4.20882,-0.0740456,7.40326
0.934889,0.00428539,0.354878,-0.00504513,154.499,-5.60921,56.8101,377.561,-13.5361,110.415,3.72278,3.73828,-0.852138,4.20882,-0.0740456,7.40326
0.934893,0.00428182,0.354871,-0.00493224,154.492,-5.60902,56.8426,377.948,-13.5502,110.557,3.72278,3.73828,-0.852138,4.20882,-0.0740456,7.40326
0.934902,0.00421195,0.35485,-0.00477247,154.485,-5.60889,56.874,378.334,-13.5642,110.699,3.72278,3.73828,-0.852138,4.20882,-0.0740456,7.40326
0.934912,0.00417777,0.354822,-0.00474967,154.541,-5.61201,56.9788,378.83,-13.5847,110.973,3.7227,3.73977,-0.852035,4.21005,-0.0740783,7.40367
0.934918,0.00430938,0.354805,-0.00479988,154.535,-5.61186,57.0104,379.216,-13.5987,111.115,3.7227,3.73977,-0.852035,4.21005,-0.0740783,7.40367
0.934973,0.00433594,0.354659,-0.00485334,154.528,-5.61224,57.0422,379.603,-13.6128,111.258,3.7227,3.73977,-0.852035,4.21005,-0.0740783,7.40367
0.934997,0.00433908,0.354602,-0.00448092,154.522,-5.61226,57.0735,379.989,-13.6268,111.401,3.7227,3.73977,-0.852035,4.21005,-0.0740783,7.40367
0.935054,0.00435771,0.35445,-0.00460346,154.515,-5.61266,57.105,380.375,-13.6408,111.543,3.7227,3.73977,-0.852035,4.21005,-0.0740783,7.40367
0.935077,0.00436772,0.354387,-0.00467833,154.508,-5.6127,57.1367,380.761,-13.6549,111.686,3.7227,3.73977,-0.852035,4.21005,-0.0740783,7.40367
0.935112,0.00417631,0.354295,-0.0048047,154.501,-5.61285,57.1685,381.148,-13.6689,111.829,3.7227,3.73977,-0.852035,4.21005,-0.0740783,7.40367
0.935131,0.00418684,0.354249,-0.00451385,154.495,-5.61282,57.2,381.534,-13.6829,111.972,3.7227,3.73977,-0.852035,4.21005,-0.0740783,7.40367
0.935059,0.00417881,0.354438,-0.00448938,154.488,-5.61183,57.2321,381.92,-13.6969,112.115,3.7227,3.73977,-0.852035,4.21005,-0.0740783,7.40367
0.935028,0.0042224,0.354521,-0.00447036,154.482,-5.61127,57.264,382.306,-13.711,112.258,3.7227,3.73977,-0.852035,4.21005,-0.0740783,7.40367
0.935042,0.00423258,0.354483,-0.00444553,154.476,-5.61121,57.296,382.693,-13.725,112.402,3.7227,3.73977,-0.852035,4.21005,-0.0740783,7.40367
0.93505,0.00435117,0.354462,-0.00440293,154.47,-5.61108,57.328,383.079,-13.739,112.545,3.7227,3.73977,-0.852035,4.21005,-0.0740783,7.40367
0.935042,0.00432697,0.354484,-0.00444075,154.463,-5.61077,57.3598,383.465,-13.7531,112.688,3.7227,3.73977,-0.852035,4.21005,-0.0740783,7.40367
0.935093,0.00438028,0.354346,-0.00450305,154.457,-5.61112,57.3914,383.851,-13.7671,112.832,3.7227,3.73977,-0.852035,4.21005,-0.0740783,7.40367
0.935056,0.00431021,0.354446,-0.00456767,154.45,-5.61049,57.4232,384.237,-13.7811,112.975,3.7227,3.73977,-0.852035,4.21005,-0.0740783,7.40367
0.935064,0.00419026,0.354425,-0.00444843,154.432,-5.60977,57.4411,384.602,-13.7939,113.093,3.72272,3.7395,-0.852055,4.2098,-0.0740716,7.40359
0.935068,0.00411548,0.354418,-0.00439448,154.425,-5.60958,57.4733,384.988,-13.8079,113.237,3.72272,3.7395,-0.852055,4.2098,-0.0740716,7.40359
0.935073,0.00426487,0.354403,-0.00432105,154.419,-5.60943,57.5052,385.374,-13.822,113.381,3.72272,3.7395,-0.852055,4.2098,-0.0740716,7.40359
0.935041,0.00433253,0.354488,-0.00433445,154.413,-5.60886,57.537,385.76,-13.836,113.524,3.72272,3.7395,-0.852055,4.2098,-0.0740716,7.40359
0.935078,0.00420869,0.354399,-0.0037182,154.406,-5.60904,57.5692,386.146,-13.85,113.668,3.72272,3.7395,-0.852055,4.2098,-0.0740716,7.40359
0.935108,0.00423939,0.354317,-0.0036822,154.4,-5.60917,57.6011,386.532,-13.864,113.812,3.72272,3.7395,-0.852055,4.2098,-0.0740716,7.40359
0.935066,0.00422086,0.354427,-0.0037903,154.394,-5.6085,57.6326,386.918,-13.8781,113.956,3.72272,3.7395,-0.852055,4.2098,-0.0740716,7.40359
0.935095,0.00425922,0.354354,-0.00369042,154.388,-5.6086,57.6648,387.304,-13.8921,114.101,3.72272,3.7395,-0.852055,4.2098,-0.0740716,7.40359
0.935087,0.00425814,0.354369,-0.00417137,154.382,-5.60832,57.6964,387.69,-13.9061,114.245,3.72272,3.7395,-0.852055,4.2098,-0.0740716,7.40359
0.935057,0.00431005,0.354445,-0.00425333,154.375,-5.60779,57.7279,388.076,-13.9201,114.389,3.72272,3.7395,-0.852055,4.2098,-0.0740716,7.40359
0.935072,0.00421764,0.354407,-0.00428097,154.369,-5.60773,57.7597,388.462,-13.9341,114.534,3.72272,3.7395,-0.852055,4.2098,-0.0740716,7.40359
0.935097,0.00428175,0.35434,-0.00440574,154.363,-5.60778,57.791,388.848,-13.9482,114.678,3.72272,3.7395,-0.852055,4.2098,-0.0740716,7.40359
0.935138,0.00430231,0.354239,-0.00383043,154.356,-5.60799,57.8224,389.233,-13.9622,114.823,3.72272,3.7395,-0.852055,4.2098,-0.0740716,7.40359
0.935171,0.00434476,0.354149,-0.00381278,154.35,-5.60815,57.8542,389.619,-13.9762,114.967,3.72272,3.7395,-0.852055,4.2098,-0.0740716,7.40359
0.935189,0.0044183,0.3541,-0.0038985,154.344,-5.60814,57.8855,390.005,-13.9902,115.112,3.72272,3.7395,-0.852055,4.2098,-0.0740716,7.40359
0.93518,0.00445724,0.354125,-0.00387514,153.982,-5.59144,57.4961,389.727,-13.9687,114.445,3.72319,3.73176,-0.852645,4.20184,-0.0738569,7.40113
0.935199,0.00443582,0.354076,-0.00379913,153.975,-5.59144,57.5276,390.112,-13.9827,114.589,3.72319,3.73176,-0.852645,4.20184,-0.0738569,7.40113
0.935217,0.00444311,0.354027,-0.00374756,153.969,-5.59143,57.5595,390.497,-13.9967,114.733,3.72319,3.73176,-0.852645,4.20184,-0.0738569,7.40113
0.935227,0.00448072,0.353999,-0.00383537,153.963,-5.59133,57.5909,390.882,-14.0106,114.877,3.72319,3.73176,-0.852645,4.20184,-0.0738569,7.40113
0.935242,0.0043643,0.353962,-0.00381095,153.957,-5.59128,57.6229,391.267,-14.0246,115.021,3.72319,3.73176,-0.852645,4.20184,-0.0738569,7.40113
0.935331,0.00448094,0.353739,-0.00246841,153.951,-5.59203,57.6547,391.652,-14.0386,115.165,3.72319,3.73176,-0.852645,4.20184,-0.0738569,7.40113
0.93535,0.00449353,0.353686,-0.00250945,153.944,-5.59205,57.6862,392.037,-14.0526,115.309,3.72319,3.73176,-0.852645,4.20184,-0.0738569,7.40113
0.93536,0.00451912,0.353659,-0.00258423,153.938,-5.59198,57.7176,392.422,-14.0665,115.454,3.72319,3.73176,-0.852645,4.20184,-0.0738569,7.40113
0.935406,0.00449638,0.353538,-0.00264689,153.932,-5.59228,57.7491,392.806,-14.0805,115.598,3.72319,3.73176,-0.852645,4.20184,-0.0738569,7.40113
0.935479,0.00462344,0.353348,-0.00201791,153.926,-5.59288,57.7801,393.191,-14.0945,115.743,3.72319,3.73176,-0.852645,4.20184,-0.0738569,7.40113
0.935492,0.00484541,0.353309,-0.00206606,153.92,-5.59286,57.8113,393.576,-14.1085,115.887,3.72319,3.73176,-0.852645,4.20184,-0.0738569,7.40113
0.935567,0.00500537,0.353109,-0.00196812,153.915,-5.59352,57.8431,393.961,-14.1225,116.032,3.72319,3.73176,-0.852645,4.20184,-0.0738569,7.40113
0.935615,0.00508105,0.35298,-0.00202213,153.909,-5.59387,57.8744,394.346,-14.1365,116.176,3.72319,3.73176,-0.852645,4.20184,-0.0738569,7.40113
0.935658,0.00510148,0.352866,-0.00196732,153.903,-5.59416,57.9058,394.73,-14.1504,116.321,3.72319,3.73176,-0.852645,4.20184,-0.0738569,7.40113
0.93568,0.00504069,0.352809,-0.00200373,153.897,-5.59422,57.9374,395.115,-14.1644,116.466,3.72319,3.73176,-0.852645,4.20184,-0.0738569,7.40113
0.935694,0.0051295,0.35277,-0.0019123,154.544,-5.62257,58.7477,396.749,-14.2424,118.154,3.72231,3.74512,-0.851551,4.21735,-0.07428,7.40575
0.935683,0.0050858,0.352801,-0.0018468,154.538,-5.62227,58.7796,397.135,-14.2564,118.301,3.72231,3.74512,-0.851551,4.21735,-0.07428,7.40575
0.935702,0.00511232,0.352748,-0.00226558,154.532,-5.62231,58.811,397.522,-14.2705,118.448,3.72231,3.74512,-0.851551,4.21735,-0.07428,7.40575
0.935684,0.00500084,0.352796,-0.00224048,154.525,-5.62194,58.8429,397.908,-14.2845,118.595,3.72231,3.74512,-0.851551,4.21735,-0.07428,7.40575
0.935679,0.00502476,0.352809,-0.00227212,154.519,-5.6217,58.8743,398.294,-14.2986,118.743,3.72231,3.74512,-0.851551,4.21735,-0.07428,7.40575
0.93571,0.0050727,0.352728,-0.00218463,154.513,-5.62186,58.9061,398.681,-14.3126,118.89,3.72231,3.74512,-0.851551,4.21735,-0.07428,7.40575
0.935689,0.00495184,0.352779,-0.00316665,154.507,-5.62145,58.9381,399.067,-14.3267,119.037,3.72231,3.74512,-0.851551,4.21735,-0.07428,7.40575
0.935697,0.00511204,0.352755,-0.00309618,154.502,-5.62136,58.9697,399.453,-14.3407,119.185,3.72231,3.74512,-0.851551,4.21735,-0.07428,7.40575
0.935719,0.00509438,0.352696,-0.0031284,154.496,-5.6214,59.0012,399.839,-14.3548,119.332,3.72231,3.74512,-0.851551,4.21735,-0.07428,7.40575
0.935748,0.00512844,0.352617,-0.00314707,154.49,-5.62153,59.0326,400.226,-14.3689,119.48,3.72231,3.74512,-0.851551,4.21735,-0.07428,7.40575
0.935772,0.00505755,0.352556,-0.00312257,154.483,-5.62158,59.0637,400.612,-14.3829,119.627,3.72231,3.74512,-0.851551,4.21735,-0.07428,7.40575
0.93584,0.00504789,0.352374,-0.00309094,154.477,-5.62214,59.0953,400.998,-14.397,119.775,3.72231,3.74512,-0.851551,4.21735,-0.07428,7.40575
0.935879,0.00512691,0.352272,-0.00305871,154.472,-5.62236,59.1268,401.384,-14.411,119.923,3.72231,3.74512,-0.851551,4.21735,-0.07428,7.40575
0.935896,0.00521316,0.352226,-0.00293242,154.466,-5.62237,59.1587,401.77,-14.4251,120.071,3.72231,3.74512,-0.851551,4.21735,-0.07428,7.40575
0.935914,0.005289,0.352177,-0.00300546,154.46,-5.62238,59.1902,402.157,-14.4391,120.219,3.72231,3.74512,-0.851551,4.21735,-0.07428,7.40575
0.93588,0.00529934,0.352264,-0.00313464,153.42,-5.57911,57.9771,400.512,-14.353,117.831,3.72371,3.72535,-0.853325,4.19127,-0.0735559,7.39826
0.935891,0.00533008,0.352234,-0.00322832,153.414,-5.57904,58.0082,400.895,-14.367,117.976,3.72371,3.72535,-0.853325,4.19127,-0.0735559,7.39826
0.935936,0.00519523,0.352118,-0.00318706,153.407,-5.57932,58.04,401.279,-14.3809,118.121,3.72371,3.72535,-0.853325,4.19127,-0.0735559,7.39826
0.935932,0.00519191,0.352123,-0.00359752,153.401,-5.57909,58.0713,401.662,-14.3949,118.266,3.72371,3.72535,-0.853325,4.19127,-0.0735559,7.39826
0.93593,0.0051984,0.35213,-0.00352462,153.396,-5.57886,58.103,402.046,-14.4088,118.411,3.72371,3.72535,-0.853325,4.19127,-0.0735559,7.39826
0.936003,0.005257,0.351933,-0.00365741,153.39,-5.57947,58.1339,402.429,-14.4228,118.557,3.72371,3.72535,-0.853325,4.19127,-0.0735559,7.39826
0.935989,0.00525312,0.35197,-0.00373682,153.384,-5.57911,58.1651,402.813,-14.4367,118.702,3.72371,3.72535,-0.853325,4.19127,-0.0735559,7.39826
0.936021,0.00525718,0.351889,-0.00329838,153.378,-5.57924,58.1965,403.196,-14.4507,118.848,3.72371,3.72535,-0.853325,4.19127,-0.0735559,7.39826
0.936016,0.00517505,0.351904,-0.00340781,153.371,-5.57898,58.2277,403.579,-14.4646,118.993,3.72371,3.72535,-0.853325,4.19127,-0.0735559,7.39826
0.936073,0.00536498,0.351747,-0.00338892,153.366,-5.57942,58.2589,403.963,-14.4786,119.139,3.72371,3.72535,-0.853325,4.19127,-0.0735559,7.39826
0.936095,0.00546198,0.351687,-0.0034095,153.36,-5.57947,58.2901,404.346,-14.4925,119.285,3.72371,3.72535,-0.853325,4.19127,-0.0735559,7.39826
0.936089,0.0054127,0.351702,-0.00370941,153.355,-5.57921,58.3216,404.73,-14.5065,119.43,3.72371,3.72535,-0.853325,4.19127,-0.0735559,7.39826
0.936081,0.00542858,0.351723,-0.00372291,153.349,-5.57892,58.353,405.113,-14.5204,119.576,3.72371,3.72535,-0.853325,4.19127,-0.0735559,7.39826
0.936099,0.00554442,0.351674,-0.00370398,153.343,-5.57892,58.3842,405.496,-14.5344,119.722,3.72371,3.72535,-0.853325,4.19127,-0.0735559,7.39826
0.936101,0.00555588,0.351667,-0.00369192,153.337,-5.57874,58.4156,405.88,-14.5483,119.868,3.72371,3.72535,-0.853325,4.19127,-0.0735559,7.39826
0.936133,0.00566663,0.351587,-0.00322801,154.273,-5.61528,59.5875,408.155,-14.6513,122.402,3.72243,3.74194,-0.851684,4.2164,-0.0742638,7.40522
0.936139,0.00560591,0.351569,-0.0033082,154.267,-5.61515,59.6187,408.541,-14.6654,122.551,3.72243,3.74194,-0.851684,4.2164,-0.0742638,7.40522
0.936131,0.00570662,0.351589,-0.00337303,154.261,-5.61487,59.6496,408.926,-14.6794,122.7,3.72243,3.74194,-0.851684,4.2164,-0.0742638,7.40522
0.936161,0.00564738,0.351512,-0.00331676,154.255,-5.61499,59.6812,409.312,-14.6934,122.85,3.72243,3.74194,-0.851684,4.2164,-0.0742638,7.40522
0.936157,0.00564523,0.351518,-0.00361965,154.249,-5.61476,59.7123,409.698,-14.7075,122.999,3.72243,3.74194,-0.851684,4.2164,-0.0742638,7.40522
0.93618,0.00562994,0.351458,-0.00367014,154.243,-5.6148,59.7435,410.083,-14.7215,123.148,3.72243,3.74194,-0.851684,4.2164,-0.0742638,7.40522
0.936186,0.00568616,0.351439,-0.00372214,154.238,-5.61468,59.7745,410.469,-14.7356,123.298,3.72243,3.74194,-0.851684,4.2164,-0.0742638,7.40522
0.936205,0.00563359,0.35139,-0.00376574,154.232,-5.61467,59.8057,410.854,-14.7496,123.447,3.72243,3.74194,-0.851684,4.2164,-0.0742638,7.40522
0.936226,0.00557542,0.351339,-0.00345235,154.225,-5.61468,59.8371,411.24,-14.7636,123.597,3.72243,3.74194,-0.851684,4.2164,-0.0742638,7.40522
0.936231,0.00560448,0.351326,-0.0033045,154.22,-5.61454,59.8689,411.626,-14.7777,123.746,3.72243,3.74194,-0.851684,4.2164,-0.0742638,7.40522
0.936193,0.0055441,0.351427,-0.00326892,154.214,-5.61393,59.9004,412.011,-14.7917,123.896,3.72243,3.74194,-0.851684,4.2164,-0.0742638,7.40522
0.936192,0.00550211,0.351431,-0.00321762,154.208,-5.61371,59.9319,412.397,-14.8057,124.046,3.72243,3.74194,-0.851684,4.2164,-0.0742638,7.40522
0.936206,0.00542112,0.351395,-0.00326224,154.202,-5.61366,59.9629,412.782,-14.8198,124.196,3.72243,3.74194,-0.851684,4.2164,-0.0742638,7.40522
0.936216,0.00518549,0.351372,-0.00327206,154.195,-5.61355,59.9945,413.168,-14.8338,124.346,3.72243,3.74194,-0.851684,4.2164,-0.0742638,7.40522
0.936216,0.00526621,0.351372,-0.00321015,154.19,-5.61335,60.0258,413.553,-14.8478,124.496,3.72243,3.74194,-0.851684,4.2164,-0.0742638,7.40522
0.93621,0.00530926,0.351385,-0.00325137,154.435,-5.62197,60.3632,414.455,-14.8847,125.304,3.72209,3.74595,-0.851245,4.22349,-0.0744654,7.40711
0.936219,0.00548329,0.351357,-0.00345267,154.43,-5.62188,60.394,414.841,-14.8987,125.455,3.72209,3.74595,-0.851245,4.22349,-0.0744654,7.40711
0.936269,0.00567784,0.351224,-0.00325212,154.425,-5.62223,60.4257,415.227,-14.9128,125.606,3.72209,3.74595,-0.851245,4.22349,-0.0744654,7.40711
0.936245,0.00562131,0.351289,-0.00310951,154.419,-5.62177,60.4575,415.613,-14.9268,125.758,3.72209,3.74595,-0.851245,4.22349,-0.0744654,7.40711
0.936322,0.00554042,0.351085,-0.00316339,154.413,-5.62241,60.4886,415.999,-14.9409,125.909,3.72209,3.74595,-0.851245,4.22349,-0.0744654,7.40711
0.936326,0.00554345,0.351072,-0.00337867,154.408,-5.62226,60.5199,416.385,-14.955,126.06,3.72209,3.74595,-0.851245,4.22349,-0.0744654,7.40711
0.936347,0.00555916,0.351018,-0.00322288,154.402,-5.62228,60.5516,416.771,-14.969,126.211,3.72209,3.74595,-0.851245,4.22349,-0.0744654,7.40711
0.936371,0.00559359,0.350953,-0.00323456,154.397,-5.62235,60.5827,417.157,-14.9831,126.363,3.72209,3.74595,-0.851245,4.22349,-0.0744654,7.40711
0.936398,0.0056942,0.350879,-0.00319705,154.392,-5.62246,60.6139,417.543,-14.9971,126.514,3.72209,3.74595,-0.851245,4.22349,-0.0744654,7.40711
0.936437,0.00564429,0.35078,-0.00270464,154.386,-5.62268,60.645,417.929,-15.0112,126.666,3.72209,3.74595,-0.851245,4.22349,-0.0744654,7.40711
0.936414,0.00553714,0.350845,-0.00255185,154.38,-5.62223,60.6768,418.315,-15.0252,126.818,3.72209,3.74595,-0.851245,4.22349,-0.0744654,7.40711
0.936417,0.00552304,0.350838,-0.00242397,154.374,-5.62207,60.7085,418.701,-15.0393,126.97,3.72209,3.74595,-0.851245,4.22349,-0.0744654,7.40711
0.936464,0.0054425,0.350712,-0.00243217,154.368,-5.6224,60.7397,419.087,-15.0533,127.121,3.72209,3.74595,-0.851245,4.22349,-0.0744654,7.40711
0.936475,0.00548604,0.350681,-0.00284756,154.363,-5.62231,60.7705,419.472,-15.0674,127.273,3.72209,3.74595,-0.851245,4.22349,-0.0744654,7.40711
0.936525,0.0055419,0.350546,-0.00296435,154.357,-5.62267,60.8012,419.858,-15.0815,127.425,3.72209,3.74595,-0.851245,4.22349,-0.0744654,7.40711
0.936532,0.00555266,0.350527,-0.00294011,153.72,-5.60244,60.0538,418.915,-15.0408,125.862,3.72298,3.73691,-0.852355,4.2046,-0.0739237,7.40226
0.936562,0.00546989,0.350446,-0.00293274,153.715,-5.60257,60.0851,419.299,-15.0548,126.013,3.72298,3.73691,-0.852355,4.2046,-0.0739237,7.40226
0.936576,0.00548123,0.350408,-0.00306329,153.709,-5.60252,60.1162,419.683,-15.0689,126.163,3.72298,3.73691,-0.852355,4.2046,-0.0739237,7.40226
0.936578,0.00545317,0.350403,-0.0029578,153.703,-5.60235,60.1477,420.068,-15.0829,126.313,3.72298,3.73691,-0.852355,4.2046,-0.0739237,7.40226
0.936607,0.00545214,0.350327,-0.00291225,153.698,-5.60246,60.1789,420.452,-15.0969,126.464,3.72298,3.73691,-0.852355,4.2046,-0.0739237,7.40226
0.936574,0.00536336,0.350417,-0.00294971,153.692,-5.60189,60.21,420.836,-15.1109,126.614,3.72298,3.73691,-0.852355,4.2046,-0.0739237,7.40226
0.936614,0.00538314,0.350311,-0.00257833,153.686,-5.60215,60.2409,421.22,-15.1249,126.765,3.72298,3.73691,-0.852355,4.2046,-0.0739237,7.40226
0.936602,0.00535867,0.350344,-0.00260608,153.681,-5.60182,60.2719,421.604,-15.1389,126.916,3.72298,3.73691,-0.852355,4.2046,-0.0739237,7.40226
0.936626,0.00539159,0.350281,-0.00251019,153.675,-5.60188,60.3033,421.989,-15.1529,127.066,3.72298,3.73691,-0.852355,4.2046,-0.0739237,7.40226
0.936628,0.00523424,0.350278,-0.00244433,153.669,-5.6017,60.3347,422.373,-15.1669,127.217,3.72298,3.73691,-0.852355,4.2046,-0.0739237,7.40226
0.936647,0.0050964,0.350227,-0.00264421,153.663,-5.6017,60.3661,422.757,-15.1809,127.368,3.72298,3.73691,-0.852355,4.2046,-0.0739237,7.40226
0.936648,0.00509469,0.350226,-0.00264221,153.658,-5.6015,60.3971,423.141,-15.1949,127.519,3.72298,3.73691,-0.852355,4.2046,-0.0739237,7.40226
0.936615,0.00517043,0.350313,-0.00260702,153.653,-5.60095,60.4281,423.525,-15.2089,127.67,3.72298,3.73691,-0.852355,4.2046,-0.0739237,7.40226
0.936655,0.00521524,0.350207,-0.00245776,153.648,-5.60119,60.4596,423.909,-15.2229,127.821,3.72298,3.73691,-0.852355,4.2046,-0.0739237,7.40226
0.936645,0.00512868,0.350227,-0.00325056,153.642,-5.60086,60.4909,424.293,-15.2369,127.973,3.72298,3.73691,-0.852355,4.2046,-0.0739237,7.40226
0.936651,0.0051654,0.350209,-0.00331589,152.969,-5.58182,59.6906,423.24,-15.1961,126.249,3.72393,3.72858,-0.853539,4.18348,-0.073312,7.39704
0.936673,0.00522687,0.35015,-0.00333749,152.963,-5.58185,59.7214,423.623,-15.2101,126.398,3.72393,3.72858,-0.853539,4.18348,-0.073312,7.39704
0.936705,0.00518864,0.350065,-0.00343158,152.958,-5.58198,59.7521,424.005,-15.2241,126.548,3.72393,3.72858,-0.853539,4.18348,-0.073312,7.39704
0.936688,0.0051479,0.350106,-0.00398853,152.953,-5.58158,59.7836,424.387,-15.238,126.697,3.72393,3.72858,-0.853539,4.18348,-0.073312,7.39704
0.936687,0.00515759,0.350106,-0.00395293,152.947,-5.58136,59.8147,424.77,-15.252,126.847,3.72393,3.72858,-0.853539,4.18348,-0.073312,7.39704
0.936701,0.00499901,0.350072,-0.00397643,152.941,-5.58128,59.8458,425.152,-15.2659,126.996,3.72393,3.72858,-0.853539,4.18348,-0.073312,7.39704
0.936741,0.00492207,0.349967,-0.00379624,152.936,-5.5815,59.8775,425.534,-15.2799,127.146,3.72393,3.72858,-0.853539,4.18348,-0.073312,7.39704
0.93679,0.00500708,0.349843,-0.00303388,152.93,-5.58184,59.9086,425.917,-15.2938,127.296,3.72393,3.72858,-0.853539,4.18348,-0.073312,7.39704
0.936818,0.00506248,0.349769,-0.00300444,152.925,-5.58194,59.9395,426.299,-15.3078,127.445,3.72393,3.72858,-0.853539,4.18348,-0.073312,7.39704
0.936874,0.00500211,0.349618,-0.00309673,152.919,-5.58234,59.9702,426.681,-15.3217,127.595,3.72393,3.72858,-0.853539,4.18348,-0.073312,7.39704
0.936921,0.00497531,0.349492,-0.00313499,152.914,-5.58265,60.001,427.064,-15.3357,127.745,3.72393,3.72858,-0.853539,4.18348,-0.073312,7.39704
0.936935,0.00492752,0.349453,-0.00334497,152.908,-5.58259,60.0315,427.446,-15.3496,127.895,3.72393,3.72858,-0.853539,4.18348,-0.073312,7.39704
0.936956,0.00497127,0.349396,-0.00330338,152.903,-5.58261,60.0625,427.828,-15.3636,128.046,3.72393,3.72858,-0.853539,4.18348,-0.073312,7.39704
0.937014,0.00505748,0.34924,-0.00327911,152.898,-5.58304,60.0933,428.21,-15.3776,128.196,3.72393,3.72858,-0.853539,4.18348,-0.073312,7.39704
0.936994,0.00507576,0.349293,-0.00326852,152.893,-5.58261,60.1242,428.593,-15.3915,128.346,3.72393,3.72858,-0.853539,4.18348,-0.073312,7.39704
0.937072,0.00505681,0.349095,-0.00209049,152.408,-5.57158,59.5544,427.924,-15.3689,127.11,3.72463,3.72355,-0.85439,4.16751,-0.072846,7.39325
0.937086,0.0049209,0.349058,-0.00216193,152.402,-5.57153,59.5852,428.305,-15.3828,127.259,3.72463,3.72355,-0.85439,4.16751,-0.072846,7.39325
0.937101,0.00486608,0.349018,-0.00196931,152.397,-5.5715,59.6168,428.686,-15.3968,127.408,3.72463,3.72355,-0.85439,4.16751,-0.072846,7.39325
0.937167,0.00472812,0.348842,-0.00212889,152.391,-5.57202,59.6473,429.067,-15.4107,127.557,3.72463,3.72355,-0.85439,4.16751,-0.072846,7.39325
0.937174,0.00460919,0.348821,-0.00285553,152.385,-5.57185,59.6782,429.448,-15.4246,127.707,3.72463,3.72355,-0.85439,4.16751,-0.072846,7.39325
0.937173,0.00465422,0.348824,-0.00273981,152.38,-5.57164,59.7094,429.829,-15.4386,127.856,3.72463,3.72355,-0.85439,4.16751,-0.072846,7.39325
0.937205,0.00447922,0.34874,-0.00274127,152.374,-5.57177,59.7405,430.21,-15.4525,128.005,3.72463,3.72355,-0.85439,4.16751,-0.072846,7.39325
0.9373,0.00438584,0.348485,-0.00282615,152.369,-5.5726,59.7711,430.591,-15.4664,128.155,3.72463,3.72355,-0.85439,4.16751,-0.072846,7.39325
0.9373,0.00444535,0.348476,-0.00355343,152.364,-5.57237,59.8017,430.972,-15.4804,128.304,3.72463,3.72355,-0.85439,4.16751,-0.072846,7.39325
0.937359,0.00449682,0.348316,-0.00358765,152.358,-5.5728,59.8323,431.353,-15.4943,128.454,3.72463,3.72355,-0.85439,4.16751,-0.072846,7.39325
0.937357,0.00451099,0.348325,-0.00345888,152.353,-5.57255,59.8635,431.733,-15.5082,128.603,3.72463,3.72355,-0.85439,4.16751,-0.072846,7.39325
0.937344,0.00444334,0.34836,-0.00342842,152.348,-5.57218,59.8945,432.114,-15.5221,128.753,3.72463,3.72355,-0.85439,4.16751,-0.072846,7.39325
0.937334,0.0044746,0.348379,-0.00415846,152.343,-5.57184,59.9247,432.495,-15.5361,128.903,3.72463,3.72355,-0.85439,4.16751,-0.072846,7.39325
0.937394,0.00463239,0.348213,-0.00419873,152.338,-5.57229,59.9551,432.876,-15.55,129.053,3.72463,3.72355,-0.85439,4.16751,-0.072846,7.39325
0.937457,0.00474747,0.348042,-0.00427283,152.333,-5.57276,59.9855,433.257,-15.5639,129.203,3.72463,3.72355,-0.85439,4.16751,-0.072846,7.39325
0.937472,0.00473374,0.348004,-0.00421525,151.956,-5.56473,59.5461,432.806,-15.5509,128.243,3.72515,3.72043,-0.85507,4.15444,-0.0724593,7.39027
0.937478,0.00476829,0.347986,-0.00415252,151.952,-5.56458,59.5775,433.186,-15.5648,128.392,3.72515,3.72043,-0.85507,4.15444,-0.0724593,7.39027
0.937446,0.00490836,0.348072,-0.00415446,151.947,-5.564,59.608,433.566,-15.5787,128.541,3.72515,3.72043,-0.85507,4.15444,-0.0724593,7.39027
0.937454,0.00487347,0.34805,-0.00408024,151.942,-5.56386,59.639,433.946,-15.5926,128.69,3.72515,3.72043,-0.85507,4.15444,-0.0724593,7.39027
0.93745,0.00493794,0.348059,-0.00415849,151.936,-5.56359,59.6694,434.326,-15.6065,128.839,3.72515,3.72043,-0.85507,4.15444,-0.0724593,7.39027
0.937512,0.00489699,0.347907,-0.00307309,151.931,-5.56401,59.7002,434.705,-15.6204,128.988,3.72515,3.72043,-0.85507,4.15444,-0.0724593,7.39027
0.937485,0.00493471,0.347978,-0.00309518,151.926,-5.5635,59.7308,435.085,-15.6343,129.138,3.72515,3.72043,-0.85507,4.15444,-0.0724593,7.39027
0.93754,0.0050471,0.347828,-0.00301682,151.921,-5.5639,59.7616,435.465,-15.6482,129.287,3.72515,3.72043,-0.85507,4.15444,-0.0724593,7.39027
0.937522,0.00507215,0.347875,-0.00296819,151.916,-5.5635,59.7924,435.845,-15.6622,129.437,3.72515,3.72043,-0.85507,4.15444,-0.0724593,7.39027
0.937571,0.00499625,0.34775,-0.00255448,151.91,-5.5638,59.8227,436.225,-15.6761,129.586,3.72515,3.72043,-0.85507,4.15444,-0.0724593,7.39027
0.937594,0.0049753,0.347687,-0.00258284,151.905,-5.56385,59.8533,436.604,-15.69,129.736,3.72515,3.72043,-0.85507,4.15444,-0.0724593,7.39027
0.937613,0.00506817,0.347634,-0.00255531,151.9,-5.56386,59.8839,436.984,-15.7039,129.886,3.72515,3.72043,-0.85507,4.15444,-0.0724593,7.39027
0.937624,0.00510247,0.347604,-0.00264831,151.895,-5.56378,59.9142,437.364,-15.7178,130.035,3.72515,3.72043,-0.85507,4.15444,-0.0724593,7.39027
0.937655,0.00511257,0.347519,-0.00267961,151.889,-5.56391,59.9443,437.744,-15.7317,130.185,3.72515,3.72043,-0.85507,4.15444,-0.0724593,7.39027
0.937602,0.00516686,0.347662,-0.00277104,151.884,-5.56311,59.9746,438.123,-15.7456,130.335,3.72515,3.72043,-0.85507,4.15444,-0.0724593,7.39027
0.937584,0.00510545,0.347709,-0.00294069,151.924,-5.56351,60.063,438.607,-15.7626,130.626,3.72509,3.72072,-0.854985,4.15613,-0.0725098,7.39064
0.937612,0.00498318,0.347637,-0.00280109,151.919,-5.56359,60.0943,438.987,-15.7765,130.776,3.72509,3.72072,-0.854985,4.15613,-0.0725098,7.39064
0.937528,0.00504896,0.347844,-0.00492854,151.915,-5.56256,60.1245,439.367,-15.7904,130.926,3.72509,3.72072,-0.854985,4.15613,-0.0725098,7.39064
0.937561,0.00504683,0.347746,-0.00508963,151.909,-5.56271,60.1545,439.746,-15.8043,131.077,3.72509,3.72072,-0.854985,4.15613,-0.0725098,7.39064
0.937575,0.00504174,0.347709,-0.00507918,151.904,-5.56262,60.1851,440.126,-15.8182,131.227,3.72509,3.72072,-0.854985,4.15613,-0.0725098,7.39064
0.937591,0.00522044,0.347664,-0.00500094,151.9,-5.56256,60.2158,440.506,-15.8321,131.378,3.72509,3.72072,-0.854985,4.15613,-0.0725098,7.39064
0.937587,0.00525646,0.347675,-0.00497491,151.895,-5.56226,60.2459,440.886,-15.846,131.528,3.72509,3.72072,-0.854985,4.15613,-0.0725098,7.39064
0.937586,0.00529898,0.347675,-0.00505388,151.89,-5.56202,60.2761,441.265,-15.8599,131.679,3.72509,3.72072,-0.854985,4.15613,-0.0725098,7.39064
0.937593,0.00534557,0.347659,-0.00502142,151.885,-5.56185,60.3067,441.645,-15.8738,131.83,3.72509,3.72072,-0.854985,4.15613,-0.0725098,7.39064
0.937577,0.00540562,0.347699,-0.00503608,151.88,-5.56144,60.3372,442.025,-15.8877,131.981,3.72509,3.72072,-0.854985,4.15613,-0.0725098,7.39064
0.9376,0.00553584,0.347644,-0.00441547,151.875,-5.56142,60.3678,442.405,-15.9016,132.132,3.72509,3.72072,-0.854985,4.15613,-0.0725098,7.39064
0.937588,0.00545269,0.347676,-0.00449429,151.87,-5.56105,60.3982,442.784,-15.9155,132.283,3.72509,3.72072,-0.854985,4.15613,-0.0725098,7.39064
0.937611,0.00553178,0.347612,-0.0044962,151.865,-5.56108,60.4287,443.164,-15.9294,132.434,3.72509,3.72072,-0.854985,4.15613,-0.0725098,7.39064
0.937635,0.00551359,0.347549,-0.00446132,151.86,-5.5611,60.4593,443.544,-15.9433,132.585,3.72509,3.72072,-0.854985,4.15613,-0.0725098,7.39064
0.937628,0.00558365,0.347567,-0.00454986,151.855,-5.5608,60.4898,443.923,-15.9572,132.736,3.72509,3.72072,-0.854985,4.15613,-0.0725098,7.39064
0.937636,0.0057192,0.347543,-0.00448997,152.04,-5.56302,60.7642,444.742,-15.982,133.487,3.72481,3.72145,-0.85464,4.16349,-0.0727292,7.39219
0.937689,0.0058361,0.347396,-0.00463644,152.035,-5.56338,60.794,445.122,-15.9959,133.639,3.72481,3.72145,-0.85464,4.16349,-0.0727292,7.39219
0.937713,0.00594914,0.34733,-0.0046357,152.03,-5.56342,60.8243,445.502,-16.0098,133.791,3.72481,3.72145,-0.85464,4.16349,-0.0727292,7.39219
0.937759,0.0061277,0.347214,-0.00376716,152.025,-5.56361,60.8543,445.882,-16.0237,133.943,3.72481,3.72145,-0.85464,4.16349,-0.0727292,7.39219
0.937772,0.00615013,0.347176,-0.0037285,152.02,-5.56354,60.8849,446.262,-16.0377,134.095,3.72481,3.72145,-0.85464,4.16349,-0.0727292,7.39219
0.937834,0.0061836,0.34701,-0.00376061,152.015,-5.564,60.9152,446.642,-16.0516,134.247,3.72481,3.72145,-0.85464,4.16349,-0.0727292,7.39219
0.937922,0.00612482,0.346771,-0.00385967,152.01,-5.56476,60.9454,447.022,-16.0655,134.4,3.72481,3.72145,-0.85464,4.16349,-0.0727292,7.39219
0.93798,0.00624738,0.346623,-0.00285439,152.005,-5.56511,60.9757,447.402,-16.0794,134.552,3.72481,3.72145,-0.85464,4.16349,-0.0727292,7.39219
0.937992,0.00613331,0.346593,-0.0027328,152,-5.56503,61.0068,447.782,-16.0933,134.705,3.72481,3.72145,-0.85464,4.16349,-0.0727292,7.39219
0.938023,0.00619506,0.346505,-0.00284487,151.995,-5.56518,61.0367,448.162,-16.1072,134.857,3.72481,3.72145,-0.85464,4.16349,-0.0727292,7.39219
0.938044,0.00625894,0.346448,-0.00286371,151.99,-5.5652,61.067,448.542,-16.1211,135.01,3.72481,3.72145,-0.85464,4.16349,-0.0727292,7.39219
0.938005,0.00626135,0.346545,-0.00395618,151.985,-5.56461,61.097,448.922,-16.135,135.163,3.72481,3.72145,-0.85464,4.16349,-0.0727292,7.39219
0.938022,0.00624196,0.346498,-0.00388873,151.981,-5.56458,61.1277,449.302,-16.149,135.315,3.72481,3.72145,-0.85464,4.16349,-0.0727292,7.39219
0.938024,0.00633608,0.346489,-0.0039623,151.976,-5.56439,61.1577,449.682,-16.1629,135.468,3.72481,3.72145,-0.85464,4.16349,-0.0727292,7.39219
0.938026,0.006411,0.346482,-0.00400468,151.971,-5.5642,61.1879,450.062,-16.1768,135.621,3.72481,3.72145,-0.85464,4.16349,-0.0727292,7.39219
0.938042,0.00653282,0.346442,-0.00361403,151.899,-5.5636,61.1306,450.282,-16.1873,135.554,3.72491,3.72135,-0.854764,4.16073,-0.0726464,7.39163
0.938025,0.00654789,0.346488,-0.00351199,151.894,-5.5632,61.1614,450.662,-16.2012,135.707,3.72491,3.72135,-0.854764,4.16073,-0.0726464,7.39163
0.938025,0.0065319,0.346488,-0.00342488,151.889,-5.56298,61.1921,451.042,-16.2152,135.86,3.72491,3.72135,-0.854764,4.16073,-0.0726464,7.39163
0.938082,0.00663785,0.346331,-0.00353818,151.885,-5.5634,61.2219,451.421,-16.2291,136.013,3.72491,3.72135,-0.854764,4.16073,-0.0726464,7.39163
0.93818,0.0067314,0.346083,-0.00181924,151.88,-5.56417,61.2519,451.801,-16.243,136.166,3.72491,3.72135,-0.854764,4.16073,-0.0726464,7.39163
0.938178,0.00656907,0.346085,-0.0018163,151.874,-5.56397,61.2825,452.181,-16.2569,136.319,3.72491,3.72135,-0.854764,4.16073,-0.0726464,7.39163
0.938173,0.00683177,0.346095,-0.00183951,151.87,-5.56373,61.3124,452.56,-16.2708,136.473,3.72491,3.72135,-0.854764,4.16073,-0.0726464,7.39163
0.938202,0.0068428,0.346015,-0.00177058,151.865,-5.56386,61.343,452.94,-16.2847,136.626,3.72491,3.72135,-0.854764,4.16073,-0.0726464,7.39163
0.938175,0.00688004,0.346082,-0.00282085,151.861,-5.56343,61.3734,453.32,-16.2986,136.779,3.72491,3.72135,-0.854764,4.16073,-0.0726464,7.39163
0.938195,0.00696601,0.346026,-0.0028554,151.856,-5.56345,61.4035,453.699,-16.3125,136.933,3.72491,3.72135,-0.854764,4.16073,-0.0726464,7.39163
0.938219,0.0069074,0.345961,-0.00279887,151.851,-5.56351,61.4341,454.079,-16.3264,137.086,3.72491,3.72135,-0.854764,4.16073,-0.0726464,7.39163
0.938252,0.00678452,0.345875,-0.00279112,151.846,-5.56365,61.4646,454.459,-16.3403,137.24,3.72491,3.72135,-0.854764,4.16073,-0.0726464,7.39163
0.938282,0.00680925,0.345795,-0.00246842,151.841,-5.56377,61.4949,454.838,-16.3542,137.394,3.72491,3.72135,-0.854764,4.16073,-0.0726464,7.39163
0.938337,0.0066668,0.34565,-0.00253408,151.836,-5.56416,61.5251,455.218,-16.3682,137.548,3.72491,3.72135,-0.854764,4.16073,-0.0726464,7.39163
0.938343,0.00663639,0.345631,-0.00269226,151.831,-5.56403,61.5549,455.597,-16.3821,137.701,3.72491,3.72135,-0.854764,4.16073,-0.0726464,7.39163
0.938375,0.00656269,0.345547,-0.00261672,151.379,-5.56254,60.9989,454.907,-16.3774,136.359,3.72557,3.72181,-0.85559,4.14162,-0.0720682,7.38798
0.93837,0.00650907,0.345558,-0.0031419,151.374,-5.56227,61.0288,455.285,-16.3913,136.512,3.72557,3.72181,-0.85559,4.14162,-0.0720682,7.38798
0.93843,0.00645896,0.345396,-0.00311668,151.369,-5.56272,61.0592,455.663,-16.4052,136.665,3.72557,3.72181,-0.85559,4.14162,-0.0720682,7.38798
0.938428,0.00634469,0.345403,-0.00322719,151.363,-5.56247,61.0893,456.042,-16.4191,136.817,3.72557,3.72181,-0.85559,4.14162,-0.0720682,7.38798
0.938511,0.00632371,0.345176,-0.00330341,151.359,-5.56317,61.1193,456.42,-16.433,136.97,3.72557,3.72181,-0.85559,4.14162,-0.0720682,7.38798
0.938519,0.00632567,0.345153,-0.0032981,151.354,-5.56305,61.1496,456.799,-16.4469,137.123,3.72557,3.72181,-0.85559,4.14162,-0.0720682,7.38798
0.938527,0.00620914,0.345136,-0.00318317,151.349,-5.5629,61.1804,457.177,-16.4608,137.276,3.72557,3.72181,-0.85559,4.14162,-0.0720682,7.38798
0.938518,0.00612925,0.345162,-0.00320438,151.344,-5.56257,61.2107,457.555,-16.4748,137.429,3.72557,3.72181,-0.85559,4.14162,-0.0720682,7.38798
0.938533,0.00608087,0.345122,-0.00312757,151.339,-5.56252,61.2413,457.934,-16.4887,137.582,3.72557,3.72181,-0.85559,4.14162,-0.0720682,7.38798
0.938545,0.00612799,0.345088,-0.00318318,151.334,-5.56243,61.2716,458.312,-16.5026,137.735,3.72557,3.72181,-0.85559,4.14162,-0.0720682,7.38798
0.938545,0.00612149,0.345087,-0.00312458,151.329,-5.56221,61.302,458.69,-16.5165,137.889,3.72557,3.72181,-0.85559,4.14162,-0.0720682,7.38798
0.938584,0.00602463,0.344986,-0.00300448,151.325,-5.56241,61.3328,459.069,-16.5304,138.042,3.72557,3.72181,-0.85559,4.14162,-0.0720682,7.38798
0.938622,0.00598801,0.344882,-0.00301502,151.32,-5.56261,61.363,459.447,-16.5443,138.195,3.72557,3.72181,-0.85559,4.14162,-0.0720682,7.38798
0.938676,0.00613501,0.344739,-0.00220815,151.315,-5.56303,61.3932,459.825,-16.5582,138.349,3.72557,3.72181,-0.85559,4.14162,-0.0720682,7.38798
0.938681,0.0061796,0.344725,-0.00228344,151.311,-5.56288,61.423,460.204,-16.5721,138.502,3.72557,3.72181,-0.85559,4.14162,-0.0720682,7.38798
0.938675,0.00610178,0.344742,-0.00221769,151.638,-5.56245,61.8942,461.39,-16.5973,139.799,3.72509,3.72056,-0.854963,4.15652,-0.0725242,7.3907
0.93869,0.00612333,0.3447,-0.00218907,151.633,-5.56241,61.9244,461.769,-16.6112,139.954,3.72509,3.72056,-0.854963,4.15652,-0.0725242,7.3907
0.938678,0.00609155,0.344727,-0.00308348,151.629,-5.56204,61.9547,462.148,-16.6251,140.109,3.72509,3.72056,-0.854963,4.15652,-0.0725242,7.3907
0.93867,0.00615401,0.344749,-0.00293496,151.625,-5.56174,61.9853,462.527,-16.639,140.264,3.72509,3.72056,-0.854963,4.15652,-0.0725242,7.3907
0.938662,0.00614226,0.344772,-0.003029,151.62,-5.56142,62.0152,462.906,-16.6529,140.419,3.72509,3.72056,-0.854963,4.15652,-0.0725242,7.3907
0.938698,0.00622353,0.344671,-0.00309007,151.615,-5.56161,62.045,463.285,-16.6668,140.574,3.72509,3.72056,-0.854963,4.15652,-0.0725242,7.3907
0.93873,0.00625555,0.344586,-0.00281031,151.61,-5.56174,62.0744,463.664,-16.6807,140.729,3.72509,3.72056,-0.854963,4.15652,-0.0725242,7.3907
0.938792,0.00611302,0.34442,-0.00270995,151.605,-5.5622,62.1051,464.043,-16.6946,140.884,3.72509,3.72056,-0.854963,4.15652,-0.0725242,7.3907
0.938822,0.00604174,0.344339,-0.00278154,151.6,-5.56231,62.1351,464.422,-16.7085,141.04,3.72509,3.72056,-0.854963,4.15652,-0.0725242,7.3907
0.938848,0.00616746,0.344263,-0.00290105,151.596,-5.5624,62.1646,464.801,-16.7225,141.195,3.72509,3.72056,-0.854963,4.15652,-0.0725242,7.3907
0.938915,0.00623599,0.34409,-0.00191251,151.591,-5.56291,62.1945,465.18,-16.7364,141.351,3.72509,3.72056,-0.854963,4.15652,-0.0725242,7.3907
0.938874,0.0062528,0.3442,-0.00189088,151.587,-5.56226,62.2247,465.559,-16.7503,141.506,3.72509,3.72056,-0.854963,4.15652,-0.0725242,7.3907
0.938872,0.0063081,0.344205,-0.00181724,151.582,-5.56203,62.255,465.938,-16.7642,141.662,3.72509,3.72056,-0.854963,4.15652,-0.0725242,7.3907
0.938882,0.00621597,0.344178,-0.0019367,151.577,-5.56193,62.2847,466.317,-16.7781,141.817,3.72509,3.72056,-0.854963,4.15652,-0.0725242,7.3907
0.938935,0.00628255,0.344034,-0.00153565,151.573,-5.56232,62.3147,466.696,-16.792,141.973,3.72509,3.72056,-0.854963,4.15652,-0.0725242,7.3907
0.93898,0.00633599,0.34391,-0.00144086,151.622,-5.56236,62.4164,467.206,-16.8072,142.317,3.72501,3.72021,-0.854862,4.15902,-0.0726014,7.39113
0.93902,0.00631456,0.343803,-0.00137257,151.617,-5.56259,62.4468,467.585,-16.8211,142.473,3.72501,3.72021,-0.854862,4.15902,-0.0726014,7.39113
0.939034,0.00638879,0.343761,-0.00149508,151.612,-5.56256,62.4763,467.964,-16.835,142.63,3.72501,3.72021,-0.854862,4.15902,-0.0726014,7.39113
0.939076,0.00642325,0.343645,-0.00152161,151.608,-5.56282,62.5056,468.343,-16.8489,142.786,3.72501,3.72021,-0.854862,4.15902,-0.0726014,7.39113
0.939053,0.00640424,0.34371,-0.00132823,151.603,-5.56236,62.5364,468.722,-16.8628,142.942,3.72501,3.72021,-0.854862,4.15902,-0.0726014,7.39113
0.939071,0.00636946,0.343662,-0.00147657,151.598,-5.56235,62.5659,469.101,-16.8767,143.099,3.72501,3.72021,-0.854862,4.15902,-0.0726014,7.39113
0.939071,0.00621916,0.343665,-0.00144408,151.593,-5.56213,62.5963,469.48,-16.8906,143.255,3.72501,3.72021,-0.854862,4.15902,-0.0726014,7.39113
0.939107,0.00613745,0.343566,-0.00153056,151.588,-5.56232,62.6264,469.859,-16.9046,143.412,3.72501,3.72021,-0.854862,4.15902,-0.0726014,7.39113
0.93916,0.00613343,0.343422,-0.00151125,151.584,-5.5627,62.6564,470.238,-16.9185,143.568,3.72501,3.72021,-0.854862,4.15902,-0.0726014,7.39113
0.939157,0.00614098,0.343431,-0.00155929,151.579,-5.56246,62.6863,470.617,-16.9324,143.725,3.72501,3.72021,-0.854862,4.15902,-0.0726014,7.39113
0.939186,0.00628297,0.343347,-0.00156335,151.575,-5.56259,62.7161,470.996,-16.9463,143.882,3.72501,3.72021,-0.854862,4.15902,-0.0726014,7.39113
0.93916,0.00611636,0.343416,-0.00296589,151.57,-5.56206,62.7461,471.375,-16.9602,144.039,3.72501,3.72021,-0.854862,4.15902,-0.0726014,7.39113
0.93919,0.00621749,0.34333,-0.00291823,151.566,-5.56219,62.7761,471.754,-16.9741,144.196,3.72501,3.72021,-0.854862,4.15902,-0.0726014,7.39113
0.939215,0.00629444,0.34326,-0.00297705,151.562,-5.56225,62.8058,472.133,-16.988,144.353,3.72501,3.72021,-0.854862,4.15902,-0.0726014,7.39113
0.939241,0.00623686,0.343187,-0.00299562,151.557,-5.56232,62.8357,472.512,-17.0019,144.51,3.72501,3.72021,-0.854862,4.15902,-0.0726014,7.39113
0.939271,0.00611677,0.343111,-0.00263082,151.041,-5.56714,62.1757,471.616,-17.0075,142.819,3.72575,3.72507,-0.855853,4.13398,-0.0718211,7.387
0.939311,0.00603887,0.343003,-0.00265796,151.036,-5.56735,62.2057,471.994,-17.0214,142.974,3.72575,3.72507,-0.855853,4.13398,-0.0718211,7.387
0.939356,0.00599915,0.342881,-0.00275672,151.031,-5.56762,62.2354,472.371,-17.0353,143.13,3.72575,3.72507,-0.855853,4.13398,-0.0718211,7.387
0.939392,0.00613749,0.342778,-0.0027591,151.027,-5.56782,62.2651,472.749,-17.0492,143.286,3.72575,3.72507,-0.855853,4.13398,-0.0718211,7.387
0.939358,0.00595695,0.342867,-0.0039094,151.022,-5.56718,62.2953,473.126,-17.0631,143.441,3.72575,3.72507,-0.855853,4.13398,-0.0718211,7.387
0.939355,0.00604949,0.34287,-0.0039439,151.018,-5.56693,62.325,473.504,-17.0771,143.597,3.72575,3.72507,-0.855853,4.13398,-0.0718211,7.387
0.939394,0.00607739,0.342763,-0.00394474,151.014,-5.56713,62.3549,473.881,-17.091,143.753,3.72575,3.72507,-0.855853,4.13398,-0.0718211,7.387
0.93943,0.00612857,0.342662,-0.00401564,151.009,-5.56729,62.3845,474.259,-17.1049,143.909,3.72575,3.72507,-0.855853,4.13398,-0.0718211,7.387
0.939429,0.00608516,0.342666,-0.00406837,151.004,-5.56704,62.4142,474.636,-17.1188,144.065,3.72575,3.72507,-0.855853,4.13398,-0.0718211,7.387
0.939459,0.0059934,0.342585,-0.00405945,151,-5.56712,62.4442,475.014,-17.1327,144.221,3.72575,3.72507,-0.855853,4.13398,-0.0718211,7.387
0.939448,0.00601751,0.342613,-0.00416427,150.995,-5.56676,62.4737,475.391,-17.1467,144.377,3.72575,3.72507,-0.855853,4.13398,-0.0718211,7.387
0.939516,0.0058302,0.342431,-0.00420556,150.99,-5.56725,62.5037,475.769,-17.1606,144.534,3.72575,3.72507,-0.855853,4.13398,-0.0718211,7.387
0.939539,0.00575278,0.342374,-0.00366369,150.985,-5.56727,62.5338,476.146,-17.1745,144.69,3.72575,3.72507,-0.855853,4.13398,-0.0718211,7.387
0.939538,0.00587987,0.342374,-0.00371235,150.981,-5.56702,62.5633,476.524,-17.1884,144.846,3.72575,3.72507,-0.855853,4.13398,-0.0718211,7.387
0.939555,0.00579107,0.342329,-0.00364909,150.976,-5.56697,62.5935,476.901,-17.2023,145.003,3.72575,3.72507,-0.855853,4.13398,-0.0718211,7.387
0.939587,0.00579707,0.342241,-0.00374232,150.683,-5.57105,62.2297,476.551,-17.2143,144.091,3.72617,3.7287,-0.856422,4.11924,-0.0713578,7.38469
0.939624,0.00596484,0.342142,-0.00319487,150.679,-5.57123,62.2592,476.928,-17.2283,144.247,3.72617,3.7287,-0.856422,4.11924,-0.0713578,7.38469
0.939644,0.00599763,0.342085,-0.00327649,150.674,-5.57122,62.2887,477.304,-17.2422,144.403,3.72617,3.7287,-0.856422,4.11924,-0.0713578,7.38469
0.939745,0.00614059,0.341804,-0.00328825,150.671,-5.57214,62.3183,477.681,-17.2561,144.559,3.72617,3.7287,-0.856422,4.11924,-0.0713578,7.38469
0.93977,0.00625705,0.341734,-0.00334135,150.666,-5.57218,62.3478,478.058,-17.27,144.714,3.72617,3.7287,-0.856422,4.11924,-0.0713578,7.38469
0.939716,0.00616302,0.341872,-0.00452752,150.662,-5.5714,62.3782,478.434,-17.284,144.87,3.72617,3.7287,-0.856422,4.11924,-0.0713578,7.38469
0.939744,0.00613624,0.341793,-0.00459229,150.658,-5.57147,62.4078,478.811,-17.2979,145.026,3.72617,3.7287,-0.856422,4.11924,-0.0713578,7.38469
0.939811,0.00623272,0.341606,-0.00470707,150.653,-5.57198,62.4371,479.188,-17.3118,145.183,3.72617,3.7287,-0.856422,4.11924,-0.0713578,7.38469
0.939864,0.00616171,0.341461,-0.00479261,150.649,-5.57231,62.4667,479.564,-17.3258,145.339,3.72617,3.7287,-0.856422,4.11924,-0.0713578,7.38469
0.939891,0.00624369,0.341394,-0.00407614,150.644,-5.57232,62.4962,479.941,-17.3397,145.495,3.72617,3.7287,-0.856422,4.11924,-0.0713578,7.38469
0.939915,0.00619548,0.341327,-0.00414477,150.64,-5.57235,62.5258,480.318,-17.3536,145.651,3.72617,3.7287,-0.856422,4.11924,-0.0713578,7.38469
0.939962,0.00620149,0.341199,-0.00407505,150.636,-5.57262,62.5558,480.694,-17.3676,145.808,3.72617,3.7287,-0.856422,4.11924,-0.0713578,7.38469
0.939993,0.00624968,0.341111,-0.00406339,150.631,-5.57274,62.5856,481.071,-17.3815,145.964,3.72617,3.7287,-0.856422,4.11924,-0.0713578,7.38469
0.940035,0.0062065,0.341007,-0.00317858,150.627,-5.57292,62.6154,481.447,-17.3954,146.121,3.72617,3.7287,-0.856422,4.11924,-0.0713578,7.38469
0.940054,0.00616419,0.340953,-0.00334655,150.622,-5.5729,62.6446,481.824,-17.4094,146.277,3.72617,3.7287,-0.856422,4.11924,-0.0713578,7.38469
0.94009,0.00607949,0.340855,-0.00333601,150.155,-5.58128,62.0398,481.025,-17.4242,144.688,3.72681,3.73594,-0.857354,4.09468,-0.0705798,7.38106
0.940094,0.00607599,0.340847,-0.00321794,150.151,-5.58108,62.07,481.401,-17.4382,144.843,3.72681,3.73594,-0.857354,4.09468,-0.0705798,7.38106
0.940104,0.00617818,0.340816,-0.00331303,150.147,-5.58097,62.0998,481.776,-17.4521,144.998,3.72681,3.73594,-0.857354,4.09468,-0.0705798,7.38106
0.940109,0.00633004,0.3408,-0.00318826,150.144,-5.5808,62.1298,482.152,-17.4661,145.154,3.72681,3.73594,-0.857354,4.09468,-0.0705798,7.38106
0.940121,0.00629663,0.340768,-0.00321744,150.139,-5.58069,62.1595,482.527,-17.48,145.309,3.72681,3.73594,-0.857354,4.09468,-0.0705798,7.38106
0.940171,0.00622349,0.34063,-0.00326069,150.134,-5.58101,62.1891,482.902,-17.494,145.464,3.72681,3.73594,-0.857354,4.09468,-0.0705798,7.38106
0.940202,0.00612823,0.340551,-0.00283911,150.13,-5.58111,62.219,483.278,-17.5079,145.62,3.72681,3.73594,-0.857354,4.09468,-0.0705798,7.38106
0.940207,0.00619644,0.340534,-0.00303836,150.125,-5.58093,62.2479,483.653,-17.5219,145.776,3.72681,3.73594,-0.857354,4.09468,-0.0705798,7.38106
0.940243,0.00624371,0.340432,-0.00319856,150.121,-5.58111,62.2769,484.028,-17.5359,145.931,3.72681,3.73594,-0.857354,4.09468,-0.0705798,7.38106
0.940229,0.0062946,0.340469,-0.00319039,150.117,-5.58072,62.3066,484.403,-17.5498,146.087,3.72681,3.73594,-0.857354,4.09468,-0.0705798,7.38106
0.940276,0.00636946,0.340344,-0.00253157,150.113,-5.58098,62.3361,484.779,-17.5638,146.243,3.72681,3.73594,-0.857354,4.09468,-0.0705798,7.38106
0.940305,0.00638256,0.340265,-0.00247082,150.109,-5.58107,62.366,485.154,-17.5777,146.399,3.72681,3.73594,-0.857354,4.09468,-0.0705798,7.38106
0.940336,0.0063078,0.340179,-0.00248478,150.104,-5.58119,62.3958,485.529,-17.5917,146.555,3.72681,3.73594,-0.857354,4.09468,-0.0705798,7.38106
0.940322,0.00639223,0.340218,-0.00235487,150.1,-5.58081,62.4258,485.905,-17.6056,146.711,3.72681,3.73594,-0.857354,4.09468,-0.0705798,7.38106
0.940373,0.0065745,0.340076,-0.00193554,150.096,-5.58115,62.4548,486.28,-17.6196,146.867,3.72681,3.73594,-0.857354,4.09468,-0.0705798,7.38106
0.940383,0.00671333,0.340045,-0.00203582,150.23,-5.57803,62.6745,487.008,-17.632,147.554,3.72662,3.73334,-0.85707,4.10228,-0.0708225,7.38212
0.940449,0.00681126,0.33986,-0.00211452,150.226,-5.57856,62.7038,487.383,-17.6459,147.711,3.72662,3.73334,-0.85707,4.10228,-0.0708225,7.38212
0.940439,0.00679294,0.339888,-0.00193128,150.222,-5.57822,62.7341,487.759,-17.6599,147.868,3.72662,3.73334,-0.85707,4.10228,-0.0708225,7.38212
0.940413,0.00680426,0.339956,-0.00299572,150.218,-5.57777,62.764,488.134,-17.6738,148.025,3.72662,3.73334,-0.85707,4.10228,-0.0708225,7.38212
0.940449,0.00688564,0.339853,-0.00294414,150.215,-5.57795,62.7937,488.51,-17.6877,148.182,3.72662,3.73334,-0.85707,4.10228,-0.0708225,7.38212
0.940503,0.00689539,0.339703,-0.00299928,150.21,-5.57833,62.8231,488.886,-17.7017,148.339,3.72662,3.73334,-0.85707,4.10228,-0.0708225,7.38212
0.940557,0.0070235,0.33955,-0.00301766,150.206,-5.57872,62.8525,489.261,-17.7156,148.496,3.72662,3.73334,-0.85707,4.10228,-0.0708225,7.38212
0.940563,0.00693305,0.339535,-0.00309619,150.202,-5.57854,62.882,489.637,-17.7296,148.653,3.72662,3.73334,-0.85707,4.10228,-0.0708225,7.38212
0.940579,0.0068072,0.339492,-0.003131,150.197,-5.57847,62.9116,490.012,-17.7435,148.81,3.72662,3.73334,-0.85707,4.10228,-0.0708225,7.38212
0.940585,0.00690171,0.339472,-0.00319603,150.193,-5.57831,62.9409,490.388,-17.7575,148.968,3.72662,3.73334,-0.85707,4.10228,-0.0708225,7.38212
0.940665,0.00687302,0.339252,-0.00318852,150.189,-5.57897,62.9705,490.763,-17.7714,149.125,3.72662,3.73334,-0.85707,4.10228,-0.0708225,7.38212
0.940678,0.00702487,0.339214,-0.00321106,150.185,-5.57888,62.9994,491.138,-17.7854,149.282,3.72662,3.73334,-0.85707,4.10228,-0.0708225,7.38212
0.940678,0.00701351,0.339211,-0.00332621,150.181,-5.57864,63.0286,491.514,-17.7993,149.44,3.72662,3.73334,-0.85707,4.10228,-0.0708225,7.38212
0.940659,0.00706227,0.339263,-0.00332278,150.177,-5.57819,63.0581,491.889,-17.8133,149.598,3.72662,3.73334,-0.85707,4.10228,-0.0708225,7.38212
0.940711,0.00703982,0.339121,-0.00330961,150.173,-5.57853,63.0877,492.265,-17.8272,149.755,3.72662,3.73334,-0.85707,4.10228,-0.0708225,7.38212
0.940745,0.00699007,0.339033,-0.00269435,150.043,-5.58189,62.9433,492.318,-17.8438,149.423,3.72679,3.73609,-0.857333,4.09514,-0.0705926,7.38119
0.940754,0.00697411,0.339009,-0.00272677,150.039,-5.58175,62.9728,492.693,-17.8577,149.58,3.72679,3.73609,-0.857333,4.09514,-0.0705926,7.38119
0.940825,0.0070079,0.338809,-0.0026503,150.035,-5.58233,63.0025,493.068,-17.8717,149.738,3.72679,3.73609,-0.857333,4.09514,-0.0705926,7.38119
0.940856,0.00693347,0.338725,-0.0026089,150.031,-5.58244,63.0323,493.443,-17.8856,149.895,3.72679,3.73609,-0.857333,4.09514,-0.0705926,7.38119
0.940902,0.00703791,0.338601,-0.00203673,150.027,-5.58272,63.0617,493.819,-17.8996,150.053,3.72679,3.73609,-0.857333,4.09514,-0.0705926,7.38119
0.940956,0.00698966,0.338452,-0.00202386,150.023,-5.5831,63.0913,494.194,-17.9135,150.211,3.72679,3.73609,-0.857333,4.09514,-0.0705926,7.38119
0.940979,0.00694634,0.338387,-0.00210166,150.018,-5.58313,63.1206,494.569,-17.9275,150.368,3.72679,3.73609,-0.857333,4.09514,-0.0705926,7.38119
0.940992,0.00692515,0.338351,-0.00203176,150.014,-5.58305,63.1504,494.944,-17.9415,150.526,3.72679,3.73609,-0.857333,4.09514,-0.0705926,7.38119
0.940959,0.00678502,0.338437,-0.00340246,150.01,-5.58241,63.1797,495.319,-17.9554,150.684,3.72679,3.73609,-0.857333,4.09514,-0.0705926,7.38119
0.940934,0.0066517,0.338506,-0.00343749,150.005,-5.58188,63.2092,495.694,-17.9694,150.842,3.72679,3.73609,-0.857333,4.09514,-0.0705926,7.38119
0.940985,0.00660242,0.338365,-0.00352667,150.001,-5.5822,63.2385,496.069,-17.9833,151,3.72679,3.73609,-0.857333,4.09514,-0.0705926,7.38119
0.941013,0.00652759,0.33829,-0.00354073,149.997,-5.58226,63.268,496.444,-17.9973,151.158,3.72679,3.73609,-0.857333,4.09514,-0.0705926,7.38119
0.941046,0.00667093,0.3382,-0.00292207,149.993,-5.58241,63.2976,496.819,-18.0112,151.317,3.72679,3.73609,-0.857333,4.09514,-0.0705926,7.38119
0.941114,0.00661319,0.338013,-0.00287629,149.989,-5.58293,63.3273,497.194,-18.0252,151.475,3.72679,3.73609,-0.857333,4.09514,-0.0705926,7.38119
0.941142,0.00675369,0.337931,-0.00281613,149.985,-5.58302,63.3568,497.569,-18.0392,151.633,3.72679,3.73609,-0.857333,4.09514,-0.0705926,7.38119
0.941183,0.00669844,0.337818,-0.00290878,150.09,-5.57996,63.5397,498.227,-18.0498,152.229,3.72665,3.73332,-0.857097,4.10162,-0.070803,7.38198
0.941242,0.00681885,0.337658,-0.0019757,150.086,-5.58039,63.5688,498.602,-18.0637,152.388,3.72665,3.73332,-0.857097,4.10162,-0.070803,7.38198
0.941287,0.00674828,0.337534,-0.00197693,150.082,-5.58067,63.5983,498.978,-18.0777,152.547,3.72665,3.73332,-0.857097,4.10162,-0.070803,7.38198
0.941303,0.00673546,0.33749,-0.00204874,150.078,-5.58061,63.6275,499.353,-18.0916,152.706,3.72665,3.73332,-0.857097,4.10162,-0.070803,7.38198
0.94131,0.00675859,0.337468,-0.00206984,150.074,-5.58046,63.6568,499.728,-18.1056,152.866,3.72665,3.73332,-0.857097,4.10162,-0.070803,7.38198
0.941367,0.00677884,0.337314,-0.0013982,150.07,-5.58088,63.6864,500.103,-18.1196,153.025,3.72665,3.73332,-0.857097,4.10162,-0.070803,7.38198
0.941367,0.00690692,0.33731,-0.00145448,150.066,-5.58066,63.7154,500.478,-18.1335,153.184,3.72665,3.73332,-0.857097,4.10162,-0.070803,7.38198
0.941384,0.00696924,0.337261,-0.0014256,150.062,-5.58063,63.7449,500.853,-18.1475,153.343,3.72665,3.73332,-0.857097,4.10162,-0.070803,7.38198
0.941407,0.00702444,0.337197,-0.00130271,150.059,-5.58067,63.7747,501.229,-18.1614,153.503,3.72665,3.73332,-0.857097,4.10162,-0.070803,7.38198
0.941411,0.00700451,0.337185,-0.0020255,150.055,-5.58049,63.8042,501.604,-18.1754,153.662,3.72665,3.73332,-0.857097,4.10162,-0.070803,7.38198
0.941437,0.00712822,0.337108,-0.00201384,150.051,-5.58057,63.8335,501.979,-18.1893,153.822,3.72665,3.73332,-0.857097,4.10162,-0.070803,7.38198
0.941473,0.00713031,0.337006,-0.00202465,150.047,-5.58075,63.8628,502.354,-18.2033,153.982,3.72665,3.73332,-0.857097,4.10162,-0.070803,7.38198
0.941518,0.00722352,0.336881,-0.00191648,150.044,-5.58103,63.8925,502.729,-18.2172,154.141,3.72665,3.73332,-0.857097,4.10162,-0.070803,7.38198
0.941562,0.00738325,0.336756,-0.00163333,150.04,-5.58129,63.9214,503.104,-18.2312,154.301,3.72665,3.73332,-0.857097,4.10162,-0.070803,7.38198
0.941573,0.00745958,0.336723,-0.0015362,150.037,-5.5812,63.951,503.479,-18.2451,154.461,3.72665,3.73332,-0.857097,4.10162,-0.070803,7.38198
0.94155,0.00743015,0.336787,-0.00160031,150.052,-5.58004,64.0086,503.907,-18.2583,154.703,3.72663,3.73274,-0.857051,4.10285,-0.0708435,7.38212
0.941564,0.00740889,0.336749,-0.00168009,150.048,-5.57996,64.0377,504.282,-18.2722,154.863,3.72663,3.73274,-0.857051,4.10285,-0.0708435,7.38212
0.941594,0.00743763,0.336664,-0.00161828,150.045,-5.58008,64.0673,504.657,-18.2862,155.023,3.72663,3.73274,-0.857051,4.10285,-0.0708435,7.38212
0.941564,0.00750976,0.336747,-0.00155368,150.041,-5.57951,64.0967,505.032,-18.3001,155.183,3.72663,3.73274,-0.857051,4.10285,-0.0708435,7.38212
0.941642,0.00751388,0.336529,-0.00156881,150.037,-5.58016,64.126,505.407,-18.3141,155.344,3.72663,3.73274,-0.857051,4.10285,-0.0708435,7.38212
0.941597,0.00745493,0.336656,-0.00153971,150.033,-5.57942,64.1555,505.782,-18.328,155.504,3.72663,3.73274,-0.857051,4.10285,-0.0708435,7.38212
0.941608,0.00744296,0.336624,-0.00198253,150.029,-5.57932,64.1848,506.157,-18.342,155.664,3.72663,3.73274,-0.857051,4.10285,-0.0708435,7.38212
0.941572,0.00730741,0.336726,-0.00190086,150.025,-5.57867,64.2146,506.532,-18.3559,155.825,3.72663,3.73274,-0.857051,4.10285,-0.0708435,7.38212
0.941603,0.00728934,0.336643,-0.00175159,150.021,-5.57878,64.2444,506.907,-18.3699,155.986,3.72663,3.73274,-0.857051,4.10285,-0.0708435,7.38212
0.94162,0.00729199,0.336593,-0.00178337,150.017,-5.57874,64.2736,507.283,-18.3838,156.146,3.72663,3.73274,-0.857051,4.10285,-0.0708435,7.38212
0.941663,0.0071822,0.336478,-0.00140984,150.013,-5.579,64.303,507.658,-18.3978,156.307,3.72663,3.73274,-0.857051,4.10285,-0.0708435,7.38212
0.941682,0.00718263,0.336425,-0.00142682,150.009,-5.57898,64.3323,508.033,-18.4117,156.468,3.72663,3.73274,-0.857051,4.10285,-0.0708435,7.38212
0.941714,0.00724754,0.336332,-0.00142966,150.005,-5.57912,64.3614,508.408,-18.4257,156.629,3.72663,3.73274,-0.857051,4.10285,-0.0708435,7.38212
0.941766,0.00716967,0.336189,-0.00142946,150.001,-5.57947,64.3908,508.783,-18.4396,156.79,3.72663,3.73274,-0.857051,4.10285,-0.0708435,7.38212
0.941784,0.00721164,0.336136,-0.0018528,149.997,-5.57944,64.42,509.158,-18.4536,156.951,3.72663,3.73274,-0.857051,4.10285,-0.0708435,7.38212
0.941827,0.00717103,0.336016,-0.00178774,149.538,-5.59707,63.7984,508.337,-18.4908,155.222,3.72718,3.74739,-0.85808,4.07397,-0.0698896,7.3791
0.941888,0.00716353,0.335845,-0.00192149,149.534,-5.59752,63.8272,508.711,-18.5048,155.382,3.72718,3.74739,-0.85808,4.07397,-0.0698896,7.3791
0.941911,0.00723995,0.335778,-0.00196374,149.53,-5.59756,63.8562,509.085,-18.5188,155.542,3.72718,3.74739,-0.85808,4.07397,-0.0698896,7.3791
0.941938,0.00727527,0.335704,-0.00197241,149.526,-5.59762,63.8854,509.459,-18.5328,155.701,3.72718,3.74739,-0.85808,4.07397,-0.0698896,7.3791
0.942006,0.00731266,0.335509,-0.00198606,149.523,-5.59817,63.9146,509.833,-18.5468,155.861,3.72718,3.74739,-0.85808,4.07397,-0.0698896,7.3791
0.942018,0.00731826,0.335476,-0.00196087,149.519,-5.59807,63.9439,510.207,-18.5608,156.021,3.72718,3.74739,-0.85808,4.07397,-0.0698896,7.3791
0.942039,0.00719044,0.335421,-0.00200576,149.514,-5.59804,63.9731,510.58,-18.5748,156.181,3.72718,3.74739,-0.85808,4.07397,-0.0698896,7.3791
0.94206,0.00717986,0.335362,-0.00208864,149.511,-5.59804,64.0027,510.954,-18.5888,156.341,3.72718,3.74739,-0.85808,4.07397,-0.0698896,7.3791
0.942075,0.00717642,0.335318,-0.00221586,149.507,-5.59797,64.0314,511.328,-18.6028,156.501,3.72718,3.74739,-0.85808,4.07397,-0.0698896,7.3791
0.942065,0.00712521,0.335347,-0.00238777,149.502,-5.59759,64.0601,511.702,-18.6168,156.661,3.72718,3.74739,-0.85808,4.07397,-0.0698896,7.3791
0.942158,0.00715279,0.335085,-0.00242725,149.499,-5.59841,64.0891,512.075,-18.6308,156.821,3.72718,3.74739,-0.85808,4.07397,-0.0698896,7.3791
0.942231,0.00725257,0.334886,-0.00123726,149.495,-5.59899,64.1184,512.449,-18.6448,156.982,3.72718,3.74739,-0.85808,4.07397,-0.0698896,7.3791
0.942226,0.00728264,0.334896,-0.00120406,149.491,-5.59872,64.1477,512.823,-18.6588,157.142,3.72718,3.74739,-0.85808,4.07397,-0.0698896,7.3791
0.942241,0.0072464,0.334856,-0.00119331,149.487,-5.59864,64.177,513.197,-18.6728,157.302,3.72718,3.74739,-0.85808,4.07397,-0.0698896,7.3791
0.942256,0.00710508,0.334817,-0.00111302,149.483,-5.59857,64.2066,513.57,-18.6867,157.463,3.72718,3.74739,-0.85808,4.07397,-0.0698896,7.3791
0.942277,0.00710519,0.334755,-0.0016103,148.616,-5.63472,62.9921,511.672,-18.7533,153.985,3.72819,3.77816,-0.860083,4.0175,-0.0680063,7.37367
0.942258,0.00686446,0.334813,-0.00160748,148.611,-5.63423,63.0216,512.043,-18.7674,154.143,3.72819,3.77816,-0.860083,4.0175,-0.0680063,7.37367
0.942259,0.00679083,0.334813,-0.00163228,148.607,-5.63399,63.0508,512.415,-18.7815,154.3,3.72819,3.77816,-0.860083,4.0175,-0.0680063,7.37367
0.942265,0.00670378,0.334798,-0.00162432,148.603,-5.6338,63.0801,512.786,-18.7956,154.458,3.72819,3.77816,-0.860083,4.0175,-0.0680063,7.37367
0.942253,0.0064751,0.334828,-0.00293007,148.599,-5.63329,63.1094,513.158,-18.8096,154.616,3.72819,3.77816,-0.860083,4.0175,-0.0680063,7.37367
0.942315,0.00640346,0.334653,-0.00293534,148.595,-5.63374,63.1386,513.529,-18.8237,154.774,3.72819,3.77816,-0.860083,4.0175,-0.0680063,7.37367
0.94232,0.00649834,0.334637,-0.00306161,148.591,-5.63354,63.1672,513.901,-18.8378,154.932,3.72819,3.77816,-0.860083,4.0175,-0.0680063,7.37367
0.94232,0.00652642,0.334638,-0.00293138,148.588,-5.63327,63.1968,514.272,-18.8519,155.09,3.72819,3.77816,-0.860083,4.0175,-0.0680063,7.37367
0.942364,0.00657692,0.334517,-0.00225577,148.584,-5.63355,63.226,514.644,-18.866,155.248,3.72819,3.77816,-0.860083,4.0175,-0.0680063,7.37367
0.942363,0.00645976,0.334521,-0.0022991,148.58,-5.63328,63.2551,515.015,-18.8801,155.406,3.72819,3.77816,-0.860083,4.0175,-0.0680063,7.37367
0.942444,0.00638255,0.334295,-0.00235907,148.576,-5.63394,63.2841,515.387,-18.8941,155.564,3.72819,3.77816,-0.860083,4.0175,-0.0680063,7.37367
0.942434,0.00643466,0.334323,-0.00227759,148.572,-5.63357,63.3134,515.758,-18.9082,155.722,3.72819,3.77816,-0.860083,4.0175,-0.0680063,7.37367
0.942468,0.00631584,0.334231,-0.00209106,148.568,-5.6337,63.3429,516.129,-18.9223,155.881,3.72819,3.77816,-0.860083,4.0175,-0.0680063,7.37367
0.942486,0.00631967,0.334181,-0.00207659,148.565,-5.63365,63.372,516.501,-18.9364,156.039,3.72819,3.77816,-0.860083,4.0175,-0.0680063,7.37367
0.942516,0.00625825,0.334094,-0.00211779,148.561,-5.63374,63.401,516.872,-18.9505,156.198,3.72819,3.77816,-0.860083,4.0175,-0.0680063,7.37367
0.942514,0.00616931,0.334102,-0.00219492,148.493,-5.63642,63.3379,517.076,-18.9693,156.085,3.72827,3.78065,-0.86023,4.01323,-0.0678631,7.3733
0.942569,0.00619543,0.333952,-0.00159779,148.489,-5.63682,63.3673,517.448,-18.9834,156.243,3.72827,3.78065,-0.86023,4.01323,-0.0678631,7.3733
0.942641,0.00607154,0.333749,-0.00167141,148.485,-5.63739,63.3962,517.819,-18.9975,156.402,3.72827,3.78065,-0.86023,4.01323,-0.0678631,7.3733
0.942604,0.00609901,0.333852,-0.00173229,148.481,-5.63671,63.425,518.19,-19.0116,156.56,3.72827,3.78065,-0.86023,4.01323,-0.0678631,7.3733
0.942582,0.00619948,0.333912,-0.00165808,148.478,-5.63621,63.4542,518.561,-19.0257,156.719,3.72827,3.78065,-0.86023,4.01323,-0.0678631,7.3733
0.942623,0.00635092,0.333795,-0.00170722,148.475,-5.63644,63.4832,518.932,-19.0398,156.878,3.72827,3.78065,-0.86023,4.01323,-0.0678631,7.3733
0.942689,0.00632097,0.333608,-0.00173003,148.471,-5.63694,63.5122,519.304,-19.0539,157.037,3.72827,3.78065,-0.86023,4.01323,-0.0678631,7.3733
0.942661,0.00637484,0.333686,-0.00166778,148.468,-5.63637,63.5414,519.675,-19.0679,157.195,3.72827,3.78065,-0.86023,4.01323,-0.0678631,7.3733
0.942657,0.00638046,0.333697,-0.00171597,148.464,-5.63607,63.5703,520.046,-19.082,157.354,3.72827,3.78065,-0.86023,4.01323,-0.0678631,7.3733
0.942701,0.0062572,0.333576,-0.00158071,148.46,-5.63631,63.5993,520.417,-19.0961,157.513,3.72827,3.78065,-0.86023,4.01323,-0.0678631,7.3733
0.942728,0.00630193,0.333497,-0.00170413,148.456,-5.63637,63.6278,520.788,-19.1102,157.672,3.72827,3.78065,-0.86023,4.01323,-0.0678631,7.3733
0.942777,0.00627623,0.333362,-0.0017243,148.453,-5.63666,63.6568,521.159,-19.1243,157.832,3.72827,3.78065,-0.86023,4.01323,-0.0678631,7.3733
0.942758,0.00636913,0.333412,-0.00182369,148.449,-5.63619,63.6853,521.531,-19.1384,157.991,3.72827,3.78065,-0.86023,4.01323,-0.0678631,7.3733
0.94277,0.00629611,0.333376,-0.00237732,148.446,-5.63608,63.7144,521.902,-19.1525,158.15,3.72827,3.78065,-0.86023,4.01323,-0.0678631,7.3733
0.942766,0.00621518,0.333389,-0.00247622,148.442,-5.63575,63.7432,522.273,-19.1666,158.309,3.72827,3.78065,-0.86023,4.01323,-0.0678631,7.3733
0.942799,0.00642982,0.333291,-0.00251677,148.247,-5.64584,63.4915,522.138,-19.1978,157.637,3.7285,3.78887,-0.860676,3.99992,-0.0674156,7.37224
0.942852,0.00640501,0.33314,-0.00240721,148.243,-5.64619,63.5209,522.508,-19.2119,157.796,3.7285,3.78887,-0.860676,3.99992,-0.0674156,7.37224
0.94287,0.00639396,0.333089,-0.00263636,148.24,-5.64613,63.5499,522.879,-19.2261,157.955,3.7285,3.78887,-0.860676,3.99992,-0.0674156,7.37224
0.942845,0.0064686,0.333159,-0.00260236,148.236,-5.64558,63.5789,523.25,-19.2402,158.114,3.7285,3.78887,-0.860676,3.99992,-0.0674156,7.37224
0.942834,0.00654902,0.333188,-0.00254974,148.233,-5.6452,63.608,523.62,-19.2543,158.273,3.7285,3.78887,-0.860676,3.99992,-0.0674156,7.37224
0.942867,0.00641094,0.333099,-0.00264778,148.229,-5.64529,63.6368,523.991,-19.2684,158.432,3.7285,3.78887,-0.860676,3.99992,-0.0674156,7.37224
0.942835,0.00636469,0.333181,-0.00383887,148.226,-5.64469,63.666,524.361,-19.2825,158.591,3.7285,3.78887,-0.860676,3.99992,-0.0674156,7.37224
0.942884,0.00641689,0.333036,-0.00392478,148.222,-5.64499,63.6946,524.732,-19.2966,158.751,3.7285,3.78887,-0.860676,3.99992,-0.0674156,7.37224
0.942913,0.00645543,0.332955,-0.00386102,148.219,-5.64504,63.7237,525.102,-19.3107,158.91,3.7285,3.78887,-0.860676,3.99992,-0.0674156,7.37224
0.942944,0.00655811,0.332865,-0.00390448,148.216,-5.64512,63.7524,525.473,-19.3248,159.069,3.7285,3.78887,-0.860676,3.99992,-0.0674156,7.37224
0.942955,0.00661822,0.332833,-0.00382829,148.212,-5.64496,63.7807,525.843,-19.339,159.229,3.7285,3.78887,-0.860676,3.99992,-0.0674156,7.37224
0.943001,0.00651541,0.332704,-0.0039123,148.208,-5.6452,63.8095,526.214,-19.3531,159.388,3.7285,3.78887,-0.860676,3.99992,-0.0674156,7.37224
0.943022,0.00653997,0.332644,-0.00379616,148.205,-5.64516,63.8388,526.584,-19.3672,159.548,3.7285,3.78887,-0.860676,3.99992,-0.0674156,7.37224
0.943014,0.00657526,0.332667,-0.00387617,148.201,-5.64478,63.8674,526.955,-19.3813,159.707,3.7285,3.78887,-0.860676,3.99992,-0.0674156,7.37224
0.942989,0.00653211,0.332729,-0.004486,148.198,-5.64425,63.8961,527.325,-19.3954,159.867,3.7285,3.78887,-0.860676,3.99992,-0.0674156,7.37224
0.942977,0.00655675,0.332761,-0.0045879,148.111,-5.64859,63.8028,527.477,-19.4184,159.664,3.7286,3.79271,-0.860864,3.99403,-0.0672173,7.37182
0.943027,0.00658168,0.332619,-0.00464061,148.108,-5.64888,63.8315,527.848,-19.4325,159.823,3.7286,3.79271,-0.860864,3.99403,-0.0672173,7.37182
0.943066,0.00651917,0.332508,-0.00464729,148.104,-5.64904,63.8604,528.218,-19.4466,159.983,3.7286,3.79271,-0.860864,3.99403,-0.0672173,7.37182
0.943113,0.00655329,0.332391,-0.0034259,148.1,-5.64924,63.8896,528.588,-19.4607,160.143,3.7286,3.79271,-0.860864,3.99403,-0.0672173,7.37182
0.94318,0.00667846,0.332197,-0.00349606,148.097,-5.64975,63.9181,528.958,-19.4748,160.302,3.7286,3.79271,-0.860864,3.99403,-0.0672173,7.37182
0.943191,0.0067325,0.332164,-0.00342973,148.094,-5.6496,63.9472,529.329,-19.489,160.462,3.7286,3.79271,-0.860864,3.99403,-0.0672173,7.37182
0.943265,0.00676104,0.331954,-0.00338153,148.091,-5.65018,63.9762,529.699,-19.5031,160.622,3.7286,3.79271,-0.860864,3.99403,-0.0672173,7.37182
0.943309,0.00685592,0.331834,-0.00272273,148.087,-5.65037,64.0048,530.069,-19.5172,160.782,3.7286,3.79271,-0.860864,3.99403,-0.0672173,7.37182
0.943339,0.00678276,0.331751,-0.00278173,148.083,-5.65043,64.0335,530.439,-19.5314,160.942,3.7286,3.79271,-0.860864,3.99403,-0.0672173,7.37182
0.943397,0.00686657,0.331583,-0.00284684,148.08,-5.65084,64.062,530.81,-19.5455,161.102,3.7286,3.79271,-0.860864,3.99403,-0.0672173,7.37182
0.94341,0.00696206,0.331542,-0.00291325,148.077,-5.65072,64.0905,531.18,-19.5596,161.263,3.7286,3.79271,-0.860864,3.99403,-0.0672173,7.37182
0.943424,0.00694939,0.331502,-0.00290831,148.074,-5.65062,64.1197,531.55,-19.5737,161.423,3.7286,3.79271,-0.860864,3.99403,-0.0672173,7.37182
0.9434,0.00697866,0.33157,-0.00300867,148.07,-5.65006,64.1481,531.92,-19.5879,161.583,3.7286,3.79271,-0.860864,3.99403,-0.0672173,7.37182
0.943482,0.00697501,0.331336,-0.00297263,148.067,-5.65073,64.1771,532.29,-19.602,161.744,3.7286,3.79271,-0.860864,3.99403,-0.0672173,7.37182
0.943504,0.00698617,0.331272,-0.00312864,148.063,-5.65071,64.2053,532.66,-19.6161,161.904,3.7286,3.79271,-0.860864,3.99403,-0.0672173,7.37182
0.943477,0.00673247,0.331347,-0.00397846,147.755,-5.66906,63.786,532.232,-19.6672,160.72,3.72899,3.80781,-0.861551,3.9719,-0.0664717,7.37045
0.943506,0.0068048,0.331261,-0.00401164,147.752,-5.66912,63.8146,532.601,-19.6813,160.88,3.72899,3.80781,-0.861551,3.9719,-0.0664717,7.37045
0.943516,0.00675145,0.331235,-0.00400726,147.748,-5.66893,63.8435,532.971,-19.6955,161.039,3.72899,3.80781,-0.861551,3.9719,-0.0664717,7.37045
0.94355,0.00666509,0.331138,-0.00397932,147.745,-5.66903,63.8725,533.34,-19.7097,161.199,3.72899,3.80781,-0.861551,3.9719,-0.0664717,7.37045
0.943564,0.00668201,0.331104,-0.00370755,147.741,-5.66889,63.9014,533.709,-19.7239,161.359,3.72899,3.80781,-0.861551,3.9719,-0.0664717,7.37045
0.943612,0.00647715,0.330969,-0.00364705,147.737,-5.66915,63.9307,534.079,-19.738,161.518,3.72899,3.80781,-0.861551,3.9719,-0.0664717,7.37045
0.943618,0.00653016,0.330951,-0.00361729,147.734,-5.66893,63.9596,534.448,-19.7522,161.678,3.72899,3.80781,-0.861551,3.9719,-0.0664717,7.37045
0.943603,0.00647719,0.330995,-0.00367106,147.73,-5.66846,63.9882,534.817,-19.7664,161.838,3.72899,3.80781,-0.861551,3.9719,-0.0664717,7.37045
0.943617,0.00639356,0.330959,-0.00346383,147.727,-5.66833,64.0175,535.187,-19.7805,161.998,3.72899,3.80781,-0.861551,3.9719,-0.0664717,7.37045
0.943628,0.00649563,0.330927,-0.00342129,147.724,-5.66817,64.0463,535.556,-19.7947,162.159,3.72899,3.80781,-0.861551,3.9719,-0.0664717,7.37045
0.94361,0.00654641,0.330979,-0.00331714,147.721,-5.66768,64.0754,535.925,-19.8089,162.319,3.72899,3.80781,-0.861551,3.9719,-0.0664717,7.37045
0.943613,0.00658493,0.330969,-0.003231,147.718,-5.66744,64.1045,536.295,-19.8231,162.479,3.72899,3.80781,-0.861551,3.9719,-0.0664717,7.37045
0.943642,0.00676303,0.330885,-0.00292952,147.715,-5.66749,64.1332,536.664,-19.8372,162.639,3.72899,3.80781,-0.861551,3.9719,-0.0664717,7.37045
0.94364,0.00688418,0.33089,-0.00286412,147.712,-5.6672,64.1621,537.033,-19.8514,162.8,3.72899,3.80781,-0.861551,3.9719,-0.0664717,7.37045
0.943648,0.00690613,0.330866,-0.00277401,147.709,-5.66701,64.1911,537.402,-19.8656,162.96,3.72899,3.80781,-0.861551,3.9719,-0.0664717,7.37045
0.94371,0.00688873,0.33069,-0.00271019,147.922,-5.65285,64.5406,538.338,-19.8498,164.087,3.72871,3.79632,-0.86107,3.98801,-0.0670149,7.37131
0.943723,0.0068883,0.330652,-0.00290023,147.918,-5.65272,64.5693,538.708,-19.864,164.248,3.72871,3.79632,-0.86107,3.98801,-0.0670149,7.37131
0.943736,0.00684663,0.330618,-0.00280209,147.915,-5.65258,64.5984,539.078,-19.8781,164.41,3.72871,3.79632,-0.86107,3.98801,-0.0670149,7.37131
0.943767,0.00686856,0.330527,-0.00281418,147.912,-5.65267,64.6271,539.448,-19.8922,164.571,3.72871,3.79632,-0.86107,3.98801,-0.0670149,7.37131
0.943832,0.00685719,0.330343,-0.00278792,147.908,-5.65313,64.6559,539.817,-19.9064,164.733,3.72871,3.79632,-0.86107,3.98801,-0.0670149,7.37131
0.943855,0.00693367,0.330275,-0.00275401,147.905,-5.65312,64.6843,540.187,-19.9205,164.894,3.72871,3.79632,-0.86107,3.98801,-0.0670149,7.37131
0.943847,0.0069995,0.330298,-0.002736,147.902,-5.65275,64.713,540.557,-19.9346,165.056,3.72871,3.79632,-0.86107,3.98801,-0.0670149,7.37131
0.943866,0.00702274,0.330242,-0.00279622,147.899,-5.65269,64.7414,540.927,-19.9488,165.218,3.72871,3.79632,-0.86107,3.98801,-0.0670149,7.37131
0.94386,0.00703181,0.330259,-0.00280428,147.896,-5.65233,64.7701,541.296,-19.9629,165.38,3.72871,3.79632,-0.86107,3.98801,-0.0670149,7.37131
0.943888,0.00711954,0.330179,-0.00260321,147.893,-5.65237,64.7988,541.666,-19.977,165.542,3.72871,3.79632,-0.86107,3.98801,-0.0670149,7.37131
0.943947,0.00700132,0.330011,-0.00278203,147.889,-5.65276,64.827,542.036,-19.9912,165.704,3.72871,3.79632,-0.86107,3.98801,-0.0670149,7.37131
0.943963,0.00708014,0.329965,-0.00274458,147.886,-5.65267,64.8557,542.406,-20.0053,165.866,3.72871,3.79632,-0.86107,3.98801,-0.0670149,7.37131
0.944038,0.00712811,0.329748,-0.00275391,147.883,-5.65326,64.8843,542.775,-20.0194,166.028,3.72871,3.79632,-0.86107,3.98801,-0.0670149,7.37131
0.944034,0.00724981,0.329752,-0.00328556,147.88,-5.65298,64.9125,543.145,-20.0336,166.191,3.72871,3.79632,-0.86107,3.98801,-0.0670149,7.37131
0.944071,0.0072192,0.329649,-0.00325261,147.876,-5.65311,64.9413,543.515,-20.0477,166.353,3.72871,3.79632,-0.86107,3.98801,-0.0670149,7.37131
0.944121,0.00722083,0.329503,-0.00329527,147.322,-5.69353,64.1483,542.443,-20.1477,164.029,3.72945,3.82745,-0.862269,3.94603,-0.0655985,7.36945
0.944117,0.00722665,0.329515,-0.0032058,147.319,-5.69319,64.1773,542.812,-20.1619,164.19,3.72945,3.82745,-0.862269,3.94603,-0.0655985,7.36945
0.944182,0.00731701,0.329338,-0.00199968,147.316,-5.69362,64.2059,543.18,-20.1762,164.35,3.72945,3.82745,-0.862269,3.94603,-0.0655985,7.36945
0.944212,0.00734303,0.329249,-0.00212688,147.312,-5.6937,64.234,543.548,-20.1904,164.511,3.72945,3.82745,-0.862269,3.94603,-0.0655985,7.36945
0.944217,0.0072798,0.329237,-0.0021111,147.309,-5.69347,64.2628,543.917,-20.2046,164.672,3.72945,3.82745,-0.862269,3.94603,-0.0655985,7.36945
0.944234,0.00733136,0.329186,-0.00206198,147.306,-5.69339,64.2916,544.285,-20.2189,164.832,3.72945,3.82745,-0.862269,3.94603,-0.0655985,7.36945
0.944247,0.00739866,0.329147,-0.00242481,147.303,-5.69327,64.3201,544.653,-20.2331,164.993,3.72945,3.82745,-0.862269,3.94603,-0.0655985,7.36945
0.944305,0.00745351,0.32898,-0.00236212,147.3,-5.69367,64.3489,545.021,-20.2473,165.154,3.72945,3.82745,-0.862269,3.94603,-0.0655985,7.36945
0.944321,0.00753058,0.328931,-0.00241091,147.297,-5.69358,64.3773,545.39,-20.2616,165.315,3.72945,3.82745,-0.862269,3.94603,-0.0655985,7.36945
0.944391,0.00748544,0.328731,-0.0023943,147.294,-5.69412,64.406,545.758,-20.2758,165.476,3.72945,3.82745,-0.862269,3.94603,-0.0655985,7.36945
0.944388,0.00750324,0.328735,-0.00295319,147.29,-5.69382,64.4344,546.126,-20.29,165.637,3.72945,3.82745,-0.862269,3.94603,-0.0655985,7.36945
0.944367,0.0075125,0.328796,-0.0028022,147.287,-5.69329,64.4636,546.494,-20.3043,165.798,3.72945,3.82745,-0.862269,3.94603,-0.0655985,7.36945
0.944417,0.00766777,0.328646,-0.00297287,147.285,-5.6936,64.4913,546.862,-20.3185,165.959,3.72945,3.82745,-0.862269,3.94603,-0.0655985,7.36945
0.944433,0.00769973,0.328601,-0.00292291,147.282,-5.6935,64.5201,547.231,-20.3327,166.121,3.72945,3.82745,-0.862269,3.94603,-0.0655985,7.36945
0.944468,0.00768377,0.328506,-0.00241698,147.278,-5.69358,64.5487,547.599,-20.347,166.282,3.72945,3.82745,-0.862269,3.94603,-0.0655985,7.36945
0.944518,0.00752746,0.328364,-0.00235785,147.266,-5.69452,64.5649,547.945,-20.3627,166.405,3.72946,3.82796,-0.862288,3.94537,-0.0655761,7.36943
0.944522,0.00751068,0.328356,-0.00229882,147.263,-5.69427,64.5937,548.313,-20.3769,166.566,3.72946,3.82796,-0.862288,3.94537,-0.0655761,7.36943
0.944531,0.00759176,0.328328,-0.00214282,147.26,-5.6941,64.6228,548.681,-20.3911,166.728,3.72946,3.82796,-0.862288,3.94537,-0.0655761,7.36943
0.944486,0.00746429,0.328449,-0.00380093,147.257,-5.69327,64.6519,549.049,-20.4054,166.889,3.72946,3.82796,-0.862288,3.94537,-0.0655761,7.36943
0.944565,0.00754888,0.328215,-0.00388322,147.254,-5.69392,64.68,549.418,-20.4196,167.051,3.72946,3.82796,-0.862288,3.94537,-0.0655761,7.36943
0.944586,0.0074137,0.328156,-0.00393181,147.251,-5.69385,64.7086,549.786,-20.4338,167.213,3.72946,3.82796,-0.862288,3.94537,-0.0655761,7.36943
0.944572,0.00734447,0.328199,-0.0040176,147.247,-5.69337,64.7369,550.154,-20.4481,167.375,3.72946,3.82796,-0.862288,3.94537,-0.0655761,7.36943
0.944618,0.00727274,0.328084,-0.00273635,147.243,-5.69361,64.7657,550.522,-20.4623,167.537,3.72946,3.82796,-0.862288,3.94537,-0.0655761,7.36943
0.94464,0.00731751,0.328016,-0.0027841,147.24,-5.69359,64.794,550.89,-20.4765,167.699,3.72946,3.82796,-0.862288,3.94537,-0.0655761,7.36943
0.944698,0.00734418,0.327848,-0.00276782,147.237,-5.69398,64.8226,551.258,-20.4908,167.861,3.72946,3.82796,-0.862288,3.94537,-0.0655761,7.36943
0.944725,0.00745993,0.327769,-0.00270229,147.235,-5.69401,64.8512,551.626,-20.505,168.023,3.72946,3.82796,-0.862288,3.94537,-0.0655761,7.36943
0.944723,0.0073714,0.327772,-0.00318934,147.231,-5.69369,64.8795,551.994,-20.5192,168.185,3.72946,3.82796,-0.862288,3.94537,-0.0655761,7.36943
0.944733,0.00734579,0.327741,-0.00327479,147.228,-5.69351,64.9077,552.362,-20.5335,168.347,3.72946,3.82796,-0.862288,3.94537,-0.0655761,7.36943
0.944777,0.0072199,0.327617,-0.00325547,147.224,-5.69371,64.9364,552.73,-20.5477,168.51,3.72946,3.82796,-0.862288,3.94537,-0.0655761,7.36943
0.944832,0.00735704,0.327458,-0.00321073,147.222,-5.69406,64.9649,553.098,-20.5619,168.672,3.72946,3.82796,-0.862288,3.94537,-0.0655761,7.36943
0.944876,0.00736583,0.327338,-0.0023904,146.853,-5.72384,64.445,552.521,-20.6435,167.164,3.72995,3.85094,-0.86308,3.91649,-0.0645939,7.36867
0.944919,0.00757864,0.327209,-0.0023294,146.851,-5.72407,64.4734,552.888,-20.6578,167.326,3.72995,3.85094,-0.86308,3.91649,-0.0645939,7.36867
0.94496,0.00760479,0.327091,-0.00227617,146.848,-5.72426,64.5021,553.255,-20.6721,167.487,3.72995,3.85094,-0.86308,3.91649,-0.0645939,7.36867
0.944989,0.00762754,0.327006,-0.00224155,146.845,-5.72431,64.5307,553.622,-20.6865,167.648,3.72995,3.85094,-0.86308,3.91649,-0.0645939,7.36867
0.944955,0.00751356,0.327098,-0.00356398,146.842,-5.72364,64.5593,553.99,-20.7008,167.81,3.72995,3.85094,-0.86308,3.91649,-0.0645939,7.36867
0.944952,0.0075523,0.327102,-0.0036611,146.839,-5.72332,64.5873,554.357,-20.7151,167.971,3.72995,3.85094,-0.86308,3.91649,-0.0645939,7.36867
0.94495,0.00764957,0.327103,-0.00376174,146.836,-5.723,64.6153,554.724,-20.7294,168.133,3.72995,3.85094,-0.86308,3.91649,-0.0645939,7.36867
0.945003,0.00770835,0.32695,-0.00367315,146.833,-5.72332,64.644,555.091,-20.7437,168.294,3.72995,3.85094,-0.86308,3.91649,-0.0645939,7.36867
0.945005,0.00770981,0.326945,-0.0036412,146.83,-5.72304,64.6725,555.458,-20.758,168.456,3.72995,3.85094,-0.86308,3.91649,-0.0645939,7.36867
0.945046,0.0077181,0.326827,-0.00368638,146.827,-5.72321,64.7008,555.825,-20.7723,168.618,3.72995,3.85094,-0.86308,3.91649,-0.0645939,7.36867
0.945006,0.00772761,0.326942,-0.00361047,146.824,-5.72243,64.7295,556.192,-20.7866,168.779,3.72995,3.85094,-0.86308,3.91649,-0.0645939,7.36867
0.945018,0.00783897,0.326906,-0.00343418,146.822,-5.72228,64.7584,556.559,-20.8009,168.941,3.72995,3.85094,-0.86308,3.91649,-0.0645939,7.36867
0.945028,0.00787287,0.326879,-0.00334194,146.819,-5.72208,64.7866,556.926,-20.8152,169.103,3.72995,3.85094,-0.86308,3.91649,-0.0645939,7.36867
0.945084,0.00788593,0.326717,-0.00329903,146.816,-5.72243,64.8152,557.293,-20.8295,169.265,3.72995,3.85094,-0.86308,3.91649,-0.0645939,7.36867
0.945074,0.00785951,0.326747,-0.00320181,146.813,-5.72201,64.844,557.66,-20.8438,169.427,3.72995,3.85094,-0.86308,3.91649,-0.0645939,7.36867
0.945111,0.00781576,0.32664,-0.00331099,146.162,-5.77728,63.8967,556.361,-20.9876,166.611,3.73082,3.89371,-0.864471,3.8644,-0.0628169,7.36779
0.945113,0.00787545,0.32663,-0.00340996,146.159,-5.77702,63.9249,556.726,-21.002,166.771,3.73082,3.89371,-0.864471,3.8644,-0.0628169,7.36779
0.945123,0.00806059,0.326597,-0.00342025,146.157,-5.77684,63.9531,557.091,-21.0164,166.931,3.73082,3.89371,-0.864471,3.8644,-0.0628169,7.36779
0.945129,0.00804181,0.32658,-0.00348056,146.154,-5.7766,63.9813,557.457,-21.0309,167.091,3.73082,3.89371,-0.864471,3.8644,-0.0628169,7.36779
0.945184,0.00799942,0.326422,-0.00357791,146.151,-5.77693,64.0094,557.822,-21.0453,167.251,3.73082,3.89371,-0.864471,3.8644,-0.0628169,7.36779
0.945167,0.00777132,0.326471,-0.0039689,146.147,-5.77641,64.0377,558.188,-21.0598,167.411,3.73082,3.89371,-0.864471,3.8644,-0.0628169,7.36779
0.945171,0.00790144,0.326453,-0.00420369,146.144,-5.77616,64.065,558.553,-21.0742,167.571,3.73082,3.89371,-0.864471,3.8644,-0.0628169,7.36779
0.945174,0.00787511,0.326445,-0.00425642,146.141,-5.77588,64.0933,558.918,-21.0887,167.731,3.73082,3.89371,-0.864471,3.8644,-0.0628169,7.36779
0.94523,0.00794085,0.326282,-0.00427193,146.138,-5.77622,64.1215,559.284,-21.1031,167.892,3.73082,3.89371,-0.864471,3.8644,-0.0628169,7.36779
0.945252,0.008144,0.326221,-0.00364858,146.136,-5.77612,64.1499,559.649,-21.1175,168.052,3.73082,3.89371,-0.864471,3.8644,-0.0628169,7.36779
0.945298,0.00816294,0.326086,-0.00361039,146.133,-5.77636,64.1784,560.014,-21.132,168.213,3.73082,3.89371,-0.864471,3.8644,-0.0628169,7.36779
0.945266,0.00814493,0.326177,-0.00367678,146.13,-5.77567,64.2065,560.38,-21.1464,168.373,3.73082,3.89371,-0.864471,3.8644,-0.0628169,7.36779
0.945335,0.00819708,0.325979,-0.00355083,146.127,-5.77617,64.2353,560.745,-21.1609,168.534,3.73082,3.89371,-0.864471,3.8644,-0.0628169,7.36779
0.945321,0.00822078,0.326015,-0.00385898,146.124,-5.77573,64.2635,561.11,-21.1753,168.694,3.73082,3.89371,-0.864471,3.8644,-0.0628169,7.36779
0.945312,0.00824886,0.326039,-0.00389473,146.121,-5.77531,64.2916,561.476,-21.1897,168.855,3.73082,3.89371,-0.864471,3.8644,-0.0628169,7.36779
0.945378,0.00828558,0.325846,-0.00393564,146.472,-5.74373,64.8534,562.744,-21.1262,170.649,3.73031,3.8693,-0.863751,3.89327,-0.0638016,7.36801
0.945425,0.00823187,0.32571,-0.00405993,146.468,-5.74396,64.8814,563.11,-21.1405,170.811,3.73031,3.8693,-0.863751,3.89327,-0.0638016,7.36801
0.945451,0.00831747,0.325642,-0.00332477,146.466,-5.7439,64.9098,563.476,-21.1549,170.973,3.73031,3.8693,-0.863751,3.89327,-0.0638016,7.36801
0.945502,0.00840181,0.325491,-0.00333181,146.463,-5.7442,64.938,563.843,-21.1693,171.135,3.73031,3.8693,-0.863751,3.89327,-0.0638016,7.36801
0.945497,0.00843901,0.325505,-0.00326156,146.46,-5.74383,64.9665,564.209,-21.1836,171.298,3.73031,3.8693,-0.863751,3.89327,-0.0638016,7.36801
0.945575,0.00835299,0.325279,-0.00330702,146.457,-5.74444,64.9948,564.575,-21.198,171.46,3.73031,3.8693,-0.863751,3.89327,-0.0638016,7.36801
0.945606,0.00845635,0.325192,-0.00272236,146.454,-5.74446,65.0229,564.941,-21.2123,171.623,3.73031,3.8693,-0.863751,3.89327,-0.0638016,7.36801
0.945652,0.00841288,0.325061,-0.0026672,146.451,-5.74469,65.0514,565.307,-21.2267,171.785,3.73031,3.8693,-0.863751,3.89327,-0.0638016,7.36801
0.945666,0.00847851,0.32502,-0.00267402,146.449,-5.74455,65.0796,565.673,-21.2411,171.948,3.73031,3.8693,-0.863751,3.89327,-0.0638016,7.36801
0.945698,0.00857151,0.324923,-0.0027084,146.446,-5.74463,65.1077,566.039,-21.2554,172.111,3.73031,3.8693,-0.863751,3.89327,-0.0638016,7.36801
0.945722,0.00850517,0.324857,-0.00235647,146.443,-5.74458,65.1361,566.405,-21.2698,172.274,3.73031,3.8693,-0.863751,3.89327,-0.0638016,7.36801
0.945736,0.00843074,0.32482,-0.00230707,146.44,-5.74443,65.1647,566.772,-21.2841,172.437,3.73031,3.8693,-0.863751,3.89327,-0.0638016,7.36801
0.945748,0.00861019,0.324778,-0.00232268,146.437,-5.74429,65.1927,567.138,-21.2985,172.6,3.73031,3.8693,-0.863751,3.89327,-0.0638016,7.36801
0.945806,0.00856296,0.32461,-0.00241448,146.434,-5.74467,65.2207,567.504,-21.3129,172.763,3.73031,3.8693,-0.863751,3.89327,-0.0638016,7.36801
0.945789,0.00855359,0.324654,-0.00313944,146.431,-5.74419,65.249,567.87,-21.3272,172.926,3.73031,3.8693,-0.863751,3.89327,-0.0638016,7.36801
0.94583,0.00863825,0.324532,-0.00314163,145.903,-5.79429,64.4797,566.899,-21.4662,170.645,3.73107,3.90725,-0.864807,3.8496,-0.0623067,7.36808
0.945881,0.00863708,0.324385,-0.00307604,145.9,-5.79457,64.5082,567.264,-21.4807,170.807,3.73107,3.90725,-0.864807,3.8496,-0.0623067,7.36808
0.945998,0.00866669,0.324044,-0.00291628,145.897,-5.79565,64.537,567.628,-21.4952,170.968,3.73107,3.90725,-0.864807,3.8496,-0.0623067,7.36808
0.946017,0.00863735,0.323992,-0.0026277,145.894,-5.79555,64.5652,567.993,-21.5097,171.129,3.73107,3.90725,-0.864807,3.8496,-0.0623067,7.36808
0.946052,0.00864792,0.323889,-0.00263787,145.891,-5.79566,64.5934,568.358,-21.5242,171.291,3.73107,3.90725,-0.864807,3.8496,-0.0623067,7.36808
0.946111,0.00859996,0.323718,-0.00266429,145.888,-5.79604,64.6216,568.723,-21.5387,171.452,3.73107,3.90725,-0.864807,3.8496,-0.0623067,7.36808
0.946145,0.00866713,0.323618,-0.00254511,145.886,-5.79613,64.6502,569.087,-21.5532,171.614,3.73107,3.90725,-0.864807,3.8496,-0.0623067,7.36808
0.946197,0.00890459,0.323464,-0.00179154,145.884,-5.7964,64.6776,569.452,-21.5677,171.776,3.73107,3.90725,-0.864807,3.8496,-0.0623067,7.36808
0.946253,0.00881674,0.323303,-0.00177317,145.88,-5.79675,64.706,569.817,-21.5821,171.937,3.73107,3.90725,-0.864807,3.8496,-0.0623067,7.36808
0.946277,0.0088085,0.323233,-0.00188814,145.877,-5.79672,64.7338,570.181,-21.5966,172.099,3.73107,3.90725,-0.864807,3.8496,-0.0623067,7.36808
0.946277,0.00890386,0.323227,-0.00200912,145.875,-5.79643,64.7615,570.546,-21.6111,172.261,3.73107,3.90725,-0.864807,3.8496,-0.0623067,7.36808
0.946322,0.00889852,0.3231,-0.0014159,145.872,-5.79662,64.7897,570.911,-21.6256,172.423,3.73107,3.90725,-0.864807,3.8496,-0.0623067,7.36808
0.94637,0.00885194,0.322959,-0.00138514,145.869,-5.79689,64.8181,571.276,-21.6401,172.585,3.73107,3.90725,-0.864807,3.8496,-0.0623067,7.36808
0.946399,0.00881791,0.322876,-0.00140584,145.866,-5.79693,64.8463,571.64,-21.6546,172.747,3.73107,3.90725,-0.864807,3.8496,-0.0623067,7.36808
0.946422,0.00878829,0.322809,-0.00145498,145.863,-5.79689,64.8743,572.005,-21.6691,172.91,3.73107,3.90725,-0.864807,3.8496,-0.0623067,7.36808
0.946432,0.00881267,0.322777,-0.00202336,145.255,-5.85511,63.9834,570.845,-21.8315,170.255,3.73187,3.95257,-0.866072,3.79875,-0.0605496,7.36864
0.946444,0.00878503,0.322744,-0.00193045,145.253,-5.85494,64.0119,571.208,-21.8461,170.415,3.73187,3.95257,-0.866072,3.79875,-0.0605496,7.36864
0.946425,0.0086696,0.322802,-0.00189407,145.249,-5.85439,64.0404,571.572,-21.8608,170.575,3.73187,3.95257,-0.866072,3.79875,-0.0605496,7.36864
0.946466,0.00853103,0.322684,-0.00190613,145.246,-5.85456,64.0687,571.935,-21.8754,170.735,3.73187,3.95257,-0.866072,3.79875,-0.0605496,7.36864
0.946551,0.00869981,0.32244,-0.000368052,145.244,-5.85529,64.0963,572.298,-21.89,170.896,3.73187,3.95257,-0.866072,3.79875,-0.0605496,7.36864
0.946558,0.00868642,0.322416,-0.000509244,145.241,-5.85508,64.124,572.661,-21.9047,171.056,3.73187,3.95257,-0.866072,3.79875,-0.0605496,7.36864
0.946624,0.00877198,0.322219,-0.000619245,145.238,-5.85558,64.1517,573.024,-21.9193,171.216,3.73187,3.95257,-0.866072,3.79875,-0.0605496,7.36864
0.946631,0.0087592,0.322201,-0.000565738,145.235,-5.85534,64.18,573.387,-21.934,171.377,3.73187,3.95257,-0.866072,3.79875,-0.0605496,7.36864
0.946636,0.00869586,0.322186,-0.00154564,145.232,-5.8551,64.2081,573.75,-21.9486,171.537,3.73187,3.95257,-0.866072,3.79875,-0.0605496,7.36864
0.94666,0.0087716,0.322109,-0.00173709,145.23,-5.85509,64.2354,574.113,-21.9632,171.698,3.73187,3.95257,-0.866072,3.79875,-0.0605496,7.36864
0.946717,0.00866789,0.321946,-0.0018046,145.226,-5.85543,64.2634,574.476,-21.9779,171.859,3.73187,3.95257,-0.866072,3.79875,-0.0605496,7.36864
0.946778,0.00872057,0.321764,-0.00182432,145.224,-5.85585,64.2914,574.839,-21.9925,172.019,3.73187,3.95257,-0.866072,3.79875,-0.0605496,7.36864
0.94683,0.00873024,0.321615,-0.00114239,145.221,-5.85614,64.3196,575.202,-22.0071,172.18,3.73187,3.95257,-0.866072,3.79875,-0.0605496,7.36864
0.946809,0.00863274,0.321679,-0.00124386,145.218,-5.85556,64.3475,575.565,-22.0218,172.341,3.73187,3.95257,-0.866072,3.79875,-0.0605496,7.36864
0.946851,0.00864814,0.321553,-0.00126906,145.215,-5.85576,64.3755,575.928,-22.0364,172.502,3.73187,3.95257,-0.866072,3.79875,-0.0605496,7.36864
0.946859,0.0085151,0.321535,-0.0012047,145.346,-5.84226,64.6084,576.627,-22.017,173.29,3.73171,3.94212,-0.865783,3.81019,-0.0609484,7.36841
0.946871,0.00854783,0.321496,-0.00187022,145.344,-5.84209,64.6361,576.99,-22.0316,173.452,3.73171,3.94212,-0.865783,3.81019,-0.0609484,7.36841
0.946915,0.00846366,0.321368,-0.00179636,145.341,-5.84229,64.6646,577.354,-22.0462,173.613,3.73171,3.94212,-0.865783,3.81019,-0.0609484,7.36841
0.946951,0.00831521,0.321264,-0.00194266,145.337,-5.84238,64.6923,577.717,-22.0608,173.775,3.73171,3.94212,-0.865783,3.81019,-0.0609484,7.36841
0.946968,0.00825831,0.321216,-0.00185073,145.335,-5.84226,64.7209,578.08,-22.0754,173.937,3.73171,3.94212,-0.865783,3.81019,-0.0609484,7.36841
0.946986,0.00836358,0.321158,-0.00215764,145.332,-5.84216,64.7488,578.444,-22.09,174.099,3.73171,3.94212,-0.865783,3.81019,-0.0609484,7.36841
0.94707,0.00831156,0.320913,-0.00205332,145.33,-5.84283,64.7773,578.807,-22.1046,174.261,3.73171,3.94212,-0.865783,3.81019,-0.0609484,7.36841
0.947087,0.00837245,0.320861,-0.00201588,145.327,-5.84272,64.8055,579.17,-22.1192,174.423,3.73171,3.94212,-0.865783,3.81019,-0.0609484,7.36841
0.947086,0.0083634,0.320864,-0.00192687,145.325,-5.84239,64.8339,579.534,-22.1338,174.585,3.73171,3.94212,-0.865783,3.81019,-0.0609484,7.36841
0.947131,0.00836051,0.320736,-0.00139038,145.322,-5.84261,64.862,579.897,-22.1484,174.747,3.73171,3.94212,-0.865783,3.81019,-0.0609484,7.36841
0.947129,0.00844115,0.32074,-0.00132908,145.319,-5.84228,64.8902,580.26,-22.163,174.909,3.73171,3.94212,-0.865783,3.81019,-0.0609484,7.36841
0.947151,0.00820562,0.320679,-0.0015246,145.316,-5.84219,64.9178,580.624,-22.1776,175.071,3.73171,3.94212,-0.865783,3.81019,-0.0609484,7.36841
0.947205,0.00807819,0.320524,-0.00147893,145.313,-5.8425,64.9462,580.987,-22.1922,175.234,3.73171,3.94212,-0.865783,3.81019,-0.0609484,7.36841
0.947239,0.00809642,0.320424,-0.00150602,145.31,-5.84258,64.9746,581.35,-22.2068,175.396,3.73171,3.94212,-0.865783,3.81019,-0.0609484,7.36841
0.947244,0.00810374,0.320407,-0.00151546,145.307,-5.84232,65.0026,581.713,-22.2214,175.559,3.73171,3.94212,-0.865783,3.81019,-0.0609484,7.36841
0.947307,0.0080626,0.320224,-0.00139584,145.265,-5.84673,64.9709,581.979,-22.2465,175.537,3.73176,3.9453,-0.86587,3.80679,-0.0608289,7.3685
0.947323,0.00802895,0.320175,-0.00138548,145.263,-5.84661,64.999,582.342,-22.2611,175.699,3.73176,3.9453,-0.86587,3.80679,-0.0608289,7.3685
0.947344,0.00794052,0.320113,-0.00189947,145.26,-5.84648,65.027,582.705,-22.2757,175.862,3.73176,3.9453,-0.86587,3.80679,-0.0608289,7.3685
0.947339,0.00806387,0.320127,-0.00177812,145.258,-5.8461,65.0553,583.068,-22.2904,176.024,3.73176,3.9453,-0.86587,3.80679,-0.0608289,7.3685
0.947343,0.00813952,0.320113,-0.00173326,145.255,-5.84583,65.0834,583.432,-22.305,176.187,3.73176,3.9453,-0.86587,3.80679,-0.0608289,7.3685
0.947376,0.00806975,0.320015,-0.00167308,145.252,-5.84589,65.1117,583.795,-22.3196,176.35,3.73176,3.9453,-0.86587,3.80679,-0.0608289,7.3685
0.947412,0.00795109,0.319914,-0.001574,145.249,-5.84599,65.1396,584.158,-22.3342,176.513,3.73176,3.9453,-0.86587,3.80679,-0.0608289,7.3685
0.947436,0.00793903,0.319843,-0.00154048,145.247,-5.84594,65.1678,584.521,-22.3488,176.676,3.73176,3.9453,-0.86587,3.80679,-0.0608289,7.3685
0.947439,0.00798806,0.319834,-0.0015764,145.244,-5.84565,65.1956,584.884,-22.3634,176.839,3.73176,3.9453,-0.86587,3.80679,-0.0608289,7.3685
0.94744,0.00806101,0.319828,-0.00161512,145.242,-5.84534,65.2234,585.247,-22.378,177.002,3.73176,3.9453,-0.86587,3.80679,-0.0608289,7.3685
0.947446,0.008007,0.319808,-0.00235256,145.239,-5.84507,65.2513,585.61,-22.3926,177.165,3.73176,3.9453,-0.86587,3.80679,-0.0608289,7.3685
0.94749,0.00793085,0.319679,-0.00238563,145.236,-5.84525,65.2793,585.973,-22.4073,177.328,3.73176,3.9453,-0.86587,3.80679,-0.0608289,7.3685
0.947487,0.00778729,0.31969,-0.00252365,145.233,-5.84486,65.307,586.336,-22.4219,177.491,3.73176,3.9453,-0.86587,3.80679,-0.0608289,7.3685
0.947513,0.00778527,0.319612,-0.00250523,145.23,-5.84484,65.335,586.7,-22.4365,177.655,3.73176,3.9453,-0.86587,3.80679,-0.0608289,7.3685
0.947581,0.00782973,0.31942,-0.00124901,145.228,-5.84535,65.3629,587.063,-22.4511,177.818,3.73176,3.9453,-0.86587,3.80679,-0.0608289,7.3685
0.947592,0.00773646,0.319386,-0.00125305,144.929,-5.87595,64.9408,586.703,-22.5482,176.601,3.73212,3.96991,-0.866501,3.78112,-0.0599234,7.36949
0.947624,0.00775941,0.319291,-0.00131161,144.927,-5.87599,64.9685,587.065,-22.5629,176.763,3.73212,3.96991,-0.866501,3.78112,-0.0599234,7.36949
0.947692,0.00767842,0.319091,-0.00135756,144.924,-5.87647,64.9964,587.428,-22.5776,176.926,3.73212,3.96991,-0.866501,3.78112,-0.0599234,7.36949
0.947727,0.00763097,0.318988,-0.00152526,144.921,-5.87654,65.0246,587.79,-22.5923,177.088,3.73212,3.96991,-0.866501,3.78112,-0.0599234,7.36949
0.947734,0.00765073,0.318966,-0.00152778,144.919,-5.87628,65.0526,588.152,-22.607,177.251,3.73212,3.96991,-0.866501,3.78112,-0.0599234,7.36949
0.947768,0.00772494,0.318862,-0.00157961,144.916,-5.87637,65.0802,588.515,-22.6217,177.413,3.73212,3.96991,-0.866501,3.78112,-0.0599234,7.36949
0.94779,0.00779408,0.318797,-0.00159105,144.914,-5.87629,65.1081,588.877,-22.6363,177.576,3.73212,3.96991,-0.866501,3.78112,-0.0599234,7.36949
0.947824,0.0077336,0.318695,-0.00165644,144.911,-5.87636,65.1359,589.239,-22.651,177.739,3.73212,3.96991,-0.866501,3.78112,-0.0599234,7.36949
0.94785,0.00776108,0.318619,-0.00152369,144.909,-5.87633,65.1643,589.601,-22.6657,177.902,3.73212,3.96991,-0.866501,3.78112,-0.0599234,7.36949
0.947892,0.00773147,0.318495,-0.00149463,144.906,-5.8765,65.1923,589.964,-22.6804,178.065,3.73212,3.96991,-0.866501,3.78112,-0.0599234,7.36949
0.947922,0.00774599,0.318405,-0.00149067,144.904,-5.87652,65.2203,590.326,-22.6951,178.228,3.73212,3.96991,-0.866501,3.78112,-0.0599234,7.36949
0.947924,0.00753524,0.318399,-0.00252107,144.901,-5.87613,65.2488,590.688,-22.7098,178.391,3.73212,3.96991,-0.866501,3.78112,-0.0599234,7.36949
0.947972,0.00748253,0.318256,-0.00256636,144.898,-5.87635,65.2766,591.05,-22.7245,178.554,3.73212,3.96991,-0.866501,3.78112,-0.0599234,7.36949
0.94801,0.00737947,0.318145,-0.00242602,144.895,-5.87646,65.3052,591.413,-22.7392,178.718,3.73212,3.96991,-0.866501,3.78112,-0.0599234,7.36949
0.948089,0.00725256,0.317913,-0.00238758,144.892,-5.87705,65.3334,591.775,-22.7539,178.881,3.73212,3.96991,-0.866501,3.78112,-0.0599234,7.36949
0.948125,0.00713023,0.317811,-0.00210154,144.46,-5.92313,64.7066,591.098,-22.8943,177.038,3.73265,4.00679,-0.867408,3.74347,-0.0585906,7.37128
0.948167,0.00716794,0.317684,-0.00210432,144.458,-5.92329,64.7345,591.459,-22.9091,177.2,3.73265,4.00679,-0.867408,3.74347,-0.0585906,7.37128
0.948187,0.00721464,0.317625,-0.00207721,144.456,-5.92318,64.7624,591.82,-22.9239,177.361,3.73265,4.00679,-0.867408,3.74347,-0.0585906,7.37128
0.948284,0.00719722,0.317334,-0.00205125,144.453,-5.92401,64.7904,592.182,-22.9387,177.523,3.73265,4.00679,-0.867408,3.74347,-0.0585906,7.37128
0.948303,0.00708253,0.317276,-0.00253579,144.45,-5.92385,64.8181,592.543,-22.9535,177.686,3.73265,4.00679,-0.867408,3.74347,-0.0585906,7.37128
0.948358,0.00714678,0.317112,-0.00261729,144.448,-5.92416,64.8456,592.904,-22.9683,177.848,3.73265,4.00679,-0.867408,3.74347,-0.0585906,7.37128
0.948325,0.00715365,0.317208,-0.00270327,144.445,-5.9234,64.8732,593.265,-22.9831,178.01,3.73265,4.00679,-0.867408,3.74347,-0.0585906,7.37128
0.948341,0.00727336,0.317156,-0.00282358,144.443,-5.92325,64.9005,593.626,-22.998,178.172,3.73265,4.00679,-0.867408,3.74347,-0.0585906,7.37128
0.948366,0.00732463,0.317081,-0.0028179,144.44,-5.92319,64.9281,593.987,-23.0128,178.334,3.73265,4.00679,-0.867408,3.74347,-0.0585906,7.37128
0.948452,0.0072844,0.316824,-0.00282107,144.438,-5.92388,64.956,594.348,-23.0276,178.497,3.73265,4.00679,-0.867408,3.74347,-0.0585906,7.37128
0.948476,0.00731795,0.316752,-0.00286256,144.435,-5.92381,64.9837,594.709,-23.0424,178.659,3.73265,4.00679,-0.867408,3.74347,-0.0585906,7.37128
0.948517,0.00741975,0.316627,-0.00284261,144.433,-5.92395,65.0115,595.07,-23.0572,178.822,3.73265,4.00679,-0.867408,3.74347,-0.0585906,7.37128
0.948555,0.00734102,0.316519,-0.00238572,144.431,-5.92403,65.0396,595.431,-23.072,178.984,3.73265,4.00679,-0.867408,3.74347,-0.0585906,7.37128
0.948584,0.007408,0.316429,-0.00237817,144.428,-5.92404,65.0674,595.792,-23.0868,179.147,3.73265,4.00679,-0.867408,3.74347,-0.0585906,7.37128
0.948581,0.00749393,0.316436,-0.0024571,144.426,-5.92365,65.0949,596.154,-23.1016,179.31,3.73265,4.00679,-0.867408,3.74347,-0.0585906,7.37128
0.948571,0.00751735,0.316466,-0.00244972,144.083,-5.96017,64.6028,595.699,-23.2191,177.88,3.73305,4.03691,-0.868147,3.71333,-0.0575179,7.373
0.94856,0.00748316,0.316493,-0.00331521,144.081,-5.95973,64.6308,596.059,-23.234,178.042,3.73305,4.03691,-0.868147,3.71333,-0.0575179,7.373
0.948591,0.00739983,0.3164,-0.00338872,144.078,-5.95974,64.6585,596.419,-23.2489,178.203,3.73305,4.03691,-0.868147,3.71333,-0.0575179,7.373
0.948598,0.0073452,0.316379,-0.0034858,144.075,-5.95945,64.6861,596.779,-23.2638,178.365,3.73305,4.03691,-0.868147,3.71333,-0.0575179,7.373
0.948639,0.0074082,0.316255,-0.00357026,144.073,-5.95958,64.7135,597.139,-23.2787,178.527,3.73305,4.03691,-0.868147,3.71333,-0.0575179,7.373
0.948733,0.00742168,0.315994,-0.00147658,144.07,-5.96028,64.7414,597.5,-23.2936,178.689,3.73305,4.03691,-0.868147,3.71333,-0.0575179,7.373
0.948808,0.00732851,0.315764,-0.00144791,144.068,-5.96086,64.7695,597.86,-23.3085,178.851,3.73305,4.03691,-0.868147,3.71333,-0.0575179,7.373
0.948851,0.00728438,0.315637,-0.00142316,144.065,-5.96101,64.7974,598.22,-23.3234,179.013,3.73305,4.03691,-0.868147,3.71333,-0.0575179,7.373
0.948892,0.00728979,0.315515,-0.00145145,144.063,-5.96115,64.8251,598.58,-23.3383,179.175,3.73305,4.03691,-0.868147,3.71333,-0.0575179,7.373
0.94893,0.00723156,0.315399,-0.00161675,144.06,-5.96125,64.8527,598.94,-23.3532,179.337,3.73305,4.03691,-0.868147,3.71333,-0.0575179,7.373
0.948993,0.00714017,0.315213,-0.00154074,144.057,-5.96165,64.8809,599.3,-23.3681,179.499,3.73305,4.03691,-0.868147,3.71333,-0.0575179,7.373
0.949,0.00717211,0.31519,-0.00144612,144.055,-5.96138,64.909,599.66,-23.383,179.661,3.73305,4.03691,-0.868147,3.71333,-0.0575179,7.373
0.94906,0.00706067,0.315011,-0.00157677,144.052,-5.96174,64.9365,600.021,-23.3979,179.824,3.73305,4.03691,-0.868147,3.71333,-0.0575179,7.373
0.949079,0.00707042,0.314953,-0.00236567,144.05,-5.96155,64.9647,600.381,-23.4128,179.986,3.73305,4.03691,-0.868147,3.71333,-0.0575179,7.373
0.949122,0.00708209,0.31482,-0.00235096,144.048,-5.96172,64.9925,600.741,-23.4277,180.148,3.73305,4.03691,-0.868147,3.71333,-0.0575179,7.373
0.949152,0.00701358,0.314732,-0.00233619,144.114,-5.95415,65.1249,601.263,-23.4213,180.631,3.73297,4.0307,-0.867997,3.71942,-0.0577356,7.3726
0.949193,0.00692597,0.314609,-0.00226683,144.111,-5.95428,65.153,601.623,-23.4362,180.793,3.73297,4.0307,-0.867997,3.71942,-0.0577356,7.3726
0.949212,0.00707966,0.314545,-0.00276684,144.109,-5.95413,65.181,601.984,-23.4511,180.956,3.73297,4.0307,-0.867997,3.71942,-0.0577356,7.3726
0.949239,0.00701915,0.314464,-0.00276237,144.107,-5.95408,65.2088,602.344,-23.4659,181.119,3.73297,4.0307,-0.867997,3.71942,-0.0577356,7.3726
0.9493,0.00702773,0.314281,-0.00277598,144.104,-5.95444,65.2365,602.704,-23.4808,181.282,3.73297,4.0307,-0.867997,3.71942,-0.0577356,7.3726
0.949342,0.00699228,0.314156,-0.00279782,144.102,-5.95458,65.2643,603.064,-23.4957,181.446,3.73297,4.0307,-0.867997,3.71942,-0.0577356,7.3726
0.949374,0.00700668,0.314061,-0.00261494,144.1,-5.9546,65.2924,603.425,-23.5106,181.609,3.73297,4.0307,-0.867997,3.71942,-0.0577356,7.3726
0.949405,0.00693205,0.313965,-0.00273812,144.097,-5.9546,65.3198,603.785,-23.5255,181.772,3.73297,4.0307,-0.867997,3.71942,-0.0577356,7.3726
0.949435,0.00692955,0.313875,-0.00279581,144.095,-5.95459,65.3473,604.145,-23.5404,181.936,3.73297,4.0307,-0.867997,3.71942,-0.0577356,7.3726
0.949474,0.00695177,0.313755,-0.00282838,144.092,-5.95469,65.3749,604.505,-23.5553,182.099,3.73297,4.0307,-0.867997,3.71942,-0.0577356,7.3726
0.949485,0.00682521,0.313723,-0.0032856,144.089,-5.95442,65.4026,604.866,-23.5701,182.262,3.73297,4.0307,-0.867997,3.71942,-0.0577356,7.3726
0.949513,0.00685269,0.313635,-0.00323127,144.087,-5.95439,65.4305,605.226,-23.585,182.426,3.73297,4.0307,-0.867997,3.71942,-0.0577356,7.3726
0.949582,0.0069458,0.313427,-0.00314852,144.085,-5.95485,65.4584,605.586,-23.5999,182.59,3.73297,4.0307,-0.867997,3.71942,-0.0577356,7.3726
0.949638,0.00696509,0.313254,-0.0032447,144.083,-5.95517,65.4858,605.946,-23.6148,182.753,3.73297,4.0307,-0.867997,3.71942,-0.0577356,7.3726
0.949686,0.00695874,0.313118,-0.00248884,144.081,-5.95536,65.5138,606.306,-23.6297,182.917,3.73297,4.0307,-0.867997,3.71942,-0.0577356,7.3726
0.949712,0.00706778,0.313036,-0.00243383,143.326,-6.03901,64.3937,604.904,-23.8833,179.574,3.73374,4.10063,-0.869692,3.65198,-0.0553157,7.37775
0.949709,0.00710899,0.313045,-0.00233856,143.324,-6.0386,64.4217,605.263,-23.8984,179.735,3.73374,4.10063,-0.869692,3.65198,-0.0553157,7.37775
0.94972,0.00701653,0.313014,-0.00227549,143.321,-6.03834,64.4498,605.621,-23.9135,179.896,3.73374,4.10063,-0.869692,3.65198,-0.0553157,7.37775
0.949731,0.00695842,0.312978,-0.00295018,143.319,-6.03808,64.4774,605.979,-23.9286,180.057,3.73374,4.10063,-0.869692,3.65198,-0.0553157,7.37775
0.949748,0.00690988,0.312926,-0.00294408,143.316,-6.03791,64.5051,606.337,-23.9437,180.219,3.73374,4.10063,-0.869692,3.65198,-0.0553157,7.37775
0.94975,0.00690441,0.31292,-0.00298656,143.314,-6.03755,64.5327,606.696,-23.9588,180.38,3.73374,4.10063,-0.869692,3.65198,-0.0553157,7.37775
0.949761,0.00689285,0.312884,-0.00308707,143.311,-6.0373,64.56,607.054,-23.9739,180.541,3.73374,4.10063,-0.869692,3.65198,-0.0553157,7.37775
0.949798,0.00693223,0.312774,-0.00272675,143.309,-6.03737,64.5878,607.412,-23.989,180.703,3.73374,4.10063,-0.869692,3.65198,-0.0553157,7.37775
0.94983,0.00693127,0.312678,-0.00280055,143.307,-6.03737,64.6152,607.77,-24.0041,180.864,3.73374,4.10063,-0.869692,3.65198,-0.0553157,7.37775
0.949822,0.00701874,0.312699,-0.00278522,143.305,-6.03691,64.6428,608.129,-24.0192,181.026,3.73374,4.10063,-0.869692,3.65198,-0.0553157,7.37775
0.949853,0.00707607,0.312604,-0.0028401,143.303,-6.0369,64.6702,608.487,-24.0343,181.188,3.73374,4.10063,-0.869692,3.65198,-0.0553157,7.37775
0.949932,0.00718732,0.312374,-0.00152426,143.301,-6.03743,64.6983,608.845,-24.0494,181.349,3.73374,4.10063,-0.869692,3.65198,-0.0553157,7.37775
0.950011,0.00722709,0.312127,-0.0016565,143.299,-6.03805,64.7254,609.204,-24.0645,181.511,3.73374,4.10063,-0.869692,3.65198,-0.0553157,7.37775
0.950048,0.00727243,0.312015,-0.00167503,143.296,-6.03812,64.7529,609.562,-24.0796,181.673,3.73374,4.10063,-0.869692,3.65198,-0.0553157,7.37775
0.950078,0.00714801,0.311925,-0.0016188,143.294,-6.0381,64.781,609.92,-24.0947,181.835,3.73374,4.10063,-0.869692,3.65198,-0.0553157,7.37775
0.950152,0.00722873,0.311704,-0.000873239,143.263,-6.04186,64.765,610.212,-24.1192,181.864,3.73377,4.10335,-0.869756,3.6494,-0.0552228,7.37798
0.950183,0.00718312,0.311608,-0.000724005,143.261,-6.04187,64.7933,610.57,-24.1343,182.026,3.73377,4.10335,-0.869756,3.6494,-0.0552228,7.37798
0.950205,0.00731822,0.311539,-0.000674104,143.259,-6.04178,64.8209,610.928,-24.1494,182.188,3.73377,4.10335,-0.869756,3.6494,-0.0552228,7.37798
0.950217,0.00724948,0.311504,-0.000570324,143.257,-6.04154,64.849,611.286,-24.1645,182.35,3.73377,4.10335,-0.869756,3.6494,-0.0552228,7.37798
0.95025,0.0072164,0.311402,-0.00127296,143.255,-6.04154,64.8776,611.644,-24.1796,182.512,3.73377,4.10335,-0.869756,3.6494,-0.0552228,7.37798
0.95025,0.0073099,0.311401,-0.00124944,143.253,-6.04117,64.9052,612.003,-24.1947,182.674,3.73377,4.10335,-0.869756,3.6494,-0.0552228,7.37798
0.950333,0.00721418,0.311148,-0.00122729,143.251,-6.04181,64.933,612.361,-24.2098,182.837,3.73377,4.10335,-0.869756,3.6494,-0.0552228,7.37798
0.950405,0.0071284,0.310931,-0.00121331,143.248,-6.04231,64.9608,612.719,-24.2249,182.999,3.73377,4.10335,-0.869756,3.6494,-0.0552228,7.37798
0.950385,0.00709461,0.310985,-0.00337379,143.246,-6.04159,64.9882,613.077,-24.24,183.161,3.73377,4.10335,-0.869756,3.6494,-0.0552228,7.37798
0.950347,0.00707493,0.311094,-0.00345893,143.243,-6.04075,65.0155,613.435,-24.2551,183.324,3.73377,4.10335,-0.869756,3.6494,-0.0552228,7.37798
0.950387,0.00712962,0.31097,-0.00336037,143.242,-6.04085,65.0434,613.793,-24.2702,183.487,3.73377,4.10335,-0.869756,3.6494,-0.0552228,7.37798
0.950387,0.00714948,0.310971,-0.00333013,143.239,-6.04045,65.0711,614.151,-24.2853,183.649,3.73377,4.10335,-0.869756,3.6494,-0.0552228,7.37798
0.950467,0.00726147,0.310741,-0.0017953,143.237,-6.04101,65.0983,614.509,-24.3004,183.812,3.73377,4.10335,-0.869756,3.6494,-0.0552228,7.37798
0.950539,0.00717842,0.310516,-0.0016887,143.235,-6.04153,65.1264,614.867,-24.3155,183.975,3.73377,4.10335,-0.869756,3.6494,-0.0552228,7.37798
0.950576,0.00723627,0.310404,-0.00179685,143.233,-6.04159,65.1535,615.225,-24.3306,184.138,3.73377,4.10335,-0.869756,3.6494,-0.0552228,7.37798
0.95056,0.00733903,0.310448,-0.0017673,143.317,-6.03121,65.3115,615.78,-24.3168,184.698,3.73369,4.09506,-0.869565,3.65715,-0.0555018,7.37723
0.950606,0.00729376,0.31031,-0.00160296,143.315,-6.03138,65.3394,616.138,-24.3319,184.861,3.73369,4.09506,-0.869565,3.65715,-0.0555018,7.37723
0.950612,0.00727291,0.310291,-0.00168389,143.312,-6.03107,65.3667,616.496,-24.347,185.025,3.73369,4.09506,-0.869565,3.65715,-0.0555018,7.37723
0.950652,0.00737778,0.310165,-0.00178258,143.31,-6.03118,65.3938,616.855,-24.3621,185.188,3.73369,4.09506,-0.869565,3.65715,-0.0555018,7.37723
0.950664,0.00727418,0.310132,-0.00177904,143.308,-6.03092,65.4215,617.213,-24.3771,185.352,3.73369,4.09506,-0.869565,3.65715,-0.0555018,7.37723
0.950707,0.00722858,0.31,-0.00175101,143.305,-6.03106,65.4488,617.571,-24.3922,185.515,3.73369,4.09506,-0.869565,3.65715,-0.0555018,7.37723
0.950745,0.0072283,0.309886,-0.0015584,143.303,-6.03113,65.4771,617.929,-24.4073,185.679,3.73369,4.09506,-0.869565,3.65715,-0.0555018,7.37723
0.950758,0.00717313,0.309848,-0.00162473,143.301,-6.03089,65.5045,618.288,-24.4224,185.843,3.73369,4.09506,-0.869565,3.65715,-0.0555018,7.37723
0.950767,0.00726225,0.309816,-0.00159022,143.299,-6.03062,65.5321,618.646,-24.4375,186.007,3.73369,4.09506,-0.869565,3.65715,-0.0555018,7.37723
0.950849,0.00731626,0.30957,-0.000600256,143.297,-6.03124,65.5595,619.004,-24.4525,186.171,3.73369,4.09506,-0.869565,3.65715,-0.0555018,7.37723
0.950929,0.00735359,0.30932,-0.000651729,143.295,-6.03185,65.5868,619.362,-24.4676,186.335,3.73369,4.09506,-0.869565,3.65715,-0.0555018,7.37723
0.950962,0.00748563,0.309218,-0.00057457,143.293,-6.03188,65.6145,619.721,-24.4827,186.499,3.73369,4.09506,-0.869565,3.65715,-0.0555018,7.37723
0.950963,0.00746254,0.309214,-0.00055285,143.291,-6.03151,65.6421,620.079,-24.4978,186.663,3.73369,4.09506,-0.869565,3.65715,-0.0555018,7.37723
0.951035,0.00748017,0.308992,-0.000277517,143.289,-6.032,65.6691,620.437,-24.5128,186.827,3.73369,4.09506,-0.869565,3.65715,-0.0555018,7.37723
0.951078,0.00747169,0.30886,-0.000438518,143.287,-6.03213,65.6961,620.795,-24.5279,186.991,3.73369,4.09506,-0.869565,3.65715,-0.0555018,7.37723
0.951122,0.00741271,0.308727,-0.000496622,142.746,-6.0947,64.9062,619.935,-24.7301,184.668,3.73421,4.14802,-0.870753,3.60834,-0.0537418,7.38247
0.951151,0.00732092,0.30864,-0.0004376,142.743,-6.09466,64.9341,620.291,-24.7454,184.83,3.73421,4.14802,-0.870753,3.60834,-0.0537418,7.38247
0.951155,0.0072118,0.308625,-0.00217191,142.741,-6.09426,64.9616,620.648,-24.7606,184.993,3.73421,4.14802,-0.870753,3.60834,-0.0537418,7.38247
0.951189,0.00707313,0.308522,-0.00205526,142.738,-6.09428,64.9897,621.005,-24.7758,185.155,3.73421,4.14802,-0.870753,3.60834,-0.0537418,7.38247
0.951175,0.00691261,0.308569,-0.00202872,142.736,-6.09368,65.0175,621.362,-24.7911,185.318,3.73421,4.14802,-0.870753,3.60834,-0.0537418,7.38247
0.951202,0.00683196,0.308487,-0.0020513,142.733,-6.0936,65.045,621.719,-24.8063,185.48,3.73421,4.14802,-0.870753,3.60834,-0.0537418,7.38247
0.95121,0.00685535,0.308454,-0.00326616,142.732,-6.09319,65.0725,622.076,-24.8215,185.643,3.73421,4.14802,-0.870753,3.60834,-0.0537418,7.38247
0.951288,0.00683409,0.308211,-0.00332936,142.729,-6.09375,65.0998,622.432,-24.8368,185.806,3.73421,4.14802,-0.870753,3.60834,-0.0537418,7.38247
0.951374,0.00680738,0.307945,-0.00341684,142.727,-6.09441,65.127,622.789,-24.852,185.969,3.73421,4.14802,-0.870753,3.60834,-0.0537418,7.38247
0.95144,0.00679856,0.30774,-0.00348442,142.725,-6.09482,65.1542,623.146,-24.8673,186.131,3.73421,4.14802,-0.870753,3.60834,-0.0537418,7.38247
0.951469,0.00682317,0.307653,-0.00325693,142.723,-6.09477,65.1817,623.503,-24.8825,186.294,3.73421,4.14802,-0.870753,3.60834,-0.0537418,7.38247
0.951484,0.00700216,0.3076,-0.00337578,142.721,-6.09456,65.2085,623.86,-24.8977,186.457,3.73421,4.14802,-0.870753,3.60834,-0.0537418,7.38247
0.951488,0.0070532,0.307587,-0.00323124,142.72,-6.0942,65.2364,624.216,-24.913,186.621,3.73421,4.14802,-0.870753,3.60834,-0.0537418,7.38247
0.951543,0.00712573,0.307417,-0.00319504,142.718,-6.09447,65.264,624.573,-24.9282,186.784,3.73421,4.14802,-0.870753,3.60834,-0.0537418,7.38247
0.951563,0.00716878,0.307353,-0.0032877,142.716,-6.09431,65.2913,624.93,-24.9434,186.947,3.73421,4.14802,-0.870753,3.60834,-0.0537418,7.38247
0.951595,0.00713526,0.307254,-0.00333108,142.11,-6.16492,64.4043,623.937,-25.1735,184.332,3.73478,4.20839,-0.872087,3.5535,-0.0517586,7.38894
0.951631,0.00721751,0.307142,-0.00323997,142.108,-6.16495,64.432,624.292,-25.1889,184.493,3.73478,4.20839,-0.872087,3.5535,-0.0517586,7.38894
0.951659,0.00731203,0.307052,-0.00315263,142.107,-6.1649,64.4597,624.647,-25.2043,184.654,3.73478,4.20839,-0.872087,3.5535,-0.0517586,7.38894
0.951685,0.00736073,0.306971,-0.00312607,142.105,-6.1648,64.4867,625.002,-25.2197,184.816,3.73478,4.20839,-0.872087,3.5535,-0.0517586,7.38894
0.951722,0.00745871,0.306854,-0.00319003,142.103,-6.16485,64.5138,625.358,-25.2352,184.977,3.73478,4.20839,-0.872087,3.5535,-0.0517586,7.38894
0.951729,0.00746416,0.306832,-0.00318142,142.101,-6.16452,64.5413,625.713,-25.2506,185.138,3.73478,4.20839,-0.872087,3.5535,-0.0517586,7.38894
0.951772,0.00735104,0.306702,-0.00321793,142.098,-6.16462,64.5687,626.068,-25.266,185.3,3.73478,4.20839,-0.872087,3.5535,-0.0517586,7.38894
0.951845,0.00735234,0.306489,-0.0018914,142.096,-6.16504,64.5963,626.423,-25.2814,185.461,3.73478,4.20839,-0.872087,3.5535,-0.0517586,7.38894
0.951902,0.00730905,0.306309,-0.00193074,142.094,-6.16535,64.6236,626.779,-25.2968,185.623,3.73478,4.20839,-0.872087,3.5535,-0.0517586,7.38894
0.951967,0.00742378,0.306104,-0.00192607,142.092,-6.16576,64.6509,627.134,-25.3122,185.784,3.73478,4.20839,-0.872087,3.5535,-0.0517586,7.38894
0.952033,0.00743805,0.305899,-0.00192882,142.09,-6.16617,64.6783,627.489,-25.3276,185.946,3.73478,4.20839,-0.872087,3.5535,-0.0517586,7.38894
0.952045,0.00738764,0.305858,-0.00263884,142.088,-6.16592,64.7061,627.844,-25.3431,186.108,3.73478,4.20839,-0.872087,3.5535,-0.0517586,7.38894
0.952105,0.00736419,0.30567,-0.00267923,142.086,-6.16626,64.7334,628.199,-25.3585,186.27,3.73478,4.20839,-0.872087,3.5535,-0.0517586,7.38894
0.952132,0.00735605,0.305588,-0.00256636,142.084,-6.16617,64.7612,628.555,-25.3739,186.432,3.73478,4.20839,-0.872087,3.5535,-0.0517586,7.38894
0.952178,0.00736811,0.305444,-0.00273913,142.082,-6.16632,64.788,628.91,-25.3893,186.594,3.73478,4.20839,-0.872087,3.5535,-0.0517586,7.38894
0.952204,0.00728102,0.305364,-0.00280926,141.193,-6.27044,63.4761,627.304,-25.7258,182.693,3.73557,4.2983,-0.874065,3.47285,-0.0488347,7.39933
0.952201,0.00732272,0.305372,-0.00267784,141.192,-6.26999,63.504,627.657,-25.7415,182.852,3.73557,4.2983,-0.874065,3.47285,-0.0488347,7.39933
0.952191,0.00735176,0.305405,-0.00263613,141.19,-6.26943,63.5315,628.01,-25.7572,183.011,3.73557,4.2983,-0.874065,3.47285,-0.0488347,7.39933
0.952211,0.00739604,0.30534,-0.00269479,141.188,-6.26926,63.5586,628.363,-25.7728,183.17,3.73557,4.2983,-0.874065,3.47285,-0.0488347,7.39933
0.952232,0.00743026,0.305271,-0.00288939,141.186,-6.26912,63.5863,628.716,-25.7885,183.329,3.73557,4.2983,-0.874065,3.47285,-0.0488347,7.39933
0.952292,0.00725802,0.305091,-0.00271229,141.184,-6.26942,63.6145,629.069,-25.8042,183.488,3.73557,4.2983,-0.874065,3.47285,-0.0488347,7.39933
0.952321,0.0073239,0.304998,-0.00268767,141.182,-6.26936,63.6419,629.422,-25.8199,183.647,3.73557,4.2983,-0.874065,3.47285,-0.0488347,7.39933
0.95238,0.00742954,0.304811,-0.00268652,141.181,-6.26969,63.6692,629.775,-25.8355,183.806,3.73557,4.2983,-0.874065,3.47285,-0.0488347,7.39933
0.952413,0.00728122,0.304713,-0.00251886,141.178,-6.26966,63.6969,630.128,-25.8512,183.965,3.73557,4.2983,-0.874065,3.47285,-0.0488347,7.39933
0.952467,0.0073966,0.304542,-0.00250867,141.177,-6.26992,63.7242,630.481,-25.8669,184.124,3.73557,4.2983,-0.874065,3.47285,-0.0488347,7.39933
0.95252,0.00748138,0.304373,-0.00250949,141.175,-6.27017,63.7515,630.834,-25.8826,184.284,3.73557,4.2983,-0.874065,3.47285,-0.0488347,7.39933
0.95256,0.00747213,0.304249,-0.00255197,141.173,-6.27025,63.7787,631.187,-25.8982,184.443,3.73557,4.2983,-0.874065,3.47285,-0.0488347,7.39933
0.952628,0.00738699,0.304046,-0.00152911,141.171,-6.27064,63.806,631.54,-25.9139,184.603,3.73557,4.2983,-0.874065,3.47285,-0.0488347,7.39933
0.952665,0.00735203,0.30393,-0.00137963,141.169,-6.27069,63.834,631.893,-25.9296,184.762,3.73557,4.2983,-0.874065,3.47285,-0.0488347,7.39933
0.952676,0.00734063,0.303897,-0.00133284,141.167,-6.2704,63.8615,632.246,-25.9453,184.922,3.73557,4.2983,-0.874065,3.47285,-0.0488347,7.39933
0.952711,0.00744698,0.303784,-0.00137653,140.831,-6.30989,63.3857,631.868,-26.0842,183.558,3.73585,4.33261,-0.874812,3.44245,-0.0477299,7.40358
0.952778,0.00748242,0.303574,-0.00079663,140.83,-6.31032,63.4137,632.22,-26.1,183.717,3.73585,4.33261,-0.874812,3.44245,-0.0477299,7.40358
0.952818,0.00735762,0.303452,-0.000790466,140.827,-6.31039,63.4412,632.572,-26.1157,183.875,3.73585,4.33261,-0.874812,3.44245,-0.0477299,7.40358
0.952891,0.00738341,0.303224,-0.000731231,140.826,-6.31089,63.4687,632.924,-26.1315,184.034,3.73585,4.33261,-0.874812,3.44245,-0.0477299,7.40358
0.952932,0.00741637,0.303092,-0.000616281,140.824,-6.311,63.4964,633.276,-26.1473,184.193,3.73585,4.33261,-0.874812,3.44245,-0.0477299,7.40358
0.952928,0.0075142,0.303098,-0.00262121,140.822,-6.31047,63.5239,633.628,-26.1631,184.352,3.73585,4.33261,-0.874812,3.44245,-0.0477299,7.40358
0.952969,0.00750166,0.302963,-0.00250744,140.821,-6.31058,63.5517,633.98,-26.1788,184.51,3.73585,4.33261,-0.874812,3.44245,-0.0477299,7.40358
0.953008,0.00745611,0.302844,-0.00253394,140.819,-6.31062,63.579,634.333,-26.1946,184.669,3.73585,4.33261,-0.874812,3.44245,-0.0477299,7.40358
0.953016,0.00747413,0.302818,-0.00259406,140.817,-6.31028,63.6061,634.685,-26.2104,184.828,3.73585,4.33261,-0.874812,3.44245,-0.0477299,7.40358
0.953029,0.00746667,0.302772,-0.00309785,140.815,-6.31,63.6339,635.037,-26.2262,184.988,3.73585,4.33261,-0.874812,3.44245,-0.0477299,7.40358
0.9531,0.00754113,0.302547,-0.00312958,140.813,-6.31046,63.661,635.389,-26.2419,185.147,3.73585,4.33261,-0.874812,3.44245,-0.0477299,7.40358
0.953133,0.00755262,0.302439,-0.00318125,140.811,-6.31045,63.6881,635.741,-26.2577,185.306,3.73585,4.33261,-0.874812,3.44245,-0.0477299,7.40358
0.95314,0.00743791,0.302422,-0.00305058,140.809,-6.31007,63.716,636.093,-26.2735,185.465,3.73585,4.33261,-0.874812,3.44245,-0.0477299,7.40358
0.953186,0.00746552,0.302284,-0.00251423,140.807,-6.3102,63.7429,636.445,-26.2893,185.625,3.73585,4.33261,-0.874812,3.44245,-0.0477299,7.40358
0.953243,0.00750605,0.3021,-0.00255,140.805,-6.3105,63.77,636.797,-26.305,185.784,3.73585,4.33261,-0.874812,3.44245,-0.0477299,7.40358
0.953254,0.00759851,0.302063,-0.0026089,140.94,-6.29414,64.0012,637.443,-26.2702,186.561,3.73575,4.31847,-0.874501,3.45484,-0.048182,7.4017
0.953307,0.00760757,0.301895,-0.00268299,140.938,-6.29437,64.0282,637.796,-26.2859,186.721,3.73575,4.31847,-0.874501,3.45484,-0.048182,7.4017
0.953381,0.00762234,0.301672,-0.00145427,140.936,-6.29482,64.056,638.148,-26.3016,186.882,3.73575,4.31847,-0.874501,3.45484,-0.048182,7.4017
0.953436,0.00766262,0.301495,-0.00146913,140.935,-6.29509,64.0832,638.5,-26.3174,187.042,3.73575,4.31847,-0.874501,3.45484,-0.048182,7.4017
0.953476,0.00773418,0.301366,-0.0015133,140.933,-6.29517,64.1102,638.853,-26.3331,187.202,3.73575,4.31847,-0.874501,3.45484,-0.048182,7.4017
0.953475,0.00781925,0.301369,-0.00146292,140.932,-6.29472,64.1376,639.205,-26.3488,187.362,3.73575,4.31847,-0.874501,3.45484,-0.048182,7.4017
0.953494,0.00782915,0.301305,-0.00214611,140.93,-6.29457,64.1648,639.557,-26.3646,187.523,3.73575,4.31847,-0.874501,3.45484,-0.048182,7.4017
0.953547,0.00777247,0.301136,-0.00219952,140.928,-6.2948,64.192,639.91,-26.3803,187.683,3.73575,4.31847,-0.874501,3.45484,-0.048182,7.4017
0.953584,0.00766318,0.301022,-0.00230725,140.925,-6.29481,64.2189,640.262,-26.3961,187.844,3.73575,4.31847,-0.874501,3.45484,-0.048182,7.4017
0.953659,0.0076454,0.300784,-0.00232759,140.923,-6.29532,64.2461,640.614,-26.4118,188.004,3.73575,4.31847,-0.874501,3.45484,-0.048182,7.4017
0.953693,0.00759725,0.300678,-0.00230952,140.921,-6.2953,64.2738,640.966,-26.4275,188.165,3.73575,4.31847,-0.874501,3.45484,-0.048182,7.4017
0.953749,0.00744189,0.300501,-0.00232866,140.919,-6.29555,64.3012,641.319,-26.4433,188.326,3.73575,4.31847,-0.874501,3.45484,-0.048182,7.4017
0.953791,0.00738065,0.30037,-0.00239308,140.917,-6.29563,64.3283,641.671,-26.459,188.487,3.73575,4.31847,-0.874501,3.45484,-0.048182,7.4017
0.953803,0.0073635,0.300333,-0.00237519,140.915,-6.29532,64.3556,642.023,-26.4747,188.648,3.73575,4.31847,-0.874501,3.45484,-0.048182,7.4017
0.953834,0.00733883,0.300235,-0.0025523,140.913,-6.29525,64.3831,642.376,-26.4905,188.809,3.73575,4.31847,-0.874501,3.45484,-0.048182,7.4017
0.953877,0.00724538,0.300102,-0.00234743,141.175,-6.26425,64.8054,643.292,-26.4072,190.16,3.73558,4.29081,-0.873885,3.47882,-0.0490608,7.39781
0.953909,0.00728987,0.299998,-0.00222221,141.173,-6.26422,64.833,643.645,-26.4229,190.322,3.73558,4.29081,-0.873885,3.47882,-0.0490608,7.39781
0.953925,0.0071845,0.299949,-0.00221679,141.171,-6.26396,64.8604,643.998,-26.4385,190.484,3.73558,4.29081,-0.873885,3.47882,-0.0490608,7.39781
0.953951,0.00719457,0.299863,-0.00278256,141.169,-6.26378,64.8875,644.351,-26.4542,190.647,3.73558,4.29081,-0.873885,3.47882,-0.0490608,7.39781
0.953972,0.00713981,0.299797,-0.00277684,141.167,-6.26358,64.9148,644.704,-26.4698,190.809,3.73558,4.29081,-0.873885,3.47882,-0.0490608,7.39781
0.953994,0.0071713,0.299726,-0.00270724,141.165,-6.26341,64.9423,645.057,-26.4855,190.971,3.73558,4.29081,-0.873885,3.47882,-0.0490608,7.39781
0.954057,0.0071615,0.299529,-0.00266795,141.164,-6.26374,64.9697,645.409,-26.5012,191.134,3.73558,4.29081,-0.873885,3.47882,-0.0490608,7.39781
0.954108,0.0072789,0.299368,-0.00216173,141.162,-6.26397,64.9968,645.762,-26.5168,191.296,3.73558,4.29081,-0.873885,3.47882,-0.0490608,7.39781
0.954146,0.00740141,0.299243,-0.00217183,141.161,-6.26401,65.0238,646.115,-26.5325,191.459,3.73558,4.29081,-0.873885,3.47882,-0.0490608,7.39781
0.954207,0.00737173,0.299049,-0.00223533,141.159,-6.26433,65.0508,646.468,-26.5481,191.621,3.73558,4.29081,-0.873885,3.47882,-0.0490608,7.39781
0.954249,0.00731756,0.298915,-0.0020593,141.157,-6.26441,65.0787,646.821,-26.5638,191.784,3.73558,4.29081,-0.873885,3.47882,-0.0490608,7.39781
0.954246,0.00731253,0.298916,-0.00346224,141.155,-6.26389,65.1056,647.174,-26.5795,191.947,3.73558,4.29081,-0.873885,3.47882,-0.0490608,7.39781
0.954239,0.00723775,0.298937,-0.00355936,141.153,-6.26333,65.1325,647.527,-26.5951,192.11,3.73558,4.29081,-0.873885,3.47882,-0.0490608,7.39781
0.954227,0.00715739,0.298978,-0.00344635,141.151,-6.2627,65.1602,647.88,-26.6108,192.273,3.73558,4.29081,-0.873885,3.47882,-0.0490608,7.39781
0.954263,0.00720428,0.298863,-0.00336292,141.15,-6.26269,65.1877,648.233,-26.6264,192.436,3.73558,4.29081,-0.873885,3.47882,-0.0490608,7.39781
0.954282,0.00728124,0.298799,-0.00352316,140.916,-6.28999,64.8692,648.094,-26.731,191.555,3.73572,4.31542,-0.874423,3.45772,-0.048286,7.40148
0.954312,0.00735072,0.298698,-0.00366567,140.915,-6.28992,64.8958,648.446,-26.7468,191.718,3.73572,4.31542,-0.874423,3.45772,-0.048286,7.40148
0.954374,0.00739767,0.298498,-0.00390364,140.913,-6.29025,64.922,648.799,-26.7625,191.88,3.73572,4.31542,-0.874423,3.45772,-0.048286,7.40148
0.954407,0.0074131,0.298389,-0.00396172,140.911,-6.2902,64.949,649.151,-26.7782,192.042,3.73572,4.31542,-0.874423,3.45772,-0.048286,7.40148
0.954408,0.00742344,0.298382,-0.00430111,140.909,-6.28977,64.9762,649.503,-26.7939,192.205,3.73572,4.31542,-0.874423,3.45772,-0.048286,7.40148
0.954443,0.0073577,0.298271,-0.00442895,140.907,-6.28973,65.003,649.855,-26.8097,192.367,3.73572,4.31542,-0.874423,3.45772,-0.048286,7.40148
0.954508,0.00720732,0.298064,-0.00448549,140.905,-6.29008,65.0301,650.208,-26.8254,192.53,3.73572,4.31542,-0.874423,3.45772,-0.048286,7.40148
0.954531,0.00741057,0.297987,-0.00446187,140.904,-6.28991,65.0571,650.56,-26.8411,192.693,3.73572,4.31542,-0.874423,3.45772,-0.048286,7.40148
0.954595,0.00740452,0.297803,-0.00295158,140.902,-6.29016,65.0845,650.912,-26.8568,192.855,3.73572,4.31542,-0.874423,3.45772,-0.048286,7.40148
0.954642,0.00739191,0.297648,-0.00310821,140.9,-6.2903,65.1111,651.264,-26.8726,193.018,3.73572,4.31542,-0.874423,3.45772,-0.048286,7.40148
0.954628,0.00753405,0.297689,-0.00324722,140.899,-6.28965,65.1376,651.617,-26.8883,193.181,3.73572,4.31542,-0.874423,3.45772,-0.048286,7.40148
0.954672,0.00761892,0.297543,-0.00332999,140.898,-6.28976,65.1644,651.969,-26.904,193.344,3.73572,4.31542,-0.874423,3.45772,-0.048286,7.40148
0.954729,0.007541,0.297371,-0.00245389,140.896,-6.28992,65.1917,652.321,-26.9197,193.507,3.73572,4.31542,-0.874423,3.45772,-0.048286,7.40148
0.954765,0.00738584,0.297259,-0.00254297,140.893,-6.2899,65.2187,652.673,-26.9355,193.67,3.73572,4.31542,-0.874423,3.45772,-0.048286,7.40148
0.954828,0.00740304,0.297058,-0.0024386,140.892,-6.29023,65.2462,653.026,-26.9512,193.833,3.73572,4.31542,-0.874423,3.45772,-0.048286,7.40148
0.954872,0.00735658,0.296916,-0.00238739,141.238,-6.2485,65.7906,654.107,-26.8292,195.552,3.73548,4.27819,-0.873651,3.48933,-0.0494454,7.39561
0.954925,0.00728272,0.296753,-0.00197292,141.235,-6.2487,65.8173,654.461,-26.8448,195.717,3.73548,4.27819,-0.873651,3.48933,-0.0494454,7.39561
0.954934,0.00726129,0.296722,-0.00192933,141.234,-6.24835,65.8446,654.814,-26.8605,195.882,3.73548,4.27819,-0.873651,3.48933,-0.0494454,7.39561
0.95495,0.00716386,0.296676,-0.00191171,141.232,-6.24806,65.8719,655.167,-26.8761,196.046,3.73548,4.27819,-0.873651,3.48933,-0.0494454,7.39561
0.954983,0.00716518,0.296565,-0.00211898,141.23,-6.24801,65.8983,655.52,-26.8917,196.211,3.73548,4.27819,-0.873651,3.48933,-0.0494454,7.39561
0.954988,0.00704377,0.296545,-0.00343688,141.228,-6.24751,65.9256,655.873,-26.9073,196.376,3.73548,4.27819,-0.873651,3.48933,-0.0494454,7.39561
0.955019,0.00700831,0.296443,-0.00337575,141.226,-6.24744,65.9529,656.226,-26.9229,196.541,3.73548,4.27819,-0.873651,3.48933,-0.0494454,7.39561
0.95505,0.00691724,0.296344,-0.00346083,141.224,-6.24734,65.9798,656.579,-26.9385,196.706,3.73548,4.27819,-0.873651,3.48933,-0.0494454,7.39561
0.955105,0.00686601,0.296168,-0.00342966,141.222,-6.24756,66.0071,656.932,-26.9542,196.871,3.73548,4.27819,-0.873651,3.48933,-0.0494454,7.39561
0.955127,0.00699696,0.29609,-0.00365219,141.221,-6.24737,66.0336,657.285,-26.9698,197.036,3.73548,4.27819,-0.873651,3.48933,-0.0494454,7.39561
0.955187,0.00689782,0.295901,-0.00349046,141.219,-6.24764,66.0614,657.638,-26.9854,197.201,3.73548,4.27819,-0.873651,3.48933,-0.0494454,7.39561
0.955254,0.00697271,0.295687,-0.00339716,141.218,-6.24801,66.0888,657.991,-27.001,197.366,3.73548,4.27819,-0.873651,3.48933,-0.0494454,7.39561
0.955294,0.00688617,0.295559,-0.00343374,141.216,-6.24803,66.1158,658.344,-27.0166,197.531,3.73548,4.27819,-0.873651,3.48933,-0.0494454,7.39561
0.955347,0.00683802,0.295398,-0.00256328,141.214,-6.24826,66.1427,658.697,-27.0323,197.697,3.73548,4.27819,-0.873651,3.48933,-0.0494454,7.39561
0.955334,0.00672775,0.295438,-0.00270687,141.212,-6.2476,66.1694,659.05,-27.0479,197.862,3.73548,4.27819,-0.873651,3.48933,-0.0494454,7.39561
0.955385,0.00682395,0.295274,-0.00268901,140.146,-6.37702,64.6186,657.193,-27.4961,193.289,3.73626,4.39321,-0.875945,3.39269,-0.0459017,7.41464
0.95546,0.00692558,0.295028,-0.00265667,140.145,-6.37752,64.6457,657.543,-27.5121,193.451,3.73626,4.39321,-0.875945,3.39269,-0.0459017,7.41464
0.955525,0.00687499,0.294826,-0.00182652,140.143,-6.37787,64.6728,657.893,-27.528,193.612,3.73626,4.39321,-0.875945,3.39269,-0.0459017,7.41464
0.955556,0.00687742,0.294723,-0.00179225,140.142,-6.37779,64.7,658.244,-27.544,193.774,3.73626,4.39321,-0.875945,3.39269,-0.0459017,7.41464
0.955577,0.00686025,0.294657,-0.00176016,140.14,-6.37757,64.7272,658.594,-27.5599,193.936,3.73626,4.39321,-0.875945,3.39269,-0.0459017,7.41464
0.95558,0.00695119,0.294645,-0.00183182,140.139,-6.37712,64.7539,658.944,-27.5759,194.098,3.73626,4.39321,-0.875945,3.39269,-0.0459017,7.41464
0.955592,0.00696595,0.294598,-0.00291678,140.137,-6.3768,64.7816,659.295,-27.5918,194.26,3.73626,4.39321,-0.875945,3.39269,-0.0459017,7.41464
0.95563,0.00707595,0.29447,-0.00293297,140.136,-6.37681,64.8084,659.645,-27.6077,194.422,3.73626,4.39321,-0.875945,3.39269,-0.0459017,7.41464
0.955697,0.00719953,0.294251,-0.00299469,140.135,-6.37719,64.8351,659.995,-27.6237,194.584,3.73626,4.39321,-0.875945,3.39269,-0.0459017,7.41464
0.955701,0.00710413,0.294237,-0.00307637,140.133,-6.37674,64.862,660.346,-27.6396,194.746,3.73626,4.39321,-0.875945,3.39269,-0.0459017,7.41464
0.955741,0.00706964,0.294112,-0.00284732,140.131,-6.37674,64.8892,660.696,-27.6556,194.908,3.73626,4.39321,-0.875945,3.39269,-0.0459017,7.41464
0.955806,0.00702859,0.293902,-0.00286582,140.129,-6.37708,64.9162,661.046,-27.6715,195.071,3.73626,4.39321,-0.875945,3.39269,-0.0459017,7.41464
0.955875,0.00696817,0.293678,-0.0029678,140.127,-6.37748,64.943,661.397,-27.6875,195.233,3.73626,4.39321,-0.875945,3.39269,-0.0459017,7.41464
0.955897,0.00699776,0.293604,-0.00293015,140.126,-6.37727,64.9701,661.747,-27.7034,195.395,3.73626,4.39321,-0.875945,3.39269,-0.0459017,7.41464
0.955954,0.00693084,0.293428,-0.00232815,140.124,-6.37748,64.9967,662.097,-27.7193,195.558,3.73626,4.39321,-0.875945,3.39269,-0.0459017,7.41464
0.956009,0.00684121,0.293248,-0.00232846,139.378,-6.46845,63.9245,660.916,-28.0432,192.424,3.7368,4.47425,-0.877529,3.32524,-0.0434269,7.42873
0.956043,0.00688099,0.293136,-0.00226897,139.376,-6.4684,63.9517,661.265,-28.0594,192.584,3.7368,4.47425,-0.877529,3.32524,-0.0434269,7.42873
0.956118,0.00692731,0.292892,-0.00221622,139.375,-6.46887,63.9789,661.613,-28.0756,192.744,3.7368,4.47425,-0.877529,3.32524,-0.0434269,7.42873
0.95617,0.00680574,0.292728,-0.00197909,139.373,-6.46904,64.0059,661.962,-28.0917,192.904,3.7368,4.47425,-0.877529,3.32524,-0.0434269,7.42873
0.956253,0.00686955,0.292453,-0.00194975,139.372,-6.46964,64.0329,662.31,-28.1079,193.064,3.7368,4.47425,-0.877529,3.32524,-0.0434269,7.42873
0.956316,0.00677323,0.292251,-0.00204311,139.37,-6.46994,64.0597,662.659,-28.1241,193.224,3.7368,4.47425,-0.877529,3.32524,-0.0434269,7.42873
0.956387,0.00667872,0.292018,-0.00210015,139.368,-6.47037,64.0866,663.007,-28.1403,193.384,3.7368,4.47425,-0.877529,3.32524,-0.0434269,7.42873
0.956432,0.00674846,0.291867,-0.00228618,139.366,-6.47046,64.1131,663.355,-28.1564,193.544,3.7368,4.47425,-0.877529,3.32524,-0.0434269,7.42873
0.956458,0.00684862,0.291781,-0.00228769,139.365,-6.47029,64.14,663.704,-28.1726,193.705,3.7368,4.47425,-0.877529,3.32524,-0.0434269,7.42873
0.956483,0.00678329,0.291701,-0.00232981,139.363,-6.4701,64.1669,664.052,-28.1888,193.865,3.7368,4.47425,-0.877529,3.32524,-0.0434269,7.42873
0.956539,0.00670302,0.291517,-0.0023511,139.361,-6.47033,64.1939,664.401,-28.205,194.026,3.7368,4.47425,-0.877529,3.32524,-0.0434269,7.42873
0.956557,0.00672365,0.291451,-0.00326291,139.359,-6.47005,64.2203,664.749,-28.2211,194.186,3.7368,4.47425,-0.877529,3.32524,-0.0434269,7.42873
0.956634,0.00671072,0.291198,-0.00315786,139.358,-6.47055,64.2477,665.097,-28.2373,194.347,3.7368,4.47425,-0.877529,3.32524,-0.0434269,7.42873
0.956691,0.00685769,0.291009,-0.00313043,139.357,-6.47079,64.2746,665.446,-28.2535,194.508,3.7368,4.47425,-0.877529,3.32524,-0.0434269,7.42873
0.956722,0.00692123,0.290905,-0.00307183,139.356,-6.4707,64.3017,665.794,-28.2697,194.668,3.7368,4.47425,-0.877529,3.32524,-0.0434269,7.42873
0.956757,0.00695682,0.290788,-0.0030838,138.944,-6.52019,63.725,665.306,-28.4549,193.023,3.73702,4.5192,-0.878443,3.28816,-0.0420605,7.43692
0.956822,0.00707424,0.290572,-0.00313068,138.943,-6.52054,63.7517,665.654,-28.4712,193.182,3.73702,4.5192,-0.878443,3.28816,-0.0420605,7.43692
0.956838,0.00707362,0.290518,-0.00302655,138.942,-6.52024,63.779,666.001,-28.4875,193.341,3.73702,4.5192,-0.878443,3.28816,-0.0420605,7.43692
0.956843,0.00714297,0.290499,-0.00317382,138.94,-6.51979,63.8054,666.348,-28.5038,193.501,3.73702,4.5192,-0.878443,3.28816,-0.0420605,7.43692
0.956886,0.00714733,0.290361,-0.00292045,138.939,-6.51979,63.8321,666.696,-28.5201,193.661,3.73702,4.5192,-0.878443,3.28816,-0.0420605,7.43692
0.956934,0.00713108,0.290203,-0.0030267,138.937,-6.51991,63.8587,667.043,-28.5364,193.82,3.73702,4.5192,-0.878443,3.28816,-0.0420605,7.43692
0.956999,0.00704282,0.289991,-0.00308151,138.935,-6.52023,63.8856,667.391,-28.5527,193.98,3.73702,4.5192,-0.878443,3.28816,-0.0420605,7.43692
0.957034,0.00700735,0.289873,-0.00315893,138.933,-6.52017,63.9123,667.738,-28.569,194.14,3.73702,4.5192,-0.878443,3.28816,-0.0420605,7.43692
0.957103,0.00683658,0.289662,-0.00197423,138.932,-6.52053,63.9397,668.085,-28.5853,194.3,3.73702,4.5192,-0.878443,3.28816,-0.0420605,7.43692
0.957178,0.00691451,0.289411,-0.00196894,138.93,-6.52102,63.9666,668.433,-28.6016,194.459,3.73702,4.5192,-0.878443,3.28816,-0.0420605,7.43692
0.957242,0.00688392,0.2892,-0.00193659,138.929,-6.52134,63.9937,668.78,-28.6179,194.619,3.73702,4.5192,-0.878443,3.28816,-0.0420605,7.43692
0.957318,0.0067608,0.288953,-0.00193558,138.927,-6.5218,64.0208,669.127,-28.6342,194.78,3.73702,4.5192,-0.878443,3.28816,-0.0420605,7.43692
0.957377,0.00649657,0.288764,-0.0015387,138.924,-6.52208,64.0477,669.474,-28.6505,194.94,3.73702,4.5192,-0.878443,3.28816,-0.0420605,7.43692
0.957441,0.00635179,0.288556,-0.00149355,138.923,-6.52239,64.075,669.822,-28.6669,195.1,3.73702,4.5192,-0.878443,3.28816,-0.0420605,7.43692
0.957428,0.00632126,0.288598,-0.00149997,138.921,-6.52169,64.102,670.169,-28.6832,195.26,3.73702,4.5192,-0.878443,3.28816,-0.0420605,7.43692
0.957453,0.00626327,0.288518,-0.00142897,138.956,-6.51707,64.1834,670.591,-28.6843,195.582,3.73701,4.51513,-0.878357,3.29149,-0.0421837,7.43614
0.957503,0.0061796,0.288352,-0.00199389,138.954,-6.51712,64.2101,670.938,-28.7006,195.743,3.73701,4.51513,-0.878357,3.29149,-0.0421837,7.43614
0.957552,0.00619958,0.288187,-0.00181548,138.953,-6.51725,64.2377,671.286,-28.7169,195.903,3.73701,4.51513,-0.878357,3.29149,-0.0421837,7.43614
0.957622,0.00621806,0.287954,-0.00195136,138.951,-6.51765,64.2641,671.633,-28.7332,196.064,3.73701,4.51513,-0.878357,3.29149,-0.0421837,7.43614
0.957656,0.00620469,0.287844,-0.00178295,138.95,-6.51756,64.2917,671.981,-28.7495,196.225,3.73701,4.51513,-0.878357,3.29149,-0.0421837,7.43614
0.957703,0.00613138,0.287684,-0.00218535,138.948,-6.51763,64.3183,672.328,-28.7658,196.385,3.73701,4.51513,-0.878357,3.29149,-0.0421837,7.43614
0.95773,0.00625003,0.287593,-0.00214417,138.947,-6.51746,64.3452,672.675,-28.7821,196.546,3.73701,4.51513,-0.878357,3.29149,-0.0421837,7.43614
0.957822,0.0063358,0.287285,-0.00207313,138.946,-6.51816,64.3723,673.023,-28.7984,196.707,3.73701,4.51513,-0.878357,3.29149,-0.0421837,7.43614
0.957879,0.00631843,0.287097,-0.00211034,138.944,-6.51837,64.3991,673.37,-28.8147,196.868,3.73701,4.51513,-0.878357,3.29149,-0.0421837,7.43614
0.957869,0.00653033,0.287109,-0.00399718,138.944,-6.51777,64.4261,673.717,-28.831,197.029,3.73701,4.51513,-0.878357,3.29149,-0.0421837,7.43614
0.957921,0.00663924,0.286926,-0.00416665,138.942,-6.51795,64.4522,674.065,-28.8473,197.19,3.73701,4.51513,-0.878357,3.29149,-0.0421837,7.43614
0.957988,0.00657913,0.2867,-0.00424891,138.94,-6.51831,64.4789,674.412,-28.8636,197.352,3.73701,4.51513,-0.878357,3.29149,-0.0421837,7.43614
0.958066,0.00652501,0.28644,-0.00431531,138.939,-6.5188,64.5056,674.759,-28.8799,197.513,3.73701,4.51513,-0.878357,3.29149,-0.0421837,7.43614
0.958109,0.00644437,0.286309,-0.00372758,138.937,-6.51877,64.5323,675.107,-28.8962,197.674,3.73701,4.51513,-0.878357,3.29149,-0.0421837,7.43614
0.958151,0.0064132,0.286167,-0.0037514,138.936,-6.51878,64.5591,675.454,-28.9124,197.836,3.73701,4.51513,-0.878357,3.29149,-0.0421837,7.43614
0.958215,0.00648014,0.285953,-0.00373299,138.402,-6.58214,63.8074,674.733,-29.1457,195.674,3.73711,4.57425,-0.879664,3.24354,-0.0404022,7.44791
0.958215,0.00658937,0.285948,-0.00381206,138.4,-6.5816,63.8339,675.079,-29.1622,195.834,3.73711,4.57425,-0.879664,3.24354,-0.0404022,7.44791
0.95829,0.00656283,0.285715,-0.00258817,138.399,-6.58193,63.8608,675.425,-29.1786,195.993,3.73711,4.57425,-0.879664,3.24354,-0.0404022,7.44791
0.958373,0.00640391,0.285435,-0.00262439,138.397,-6.5825,63.8877,675.771,-29.1951,196.153,3.73711,4.57425,-0.879664,3.24354,-0.0404022,7.44791
0.958404,0.00625626,0.285335,-0.00257492,138.395,-6.58235,63.915,676.117,-29.2115,196.313,3.73711,4.57425,-0.879664,3.24354,-0.0404022,7.44791
0.958438,0.00635196,0.285219,-0.00254674,138.394,-6.58227,63.9418,676.463,-29.228,196.473,3.73711,4.57425,-0.879664,3.24354,-0.0404022,7.44791
0.958462,0.00631663,0.285133,-0.00334706,138.392,-6.582,63.9689,676.809,-29.2444,196.633,3.73711,4.57425,-0.879664,3.24354,-0.0404022,7.44791
0.958476,0.00628102,0.285084,-0.00327087,138.391,-6.58164,63.9961,677.155,-29.2609,196.793,3.73711,4.57425,-0.879664,3.24354,-0.0404022,7.44791
0.958512,0.00625628,0.284965,-0.00329768,138.389,-6.58155,64.0229,677.501,-29.2774,196.953,3.73711,4.57425,-0.879664,3.24354,-0.0404022,7.44791
0.958549,0.00618047,0.284841,-0.00330009,138.388,-6.58149,64.0498,677.847,-29.2938,197.113,3.73711,4.57425,-0.879664,3.24354,-0.0404022,7.44791
0.958583,0.00613996,0.284726,-0.00343744,138.386,-6.58138,64.0766,678.193,-29.3103,197.273,3.73711,4.57425,-0.879664,3.24354,-0.0404022,7.44791
0.958585,0.00605852,0.28472,-0.00361423,138.384,-6.58084,64.1029,678.539,-29.3267,197.433,3.73711,4.57425,-0.879664,3.24354,-0.0404022,7.44791
0.958659,0.0060445,0.284473,-0.00343176,138.383,-6.58127,64.1304,678.885,-29.3432,197.594,3.73711,4.57425,-0.879664,3.24354,-0.0404022,7.44791
0.958662,0.00602792,0.284464,-0.00341112,138.382,-6.58074,64.1574,679.231,-29.3596,197.754,3.73711,4.57425,-0.879664,3.24354,-0.0404022,7.44791
0.958728,0.00597437,0.284253,-0.00236109,138.38,-6.58113,64.1839,679.577,-29.3761,197.914,3.73711,4.57425,-0.879664,3.24354,-0.0404022,7.44791
0.958786,0.00601796,0.284058,-0.00219254,138.296,-6.59106,64.0911,679.758,-29.4262,197.717,3.73712,4.58345,-0.879872,3.23614,-0.0401266,7.44983
0.958795,0.00593524,0.284027,-0.00213068,138.295,-6.59062,64.1183,680.104,-29.4426,197.877,3.73712,4.58345,-0.879872,3.23614,-0.0401266,7.44983
0.958863,0.00588903,0.2838,-0.00218468,138.293,-6.59097,64.145,680.45,-29.4591,198.038,3.73712,4.58345,-0.879872,3.23614,-0.0401266,7.44983
0.958935,0.00583857,0.283563,-0.0014865,138.292,-6.59143,64.1724,680.795,-29.4756,198.198,3.73712,4.58345,-0.879872,3.23614,-0.0401266,7.44983
0.959007,0.00577238,0.28332,-0.00146702,138.29,-6.59184,64.1993,681.141,-29.4921,198.359,3.73712,4.58345,-0.879872,3.23614,-0.0401266,7.44983
0.959083,0.00576222,0.283063,-0.00150763,138.289,-6.5923,64.226,681.487,-29.5086,198.519,3.73712,4.58345,-0.879872,3.23614,-0.0401266,7.44983
0.959095,0.00577351,0.283023,-0.00154225,138.287,-6.5919,64.2527,681.833,-29.525,198.68,3.73712,4.58345,-0.879872,3.23614,-0.0401266,7.44983
0.959174,0.00579286,0.282755,-0.00107227,138.286,-6.59244,64.2793,682.178,-29.5415,198.84,3.73712,4.58345,-0.879872,3.23614,-0.0401266,7.44983
0.959275,0.00581184,0.282413,-0.0010602,138.285,-6.59324,64.3061,682.524,-29.558,199.001,3.73712,4.58345,-0.879872,3.23614,-0.0401266,7.44983
0.959345,0.005789,0.282176,-0.000951113,138.284,-6.59363,64.3333,682.87,-29.5745,199.162,3.73712,4.58345,-0.879872,3.23614,-0.0401266,7.44983
0.959406,0.00580393,0.281969,-0.000989355,138.282,-6.59389,64.36,683.215,-29.591,199.323,3.73712,4.58345,-0.879872,3.23614,-0.0401266,7.44983
0.959475,0.00574613,0.281732,-0.00105498,138.281,-6.59425,64.3874,683.561,-29.6075,199.484,3.73712,4.58345,-0.879872,3.23614,-0.0401266,7.44983
0.959499,0.00589159,0.281648,-0.00116334,138.28,-6.59402,64.4137,683.907,-29.6239,199.645,3.73712,4.58345,-0.879872,3.23614,-0.0401266,7.44983
0.959555,0.00590247,0.281457,-0.00123005,138.278,-6.59421,64.4402,684.253,-29.6404,199.806,3.73712,4.58345,-0.879872,3.23614,-0.0401266,7.44983
0.95955,0.00598946,0.281472,-0.00123112,138.277,-6.59358,64.4669,684.598,-29.6569,199.967,3.73712,4.58345,-0.879872,3.23614,-0.0401266,7.44983
0.959607,0.00608716,0.281273,-0.00159352,138.215,-6.60095,64.4047,684.823,-29.6982,199.864,3.73712,4.5903,-0.880031,3.23066,-0.0399223,7.45131
0.959619,0.00604886,0.281234,-0.0016221,138.213,-6.60053,64.4315,685.168,-29.7147,200.025,3.73712,4.5903,-0.880031,3.23066,-0.0399223,7.45131
0.959648,0.00604035,0.281135,-0.00165827,138.212,-6.60035,64.4581,685.514,-29.7312,200.187,3.73712,4.5903,-0.880031,3.23066,-0.0399223,7.45131
0.959697,0.00594746,0.28097,-0.00169556,138.21,-6.60043,64.4849,685.859,-29.7477,200.348,3.73712,4.5903,-0.880031,3.23066,-0.0399223,7.45131
0.95972,0.00595086,0.280881,-0.0030127,138.209,-6.60016,64.5117,686.205,-29.7642,200.509,3.73712,4.5903,-0.880031,3.23066,-0.0399223,7.45131
0.959795,0.00601454,0.280622,-0.00304179,138.208,-6.60061,64.5384,686.551,-29.7807,200.67,3.73712,4.5903,-0.880031,3.23066,-0.0399223,7.45131
0.959839,0.00588498,0.280473,-0.00310869,138.206,-6.60062,64.565,686.896,-29.7972,200.832,3.73712,4.5903,-0.880031,3.23066,-0.0399223,7.45131
0.959862,0.00590073,0.280392,-0.0031516,138.205,-6.60036,64.5916,687.242,-29.8137,200.993,3.73712,4.5903,-0.880031,3.23066,-0.0399223,7.45131
0.959885,0.00596113,0.280307,-0.00381973,138.203,-6.60009,64.6186,687.587,-29.8302,201.155,3.73712,4.5903,-0.880031,3.23066,-0.0399223,7.45131
0.959967,0.00595312,0.280023,-0.00385911,138.202,-6.60064,64.6452,687.933,-29.8467,201.316,3.73712,4.5903,-0.880031,3.23066,-0.0399223,7.45131
0.960021,0.00581128,0.279843,-0.0037412,138.2,-6.60077,64.6726,688.278,-29.8632,201.478,3.73712,4.5903,-0.880031,3.23066,-0.0399223,7.45131
0.960007,0.00584544,0.27989,-0.00376785,138.199,-6.59998,64.6992,688.624,-29.8797,201.64,3.73712,4.5903,-0.880031,3.23066,-0.0399223,7.45131
0.960048,0.00586989,0.279751,-0.00363697,138.198,-6.59995,64.7256,688.969,-29.8962,201.802,3.73712,4.5903,-0.880031,3.23066,-0.0399223,7.45131
0.960105,0.00584981,0.279555,-0.00371397,138.196,-6.60014,64.7521,689.315,-29.9127,201.964,3.73712,4.5903,-0.880031,3.23066,-0.0399223,7.45131
0.960154,0.00586275,0.279387,-0.00348552,138.195,-6.60022,64.7797,689.66,-29.9292,202.125,3.73712,4.5903,-0.880031,3.23066,-0.0399223,7.45131
0.960215,0.00580181,0.27918,-0.00353317,137.837,-6.64171,64.2911,689.305,-30.0904,200.756,3.73706,4.63037,-0.880975,3.19888,-0.0387356,7.46035
0.960232,0.0058135,0.27911,-0.00431866,137.835,-6.64134,64.3175,689.65,-30.107,200.917,3.73706,4.63037,-0.880975,3.19888,-0.0387356,7.46035
0.960279,0.00563654,0.278952,-0.00418042,137.833,-6.64137,64.345,689.994,-30.1236,201.078,3.73706,4.63037,-0.880975,3.19888,-0.0387356,7.46035
0.960307,0.00546916,0.278863,-0.00402203,137.831,-6.64113,64.3725,690.339,-30.1402,201.239,3.73706,4.63037,-0.880975,3.19888,-0.0387356,7.46035
0.960397,0.00548251,0.278551,-0.00402629,137.83,-6.64177,64.3992,690.684,-30.1568,201.4,3.73706,4.63037,-0.880975,3.19888,-0.0387356,7.46035
0.960425,0.00557143,0.27845,-0.0043893,137.829,-6.64151,64.4261,691.028,-30.1734,201.561,3.73706,4.63037,-0.880975,3.19888,-0.0387356,7.46035
0.960441,0.00560257,0.278389,-0.00450455,137.828,-6.64114,64.4524,691.373,-30.1901,201.722,3.73706,4.63037,-0.880975,3.19888,-0.0387356,7.46035
0.960527,0.00568667,0.278093,-0.00452634,137.827,-6.64172,64.4789,691.717,-30.2067,201.883,3.73706,4.63037,-0.880975,3.19888,-0.0387356,7.46035
0.960545,0.00568992,0.278029,-0.00461409,137.826,-6.64136,64.5053,692.062,-30.2233,202.045,3.73706,4.63037,-0.880975,3.19888,-0.0387356,7.46035
0.960557,0.0057345,0.27798,-0.00504893,137.825,-6.64093,64.5321,692.406,-30.2399,202.206,3.73706,4.63037,-0.880975,3.19888,-0.0387356,7.46035
0.960601,0.00578118,0.277824,-0.00511616,137.823,-6.64094,64.5586,692.751,-30.2565,202.367,3.73706,4.63037,-0.880975,3.19888,-0.0387356,7.46035
0.960631,0.00588827,0.277718,-0.00505187,137.823,-6.64075,64.5854,693.095,-30.2731,202.529,3.73706,4.63037,-0.880975,3.19888,-0.0387356,7.46035
0.960675,0.00587515,0.277568,-0.00495693,137.821,-6.64074,64.6125,693.44,-30.2897,202.69,3.73706,4.63037,-0.880975,3.19888,-0.0387356,7.46035
0.960709,0.00578335,0.277462,-0.00451957,137.82,-6.64056,64.6396,693.784,-30.3063,202.852,3.73706,4.63037,-0.880975,3.19888,-0.0387356,7.46035
0.960707,0.00594063,0.277466,-0.00444943,137.819,-6.63993,64.6664,694.129,-30.3229,203.014,3.73706,4.63037,-0.880975,3.19888,-0.0387356,7.46035
0.96079,0.00581607,0.277179,-0.00453402,136.776,-6.7608,63.1983,692.445,-30.7672,198.737,3.73692,4.7474,-0.883677,3.10665,-0.0352999,7.48785
0.960847,0.00584897,0.27698,-0.00463956,136.775,-6.76097,63.2246,692.786,-30.7841,198.895,3.73692,4.7474,-0.883677,3.10665,-0.0352999,7.48785
0.960897,0.00575129,0.276819,-0.00390028,136.773,-6.761,63.2509,693.128,-30.801,199.054,3.73692,4.7474,-0.883677,3.10665,-0.0352999,7.48785
0.960967,0.00573272,0.276574,-0.00397038,136.772,-6.76136,63.2774,693.47,-30.8179,199.212,3.73692,4.7474,-0.883677,3.10665,-0.0352999,7.48785
0.961024,0.00578907,0.276374,-0.00404966,136.771,-6.76154,63.3038,693.812,-30.8348,199.37,3.73692,4.7474,-0.883677,3.10665,-0.0352999,7.48785
0.961044,0.00592117,0.276301,-0.00404981,136.77,-6.76121,63.3303,694.154,-30.8517,199.528,3.73692,4.7474,-0.883677,3.10665,-0.0352999,7.48785
0.961121,0.00583248,0.276054,-0.00292883,136.769,-6.76151,63.3568,694.496,-30.8686,199.687,3.73692,4.7474,-0.883677,3.10665,-0.0352999,7.48785
0.961163,0.00588334,0.275902,-0.00299222,136.768,-6.7615,63.3832,694.838,-30.8855,199.845,3.73692,4.7474,-0.883677,3.10665,-0.0352999,7.48785
0.961221,0.00603581,0.275696,-0.00309636,136.767,-6.7617,63.4093,695.18,-30.9024,200.004,3.73692,4.7474,-0.883677,3.10665,-0.0352999,7.48785
0.961322,0.00600659,0.275344,-0.00304437,136.766,-6.76249,63.4363,695.522,-30.9193,200.162,3.73692,4.7474,-0.883677,3.10665,-0.0352999,7.48785
0.961349,0.00610902,0.275241,-0.00359338,136.764,-6.76232,63.4624,695.864,-30.9362,200.321,3.73692,4.7474,-0.883677,3.10665,-0.0352999,7.48785
0.961375,0.00599239,0.275155,-0.00361694,136.763,-6.76204,63.4892,696.206,-30.9531,200.48,3.73692,4.7474,-0.883677,3.10665,-0.0352999,7.48785
0.961446,0.00609804,0.274903,-0.00360169,136.762,-6.76242,63.5158,696.548,-30.97,200.638,3.73692,4.7474,-0.883677,3.10665,-0.0352999,7.48785
0.961504,0.00600296,0.274701,-0.00363575,136.76,-6.7626,63.5424,696.889,-30.9869,200.797,3.73692,4.7474,-0.883677,3.10665,-0.0352999,7.48785
0.961527,0.00614997,0.274613,-0.00409889,136.76,-6.76235,63.569,697.231,-31.0038,200.956,3.73692,4.7474,-0.883677,3.10665,-0.0352999,7.48785
0.961593,0.00621398,0.274376,-0.00427022,136.686,-6.77101,63.4915,697.433,-31.0507,200.808,3.7369,4.75556,-0.883865,3.10027,-0.0350623,7.48984
0.961637,0.00625043,0.274221,-0.00427581,136.685,-6.771,63.5181,697.775,-31.0676,200.967,3.7369,4.75556,-0.883865,3.10027,-0.0350623,7.48984
0.961667,0.00618611,0.274119,-0.00421429,136.684,-6.77077,63.5451,698.116,-31.0846,201.126,3.7369,4.75556,-0.883865,3.10027,-0.0350623,7.48984
0.961717,0.00605708,0.273956,-0.00352767,136.682,-6.7708,63.5723,698.458,-31.1015,201.285,3.7369,4.75556,-0.883865,3.10027,-0.0350623,7.48984
0.961716,0.00605122,0.27396,-0.00351963,136.681,-6.77015,63.599,698.8,-31.1184,201.444,3.7369,4.75556,-0.883865,3.10027,-0.0350623,7.48984
0.961791,0.00603063,0.273695,-0.00351388,136.68,-6.77057,63.6257,699.141,-31.1353,201.603,3.7369,4.75556,-0.883865,3.10027,-0.0350623,7.48984
0.961793,0.00606051,0.273688,-0.00359387,136.679,-6.76996,63.652,699.483,-31.1523,201.762,3.7369,4.75556,-0.883865,3.10027,-0.0350623,7.48984
0.961837,0.00604255,0.273534,-0.00340741,136.678,-6.76995,63.6788,699.825,-31.1692,201.921,3.7369,4.75556,-0.883865,3.10027,-0.0350623,7.48984
0.961849,0.00609396,0.273492,-0.00335967,136.677,-6.76948,63.7056,700.166,-31.1861,202.08,3.7369,4.75556,-0.883865,3.10027,-0.0350623,7.48984
0.96184,0.00603566,0.273527,-0.00339138,136.675,-6.7687,63.7322,700.508,-31.203,202.24,3.7369,4.75556,-0.883865,3.10027,-0.0350623,7.48984
0.961851,0.00610632,0.273485,-0.00327427,136.674,-6.76823,63.7592,700.85,-31.22,202.399,3.7369,4.75556,-0.883865,3.10027,-0.0350623,7.48984
0.961902,0.00600435,0.273312,-0.00301835,136.673,-6.76829,63.7859,701.191,-31.2369,202.559,3.7369,4.75556,-0.883865,3.10027,-0.0350623,7.48984
0.961952,0.00596294,0.273137,-0.00312001,136.671,-6.76835,63.8122,701.533,-31.2538,202.718,3.7369,4.75556,-0.883865,3.10027,-0.0350623,7.48984
0.961988,0.00598892,0.273008,-0.00314546,136.67,-6.76822,63.8387,701.875,-31.2707,202.878,3.7369,4.75556,-0.883865,3.10027,-0.0350623,7.48984
0.962042,0.00590063,0.272819,-0.0033171,136.669,-6.76833,63.8648,702.216,-31.2876,203.037,3.7369,4.75556,-0.883865,3.10027,-0.0350623,7.48984
0.962109,0.00576299,0.272595,-0.00245767,135.817,-6.86679,62.6813,700.915,-31.6621,199.606,3.7368,4.85137,-0.886007,3.02555,-0.0322926,7.51426
0.962165,0.00579417,0.272396,-0.00241637,135.816,-6.86694,62.7081,701.254,-31.6792,199.763,3.7368,4.85137,-0.886007,3.02555,-0.0322926,7.51426
0.962191,0.0058136,0.272302,-0.002426,135.815,-6.86668,62.7347,701.594,-31.6964,199.92,3.7368,4.85137,-0.886007,3.02555,-0.0322926,7.51426
0.962224,0.00582173,0.272188,-0.00242637,135.814,-6.86649,62.7613,701.934,-31.7136,200.077,3.7368,4.85137,-0.886007,3.02555,-0.0322926,7.51426
0.962284,0.00591484,0.271972,-0.00234918,135.813,-6.8667,62.7879,702.273,-31.7307,200.234,3.7368,4.85137,-0.886007,3.02555,-0.0322926,7.51426
0.962321,0.00588301,0.271842,-0.00241471,135.812,-6.86657,62.8143,702.613,-31.7479,200.391,3.7368,4.85137,-0.886007,3.02555,-0.0322926,7.51426
0.962422,0.00593127,0.271481,-0.00249182,135.811,-6.86736,62.8406,702.952,-31.7651,200.548,3.7368,4.85137,-0.886007,3.02555,-0.0322926,7.51426
0.96243,0.00610936,0.271449,-0.00253619,135.81,-6.86684,62.8669,703.292,-31.7822,200.705,3.7368,4.85137,-0.886007,3.02555,-0.0322926,7.51426
0.962492,0.00598639,0.271234,-0.00228709,135.809,-6.86704,62.8935,703.631,-31.7994,200.862,3.7368,4.85137,-0.886007,3.02555,-0.0322926,7.51426
0.962501,0.00602896,0.271202,-0.00231124,135.808,-6.86651,62.9199,703.971,-31.8166,201.02,3.7368,4.85137,-0.886007,3.02555,-0.0322926,7.51426
0.962552,0.00605293,0.271021,-0.00220922,135.807,-6.86658,62.9469,704.31,-31.8337,201.177,3.7368,4.85137,-0.886007,3.02555,-0.0322926,7.51426
0.962591,0.00600674,0.270881,-0.00228554,135.805,-6.86649,62.9733,704.65,-31.8509,201.334,3.7368,4.85137,-0.886007,3.02555,-0.0322926,7.51426
0.96267,0.00603186,0.270607,-0.00171458,135.805,-6.86691,62.9999,704.989,-31.8681,201.492,3.7368,4.85137,-0.886007,3.02555,-0.0322926,7.51426
0.962645,0.00596125,0.270694,-0.00167215,135.803,-6.86591,63.0268,705.329,-31.8852,201.649,3.7368,4.85137,-0.886007,3.02555,-0.0322926,7.51426
0.962698,0.00592394,0.270509,-0.00155056,135.802,-6.866,63.0539,705.668,-31.9024,201.807,3.7368,4.85137,-0.886007,3.02555,-0.0322926,7.51426
0.962781,0.00594321,0.270213,-0.00148703,136.069,-6.83546,63.4601,706.524,-31.8045,203.09,3.7368,4.82118,-0.885363,3.04898,-0.0331576,7.50626
0.96285,0.00596811,0.269966,-0.00148431,136.068,-6.83579,63.4871,706.864,-31.8216,203.249,3.7368,4.82118,-0.885363,3.04898,-0.0331576,7.50626
0.962922,0.00602161,0.269709,-0.00135547,136.067,-6.83616,63.5141,707.204,-31.8387,203.408,3.7368,4.82118,-0.885363,3.04898,-0.0331576,7.50626
0.962999,0.0061171,0.269432,-0.00136397,136.067,-6.8366,63.5406,707.544,-31.8558,203.567,3.7368,4.82118,-0.885363,3.04898,-0.0331576,7.50626
0.963063,0.00618981,0.2692,-0.00135013,136.066,-6.83687,63.5672,707.884,-31.8729,203.726,3.7368,4.82118,-0.885363,3.04898,-0.0331576,7.50626
0.963114,0.00622952,0.269015,-0.00201438,136.065,-6.83695,63.5935,708.224,-31.89,203.885,3.7368,4.82118,-0.885363,3.04898,-0.0331576,7.50626
0.963149,0.00633822,0.268884,-0.00204923,136.064,-6.83681,63.6198,708.564,-31.907,204.044,3.7368,4.82118,-0.885363,3.04898,-0.0331576,7.50626
0.963165,0.00634923,0.26883,-0.0020729,136.063,-6.83636,63.6463,708.905,-31.9241,204.203,3.7368,4.82118,-0.885363,3.04898,-0.0331576,7.50626
0.963203,0.00631321,0.268692,-0.00198412,136.062,-6.83625,63.6733,709.245,-31.9412,204.362,3.7368,4.82118,-0.885363,3.04898,-0.0331576,7.50626
0.963283,0.00617443,0.268415,-0.00143768,136.06,-6.83667,63.6995,709.585,-31.9583,204.521,3.7368,4.82118,-0.885363,3.04898,-0.0331576,7.50626
0.963296,0.00610442,0.268369,-0.00133138,136.059,-6.83619,63.7265,709.925,-31.9754,204.681,3.7368,4.82118,-0.885363,3.04898,-0.0331576,7.50626
0.963349,0.00601564,0.268182,-0.00128057,136.058,-6.83627,63.7534,710.265,-31.9925,204.84,3.7368,4.82118,-0.885363,3.04898,-0.0331576,7.50626
0.963389,0.00594513,0.268037,-0.00132499,136.056,-6.83618,63.7799,710.605,-32.0096,204.999,3.7368,4.82118,-0.885363,3.04898,-0.0331576,7.50626
0.96346,0.00587715,0.267783,-0.00135393,136.055,-6.83651,63.8068,710.945,-32.0267,205.159,3.7368,4.82118,-0.885363,3.04898,-0.0331576,7.50626
0.963517,0.00584074,0.267579,-0.0013484,136.054,-6.83665,63.8334,711.286,-32.0438,205.319,3.7368,4.82118,-0.885363,3.04898,-0.0331576,7.50626
0.963578,0.00577561,0.267362,-0.00127401,135.416,-6.91027,62.9627,710.403,-32.3352,202.815,3.73678,4.8929,-0.886894,2.99356,-0.0311118,7.52602
0.963626,0.00586176,0.267186,-0.00127881,135.415,-6.9103,62.9892,710.742,-32.3525,202.972,3.73678,4.8929,-0.886894,2.99356,-0.0311118,7.52602
0.963688,0.00584391,0.26696,-0.0017845,135.413,-6.91047,63.0158,711.081,-32.3698,203.13,3.73678,4.8929,-0.886894,2.99356,-0.0311118,7.52602
0.963742,0.00591226,0.266765,-0.00170393,135.413,-6.91057,63.0426,711.419,-32.387,203.288,3.73678,4.8929,-0.886894,2.99356,-0.0311118,7.52602
0.963784,0.00581391,0.266616,-0.00173453,135.411,-6.91048,63.0691,711.758,-32.4043,203.445,3.73678,4.8929,-0.886894,2.99356,-0.0311118,7.52602
0.963829,0.00576727,0.266452,-0.00191145,135.41,-6.91045,63.0951,712.096,-32.4216,203.603,3.73678,4.8929,-0.886894,2.99356,-0.0311118,7.52602
0.963894,0.00581652,0.266216,-0.00194286,135.409,-6.91069,63.1222,712.435,-32.4389,203.761,3.73678,4.8929,-0.886894,2.99356,-0.0311118,7.52602
0.963946,0.00588856,0.266027,-0.00201499,135.408,-6.91076,63.1484,712.773,-32.4562,203.919,3.73678,4.8929,-0.886894,2.99356,-0.0311118,7.52602
0.963989,0.00589352,0.265871,-0.00192759,135.407,-6.9107,63.1753,713.112,-32.4734,204.077,3.73678,4.8929,-0.886894,2.99356,-0.0311118,7.52602
0.964018,0.00587923,0.265763,-0.00195051,135.406,-6.91044,63.2018,713.45,-32.4907,204.235,3.73678,4.8929,-0.886894,2.99356,-0.0311118,7.52602
0.964076,0.00597045,0.265551,-0.00228252,135.405,-6.91059,63.2278,713.789,-32.508,204.393,3.73678,4.8929,-0.886894,2.99356,-0.0311118,7.52602
0.964103,0.00605173,0.265451,-0.00235138,135.404,-6.9103,63.254,714.127,-32.5253,204.551,3.73678,4.8929,-0.886894,2.99356,-0.0311118,7.52602
0.96412,0.00599652,0.265387,-0.00236338,135.403,-6.90986,63.2806,714.466,-32.5425,204.709,3.73678,4.8929,-0.886894,2.99356,-0.0311118,7.52602
0.964143,0.00601304,0.265305,-0.0023656,135.402,-6.90949,63.3071,714.804,-32.5598,204.867,3.73678,4.8929,-0.886894,2.99356,-0.0311118,7.52602
0.964198,0.00597389,0.265103,-0.00245006,135.401,-6.9096,63.3341,715.143,-32.5771,205.026,3.73678,4.8929,-0.886894,2.99356,-0.0311118,7.52602
0.964222,0.00591259,0.265019,-0.0024477,135.451,-6.90343,63.4319,715.578,-32.5725,205.395,3.73678,4.88718,-0.886772,2.99795,-0.031274,7.52439
0.964292,0.00585322,0.264768,-0.00235313,135.45,-6.90373,63.4589,715.917,-32.5897,205.554,3.73678,4.88718,-0.886772,2.99795,-0.031274,7.52439
0.964334,0.00584673,0.264612,-0.00248272,135.448,-6.90365,63.4849,716.255,-32.607,205.713,3.73678,4.88718,-0.886772,2.99795,-0.031274,7.52439
0.964385,0.00598002,0.264419,-0.00279817,135.448,-6.90371,63.5114,716.594,-32.6242,205.871,3.73678,4.88718,-0.886772,2.99795,-0.031274,7.52439
0.96446,0.00609859,0.264144,-0.00279492,135.447,-6.9041,63.5378,716.933,-32.6415,206.03,3.73678,4.88718,-0.886772,2.99795,-0.031274,7.52439
0.964553,0.00601781,0.263807,-0.0026618,135.446,-6.90475,63.5649,717.271,-32.6587,206.189,3.73678,4.88718,-0.886772,2.99795,-0.031274,7.52439
0.964592,0.00600119,0.263663,-0.00274661,135.445,-6.90461,63.5911,717.61,-32.676,206.348,3.73678,4.88718,-0.886772,2.99795,-0.031274,7.52439
0.96466,0.00598407,0.26342,-0.00231034,135.444,-6.90488,63.6177,717.949,-32.6933,206.507,3.73678,4.88718,-0.886772,2.99795,-0.031274,7.52439
0.964702,0.00597387,0.263269,-0.00206934,135.443,-6.90479,63.6451,718.287,-32.7105,206.666,3.73678,4.88718,-0.886772,2.99795,-0.031274,7.52439
0.964761,0.00603622,0.263049,-0.00210849,135.442,-6.90495,63.6714,718.626,-32.7278,206.825,3.73678,4.88718,-0.886772,2.99795,-0.031274,7.52439
0.964809,0.00593533,0.262877,-0.00198922,135.441,-6.90493,63.6985,718.964,-32.7451,206.985,3.73678,4.88718,-0.886772,2.99795,-0.031274,7.52439
0.964872,0.00605441,0.262642,-0.00211138,135.441,-6.90516,63.7249,719.303,-32.7623,207.144,3.73678,4.88718,-0.886772,2.99795,-0.031274,7.52439
0.96492,0.00606338,0.262465,-0.00217703,135.44,-6.90515,63.7512,719.642,-32.7796,207.303,3.73678,4.88718,-0.886772,2.99795,-0.031274,7.52439
0.96497,0.00599442,0.262283,-0.00219631,135.438,-6.90516,63.7777,719.98,-32.7968,207.463,3.73678,4.88718,-0.886772,2.99795,-0.031274,7.52439
0.965008,0.00597499,0.262144,-0.00212922,135.437,-6.905,63.8045,720.319,-32.8141,207.622,3.73678,4.88718,-0.886772,2.99795,-0.031274,7.52439
0.965052,0.00609506,0.261975,-0.00287405,135.338,-6.91617,63.6935,720.469,-32.8741,207.373,3.73677,4.89829,-0.887009,2.98944,-0.0309599,7.52769
0.965093,0.00605792,0.261822,-0.00282107,135.337,-6.91607,63.7202,720.807,-32.8914,207.532,3.73677,4.89829,-0.887009,2.98944,-0.0309599,7.52769
0.965148,0.00603689,0.261619,-0.00281852,135.336,-6.91615,63.7468,721.146,-32.9087,207.691,3.73677,4.89829,-0.887009,2.98944,-0.0309599,7.52769
0.965166,0.005975,0.261555,-0.00280174,135.334,-6.91569,63.7734,721.484,-32.926,207.851,3.73677,4.89829,-0.887009,2.98944,-0.0309599,7.52769
0.965224,0.00594314,0.261344,-0.00265665,135.333,-6.91581,63.8004,721.822,-32.9433,208.01,3.73677,4.89829,-0.887009,2.98944,-0.0309599,7.52769
0.965263,0.00581555,0.261202,-0.0025483,135.332,-6.91565,63.8275,722.16,-32.9606,208.17,3.73677,4.89829,-0.887009,2.98944,-0.0309599,7.52769
0.965344,0.00591544,0.260904,-0.00241995,135.332,-6.91612,63.8543,722.499,-32.9779,208.329,3.73677,4.89829,-0.887009,2.98944,-0.0309599,7.52769
0.965387,0.00587638,0.260743,-0.00246487,135.331,-6.91604,63.8807,722.837,-32.9952,208.489,3.73677,4.89829,-0.887009,2.98944,-0.0309599,7.52769
0.965465,0.00575746,0.260466,-0.00170697,135.33,-6.91649,63.9071,723.175,-33.0125,208.649,3.73677,4.89829,-0.887009,2.98944,-0.0309599,7.52769
0.965521,0.00569882,0.260257,-0.00166263,135.328,-6.9166,63.9338,723.514,-33.0298,208.809,3.73677,4.89829,-0.887009,2.98944,-0.0309599,7.52769
0.96555,0.00570592,0.260149,-0.00165581,135.327,-6.9163,63.9603,723.852,-33.047,208.969,3.73677,4.89829,-0.887009,2.98944,-0.0309599,7.52769
0.965613,0.00550697,0.259921,-0.0015055,135.326,-6.91648,63.9875,724.19,-33.0643,209.129,3.73677,4.89829,-0.887009,2.98944,-0.0309599,7.52769
0.965636,0.00584058,0.259811,-0.00414812,135.325,-6.91584,64.0136,724.529,-33.0816,209.289,3.73677,4.89829,-0.887009,2.98944,-0.0309599,7.52769
0.965679,0.00596507,0.259636,-0.00412079,135.325,-6.9158,64.0401,724.867,-33.0989,209.449,3.73677,4.89829,-0.887009,2.98944,-0.0309599,7.52769
0.96572,0.00599534,0.259483,-0.00411013,135.324,-6.91567,64.0666,725.205,-33.1162,209.609,3.73677,4.89829,-0.887009,2.98944,-0.0309599,7.52769
0.965823,0.00593044,0.259101,-0.00420427,134.938,-6.95997,63.559,724.81,-33.3004,208.184,3.73673,4.94143,-0.88793,2.9565,-0.0297445,7.54098
0.965883,0.00559458,0.258902,-0.00328705,134.936,-6.96012,63.585,725.148,-33.3178,208.343,3.73673,4.94143,-0.88793,2.9565,-0.0297445,7.54098
0.965911,0.00559006,0.258793,-0.00341747,134.935,-6.9598,63.611,725.485,-33.3352,208.502,3.73673,4.94143,-0.88793,2.9565,-0.0297445,7.54098
0.965972,0.00556899,0.258562,-0.00345502,134.934,-6.95998,63.6374,725.822,-33.3526,208.661,3.73673,4.94143,-0.88793,2.9565,-0.0297445,7.54098
0.966028,0.00562128,0.258354,-0.00352067,134.933,-6.96006,63.6635,726.16,-33.37,208.82,3.73673,4.94143,-0.88793,2.9565,-0.0297445,7.54098
0.966077,0.00553649,0.258173,-0.00347087,134.932,-6.96003,63.6903,726.497,-33.3874,208.979,3.73673,4.94143,-0.88793,2.9565,-0.0297445,7.54098
0.96612,0.00556064,0.258011,-0.00341414,134.931,-6.95993,63.7169,726.834,-33.4048,209.138,3.73673,4.94143,-0.88793,2.9565,-0.0297445,7.54098
0.966183,0.00564592,0.257771,-0.00343081,134.93,-6.96013,63.7432,727.172,-33.4222,209.298,3.73673,4.94143,-0.88793,2.9565,-0.0297445,7.54098
0.966233,0.00569018,0.257584,-0.00341378,134.93,-6.96012,63.7697,727.509,-33.4396,209.457,3.73673,4.94143,-0.88793,2.9565,-0.0297445,7.54098
0.96627,0.00564919,0.257441,-0.00385845,134.928,-6.95992,63.7962,727.846,-33.457,209.617,3.73673,4.94143,-0.88793,2.9565,-0.0297445,7.54098
0.966278,0.00563257,0.257409,-0.00386147,134.927,-6.9593,63.8226,728.184,-33.4744,209.776,3.73673,4.94143,-0.88793,2.9565,-0.0297445,7.54098
0.966384,0.00567531,0.257014,-0.00379769,134.927,-6.96011,63.8493,728.521,-33.4918,209.936,3.73673,4.94143,-0.88793,2.9565,-0.0297445,7.54098
0.966459,0.00580073,0.256726,-0.00385265,134.926,-6.9605,63.8754,728.859,-33.5092,210.096,3.73673,4.94143,-0.88793,2.9565,-0.0297445,7.54098
0.966565,0.00534373,0.25637,-0.00185542,134.925,-6.96116,63.9016,729.196,-33.5266,210.255,3.73673,4.94143,-0.88793,2.9565,-0.0297445,7.54098
0.966613,0.00535476,0.256177,-0.00179888,134.924,-6.96116,63.9282,729.533,-33.544,210.415,3.73673,4.94143,-0.88793,2.9565,-0.0297445,7.54098
0.966672,0.00536005,0.255956,-0.00166527,134.282,-7.03325,63.0697,728.65,-33.8393,207.944,3.7366,5.01324,-0.889481,2.90188,-0.0277294,7.56391
0.966742,0.00531079,0.255695,-0.00160944,134.281,-7.03353,63.0964,728.985,-33.8569,208.102,3.7366,5.01324,-0.889481,2.90188,-0.0277294,7.56391
0.966793,0.00551533,0.25549,-0.00255593,134.28,-7.03356,63.1228,729.321,-33.8745,208.26,3.7366,5.01324,-0.889481,2.90188,-0.0277294,7.56391
0.966818,0.00546373,0.255395,-0.00252469,134.279,-7.03317,63.1494,729.657,-33.8921,208.417,3.7366,5.01324,-0.889481,2.90188,-0.0277294,7.56391
0.966845,0.00554052,0.255291,-0.00248339,134.278,-7.03282,63.1759,729.992,-33.9097,208.575,3.7366,5.01324,-0.889481,2.90188,-0.0277294,7.56391
0.966874,0.00535868,0.255185,-0.00248329,134.277,-7.03247,63.2025,730.328,-33.9272,208.733,3.7366,5.01324,-0.889481,2.90188,-0.0277294,7.56391
0.966923,0.00538887,0.254992,-0.00316408,134.276,-7.03242,63.2284,730.664,-33.9448,208.891,3.7366,5.01324,-0.889481,2.90188,-0.0277294,7.56391
0.966968,0.00552793,0.25482,-0.00314056,134.275,-7.03233,63.2548,731,-33.9624,209.05,3.7366,5.01324,-0.889481,2.90188,-0.0277294,7.56391
0.967008,0.00551528,0.254666,-0.00314116,134.274,-7.03217,63.2813,731.335,-33.98,209.208,3.7366,5.01324,-0.889481,2.90188,-0.0277294,7.56391
0.967037,0.00549127,0.254557,-0.0031413,134.274,-7.03184,63.3077,731.671,-33.9976,209.366,3.7366,5.01324,-0.889481,2.90188,-0.0277294,7.56391
0.967077,0.00543645,0.254399,-0.00372271,134.272,-7.03166,63.3341,732.007,-34.0151,209.524,3.7366,5.01324,-0.889481,2.90188,-0.0277294,7.56391
0.967142,0.00540918,0.254156,-0.00361934,134.271,-7.03185,63.3609,732.342,-34.0327,209.683,3.7366,5.01324,-0.889481,2.90188,-0.0277294,7.56391
0.967217,0.00541267,0.253866,-0.00365069,134.27,-7.03221,63.3872,732.678,-34.0503,209.841,3.7366,5.01324,-0.889481,2.90188,-0.0277294,7.56391
0.967273,0.00545009,0.253653,-0.00370454,134.27,-7.03228,63.4134,733.014,-34.0679,210,3.7366,5.01324,-0.889481,2.90188,-0.0277294,7.56391
0.967349,0.00508276,0.253387,-0.0024532,134.268,-7.03267,63.4402,733.349,-34.0855,210.158,3.7366,5.01324,-0.889481,2.90188,-0.0277294,7.56391
0.967412,0.00492279,0.253148,-0.00245771,133.602,-7.10674,62.5543,732.422,-34.3905,207.605,3.73644,5.08742,-0.891095,2.84566,-0.0256561,7.58844
0.967485,0.00488394,0.252871,-0.00237524,133.601,-7.10706,62.581,732.756,-34.4083,207.761,3.73644,5.08742,-0.891095,2.84566,-0.0256561,7.58844
0.967522,0.00473839,0.252731,-0.00236406,133.6,-7.10683,62.6076,733.09,-34.426,207.918,3.73644,5.08742,-0.891095,2.84566,-0.0256561,7.58844
0.967574,0.00491929,0.25252,-0.00357788,133.599,-7.10664,62.6342,733.424,-34.4438,208.075,3.73644,5.08742,-0.891095,2.84566,-0.0256561,7.58844
0.967654,0.00519113,0.252202,-0.00358163,133.599,-7.10711,62.6603,733.758,-34.4616,208.231,3.73644,5.08742,-0.891095,2.84566,-0.0256561,7.58844
0.967691,0.00528487,0.252057,-0.00358889,133.599,-7.1069,62.6866,734.092,-34.4793,208.388,3.73644,5.08742,-0.891095,2.84566,-0.0256561,7.58844
0.967803,0.00535131,0.251626,-0.00353964,133.598,-7.10781,62.7132,734.426,-34.4971,208.545,3.73644,5.08742,-0.891095,2.84566,-0.0256561,7.58844
0.96783,0.00551629,0.251508,-0.00435132,133.597,-7.10752,62.7394,734.76,-34.5149,208.702,3.73644,5.08742,-0.891095,2.84566,-0.0256561,7.58844
0.967884,0.00548918,0.251299,-0.00447472,133.596,-7.10754,62.7654,735.094,-34.5326,208.858,3.73644,5.08742,-0.891095,2.84566,-0.0256561,7.58844
0.967979,0.00562169,0.250928,-0.00450788,133.596,-7.10822,62.7915,735.428,-34.5504,209.015,3.73644,5.08742,-0.891095,2.84566,-0.0256561,7.58844
0.968016,0.00556114,0.250785,-0.00448667,133.595,-7.10798,62.818,735.762,-34.5682,209.172,3.73644,5.08742,-0.891095,2.84566,-0.0256561,7.58844
0.968039,0.00545505,0.250692,-0.00502984,133.593,-7.10753,62.8446,736.096,-34.5859,209.33,3.73644,5.08742,-0.891095,2.84566,-0.0256561,7.58844
0.968109,0.00534803,0.250424,-0.00495108,133.592,-7.10779,62.8713,736.43,-34.6037,209.487,3.73644,5.08742,-0.891095,2.84566,-0.0256561,7.58844
0.968221,0.00534756,0.249991,-0.00482727,133.592,-7.10871,62.8982,736.764,-34.6215,209.644,3.73644,5.08742,-0.891095,2.84566,-0.0256561,7.58844
0.968254,0.00534225,0.249867,-0.00473182,133.591,-7.10839,62.9249,737.098,-34.6393,209.801,3.73644,5.08742,-0.891095,2.84566,-0.0256561,7.58844
0.968306,0.00532783,0.249677,-0.00420009,133.151,-7.15661,62.3525,736.598,-34.8452,208.176,3.73628,5.13628,-0.892191,2.80875,-0.0242947,7.60517
0.968373,0.00518166,0.249418,-0.00427675,133.15,-7.15682,62.3787,736.931,-34.8631,208.332,3.73628,5.13628,-0.892191,2.80875,-0.0242947,7.60517
0.968458,0.00516946,0.24909,-0.00415998,133.149,-7.15731,62.4056,737.264,-34.881,208.488,3.73628,5.13628,-0.892191,2.80875,-0.0242947,7.60517
0.9685,0.00519548,0.248927,-0.00411508,133.149,-7.15715,62.4321,737.597,-34.8989,208.644,3.73628,5.13628,-0.892191,2.80875,-0.0242947,7.60517
0.968567,0.00512771,0.248679,-0.00339924,133.148,-7.15737,62.4578,737.929,-34.9168,208.8,3.73628,5.13628,-0.892191,2.80875,-0.0242947,7.60517
0.968609,0.0050391,0.248517,-0.00336236,133.147,-7.15719,62.4844,738.262,-34.9347,208.956,3.73628,5.13628,-0.892191,2.80875,-0.0242947,7.60517
0.968657,0.00505513,0.248328,-0.00339369,133.146,-7.15713,62.5107,738.595,-34.9526,209.113,3.73628,5.13628,-0.892191,2.80875,-0.0242947,7.60517
0.968707,0.00494695,0.248135,-0.00322672,133.145,-7.15707,62.5378,738.928,-34.9704,209.269,3.73628,5.13628,-0.892191,2.80875,-0.0242947,7.60517
0.968747,0.0050584,0.247966,-0.00422945,133.144,-7.15676,62.5647,739.261,-34.9883,209.425,3.73628,5.13628,-0.892191,2.80875,-0.0242947,7.60517
0.968801,0.00499392,0.247754,-0.00419134,133.143,-7.15677,62.5913,739.594,-35.0062,209.582,3.73628,5.13628,-0.892191,2.80875,-0.0242947,7.60517
0.968831,0.00508641,0.247635,-0.00420449,133.143,-7.15642,62.6175,739.927,-35.0241,209.738,3.73628,5.13628,-0.892191,2.80875,-0.0242947,7.60517
0.968896,0.00510047,0.24738,-0.00419309,133.142,-7.15661,62.6439,740.26,-35.042,209.895,3.73628,5.13628,-0.892191,2.80875,-0.0242947,7.60517
0.968941,0.00504012,0.247204,-0.00421925,133.141,-7.15645,62.6712,740.592,-35.0599,210.052,3.73628,5.13628,-0.892191,2.80875,-0.0242947,7.60517
0.969026,0.00515839,0.24687,-0.00413785,133.141,-7.15695,62.6978,740.925,-35.0778,210.208,3.73628,5.13628,-0.892191,2.80875,-0.0242947,7.60517
0.969054,0.00502238,0.246764,-0.00409902,133.14,-7.15654,62.7244,741.258,-35.0957,210.365,3.73628,5.13628,-0.892191,2.80875,-0.0242947,7.60517
0.969132,0.00490274,0.246462,-0.00405294,132.461,-7.23033,61.8317,740.304,-35.4004,207.784,3.73594,5.2114,-0.893937,2.75217,-0.0222069,7.6318
0.969199,0.00479732,0.246213,-0.003297,132.46,-7.23058,61.8575,740.636,-35.4185,207.939,3.73594,5.2114,-0.893937,2.75217,-0.0222069,7.6318
0.969237,0.0047607,0.246061,-0.00321035,132.459,-7.23035,61.8843,740.967,-35.4366,208.093,3.73594,5.2114,-0.893937,2.75217,-0.0222069,7.6318
0.969261,0.00476432,0.245967,-0.00322227,132.458,-7.22988,61.9106,741.298,-35.4547,208.248,3.73594,5.2114,-0.893937,2.75217,-0.0222069,7.6318
0.969335,0.00482065,0.245676,-0.00321365,132.458,-7.2302,61.9369,741.629,-35.4727,208.403,3.73594,5.2114,-0.893937,2.75217,-0.0222069,7.6318
0.969398,0.00480954,0.245427,-0.00311749,132.457,-7.23036,61.9631,741.96,-35.4908,208.558,3.73594,5.2114,-0.893937,2.75217,-0.0222069,7.6318
0.969433,0.00483909,0.245288,-0.00322814,132.456,-7.23007,61.989,742.291,-35.5089,208.713,3.73594,5.2114,-0.893937,2.75217,-0.0222069,7.6318
0.969459,0.00480703,0.245186,-0.00316765,132.456,-7.22963,62.0156,742.622,-35.527,208.868,3.73594,5.2114,-0.893937,2.75217,-0.0222069,7.6318
0.96952,0.00496928,0.244942,-0.00322553,132.455,-7.22975,62.0416,742.953,-35.545,209.023,3.73594,5.2114,-0.893937,2.75217,-0.0222069,7.6318
0.969577,0.00500023,0.244714,-0.00329352,132.455,-7.22982,62.0683,743.285,-35.5631,209.178,3.73594,5.2114,-0.893937,2.75217,-0.0222069,7.6318
0.969546,0.00511371,0.244833,-0.00320377,132.454,-7.2285,62.0949,743.616,-35.5812,209.333,3.73594,5.2114,-0.893937,2.75217,-0.0222069,7.6318
0.969616,0.00494429,0.244563,-0.003139,132.453,-7.22872,62.1216,743.947,-35.5992,209.489,3.73594,5.2114,-0.893937,2.75217,-0.0222069,7.6318
0.969677,0.00488343,0.24432,-0.003133,132.452,-7.22883,62.1481,744.278,-35.6173,209.644,3.73594,5.2114,-0.893937,2.75217,-0.0222069,7.6318
0.969769,0.00466351,0.243977,-0.00187355,132.451,-7.22943,62.1745,744.609,-35.6354,209.799,3.73594,5.2114,-0.893937,2.75217,-0.0222069,7.6318
0.969816,0.00453036,0.243785,-0.0020605,132.45,-7.22933,62.2002,744.94,-35.6535,209.955,3.73594,5.2114,-0.893937,2.75217,-0.0222069,7.6318
0.969875,0.00454921,0.243553,-0.00203463,132.176,-7.25887,61.8577,744.751,-35.7879,209.01,3.7358,5.2416,-0.894631,2.72948,-0.0213725,7.64289
0.969952,0.00450137,0.243245,-0.00203851,132.175,-7.25923,61.8841,745.082,-35.806,209.165,3.7358,5.2416,-0.894631,2.72948,-0.0213725,7.64289
0.970026,0.00451833,0.24295,-0.00225018,132.174,-7.25953,61.91,745.412,-35.8242,209.32,3.7358,5.2416,-0.894631,2.72948,-0.0213725,7.64289
0.970115,0.0044435,0.242592,-0.00239318,132.173,-7.26009,61.9359,745.743,-35.8423,209.474,3.7358,5.2416,-0.894631,2.72948,-0.0213725,7.64289
0.970164,0.00429147,0.242399,-0.00234106,132.172,-7.25999,61.9626,746.073,-35.8605,209.629,3.7358,5.2416,-0.894631,2.72948,-0.0213725,7.64289
0.970153,0.0043057,0.242444,-0.00230501,132.171,-7.25895,61.989,746.404,-35.8786,209.784,3.7358,5.2416,-0.894631,2.72948,-0.0213725,7.64289
0.970214,0.0044233,0.242192,-0.00306012,132.17,-7.25901,62.0148,746.734,-35.8968,209.939,3.7358,5.2416,-0.894631,2.72948,-0.0213725,7.64289
0.970244,0.00453988,0.242066,-0.00305039,132.17,-7.25864,62.041,747.065,-35.9149,210.094,3.7358,5.2416,-0.894631,2.72948,-0.0213725,7.64289
0.970286,0.00437869,0.241902,-0.00298167,132.169,-7.25842,62.0678,747.395,-35.9331,210.25,3.7358,5.2416,-0.894631,2.72948,-0.0213725,7.64289
0.970339,0.0045393,0.241685,-0.00308329,132.169,-7.25841,62.0936,747.725,-35.9512,210.405,3.7358,5.2416,-0.894631,2.72948,-0.0213725,7.64289
0.970401,0.00446635,0.241437,-0.00319215,132.167,-7.25852,62.1199,748.056,-35.9693,210.56,3.7358,5.2416,-0.894631,2.72948,-0.0213725,7.64289
0.970409,0.0045298,0.2414,-0.00331527,132.167,-7.25778,62.1457,748.386,-35.9875,210.715,3.7358,5.2416,-0.894631,2.72948,-0.0213725,7.64289
0.970469,0.00447676,0.24116,-0.00345952,132.166,-7.25785,62.1715,748.717,-36.0056,210.871,3.7358,5.2416,-0.894631,2.72948,-0.0213725,7.64289
0.970534,0.00447775,0.240895,-0.00351462,132.165,-7.25802,62.1977,749.047,-36.0238,211.026,3.7358,5.2416,-0.894631,2.72948,-0.0213725,7.64289
0.970571,0.00466899,0.240731,-0.00436249,132.165,-7.25781,62.2236,749.378,-36.0419,211.182,3.7358,5.2416,-0.894631,2.72948,-0.0213725,7.64289
0.970634,0.00472659,0.240476,-0.00443238,131.348,-7.34562,61.1533,748.154,-36.4107,208.064,3.73544,5.33149,-0.89665,2.66214,-0.0189069,7.67702
0.97071,0.00471563,0.240167,-0.0044669,131.348,-7.34595,61.1795,748.482,-36.429,208.217,3.73544,5.33149,-0.89665,2.66214,-0.0189069,7.67702
0.970771,0.0046695,0.239919,-0.00446753,131.347,-7.34605,61.2059,748.81,-36.4474,208.37,3.73544,5.33149,-0.89665,2.66214,-0.0189069,7.67702
0.970807,0.00488972,0.239762,-0.00493158,131.347,-7.34581,61.2317,749.139,-36.4658,208.523,3.73544,5.33149,-0.89665,2.66214,-0.0189069,7.67702
0.970846,0.00498575,0.239603,-0.00487301,131.346,-7.34555,61.2582,749.467,-36.4841,208.677,3.73544,5.33149,-0.89665,2.66214,-0.0189069,7.67702
0.97093,0.00500075,0.239265,-0.00482467,131.346,-7.34599,61.2846,749.796,-36.5025,208.83,3.73544,5.33149,-0.89665,2.66214,-0.0189069,7.67702
0.971006,0.00506719,0.238955,-0.00467955,131.345,-7.34633,61.3114,750.124,-36.5208,208.983,3.73544,5.33149,-0.89665,2.66214,-0.0189069,7.67702
0.971044,0.00504436,0.238798,-0.00489547,131.344,-7.34606,61.3375,750.452,-36.5392,209.136,3.73544,5.33149,-0.89665,2.66214,-0.0189069,7.67702
0.971105,0.0051482,0.238547,-0.00496897,131.344,-7.34615,61.3634,750.781,-36.5576,209.29,3.73544,5.33149,-0.89665,2.66214,-0.0189069,7.67702
0.971166,0.00525141,0.238298,-0.00484729,131.344,-7.34625,61.3901,751.109,-36.5759,209.443,3.73544,5.33149,-0.89665,2.66214,-0.0189069,7.67702
0.97122,0.00545153,0.238077,-0.00468135,131.344,-7.34623,61.4168,751.437,-36.5943,209.597,3.73544,5.33149,-0.89665,2.66214,-0.0189069,7.67702
0.971311,0.00507347,0.237739,-0.00335103,131.343,-7.3465,61.4428,751.766,-36.6127,209.75,3.73544,5.33149,-0.89665,2.66214,-0.0189069,7.67702
0.971358,0.00496229,0.237544,-0.00336099,131.342,-7.34637,61.4692,752.094,-36.631,209.904,3.73544,5.33149,-0.89665,2.66214,-0.0189069,7.67702
0.971408,0.00501149,0.237338,-0.00342945,131.341,-7.34627,61.4952,752.422,-36.6494,210.058,3.73544,5.33149,-0.89665,2.66214,-0.0189069,7.67702
0.971482,0.00497799,0.237037,-0.00340476,131.341,-7.34656,61.5216,752.751,-36.6678,210.212,3.73544,5.33149,-0.89665,2.66214,-0.0189069,7.67702
0.971517,0.00503199,0.236876,-0.00433462,131.716,-7.30597,62.0509,753.8,-36.523,211.874,3.73559,5.29014,-0.895739,2.69308,-0.0200345,7.66075
0.971596,0.00519785,0.236551,-0.00430481,131.716,-7.30635,62.0772,754.129,-36.5413,212.029,3.73559,5.29014,-0.895739,2.69308,-0.0200345,7.66075
0.971639,0.00501986,0.236374,-0.00436797,131.715,-7.30613,62.1034,754.458,-36.5595,212.184,3.73559,5.29014,-0.895739,2.69308,-0.0200345,7.66075
0.971694,0.00521364,0.236143,-0.00440785,131.715,-7.30613,62.1294,754.788,-36.5778,212.339,3.73559,5.29014,-0.895739,2.69308,-0.0200345,7.66075
0.971765,0.00498753,0.235873,-0.0036316,131.714,-7.30626,62.1558,755.117,-36.5961,212.495,3.73559,5.29014,-0.895739,2.69308,-0.0200345,7.66075
0.971824,0.00496189,0.235625,-0.00374321,131.713,-7.30632,62.1817,755.446,-36.6143,212.65,3.73559,5.29014,-0.895739,2.69308,-0.0200345,7.66075
0.971873,0.00487325,0.235427,-0.00368558,131.712,-7.30618,62.2082,755.776,-36.6326,212.806,3.73559,5.29014,-0.895739,2.69308,-0.0200345,7.66075
0.971896,0.0048039,0.235335,-0.00366722,131.711,-7.30563,62.2347,756.105,-36.6509,212.961,3.73559,5.29014,-0.895739,2.69308,-0.0200345,7.66075
0.971968,0.0048827,0.235043,-0.00318896,131.711,-7.30587,62.2612,756.434,-36.6691,213.117,3.73559,5.29014,-0.895739,2.69308,-0.0200345,7.66075
0.972011,0.00487791,0.234861,-0.00330013,131.711,-7.30566,62.2871,756.763,-36.6874,213.273,3.73559,5.29014,-0.895739,2.69308,-0.0200345,7.66075
0.972031,0.00488508,0.23478,-0.00330025,131.71,-7.30506,62.3133,757.093,-36.7056,213.428,3.73559,5.29014,-0.895739,2.69308,-0.0200345,7.66075
0.972069,0.00490531,0.23462,-0.0032446,131.71,-7.30476,62.3398,757.422,-36.7239,213.584,3.73559,5.29014,-0.895739,2.69308,-0.0200345,7.66075
0.972119,0.00499916,0.234406,-0.00374969,131.709,-7.30467,62.3663,757.751,-36.7422,213.74,3.73559,5.29014,-0.895739,2.69308,-0.0200345,7.66075
0.972197,0.00502106,0.234084,-0.00365757,131.709,-7.30502,62.3929,758.081,-36.7604,213.896,3.73559,5.29014,-0.895739,2.69308,-0.0200345,7.66075
0.972253,0.00506152,0.233851,-0.00356956,131.708,-7.30501,62.4195,758.41,-36.7787,214.052,3.73559,5.29014,-0.895739,2.69308,-0.0200345,7.66075
0.972287,0.00491719,0.233712,-0.0035208,131.256,-7.35255,61.8469,757.875,-36.993,212.411,3.73543,5.33932,-0.896805,2.65632,-0.0186999,7.68081
0.972324,0.00507353,0.233539,-0.00453261,131.256,-7.35224,61.8727,758.203,-37.0114,212.566,3.73543,5.33932,-0.896805,2.65632,-0.0186999,7.68081
0.972382,0.00518624,0.233289,-0.00475936,131.255,-7.35229,61.898,758.531,-37.0297,212.72,3.73543,5.33932,-0.896805,2.65632,-0.0186999,7.68081
0.972415,0.00505382,0.233154,-0.00471276,131.254,-7.35187,61.9245,758.859,-37.0481,212.875,3.73543,5.33932,-0.896805,2.65632,-0.0186999,7.68081
0.972466,0.00502904,0.23294,-0.00479328,131.253,-7.35178,61.9505,759.187,-37.0665,213.03,3.73543,5.33932,-0.896805,2.65632,-0.0186999,7.68081
0.972538,0.0048896,0.232663,-0.00382576,131.253,-7.35195,61.9768,759.515,-37.0849,213.185,3.73543,5.33932,-0.896805,2.65632,-0.0186999,7.68081
0.972583,0.00504851,0.232472,-0.00374251,131.253,-7.35176,62.0033,759.843,-37.1033,213.34,3.73543,5.33932,-0.896805,2.65632,-0.0186999,7.68081
0.972638,0.0051414,0.232238,-0.00378101,131.253,-7.35174,62.0293,760.171,-37.1216,213.495,3.73543,5.33932,-0.896805,2.65632,-0.0186999,7.68081
0.972719,0.00519614,0.231899,-0.00380751,131.252,-7.35213,62.0554,760.5,-37.14,213.65,3.73543,5.33932,-0.896805,2.65632,-0.0186999,7.68081
0.972761,0.00530635,0.231711,-0.00426082,131.252,-7.35195,62.0814,760.828,-37.1584,213.805,3.73543,5.33932,-0.896805,2.65632,-0.0186999,7.68081
0.972818,0.00530136,0.231469,-0.004362,131.251,-7.35195,62.1073,761.156,-37.1768,213.961,3.73543,5.33932,-0.896805,2.65632,-0.0186999,7.68081
0.972886,0.00524544,0.231189,-0.00425743,131.25,-7.3521,62.134,761.484,-37.1952,214.116,3.73543,5.33932,-0.896805,2.65632,-0.0186999,7.68081
0.972918,0.00532191,0.231053,-0.00419974,131.25,-7.35169,62.1604,761.812,-37.2135,214.271,3.73543,5.33932,-0.896805,2.65632,-0.0186999,7.68081
0.972977,0.0053031,0.230807,-0.0039435,131.249,-7.35169,62.1867,762.14,-37.2319,214.427,3.73543,5.33932,-0.896805,2.65632,-0.0186999,7.68081
0.97303,0.00543006,0.230583,-0.00388583,131.249,-7.35161,62.213,762.468,-37.2503,214.582,3.73543,5.33932,-0.896805,2.65632,-0.0186999,7.68081
0.973129,0.00541942,0.230165,-0.00391357,130.813,-7.39863,61.6631,761.957,-37.4618,213.005,3.73535,5.38662,-0.89777,2.62099,-0.0174257,7.70081
0.9732,0.00542826,0.229863,-0.0039217,130.812,-7.39886,61.6894,762.284,-37.4803,213.159,3.73535,5.38662,-0.89777,2.62099,-0.0174257,7.70081
0.973276,0.00506246,0.229562,-0.00307454,130.811,-7.39908,61.7156,762.611,-37.4988,213.313,3.73535,5.38662,-0.89777,2.62099,-0.0174257,7.70081
0.973326,0.00505399,0.229352,-0.00302445,130.811,-7.39894,61.742,762.938,-37.5173,213.468,3.73535,5.38662,-0.89777,2.62099,-0.0174257,7.70081
0.973364,0.00513138,0.229187,-0.00308161,130.81,-7.39862,61.768,763.265,-37.5358,213.622,3.73535,5.38662,-0.89777,2.62099,-0.0174257,7.70081
0.97342,0.00523806,0.228946,-0.00319426,130.81,-7.3986,61.7937,763.592,-37.5543,213.777,3.73535,5.38662,-0.89777,2.62099,-0.0174257,7.70081
0.973502,0.00496586,0.228614,-0.00256617,130.809,-7.39891,61.8197,763.919,-37.5728,213.931,3.73535,5.38662,-0.89777,2.62099,-0.0174257,7.70081
0.973565,0.00509172,0.228342,-0.00250911,130.809,-7.39901,61.8461,764.246,-37.5913,214.086,3.73535,5.38662,-0.89777,2.62099,-0.0174257,7.70081
0.973596,0.00505572,0.228209,-0.0024712,130.808,-7.39856,61.8725,764.573,-37.6098,214.24,3.73535,5.38662,-0.89777,2.62099,-0.0174257,7.70081
0.97364,0.00498898,0.228024,-0.00240404,130.808,-7.39831,61.8991,764.9,-37.6283,214.395,3.73535,5.38662,-0.89777,2.62099,-0.0174257,7.70081
0.973726,0.00473247,0.227666,-0.0017941,130.807,-7.39878,61.9256,765.227,-37.6468,214.55,3.73535,5.38662,-0.89777,2.62099,-0.0174257,7.70081
0.973796,0.00468871,0.227371,-0.0017189,130.806,-7.39896,61.9521,765.554,-37.6653,214.705,3.73535,5.38662,-0.89777,2.62099,-0.0174257,7.70081
0.973834,0.00471877,0.227205,-0.00170103,130.805,-7.39863,61.9784,765.881,-37.6838,214.86,3.73535,5.38662,-0.89777,2.62099,-0.0174257,7.70081
0.973899,0.00484143,0.226923,-0.00171883,130.805,-7.39876,62.0045,766.208,-37.7023,215.015,3.73535,5.38662,-0.89777,2.62099,-0.0174257,7.70081
0.973953,0.00507642,0.226679,-0.00295313,130.805,-7.39872,62.0304,766.535,-37.7208,215.17,3.73535,5.38662,-0.89777,2.62099,-0.0174257,7.70081
0.974023,0.00511346,0.226372,-0.00305162,130.299,-7.45225,61.3918,765.884,-37.9635,213.321,3.73527,5.44113,-0.898874,2.58028,-0.0159613,7.72471
0.9741,0.00527997,0.226033,-0.00329221,130.299,-7.45259,61.4169,766.21,-37.9821,213.474,3.73527,5.44113,-0.898874,2.58028,-0.0159613,7.72471
0.974176,0.00528944,0.225704,-0.00313904,130.299,-7.45289,61.4437,766.536,-38.0008,213.628,3.73527,5.44113,-0.898874,2.58028,-0.0159613,7.72471
0.974225,0.00545592,0.225482,-0.00368699,130.298,-7.45281,61.4698,766.862,-38.0194,213.782,3.73527,5.44113,-0.898874,2.58028,-0.0159613,7.72471
0.974319,0.005437,0.225077,-0.00374245,130.297,-7.45341,61.4958,767.187,-38.038,213.935,3.73527,5.44113,-0.898874,2.58028,-0.0159613,7.72471
0.9744,0.00551172,0.224721,-0.00382967,130.297,-7.45381,61.5217,767.513,-38.0567,214.089,3.73527,5.44113,-0.898874,2.58028,-0.0159613,7.72471
0.974453,0.00556798,0.22449,-0.00377598,130.297,-7.45372,61.5481,767.839,-38.0753,214.243,3.73527,5.44113,-0.898874,2.58028,-0.0159613,7.72471
0.974522,0.00561917,0.224197,-0.00336072,130.297,-7.45385,61.5748,768.165,-38.0939,214.397,3.73527,5.44113,-0.898874,2.58028,-0.0159613,7.72471
0.974564,0.00560466,0.224013,-0.00337033,130.296,-7.45357,61.6011,768.49,-38.1126,214.551,3.73527,5.44113,-0.898874,2.58028,-0.0159613,7.72471
0.974651,0.00563185,0.223634,-0.0033467,130.296,-7.45405,61.6274,768.816,-38.1312,214.705,3.73527,5.44113,-0.898874,2.58028,-0.0159613,7.72471
0.974739,0.00561138,0.223252,-0.00332026,130.295,-7.45455,61.6537,769.142,-38.1499,214.859,3.73527,5.44113,-0.898874,2.58028,-0.0159613,7.72471
0.974791,0.00556094,0.22302,-0.00361482,130.294,-7.45443,61.6805,769.468,-38.1685,215.013,3.73527,5.44113,-0.898874,2.58028,-0.0159613,7.72471
0.974843,0.00551503,0.222795,-0.00357816,130.293,-7.45431,61.707,769.793,-38.1871,215.168,3.73527,5.44113,-0.898874,2.58028,-0.0159613,7.72471
0.974901,0.00543658,0.222542,-0.00366495,130.292,-7.45428,61.7329,770.119,-38.2058,215.322,3.73527,5.44113,-0.898874,2.58028,-0.0159613,7.72471
0.974942,0.00549215,0.222361,-0.00368133,130.292,-7.45398,61.759,770.445,-38.2244,215.476,3.73527,5.44113,-0.898874,2.58028,-0.0159613,7.72471
0.974962,0.00577143,0.222236,-0.00538317,129.827,-7.50161,61.1775,769.867,-38.4459,213.793,3.73512,5.4909,-0.899932,2.5431,-0.014622,7.74733
0.975004,0.00591039,0.222046,-0.00531822,129.827,-7.50134,61.2038,770.192,-38.4646,213.946,3.73512,5.4909,-0.899932,2.5431,-0.014622,7.74733
0.97511,0.00602492,0.221574,-0.00530683,129.827,-7.50218,61.23,770.516,-38.4834,214.099,3.73512,5.4909,-0.899932,2.5431,-0.014622,7.74733
0.975169,0.00601309,0.221314,-0.00536908,129.827,-7.50217,61.256,770.841,-38.5021,214.253,3.73512,5.4909,-0.899932,2.5431,-0.014622,7.74733
0.97526,0.0053448,0.220982,-0.00334641,129.826,-7.50249,61.2825,771.165,-38.5209,214.406,3.73512,5.4909,-0.899932,2.5431,-0.014622,7.74733
0.975307,0.00536363,0.220765,-0.00328407,129.825,-7.50231,61.309,771.49,-38.5396,214.559,3.73512,5.4909,-0.899932,2.5431,-0.014622,7.74733
0.975368,0.00528031,0.220498,-0.003223,129.824,-7.50233,61.3355,771.815,-38.5584,214.712,3.73512,5.4909,-0.899932,2.5431,-0.014622,7.74733
0.975401,0.00522795,0.220353,-0.0031357,129.824,-7.50186,61.3621,772.139,-38.5771,214.866,3.73512,5.4909,-0.899932,2.5431,-0.014622,7.74733
0.97546,0.005302,0.220084,-0.00347293,129.823,-7.50185,61.3885,772.464,-38.5959,215.019,3.73512,5.4909,-0.899932,2.5431,-0.014622,7.74733
0.975556,0.00525438,0.219662,-0.00342749,129.823,-7.50247,61.4149,772.788,-38.6147,215.173,3.73512,5.4909,-0.899932,2.5431,-0.014622,7.74733
0.975639,0.00528434,0.219293,-0.00331794,129.822,-7.50288,61.4415,773.113,-38.6334,215.326,3.73512,5.4909,-0.899932,2.5431,-0.014622,7.74733
0.9757,0.00533736,0.21902,-0.00328204,129.822,-7.50291,61.4678,773.437,-38.6522,215.48,3.73512,5.4909,-0.899932,2.5431,-0.014622,7.74733
0.975772,0.00517456,0.218709,-0.00296711,129.821,-7.50311,61.4935,773.762,-38.6709,215.634,3.73512,5.4909,-0.899932,2.5431,-0.014622,7.74733
0.975826,0.00512011,0.218469,-0.00304192,129.821,-7.50301,61.5195,774.086,-38.6897,215.788,3.73512,5.4909,-0.899932,2.5431,-0.014622,7.74733
0.975862,0.00504806,0.218311,-0.00296749,129.82,-7.50258,61.5461,774.411,-38.7084,215.941,3.73512,5.4909,-0.899932,2.5431,-0.014622,7.74733
0.975961,0.00509624,0.217863,-0.00302876,129.745,-7.51093,61.4753,774.59,-38.7593,215.802,3.73509,5.49882,-0.900105,2.53719,-0.0144088,7.75106
0.976013,0.00532903,0.217615,-0.00382152,129.745,-7.51082,61.5007,774.914,-38.7781,215.956,3.73509,5.49882,-0.900105,2.53719,-0.0144088,7.75106
0.976071,0.00542086,0.21735,-0.00375224,129.745,-7.51081,61.5271,775.239,-38.7969,216.11,3.73509,5.49882,-0.900105,2.53719,-0.0144088,7.75106
0.976116,0.00526772,0.217154,-0.00375648,129.744,-7.51052,61.5534,775.563,-38.8157,216.263,3.73509,5.49882,-0.900105,2.53719,-0.0144088,7.75106
0.976213,0.00531246,0.216715,-0.00372313,129.743,-7.51118,61.5797,775.888,-38.8345,216.417,3.73509,5.49882,-0.900105,2.53719,-0.0144088,7.75106
0.976269,0.00515925,0.216464,-0.00383768,129.742,-7.51108,61.6063,776.212,-38.8532,216.571,3.73509,5.49882,-0.900105,2.53719,-0.0144088,7.75106
0.976314,0.00515634,0.216262,-0.0038732,129.741,-7.51081,61.6324,776.536,-38.872,216.726,3.73509,5.49882,-0.900105,2.53719,-0.0144088,7.75106
0.976372,0.00514694,0.216003,-0.00375165,129.741,-7.51076,61.659,776.861,-38.8908,216.88,3.73509,5.49882,-0.900105,2.53719,-0.0144088,7.75106
0.976445,0.00508048,0.21567,-0.00386444,129.74,-7.51099,61.6849,777.185,-38.9096,217.034,3.73509,5.49882,-0.900105,2.53719,-0.0144088,7.75106
0.976491,0.00539719,0.215445,-0.00452431,129.74,-7.51077,61.711,777.509,-38.9283,217.188,3.73509,5.49882,-0.900105,2.53719,-0.0144088,7.75106
0.976547,0.00550268,0.215187,-0.00460873,129.74,-7.51071,61.7368,777.834,-38.9471,217.342,3.73509,5.49882,-0.900105,2.53719,-0.0144088,7.75106
0.976596,0.00550667,0.214965,-0.0044406,129.74,-7.51051,61.7636,778.158,-38.9659,217.497,3.73509,5.49882,-0.900105,2.53719,-0.0144088,7.75106
0.976662,0.00556375,0.214666,-0.00445571,129.74,-7.51061,61.7897,778.482,-38.9847,217.651,3.73509,5.49882,-0.900105,2.53719,-0.0144088,7.75106
0.976734,0.00535156,0.214358,-0.00378506,129.739,-7.5107,61.8154,778.807,-39.0034,217.806,3.73509,5.49882,-0.900105,2.53719,-0.0144088,7.75106
0.976807,0.00526913,0.214022,-0.00386263,129.738,-7.51094,61.8413,779.131,-39.0222,217.961,3.73509,5.49882,-0.900105,2.53719,-0.0144088,7.75106
0.976867,0.00520684,0.213748,-0.00393493,128.765,-7.6097,60.608,777.542,-39.4573,214.285,3.73457,5.60184,-0.902427,2.46033,-0.0116349,7.80121
0.976913,0.00519035,0.21354,-0.00388911,128.764,-7.60943,60.6344,777.864,-39.4763,214.436,3.73457,5.60184,-0.902427,2.46033,-0.0116349,7.80121
0.976977,0.00518579,0.213249,-0.00367809,128.764,-7.60949,60.6607,778.186,-39.4953,214.588,3.73457,5.60184,-0.902427,2.46033,-0.0116349,7.80121
0.97704,0.00508488,0.212958,-0.0038556,128.763,-7.60953,60.6863,778.508,-39.5144,214.74,3.73457,5.60184,-0.902427,2.46033,-0.0116349,7.80121
0.977138,0.00509585,0.212511,-0.00392608,128.762,-7.61019,60.7122,778.83,-39.5334,214.892,3.73457,5.60184,-0.902427,2.46033,-0.0116349,7.80121
0.977169,0.00523192,0.212366,-0.00382093,128.763,-7.60967,60.7387,779.151,-39.5524,215.043,3.73457,5.60184,-0.902427,2.46033,-0.0116349,7.80121
0.977247,0.00489977,0.212029,-0.00301522,128.762,-7.60992,60.765,779.473,-39.5714,215.195,3.73457,5.60184,-0.902427,2.46033,-0.0116349,7.80121
0.97731,0.00491631,0.211737,-0.0029531,128.761,-7.60997,60.7914,779.795,-39.5905,215.347,3.73457,5.60184,-0.902427,2.46033,-0.0116349,7.80121
0.977353,0.00492339,0.211539,-0.00292321,128.761,-7.60964,60.8177,780.117,-39.6095,215.499,3.73457,5.60184,-0.902427,2.46033,-0.0116349,7.80121
0.977423,0.00495307,0.211215,-0.00289193,128.761,-7.60981,60.844,780.439,-39.6285,215.651,3.73457,5.60184,-0.902427,2.46033,-0.0116349,7.80121
0.977452,0.0055178,0.211045,-0.00463567,128.761,-7.60938,60.8702,780.761,-39.6475,215.804,3.73457,5.60184,-0.902427,2.46033,-0.0116349,7.80121
0.977479,0.0053781,0.210913,-0.00465458,128.76,-7.60878,60.8965,781.083,-39.6666,215.956,3.73457,5.60184,-0.902427,2.46033,-0.0116349,7.80121
0.977592,0.00547809,0.210389,-0.00446591,128.76,-7.60973,60.9233,781.405,-39.6856,216.108,3.73457,5.60184,-0.902427,2.46033,-0.0116349,7.80121
0.977667,0.00537382,0.210045,-0.00447503,128.759,-7.60996,60.9495,781.727,-39.7046,216.261,3.73457,5.60184,-0.902427,2.46033,-0.0116349,7.80121
0.977751,0.00499479,0.209692,-0.00308347,128.759,-7.61032,60.976,782.049,-39.7236,216.413,3.73457,5.60184,-0.902427,2.46033,-0.0116349,7.80121
0.977813,0.00482779,0.209402,-0.00304017,128.428,-7.64345,60.5784,781.719,-39.8828,215.272,3.73438,5.63649,-0.903217,2.43449,-0.0107027,7.81867
0.977907,0.00480664,0.208962,-0.00300979,128.427,-7.64405,60.6047,782.04,-39.9019,215.423,3.73438,5.63649,-0.903217,2.43449,-0.0107027,7.81867
0.977958,0.00472249,0.208727,-0.0030137,128.427,-7.64384,60.631,782.361,-39.9211,215.575,3.73438,5.63649,-0.903217,2.43449,-0.0107027,7.81867
0.97801,0.00516545,0.208456,-0.00418634,128.426,-7.64362,60.6571,782.682,-39.9402,215.727,3.73438,5.63649,-0.903217,2.43449,-0.0107027,7.81867
0.978076,0.00519664,0.208144,-0.00413439,128.426,-7.64371,60.6835,783.003,-39.9593,215.878,3.73438,5.63649,-0.903217,2.43449,-0.0107027,7.81867
0.97814,0.00511875,0.207841,-0.00412981,128.425,-7.64377,60.7097,783.324,-39.9784,216.03,3.73438,5.63649,-0.903217,2.43449,-0.0107027,7.81867
0.97821,0.00507211,0.207515,-0.0041701,128.425,-7.64391,60.7358,783.645,-39.9975,216.182,3.73438,5.63649,-0.903217,2.43449,-0.0107027,7.81867
0.978246,0.0054933,0.207313,-0.00527665,128.425,-7.64345,60.7622,783.966,-40.0166,216.334,3.73438,5.63649,-0.903217,2.43449,-0.0107027,7.81867
0.978306,0.0053898,0.207031,-0.00522246,128.424,-7.64341,60.7887,784.287,-40.0357,216.486,3.73438,5.63649,-0.903217,2.43449,-0.0107027,7.81867
0.978371,0.00532866,0.206724,-0.00515289,128.423,-7.64347,60.8152,784.608,-40.0548,216.638,3.73438,5.63649,-0.903217,2.43449,-0.0107027,7.81867
0.978435,0.00526288,0.206427,-0.00506141,128.423,-7.64349,60.8418,784.929,-40.0739,216.79,3.73438,5.63649,-0.903217,2.43449,-0.0107027,7.81867
0.978479,0.0053357,0.206209,-0.00527573,128.422,-7.64316,60.8681,785.25,-40.093,216.942,3.73438,5.63649,-0.903217,2.43449,-0.0107027,7.81867
0.978516,0.00528223,0.206036,-0.00524917,128.422,-7.64268,60.8944,785.571,-40.1121,217.094,3.73438,5.63649,-0.903217,2.43449,-0.0107027,7.81867
0.978592,0.00514777,0.205675,-0.00531128,128.421,-7.64294,60.9205,785.893,-40.1312,217.247,3.73438,5.63649,-0.903217,2.43449,-0.0107027,7.81867
0.978658,0.00495781,0.20537,-0.00525391,128.42,-7.64298,60.947,786.214,-40.1503,217.399,3.73438,5.63649,-0.903217,2.43449,-0.0107027,7.81867
0.978711,0.00492105,0.205127,-0.00493504,127.873,-7.69709,60.274,785.449,-40.3998,215.414,3.73402,5.69353,-0.904545,2.39199,-0.00916898,7.84837
0.978793,0.00486106,0.204737,-0.00489637,127.872,-7.69746,60.3004,785.768,-40.419,215.564,3.73402,5.69353,-0.904545,2.39199,-0.00916898,7.84837
0.978853,0.0047953,0.204449,-0.00493452,127.871,-7.69742,60.3265,786.088,-40.4383,215.715,3.73402,5.69353,-0.904545,2.39199,-0.00916898,7.84837
0.978897,0.00476394,0.204238,-0.00498207,127.871,-7.69708,60.3525,786.408,-40.4575,215.866,3.73402,5.69353,-0.904545,2.39199,-0.00916898,7.84837
0.97896,0.00424272,0.203976,-0.00390918,127.87,-7.69721,60.3791,786.727,-40.4768,216.017,3.73402,5.69353,-0.904545,2.39199,-0.00916898,7.84837
0.979027,0.00433382,0.203647,-0.00393101,127.87,-7.69732,60.4051,787.047,-40.496,216.168,3.73402,5.69353,-0.904545,2.39199,-0.00916898,7.84837
0.979079,0.00439518,0.203396,-0.00385031,127.869,-7.69713,60.4316,787.367,-40.5153,216.319,3.73402,5.69353,-0.904545,2.39199,-0.00916898,7.84837
0.979132,0.00431073,0.20314,-0.00388438,127.869,-7.69696,60.4577,787.686,-40.5345,216.47,3.73402,5.69353,-0.904545,2.39199,-0.00916898,7.84837
0.979174,0.00467028,0.202909,-0.00518597,127.868,-7.69654,60.4837,788.006,-40.5537,216.621,3.73402,5.69353,-0.904545,2.39199,-0.00916898,7.84837
0.979235,0.004786,0.202602,-0.00526174,127.868,-7.69656,60.5095,788.326,-40.573,216.773,3.73402,5.69353,-0.904545,2.39199,-0.00916898,7.84837
0.979315,0.00483298,0.202214,-0.00531312,127.868,-7.6969,60.5354,788.645,-40.5922,216.924,3.73402,5.69353,-0.904545,2.39199,-0.00916898,7.84837
0.979393,0.00481302,0.201837,-0.00525664,127.868,-7.69719,60.5618,788.965,-40.6115,217.075,3.73402,5.69353,-0.904545,2.39199,-0.00916898,7.84837
0.979478,0.00448401,0.201469,-0.00397246,127.868,-7.69742,60.5881,789.285,-40.6307,217.227,3.73402,5.69353,-0.904545,2.39199,-0.00916898,7.84837
0.97953,0.00438311,0.201209,-0.0040273,127.867,-7.69724,60.6142,789.604,-40.65,217.378,3.73402,5.69353,-0.904545,2.39199,-0.00916898,7.84837
0.979576,0.00430364,0.200989,-0.00404746,127.866,-7.6969,60.6403,789.924,-40.6692,217.53,3.73402,5.69353,-0.904545,2.39199,-0.00916898,7.84837
0.979638,0.00418803,0.200687,-0.0041116,127.598,-7.72322,60.3262,789.71,-40.8014,216.639,3.73386,5.72126,-0.90518,2.37138,-0.00842704,7.86327
0.979705,0.0038581,0.200373,-0.00376751,127.596,-7.72332,60.3521,790.029,-40.8208,216.79,3.73386,5.72126,-0.90518,2.37138,-0.00842704,7.86327
0.979808,0.0038299,0.199866,-0.00383066,127.596,-7.72411,60.3781,790.348,-40.8401,216.941,3.73386,5.72126,-0.90518,2.37138,-0.00842704,7.86327
0.979877,0.00380066,0.199528,-0.00381919,127.595,-7.72423,60.4043,790.667,-40.8594,217.092,3.73386,5.72126,-0.90518,2.37138,-0.00842704,7.86327
0.979939,0.00370226,0.19923,-0.00378554,127.595,-7.72418,60.4307,790.985,-40.8787,217.243,3.73386,5.72126,-0.90518,2.37138,-0.00842704,7.86327
0.979957,0.00478618,0.199053,-0.00725541,127.594,-7.72302,60.4573,791.304,-40.898,217.395,3.73386,5.72126,-0.90518,2.37138,-0.00842704,7.86327
0.980012,0.00482925,0.198742,-0.00742731,127.594,-7.72302,60.4828,791.623,-40.9173,217.546,3.73386,5.72126,-0.90518,2.37138,-0.00842704,7.86327
0.980086,0.00475944,0.19838,-0.00739364,127.593,-7.72322,60.5092,791.942,-40.9366,217.697,3.73386,5.72126,-0.90518,2.37138,-0.00842704,7.86327
0.980146,0.00470366,0.198086,-0.00731443,127.593,-7.72315,60.5357,792.261,-40.9559,217.848,3.73386,5.72126,-0.90518,2.37138,-0.00842704,7.86327
0.980237,0.00363537,0.197773,-0.00430913,127.592,-7.72357,60.5619,792.58,-40.9752,218,3.73386,5.72126,-0.90518,2.37138,-0.00842704,7.86327
0.980319,0.0036848,0.197339,-0.0042171,127.592,-7.72404,60.5884,792.899,-40.9945,218.151,3.73386,5.72126,-0.90518,2.37138,-0.00842704,7.86327
0.980394,0.00367211,0.196966,-0.00425599,127.592,-7.72427,60.6144,793.218,-41.0138,218.303,3.73386,5.72126,-0.90518,2.37138,-0.00842704,7.86327
0.980457,0.00374506,0.19665,-0.00428312,127.592,-7.72428,60.6404,793.537,-41.0331,218.454,3.73386,5.72126,-0.90518,2.37138,-0.00842704,7.86327
0.980515,0.00374707,0.196356,-0.00456462,127.591,-7.72418,60.6664,793.856,-41.0525,218.606,3.73386,5.72126,-0.90518,2.37138,-0.00842704,7.86327
0.980522,0.00376264,0.196323,-0.00457417,127.591,-7.72308,60.6925,794.175,-41.0718,218.758,3.73386,5.72126,-0.90518,2.37138,-0.00842704,7.86327
0.980572,0.00369762,0.196072,-0.00462519,127.249,-7.75604,60.2878,793.81,-41.2347,217.587,3.73365,5.75635,-0.905984,2.34535,-0.0074928,7.88271
0.980639,0.00364221,0.195734,-0.0046269,127.249,-7.75612,60.314,794.128,-41.2541,217.737,3.73365,5.75635,-0.905984,2.34535,-0.0074928,7.88271
0.980694,0.00375851,0.195449,-0.00494898,127.248,-7.75596,60.3402,794.447,-41.2735,217.888,3.73365,5.75635,-0.905984,2.34535,-0.0074928,7.88271
0.980764,0.00367672,0.195102,-0.00495906,127.248,-7.75607,60.3664,794.765,-41.2929,218.039,3.73365,5.75635,-0.905984,2.34535,-0.0074928,7.88271
0.980806,0.00369005,0.194896,-0.00475679,127.248,-7.75563,60.3933,795.083,-41.3123,218.19,3.73365,5.75635,-0.905984,2.34535,-0.0074928,7.88271
0.980868,0.00364514,0.194581,-0.00471196,127.247,-7.75561,60.4197,795.401,-41.3316,218.341,3.73365,5.75635,-0.905984,2.34535,-0.0074928,7.88271
0.980929,0.00376245,0.194274,-0.00477934,127.247,-7.75556,60.4457,795.719,-41.351,218.492,3.73365,5.75635,-0.905984,2.34535,-0.0074928,7.88271
0.981014,0.00380131,0.19384,-0.00476789,127.247,-7.756,60.4718,796.037,-41.3704,218.643,3.73365,5.75635,-0.905984,2.34535,-0.0074928,7.88271
0.981106,0.00375421,0.193376,-0.00481396,127.246,-7.75656,60.4979,796.355,-41.3898,218.795,3.73365,5.75635,-0.905984,2.34535,-0.0074928,7.88271
0.981171,0.00371782,0.193044,-0.00486223,127.246,-7.75659,60.5239,796.673,-41.4092,218.946,3.73365,5.75635,-0.905984,2.34535,-0.0074928,7.88271
0.981232,0.00368046,0.192734,-0.0047895,127.246,-7.75654,60.5496,796.992,-41.4286,219.097,3.73365,5.75635,-0.905984,2.34535,-0.0074928,7.88271
0.981283,0.00357675,0.192479,-0.00471536,127.245,-7.75628,60.5761,797.31,-41.448,219.249,3.73365,5.75635,-0.905984,2.34535,-0.0074928,7.88271
0.981364,0.00350422,0.19207,-0.00472507,127.244,-7.7566,60.6023,797.628,-41.4674,219.4,3.73365,5.75635,-0.905984,2.34535,-0.0074928,7.88271
0.981427,0.00351662,0.191748,-0.00459931,127.244,-7.75659,60.6289,797.946,-41.4868,219.552,3.73365,5.75635,-0.905984,2.34535,-0.0074928,7.88271
0.981505,0.00339976,0.191369,-0.00390852,127.244,-7.75684,60.6551,798.264,-41.5062,219.704,3.73365,5.75635,-0.905984,2.34535,-0.0074928,7.88271
0.981554,0.00348417,0.191113,-0.00387161,126.966,-7.78351,60.3314,798.019,-41.6435,218.777,3.7335,5.78482,-0.906622,2.32424,-0.00673958,7.899
0.981623,0.00351007,0.190756,-0.00393428,126.965,-7.78363,60.3573,798.337,-41.663,218.927,3.7335,5.78482,-0.906622,2.32424,-0.00673958,7.899
0.981677,0.003543,0.190479,-0.00388487,126.965,-7.78343,60.3836,798.654,-41.6824,219.078,3.7335,5.78482,-0.906622,2.32424,-0.00673958,7.899
0.98175,0.00337002,0.190113,-0.00367221,126.964,-7.78358,60.4101,798.971,-41.7019,219.229,3.7335,5.78482,-0.906622,2.32424,-0.00673958,7.899
0.98182,0.00336452,0.189752,-0.00369272,126.964,-7.7837,60.4362,799.289,-41.7213,219.381,3.7335,5.78482,-0.906622,2.32424,-0.00673958,7.899
0.981867,0.00328539,0.189509,-0.0037,126.963,-7.78336,60.4624,799.606,-41.7408,219.532,3.7335,5.78482,-0.906622,2.32424,-0.00673958,7.899
0.981928,0.00317755,0.18919,-0.00376441,126.963,-7.78331,60.4884,799.924,-41.7603,219.683,3.7335,5.78482,-0.906622,2.32424,-0.00673958,7.899
0.981996,0.0033216,0.188831,-0.00401251,126.962,-7.78338,60.5148,800.241,-41.7797,219.834,3.7335,5.78482,-0.906622,2.32424,-0.00673958,7.899
0.982062,0.00320981,0.188488,-0.00397153,126.962,-7.78342,60.5412,800.558,-41.7992,219.986,3.7335,5.78482,-0.906622,2.32424,-0.00673958,7.899
0.982127,0.00315193,0.188153,-0.0039146,126.961,-7.78343,60.5676,800.876,-41.8186,220.137,3.7335,5.78482,-0.906622,2.32424,-0.00673958,7.899
0.982184,0.00307673,0.18786,-0.00378407,126.961,-7.78327,60.5943,801.193,-41.8381,220.288,3.7335,5.78482,-0.906622,2.32424,-0.00673958,7.899
0.982272,0.00259606,0.187428,-0.00258674,126.96,-7.78386,60.6204,801.511,-41.8576,220.44,3.7335,5.78482,-0.906622,2.32424,-0.00673958,7.899
0.982348,0.0027507,0.187028,-0.0025288,126.961,-7.78411,60.6466,801.828,-41.877,220.592,3.7335,5.78482,-0.906622,2.32424,-0.00673958,7.899
0.982425,0.00272089,0.186623,-0.00251972,126.96,-7.78438,60.6728,802.145,-41.8965,220.743,3.7335,5.78482,-0.906622,2.32424,-0.00673958,7.899
0.982476,0.00268746,0.186351,-0.00254242,126.96,-7.78412,60.699,802.463,-41.9159,220.895,3.7335,5.78482,-0.906622,2.32424,-0.00673958,7.899
0.982548,0.00282414,0.185958,-0.00330944,125.942,-7.88138,59.4564,800.715,-42.3627,217.126,3.73293,5.88774,-0.908943,2.248,-0.00402968,7.9599
0.982602,0.00296204,0.185674,-0.00328849,125.943,-7.88116,59.4826,801.03,-42.3824,217.275,3.73293,5.88774,-0.908943,2.248,-0.00402968,7.9599
0.982665,0.0030432,0.185337,-0.00333731,125.943,-7.88115,59.5085,801.345,-42.4021,217.424,3.73293,5.88774,-0.908943,2.248,-0.00402968,7.9599
0.982708,0.00286079,0.185109,-0.00333922,125.942,-7.88071,59.5348,801.659,-42.4218,217.572,3.73293,5.88774,-0.908943,2.248,-0.00402968,7.9599
0.982771,0.00317393,0.184755,-0.00404916,125.942,-7.88073,59.561,801.974,-42.4416,217.721,3.73293,5.88774,-0.908943,2.248,-0.00402968,7.9599
0.982846,0.00316454,0.184355,-0.00398994,125.941,-7.88096,59.5874,802.289,-42.4613,217.87,3.73293,5.88774,-0.908943,2.248,-0.00402968,7.9599
0.982931,0.00330824,0.183905,-0.00387238,125.942,-7.88138,59.614,802.604,-42.481,218.019,3.73293,5.88774,-0.908943,2.248,-0.00402968,7.9599
0.982983,0.00347968,0.183622,-0.00382134,125.942,-7.88115,59.6402,802.919,-42.5007,218.168,3.73293,5.88774,-0.908943,2.248,-0.00402968,7.9599
0.98303,0.00380033,0.183348,-0.00478814,125.941,-7.88092,59.6666,803.234,-42.5204,218.318,3.73293,5.88774,-0.908943,2.248,-0.00402968,7.9599
0.983076,0.00390785,0.183094,-0.00481111,125.941,-7.88057,59.6926,803.549,-42.5401,218.467,3.73293,5.88774,-0.908943,2.248,-0.00402968,7.9599
0.983129,0.00394186,0.182807,-0.00489351,125.941,-7.88034,59.7184,803.864,-42.5598,218.616,3.73293,5.88774,-0.908943,2.248,-0.00402968,7.9599
0.983195,0.00400698,0.182447,-0.00490149,125.941,-7.88039,59.7445,804.179,-42.5795,218.766,3.73293,5.88774,-0.908943,2.248,-0.00402968,7.9599
0.98325,0.00418333,0.182146,-0.00503226,125.941,-7.88024,59.771,804.493,-42.5992,218.915,3.73293,5.88774,-0.908943,2.248,-0.00402968,7.9599
0.983323,0.00412423,0.181753,-0.00505354,125.941,-7.88042,59.7971,804.808,-42.6189,219.064,3.73293,5.88774,-0.908943,2.248,-0.00402968,7.9599
0.983384,0.00409566,0.181417,-0.00511094,125.94,-7.88037,59.8231,805.123,-42.6386,219.214,3.73293,5.88774,-0.908943,2.248,-0.00402968,7.9599
0.983442,0.00431026,0.1811,-0.00501319,125.215,-7.94877,58.9505,803.952,-42.9619,216.571,3.73253,5.9605,-0.910587,2.19407,-0.00212228,8.00448
0.983536,0.0036677,0.180646,-0.00364915,125.215,-7.94909,58.9764,804.265,-42.9817,216.719,3.73253,5.9605,-0.910587,2.19407,-0.00212228,8.00448
0.983591,0.00369998,0.180335,-0.00372798,125.215,-7.94893,59.0023,804.578,-43.0016,216.866,3.73253,5.9605,-0.910587,2.19407,-0.00212228,8.00448
0.983677,0.00353497,0.179869,-0.0036981,125.214,-7.94938,59.0286,804.891,-43.0215,217.014,3.73253,5.9605,-0.910587,2.19407,-0.00212228,8.00448
0.983716,0.00360633,0.179659,-0.00365265,125.214,-7.94882,59.0549,805.205,-43.0413,217.162,3.73253,5.9605,-0.910587,2.19407,-0.00212228,8.00448
0.983781,0.00375248,0.179291,-0.00396937,125.214,-7.94889,59.0808,805.518,-43.0612,217.309,3.73253,5.9605,-0.910587,2.19407,-0.00212228,8.00448
0.98384,0.00356842,0.178968,-0.00405117,125.213,-7.94877,59.1068,805.831,-43.0811,217.457,3.73253,5.9605,-0.910587,2.19407,-0.00212228,8.00448
0.983887,0.00334635,0.178713,-0.00401879,125.211,-7.94837,59.1332,806.144,-43.101,217.605,3.73253,5.9605,-0.910587,2.19407,-0.00212228,8.00448
0.983969,0.00337485,0.17826,-0.00404432,125.211,-7.94875,59.1593,806.457,-43.1208,217.753,3.73253,5.9605,-0.910587,2.19407,-0.00212228,8.00448
0.984004,0.00425549,0.177999,-0.00633598,125.211,-7.94803,59.1856,806.77,-43.1407,217.901,3.73253,5.9605,-0.910587,2.19407,-0.00212228,8.00448
0.98407,0.00417668,0.177616,-0.0064203,125.21,-7.94813,59.2116,807.083,-43.1606,218.049,3.73253,5.9605,-0.910587,2.19407,-0.00212228,8.00448
0.984141,0.00428494,0.177222,-0.0063269,125.211,-7.94827,59.238,807.396,-43.1804,218.197,3.73253,5.9605,-0.910587,2.19407,-0.00212228,8.00448
0.984207,0.00424177,0.176854,-0.00641491,125.21,-7.94831,59.2639,807.709,-43.2003,218.345,3.73253,5.9605,-0.910587,2.19407,-0.00212228,8.00448
0.984257,0.00411679,0.17659,-0.00613638,125.21,-7.94795,59.2904,808.022,-43.2202,218.493,3.73253,5.9605,-0.910587,2.19407,-0.00212228,8.00448
0.984304,0.00411282,0.176326,-0.00611433,125.21,-7.94758,59.3167,808.335,-43.2401,218.642,3.73253,5.9605,-0.910587,2.19407,-0.00212228,8.00448
0.984383,0.00398464,0.175887,-0.0061607,125.171,-7.95144,59.2959,808.57,-43.2759,218.644,3.73251,5.96428,-0.91067,2.19127,-0.00202378,8.00688
0.984445,0.00395482,0.175541,-0.00614137,125.17,-7.95137,59.3222,808.882,-43.2958,218.792,3.73251,5.96428,-0.91067,2.19127,-0.00202378,8.00688
0.984505,0.00355581,0.175238,-0.00539512,125.17,-7.95127,59.3481,809.195,-43.3157,218.941,3.73251,5.96428,-0.91067,2.19127,-0.00202378,8.00688
0.984598,0.00357692,0.174716,-0.00541475,125.17,-7.95189,59.3742,809.508,-43.3355,219.089,3.73251,5.96428,-0.91067,2.19127,-0.00202378,8.00688
0.984661,0.00367158,0.174361,-0.00531333,125.17,-7.95185,59.4007,809.821,-43.3554,219.237,3.73251,5.96428,-0.91067,2.19127,-0.00202378,8.00688
0.984722,0.0036416,0.174011,-0.00534836,125.169,-7.95179,59.4267,810.134,-43.3753,219.386,3.73251,5.96428,-0.91067,2.19127,-0.00202378,8.00688
0.984777,0.0036789,0.173699,-0.00544464,125.169,-7.95158,59.4531,810.447,-43.3952,219.535,3.73251,5.96428,-0.91067,2.19127,-0.00202378,8.00688
0.984844,0.00355677,0.173323,-0.00538098,125.168,-7.95161,59.4796,810.76,-43.415,219.683,3.73251,5.96428,-0.91067,2.19127,-0.00202378,8.00688
0.984924,0.00351628,0.172869,-0.00535722,125.168,-7.95194,59.5058,811.073,-43.4349,219.832,3.73251,5.96428,-0.91067,2.19127,-0.00202378,8.00688
0.984975,0.00360978,0.172581,-0.00516154,125.168,-7.95163,59.5327,811.386,-43.4548,219.981,3.73251,5.96428,-0.91067,2.19127,-0.00202378,8.00688
0.985032,0.00376099,0.172248,-0.00525361,125.168,-7.95149,59.5589,811.699,-43.4747,220.13,3.73251,5.96428,-0.91067,2.19127,-0.00202378,8.00688
0.985088,0.00382367,0.171927,-0.00528963,125.168,-7.9513,59.5849,812.012,-43.4946,220.279,3.73251,5.96428,-0.91067,2.19127,-0.00202378,8.00688
0.985153,0.00365441,0.171557,-0.00538953,125.167,-7.95129,59.6108,812.325,-43.5144,220.428,3.73251,5.96428,-0.91067,2.19127,-0.00202378,8.00688
0.985225,0.00363439,0.171142,-0.00540282,125.167,-7.95146,59.637,812.638,-43.5343,220.577,3.73251,5.96428,-0.91067,2.19127,-0.00202378,8.00688
0.985269,0.0041042,0.170861,-0.00600846,125.168,-7.95109,59.6636,812.951,-43.5542,220.726,3.73251,5.96428,-0.91067,2.19127,-0.00202378,8.00688
0.98536,0.00408511,0.170335,-0.00589632,124.463,-8.01674,58.8287,811.799,-43.8702,218.18,3.73226,6.03349,-0.912149,2.13994,-0.000230919,8.05229
0.985422,0.00410447,0.169975,-0.00601125,124.463,-8.01669,58.8544,812.111,-43.8903,218.328,3.73226,6.03349,-0.912149,2.13994,-0.000230919,8.05229
0.985499,0.00410549,0.169525,-0.00603024,124.463,-8.01698,58.8805,812.422,-43.9103,218.475,3.73226,6.03349,-0.912149,2.13994,-0.000230919,8.05229
0.98558,0.00339667,0.169124,-0.00446562,124.462,-8.01716,58.9073,812.733,-43.9304,218.622,3.73226,6.03349,-0.912149,2.13994,-0.000230919,8.05229
0.985651,0.00355305,0.1687,-0.00453955,124.463,-8.01735,58.9331,813.044,-43.9504,218.769,3.73226,6.03349,-0.912149,2.13994,-0.000230919,8.05229
0.985703,0.00358735,0.168388,-0.00468269,124.462,-8.01709,58.9587,813.355,-43.9705,218.917,3.73226,6.03349,-0.912149,2.13994,-0.000230919,8.05229
0.985785,0.00352653,0.167912,-0.0046346,124.462,-8.01747,58.9851,813.666,-43.9905,219.064,3.73226,6.03349,-0.912149,2.13994,-0.000230919,8.05229
0.985858,0.00347682,0.167493,-0.0042593,124.462,-8.0176,59.0113,813.977,-44.0105,219.212,3.73226,6.03349,-0.912149,2.13994,-0.000230919,8.05229
0.98593,0.00343117,0.167073,-0.00414342,124.462,-8.01776,59.038,814.289,-44.0306,219.359,3.73226,6.03349,-0.912149,2.13994,-0.000230919,8.05229
0.985987,0.0034589,0.166737,-0.00407382,124.462,-8.01758,59.0644,814.6,-44.0506,219.507,3.73226,6.03349,-0.912149,2.13994,-0.000230919,8.05229
0.98604,0.00335799,0.166424,-0.00412311,124.461,-8.01731,59.0905,814.911,-44.0707,219.655,3.73226,6.03349,-0.912149,2.13994,-0.000230919,8.05229
0.986086,0.00397814,0.166111,-0.00520628,124.461,-8.01703,59.117,815.222,-44.0907,219.803,3.73226,6.03349,-0.912149,2.13994,-0.000230919,8.05229
0.986139,0.00400697,0.16579,-0.00524997,124.461,-8.01679,59.143,815.533,-44.1108,219.95,3.73226,6.03349,-0.912149,2.13994,-0.000230919,8.05229
0.986212,0.00389097,0.165361,-0.00517333,124.461,-8.01696,59.1695,815.844,-44.1308,220.098,3.73226,6.03349,-0.912149,2.13994,-0.000230919,8.05229
0.986276,0.00386578,0.164984,-0.00507861,124.46,-8.01693,59.1961,816.156,-44.1508,220.246,3.73226,6.03349,-0.912149,2.13994,-0.000230919,8.05229
0.986343,0.00378107,0.164592,-0.00471915,124.009,-8.05812,58.6729,815.519,-44.359,218.669,3.73208,6.0774,-0.913099,2.10735,0.000904144,8.08215
0.986381,0.00369487,0.164361,-0.00486468,124.008,-8.05751,58.6986,815.829,-44.3792,218.816,3.73208,6.0774,-0.913099,2.10735,0.000904144,8.08215
0.986451,0.00370897,0.163944,-0.00487665,124.008,-8.05762,58.7247,816.139,-44.3993,218.963,3.73208,6.0774,-0.913099,2.10735,0.000904144,8.08215
0.986537,0.00357977,0.163431,-0.00472144,124.008,-8.0581,58.7516,816.449,-44.4195,219.11,3.73208,6.0774,-0.913099,2.10735,0.000904144,8.08215
0.986583,0.00393509,0.163115,-0.00588809,124.007,-8.05761,58.7779,816.759,-44.4396,219.257,3.73208,6.0774,-0.913099,2.10735,0.000904144,8.08215
0.986651,0.00389948,0.162692,-0.00596363,124.006,-8.05773,58.8038,817.069,-44.4598,219.404,3.73208,6.0774,-0.913099,2.10735,0.000904144,8.08215
0.986721,0.0039609,0.162269,-0.00594301,124.006,-8.05785,58.83,817.379,-44.4799,219.551,3.73208,6.0774,-0.913099,2.10735,0.000904144,8.08215
0.98678,0.00403865,0.161903,-0.00596031,124.006,-8.05775,58.8561,817.689,-44.5001,219.698,3.73208,6.0774,-0.913099,2.10735,0.000904144,8.08215
0.986877,0.00316743,0.161411,-0.00403977,124.007,-8.05814,58.8819,817.999,-44.5202,219.845,3.73208,6.0774,-0.913099,2.10735,0.000904144,8.08215
0.986964,0.00315791,0.16086,-0.00398942,124.006,-8.05875,58.9083,818.309,-44.5404,219.993,3.73208,6.0774,-0.913099,2.10735,0.000904144,8.08215
0.987033,0.00309963,0.160435,-0.00403076,124.006,-8.05887,58.9343,818.619,-44.5605,220.14,3.73208,6.0774,-0.913099,2.10735,0.000904144,8.08215
0.987106,0.00326388,0.159985,-0.00406055,124.006,-8.05908,58.9603,818.929,-44.5806,220.287,3.73208,6.0774,-0.913099,2.10735,0.000904144,8.08215
0.987166,0.0034378,0.159601,-0.00447396,124.006,-8.05903,58.9866,819.239,-44.6008,220.435,3.73208,6.0774,-0.913099,2.10735,0.000904144,8.08215
0.987246,0.00349263,0.159101,-0.0045147,124.006,-8.05943,59.0126,819.549,-44.6209,220.582,3.73208,6.0774,-0.913099,2.10735,0.000904144,8.08215
0.987308,0.00335153,0.158723,-0.00441306,124.005,-8.05934,59.0392,819.859,-44.6411,220.73,3.73208,6.0774,-0.913099,2.10735,0.000904144,8.08215
0.987383,0.00339052,0.158251,-0.00437718,124.032,-8.05725,59.0975,820.225,-44.6503,220.978,3.73209,6.07486,-0.913044,2.10924,0.000838513,8.08035
0.987451,0.00332049,0.157836,-0.00427277,124.031,-8.05731,59.1239,820.536,-44.6704,221.126,3.73209,6.07486,-0.913044,2.10924,0.000838513,8.08035
0.987527,0.00317604,0.157359,-0.00428994,124.03,-8.0576,59.1502,820.846,-44.6906,221.274,3.73209,6.07486,-0.913044,2.10924,0.000838513,8.08035
0.987594,0.00319431,0.156935,-0.00430808,124.03,-8.05768,59.1763,821.156,-44.7107,221.422,3.73209,6.07486,-0.913044,2.10924,0.000838513,8.08035
0.987635,0.00315703,0.156683,-0.00427564,124.03,-8.05709,59.2026,821.466,-44.7309,221.57,3.73209,6.07486,-0.913044,2.10924,0.000838513,8.08035
0.987693,0.00324242,0.156298,-0.00484363,124.029,-8.05695,59.2283,821.776,-44.751,221.718,3.73209,6.07486,-0.913044,2.10924,0.000838513,8.08035
0.987786,0.00332369,0.155709,-0.0048076,124.029,-8.05766,59.2545,822.086,-44.7712,221.866,3.73209,6.07486,-0.913044,2.10924,0.000838513,8.08035
0.987853,0.00316371,0.155284,-0.00489685,124.029,-8.05773,59.2805,822.396,-44.7913,222.014,3.73209,6.07486,-0.913044,2.10924,0.000838513,8.08035
0.987926,0.00317461,0.154818,-0.00493859,124.028,-8.05795,59.3065,822.706,-44.8115,222.163,3.73209,6.07486,-0.913044,2.10924,0.000838513,8.08035
0.988008,0.00277995,0.154334,-0.00389052,124.029,-8.0583,59.3328,823.016,-44.8316,222.311,3.73209,6.07486,-0.913044,2.10924,0.000838513,8.08035
0.988077,0.00273059,0.15389,-0.00377535,124.028,-8.05844,59.3595,823.326,-44.8517,222.459,3.73209,6.07486,-0.913044,2.10924,0.000838513,8.08035
0.988136,0.00278427,0.153514,-0.00368594,124.029,-8.0583,59.386,823.636,-44.8719,222.608,3.73209,6.07486,-0.913044,2.10924,0.000838513,8.08035
0.988202,0.00273857,0.153088,-0.00364629,124.028,-8.05836,59.4124,823.946,-44.892,222.756,3.73209,6.07486,-0.913044,2.10924,0.000838513,8.08035
0.98825,0.00344323,0.152729,-0.00518131,124.028,-8.05806,59.438,824.256,-44.9122,222.905,3.73209,6.07486,-0.913044,2.10924,0.000838513,8.08035
0.988328,0.00334443,0.152209,-0.00530096,124.027,-8.05847,59.4639,824.566,-44.9323,223.054,3.73209,6.07486,-0.913044,2.10924,0.000838513,8.08035
0.988397,0.00337764,0.151756,-0.00539859,123.037,-8.14634,58.2999,822.762,-45.3516,219.436,3.73147,6.16915,-0.915256,2.03924,0.00327122,8.149
0.988483,0.00334208,0.151194,-0.00550044,123.036,-8.14691,58.3258,823.07,-45.372,219.582,3.73147,6.16915,-0.915256,2.03924,0.00327122,8.149
0.98858,0.00218862,0.150663,-0.00331396,123.036,-8.14749,58.3524,823.377,-45.3924,219.728,3.73147,6.16915,-0.915256,2.03924,0.00327122,8.149
0.988642,0.00206774,0.15024,-0.00335884,123.036,-8.14751,58.3785,823.685,-45.4128,219.874,3.73147,6.16915,-0.915256,2.03924,0.00327122,8.149
0.9887,0.00206777,0.149855,-0.00325494,123.035,-8.14738,58.4051,823.992,-45.4331,220.02,3.73147,6.16915,-0.915256,2.03924,0.00327122,8.149
0.988769,0.00216585,0.149398,-0.00328638,123.036,-8.14752,58.4312,824.3,-45.4535,220.166,3.73147,6.16915,-0.915256,2.03924,0.00327122,8.149
0.988805,0.00353527,0.149085,-0.00577052,123.036,-8.14699,58.4576,824.608,-45.4739,220.312,3.73147,6.16915,-0.915256,2.03924,0.00327122,8.149
0.988874,0.00338082,0.148602,-0.00584584,123.035,-8.14722,58.4837,824.915,-45.4942,220.458,3.73147,6.16915,-0.915256,2.03924,0.00327122,8.149
0.988929,0.00329392,0.148239,-0.00587459,123.034,-8.14699,58.5098,825.223,-45.5146,220.604,3.73147,6.16915,-0.915256,2.03924,0.00327122,8.149
0.988985,0.00342984,0.147857,-0.00586904,123.035,-8.14683,58.536,825.53,-45.535,220.751,3.73147,6.16915,-0.915256,2.03924,0.00327122,8.149
0.989061,0.00308491,0.147398,-0.00486311,123.035,-8.14697,58.5621,825.838,-45.5553,220.897,3.73147,6.16915,-0.915256,2.03924,0.00327122,8.149
0.989132,0.00313622,0.146917,-0.0048566,123.035,-8.14719,58.5883,826.146,-45.5757,221.044,3.73147,6.16915,-0.915256,2.03924,0.00327122,8.149
0.989184,0.00303929,0.146577,-0.00468084,123.035,-8.14686,58.6153,826.453,-45.5961,221.19,3.73147,6.16915,-0.915256,2.03924,0.00327122,8.149
0.989275,0.00308561,0.145964,-0.00452876,123.035,-8.14759,58.6421,826.761,-45.6164,221.337,3.73147,6.16915,-0.915256,2.03924,0.00327122,8.149
0.989358,0.00225763,0.145456,-0.003335,123.034,-8.148,58.6681,827.068,-45.6368,221.483,3.73147,6.16915,-0.915256,2.03924,0.00327122,8.149
0.989438,0.00227082,0.144908,-0.00307719,122.635,-8.18324,58.2196,826.517,-45.813,220.118,3.73111,6.20669,-0.916213,2.01139,0.00424089,8.17726
0.98949,0.00219995,0.144551,-0.00300912,122.634,-8.18295,58.2462,826.824,-45.8334,220.264,3.73111,6.20669,-0.916213,2.01139,0.00424089,8.17726
0.989565,0.00214799,0.144041,-0.00285878,122.634,-8.18326,58.273,827.13,-45.8539,220.409,3.73111,6.20669,-0.916213,2.01139,0.00424089,8.17726
0.989641,0.00230743,0.14351,-0.00307026,122.634,-8.18362,58.2991,827.437,-45.8744,220.555,3.73111,6.20669,-0.916213,2.01139,0.00424089,8.17726
0.989697,0.00230867,0.143129,-0.00298781,122.634,-8.18342,58.3256,827.744,-45.8948,220.701,3.73111,6.20669,-0.916213,2.01139,0.00424089,8.17726
0.989748,0.00239536,0.142775,-0.00297582,122.634,-8.18311,58.3518,828.05,-45.9153,220.847,3.73111,6.20669,-0.916213,2.01139,0.00424089,8.17726
0.989821,0.00256022,0.142267,-0.00282273,122.635,-8.1834,58.3786,828.357,-45.9357,220.993,3.73111,6.20669,-0.916213,2.01139,0.00424089,8.17726
0.989851,0.00394422,0.141985,-0.00536004,122.635,-8.18293,58.4047,828.663,-45.9562,221.139,3.73111,6.20669,-0.916213,2.01139,0.00424089,8.17726
0.989903,0.00388288,0.141591,-0.00531227,122.634,-8.18276,58.4311,828.97,-45.9766,221.285,3.73111,6.20669,-0.916213,2.01139,0.00424089,8.17726
0.989964,0.0039299,0.141169,-0.00526273,122.634,-8.18271,58.4575,829.277,-45.9971,221.431,3.73111,6.20669,-0.916213,2.01139,0.00424089,8.17726
0.990035,0.00395282,0.140664,-0.00538543,122.634,-8.18296,58.4833,829.583,-46.0176,221.577,3.73111,6.20669,-0.916213,2.01139,0.00424089,8.17726
0.990099,0.00379869,0.140233,-0.00498595,122.634,-8.18292,58.5096,829.89,-46.038,221.723,3.73111,6.20669,-0.916213,2.01139,0.00424089,8.17726
0.990169,0.00367401,0.139737,-0.00495344,122.634,-8.18314,58.5361,830.196,-46.0585,221.87,3.73111,6.20669,-0.916213,2.01139,0.00424089,8.17726
0.990246,0.00378573,0.139192,-0.00496038,122.634,-8.18354,58.5622,830.503,-46.0789,222.016,3.73111,6.20669,-0.916213,2.01139,0.00424089,8.17726
0.990304,0.00379247,0.138772,-0.00503263,122.634,-8.18345,58.5882,830.809,-46.0994,222.163,3.73111,6.20669,-0.916213,2.01139,0.00424089,8.17726
0.990379,0.00320451,0.138288,-0.00411781,121.867,-8.24932,57.7084,829.454,-46.4103,219.415,3.73024,6.27779,-0.918147,1.9586,0.00608017,8.23274
0.990416,0.00322549,0.138015,-0.0042586,121.867,-8.24865,57.7341,829.758,-46.4309,219.56,3.73024,6.27779,-0.918147,1.9586,0.00608017,8.23274
0.990466,0.00330599,0.137654,-0.00427984,121.867,-8.24832,57.7602,830.063,-46.4515,219.704,3.73024,6.27779,-0.918147,1.9586,0.00608017,8.23274
0.990532,0.00322041,0.137177,-0.00429861,121.867,-8.24843,57.7864,830.368,-46.4722,219.848,3.73024,6.27779,-0.918147,1.9586,0.00608017,8.23274
0.990589,0.00352637,0.136747,-0.00472314,121.867,-8.24837,57.8128,830.672,-46.4928,219.993,3.73024,6.27779,-0.918147,1.9586,0.00608017,8.23274
0.990644,0.00351661,0.136346,-0.00473184,121.867,-8.24818,57.8391,830.977,-46.5134,220.138,3.73024,6.27779,-0.918147,1.9586,0.00608017,8.23274
0.990714,0.00367319,0.135834,-0.00469282,121.867,-8.24843,57.8654,831.282,-46.534,220.282,3.73024,6.27779,-0.918147,1.9586,0.00608017,8.23274
0.990782,0.00386107,0.135331,-0.00471472,121.868,-8.24863,57.8915,831.587,-46.5547,220.427,3.73024,6.27779,-0.918147,1.9586,0.00608017,8.23274
0.990843,0.00393918,0.134884,-0.00465355,121.868,-8.24862,57.918,831.891,-46.5753,220.572,3.73024,6.27779,-0.918147,1.9586,0.00608017,8.23274
0.990889,0.00395999,0.134544,-0.00467646,121.868,-8.24818,57.9441,832.196,-46.5959,220.717,3.73024,6.27779,-0.918147,1.9586,0.00608017,8.23274
0.990942,0.00380885,0.134154,-0.00468856,121.867,-8.24793,57.9704,832.501,-46.6165,220.862,3.73024,6.27779,-0.918147,1.9586,0.00608017,8.23274
0.990996,0.00378884,0.133751,-0.0048536,121.867,-8.24773,57.9961,832.805,-46.6371,221.007,3.73024,6.27779,-0.918147,1.9586,0.00608017,8.23274
0.991049,0.00381501,0.133342,-0.00520448,121.866,-8.24753,58.0216,833.11,-46.6578,221.152,3.73024,6.27779,-0.918147,1.9586,0.00608017,8.23274
0.99112,0.00371291,0.132815,-0.00523467,121.866,-8.2478,58.0478,833.415,-46.6784,221.297,3.73024,6.27779,-0.918147,1.9586,0.00608017,8.23274
0.991196,0.00376435,0.132243,-0.0052549,121.866,-8.24825,58.074,833.719,-46.699,221.442,3.73024,6.27779,-0.918147,1.9586,0.00608017,8.23274
0.991252,0.00381601,0.13182,-0.00525826,121.424,-8.28543,57.5809,833.055,-46.8856,219.921,3.72975,6.31826,-0.919253,1.92851,0.00712536,8.26551
0.991288,0.00443729,0.131489,-0.00629116,121.424,-8.28493,57.6072,833.359,-46.9063,220.065,3.72975,6.31826,-0.919253,1.92851,0.00712536,8.26551
0.991328,0.00456656,0.131176,-0.00635113,121.424,-8.28436,57.6332,833.663,-46.927,220.209,3.72975,6.31826,-0.919253,1.92851,0.00712536,8.26551
0.991383,0.00452256,0.130763,-0.00641183,121.424,-8.28417,57.6592,833.966,-46.9477,220.353,3.72975,6.31826,-0.919253,1.92851,0.00712536,8.26551
0.991442,0.00438539,0.13032,-0.0063589,121.423,-8.28409,57.6858,834.27,-46.9684,220.497,3.72975,6.31826,-0.919253,1.92851,0.00712536,8.26551
0.99153,0.00324137,0.129788,-0.00429902,121.423,-8.28441,57.7119,834.573,-46.9891,220.641,3.72975,6.31826,-0.919253,1.92851,0.00712536,8.26551
0.991586,0.00332388,0.129334,-0.00432807,121.423,-8.28436,57.7381,834.877,-47.0098,220.786,3.72975,6.31826,-0.919253,1.92851,0.00712536,8.26551
0.991651,0.00327377,0.128835,-0.00432095,121.423,-8.28449,57.7644,835.18,-47.0306,220.93,3.72975,6.31826,-0.919253,1.92851,0.00712536,8.26551
0.991719,0.00328615,0.128306,-0.00440974,121.423,-8.28472,57.7903,835.484,-47.0513,221.075,3.72975,6.31826,-0.919253,1.92851,0.00712536,8.26551
0.991777,0.00344809,0.127848,-0.00468263,121.423,-8.28468,57.8166,835.787,-47.072,221.219,3.72975,6.31826,-0.919253,1.92851,0.00712536,8.26551
0.991856,0.00339157,0.127236,-0.00469253,121.422,-8.28522,57.8429,836.091,-47.0927,221.364,3.72975,6.31826,-0.919253,1.92851,0.00712536,8.26551
0.991897,0.00346842,0.126914,-0.00465951,121.423,-8.28465,57.8693,836.394,-47.1134,221.508,3.72975,6.31826,-0.919253,1.92851,0.00712536,8.26551
0.991952,0.0034958,0.126478,-0.00465557,121.423,-8.2845,57.8956,836.698,-47.1341,221.653,3.72975,6.31826,-0.919253,1.92851,0.00712536,8.26551
0.992023,0.00297303,0.125957,-0.00400491,121.422,-8.28471,57.9216,837.002,-47.1548,221.798,3.72975,6.31826,-0.919253,1.92851,0.00712536,8.26551
0.992082,0.00296789,0.125496,-0.00393404,121.422,-8.28465,57.9481,837.305,-47.1755,221.943,3.72975,6.31826,-0.919253,1.92851,0.00712536,8.26551
0.992153,0.00293478,0.124937,-0.00390388,121.849,-8.24934,58.4743,838.556,-47.0353,223.698,3.73017,6.27956,-0.918226,1.95728,0.00613036,8.23305
0.992224,0.00279473,0.124371,-0.00402536,121.849,-8.24968,58.5002,838.861,-47.0559,223.845,3.73017,6.27956,-0.918226,1.95728,0.00613036,8.23305
0.992278,0.00320765,0.123899,-0.0047878,121.849,-8.24958,58.5262,839.165,-47.0766,223.991,3.73017,6.27956,-0.918226,1.95728,0.00613036,8.23305
0.992331,0.00318839,0.123472,-0.00476716,121.848,-8.24938,58.5526,839.47,-47.0972,224.137,3.73017,6.27956,-0.918226,1.95728,0.00613036,8.23305
0.992391,0.00316091,0.122995,-0.00478013,121.848,-8.24936,58.5789,839.775,-47.1178,224.284,3.73017,6.27956,-0.918226,1.95728,0.00613036,8.23305
0.992446,0.00305895,0.122555,-0.00470287,121.848,-8.2492,58.6055,840.079,-47.1384,224.43,3.73017,6.27956,-0.918226,1.95728,0.00613036,8.23305
0.992501,0.00329611,0.122087,-0.00503149,121.848,-8.2491,58.6319,840.384,-47.159,224.577,3.73017,6.27956,-0.918226,1.95728,0.00613036,8.23305
0.992566,0.00332641,0.121563,-0.00500308,121.848,-8.24926,58.6583,840.689,-47.1797,224.724,3.73017,6.27956,-0.918226,1.95728,0.00613036,8.23305
0.99261,0.00334879,0.121192,-0.0051517,121.847,-8.24881,58.6841,840.993,-47.2003,224.87,3.73017,6.27956,-0.918226,1.95728,0.00613036,8.23305
0.992664,0.00322926,0.120759,-0.0050421,121.847,-8.2486,58.7109,841.298,-47.2209,225.017,3.73017,6.27956,-0.918226,1.95728,0.00613036,8.23305
0.992741,0.00241907,0.120202,-0.00373099,121.847,-8.249,58.737,841.602,-47.2415,225.164,3.73017,6.27956,-0.918226,1.95728,0.00613036,8.23305
0.992786,0.00251014,0.119815,-0.00368269,121.847,-8.24861,58.7634,841.907,-47.2622,225.311,3.73017,6.27956,-0.918226,1.95728,0.00613036,8.23305
0.992841,0.00236483,0.119362,-0.00383244,121.846,-8.24846,58.7892,842.212,-47.2828,225.458,3.73017,6.27956,-0.918226,1.95728,0.00613036,8.23305
0.992901,0.0023896,0.118859,-0.00377207,121.846,-8.24851,58.8158,842.516,-47.3034,225.605,3.73017,6.27956,-0.918226,1.95728,0.00613036,8.23305
0.992971,0.00216078,0.118285,-0.00345026,121.846,-8.24885,58.842,842.821,-47.324,225.752,3.73017,6.27956,-0.918226,1.95728,0.00613036,8.23305
0.993045,0.00215139,0.117663,-0.00342446,121.029,-8.31638,57.9208,841.301,-47.6501,222.835,3.72942,6.35253,-0.920148,1.90316,0.00799729,8.2963
0.993093,0.00208058,0.117261,-0.00337559,121.029,-8.31602,57.9474,841.603,-47.6708,222.98,3.72942,6.35253,-0.920148,1.90316,0.00799729,8.2963
0.993162,0.0020198,0.11667,-0.00351348,121.028,-8.31639,57.9732,841.906,-47.6916,223.125,3.72942,6.35253,-0.920148,1.90316,0.00799729,8.2963
0.993203,0.00344912,0.116237,-0.00564988,121.028,-8.31597,57.9995,842.208,-47.7124,223.27,3.72942,6.35253,-0.920148,1.90316,0.00799729,8.2963
0.993253,0.00339735,0.115778,-0.00564111,121.028,-8.31582,58.0259,842.511,-47.7332,223.415,3.72942,6.35253,-0.920148,1.90316,0.00799729,8.2963
0.993295,0.00341636,0.115422,-0.00566212,121.028,-8.31526,58.0522,842.814,-47.754,223.56,3.72942,6.35253,-0.920148,1.90316,0.00799729,8.2963
0.993364,0.00341575,0.114821,-0.00572615,121.028,-8.31565,58.0783,843.116,-47.7748,223.705,3.72942,6.35253,-0.920148,1.90316,0.00799729,8.2963
0.993435,0.00271374,0.114279,-0.00467945,121.028,-8.31584,58.1039,843.419,-47.7956,223.85,3.72942,6.35253,-0.920148,1.90316,0.00799729,8.2963
0.993486,0.00276399,0.113823,-0.0046425,121.028,-8.31566,58.1304,843.721,-47.8164,223.996,3.72942,6.35253,-0.920148,1.90316,0.00799729,8.2963
0.99355,0.0028345,0.113261,-0.0046219,121.028,-8.31589,58.1568,844.024,-47.8372,224.141,3.72942,6.35253,-0.920148,1.90316,0.00799729,8.2963
0.993604,0.00280264,0.112791,-0.00469456,121.028,-8.31575,58.1829,844.326,-47.8579,224.287,3.72942,6.35253,-0.920148,1.90316,0.00799729,8.2963
0.993664,0.00283212,0.112265,-0.00452084,121.028,-8.31583,58.2098,844.629,-47.8787,224.432,3.72942,6.35253,-0.920148,1.90316,0.00799729,8.2963
0.993718,0.00282441,0.111792,-0.00448233,121.028,-8.3157,58.2363,844.931,-47.8995,224.578,3.72942,6.35253,-0.920148,1.90316,0.00799729,8.2963
0.993764,0.00278415,0.111381,-0.00444439,121.028,-8.31532,58.2628,845.234,-47.9203,224.723,3.72942,6.35253,-0.920148,1.90316,0.00799729,8.2963
0.993827,0.00286058,0.110812,-0.00452384,121.028,-8.31555,58.2888,845.536,-47.9411,224.869,3.72942,6.35253,-0.920148,1.90316,0.00799729,8.2963
0.993872,0.00344272,0.110363,-0.00532275,120.359,-8.36936,57.5459,844.333,-48.2105,222.517,3.72886,6.41146,-0.921682,1.85955,0.00949581,8.34909
0.993927,0.00352164,0.109855,-0.00534281,120.36,-8.36935,57.5721,844.634,-48.2315,222.66,3.72886,6.41146,-0.921682,1.85955,0.00949581,8.34909
0.993984,0.00343582,0.109348,-0.00528726,120.359,-8.36932,57.5987,844.935,-48.2524,222.804,3.72886,6.41146,-0.921682,1.85955,0.00949581,8.34909
0.994047,0.00354288,0.10877,-0.00526025,120.359,-8.36958,57.6252,845.235,-48.2733,222.949,3.72886,6.41146,-0.921682,1.85955,0.00949581,8.34909
0.994087,0.00403022,0.108355,-0.00594385,120.359,-8.36923,57.6514,845.536,-48.2942,223.093,3.72886,6.41146,-0.921682,1.85955,0.00949581,8.34909
0.994147,0.00392856,0.107802,-0.00600281,120.359,-8.36937,57.6776,845.837,-48.3152,223.237,3.72886,6.41146,-0.921682,1.85955,0.00949581,8.34909
0.994217,0.00391707,0.107144,-0.00606084,120.359,-8.36991,57.7038,846.138,-48.3361,223.381,3.72886,6.41146,-0.921682,1.85955,0.00949581,8.34909
0.994267,0.00387335,0.106688,-0.00597474,120.358,-8.36967,57.7305,846.439,-48.357,223.525,3.72886,6.41146,-0.921682,1.85955,0.00949581,8.34909
0.99434,0.00289103,0.106125,-0.00455326,120.358,-8.3699,57.7566,846.74,-48.3779,223.67,3.72886,6.41146,-0.921682,1.85955,0.00949581,8.34909
0.994382,0.00272812,0.105714,-0.00469451,120.358,-8.36946,57.7825,847.041,-48.3989,223.814,3.72886,6.41146,-0.921682,1.85955,0.00949581,8.34909
0.994448,0.00279558,0.105092,-0.00469918,120.358,-8.36985,57.8089,847.342,-48.4198,223.959,3.72886,6.41146,-0.921682,1.85955,0.00949581,8.34909
0.994497,0.00278634,0.104632,-0.00458053,120.358,-8.3696,57.8357,847.643,-48.4407,224.103,3.72886,6.41146,-0.921682,1.85955,0.00949581,8.34909
0.994534,0.00358479,0.104188,-0.00597387,120.357,-8.36917,57.8617,847.944,-48.4616,224.248,3.72886,6.41146,-0.921682,1.85955,0.00949581,8.34909
0.994583,0.00347317,0.103714,-0.00591776,120.357,-8.36896,57.8883,848.244,-48.4826,224.393,3.72886,6.41146,-0.921682,1.85955,0.00949581,8.34909
0.994653,0.00348881,0.103046,-0.00585626,120.357,-8.36951,57.9149,848.545,-48.5035,224.538,3.72886,6.41146,-0.921682,1.85955,0.00949581,8.34909
0.994706,0.00358722,0.102527,-0.00588314,120.17,-8.38431,57.7278,848.422,-48.5934,223.987,3.72872,6.42768,-0.922099,1.84756,0.00990647,8.36414
0.994769,0.00285109,0.102004,-0.00484095,120.17,-8.38439,57.7546,848.722,-48.6144,224.131,3.72872,6.42768,-0.922099,1.84756,0.00990647,8.36414
0.994823,0.00286072,0.101469,-0.00479566,120.17,-8.3844,57.7812,849.022,-48.6353,224.276,3.72872,6.42768,-0.922099,1.84756,0.00990647,8.36414
0.99488,0.0027826,0.100903,-0.00489575,120.169,-8.38453,57.8072,849.323,-48.6563,224.42,3.72872,6.42768,-0.922099,1.84756,0.00990647,8.36414
0.994938,0.00265317,0.100337,-0.00480991,120.169,-8.38465,57.834,849.623,-48.6772,224.565,3.72872,6.42768,-0.922099,1.84756,0.00990647,8.36414
0.994983,0.00315097,0.09984,-0.00565991,120.169,-8.38436,57.8602,849.924,-48.6982,224.71,3.72872,6.42768,-0.922099,1.84756,0.00990647,8.36414
0.995043,0.00314226,0.0992389,-0.00562276,120.168,-8.38461,57.8867,850.224,-48.7192,224.854,3.72872,6.42768,-0.922099,1.84756,0.00990647,8.36414
0.9951,0.00317967,0.0986536,-0.00570169,120.168,-8.3848,57.9128,850.524,-48.7401,224.999,3.72872,6.42768,-0.922099,1.84756,0.00990647,8.36414
0.995167,0.00293919,0.0979894,-0.00560651,120.167,-8.38528,57.9397,850.825,-48.7611,225.144,3.72872,6.42768,-0.922099,1.84756,0.00990647,8.36414
0.995217,0.00311056,0.0974808,-0.00562693,120.168,-8.38516,57.966,851.125,-48.7821,225.289,3.72872,6.42768,-0.922099,1.84756,0.00990647,8.36414
0.995284,0.00316058,0.096797,-0.0055443,120.168,-8.38571,57.9927,851.426,-48.803,225.434,3.72872,6.42768,-0.922099,1.84756,0.00990647,8.36414
0.995343,0.00317262,0.0961814,-0.00554743,120.168,-8.38599,58.0191,851.726,-48.824,225.579,3.72872,6.42768,-0.922099,1.84756,0.00990647,8.36414
0.995396,0.00318289,0.0956438,-0.00546913,120.168,-8.38597,58.0458,852.027,-48.845,225.724,3.72872,6.42768,-0.922099,1.84756,0.00990647,8.36414
0.995449,0.00301552,0.0951085,-0.00510295,120.168,-8.38595,58.0727,852.327,-48.8659,225.869,3.72872,6.42768,-0.922099,1.84756,0.00990647,8.36414
0.995498,0.00280967,0.0945946,-0.00520734,120.167,-8.38581,58.0988,852.627,-48.8869,226.014,3.72872,6.42768,-0.922099,1.84756,0.00990647,8.36414
0.995537,0.00281286,0.0941772,-0.00535358,119.744,-8.41837,57.6455,851.959,-49.0614,224.593,3.72837,6.4639,-0.923053,1.8209,0.0108202,8.39883
0.995596,0.00282555,0.0935607,-0.00528599,119.744,-8.41863,57.6722,852.258,-49.0824,224.737,3.72837,6.4639,-0.923053,1.8209,0.0108202,8.39883
0.995664,0.00185202,0.092944,-0.00388401,119.744,-8.41903,57.6988,852.558,-49.1035,224.881,3.72837,6.4639,-0.923053,1.8209,0.0108202,8.39883
0.995721,0.00191247,0.0923099,-0.003941,119.744,-8.41935,57.725,852.857,-49.1245,225.026,3.72837,6.4639,-0.923053,1.8209,0.0108202,8.39883
0.995775,0.00203535,0.0917249,-0.00387768,119.744,-8.41947,57.7516,853.156,-49.1456,225.17,3.72837,6.4639,-0.923053,1.8209,0.0108202,8.39883
0.995819,0.00217079,0.0912472,-0.00377177,119.745,-8.41918,57.7785,853.456,-49.1666,225.315,3.72837,6.4639,-0.923053,1.8209,0.0108202,8.39883
0.995853,0.00330396,0.0907912,-0.00523318,119.745,-8.4189,57.8054,853.755,-49.1877,225.459,3.72837,6.4639,-0.923053,1.8209,0.0108202,8.39883
0.995887,0.0033866,0.0903855,-0.00538708,119.745,-8.41831,57.8313,854.055,-49.2087,225.604,3.72837,6.4639,-0.923053,1.8209,0.0108202,8.39883
0.995936,0.00345318,0.0898411,-0.00537482,119.745,-8.41826,57.8577,854.354,-49.2298,225.748,3.72837,6.4639,-0.923053,1.8209,0.0108202,8.39883
0.995986,0.00355315,0.08928,-0.005333,119.745,-8.41828,57.8843,854.653,-49.2508,225.893,3.72837,6.4639,-0.923053,1.8209,0.0108202,8.39883
0.996038,0.00329634,0.088726,-0.00501959,119.745,-8.41823,57.911,854.953,-49.2719,226.038,3.72837,6.4639,-0.923053,1.8209,0.0108202,8.39883
0.996092,0.00330426,0.0881237,-0.00493788,119.745,-8.41839,57.9378,855.252,-49.2929,226.183,3.72837,6.4639,-0.923053,1.8209,0.0108202,8.39883
0.996137,0.00342656,0.0875977,-0.00505157,119.745,-8.41825,57.9638,855.551,-49.314,226.328,3.72837,6.4639,-0.923053,1.8209,0.0108202,8.39883
0.996186,0.00340709,0.0870234,-0.00526777,119.745,-8.41828,57.9894,855.851,-49.335,226.473,3.72837,6.4639,-0.923053,1.8209,0.0108202,8.39883
0.996229,0.00357596,0.0865146,-0.00547125,119.745,-8.41809,58.0162,856.15,-49.356,226.618,3.72837,6.4639,-0.923053,1.8209,0.0108202,8.39883
0.996281,0.00340821,0.0859231,-0.00538937,118.82,-8.48923,57.005,854.314,-49.7062,223.354,3.72755,6.54182,-0.925165,1.76372,0.0127821,8.47604
0.996325,0.00334442,0.0854111,-0.00547403,118.82,-8.48902,57.0312,854.611,-49.7274,223.497,3.72755,6.54182,-0.925165,1.76372,0.0127821,8.47604
0.996364,0.00342793,0.0849577,-0.00541369,118.82,-8.48857,57.0579,854.908,-49.7486,223.639,3.72755,6.54182,-0.925165,1.76372,0.0127821,8.47604
0.996416,0.00303473,0.08439,-0.00495265,118.82,-8.48859,57.0842,855.205,-49.7699,223.782,3.72755,6.54182,-0.925165,1.76372,0.0127821,8.47604
0.99646,0.00299569,0.0838684,-0.00494415,118.82,-8.4884,57.1107,855.502,-49.7911,223.925,3.72755,6.54182,-0.925165,1.76372,0.0127821,8.47604
0.996503,0.00301007,0.0833657,-0.00489756,118.82,-8.48813,57.1374,855.799,-49.8123,224.067,3.72755,6.54182,-0.925165,1.76372,0.0127821,8.47604
0.996544,0.00302751,0.0828719,-0.0048951,118.819,-8.48781,57.1639,856.096,-49.8335,224.21,3.72755,6.54182,-0.925165,1.76372,0.0127821,8.47604
0.996594,0.00284273,0.0822891,-0.00460845,118.819,-8.48785,57.1911,856.393,-49.8547,224.353,3.72755,6.54182,-0.925165,1.76372,0.0127821,8.47604
0.99665,0.00282156,0.0816101,-0.00459249,118.819,-8.48825,57.2176,856.69,-49.876,224.496,3.72755,6.54182,-0.925165,1.76372,0.0127821,8.47604
0.996692,0.00278981,0.0811002,-0.00448922,118.819,-8.48798,57.2445,856.987,-49.8972,224.64,3.72755,6.54182,-0.925165,1.76372,0.0127821,8.47604
0.996732,0.00277781,0.0806015,-0.00451849,118.818,-8.48767,57.2709,857.285,-49.9184,224.783,3.72755,6.54182,-0.925165,1.76372,0.0127821,8.47604
0.996794,0.00181077,0.0799335,-0.00334547,118.818,-8.48814,57.2973,857.582,-49.9396,224.926,3.72755,6.54182,-0.925165,1.76372,0.0127821,8.47604
0.996837,0.00192392,0.0793717,-0.00341123,118.818,-8.48806,57.3236,857.879,-49.9608,225.069,3.72755,6.54182,-0.925165,1.76372,0.0127821,8.47604
0.996887,0.00187645,0.0787451,-0.00333472,118.818,-8.48822,57.3504,858.176,-49.9821,225.213,3.72755,6.54182,-0.925165,1.76372,0.0127821,8.47604
0.996933,0.00187677,0.0781731,-0.00332189,118.818,-8.48816,57.377,858.473,-50.0033,225.356,3.72755,6.54182,-0.925165,1.76372,0.0127821,8.47604
0.996991,0.0015202,0.07745,-0.00276302,118.062,-8.54563,56.5619,857.008,-50.2934,222.725,3.72701,6.60458,-0.926799,1.71786,0.0143499,8.54032
0.997054,0.00138098,0.0766375,-0.00279167,118.061,-8.54649,56.5883,857.303,-50.3148,222.866,3.72701,6.60458,-0.926799,1.71786,0.0143499,8.54032
0.9971,0.00143886,0.0760428,-0.00281946,118.061,-8.54651,56.6147,857.598,-50.3361,223.008,3.72701,6.60458,-0.926799,1.71786,0.0143499,8.54032
0.997142,0.00142675,0.0754824,-0.00278571,118.061,-8.54638,56.6414,857.894,-50.3575,223.149,3.72701,6.60458,-0.926799,1.71786,0.0143499,8.54032
0.997189,0.002049,0.0748143,-0.0035453,118.061,-8.54664,56.6676,858.189,-50.3789,223.291,3.72701,6.60458,-0.926799,1.71786,0.0143499,8.54032
0.997235,0.00211212,0.0741918,-0.00361109,118.061,-8.54674,56.6939,858.484,-50.4002,223.433,3.72701,6.60458,-0.926799,1.71786,0.0143499,8.54032
0.997286,0.00201005,0.0735071,-0.00363744,118.061,-8.54708,56.7203,858.779,-50.4216,223.575,3.72701,6.60458,-0.926799,1.71786,0.0143499,8.54032
0.997337,0.00206509,0.0728151,-0.00351345,118.061,-8.54745,56.7473,859.074,-50.443,223.716,3.72701,6.60458,-0.926799,1.71786,0.0143499,8.54032
0.997361,0.00395662,0.0723357,-0.0056291,118.061,-8.54706,56.7738,859.369,-50.4643,223.858,3.72701,6.60458,-0.926799,1.71786,0.0143499,8.54032
0.997394,0.00391782,0.0718229,-0.00562664,118.061,-8.54672,56.8004,859.665,-50.4857,224,3.72701,6.60458,-0.926799,1.71786,0.0143499,8.54032
0.99743,0.00392796,0.0713105,-0.00578057,118.061,-8.54638,56.8264,859.96,-50.5071,224.142,3.72701,6.60458,-0.926799,1.71786,0.0143499,8.54032
0.997474,0.00401179,0.070663,-0.00593563,118.061,-8.54656,56.8524,860.255,-50.5284,224.285,3.72701,6.60458,-0.926799,1.71786,0.0143499,8.54032
0.997539,0.00258884,0.0699684,-0.00430109,118.061,-8.54687,56.8786,860.55,-50.5498,224.427,3.72701,6.60458,-0.926799,1.71786,0.0143499,8.54032
0.997575,0.00250095,0.0694136,-0.00435984,118.06,-8.54667,56.905,860.845,-50.5712,224.569,3.72701,6.60458,-0.926799,1.71786,0.0143499,8.54032
0.997616,0.0024419,0.0688177,-0.00447397,118.06,-8.54663,56.9312,861.14,-50.5925,224.711,3.72701,6.60458,-0.926799,1.71786,0.0143499,8.54032
0.997673,0.00251102,0.0679837,-0.00451406,118.256,-8.53296,57.1741,861.896,-50.5458,225.569,3.72718,6.58856,-0.926362,1.7295,0.0139507,8.52337
0.997706,0.00319391,0.0674173,-0.00535709,118.255,-8.53273,57.2008,862.192,-50.5672,225.712,3.72718,6.58856,-0.926362,1.7295,0.0139507,8.52337
0.99775,0.00325132,0.0667609,-0.00520565,118.255,-8.53291,57.228,862.487,-50.5885,225.856,3.72718,6.58856,-0.926362,1.7295,0.0139507,8.52337
0.997791,0.00320401,0.0661473,-0.00526374,118.255,-8.53292,57.2543,862.783,-50.6098,225.999,3.72718,6.58856,-0.926362,1.7295,0.0139507,8.52337
0.997836,0.00330018,0.0654507,-0.00539417,118.255,-8.53324,57.2804,863.079,-50.6312,226.142,3.72718,6.58856,-0.926362,1.7295,0.0139507,8.52337
0.997853,0.0044991,0.0650063,-0.00690723,118.255,-8.53258,57.3069,863.374,-50.6525,226.285,3.72718,6.58856,-0.926362,1.7295,0.0139507,8.52337
0.997891,0.00443247,0.0643889,-0.00688678,118.255,-8.53259,57.3336,863.67,-50.6738,226.428,3.72718,6.58856,-0.926362,1.7295,0.0139507,8.52337
0.997928,0.00439522,0.0638105,-0.00701816,118.254,-8.53244,57.3597,863.966,-50.6952,226.572,3.72718,6.58856,-0.926362,1.7295,0.0139507,8.52337
0.997987,0.00426796,0.0628891,-0.00700764,118.254,-8.5336,57.3864,864.261,-50.7165,226.715,3.72718,6.58856,-0.926362,1.7295,0.0139507,8.52337
0.998035,0.00339908,0.0623054,-0.00587636,118.254,-8.53355,57.413,864.557,-50.7378,226.859,3.72718,6.58856,-0.926362,1.7295,0.0139507,8.52337
0.998074,0.00346354,0.0616519,-0.00593445,118.254,-8.53367,57.4394,864.853,-50.7592,227.003,3.72718,6.58856,-0.926362,1.7295,0.0139507,8.52337
0.998109,0.00348862,0.0610871,-0.00584812,118.254,-8.53345,57.4664,865.148,-50.7805,227.146,3.72718,6.58856,-0.926362,1.7295,0.0139507,8.52337
0.998148,0.00338081,0.0604407,-0.00600384,118.253,-8.53353,57.4924,865.444,-50.8018,227.29,3.72718,6.58856,-0.926362,1.7295,0.0139507,8.52337
0.998201,0.0021203,0.0597696,-0.00453983,118.253,-8.53379,57.5192,865.74,-50.8232,227.434,3.72718,6.58856,-0.926362,1.7295,0.0139507,8.52337
0.998233,0.00216289,0.0592214,-0.00443014,118.253,-8.53348,57.5462,866.035,-50.8445,227.578,3.72718,6.58856,-0.926362,1.7295,0.0139507,8.52337
0.99828,0.0022847,0.0584203,-0.00443623,117.752,-8.57088,57.0234,865.142,-51.0354,225.899,3.72667,6.62895,-0.927525,1.70034,0.0149561,8.56747
0.998313,0.00217077,0.05785,-0.00448255,117.751,-8.57064,57.0499,865.437,-51.0569,226.042,3.72667,6.62895,-0.927525,1.70034,0.0149561,8.56747
0.998354,0.00183388,0.0571717,-0.00424441,117.751,-8.57083,57.0763,865.731,-51.0783,226.185,3.72667,6.62895,-0.927525,1.70034,0.0149561,8.56747
0.998385,0.0018041,0.0566278,-0.00417936,117.751,-8.57048,57.1032,866.026,-51.0997,226.327,3.72667,6.62895,-0.927525,1.70034,0.0149561,8.56747
0.998421,0.00179529,0.0559688,-0.00444441,117.75,-8.57057,57.1288,866.32,-51.1211,226.47,3.72667,6.62895,-0.927525,1.70034,0.0149561,8.56747
0.998455,0.00174142,0.0553598,-0.00440768,117.75,-8.57046,57.1557,866.614,-51.1426,226.613,3.72667,6.62895,-0.927525,1.70034,0.0149561,8.56747
0.998498,0.00126746,0.0546391,-0.00384931,117.75,-8.57081,57.1823,866.909,-51.164,226.756,3.72667,6.62895,-0.927525,1.70034,0.0149561,8.56747
0.998528,0.00121045,0.054099,-0.00372873,117.75,-8.57042,57.2094,867.203,-51.1854,226.899,3.72667,6.62895,-0.927525,1.70034,0.0149561,8.56747
0.998563,0.00128597,0.0534438,-0.00367936,117.75,-8.57047,57.2363,867.497,-51.2068,227.042,3.72667,6.62895,-0.927525,1.70034,0.0149561,8.56747
0.998592,0.00121274,0.0529178,-0.00361063,117.749,-8.57002,57.2632,867.792,-51.2283,227.185,3.72667,6.62895,-0.927525,1.70034,0.0149561,8.56747
0.998618,0.0024054,0.0522863,-0.00509159,117.749,-8.56981,57.2899,868.086,-51.2497,227.329,3.72667,6.62895,-0.927525,1.70034,0.0149561,8.56747
0.998653,0.00245408,0.0515791,-0.00507522,117.749,-8.57005,57.3166,868.38,-51.2711,227.472,3.72667,6.62895,-0.927525,1.70034,0.0149561,8.56747
0.998692,0.0023895,0.0508169,-0.00513219,117.749,-8.57049,57.3431,868.675,-51.2925,227.615,3.72667,6.62895,-0.927525,1.70034,0.0149561,8.56747
0.998721,0.00234069,0.0502307,-0.00522219,117.748,-8.57024,57.3694,868.969,-51.314,227.759,3.72667,6.62895,-0.927525,1.70034,0.0149561,8.56747
0.998764,0.00159785,0.0495149,-0.00424729,117.748,-8.57056,57.3965,869.264,-51.3354,227.902,3.72667,6.62895,-0.927525,1.70034,0.0149561,8.56747
0.998796,0.00159727,0.0488489,-0.00435058,116.645,-8.65028,56.2253,866.925,-51.7214,224.065,3.72542,6.71644,-0.930134,1.63775,0.017124,8.66587
0.998829,0.00150291,0.0481751,-0.00423932,116.644,-8.65036,56.2525,867.217,-51.743,224.205,3.72542,6.71644,-0.930134,1.63775,0.017124,8.66587
0.998865,0.00150833,0.0474324,-0.00416524,116.644,-8.65069,56.2795,867.508,-51.7646,224.346,3.72542,6.71644,-0.930134,1.63775,0.017124,8.66587
0.998886,0.00269644,0.046812,-0.00554029,116.644,-8.65041,56.306,867.8,-51.7863,224.487,3.72542,6.71644,-0.930134,1.63775,0.017124,8.66587
0.998921,0.00270488,0.046033,-0.00561318,116.644,-8.65088,56.3325,868.091,-51.8079,224.628,3.72542,6.71644,-0.930134,1.63775,0.017124,8.66587
0.998949,0.00276509,0.0454161,-0.00551615,116.644,-8.65072,56.3595,868.383,-51.8295,224.769,3.72542,6.71644,-0.930134,1.63775,0.017124,8.66587
0.998979,0.00280718,0.0447679,-0.0054581,116.644,-8.65067,56.3865,868.675,-51.8511,224.91,3.72542,6.71644,-0.930134,1.63775,0.017124,8.66587
0.998998,0.00361963,0.0442047,-0.00615099,116.644,-8.65032,56.4137,868.966,-51.8728,225.051,3.72542,6.71644,-0.930134,1.63775,0.017124,8.66587
0.999026,0.00367453,0.0435256,-0.00626871,116.644,-8.65038,56.44,869.258,-51.8944,225.192,3.72542,6.71644,-0.930134,1.63775,0.017124,8.66587
0.999058,0.00361172,0.0427891,-0.00631668,116.644,-8.65066,56.4666,869.55,-51.916,225.333,3.72542,6.71644,-0.930134,1.63775,0.017124,8.66587
0.999089,0.00373351,0.0420412,-0.00626807,116.644,-8.65098,56.4935,869.841,-51.9376,225.474,3.72542,6.71644,-0.930134,1.63775,0.017124,8.66587
0.999131,0.00240361,0.0413474,-0.0050017,116.643,-8.65108,56.5202,870.133,-51.9593,225.615,3.72542,6.71644,-0.930134,1.63775,0.017124,8.66587
0.999154,0.00235185,0.0407614,-0.00502934,116.643,-8.65075,56.5469,870.424,-51.9809,225.757,3.72542,6.71644,-0.930134,1.63775,0.017124,8.66587
0.999182,0.00244899,0.0400309,-0.00513592,116.643,-8.65098,56.5732,870.716,-52.0025,225.898,3.72542,6.71644,-0.930134,1.63775,0.017124,8.66587
0.999203,0.00250231,0.0395156,-0.00502587,116.643,-8.65038,56.6004,871.008,-52.0241,226.04,3.72542,6.71644,-0.930134,1.63775,0.017124,8.66587
0.999223,0.00321555,0.0389079,-0.00557996,116.271,-8.67664,56.2283,870.406,-52.166,224.849,3.72497,6.74546,-0.931026,1.6172,0.0178386,8.69948
0.999249,0.00332843,0.0382022,-0.0055746,116.271,-8.67676,56.255,870.697,-52.1877,224.99,3.72497,6.74546,-0.931026,1.6172,0.0178386,8.69948
0.999276,0.00325232,0.0375095,-0.00550692,116.271,-8.67682,56.2821,870.987,-52.2094,225.131,3.72497,6.74546,-0.931026,1.6172,0.0178386,8.69948
0.999305,0.00328663,0.0367414,-0.0054046,116.271,-8.67717,56.3093,871.278,-52.231,225.271,3.72497,6.74546,-0.931026,1.6172,0.0178386,8.69948
0.999318,0.00410274,0.0361773,-0.00617425,116.271,-8.6768,56.3361,871.568,-52.2527,225.412,3.72497,6.74546,-0.931026,1.6172,0.0178386,8.69948
0.999341,0.00418277,0.0355354,-0.00613319,116.271,-8.67665,56.3631,871.859,-52.2744,225.553,3.72497,6.74546,-0.931026,1.6172,0.0178386,8.69948
0.999365,0.00416894,0.0348185,-0.00625169,116.271,-8.67679,56.3894,872.15,-52.2961,225.694,3.72497,6.74546,-0.931026,1.6172,0.0178386,8.69948
0.999391,0.00415177,0.0340762,-0.00631629,116.271,-8.67701,56.416,872.44,-52.3178,225.835,3.72497,6.74546,-0.931026,1.6172,0.0178386,8.69948
0.999419,0.00348538,0.0334153,-0.00576791,116.27,-8.67688,56.4424,872.731,-52.3395,225.976,3.72497,6.74546,-0.931026,1.6172,0.0178386,8.69948
0.999442,0.00349169,0.0326977,-0.00591755,116.27,-8.677,56.4686,873.022,-52.3612,226.118,3.72497,6.74546,-0.931026,1.6172,0.0178386,8.69948
0.999462,0.00327963,0.0320823,-0.00595013,116.269,-8.67671,56.4953,873.312,-52.3829,226.259,3.72497,6.74546,-0.931026,1.6172,0.0178386,8.69948
0.999483,0.00333025,0.0314114,-0.00600085,116.269,-8.67663,56.522,873.603,-52.4046,226.4,3.72497,6.74546,-0.931026,1.6172,0.0178386,8.69948
0.999501,0.00350312,0.0307836,-0.00610625,116.269,-8.67638,56.5488,873.894,-52.4263,226.541,3.72497,6.74546,-0.931026,1.6172,0.0178386,8.69948
0.999522,0.00358518,0.0301178,-0.00604848,116.269,-8.67627,56.5759,874.184,-52.448,226.683,3.72497,6.74546,-0.931026,1.6172,0.0178386,8.69948
0.999539,0.00347905,0.0295112,-0.00619534,116.268,-8.67592,56.6022,874.475,-52.4697,226.824,3.72497,6.74546,-0.931026,1.6172,0.0178386,8.69948
0.999558,0.00343246,0.028863,-0.00623535,116.139,-8.6847,56.4921,874.454,-52.5323,226.509,3.72482,6.75532,-0.931329,1.61028,0.01808,8.71127
0.999579,0.00318512,0.0282132,-0.00598575,116.139,-8.68452,56.5187,874.745,-52.554,226.65,3.72482,6.75532,-0.931329,1.61028,0.01808,8.71127
0.999598,0.00324744,0.0275317,-0.00598612,116.139,-8.68445,56.5455,875.035,-52.5757,226.791,3.72482,6.75532,-0.931329,1.61028,0.01808,8.71127
0.999617,0.00331948,0.026811,-0.00607663,116.139,-8.68452,56.5721,875.325,-52.5974,226.933,3.72482,6.75532,-0.931329,1.61028,0.01808,8.71127
0.999633,0.00336531,0.0261666,-0.00614718,116.139,-8.6843,56.5987,875.616,-52.6192,227.074,3.72482,6.75532,-0.931329,1.61028,0.01808,8.71127
0.999671,0.00184404,0.0253053,-0.00452089,116.139,-8.68468,56.6252,875.906,-52.6409,227.216,3.72482,6.75532,-0.931329,1.61028,0.01808,8.71127
0.99969,0.0018826,0.0244115,-0.00463623,116.139,-8.68539,56.6516,876.196,-52.6626,227.357,3.72482,6.75532,-0.931329,1.61028,0.01808,8.71127
0.999705,0.00184998,0.0237996,-0.00451898,116.139,-8.68501,56.679,876.487,-52.6843,227.499,3.72482,6.75532,-0.931329,1.61028,0.01808,8.71127
0.999723,0.00177678,0.0230295,-0.00448652,116.139,-8.68524,56.706,876.777,-52.706,227.641,3.72482,6.75532,-0.931329,1.61028,0.01808,8.71127
0.999717,0.00449834,0.022566,-0.00718891,116.139,-8.68441,56.733,877.067,-52.7277,227.783,3.72482,6.75532,-0.931329,1.61028,0.01808,8.71127
0.999725,0.00455947,0.0218131,-0.00727759,116.139,-8.68456,56.7595,877.358,-52.7494,227.925,3.72482,6.75532,-0.931329,1.61028,0.01808,8.71127
0.99974,0.00456413,0.0211176,-0.00734921,116.138,-8.68449,56.7862,877.648,-52.7711,228.067,3.72482,6.75532,-0.931329,1.61028,0.01808,8.71127
0.999752,0.00465989,0.0205174,-0.0073199,116.138,-8.68405,56.8132,877.938,-52.7928,228.209,3.72482,6.75532,-0.931329,1.61028,0.01808,8.71127
0.999792,0.00282282,0.0196666,-0.0054562,116.139,-8.68425,56.8396,878.229,-52.8146,228.351,3.72482,6.75532,-0.931329,1.61028,0.01808,8.71127
0.999801,0.00270921,0.0189786,-0.00548529,116.138,-8.68412,56.8665,878.519,-52.8363,228.493,3.72482,6.75532,-0.931329,1.61028,0.01808,8.71127
0.999813,0.0027444,0.0183453,-0.00544185,115.09,-8.75494,55.7904,876.255,-53.1902,224.936,3.7238,6.83436,-0.93367,1.55552,0.0199959,8.80855
0.999828,0.00279012,0.017475,-0.00548969,115.09,-8.7555,55.8171,876.542,-53.2121,225.076,3.7238,6.83436,-0.93367,1.55552,0.0199959,8.80855
0.99983,0.00381798,0.0168837,-0.00654212,115.089,-8.75501,55.8441,876.83,-53.2339,225.215,3.7238,6.83436,-0.93367,1.55552,0.0199959,8.80855
0.999839,0.00368145,0.0162942,-0.00650013,115.088,-8.75448,55.8712,877.118,-53.2558,225.355,3.7238,6.83436,-0.93367,1.55552,0.0199959,8.80855
0.999852,0.00367944,0.0155216,-0.00640035,115.088,-8.75466,55.8986,877.406,-53.2777,225.495,3.7238,6.83436,-0.93367,1.55552,0.0199959,8.80855
0.999861,0.00360413,0.0149751,-0.00641667,115.088,-8.75395,55.9255,877.693,-53.2996,225.635,3.7238,6.83436,-0.93367,1.55552,0.0199959,8.80855
0.999893,0.00137586,0.0142267,-0.00426384,115.087,-8.7544,55.9523,877.981,-53.3215,225.775,3.7238,6.83436,-0.93367,1.55552,0.0199959,8.80855
0.999899,0.00137583,0.0134582,-0.00432529,115.087,-8.75453,55.9791,878.269,-53.3434,225.915,3.7238,6.83436,-0.93367,1.55552,0.0199959,8.80855
0.99991,0.00142078,0.0126546,-0.00430362,115.087,-8.75479,56.0061,878.556,-53.3653,226.055,3.7238,6.83436,-0.93367,1.55552,0.0199959,8.80855
0.999918,0.00139364,0.0119692,-0.00443645,115.086,-8.75458,56.0326,878.844,-53.3871,226.195,3.7238,6.83436,-0.93367,1.55552,0.0199959,8.80855
0.999929,0.000989042,0.0111451,-0.00404769,115.086,-8.75492,56.0593,879.132,-53.409,226.335,3.7238,6.83436,-0.93367,1.55552,0.0199959,8.80855
0.999935,0.00107207,0.0105482,-0.00408493,115.086,-8.75437,56.0861,879.42,-53.4309,226.475,3.7238,6.83436,-0.93367,1.55552,0.0199959,8.80855
0.999943,0.00108512,0.0097022,-0.00422255,115.086,-8.75476,56.1126,879.707,-53.4528,226.615,3.7238,6.83436,-0.93367,1.55552,0.0199959,8.80855
0.99995,0.00118176,0.00901908,-0.00422719,115.086,-8.75452,56.1396,879.995,-53.4747,226.756,3.7238,6.83436,-0.93367,1.55552,0.0199959,8.80855
0.99996,0.000515799,0.00815859,-0.00368588,115.086,-8.75493,56.1664,880.283,-53.4966,226.896,3.7238,6.83436,-0.93367,1.55552,0.0199959,8.80855
0.999966,0.000640086,0.00738817,-0.00363902,114.636,-8.78473,55.7248,879.466,-53.6608,225.462,3.72347,6.86775,-0.934612,1.53273,0.020795,8.85078
0.999971,0.000643872,0.00652372,-0.00378471,114.635,-8.78516,55.7512,879.753,-53.6827,225.601,3.72347,6.86775,-0.934612,1.53273,0.020795,8.85078
0.999977,0.000731753,0.00578913,-0.00354438,114.635,-8.7851,55.7792,880.039,-53.7047,225.741,3.72347,6.86775,-0.934612,1.53273,0.020795,8.85078
0.999974,0.00239062,0.00513487,-0.0050951,114.635,-8.78488,55.8062,880.326,-53.7267,225.88,3.72347,6.86775,-0.934612,1.53273,0.020795,8.85078
0.999975,0.00233103,0.00430975,-0.00518207,114.634,-8.78515,55.833,880.613,-53.7486,226.02,3.72347,6.86775,-0.934612,1.53273,0.020795,8.85078
0.999977,0.00241234,0.0035041,-0.00526648,114.634,-8.78535,55.8597,880.899,-53.7706,226.16,3.72347,6.86775,-0.934612,1.53273,0.020795,8.85078
0.99998,0.00239318,0.00268703,-0.00527802,114.634,-8.78557,55.8867,881.186,-53.7925,226.299,3.72347,6.86775,-0.934612,1.53273,0.020795,8.85078
0.999992,0.000764854,0.00184482,-0.0039722,114.633,-8.78597,55.9137,881.472,-53.8145,226.439,3.72347,6.86775,-0.934612,1.53273,0.020795,8.85078
0.999992,0.000696364,0.00102708,-0.00381599,114.633,-8.78618,55.9414,881.759,-53.8365,226.579,3.72347,6.86775,-0.934612,1.53273,0.020795,8.85078
0.999992,0.000801974,0.000242865,-0.00391872,114.633,-8.78625,55.9681,882.045,-53.8584,226.719,3.72347,6.86775,-0.934612,1.53273,0.020795,8.85078
0.999992,0.000719823,-0.00033576,-0.00393026,114.632,-8.78553,55.9951,882.332,-53.8804,226.859,3.72347,6.86775,-0.934612,1.53273,0.020795,8.85078
0.999988,0.00167846,-0.00111542,-0.00469841,114.632,-8.78552,56.0225,882.618,-53.9024,226.999,3.72347,6.86775,-0.934612,1.53273,0.020795,8.85078
0.999985,0.00160946,-0.00194768,-0.00485149,114.631,-8.78576,56.049,882.905,-53.9243,227.139,3.72347,6.86775,-0.934612,1.53273,0.020795,8.85078
0.999983,0.00147635,-0.00269604,-0.00486039,114.63,-8.78568,56.0761,883.192,-53.9463,227.279,3.72347,6.86775,-0.934612,1.53273,0.020795,8.85078
0.999981,0.00153751,-0.00351349,-0.00482271,114.63,-8.78585,56.1033,883.478,-53.9683,227.419,3.72347,6.86775,-0.934612,1.53273,0.020795,8.85078
0.999966,0.0036823,-0.00417156,-0.0067533,114.549,-8.79053,56.0465,883.564,-54.0155,227.278,3.7234,6.87369,-0.934784,1.52874,0.0209357,8.8585
0.999958,0.00366145,-0.00494103,-0.00674988,114.548,-8.79052,56.0736,883.85,-54.0375,227.418,3.7234,6.87369,-0.934784,1.52874,0.0209357,8.8585
0.999956,0.00364226,-0.00556116,-0.00664721,114.548,-8.78992,56.1011,884.137,-54.0594,227.558,3.7234,6.87369,-0.934784,1.52874,0.0209357,8.8585
0.999952,0.00359296,-0.00627163,-0.00654458,114.547,-8.78967,56.1287,884.423,-54.0814,227.698,3.7234,6.87369,-0.934784,1.52874,0.0209357,8.8585
0.999967,0.00142622,-0.00706193,-0.00464565,114.546,-8.79002,56.1557,884.709,-54.1034,227.839,3.7234,6.87369,-0.934784,1.52874,0.0209357,8.8585
0.999957,0.00144218,-0.00783592,-0.00465539,114.546,-8.78999,56.1828,884.996,-54.1254,227.979,3.7234,6.87369,-0.934784,1.52874,0.0209357,8.8585
0.99995,0.00145538,-0.00870256,-0.00473105,114.546,-8.79031,56.2096,885.282,-54.1473,228.12,3.7234,6.87369,-0.934784,1.52874,0.0209357,8.8585
0.999942,0.00148128,-0.00950706,-0.0047672,114.546,-8.79037,56.2366,885.568,-54.1693,228.26,3.7234,6.87369,-0.934784,1.52874,0.0209357,8.8585
0.999933,0.00170774,-0.0102907,-0.00507261,114.545,-8.79031,56.2639,885.855,-54.1913,228.401,3.7234,6.87369,-0.934784,1.52874,0.0209357,8.8585
0.999924,0.0015856,-0.0110983,-0.00507741,114.544,-8.79037,56.291,886.141,-54.2133,228.542,3.7234,6.87369,-0.934784,1.52874,0.0209357,8.8585
0.999914,0.0016506,-0.0119542,-0.0051323,114.544,-8.79062,56.318,886.428,-54.2352,228.683,3.7234,6.87369,-0.934784,1.52874,0.0209357,8.8585
0.999902,0.00157657,-0.0128995,-0.00512921,114.543,-8.7912,56.3452,886.714,-54.2572,228.823,3.7234,6.87369,-0.934784,1.52874,0.0209357,8.8585
0.999896,0.000786722,-0.0137381,-0.00452727,114.543,-8.79147,56.372,887,-54.2792,228.964,3.7234,6.87369,-0.934784,1.52874,0.0209357,8.8585
0.999884,0.000681767,-0.0145528,-0.00443894,114.542,-8.79153,56.3996,887.287,-54.3012,229.105,3.7234,6.87369,-0.934784,1.52874,0.0209357,8.8585
0.99987,0.000436342,-0.0155439,-0.00435506,114.541,-8.79226,56.4271,887.573,-54.3232,229.246,3.7234,6.87369,-0.934784,1.52874,0.0209357,8.8585
0.999857,0.000370371,-0.016351,-0.00425648,113.217,-8.87677,55.1104,884.593,-54.7495,224.872,3.72233,6.9687,-0.937521,1.46656,0.0231446,8.98421
0.999839,0.00140354,-0.0172037,-0.00494925,113.217,-8.87676,55.1378,884.876,-54.7717,225.01,3.72233,6.9687,-0.937521,1.46656,0.0231446,8.98421
0.999825,0.00141629,-0.017969,-0.00498138,113.216,-8.87661,55.1649,885.159,-54.7939,225.148,3.72233,6.9687,-0.937521,1.46656,0.0231446,8.98421
0.999812,0.00128386,-0.0187274,-0.00493173,113.215,-8.87642,55.1923,885.442,-54.8161,225.286,3.72233,6.9687,-0.937521,1.46656,0.0231446,8.98421
0.999795,0.0012478,-0.0195843,-0.00505673,113.215,-8.87661,55.2191,885.725,-54.8383,225.424,3.72233,6.9687,-0.937521,1.46656,0.0231446,8.98421
0.999781,0.000644357,-0.0204145,-0.00462557,113.214,-8.87681,55.2462,886.008,-54.8605,225.562,3.72233,6.9687,-0.937521,1.46656,0.0231446,8.98421
0.999764,0.000781163,-0.0211977,-0.00465738,113.214,-8.8767,55.2733,886.291,-54.8827,225.7,3.72233,6.9687,-0.937521,1.46656,0.0231446,8.98421
0.999748,0.000800631,-0.0219875,-0.00455881,113.214,-8.8766,55.3009,886.574,-54.9049,225.838,3.72233,6.9687,-0.937521,1.46656,0.0231446,8.98421
0.999731,0.000870411,-0.0227198,-0.00454389,113.214,-8.87628,55.3283,886.857,-54.9271,225.977,3.72233,6.9687,-0.937521,1.46656,0.0231446,8.98421
0.999707,0.00243507,-0.0234385,-0.00587522,113.213,-8.87594,55.3556,887.14,-54.9492,226.115,3.72233,6.9687,-0.937521,1.46656,0.0231446,8.98421
0.999686,0.00229996,-0.0242429,-0.00596008,113.213,-8.87588,55.3825,887.423,-54.9714,226.254,3.72233,6.9687,-0.937521,1.46656,0.0231446,8.98421
0.999664,0.00228987,-0.0251053,-0.00602085,113.212,-8.87605,55.4095,887.706,-54.9936,226.392,3.72233,6.9687,-0.937521,1.46656,0.0231446,8.98421
0.999642,0.00238074,-0.0259619,-0.00602042,113.212,-8.87619,55.4368,887.989,-55.0158,226.531,3.72233,6.9687,-0.937521,1.46656,0.0231446,8.98421
0.999633,0.000352475,-0.0268937,-0.00425002,113.211,-8.87666,55.4645,888.272,-55.038,226.669,3.72233,6.9687,-0.937521,1.46656,0.0231446,8.98421
0.999609,0.000336143,-0.0276529,-0.0042276,113.211,-8.8764,55.4919,888.555,-55.0602,226.808,3.72233,6.9687,-0.937521,1.46656,0.0231446,8.98421
0.999583,0.000432089,-0.0285451,-0.00437093,112.804,-8.90241,55.112,887.834,-55.204,225.582,3.72194,6.99749,-0.938383,1.44826,0.0238016,9.02289
0.999557,0.000387592,-0.0294299,-0.00447548,112.804,-8.90261,55.139,888.116,-55.2262,225.719,3.72194,6.99749,-0.938383,1.44826,0.0238016,9.02289
0.999528,0.0021336,-0.0301692,-0.00577251,112.804,-8.90231,55.1666,888.398,-55.2485,225.857,3.72194,6.99749,-0.938383,1.44826,0.0238016,9.02289
0.999497,0.00196999,-0.0311501,-0.00564725,112.803,-8.90288,55.1944,888.68,-55.2708,225.995,3.72194,6.99749,-0.938383,1.44826,0.0238016,9.02289
0.999472,0.0019733,-0.0319421,-0.00567764,112.802,-8.90271,55.2216,888.962,-55.293,226.133,3.72194,6.99749,-0.938383,1.44826,0.0238016,9.02289
0.999445,0.00182394,-0.0327842,-0.00570648,112.801,-8.90273,55.2488,889.244,-55.3153,226.271,3.72194,6.99749,-0.938383,1.44826,0.0238016,9.02289
0.999422,0.000651363,-0.0337097,-0.00462448,112.801,-8.90312,55.2761,889.526,-55.3375,226.41,3.72194,6.99749,-0.938383,1.44826,0.0238016,9.02289
0.999398,0.000564334,-0.0343832,-0.00456778,112.801,-8.90247,55.3036,889.808,-55.3598,226.548,3.72194,6.99749,-0.938383,1.44826,0.0238016,9.02289
0.999369,0.000461214,-0.0351993,-0.00468098,112.8,-8.90236,55.3306,890.09,-55.382,226.686,3.72194,6.99749,-0.938383,1.44826,0.0238016,9.02289
0.999349,0.000430405,-0.0357875,-0.00465355,112.799,-8.90137,55.358,890.372,-55.4043,226.825,3.72194,6.99749,-0.938383,1.44826,0.0238016,9.02289
0.999315,0.000897816,-0.0366446,-0.00519613,112.798,-8.90129,55.3852,890.654,-55.4266,226.963,3.72194,6.99749,-0.938383,1.44826,0.0238016,9.02289
0.99928,0.000806046,-0.0375723,-0.00519028,112.797,-8.90159,55.4126,890.936,-55.4488,227.102,3.72194,6.99749,-0.938383,1.44826,0.0238016,9.02289
0.999247,0.000871362,-0.03843,-0.00529804,112.797,-8.90162,55.4395,891.218,-55.4711,227.24,3.72194,6.99749,-0.938383,1.44826,0.0238016,9.02289
0.999219,0.000805271,-0.0391326,-0.0053567,112.796,-8.90104,55.4667,891.5,-55.4933,227.379,3.72194,6.99749,-0.938383,1.44826,0.0238016,9.02289
0.999181,0.00189158,-0.0399329,-0.00642021,112.796,-8.90062,55.4937,891.782,-55.5156,227.518,3.72194,6.99749,-0.938383,1.44826,0.0238016,9.02289
0.999143,0.00194803,-0.0408271,-0.00648089,112.786,-8.90139,55.5111,892.039,-55.5407,227.624,3.72193,6.99818,-0.938403,1.44784,0.023817,9.02383
0.999108,0.00202308,-0.0416746,-0.00645124,112.785,-8.90136,55.5387,892.321,-55.563,227.763,3.72193,6.99818,-0.938403,1.44784,0.023817,9.02383
0.999072,0.00204916,-0.0425169,-0.00652419,112.785,-8.90129,55.5658,892.603,-55.5853,227.901,3.72193,6.99818,-0.938403,1.44784,0.023817,9.02383
0.999041,0.00148436,-0.0433269,-0.00619916,112.784,-8.90112,55.5931,892.885,-55.6075,228.04,3.72193,6.99818,-0.938403,1.44784,0.023817,9.02383
0.999002,0.00161936,-0.0442174,-0.00616205,112.784,-8.90123,55.6207,893.167,-55.6298,228.179,3.72193,6.99818,-0.938403,1.44784,0.023817,9.02383
0.998963,0.00177167,-0.0450887,-0.00612623,112.784,-8.90126,55.6483,893.449,-55.652,228.319,3.72193,6.99818,-0.938403,1.44784,0.023817,9.02383
0.998929,0.00174989,-0.0458273,-0.00610662,112.783,-8.90076,55.6759,893.731,-55.6743,228.458,3.72193,6.99818,-0.938403,1.44784,0.023817,9.02383
0.998891,0.000894657,-0.0467662,-0.00547773,112.783,-8.90089,55.7028,894.013,-55.6965,228.597,3.72193,6.99818,-0.938403,1.44784,0.023817,9.02383
0.998854,0.000884859,-0.0475364,-0.00541458,112.783,-8.9005,55.7306,894.295,-55.7188,228.736,3.72193,6.99818,-0.938403,1.44784,0.023817,9.02383
0.998812,0.000864884,-0.0484105,-0.00549512,112.782,-8.9005,55.7577,894.577,-55.741,228.876,3.72193,6.99818,-0.938403,1.44784,0.023817,9.02383
0.998766,0.000917852,-0.0493555,-0.00546492,112.782,-8.90077,55.7854,894.859,-55.7633,229.015,3.72193,6.99818,-0.938403,1.44784,0.023817,9.02383
0.998723,0.000778435,-0.0502255,-0.00531151,112.781,-8.90073,55.8133,895.141,-55.7855,229.155,3.72193,6.99818,-0.938403,1.44784,0.023817,9.02383
0.99868,0.000785346,-0.0510706,-0.00533467,112.78,-8.9006,55.8408,895.423,-55.8078,229.294,3.72193,6.99818,-0.938403,1.44784,0.023817,9.02383
0.998641,0.000668073,-0.0518427,-0.00521447,112.779,-8.90018,55.8687,895.705,-55.83,229.434,3.72193,6.99818,-0.938403,1.44784,0.023817,9.02383
0.998597,0.000691561,-0.052694,-0.00518589,112.778,-8.90005,55.8964,895.987,-55.8523,229.574,3.72193,6.99818,-0.938403,1.44784,0.023817,9.02383
0.99855,0.000725137,-0.0535722,-0.00525682,111.839,-8.95648,55.0143,893.952,-56.1519,226.668,3.72127,7.06275,-0.940197,1.40945,0.0252095,9.11299
0.998507,0.000620609,-0.054366,-0.00533663,111.838,-8.95612,55.0415,894.232,-56.1743,226.806,3.72127,7.06275,-0.940197,1.40945,0.0252095,9.11299
0.998454,0.000608332,-0.0553287,-0.00536547,111.837,-8.9564,55.0689,894.511,-56.1967,226.943,3.72127,7.06275,-0.940197,1.40945,0.0252095,9.11299
0.9984,0.000682679,-0.0562969,-0.00532539,111.837,-8.9567,55.0967,894.791,-56.2191,227.081,3.72127,7.06275,-0.940197,1.40945,0.0252095,9.11299
0.998349,0.000859688,-0.0571768,-0.00551178,111.836,-8.95663,55.1241,895.07,-56.2415,227.219,3.72127,7.06275,-0.940197,1.40945,0.0252095,9.11299
0.998304,0.000958123,-0.0579436,-0.00550127,111.836,-8.95614,55.1517,895.35,-56.2639,227.357,3.72127,7.06275,-0.940197,1.40945,0.0252095,9.11299
0.998253,0.000783093,-0.0588346,-0.00539523,111.835,-8.95611,55.1797,895.63,-56.2863,227.495,3.72127,7.06275,-0.940197,1.40945,0.0252095,9.11299
0.998198,0.000791922,-0.0597644,-0.00540373,111.834,-8.95623,55.2072,895.909,-56.3087,227.633,3.72127,7.06275,-0.940197,1.40945,0.0252095,9.11299
0.998147,-2.4982e-05,-0.0606511,-0.00503519,111.833,-8.95629,55.2346,896.189,-56.3311,227.771,3.72127,7.06275,-0.940197,1.40945,0.0252095,9.11299
0.99809,-5.54322e-05,-0.0615592,-0.00515442,111.832,-8.9563,55.2617,896.469,-56.3535,227.909,3.72127,7.06275,-0.940197,1.40945,0.0252095,9.11299
0.998037,-0.000190388,-0.0624133,-0.00522136,111.831,-8.9561,55.289,896.748,-56.3758,228.047,3.72127,7.06275,-0.940197,1.40945,0.0252095,9.11299
0.997983,-0.000234368,-0.06326,-0.00525075,111.83,-8.95586,55.3165,897.028,-56.3982,228.186,3.72127,7.06275,-0.940197,1.40945,0.0252095,9.11299
0.997923,0.000232934,-0.0641697,-0.00558244,111.829,-8.95578,55.3441,897.307,-56.4206,228.324,3.72127,7.06275,-0.940197,1.40945,0.0252095,9.11299
0.997859,0.000214305,-0.0651642,-0.00553081,111.829,-8.95609,55.3719,897.587,-56.443,228.462,3.72127,7.06275,-0.940197,1.40945,0.0252095,9.11299
0.997803,0.000293495,-0.0660186,-0.00549375,111.828,-8.95587,55.3998,897.866,-56.4654,228.601,3.72127,7.06275,-0.940197,1.40945,0.0252095,9.11299
0.997733,0.000231325,-0.067073,-0.00554135,110.809,-9.01566,54.4564,895.638,-56.79,225.501,3.72081,7.13201,-0.941972,1.36999,0.026645,9.20923
0.997671,0.000983344,-0.067945,-0.00603933,110.808,-9.01546,54.4839,895.915,-56.8125,225.638,3.72081,7.13201,-0.941972,1.36999,0.026645,9.20923
0.997601,0.00090047,-0.0689518,-0.00612239,110.807,-9.01579,54.5113,896.192,-56.835,225.774,3.72081,7.13201,-0.941972,1.36999,0.026645,9.20923
0.997534,0.000877862,-0.0699053,-0.00619331,110.807,-9.01592,54.5387,896.469,-56.8576,225.91,3.72081,7.13201,-0.941972,1.36999,0.026645,9.20923
0.997469,0.000777426,-0.0708333,-0.00618275,110.805,-9.01593,54.5664,896.746,-56.8801,226.047,3.72081,7.13201,-0.941972,1.36999,0.026645,9.20923
0.997413,-0.00210131,-0.0718119,-0.00435501,110.805,-9.01653,54.5936,897.023,-56.9027,226.183,3.72081,7.13201,-0.941972,1.36999,0.026645,9.20923
0.997337,-0.00206381,-0.0727693,-0.00444523,110.804,-9.01664,54.6209,897.3,-56.9252,226.32,3.72081,7.13201,-0.941972,1.36999,0.026645,9.20923
0.997276,-0.00186862,-0.0736059,-0.00437561,110.804,-9.01627,54.649,897.577,-56.9477,226.456,3.72081,7.13201,-0.941972,1.36999,0.026645,9.20923
0.997207,-0.00188726,-0.0745483,-0.00419649,110.803,-9.01629,54.6774,897.854,-56.9703,226.593,3.72081,7.13201,-0.941972,1.36999,0.026645,9.20923
0.99714,-0.000107709,-0.0754116,-0.00547241,110.802,-9.016,54.7052,898.131,-56.9928,226.73,3.72081,7.13201,-0.941972,1.36999,0.026645,9.20923
0.997067,-7.29388e-05,-0.0763537,-0.00531595,110.801,-9.01603,54.7336,898.408,-57.0154,226.867,3.72081,7.13201,-0.941972,1.36999,0.026645,9.20923
0.996985,1.17164e-05,-0.0774198,-0.00528203,110.801,-9.01652,54.7615,898.685,-57.0379,227.004,3.72081,7.13201,-0.941972,1.36999,0.026645,9.20923
0.99691,5.45099e-05,-0.0783734,-0.00526228,110.8,-9.01657,54.7893,898.962,-57.0604,227.141,3.72081,7.13201,-0.941972,1.36999,0.026645,9.20923
0.996838,0.000687255,-0.0792774,-0.00547863,110.8,-9.0165,54.8177,899.239,-57.083,227.278,3.72081,7.13201,-0.941972,1.36999,0.026645,9.20923
0.996759,0.000607164,-0.0802586,-0.00550766,110.799,-9.01665,54.8453,899.516,-57.1055,227.415,3.72081,7.13201,-0.941972,1.36999,0.026645,9.20923
0.996685,0.000635713,-0.0811687,-0.00542567,109.705,-9.07916,53.8522,897.115,-57.4494,224.158,3.72029,7.20543,-0.943832,1.33011,0.0281107,9.31157
0.99661,0.000676883,-0.0820884,-0.00536297,109.705,-9.07905,53.8802,897.39,-57.4721,224.292,3.72029,7.20543,-0.943832,1.33011,0.0281107,9.31157
0.996534,0.00173244,-0.0829439,-0.00613951,109.704,-9.07879,53.9076,897.664,-57.4948,224.427,3.72029,7.20543,-0.943832,1.33011,0.0281107,9.31157
0.996442,0.00163825,-0.0840573,-0.0059883,109.703,-9.07942,53.9359,897.938,-57.5175,224.562,3.72029,7.20543,-0.943832,1.33011,0.0281107,9.31157
0.996359,0.0016167,-0.0850168,-0.00614227,109.702,-9.07945,53.9632,898.212,-57.5402,224.697,3.72029,7.20543,-0.943832,1.33011,0.0281107,9.31157
0.996284,0.00155374,-0.0858911,-0.00624023,109.701,-9.07914,53.9906,898.486,-57.5629,224.832,3.72029,7.20543,-0.943832,1.33011,0.0281107,9.31157
0.996202,-0.000658333,-0.0869864,-0.00477125,109.701,-9.07964,54.0181,898.761,-57.5856,224.967,3.72029,7.20543,-0.943832,1.33011,0.0281107,9.31157
0.996101,-0.000608998,-0.0880739,-0.0049761,109.7,-9.08013,54.0452,899.035,-57.6083,225.102,3.72029,7.20543,-0.943832,1.33011,0.0281107,9.31157
0.996007,-0.000568346,-0.0891363,-0.0050143,109.699,-9.08051,54.0729,899.309,-57.631,225.237,3.72029,7.20543,-0.943832,1.33011,0.0281107,9.31157
0.99593,-0.000614824,-0.0899946,-0.00500456,109.698,-9.08009,54.1008,899.583,-57.6537,225.373,3.72029,7.20543,-0.943832,1.33011,0.0281107,9.31157
0.995841,-0.000160703,-0.0909429,-0.00546335,109.698,-9.08003,54.128,899.858,-57.6764,225.508,3.72029,7.20543,-0.943832,1.33011,0.0281107,9.31157
0.995753,-0.000214799,-0.0919043,-0.00549985,109.697,-9.07999,54.1558,900.132,-57.6991,225.643,3.72029,7.20543,-0.943832,1.33011,0.0281107,9.31157
0.995662,-0.0002597,-0.0928636,-0.00571832,109.696,-9.07995,54.1828,900.406,-57.7218,225.779,3.72029,7.20543,-0.943832,1.33011,0.0281107,9.31157
0.995569,-0.000428483,-0.0938535,-0.00588458,109.694,-9.08001,54.21,900.68,-57.7445,225.914,3.72029,7.20543,-0.943832,1.33011,0.0281107,9.31157
0.99548,-0.00150531,-0.0948213,-0.00525299,109.693,-9.08016,54.2378,900.955,-57.7672,226.05,3.72029,7.20543,-0.943832,1.33011,0.0281107,9.31157
0.995387,-0.00149324,-0.0957907,-0.00518151,109.397,-9.09692,53.9956,900.51,-57.8756,225.291,3.72012,7.22501,-0.944336,1.32001,0.0284879,9.33891
0.995302,-0.00151807,-0.0966763,-0.00511246,109.396,-9.09655,54.0238,900.783,-57.8983,225.426,3.72012,7.22501,-0.944336,1.32001,0.0284879,9.33891
0.995222,-0.00150319,-0.0974924,-0.00511777,109.395,-9.0959,54.0517,901.057,-57.9211,225.561,3.72012,7.22501,-0.944336,1.32001,0.0284879,9.33891
0.995125,-0.000979902,-0.0984737,-0.00533623,109.395,-9.09584,54.0801,901.33,-57.9438,225.696,3.72012,7.22501,-0.944336,1.32001,0.0284879,9.33891
0.995019,-0.00109249,-0.0995327,-0.00537238,109.393,-9.09612,54.1078,901.604,-57.9665,225.832,3.72012,7.22501,-0.944336,1.32001,0.0284879,9.33891
0.994918,-0.00110491,-0.100534,-0.00541396,109.392,-9.09616,54.1356,901.877,-57.9893,225.967,3.72012,7.22501,-0.944336,1.32001,0.0284879,9.33891
0.994804,-0.00116916,-0.101651,-0.00555681,109.391,-9.09665,54.163,902.151,-58.012,226.102,3.72012,7.22501,-0.944336,1.32001,0.0284879,9.33891
0.994698,-0.00364487,-0.102746,-0.00395283,109.39,-9.09731,54.1912,902.424,-58.0348,226.238,3.72012,7.22501,-0.944336,1.32001,0.0284879,9.33891
0.994594,-0.00363356,-0.103699,-0.0040392,109.389,-9.09714,54.2188,902.698,-58.0575,226.373,3.72012,7.22501,-0.944336,1.32001,0.0284879,9.33891
0.99449,-0.00362458,-0.104693,-0.00396403,109.388,-9.0971,54.2471,902.971,-58.0803,226.509,3.72012,7.22501,-0.944336,1.32001,0.0284879,9.33891
0.994402,-0.00368843,-0.105531,-0.00387611,109.387,-9.09646,54.2754,903.245,-58.103,226.645,3.72012,7.22501,-0.944336,1.32001,0.0284879,9.33891
0.994294,-0.00238571,-0.106553,-0.00477483,109.386,-9.09642,54.3031,903.518,-58.1257,226.781,3.72012,7.22501,-0.944336,1.32001,0.0284879,9.33891
0.99419,-0.00234673,-0.107507,-0.00469524,109.385,-9.09622,54.3314,903.791,-58.1485,226.916,3.72012,7.22501,-0.944336,1.32001,0.0284879,9.33891
0.99409,-0.00234707,-0.108433,-0.00474448,109.384,-9.0959,54.3593,904.065,-58.1712,227.052,3.72012,7.22501,-0.944336,1.32001,0.0284879,9.33891
0.99397,-0.00249751,-0.109523,-0.0046316,109.382,-9.0962,54.3877,904.338,-58.194,227.188,3.72012,7.22501,-0.944336,1.32001,0.0284879,9.33891
0.993849,-0.00321378,-0.110622,-0.00416353,108.726,-9.1336,53.8272,903.025,-58.4068,225.39,3.71971,7.26812,-0.945421,1.29908,0.0292782,9.39878
0.993734,-0.00320439,-0.111653,-0.00402441,108.725,-9.13366,53.8558,903.297,-58.4297,225.525,3.71971,7.26812,-0.945421,1.29908,0.0292782,9.39878
0.993617,-0.00320751,-0.112691,-0.00406859,108.724,-9.13374,53.8837,903.569,-58.4525,225.66,3.71971,7.26812,-0.945421,1.29908,0.0292782,9.39878
0.993499,-0.00322916,-0.113714,-0.00424165,108.723,-9.13375,53.9111,903.841,-58.4753,225.794,3.71971,7.26812,-0.945421,1.29908,0.0292782,9.39878
0.993382,-0.00221737,-0.114749,-0.00467884,108.722,-9.13377,53.9398,904.112,-58.4982,225.929,3.71971,7.26812,-0.945421,1.29908,0.0292782,9.39878
0.993252,-0.00213263,-0.115864,-0.00461799,108.721,-9.13413,53.9681,904.384,-58.521,226.064,3.71971,7.26812,-0.945421,1.29908,0.0292782,9.39878
0.993122,-0.00222445,-0.11697,-0.00465645,108.72,-9.13444,53.996,904.656,-58.5438,226.199,3.71971,7.26812,-0.945421,1.29908,0.0292782,9.39878
0.99299,-0.00235459,-0.118087,-0.00465598,108.718,-9.13479,54.0241,904.928,-58.5667,226.334,3.71971,7.26812,-0.945421,1.29908,0.0292782,9.39878
0.992858,-0.0038929,-0.119196,-0.00373501,108.717,-9.13527,54.0526,905.2,-58.5895,226.469,3.71971,7.26812,-0.945421,1.29908,0.0292782,9.39878
0.992745,-0.00381425,-0.120126,-0.00367643,108.716,-9.13487,54.081,905.471,-58.6124,226.605,3.71971,7.26812,-0.945421,1.29908,0.0292782,9.39878
0.992634,-0.00384061,-0.121042,-0.00353306,108.714,-9.1344,54.1096,905.743,-58.6352,226.74,3.71971,7.26812,-0.945421,1.29908,0.0292782,9.39878
0.992528,-0.00387009,-0.121902,-0.00367523,108.713,-9.13371,54.1372,906.015,-58.658,226.875,3.71971,7.26812,-0.945421,1.29908,0.0292782,9.39878
0.992392,-0.0034674,-0.123001,-0.00406,108.711,-9.13386,54.1651,906.287,-58.6809,227.011,3.71971,7.26812,-0.945421,1.29908,0.0292782,9.39878
0.992271,-0.00342104,-0.123975,-0.00411102,108.71,-9.1336,54.1931,906.558,-58.7037,227.146,3.71971,7.26812,-0.945421,1.29908,0.0292782,9.39878
0.992148,-0.00332979,-0.124953,-0.00421995,108.71,-9.13335,54.2209,906.83,-58.7265,227.282,3.71971,7.26812,-0.945421,1.29908,0.0292782,9.39878
0.992028,-0.00327379,-0.125902,-0.00429622,107.81,-9.18383,53.4598,904.948,-59.0116,224.845,3.71908,7.32677,-0.946868,1.27251,0.0302905,9.47928
0.991907,-0.00123592,-0.126866,-0.00543167,107.808,-9.18347,53.4887,905.217,-59.0345,224.979,3.71908,7.32677,-0.946868,1.27251,0.0302905,9.47928
0.991767,-0.00127665,-0.127935,-0.00538953,107.807,-9.18355,53.517,905.487,-59.0575,225.113,3.71908,7.32677,-0.946868,1.27251,0.0302905,9.47928
0.991622,-0.00129083,-0.129052,-0.00549589,107.806,-9.18381,53.5448,905.757,-59.0805,225.247,3.71908,7.32677,-0.946868,1.27251,0.0302905,9.47928
0.991506,-0.00143975,-0.129941,-0.00547821,107.804,-9.18318,53.573,906.026,-59.1034,225.381,3.71908,7.32677,-0.946868,1.27251,0.0302905,9.47928
0.991369,-0.00106046,-0.130972,-0.00575205,107.803,-9.18305,53.601,906.296,-59.1264,225.515,3.71908,7.32677,-0.946868,1.27251,0.0302905,9.47928
0.991242,-0.00100297,-0.131924,-0.00588195,107.802,-9.18265,53.6288,906.565,-59.1493,225.649,3.71908,7.32677,-0.946868,1.27251,0.0302905,9.47928
0.991103,-0.000982025,-0.132963,-0.00585152,107.8,-9.18258,53.6572,906.835,-59.1723,225.783,3.71908,7.32677,-0.946868,1.27251,0.0302905,9.47928
0.990965,-0.00097651,-0.133986,-0.00594345,107.799,-9.18243,53.6851,907.104,-59.1953,225.917,3.71908,7.32677,-0.946868,1.27251,0.0302905,9.47928
0.990824,-0.0010876,-0.135028,-0.00587629,107.798,-9.18235,53.7133,907.374,-59.2182,226.051,3.71908,7.32677,-0.946868,1.27251,0.0302905,9.47928
0.990672,-0.00104769,-0.136133,-0.00590929,107.797,-9.18251,53.7415,907.643,-59.2412,226.186,3.71908,7.32677,-0.946868,1.27251,0.0302905,9.47928
0.99052,-0.000998281,-0.137232,-0.00603311,107.796,-9.18264,53.7694,907.913,-59.2641,226.32,3.71908,7.32677,-0.946868,1.27251,0.0302905,9.47928
0.990364,-0.00116159,-0.138361,-0.00589377,107.794,-9.18287,53.7981,908.182,-59.2871,226.455,3.71908,7.32677,-0.946868,1.27251,0.0302905,9.47928
0.990213,-0.0012709,-0.139439,-0.0058181,107.793,-9.18288,53.8261,908.451,-59.31,226.589,3.71908,7.32677,-0.946868,1.27251,0.0302905,9.47928
0.990071,-0.00130684,-0.140449,-0.00560071,107.792,-9.18263,53.8553,908.721,-59.333,226.724,3.71908,7.32677,-0.946868,1.27251,0.0302905,9.47928
0.989913,-0.00115397,-0.141555,-0.00567925,107.961,-9.17344,54.0287,909.392,-59.3056,227.328,3.71916,7.31577,-0.946628,1.27712,0.030115,9.46445
0.989746,-0.00121801,-0.142723,-0.00557224,107.959,-9.17378,54.0574,909.662,-59.3285,227.463,3.71916,7.31577,-0.946628,1.27712,0.030115,9.46445
0.989588,-0.0016967,-0.143817,-0.00540164,107.957,-9.17382,54.0855,909.932,-59.3515,227.598,3.71916,7.31577,-0.946628,1.27712,0.030115,9.46445
0.98942,-0.00165652,-0.144972,-0.00533068,107.956,-9.1741,54.1141,910.202,-59.3744,227.734,3.71916,7.31577,-0.946628,1.27712,0.030115,9.46445
0.989264,-0.00173995,-0.146028,-0.00538177,107.954,-9.17399,54.1422,910.472,-59.3973,227.869,3.71916,7.31577,-0.946628,1.27712,0.030115,9.46445
0.989095,-0.00167523,-0.147171,-0.00543127,107.953,-9.1742,54.1704,910.742,-59.4203,228.004,3.71916,7.31577,-0.946628,1.27712,0.030115,9.46445
0.988931,-0.00208028,-0.148264,-0.00531024,107.951,-9.17422,54.1986,911.012,-59.4432,228.14,3.71916,7.31577,-0.946628,1.27712,0.030115,9.46445
0.98878,-0.00214845,-0.149271,-0.00520665,107.95,-9.17388,54.2273,911.282,-59.4661,228.276,3.71916,7.31577,-0.946628,1.27712,0.030115,9.46445
0.98864,-0.0021935,-0.150199,-0.00513802,107.948,-9.17323,54.2559,911.551,-59.4891,228.411,3.71916,7.31577,-0.946628,1.27712,0.030115,9.46445
0.988461,-0.00204818,-0.151374,-0.00515565,107.947,-9.17354,54.2844,911.821,-59.512,228.547,3.71916,7.31577,-0.946628,1.27712,0.030115,9.46445
0.988304,-0.000834243,-0.152397,-0.00567035,107.946,-9.1733,54.3133,912.091,-59.5349,228.683,3.71916,7.31577,-0.946628,1.27712,0.030115,9.46445
0.988138,-0.000807615,-0.153462,-0.00569178,107.944,-9.17316,54.3417,912.361,-59.5579,228.818,3.71916,7.31577,-0.946628,1.27712,0.030115,9.46445
0.987975,-0.000862037,-0.154504,-0.00568237,107.943,-9.17293,54.3701,912.631,-59.5808,228.954,3.71916,7.31577,-0.946628,1.27712,0.030115,9.46445
0.987809,-0.000861301,-0.155562,-0.00574491,107.941,-9.17275,54.3983,912.901,-59.6037,229.09,3.71916,7.31577,-0.946628,1.27712,0.030115,9.46445
0.987642,-0.000521607,-0.156613,-0.00597379,107.939,-9.17251,54.4268,913.171,-59.6267,229.226,3.71916,7.31577,-0.946628,1.27712,0.030115,9.46445
0.987455,-0.000649355,-0.157778,-0.00616407,106.103,-9.27157,52.9225,909.159,-60.1987,224.474,3.71846,7.43382,-0.948996,1.23171,0.0318667,9.62035
0.987284,-0.000600732,-0.158845,-0.0061414,106.102,-9.2714,52.9511,909.424,-60.2219,224.606,3.71846,7.43382,-0.948996,1.23171,0.0318667,9.62035
0.987096,-0.00056102,-0.160009,-0.00617395,106.1,-9.27161,52.9795,909.689,-60.245,224.739,3.71846,7.43382,-0.948996,1.23171,0.0318667,9.62035
0.986926,0.000149567,-0.161041,-0.0065132,106.099,-9.27124,53.0081,909.955,-60.2682,224.871,3.71846,7.43382,-0.948996,1.23171,0.0318667,9.62035
0.986759,0.000138893,-0.16206,-0.00651797,106.097,-9.27086,53.0366,910.22,-60.2914,225.004,3.71846,7.43382,-0.948996,1.23171,0.0318667,9.62035
0.986588,7.81589e-05,-0.163098,-0.00649987,106.095,-9.27055,53.0652,910.485,-60.3146,225.137,3.71846,7.43382,-0.948996,1.23171,0.0318667,9.62035
0.986387,-1.16665e-05,-0.164306,-0.00657637,106.093,-9.27089,53.0933,910.75,-60.3377,225.269,3.71846,7.43382,-0.948996,1.23171,0.0318667,9.62035
0.98621,-6.49114e-05,-0.165373,-0.00649469,106.092,-9.27069,53.122,911.016,-60.3609,225.402,3.71846,7.43382,-0.948996,1.23171,0.0318667,9.62035
0.986024,-0.000106069,-0.166478,-0.00638421,106.09,-9.27061,53.1509,911.281,-60.3841,225.535,3.71846,7.43382,-0.948996,1.23171,0.0318667,9.62035
0.985826,-4.80832e-05,-0.167647,-0.00638885,106.088,-9.27077,53.1795,911.546,-60.4073,225.668,3.71846,7.43382,-0.948996,1.23171,0.0318667,9.62035
0.98563,-2.68568e-05,-0.168804,-0.00628713,106.087,-9.27088,53.2084,911.811,-60.4305,225.801,3.71846,7.43382,-0.948996,1.23171,0.0318667,9.62035
0.985453,0.00109413,-0.169809,-0.00687253,106.085,-9.27041,53.2369,912.076,-60.4536,225.934,3.71846,7.43382,-0.948996,1.23171,0.0318667,9.62035
0.985285,0.00107637,-0.170772,-0.00701098,106.083,-9.26975,53.265,912.342,-60.4768,226.067,3.71846,7.43382,-0.948996,1.23171,0.0318667,9.62035
0.985101,0.000987329,-0.171834,-0.00691451,106.081,-9.26947,53.2939,912.607,-60.5,226.2,3.71846,7.43382,-0.948996,1.23171,0.0318667,9.62035
0.984915,0.000870238,-0.1729,-0.00686543,106.079,-9.26919,53.3226,912.872,-60.5232,226.334,3.71846,7.43382,-0.948996,1.23171,0.0318667,9.62035
0.984727,0.000894708,-0.173972,-0.00677765,105.322,-9.30807,52.737,911.403,-60.775,224.534,3.71835,7.48222,-0.949834,1.2148,0.0325283,9.68243
0.984545,0.000809305,-0.175002,-0.00672883,105.32,-9.30764,52.7658,911.666,-60.7982,224.666,3.71835,7.48222,-0.949834,1.2148,0.0325283,9.68243
0.98435,0.000735494,-0.176089,-0.00680515,105.318,-9.30741,52.7941,911.929,-60.8215,224.798,3.71835,7.48222,-0.949834,1.2148,0.0325283,9.68243
0.984139,0.000616158,-0.177268,-0.00682159,105.315,-9.30754,52.8225,912.193,-60.8448,224.93,3.71835,7.48222,-0.949834,1.2148,0.0325283,9.68243
0.983941,-0.000592974,-0.178393,-0.00612465,105.314,-9.30761,52.8513,912.456,-60.8681,225.062,3.71835,7.48222,-0.949834,1.2148,0.0325283,9.68243
0.983713,-0.000567168,-0.179639,-0.00614325,105.312,-9.30797,52.8799,912.719,-60.8913,225.194,3.71835,7.48222,-0.949834,1.2148,0.0325283,9.68243
0.983491,-0.000584311,-0.180849,-0.00624711,105.31,-9.30819,52.9082,912.982,-60.9146,225.326,3.71835,7.48222,-0.949834,1.2148,0.0325283,9.68243
0.983273,-0.000674138,-0.182029,-0.0063177,105.308,-9.30828,52.9365,913.246,-60.9379,225.459,3.71835,7.48222,-0.949834,1.2148,0.0325283,9.68243
0.983055,-0.00213686,-0.183224,-0.00553515,105.307,-9.3085,52.9653,913.509,-60.9611,225.591,3.71835,7.48222,-0.949834,1.2148,0.0325283,9.68243
0.982862,-0.00219618,-0.184248,-0.00541837,105.305,-9.30794,52.9944,913.772,-60.9844,225.724,3.71835,7.48222,-0.949834,1.2148,0.0325283,9.68243
0.982655,-0.00223889,-0.185347,-0.00547837,105.302,-9.30768,53.0228,914.035,-61.0077,225.856,3.71835,7.48222,-0.949834,1.2148,0.0325283,9.68243
0.98247,-0.00216246,-0.186329,-0.00549117,105.301,-9.30694,53.0515,914.299,-61.0309,225.989,3.71835,7.48222,-0.949834,1.2148,0.0325283,9.68243
0.982236,-0.00397574,-0.187561,-0.00455544,105.299,-9.3073,53.0804,914.562,-61.0542,226.121,3.71835,7.48222,-0.949834,1.2148,0.0325283,9.68243
0.982025,-0.00392966,-0.188656,-0.00456136,105.297,-9.30698,53.1091,914.825,-61.0775,226.254,3.71835,7.48222,-0.949834,1.2148,0.0325283,9.68243
0.98179,-0.00400051,-0.189873,-0.00462244,105.295,-9.30713,53.1375,915.088,-61.1007,226.387,3.71835,7.48222,-0.949834,1.2148,0.0325283,9.68243
0.981562,-0.00407518,-0.191042,-0.00465544,105.494,-9.29719,53.3251,915.805,-61.0627,227.012,3.71832,7.46938,-0.949651,1.21883,0.0323674,9.66655
0.981326,-0.00398984,-0.192256,-0.0045717,105.492,-9.29731,53.3542,916.068,-61.0859,227.145,3.71832,7.46938,-0.949651,1.21883,0.0323674,9.66655
0.981126,-0.00408116,-0.193271,-0.00457001,105.489,-9.29663,53.3829,916.332,-61.1091,227.279,3.71832,7.46938,-0.949651,1.21883,0.0323674,9.66655
0.980887,-0.00408018,-0.194482,-0.00461005,105.487,-9.29672,53.4115,916.596,-61.1324,227.412,3.71832,7.46938,-0.949651,1.21883,0.0323674,9.66655
0.980647,-0.00414754,-0.19569,-0.00450566,105.485,-9.29678,53.4406,916.859,-61.1556,227.546,3.71832,7.46938,-0.949651,1.21883,0.0323674,9.66655
0.980409,-0.0034542,-0.196884,-0.00487594,105.483,-9.29673,53.4691,917.123,-61.1789,227.68,3.71832,7.46938,-0.949651,1.21883,0.0323674,9.66655
0.9802,-0.00359798,-0.197916,-0.00491269,105.481,-9.29609,53.4976,917.387,-61.2021,227.813,3.71832,7.46938,-0.949651,1.21883,0.0323674,9.66655
0.979941,-0.00362628,-0.199196,-0.00485942,105.479,-9.29641,53.5265,917.651,-61.2253,227.947,3.71832,7.46938,-0.949651,1.21883,0.0323674,9.66655
0.979712,-0.00366723,-0.200311,-0.00506667,105.476,-9.29608,53.5545,917.914,-61.2486,228.081,3.71832,7.46938,-0.949651,1.21883,0.0323674,9.66655
0.979469,-0.0032044,-0.201503,-0.00522042,105.474,-9.29598,53.5834,918.178,-61.2718,228.215,3.71832,7.46938,-0.949651,1.21883,0.0323674,9.66655
0.979181,-0.00322279,-0.202896,-0.00530145,105.472,-9.29672,53.6119,918.442,-61.2951,228.349,3.71832,7.46938,-0.949651,1.21883,0.0323674,9.66655
0.97895,-0.00298968,-0.204011,-0.00531745,105.471,-9.29637,53.6408,918.705,-61.3183,228.483,3.71832,7.46938,-0.949651,1.21883,0.0323674,9.66655
0.978706,-0.00291313,-0.20517,-0.00551031,105.469,-9.29619,53.6689,918.969,-61.3415,228.617,3.71832,7.46938,-0.949651,1.21883,0.0323674,9.66655
0.978413,-0.00591586,-0.20656,-0.00412519,105.467,-9.2968,53.6981,919.233,-61.3648,228.752,3.71832,7.46938,-0.949651,1.21883,0.0323674,9.66655
0.978181,-0.00587743,-0.207636,-0.00393247,105.465,-9.29625,53.7276,919.496,-61.388,228.886,3.71832,7.46938,-0.949651,1.21883,0.0323674,9.66655
0.977915,-0.00588102,-0.208884,-0.00389901,103.579,-9.38572,52.3108,915.615,-61.9957,224.635,3.71895,7.5893,-0.951011,1.18555,0.0337234,9.80848
0.977654,-0.00586444,-0.210103,-0.00390277,103.577,-9.38571,52.3396,915.874,-62.0192,224.766,3.71895,7.5893,-0.951011,1.18555,0.0337234,9.80848
0.977397,-0.00502971,-0.211307,-0.00442037,103.574,-9.38563,52.3679,916.132,-62.0427,224.897,3.71895,7.5893,-0.951011,1.18555,0.0337234,9.80848
0.977146,-0.00502507,-0.212466,-0.00435413,103.572,-9.38537,52.397,916.391,-62.0661,225.028,3.71895,7.5893,-0.951011,1.18555,0.0337234,9.80848
0.976892,-0.00497164,-0.213634,-0.00425898,103.57,-9.38514,52.4262,916.65,-62.0896,225.159,3.71895,7.5893,-0.951011,1.18555,0.0337234,9.80848
0.976619,-0.00500343,-0.21488,-0.00413727,103.567,-9.3852,52.4555,916.909,-62.1131,225.29,3.71895,7.5893,-0.951011,1.18555,0.0337234,9.80848
0.976328,-0.00604542,-0.21618,-0.00384475,103.565,-9.3855,52.4839,917.168,-62.1365,225.421,3.71895,7.5893,-0.951011,1.18555,0.0337234,9.80848
0.976032,-0.00600129,-0.217513,-0.0038294,103.562,-9.38588,52.5128,917.427,-62.16,225.553,3.71895,7.5893,-0.951011,1.18555,0.0337234,9.80848
0.975753,-0.00597712,-0.218762,-0.00375655,103.56,-9.38592,52.5419,917.686,-62.1835,225.684,3.71895,7.5893,-0.951011,1.18555,0.0337234,9.80848
0.975522,-0.00590227,-0.219789,-0.00385503,103.558,-9.38508,52.5705,917.945,-62.2069,225.815,3.71895,7.5893,-0.951011,1.18555,0.0337234,9.80848
0.975275,-0.0037185,-0.220923,-0.00482874,103.556,-9.3847,52.5993,918.204,-62.2304,225.947,3.71895,7.5893,-0.951011,1.18555,0.0337234,9.80848
0.974981,-0.00376785,-0.222208,-0.0047321,103.553,-9.38487,52.6285,918.463,-62.2538,226.078,3.71895,7.5893,-0.951011,1.18555,0.0337234,9.80848
0.974716,-0.00371338,-0.223366,-0.00469656,103.551,-9.38454,52.6575,918.721,-62.2773,226.21,3.71895,7.5893,-0.951011,1.18555,0.0337234,9.80848
0.974473,-0.00385115,-0.224423,-0.00479237,103.548,-9.38379,52.6859,918.98,-62.3008,226.342,3.71895,7.5893,-0.951011,1.18555,0.0337234,9.80848
0.974218,-0.00138802,-0.225546,-0.00582355,103.545,-9.38323,52.715,919.239,-62.3242,226.474,3.71895,7.5893,-0.951011,1.18555,0.0337234,9.80848
0.973941,-0.00139803,-0.226724,-0.00585236,103.52,-9.38403,52.7267,919.449,-62.355,226.555,3.71896,7.59075,-0.951024,1.1852,0.033738,9.81012
0.973608,-0.00146221,-0.228146,-0.00588144,103.517,-9.38473,52.7555,919.708,-62.3784,226.687,3.71896,7.59075,-0.951024,1.1852,0.033738,9.81012
0.973346,-0.00146976,-0.229263,-0.0058195,103.515,-9.3842,52.7846,919.966,-62.4019,226.819,3.71896,7.59075,-0.951024,1.1852,0.033738,9.81012
0.97305,-0.00200035,-0.230523,-0.00544066,103.512,-9.38424,52.8141,920.225,-62.4254,226.951,3.71896,7.59075,-0.951024,1.1852,0.033738,9.81012
0.972747,-0.00193313,-0.231798,-0.00541217,103.51,-9.38432,52.8432,920.484,-62.4488,227.083,3.71896,7.59075,-0.951024,1.1852,0.033738,9.81012
0.972432,-0.00206746,-0.233116,-0.00540862,103.507,-9.38456,52.8721,920.743,-62.4723,227.215,3.71896,7.59075,-0.951024,1.1852,0.033738,9.81012
0.972128,-0.00216574,-0.234382,-0.00532053,103.504,-9.38459,52.9013,921.002,-62.4957,227.347,3.71896,7.59075,-0.951024,1.1852,0.033738,9.81012
0.971824,-0.0025444,-0.235635,-0.00528724,103.501,-9.38459,52.9298,921.26,-62.5192,227.48,3.71896,7.59075,-0.951024,1.1852,0.033738,9.81012
0.971529,-0.00246044,-0.236845,-0.00539317,103.499,-9.38437,52.9584,921.519,-62.5427,227.612,3.71896,7.59075,-0.951024,1.1852,0.033738,9.81012
0.97121,-0.00248552,-0.238147,-0.00562529,103.497,-9.38451,52.9865,921.778,-62.5661,227.744,3.71896,7.59075,-0.951024,1.1852,0.033738,9.81012
0.970884,-0.00260873,-0.23947,-0.00560214,103.493,-9.38472,53.0154,922.036,-62.5896,227.877,3.71896,7.59075,-0.951024,1.1852,0.033738,9.81012
0.970563,-0.0045933,-0.240764,-0.00487584,103.491,-9.38505,53.0443,922.295,-62.613,228.01,3.71896,7.59075,-0.951024,1.1852,0.033738,9.81012
0.970244,-0.00451162,-0.242038,-0.00496313,103.488,-9.38504,53.073,922.554,-62.6365,228.142,3.71896,7.59075,-0.951024,1.1852,0.033738,9.81012
0.969934,-0.00430176,-0.243284,-0.00477084,103.486,-9.3849,53.1029,922.813,-62.66,228.275,3.71896,7.59075,-0.951024,1.1852,0.033738,9.81012
0.969642,-0.00408375,-0.24445,-0.00471942,103.484,-9.38445,53.1323,923.071,-62.6834,228.408,3.71896,7.59075,-0.951024,1.1852,0.033738,9.81012
0.969267,-0.00633517,-0.245907,-0.00400662,102.683,-9.42125,52.5824,921.658,-62.967,226.871,3.7194,7.64143,-0.95133,1.17459,0.0341883,9.86412
0.96898,-0.00637754,-0.247028,-0.0037991,102.679,-9.42057,52.6121,921.915,-62.9906,227.003,3.7194,7.64143,-0.95133,1.17459,0.0341883,9.86412
0.968628,-0.00630834,-0.248405,-0.0037882,102.677,-9.42091,52.6412,922.171,-63.0141,227.134,3.7194,7.64143,-0.95133,1.17459,0.0341883,9.86412
0.968302,-0.00612852,-0.24968,-0.00373812,102.675,-9.42083,52.6706,922.428,-63.0377,227.266,3.7194,7.64143,-0.95133,1.17459,0.0341883,9.86412
0.967996,-0.004912,-0.250886,-0.00428171,102.672,-9.42064,52.6993,922.685,-63.0612,227.398,3.7194,7.64143,-0.95133,1.17459,0.0341883,9.86412
0.967687,-0.00491909,-0.252072,-0.00412151,102.669,-9.4202,52.7288,922.941,-63.0848,227.529,3.7194,7.64143,-0.95133,1.17459,0.0341883,9.86412
0.967406,-0.0049637,-0.253152,-0.00396805,102.666,-9.41933,52.7584,923.198,-63.1083,227.661,3.7194,7.64143,-0.95133,1.17459,0.0341883,9.86412
0.967104,-0.00504828,-0.2543,-0.00394035,102.662,-9.41872,52.7874,923.455,-63.1319,227.793,3.7194,7.64143,-0.95133,1.17459,0.0341883,9.86412
0.9668,-0.0027443,-0.255486,-0.00482928,102.659,-9.41823,52.8165,923.711,-63.1554,227.925,3.7194,7.64143,-0.95133,1.17459,0.0341883,9.86412
0.966458,-0.00267898,-0.256766,-0.00490092,102.656,-9.41816,52.8453,923.968,-63.179,228.057,3.7194,7.64143,-0.95133,1.17459,0.0341883,9.86412
0.966143,-0.00252474,-0.257952,-0.0047058,102.654,-9.4177,52.8753,924.225,-63.2025,228.19,3.7194,7.64143,-0.95133,1.17459,0.0341883,9.86412
0.965788,-0.00251704,-0.259279,-0.00459405,102.651,-9.41779,52.9047,924.481,-63.2261,228.322,3.7194,7.64143,-0.95133,1.17459,0.0341883,9.86412
0.965455,-0.00170058,-0.260517,-0.00502833,102.648,-9.41759,52.9333,924.738,-63.2496,228.454,3.7194,7.64143,-0.95133,1.17459,0.0341883,9.86412
0.965119,-0.00172516,-0.26176,-0.00494912,102.645,-9.41734,52.9626,924.995,-63.2731,228.587,3.7194,7.64143,-0.95133,1.17459,0.0341883,9.86412
0.964758,-0.00170492,-0.263084,-0.00516035,102.642,-9.41741,52.9909,925.251,-63.2967,228.719,3.7194,7.64143,-0.95133,1.17459,0.0341883,9.86412
0.964448,-0.0018395,-0.264216,-0.00516207,101.944,-9.44731,52.5311,924.094,-63.5516,227.484,3.7199,7.6854,-0.951467,1.16678,0.0345284,9.90818
0.964064,-0.00338362,-0.265614,-0.00459957,101.941,-9.44769,52.5602,924.349,-63.5752,227.615,3.7199,7.6854,-0.951467,1.16678,0.0345284,9.90818
0.963665,-0.00352093,-0.26705,-0.00476588,101.938,-9.44816,52.5884,924.604,-63.5988,227.747,3.7199,7.6854,-0.951467,1.16678,0.0345284,9.90818
0.963268,-0.00365572,-0.268472,-0.00490613,101.935,-9.44855,52.6168,924.859,-63.6224,227.878,3.7199,7.6854,-0.951467,1.16678,0.0345284,9.90818
0.962931,-0.00377228,-0.269681,-0.00475634,101.931,-9.44809,52.6463,925.114,-63.6461,228.01,3.7199,7.6854,-0.951467,1.16678,0.0345284,9.90818
0.96256,-0.00332405,-0.271003,-0.00496002,101.928,-9.44794,52.6752,925.369,-63.6697,228.142,3.7199,7.6854,-0.951467,1.16678,0.0345284,9.90818
0.962164,-0.00338427,-0.272401,-0.00513592,101.924,-9.44822,52.7035,925.623,-63.6933,228.273,3.7199,7.6854,-0.951467,1.16678,0.0345284,9.90818
0.961791,-0.00334466,-0.27372,-0.00502331,101.921,-9.44818,52.733,925.878,-63.7169,228.405,3.7199,7.6854,-0.951467,1.16678,0.0345284,9.90818
0.961405,-0.00342524,-0.275071,-0.00499263,101.918,-9.44825,52.7621,926.133,-63.7406,228.537,3.7199,7.6854,-0.951467,1.16678,0.0345284,9.90818
0.961037,-0.00142014,-0.276364,-0.00572766,101.915,-9.44773,52.7909,926.388,-63.7642,228.669,3.7199,7.6854,-0.951467,1.16678,0.0345284,9.90818
0.960646,-0.00130356,-0.277714,-0.00570263,101.912,-9.44781,52.8202,926.643,-63.7878,228.801,3.7199,7.6854,-0.951467,1.16678,0.0345284,9.90818
0.96025,-0.00138805,-0.279082,-0.00557439,101.908,-9.44795,52.8496,926.897,-63.8114,228.933,3.7199,7.6854,-0.951467,1.16678,0.0345284,9.90818
0.959894,-0.00145709,-0.280304,-0.00560302,101.905,-9.44749,52.8785,927.152,-63.835,229.065,3.7199,7.6854,-0.951467,1.16678,0.0345284,9.90818
0.959509,-0.00158361,-0.281618,-0.0055708,101.901,-9.4474,52.9076,927.407,-63.8587,229.198,3.7199,7.6854,-0.951467,1.16678,0.0345284,9.90818
0.959094,-0.00171019,-0.283029,-0.00556478,101.898,-9.44769,52.9365,927.662,-63.8823,229.33,3.7199,7.6854,-0.951467,1.16678,0.0345284,9.90818
0.958704,-0.00175687,-0.284347,-0.00551419,101.047,-9.48378,52.3844,926.241,-64.1937,227.894,3.72061,7.7391,-0.9515,1.15888,0.0348892,9.95832
0.958297,-0.00175069,-0.285717,-0.00551487,101.043,-9.48388,52.4135,926.493,-64.2174,228.025,3.72061,7.7391,-0.9515,1.15888,0.0348892,9.95832
0.957911,-0.000830713,-0.28701,-0.00568008,101.04,-9.48363,52.443,926.746,-64.2411,228.156,3.72061,7.7391,-0.9515,1.15888,0.0348892,9.95832
0.957531,-0.000745991,-0.288271,-0.00571938,101.037,-9.48329,52.472,926.999,-64.2648,228.287,3.72061,7.7391,-0.9515,1.15888,0.0348892,9.95832
0.957123,-0.000552846,-0.289626,-0.00565407,101.035,-9.48332,52.5015,927.251,-64.2885,228.418,3.72061,7.7391,-0.9515,1.15888,0.0348892,9.95832
0.956743,-0.000696418,-0.29088,-0.00564387,101.031,-9.48293,52.5305,927.504,-64.3122,228.55,3.72061,7.7391,-0.9515,1.15888,0.0348892,9.95832
0.956351,-9.00371e-05,-0.292164,-0.00576618,101.027,-9.4827,52.5598,927.756,-64.3359,228.681,3.72061,7.7391,-0.9515,1.15888,0.0348892,9.95832
0.955875,-6.76604e-05,-0.293716,-0.00576587,101.024,-9.4835,52.5889,928.009,-64.3596,228.812,3.72061,7.7391,-0.9515,1.15888,0.0348892,9.95832
0.955471,-8.15453e-05,-0.295029,-0.00579428,101.02,-9.48334,52.6179,928.261,-64.3833,228.944,3.72061,7.7391,-0.9515,1.15888,0.0348892,9.95832
0.955055,-7.36073e-05,-0.296372,-0.00580469,101.017,-9.48328,52.6469,928.514,-64.407,229.076,3.72061,7.7391,-0.9515,1.15888,0.0348892,9.95832
0.954636,-0.000174558,-0.29772,-0.00567895,101.013,-9.48323,52.6763,928.766,-64.4307,229.207,3.72061,7.7391,-0.9515,1.15888,0.0348892,9.95832
0.954253,-0.000208462,-0.298946,-0.00576273,101.01,-9.48269,52.705,929.019,-64.4544,229.339,3.72061,7.7391,-0.9515,1.15888,0.0348892,9.95832
0.953789,-0.000224332,-0.300422,-0.00582204,101.006,-9.48314,52.7339,929.271,-64.4781,229.471,3.72061,7.7391,-0.9515,1.15888,0.0348892,9.95832
0.953371,-0.000105744,-0.301743,-0.0058668,101.003,-9.48297,52.7629,929.524,-64.5019,229.603,3.72061,7.7391,-0.9515,1.15888,0.0348892,9.95832
0.952915,-0.00135011,-0.303186,-0.00563422,101,-9.48318,52.7915,929.776,-64.5256,229.735,3.72061,7.7391,-0.9515,1.15888,0.0348892,9.95832
0.952531,-0.00140649,-0.304387,-0.00562902,98.5743,-9.5826,51.2019,925.383,-65.3751,225.665,3.72271,7.89249,-0.95138,1.14058,0.0357986,10.0911
0.952113,-0.00162486,-0.305692,-0.00551988,98.5697,-9.58232,51.2311,925.63,-65.3991,225.793,3.72271,7.89249,-0.95138,1.14058,0.0357986,10.0911
0.95167,-0.00165193,-0.30707,-0.00546967,98.5659,-9.58232,51.2603,925.876,-65.423,225.921,3.72271,7.89249,-0.95138,1.14058,0.0357986,10.0911
0.951235,-0.00168483,-0.308416,-0.005315,98.5616,-9.58217,51.2899,926.123,-65.447,226.049,3.72271,7.89249,-0.95138,1.14058,0.0357986,10.0911
0.950792,-0.00177432,-0.309779,-0.00530186,98.5575,-9.5821,51.3188,926.369,-65.471,226.178,3.72271,7.89249,-0.95138,1.14058,0.0357986,10.0911
0.950367,-0.00174005,-0.31108,-0.00530442,98.554,-9.58178,51.3479,926.615,-65.4949,226.306,3.72271,7.89249,-0.95138,1.14058,0.0357986,10.0911
0.949914,-0.00175692,-0.312458,-0.00547769,98.5504,-9.58176,51.3763,926.862,-65.5189,226.435,3.72271,7.89249,-0.95138,1.14058,0.0357986,10.0911
0.949491,0.000993541,-0.313743,-0.00634076,98.5467,-9.58099,51.4051,927.108,-65.5428,226.563,3.72271,7.89249,-0.95138,1.14058,0.0357986,10.0911
0.949045,0.00100362,-0.315077,-0.00629942,98.543,-9.5808,51.4343,927.354,-65.5668,226.692,3.72271,7.89249,-0.95138,1.14058,0.0357986,10.0911
0.948568,0.000990675,-0.316508,-0.00626936,98.5391,-9.581,51.4635,927.601,-65.5907,226.82,3.72271,7.89249,-0.95138,1.14058,0.0357986,10.0911
0.948112,0.000985439,-0.317875,-0.00621381,98.5352,-9.58093,51.4927,927.847,-65.6147,226.949,3.72271,7.89249,-0.95138,1.14058,0.0357986,10.0911
0.947627,-0.00120246,-0.319335,-0.00568214,98.5315,-9.5813,51.5215,928.094,-65.6386,227.078,3.72271,7.89249,-0.95138,1.14058,0.0357986,10.0911
0.947185,-0.00113574,-0.320634,-0.00571223,98.5279,-9.58092,51.5505,928.34,-65.6626,227.207,3.72271,7.89249,-0.95138,1.14058,0.0357986,10.0911
0.946687,-0.00128105,-0.322102,-0.00566435,98.5235,-9.58121,51.5795,928.586,-65.6865,227.336,3.72271,7.89249,-0.95138,1.14058,0.0357986,10.0911
0.946236,-0.00124087,-0.323426,-0.00555727,98.5196,-9.58091,51.6089,928.832,-65.7105,227.465,3.72271,7.89249,-0.95138,1.14058,0.0357986,10.0911
0.945765,-0.00131009,-0.324802,-0.005487,95.7787,-9.68825,49.8483,923.989,-66.6629,223.154,3.72531,8.0657,-0.951021,1.12437,0.0367065,10.2294
0.945358,-0.00121438,-0.325986,-0.00553826,95.7753,-9.68737,49.8773,924.229,-66.6872,223.279,3.72531,8.0657,-0.951021,1.12437,0.0367065,10.2294
0.944888,-0.00118049,-0.327343,-0.00562801,95.7716,-9.68719,49.906,924.468,-66.7114,223.404,3.72531,8.0657,-0.951021,1.12437,0.0367065,10.2294
0.944408,-0.00129007,-0.328724,-0.00572601,95.7674,-9.68709,49.9345,924.708,-66.7356,223.528,3.72531,8.0657,-0.951021,1.12437,0.0367065,10.2294
0.943898,-0.00305059,-0.330186,-0.00526721,95.7634,-9.68737,49.9634,924.947,-66.7598,223.653,3.72531,8.0657,-0.951021,1.12437,0.0367065,10.2294
0.943343,-0.00307281,-0.331764,-0.00519719,95.7592,-9.68805,49.9926,925.186,-66.784,223.778,3.72531,8.0657,-0.951021,1.12437,0.0367065,10.2294
0.942856,-0.00324567,-0.333143,-0.00524882,95.7547,-9.68789,50.0212,925.426,-66.8083,223.903,3.72531,8.0657,-0.951021,1.12437,0.0367065,10.2294
0.942403,-0.00318939,-0.33442,-0.00536356,95.751,-9.68733,50.0498,925.665,-66.8325,224.028,3.72531,8.0657,-0.951021,1.12437,0.0367065,10.2294
0.941897,-0.00489205,-0.335835,-0.00485748,95.7464,-9.68752,50.079,925.905,-66.8567,224.154,3.72531,8.0657,-0.951021,1.12437,0.0367065,10.2294
0.941414,-0.0047463,-0.337183,-0.00493925,95.743,-9.68722,50.1078,926.144,-66.8809,224.279,3.72531,8.0657,-0.951021,1.12437,0.0367065,10.2294
0.940925,-0.00480131,-0.338546,-0.00491705,95.7387,-9.68696,50.1367,926.383,-66.9051,224.404,3.72531,8.0657,-0.951021,1.12437,0.0367065,10.2294
0.940461,-0.00484404,-0.339832,-0.00497657,95.7346,-9.68638,50.1654,926.623,-66.9293,224.53,3.72531,8.0657,-0.951021,1.12437,0.0367065,10.2294
0.940011,-0.00235741,-0.341103,-0.00545814,95.7301,-9.68563,50.1948,926.862,-66.9536,224.655,3.72531,8.0657,-0.951021,1.12437,0.0367065,10.2294
0.939517,-0.00243096,-0.342452,-0.00532346,95.7256,-9.68532,50.2241,927.101,-66.9778,224.781,3.72531,8.0657,-0.951021,1.12437,0.0367065,10.2294
0.93903,-0.00257137,-0.343786,-0.00519618,95.7208,-9.68494,50.2533,927.341,-67.002,224.906,3.72531,8.0657,-0.951021,1.12437,0.0367065,10.2294
0.938548,-0.00249656,-0.3451,-0.00516239,94.8557,-9.71647,49.7296,926.026,-67.3168,223.727,3.72621,8.12017,-0.950836,1.12055,0.036957,10.2693
0.938014,-0.00396771,-0.346545,-0.00474805,94.8508,-9.71665,49.7586,926.263,-67.3411,223.851,3.72621,8.12017,-0.950836,1.12055,0.036957,10.2693
0.937513,-0.00393819,-0.347896,-0.00482269,94.8468,-9.71631,49.7872,926.501,-67.3654,223.975,3.72621,8.12017,-0.950836,1.12055,0.036957,10.2693
0.936922,-0.004099,-0.349481,-0.00484685,94.842,-9.71692,49.8158,926.738,-67.3897,224.1,3.72621,8.12017,-0.950836,1.12055,0.036957,10.2693
0.936434,-0.00431337,-0.350785,-0.00481311,94.837,-9.71637,49.8445,926.975,-67.414,224.225,3.72621,8.12017,-0.950836,1.12055,0.036957,10.2693
0.935909,-0.00296256,-0.352195,-0.00511736,94.8328,-9.71595,49.8734,927.212,-67.4383,224.349,3.72621,8.12017,-0.950836,1.12055,0.036957,10.2693
0.935366,-0.00309581,-0.353628,-0.00522142,94.8282,-9.71593,49.9017,927.449,-67.4626,224.474,3.72621,8.12017,-0.950836,1.12055,0.036957,10.2693
0.934837,-0.00301569,-0.355027,-0.00514607,94.8241,-9.71576,49.9309,927.686,-67.4869,224.599,3.72621,8.12017,-0.950836,1.12055,0.036957,10.2693
0.934267,-0.00306205,-0.356525,-0.00513028,94.8196,-9.71599,49.9597,927.923,-67.5112,224.724,3.72621,8.12017,-0.950836,1.12055,0.036957,10.2693
0.93374,-0.00142662,-0.35791,-0.0055381,94.8152,-9.71548,49.9883,928.16,-67.5355,224.849,3.72621,8.12017,-0.950836,1.12055,0.036957,10.2693
0.933183,-0.001531,-0.359357,-0.00547435,94.8104,-9.7155,50.0173,928.397,-67.5598,224.974,3.72621,8.12017,-0.950836,1.12055,0.036957,10.2693
0.932627,-0.00153927,-0.360795,-0.00560619,94.8062,-9.71549,50.0456,928.634,-67.5841,225.099,3.72621,8.12017,-0.950836,1.12055,0.036957,10.2693
0.932059,-0.00152468,-0.362258,-0.00563553,94.8019,-9.71557,50.0743,928.871,-67.6084,225.224,3.72621,8.12017,-0.950836,1.12055,0.036957,10.2693
0.931505,-0.00184843,-0.363681,-0.00556116,94.7975,-9.71551,50.1031,929.108,-67.6326,225.349,3.72621,8.12017,-0.950836,1.12055,0.036957,10.2693
0.930977,-0.00167111,-0.365035,-0.0053323,94.7934,-9.71513,50.1329,929.345,-67.6569,225.475,3.72621,8.12017,-0.950836,1.12055,0.036957,10.2693
0.930404,-0.00153286,-0.366495,-0.00531654,93.2137,-9.77016,49.1654,926.824,-68.2134,223.371,3.72806,8.21981,-0.950323,1.11567,0.0373478,10.3358
0.929805,-0.00166431,-0.368009,-0.00538844,93.2089,-9.77042,49.1937,927.057,-68.2379,223.494,3.72806,8.21981,-0.950323,1.11567,0.0373478,10.3358
0.929246,-0.00143418,-0.369418,-0.00542633,93.2043,-9.77027,49.2225,927.291,-68.2623,223.617,3.72806,8.21981,-0.950323,1.11567,0.0373478,10.3358
0.928662,-0.0015912,-0.370884,-0.00532449,93.1991,-9.77032,49.2513,927.523,-68.2867,223.741,3.72806,8.21981,-0.950323,1.11567,0.0373478,10.3358
0.928056,-0.00161569,-0.372399,-0.00535153,93.1946,-9.77058,49.2799,927.756,-68.3112,223.864,3.72806,8.21981,-0.950323,1.11567,0.0373478,10.3358
0.927463,-0.00158414,-0.373873,-0.00537209,93.1902,-9.77066,49.3086,927.989,-68.3356,223.987,3.72806,8.21981,-0.950323,1.11567,0.0373478,10.3358
0.926916,-0.000178358,-0.37523,-0.00559055,93.1854,-9.77022,49.3374,928.222,-68.36,224.11,3.72806,8.21981,-0.950323,1.11567,0.0373478,10.3358
0.926303,-0.000191042,-0.376734,-0.00575186,93.181,-9.77044,49.3655,928.455,-68.3844,224.234,3.72806,8.21981,-0.950323,1.11567,0.0373478,10.3358
0.92571,-0.000103229,-0.37819,-0.00573446,93.1767,-9.77044,49.3944,928.688,-68.4089,224.357,3.72806,8.21981,-0.950323,1.11567,0.0373478,10.3358
0.925075,-6.89649e-05,-0.379741,-0.00580128,93.1724,-9.77084,49.4229,928.921,-68.4333,224.481,3.72806,8.21981,-0.950323,1.11567,0.0373478,10.3358
0.924465,-0.000630181,-0.381223,-0.00584796,93.1682,-9.77092,49.4511,929.154,-68.4577,224.605,3.72806,8.21981,-0.950323,1.11567,0.0373478,10.3358
0.923874,-0.000734945,-0.382652,-0.00578763,93.1632,-9.77079,49.4798,929.387,-68.4822,224.728,3.72806,8.21981,-0.950323,1.11567,0.0373478,10.3358
0.923276,-0.000721324,-0.384092,-0.00582143,93.1586,-9.7707,49.5083,929.62,-68.5066,224.852,3.72806,8.21981,-0.950323,1.11567,0.0373478,10.3358
0.922688,-0.000684093,-0.385503,-0.00588457,93.1542,-9.77048,49.5367,929.853,-68.531,224.976,3.72806,8.21981,-0.950323,1.11567,0.0373478,10.3358
0.922009,-0.00328249,-0.387126,-0.0054077,93.1498,-9.77099,49.5655,930.086,-68.5555,225.1,3.72806,8.21981,-0.950323,1.11567,0.0373478,10.3358
0.921448,-0.00329811,-0.388451,-0.00543523,92.3096,-9.79856,49.0711,928.896,-68.8603,224.119,3.72901,8.27262,-0.950031,1.11408,0.0375304,10.3679
0.920824,-0.00302895,-0.38993,-0.00537918,92.3057,-9.7986,49.1002,929.127,-68.8848,224.241,3.72901,8.27262,-0.950031,1.11408,0.0375304,10.3679
0.920205,-0.00284581,-0.39139,-0.00531696,92.3016,-9.79855,49.1292,929.358,-68.9093,224.364,3.72901,8.27262,-0.950031,1.11408,0.0375304,10.3679
0.919491,-0.00457203,-0.393056,-0.00513464,92.2972,-9.79882,49.1575,929.588,-68.9338,224.487,3.72901,8.27262,-0.950031,1.11408,0.0375304,10.3679
0.918867,-0.0046691,-0.394508,-0.0050593,92.292,-9.79871,49.1861,929.819,-68.9583,224.61,3.72901,8.27262,-0.950031,1.11408,0.0375304,10.3679
0.918256,-0.0046222,-0.39593,-0.00491707,92.2872,-9.79847,49.2151,930.05,-68.9828,224.733,3.72901,8.27262,-0.950031,1.11408,0.0375304,10.3679
0.917648,-0.00445647,-0.397341,-0.00474551,92.2828,-9.79818,49.2445,930.281,-69.0073,224.856,3.72901,8.27262,-0.950031,1.11408,0.0375304,10.3679
0.917104,-0.00306346,-0.398608,-0.00506038,92.2782,-9.79771,49.2726,930.511,-69.0318,224.979,3.72901,8.27262,-0.950031,1.11408,0.0375304,10.3679
0.916436,-0.0030788,-0.400138,-0.0051103,92.2734,-9.79793,49.3008,930.742,-69.0563,225.103,3.72901,8.27262,-0.950031,1.11408,0.0375304,10.3679
0.915788,-0.00291635,-0.401619,-0.00507054,92.2691,-9.79795,49.3297,930.973,-69.0808,225.226,3.72901,8.27262,-0.950031,1.11408,0.0375304,10.3679
0.915134,-0.0028546,-0.403109,-0.0050051,92.2644,-9.79799,49.3584,931.203,-69.1053,225.349,3.72901,8.27262,-0.950031,1.11408,0.0375304,10.3679
0.914409,-0.00411015,-0.404745,-0.00482211,92.2597,-9.79822,49.3869,931.434,-69.1298,225.473,3.72901,8.27262,-0.950031,1.11408,0.0375304,10.3679
0.913763,-0.00399887,-0.406201,-0.00467792,92.2551,-9.7981,49.4159,931.665,-69.1543,225.596,3.72901,8.27262,-0.950031,1.11408,0.0375304,10.3679
0.91313,-0.00391067,-0.407624,-0.00461746,92.2504,-9.79784,49.4446,931.895,-69.1788,225.72,3.72901,8.27262,-0.950031,1.11408,0.0375304,10.3679
0.91243,-0.00386045,-0.409191,-0.00447145,92.2455,-9.79819,49.4735,932.126,-69.2033,225.844,3.72901,8.27262,-0.950031,1.11408,0.0375304,10.3679
0.911654,-0.00601495,-0.410896,-0.00430919,90.2619,-9.86392,48.2732,929.074,-69.8879,223.516,3.73109,8.3973,-0.949325,1.11244,0.0379139,10.4367
0.910931,-0.00605651,-0.412492,-0.00424096,90.2568,-9.86436,48.3016,929.3,-69.9126,223.637,3.73109,8.3973,-0.949325,1.11244,0.0379139,10.4367
0.910225,-0.00602758,-0.414048,-0.00432633,90.2521,-9.86464,48.3296,929.526,-69.9372,223.758,3.73109,8.3973,-0.949325,1.11244,0.0379139,10.4367
0.909524,-0.00610536,-0.415584,-0.00436013,90.2469,-9.86482,48.3576,929.751,-69.9619,223.878,3.73109,8.3973,-0.949325,1.11244,0.0379139,10.4367
0.908811,-0.0073645,-0.417124,-0.00421448,90.242,-9.86492,48.3859,929.977,-69.9866,223.999,3.73109,8.3973,-0.949325,1.11244,0.0379139,10.4367
0.908139,-0.00747708,-0.418581,-0.00410517,90.2365,-9.86475,48.4143,930.203,-70.0112,224.12,3.73109,8.3973,-0.949325,1.11244,0.0379139,10.4367
0.907445,-0.00742207,-0.420086,-0.00405056,90.2316,-9.86478,48.4427,930.428,-70.0359,224.242,3.73109,8.3973,-0.949325,1.11244,0.0379139,10.4367
0.906746,-0.00742992,-0.421593,-0.00406836,90.2266,-9.86481,48.4708,930.654,-70.0606,224.363,3.73109,8.3973,-0.949325,1.11244,0.0379139,10.4367
0.906019,-0.00848976,-0.423135,-0.00387643,90.2218,-9.86489,48.4993,930.879,-70.0852,224.484,3.73109,8.3973,-0.949325,1.11244,0.0379139,10.4367
0.905291,-0.00839392,-0.424691,-0.00395646,90.2173,-9.86512,48.5273,931.105,-70.1099,224.605,3.73109,8.3973,-0.949325,1.11244,0.0379139,10.4367
0.904612,-0.00832105,-0.426137,-0.00395643,90.2125,-9.86489,48.5555,931.33,-70.1346,224.727,3.73109,8.3973,-0.949325,1.11244,0.0379139,10.4367
0.903927,-0.00822492,-0.427589,-0.00393338,90.2078,-9.86467,48.5838,931.556,-70.1592,224.848,3.73109,8.3973,-0.949325,1.11244,0.0379139,10.4367
0.903173,-0.00958868,-0.429154,-0.00387862,90.2029,-9.86473,48.6116,931.781,-70.1839,224.97,3.73109,8.3973,-0.949325,1.11244,0.0379139,10.4367
0.902388,-0.00939449,-0.430806,-0.00373952,90.1983,-9.86535,48.6404,932.007,-70.2085,225.091,3.73109,8.3973,-0.949325,1.11244,0.0379139,10.4367
0.901634,-0.00939519,-0.432383,-0.00373415,90.1933,-9.86565,48.6685,932.232,-70.2332,225.213,3.73109,8.3973,-0.949325,1.11244,0.0379139,10.4367
0.900962,-0.00937504,-0.433781,-0.00369642,89.3857,-9.8929,48.1995,931.156,-70.5306,224.4,3.73175,8.44781,-0.949033,1.11253,0.0380515,10.462
0.900383,-0.00752261,-0.435019,-0.0038444,89.3808,-9.8922,48.2277,931.38,-70.5553,224.521,3.73175,8.44781,-0.949033,1.11253,0.0380515,10.462
0.899612,-0.00760516,-0.436607,-0.00378698,89.3753,-9.89256,48.2557,931.603,-70.58,224.642,3.73175,8.44781,-0.949033,1.11253,0.0380515,10.462
0.898946,-0.00765283,-0.437976,-0.00378886,89.3701,-9.89199,48.2835,931.827,-70.6048,224.762,3.73175,8.44781,-0.949033,1.11253,0.0380515,10.462
0.898202,-0.00765027,-0.439499,-0.00382057,89.3651,-9.89207,48.3113,932.05,-70.6295,224.883,3.73175,8.44781,-0.949033,1.11253,0.0380515,10.462
0.8975,-0.00748861,-0.440934,-0.00391059,89.3598,-9.89177,48.3389,932.273,-70.6542,225.004,3.73175,8.44781,-0.949033,1.11253,0.0380515,10.462
0.896708,-0.00745951,-0.442543,-0.00384658,89.3547,-9.89222,48.367,932.497,-70.6789,225.125,3.73175,8.44781,-0.949033,1.11253,0.0380515,10.462
0.895916,-0.00752759,-0.444144,-0.00388588,89.3494,-9.89263,48.3946,932.72,-70.7037,225.246,3.73175,8.44781,-0.949033,1.11253,0.0380515,10.462
0.89522,-0.00753332,-0.445545,-0.00375625,89.344,-9.89218,48.4229,932.944,-70.7284,225.367,3.73175,8.44781,-0.949033,1.11253,0.0380515,10.462
0.894434,-0.00954984,-0.44709,-0.00338545,89.338,-9.89238,48.4512,933.167,-70.7531,225.488,3.73175,8.44781,-0.949033,1.11253,0.0380515,10.462
0.893663,-0.00961578,-0.448623,-0.00335376,89.3326,-9.89249,48.479,933.39,-70.7779,225.609,3.73175,8.44781,-0.949033,1.11253,0.0380515,10.462
0.892891,-0.00964505,-0.450157,-0.00349497,89.3276,-9.89259,48.5062,933.614,-70.8026,225.73,3.73175,8.44781,-0.949033,1.11253,0.0380515,10.462
0.892099,-0.00968133,-0.451723,-0.00345607,89.3223,-9.89284,48.534,933.837,-70.8273,225.852,3.73175,8.44781,-0.949033,1.11253,0.0380515,10.462
0.891323,-0.0113937,-0.453216,-0.00335302,89.3172,-9.89295,48.5617,934.06,-70.8521,225.973,3.73175,8.44781,-0.949033,1.11253,0.0380515,10.462
0.890573,-0.0114173,-0.454685,-0.00340616,89.3121,-9.89276,48.5892,934.283,-70.8768,226.095,3.73175,8.44781,-0.949033,1.11253,0.0380515,10.462
0.889782,-0.0114253,-0.456231,-0.00333124,86.1589,-10.0079,46.6596,929.501,-72.0112,222.762,3.73374,8.64582,-0.947694,1.11558,0.0385056,10.5513
0.888941,-0.0114514,-0.457868,-0.00330216,86.1536,-10.0084,46.6873,929.716,-72.0362,222.878,3.73374,8.64582,-0.947694,1.11558,0.0385056,10.5513
0.88823,-0.0106654,-0.459265,-0.00327036,86.1486,-10.0078,46.7152,929.932,-72.0612,222.995,3.73374,8.64582,-0.947694,1.11558,0.0385056,10.5513
0.887491,-0.0106411,-0.460693,-0.00303592,86.1431,-10.0075,46.7437,930.147,-72.0862,223.112,3.73374,8.64582,-0.947694,1.11558,0.0385056,10.5513
0.886739,-0.010643,-0.462138,-0.00297517,86.1378,-10.0072,46.7714,930.363,-72.1112,223.229,3.73374,8.64582,-0.947694,1.11558,0.0385056,10.5513
0.885999,-0.0106476,-0.463557,-0.00285568,86.1324,-10.0068,46.7993,930.578,-72.1363,223.346,3.73374,8.64582,-0.947694,1.11558,0.0385056,10.5513
0.88513,-0.0133201,-0.465152,-0.00264171,86.1266,-10.0071,46.8269,930.793,-72.1613,223.463,3.73374,8.64582,-0.947694,1.11558,0.0385056,10.5513
0.884315,-0.0132498,-0.466696,-0.00258385,86.1215,-10.0072,46.8547,931.009,-72.1863,223.58,3.73374,8.64582,-0.947694,1.11558,0.0385056,10.5513
0.883487,-0.0131282,-0.468265,-0.00246207,86.1166,-10.0074,46.8828,931.224,-72.2113,223.697,3.73374,8.64582,-0.947694,1.11558,0.0385056,10.5513
0.882706,-0.0132487,-0.469733,-0.00247228,86.111,-10.0072,46.9099,931.439,-72.2363,223.815,3.73374,8.64582,-0.947694,1.11558,0.0385056,10.5513
0.881958,-0.0130597,-0.47114,-0.00247719,86.1057,-10.0067,46.9373,931.654,-72.2613,223.932,3.73374,8.64582,-0.947694,1.11558,0.0385056,10.5513
0.881211,-0.0129635,-0.472539,-0.00242954,86.1008,-10.0062,46.965,931.87,-72.2864,224.049,3.73374,8.64582,-0.947694,1.11558,0.0385056,10.5513
0.880424,-0.0129869,-0.474004,-0.00232491,86.0953,-10.006,46.9926,932.085,-72.3114,224.167,3.73374,8.64582,-0.947694,1.11558,0.0385056,10.5513
0.879659,-0.0128984,-0.475426,-0.00225161,86.0903,-10.0056,47.0204,932.3,-72.3364,224.284,3.73374,8.64582,-0.947694,1.11558,0.0385056,10.5513
0.878715,-0.0157366,-0.47709,-0.0020815,86.0846,-10.0059,47.0477,932.515,-72.3614,224.402,3.73374,8.64582,-0.947694,1.11558,0.0385056,10.5513
0.87792,-0.0155878,-0.478549,-0.00197931,87.2554,-9.95992,47.811,934.567,-71.9523,225.738,3.73319,8.57192,-0.948307,1.11355,0.0383712,10.5214
0.877045,-0.0155109,-0.480155,-0.001932,87.2504,-9.96031,47.8385,934.785,-71.9772,225.858,3.73319,8.57192,-0.948307,1.11355,0.0383712,10.5214
0.876248,-0.0156643,-0.481602,-0.00198583,87.2448,-9.96,47.8653,935.003,-72.0021,225.978,3.73319,8.57192,-0.948307,1.11355,0.0383712,10.5214
0.875351,-0.0175583,-0.483169,-0.00203657,87.2401,-9.95999,47.8923,935.221,-72.027,226.097,3.73319,8.57192,-0.948307,1.11355,0.0383712,10.5214
0.874506,-0.0174951,-0.484695,-0.00195163,87.235,-9.96002,47.9198,935.439,-72.0519,226.217,3.73319,8.57192,-0.948307,1.11355,0.0383712,10.5214
0.87371,-0.0173934,-0.486132,-0.00194514,87.2301,-9.95965,47.9472,935.657,-72.0768,226.337,3.73319,8.57192,-0.948307,1.11355,0.0383712,10.5214
0.872877,-0.017457,-0.487624,-0.0018524,87.2245,-9.95953,47.9744,935.875,-72.1017,226.457,3.73319,8.57192,-0.948307,1.11355,0.0383712,10.5214
0.87185,-0.0205402,-0.489349,-0.00180178,87.2198,-9.9597,48.0018,936.093,-72.1266,226.577,3.73319,8.57192,-0.948307,1.11355,0.0383712,10.5214
0.871015,-0.0205418,-0.490823,-0.00174657,87.2145,-9.95949,48.029,936.311,-72.1515,226.697,3.73319,8.57192,-0.948307,1.11355,0.0383712,10.5214
0.870124,-0.0206193,-0.492398,-0.00175905,87.2091,-9.95972,48.0558,936.529,-72.1764,226.817,3.73319,8.57192,-0.948307,1.11355,0.0383712,10.5214
0.869316,-0.0205256,-0.493827,-0.00168211,87.2041,-9.9593,48.0831,936.747,-72.2013,226.937,3.73319,8.57192,-0.948307,1.11355,0.0383712,10.5214
0.868262,-0.0250237,-0.495491,-0.00159374,87.1985,-9.95945,48.1102,936.965,-72.2262,227.058,3.73319,8.57192,-0.948307,1.11355,0.0383712,10.5214
0.867406,-0.0249793,-0.496972,-0.00148613,87.1933,-9.95925,48.1376,937.183,-72.2511,227.178,3.73319,8.57192,-0.948307,1.11355,0.0383712,10.5214
0.8666,-0.025031,-0.498373,-0.0013129,87.1877,-9.95867,48.1649,937.401,-72.276,227.298,3.73319,8.57192,-0.948307,1.11355,0.0383712,10.5214
0.865735,-0.0251596,-0.499868,-0.00135027,87.1822,-9.95854,48.1913,937.619,-72.3009,227.419,3.73319,8.57192,-0.948307,1.11355,0.0383712,10.5214
0.864782,-0.0299185,-0.501276,-0.00133922,82.6687,-10.1468,45.3686,930.886,-74.0961,223.097,3.73475,8.85544,-0.945258,1.1244,0.0387215,10.6242
0.863826,-0.0299329,-0.502898,-0.00139029,82.6636,-10.1472,45.3951,931.092,-74.1215,223.211,3.73475,8.85544,-0.945258,1.1244,0.0387215,10.6242
0.862937,-0.0299547,-0.504422,-0.00125541,82.6582,-10.1471,45.4222,931.299,-74.1469,223.324,3.73475,8.85544,-0.945258,1.1244,0.0387215,10.6242
0.862085,-0.0299721,-0.505876,-0.00127272,82.653,-10.1468,45.4488,931.506,-74.1722,223.438,3.73475,8.85544,-0.945258,1.1244,0.0387215,10.6242
0.861017,-0.037719,-0.507233,-0.00127459,82.6474,-10.147,45.4761,931.712,-74.1976,223.551,3.73475,8.85544,-0.945258,1.1244,0.0387215,10.6242
0.860119,-0.0376745,-0.508699,-0.00132369,82.6426,-10.1467,45.5026,931.919,-74.223,223.665,3.73475,8.85544,-0.945258,1.1244,0.0387215,10.6242
0.859247,-0.0376247,-0.510174,-0.00134749,82.6378,-10.1464,45.5292,932.125,-74.2483,223.779,3.73475,8.85544,-0.945258,1.1244,0.0387215,10.6242
0.858464,-0.0376348,-0.511489,-0.0011768,82.6323,-10.1454,45.5562,932.332,-74.2737,223.893,3.73475,8.85544,-0.945258,1.1244,0.0387215,10.6242
0.857394,-0.044825,-0.512754,-0.00130187,82.6271,-10.1448,45.5829,932.539,-74.299,224.007,3.73475,8.85544,-0.945258,1.1244,0.0387215,10.6242
0.856406,-0.044756,-0.514357,-0.0012652,82.6222,-10.1451,45.6096,932.745,-74.3244,224.121,3.73475,8.85544,-0.945258,1.1244,0.0387215,10.6242
0.855553,-0.0447947,-0.515772,-0.00117702,82.6169,-10.1445,45.6362,932.952,-74.3498,224.235,3.73475,8.85544,-0.945258,1.1244,0.0387215,10.6242
0.854575,-0.0447418,-0.517395,-0.00120048,82.6121,-10.1448,45.6627,933.158,-74.3751,224.349,3.73475,8.85544,-0.945258,1.1244,0.0387215,10.6242
0.853199,-0.0545742,-0.518816,-0.00150266,82.6072,-10.1444,45.6897,933.365,-74.4005,224.463,3.73475,8.85544,-0.945258,1.1244,0.0387215,10.6242
0.852396,-0.0545679,-0.52004,-0.00148736,82.6022,-10.143,45.7159,933.571,-74.4258,224.578,3.73475,8.85544,-0.945258,1.1244,0.0387215,10.6242
0.851529,-0.0546391,-0.521452,-0.00130683,82.5967,-10.1423,45.7426,933.778,-74.4512,224.692,3.73475,8.85544,-0.945258,1.1244,0.0387215,10.6242
0.850678,-0.0546948,-0.522833,-0.00115157,79.3291,-10.296,43.68,928.998,-75.8935,221.733,3.7354,9.06093,-0.942181,1.13428,0.0388039,10.6909
0.849021,-0.0696839,-0.523956,-0.00169418,79.3238,-10.2959,43.7067,929.196,-75.9193,221.842,3.7354,9.06093,-0.942181,1.13428,0.0388039,10.6909
0.848097,-0.0696337,-0.525242,-0.0016399,79.319,-10.2948,43.733,929.394,-75.945,221.951,3.7354,9.06093,-0.942181,1.13428,0.0388039,10.6909
0.847174,-0.0695546,-0.52674,-0.00165055,79.3144,-10.2944,43.7592,929.592,-75.9708,222.061,3.7354,9.06093,-0.942181,1.13428,0.0388039,10.6909
0.846178,-0.0697089,-0.52832,-0.00144503,79.3086,-10.2944,43.7855,929.791,-75.9965,222.17,3.7354,9.06093,-0.942181,1.13428,0.0388039,10.6909
0.844332,-0.0873043,-0.52895,-0.00237767,79.3036,-10.2936,43.812,929.989,-76.0222,222.28,3.7354,9.06093,-0.942181,1.13428,0.0388039,10.6909
0.84337,-0.0871958,-0.530207,-0.00221777,79.2989,-10.2923,43.8385,930.187,-76.048,222.389,3.7354,9.06093,-0.942181,1.13428,0.0388039,10.6909
0.842504,-0.0873696,-0.531554,-0.00195895,79.2931,-10.2911,43.8647,930.385,-76.0737,222.499,3.7354,9.06093,-0.942181,1.13428,0.0388039,10.6909
0.841556,-0.0874037,-0.533048,-0.00178967,79.2879,-10.2906,43.891,930.584,-76.0994,222.609,3.7354,9.06093,-0.942181,1.13428,0.0388039,10.6909
0.838956,-0.112976,-0.532949,-0.00346136,79.2826,-10.2901,43.917,930.782,-76.1251,222.719,3.7354,9.06093,-0.942181,1.13428,0.0388039,10.6909
0.837788,-0.112938,-0.534177,-0.00331755,79.2777,-10.2891,43.943,930.98,-76.1509,222.828,3.7354,9.06093,-0.942181,1.13428,0.0388039,10.6909
0.836893,-0.112925,-0.535583,-0.00306384,79.2727,-10.288,43.9694,931.178,-76.1766,222.938,3.7354,9.06093,-0.942181,1.13428,0.0388039,10.6909
0.836025,-0.112776,-0.536969,-0.00293483,79.2684,-10.2868,43.9956,931.376,-76.2023,223.048,3.7354,9.06093,-0.942181,1.13428,0.0388039,10.6909
0.830751,-0.146933,-0.537997,-0.00539206,79.2642,-10.2863,44.022,931.575,-76.228,223.158,3.7354,9.06093,-0.942181,1.13428,0.0388039,10.6909
0.829303,-0.1467,-0.539174,-0.00521742,79.26,-10.2854,44.0481,931.773,-76.2537,223.268,3.7354,9.06093,-0.942181,1.13428,0.0388039,10.6909
0.828462,-0.146752,-0.540454,-0.00492783,79.3048,-10.2807,44.1064,932.047,-76.2538,223.424,3.7354,9.05779,-0.942256,1.1341,0.0388076,10.69
0.827494,-0.146675,-0.541958,-0.00468796,79.3002,-10.2799,44.1325,932.245,-76.2795,223.534,3.7354,9.05779,-0.942256,1.1341,0.0388076,10.69
0.819546,-0.189433,-0.542485,-0.00797477,79.2953,-10.2782,44.1587,932.443,-76.3052,223.645,3.7354,9.05779,-0.942256,1.1341,0.0388076,10.69
0.817803,-0.189221,-0.543448,-0.00761382,79.2906,-10.2769,44.1847,932.641,-76.3309,223.755,3.7354,9.05779,-0.942256,1.1341,0.0388076,10.69
0.816956,-0.189166,-0.544745,-0.00722744,79.286,-10.2749,44.2107,932.84,-76.3565,223.866,3.7354,9.05779,-0.942256,1.1341,0.0388076,10.69
0.81604,-0.189148,-0.546127,-0.00693622,79.2814,-10.2733,44.2363,933.038,-76.3822,223.976,3.7354,9.05779,-0.942256,1.1341,0.0388076,10.69
0.802262,-0.247311,-0.546492,-0.0119409,79.2767,-10.2717,44.2623,933.236,-76.4079,224.087,3.7354,9.05779,-0.942256,1.1341,0.0388076,10.69
0.799905,-0.24687,-0.546876,-0.0115515,79.2723,-10.2698,44.2875,933.434,-76.4336,224.198,3.7354,9.05779,-0.942256,1.1341,0.0388076,10.69
0.79899,-0.246813,-0.54825,-0.0109991,79.2677,-10.2677,44.3135,933.632,-76.4593,224.308,3.7354,9.05779,-0.942256,1.1341,0.0388076,10.69
0.798056,-0.246945,-0.549554,-0.0107121,79.2631,-10.2658,44.3381,933.831,-76.4849,224.419,3.7354,9.05779,-0.942256,1.1341,0.0388076,10.69
0.777012,-0.324127,-0.545253,-0.0190634,79.2584,-10.2639,44.3638,934.029,-76.5106,224.53,3.7354,9.05779,-0.942256,1.1341,0.0388076,10.69
0.773544,-0.323106,-0.544875,-0.0185245,79.2542,-10.2619,44.3886,934.227,-76.5362,224.641,3.7354,9.05779,-0.942256,1.1341,0.0388076,10.69
0.772592,-0.323286,-0.546136,-0.0179793,79.2494,-10.2594,44.4132,934.425,-76.5619,224.752,3.7354,9.05779,-0.942256,1.1341,0.0388076,10.69
0.77163,-0.323254,-0.54753,-0.0174754,79.2454,-10.2574,44.4382,934.623,-76.5875,224.863,3.7354,9.05779,-0.942256,1.1341,0.0388076,10.69
0.74183,-0.421888,-0.530805,-0.0323871,79.2412,-10.2547,44.4626,934.821,-76.6132,224.974,3.7354,9.05779,-0.942256,1.1341,0.0388076,10.69
0.736752,-0.419657,-0.529235,-0.0315462,76.6528,-10.4624,42.7836,931.089,-78.4274,222.814,3.73549,9.22126,-0.935175,1.14474,0.0380674,10.7325
0.735931,-0.41972,-0.530364,-0.030908,76.6492,-10.4591,42.8076,931.281,-78.4535,222.921,3.73549,9.22126,-0.935175,1.14474,0.0380674,10.7325
0.734944,-0.419808,-0.531697,-0.0302823,76.6453,-10.4568,42.8318,931.472,-78.4797,223.028,3.73549,9.22126,-0.935175,1.14474,0.0380674,10.7325
0.687236,-0.543776,-0.498507,-0.0528033,76.6416,-10.453,42.8562,931.664,-78.5058,223.135,3.73549,9.22126,-0.935175,1.14474,0.0380674,10.7325
0.679896,-0.538709,-0.49486,-0.0514541,76.6385,-10.4494,42.8795,931.856,-78.5319,223.242,3.73549,9.22126,-0.935175,1.14474,0.0380674,10.7325
0.678999,-0.538797,-0.496092,-0.0505043,76.6351,-10.4463,42.9035,932.047,-78.558,223.35,3.73549,9.22126,-0.935175,1.14474,0.0380674,10.7325
0.678105,-0.538902,-0.497287,-0.0496437,76.6319,-10.4432,42.9271,932.239,-78.5842,223.457,3.73549,9.22126,-0.935175,1.14474,0.0380674,10.7325
0.59403,-0.69672,-0.437472,-0.0842714,76.6282,-10.4401,42.951,932.43,-78.6103,223.564,3.73549,9.22126,-0.935175,1.14474,0.0380674,10.7325
0.582601,-0.68443,-0.430647,-0.0816941,76.6259,-10.4366,42.9733,932.622,-78.6363,223.672,3.73549,9.22126,-0.935175,1.14474,0.0380674,10.7325
0.581749,-0.684612,-0.431741,-0.0804662,76.6232,-10.4332,42.9963,932.814,-78.6624,223.779,3.73549,9.22126,-0.935175,1.14474,0.0380674,10.7325
0.581132,-0.684711,-0.432623,-0.0793377,76.6215,-10.4292,43.0187,933.005,-78.6885,223.887,3.73549,9.22126,-0.935175,1.14474,0.0380674,10.7325
0.444137,-0.859771,-0.330488,-0.128933,76.6189,-10.4255,43.0411,933.197,-78.7146,223.994,3.73549,9.22126,-0.935175,1.14474,0.0380674,10.7325
0.430391,-0.834381,-0.321393,-0.12361,76.6181,-10.4218,43.0624,933.388,-78.7406,224.102,3.73549,9.22126,-0.935175,1.14474,0.0380674,10.7325
0.42989,-0.83454,-0.3222,-0.122167,76.6174,-10.4185,43.0843,933.58,-78.7667,224.21,3.73549,9.22126,-0.935175,1.14474,0.0380674,10.7325
0.429305,-0.834784,-0.322867,-0.12079,76.6165,-10.4153,43.1055,933.771,-78.7927,224.318,3.73549,9.22126,-0.935175,1.14474,0.0380674,10.7325
0.210741,-0.998224,-0.172494,-0.170138,73.4494,-10.825,41.0415,929.155,-82.1784,221.713,3.73432,9.42081,-0.918674,1.159,0.0357894,10.7791
0.200693,-0.952255,-0.164719,-0.160624,73.4501,-10.8229,41.0606,929.339,-82.2054,221.816,3.73432,9.42081,-0.918674,1.159,0.0357894,10.7791
0.200456,-0.952562,-0.164904,-0.158901,73.4507,-10.8206,41.0806,929.522,-82.2325,221.919,3.73432,9.42081,-0.918674,1.159,0.0357894,10.7791
0.200123,-0.952856,-0.165198,-0.157248,73.451,-10.8187,41.101,929.706,-82.2595,222.022,3.73432,9.42081,-0.918674,1.159,0.0357894,10.7791
-0.0486176,-1.02708,0.00624862,-0.204224,73.451,-10.8172,41.1213,929.89,-82.2866,222.124,3.73432,9.42081,-0.918674,1.159,0.0357894,10.7791
-0.0461886,-0.980042,0.00603284,-0.193257,73.4528,-10.8181,41.141,930.073,-82.3136,222.227,3.73432,9.42081,-0.918674,1.159,0.0357894,10.7791
-0.0462747,-0.980355,0.00609705,-0.191641,73.4535,-10.8187,41.1614,930.257,-82.3407,222.33,3.73432,9.42081,-0.918674,1.159,0.0357894,10.7791
-0.0463444,-0.980706,0.00600067,-0.189821,73.454,-10.8184,41.1823,930.441,-82.3677,222.433,3.73432,9.42081,-0.918674,1.159,0.0357894,10.7791
0.333738,-1.00529,-0.252915,-0.163506,73.455,-10.8189,41.2029,930.624,-82.3948,222.536,3.73432,9.42081,-0.918674,1.159,0.0357894,10.7791
0.302711,-0.913088,-0.230285,-0.146985,73.4553,-10.8164,41.2229,930.808,-82.4218,222.639,3.73432,9.42081,-0.918674,1.159,0.0357894,10.7791
0.302257,-0.913361,-0.230714,-0.145549,73.4551,-10.8144,41.2435,930.992,-82.4488,222.742,3.73432,9.42081,-0.918674,1.159,0.0357894,10.7791
0.301826,-0.91363,-0.231225,-0.14393,73.4548,-10.8118,41.2646,931.175,-82.4759,222.845,3.73432,9.42081,-0.918674,1.159,0.0357894,10.7791
0.0224759,-1.04371,-0.0535428,-0.18962,73.4546,-10.8089,41.2858,931.359,-82.5029,222.949,3.73432,9.42081,-0.918674,1.159,0.0357894,10.7791
0.0210579,-0.982711,-0.0505447,-0.176864,73.4554,-10.8088,41.3058,931.542,-82.5299,223.052,3.73432,9.42081,-0.918674,1.159,0.0357894,10.7791
0.0211015,-0.982988,-0.050672,-0.175278,73.4566,-10.8089,41.3268,931.726,-82.5569,223.155,3.73432,9.42081,-0.918674,1.159,0.0357894,10.7791
0.021003,-0.983291,-0.0506707,-0.173578,70.0999,-11.3816,39.1766,926.835,-87.3496,220.43,3.73134,9.62946,-0.89329,1.17459,0.0319852,10.8233
0.261959,-0.972045,-0.201877,-0.163933,70.101,-11.3815,39.1971,927.01,-87.3781,220.528,3.73134,9.62946,-0.89329,1.17459,0.0319852,10.8233
0.251648,-0.935142,-0.19455,-0.155988,70.1012,-11.379,39.2175,927.185,-87.4065,220.626,3.73134,9.62946,-0.89329,1.17459,0.0319852,10.8233
0.251249,-0.935394,-0.195033,-0.154511,70.1012,-11.3775,39.2387,927.36,-87.4349,220.724,3.73134,9.62946,-0.89329,1.17459,0.0319852,10.8233
0.251027,-0.935635,-0.195395,-0.152946,70.1017,-11.3755,39.2596,927.536,-87.4634,220.823,3.73134,9.62946,-0.89329,1.17459,0.0319852,10.8233
-0.0677616,-1.05551,-0.00876056,-0.181122,70.1017,-11.3741,39.2807,927.711,-87.4918,220.921,3.73134,9.62946,-0.89329,1.17459,0.0319852,10.8233
-0.0631822,-0.983877,-0.008009,-0.167123,70.1025,-11.3746,39.3001,927.886,-87.5203,221.019,3.73134,9.62946,-0.89329,1.17459,0.0319852,10.8233
-0.0630918,-0.984164,-0.00793791,-0.165463,70.1035,-11.375,39.321,928.061,-87.5487,221.117,3.73134,9.62946,-0.89329,1.17459,0.0319852,10.8233
-0.0630592,-0.98445,-0.00771232,-0.163778,70.1043,-11.3753,39.3414,928.236,-87.5771,221.216,3.73134,9.62946,-0.89329,1.17459,0.0319852,10.8233
0.35388,-1.00662,-0.250796,-0.179633,70.1051,-11.376,39.3625,928.412,-87.6056,221.314,3.73134,9.62946,-0.89329,1.17459,0.0319852,10.8233
0.3181,-0.906613,-0.226295,-0.160177,70.1046,-11.3731,39.3822,928.587,-87.634,221.413,3.73134,9.62946,-0.89329,1.17459,0.0319852,10.8233
0.317672,-0.906877,-0.226857,-0.158729,70.1044,-11.3713,39.4037,928.762,-87.6624,221.511,3.73134,9.62946,-0.89329,1.17459,0.0319852,10.8233
0.317314,-0.907143,-0.22736,-0.1572,70.1044,-11.369,39.4252,928.937,-87.6908,221.61,3.73134,9.62946,-0.89329,1.17459,0.0319852,10.8233
-0.0217411,-1.06561,-0.0298965,-0.212495,70.104,-11.3674,39.4463,929.113,-87.7193,221.708,3.73134,9.62946,-0.89329,1.17459,0.0319852,10.8233
-0.0200058,-0.980416,-0.0274737,-0.193984,70.1052,-11.3684,39.4661,929.288,-87.7477,221.807,3.73134,9.62946,-0.89329,1.17459,0.0319852,10.8233
-0.0199397,-0.980744,-0.0273737,-0.19234,67.9342,-11.793,38.1046,926.179,-91.3007,220.084,3.72864,9.76258,-0.874058,1.18475,0.0289954,10.849
-0.0199507,-0.981059,-0.0273721,-0.190725,67.935,-11.7931,38.1258,926.349,-91.3302,220.179,3.72864,9.76258,-0.874058,1.18475,0.0289954,10.849
0.543157,-0.984695,-0.350705,-0.184429,67.9357,-11.793,38.1472,926.519,-91.3597,220.274,3.72864,9.76258,-0.874058,1.18475,0.0289954,10.849
0.455151,-0.826078,-0.294829,-0.153323,67.9355,-11.789,38.1669,926.689,-91.3891,220.37,3.72864,9.76258,-0.874058,1.18475,0.0289954,10.849
0.454621,-0.826307,-0.295672,-0.152036,67.9348,-11.7869,38.1894,926.859,-91.4186,220.465,3.72864,9.76258,-0.874058,1.18475,0.0289954,10.849
0.454042,-0.826572,-0.296457,-0.150787,67.934,-11.7848,38.2117,927.029,-91.4481,220.561,3.72864,9.76258,-0.874058,1.18475,0.0289954,10.849
0.147456,-1.04255,-0.136592,-0.204318,67.9331,-11.7822,38.2345,927.199,-91.4775,220.656,3.72864,9.76258,-0.874058,1.18475,0.0289954,10.849
0.1361,-0.964536,-0.12653,-0.18745,67.9335,-11.7814,38.2545,927.368,-91.507,220.752,3.72864,9.76258,-0.874058,1.18475,0.0289954,10.849
0.135885,-0.964842,-0.126866,-0.185795,67.9337,-11.7803,38.2763,927.538,-91.5364,220.848,3.72864,9.76258,-0.874058,1.18475,0.0289954,10.849
0.135597,-0.965147,-0.127005,-0.18432,67.9339,-11.7798,38.2972,927.708,-91.5659,220.943,3.72864,9.76258,-0.874058,1.18475,0.0289954,10.849
-0.379423,-1.06112,0.143742,-0.247502,67.9342,-11.7788,38.319,927.878,-91.5953,221.039,3.72864,9.76258,-0.874058,1.18475,0.0289954,10.849
-0.326079,-0.913013,0.124041,-0.211409,67.9349,-11.7814,38.3397,928.048,-91.6248,221.135,3.72864,9.76258,-0.874058,1.18475,0.0289954,10.849
-0.325726,-0.913427,0.124613,-0.209821,67.936,-11.7831,38.3616,928.218,-91.6543,221.231,3.72864,9.76258,-0.874058,1.18475,0.0289954,10.849
-0.325491,-0.913791,0.125048,-0.208337,67.9363,-11.7849,38.3839,928.388,-91.6837,221.327,3.72864,9.76258,-0.874058,1.18475,0.0289954,10.849
0.162812,-1.11297,-0.152659,-0.264575,67.9367,-11.7868,38.4059,928.557,-91.7132,221.423,3.72864,9.76258,-0.874058,1.18475,0.0289954,10.849
0.139446,-0.955238,-0.131229,-0.22551,66.3675,-12.1221,37.4373,926.342,-94.5306,220.199,3.72613,9.85775,-0.858702,1.19218,0.0265069,10.8656
0.139159,-0.955608,-0.131338,-0.224051,66.3679,-12.1215,37.4584,926.508,-94.561,220.292,3.72613,9.85775,-0.858702,1.19218,0.0265069,10.8656
0.139007,-0.955991,-0.13156,-0.222374,66.3686,-12.1201,37.4801,926.674,-94.5913,220.386,3.72613,9.85775,-0.858702,1.19218,0.0265069,10.8656
-0.536046,-1.08472,0.215598,-0.295979,66.369,-12.1196,37.5013,926.839,-94.6216,220.48,3.72613,9.85775,-0.858702,1.19218,0.0265069,10.8656
-0.423749,-0.858463,0.171038,-0.232859,66.3692,-12.1236,37.5225,927.005,-94.6519,220.574,3.72613,9.85775,-0.858702,1.19218,0.0265069,10.8656
-0.42347,-0.858816,0.171652,-0.231612,66.3692,-12.1261,37.5455,927.171,-94.6822,220.668,3.72613,9.85775,-0.858702,1.19218,0.0265069,10.8656
-0.423162,-0.859182,0.172431,-0.230233,66.3695,-12.1285,37.5678,927.337,-94.7125,220.762,3.72613,9.85775,-0.858702,1.19218,0.0265069,10.8656
0.0413684,-1.12203,-0.0842138,-0.29539,66.3694,-12.1307,37.5909,927.503,-94.7428,220.855,3.72613,9.85775,-0.858702,1.19218,0.0265069,10.8656
0.03536,-0.964307,-0.0723679,-0.25224,66.3704,-12.1304,37.6104,927.669,-94.7731,220.95,3.72613,9.85775,-0.858702,1.19218,0.0265069,10.8656
0.0351642,-0.964698,-0.0724251,-0.250751,66.3708,-12.1304,37.6321,927.835,-94.8035,221.044,3.72613,9.85775,-0.858702,1.19218,0.0265069,10.8656
0.0351598,-0.965089,-0.0724859,-0.249223,66.3718,-12.1302,37.654,928.001,-94.8338,221.138,3.72613,9.85775,-0.858702,1.19218,0.0265069,10.8656
1.11774,-0.905836,-0.590843,-0.175393,66.3717,-12.1296,37.6763,928.167,-94.8641,221.232,3.72613,9.85775,-0.858702,1.19218,0.0265069,10.8656
0.713675,-0.578843,-0.378528,-0.111025,66.3688,-12.1228,37.6961,928.333,-94.8944,221.326,3.72613,9.85775,-0.858702,1.19218,0.0265069,10.8656
0.713012,-0.579003,-0.379796,-0.110113,66.3671,-12.1211,37.7206,928.499,-94.9247,221.42,3.72613,9.85775,-0.858702,1.19218,0.0265069,10.8656
0.712287,-0.579291,-0.381012,-0.109085,66.3646,-12.1191,37.745,928.664,-94.955,221.515,3.72613,9.85775,-0.858702,1.19218,0.0265069,10.8656
0.517623,-0.847328,-0.311499,-0.199294,62.0051,-13.0599,35.0419,922.156,-102.738,217.926,3.71903,10.1195,-0.816184,1.21331,0.0196358,10.9069
0.488063,-0.800012,-0.294668,-0.186936,62.0048,-13.0578,35.0638,922.311,-102.77,218.013,3.71903,10.1195,-0.816184,1.21331,0.0196358,10.9069
0.487503,-0.800374,-0.295386,-0.185712,62.0038,-13.0559,35.0864,922.466,-102.803,218.101,3.71903,10.1195,-0.816184,1.21331,0.0196358,10.9069
0.487039,-0.800709,-0.296034,-0.184453,62.0032,-13.0536,35.109,922.621,-102.835,218.189,3.71903,10.1195,-0.816184,1.21331,0.0196358,10.9069
0.101499,-1.06246,-0.132258,-0.329373,62.003,-13.0512,35.1316,922.776,-102.868,218.277,3.71903,10.1195,-0.816184,1.21331,0.0196358,10.9069
0.0902355,-0.94505,-0.117634,-0.291378,62.0048,-13.0506,35.1521,922.931,-102.901,218.365,3.71903,10.1195,-0.816184,1.21331,0.0196358,10.9069
0.089947,-0.945514,-0.117685,-0.289935,62.0051,-13.0502,35.1738,923.086,-102.933,218.453,3.71903,10.1195,-0.816184,1.21331,0.0196358,10.9069
0.0897389,-0.945942,-0.118002,-0.288473,62.0054,-13.0498,35.1966,923.241,-102.966,218.541,3.71903,10.1195,-0.816184,1.21331,0.0196358,10.9069
-0.942682,-1.04679,0.313273,-0.455659,62.0058,-13.0491,35.2191,923.396,-102.999,218.629,3.71903,10.1195,-0.816184,1.21331,0.0196358,10.9069
-0.622514,-0.692221,0.208034,-0.300047,62.0069,-13.0544,35.2388,923.551,-103.031,218.717,3.71903,10.1195,-0.816184,1.21331,0.0196358,10.9069
-0.622249,-0.692569,0.208961,-0.299147,62.0061,-13.0572,35.263,923.706,-103.064,218.805,3.71903,10.1195,-0.816184,1.21331,0.0196358,10.9069
-0.621952,-0.692906,0.21003,-0.298237,62.0056,-13.0602,35.2868,923.861,-103.096,218.893,3.71903,10.1195,-0.816184,1.21331,0.0196358,10.9069
-0.138535,-1.1547,0.031252,-0.359433,62.0047,-13.062,35.31,924.016,-103.129,218.981,3.71903,10.1195,-0.816184,1.21331,0.0196358,10.9069
-0.113703,-0.948721,0.0258366,-0.293822,62.006,-13.0633,35.3303,924.171,-103.162,219.07,3.71903,10.1195,-0.816184,1.21331,0.0196358,10.9069
-0.113691,-0.949158,0.0259192,-0.292407,62.0063,-13.0639,35.353,924.326,-103.194,219.158,3.71903,10.1195,-0.816184,1.21331,0.0196358,10.9069
-0.113748,-0.949569,0.0260644,-0.291033,61.9466,-13.078,35.3383,924.389,-103.338,219.196,3.71892,10.1231,-0.815577,1.21362,0.0195336,10.9074
0.974182,-1.11349,-0.317888,-0.211155,61.9472,-13.0787,35.3613,924.544,-103.371,219.284,3.71892,10.1231,-0.815577,1.21362,0.0195336,10.9074
0.637314,-0.728945,-0.20896,-0.137135,61.9467,-13.0745,35.3811,924.699,-103.403,219.373,3.71892,10.1231,-0.815577,1.21362,0.0195336,10.9074
0.63702,-0.729223,-0.209656,-0.135953,61.9458,-13.0718,35.4044,924.854,-103.436,219.461,3.71892,10.1231,-0.815577,1.21362,0.0195336,10.9074
0.63674,-0.729444,-0.210476,-0.134812,61.945,-13.0694,35.4281,925.008,-103.469,219.55,3.71892,10.1231,-0.815577,1.21362,0.0195336,10.9074
0.196309,-1.11406,-0.0960801,-0.313048,61.9439,-13.0676,35.4521,925.163,-103.501,219.638,3.71892,10.1231,-0.815577,1.21362,0.0195336,10.9074
0.166372,-0.946426,-0.0818673,-0.26438,61.9436,-13.0665,35.4732,925.318,-103.534,219.727,3.71892,10.1231,-0.815577,1.21362,0.0195336,10.9074
0.166309,-0.946805,-0.0822151,-0.262948,61.9439,-13.0658,35.4963,925.473,-103.567,219.816,3.71892,10.1231,-0.815577,1.21362,0.0195336,10.9074
0.16617,-0.947219,-0.0823574,-0.261497,61.9441,-13.0649,35.5186,925.628,-103.599,219.905,3.71892,10.1231,-0.815577,1.21362,0.0195336,10.9074
-1.00118,-1.11143,0.245697,-0.512581,61.9441,-13.064,35.5411,925.783,-103.632,219.993,3.71892,10.1231,-0.815577,1.21362,0.0195336,10.9074
-0.625424,-0.695018,0.154366,-0.319321,61.9445,-13.0687,35.5625,925.938,-103.665,220.082,3.71892,10.1231,-0.815577,1.21362,0.0195336,10.9074
-0.625284,-0.695404,0.155296,-0.318303,61.9439,-13.0706,35.5862,926.092,-103.697,220.171,3.71892,10.1231,-0.815577,1.21362,0.0195336,10.9074
-0.625045,-0.695871,0.156252,-0.317283,61.9438,-13.0724,35.6101,926.247,-103.73,220.26,3.71892,10.1231,-0.815577,1.21362,0.0195336,10.9074
0.064497,-1.32649,-0.0508556,-0.39398,61.9436,-13.0741,35.634,926.402,-103.763,220.349,3.71892,10.1231,-0.815577,1.21362,0.0195336,10.9074
0.0463,-0.957319,-0.036629,-0.282939,61.9445,-13.0749,35.6521,926.557,-103.795,220.439,3.71892,10.1231,-0.815577,1.21362,0.0195336,10.9074
0.0462789,-0.957674,-0.0365861,-0.281745,60.299,-13.4495,34.661,924.138,-106.898,219.123,3.71575,10.2204,-0.798812,1.22243,0.0166576,10.9197
0.0461523,-0.958114,-0.0367335,-0.280248,60.2988,-13.4489,34.684,924.289,-106.931,219.21,3.71575,10.2204,-0.798812,1.22243,0.0166576,10.9197
-1.55168,-0.939238,0.444848,-0.67216,60.2986,-13.4489,34.7066,924.44,-106.965,219.297,3.71575,10.2204,-0.798812,1.22243,0.0166576,10.9197
-0.781359,-0.473814,0.225285,-0.337973,60.2996,-13.4544,34.7274,924.59,-106.999,219.384,3.71575,10.2204,-0.798812,1.22243,0.0166576,10.9197
-0.781058,-0.474342,0.226364,-0.337205,60.2992,-13.4556,34.7518,924.741,-107.032,219.47,3.71575,10.2204,-0.798812,1.22243,0.0166576,10.9197
-0.780709,-0.474812,0.22734,-0.336694,60.2983,-13.4571,34.7771,924.892,-107.066,219.557,3.71575,10.2204,-0.798812,1.22243,0.0166576,10.9197
-0.352034,-1.15055,0.0458264,-0.499688,60.2981,-13.4589,34.8017,925.043,-107.1,219.644,3.71575,10.2204,-0.798812,1.22243,0.0166576,10.9197
-0.269875,-0.883109,0.0354741,-0.382135,60.2994,-13.4608,34.8237,925.193,-107.133,219.731,3.71575,10.2204,-0.798812,1.22243,0.0166576,10.9197
-0.269881,-0.883621,0.0357715,-0.380919,60.2994,-13.4616,34.8471,925.344,-107.167,219.819,3.71575,10.2204,-0.798812,1.22243,0.0166576,10.9197
-0.26994,-0.884174,0.0362093,-0.379549,60.2994,-13.462,34.8697,925.495,-107.201,219.906,3.71575,10.2204,-0.798812,1.22243,0.0166576,10.9197
1.00912,-1.33453,-0.393448,-0.280728,60.2993,-13.4631,34.893,925.646,-107.234,219.993,3.71575,10.2204,-0.798812,1.22243,0.0166576,10.9197
0.579137,-0.7665,-0.226885,-0.160006,60.2977,-13.4583,34.9153,925.796,-107.268,220.08,3.71575,10.2204,-0.798812,1.22243,0.0166576,10.9197
0.578783,-0.766765,-0.227598,-0.158996,60.2969,-13.4572,34.9386,925.947,-107.302,220.168,3.71575,10.2204,-0.798812,1.22243,0.0166576,10.9197
0.578716,-0.766843,-0.228239,-0.157944,60.2972,-13.4557,34.9622,926.098,-107.335,220.255,3.71575,10.2204,-0.798812,1.22243,0.0166576,10.9197
-0.0457838,-1.22479,-0.0951793,-0.415488,60.2959,-13.4544,34.9866,926.249,-107.369,220.343,3.71575,10.2204,-0.798812,1.22243,0.0166576,10.9197
-0.0353432,-0.944305,-0.0731613,-0.318882,57.5371,-14.0636,33.3165,922.014,-112.364,218.05,3.71104,10.3826,-0.771917,1.23834,0.0123838,10.9381
-0.0357461,-0.944729,-0.0731952,-0.317573,57.5359,-14.0637,33.3395,922.158,-112.399,218.133,3.71104,10.3826,-0.771917,1.23834,0.0123838,10.9381
-0.0359175,-0.945149,-0.0730336,-0.316339,57.5358,-14.0641,33.3621,922.301,-112.435,218.217,3.71104,10.3826,-0.771917,1.23834,0.0123838,10.9381
1.66207,-1.10132,-0.569274,0.0731572,57.5359,-14.064,33.3848,922.445,-112.47,218.3,3.71104,10.3826,-0.771917,1.23834,0.0123838,10.9381
0.800745,-0.530756,-0.275335,0.0360159,57.5331,-14.0605,33.404,922.589,-112.505,218.384,3.71104,10.3826,-0.771917,1.23834,0.0123838,10.9381
0.800495,-0.530642,-0.276191,0.0366913,57.5323,-14.0593,33.428,922.733,-112.54,218.467,3.71104,10.3826,-0.771917,1.23834,0.0123838,10.9381
0.800165,-0.53056,-0.277201,0.0374374,57.5312,-14.0585,33.4525,922.877,-112.575,218.551,3.71104,10.3826,-0.771917,1.23834,0.0123838,10.9381
0.529693,-0.952826,-0.277252,-0.164619,57.53,-14.058,33.4769,923.021,-112.61,218.635,3.71104,10.3826,-0.771917,1.23834,0.0123838,10.9381
0.465482,-0.83841,-0.244367,-0.143803,57.529,-14.0576,33.499,923.164,-112.645,218.718,3.71104,10.3826,-0.771917,1.23834,0.0123838,10.9381
0.465193,-0.838565,-0.244988,-0.142776,57.5285,-14.0573,33.5226,923.308,-112.681,218.802,3.71104,10.3826,-0.771917,1.23834,0.0123838,10.9381
0.46483,-0.838806,-0.245478,-0.141697,57.5276,-14.0567,33.5458,923.452,-112.716,218.886,3.71104,10.3826,-0.771917,1.23834,0.0123838,10.9381
-0.282906,-1.23298,-0.118357,-0.482706,57.527,-14.0566,33.5699,923.596,-112.751,218.97,3.71104,10.3826,-0.771917,1.23834,0.0123838,10.9381
-0.208146,-0.907638,-0.086745,-0.35404,57.5283,-14.0581,33.5913,923.74,-112.786,219.054,3.71104,10.3826,-0.771917,1.23834,0.0123838,10.9381
-0.208205,-0.908118,-0.0864487,-0.352844,57.5284,-14.0585,33.6147,923.883,-112.821,219.138,3.71104,10.3826,-0.771917,1.23834,0.0123838,10.9381
-0.208321,-0.908614,-0.0861934,-0.351559,57.5282,-14.0586,33.6381,924.027,-112.856,219.222,3.71104,10.3826,-0.771917,1.23834,0.0123838,10.9381
1.42115,-1.33543,-0.566707,-0.0959287,57.6195,-14.0378,33.7171,924.319,-112.721,219.386,3.71123,10.3772,-0.772835,1.23778,0.0125459,10.9375
0.698614,-0.656975,-0.279596,-0.0463642,57.6181,-14.0363,33.7365,924.463,-112.756,219.471,3.71123,10.3772,-0.772835,1.23778,0.0125459,10.9375
0.698233,-0.657104,-0.280399,-0.045409,57.6167,-14.0354,33.7607,924.607,-112.791,219.555,3.71123,10.3772,-0.772835,1.23778,0.0125459,10.9375
0.697934,-0.657095,-0.281315,-0.0444511,57.6159,-14.0348,33.7853,924.751,-112.826,219.64,3.71123,10.3772,-0.772835,1.23778,0.0125459,10.9375
0.203226,-1.17828,-0.245673,-0.333868,57.6149,-14.0348,33.8094,924.896,-112.862,219.724,3.71123,10.3772,-0.772835,1.23778,0.0125459,10.9375
0.160207,-0.931376,-0.194436,-0.262807,57.6142,-14.0362,33.8327,925.04,-112.897,219.809,3.71123,10.3772,-0.772835,1.23778,0.0125459,10.9375
0.159922,-0.931671,-0.19476,-0.261692,57.6135,-14.0365,33.8566,925.184,-112.932,219.893,3.71123,10.3772,-0.772835,1.23778,0.0125459,10.9375
0.159747,-0.931975,-0.194988,-0.260544,57.6132,-14.0366,33.8804,925.328,-112.967,219.978,3.71123,10.3772,-0.772835,1.23778,0.0125459,10.9375
-1.52546,-1.16175,0.174317,-0.748612,57.6126,-14.0365,33.9038,925.472,-113.002,220.063,3.71123,10.3772,-0.772835,1.23778,0.0125459,10.9375
-0.738473,-0.562695,0.0852471,-0.361616,57.6125,-14.0399,33.9252,925.616,-113.037,220.148,3.71123,10.3772,-0.772835,1.23778,0.0125459,10.9375
-0.73835,-0.563087,0.0861292,-0.361047,57.6118,-14.041,33.9498,925.76,-113.072,220.232,3.71123,10.3772,-0.772835,1.23778,0.0125459,10.9375
-0.738329,-0.563468,0.0869706,-0.360293,57.6109,-14.0415,33.9738,925.904,-113.107,220.317,3.71123,10.3772,-0.772835,1.23778,0.0125459,10.9375
0.152252,-1.70713,-0.283426,-0.485754,57.6099,-14.0417,33.9981,926.048,-113.142,220.402,3.71123,10.3772,-0.772835,1.23778,0.0125459,10.9375
0.0843358,-0.946674,-0.157367,-0.268202,57.61,-14.0433,34.0221,926.192,-113.177,220.487,3.71123,10.3772,-0.772835,1.23778,0.0125459,10.9375
0.0843202,-0.946977,-0.157431,-0.267095,57.6101,-14.0434,34.0459,926.336,-113.213,220.573,3.71123,10.3772,-0.772835,1.23778,0.0125459,10.9375
0.0841835,-0.947308,-0.157445,-0.265955,55.5886,-14.5307,32.8547,923.135,-117.163,218.853,3.70619,10.4948,-0.751878,1.25116,0.00827819,10.9485
-1.93382,-1.10221,0.413308,-0.690523,55.5874,-14.5304,32.8783,923.274,-117.199,218.935,3.70619,10.4948,-0.751878,1.25116,0.00827819,10.9485
-0.816805,-0.466039,0.175659,-0.291172,55.5889,-14.5331,32.898,923.413,-117.235,219.018,3.70619,10.4948,-0.751878,1.25116,0.00827819,10.9485
-0.816554,-0.466384,0.176579,-0.290767,55.5881,-14.5338,32.9227,923.552,-117.272,219.1,3.70619,10.4948,-0.751878,1.25116,0.00827819,10.9485
-0.816351,-0.466723,0.177557,-0.290195,55.5874,-14.5343,32.9467,923.691,-117.308,219.182,3.70619,10.4948,-0.751878,1.25116,0.00827819,10.9485
-0.178203,-1.51585,-0.129359,-0.585853,55.5866,-14.5352,32.9708,923.83,-117.344,219.265,3.70619,10.4948,-0.751878,1.25116,0.00827819,10.9485
-0.108802,-0.924713,-0.0788624,-0.356159,55.5858,-14.5356,32.9946,923.969,-117.381,219.347,3.70619,10.4948,-0.751878,1.25116,0.00827819,10.9485
-0.108965,-0.925048,-0.078764,-0.35526,55.585,-14.5365,33.0185,924.108,-117.417,219.43,3.70619,10.4948,-0.751878,1.25116,0.00827819,10.9485
-0.109269,-0.925429,-0.0786664,-0.354195,55.5836,-14.5368,33.0421,924.247,-117.453,219.512,3.70619,10.4948,-0.751878,1.25116,0.00827819,10.9485
2.42814,-1.2865,-0.832957,-0.026004,55.5831,-14.5373,33.0655,924.386,-117.49,219.595,3.70619,10.4948,-0.751878,1.25116,0.00827819,10.9485
0.845282,-0.447996,-0.291082,-0.00833437,55.5794,-14.5329,33.0886,924.525,-117.526,219.678,3.70619,10.4948,-0.751878,1.25116,0.00827819,10.9485
0.844936,-0.448101,-0.291933,-0.00800558,55.5784,-14.5331,33.1119,924.664,-117.562,219.761,3.70619,10.4948,-0.751878,1.25116,0.00827819,10.9485
0.84467,-0.448141,-0.292652,-0.00757308,55.5776,-14.5327,33.1353,924.803,-117.599,219.843,3.70619,10.4948,-0.751878,1.25116,0.00827819,10.9485
0.432142,-1.21904,-0.294734,-0.344701,55.5769,-14.5321,33.16,924.942,-117.635,219.926,3.70619,10.4948,-0.751878,1.25116,0.00827819,10.9485
0.315029,-0.88967,-0.215563,-0.250553,55.5759,-14.533,33.1851,925.081,-117.671,220.009,3.70619,10.4948,-0.751878,1.25116,0.00827819,10.9485
0.314899,-0.889891,-0.215939,-0.249606,53.2108,-15.109,31.7996,921.208,-122.369,217.933,3.70067,10.6318,-0.726859,1.26828,0.00353184,10.9601
0.314805,-0.89006,-0.216343,-0.24877,53.2107,-15.1097,31.8239,921.341,-122.407,218.012,3.70067,10.6318,-0.726859,1.26828,0.00353184,10.9601
-1.54556,-1.54128,0.236205,-0.66613,53.2097,-15.1095,31.8478,921.474,-122.444,218.092,3.70067,10.6318,-0.726859,1.26828,0.00353184,10.9601
-0.673571,-0.672075,0.103632,-0.289616,53.2091,-15.1103,31.8707,921.607,-122.482,218.171,3.70067,10.6318,-0.726859,1.26828,0.00353184,10.9601
-0.673401,-0.672425,0.104331,-0.288948,53.2085,-15.1105,31.8949,921.74,-122.52,218.251,3.70067,10.6318,-0.726859,1.26828,0.00353184,10.9601
-0.673269,-0.672828,0.104887,-0.288113,53.2079,-15.1098,31.9191,921.873,-122.558,218.331,3.70067,10.6318,-0.726859,1.26828,0.00353184,10.9601
0.793128,-2.05863,-0.525686,-0.708066,53.2072,-15.11,31.9434,922.006,-122.595,218.411,3.70067,10.6318,-0.726859,1.26828,0.00353184,10.9601
0.333684,-0.866773,-0.221509,-0.297141,53.209,-15.1122,31.9623,922.139,-122.633,218.491,3.70067,10.6318,-0.726859,1.26828,0.00353184,10.9601
0.333482,-0.867118,-0.221781,-0.296158,53.2083,-15.112,31.9862,922.272,-122.671,218.571,3.70067,10.6318,-0.726859,1.26828,0.00353184,10.9601
0.333228,-0.867473,-0.222071,-0.295186,53.2073,-15.112,32.01,922.405,-122.709,218.651,3.70067,10.6318,-0.726859,1.26828,0.00353184,10.9601
-2.05311,-1.7887,0.338409,-0.703331,53.2068,-15.1119,32.0341,922.538,-122.747,218.731,3.70067,10.6318,-0.726859,1.26828,0.00353184,10.9601
-0.724683,-0.631689,0.120077,-0.247761,53.2042,-15.1154,32.0608,922.671,-122.784,218.811,3.70067,10.6318,-0.726859,1.26828,0.00353184,10.9601
-0.724517,-0.631911,0.120919,-0.247267,53.2034,-15.116,32.0849,922.804,-122.822,218.891,3.70067,10.6318,-0.726859,1.26828,0.00353184,10.9601
-0.724413,-0.63213,0.121682,-0.24664,53.2024,-15.1161,32.1088,922.937,-122.86,218.971,3.70067,10.6318,-0.726859,1.26828,0.00353184,10.9601
0.883058,-2.39009,-0.631328,-0.834754,53.2018,-15.1158,32.1325,923.07,-122.898,219.052,3.70067,10.6318,-0.726859,1.26828,0.00353184,10.9601
0.320215,-0.868037,-0.229498,-0.302167,48.5376,-16.2633,29.4505,915.096,-132.38,214.775,3.69017,10.8994,-0.675985,1.3055,-0.00577033,10.9804
0.3199,-0.868398,-0.229873,-0.301177,48.5361,-16.2633,29.4748,915.217,-132.421,214.849,3.69017,10.8994,-0.675985,1.3055,-0.00577033,10.9804
0.319572,-0.868747,-0.230178,-0.300283,48.5348,-16.2636,29.4988,915.339,-132.462,214.922,3.69017,10.8994,-0.675985,1.3055,-0.00577033,10.9804
-2.58971,-1.97091,0.5517,-0.805929,48.5339,-16.2641,29.5228,915.46,-132.502,214.996,3.69017,10.8994,-0.675985,1.3055,-0.00577033,10.9804
-0.761982,-0.580289,0.163185,-0.236683,48.5359,-16.2636,29.5404,915.581,-132.543,215.07,3.69017,10.8994,-0.675985,1.3055,-0.00577033,10.9804
-0.761735,-0.580685,0.163889,-0.236018,48.5358,-16.2629,29.5641,915.703,-132.584,215.144,3.69017,10.8994,-0.675985,1.3055,-0.00577033,10.9804
-0.761571,-0.580946,0.164719,-0.235327,48.5353,-16.2626,29.5873,915.824,-132.624,215.218,3.69017,10.8994,-0.675985,1.3055,-0.00577033,10.9804
0.903966,-2.70167,-0.667598,-0.976277,48.534,-16.2621,29.6104,915.945,-132.665,215.292,3.69017,10.8994,-0.675985,1.3055,-0.00577033,10.9804
0.292876,-0.87615,-0.216689,-0.315645,48.5333,-16.2644,29.6353,916.067,-132.706,215.366,3.69017,10.8994,-0.675985,1.3055,-0.00577033,10.9804
0.292722,-0.876373,-0.217043,-0.314924,48.5326,-16.2654,29.6598,916.188,-132.746,215.44,3.69017,10.8994,-0.675985,1.3055,-0.00577033,10.9804
0.292642,-0.87666,-0.21725,-0.314055,48.532,-16.2655,29.684,916.31,-132.787,215.514,3.69017,10.8994,-0.675985,1.3055,-0.00577033,10.9804
-3.64986,-2.26792,0.829597,-0.828043,48.5314,-16.2656,29.7081,916.431,-132.828,215.589,3.69017,10.8994,-0.675985,1.3055,-0.00577033,10.9804
-0.819236,-0.509427,0.186933,-0.185452,48.5334,-16.2546,29.7357,916.552,-132.868,215.663,3.69017,10.8994,-0.675985,1.3055,-0.00577033,10.9804
-0.819094,-0.509601,0.187507,-0.18502,48.5324,-16.2536,29.7598,916.674,-132.909,215.737,3.69017,10.8994,-0.675985,1.3055,-0.00577033,10.9804
-0.818967,-0.509687,0.188238,-0.184602,48.5313,-16.2533,29.7835,916.795,-132.949,215.812,3.69017,10.8994,-0.675985,1.3055,-0.00577033,10.9804
0.85216,-3.19001,-0.746618,-1.1521,47.5532,-16.4963,29.256,915.158,-135.092,214.938,3.68817,10.9547,-0.664548,1.31449,-0.00714058,10.984
0.238313,-0.892306,-0.209012,-0.32142,47.5523,-16.5067,29.2885,915.277,-135.133,215.012,3.68817,10.9547,-0.664548,1.31449,-0.00714058,10.984
0.238206,-0.892572,-0.209154,-0.320669,47.5516,-16.5073,29.3127,915.396,-135.175,215.085,3.68817,10.9547,-0.664548,1.31449,-0.00714058,10.984
0.238043,-0.89283,-0.209443,-0.31988,47.5504,-16.5079,29.3373,915.515,-135.216,215.158,3.68817,10.9547,-0.664548,1.31449,-0.00714058,10.984
-5.27303,-2.52496,1.33264,-0.870438,47.5487,-16.5085,29.3616,915.634,-135.257,215.232,3.68817,10.9547,-0.664548,1.31449,-0.00714058,10.984
-0.870022,-0.416928,0.2206,-0.143419,47.5515,-16.4974,29.3925,915.753,-135.298,215.305,3.68817,10.9547,-0.664548,1.31449,-0.00714058,10.984
-0.869812,-0.417144,0.221226,-0.1431,47.5511,-16.4966,29.4164,915.872,-135.34,215.379,3.68817,10.9547,-0.664548,1.31449,-0.00714058,10.984
-0.869662,-0.41714,0.221965,-0.142876,47.5499,-16.4963,29.4402,915.991,-135.381,215.452,3.68817,10.9547,-0.664548,1.31449,-0.00714058,10.984
0.625593,-3.64594,-0.720536,-1.28874,47.549,-16.4955,29.4629,916.109,-135.422,215.526,3.68817,10.9547,-0.664548,1.31449,-0.00714058,10.984
0.156883,-0.915704,-0.180892,-0.322725,47.5482,-16.4921,29.4835,916.228,-135.463,215.6,3.68817,10.9547,-0.664548,1.31449,-0.00714058,10.984
0.156687,-0.916009,-0.180957,-0.321919,47.5468,-16.4924,29.5077,916.347,-135.505,215.673,3.68817,10.9547,-0.664548,1.31449,-0.00714058,10.984
0.156593,-0.916272,-0.181186,-0.321087,47.5455,-16.4926,29.5327,916.466,-135.546,215.747,3.68817,10.9547,-0.664548,1.31449,-0.00714058,10.984
-7.65713,-2.49064,2.16505,-0.959141,47.544,-16.4932,29.5572,916.585,-135.587,215.821,3.68817,10.9547,-0.664548,1.31449,-0.00714058,10.984
-0.912124,-0.296822,0.258682,-0.114057,47.5817,-16.4594,29.5562,916.704,-135.628,215.895,3.68817,10.9547,-0.664548,1.31449,-0.00714058,10.984
-0.911916,-0.296898,0.259403,-0.11389,47.5812,-16.459,29.5797,916.823,-135.669,215.969,3.68817,10.9547,-0.664548,1.31449,-0.00714058,10.984
-0.911735,-0.296939,0.26009,-0.113663,46.5069,-16.739,29.0405,914.909,-138.407,214.943,3.687,11.0143,-0.649359,1.32701,-0.00665913,10.9866
0.0047225,-3.33114,-0.416545,-1.09331,46.5059,-16.7382,29.0633,915.025,-138.448,215.016,3.687,11.0143,-0.649359,1.32701,-0.00665913,10.9866
0.00128465,-0.943752,-0.117901,-0.308916,46.5022,-16.7377,29.0953,915.142,-138.49,215.089,3.687,11.0143,-0.649359,1.32701,-0.00665913,10.9866
0.00109713,-0.944002,-0.117926,-0.308145,46.5003,-16.7378,29.12,915.258,-138.532,215.161,3.687,11.0143,-0.649359,1.32701,-0.00665913,10.9866
0.000974391,-0.944211,-0.117937,-0.3075,46.4987,-16.7384,29.1447,915.374,-138.574,215.234,3.687,11.0143,-0.649359,1.32701,-0.00665913,10.9866
-10.8152,-1.17076,3.13453,-0.886008,46.4967,-16.7392,29.1693,915.49,-138.616,215.307,3.687,11.0143,-0.649359,1.32701,-0.00665913,10.9866
-0.952199,-0.10315,0.276762,-0.0779771,46.5889,-16.7206,29.136,915.607,-138.658,215.38,3.687,11.0143,-0.649359,1.32701,-0.00665913,10.9866
-0.95199,-0.103201,0.277497,-0.0778474,46.5886,-16.7206,29.1587,915.723,-138.699,215.453,3.687,11.0143,-0.649359,1.32701,-0.00665913,10.9866
-0.951774,-0.103461,0.278156,-0.0777955,46.5891,-16.7204,29.182,915.84,-138.741,215.526,3.687,11.0143,-0.649359,1.32701,-0.00665913,10.9866
-0.797862,-1.74169,0.0500997,-0.599569,46.5886,-16.7201,29.2048,915.956,-138.783,215.599,3.687,11.0143,-0.649359,1.32701,-0.00665913,10.9866
-0.397284,-0.867595,0.0251859,-0.29801,46.5857,-16.7177,29.234,916.073,-138.825,215.672,3.687,11.0143,-0.649359,1.32701,-0.00665913,10.9866
-0.397318,-0.867744,0.0255054,-0.297504,46.584,-16.7175,29.2585,916.189,-138.867,215.745,3.687,11.0143,-0.649359,1.32701,-0.00665913,10.9866
-0.397276,-0.86796,0.0259467,-0.296891,46.5828,-16.717,29.2825,916.306,-138.908,215.818,3.687,11.0143,-0.649359,1.32701,-0.00665913,10.9866
8.96253,-4.98929,-3.21138,-1.05256,46.5815,-16.7165,29.3075,916.422,-138.95,215.892,3.687,11.0143,-0.649359,1.32701,-0.00665913,10.9866
0.829749,-0.461937,-0.297813,-0.0971493,46.6727,-16.8607,29.337,916.539,-138.992,215.965,3.687,11.0143,-0.649359,1.32701,-0.00665913,10.9866
0.829538,-0.46199,-0.298412,-0.0968612,45.3944,-17.3051,28.7784,913.956,-143.435,214.581,3.68722,11.0815,-0.623414,1.35057,-0.00202405,10.99
0.829344,-0.462151,-0.298783,-0.0966104,45.3939,-17.3059,28.8012,914.07,-143.478,214.653,3.68722,11.0815,-0.623414,1.35057,-0.00202405,10.99
-1.79975,-5.09155,0.0849683,-1.7074,45.3932,-17.3071,28.8252,914.183,-143.522,214.725,3.68722,11.0815,-0.623414,1.35057,-0.00202405,10.99
-0.317704,-0.899044,0.0152798,-0.300916,45.3811,-17.301,28.8818,914.297,-143.565,214.798,3.68722,11.0815,-0.623414,1.35057,-0.00202405,10.99
-0.317679,-0.899216,0.015301,-0.300429,45.3793,-17.3004,28.9072,914.41,-143.608,214.87,3.68722,11.0815,-0.623414,1.35057,-0.00202405,10.99
-0.317848,-0.899354,0.0155989,-0.29982,45.3771,-17.2998,28.9314,914.524,-143.651,214.942,3.68722,11.0815,-0.623414,1.35057,-0.00202405,10.99
11.6571,-5.07873,-3.84563,-0.663259,45.3751,-17.299,28.9559,914.637,-143.695,215.015,3.68722,11.0815,-0.623414,1.35057,-0.00202405,10.99
0.876259,-0.381811,-0.289705,-0.049623,45.5187,-17.4991,29.034,914.751,-143.738,215.087,3.68722,11.0815,-0.623414,1.35057,-0.00202405,10.99
0.876099,-0.381805,-0.290221,-0.0494712,45.5187,-17.5004,29.0569,914.865,-143.782,215.16,3.68722,11.0815,-0.623414,1.35057,-0.00202405,10.99
0.87588,-0.381845,-0.290853,-0.0493381,45.5184,-17.5021,29.0799,914.979,-143.826,215.233,3.68722,11.0815,-0.623414,1.35057,-0.00202405,10.99
-1.50113,-5.82338,0.0124455,-1.92709,45.5182,-17.5032,29.1032,915.092,-143.87,215.305,3.68722,11.0815,-0.623414,1.35057,-0.00202405,10.99
-0.23771,-0.922287,0.00201735,-0.304758,45.4836,-17.5219,29.2273,915.206,-143.913,215.378,3.68722,11.0815,-0.623414,1.35057,-0.00202405,10.99
-0.2377,-0.922416,0.00221113,-0.304373,45.4819,-17.5219,29.2522,915.32,-143.957,215.452,3.68722,11.0815,-0.623414,1.35057,-0.00202405,10.99
-0.237843,-0.922514,0.00250985,-0.303961,45.4797,-17.522,29.2765,915.433,-144.001,215.525,3.68722,11.0815,-0.623414,1.35057,-0.00202405,10.99
16.1926,-5.23957,-5.14558,-0.0993462,45.4781,-17.5215,29.3013,915.547,-144.045,215.598,3.68722,11.0815,-0.623414,1.35057,-0.00202405,10.99
0.910529,-0.294742,-0.289885,-0.00556979,44.7465,-18.162,28.9981,912.625,-145.862,213.986,3.69171,11.1305,-0.612771,1.39212,-0.0054146,10.9942
0.910386,-0.294771,-0.290307,-0.00539857,44.7463,-18.1627,29.0209,912.737,-145.907,214.058,3.69171,11.1305,-0.612771,1.39212,-0.0054146,10.9942
0.91017,-0.29494,-0.290815,-0.00534416,44.7456,-18.164,29.0433,912.849,-145.953,214.131,3.69171,11.1305,-0.612771,1.39212,-0.0054146,10.9942
-0.929899,-6.14183,-0.083385,-1.96834,44.7455,-18.1653,29.0659,912.961,-145.998,214.204,3.69171,11.1305,-0.612771,1.39212,-0.0054146,10.9942
-0.14274,-0.942633,-0.0127395,-0.301505,44.7118,-18.136,29.1888,913.072,-146.043,214.277,3.69171,11.1305,-0.612771,1.39212,-0.0054146,10.9942
-0.142698,-0.942797,-0.0127359,-0.301014,44.71,-18.1356,29.2143,913.184,-146.089,214.35,3.69171,11.1305,-0.612771,1.39212,-0.0054146,10.9942
-0.142711,-0.942928,-0.0126109,-0.300601,44.7082,-18.1356,29.2393,913.296,-146.134,214.423,3.69171,11.1305,-0.612771,1.39212,-0.0054146,10.9942
21.354,-4.4372,-6.58142,0.735751,44.7064,-18.1354,29.2647,913.408,-146.179,214.496,3.69171,11.1305,-0.612771,1.39212,-0.0054146,10.9942
0.936671,-0.194556,-0.289389,0.0324089,45.2776,-18.5036,29.4406,913.521,-146.226,214.57,3.69171,11.1305,-0.612771,1.39212,-0.0054146,10.9942
0.93656,-0.194524,-0.28976,0.0324761,45.2776,-18.5041,29.463,913.634,-146.272,214.643,3.69171,11.1305,-0.612771,1.39212,-0.0054146,10.9942
0.936428,-0.194557,-0.29014,0.032685,45.2773,-18.5045,29.486,913.747,-146.318,214.717,3.69171,11.1305,-0.612771,1.39212,-0.0054146,10.9942
-0.14184,-5.70465,-0.275667,-1.75171,45.277,-18.5054,29.5086,913.86,-146.364,214.791,3.69171,11.1305,-0.612771,1.39212,-0.0054146,10.9942
-0.0236975,-0.954792,-0.0460787,-0.292723,45.2523,-18.5132,29.6103,913.974,-146.411,214.865,3.69171,11.1305,-0.612771,1.39212,-0.0054146,10.9942
-0.0238315,-0.954925,-0.0460775,-0.29228,45.2499,-18.5132,29.6355,914.087,-146.457,214.939,3.69171,11.1305,-0.612771,1.39212,-0.0054146,10.9942
-0.023806,-0.955047,-0.0461946,-0.291863,45.2479,-18.5133,29.6614,914.2,-146.503,215.013,3.69171,11.1305,-0.612771,1.39212,-0.0054146,10.9942
29.2039,-2.03067,-8.78904,2.23408,45.12,-18.2467,29.5981,913.507,-143.709,214.576,3.68972,11.1219,-0.631191,1.41479,-0.0150297,10.9995
0.952762,-0.0662914,-0.287273,0.0729708,46.1983,-18.5982,29.2192,913.622,-143.756,214.649,3.68972,11.1219,-0.631191,1.41479,-0.0150297,10.9995
0.952638,-0.0662249,-0.287714,0.0729045,46.1986,-18.5988,29.2413,913.738,-143.802,214.722,3.68972,11.1219,-0.631191,1.41479,-0.0150297,10.9995
0.952536,-0.066275,-0.288039,0.0729061,46.1984,-18.5989,29.2634,913.853,-143.849,214.795,3.68972,11.1219,-0.631191,1.41479,-0.0150297,10.9995
0.793317,-2.82383,-0.395612,-0.778791,46.1982,-18.5996,29.286,913.969,-143.895,214.869,3.68972,11.1219,-0.631191,1.41479,-0.0150297,10.9995
0.259054,-0.922801,-0.129391,-0.254138,46.1916,-18.6126,29.3335,914.084,-143.942,214.942,3.68972,11.1219,-0.631191,1.41479,-0.0150297,10.9995
0.258962,-0.922899,-0.129628,-0.253757,46.1895,-18.6139,29.3592,914.2,-143.988,215.015,3.68972,11.1219,-0.631191,1.41479,-0.0150297,10.9995
0.258881,-0.923071,-0.129532,-0.253265,46.1877,-18.6143,29.3839,914.315,-144.035,215.089,3.68972,11.1219,-0.631191,1.41479,-0.0150297,10.9995
-23.7925,-7.45364,6.64271,-4.50924,46.1863,-18.6149,29.409,914.431,-144.081,215.162,3.68972,11.1219,-0.631191,1.41479,-0.0150297,10.9995
-0.908198,-0.284789,0.253938,-0.172011,46.8475,-17.7785,29.5706,914.548,-144.126,215.236,3.68972,11.1219,-0.631191,1.41479,-0.0150297,10.9995
-0.908166,-0.284675,0.254322,-0.171799,46.8467,-17.7777,29.5925,914.665,-144.17,215.31,3.68972,11.1219,-0.631191,1.41479,-0.0150297,10.9995
-0.908002,-0.284859,0.254714,-0.171782,46.8469,-17.7771,29.6154,914.782,-144.215,215.384,3.68972,11.1219,-0.631191,1.41479,-0.0150297,10.9995
3.12338,-12.8454,-1.73215,-3.6088,46.8462,-17.7762,29.6374,914.899,-144.259,215.458,3.68972,11.1219,-0.631191,1.41479,-0.0150297,10.9995
0.226061,-0.930058,-0.125634,-0.260969,46.675,-18.0247,30.3852,915.016,-144.304,215.534,3.68972,11.1219,-0.631191,1.41479,-0.0150297,10.9995
0.22595,-0.930137,-0.125819,-0.260693,46.6728,-18.0261,30.4109,915.133,-144.349,215.61,3.68972,11.1219,-0.631191,1.41479,-0.0150297,10.9995
0.225845,-0.930229,-0.125811,-0.260462,48.5906,-16.5554,24.4154,911.038,-115.487,212.206,3.58522,10.7764,-0.833191,1.70755,-0.11889,11.1127
-26.5735,-7.27956,7.55313,-4.54207,48.5887,-16.5566,24.4415,911.159,-115.528,212.267,3.58522,10.7764,-0.833191,1.70755,-0.11889,11.1127
-0.91852,-0.251673,0.261439,-0.156944,49.4495,-15.8737,24.2194,911.283,-115.568,212.328,3.58522,10.7764,-0.833191,1.70755,-0.11889,11.1127
-0.918414,-0.251767,0.261689,-0.156998,49.4493,-15.8728,24.2424,911.407,-115.608,212.388,3.58522,10.7764,-0.833191,1.70755,-0.11889,11.1127
-0.918322,-0.251812,0.261985,-0.156967,49.449,-15.8721,24.2649,911.53,-115.647,212.449,3.58522,10.7764,-0.833191,1.70755,-0.11889,11.1127
2.59013,-12.833,-1.68792,-3.74693,49.449,-15.8714,24.2876,911.654,-115.687,212.51,3.58522,10.7764,-0.833191,1.70755,-0.11889,11.1127
0.188672,-0.935344,-0.123032,-0.272759,49.3265,-16.0142,24.7896,911.777,-115.727,212.571,3.58522,10.7764,-0.833191,1.70755,-0.11889,11.1127
0.188652,-0.935495,-0.12301,-0.272264,49.3245,-16.0142,24.8149,911.9,-115.767,212.634,3.58522,10.7764,-0.833191,1.70755,-0.11889,11.1127
0.188691,-0.935544,-0.123074,-0.272042,49.3229,-16.0154,24.8403,912.024,-115.807,212.696,3.58522,10.7764,-0.833191,1.70755,-0.11889,11.1127
-33.3341,-7.63152,9.56462,-4.88066,49.3209,-16.016,24.8658,912.147,-115.847,212.758,3.58522,10.7764,-0.833191,1.70755,-0.11889,11.1127
-0.929945,-0.213005,0.267047,-0.136074,50.7532,-14.8893,24.8552,912.274,-115.884,212.82,3.58522,10.7764,-0.833191,1.70755,-0.11889,11.1127
-0.929878,-0.213041,0.267288,-0.136009,50.7531,-14.8885,24.8775,912.401,-115.922,212.882,3.58522,10.7764,-0.833191,1.70755,-0.11889,11.1127
-0.929853,-0.2129,0.267517,-0.135948,50.7522,-14.8877,24.8995,912.528,-115.959,212.944,3.58522,10.7764,-0.833191,1.70755,-0.11889,11.1127
2.09722,-13.3886,-1.6543,-3.98424,50.7522,-14.8871,24.922,912.655,-115.996,213.007,3.58522,10.7764,-0.833191,1.70755,-0.11889,11.1127
0.147373,-0.941493,-0.116435,-0.279847,50.5508,-14.9635,25.6487,912.781,-116.033,213.071,3.58522,10.7764,-0.833191,1.70755,-0.11889,11.1127
0.147421,-0.941554,-0.116571,-0.279562,53.2329,-20.6704,12.5667,912.616,-121.493,211.206,3.51525,10.3975,-0.811088,1.92186,-0.129469,11.2084
0.14744,-0.941637,-0.116662,-0.279233,53.2309,-20.6709,12.5924,912.749,-121.544,211.237,3.51525,10.3975,-0.811088,1.92186,-0.129469,11.2084
-39.9118,-7.45151,11.5644,-4.35409,53.2289,-20.6714,12.6176,912.882,-121.596,211.269,3.51525,10.3975,-0.811088,1.92186,-0.129469,11.2084
-0.940385,-0.175627,0.272626,-0.102502,55.4565,-19.3117,12.4367,913.021,-121.644,211.3,3.51525,10.3975,-0.811088,1.92186,-0.129469,11.2084
-0.940363,-0.175646,0.272747,-0.10235,55.4564,-19.3106,12.4585,913.16,-121.693,211.331,3.51525,10.3975,-0.811088,1.92186,-0.129469,11.2084
-0.940302,-0.175635,0.272963,-0.102348,55.4562,-19.31,12.4808,913.298,-121.741,211.362,3.51525,10.3975,-0.811088,1.92186,-0.129469,11.2084
1.30831,-12.6382,-1.40257,-3.84055,55.4566,-19.3095,12.5025,913.437,-121.789,211.393,3.51525,10.3975,-0.811088,1.92186,-0.129469,11.2084
0.0980287,-0.946935,-0.105104,-0.287504,55.3005,-19.3766,13.0598,913.575,-121.838,211.426,3.51525,10.3975,-0.811088,1.92186,-0.129469,11.2084
0.0980982,-0.946986,-0.105136,-0.287299,55.2987,-19.3772,13.0854,913.713,-121.886,211.459,3.51525,10.3975,-0.811088,1.92186,-0.129469,11.2084
0.098197,-0.947015,-0.105124,-0.287173,55.2971,-19.3781,13.1109,913.852,-121.935,211.491,3.51525,10.3975,-0.811088,1.92186,-0.129469,11.2084
-53.2329,-6.88887,15.6796,-4.69223,55.2946,-19.3788,13.1364,913.99,-121.983,211.524,3.51525,10.3975,-0.811088,1.92186,-0.129469,11.2084
-0.948585,-0.122835,0.279509,-0.0835049,59.7395,-17.5475,12.7472,914.139,-122.027,211.556,3.51525,10.3975,-0.811088,1.92186,-0.129469,11.2084
-0.948542,-0.122818,0.279663,-0.0835033,59.7393,-17.547,12.7694,914.289,-122.071,211.588,3.51525,10.3975,-0.811088,1.92186,-0.129469,11.2084
-0.948454,-0.122858,0.279961,-0.0834414,59.7395,-17.547,12.7914,914.438,-122.115,211.62,3.51525,10.3975,-0.811088,1.92186,-0.129469,11.2084
0.455432,-11.6569,-1.06967,-3.57734,59.7394,-17.546,12.814,914.587,-122.158,211.652,3.51525,10.3975,-0.811088,1.92186,-0.129469,11.2084
0.0370707,-0.951729,-0.0872122,-0.291945,59.4801,-10.9541,25.4196,914.011,-110.137,212.463,3.52435,10.5786,-0.885772,1.8427,-0.147756,11.1615
0.0370812,-0.951792,-0.0872777,-0.291717,59.4779,-10.9542,25.4453,914.159,-110.164,212.527,3.52435,10.5786,-0.885772,1.8427,-0.147756,11.1615
0.0371046,-0.951802,-0.0872942,-0.291678,59.4759,-10.955,25.4709,914.308,-110.192,212.591,3.52435,10.5786,-0.885772,1.8427,-0.147756,11.1615
-72.4946,-5.28787,21.6491,-1.8733,59.474,-10.9558,25.4961,914.457,-110.219,212.654,3.52435,10.5786,-0.885772,1.8427,-0.147756,11.1615
-0.955495,-0.0697479,0.285584,-0.0246422,67.7584,-9.09148,23.6768,914.626,-110.242,212.714,3.52435,10.5786,-0.885772,1.8427,-0.147756,11.1615
-0.955474,-0.069787,0.285638,-0.0246972,67.7585,-9.09091,23.6992,914.795,-110.265,212.773,3.52435,10.5786,-0.885772,1.8427,-0.147756,11.1615
-0.955449,-0.0697872,0.285735,-0.0245684,67.7586,-9.09047,23.7209,914.965,-110.287,212.832,3.52435,10.5786,-0.885772,1.8427,-0.147756,11.1615
-0.606522,-6.52597,-0.295839,-2.00272,67.7585,-9.09044,23.7436,915.134,-110.31,212.892,3.52435,10.5786,-0.885772,1.8427,-0.147756,11.1615
-0.088471,-0.951397,-0.0431395,-0.291813,67.7107,-9.07418,23.9146,915.303,-110.333,212.951,3.52435,10.5786,-0.885772,1.8427,-0.147756,11.1615
-0.0883508,-0.951428,-0.0433069,-0.291724,67.7087,-9.07406,23.9409,915.473,-110.356,213.011,3.52435,10.5786,-0.885772,1.8427,-0.147756,11.1615
-0.0884496,-0.951425,-0.043252,-0.291714,67.7062,-9.07437,23.9661,915.642,-110.378,213.071,3.52435,10.5786,-0.885772,1.8427,-0.147756,11.1615
87.6781,-7.54363,-27.1492,-1.36967,67.704,-9.07382,23.9918,915.811,-110.401,213.131,3.52435,10.5786,-0.885772,1.8427,-0.147756,11.1615
0.951866,-0.0818795,-0.295001,-0.0148413,78.8293,-12.0648,22.0687,916.008,-110.431,213.186,3.52435,10.5786,-0.885772,1.8427,-0.147756,11.1615
0.951816,-0.0818376,-0.295174,-0.0148426,78.8295,-12.0655,22.0908,916.205,-110.461,213.241,3.52435,10.5786,-0.885772,1.8427,-0.147756,11.1615
0.951833,-0.0817174,-0.295152,-0.0149007,78.8301,-12.0654,22.1128,916.402,-110.491,213.297,3.52435,10.5786,-0.885772,1.8427,-0.147756,11.1615
-0.381203,-13.2916,-0.7331,-4.07408,67.1743,-20.9328,-25.6588,918.224,-129.372,211.389,3.49548,10.2992,-0.774761,1.95178,-0.115963,11.2598
-0.0272881,-0.954452,-0.0526103,-0.292419,67.0079,-20.8832,-25.1052,918.392,-129.425,211.326,3.49548,10.2992,-0.774761,1.95178,-0.115963,11.2598
-0.0273757,-0.954475,-0.0525216,-0.292351,67.0054,-20.8834,-25.0802,918.559,-129.477,211.264,3.49548,10.2992,-0.774761,1.95178,-0.115963,11.2598
-0.0273291,-0.954512,-0.0524868,-0.292241,67.0034,-20.8833,-25.0548,918.727,-129.529,211.201,3.49548,10.2992,-0.774761,1.95178,-0.115963,11.2598
104.531,-1.70611,-31.9975,-1.90564,67.001,-20.8831,-25.0296,918.894,-129.581,211.138,3.49548,10.2992,-0.774761,1.95178,-0.115963,11.2598
0.955934,-0.0155192,-0.292648,-0.0174869,84.8949,-21.6646,-27.8075,919.107,-129.635,211.069,3.49548,10.2992,-0.774761,1.95178,-0.115963,11.2598
0.955922,-0.0154724,-0.292692,-0.0174691,84.8951,-21.6646,-27.7853,919.319,-129.69,211,3.49548,10.2992,-0.774761,1.95178,-0.115963,11.2598
0.955901,-0.0155221,-0.292763,-0.0173936,84.8948,-21.6647,-27.763,919.531,-129.744,210.93,3.49548,10.2992,-0.774761,1.95178,-0.115963,11.2598
0.73249,-6.36641,-0.568477,-1.96705,84.8946,-21.665,-27.7409,919.743,-129.798,210.861,3.49548,10.2992,-0.774761,1.95178,-0.115963,11.2598
0.108954,-0.946341,-0.0843907,-0.292311,84.8675,-21.682,-27.6294,919.955,-129.852,210.792,3.49548,10.2992,-0.774761,1.95178,-0.115963,11.2598
0.10906,-0.946324,-0.0843147,-0.29235,84.8659,-21.6829,-27.6043,920.167,-129.906,210.723,3.49548,10.2992,-0.774761,1.95178,-0.115963,11.2598
0.109048,-0.946414,-0.0842371,-0.292083,84.8637,-21.6826,-27.5792,920.38,-129.961,210.654,3.49548,10.2992,-0.774761,1.95178,-0.115963,11.2598
-123.695,-17.2141,36.9145,-4.45749,84.8615,-21.6838,-27.5542,920.592,-130.015,210.585,3.49548,10.2992,-0.774761,1.95178,-0.115963,11.2598
-0.949249,-0.132034,0.283423,-0.0341183,109.885,-11.3373,-38.4231,920.867,-130.043,210.489,3.49548,10.2992,-0.774761,1.95178,-0.115963,11.2598
-0.949259,-0.132045,0.283395,-0.0340427,109.885,-11.3366,-38.4012,921.141,-130.071,210.393,3.49548,10.2992,-0.774761,1.95178,-0.115963,11.2598
-0.94926,-0.132165,0.283333,-0.0340525,96.9467,-12.8979,-124.931,921.089,-125.109,209.31,3.48626,10.2499,-0.806448,1.97184,-0.125694,11.2907
2.13592,-24.8189,-1.78711,-7.58629,96.9459,-12.8974,-124.909,921.331,-125.142,208.997,3.48626,10.2499,-0.806448,1.97184,-0.125694,11.2907
0.0818737,-0.950869,-0.068556,-0.290593,96.2596,-13.021,-122.615,921.572,-125.174,208.691,3.48626,10.2499,-0.806448,1.97184,-0.125694,11.2907
0.0819229,-0.950842,-0.0686042,-0.290657,96.2575,-13.0218,-122.59,921.812,-125.207,208.384,3.48626,10.2499,-0.806448,1.97184,-0.125694,11.2907
0.0819615,-0.950844,-0.0686092,-0.290638,96.2555,-13.0222,-122.564,922.053,-125.239,208.078,3.48626,10.2499,-0.806448,1.97184,-0.125694,11.2907
-159.773,-16.869,47.7198,-4.57472,96.2531,-13.0225,-122.539,922.294,-125.272,207.772,3.48626,10.2499,-0.806448,1.97184,-0.125694,11.2907
-0.952967,-0.100654,0.284577,-0.0271925,136.647,0.433572,-131.222,922.635,-125.271,207.444,3.48626,10.2499,-0.806448,1.97184,-0.125694,11.2907
-0.95294,-0.100678,0.284648,-0.0272952,136.647,0.433615,-131.199,922.977,-125.27,207.116,3.48626,10.2499,-0.806448,1.97184,-0.125694,11.2907
-0.952929,-0.100638,0.284693,-0.0273616,136.646,0.433763,-131.177,923.318,-125.269,206.788,3.48626,10.2499,-0.806448,1.97184,-0.125694,11.2907
1.42706,-25.7429,-1.56407,-7.85473,136.646,0.434293,-131.155,923.66,-125.268,206.46,3.48626,10.2499,-0.806448,1.97184,-0.125694,11.2907
0.0527228,-0.953508,-0.0579576,-0.291004,136.065,-0.0905284,-129.13,924,-125.268,206.137,3.48626,10.2499,-0.806448,1.97184,-0.125694,11.2907
0.0527001,-0.953481,-0.0581088,-0.291066,136.063,-0.0911018,-129.104,924.34,-125.268,205.814,3.48626,10.2499,-0.806448,1.97184,-0.125694,11.2907
0.0527509,-0.953454,-0.0581614,-0.291135,136.061,-0.0916532,-129.078,924.68,-125.268,205.492,3.48626,10.2499,-0.806448,1.97184,-0.125694,11.2907
-263.407,-19.3895,78.8971,-3.48509,136.059,-0.0915554,-129.053,925.021,-125.269,205.169,3.48626,10.2499,-0.806448,1.97184,-0.125694,11.2907
-0.955467,-0.0703542,0.286314,-0.012514,251.318,26.53,-167.93,925.649,-125.202,204.749,3.48626,10.2499,-0.806448,1.97184,-0.125694,11.2907
-0.955491,-0.0703324,0.286245,-0.0124073,367.153,62.2209,286.717,926.616,-118.534,208.992,3.47293,10.2005,-0.849166,1.99383,-0.139789,11.3171
-0.955524,-0.0703167,0.286142,-0.0123563,367.152,62.2215,286.739,927.534,-118.379,209.709,3.47293,10.2005,-0.849166,1.99383,-0.139789,11.3171
-1.01,-18.831,-4.76365,-6.03352,367.152,62.2221,286.761,928.452,-118.223,210.426,3.47293,10.2005,-0.849166,1.99383,-0.139789,11.3171
-0.0495572,-0.924674,-0.233902,-0.296332,366.937,61.8568,287.739,929.369,-118.069,211.145,3.47293,10.2005,-0.849166,1.99383,-0.139789,11.3171
-0.0496114,-0.924651,-0.233968,-0.296342,366.935,61.8561,287.764,930.286,-117.914,211.865,3.47293,10.2005,-0.849166,1.99383,-0.139789,11.3171
-0.0495025,-0.924622,-0.234104,-0.296343,366.933,61.8556,287.79,931.204,-117.759,212.584,3.47293,10.2005,-0.849166,1.99383,-0.139789,11.3171
-315.082,-11.7503,97.8831,8.45946,366.931,61.8549,287.815,932.121,-117.605,213.304,3.47293,10.2005,-0.849166,1.99383,-0.139789,11.3171
-0.954093,-0.0354436,0.296298,0.0256294,504.952,86.1368,197.995,933.383,-117.389,213.799,3.47293,10.2005,-0.849166,1.99383,-0.139789,11.3171
-0.954057,-0.035444,0.296419,0.0255839,504.951,86.1363,198.017,934.646,-117.174,214.294,3.47293,10.2005,-0.849166,1.99383,-0.139789,11.3171
-0.954104,-0.0354796,0.296267,0.0255442,504.951,86.1368,198.04,935.908,-116.959,214.789,3.47293,10.2005,-0.849166,1.99383,-0.139789,11.3171
-1.36603,-7.68481,-1.73296,-2.42579,504.951,86.1368,198.061,937.171,-116.743,215.284,3.47293,10.2005,-0.849166,1.99383,-0.139789,11.3171
-0.163383,-0.919759,-0.207517,-0.290321,504.884,86.147,198.285,938.433,-116.528,215.78,3.47293,10.2005,-0.849166,1.99383,-0.139789,11.3171
-0.163448,-0.919701,-0.207439,-0.290523,504.882,86.146,198.31,939.695,-116.312,216.275,3.47293,10.2005,-0.849166,1.99383,-0.139789,11.3171
-0.163483,-0.919637,-0.207493,-0.290668,504.88,86.1452,198.335,940.957,-116.097,216.771,3.47293,10.2005,-0.849166,1.99383,-0.139789,11.3171
1734.77,-93.8331,-609.345,-247.478,504.877,86.1449,198.361,942.219,-115.882,217.267,3.47293,10.2005,-0.849166,1.99383,-0.139789,11.3171
0.933881,-0.0505615,-0.327943,-0.13328,987354,-137882,-33720.9,2183.7,-309.597,208.105,3.4866,10.2794,-0.759049,1.95046,-0.111807,11.2704
0.933926,-0.0505865,-0.327828,-0.133237,987354,-137882,-33720.9,4652.09,-654.302,123.803,3.4866,10.2794,-0.759049,1.95046,-0.111807,11.2704
0.933939,-0.0505768,-0.327824,-0.133159,987354,-137882,-33720.8,7120.47,-999.006,39.5007,3.4866,10.2794,-0.759049,1.95046,-0.111807,11.2704
3.82186,52.1968,-7.6704,18.3751,987354,-137882,-33720.8,9588.86,-1343.71,-44.8013,3.4866,10.2794,-0.759049,1.95046,-0.111807,11.2704
0.0681103,0.932106,-0.136806,0.328366,987351,-137883,-33711.5,12057.2,-1688.42,-129.08,3.4866,10.2794,-0.759049,1.95046,-0.111807,11.2704
0.0680688,0.932043,-0.13685,0.328534,987351,-137883,-33711.5,14525.6,-2033.12,-213.359,3.4866,10.2794,-0.759049,1.95046,-0.111807,11.2704
0.0681419,0.931952,-0.136764,0.328811,987351,-137883,-33711.5,16994,-2377.83,-297.637,3.4866,10.2794,-0.759049,1.95046,-0.111807,11.2704
1160.14,-87.1857,-408.181,-160.128,987351,-137883,-33711.4,19462.4,-2722.54,-381.916,3.4866,10.2794,-0.759049,1.95046,-0.111807,11.2704
0.933147,-0.0701736,-0.32824,-0.128731,988967,-137765,-34892.6,21934.8,-3066.95,-469.148,3.4866,10.2794,-0.759049,1.95046,-0.111807,11.2704
0.933181,-0.0701648,-0.328141,-0.12874,988967,-137765,-34892.6,24407.2,-3411.37,-556.379,3.4866,10.2794,-0.759049,1.95046,-0.111807,11.2704
0.933242,-0.0699948,-0.327981,-0.128798,988967,-137765,-34892.6,26879.6,-3755.78,-643.61,3.4866,10.2794,-0.759049,1.95046,-0.111807,11.2704
-8.07706,-128.909,19.1805,-45.1226,988967,-137765,-34892.5,29352,-4100.19,-730.842,3.4866,10.2794,-0.759049,1.95046,-0.111807,11.2704
-0.0585715,-0.933044,0.138843,-0.326683,988959,-137750,-34865.4,31824.4,-4444.57,-818.005,3.4866,10.2794,-0.759049,1.95046,-0.111807,11.2704
-0.0586014,-0.933016,0.138806,-0.326771,988959,-137750,-34865.3,34296.8,-4788.94,-905.168,3.4866,10.2794,-0.759049,1.95046,-0.111807,11.2704
-0.0587525,-0.933002,0.138816,-0.326781,988959,-137750,-34865.3,36769.2,-5133.32,-992.332,3.4866,10.2794,-0.759049,1.95046,-0.111807,11.2704
-806.145,51.2665,279.299,114.306,-107380,52903.5,6539.98,1221.32,426.111,208.722,3.47394,10.2074,-0.84101,1.98995,-0.137214,11.313
-0.934922,0.0592035,0.323796,0.132563,-106525,52771.5,6480.55,955.012,558.039,224.923,3.47394,10.2074,-0.84101,1.98995,-0.137214,11.313
-0.934983,0.0592231,0.323622,0.132544,-106525,52771.5,6480.57,688.7,689.968,241.125,3.47394,10.2074,-0.84101,1.98995,-0.137214,11.313
-0.935066,0.0590852,0.323371,0.132635,-106525,52771.5,6480.59,422.389,821.897,257.326,3.47394,10.2074,-0.84101,1.98995,-0.137214,11.313
-5.32633,-67.5894,9.64874,-23.4322,-106525,52771.5,6480.61,156.077,953.825,273.528,3.47394,10.2074,-0.84101,1.98995,-0.137214,11.313
-0.0736613,-0.933795,0.133277,-0.323788,-106527,52777.1,6488.21,-110.24,1085.77,289.748,3.47394,10.2074,-0.84101,1.98995,-0.137214,11.313
-0.073882,-0.933767,0.133249,-0.32383,-106527,52777.1,6488.23,-376.556,1217.71,305.969,3.47394,10.2074,-0.84101,1.98995,-0.137214,11.313
-0.0738773,-0.933718,0.133276,-0.32396,-106527,52777.1,6488.25,-642.872,1349.65,322.19,3.47394,10.2074,-0.84101,1.98995,-0.137214,11.313
-1766.47,136.991,612.356,256.818,-106527,52777.1,6488.28,-909.189,1481.6,338.41,3.47394,10.2074,-0.84101,1.98995,-0.137214,11.313
-0.933658,0.0724531,0.323461,0.135666,-103106,53386,3210.03,-1166.95,1615.06,346.435,3.47394,10.2074,-0.84101,1.98995,-0.137214,11.313
-0.933685,0.0724832,0.323348,0.135737,-103106,53386,3210.05,-1424.72,1748.53,354.461,3.47394,10.2074,-0.84101,1.98995,-0.137214,11.313
-0.933735,0.0725332,0.323243,0.135619,-103106,53386,3210.08,-1682.49,1881.99,362.486,3.47394,10.2074,-0.84101,1.98995,-0.137214,11.313
-11.0749,-129.374,18.8992,-44.8134,-103106,53386,3210.1,-1940.25,2015.46,370.511,3.47394,10.2074,-0.84101,1.98995,-0.137214,11.313
-0.0798058,-0.933029,0.136368,-0.323252,-103107,53406.6,3219.03,-2198.02,2148.97,378.559,3.47394,10.2074,-0.84101,1.98995,-0.137214,11.313
-0.0799195,-0.932949,0.136546,-0.323381,-103107,53406.6,3219.05,-2455.79,2282.49,386.606,3.47394,10.2074,-0.84101,1.98995,-0.137214,11.313
-0.0800664,-0.932933,0.136483,-0.323416,-127587,37725.4,-9034.28,-9508.05,2166.68,208.833,3.47099,10.1902,-0.860825,1.9993,-0.143368,11.3232
-61.5378,3.97255,20.0642,9.1459,-127587,37725.4,-9034.25,-9827.02,2260.99,186.247,3.47099,10.1902,-0.860825,1.9993,-0.143368,11.3232
-0.939688,0.0607596,0.306231,0.139702,-127583,37726.5,-9038.62,-10146,2355.31,163.651,3.47099,10.1902,-0.860825,1.9993,-0.143368,11.3232
-0.939717,0.0606773,0.306107,0.139815,-127583,37726.5,-9038.6,-10464.9,2449.62,141.054,3.47099,10.1902,-0.860825,1.9993,-0.143368,11.3232
-0.939783,0.0606076,0.305919,0.139813,-127583,37726.5,-9038.58,-10783.9,2543.94,118.458,3.47099,10.1902,-0.860825,1.9993,-0.143368,11.3232
-1.17292,-2.99582,0.727547,-1.02848,-127583,37726.5,-9038.55,-11102.8,2638.26,95.8614,3.47099,10.1902,-0.860825,1.9993,-0.143368,11.3232
-0.339475,-0.867065,0.210554,-0.297693,-127583,37726.5,-9038.52,-11421.8,2732.57,73.2651,3.47099,10.1902,-0.860825,1.9993,-0.143368,11.3232
-0.33952,-0.866978,0.210622,-0.297847,-127583,37726.5,-9038.5,-11740.8,2826.89,50.6688,3.47099,10.1902,-0.860825,1.9993,-0.143368,11.3232
-0.339507,-0.86698,0.210691,-0.297808,-127583,37726.5,-9038.48,-12059.7,2921.21,28.0726,3.47099,10.1902,-0.860825,1.9993,-0.143368,11.3232
-9.39406,2.31093,2.67256,2.51567,-127583,37726.5,-9038.45,-12378.7,3015.52,5.4765,3.47099,10.1902,-0.860825,1.9993,-0.143368,11.3232
-0.907965,0.223233,0.258129,0.24318,-127583,37726.5,-9038.5,-12697.6,3109.84,-17.1197,3.47099,10.1902,-0.860825,1.9993,-0.143368,11.3232
-0.908003,0.223194,0.257998,0.24321,-127583,37726.5,-9038.48,-13016.6,3204.15,-39.7159,3.47099,10.1902,-0.860825,1.9993,-0.143368,11.3232
-0.908059,0.223066,0.257854,0.243272,-127583,37726.5,-9038.45,-13335.5,3298.47,-62.3121,3.47099,10.1902,-0.860825,1.9993,-0.143368,11.3232
-2.02618,-3.75922,1.22265,-1.3012,-127583,37726.5,-9038.43,-13654.5,3392.79,-84.9081,3.47099,10.1902,-0.860825,1.9993,-0.143368,11.3232
-0.437698,-0.812168,0.264109,-0.281158,-127583,37726.5,-9038.41,-13973.5,3487.1,-107.504,3.47099,10.1902,-0.860825,1.9993,-0.143368,11.3232
-0.437802,-0.812098,0.264051,-0.281253,-128635,41799.6,27.8975,-13185.9,3814.54,209.877,3.47154,10.1935,-0.857037,1.99751,-0.142192,11.3213
-0.437937,-0.812026,0.263974,-0.281323,-128635,41799.6,27.9211,-13507.5,3919.04,209.947,3.47154,10.1935,-0.857037,1.99751,-0.142192,11.3213
-557.386,298.458,195.305,185.872,-128635,41799.6,27.9448,-13829,4023.54,210.017,3.47154,10.1935,-0.857037,1.99751,-0.142192,11.3213
-0.810973,0.434181,0.284009,0.270459,-128321,41689,-360.583,-14149.8,4127.76,209.115,3.47154,10.1935,-0.857037,1.99751,-0.142192,11.3213
-0.811058,0.434097,0.283795,0.270565,-128321,41689,-360.56,-14470.7,4231.98,208.214,3.47154,10.1935,-0.857037,1.99751,-0.142192,11.3213
-0.811153,0.433933,0.283739,0.270603,-128321,41689,-360.537,-14791.5,4336.21,207.313,3.47154,10.1935,-0.857037,1.99751,-0.142192,11.3213
-199.856,-370.202,120.763,-128.165,-128321,41689,-360.514,-15112.3,4440.43,206.411,3.47154,10.1935,-0.857037,1.99751,-0.142192,11.3213
-0.438154,-0.811682,0.264856,-0.281147,-128197,41847.6,-567.147,-15432.7,4545.05,204.994,3.47154,10.1935,-0.857037,1.99751,-0.142192,11.3213
-0.438151,-0.811674,0.264734,-0.281291,-128197,41847.6,-567.123,-15753.2,4649.67,203.576,3.47154,10.1935,-0.857037,1.99751,-0.142192,11.3213
-0.438125,-0.811626,0.264757,-0.281448,-128197,41847.6,-567.099,-16073.7,4754.29,202.158,3.47154,10.1935,-0.857037,1.99751,-0.142192,11.3213
-266.554,142.235,93.0052,88.8243,-128197,41847.6,-567.076,-16394.2,4858.91,200.74,3.47154,10.1935,-0.857037,1.99751,-0.142192,11.3213
-0.811899,0.432992,0.283148,0.270491,-128151,41827.4,-619.61,-16714.6,4963.47,199.191,3.47154,10.1935,-0.857037,1.99751,-0.142192,11.3213
-0.811899,0.432951,0.283155,0.27055,-128151,41827.4,-619.586,-17035,5068.04,197.642,3.47154,10.1935,-0.857037,1.99751,-0.142192,11.3213
-0.811927,0.432922,0.283082,0.270587,-128151,41827.4,-619.563,-17355.4,5172.61,196.093,3.47154,10.1935,-0.857037,1.99751,-0.142192,11.3213
-69.3841,-127.511,41.8557,-44.3119,-128151,41827.4,-619.54,-17675.7,5277.18,194.545,3.47154,10.1935,-0.857037,1.99751,-0.142192,11.3213
-0.440721,-0.809801,0.265899,-0.281577,-129138,42480,-312.276,-18027.9,5406.73,205.774,3.47155,10.1935,-0.856989,1.99749,-0.142176,11.3213
-0.440724,-0.809813,0.265827,-0.281605,-129138,42480,-312.252,-18350.7,5512.93,204.993,3.47155,10.1935,-0.856989,1.99749,-0.142176,11.3213
-0.440779,-0.809736,0.265864,-0.281706,-129138,42480,-312.229,-18673.6,5619.13,204.213,3.47155,10.1935,-0.856989,1.99749,-0.142176,11.3213
-791.219,428.258,278.526,266.28,-129138,42480,-312.206,-18996.4,5725.33,203.432,3.47155,10.1935,-0.856989,1.99749,-0.142176,11.3213
-0.808413,0.437533,0.284656,0.272037,-129112,42756.2,-643.945,-19319.2,5832.22,201.822,3.47155,10.1935,-0.856989,1.99749,-0.142176,11.3213
-0.808525,0.437314,0.284603,0.272113,-129112,42756.2,-643.922,-19642,5939.11,200.212,3.47155,10.1935,-0.856989,1.99749,-0.142176,11.3213
-0.808568,0.437267,0.284428,0.272243,-129112,42756.2,-643.899,-19964.8,6046,198.603,3.47155,10.1935,-0.856989,1.99749,-0.142176,11.3213
-338.941,-623.268,205.96,-217.241,-129112,42756.2,-643.876,-20287.5,6152.9,196.993,3.47155,10.1935,-0.856989,1.99749,-0.142176,11.3213
-0.440212,-0.809362,0.267423,-0.282189,-128789,43230,-1120.3,-20609.5,6260.97,194.192,3.47155,10.1935,-0.856989,1.99749,-0.142176,11.3213
-0.440236,-0.809346,0.267259,-0.282354,-128789,43230,-1120.28,-20931.5,6369.05,191.391,3.47155,10.1935,-0.856989,1.99749,-0.142176,11.3213
-0.440289,-0.809335,0.267161,-0.282397,-128789,43230,-1120.25,-21253.5,6477.12,188.591,3.47155,10.1935,-0.856989,1.99749,-0.142176,11.3213
-411.122,221.701,144.75,138.764,-128789,43230,-1120.23,-21575.4,6585.2,185.79,3.47155,10.1935,-0.856989,1.99749,-0.142176,11.3213
-0.808917,0.435971,0.284691,0.273009,-128675,43216.9,-1289.48,-21897.1,6693.24,182.567,3.47155,10.1935,-0.856989,1.99749,-0.142176,11.3213
-0.808915,0.43593,0.284639,0.273133,-128675,43216.9,-1289.46,-22218.8,6801.28,179.343,3.47155,10.1935,-0.856989,1.99749,-0.142176,11.3213
-0.808949,0.435776,0.284506,0.273418,-128675,43216.9,-1289.44,-22540.5,6909.32,176.119,3.47155,10.1935,-0.856989,1.99749,-0.142176,11.3213
-95.634,-174.798,57.9607,-61.0793,-126674,38139.4,-105.073,-22802.7,6881.36,203.727,3.47156,10.1935,-0.856984,1.99749,-0.142174,11.3213
-0.442104,-0.808042,0.26794,-0.282527,-126652,38142.5,-164.478,-23119.3,6976.72,203.316,3.47156,10.1935,-0.856984,1.99749,-0.142174,11.3213
-0.442118,-0.808047,0.268027,-0.282406,-126652,38142.5,-164.455,-23436,7072.07,202.905,3.47156,10.1935,-0.856984,1.99749,-0.142174,11.3213
-0.442253,-0.808005,0.26782,-0.28251,-126652,38142.5,-164.432,-23752.6,7167.43,202.494,3.47156,10.1935,-0.856984,1.99749,-0.142174,11.3213
-549.517,298.72,194.216,186.692,-126652,38142.5,-164.408,-24069.2,7262.78,202.083,3.47156,10.1935,-0.856984,1.99749,-0.142174,11.3213
-0.807011,0.438563,0.285044,0.274127,-126414,38325.1,-735.457,-24385.3,7358.6,200.244,3.47156,10.1935,-0.856984,1.99749,-0.142174,11.3213
-0.807065,0.438547,0.284921,0.274121,-126414,38325.1,-735.433,-24701.3,7454.41,198.406,3.47156,10.1935,-0.856984,1.99749,-0.142174,11.3213
-0.807089,0.438625,0.284872,0.273979,-126414,38325.1,-735.409,-25017.3,7550.22,196.567,3.47156,10.1935,-0.856984,1.99749,-0.142174,11.3213
-398.272,-729.623,244.335,-255.813,-126414,38325.1,-735.386,-25333.4,7646.03,194.729,3.47156,10.1935,-0.856984,1.99749,-0.142174,11.3213
-0.440874,-0.807579,0.270448,-0.28338,-126113,37923,-1975.54,-25648.7,7740.84,189.79,3.47156,10.1935,-0.856984,1.99749,-0.142174,11.3213
-0.440795,-0.807595,0.27045,-0.283454,-126113,37923,-1975.52,-25963.9,7835.65,184.851,3.47156,10.1935,-0.856984,1.99749,-0.142174,11.3213
-0.440889,-0.807602,0.270312,-0.28342,-126113,37923,-1975.5,-26279.2,7930.46,179.912,3.47156,10.1935,-0.856984,1.99749,-0.142174,11.3213
-469.431,254.492,165.644,159.419,-126113,37923,-1975.47,-26594.5,8025.27,174.974,3.47156,10.1935,-0.856984,1.99749,-0.142174,11.3213
-0.807489,0.437744,0.284693,0.274395,-125736,37930.6,-2586.14,-26908.9,8120.09,168.508,3.47156,10.1935,-0.856984,1.99749,-0.142174,11.3213
-0.807579,0.43767,0.284633,0.274308,-125736,37930.6,-2586.12,-27223.2,8214.92,162.043,3.47156,10.1935,-0.856984,1.99749,-0.142174,11.3213
-0.807576,0.437641,0.284535,0.274464,-138582,42801.3,-864.768,-28707.8,9508.5,202.71,3.47155,10.1935,-0.856967,1.99748,-0.142168,11.3213
-431.892,-789.868,252.25,-268.858,-138582,42801.3,-864.745,-29054.3,9615.5,200.548,3.47155,10.1935,-0.856967,1.99748,-0.142168,11.3213
-0.443951,-0.811877,0.259366,-0.276574,-138063,42183.6,-2968.47,-29399.4,9720.96,193.127,3.47155,10.1935,-0.856967,1.99748,-0.142168,11.3213
-0.444021,-0.811865,0.259346,-0.276514,-138063,42183.6,-2968.45,-29744.6,9826.42,185.706,3.47155,10.1935,-0.856967,1.99748,-0.142168,11.3213
-0.443929,-0.811911,0.259319,-0.276554,-138063,42183.6,-2968.42,-30089.8,9931.88,178.285,3.47155,10.1935,-0.856967,1.99748,-0.142168,11.3213
-865.063,469.051,304.165,292.826,-138063,42183.6,-2968.4,-30434.9,10037.3,170.864,3.47155,10.1935,-0.856967,1.99748,-0.142168,11.3213
-0.807885,0.438053,0.283934,0.27352,-137355,42874,-4817.75,-30778.3,10144.5,158.819,3.47155,10.1935,-0.856967,1.99748,-0.142168,11.3213
-0.807982,0.437961,0.283957,0.273356,-137355,42874,-4817.73,-31121.7,10251.7,146.775,3.47155,10.1935,-0.856967,1.99748,-0.142168,11.3213
-0.808096,0.43782,0.283828,0.27338,-137355,42874,-4817.71,-31465.1,10358.9,134.731,3.47155,10.1935,-0.856967,1.99748,-0.142168,11.3213
-167.61,-306.051,100.255,-105.849,-137355,42874,-4817.68,-31808.5,10466.1,122.687,3.47155,10.1935,-0.856967,1.99748,-0.142168,11.3213
-0.443209,-0.809294,0.26492,-0.280048,-137336,42818.8,-4926.54,-32151.8,10573.1,110.37,3.47155,10.1935,-0.856967,1.99748,-0.142168,11.3213
-0.443207,-0.809347,0.264774,-0.280037,-137336,42818.8,-4926.52,-32495.2,10680.2,98.054,3.47155,10.1935,-0.856967,1.99748,-0.142168,11.3213
-0.443087,-0.809375,0.264768,-0.280149,-137336,42818.8,-4926.49,-32838.5,10787.2,85.7378,3.47155,10.1935,-0.856967,1.99748,-0.142168,11.3213
-366.404,198.16,130.655,127.167,-137336,42818.8,-4926.47,-33181.8,10894.3,73.4216,3.47155,10.1935,-0.856967,1.99748,-0.142168,11.3213
-0.80584,0.435716,0.287215,0.279789,-137169,42882.8,-5251.61,-33524.8,11001.5,60.2926,3.47155,10.1935,-0.856967,1.99748,-0.142168,11.3213
-0.805909,0.435652,0.287168,0.279738,-144174,37384.4,-260.407,-34628,11452.4,203.365,3.47155,10.1935,-0.856977,1.99749,-0.142171,11.3213
-0.805951,0.435643,0.287054,0.279747,-144174,37384.4,-260.383,-34988.4,11545.9,202.714,3.47155,10.1935,-0.856977,1.99749,-0.142171,11.3213
-382.304,-699.86,225.625,-239.288,-144174,37384.4,-260.36,-35348.9,11639.4,202.063,3.47155,10.1935,-0.856977,1.99749,-0.142171,11.3213
-0.443136,-0.811318,0.261517,-0.277491,-143762,37186.3,-1651.34,-35708.3,11732.3,197.935,3.47155,10.1935,-0.856977,1.99749,-0.142171,11.3213
-0.44311,-0.811299,0.261465,-0.27764,-143762,37186.3,-1651.32,-36067.7,11825.3,193.807,3.47155,10.1935,-0.856977,1.99749,-0.142171,11.3213
-0.443012,-0.811279,0.261587,-0.277739,-143762,37186.3,-1651.29,-36427.1,11918.2,189.678,3.47155,10.1935,-0.856977,1.99749,-0.142171,11.3213
-761.363,412.322,267.812,258.152,-143762,37186.3,-1651.27,-36786.5,12011.2,185.55,3.47155,10.1935,-0.856977,1.99749,-0.142171,11.3213
-0.807932,0.437495,0.284194,0.274004,-143402,37786.1,-2848.11,-37145,12105.7,178.43,3.47155,10.1935,-0.856977,1.99749,-0.142171,11.3213
-0.807965,0.437321,0.284228,0.27415,-143402,37786.1,-2848.08,-37503.5,12200.1,171.31,3.47155,10.1935,-0.856977,1.99749,-0.142171,11.3213
-0.808019,0.437316,0.284208,0.274017,-143402,37786.1,-2848.06,-37862,12294.6,164.19,3.47155,10.1935,-0.856977,1.99749,-0.142171,11.3213
-141.401,-257.338,82.1304,-87.6765,-143402,37786.1,-2848.03,-38220.5,12389.1,157.07,3.47155,10.1935,-0.856977,1.99749,-0.142171,11.3213
-0.445769,-0.811126,0.258771,-0.276408,-143352,37761.5,-3018.13,-38578.9,12483.5,149.524,3.47155,10.1935,-0.856977,1.99749,-0.142171,11.3213
-0.445805,-0.811052,0.258718,-0.276618,-143352,37761.5,-3018.1,-38937.3,12577.9,141.979,3.47155,10.1935,-0.856977,1.99749,-0.142171,11.3213
-0.445825,-0.811004,0.258789,-0.276662,-143352,37761.5,-3018.08,-39295.6,12672.3,134.434,3.47155,10.1935,-0.856977,1.99749,-0.142171,11.3213
-331.508,178.42,122.224,121.912,-143352,37761.5,-3018.06,-39654,12766.7,126.889,3.47155,10.1935,-0.856977,1.99749,-0.142171,11.3213
-0.800416,0.430738,0.295051,0.294523,-137642,15553.4,-188,-38982,11572.3,202.568,3.47156,10.1935,-0.856963,1.99748,-0.142164,11.3213
-0.800482,0.430647,0.295056,0.294472,-137642,15553.4,-187.976,-39326.1,11611.2,202.098,3.47156,10.1935,-0.856963,1.99748,-0.142164,11.3213
-0.800527,0.430709,0.294921,0.294395,-137642,15553.5,-187.952,-39670.2,11650.1,201.628,3.47156,10.1935,-0.856963,1.99748,-0.142164,11.3213
-491.286,-905.12,313.499,-322.223,-137642,15553.5,-187.929,-40014.3,11689,201.159,3.47156,10.1935,-0.856963,1.99748,-0.142164,11.3213
-0.437227,-0.805453,0.278972,-0.286797,-136690,14993.2,-3405.38,-40356,11726.5,192.645,3.47156,10.1935,-0.856963,1.99748,-0.142164,11.3213
-0.437161,-0.805434,0.278941,-0.28698,-136690,14993.2,-3405.35,-40697.7,11763.9,184.132,3.47156,10.1935,-0.856963,1.99748,-0.142164,11.3213
-0.437136,-0.805391,0.279032,-0.287049,-136690,14993.2,-3405.33,-41039.5,11801.4,175.618,3.47156,10.1935,-0.856963,1.99748,-0.142164,11.3213
-1300.93,701.544,475.871,472.233,-136690,14993.2,-3405.31,-41381.2,11838.9,167.105,3.47156,10.1935,-0.856963,1.99748,-0.142164,11.3213
-0.801627,0.432166,0.293182,0.290982,-135480,17577.8,-7807.12,-41719.9,11882.9,147.587,3.47156,10.1935,-0.856963,1.99748,-0.142164,11.3213
-0.801709,0.432062,0.293111,0.290984,-135480,17577.8,-7807.1,-42058.6,11926.8,128.07,3.47156,10.1935,-0.856963,1.99748,-0.142164,11.3213
-0.801591,0.432189,0.293131,0.2911,-135480,17577.8,-7807.08,-42397.3,11970.7,108.552,3.47156,10.1935,-0.856963,1.99748,-0.142164,11.3213
-238.67,-437.544,149.403,-154.608,-135480,17577.8,-7807.05,-42736,12014.7,89.0343,3.47156,10.1935,-0.856963,1.99748,-0.142164,11.3213
-0.439703,-0.80611,0.275281,-0.284724,-135134,17691.9,-8677.32,-43073.8,12058.9,67.341,3.47156,10.1935,-0.856963,1.99748,-0.142164,11.3213
-0.439771,-0.8061,0.275114,-0.284809,-135134,17691.9,-8677.3,-43411.6,12103.1,45.6478,3.47156,10.1935,-0.856963,1.99748,-0.142164,11.3213
-0.439823,-0.806061,0.275047,-0.284905,-135134,17691.9,-8677.27,-43749.5,12147.4,23.9546,3.47156,10.1935,-0.856963,1.99748,-0.142164,11.3213
-543.912,298.167,180.317,166.372,1.47511e+15,-2.33747e+15,-5.00028e+14,2.69082e+13,-3.95366e+13,136.348,-2551.17,4797.86,5687.53,-3560.12,2148.79,2914.03
-0.815415,0.447003,0.270244,0.24951,1.47511e+15,-2.33747e+15,-5.00028e+14,3.05959e+13,-4.53802e+13,-1.25007e+12,-2551.17,4797.86,5687.53,-3560.12,2148.79,2914.03
-0.815451,0.446904,0.270323,0.249482,1.47511e+15,-2.33747e+15,-5.00028e+14,3.42837e+13,-5.12239e+13,-2.50014e+12,-2551.17,4797.86,5687.53,-3560.12,2148.79,2914.03
-0.815503,0.4469,0.270218,0.249435,1.47511e+15,-2.33747e+15,-5.00028e+14,3.79715e+13,-5.70675e+13,-3.75021e+12,-2551.17,4797.86,5687.53,-3560.12,2148.79,2914.03
-290.7,-524.303,146.851,-166.031,1.47511e+15,-2.33747e+15,-5.00028e+14,4.16593e+13,-6.29112e+13,-5.00028e+12,-2551.17,4797.86,5687.53,-3560.12,2148.79,2914.03
-0.454728,-0.82035,0.229738,-0.259746,1.47511e+15,-2.33747e+15,-5.00028e+14,4.53471e+13,-6.87549e+13,-6.25035e+12,-2551.17,4797.86,5687.53,-3560.12,2148.79,2914.03
-0.454892,-0.820268,0.229758,-0.259702,1.47511e+15,-2.33747e+15,-5.00028e+14,4.90349e+13,-7.45985e+13,-7.50043e+12,-2551.17,4797.86,5687.53,-3560.12,2148.79,2914.03
-0.454868,-0.820258,0.229718,-0.25981,1.47511e+15,-2.33747e+15,-5.00028e+14,5.27227e+13,-8.04422e+13,-8.7505e+12,-2551.17,4797.86,5687.53,-3560.12,2148.79,2914.03
-1971.49,1089.01,636,572.267,1.47511e+15,-2.33747e+15,-5.00028e+14,5.64105e+13,-8.62859e+13,-1.00006e+13,-2551.17,4797.86,5687.53,-3560.12,2148.79,2914.03
-0.818272,0.452005,0.263922,0.23763,1.47511e+15,-2.33747e+15,-5.00028e+14,6.00982e+13,-9.21295e+13,-1.12506e+13,-2551.17,4797.86,5687.53,-3560.12,2148.79,2914.03
-0.818277,0.451961,0.264018,0.237589,1.47511e+15,-2.33747e+15,-5.00028e+14,6.3786e+13,-9.79732e+13,-1.25007e+13,-2551.17,4797.86,5687.53,-3560.12,2148.79,2914.03
-0.818224,0.452012,0.264083,0.237602,1.47511e+15,-2.33747e+15,-5.00028e+14,6.74738e+13,-1.03817e+14,-1.37508e+13,-2551.17,4797.86,5687.53,-3560.12,2148.79,2914.03
-607.924,469.872,-5912.82,3593.75,1.47511e+15,-2.33747e+15,-5.00028e+14,7.11616e+13,-1.09661e+14,-1.50009e+13,-2551.17,4797.86,5687.53,-3560.12,2148.79,2914.03
-0.0873474,0.0675324,-0.84938,0.516105,1.47511e+15,-2.33747e+15,-5.00028e+14,7.48494e+13,-1.15504e+14,-1.62509e+13,-2551.17,4797.86,5687.53,-3560.12,2148.79,2914.03
-0.0874399,0.0676012,-0.849315,0.516186,1.47511e+15,-2.33747e+15,-5.00028e+14,7.85372e+13,-1.21348e+14,-1.7501e+13,-2551.17,4797.86,5687.53,-3560.12,2148.79,2914.03
-0.0874721,0.0677879,-0.849245,0.516271,5.71967e+14,-6.23826e+14,1.25171e+15,4.1336e+13,-7.21691e+13,0,-1436.76,2709.35,3206.11,-2006.23,1211.37,1647.79
53.2017,104.931,-545.038,-899.3,5.71967e+14,-6.23826e+14,1.25171e+15,4.2766e+13,-7.37287e+13,3.12928e+12,-1436.76,2709.35,3206.11,-2006.23,1211.37,1647.79
0.0503011,0.0991244,-0.515024,-0.849938,5.71967e+14,-6.23826e+14,1.25171e+15,4.41959e+13,-7.52882e+13,6.25855e+12,-1436.76,2709.35,3206.11,-2006.23,1211.37,1647.79
0.0502001,0.0991349,-0.515017,-0.849947,5.71967e+14,-6.23826e+14,1.25171e+15,4.56258e+13,-7.68478e+13,9.38783e+12,-1436.76,2709.35,3206.11,-2006.23,1211.37,1647.79
0.0502975,0.0991075,-0.514985,-0.849964,5.71967e+14,-6.23826e+14,1.25171e+15,4.70557e+13,-7.84074e+13,1.25171e+13,-1436.76,2709.35,3206.11,-2006.23,1211.37,1647.79
850.162,864.05,2196.39,-1180.93,5.71967e+14,-6.23826e+14,1.25171e+15,4.84856e+13,-7.99669e+13,1.56464e+13,-1436.76,2709.35,3206.11,-2006.23,1211.37,1647.79
0.306627,0.311633,0.79204,-0.426072,5.71967e+14,-6.23826e+14,1.25171e+15,4.99156e+13,-8.15265e+13,1.87757e+13,-1436.76,2709.35,3206.11,-2006.23,1211.37,1647.79
0.306757,0.31156,0.792044,-0.426024,5.71967e+14,-6.23826e+14,1.25171e+15,5.13455e+13,-8.30861e+13,2.19049e+13,-1436.76,2709.35,3206.11,-2006.23,1211.37,1647.79
0.306758,0.311604,0.792016,-0.426044,5.71967e+14,-6.23826e+14,1.25171e+15,5.27754e+13,-8.46456e+13,2.50342e+13,-1436.76,2709.35,3206.11,-2006.23,1211.37,1647.79
-1506.11,1136.68,-700.451,-1557.98,5.71967e+14,-6.23826e+14,1.25171e+15,5.42053e+13,-8.62052e+13,2.81635e+13,-1436.76,2709.35,3206.11,-2006.23,1211.37,1647.79
-0.59184,0.446482,-0.275,-0.612172,5.71967e+14,-6.23826e+14,1.25171e+15,5.56352e+13,-8.77648e+13,3.12928e+13,-1436.76,2709.35,3206.11,-2006.23,1211.37,1647.79
-0.59184,0.446547,-0.274821,-0.612204,5.71967e+14,-6.23826e+14,1.25171e+15,5.70651e+13,-8.93243e+13,3.4422e+13,-1436.76,2709.35,3206.11,-2006.23,1211.37,1647.79
-0.591904,0.446584,-0.274727,-0.612159,5.71967e+14,-6.23826e+14,1.25171e+15,5.84951e+13,-9.08839e+13,3.75513e+13,-1436.76,2709.35,3206.11,-2006.23,1211.37,1647.79
-1767.88,-2021.91,-3677.21,1883.53,5.71967e+14,-6.23826e+14,1.25171e+15,5.9925e+13,-9.24435e+13,4.06806e+13,-1436.76,2709.35,3206.11,-2006.23,1211.37,1647.79
-0.358838,-0.410313,-0.746179,0.382225,5.71967e+14,-6.23826e+14,1.25171e+15,6.13549e+13,-9.4003e+13,4.38099e+13,-1436.76,2709.35,3206.11,-2006.23,1211.37,1647.79
-0.358902,-0.410217,-0.746159,0.382306,9.44153e+14,-1.93087e+15,-3.10075e+14,2.34595e+13,-9.44979e+13,0,-604.928,1150.4,1353.86,-846.337,511.637,702.616
-0.358989,-0.410131,-0.74615,0.382335,9.44153e+14,-1.93087e+15,-3.10075e+14,2.58198e+13,-9.9325e+13,-7.75188e+11,-604.928,1150.4,1353.86,-846.337,511.637,702.616
467.29,-397.919,392.123,779.753,9.44153e+14,-1.93087e+15,-3.10075e+14,2.81802e+13,-1.04152e+14,-1.55038e+12,-604.928,1150.4,1353.86,-846.337,511.637,702.616
0.437979,-0.372933,0.367456,0.730802,9.44153e+14,-1.93087e+15,-3.10075e+14,3.05406e+13,-1.08979e+14,-2.32556e+12,-604.928,1150.4,1353.86,-846.337,511.637,702.616
0.438161,-0.372825,0.367371,0.730791,9.44153e+14,-1.93087e+15,-3.10075e+14,3.2901e+13,-1.13807e+14,-3.10075e+12,-604.928,1150.4,1353.86,-846.337,511.637,702.616
0.437991,-0.372886,0.367429,0.730832,9.44153e+14,-1.93087e+15,-3.10075e+14,3.52614e+13,-1.18634e+14,-3.87594e+12,-604.928,1150.4,1353.86,-846.337,511.637,702.616
-553.253,-647.804,-1093.75,552.423,9.44153e+14,-1.93087e+15,-3.10075e+14,3.76217e+13,-1.23461e+14,-4.65113e+12,-604.928,1150.4,1353.86,-846.337,511.637,702.616
-0.370816,-0.434139,-0.732821,0.370125,9.44153e+14,-1.93087e+15,-3.10075e+14,3.99821e+13,-1.28288e+14,-5.42632e+12,-604.928,1150.4,1353.86,-846.337,511.637,702.616
-0.370725,-0.434103,-0.732858,0.370185,9.44153e+14,-1.93087e+15,-3.10075e+14,4.23425e+13,-1.33115e+14,-6.2015e+12,-604.928,1150.4,1353.86,-846.337,511.637,702.616
-0.37085,-0.433914,-0.732932,0.370135,9.44153e+14,-1.93087e+15,-3.10075e+14,4.47029e+13,-1.37942e+14,-6.97669e+12,-604.928,1150.4,1353.86,-846.337,511.637,702.616
-1775.3,832.494,1148.86,1473.38,9.44153e+14,-1.93087e+15,-3.10075e+14,4.70633e+13,-1.4277e+14,-7.75188e+12,-604.928,1150.4,1353.86,-846.337,511.637,702.616
-0.655431,0.307428,0.424205,0.544011,9.44153e+14,-1.93087e+15,-3.10075e+14,4.94237e+13,-1.47597e+14,-8.52707e+12,-604.928,1150.4,1353.86,-846.337,511.637,702.616
-0.655374,0.307439,0.424398,0.543923,9.44153e+14,-1.93087e+15,-3.10075e+14,5.1784e+13,-1.52424e+14,-9.30226e+12,-604.928,1150.4,1353.86,-846.337,511.637,702.616
-0.655299,0.307693,0.424449,0.543831,9.44153e+14,-1.93087e+15,-3.10075e+14,5.41444e+13,-1.57251e+14,-1.00774e+13,-604.928,1150.4,1353.86,-846.337,511.637,702.616
-559.156,-638.592,-1157.5,593.017,9.44153e+14,-1.93087e+15,-3.10075e+14,5.65048e+13,-1.62078e+14,-1.08526e+13,-604.928,1150.4,1353.86,-846.337,511.637,702.616
-0.360119,-0.411164,-0.745256,0.381905,2.5748e+16,-2.43433e+16,-2.07954e+14,1.01582e+15,-1.02928e+15,0,-3506.85,6588.89,7815.52,-4892.67,2952.7,3999.91
-0.360295,-0.411182,-0.745187,0.381854,2.5748e+16,-2.43433e+16,-2.07954e+14,1.08019e+15,-1.09014e+15,-5.19885e+11,-3506.85,6588.89,7815.52,-4892.67,2952.7,3999.91
-0.360305,-0.411117,-0.745163,0.381963,2.5748e+16,-2.43433e+16,-2.07954e+14,1.14456e+15,-1.151e+15,-1.03977e+12,-3506.85,6588.89,7815.52,-4892.67,2952.7,3999.91
212.854,-182.625,182.208,362.288,2.5748e+16,-2.43433e+16,-2.07954e+14,1.20893e+15,-1.21186e+15,-1.55965e+12,-3506.85,6588.89,7815.52,-4892.67,2952.7,3999.91
0.431595,-0.370256,0.369547,0.734895,2.5748e+16,-2.43433e+16,-2.07954e+14,1.2733e+15,-1.27271e+15,-2.07954e+12,-3506.85,6588.89,7815.52,-4892.67,2952.7,3999.91
0.431556,-0.370195,0.369608,0.734918,2.5748e+16,-2.43433e+16,-2.07954e+14,1.33767e+15,-1.33357e+15,-2.59942e+12,-3506.85,6588.89,7815.52,-4892.67,2952.7,3999.91
0.431586,-0.370121,0.369538,0.734974,2.5748e+16,-2.43433e+16,-2.07954e+14,1.40204e+15,-1.39443e+15,-3.11931e+12,-3506.85,6588.89,7815.52,-4892.67,2952.7,3999.91
-279.03,-322.218,-566.908,287.948,2.5748e+16,-2.43433e+16,-2.07954e+14,1.46641e+15,-1.45529e+15,-3.63919e+12,-3506.85,6588.89,7815.52,-4892.67,2952.7,3999.91
-0.364552,-0.42078,-0.740587,0.376268,2.5748e+16,-2.43433e+16,-2.07954e+14,1.53078e+15,-1.51615e+15,-4.15908e+12,-3506.85,6588.89,7815.52,-4892.67,2952.7,3999.91
-0.36475,-0.420686,-0.740514,0.376324,2.5748e+16,-2.43433e+16,-2.07954e+14,1.59515e+15,-1.57701e+15,-4.67896e+12,-3506.85,6588.89,7815.52,-4892.67,2952.7,3999.91
-0.364846,-0.420612,-0.740522,0.376299,2.5748e+16,-2.43433e+16,-2.07954e+14,1.65952e+15,-1.63786e+15,-5.19885e+12,-3506.85,6588.89,7815.52,-4892.67,2952.7,3999.91
-5353.95,2785.68,2389.11,2625.82,2.5748e+16,-2.43433e+16,-2.07954e+14,1.72389e+15,-1.69872e+15,-5.71873e+12,-3506.85,6588.89,7815.52,-4892.67,2952.7,3999.91
-0.764509,0.397929,0.341435,0.374967,2.5748e+16,-2.43433e+16,-2.07954e+14,1.78826e+15,-1.75958e+15,-6.23862e+12,-3506.85,6588.89,7815.52,-4892.67,2952.7,3999.91
-0.764477,0.398019,0.341542,0.374841,2.5748e+16,-2.43433e+16,-2.07954e+14,1.85263e+15,-1.82044e+15,-6.7585e+12,-3506.85,6588.89,7815.52,-4892.67,2952.7,3999.91
-0.76442,0.398213,0.341594,0.374702,2.5748e+16,-2.43433e+16,-2.07954e+14,1.917e+15,-1.8813e+15,-7.27839e+12,-3506.85,6588.89,7815.52,-4892.67,2952.7,3999.91
1081.37,1339.2,1831.66,-886.283,inf,-inf,-1.43071e+38,1.91103e+38,-1.69153e+38,-2.59942e+12,-2.88014e+26,5.39767e+26,6.41316e+26,-4.01597e+26,2.42274e+26,3.27255e+26
0.405948,0.502513,0.687071,-0.332596,inf,-inf,-1.43071e+38,inf,-inf,-3.57677e+35,-2.88014e+26,5.39767e+26,6.41316e+26,-4.01597e+26,2.42274e+26,3.27255e+26
0.406055,0.502525,0.687018,-0.332557,inf,-inf,-1.43071e+38,inf,-inf,-7.15355e+35,-2.88014e+26,5.39767e+26,6.41316e+26,-4.01597e+26,2.42274e+26,3.27255e+26
0.406134,0.502535,0.686929,-0.33263,inf,-inf,-1.43071e+38,inf,-inf,-1.07303e+36,-2.88014e+26,5.39767e+26,6.41316e+26,-4.01597e+26,2.42274e+26,3.27255e+26
-nan(ind),-nan(ind),-nan(ind),-nan(ind),inf,-inf,-1.43071e+38,inf,-inf,-1.43071e+36,-2.88014e+26,5.39767e+26,6.41316e+26,-4.01597e+26,2.42274e+26,3.27255e+26
-nan(ind),-nan(ind),-nan(ind),-nan(ind),-nan(ind),-nan(ind),-nan(ind),-nan(ind),-nan(ind),-nan(ind),-2.88014e+26,5.39767e+26,6.41316e+26,-4.01597e+26,2.42274e+26,3.27255e+26
-nan(ind),-nan(ind),-nan(ind),-nan(ind),-nan(ind),-nan(ind),-nan(ind),-nan(ind),-nan(ind),-nan(ind),-2.88014e+26,5.39767e+26,6.41316e+26,-4.01597e+26,2.42274e+26,3.27255e+26
-nan(ind),-nan(ind),-nan(ind),-nan(ind),-nan(ind),-nan(ind),-nan(ind),-nan(ind),-nan(ind),-nan(ind),-2.88014e+26,5.39767e+26,6.41316e+26,-4.01597e+26,2.42274e+26,3.27255e+26
-nan(ind),-nan(ind),-nan(ind),-nan(ind),-nan(ind),-nan(ind),-nan(ind),-nan(ind),-nan(ind),-nan(ind),-2.88014e+26,5.39767e+26,6.41316e+26,-4.01597e+26,2.42274e+26,3.27255e+26
-nan(ind),-nan(ind),-nan(ind),-nan(ind),-nan(ind),-nan(ind),-nan(ind),-nan(ind),-nan(ind),-nan(ind),-2.88014e+26,5.39767e+26,6.41316e+26,-4.01597e+26,2.42274e+26,3.27255e+26
-nan(ind),-nan(ind),-nan(ind),-nan(ind),-nan(ind),-nan(ind),-nan(ind),-nan(ind),-nan(ind),-nan(ind),-2.88014e+26,5.39767e+26,6.41316e+26,-4.01597e+26,2.42274e+26,3.27255e+26
-nan(ind),-nan(ind),-nan(ind),-nan(ind),-nan(ind),-nan(ind),-nan(ind),-nan(ind),-nan(ind),-nan(ind),-2.88014e+26,5.39767e+26,6.41316e+26,-4.01597e+26,2.42274e+26,3.27255e+26
-nan(ind),-nan(ind),-nan(ind),-nan(ind),-nan(ind),-nan(ind),-nan(ind),-nan(ind),-nan(ind),-nan(ind),-2.88014e+26,5.39767e+26,6.41316e+26,-4.01597e+26,2.42274e+26,3.27255e+26
-nan(ind),-nan(ind),-nan(ind),-nan(ind),-nan(ind),-nan(ind),-nan(ind),-nan(ind),-nan(ind),-nan(ind),-2.88014e+26,5.39767e+26,6.41316e+26,-4.01597e+26,2.42274e+26,3.27255e+26
-nan(ind),-nan(ind),-nan(ind),-nan(ind),-nan(ind),-nan(ind),-nan(ind),-nan(ind),-nan(ind),-nan(ind),-2.88014e+26,5.39767e+26,6.41316e+26,-4.01597e+26,2.42274e+26,3.27255e+26
-nan(ind),-nan(ind),-nan(ind),-nan(ind),-nan(ind),-nan(ind),-nan(ind),-nan(ind),-nan(ind),-nan(ind),nan,nan,nan,nan,nan,nan
-nan(ind),-nan(ind),-nan(ind),-nan(ind),-nan(ind),-nan(ind),-nan(ind),-nan(ind),-nan(ind),-nan(ind),nan,nan,nan,nan,nan,nan
-nan(ind),-nan(ind),-nan(ind),-nan(ind),-nan(ind),-nan(ind),-nan(ind),-nan(ind),-nan(ind),-nan(ind),nan,nan,nan,nan,nan,nan
-nan(ind),-nan(ind),-nan(ind),-nan(ind),-nan(ind),-nan(ind),-nan(ind),-nan(ind),-nan(ind),-nan(ind),nan,nan,nan,nan,nan,nan
-nan(ind),-nan(ind),-nan(ind),-nan(ind),-nan(ind),-nan(ind),-nan(ind),-nan(ind),-nan(ind),-nan(ind),nan,nan,nan,nan,nan,nan
-nan(ind),-nan(ind),-nan(ind),-nan(ind),-nan(ind),-nan(ind),-nan(ind),-nan(ind),-nan(ind),-nan(ind),nan,nan,nan,nan,nan,nan
-nan(ind),-nan(ind),-nan(ind),-nan(ind),-nan(ind),-nan(ind),-nan(ind),-nan(ind),-nan(ind),-nan(ind),nan,nan,nan,nan,nan,nan
-nan(ind),-nan(ind),-nan(ind),-nan(ind),-nan(ind),-nan(ind),-nan(ind),-nan(ind),-nan(ind),-nan(ind),nan,nan,nan,nan,nan,nan
-nan(ind),-nan(ind),-nan(ind),-nan(ind),-nan(ind),-nan(ind),-nan(ind),-nan(ind),-nan(ind),-nan(ind),nan,nan,nan,nan,nan,nan
-nan(ind),-nan(ind),-nan(ind),-nan(ind),-nan(ind),-nan(ind),-nan(ind),-nan(ind),-nan(ind),-nan(ind),nan,nan,nan,nan,nan,nan
-nan(ind),-nan(ind),-nan(ind),-nan(ind),-nan(ind),-nan(ind),-nan(ind),-nan(ind),-nan(ind),-nan(ind),nan,nan,nan,nan,nan,nan
-nan(ind),-nan(ind),-nan(ind),-nan(ind),-nan(ind),-nan(ind),-nan(ind),-nan(ind),-nan(ind),-nan(ind),nan,nan,nan,nan,nan,nan
-nan(ind),-nan(ind),-nan(ind),-nan(ind),-nan(ind),-nan(ind),-nan(ind),-nan(ind),-nan(ind),-nan(ind),nan,nan,nan,nan,nan,nan
-nan(ind),-nan(ind),-nan(ind),-nan(ind),-nan(ind),-nan(ind),-nan(ind),-nan(ind),-nan(ind),-nan(ind),nan,nan,nan,nan,nan,nan
-nan(ind),-nan(ind),-nan(ind),-nan(ind),-nan(ind),-nan(ind),-nan(ind),-nan(ind),-nan(ind),-nan(ind),nan,nan,nan,nan,nan,nan
-nan(ind),-nan(ind),-nan(ind),-nan(ind),-nan(ind),-nan(ind),-nan(ind),-nan(ind),-nan(ind),-nan(ind),nan,nan,nan,nan,nan,nan
-nan(ind),-nan(ind),-nan(ind),-nan(ind),-nan(ind),-nan(ind),-nan(ind),-nan(ind),-nan(ind),-nan(ind),nan,nan,nan,nan,nan,nan
-nan(ind),-nan(ind),-nan(ind),-nan(ind),-nan(ind),-nan(ind),-nan(ind),-nan(ind),-nan(ind),-nan(ind),nan,nan,nan,nan,nan,nan
-nan(ind),-nan(ind),-nan(ind),-nan(ind),-nan(ind),-nan(ind),-nan(ind),-nan(ind),-nan(ind),-nan(ind),nan,nan,nan,nan,nan,nan
-nan(ind),-nan(ind),-nan(ind),-nan(ind),-nan(ind),-nan(ind),-nan(ind),-nan(ind),-nan(ind),-nan(ind),nan,nan,nan,nan,nan,nan
-nan(ind),-nan(ind),-nan(ind),-nan(ind),-nan(ind),-nan(ind),-nan(ind),-nan(ind),-nan(ind),-nan(ind),nan,nan,nan,nan,nan,nan
-nan(ind),-nan(ind),-nan(ind),-nan(ind),-nan(ind),-nan(ind),-nan(ind),-nan(ind),-nan(ind),-nan(ind),nan,nan,nan,nan,nan,nan
-nan(ind),-nan(ind),-nan(ind),-nan(ind),-nan(ind),-nan(ind),-nan(ind),-nan(ind),-nan(ind),-nan(ind),nan,nan,nan,nan,nan,nan
-nan(ind),-nan(ind),-nan(ind),-nan(ind),-nan(ind),-nan(ind),-nan(ind),-nan(ind),-nan(ind),-nan(ind),nan,nan,nan,nan,nan,nan
-nan(ind),-nan(ind),-nan(ind),-nan(ind),-nan(ind),-nan(ind),-nan(ind),-nan(ind),-nan(ind),-nan(ind),nan,nan,nan,nan,nan,nan
-nan(ind),-nan(ind),-nan(ind),-nan(ind),-nan(ind),-nan(ind),-nan(ind),-nan(ind),-nan(ind),-nan(ind),nan,nan,nan,nan,nan,nan
-nan(ind),-nan(ind),-nan(ind),-nan(ind),-nan(ind),-nan(ind),-nan(ind),-nan(ind),-nan(ind),-nan(ind),nan,nan,nan,nan,nan,nan
-nan(ind),-nan(ind),-nan(ind),-nan(ind),-nan(ind),-nan(ind),-nan(ind),-nan(ind),-nan(ind),-nan(ind),nan,nan,nan,nan,nan,nan
-nan(ind),-nan(ind),-nan(ind),-nan(ind),-nan(ind),-nan(ind),-nan(ind),-nan(ind),-nan(ind),-nan(ind),nan,nan,nan,nan,nan,nan
-nan(ind),-nan(ind),-nan(ind),-nan(ind),-nan(ind),-nan(ind),-nan(ind),-nan(ind),-nan(ind),-nan(ind),nan,nan,nan,nan,nan,nan
-nan(ind),-nan(ind),-nan(ind),-nan(ind),-nan(ind),-nan(ind),-nan(ind),-nan(ind),-nan(ind),-nan(ind),nan,nan,nan,nan,nan,nan
-nan(ind),-nan(ind),-nan(ind),-nan(ind),-nan(ind),-nan(ind),-nan(ind),-nan(ind),-nan(ind),-nan(ind),nan,nan,nan,nan,nan,nan
-nan(ind),-nan(ind),-nan(ind),-nan(ind),-nan(ind),-nan(ind),-nan(ind),-nan(ind),-nan(ind),-nan(ind),nan,nan,nan,nan,nan,nan
-nan(ind),-nan(ind),-nan(ind),-nan(ind),-nan(ind),-nan(ind),-nan(ind),-nan(ind),-nan(ind),-nan(ind),nan,nan,nan,nan,nan,nan
-nan(ind),-nan(ind),-nan(ind),-nan(ind),-nan(ind),-nan(ind),-nan(ind),-nan(ind),-nan(ind),-nan(ind),nan,nan,nan,nan,nan,nan
-nan(ind),-nan(ind),-nan(ind),-nan(ind),-nan(ind),-nan(ind),-nan(ind),-nan(ind),-nan(ind),-nan(ind),nan,nan,nan,nan,nan,nan
-nan(ind),-nan(ind),-nan(ind),-nan(ind),-nan(ind),-nan(ind),-nan(ind),-nan(ind),-nan(ind),-nan(ind),nan,nan,nan,nan,nan,nan
-nan(ind),-nan(ind),-nan(ind),-nan(ind),-nan(ind),-nan(ind),-nan(ind),-nan(ind),-nan(ind),-nan(ind),nan,nan,nan,nan,nan,nan
-nan(ind),-nan(ind),-nan(ind),-nan(ind),-nan(ind),-nan(ind),-nan(ind),-nan(ind),-nan(ind),-nan(ind),nan,nan,nan,nan,nan,nan
-nan(ind),-nan(ind),-nan(ind),-nan(ind),-nan(ind),-nan(ind),-nan(ind),-nan(ind),-nan(ind),-nan(ind),nan,nan,nan,nan,nan,nan
-nan(ind),-nan(ind),-nan(ind),-nan(ind),-nan(ind),-nan(ind),-nan(ind),-nan(ind),-nan(ind),-nan(ind),nan,nan,nan,nan,nan,nan
-nan(ind),-nan(ind),-nan(ind),-nan(ind),-nan(ind),-nan(ind),-nan(ind),-nan(ind),-nan(ind),-nan(ind),nan,nan,nan,nan,nan,nan
-nan(ind),-nan(ind),-nan(ind),-nan(ind),-nan(ind),-nan(ind),-nan(ind),-nan(ind),-nan(ind),-nan(ind),nan,nan,nan,nan,nan,nan
-nan(ind),-nan(ind),-nan(ind),-nan(ind),-nan(ind),-nan(ind),-nan(ind),-nan(ind),-nan(ind),-nan(ind),nan,nan,nan,nan,nan,nan
-nan(ind),-nan(ind),-nan(ind),-nan(ind),-nan(ind),-nan(ind),-nan(ind),-nan(ind),-nan(ind),-nan(ind),nan,nan,nan,nan,nan,nan
-nan(ind),-nan(ind),-nan(ind),-nan(ind),-nan(ind),-nan(ind),-nan(ind),-nan(ind),-nan(ind),-nan(ind),nan,nan,nan,nan,nan,nan
-nan(ind),-nan(ind),-nan(ind),-nan(ind),-nan(ind),-nan(ind),-nan(ind),-nan(ind),-nan(ind),-nan(ind),nan,nan,nan,nan,nan,nan
-nan(ind),-nan(ind),-nan(ind),-nan(ind),-nan(ind),-nan(ind),-nan(ind),-nan(ind),-nan(ind),-nan(ind),nan,nan,nan,nan,nan,nan
-nan(ind),-nan(ind),-nan(ind),-nan(ind),-nan(ind),-nan(ind),-nan(ind),-nan(ind),-nan(ind),-nan(ind),nan,nan,nan,nan,nan,nan
-nan(ind),-nan(ind),-nan(ind),-nan(ind),-nan(ind),-nan(ind),-nan(ind),-nan(ind),-nan(ind),-nan(ind),nan,nan,nan,nan,nan,nan
-nan(ind),-nan(ind),-nan(ind),-nan(ind),-nan(ind),-nan(ind),-nan(ind),-nan(ind),-nan(ind),-nan(ind),nan,nan,nan,nan,nan,nan
-nan(ind),-nan(ind),-nan(ind),-nan(ind),-nan(ind),-nan(ind),-nan(ind),-nan(ind),-nan(ind),-nan(ind),nan,nan,nan,nan,nan,nan
-nan(ind),-nan(ind),-nan(ind),-nan(ind),-nan(ind),-nan(ind),-nan(ind),-nan(ind),-nan(ind),-nan(ind),nan,nan,nan,nan,nan,nan
-nan(ind),-nan(ind),-nan(ind),-nan(ind),-nan(ind),-nan(ind),-nan(ind),-nan(ind),-nan(ind),-nan(ind),nan,nan,nan,nan,nan,nan
-nan(ind),-nan(ind),-nan(ind),-nan(ind),-nan(ind),-nan(ind),-nan(ind),-nan(ind),-nan(ind),-nan(ind),nan,nan,nan,nan,nan,nan
-nan(ind),-nan(ind),-nan(ind),-nan(ind),-nan(ind),-nan(ind),-nan(ind),-nan(ind),-nan(ind),-nan(ind),nan,nan,nan,nan,nan,nan
-nan(ind),-nan(ind),-nan(ind),-nan(ind),-nan(ind),-nan(ind),-nan(ind),-nan(ind),-nan(ind),-nan(ind),nan,nan,nan,nan,nan,nan
-nan(ind),-nan(ind),-nan(ind),-nan(ind),-nan(ind),-nan(ind),-nan(ind),-nan(ind),-nan(ind),-nan(ind),nan,nan,nan,nan,nan,nan
-nan(ind),-nan(ind),-nan(ind),-nan(ind),-nan(ind),-nan(ind),-nan(ind),-nan(ind),-nan(ind),-nan(ind),nan,nan,nan,nan,nan,nan
-nan(ind),-nan(ind),-nan(ind),-nan(ind),-nan(ind),-nan(ind),-nan(ind),-nan(ind),-nan(ind),-nan(ind),nan,nan,nan,nan,nan,nan
-nan(ind),-nan(ind),-nan(ind),-nan(ind),-nan(ind),-nan(ind),-nan(ind),-nan(ind),-nan(ind),-nan(ind),nan,nan,nan,nan,nan,nan
-nan(ind),-nan(ind),-nan(ind),-nan(ind),-nan(ind),-nan(ind),-nan(ind),-nan(ind),-nan(ind),-nan(ind),nan,nan,nan,nan,nan,nan
-nan(ind),-nan(ind),-nan(ind),-nan(ind),-nan(ind),-nan(ind),-nan(ind),-nan(ind),-nan(ind),-nan(ind),nan,nan,nan,nan,nan,nan
-nan(ind),-nan(ind),-nan(ind),-nan(ind),-nan(ind),-nan(ind),-nan(ind),-nan(ind),-nan(ind),-nan(ind),nan,nan,nan,nan,nan,nan
-nan(ind),-nan(ind),-nan(ind),-nan(ind),-nan(ind),-nan(ind),-nan(ind),-nan(ind),-nan(ind),-nan(ind),nan,nan,nan,nan,nan,nan
-nan(ind),-nan(ind),-nan(ind),-nan(ind),-nan(ind),-nan(ind),-nan(ind),-nan(ind),-nan(ind),-nan(ind),nan,nan,nan,nan,nan,nan
-nan(ind),-nan(ind),-nan(ind),-nan(ind),-nan(ind),-nan(ind),-nan(ind),-nan(ind),-nan(ind),-nan(ind),nan,nan,nan,nan,nan,nan
-nan(ind),-nan(ind),-nan(ind),-nan(ind),-nan(ind),-nan(ind),-nan(ind),-nan(ind),-nan(ind),-nan(ind),nan,nan,nan,nan,nan,nan
-nan(ind),-nan(ind),-nan(ind),-nan(ind),-nan(ind),-nan(ind),-nan(ind),-nan(ind),-nan(ind),-nan(ind),nan,nan,nan,nan,nan,nan
-nan(ind),-nan(ind),-nan(ind),-nan(ind),-nan(ind),-nan(ind),-nan(ind),-nan(ind),-nan(ind),-nan(ind),nan,nan,nan,nan,nan,nan
-nan(ind),-nan(ind),-nan(ind),-nan(ind),-nan(ind),-nan(ind),-nan(ind),-nan(ind),-nan(ind),-nan(ind),nan,nan,nan,nan,nan,nan
-nan(ind),-nan(ind),-nan(ind),-nan(ind),-nan(ind),-nan(ind),-nan(ind),-nan(ind),-nan(ind),-nan(ind),nan,nan,nan,nan,nan,nan
-nan(ind),-nan(ind),-nan(ind),-nan(ind),-nan(ind),-nan(ind),-nan(ind),-nan(ind),-nan(ind),-nan(ind),nan,nan,nan,nan,nan,nan
-nan(ind),-nan(ind),-nan(ind),-nan(ind),-nan(ind),-nan(ind),-nan(ind),-nan(ind),-nan(ind),-nan(ind),nan,nan,nan,nan,nan,nan
-nan(ind),-nan(ind),-nan(ind),-nan(ind),-nan(ind),-nan(ind),-nan(ind),-nan(ind),-nan(ind),-nan(ind),nan,nan,nan,nan,nan,nan
-nan(ind),-nan(ind),-nan(ind),-nan(ind),-nan(ind),-nan(ind),-nan(ind),-nan(ind),-nan(ind),-nan(ind),nan,nan,nan,nan,nan,nan
-nan(ind),-nan(ind),-nan(ind),-nan(ind),-nan(ind),-nan(ind),-nan(ind),-nan(ind),-nan(ind),-nan(ind),nan,nan,nan,nan,nan,nan
-nan(ind),-nan(ind),-nan(ind),-nan(ind),-nan(ind),-nan(ind),-nan(ind),-nan(ind),-nan(ind),-nan(ind),nan,nan,nan,nan,nan,nan
-nan(ind),-nan(ind),-nan(ind),-nan(ind),-nan(ind),-nan(ind),-nan(ind),-nan(ind),-nan(ind),-nan(ind),nan,nan,nan,nan,nan,nan
-nan(ind),-nan(ind),-nan(ind),-nan(ind),-nan(ind),-nan(ind),-nan(ind),-nan(ind),-nan(ind),-nan(ind),nan,nan,nan,nan,nan,nan
-nan(ind),-nan(ind),-nan(ind),-nan(ind),-nan(ind),-nan(ind),-nan(ind),-nan(ind),-nan(ind),-nan(ind),nan,nan,nan,nan,nan,nan
-nan(ind),-nan(ind),-nan(ind),-nan(ind),-nan(ind),-nan(ind),-nan(ind),-nan(ind),-nan(ind),-nan(ind),nan,nan,nan,nan,nan,nan
-nan(ind),-nan(ind),-nan(ind),-nan(ind),-nan(ind),-nan(ind),-nan(ind),-nan(ind),-nan(ind),-nan(ind),nan,nan,nan,nan,nan,nan
-nan(ind),-nan(ind),-nan(ind),-nan(ind),-nan(ind),-nan(ind),-nan(ind),-nan(ind),-nan(ind),-nan(ind),nan,nan,nan,nan,nan,nan
-nan(ind),-nan(ind),-nan(ind),-nan(ind),-nan(ind),-nan(ind),-nan(ind),-nan(ind),-nan(ind),-nan(ind),nan,nan,nan,nan,nan,nan
-nan(ind),-nan(ind),-nan(ind),-nan(ind),-nan(ind),-nan(ind),-nan(ind),-nan(ind),-nan(ind),-nan(ind),nan,nan,nan,nan,nan,nan
-nan(ind),-nan(ind),-nan(ind),-nan(ind),-nan(ind),-nan(ind),-nan(ind),-nan(ind),-nan(ind),-nan(ind),nan,nan,nan,nan,nan,nan
-nan(ind),-nan(ind),-nan(ind),-nan(ind),-nan(ind),-nan(ind),-nan(ind),-nan(ind),-nan(ind),-nan(ind),nan,nan,nan,nan,nan,nan
-nan(ind),-nan(ind),-nan(ind),-nan(ind),-nan(ind),-nan(ind),-nan(ind),-nan(ind),-nan(ind),-nan(ind),nan,nan,nan,nan,nan,nan
-nan(ind),-nan(ind),-nan(ind),-nan(ind),-nan(ind),-nan(ind),-nan(ind),-nan(ind),-nan(ind),-nan(ind),nan,nan,nan,nan,nan,nan
-nan(ind),-nan(ind),-nan(ind),-nan(ind),-nan(ind),-nan(ind),-nan(ind),-nan(ind),-nan(ind),-nan(ind),nan,nan,nan,nan,nan,nan
-nan(ind),-nan(ind),-nan(ind),-nan(ind),-nan(ind),-nan(ind),-nan(ind),-nan(ind),-nan(ind),-nan(ind),nan,nan,nan,nan,nan,nan
-nan(ind),-nan(ind),-nan(ind),-nan(ind),-nan(ind),-nan(ind),-nan(ind),-nan(ind),-nan(ind),-nan(ind),nan,nan,nan,nan,nan,nan
-nan(ind),-nan(ind),-nan(ind),-nan(ind),-nan(ind),-nan(ind),-nan(ind),-nan(ind),-nan(ind),-nan(ind),nan,nan,nan,nan,nan,nan
-nan(ind),-nan(ind),-nan(ind),-nan(ind),-nan(ind),-nan(ind),-nan(ind),-nan(ind),-nan(ind),-nan(ind),nan,nan,nan,nan,nan,nan
-nan(ind),-nan(ind),-nan(ind),-nan(ind),-nan(ind),-nan(ind),-nan(ind),-nan(ind),-nan(ind),-nan(ind),nan,nan,nan,nan,nan,nan
-nan(ind),-nan(ind),-nan(ind),-nan(ind),-nan(ind),-nan(ind),-nan(ind),-nan(ind),-nan(ind),-nan(ind),nan,nan,nan,nan,nan,nan
-nan(ind),-nan(ind),-nan(ind),-nan(ind),-nan(ind),-nan(ind),-nan(ind),-nan(ind),-nan(ind),-nan(ind),nan,nan,nan,nan,nan,nan
-nan(ind),-nan(ind),-nan(ind),-nan(ind),-nan(ind),-nan(ind),-nan(ind),-nan(ind),-nan(ind),-nan(ind),nan,nan,nan,nan,nan,nan
-nan(ind),-nan(ind),-nan(ind),-nan(ind),-nan(ind),-nan(ind),-nan(ind),-nan(ind),-nan(ind),-nan(ind),nan,nan,nan,nan,nan,nan
-nan(ind),-nan(ind),-nan(ind),-nan(ind),-nan(ind),-nan(ind),-nan(ind),-nan(ind),-nan(ind),-nan(ind),nan,nan,nan,nan,nan,nan
-nan(ind),-nan(ind),-nan(ind),-nan(ind),-nan(ind),-nan(ind),-nan(ind),-nan(ind),-nan(ind),-nan(ind),nan,nan,nan,nan,nan,nan
-nan(ind),-nan(ind),-nan(ind),-nan(ind),-nan(ind),-nan(ind),-nan(ind),-nan(ind),-nan(ind),-nan(ind),nan,nan,nan,nan,nan,nan
-nan(ind),-nan(ind),-nan(ind),-nan(ind),-nan(ind),-nan(ind),-nan(ind),-nan(ind),-nan(ind),-nan(ind),nan,nan,nan,nan,nan,nan
-nan(ind),-nan(ind),-nan(ind),-nan(ind),-nan(ind),-nan(ind),-nan(ind),-nan(ind),-nan(ind),-nan(ind),nan,nan,nan,nan,nan,nan
-nan(ind),-nan(ind),-nan(ind),-nan(ind),-nan(ind),-nan(ind),-nan(ind),-nan(ind),-nan(ind),-nan(ind),nan,nan,nan,nan,nan,nan
-nan(ind),-nan(ind),-nan(ind),-nan(ind),-nan(ind),-nan(ind),-nan(ind),-nan(ind),-nan(ind),-nan(ind),nan,nan,nan,nan,nan,nan
-nan(ind),-nan(ind),-nan(ind),-nan(ind),-nan(ind),-nan(ind),-nan(ind),-nan(ind),-nan(ind),-nan(ind),nan,nan,nan,nan,nan,nan
-nan(ind),-nan(ind),-nan(ind),-nan(ind),-nan(ind),-nan(ind),-nan(ind),-nan(ind),-nan(ind),-nan(ind),nan,nan,nan,nan,nan,nan
-nan(ind),-nan(ind),-nan(ind),-nan(ind),-nan(ind),-nan(ind),-nan(ind),-nan(ind),-nan(ind),-nan(ind),nan,nan,nan,nan,nan,nan
-nan(ind),-nan(ind),-nan(ind),-nan(ind),-nan(ind),-nan(ind),-nan(ind),-nan(ind),-nan(ind),-nan(ind),nan,nan,nan,nan,nan,nan
-nan(ind),-nan(ind),-nan(ind),-nan(ind),-nan(ind),-nan(ind),-nan(ind),-nan(ind),-nan(ind),-nan(ind),nan,nan,nan,nan,nan,nan
-nan(ind),-nan(ind),-nan(ind),-nan(ind),-nan(ind),-nan(ind),-nan(ind),-nan(ind),-nan(ind),-nan(ind),nan,nan,nan,nan,nan,nan
-nan(ind),-nan(ind),-nan(ind),-nan(ind),-nan(ind),-nan(ind),-nan(ind),-nan(ind),-nan(ind),-nan(ind),nan,nan,nan,nan,nan,nan
-nan(ind),-nan(ind),-nan(ind),-nan(ind),-nan(ind),-nan(ind),-nan(ind),-nan(ind),-nan(ind),-nan(ind),nan,nan,nan,nan,nan,nan
-nan(ind),-nan(ind),-nan(ind),-nan(ind),-nan(ind),-nan(ind),-nan(ind),-nan(ind),-nan(ind),-nan(ind),nan,nan,nan,nan,nan,nan
-nan(ind),-nan(ind),-nan(ind),-nan(ind),-nan(ind),-nan(ind),-nan(ind),-nan(ind),-nan(ind),-nan(ind),nan,nan,nan,nan,nan,nan
-nan(ind),-nan(ind),-nan(ind),-nan(ind),-nan(ind),-nan(ind),-nan(ind),-nan(ind),-nan(ind),-nan(ind),nan,nan,nan,nan,nan,nan
-nan(ind),-nan(ind),-nan(ind),-nan(ind),-nan(ind),-nan(ind),-nan(ind),-nan(ind),-nan(ind),-nan(ind),nan,nan,nan,nan,nan,nan
-nan(ind),-nan(ind),-nan(ind),-nan(ind),-nan(ind),-nan(ind),-nan(ind),-nan(ind),-nan(ind),-nan(ind),nan,nan,nan,nan,nan,nan
-nan(ind),-nan(ind),-nan(ind),-nan(ind),-nan(ind),-nan(ind),-nan(ind),-nan(ind),-nan(ind),-nan(ind),nan,nan,nan,nan,nan,nan
-nan(ind),-nan(ind),-nan(ind),-nan(ind),-nan(ind),-nan(ind),-nan(ind),-nan(ind),-nan(ind),-nan(ind),nan,nan,nan,nan,nan,nan
-nan(ind),-nan(ind),-nan(ind),-nan(ind),-nan(ind),-nan(ind),-nan(ind),-nan(ind),-nan(ind),-nan(ind),nan,nan,nan,nan,nan,nan
-nan(ind),-nan(ind),-nan(ind),-nan(ind),-nan(ind),-nan(ind),-nan(ind),-nan(ind),-nan(ind),-nan(ind),nan,nan,nan,nan,nan,nan
-nan(ind),-nan(ind),-nan(ind),-nan(ind),-nan(ind),-nan(ind),-nan(ind),-nan(ind),-nan(ind),-nan(ind),nan,nan,nan,nan,nan,nan
-nan(ind),-nan(ind),-nan(ind),-nan(ind),-nan(ind),-nan(ind),-nan(ind),-nan(ind),-nan(ind),-nan(ind),nan,nan,nan,nan,nan,nan
-nan(ind),-nan(ind),-nan(ind),-nan(ind),-nan(ind),-nan(ind),-nan(ind),-nan(ind),-nan(ind),-nan(ind),nan,nan,nan,nan,nan,nan
-nan(ind),-nan(ind),-nan(ind),-nan(ind),-nan(ind),-nan(ind),-nan(ind),-nan(ind),-nan(ind),-nan(ind),nan,nan,nan,nan,nan,nan
-nan(ind),-nan(ind),-nan(ind),-nan(ind),-nan(ind),-nan(ind),-nan(ind),-nan(ind),-nan(ind),-nan(ind),nan,nan,nan,nan,nan,nan
-nan(ind),-nan(ind),-nan(ind),-nan(ind),-nan(ind),-nan(ind),-nan(ind),-nan(ind),-nan(ind),-nan(ind),nan,nan,nan,nan,nan,nan
-nan(ind),-nan(ind),-nan(ind),-nan(ind),-nan(ind),-nan(ind),-nan(ind),-nan(ind),-nan(ind),-nan(ind),nan,nan,nan,nan,nan,nan
-nan(ind),-nan(ind),-nan(ind),-nan(ind),-nan(ind),-nan(ind),-nan(ind),-nan(ind),-nan(ind),-nan(ind),nan,nan,nan,nan,nan,nan
-nan(ind),-nan(ind),-nan(ind),-nan(ind),-nan(ind),-nan(ind),-nan(ind),-nan(ind),-nan(ind),-nan(ind),nan,nan,nan,nan,nan,nan
-nan(ind),-nan(ind),-nan(ind),-nan(ind),-nan(ind),-nan(ind),-nan(ind),-nan(ind),-nan(ind),-nan(ind),nan,nan,nan,nan,nan,nan
-nan(ind),-nan(ind),-nan(ind),-nan(ind),-nan(ind),-nan(ind),-nan(ind),-nan(ind),-nan(ind),-nan(ind),nan,nan,nan,nan,nan,nan
-nan(ind),-nan(ind),-nan(ind),-nan(ind),-nan(ind),-nan(ind),-nan(ind),-nan(ind),-nan(ind),-nan(ind),nan,nan,nan,nan,nan,nan
-nan(ind),-nan(ind),-nan(ind),-nan(ind),-nan(ind),-nan(ind),-nan(ind),-nan(ind),-nan(ind),-nan(ind),nan,nan,nan,nan,nan,nan
-nan(ind),-nan(ind),-nan(ind),-nan(ind),-nan(ind),-nan(ind),-nan(ind),-nan(ind),-nan(ind),-nan(ind),nan,nan,nan,nan,nan,nan
-nan(ind),-nan(ind),-nan(ind),-nan(ind),-nan(ind),-nan(ind),-nan(ind),-nan(ind),-nan(ind),-nan(ind),nan,nan,nan,nan,nan,nan
-nan(ind),-nan(ind),-nan(ind),-nan(ind),-nan(ind),-nan(ind),-nan(ind),-nan(ind),-nan(ind),-nan(ind),nan,nan,nan,nan,nan,nan
-nan(ind),-nan(ind),-nan(ind),-nan(ind),-nan(ind),-nan(ind),-nan(ind),-nan(ind),-nan(ind),-nan(ind),nan,nan,nan,nan,nan,nan
-nan(ind),-nan(ind),-nan(ind),-nan(ind),-nan(ind),-nan(ind),-nan(ind),-nan(ind),-nan(ind),-nan(ind),nan,nan,nan,nan,nan,nan
-nan(ind),-nan(ind),-nan(ind),-nan(ind),-nan(ind),-nan(ind),-nan(ind),-nan(ind),-nan(ind),-nan(ind),nan,nan,nan,nan,nan,nan
-nan(ind),-nan(ind),-nan(ind),-nan(ind),-nan(ind),-nan(ind),-nan(ind),-nan(ind),-nan(ind),-nan(ind),nan,nan,nan,nan,nan,nan
-nan(ind),-nan(ind),-nan(ind),-nan(ind),-nan(ind),-nan(ind),-nan(ind),-nan(ind),-nan(ind),-nan(ind),nan,nan,nan,nan,nan,nan
-nan(ind),-nan(ind),-nan(ind),-nan(ind),-nan(ind),-nan(ind),-nan(ind),-nan(ind),-nan(ind),-nan(ind),nan,nan,nan,nan,nan,nan
-nan(ind),-nan(ind),-nan(ind),-nan(ind),-nan(ind),-nan(ind),-nan(ind),-nan(ind),-nan(ind),-nan(ind),nan,nan,nan,nan,nan,nan
-nan(ind),-nan(ind),-nan(ind),-nan(ind),-nan(ind),-nan(ind),-nan(ind),-nan(ind),-nan(ind),-nan(ind),nan,nan,nan,nan,nan,nan
-nan(ind),-nan(ind),-nan(ind),-nan(ind),-nan(ind),-nan(ind),-nan(ind),-nan(ind),-nan(ind),-nan(ind),nan,nan,nan,nan,nan,nan
-nan(ind),-nan(ind),-nan(ind),-nan(ind),-nan(ind),-nan(ind),-nan(ind),-nan(ind),-nan(ind),-nan(ind),nan,nan,nan,nan,nan,nan
-nan(ind),-nan(ind),-nan(ind),-nan(ind),-nan(ind),-nan(ind),-nan(ind),-nan(ind),-nan(ind),-nan(ind),nan,nan,nan,nan,nan,nan
-nan(ind),-nan(ind),-nan(ind),-nan(ind),-nan(ind),-nan(ind),-nan(ind),-nan(ind),-nan(ind),-nan(ind),nan,nan,nan,nan,nan,nan
-nan(ind),-nan(ind),-nan(ind),-nan(ind),-nan(ind),-nan(ind),-nan(ind),-nan(ind),-nan(ind),-nan(ind),nan,nan,nan,nan,nan,nan
-nan(ind),-nan(ind),-nan(ind),-nan(ind),-nan(ind),-nan(ind),-nan(ind),-nan(ind),-nan(ind),-nan(ind),nan,nan,nan,nan,nan,nan
-nan(ind),-nan(ind),-nan(ind),-nan(ind),-nan(ind),-nan(ind),-nan(ind),-nan(ind),-nan(ind),-nan(ind),nan,nan,nan,nan,nan,nan
-nan(ind),-nan(ind),-nan(ind),-nan(ind),-nan(ind),-nan(ind),-nan(ind),-nan(ind),-nan(ind),-nan(ind),nan,nan,nan,nan,nan,nan
-nan(ind),-nan(ind),-nan(ind),-nan(ind),-nan(ind),-nan(ind),-nan(ind),-nan(ind),-nan(ind),-nan(ind),nan,nan,nan,nan,nan,nan
-nan(ind),-nan(ind),-nan(ind),-nan(ind),-nan(ind),-nan(ind),-nan(ind),-nan(ind),-nan(ind),-nan(ind),nan,nan,nan,nan,nan,nan
-nan(ind),-nan(ind),-nan(ind),-nan(ind),-nan(ind),-nan(ind),-nan(ind),-nan(ind),-nan(ind),-nan(ind),nan,nan,nan,nan,nan,nan
-nan(ind),-nan(ind),-nan(ind),-nan(ind),-nan(ind),-nan(ind),-nan(ind),-nan(ind),-nan(ind),-nan(ind),nan,nan,nan,nan,nan,nan
-nan(ind),-nan(ind),-nan(ind),-nan(ind),-nan(ind),-nan(ind),-nan(ind),-nan(ind),-nan(ind),-nan(ind),nan,nan,nan,nan,nan,nan
-nan(ind),-nan(ind),-nan(ind),-nan(ind),-nan(ind),-nan(ind),-nan(ind),-nan(ind),-nan(ind),-nan(ind),nan,nan,nan,nan,nan,nan
-nan(ind),-nan(ind),-nan(ind),-nan(ind),-nan(ind),-nan(ind),-nan(ind),-nan(ind),-nan(ind),-nan(ind),nan,nan,nan,nan,nan,nan
-nan(ind),-nan(ind),-nan(ind),-nan(ind),-nan(ind),-nan(ind),-nan(ind),-nan(ind),-nan(ind),-nan(ind),nan,nan,nan,nan,nan,nan
-nan(ind),-nan(ind),-nan(ind),-nan(ind),-nan(ind),-nan(ind),-nan(ind),-nan(ind),-nan(ind),-nan(ind),nan,nan,nan,nan,nan,nan
-nan(ind),-nan(ind),-nan(ind),-nan(ind),-nan(ind),-nan(ind),-nan(ind),-nan(ind),-nan(ind),-nan(ind),nan,nan,nan,nan,nan,nan
-nan(ind),-nan(ind),-nan(ind),-nan(ind),-nan(ind),-nan(ind),-nan(ind),-nan(ind),-nan(ind),-nan(ind),nan,nan,nan,nan,nan,nan
-nan(ind),-nan(ind),-nan(ind),-nan(ind),-nan(ind),-nan(ind),-nan(ind),-nan(ind),-nan(ind),-nan(ind),nan,nan,nan,nan,nan,nan
-nan(ind),-nan(ind),-nan(ind),-nan(ind),-nan(ind),-nan(ind),-nan(ind),-nan(ind),-nan(ind),-nan(ind),nan,nan,nan,nan,nan,nan
-nan(ind),-nan(ind),-nan(ind),-nan(ind),-nan(ind),-nan(ind),-nan(ind),-nan(ind),-nan(ind),-nan(ind),nan,nan,nan,nan,nan,nan
-nan(ind),-nan(ind),-nan(ind),-nan(ind),-nan(ind),-nan(ind),-nan(ind),-nan(ind),-nan(ind),-nan(ind),nan,nan,nan,nan,nan,nan
-nan(ind),-nan(ind),-nan(ind),-nan(ind),-nan(ind),-nan(ind),-nan(ind),-nan(ind),-nan(ind),-nan(ind),nan,nan,nan,nan,nan,nan
-nan(ind),-nan(ind),-nan(ind),-nan(ind),-nan(ind),-nan(ind),-nan(ind),-nan(ind),-nan(ind),-nan(ind),nan,nan,nan,nan,nan,nan
-nan(ind),-nan(ind),-nan(ind),-nan(ind),-nan(ind),-nan(ind),-nan(ind),-nan(ind),-nan(ind),-nan(ind),nan,nan,nan,nan,nan,nan
-nan(ind),-nan(ind),-nan(ind),-nan(ind),-nan(ind),-nan(ind),-nan(ind),-nan(ind),-nan(ind),-nan(ind),nan,nan,nan,nan,nan,nan
-nan(ind),-nan(ind),-nan(ind),-nan(ind),-nan(ind),-nan(ind),-nan(ind),-nan(ind),-nan(ind),-nan(ind),nan,nan,nan,nan,nan,nan
-nan(ind),-nan(ind),-nan(ind),-nan(ind),-nan(ind),-nan(ind),-nan(ind),-nan(ind),-nan(ind),-nan(ind),nan,nan,nan,nan,nan,nan
-nan(ind),-nan(ind),-nan(ind),-nan(ind),-nan(ind),-nan(ind),-nan(ind),-nan(ind),-nan(ind),-nan(ind),nan,nan,nan,nan,nan,nan
-nan(ind),-nan(ind),-nan(ind),-nan(ind),-nan(ind),-nan(ind),-nan(ind),-nan(ind),-nan(ind),-nan(ind),nan,nan,nan,nan,nan,nan
-nan(ind),-nan(ind),-nan(ind),-nan(ind),-nan(ind),-nan(ind),-nan(ind),-nan(ind),-nan(ind),-nan(ind),nan,nan,nan,nan,nan,nan
-nan(ind),-nan(ind),-nan(ind),-nan(ind),-nan(ind),-nan(ind),-nan(ind),-nan(ind),-nan(ind),-nan(ind),nan,nan,nan,nan,nan,nan
-nan(ind),-nan(ind),-nan(ind),-nan(ind),-nan(ind),-nan(ind),-nan(ind),-nan(ind),-nan(ind),-nan(ind),nan,nan,nan,nan,nan,nan
-nan(ind),-nan(ind),-nan(ind),-nan(ind),-nan(ind),-nan(ind),-nan(ind),-nan(ind),-nan(ind),-nan(ind),nan,nan,nan,nan,nan,nan
-nan(ind),-nan(ind),-nan(ind),-nan(ind),-nan(ind),-nan(ind),-nan(ind),-nan(ind),-nan(ind),-nan(ind),nan,nan,nan,nan,nan,nan
-nan(ind),-nan(ind),-nan(ind),-nan(ind),-nan(ind),-nan(ind),-nan(ind),-nan(ind),-nan(ind),-nan(ind),nan,nan,nan,nan,nan,nan
-nan(ind),-nan(ind),-nan(ind),-nan(ind),-nan(ind),-nan(ind),-nan(ind),-nan(ind),-nan(ind),-nan(ind),nan,nan,nan,nan,nan,nan
-nan(ind),-nan(ind),-nan(ind),-nan(ind),-nan(ind),-nan(ind),-nan(ind),-nan(ind),-nan(ind),-nan(ind),nan,nan,nan,nan,nan,nan
-nan(ind),-nan(ind),-nan(ind),-nan(ind),-nan(ind),-nan(ind),-nan(ind),-nan(ind),-nan(ind),-nan(ind),nan,nan,nan,nan,nan,nan
-nan(ind),-nan(ind),-nan(ind),-nan(ind),-nan(ind),-nan(ind),-nan(ind),-nan(ind),-nan(ind),-nan(ind),nan,nan,nan,nan,nan,nan
-nan(ind),-nan(ind),-nan(ind),-nan(ind),-nan(ind),-nan(ind),-nan(ind),-nan(ind),-nan(ind),-nan(ind),nan,nan,nan,nan,nan,nan
-nan(ind),-nan(ind),-nan(ind),-nan(ind),-nan(ind),-nan(ind),-nan(ind),-nan(ind),-nan(ind),-nan(ind),nan,nan,nan,nan,nan,nan
-nan(ind),-nan(ind),-nan(ind),-nan(ind),-nan(ind),-nan(ind),-nan(ind),-nan(ind),-nan(ind),-nan(ind),nan,nan,nan,nan,nan,nan
-nan(ind),-nan(ind),-nan(ind),-nan(ind),-nan(ind),-nan(ind),-nan(ind),-nan(ind),-nan(ind),-nan(ind),nan,nan,nan,nan,nan,nan
-nan(ind),-nan(ind),-nan(ind),-nan(ind),-nan(ind),-nan(ind),-nan(ind),-nan(ind),-nan(ind),-nan(ind),nan,nan,nan,nan,nan,nan
-nan(ind),-nan(ind),-nan(ind),-nan(ind),-nan(ind),-nan(ind),-nan(ind),-nan(ind),-nan(ind),-nan(ind),nan,nan,nan,nan,nan,nan
-nan(ind),-nan(ind),-nan(ind),-nan(ind),-nan(ind),-nan(ind),-nan(ind),-nan(ind),-nan(ind),-nan(ind),nan,nan,nan,nan,nan,nan
-nan(ind),-nan(ind),-nan(ind),-nan(ind),-nan(ind),-nan(ind),-nan(ind),-nan(ind),-nan(ind),-nan(ind),nan,nan,nan,nan,nan,nan
-nan(ind),-nan(ind),-nan(ind),-nan(ind),-nan(ind),-nan(ind),-nan(ind),-nan(ind),-nan(ind),-nan(ind),nan,nan,nan,nan,nan,nan
-nan(ind),-nan(ind),-nan(ind),-nan(ind),-nan(ind),-nan(ind),-nan(ind),-nan(ind),-nan(ind),-nan(ind),nan,nan,nan,nan,nan,nan
-nan(ind),-nan(ind),-nan(ind),-nan(ind),-nan(ind),-nan(ind),-nan(ind),-nan(ind),-nan(ind),-nan(ind),nan,nan,nan,nan,nan,nan
-nan(ind),-nan(ind),-nan(ind),-nan(ind),-nan(ind),-nan(ind),-nan(ind),-nan(ind),-nan(ind),-nan(ind),nan,nan,nan,nan,nan,nan
-nan(ind),-nan(ind),-nan(ind),-nan(ind),-nan(ind),-nan(ind),-nan(ind),-nan(ind),-nan(ind),-nan(ind),nan,nan,nan,nan,nan,nan
-nan(ind),-nan(ind),-nan(ind),-nan(ind),-nan(ind),-nan(ind),-nan(ind),-nan(ind),-nan(ind),-nan(ind),nan,nan,nan,nan,nan,nan
-nan(ind),-nan(ind),-nan(ind),-nan(ind),-nan(ind),-nan(ind),-nan(ind),-nan(ind),-nan(ind),-nan(ind),nan,nan,nan,nan,nan,nan
-nan(ind),-nan(ind),-nan(ind),-nan(ind),-nan(ind),-nan(ind),-nan(ind),-nan(ind),-nan(ind),-nan(ind),nan,nan,nan,nan,nan,nan
-nan(ind),-nan(ind),-nan(ind),-nan(ind),-nan(ind),-nan(ind),-nan(ind),-nan(ind),-nan(ind),-nan(ind),nan,nan,nan,nan,nan,nan
-nan(ind),-nan(ind),-nan(ind),-nan(ind),-nan(ind),-nan(ind),-nan(ind),-nan(ind),-nan(ind),-nan(ind),nan,nan,nan,nan,nan,nan
-nan(ind),-nan(ind),-nan(ind),-nan(ind),-nan(ind),-nan(ind),-nan(ind),-nan(ind),-nan(ind),-nan(ind),nan,nan,nan,nan,nan,nan
-nan(ind),-nan(ind),-nan(ind),-nan(ind),-nan(ind),-nan(ind),-nan(ind),-nan(ind),-nan(ind),-nan(ind),nan,nan,nan,nan,nan,nan
-nan(ind),-nan(ind),-nan(ind),-nan(ind),-nan(ind),-nan(ind),-nan(ind),-nan(ind),-nan(ind),-nan(ind),nan,nan,nan,nan,nan,nan
-nan(ind),-nan(ind),-nan(ind),-nan(ind),-nan(ind),-nan(ind),-nan(ind),-nan(ind),-nan(ind),-nan(ind),nan,nan,nan,nan,nan,nan
-nan(ind),-nan(ind),-nan(ind),-nan(ind),-nan(ind),-nan(ind),-nan(ind),-nan(ind),-nan(ind),-nan(ind),nan,nan,nan,nan,nan,nan
-nan(ind),-nan(ind),-nan(ind),-nan(ind),-nan(ind),-nan(ind),-nan(ind),-nan(ind),-nan(ind),-nan(ind),nan,nan,nan,nan,nan,nan
-nan(ind),-nan(ind),-nan(ind),-nan(ind),-nan(ind),-nan(ind),-nan(ind),-nan(ind),-nan(ind),-nan(ind),nan,nan,nan,nan,nan,nan
-nan(ind),-nan(ind),-nan(ind),-nan(ind),-nan(ind),-nan(ind),-nan(ind),-nan(ind),-nan(ind),-nan(ind),nan,nan,nan,nan,nan,nan
-nan(ind),-nan(ind),-nan(ind),-nan(ind),-nan(ind),-nan(ind),-nan(ind),-nan(ind),-nan(ind),-nan(ind),nan,nan,nan,nan,nan,nan
-nan(ind),-nan(ind),-nan(ind),-nan(ind),-nan(ind),-nan(ind),-nan(ind),-nan(ind),-nan(ind),-nan(ind),nan,nan,nan,nan,nan,nan
-nan(ind),-nan(ind),-nan(ind),-nan(ind),-nan(ind),-nan(ind),-nan(ind),-nan(ind),-nan(ind),-nan(ind),nan,nan,nan,nan,nan,nan
-nan(ind),-nan(ind),-nan(ind),-nan(ind),-nan(ind),-nan(ind),-nan(ind),-nan(ind),-nan(ind),-nan(ind),nan,nan,nan,nan,nan,nan
-nan(ind),-nan(ind),-nan(ind),-nan(ind),-nan(ind),-nan(ind),-nan(ind),-nan(ind),-nan(ind),-nan(ind),nan,nan,nan,nan,nan,nan
-nan(ind),-nan(ind),-nan(ind),-nan(ind),-nan(ind),-nan(ind),-nan(ind),-nan(ind),-nan(ind),-nan(ind),nan,nan,nan,nan,nan,nan
-nan(ind),-nan(ind),-nan(ind),-nan(ind),-nan(ind),-nan(ind),-nan(ind),-nan(ind),-nan(ind),-nan(ind),nan,nan,nan,nan,nan,nan
-nan(ind),-nan(ind),-nan(ind),-nan(ind),-nan(ind),-nan(ind),-nan(ind),-nan(ind),-nan(ind),-nan(ind),nan,nan,nan,nan,nan,nan
-nan(ind),-nan(ind),-nan(ind),-nan(ind),-nan(ind),-nan(ind),-nan(ind),-nan(ind),-nan(ind),-nan(ind),nan,nan,nan,nan,nan,nan
-nan(ind),-nan(ind),-nan(ind),-nan(ind),-nan(ind),-nan(ind),-nan(ind),-nan(ind),-nan(ind),-nan(ind),nan,nan,nan,nan,nan,nan
-nan(ind),-nan(ind),-nan(ind),-nan(ind),-nan(ind),-nan(ind),-nan(ind),-nan(ind),-nan(ind),-nan(ind),nan,nan,nan,nan,nan,nan
-nan(ind),-nan(ind),-nan(ind),-nan(ind),-nan(ind),-nan(ind),-nan(ind),-nan(ind),-nan(ind),-nan(ind),nan,nan,nan,nan,nan,nan
-nan(ind),-nan(ind),-nan(ind),-nan(ind),-nan(ind),-nan(ind),-nan(ind),-nan(ind),-nan(ind),-nan(ind),nan,nan,nan,nan,nan,nan
-nan(ind),-nan(ind),-nan(ind),-nan(ind),-nan(ind),-nan(ind),-nan(ind),-nan(ind),-nan(ind),-nan(ind),nan,nan,nan,nan,nan,nan
-nan(ind),-nan(ind),-nan(ind),-nan(ind),-nan(ind),-nan(ind),-nan(ind),-nan(ind),-nan(ind),-nan(ind),nan,nan,nan,nan,nan,nan
-nan(ind),-nan(ind),-nan(ind),-nan(ind),-nan(ind),-nan(ind),-nan(ind),-nan(ind),-nan(ind),-nan(ind),nan,nan,nan,nan,nan,nan
-nan(ind),-nan(ind),-nan(ind),-nan(ind),-nan(ind),-nan(ind),-nan(ind),-nan(ind),-nan(ind),-nan(ind),nan,nan,nan,nan,nan,nan
-nan(ind),-nan(ind),-nan(ind),-nan(ind),-nan(ind),-nan(ind),-nan(ind),-nan(ind),-nan(ind),-nan(ind),nan,nan,nan,nan,nan,nan
-nan(ind),-nan(ind),-nan(ind),-nan(ind),-nan(ind),-nan(ind),-nan(ind),-nan(ind),-nan(ind),-nan(ind),nan,nan,nan,nan,nan,nan
-nan(ind),-nan(ind),-nan(ind),-nan(ind),-nan(ind),-nan(ind),-nan(ind),-nan(ind),-nan(ind),-nan(ind),nan,nan,nan,nan,nan,nan
-nan(ind),-nan(ind),-nan(ind),-nan(ind),-nan(ind),-nan(ind),-nan(ind),-nan(ind),-nan(ind),-nan(ind),nan,nan,nan,nan,nan,nan
-nan(ind),-nan(ind),-nan(ind),-nan(ind),-nan(ind),-nan(ind),-nan(ind),-nan(ind),-nan(ind),-nan(ind),nan,nan,nan,nan,nan,nan
-nan(ind),-nan(ind),-nan(ind),-nan(ind),-nan(ind),-nan(ind),-nan(ind),-nan(ind),-nan(ind),-nan(ind),nan,nan,nan,nan,nan,nan
-nan(ind),-nan(ind),-nan(ind),-nan(ind),-nan(ind),-nan(ind),-nan(ind),-nan(ind),-nan(ind),-nan(ind),nan,nan,nan,nan,nan,nan
-nan(ind),-nan(ind),-nan(ind),-nan(ind),-nan(ind),-nan(ind),-nan(ind),-nan(ind),-nan(ind),-nan(ind),nan,nan,nan,nan,nan,nan
-nan(ind),-nan(ind),-nan(ind),-nan(ind),-nan(ind),-nan(ind),-nan(ind),-nan(ind),-nan(ind),-nan(ind),nan,nan,nan,nan,nan,nan
-nan(ind),-nan(ind),-nan(ind),-nan(ind),-nan(ind),-nan(ind),-nan(ind),-nan(ind),-nan(ind),-nan(ind),nan,nan,nan,nan,nan,nan
-nan(ind),-nan(ind),-nan(ind),-nan(ind),-nan(ind),-nan(ind),-nan(ind),-nan(ind),-nan(ind),-nan(ind),nan,nan,nan,nan,nan,nan
-nan(ind),-nan(ind),-nan(ind),-nan(ind),-nan(ind),-nan(ind),-nan(ind),-nan(ind),-nan(ind),-nan(ind),nan,nan,nan,nan,nan,nan
-nan(ind),-nan(ind),-nan(ind),-nan(ind),-nan(ind),-nan(ind),-nan(ind),-nan(ind),-nan(ind),-nan(ind),nan,nan,nan,nan,nan,nan
-nan(ind),-nan(ind),-nan(ind),-nan(ind),-nan(ind),-nan(ind),-nan(ind),-nan(ind),-nan(ind),-nan(ind),nan,nan,nan,nan,nan,nan
-nan(ind),-nan(ind),-nan(ind),-nan(ind),-nan(ind),-nan(ind),-nan(ind),-nan(ind),-nan(ind),-nan(ind),nan,nan,nan,nan,nan,nan
-nan(ind),-nan(ind),-nan(ind),-nan(ind),-nan(ind),-nan(ind),-nan(ind),-nan(ind),-nan(ind),-nan(ind),nan,nan,nan,nan,nan,nan
-nan(ind),-nan(ind),-nan(ind),-nan(ind),-nan(ind),-nan(ind),-nan(ind),-nan(ind),-nan(ind),-nan(ind),nan,nan,nan,nan,nan,nan
-nan(ind),-nan(ind),-nan(ind),-nan(ind),-nan(ind),-nan(ind),-nan(ind),-nan(ind),-nan(ind),-nan(ind),nan,nan,nan,nan,nan,nan
-nan(ind),-nan(ind),-nan(ind),-nan(ind),-nan(ind),-nan(ind),-nan(ind),-nan(ind),-nan(ind),-nan(ind),nan,nan,nan,nan,nan,nan
-nan(ind),-nan(ind),-nan(ind),-nan(ind),-nan(ind),-nan(ind),-nan(ind),-nan(ind),-nan(ind),-nan(ind),nan,nan,nan,nan,nan,nan
-nan(ind),-nan(ind),-nan(ind),-nan(ind),-nan(ind),-nan(ind),-nan(ind),-nan(ind),-nan(ind),-nan(ind),nan,nan,nan,nan,nan,nan
-nan(ind),-nan(ind),-nan(ind),-nan(ind),-nan(ind),-nan(ind),-nan(ind),-nan(ind),-nan(ind),-nan(ind),nan,nan,nan,nan,nan,nan
-nan(ind),-nan(ind),-nan(ind),-nan(ind),-nan(ind),-nan(ind),-nan(ind),-nan(ind),-nan(ind),-nan(ind),nan,nan,nan,nan,nan,nan
-nan(ind),-nan(ind),-nan(ind),-nan(ind),-nan(ind),-nan(ind),-nan(ind),-nan(ind),-nan(ind),-nan(ind),nan,nan,nan,nan,nan,nan
-nan(ind),-nan(ind),-nan(ind),-nan(ind),-nan(ind),-nan(ind),-nan(ind),-nan(ind),-nan(ind),-nan(ind),nan,nan,nan,nan,nan,nan
-nan(ind),-nan(ind),-nan(ind),-nan(ind),-nan(ind),-nan(ind),-nan(ind),-nan(ind),-nan(ind),-nan(ind),nan,nan,nan,nan,nan,nan
-nan(ind),-nan(ind),-nan(ind),-nan(ind),-nan(ind),-nan(ind),-nan(ind),-nan(ind),-nan(ind),-nan(ind),nan,nan,nan,nan,nan,nan
-nan(ind),-nan(ind),-nan(ind),-nan(ind),-nan(ind),-nan(ind),-nan(ind),-nan(ind),-nan(ind),-nan(ind),nan,nan,nan,nan,nan,nan
-nan(ind),-nan(ind),-nan(ind),-nan(ind),-nan(ind),-nan(ind),-nan(ind),-nan(ind),-nan(ind),-nan(ind),nan,nan,nan,nan,nan,nan
-nan(ind),-nan(ind),-nan(ind),-nan(ind),-nan(ind),-nan(ind),-nan(ind),-nan(ind),-nan(ind),-nan(ind),nan,nan,nan,nan,nan,nan
-nan(ind),-nan(ind),-nan(ind),-nan(ind),-nan(ind),-nan(ind),-nan(ind),-nan(ind),-nan(ind),-nan(ind),nan,nan,nan,nan,nan,nan
-nan(ind),-nan(ind),-nan(ind),-nan(ind),-nan(ind),-nan(ind),-nan(ind),-nan(ind),-nan(ind),-nan(ind),nan,nan,nan,nan,nan,nan
-nan(ind),-nan(ind),-nan(ind),-nan(ind),-nan(ind),-nan(ind),-nan(ind),-nan(ind),-nan(ind),-nan(ind),nan,nan,nan,nan,nan,nan
-nan(ind),-nan(ind),-nan(ind),-nan(ind),-nan(ind),-nan(ind),-nan(ind),-nan(ind),-nan(ind),-nan(ind),nan,nan,nan,nan,nan,nan
-nan(ind),-nan(ind),-nan(ind),-nan(ind),-nan(ind),-nan(ind),-nan(ind),-nan(ind),-nan(ind),-nan(ind),nan,nan,nan,nan,nan,nan
-nan(ind),-nan(ind),-nan(ind),-nan(ind),-nan(ind),-nan(ind),-nan(ind),-nan(ind),-nan(ind),-nan(ind),nan,nan,nan,nan,nan,nan
-nan(ind),-nan(ind),-nan(ind),-nan(ind),-nan(ind),-nan(ind),-nan(ind),-nan(ind),-nan(ind),-nan(ind),nan,nan,nan,nan,nan,nan
-nan(ind),-nan(ind),-nan(ind),-nan(ind),-nan(ind),-nan(ind),-nan(ind),-nan(ind),-nan(ind),-nan(ind),nan,nan,nan,nan,nan,nan
-nan(ind),-nan(ind),-nan(ind),-nan(ind),-nan(ind),-nan(ind),-nan(ind),-nan(ind),-nan(ind),-nan(ind),nan,nan,nan,nan,nan,nan
-nan(ind),-nan(ind),-nan(ind),-nan(ind),-nan(ind),-nan(ind),-nan(ind),-nan(ind),-nan(ind),-nan(ind),nan,nan,nan,nan,nan,nan
-nan(ind),-nan(ind),-nan(ind),-nan(ind),-nan(ind),-nan(ind),-nan(ind),-nan(ind),-nan(ind),-nan(ind),nan,nan,nan,nan,nan,nan
-nan(ind),-nan(ind),-nan(ind),-nan(ind),-nan(ind),-nan(ind),-nan(ind),-nan(ind),-nan(ind),-nan(ind),nan,nan,nan,nan,nan,nan
-nan(ind),-nan(ind),-nan(ind),-nan(ind),-nan(ind),-nan(ind),-nan(ind),-nan(ind),-nan(ind),-nan(ind),nan,nan,nan,nan,nan,nan
-nan(ind),-nan(ind),-nan(ind),-nan(ind),-nan(ind),-nan(ind),-nan(ind),-nan(ind),-nan(ind),-nan(ind),nan,nan,nan,nan,nan,nan
-nan(ind),-nan(ind),-nan(ind),-nan(ind),-nan(ind),-nan(ind),-nan(ind),-nan(ind),-nan(ind),-nan(ind),nan,nan,nan,nan,nan,nan
-nan(ind),-nan(ind),-nan(ind),-nan(ind),-nan(ind),-nan(ind),-nan(ind),-nan(ind),-nan(ind),-nan(ind),nan,nan,nan,nan,nan,nan
-nan(ind),-nan(ind),-nan(ind),-nan(ind),-nan(ind),-nan(ind),-nan(ind),-nan(ind),-nan(ind),-nan(ind),nan,nan,nan,nan,nan,nan
-nan(ind),-nan(ind),-nan(ind),-nan(ind),-nan(ind),-nan(ind),-nan(ind),-nan(ind),-nan(ind),-nan(ind),nan,nan,nan,nan,nan,nan
-nan(ind),-nan(ind),-nan(ind),-nan(ind),-nan(ind),-nan(ind),-nan(ind),-nan(ind),-nan(ind),-nan(ind),nan,nan,nan,nan,nan,nan
-nan(ind),-nan(ind),-nan(ind),-nan(ind),-nan(ind),-nan(ind),-nan(ind),-nan(ind),-nan(ind),-nan(ind),nan,nan,nan,nan,nan,nan
-nan(ind),-nan(ind),-nan(ind),-nan(ind),-nan(ind),-nan(ind),-nan(ind),-nan(ind),-nan(ind),-nan(ind),nan,nan,nan,nan,nan,nan
-nan(ind),-nan(ind),-nan(ind),-nan(ind),-nan(ind),-nan(ind),-nan(ind),-nan(ind),-nan(ind),-nan(ind),nan,nan,nan,nan,nan,nan
-nan(ind),-nan(ind),-nan(ind),-nan(ind),-nan(ind),-nan(ind),-nan(ind),-nan(ind),-nan(ind),-nan(ind),nan,nan,nan,nan,nan,nan
-nan(ind),-nan(ind),-nan(ind),-nan(ind),-nan(ind),-nan(ind),-nan(ind),-nan(ind),-nan(ind),-nan(ind),nan,nan,nan,nan,nan,nan
-nan(ind),-nan(ind),-nan(ind),-nan(ind),-nan(ind),-nan(ind),-nan(ind),-nan(ind),-nan(ind),-nan(ind),nan,nan,nan,nan,nan,nan
-nan(ind),-nan(ind),-nan(ind),-nan(ind),-nan(ind),-nan(ind),-nan(ind),-nan(ind),-nan(ind),-nan(ind),nan,nan,nan,nan,nan,nan
-nan(ind),-nan(ind),-nan(ind),-nan(ind),-nan(ind),-nan(ind),-nan(ind),-nan(ind),-nan(ind),-nan(ind),nan,nan,nan,nan,nan,nan
-nan(ind),-nan(ind),-nan(ind),-nan(ind),-nan(ind),-nan(ind),-nan(ind),-nan(ind),-nan(ind),-nan(ind),nan,nan,nan,nan,nan,nan
-nan(ind),-nan(ind),-nan(ind),-nan(ind),-nan(ind),-nan(ind),-nan(ind),-nan(ind),-nan(ind),-nan(ind),nan,nan,nan,nan,nan,nan
-nan(ind),-nan(ind),-nan(ind),-nan(ind),-nan(ind),-nan(ind),-nan(ind),-nan(ind),-nan(ind),-nan(ind),nan,nan,nan,nan,nan,nan
-nan(ind),-nan(ind),-nan(ind),-nan(ind),-nan(ind),-nan(ind),-nan(ind),-nan(ind),-nan(ind),-nan(ind),nan,nan,nan,nan,nan,nan
-nan(ind),-nan(ind),-nan(ind),-nan(ind),-nan(ind),-nan(ind),-nan(ind),-nan(ind),-nan(ind),-nan(ind),nan,nan,nan,nan,nan,nan
-nan(ind),-nan(ind),-nan(ind),-nan(ind),-nan(ind),-nan(ind),-nan(ind),-nan(ind),-nan(ind),-nan(ind),nan,nan,nan,nan,nan,nan
-nan(ind),-nan(ind),-nan(ind),-nan(ind),-nan(ind),-nan(ind),-nan(ind),-nan(ind),-nan(ind),-nan(ind),nan,nan,nan,nan,nan,nan
-nan(ind),-nan(ind),-nan(ind),-nan(ind),-nan(ind),-nan(ind),-nan(ind),-nan(ind),-nan(ind),-nan(ind),nan,nan,nan,nan,nan,nan
-nan(ind),-nan(ind),-nan(ind),-nan(ind),-nan(ind),-nan(ind),-nan(ind),-nan(ind),-nan(ind),-nan(ind),nan,nan,nan,nan,nan,nan
-nan(ind),-nan(ind),-nan(ind),-nan(ind),-nan(ind),-nan(ind),-nan(ind),-nan(ind),-nan(ind),-nan(ind),nan,nan,nan,nan,nan,nan
-nan(ind),-nan(ind),-nan(ind),-nan(ind),-nan(ind),-nan(ind),-nan(ind),-nan(ind),-nan(ind),-nan(ind),nan,nan,nan,nan,nan,nan
-nan(ind),-nan(ind),-nan(ind),-nan(ind),-nan(ind),-nan(ind),-nan(ind),-nan(ind),-nan(ind),-nan(ind),nan,nan,nan,nan,nan,nan
-nan(ind),-nan(ind),-nan(ind),-nan(ind),-nan(ind),-nan(ind),-nan(ind),-nan(ind),-nan(ind),-nan(ind),nan,nan,nan,nan,nan,nan
-nan(ind),-nan(ind),-nan(ind),-nan(ind),-nan(ind),-nan(ind),-nan(ind),-nan(ind),-nan(ind),-nan(ind),nan,nan,nan,nan,nan,nan
-nan(ind),-nan(ind),-nan(ind),-nan(ind),-nan(ind),-nan(ind),-nan(ind),-nan(ind),-nan(ind),-nan(ind),nan,nan,nan,nan,nan,nan
-nan(ind),-nan(ind),-nan(ind),-nan(ind),-nan(ind),-nan(ind),-nan(ind),-nan(ind),-nan(ind),-nan(ind),nan,nan,nan,nan,nan,nan
-nan(ind),-nan(ind),-nan(ind),-nan(ind),-nan(ind),-nan(ind),-nan(ind),-nan(ind),-nan(ind),-nan(ind),nan,nan,nan,nan,nan,nan
-nan(ind),-nan(ind),-nan(ind),-nan(ind),-nan(ind),-nan(ind),-nan(ind),-nan(ind),-nan(ind),-nan(ind),nan,nan,nan,nan,nan,nan
-nan(ind),-nan(ind),-nan(ind),-nan(ind),-nan(ind),-nan(ind),-nan(ind),-nan(ind),-nan(ind),-nan(ind),nan,nan,nan,nan,nan,nan
-nan(ind),-nan(ind),-nan(ind),-nan(ind),-nan(ind),-nan(ind),-nan(ind),-nan(ind),-nan(ind),-nan(ind),nan,nan,nan,nan,nan,nan
-nan(ind),-nan(ind),-nan(ind),-nan(ind),-nan(ind),-nan(ind),-nan(ind),-nan(ind),-nan(ind),-nan(ind),nan,nan,nan,nan,nan,nan
-nan(ind),-nan(ind),-nan(ind),-nan(ind),-nan(ind),-nan(ind),-nan(ind),-nan(ind),-nan(ind),-nan(ind),nan,nan,nan,nan,nan,nan
-nan(ind),-nan(ind),-nan(ind),-nan(ind),-nan(ind),-nan(ind),-nan(ind),-nan(ind),-nan(ind),-nan(ind),nan,nan,nan,nan,nan,nan
-nan(ind),-nan(ind),-nan(ind),-nan(ind),-nan(ind),-nan(ind),-nan(ind),-nan(ind),-nan(ind),-nan(ind),nan,nan,nan,nan,nan,nan
-nan(ind),-nan(ind),-nan(ind),-nan(ind),-nan(ind),-nan(ind),-nan(ind),-nan(ind),-nan(ind),-nan(ind),nan,nan,nan,nan,nan,nan
-nan(ind),-nan(ind),-nan(ind),-nan(ind),-nan(ind),-nan(ind),-nan(ind),-nan(ind),-nan(ind),-nan(ind),nan,nan,nan,nan,nan,nan
-nan(ind),-nan(ind),-nan(ind),-nan(ind),-nan(ind),-nan(ind),-nan(ind),-nan(ind),-nan(ind),-nan(ind),nan,nan,nan,nan,nan,nan
-nan(ind),-nan(ind),-nan(ind),-nan(ind),-nan(ind),-nan(ind),-nan(ind),-nan(ind),-nan(ind),-nan(ind),nan,nan,nan,nan,nan,nan
-nan(ind),-nan(ind),-nan(ind),-nan(ind),-nan(ind),-nan(ind),-nan(ind),-nan(ind),-nan(ind),-nan(ind),nan,nan,nan,nan,nan,nan
-nan(ind),-nan(ind),-nan(ind),-nan(ind),-nan(ind),-nan(ind),-nan(ind),-nan(ind),-nan(ind),-nan(ind),nan,nan,nan,nan,nan,nan
-nan(ind),-nan(ind),-nan(ind),-nan(ind),-nan(ind),-nan(ind),-nan(ind),-nan(ind),-nan(ind),-nan(ind),nan,nan,nan,nan,nan,nan
-nan(ind),-nan(ind),-nan(ind),-nan(ind),-nan(ind),-nan(ind),-nan(ind),-nan(ind),-nan(ind),-nan(ind),nan,nan,nan,nan,nan,nan
-nan(ind),-nan(ind),-nan(ind),-nan(ind),-nan(ind),-nan(ind),-nan(ind),-nan(ind),-nan(ind),-nan(ind),nan,nan,nan,nan,nan,nan
-nan(ind),-nan(ind),-nan(ind),-nan(ind),-nan(ind),-nan(ind),-nan(ind),-nan(ind),-nan(ind),-nan(ind),nan,nan,nan,nan,nan,nan
-nan(ind),-nan(ind),-nan(ind),-nan(ind),-nan(ind),-nan(ind),-nan(ind),-nan(ind),-nan(ind),-nan(ind),nan,nan,nan,nan,nan,nan
-nan(ind),-nan(ind),-nan(ind),-nan(ind),-nan(ind),-nan(ind),-nan(ind),-nan(ind),-nan(ind),-nan(ind),nan,nan,nan,nan,nan,nan
-nan(ind),-nan(ind),-nan(ind),-nan(ind),-nan(ind),-nan(ind),-nan(ind),-nan(ind),-nan(ind),-nan(ind),nan,nan,nan,nan,nan,nan
-nan(ind),-nan(ind),-nan(ind),-nan(ind),-nan(ind),-nan(ind),-nan(ind),-nan(ind),-nan(ind),-nan(ind),nan,nan,nan,nan,nan,nan
-nan(ind),-nan(ind),-nan(ind),-nan(ind),-nan(ind),-nan(ind),-nan(ind),-nan(ind),-nan(ind),-nan(ind),nan,nan,nan,nan,nan,nan
-nan(ind),-nan(ind),-nan(ind),-nan(ind),-nan(ind),-nan(ind),-nan(ind),-nan(ind),-nan(ind),-nan(ind),nan,nan,nan,nan,nan,nan
-nan(ind),-nan(ind),-nan(ind),-nan(ind),-nan(ind),-nan(ind),-nan(ind),-nan(ind),-nan(ind),-nan(ind),nan,nan,nan,nan,nan,nan
-nan(ind),-nan(ind),-nan(ind),-nan(ind),-nan(ind),-nan(ind),-nan(ind),-nan(ind),-nan(ind),-nan(ind),nan,nan,nan,nan,nan,nan
-nan(ind),-nan(ind),-nan(ind),-nan(ind),-nan(ind),-nan(ind),-nan(ind),-nan(ind),-nan(ind),-nan(ind),nan,nan,nan,nan,nan,nan
-nan(ind),-nan(ind),-nan(ind),-nan(ind),-nan(ind),-nan(ind),-nan(ind),-nan(ind),-nan(ind),-nan(ind),nan,nan,nan,nan,nan,nan
-nan(ind),-nan(ind),-nan(ind),-nan(ind),-nan(ind),-nan(ind),-nan(ind),-nan(ind),-nan(ind),-nan(ind),nan,nan,nan,nan,nan,nan
-nan(ind),-nan(ind),-nan(ind),-nan(ind),-nan(ind),-nan(ind),-nan(ind),-nan(ind),-nan(ind),-nan(ind),nan,nan,nan,nan,nan,nan
-nan(ind),-nan(ind),-nan(ind),-nan(ind),-nan(ind),-nan(ind),-nan(ind),-nan(ind),-nan(ind),-nan(ind),nan,nan,nan,nan,nan,nan
-nan(ind),-nan(ind),-nan(ind),-nan(ind),-nan(ind),-nan(ind),-nan(ind),-nan(ind),-nan(ind),-nan(ind),nan,nan,nan,nan,nan,nan
-nan(ind),-nan(ind),-nan(ind),-nan(ind),-nan(ind),-nan(ind),-nan(ind),-nan(ind),-nan(ind),-nan(ind),nan,nan,nan,nan,nan,nan
-nan(ind),-nan(ind),-nan(ind),-nan(ind),-nan(ind),-nan(ind),-nan(ind),-nan(ind),-nan(ind),-nan(ind),nan,nan,nan,nan,nan,nan
-nan(ind),-nan(ind),-nan(ind),-nan(ind),-nan(ind),-nan(ind),-nan(ind),-nan(ind),-nan(ind),-nan(ind),nan,nan,nan,nan,nan,nan
-nan(ind),-nan(ind),-nan(ind),-nan(ind),-nan(ind),-nan(ind),-nan(ind),-nan(ind),-nan(ind),-nan(ind),nan,nan,nan,nan,nan,nan
-nan(ind),-nan(ind),-nan(ind),-nan(ind),-nan(ind),-nan(ind),-nan(ind),-nan(ind),-nan(ind),-nan(ind),nan,nan,nan,nan,nan,nan
-nan(ind),-nan(ind),-nan(ind),-nan(ind),-nan(ind),-nan(ind),-nan(ind),-nan(ind),-nan(ind),-nan(ind),nan,nan,nan,nan,nan,nan
-nan(ind),-nan(ind),-nan(ind),-nan(ind),-nan(ind),-nan(ind),-nan(ind),-nan(ind),-nan(ind),-nan(ind),nan,nan,nan,nan,nan,nan
-nan(ind),-nan(ind),-nan(ind),-nan(ind),-nan(ind),-nan(ind),-nan(ind),-nan(ind),-nan(ind),-nan(ind),nan,nan,nan,nan,nan,nan
-nan(ind),-nan(ind),-nan(ind),-nan(ind),-nan(ind),-nan(ind),-nan(ind),-nan(ind),-nan(ind),-nan(ind),nan,nan,nan,nan,nan,nan
-nan(ind),-nan(ind),-nan(ind),-nan(ind),-nan(ind),-nan(ind),-nan(ind),-nan(ind),-nan(ind),-nan(ind),nan,nan,nan,nan,nan,nan
-nan(ind),-nan(ind),-nan(ind),-nan(ind),-nan(ind),-nan(ind),-nan(ind),-nan(ind),-nan(ind),-nan(ind),nan,nan,nan,nan,nan,nan
-nan(ind),-nan(ind),-nan(ind),-nan(ind),-nan(ind),-nan(ind),-nan(ind),-nan(ind),-nan(ind),-nan(ind),nan,nan,nan,nan,nan,nan
-nan(ind),-nan(ind),-nan(ind),-nan(ind),-nan(ind),-nan(ind),-nan(ind),-nan(ind),-nan(ind),-nan(ind),nan,nan,nan,nan,nan,nan
-nan(ind),-nan(ind),-nan(ind),-nan(ind),-nan(ind),-nan(ind),-nan(ind),-nan(ind),-nan(ind),-nan(ind),nan,nan,nan,nan,nan,nan
-nan(ind),-nan(ind),-nan(ind),-nan(ind),-nan(ind),-nan(ind),-nan(ind),-nan(ind),-nan(ind),-nan(ind),nan,nan,nan,nan,nan,nan
-nan(ind),-nan(ind),-nan(ind),-nan(ind),-nan(ind),-nan(ind),-nan(ind),-nan(ind),-nan(ind),-nan(ind),nan,nan,nan,nan,nan,nan
-nan(ind),-nan(ind),-nan(ind),-nan(ind),-nan(ind),-nan(ind),-nan(ind),-nan(ind),-nan(ind),-nan(ind),nan,nan,nan,nan,nan,nan
-nan(ind),-nan(ind),-nan(ind),-nan(ind),-nan(ind),-nan(ind),-nan(ind),-nan(ind),-nan(ind),-nan(ind),nan,nan,nan,nan,nan,nan
-nan(ind),-nan(ind),-nan(ind),-nan(ind),-nan(ind),-nan(ind),-nan(ind),-nan(ind),-nan(ind),-nan(ind),nan,nan,nan,nan,nan,nan
-nan(ind),-nan(ind),-nan(ind),-nan(ind),-nan(ind),-nan(ind),-nan(ind),-nan(ind),-nan(ind),-nan(ind),nan,nan,nan,nan,nan,nan
-nan(ind),-nan(ind),-nan(ind),-nan(ind),-nan(ind),-nan(ind),-nan(ind),-nan(ind),-nan(ind),-nan(ind),nan,nan,nan,nan,nan,nan
-nan(ind),-nan(ind),-nan(ind),-nan(ind),-nan(ind),-nan(ind),-nan(ind),-nan(ind),-nan(ind),-nan(ind),nan,nan,nan,nan,nan,nan
-nan(ind),-nan(ind),-nan(ind),-nan(ind),-nan(ind),-nan(ind),-nan(ind),-nan(ind),-nan(ind),-nan(ind),nan,nan,nan,nan,nan,nan
-nan(ind),-nan(ind),-nan(ind),-nan(ind),-nan(ind),-nan(ind),-nan(ind),-nan(ind),-nan(ind),-nan(ind),nan,nan,nan,nan,nan,nan
-nan(ind),-nan(ind),-nan(ind),-nan(ind),-nan(ind),-nan(ind),-nan(ind),-nan(ind),-nan(ind),-nan(ind),nan,nan,nan,nan,nan,nan
-nan(ind),-nan(ind),-nan(ind),-nan(ind),-nan(ind),-nan(ind),-nan(ind),-nan(ind),-nan(ind),-nan(ind),nan,nan,nan,nan,nan,nan
-nan(ind),-nan(ind),-nan(ind),-nan(ind),-nan(ind),-nan(ind),-nan(ind),-nan(ind),-nan(ind),-nan(ind),nan,nan,nan,nan,nan,nan
-nan(ind),-nan(ind),-nan(ind),-nan(ind),-nan(ind),-nan(ind),-nan(ind),-nan(ind),-nan(ind),-nan(ind),nan,nan,nan,nan,nan,nan
-nan(ind),-nan(ind),-nan(ind),-nan(ind),-nan(ind),-nan(ind),-nan(ind),-nan(ind),-nan(ind),-nan(ind),nan,nan,nan,nan,nan,nan
-nan(ind),-nan(ind),-nan(ind),-nan(ind),-nan(ind),-nan(ind),-nan(ind),-nan(ind),-nan(ind),-nan(ind),nan,nan,nan,nan,nan,nan
-nan(ind),-nan(ind),-nan(ind),-nan(ind),-nan(ind),-nan(ind),-nan(ind),-nan(ind),-nan(ind),-nan(ind),nan,nan,nan,nan,nan,nan
-nan(ind),-nan(ind),-nan(ind),-nan(ind),-nan(ind),-nan(ind),-nan(ind),-nan(ind),-nan(ind),-nan(ind),nan,nan,nan,nan,nan,nan
-nan(ind),-nan(ind),-nan(ind),-nan(ind),-nan(ind),-nan(ind),-nan(ind),-nan(ind),-nan(ind),-nan(ind),nan,nan,nan,nan,nan,nan
-nan(ind),-nan(ind),-nan(ind),-nan(ind),-nan(ind),-nan(ind),-nan(ind),-nan(ind),-nan(ind),-nan(ind),nan,nan,nan,nan,nan,nan
-nan(ind),-nan(ind),-nan(ind),-nan(ind),-nan(ind),-nan(ind),-nan(ind),-nan(ind),-nan(ind),-nan(ind),nan,nan,nan,nan,nan,nan
-nan(ind),-nan(ind),-nan(ind),-nan(ind),-nan(ind),-nan(ind),-nan(ind),-nan(ind),-nan(ind),-nan(ind),nan,nan,nan,nan,nan,nan
-nan(ind),-nan(ind),-nan(ind),-nan(ind),-nan(ind),-nan(ind),-nan(ind),-nan(ind),-nan(ind),-nan(ind),nan,nan,nan,nan,nan,nan
-nan(ind),-nan(ind),-nan(ind),-nan(ind),-nan(ind),-nan(ind),-nan(ind),-nan(ind),-nan(ind),-nan(ind),nan,nan,nan,nan,nan,nan
-nan(ind),-nan(ind),-nan(ind),-nan(ind),-nan(ind),-nan(ind),-nan(ind),-nan(ind),-nan(ind),-nan(ind),nan,nan,nan,nan,nan,nan
-nan(ind),-nan(ind),-nan(ind),-nan(ind),-nan(ind),-nan(ind),-nan(ind),-nan(ind),-nan(ind),-nan(ind),nan,nan,nan,nan,nan,nan
-nan(ind),-nan(ind),-nan(ind),-nan(ind),-nan(ind),-nan(ind),-nan(ind),-nan(ind),-nan(ind),-nan(ind),nan,nan,nan,nan,nan,nan
-nan(ind),-nan(ind),-nan(ind),-nan(ind),-nan(ind),-nan(ind),-nan(ind),-nan(ind),-nan(ind),-nan(ind),nan,nan,nan,nan,nan,nan
-nan(ind),-nan(ind),-nan(ind),-nan(ind),-nan(ind),-nan(ind),-nan(ind),-nan(ind),-nan(ind),-nan(ind),nan,nan,nan,nan,nan,nan
-nan(ind),-nan(ind),-nan(ind),-nan(ind),-nan(ind),-nan(ind),-nan(ind),-nan(ind),-nan(ind),-nan(ind),nan,nan,nan,nan,nan,nan
-nan(ind),-nan(ind),-nan(ind),-nan(ind),-nan(ind),-nan(ind),-nan(ind),-nan(ind),-nan(ind),-nan(ind),nan,nan,nan,nan,nan,nan
-nan(ind),-nan(ind),-nan(ind),-nan(ind),-nan(ind),-nan(ind),-nan(ind),-nan(ind),-nan(ind),-nan(ind),nan,nan,nan,nan,nan,nan
-nan(ind),-nan(ind),-nan(ind),-nan(ind),-nan(ind),-nan(ind),-nan(ind),-nan(ind),-nan(ind),-nan(ind),nan,nan,nan,nan,nan,nan
-nan(ind),-nan(ind),-nan(ind),-nan(ind),-nan(ind),-nan(ind),-nan(ind),-nan(ind),-nan(ind),-nan(ind),nan,nan,nan,nan,nan,nan
-nan(ind),-nan(ind),-nan(ind),-nan(ind),-nan(ind),-nan(ind),-nan(ind),-nan(ind),-nan(ind),-nan(ind),nan,nan,nan,nan,nan,nan
-nan(ind),-nan(ind),-nan(ind),-nan(ind),-nan(ind),-nan(ind),-nan(ind),-nan(ind),-nan(ind),-nan(ind),nan,nan,nan,nan,nan,nan
-nan(ind),-nan(ind),-nan(ind),-nan(ind),-nan(ind),-nan(ind),-nan(ind),-nan(ind),-nan(ind),-nan(ind),nan,nan,nan,nan,nan,nan
-nan(ind),-nan(ind),-nan(ind),-nan(ind),-nan(ind),-nan(ind),-nan(ind),-nan(ind),-nan(ind),-nan(ind),nan,nan,nan,nan,nan,nan
-nan(ind),-nan(ind),-nan(ind),-nan(ind),-nan(ind),-nan(ind),-nan(ind),-nan(ind),-nan(ind),-nan(ind),nan,nan,nan,nan,nan,nan
-nan(ind),-nan(ind),-nan(ind),-nan(ind),-nan(ind),-nan(ind),-nan(ind),-nan(ind),-nan(ind),-nan(ind),nan,nan,nan,nan,nan,nan
-nan(ind),-nan(ind),-nan(ind),-nan(ind),-nan(ind),-nan(ind),-nan(ind),-nan(ind),-nan(ind),-nan(ind),nan,nan,nan,nan,nan,nan
-nan(ind),-nan(ind),-nan(ind),-nan(ind),-nan(ind),-nan(ind),-nan(ind),-nan(ind),-nan(ind),-nan(ind),nan,nan,nan,nan,nan,nan
-nan(ind),-nan(ind),-nan(ind),-nan(ind),-nan(ind),-nan(ind),-nan(ind),-nan(ind),-nan(ind),-nan(ind),nan,nan,nan,nan,nan,nan
-nan(ind),-nan(ind),-nan(ind),-nan(ind),-nan(ind),-nan(ind),-nan(ind),-nan(ind),-nan(ind),-nan(ind),nan,nan,nan,nan,nan,nan
-nan(ind),-nan(ind),-nan(ind),-nan(ind),-nan(ind),-nan(ind),-nan(ind),-nan(ind),-nan(ind),-nan(ind),nan,nan,nan,nan,nan,nan
-nan(ind),-nan(ind),-nan(ind),-nan(ind),-nan(ind),-nan(ind),-nan(ind),-nan(ind),-nan(ind),-nan(ind),nan,nan,nan,nan,nan,nan
-nan(ind),-nan(ind),-nan(ind),-nan(ind),-nan(ind),-nan(ind),-nan(ind),-nan(ind),-nan(ind),-nan(ind),nan,nan,nan,nan,nan,nan
-nan(ind),-nan(ind),-nan(ind),-nan(ind),-nan(ind),-nan(ind),-nan(ind),-nan(ind),-nan(ind),-nan(ind),nan,nan,nan,nan,nan,nan
-nan(ind),-nan(ind),-nan(ind),-nan(ind),-nan(ind),-nan(ind),-nan(ind),-nan(ind),-nan(ind),-nan(ind),nan,nan,nan,nan,nan,nan
-nan(ind),-nan(ind),-nan(ind),-nan(ind),-nan(ind),-nan(ind),-nan(ind),-nan(ind),-nan(ind),-nan(ind),nan,nan,nan,nan,nan,nan
-nan(ind),-nan(ind),-nan(ind),-nan(ind),-nan(ind),-nan(ind),-nan(ind),-nan(ind),-nan(ind),-nan(ind),nan,nan,nan,nan,nan,nan
-nan(ind),-nan(ind),-nan(ind),-nan(ind),-nan(ind),-nan(ind),-nan(ind),-nan(ind),-nan(ind),-nan(ind),nan,nan,nan,nan,nan,nan
-nan(ind),-nan(ind),-nan(ind),-nan(ind),-nan(ind),-nan(ind),-nan(ind),-nan(ind),-nan(ind),-nan(ind),nan,nan,nan,nan,nan,nan
-nan(ind),-nan(ind),-nan(ind),-nan(ind),-nan(ind),-nan(ind),-nan(ind),-nan(ind),-nan(ind),-nan(ind),nan,nan,nan,nan,nan,nan
-nan(ind),-nan(ind),-nan(ind),-nan(ind),-nan(ind),-nan(ind),-nan(ind),-nan(ind),-nan(ind),-nan(ind),nan,nan,nan,nan,nan,nan
-nan(ind),-nan(ind),-nan(ind),-nan(ind),-nan(ind),-nan(ind),-nan(ind),-nan(ind),-nan(ind),-nan(ind),nan,nan,nan,nan,nan,nan
-nan(ind),-nan(ind),-nan(ind),-nan(ind),-nan(ind),-nan(ind),-nan(ind),-nan(ind),-nan(ind),-nan(ind),nan,nan,nan,nan,nan,nan
-nan(ind),-nan(ind),-nan(ind),-nan(ind),-nan(ind),-nan(ind),-nan(ind),-nan(ind),-nan(ind),-nan(ind),nan,nan,nan,nan,nan,nan
-nan(ind),-nan(ind),-nan(ind),-nan(ind),-nan(ind),-nan(ind),-nan(ind),-nan(ind),-nan(ind),-nan(ind),nan,nan,nan,nan,nan,nan
-nan(ind),-nan(ind),-nan(ind),-nan(ind),-nan(ind),-nan(ind),-nan(ind),-nan(ind),-nan(ind),-nan(ind),nan,nan,nan,nan,nan,nan
-nan(ind),-nan(ind),-nan(ind),-nan(ind),-nan(ind),-nan(ind),-nan(ind),-nan(ind),-nan(ind),-nan(ind),nan,nan,nan,nan,nan,nan
-nan(ind),-nan(ind),-nan(ind),-nan(ind),-nan(ind),-nan(ind),-nan(ind),-nan(ind),-nan(ind),-nan(ind),nan,nan,nan,nan,nan,nan
-nan(ind),-nan(ind),-nan(ind),-nan(ind),-nan(ind),-nan(ind),-nan(ind),-nan(ind),-nan(ind),-nan(ind),nan,nan,nan,nan,nan,nan
-nan(ind),-nan(ind),-nan(ind),-nan(ind),-nan(ind),-nan(ind),-nan(ind),-nan(ind),-nan(ind),-nan(ind),nan,nan,nan,nan,nan,nan
-nan(ind),-nan(ind),-nan(ind),-nan(ind),-nan(ind),-nan(ind),-nan(ind),-nan(ind),-nan(ind),-nan(ind),nan,nan,nan,nan,nan,nan
-nan(ind),-nan(ind),-nan(ind),-nan(ind),-nan(ind),-nan(ind),-nan(ind),-nan(ind),-nan(ind),-nan(ind),nan,nan,nan,nan,nan,nan
-nan(ind),-nan(ind),-nan(ind),-nan(ind),-nan(ind),-nan(ind),-nan(ind),-nan(ind),-nan(ind),-nan(ind),nan,nan,nan,nan,nan,nan
-nan(ind),-nan(ind),-nan(ind),-nan(ind),-nan(ind),-nan(ind),-nan(ind),-nan(ind),-nan(ind),-nan(ind),nan,nan,nan,nan,nan,nan
-nan(ind),-nan(ind),-nan(ind),-nan(ind),-nan(ind),-nan(ind),-nan(ind),-nan(ind),-nan(ind),-nan(ind),nan,nan,nan,nan,nan,nan
-nan(ind),-nan(ind),-nan(ind),-nan(ind),-nan(ind),-nan(ind),-nan(ind),-nan(ind),-nan(ind),-nan(ind),nan,nan,nan,nan,nan,nan
-nan(ind),-nan(ind),-nan(ind),-nan(ind),-nan(ind),-nan(ind),-nan(ind),-nan(ind),-nan(ind),-nan(ind),nan,nan,nan,nan,nan,nan
-nan(ind),-nan(ind),-nan(ind),-nan(ind),-nan(ind),-nan(ind),-nan(ind),-nan(ind),-nan(ind),-nan(ind),nan,nan,nan,nan,nan,nan
-nan(ind),-nan(ind),-nan(ind),-nan(ind),-nan(ind),-nan(ind),-nan(ind),-nan(ind),-nan(ind),-nan(ind),nan,nan,nan,nan,nan,nan
-nan(ind),-nan(ind),-nan(ind),-nan(ind),-nan(ind),-nan(ind),-nan(ind),-nan(ind),-nan(ind),-nan(ind),nan,nan,nan,nan,nan,nan
-nan(ind),-nan(ind),-nan(ind),-nan(ind),-nan(ind),-nan(ind),-nan(ind),-nan(ind),-nan(ind),-nan(ind),nan,nan,nan,nan,nan,nan
-nan(ind),-nan(ind),-nan(ind),-nan(ind),-nan(ind),-nan(ind),-nan(ind),-nan(ind),-nan(ind),-nan(ind),nan,nan,nan,nan,nan,nan
-nan(ind),-nan(ind),-nan(ind),-nan(ind),-nan(ind),-nan(ind),-nan(ind),-nan(ind),-nan(ind),-nan(ind),nan,nan,nan,nan,nan,nan
-nan(ind),-nan(ind),-nan(ind),-nan(ind),-nan(ind),-nan(ind),-nan(ind),-nan(ind),-nan(ind),-nan(ind),nan,nan,nan,nan,nan,nan
-nan(ind),-nan(ind),-nan(ind),-nan(ind),-nan(ind),-nan(ind),-nan(ind),-nan(ind),-nan(ind),-nan(ind),nan,nan,nan,nan,nan,nan
-nan(ind),-nan(ind),-nan(ind),-nan(ind),-nan(ind),-nan(ind),-nan(ind),-nan(ind),-nan(ind),-nan(ind),nan,nan,nan,nan,nan,nan
-nan(ind),-nan(ind),-nan(ind),-nan(ind),-nan(ind),-nan(ind),-nan(ind),-nan(ind),-nan(ind),-nan(ind),nan,nan,nan,nan,nan,nan
-nan(ind),-nan(ind),-nan(ind),-nan(ind),-nan(ind),-nan(ind),-nan(ind),-nan(ind),-nan(ind),-nan(ind),nan,nan,nan,nan,nan,nan
-nan(ind),-nan(ind),-nan(ind),-nan(ind),-nan(ind),-nan(ind),-nan(ind),-nan(ind),-nan(ind),-nan(ind),nan,nan,nan,nan,nan,nan
-nan(ind),-nan(ind),-nan(ind),-nan(ind),-nan(ind),-nan(ind),-nan(ind),-nan(ind),-nan(ind),-nan(ind),nan,nan,nan,nan,nan,nan
-nan(ind),-nan(ind),-nan(ind),-nan(ind),-nan(ind),-nan(ind),-nan(ind),-nan(ind),-nan(ind),-nan(ind),nan,nan,nan,nan,nan,nan
-nan(ind),-nan(ind),-nan(ind),-nan(ind),-nan(ind),-nan(ind),-nan(ind),-nan(ind),-nan(ind),-nan(ind),nan,nan,nan,nan,nan,nan
-nan(ind),-nan(ind),-nan(ind),-nan(ind),-nan(ind),-nan(ind),-nan(ind),-nan(ind),-nan(ind),-nan(ind),nan,nan,nan,nan,nan,nan
-nan(ind),-nan(ind),-nan(ind),-nan(ind),-nan(ind),-nan(ind),-nan(ind),-nan(ind),-nan(ind),-nan(ind),nan,nan,nan,nan,nan,nan
-nan(ind),-nan(ind),-nan(ind),-nan(ind),-nan(ind),-nan(ind),-nan(ind),-nan(ind),-nan(ind),-nan(ind),nan,nan,nan,nan,nan,nan
-nan(ind),-nan(ind),-nan(ind),-nan(ind),-nan(ind),-nan(ind),-nan(ind),-nan(ind),-nan(ind),-nan(ind),nan,nan,nan,nan,nan,nan
-nan(ind),-nan(ind),-nan(ind),-nan(ind),-nan(ind),-nan(ind),-nan(ind),-nan(ind),-nan(ind),-nan(ind),nan,nan,nan,nan,nan,nan
-nan(ind),-nan(ind),-nan(ind),-nan(ind),-nan(ind),-nan(ind),-nan(ind),-nan(ind),-nan(ind),-nan(ind),nan,nan,nan,nan,nan,nan
-nan(ind),-nan(ind),-nan(ind),-nan(ind),-nan(ind),-nan(ind),-nan(ind),-nan(ind),-nan(ind),-nan(ind),nan,nan,nan,nan,nan,nan
-nan(ind),-nan(ind),-nan(ind),-nan(ind),-nan(ind),-nan(ind),-nan(ind),-nan(ind),-nan(ind),-nan(ind),nan,nan,nan,nan,nan,nan
-nan(ind),-nan(ind),-nan(ind),-nan(ind),-nan(ind),-nan(ind),-nan(ind),-nan(ind),-nan(ind),-nan(ind),nan,nan,nan,nan,nan,nan
-nan(ind),-nan(ind),-nan(ind),-nan(ind),-nan(ind),-nan(ind),-nan(ind),-nan(ind),-nan(ind),-nan(ind),nan,nan,nan,nan,nan,nan
-nan(ind),-nan(ind),-nan(ind),-nan(ind),-nan(ind),-nan(ind),-nan(ind),-nan(ind),-nan(ind),-nan(ind),nan,nan,nan,nan,nan,nan
-nan(ind),-nan(ind),-nan(ind),-nan(ind),-nan(ind),-nan(ind),-nan(ind),-nan(ind),-nan(ind),-nan(ind),nan,nan,nan,nan,nan,nan
-nan(ind),-nan(ind),-nan(ind),-nan(ind),-nan(ind),-nan(ind),-nan(ind),-nan(ind),-nan(ind),-nan(ind),nan,nan,nan,nan,nan,nan
-nan(ind),-nan(ind),-nan(ind),-nan(ind),-nan(ind),-nan(ind),-nan(ind),-nan(ind),-nan(ind),-nan(ind),nan,nan,nan,nan,nan,nan
-nan(ind),-nan(ind),-nan(ind),-nan(ind),-nan(ind),-nan(ind),-nan(ind),-nan(ind),-nan(ind),-nan(ind),nan,nan,nan,nan,nan,nan
-nan(ind),-nan(ind),-nan(ind),-nan(ind),-nan(ind),-nan(ind),-nan(ind),-nan(ind),-nan(ind),-nan(ind),nan,nan,nan,nan,nan,nan
-nan(ind),-nan(ind),-nan(ind),-nan(ind),-nan(ind),-nan(ind),-nan(ind),-nan(ind),-nan(ind),-nan(ind),nan,nan,nan,nan,nan,nan
-nan(ind),-nan(ind),-nan(ind),-nan(ind),-nan(ind),-nan(ind),-nan(ind),-nan(ind),-nan(ind),-nan(ind),nan,nan,nan,nan,nan,nan
-nan(ind),-nan(ind),-nan(ind),-nan(ind),-nan(ind),-nan(ind),-nan(ind),-nan(ind),-nan(ind),-nan(ind),nan,nan,nan,nan,nan,nan
-nan(ind),-nan(ind),-nan(ind),-nan(ind),-nan(ind),-nan(ind),-nan(ind),-nan(ind),-nan(ind),-nan(ind),nan,nan,nan,nan,nan,nan
-nan(ind),-nan(ind),-nan(ind),-nan(ind),-nan(ind),-nan(ind),-nan(ind),-nan(ind),-nan(ind),-nan(ind),nan,nan,nan,nan,nan,nan
-nan(ind),-nan(ind),-nan(ind),-nan(ind),-nan(ind),-nan(ind),-nan(ind),-nan(ind),-nan(ind),-nan(ind),nan,nan,nan,nan,nan,nan
-nan(ind),-nan(ind),-nan(ind),-nan(ind),-nan(ind),-nan(ind),-nan(ind),-nan(ind),-nan(ind),-nan(ind),nan,nan,nan,nan,nan,nan
-nan(ind),-nan(ind),-nan(ind),-nan(ind),-nan(ind),-nan(ind),-nan(ind),-nan(ind),-nan(ind),-nan(ind),nan,nan,nan,nan,nan,nan
-nan(ind),-nan(ind),-nan(ind),-nan(ind),-nan(ind),-nan(ind),-nan(ind),-nan(ind),-nan(ind),-nan(ind),nan,nan,nan,nan,nan,nan
-nan(ind),-nan(ind),-nan(ind),-nan(ind),-nan(ind),-nan(ind),-nan(ind),-nan(ind),-nan(ind),-nan(ind),nan,nan,nan,nan,nan,nan
-nan(ind),-nan(ind),-nan(ind),-nan(ind),-nan(ind),-nan(ind),-nan(ind),-nan(ind),-nan(ind),-nan(ind),nan,nan,nan,nan,nan,nan
-nan(ind),-nan(ind),-nan(ind),-nan(ind),-nan(ind),-nan(ind),-nan(ind),-nan(ind),-nan(ind),-nan(ind),nan,nan,nan,nan,nan,nan
-nan(ind),-nan(ind),-nan(ind),-nan(ind),-nan(ind),-nan(ind),-nan(ind),-nan(ind),-nan(ind),-nan(ind),nan,nan,nan,nan,nan,nan
-nan(ind),-nan(ind),-nan(ind),-nan(ind),-nan(ind),-nan(ind),-nan(ind),-nan(ind),-nan(ind),-nan(ind),nan,nan,nan,nan,nan,nan
-nan(ind),-nan(ind),-nan(ind),-nan(ind),-nan(ind),-nan(ind),-nan(ind),-nan(ind),-nan(ind),-nan(ind),nan,nan,nan,nan,nan,nan
-nan(ind),-nan(ind),-nan(ind),-nan(ind),-nan(ind),-nan(ind),-nan(ind),-nan(ind),-nan(ind),-nan(ind),nan,nan,nan,nan,nan,nan
-nan(ind),-nan(ind),-nan(ind),-nan(ind),-nan(ind),-nan(ind),-nan(ind),-nan(ind),-nan(ind),-nan(ind),nan,nan,nan,nan,nan,nan
-nan(ind),-nan(ind),-nan(ind),-nan(ind),-nan(ind),-nan(ind),-nan(ind),-nan(ind),-nan(ind),-nan(ind),nan,nan,nan,nan,nan,nan
-nan(ind),-nan(ind),-nan(ind),-nan(ind),-nan(ind),-nan(ind),-nan(ind),-nan(ind),-nan(ind),-nan(ind),nan,nan,nan,nan,nan,nan
-nan(ind),-nan(ind),-nan(ind),-nan(ind),-nan(ind),-nan(ind),-nan(ind),-nan(ind),-nan(ind),-nan(ind),nan,nan,nan,nan,nan,nan
-nan(ind),-nan(ind),-nan(ind),-nan(ind),-nan(ind),-nan(ind),-nan(ind),-nan(ind),-nan(ind),-nan(ind),nan,nan,nan,nan,nan,nan
-nan(ind),-nan(ind),-nan(ind),-nan(ind),-nan(ind),-nan(ind),-nan(ind),-nan(ind),-nan(ind),-nan(ind),nan,nan,nan,nan,nan,nan
-nan(ind),-nan(ind),-nan(ind),-nan(ind),-nan(ind),-nan(ind),-nan(ind),-nan(ind),-nan(ind),-nan(ind),nan,nan,nan,nan,nan,nan
-nan(ind),-nan(ind),-nan(ind),-nan(ind),-nan(ind),-nan(ind),-nan(ind),-nan(ind),-nan(ind),-nan(ind),nan,nan,nan,nan,nan,nan
-nan(ind),-nan(ind),-nan(ind),-nan(ind),-nan(ind),-nan(ind),-nan(ind),-nan(ind),-nan(ind),-nan(ind),nan,nan,nan,nan,nan,nan
-nan(ind),-nan(ind),-nan(ind),-nan(ind),-nan(ind),-nan(ind),-nan(ind),-nan(ind),-nan(ind),-nan(ind),nan,nan,nan,nan,nan,nan
-nan(ind),-nan(ind),-nan(ind),-nan(ind),-nan(ind),-nan(ind),-nan(ind),-nan(ind),-nan(ind),-nan(ind),nan,nan,nan,nan,nan,nan
-nan(ind),-nan(ind),-nan(ind),-nan(ind),-nan(ind),-nan(ind),-nan(ind),-nan(ind),-nan(ind),-nan(ind),nan,nan,nan,nan,nan,nan
-nan(ind),-nan(ind),-nan(ind),-nan(ind),-nan(ind),-nan(ind),-nan(ind),-nan(ind),-nan(ind),-nan(ind),nan,nan,nan,nan,nan,nan
-nan(ind),-nan(ind),-nan(ind),-nan(ind),-nan(ind),-nan(ind),-nan(ind),-nan(ind),-nan(ind),-nan(ind),nan,nan,nan,nan,nan,nan
-nan(ind),-nan(ind),-nan(ind),-nan(ind),-nan(ind),-nan(ind),-nan(ind),-nan(ind),-nan(ind),-nan(ind),nan,nan,nan,nan,nan,nan
-nan(ind),-nan(ind),-nan(ind),-nan(ind),-nan(ind),-nan(ind),-nan(ind),-nan(ind),-nan(ind),-nan(ind),nan,nan,nan,nan,nan,nan
-nan(ind),-nan(ind),-nan(ind),-nan(ind),-nan(ind),-nan(ind),-nan(ind),-nan(ind),-nan(ind),-nan(ind),nan,nan,nan,nan,nan,nan
-nan(ind),-nan(ind),-nan(ind),-nan(ind),-nan(ind),-nan(ind),-nan(ind),-nan(ind),-nan(ind),-nan(ind),nan,nan,nan,nan,nan,nan
-nan(ind),-nan(ind),-nan(ind),-nan(ind),-nan(ind),-nan(ind),-nan(ind),-nan(ind),-nan(ind),-nan(ind),nan,nan,nan,nan,nan,nan
-nan(ind),-nan(ind),-nan(ind),-nan(ind),-nan(ind),-nan(ind),-nan(ind),-nan(ind),-nan(ind),-nan(ind),nan,nan,nan,nan,nan,nan
-nan(ind),-nan(ind),-nan(ind),-nan(ind),-nan(ind),-nan(ind),-nan(ind),-nan(ind),-nan(ind),-nan(ind),nan,nan,nan,nan,nan,nan
-nan(ind),-nan(ind),-nan(ind),-nan(ind),-nan(ind),-nan(ind),-nan(ind),-nan(ind),-nan(ind),-nan(ind),nan,nan,nan,nan,nan,nan
-nan(ind),-nan(ind),-nan(ind),-nan(ind),-nan(ind),-nan(ind),-nan(ind),-nan(ind),-nan(ind),-nan(ind),nan,nan,nan,nan,nan,nan
-nan(ind),-nan(ind),-nan(ind),-nan(ind),-nan(ind),-nan(ind),-nan(ind),-nan(ind),-nan(ind),-nan(ind),nan,nan,nan,nan,nan,nan
-nan(ind),-nan(ind),-nan(ind),-nan(ind),-nan(ind),-nan(ind),-nan(ind),-nan(ind),-nan(ind),-nan(ind),nan,nan,nan,nan,nan,nan
-nan(ind),-nan(ind),-nan(ind),-nan(ind),-nan(ind),-nan(ind),-nan(ind),-nan(ind),-nan(ind),-nan(ind),nan,nan,nan,nan,nan,nan
-nan(ind),-nan(ind),-nan(ind),-nan(ind),-nan(ind),-nan(ind),-nan(ind),-nan(ind),-nan(ind),-nan(ind),nan,nan,nan,nan,nan,nan
-nan(ind),-nan(ind),-nan(ind),-nan(ind),-nan(ind),-nan(ind),-nan(ind),-nan(ind),-nan(ind),-nan(ind),nan,nan,nan,nan,nan,nan
-nan(ind),-nan(ind),-nan(ind),-nan(ind),-nan(ind),-nan(ind),-nan(ind),-nan(ind),-nan(ind),-nan(ind),nan,nan,nan,nan,nan,nan
-nan(ind),-nan(ind),-nan(ind),-nan(ind),-nan(ind),-nan(ind),-nan(ind),-nan(ind),-nan(ind),-nan(ind),nan,nan,nan,nan,nan,nan
-nan(ind),-nan(ind),-nan(ind),-nan(ind),-nan(ind),-nan(ind),-nan(ind),-nan(ind),-nan(ind),-nan(ind),nan,nan,nan,nan,nan,nan
-nan(ind),-nan(ind),-nan(ind),-nan(ind),-nan(ind),-nan(ind),-nan(ind),-nan(ind),-nan(ind),-nan(ind),nan,nan,nan,nan,nan,nan
-nan(ind),-nan(ind),-nan(ind),-nan(ind),-nan(ind),-nan(ind),-nan(ind),-nan(ind),-nan(ind),-nan(ind),nan,nan,nan,nan,nan,nan
-nan(ind),-nan(ind),-nan(ind),-nan(ind),-nan(ind),-nan(ind),-nan(ind),-nan(ind),-nan(ind),-nan(ind),nan,nan,nan,nan,nan,nan
-nan(ind),-nan(ind),-nan(ind),-nan(ind),-nan(ind),-nan(ind),-nan(ind),-nan(ind),-nan(ind),-nan(ind),nan,nan,nan,nan,nan,nan
-nan(ind),-nan(ind),-nan(ind),-nan(ind),-nan(ind),-nan(ind),-nan(ind),-nan(ind),-nan(ind),-nan(ind),nan,nan,nan,nan,nan,nan
-nan(ind),-nan(ind),-nan(ind),-nan(ind),-nan(ind),-nan(ind),-nan(ind),-nan(ind),-nan(ind),-nan(ind),nan,nan,nan,nan,nan,nan
-nan(ind),-nan(ind),-nan(ind),-nan(ind),-nan(ind),-nan(ind),-nan(ind),-nan(ind),-nan(ind),-nan(ind),nan,nan,nan,nan,nan,nan
-nan(ind),-nan(ind),-nan(ind),-nan(ind),-nan(ind),-nan(ind),-nan(ind),-nan(ind),-nan(ind),-nan(ind),nan,nan,nan,nan,nan,nan
-nan(ind),-nan(ind),-nan(ind),-nan(ind),-nan(ind),-nan(ind),-nan(ind),-nan(ind),-nan(ind),-nan(ind),nan,nan,nan,nan,nan,nan
-nan(ind),-nan(ind),-nan(ind),-nan(ind),-nan(ind),-nan(ind),-nan(ind),-nan(ind),-nan(ind),-nan(ind),nan,nan,nan,nan,nan,nan
-nan(ind),-nan(ind),-nan(ind),-nan(ind),-nan(ind),-nan(ind),-nan(ind),-nan(ind),-nan(ind),-nan(ind),nan,nan,nan,nan,nan,nan
-nan(ind),-nan(ind),-nan(ind),-nan(ind),-nan(ind),-nan(ind),-nan(ind),-nan(ind),-nan(ind),-nan(ind),nan,nan,nan,nan,nan,nan
-nan(ind),-nan(ind),-nan(ind),-nan(ind),-nan(ind),-nan(ind),-nan(ind),-nan(ind),-nan(ind),-nan(ind),nan,nan,nan,nan,nan,nan
-nan(ind),-nan(ind),-nan(ind),-nan(ind),-nan(ind),-nan(ind),-nan(ind),-nan(ind),-nan(ind),-nan(ind),nan,nan,nan,nan,nan,nan
-nan(ind),-nan(ind),-nan(ind),-nan(ind),-nan(ind),-nan(ind),-nan(ind),-nan(ind),-nan(ind),-nan(ind),nan,nan,nan,nan,nan,nan
-nan(ind),-nan(ind),-nan(ind),-nan(ind),-nan(ind),-nan(ind),-nan(ind),-nan(ind),-nan(ind),-nan(ind),nan,nan,nan,nan,nan,nan
-nan(ind),-nan(ind),-nan(ind),-nan(ind),-nan(ind),-nan(ind),-nan(ind),-nan(ind),-nan(ind),-nan(ind),nan,nan,nan,nan,nan,nan
-nan(ind),-nan(ind),-nan(ind),-nan(ind),-nan(ind),-nan(ind),-nan(ind),-nan(ind),-nan(ind),-nan(ind),nan,nan,nan,nan,nan,nan
-nan(ind),-nan(ind),-nan(ind),-nan(ind),-nan(ind),-nan(ind),-nan(ind),-nan(ind),-nan(ind),-nan(ind),nan,nan,nan,nan,nan,nan
-nan(ind),-nan(ind),-nan(ind),-nan(ind),-nan(ind),-nan(ind),-nan(ind),-nan(ind),-nan(ind),-nan(ind),nan,nan,nan,nan,nan,nan
-nan(ind),-nan(ind),-nan(ind),-nan(ind),-nan(ind),-nan(ind),-nan(ind),-nan(ind),-nan(ind),-nan(ind),nan,nan,nan,nan,nan,nan
-nan(ind),-nan(ind),-nan(ind),-nan(ind),-nan(ind),-nan(ind),-nan(ind),-nan(ind),-nan(ind),-nan(ind),nan,nan,nan,nan,nan,nan
-nan(ind),-nan(ind),-nan(ind),-nan(ind),-nan(ind),-nan(ind),-nan(ind),-nan(ind),-nan(ind),-nan(ind),nan,nan,nan,nan,nan,nan
-nan(ind),-nan(ind),-nan(ind),-nan(ind),-nan(ind),-nan(ind),-nan(ind),-nan(ind),-nan(ind),-nan(ind),nan,nan,nan,nan,nan,nan
-nan(ind),-nan(ind),-nan(ind),-nan(ind),-nan(ind),-nan(ind),-nan(ind),-nan(ind),-nan(ind),-nan(ind),nan,nan,nan,nan,nan,nan
-nan(ind),-nan(ind),-nan(ind),-nan(ind),-nan(ind),-nan(ind),-nan(ind),-nan(ind),-nan(ind),-nan(ind),nan,nan,nan,nan,nan,nan
-nan(ind),-nan(ind),-nan(ind),-nan(ind),-nan(ind),-nan(ind),-nan(ind),-nan(ind),-nan(ind),-nan(ind),nan,nan,nan,nan,nan,nan
-nan(ind),-nan(ind),-nan(ind),-nan(ind),-nan(ind),-nan(ind),-nan(ind),-nan(ind),-nan(ind),-nan(ind),nan,nan,nan,nan,nan,nan
-nan(ind),-nan(ind),-nan(ind),-nan(ind),-nan(ind),-nan(ind),-nan(ind),-nan(ind),-nan(ind),-nan(ind),nan,nan,nan,nan,nan,nan
-nan(ind),-nan(ind),-nan(ind),-nan(ind),-nan(ind),-nan(ind),-nan(ind),-nan(ind),-nan(ind),-nan(ind),nan,nan,nan,nan,nan,nan
-nan(ind),-nan(ind),-nan(ind),-nan(ind),-nan(ind),-nan(ind),-nan(ind),-nan(ind),-nan(ind),-nan(ind),nan,nan,nan,nan,nan,nan
-nan(ind),-nan(ind),-nan(ind),-nan(ind),-nan(ind),-nan(ind),-nan(ind),-nan(ind),-nan(ind),-nan(ind),nan,nan,nan,nan,nan,nan
-nan(ind),-nan(ind),-nan(ind),-nan(ind),-nan(ind),-nan(ind),-nan(ind),-nan(ind),-nan(ind),-nan(ind),nan,nan,nan,nan,nan,nan
-nan(ind),-nan(ind),-nan(ind),-nan(ind),-nan(ind),-nan(ind),-nan(ind),-nan(ind),-nan(ind),-nan(ind),nan,nan,nan,nan,nan,nan
-nan(ind),-nan(ind),-nan(ind),-nan(ind),-nan(ind),-nan(ind),-nan(ind),-nan(ind),-nan(ind),-nan(ind),nan,nan,nan,nan,nan,nan
-nan(ind),-nan(ind),-nan(ind),-nan(ind),-nan(ind),-nan(ind),-nan(ind),-nan(ind),-nan(ind),-nan(ind),nan,nan,nan,nan,nan,nan
-nan(ind),-nan(ind),-nan(ind),-nan(ind),-nan(ind),-nan(ind),-nan(ind),-nan(ind),-nan(ind),-nan(ind),nan,nan,nan,nan,nan,nan
-nan(ind),-nan(ind),-nan(ind),-nan(ind),-nan(ind),-nan(ind),-nan(ind),-nan(ind),-nan(ind),-nan(ind),nan,nan,nan,nan,nan,nan
-nan(ind),-nan(ind),-nan(ind),-nan(ind),-nan(ind),-nan(ind),-nan(ind),-nan(ind),-nan(ind),-nan(ind),nan,nan,nan,nan,nan,nan
-nan(ind),-nan(ind),-nan(ind),-nan(ind),-nan(ind),-nan(ind),-nan(ind),-nan(ind),-nan(ind),-nan(ind),nan,nan,nan,nan,nan,nan
-nan(ind),-nan(ind),-nan(ind),-nan(ind),-nan(ind),-nan(ind),-nan(ind),-nan(ind),-nan(ind),-nan(ind),nan,nan,nan,nan,nan,nan
-nan(ind),-nan(ind),-nan(ind),-nan(ind),-nan(ind),-nan(ind),-nan(ind),-nan(ind),-nan(ind),-nan(ind),nan,nan,nan,nan,nan,nan
-nan(ind),-nan(ind),-nan(ind),-nan(ind),-nan(ind),-nan(ind),-nan(ind),-nan(ind),-nan(ind),-nan(ind),nan,nan,nan,nan,nan,nan
-nan(ind),-nan(ind),-nan(ind),-nan(ind),-nan(ind),-nan(ind),-nan(ind),-nan(ind),-nan(ind),-nan(ind),nan,nan,nan,nan,nan,nan
-nan(ind),-nan(ind),-nan(ind),-nan(ind),-nan(ind),-nan(ind),-nan(ind),-nan(ind),-nan(ind),-nan(ind),nan,nan,nan,nan,nan,nan
-nan(ind),-nan(ind),-nan(ind),-nan(ind),-nan(ind),-nan(ind),-nan(ind),-nan(ind),-nan(ind),-nan(ind),nan,nan,nan,nan,nan,nan
-nan(ind),-nan(ind),-nan(ind),-nan(ind),-nan(ind),-nan(ind),-nan(ind),-nan(ind),-nan(ind),-nan(ind),nan,nan,nan,nan,nan,nan
-nan(ind),-nan(ind),-nan(ind),-nan(ind),-nan(ind),-nan(ind),-nan(ind),-nan(ind),-nan(ind),-nan(ind),nan,nan,nan,nan,nan,nan
-nan(ind),-nan(ind),-nan(ind),-nan(ind),-nan(ind),-nan(ind),-nan(ind),-nan(ind),-nan(ind),-nan(ind),nan,nan,nan,nan,nan,nan
-nan(ind),-nan(ind),-nan(ind),-nan(ind),-nan(ind),-nan(ind),-nan(ind),-nan(ind),-nan(ind),-nan(ind),nan,nan,nan,nan,nan,nan
-nan(ind),-nan(ind),-nan(ind),-nan(ind),-nan(ind),-nan(ind),-nan(ind),-nan(ind),-nan(ind),-nan(ind),nan,nan,nan,nan,nan,nan
-nan(ind),-nan(ind),-nan(ind),-nan(ind),-nan(ind),-nan(ind),-nan(ind),-nan(ind),-nan(ind),-nan(ind),nan,nan,nan,nan,nan,nan
-nan(ind),-nan(ind),-nan(ind),-nan(ind),-nan(ind),-nan(ind),-nan(ind),-nan(ind),-nan(ind),-nan(ind),nan,nan,nan,nan,nan,nan
-nan(ind),-nan(ind),-nan(ind),-nan(ind),-nan(ind),-nan(ind),-nan(ind),-nan(ind),-nan(ind),-nan(ind),nan,nan,nan,nan,nan,nan
-nan(ind),-nan(ind),-nan(ind),-nan(ind),-nan(ind),-nan(ind),-nan(ind),-nan(ind),-nan(ind),-nan(ind),nan,nan,nan,nan,nan,nan
-nan(ind),-nan(ind),-nan(ind),-nan(ind),-nan(ind),-nan(ind),-nan(ind),-nan(ind),-nan(ind),-nan(ind),nan,nan,nan,nan,nan,nan
-nan(ind),-nan(ind),-nan(ind),-nan(ind),-nan(ind),-nan(ind),-nan(ind),-nan(ind),-nan(ind),-nan(ind),nan,nan,nan,nan,nan,nan
-nan(ind),-nan(ind),-nan(ind),-nan(ind),-nan(ind),-nan(ind),-nan(ind),-nan(ind),-nan(ind),-nan(ind),nan,nan,nan,nan,nan,nan
-nan(ind),-nan(ind),-nan(ind),-nan(ind),-nan(ind),-nan(ind),-nan(ind),-nan(ind),-nan(ind),-nan(ind),nan,nan,nan,nan,nan,nan
-nan(ind),-nan(ind),-nan(ind),-nan(ind),-nan(ind),-nan(ind),-nan(ind),-nan(ind),-nan(ind),-nan(ind),nan,nan,nan,nan,nan,nan
-nan(ind),-nan(ind),-nan(ind),-nan(ind),-nan(ind),-nan(ind),-nan(ind),-nan(ind),-nan(ind),-nan(ind),nan,nan,nan,nan,nan,nan
-nan(ind),-nan(ind),-nan(ind),-nan(ind),-nan(ind),-nan(ind),-nan(ind),-nan(ind),-nan(ind),-nan(ind),nan,nan,nan,nan,nan,nan
-nan(ind),-nan(ind),-nan(ind),-nan(ind),-nan(ind),-nan(ind),-nan(ind),-nan(ind),-nan(ind),-nan(ind),nan,nan,nan,nan,nan,nan
-nan(ind),-nan(ind),-nan(ind),-nan(ind),-nan(ind),-nan(ind),-nan(ind),-nan(ind),-nan(ind),-nan(ind),nan,nan,nan,nan,nan,nan
-nan(ind),-nan(ind),-nan(ind),-nan(ind),-nan(ind),-nan(ind),-nan(ind),-nan(ind),-nan(ind),-nan(ind),nan,nan,nan,nan,nan,nan
-nan(ind),-nan(ind),-nan(ind),-nan(ind),-nan(ind),-nan(ind),-nan(ind),-nan(ind),-nan(ind),-nan(ind),nan,nan,nan,nan,nan,nan
-nan(ind),-nan(ind),-nan(ind),-nan(ind),-nan(ind),-nan(ind),-nan(ind),-nan(ind),-nan(ind),-nan(ind),nan,nan,nan,nan,nan,nan
-nan(ind),-nan(ind),-nan(ind),-nan(ind),-nan(ind),-nan(ind),-nan(ind),-nan(ind),-nan(ind),-nan(ind),nan,nan,nan,nan,nan,nan
-nan(ind),-nan(ind),-nan(ind),-nan(ind),-nan(ind),-nan(ind),-nan(ind),-nan(ind),-nan(ind),-nan(ind),nan,nan,nan,nan,nan,nan
-nan(ind),-nan(ind),-nan(ind),-nan(ind),-nan(ind),-nan(ind),-nan(ind),-nan(ind),-nan(ind),-nan(ind),nan,nan,nan,nan,nan,nan
-nan(ind),-nan(ind),-nan(ind),-nan(ind),-nan(ind),-nan(ind),-nan(ind),-nan(ind),-nan(ind),-nan(ind),nan,nan,nan,nan,nan,nan
-nan(ind),-nan(ind),-nan(ind),-nan(ind),-nan(ind),-nan(ind),-nan(ind),-nan(ind),-nan(ind),-nan(ind),nan,nan,nan,nan,nan,nan
-nan(ind),-nan(ind),-nan(ind),-nan(ind),-nan(ind),-nan(ind),-nan(ind),-nan(ind),-nan(ind),-nan(ind),nan,nan,nan,nan,nan,nan
-nan(ind),-nan(ind),-nan(ind),-nan(ind),-nan(ind),-nan(ind),-nan(ind),-nan(ind),-nan(ind),-nan(ind),nan,nan,nan,nan,nan,nan
-nan(ind),-nan(ind),-nan(ind),-nan(ind),-nan(ind),-nan(ind),-nan(ind),-nan(ind),-nan(ind),-nan(ind),nan,nan,nan,nan,nan,nan
-nan(ind),-nan(ind),-nan(ind),-nan(ind),-nan(ind),-nan(ind),-nan(ind),-nan(ind),-nan(ind),-nan(ind),nan,nan,nan,nan,nan,nan
-nan(ind),-nan(ind),-nan(ind),-nan(ind),-nan(ind),-nan(ind),-nan(ind),-nan(ind),-nan(ind),-nan(ind),nan,nan,nan,nan,nan,nan
-nan(ind),-nan(ind),-nan(ind),-nan(ind),-nan(ind),-nan(ind),-nan(ind),-nan(ind),-nan(ind),-nan(ind),nan,nan,nan,nan,nan,nan
-nan(ind),-nan(ind),-nan(ind),-nan(ind),-nan(ind),-nan(ind),-nan(ind),-nan(ind),-nan(ind),-nan(ind),nan,nan,nan,nan,nan,nan
-nan(ind),-nan(ind),-nan(ind),-nan(ind),-nan(ind),-nan(ind),-nan(ind),-nan(ind),-nan(ind),-nan(ind),nan,nan,nan,nan,nan,nan
-nan(ind),-nan(ind),-nan(ind),-nan(ind),-nan(ind),-nan(ind),-nan(ind),-nan(ind),-nan(ind),-nan(ind),nan,nan,nan,nan,nan,nan
-nan(ind),-nan(ind),-nan(ind),-nan(ind),-nan(ind),-nan(ind),-nan(ind),-nan(ind),-nan(ind),-nan(ind),nan,nan,nan,nan,nan,nan
-nan(ind),-nan(ind),-nan(ind),-nan(ind),-nan(ind),-nan(ind),-nan(ind),-nan(ind),-nan(ind),-nan(ind),nan,nan,nan,nan,nan,nan
-nan(ind),-nan(ind),-nan(ind),-nan(ind),-nan(ind),-nan(ind),-nan(ind),-nan(ind),-nan(ind),-nan(ind),nan,nan,nan,nan,nan,nan
-nan(ind),-nan(ind),-nan(ind),-nan(ind),-nan(ind),-nan(ind),-nan(ind),-nan(ind),-nan(ind),-nan(ind),nan,nan,nan,nan,nan,nan
-nan(ind),-nan(ind),-nan(ind),-nan(ind),-nan(ind),-nan(ind),-nan(ind),-nan(ind),-nan(ind),-nan(ind),nan,nan,nan,nan,nan,nan
-nan(ind),-nan(ind),-nan(ind),-nan(ind),-nan(ind),-nan(ind),-nan(ind),-nan(ind),-nan(ind),-nan(ind),nan,nan,nan,nan,nan,nan
-nan(ind),-nan(ind),-nan(ind),-nan(ind),-nan(ind),-nan(ind),-nan(ind),-nan(ind),-nan(ind),-nan(ind),nan,nan,nan,nan,nan,nan
-nan(ind),-nan(ind),-nan(ind),-nan(ind),-nan(ind),-nan(ind),-nan(ind),-nan(ind),-nan(ind),-nan(ind),nan,nan,nan,nan,nan,nan
-nan(ind),-nan(ind),-nan(ind),-nan(ind),-nan(ind),-nan(ind),-nan(ind),-nan(ind),-nan(ind),-nan(ind),nan,nan,nan,nan,nan,nan
-nan(ind),-nan(ind),-nan(ind),-nan(ind),-nan(ind),-nan(ind),-nan(ind),-nan(ind),-nan(ind),-nan(ind),nan,nan,nan,nan,nan,nan
-nan(ind),-nan(ind),-nan(ind),-nan(ind),-nan(ind),-nan(ind),-nan(ind),-nan(ind),-nan(ind),-nan(ind),nan,nan,nan,nan,nan,nan
-nan(ind),-nan(ind),-nan(ind),-nan(ind),-nan(ind),-nan(ind),-nan(ind),-nan(ind),-nan(ind),-nan(ind),nan,nan,nan,nan,nan,nan
-nan(ind),-nan(ind),-nan(ind),-nan(ind),-nan(ind),-nan(ind),-nan(ind),-nan(ind),-nan(ind),-nan(ind),nan,nan,nan,nan,nan,nan
-nan(ind),-nan(ind),-nan(ind),-nan(ind),-nan(ind),-nan(ind),-nan(ind),-nan(ind),-nan(ind),-nan(ind),nan,nan,nan,nan,nan,nan
-nan(ind),-nan(ind),-nan(ind),-nan(ind),-nan(ind),-nan(ind),-nan(ind),-nan(ind),-nan(ind),-nan(ind),nan,nan,nan,nan,nan,nan
-nan(ind),-nan(ind),-nan(ind),-nan(ind),-nan(ind),-nan(ind),-nan(ind),-nan(ind),-nan(ind),-nan(ind),nan,nan,nan,nan,nan,nan
-nan(ind),-nan(ind),-nan(ind),-nan(ind),-nan(ind),-nan(ind),-nan(ind),-nan(ind),-nan(ind),-nan(ind),nan,nan,nan,nan,nan,nan
-nan(ind),-nan(ind),-nan(ind),-nan(ind),-nan(ind),-nan(ind),-nan(ind),-nan(ind),-nan(ind),-nan(ind),nan,nan,nan,nan,nan,nan
-nan(ind),-nan(ind),-nan(ind),-nan(ind),-nan(ind),-nan(ind),-nan(ind),-nan(ind),-nan(ind),-nan(ind),nan,nan,nan,nan,nan,nan
-nan(ind),-nan(ind),-nan(ind),-nan(ind),-nan(ind),-nan(ind),-nan(ind),-nan(ind),-nan(ind),-nan(ind),nan,nan,nan,nan,nan,nan
-nan(ind),-nan(ind),-nan(ind),-nan(ind),-nan(ind),-nan(ind),-nan(ind),-nan(ind),-nan(ind),-nan(ind),nan,nan,nan,nan,nan,nan
-nan(ind),-nan(ind),-nan(ind),-nan(ind),-nan(ind),-nan(ind),-nan(ind),-nan(ind),-nan(ind),-nan(ind),nan,nan,nan,nan,nan,nan
-nan(ind),-nan(ind),-nan(ind),-nan(ind),-nan(ind),-nan(ind),-nan(ind),-nan(ind),-nan(ind),-nan(ind),nan,nan,nan,nan,nan,nan
-nan(ind),-nan(ind),-nan(ind),-nan(ind),-nan(ind),-nan(ind),-nan(ind),-nan(ind),-nan(ind),-nan(ind),nan,nan,nan,nan,nan,nan
-nan(ind),-nan(ind),-nan(ind),-nan(ind),-nan(ind),-nan(ind),-nan(ind),-nan(ind),-nan(ind),-nan(ind),nan,nan,nan,nan,nan,nan
-nan(ind),-nan(ind),-nan(ind),-nan(ind),-nan(ind),-nan(ind),-nan(ind),-nan(ind),-nan(ind),-nan(ind),nan,nan,nan,nan,nan,nan
-nan(ind),-nan(ind),-nan(ind),-nan(ind),-nan(ind),-nan(ind),-nan(ind),-nan(ind),-nan(ind),-nan(ind),nan,nan,nan,nan,nan,nan
-nan(ind),-nan(ind),-nan(ind),-nan(ind),-nan(ind),-nan(ind),-nan(ind),-nan(ind),-nan(ind),-nan(ind),nan,nan,nan,nan,nan,nan
-nan(ind),-nan(ind),-nan(ind),-nan(ind),-nan(ind),-nan(ind),-nan(ind),-nan(ind),-nan(ind),-nan(ind),nan,nan,nan,nan,nan,nan
-nan(ind),-nan(ind),-nan(ind),-nan(ind),-nan(ind),-nan(ind),-nan(ind),-nan(ind),-nan(ind),-nan(ind),nan,nan,nan,nan,nan,nan
-nan(ind),-nan(ind),-nan(ind),-nan(ind),-nan(ind),-nan(ind),-nan(ind),-nan(ind),-nan(ind),-nan(ind),nan,nan,nan,nan,nan,nan
-nan(ind),-nan(ind),-nan(ind),-nan(ind),-nan(ind),-nan(ind),-nan(ind),-nan(ind),-nan(ind),-nan(ind),nan,nan,nan,nan,nan,nan
-nan(ind),-nan(ind),-nan(ind),-nan(ind),-nan(ind),-nan(ind),-nan(ind),-nan(ind),-nan(ind),-nan(ind),nan,nan,nan,nan,nan,nan
-nan(ind),-nan(ind),-nan(ind),-nan(ind),-nan(ind),-nan(ind),-nan(ind),-nan(ind),-nan(ind),-nan(ind),nan,nan,nan,nan,nan,nan
-nan(ind),-nan(ind),-nan(ind),-nan(ind),-nan(ind),-nan(ind),-nan(ind),-nan(ind),-nan(ind),-nan(ind),nan,nan,nan,nan,nan,nan
-nan(ind),-nan(ind),-nan(ind),-nan(ind),-nan(ind),-nan(ind),-nan(ind),-nan(ind),-nan(ind),-nan(ind),nan,nan,nan,nan,nan,nan
-nan(ind),-nan(ind),-nan(ind),-nan(ind),-nan(ind),-nan(ind),-nan(ind),-nan(ind),-nan(ind),-nan(ind),nan,nan,nan,nan,nan,nan
-nan(ind),-nan(ind),-nan(ind),-nan(ind),-nan(ind),-nan(ind),-nan(ind),-nan(ind),-nan(ind),-nan(ind),nan,nan,nan,nan,nan,nan
-nan(ind),-nan(ind),-nan(ind),-nan(ind),-nan(ind),-nan(ind),-nan(ind),-nan(ind),-nan(ind),-nan(ind),nan,nan,nan,nan,nan,nan
-nan(ind),-nan(ind),-nan(ind),-nan(ind),-nan(ind),-nan(ind),-nan(ind),-nan(ind),-nan(ind),-nan(ind),nan,nan,nan,nan,nan,nan
-nan(ind),-nan(ind),-nan(ind),-nan(ind),-nan(ind),-nan(ind),-nan(ind),-nan(ind),-nan(ind),-nan(ind),nan,nan,nan,nan,nan,nan
-nan(ind),-nan(ind),-nan(ind),-nan(ind),-nan(ind),-nan(ind),-nan(ind),-nan(ind),-nan(ind),-nan(ind),nan,nan,nan,nan,nan,nan
-nan(ind),-nan(ind),-nan(ind),-nan(ind),-nan(ind),-nan(ind),-nan(ind),-nan(ind),-nan(ind),-nan(ind),nan,nan,nan,nan,nan,nan
-nan(ind),-nan(ind),-nan(ind),-nan(ind),-nan(ind),-nan(ind),-nan(ind),-nan(ind),-nan(ind),-nan(ind),nan,nan,nan,nan,nan,nan
-nan(ind),-nan(ind),-nan(ind),-nan(ind),-nan(ind),-nan(ind),-nan(ind),-nan(ind),-nan(ind),-nan(ind),nan,nan,nan,nan,nan,nan
-nan(ind),-nan(ind),-nan(ind),-nan(ind),-nan(ind),-nan(ind),-nan(ind),-nan(ind),-nan(ind),-nan(ind),nan,nan,nan,nan,nan,nan
-nan(ind),-nan(ind),-nan(ind),-nan(ind),-nan(ind),-nan(ind),-nan(ind),-nan(ind),-nan(ind),-nan(ind),nan,nan,nan,nan,nan,nan
-nan(ind),-nan(ind),-nan(ind),-nan(ind),-nan(ind),-nan(ind),-nan(ind),-nan(ind),-nan(ind),-nan(ind),nan,nan,nan,nan,nan,nan
-nan(ind),-nan(ind),-nan(ind),-nan(ind),-nan(ind),-nan(ind),-nan(ind),-nan(ind),-nan(ind),-nan(ind),nan,nan,nan,nan,nan,nan
-nan(ind),-nan(ind),-nan(ind),-nan(ind),-nan(ind),-nan(ind),-nan(ind),-nan(ind),-nan(ind),-nan(ind),nan,nan,nan,nan,nan,nan
-nan(ind),-nan(ind),-nan(ind),-nan(ind),-nan(ind),-nan(ind),-nan(ind),-nan(ind),-nan(ind),-nan(ind),nan,nan,nan,nan,nan,nan
-nan(ind),-nan(ind),-nan(ind),-nan(ind),-nan(ind),-nan(ind),-nan(ind),-nan(ind),-nan(ind),-nan(ind),nan,nan,nan,nan,nan,nan
-nan(ind),-nan(ind),-nan(ind),-nan(ind),-nan(ind),-nan(ind),-nan(ind),-nan(ind),-nan(ind),-nan(ind),nan,nan,nan,nan,nan,nan
-nan(ind),-nan(ind),-nan(ind),-nan(ind),-nan(ind),-nan(ind),-nan(ind),-nan(ind),-nan(ind),-nan(ind),nan,nan,nan,nan,nan,nan
-nan(ind),-nan(ind),-nan(ind),-nan(ind),-nan(ind),-nan(ind),-nan(ind),-nan(ind),-nan(ind),-nan(ind),nan,nan,nan,nan,nan,nan
-nan(ind),-nan(ind),-nan(ind),-nan(ind),-nan(ind),-nan(ind),-nan(ind),-nan(ind),-nan(ind),-nan(ind),nan,nan,nan,nan,nan,nan
-nan(ind),-nan(ind),-nan(ind),-nan(ind),-nan(ind),-nan(ind),-nan(ind),-nan(ind),-nan(ind),-nan(ind),nan,nan,nan,nan,nan,nan
-nan(ind),-nan(ind),-nan(ind),-nan(ind),-nan(ind),-nan(ind),-nan(ind),-nan(ind),-nan(ind),-nan(ind),nan,nan,nan,nan,nan,nan
-nan(ind),-nan(ind),-nan(ind),-nan(ind),-nan(ind),-nan(ind),-nan(ind),-nan(ind),-nan(ind),-nan(ind),nan,nan,nan,nan,nan,nan
-nan(ind),-nan(ind),-nan(ind),-nan(ind),-nan(ind),-nan(ind),-nan(ind),-nan(ind),-nan(ind),-nan(ind),nan,nan,nan,nan,nan,nan
-nan(ind),-nan(ind),-nan(ind),-nan(ind),-nan(ind),-nan(ind),-nan(ind),-nan(ind),-nan(ind),-nan(ind),nan,nan,nan,nan,nan,nan
-nan(ind),-nan(ind),-nan(ind),-nan(ind),-nan(ind),-nan(ind),-nan(ind),-nan(ind),-nan(ind),-nan(ind),nan,nan,nan,nan,nan,nan
-nan(ind),-nan(ind),-nan(ind),-nan(ind),-nan(ind),-nan(ind),-nan(ind),-nan(ind),-nan(ind),-nan(ind),nan,nan,nan,nan,nan,nan
-nan(ind),-nan(ind),-nan(ind),-nan(ind),-nan(ind),-nan(ind),-nan(ind),-nan(ind),-nan(ind),-nan(ind),nan,nan,nan,nan,nan,nan
-nan(ind),-nan(ind),-nan(ind),-nan(ind),-nan(ind),-nan(ind),-nan(ind),-nan(ind),-nan(ind),-nan(ind),nan,nan,nan,nan,nan,nan
-nan(ind),-nan(ind),-nan(ind),-nan(ind),-nan(ind),-nan(ind),-nan(ind),-nan(ind),-nan(ind),-nan(ind),nan,nan,nan,nan,nan,nan
-nan(ind),-nan(ind),-nan(ind),-nan(ind),-nan(ind),-nan(ind),-nan(ind),-nan(ind),-nan(ind),-nan(ind),nan,nan,nan,nan,nan,nan
-nan(ind),-nan(ind),-nan(ind),-nan(ind),-nan(ind),-nan(ind),-nan(ind),-nan(ind),-nan(ind),-nan(ind),nan,nan,nan,nan,nan,nan
-nan(ind),-nan(ind),-nan(ind),-nan(ind),-nan(ind),-nan(ind),-nan(ind),-nan(ind),-nan(ind),-nan(ind),nan,nan,nan,nan,nan,nan
-nan(ind),-nan(ind),-nan(ind),-nan(ind),-nan(ind),-nan(ind),-nan(ind),-nan(ind),-nan(ind),-nan(ind),nan,nan,nan,nan,nan,nan
-nan(ind),-nan(ind),-nan(ind),-nan(ind),-nan(ind),-nan(ind),-nan(ind),-nan(ind),-nan(ind),-nan(ind),nan,nan,nan,nan,nan,nan
-nan(ind),-nan(ind),-nan(ind),-nan(ind),-nan(ind),-nan(ind),-nan(ind),-nan(ind),-nan(ind),-nan(ind),nan,nan,nan,nan,nan,nan
-nan(ind),-nan(ind),-nan(ind),-nan(ind),-nan(ind),-nan(ind),-nan(ind),-nan(ind),-nan(ind),-nan(ind),nan,nan,nan,nan,nan,nan
-nan(ind),-nan(ind),-nan(ind),-nan(ind),-nan(ind),-nan(ind),-nan(ind),-nan(ind),-nan(ind),-nan(ind),nan,nan,nan,nan,nan,nan
-nan(ind),-nan(ind),-nan(ind),-nan(ind),-nan(ind),-nan(ind),-nan(ind),-nan(ind),-nan(ind),-nan(ind),nan,nan,nan,nan,nan,nan
-nan(ind),-nan(ind),-nan(ind),-nan(ind),-nan(ind),-nan(ind),-nan(ind),-nan(ind),-nan(ind),-nan(ind),nan,nan,nan,nan,nan,nan
-nan(ind),-nan(ind),-nan(ind),-nan(ind),-nan(ind),-nan(ind),-nan(ind),-nan(ind),-nan(ind),-nan(ind),nan,nan,nan,nan,nan,nan
-nan(ind),-nan(ind),-nan(ind),-nan(ind),-nan(ind),-nan(ind),-nan(ind),-nan(ind),-nan(ind),-nan(ind),nan,nan,nan,nan,nan,nan
-nan(ind),-nan(ind),-nan(ind),-nan(ind),-nan(ind),-nan(ind),-nan(ind),-nan(ind),-nan(ind),-nan(ind),nan,nan,nan,nan,nan,nan
-nan(ind),-nan(ind),-nan(ind),-nan(ind),-nan(ind),-nan(ind),-nan(ind),-nan(ind),-nan(ind),-nan(ind),nan,nan,nan,nan,nan,nan
-nan(ind),-nan(ind),-nan(ind),-nan(ind),-nan(ind),-nan(ind),-nan(ind),-nan(ind),-nan(ind),-nan(ind),nan,nan,nan,nan,nan,nan
-nan(ind),-nan(ind),-nan(ind),-nan(ind),-nan(ind),-nan(ind),-nan(ind),-nan(ind),-nan(ind),-nan(ind),nan,nan,nan,nan,nan,nan
-nan(ind),-nan(ind),-nan(ind),-nan(ind),-nan(ind),-nan(ind),-nan(ind),-nan(ind),-nan(ind),-nan(ind),nan,nan,nan,nan,nan,nan
-nan(ind),-nan(ind),-nan(ind),-nan(ind),-nan(ind),-nan(ind),-nan(ind),-nan(ind),-nan(ind),-nan(ind),nan,nan,nan,nan,nan,nan
-nan(ind),-nan(ind),-nan(ind),-nan(ind),-nan(ind),-nan(ind),-nan(ind),-nan(ind),-nan(ind),-nan(ind),nan,nan,nan,nan,nan,nan
-nan(ind),-nan(ind),-nan(ind),-nan(ind),-nan(ind),-nan(ind),-nan(ind),-nan(ind),-nan(ind),-nan(ind),nan,nan,nan,nan,nan,nan
-nan(ind),-nan(ind),-nan(ind),-nan(ind),-nan(ind),-nan(ind),-nan(ind),-nan(ind),-nan(ind),-nan(ind),nan,nan,nan,nan,nan,nan
-nan(ind),-nan(ind),-nan(ind),-nan(ind),-nan(ind),-nan(ind),-nan(ind),-nan(ind),-nan(ind),-nan(ind),nan,nan,nan,nan,nan,nan
-nan(ind),-nan(ind),-nan(ind),-nan(ind),-nan(ind),-nan(ind),-nan(ind),-nan(ind),-nan(ind),-nan(ind),nan,nan,nan,nan,nan,nan
-nan(ind),-nan(ind),-nan(ind),-nan(ind),-nan(ind),-nan(ind),-nan(ind),-nan(ind),-nan(ind),-nan(ind),nan,nan,nan,nan,nan,nan
-nan(ind),-nan(ind),-nan(ind),-nan(ind),-nan(ind),-nan(ind),-nan(ind),-nan(ind),-nan(ind),-nan(ind),nan,nan,nan,nan,nan,nan
-nan(ind),-nan(ind),-nan(ind),-nan(ind),-nan(ind),-nan(ind),-nan(ind),-nan(ind),-nan(ind),-nan(ind),nan,nan,nan,nan,nan,nan
-nan(ind),-nan(ind),-nan(ind),-nan(ind),-nan(ind),-nan(ind),-nan(ind),-nan(ind),-nan(ind),-nan(ind),nan,nan,nan,nan,nan,nan
-nan(ind),-nan(ind),-nan(ind),-nan(ind),-nan(ind),-nan(ind),-nan(ind),-nan(ind),-nan(ind),-nan(ind),nan,nan,nan,nan,nan,nan
-nan(ind),-nan(ind),-nan(ind),-nan(ind),-nan(ind),-nan(ind),-nan(ind),-nan(ind),-nan(ind),-nan(ind),nan,nan,nan,nan,nan,nan
-nan(ind),-nan(ind),-nan(ind),-nan(ind),-nan(ind),-nan(ind),-nan(ind),-nan(ind),-nan(ind),-nan(ind),nan,nan,nan,nan,nan,nan
-nan(ind),-nan(ind),-nan(ind),-nan(ind),-nan(ind),-nan(ind),-nan(ind),-nan(ind),-nan(ind),-nan(ind),nan,nan,nan,nan,nan,nan
-nan(ind),-nan(ind),-nan(ind),-nan(ind),-nan(ind),-nan(ind),-nan(ind),-nan(ind),-nan(ind),-nan(ind),nan,nan,nan,nan,nan,nan
-nan(ind),-nan(ind),-nan(ind),-nan(ind),-nan(ind),-nan(ind),-nan(ind),-nan(ind),-nan(ind),-nan(ind),nan,nan,nan,nan,nan,nan
-nan(ind),-nan(ind),-nan(ind),-nan(ind),-nan(ind),-nan(ind),-nan(ind),-nan(ind),-nan(ind),-nan(ind),nan,nan,nan,nan,nan,nan
-nan(ind),-nan(ind),-nan(ind),-nan(ind),-nan(ind),-nan(ind),-nan(ind),-nan(ind),-nan(ind),-nan(ind),nan,nan,nan,nan,nan,nan
-nan(ind),-nan(ind),-nan(ind),-nan(ind),-nan(ind),-nan(ind),-nan(ind),-nan(ind),-nan(ind),-nan(ind),nan,nan,nan,nan,nan,nan
-nan(ind),-nan(ind),-nan(ind),-nan(ind),-nan(ind),-nan(ind),-nan(ind),-nan(ind),-nan(ind),-nan(ind),nan,nan,nan,nan,nan,nan
-nan(ind),-nan(ind),-nan(ind),-nan(ind),-nan(ind),-nan(ind),-nan(ind),-nan(ind),-nan(ind),-nan(ind),nan,nan,nan,nan,nan,nan
-nan(ind),-nan(ind),-nan(ind),-nan(ind),-nan(ind),-nan(ind),-nan(ind),-nan(ind),-nan(ind),-nan(ind),nan,nan,nan,nan,nan,nan
-nan(ind),-nan(ind),-nan(ind),-nan(ind),-nan(ind),-nan(ind),-nan(ind),-nan(ind),-nan(ind),-nan(ind),nan,nan,nan,nan,nan,nan
-nan(ind),-nan(ind),-nan(ind),-nan(ind),-nan(ind),-nan(ind),-nan(ind),-nan(ind),-nan(ind),-nan(ind),nan,nan,nan,nan,nan,nan
-nan(ind),-nan(ind),-nan(ind),-nan(ind),-nan(ind),-nan(ind),-nan(ind),-nan(ind),-nan(ind),-nan(ind),nan,nan,nan,nan,nan,nan
-nan(ind),-nan(ind),-nan(ind),-nan(ind),-nan(ind),-nan(ind),-nan(ind),-nan(ind),-nan(ind),-nan(ind),nan,nan,nan,nan,nan,nan
-nan(ind),-nan(ind),-nan(ind),-nan(ind),-nan(ind),-nan(ind),-nan(ind),-nan(ind),-nan(ind),-nan(ind),nan,nan,nan,nan,nan,nan
-nan(ind),-nan(ind),-nan(ind),-nan(ind),-nan(ind),-nan(ind),-nan(ind),-nan(ind),-nan(ind),-nan(ind),nan,nan,nan,nan,nan,nan
-nan(ind),-nan(ind),-nan(ind),-nan(ind),-nan(ind),-nan(ind),-nan(ind),-nan(ind),-nan(ind),-nan(ind),nan,nan,nan,nan,nan,nan
-nan(ind),-nan(ind),-nan(ind),-nan(ind),-nan(ind),-nan(ind),-nan(ind),-nan(ind),-nan(ind),-nan(ind),nan,nan,nan,nan,nan,nan
-nan(ind),-nan(ind),-nan(ind),-nan(ind),-nan(ind),-nan(ind),-nan(ind),-nan(ind),-nan(ind),-nan(ind),nan,nan,nan,nan,nan,nan
-nan(ind),-nan(ind),-nan(ind),-nan(ind),-nan(ind),-nan(ind),-nan(ind),-nan(ind),-nan(ind),-nan(ind),nan,nan,nan,nan,nan,nan
-nan(ind),-nan(ind),-nan(ind),-nan(ind),-nan(ind),-nan(ind),-nan(ind),-nan(ind),-nan(ind),-nan(ind),nan,nan,nan,nan,nan,nan
-nan(ind),-nan(ind),-nan(ind),-nan(ind),-nan(ind),-nan(ind),-nan(ind),-nan(ind),-nan(ind),-nan(ind),nan,nan,nan,nan,nan,nan
-nan(ind),-nan(ind),-nan(ind),-nan(ind),-nan(ind),-nan(ind),-nan(ind),-nan(ind),-nan(ind),-nan(ind),nan,nan,nan,nan,nan,nan
-nan(ind),-nan(ind),-nan(ind),-nan(ind),-nan(ind),-nan(ind),-nan(ind),-nan(ind),-nan(ind),-nan(ind),nan,nan,nan,nan,nan,nan
-nan(ind),-nan(ind),-nan(ind),-nan(ind),-nan(ind),-nan(ind),-nan(ind),-nan(ind),-nan(ind),-nan(ind),nan,nan,nan,nan,nan,nan
-nan(ind),-nan(ind),-nan(ind),-nan(ind),-nan(ind),-nan(ind),-nan(ind),-nan(ind),-nan(ind),-nan(ind),nan,nan,nan,nan,nan,nan
-nan(ind),-nan(ind),-nan(ind),-nan(ind),-nan(ind),-nan(ind),-nan(ind),-nan(ind),-nan(ind),-nan(ind),nan,nan,nan,nan,nan,nan
-nan(ind),-nan(ind),-nan(ind),-nan(ind),-nan(ind),-nan(ind),-nan(ind),-nan(ind),-nan(ind),-nan(ind),nan,nan,nan,nan,nan,nan
-nan(ind),-nan(ind),-nan(ind),-nan(ind),-nan(ind),-nan(ind),-nan(ind),-nan(ind),-nan(ind),-nan(ind),nan,nan,nan,nan,nan,nan
-nan(ind),-nan(ind),-nan(ind),-nan(ind),-nan(ind),-nan(ind),-nan(ind),-nan(ind),-nan(ind),-nan(ind),nan,nan,nan,nan,nan,nan
-nan(ind),-nan(ind),-nan(ind),-nan(ind),-nan(ind),-nan(ind),-nan(ind),-nan(ind),-nan(ind),-nan(ind),nan,nan,nan,nan,nan,nan
-nan(ind),-nan(ind),-nan(ind),-nan(ind),-nan(ind),-nan(ind),-nan(ind),-nan(ind),-nan(ind),-nan(ind),nan,nan,nan,nan,nan,nan
-nan(ind),-nan(ind),-nan(ind),-nan(ind),-nan(ind),-nan(ind),-nan(ind),-nan(ind),-nan(ind),-nan(ind),nan,nan,nan,nan,nan,nan
-nan(ind),-nan(ind),-nan(ind),-nan(ind),-nan(ind),-nan(ind),-nan(ind),-nan(ind),-nan(ind),-nan(ind),nan,nan,nan,nan,nan,nan
-nan(ind),-nan(ind),-nan(ind),-nan(ind),-nan(ind),-nan(ind),-nan(ind),-nan(ind),-nan(ind),-nan(ind),nan,nan,nan,nan,nan,nan
-nan(ind),-nan(ind),-nan(ind),-nan(ind),-nan(ind),-nan(ind),-nan(ind),-nan(ind),-nan(ind),-nan(ind),nan,nan,nan,nan,nan,nan
-nan(ind),-nan(ind),-nan(ind),-nan(ind),-nan(ind),-nan(ind),-nan(ind),-nan(ind),-nan(ind),-nan(ind),nan,nan,nan,nan,nan,nan
-nan(ind),-nan(ind),-nan(ind),-nan(ind),-nan(ind),-nan(ind),-nan(ind),-nan(ind),-nan(ind),-nan(ind),nan,nan,nan,nan,nan,nan
-nan(ind),-nan(ind),-nan(ind),-nan(ind),-nan(ind),-nan(ind),-nan(ind),-nan(ind),-nan(ind),-nan(ind),nan,nan,nan,nan,nan,nan
-nan(ind),-nan(ind),-nan(ind),-nan(ind),-nan(ind),-nan(ind),-nan(ind),-nan(ind),-nan(ind),-nan(ind),nan,nan,nan,nan,nan,nan
-nan(ind),-nan(ind),-nan(ind),-nan(ind),-nan(ind),-nan(ind),-nan(ind),-nan(ind),-nan(ind),-nan(ind),nan,nan,nan,nan,nan,nan
-nan(ind),-nan(ind),-nan(ind),-nan(ind),-nan(ind),-nan(ind),-nan(ind),-nan(ind),-nan(ind),-nan(ind),nan,nan,nan,nan,nan,nan
-nan(ind),-nan(ind),-nan(ind),-nan(ind),-nan(ind),-nan(ind),-nan(ind),-nan(ind),-nan(ind),-nan(ind),nan,nan,nan,nan,nan,nan
-nan(ind),-nan(ind),-nan(ind),-nan(ind),-nan(ind),-nan(ind),-nan(ind),-nan(ind),-nan(ind),-nan(ind),nan,nan,nan,nan,nan,nan
-nan(ind),-nan(ind),-nan(ind),-nan(ind),-nan(ind),-nan(ind),-nan(ind),-nan(ind),-nan(ind),-nan(ind),nan,nan,nan,nan,nan,nan
-nan(ind),-nan(ind),-nan(ind),-nan(ind),-nan(ind),-nan(ind),-nan(ind),-nan(ind),-nan(ind),-nan(ind),nan,nan,nan,nan,nan,nan
-nan(ind),-nan(ind),-nan(ind),-nan(ind),-nan(ind),-nan(ind),-nan(ind),-nan(ind),-nan(ind),-nan(ind),nan,nan,nan,nan,nan,nan
-nan(ind),-nan(ind),-nan(ind),-nan(ind),-nan(ind),-nan(ind),-nan(ind),-nan(ind),-nan(ind),-nan(ind),nan,nan,nan,nan,nan,nan
-nan(ind),-nan(ind),-nan(ind),-nan(ind),-nan(ind),-nan(ind),-nan(ind),-nan(ind),-nan(ind),-nan(ind),nan,nan,nan,nan,nan,nan
-nan(ind),-nan(ind),-nan(ind),-nan(ind),-nan(ind),-nan(ind),-nan(ind),-nan(ind),-nan(ind),-nan(ind),nan,nan,nan,nan,nan,nan
-nan(ind),-nan(ind),-nan(ind),-nan(ind),-nan(ind),-nan(ind),-nan(ind),-nan(ind),-nan(ind),-nan(ind),nan,nan,nan,nan,nan,nan
-nan(ind),-nan(ind),-nan(ind),-nan(ind),-nan(ind),-nan(ind),-nan(ind),-nan(ind),-nan(ind),-nan(ind),nan,nan,nan,nan,nan,nan
-nan(ind),-nan(ind),-nan(ind),-nan(ind),-nan(ind),-nan(ind),-nan(ind),-nan(ind),-nan(ind),-nan(ind),nan,nan,nan,nan,nan,nan
-nan(ind),-nan(ind),-nan(ind),-nan(ind),-nan(ind),-nan(ind),-nan(ind),-nan(ind),-nan(ind),-nan(ind),nan,nan,nan,nan,nan,nan
-nan(ind),-nan(ind),-nan(ind),-nan(ind),-nan(ind),-nan(ind),-nan(ind),-nan(ind),-nan(ind),-nan(ind),nan,nan,nan,nan,nan,nan
-nan(ind),-nan(ind),-nan(ind),-nan(ind),-nan(ind),-nan(ind),-nan(ind),-nan(ind),-nan(ind),-nan(ind),nan,nan,nan,nan,nan,nan
-nan(ind),-nan(ind),-nan(ind),-nan(ind),-nan(ind),-nan(ind),-nan(ind),-nan(ind),-nan(ind),-nan(ind),nan,nan,nan,nan,nan,nan
-nan(ind),-nan(ind),-nan(ind),-nan(ind),-nan(ind),-nan(ind),-nan(ind),-nan(ind),-nan(ind),-nan(ind),nan,nan,nan,nan,nan,nan
-nan(ind),-nan(ind),-nan(ind),-nan(ind),-nan(ind),-nan(ind),-nan(ind),-nan(ind),-nan(ind),-nan(ind),nan,nan,nan,nan,nan,nan
-nan(ind),-nan(ind),-nan(ind),-nan(ind),-nan(ind),-nan(ind),-nan(ind),-nan(ind),-nan(ind),-nan(ind),nan,nan,nan,nan,nan,nan
-nan(ind),-nan(ind),-nan(ind),-nan(ind),-nan(ind),-nan(ind),-nan(ind),-nan(ind),-nan(ind),-nan(ind),nan,nan,nan,nan,nan,nan
-nan(ind),-nan(ind),-nan(ind),-nan(ind),-nan(ind),-nan(ind),-nan(ind),-nan(ind),-nan(ind),-nan(ind),nan,nan,nan,nan,nan,nan
-nan(ind),-nan(ind),-nan(ind),-nan(ind),-nan(ind),-nan(ind),-nan(ind),-nan(ind),-nan(ind),-nan(ind),nan,nan,nan,nan,nan,nan
-nan(ind),-nan(ind),-nan(ind),-nan(ind),-nan(ind),-nan(ind),-nan(ind),-nan(ind),-nan(ind),-nan(ind),nan,nan,nan,nan,nan,nan
-nan(ind),-nan(ind),-nan(ind),-nan(ind),-nan(ind),-nan(ind),-nan(ind),-nan(ind),-nan(ind),-nan(ind),nan,nan,nan,nan,nan,nan
-nan(ind),-nan(ind),-nan(ind),-nan(ind),-nan(ind),-nan(ind),-nan(ind),-nan(ind),-nan(ind),-nan(ind),nan,nan,nan,nan,nan,nan
-nan(ind),-nan(ind),-nan(ind),-nan(ind),-nan(ind),-nan(ind),-nan(ind),-nan(ind),-nan(ind),-nan(ind),nan,nan,nan,nan,nan,nan
-nan(ind),-nan(ind),-nan(ind),-nan(ind),-nan(ind),-nan(ind),-nan(ind),-nan(ind),-nan(ind),-nan(ind),nan,nan,nan,nan,nan,nan
-nan(ind),-nan(ind),-nan(ind),-nan(ind),-nan(ind),-nan(ind),-nan(ind),-nan(ind),-nan(ind),-nan(ind),nan,nan,nan,nan,nan,nan
-nan(ind),-nan(ind),-nan(ind),-nan(ind),-nan(ind),-nan(ind),-nan(ind),-nan(ind),-nan(ind),-nan(ind),nan,nan,nan,nan,nan,nan
-nan(ind),-nan(ind),-nan(ind),-nan(ind),-nan(ind),-nan(ind),-nan(ind),-nan(ind),-nan(ind),-nan(ind),nan,nan,nan,nan,nan,nan
-nan(ind),-nan(ind),-nan(ind),-nan(ind),-nan(ind),-nan(ind),-nan(ind),-nan(ind),-nan(ind),-nan(ind),nan,nan,nan,nan,nan,nan
-nan(ind),-nan(ind),-nan(ind),-nan(ind),-nan(ind),-nan(ind),-nan(ind),-nan(ind),-nan(ind),-nan(ind),nan,nan,nan,nan,nan,nan
-nan(ind),-nan(ind),-nan(ind),-nan(ind),-nan(ind),-nan(ind),-nan(ind),-nan(ind),-nan(ind),-nan(ind),nan,nan,nan,nan,nan,nan
-nan(ind),-nan(ind),-nan(ind),-nan(ind),-nan(ind),-nan(ind),-nan(ind),-nan(ind),-nan(ind),-nan(ind),nan,nan,nan,nan,nan,nan
-nan(ind),-nan(ind),-nan(ind),-nan(ind),-nan(ind),-nan(ind),-nan(ind),-nan(ind),-nan(ind),-nan(ind),nan,nan,nan,nan,nan,nan
-nan(ind),-nan(ind),-nan(ind),-nan(ind),-nan(ind),-nan(ind),-nan(ind),-nan(ind),-nan(ind),-nan(ind),nan,nan,nan,nan,nan,nan
-nan(ind),-nan(ind),-nan(ind),-nan(ind),-nan(ind),-nan(ind),-nan(ind),-nan(ind),-nan(ind),-nan(ind),nan,nan,nan,nan,nan,nan
-nan(ind),-nan(ind),-nan(ind),-nan(ind),-nan(ind),-nan(ind),-nan(ind),-nan(ind),-nan(ind),-nan(ind),nan,nan,nan,nan,nan,nan
-nan(ind),-nan(ind),-nan(ind),-nan(ind),-nan(ind),-nan(ind),-nan(ind),-nan(ind),-nan(ind),-nan(ind),nan,nan,nan,nan,nan,nan
-nan(ind),-nan(ind),-nan(ind),-nan(ind),-nan(ind),-nan(ind),-nan(ind),-nan(ind),-nan(ind),-nan(ind),nan,nan,nan,nan,nan,nan
-nan(ind),-nan(ind),-nan(ind),-nan(ind),-nan(ind),-nan(ind),-nan(ind),-nan(ind),-nan(ind),-nan(ind),nan,nan,nan,nan,nan,nan
-nan(ind),-nan(ind),-nan(ind),-nan(ind),-nan(ind),-nan(ind),-nan(ind),-nan(ind),-nan(ind),-nan(ind),nan,nan,nan,nan,nan,nan
-nan(ind),-nan(ind),-nan(ind),-nan(ind),-nan(ind),-nan(ind),-nan(ind),-nan(ind),-nan(ind),-nan(ind),nan,nan,nan,nan,nan,nan
-nan(ind),-nan(ind),-nan(ind),-nan(ind),-nan(ind),-nan(ind),-nan(ind),-nan(ind),-nan(ind),-nan(ind),nan,nan,nan,nan,nan,nan
-nan(ind),-nan(ind),-nan(ind),-nan(ind),-nan(ind),-nan(ind),-nan(ind),-nan(ind),-nan(ind),-nan(ind),nan,nan,nan,nan,nan,nan
-nan(ind),-nan(ind),-nan(ind),-nan(ind),-nan(ind),-nan(ind),-nan(ind),-nan(ind),-nan(ind),-nan(ind),nan,nan,nan,nan,nan,nan
-nan(ind),-nan(ind),-nan(ind),-nan(ind),-nan(ind),-nan(ind),-nan(ind),-nan(ind),-nan(ind),-nan(ind),nan,nan,nan,nan,nan,nan
-nan(ind),-nan(ind),-nan(ind),-nan(ind),-nan(ind),-nan(ind),-nan(ind),-nan(ind),-nan(ind),-nan(ind),nan,nan,nan,nan,nan,nan
-nan(ind),-nan(ind),-nan(ind),-nan(ind),-nan(ind),-nan(ind),-nan(ind),-nan(ind),-nan(ind),-nan(ind),nan,nan,nan,nan,nan,nan
-nan(ind),-nan(ind),-nan(ind),-nan(ind),-nan(ind),-nan(ind),-nan(ind),-nan(ind),-nan(ind),-nan(ind),nan,nan,nan,nan,nan,nan
-nan(ind),-nan(ind),-nan(ind),-nan(ind),-nan(ind),-nan(ind),-nan(ind),-nan(ind),-nan(ind),-nan(ind),nan,nan,nan,nan,nan,nan
-nan(ind),-nan(ind),-nan(ind),-nan(ind),-nan(ind),-nan(ind),-nan(ind),-nan(ind),-nan(ind),-nan(ind),nan,nan,nan,nan,nan,nan
-nan(ind),-nan(ind),-nan(ind),-nan(ind),-nan(ind),-nan(ind),-nan(ind),-nan(ind),-nan(ind),-nan(ind),nan,nan,nan,nan,nan,nan
-nan(ind),-nan(ind),-nan(ind),-nan(ind),-nan(ind),-nan(ind),-nan(ind),-nan(ind),-nan(ind),-nan(ind),nan,nan,nan,nan,nan,nan
-nan(ind),-nan(ind),-nan(ind),-nan(ind),-nan(ind),-nan(ind),-nan(ind),-nan(ind),-nan(ind),-nan(ind),nan,nan,nan,nan,nan,nan
-nan(ind),-nan(ind),-nan(ind),-nan(ind),-nan(ind),-nan(ind),-nan(ind),-nan(ind),-nan(ind),-nan(ind),nan,nan,nan,nan,nan,nan
-nan(ind),-nan(ind),-nan(ind),-nan(ind),-nan(ind),-nan(ind),-nan(ind),-nan(ind),-nan(ind),-nan(ind),nan,nan,nan,nan,nan,nan
-nan(ind),-nan(ind),-nan(ind),-nan(ind),-nan(ind),-nan(ind),-nan(ind),-nan(ind),-nan(ind),-nan(ind),nan,nan,nan,nan,nan,nan
-nan(ind),-nan(ind),-nan(ind),-nan(ind),-nan(ind),-nan(ind),-nan(ind),-nan(ind),-nan(ind),-nan(ind),nan,nan,nan,nan,nan,nan
-nan(ind),-nan(ind),-nan(ind),-nan(ind),-nan(ind),-nan(ind),-nan(ind),-nan(ind),-nan(ind),-nan(ind),nan,nan,nan,nan,nan,nan
-nan(ind),-nan(ind),-nan(ind),-nan(ind),-nan(ind),-nan(ind),-nan(ind),-nan(ind),-nan(ind),-nan(ind),nan,nan,nan,nan,nan,nan
-nan(ind),-nan(ind),-nan(ind),-nan(ind),-nan(ind),-nan(ind),-nan(ind),-nan(ind),-nan(ind),-nan(ind),nan,nan,nan,nan,nan,nan
-nan(ind),-nan(ind),-nan(ind),-nan(ind),-nan(ind),-nan(ind),-nan(ind),-nan(ind),-nan(ind),-nan(ind),nan,nan,nan,nan,nan,nan
-nan(ind),-nan(ind),-nan(ind),-nan(ind),-nan(ind),-nan(ind),-nan(ind),-nan(ind),-nan(ind),-nan(ind),nan,nan,nan,nan,nan,nan
-nan(ind),-nan(ind),-nan(ind),-nan(ind),-nan(ind),-nan(ind),-nan(ind),-nan(ind),-nan(ind),-nan(ind),nan,nan,nan,nan,nan,nan
-nan(ind),-nan(ind),-nan(ind),-nan(ind),-nan(ind),-nan(ind),-nan(ind),-nan(ind),-nan(ind),-nan(ind),nan,nan,nan,nan,nan,nan
-nan(ind),-nan(ind),-nan(ind),-nan(ind),-nan(ind),-nan(ind),-nan(ind),-nan(ind),-nan(ind),-nan(ind),nan,nan,nan,nan,nan,nan
-nan(ind),-nan(ind),-nan(ind),-nan(ind),-nan(ind),-nan(ind),-nan(ind),-nan(ind),-nan(ind),-nan(ind),nan,nan,nan,nan,nan,nan
-nan(ind),-nan(ind),-nan(ind),-nan(ind),-nan(ind),-nan(ind),-nan(ind),-nan(ind),-nan(ind),-nan(ind),nan,nan,nan,nan,nan,nan
-nan(ind),-nan(ind),-nan(ind),-nan(ind),-nan(ind),-nan(ind),-nan(ind),-nan(ind),-nan(ind),-nan(ind),nan,nan,nan,nan,nan,nan
-nan(ind),-nan(ind),-nan(ind),-nan(ind),-nan(ind),-nan(ind),-nan(ind),-nan(ind),-nan(ind),-nan(ind),nan,nan,nan,nan,nan,nan
-nan(ind),-nan(ind),-nan(ind),-nan(ind),-nan(ind),-nan(ind),-nan(ind),-nan(ind),-nan(ind),-nan(ind),nan,nan,nan,nan,nan,nan
-nan(ind),-nan(ind),-nan(ind),-nan(ind),-nan(ind),-nan(ind),-nan(ind),-nan(ind),-nan(ind),-nan(ind),nan,nan,nan,nan,nan,nan
-nan(ind),-nan(ind),-nan(ind),-nan(ind),-nan(ind),-nan(ind),-nan(ind),-nan(ind),-nan(ind),-nan(ind),nan,nan,nan,nan,nan,nan
-nan(ind),-nan(ind),-nan(ind),-nan(ind),-nan(ind),-nan(ind),-nan(ind),-nan(ind),-nan(ind),-nan(ind),nan,nan,nan,nan,nan,nan
-nan(ind),-nan(ind),-nan(ind),-nan(ind),-nan(ind),-nan(ind),-nan(ind),-nan(ind),-nan(ind),-nan(ind),nan,nan,nan,nan,nan,nan
-nan(ind),-nan(ind),-nan(ind),-nan(ind),-nan(ind),-nan(ind),-nan(ind),-nan(ind),-nan(ind),-nan(ind),nan,nan,nan,nan,nan,nan
-nan(ind),-nan(ind),-nan(ind),-nan(ind),-nan(ind),-nan(ind),-nan(ind),-nan(ind),-nan(ind),-nan(ind),nan,nan,nan,nan,nan,nan
-nan(ind),-nan(ind),-nan(ind),-nan(ind),-nan(ind),-nan(ind),-nan(ind),-nan(ind),-nan(ind),-nan(ind),nan,nan,nan,nan,nan,nan
-nan(ind),-nan(ind),-nan(ind),-nan(ind),-nan(ind),-nan(ind),-nan(ind),-nan(ind),-nan(ind),-nan(ind),nan,nan,nan,nan,nan,nan
-nan(ind),-nan(ind),-nan(ind),-nan(ind),-nan(ind),-nan(ind),-nan(ind),-nan(ind),-nan(ind),-nan(ind),nan,nan,nan,nan,nan,nan
-nan(ind),-nan(ind),-nan(ind),-nan(ind),-nan(ind),-nan(ind),-nan(ind),-nan(ind),-nan(ind),-nan(ind),nan,nan,nan,nan,nan,nan
-nan(ind),-nan(ind),-nan(ind),-nan(ind),-nan(ind),-nan(ind),-nan(ind),-nan(ind),-nan(ind),-nan(ind),nan,nan,nan,nan,nan,nan
-nan(ind),-nan(ind),-nan(ind),-nan(ind),-nan(ind),-nan(ind),-nan(ind),-nan(ind),-nan(ind),-nan(ind),nan,nan,nan,nan,nan,nan
-nan(ind),-nan(ind),-nan(ind),-nan(ind),-nan(ind),-nan(ind),-nan(ind),-nan(ind),-nan(ind),-nan(ind),nan,nan,nan,nan,nan,nan
-nan(ind),-nan(ind),-nan(ind),-nan(ind),-nan(ind),-nan(ind),-nan(ind),-nan(ind),-nan(ind),-nan(ind),nan,nan,nan,nan,nan,nan
-nan(ind),-nan(ind),-nan(ind),-nan(ind),-nan(ind),-nan(ind),-nan(ind),-nan(ind),-nan(ind),-nan(ind),nan,nan,nan,nan,nan,nan
-nan(ind),-nan(ind),-nan(ind),-nan(ind),-nan(ind),-nan(ind),-nan(ind),-nan(ind),-nan(ind),-nan(ind),nan,nan,nan,nan,nan,nan
-nan(ind),-nan(ind),-nan(ind),-nan(ind),-nan(ind),-nan(ind),-nan(ind),-nan(ind),-nan(ind),-nan(ind),nan,nan,nan,nan,nan,nan
-nan(ind),-nan(ind),-nan(ind),-nan(ind),-nan(ind),-nan(ind),-nan(ind),-nan(ind),-nan(ind),-nan(ind),nan,nan,nan,nan,nan,nan
-nan(ind),-nan(ind),-nan(ind),-nan(ind),-nan(ind),-nan(ind),-nan(ind),-nan(ind),-nan(ind),-nan(ind),nan,nan,nan,nan,nan,nan
-nan(ind),-nan(ind),-nan(ind),-nan(ind),-nan(ind),-nan(ind),-nan(ind),-nan(ind),-nan(ind),-nan(ind),nan,nan,nan,nan,nan,nan
-nan(ind),-nan(ind),-nan(ind),-nan(ind),-nan(ind),-nan(ind),-nan(ind),-nan(ind),-nan(ind),-nan(ind),nan,nan,nan,nan,nan,nan
-nan(ind),-nan(ind),-nan(ind),-nan(ind),-nan(ind),-nan(ind),-nan(ind),-nan(ind),-nan(ind),-nan(ind),nan,nan,nan,nan,nan,nan
-nan(ind),-nan(ind),-nan(ind),-nan(ind),-nan(ind),-nan(ind),-nan(ind),-nan(ind),-nan(ind),-nan(ind),nan,nan,nan,nan,nan,nan
-nan(ind),-nan(ind),-nan(ind),-nan(ind),-nan(ind),-nan(ind),-nan(ind),-nan(ind),-nan(ind),-nan(ind),nan,nan,nan,nan,nan,nan
-nan(ind),-nan(ind),-nan(ind),-nan(ind),-nan(ind),-nan(ind),-nan(ind),-nan(ind),-nan(ind),-nan(ind),nan,nan,nan,nan,nan,nan
-nan(ind),-nan(ind),-nan(ind),-nan(ind),-nan(ind),-nan(ind),-nan(ind),-nan(ind),-nan(ind),-nan(ind),nan,nan,nan,nan,nan,nan
-nan(ind),-nan(ind),-nan(ind),-nan(ind),-nan(ind),-nan(ind),-nan(ind),-nan(ind),-nan(ind),-nan(ind),nan,nan,nan,nan,nan,nan
-nan(ind),-nan(ind),-nan(ind),-nan(ind),-nan(ind),-nan(ind),-nan(ind),-nan(ind),-nan(ind),-nan(ind),nan,nan,nan,nan,nan,nan
-nan(ind),-nan(ind),-nan(ind),-nan(ind),-nan(ind),-nan(ind),-nan(ind),-nan(ind),-nan(ind),-nan(ind),nan,nan,nan,nan,nan,nan
-nan(ind),-nan(ind),-nan(ind),-nan(ind),-nan(ind),-nan(ind),-nan(ind),-nan(ind),-nan(ind),-nan(ind),nan,nan,nan,nan,nan,nan
-nan(ind),-nan(ind),-nan(ind),-nan(ind),-nan(ind),-nan(ind),-nan(ind),-nan(ind),-nan(ind),-nan(ind),nan,nan,nan,nan,nan,nan
-nan(ind),-nan(ind),-nan(ind),-nan(ind),-nan(ind),-nan(ind),-nan(ind),-nan(ind),-nan(ind),-nan(ind),nan,nan,nan,nan,nan,nan
-nan(ind),-nan(ind),-nan(ind),-nan(ind),-nan(ind),-nan(ind),-nan(ind),-nan(ind),-nan(ind),-nan(ind),nan,nan,nan,nan,nan,nan
-nan(ind),-nan(ind),-nan(ind),-nan(ind),-nan(ind),-nan(ind),-nan(ind),-nan(ind),-nan(ind),-nan(ind),nan,nan,nan,nan,nan,nan
-nan(ind),-nan(ind),-nan(ind),-nan(ind),-nan(ind),-nan(ind),-nan(ind),-nan(ind),-nan(ind),-nan(ind),nan,nan,nan,nan,nan,nan
-nan(ind),-nan(ind),-nan(ind),-nan(ind),-nan(ind),-nan(ind),-nan(ind),-nan(ind),-nan(ind),-nan(ind),nan,nan,nan,nan,nan,nan
-nan(ind),-nan(ind),-nan(ind),-nan(ind),-nan(ind),-nan(ind),-nan(ind),-nan(ind),-nan(ind),-nan(ind),nan,nan,nan,nan,nan,nan
-nan(ind),-nan(ind),-nan(ind),-nan(ind),-nan(ind),-nan(ind),-nan(ind),-nan(ind),-nan(ind),-nan(ind),nan,nan,nan,nan,nan,nan
-nan(ind),-nan(ind),-nan(ind),-nan(ind),-nan(ind),-nan(ind),-nan(ind),-nan(ind),-nan(ind),-nan(ind),nan,nan,nan,nan,nan,nan
-nan(ind),-nan(ind),-nan(ind),-nan(ind),-nan(ind),-nan(ind),-nan(ind),-nan(ind),-nan(ind),-nan(ind),nan,nan,nan,nan,nan,nan
-nan(ind),-nan(ind),-nan(ind),-nan(ind),-nan(ind),-nan(ind),-nan(ind),-nan(ind),-nan(ind),-nan(ind),nan,nan,nan,nan,nan,nan
-nan(ind),-nan(ind),-nan(ind),-nan(ind),-nan(ind),-nan(ind),-nan(ind),-nan(ind),-nan(ind),-nan(ind),nan,nan,nan,nan,nan,nan
-nan(ind),-nan(ind),-nan(ind),-nan(ind),-nan(ind),-nan(ind),-nan(ind),-nan(ind),-nan(ind),-nan(ind),nan,nan,nan,nan,nan,nan
-nan(ind),-nan(ind),-nan(ind),-nan(ind),-nan(ind),-nan(ind),-nan(ind),-nan(ind),-nan(ind),-nan(ind),nan,nan,nan,nan,nan,nan
-nan(ind),-nan(ind),-nan(ind),-nan(ind),-nan(ind),-nan(ind),-nan(ind),-nan(ind),-nan(ind),-nan(ind),nan,nan,nan,nan,nan,nan
-nan(ind),-nan(ind),-nan(ind),-nan(ind),-nan(ind),-nan(ind),-nan(ind),-nan(ind),-nan(ind),-nan(ind),nan,nan,nan,nan,nan,nan
-nan(ind),-nan(ind),-nan(ind),-nan(ind),-nan(ind),-nan(ind),-nan(ind),-nan(ind),-nan(ind),-nan(ind),nan,nan,nan,nan,nan,nan
-nan(ind),-nan(ind),-nan(ind),-nan(ind),-nan(ind),-nan(ind),-nan(ind),-nan(ind),-nan(ind),-nan(ind),nan,nan,nan,nan,nan,nan
-nan(ind),-nan(ind),-nan(ind),-nan(ind),-nan(ind),-nan(ind),-nan(ind),-nan(ind),-nan(ind),-nan(ind),nan,nan,nan,nan,nan,nan
-nan(ind),-nan(ind),-nan(ind),-nan(ind),-nan(ind),-nan(ind),-nan(ind),-nan(ind),-nan(ind),-nan(ind),nan,nan,nan,nan,nan,nan
-nan(ind),-nan(ind),-nan(ind),-nan(ind),-nan(ind),-nan(ind),-nan(ind),-nan(ind),-nan(ind),-nan(ind),nan,nan,nan,nan,nan,nan
-nan(ind),-nan(ind),-nan(ind),-nan(ind),-nan(ind),-nan(ind),-nan(ind),-nan(ind),-nan(ind),-nan(ind),nan,nan,nan,nan,nan,nan
-nan(ind),-nan(ind),-nan(ind),-nan(ind),-nan(ind),-nan(ind),-nan(ind),-nan(ind),-nan(ind),-nan(ind),nan,nan,nan,nan,nan,nan
-nan(ind),-nan(ind),-nan(ind),-nan(ind),-nan(ind),-nan(ind),-nan(ind),-nan(ind),-nan(ind),-nan(ind),nan,nan,nan,nan,nan,nan
-nan(ind),-nan(ind),-nan(ind),-nan(ind),-nan(ind),-nan(ind),-nan(ind),-nan(ind),-nan(ind),-nan(ind),nan,nan,nan,nan,nan,nan
-nan(ind),-nan(ind),-nan(ind),-nan(ind),-nan(ind),-nan(ind),-nan(ind),-nan(ind),-nan(ind),-nan(ind),nan,nan,nan,nan,nan,nan
-nan(ind),-nan(ind),-nan(ind),-nan(ind),-nan(ind),-nan(ind),-nan(ind),-nan(ind),-nan(ind),-nan(ind),nan,nan,nan,nan,nan,nan
-nan(ind),-nan(ind),-nan(ind),-nan(ind),-nan(ind),-nan(ind),-nan(ind),-nan(ind),-nan(ind),-nan(ind),nan,nan,nan,nan,nan,nan
-nan(ind),-nan(ind),-nan(ind),-nan(ind),-nan(ind),-nan(ind),-nan(ind),-nan(ind),-nan(ind),-nan(ind),nan,nan,nan,nan,nan,nan
-nan(ind),-nan(ind),-nan(ind),-nan(ind),-nan(ind),-nan(ind),-nan(ind),-nan(ind),-nan(ind),-nan(ind),nan,nan,nan,nan,nan,nan
-nan(ind),-nan(ind),-nan(ind),-nan(ind),-nan(ind),-nan(ind),-nan(ind),-nan(ind),-nan(ind),-nan(ind),nan,nan,nan,nan,nan,nan
-nan(ind),-nan(ind),-nan(ind),-nan(ind),-nan(ind),-nan(ind),-nan(ind),-nan(ind),-nan(ind),-nan(ind),nan,nan,nan,nan,nan,nan
-nan(ind),-nan(ind),-nan(ind),-nan(ind),-nan(ind),-nan(ind),-nan(ind),-nan(ind),-nan(ind),-nan(ind),nan,nan,nan,nan,nan,nan
-nan(ind),-nan(ind),-nan(ind),-nan(ind),-nan(ind),-nan(ind),-nan(ind),-nan(ind),-nan(ind),-nan(ind),nan,nan,nan,nan,nan,nan
-nan(ind),-nan(ind),-nan(ind),-nan(ind),-nan(ind),-nan(ind),-nan(ind),-nan(ind),-nan(ind),-nan(ind),nan,nan,nan,nan,nan,nan
-nan(ind),-nan(ind),-nan(ind),-nan(ind),-nan(ind),-nan(ind),-nan(ind),-nan(ind),-nan(ind),-nan(ind),nan,nan,nan,nan,nan,nan
-nan(ind),-nan(ind),-nan(ind),-nan(ind),-nan(ind),-nan(ind),-nan(ind),-nan(ind),-nan(ind),-nan(ind),nan,nan,nan,nan,nan,nan
-nan(ind),-nan(ind),-nan(ind),-nan(ind),-nan(ind),-nan(ind),-nan(ind),-nan(ind),-nan(ind),-nan(ind),nan,nan,nan,nan,nan,nan
-nan(ind),-nan(ind),-nan(ind),-nan(ind),-nan(ind),-nan(ind),-nan(ind),-nan(ind),-nan(ind),-nan(ind),nan,nan,nan,nan,nan,nan
-nan(ind),-nan(ind),-nan(ind),-nan(ind),-nan(ind),-nan(ind),-nan(ind),-nan(ind),-nan(ind),-nan(ind),nan,nan,nan,nan,nan,nan
-nan(ind),-nan(ind),-nan(ind),-nan(ind),-nan(ind),-nan(ind),-nan(ind),-nan(ind),-nan(ind),-nan(ind),nan,nan,nan,nan,nan,nan
-nan(ind),-nan(ind),-nan(ind),-nan(ind),-nan(ind),-nan(ind),-nan(ind),-nan(ind),-nan(ind),-nan(ind),nan,nan,nan,nan,nan,nan
-nan(ind),-nan(ind),-nan(ind),-nan(ind),-nan(ind),-nan(ind),-nan(ind),-nan(ind),-nan(ind),-nan(ind),nan,nan,nan,nan,nan,nan
-nan(ind),-nan(ind),-nan(ind),-nan(ind),-nan(ind),-nan(ind),-nan(ind),-nan(ind),-nan(ind),-nan(ind),nan,nan,nan,nan,nan,nan
-nan(ind),-nan(ind),-nan(ind),-nan(ind),-nan(ind),-nan(ind),-nan(ind),-nan(ind),-nan(ind),-nan(ind),nan,nan,nan,nan,nan,nan
-nan(ind),-nan(ind),-nan(ind),-nan(ind),-nan(ind),-nan(ind),-nan(ind),-nan(ind),-nan(ind),-nan(ind),nan,nan,nan,nan,nan,nan
-nan(ind),-nan(ind),-nan(ind),-nan(ind),-nan(ind),-nan(ind),-nan(ind),-nan(ind),-nan(ind),-nan(ind),nan,nan,nan,nan,nan,nan
-nan(ind),-nan(ind),-nan(ind),-nan(ind),-nan(ind),-nan(ind),-nan(ind),-nan(ind),-nan(ind),-nan(ind),nan,nan,nan,nan,nan,nan
-nan(ind),-nan(ind),-nan(ind),-nan(ind),-nan(ind),-nan(ind),-nan(ind),-nan(ind),-nan(ind),-nan(ind),nan,nan,nan,nan,nan,nan
-nan(ind),-nan(ind),-nan(ind),-nan(ind),-nan(ind),-nan(ind),-nan(ind),-nan(ind),-nan(ind),-nan(ind),nan,nan,nan,nan,nan,nan
-nan(ind),-nan(ind),-nan(ind),-nan(ind),-nan(ind),-nan(ind),-nan(ind),-nan(ind),-nan(ind),-nan(ind),nan,nan,nan,nan,nan,nan
-nan(ind),-nan(ind),-nan(ind),-nan(ind),-nan(ind),-nan(ind),-nan(ind),-nan(ind),-nan(ind),-nan(ind),nan,nan,nan,nan,nan,nan
-nan(ind),-nan(ind),-nan(ind),-nan(ind),-nan(ind),-nan(ind),-nan(ind),-nan(ind),-nan(ind),-nan(ind),nan,nan,nan,nan,nan,nan
-nan(ind),-nan(ind),-nan(ind),-nan(ind),-nan(ind),-nan(ind),-nan(ind),-nan(ind),-nan(ind),-nan(ind),nan,nan,nan,nan,nan,nan
-nan(ind),-nan(ind),-nan(ind),-nan(ind),-nan(ind),-nan(ind),-nan(ind),-nan(ind),-nan(ind),-nan(ind),nan,nan,nan,nan,nan,nan
-nan(ind),-nan(ind),-nan(ind),-nan(ind),-nan(ind),-nan(ind),-nan(ind),-nan(ind),-nan(ind),-nan(ind),nan,nan,nan,nan,nan,nan
-nan(ind),-nan(ind),-nan(ind),-nan(ind),-nan(ind),-nan(ind),-nan(ind),-nan(ind),-nan(ind),-nan(ind),nan,nan,nan,nan,nan,nan
-nan(ind),-nan(ind),-nan(ind),-nan(ind),-nan(ind),-nan(ind),-nan(ind),-nan(ind),-nan(ind),-nan(ind),nan,nan,nan,nan,nan,nan
-nan(ind),-nan(ind),-nan(ind),-nan(ind),-nan(ind),-nan(ind),-nan(ind),-nan(ind),-nan(ind),-nan(ind),nan,nan,nan,nan,nan,nan
-nan(ind),-nan(ind),-nan(ind),-nan(ind),-nan(ind),-nan(ind),-nan(ind),-nan(ind),-nan(ind),-nan(ind),nan,nan,nan,nan,nan,nan
-nan(ind),-nan(ind),-nan(ind),-nan(ind),-nan(ind),-nan(ind),-nan(ind),-nan(ind),-nan(ind),-nan(ind),nan,nan,nan,nan,nan,nan
-nan(ind),-nan(ind),-nan(ind),-nan(ind),-nan(ind),-nan(ind),-nan(ind),-nan(ind),-nan(ind),-nan(ind),nan,nan,nan,nan,nan,nan
-nan(ind),-nan(ind),-nan(ind),-nan(ind),-nan(ind),-nan(ind),-nan(ind),-nan(ind),-nan(ind),-nan(ind),nan,nan,nan,nan,nan,nan
-nan(ind),-nan(ind),-nan(ind),-nan(ind),-nan(ind),-nan(ind),-nan(ind),-nan(ind),-nan(ind),-nan(ind),nan,nan,nan,nan,nan,nan
-nan(ind),-nan(ind),-nan(ind),-nan(ind),-nan(ind),-nan(ind),-nan(ind),-nan(ind),-nan(ind),-nan(ind),nan,nan,nan,nan,nan,nan
-nan(ind),-nan(ind),-nan(ind),-nan(ind),-nan(ind),-nan(ind),-nan(ind),-nan(ind),-nan(ind),-nan(ind),nan,nan,nan,nan,nan,nan
-nan(ind),-nan(ind),-nan(ind),-nan(ind),-nan(ind),-nan(ind),-nan(ind),-nan(ind),-nan(ind),-nan(ind),nan,nan,nan,nan,nan,nan
-nan(ind),-nan(ind),-nan(ind),-nan(ind),-nan(ind),-nan(ind),-nan(ind),-nan(ind),-nan(ind),-nan(ind),nan,nan,nan,nan,nan,nan
-nan(ind),-nan(ind),-nan(ind),-nan(ind),-nan(ind),-nan(ind),-nan(ind),-nan(ind),-nan(ind),-nan(ind),nan,nan,nan,nan,nan,nan
-nan(ind),-nan(ind),-nan(ind),-nan(ind),-nan(ind),-nan(ind),-nan(ind),-nan(ind),-nan(ind),-nan(ind),nan,nan,nan,nan,nan,nan
-nan(ind),-nan(ind),-nan(ind),-nan(ind),-nan(ind),-nan(ind),-nan(ind),-nan(ind),-nan(ind),-nan(ind),nan,nan,nan,nan,nan,nan
-nan(ind),-nan(ind),-nan(ind),-nan(ind),-nan(ind),-nan(ind),-nan(ind),-nan(ind),-nan(ind),-nan(ind),nan,nan,nan,nan,nan,nan
-nan(ind),-nan(ind),-nan(ind),-nan(ind),-nan(ind),-nan(ind),-nan(ind),-nan(ind),-nan(ind),-nan(ind),nan,nan,nan,nan,nan,nan
-nan(ind),-nan(ind),-nan(ind),-nan(ind),-nan(ind),-nan(ind),-nan(ind),-nan(ind),-nan(ind),-nan(ind),nan,nan,nan,nan,nan,nan
-nan(ind),-nan(ind),-nan(ind),-nan(ind),-nan(ind),-nan(ind),-nan(ind),-nan(ind),-nan(ind),-nan(ind),nan,nan,nan,nan,nan,nan
-nan(ind),-nan(ind),-nan(ind),-nan(ind),-nan(ind),-nan(ind),-nan(ind),-nan(ind),-nan(ind),-nan(ind),nan,nan,nan,nan,nan,nan
-nan(ind),-nan(ind),-nan(ind),-nan(ind),-nan(ind),-nan(ind),-nan(ind),-nan(ind),-nan(ind),-nan(ind),nan,nan,nan,nan,nan,nan
-nan(ind),-nan(ind),-nan(ind),-nan(ind),-nan(ind),-nan(ind),-nan(ind),-nan(ind),-nan(ind),-nan(ind),nan,nan,nan,nan,nan,nan
-nan(ind),-nan(ind),-nan(ind),-nan(ind),-nan(ind),-nan(ind),-nan(ind),-nan(ind),-nan(ind),-nan(ind),nan,nan,nan,nan,nan,nan
-nan(ind),-nan(ind),-nan(ind),-nan(ind),-nan(ind),-nan(ind),-nan(ind),-nan(ind),-nan(ind),-nan(ind),nan,nan,nan,nan,nan,nan
-nan(ind),-nan(ind),-nan(ind),-nan(ind),-nan(ind),-nan(ind),-nan(ind),-nan(ind),-nan(ind),-nan(ind),nan,nan,nan,nan,nan,nan
-nan(ind),-nan(ind),-nan(ind),-nan(ind),-nan(ind),-nan(ind),-nan(ind),-nan(ind),-nan(ind),-nan(ind),nan,nan,nan,nan,nan,nan
-nan(ind),-nan(ind),-nan(ind),-nan(ind),-nan(ind),-nan(ind),-nan(ind),-nan(ind),-nan(ind),-nan(ind),nan,nan,nan,nan,nan,nan
-nan(ind),-nan(ind),-nan(ind),-nan(ind),-nan(ind),-nan(ind),-nan(ind),-nan(ind),-nan(ind),-nan(ind),nan,nan,nan,nan,nan,nan
-nan(ind),-nan(ind),-nan(ind),-nan(ind),-nan(ind),-nan(ind),-nan(ind),-nan(ind),-nan(ind),-nan(ind),nan,nan,nan,nan,nan,nan
-nan(ind),-nan(ind),-nan(ind),-nan(ind),-nan(ind),-nan(ind),-nan(ind),-nan(ind),-nan(ind),-nan(ind),nan,nan,nan,nan,nan,nan
-nan(ind),-nan(ind),-nan(ind),-nan(ind),-nan(ind),-nan(ind),-nan(ind),-nan(ind),-nan(ind),-nan(ind),nan,nan,nan,nan,nan,nan
-nan(ind),-nan(ind),-nan(ind),-nan(ind),-nan(ind),-nan(ind),-nan(ind),-nan(ind),-nan(ind),-nan(ind),nan,nan,nan,nan,nan,nan
-nan(ind),-nan(ind),-nan(ind),-nan(ind),-nan(ind),-nan(ind),-nan(ind),-nan(ind),-nan(ind),-nan(ind),nan,nan,nan,nan,nan,nan
-nan(ind),-nan(ind),-nan(ind),-nan(ind),-nan(ind),-nan(ind),-nan(ind),-nan(ind),-nan(ind),-nan(ind),nan,nan,nan,nan,nan,nan
-nan(ind),-nan(ind),-nan(ind),-nan(ind),-nan(ind),-nan(ind),-nan(ind),-nan(ind),-nan(ind),-nan(ind),nan,nan,nan,nan,nan,nan
-nan(ind),-nan(ind),-nan(ind),-nan(ind),-nan(ind),-nan(ind),-nan(ind),-nan(ind),-nan(ind),-nan(ind),nan,nan,nan,nan,nan,nan
-nan(ind),-nan(ind),-nan(ind),-nan(ind),-nan(ind),-nan(ind),-nan(ind),-nan(ind),-nan(ind),-nan(ind),nan,nan,nan,nan,nan,nan
-nan(ind),-nan(ind),-nan(ind),-nan(ind),-nan(ind),-nan(ind),-nan(ind),-nan(ind),-nan(ind),-nan(ind),nan,nan,nan,nan,nan,nan
-nan(ind),-nan(ind),-nan(ind),-nan(ind),-nan(ind),-nan(ind),-nan(ind),-nan(ind),-nan(ind),-nan(ind),nan,nan,nan,nan,nan,nan
-nan(ind),-nan(ind),-nan(ind),-nan(ind),-nan(ind),-nan(ind),-nan(ind),-nan(ind),-nan(ind),-nan(ind),nan,nan,nan,nan,nan,nan
-nan(ind),-nan(ind),-nan(ind),-nan(ind),-nan(ind),-nan(ind),-nan(ind),-nan(ind),-nan(ind),-nan(ind),nan,nan,nan,nan,nan,nan
-nan(ind),-nan(ind),-nan(ind),-nan(ind),-nan(ind),-nan(ind),-nan(ind),-nan(ind),-nan(ind),-nan(ind),nan,nan,nan,nan,nan,nan
-nan(ind),-nan(ind),-nan(ind),-nan(ind),-nan(ind),-nan(ind),-nan(ind),-nan(ind),-nan(ind),-nan(ind),nan,nan,nan,nan,nan,nan
-nan(ind),-nan(ind),-nan(ind),-nan(ind),-nan(ind),-nan(ind),-nan(ind),-nan(ind),-nan(ind),-nan(ind),nan,nan,nan,nan,nan,nan
-nan(ind),-nan(ind),-nan(ind),-nan(ind),-nan(ind),-nan(ind),-nan(ind),-nan(ind),-nan(ind),-nan(ind),nan,nan,nan,nan,nan,nan
-nan(ind),-nan(ind),-nan(ind),-nan(ind),-nan(ind),-nan(ind),-nan(ind),-nan(ind),-nan(ind),-nan(ind),nan,nan,nan,nan,nan,nan
-nan(ind),-nan(ind),-nan(ind),-nan(ind),-nan(ind),-nan(ind),-nan(ind),-nan(ind),-nan(ind),-nan(ind),nan,nan,nan,nan,nan,nan
-nan(ind),-nan(ind),-nan(ind),-nan(ind),-nan(ind),-nan(ind),-nan(ind),-nan(ind),-nan(ind),-nan(ind),nan,nan,nan,nan,nan,nan
-nan(ind),-nan(ind),-nan(ind),-nan(ind),-nan(ind),-nan(ind),-nan(ind),-nan(ind),-nan(ind),-nan(ind),nan,nan,nan,nan,nan,nan
-nan(ind),-nan(ind),-nan(ind),-nan(ind),-nan(ind),-nan(ind),-nan(ind),-nan(ind),-nan(ind),-nan(ind),nan,nan,nan,nan,nan,nan
-nan(ind),-nan(ind),-nan(ind),-nan(ind),-nan(ind),-nan(ind),-nan(ind),-nan(ind),-nan(ind),-nan(ind),nan,nan,nan,nan,nan,nan
-nan(ind),-nan(ind),-nan(ind),-nan(ind),-nan(ind),-nan(ind),-nan(ind),-nan(ind),-nan(ind),-nan(ind),nan,nan,nan,nan,nan,nan
-nan(ind),-nan(ind),-nan(ind),-nan(ind),-nan(ind),-nan(ind),-nan(ind),-nan(ind),-nan(ind),-nan(ind),nan,nan,nan,nan,nan,nan
-nan(ind),-nan(ind),-nan(ind),-nan(ind),-nan(ind),-nan(ind),-nan(ind),-nan(ind),-nan(ind),-nan(ind),nan,nan,nan,nan,nan,nan
-nan(ind),-nan(ind),-nan(ind),-nan(ind),-nan(ind),-nan(ind),-nan(ind),-nan(ind),-nan(ind),-nan(ind),nan,nan,nan,nan,nan,nan
-nan(ind),-nan(ind),-nan(ind),-nan(ind),-nan(ind),-nan(ind),-nan(ind),-nan(ind),-nan(ind),-nan(ind),nan,nan,nan,nan,nan,nan
-nan(ind),-nan(ind),-nan(ind),-nan(ind),-nan(ind),-nan(ind),-nan(ind),-nan(ind),-nan(ind),-nan(ind),nan,nan,nan,nan,nan,nan
-nan(ind),-nan(ind),-nan(ind),-nan(ind),-nan(ind),-nan(ind),-nan(ind),-nan(ind),-nan(ind),-nan(ind),nan,nan,nan,nan,nan,nan
-nan(ind),-nan(ind),-nan(ind),-nan(ind),-nan(ind),-nan(ind),-nan(ind),-nan(ind),-nan(ind),-nan(ind),nan,nan,nan,nan,nan,nan
-nan(ind),-nan(ind),-nan(ind),-nan(ind),-nan(ind),-nan(ind),-nan(ind),-nan(ind),-nan(ind),-nan(ind),nan,nan,nan,nan,nan,nan
-nan(ind),-nan(ind),-nan(ind),-nan(ind),-nan(ind),-nan(ind),-nan(ind),-nan(ind),-nan(ind),-nan(ind),nan,nan,nan,nan,nan,nan
-nan(ind),-nan(ind),-nan(ind),-nan(ind),-nan(ind),-nan(ind),-nan(ind),-nan(ind),-nan(ind),-nan(ind),nan,nan,nan,nan,nan,nan
-nan(ind),-nan(ind),-nan(ind),-nan(ind),-nan(ind),-nan(ind),-nan(ind),-nan(ind),-nan(ind),-nan(ind),nan,nan,nan,nan,nan,nan
-nan(ind),-nan(ind),-nan(ind),-nan(ind),-nan(ind),-nan(ind),-nan(ind),-nan(ind),-nan(ind),-nan(ind),nan,nan,nan,nan,nan,nan
-nan(ind),-nan(ind),-nan(ind),-nan(ind),-nan(ind),-nan(ind),-nan(ind),-nan(ind),-nan(ind),-nan(ind),nan,nan,nan,nan,nan,nan
-nan(ind),-nan(ind),-nan(ind),-nan(ind),-nan(ind),-nan(ind),-nan(ind),-nan(ind),-nan(ind),-nan(ind),nan,nan,nan,nan,nan,nan
-nan(ind),-nan(ind),-nan(ind),-nan(ind),-nan(ind),-nan(ind),-nan(ind),-nan(ind),-nan(ind),-nan(ind),nan,nan,nan,nan,nan,nan
-nan(ind),-nan(ind),-nan(ind),-nan(ind),-nan(ind),-nan(ind),-nan(ind),-nan(ind),-nan(ind),-nan(ind),nan,nan,nan,nan,nan,nan
-nan(ind),-nan(ind),-nan(ind),-nan(ind),-nan(ind),-nan(ind),-nan(ind),-nan(ind),-nan(ind),-nan(ind),nan,nan,nan,nan,nan,nan
-nan(ind),-nan(ind),-nan(ind),-nan(ind),-nan(ind),-nan(ind),-nan(ind),-nan(ind),-nan(ind),-nan(ind),nan,nan,nan,nan,nan,nan
-nan(ind),-nan(ind),-nan(ind),-nan(ind),-nan(ind),-nan(ind),-nan(ind),-nan(ind),-nan(ind),-nan(ind),nan,nan,nan,nan,nan,nan
-nan(ind),-nan(ind),-nan(ind),-nan(ind),-nan(ind),-nan(ind),-nan(ind),-nan(ind),-nan(ind),-nan(ind),nan,nan,nan,nan,nan,nan
-nan(ind),-nan(ind),-nan(ind),-nan(ind),-nan(ind),-nan(ind),-nan(ind),-nan(ind),-nan(ind),-nan(ind),nan,nan,nan,nan,nan,nan
-nan(ind),-nan(ind),-nan(ind),-nan(ind),-nan(ind),-nan(ind),-nan(ind),-nan(ind),-nan(ind),-nan(ind),nan,nan,nan,nan,nan,nan
-nan(ind),-nan(ind),-nan(ind),-nan(ind),-nan(ind),-nan(ind),-nan(ind),-nan(ind),-nan(ind),-nan(ind),nan,nan,nan,nan,nan,nan
-nan(ind),-nan(ind),-nan(ind),-nan(ind),-nan(ind),-nan(ind),-nan(ind),-nan(ind),-nan(ind),-nan(ind),nan,nan,nan,nan,nan,nan
-nan(ind),-nan(ind),-nan(ind),-nan(ind),-nan(ind),-nan(ind),-nan(ind),-nan(ind),-nan(ind),-nan(ind),nan,nan,nan,nan,nan,nan
-nan(ind),-nan(ind),-nan(ind),-nan(ind),-nan(ind),-nan(ind),-nan(ind),-nan(ind),-nan(ind),-nan(ind),nan,nan,nan,nan,nan,nan
-nan(ind),-nan(ind),-nan(ind),-nan(ind),-nan(ind),-nan(ind),-nan(ind),-nan(ind),-nan(ind),-nan(ind),nan,nan,nan,nan,nan,nan
-nan(ind),-nan(ind),-nan(ind),-nan(ind),-nan(ind),-nan(ind),-nan(ind),-nan(ind),-nan(ind),-nan(ind),nan,nan,nan,nan,nan,nan
-nan(ind),-nan(ind),-nan(ind),-nan(ind),-nan(ind),-nan(ind),-nan(ind),-nan(ind),-nan(ind),-nan(ind),nan,nan,nan,nan,nan,nan
-nan(ind),-nan(ind),-nan(ind),-nan(ind),-nan(ind),-nan(ind),-nan(ind),-nan(ind),-nan(ind),-nan(ind),nan,nan,nan,nan,nan,nan
-nan(ind),-nan(ind),-nan(ind),-nan(ind),-nan(ind),-nan(ind),-nan(ind),-nan(ind),-nan(ind),-nan(ind),nan,nan,nan,nan,nan,nan
-nan(ind),-nan(ind),-nan(ind),-nan(ind),-nan(ind),-nan(ind),-nan(ind),-nan(ind),-nan(ind),-nan(ind),nan,nan,nan,nan,nan,nan
-nan(ind),-nan(ind),-nan(ind),-nan(ind),-nan(ind),-nan(ind),-nan(ind),-nan(ind),-nan(ind),-nan(ind),nan,nan,nan,nan,nan,nan
-nan(ind),-nan(ind),-nan(ind),-nan(ind),-nan(ind),-nan(ind),-nan(ind),-nan(ind),-nan(ind),-nan(ind),nan,nan,nan,nan,nan,nan
-nan(ind),-nan(ind),-nan(ind),-nan(ind),-nan(ind),-nan(ind),-nan(ind),-nan(ind),-nan(ind),-nan(ind),nan,nan,nan,nan,nan,nan
-nan(ind),-nan(ind),-nan(ind),-nan(ind),-nan(ind),-nan(ind),-nan(ind),-nan(ind),-nan(ind),-nan(ind),nan,nan,nan,nan,nan,nan
-nan(ind),-nan(ind),-nan(ind),-nan(ind),-nan(ind),-nan(ind),-nan(ind),-nan(ind),-nan(ind),-nan(ind),nan,nan,nan,nan,nan,nan
-nan(ind),-nan(ind),-nan(ind),-nan(ind),-nan(ind),-nan(ind),-nan(ind),-nan(ind),-nan(ind),-nan(ind),nan,nan,nan,nan,nan,nan
-nan(ind),-nan(ind),-nan(ind),-nan(ind),-nan(ind),-nan(ind),-nan(ind),-nan(ind),-nan(ind),-nan(ind),nan,nan,nan,nan,nan,nan
-nan(ind),-nan(ind),-nan(ind),-nan(ind),-nan(ind),-nan(ind),-nan(ind),-nan(ind),-nan(ind),-nan(ind),nan,nan,nan,nan,nan,nan
-nan(ind),-nan(ind),-nan(ind),-nan(ind),-nan(ind),-nan(ind),-nan(ind),-nan(ind),-nan(ind),-nan(ind),nan,nan,nan,nan,nan,nan
-nan(ind),-nan(ind),-nan(ind),-nan(ind),-nan(ind),-nan(ind),-nan(ind),-nan(ind),-nan(ind),-nan(ind),nan,nan,nan,nan,nan,nan
-nan(ind),-nan(ind),-nan(ind),-nan(ind),-nan(ind),-nan(ind),-nan(ind),-nan(ind),-nan(ind),-nan(ind),nan,nan,nan,nan,nan,nan
-nan(ind),-nan(ind),-nan(ind),-nan(ind),-nan(ind),-nan(ind),-nan(ind),-nan(ind),-nan(ind),-nan(ind),nan,nan,nan,nan,nan,nan
-nan(ind),-nan(ind),-nan(ind),-nan(ind),-nan(ind),-nan(ind),-nan(ind),-nan(ind),-nan(ind),-nan(ind),nan,nan,nan,nan,nan,nan
-nan(ind),-nan(ind),-nan(ind),-nan(ind),-nan(ind),-nan(ind),-nan(ind),-nan(ind),-nan(ind),-nan(ind),nan,nan,nan,nan,nan,nan
-nan(ind),-nan(ind),-nan(ind),-nan(ind),-nan(ind),-nan(ind),-nan(ind),-nan(ind),-nan(ind),-nan(ind),nan,nan,nan,nan,nan,nan
-nan(ind),-nan(ind),-nan(ind),-nan(ind),-nan(ind),-nan(ind),-nan(ind),-nan(ind),-nan(ind),-nan(ind),nan,nan,nan,nan,nan,nan
-nan(ind),-nan(ind),-nan(ind),-nan(ind),-nan(ind),-nan(ind),-nan(ind),-nan(ind),-nan(ind),-nan(ind),nan,nan,nan,nan,nan,nan
-nan(ind),-nan(ind),-nan(ind),-nan(ind),-nan(ind),-nan(ind),-nan(ind),-nan(ind),-nan(ind),-nan(ind),nan,nan,nan,nan,nan,nan
-nan(ind),-nan(ind),-nan(ind),-nan(ind),-nan(ind),-nan(ind),-nan(ind),-nan(ind),-nan(ind),-nan(ind),nan,nan,nan,nan,nan,nan
-nan(ind),-nan(ind),-nan(ind),-nan(ind),-nan(ind),-nan(ind),-nan(ind),-nan(ind),-nan(ind),-nan(ind),nan,nan,nan,nan,nan,nan
-nan(ind),-nan(ind),-nan(ind),-nan(ind),-nan(ind),-nan(ind),-nan(ind),-nan(ind),-nan(ind),-nan(ind),nan,nan,nan,nan,nan,nan
-nan(ind),-nan(ind),-nan(ind),-nan(ind),-nan(ind),-nan(ind),-nan(ind),-nan(ind),-nan(ind),-nan(ind),nan,nan,nan,nan,nan,nan
-nan(ind),-nan(ind),-nan(ind),-nan(ind),-nan(ind),-nan(ind),-nan(ind),-nan(ind),-nan(ind),-nan(ind),nan,nan,nan,nan,nan,nan
-nan(ind),-nan(ind),-nan(ind),-nan(ind),-nan(ind),-nan(ind),-nan(ind),-nan(ind),-nan(ind),-nan(ind),nan,nan,nan,nan,nan,nan
-nan(ind),-nan(ind),-nan(ind),-nan(ind),-nan(ind),-nan(ind),-nan(ind),-nan(ind),-nan(ind),-nan(ind),nan,nan,nan,nan,nan,nan
-nan(ind),-nan(ind),-nan(ind),-nan(ind),-nan(ind),-nan(ind),-nan(ind),-nan(ind),-nan(ind),-nan(ind),nan,nan,nan,nan,nan,nan
-nan(ind),-nan(ind),-nan(ind),-nan(ind),-nan(ind),-nan(ind),-nan(ind),-nan(ind),-nan(ind),-nan(ind),nan,nan,nan,nan,nan,nan
-nan(ind),-nan(ind),-nan(ind),-nan(ind),-nan(ind),-nan(ind),-nan(ind),-nan(ind),-nan(ind),-nan(ind),nan,nan,nan,nan,nan,nan
-nan(ind),-nan(ind),-nan(ind),-nan(ind),-nan(ind),-nan(ind),-nan(ind),-nan(ind),-nan(ind),-nan(ind),nan,nan,nan,nan,nan,nan
-nan(ind),-nan(ind),-nan(ind),-nan(ind),-nan(ind),-nan(ind),-nan(ind),-nan(ind),-nan(ind),-nan(ind),nan,nan,nan,nan,nan,nan
-nan(ind),-nan(ind),-nan(ind),-nan(ind),-nan(ind),-nan(ind),-nan(ind),-nan(ind),-nan(ind),-nan(ind),nan,nan,nan,nan,nan,nan
-nan(ind),-nan(ind),-nan(ind),-nan(ind),-nan(ind),-nan(ind),-nan(ind),-nan(ind),-nan(ind),-nan(ind),nan,nan,nan,nan,nan,nan
-nan(ind),-nan(ind),-nan(ind),-nan(ind),-nan(ind),-nan(ind),-nan(ind),-nan(ind),-nan(ind),-nan(ind),nan,nan,nan,nan,nan,nan
-nan(ind),-nan(ind),-nan(ind),-nan(ind),-nan(ind),-nan(ind),-nan(ind),-nan(ind),-nan(ind),-nan(ind),nan,nan,nan,nan,nan,nan
-nan(ind),-nan(ind),-nan(ind),-nan(ind),-nan(ind),-nan(ind),-nan(ind),-nan(ind),-nan(ind),-nan(ind),nan,nan,nan,nan,nan,nan
-nan(ind),-nan(ind),-nan(ind),-nan(ind),-nan(ind),-nan(ind),-nan(ind),-nan(ind),-nan(ind),-nan(ind),nan,nan,nan,nan,nan,nan
-nan(ind),-nan(ind),-nan(ind),-nan(ind),-nan(ind),-nan(ind),-nan(ind),-nan(ind),-nan(ind),-nan(ind),nan,nan,nan,nan,nan,nan
-nan(ind),-nan(ind),-nan(ind),-nan(ind),-nan(ind),-nan(ind),-nan(ind),-nan(ind),-nan(ind),-nan(ind),nan,nan,nan,nan,nan,nan
-nan(ind),-nan(ind),-nan(ind),-nan(ind),-nan(ind),-nan(ind),-nan(ind),-nan(ind),-nan(ind),-nan(ind),nan,nan,nan,nan,nan,nan
-nan(ind),-nan(ind),-nan(ind),-nan(ind),-nan(ind),-nan(ind),-nan(ind),-nan(ind),-nan(ind),-nan(ind),nan,nan,nan,nan,nan,nan
-nan(ind),-nan(ind),-nan(ind),-nan(ind),-nan(ind),-nan(ind),-nan(ind),-nan(ind),-nan(ind),-nan(ind),nan,nan,nan,nan,nan,nan
-nan(ind),-nan(ind),-nan(ind),-nan(ind),-nan(ind),-nan(ind),-nan(ind),-nan(ind),-nan(ind),-nan(ind),nan,nan,nan,nan,nan,nan
-nan(ind),-nan(ind),-nan(ind),-nan(ind),-nan(ind),-nan(ind),-nan(ind),-nan(ind),-nan(ind),-nan(ind),nan,nan,nan,nan,nan,nan
-nan(ind),-nan(ind),-nan(ind),-nan(ind),-nan(ind),-nan(ind),-nan(ind),-nan(ind),-nan(ind),-nan(ind),nan,nan,nan,nan,nan,nan
-nan(ind),-nan(ind),-nan(ind),-nan(ind),-nan(ind),-nan(ind),-nan(ind),-nan(ind),-nan(ind),-nan(ind),nan,nan,nan,nan,nan,nan
-nan(ind),-nan(ind),-nan(ind),-nan(ind),-nan(ind),-nan(ind),-nan(ind),-nan(ind),-nan(ind),-nan(ind),nan,nan,nan,nan,nan,nan
-nan(ind),-nan(ind),-nan(ind),-nan(ind),-nan(ind),-nan(ind),-nan(ind),-nan(ind),-nan(ind),-nan(ind),nan,nan,nan,nan,nan,nan
-nan(ind),-nan(ind),-nan(ind),-nan(ind),-nan(ind),-nan(ind),-nan(ind),-nan(ind),-nan(ind),-nan(ind),nan,nan,nan,nan,nan,nan
-nan(ind),-nan(ind),-nan(ind),-nan(ind),-nan(ind),-nan(ind),-nan(ind),-nan(ind),-nan(ind),-nan(ind),nan,nan,nan,nan,nan,nan
-nan(ind),-nan(ind),-nan(ind),-nan(ind),-nan(ind),-nan(ind),-nan(ind),-nan(ind),-nan(ind),-nan(ind),nan,nan,nan,nan,nan,nan
-nan(ind),-nan(ind),-nan(ind),-nan(ind),-nan(ind),-nan(ind),-nan(ind),-nan(ind),-nan(ind),-nan(ind),nan,nan,nan,nan,nan,nan
-nan(ind),-nan(ind),-nan(ind),-nan(ind),-nan(ind),-nan(ind),-nan(ind),-nan(ind),-nan(ind),-nan(ind),nan,nan,nan,nan,nan,nan
-nan(ind),-nan(ind),-nan(ind),-nan(ind),-nan(ind),-nan(ind),-nan(ind),-nan(ind),-nan(ind),-nan(ind),nan,nan,nan,nan,nan,nan
-nan(ind),-nan(ind),-nan(ind),-nan(ind),-nan(ind),-nan(ind),-nan(ind),-nan(ind),-nan(ind),-nan(ind),nan,nan,nan,nan,nan,nan
-nan(ind),-nan(ind),-nan(ind),-nan(ind),-nan(ind),-nan(ind),-nan(ind),-nan(ind),-nan(ind),-nan(ind),nan,nan,nan,nan,nan,nan
-nan(ind),-nan(ind),-nan(ind),-nan(ind),-nan(ind),-nan(ind),-nan(ind),-nan(ind),-nan(ind),-nan(ind),nan,nan,nan,nan,nan,nan
-nan(ind),-nan(ind),-nan(ind),-nan(ind),-nan(ind),-nan(ind),-nan(ind),-nan(ind),-nan(ind),-nan(ind),nan,nan,nan,nan,nan,nan
-nan(ind),-nan(ind),-nan(ind),-nan(ind),-nan(ind),-nan(ind),-nan(ind),-nan(ind),-nan(ind),-nan(ind),nan,nan,nan,nan,nan,nan
-nan(ind),-nan(ind),-nan(ind),-nan(ind),-nan(ind),-nan(ind),-nan(ind),-nan(ind),-nan(ind),-nan(ind),nan,nan,nan,nan,nan,nan
-nan(ind),-nan(ind),-nan(ind),-nan(ind),-nan(ind),-nan(ind),-nan(ind),-nan(ind),-nan(ind),-nan(ind),nan,nan,nan,nan,nan,nan
-nan(ind),-nan(ind),-nan(ind),-nan(ind),-nan(ind),-nan(ind),-nan(ind),-nan(ind),-nan(ind),-nan(ind),nan,nan,nan,nan,nan,nan
-nan(ind),-nan(ind),-nan(ind),-nan(ind),-nan(ind),-nan(ind),-nan(ind),-nan(ind),-nan(ind),-nan(ind),nan,nan,nan,nan,nan,nan
-nan(ind),-nan(ind),-nan(ind),-nan(ind),-nan(ind),-nan(ind),-nan(ind),-nan(ind),-nan(ind),-nan(ind),nan,nan,nan,nan,nan,nan
-nan(ind),-nan(ind),-nan(ind),-nan(ind),-nan(ind),-nan(ind),-nan(ind),-nan(ind),-nan(ind),-nan(ind),nan,nan,nan,nan,nan,nan
-nan(ind),-nan(ind),-nan(ind),-nan(ind),-nan(ind),-nan(ind),-nan(ind),-nan(ind),-nan(ind),-nan(ind),nan,nan,nan,nan,nan,nan
-nan(ind),-nan(ind),-nan(ind),-nan(ind),-nan(ind),-nan(ind),-nan(ind),-nan(ind),-nan(ind),-nan(ind),nan,nan,nan,nan,nan,nan
-nan(ind),-nan(ind),-nan(ind),-nan(ind),-nan(ind),-nan(ind),-nan(ind),-nan(ind),-nan(ind),-nan(ind),nan,nan,nan,nan,nan,nan
-nan(ind),-nan(ind),-nan(ind),-nan(ind),-nan(ind),-nan(ind),-nan(ind),-nan(ind),-nan(ind),-nan(ind),nan,nan,nan,nan,nan,nan
-nan(ind),-nan(ind),-nan(ind),-nan(ind),-nan(ind),-nan(ind),-nan(ind),-nan(ind),-nan(ind),-nan(ind),nan,nan,nan,nan,nan,nan
-nan(ind),-nan(ind),-nan(ind),-nan(ind),-nan(ind),-nan(ind),-nan(ind),-nan(ind),-nan(ind),-nan(ind),nan,nan,nan,nan,nan,nan
-nan(ind),-nan(ind),-nan(ind),-nan(ind),-nan(ind),-nan(ind),-nan(ind),-nan(ind),-nan(ind),-nan(ind),nan,nan,nan,nan,nan,nan
-nan(ind),-nan(ind),-nan(ind),-nan(ind),-nan(ind),-nan(ind),-nan(ind),-nan(ind),-nan(ind),-nan(ind),nan,nan,nan,nan,nan,nan
-nan(ind),-nan(ind),-nan(ind),-nan(ind),-nan(ind),-nan(ind),-nan(ind),-nan(ind),-nan(ind),-nan(ind),nan,nan,nan,nan,nan,nan
-nan(ind),-nan(ind),-nan(ind),-nan(ind),-nan(ind),-nan(ind),-nan(ind),-nan(ind),-nan(ind),-nan(ind),nan,nan,nan,nan,nan,nan
-nan(ind),-nan(ind),-nan(ind),-nan(ind),-nan(ind),-nan(ind),-nan(ind),-nan(ind),-nan(ind),-nan(ind),nan,nan,nan,nan,nan,nan
-nan(ind),-nan(ind),-nan(ind),-nan(ind),-nan(ind),-nan(ind),-nan(ind),-nan(ind),-nan(ind),-nan(ind),nan,nan,nan,nan,nan,nan
-nan(ind),-nan(ind),-nan(ind),-nan(ind),-nan(ind),-nan(ind),-nan(ind),-nan(ind),-nan(ind),-nan(ind),nan,nan,nan,nan,nan,nan
-nan(ind),-nan(ind),-nan(ind),-nan(ind),-nan(ind),-nan(ind),-nan(ind),-nan(ind),-nan(ind),-nan(ind),nan,nan,nan,nan,nan,nan
-nan(ind),-nan(ind),-nan(ind),-nan(ind),-nan(ind),-nan(ind),-nan(ind),-nan(ind),-nan(ind),-nan(ind),nan,nan,nan,nan,nan,nan
-nan(ind),-nan(ind),-nan(ind),-nan(ind),-nan(ind),-nan(ind),-nan(ind),-nan(ind),-nan(ind),-nan(ind),nan,nan,nan,nan,nan,nan
-nan(ind),-nan(ind),-nan(ind),-nan(ind),-nan(ind),-nan(ind),-nan(ind),-nan(ind),-nan(ind),-nan(ind),nan,nan,nan,nan,nan,nan
-nan(ind),-nan(ind),-nan(ind),-nan(ind),-nan(ind),-nan(ind),-nan(ind),-nan(ind),-nan(ind),-nan(ind),nan,nan,nan,nan,nan,nan
-nan(ind),-nan(ind),-nan(ind),-nan(ind),-nan(ind),-nan(ind),-nan(ind),-nan(ind),-nan(ind),-nan(ind),nan,nan,nan,nan,nan,nan
-nan(ind),-nan(ind),-nan(ind),-nan(ind),-nan(ind),-nan(ind),-nan(ind),-nan(ind),-nan(ind),-nan(ind),nan,nan,nan,nan,nan,nan
-nan(ind),-nan(ind),-nan(ind),-nan(ind),-nan(ind),-nan(ind),-nan(ind),-nan(ind),-nan(ind),-nan(ind),nan,nan,nan,nan,nan,nan
-nan(ind),-nan(ind),-nan(ind),-nan(ind),-nan(ind),-nan(ind),-nan(ind),-nan(ind),-nan(ind),-nan(ind),nan,nan,nan,nan,nan,nan
-nan(ind),-nan(ind),-nan(ind),-nan(ind),-nan(ind),-nan(ind),-nan(ind),-nan(ind),-nan(ind),-nan(ind),nan,nan,nan,nan,nan,nan
-nan(ind),-nan(ind),-nan(ind),-nan(ind),-nan(ind),-nan(ind),-nan(ind),-nan(ind),-nan(ind),-nan(ind),nan,nan,nan,nan,nan,nan
-nan(ind),-nan(ind),-nan(ind),-nan(ind),-nan(ind),-nan(ind),-nan(ind),-nan(ind),-nan(ind),-nan(ind),nan,nan,nan,nan,nan,nan
-nan(ind),-nan(ind),-nan(ind),-nan(ind),-nan(ind),-nan(ind),-nan(ind),-nan(ind),-nan(ind),-nan(ind),nan,nan,nan,nan,nan,nan
-nan(ind),-nan(ind),-nan(ind),-nan(ind),-nan(ind),-nan(ind),-nan(ind),-nan(ind),-nan(ind),-nan(ind),nan,nan,nan,nan,nan,nan
-nan(ind),-nan(ind),-nan(ind),-nan(ind),-nan(ind),-nan(ind),-nan(ind),-nan(ind),-nan(ind),-nan(ind),nan,nan,nan,nan,nan,nan
-nan(ind),-nan(ind),-nan(ind),-nan(ind),-nan(ind),-nan(ind),-nan(ind),-nan(ind),-nan(ind),-nan(ind),nan,nan,nan,nan,nan,nan
-nan(ind),-nan(ind),-nan(ind),-nan(ind),-nan(ind),-nan(ind),-nan(ind),-nan(ind),-nan(ind),-nan(ind),nan,nan,nan,nan,nan,nan
-nan(ind),-nan(ind),-nan(ind),-nan(ind),-nan(ind),-nan(ind),-nan(ind),-nan(ind),-nan(ind),-nan(ind),nan,nan,nan,nan,nan,nan
-nan(ind),-nan(ind),-nan(ind),-nan(ind),-nan(ind),-nan(ind),-nan(ind),-nan(ind),-nan(ind),-nan(ind),nan,nan,nan,nan,nan,nan
-nan(ind),-nan(ind),-nan(ind),-nan(ind),-nan(ind),-nan(ind),-nan(ind),-nan(ind),-nan(ind),-nan(ind),nan,nan,nan,nan,nan,nan
-nan(ind),-nan(ind),-nan(ind),-nan(ind),-nan(ind),-nan(ind),-nan(ind),-nan(ind),-nan(ind),-nan(ind),nan,nan,nan,nan,nan,nan
-nan(ind),-nan(ind),-nan(ind),-nan(ind),-nan(ind),-nan(ind),-nan(ind),-nan(ind),-nan(ind),-nan(ind),nan,nan,nan,nan,nan,nan
-nan(ind),-nan(ind),-nan(ind),-nan(ind),-nan(ind),-nan(ind),-nan(ind),-nan(ind),-nan(ind),-nan(ind),nan,nan,nan,nan,nan,nan
-nan(ind),-nan(ind),-nan(ind),-nan(ind),-nan(ind),-nan(ind),-nan(ind),-nan(ind),-nan(ind),-nan(ind),nan,nan,nan,nan,nan,nan
-nan(ind),-nan(ind),-nan(ind),-nan(ind),-nan(ind),-nan(ind),-nan(ind),-nan(ind),-nan(ind),-nan(ind),nan,nan,nan,nan,nan,nan
-nan(ind),-nan(ind),-nan(ind),-nan(ind),-nan(ind),-nan(ind),-nan(ind),-nan(ind),-nan(ind),-nan(ind),nan,nan,nan,nan,nan,nan
-nan(ind),-nan(ind),-nan(ind),-nan(ind),-nan(ind),-nan(ind),-nan(ind),-nan(ind),-nan(ind),-nan(ind),nan,nan,nan,nan,nan,nan
-nan(ind),-nan(ind),-nan(ind),-nan(ind),-nan(ind),-nan(ind),-nan(ind),-nan(ind),-nan(ind),-nan(ind),nan,nan,nan,nan,nan,nan
-nan(ind),-nan(ind),-nan(ind),-nan(ind),-nan(ind),-nan(ind),-nan(ind),-nan(ind),-nan(ind),-nan(ind),nan,nan,nan,nan,nan,nan
-nan(ind),-nan(ind),-nan(ind),-nan(ind),-nan(ind),-nan(ind),-nan(ind),-nan(ind),-nan(ind),-nan(ind),nan,nan,nan,nan,nan,nan
-nan(ind),-nan(ind),-nan(ind),-nan(ind),-nan(ind),-nan(ind),-nan(ind),-nan(ind),-nan(ind),-nan(ind),nan,nan,nan,nan,nan,nan
-nan(ind),-nan(ind),-nan(ind),-nan(ind),-nan(ind),-nan(ind),-nan(ind),-nan(ind),-nan(ind),-nan(ind),nan,nan,nan,nan,nan,nan
-nan(ind),-nan(ind),-nan(ind),-nan(ind),-nan(ind),-nan(ind),-nan(ind),-nan(ind),-nan(ind),-nan(ind),nan,nan,nan,nan,nan,nan
-nan(ind),-nan(ind),-nan(ind),-nan(ind),-nan(ind),-nan(ind),-nan(ind),-nan(ind),-nan(ind),-nan(ind),nan,nan,nan,nan,nan,nan
-nan(ind),-nan(ind),-nan(ind),-nan(ind),-nan(ind),-nan(ind),-nan(ind),-nan(ind),-nan(ind),-nan(ind),nan,nan,nan,nan,nan,nan
-nan(ind),-nan(ind),-nan(ind),-nan(ind),-nan(ind),-nan(ind),-nan(ind),-nan(ind),-nan(ind),-nan(ind),nan,nan,nan,nan,nan,nan
-nan(ind),-nan(ind),-nan(ind),-nan(ind),-nan(ind),-nan(ind),-nan(ind),-nan(ind),-nan(ind),-nan(ind),nan,nan,nan,nan,nan,nan
-nan(ind),-nan(ind),-nan(ind),-nan(ind),-nan(ind),-nan(ind),-nan(ind),-nan(ind),-nan(ind),-nan(ind),nan,nan,nan,nan,nan,nan
-nan(ind),-nan(ind),-nan(ind),-nan(ind),-nan(ind),-nan(ind),-nan(ind),-nan(ind),-nan(ind),-nan(ind),nan,nan,nan,nan,nan,nan
-nan(ind),-nan(ind),-nan(ind),-nan(ind),-nan(ind),-nan(ind),-nan(ind),-nan(ind),-nan(ind),-nan(ind),nan,nan,nan,nan,nan,nan
-nan(ind),-nan(ind),-nan(ind),-nan(ind),-nan(ind),-nan(ind),-nan(ind),-nan(ind),-nan(ind),-nan(ind),nan,nan,nan,nan,nan,nan
-nan(ind),-nan(ind),-nan(ind),-nan(ind),-nan(ind),-nan(ind),-nan(ind),-nan(ind),-nan(ind),-nan(ind),nan,nan,nan,nan,nan,nan
-nan(ind),-nan(ind),-nan(ind),-nan(ind),-nan(ind),-nan(ind),-nan(ind),-nan(ind),-nan(ind),-nan(ind),nan,nan,nan,nan,nan,nan
-nan(ind),-nan(ind),-nan(ind),-nan(ind),-nan(ind),-nan(ind),-nan(ind),-nan(ind),-nan(ind),-nan(ind),nan,nan,nan,nan,nan,nan
-nan(ind),-nan(ind),-nan(ind),-nan(ind),-nan(ind),-nan(ind),-nan(ind),-nan(ind),-nan(ind),-nan(ind),nan,nan,nan,nan,nan,nan
-nan(ind),-nan(ind),-nan(ind),-nan(ind),-nan(ind),-nan(ind),-nan(ind),-nan(ind),-nan(ind),-nan(ind),nan,nan,nan,nan,nan,nan
-nan(ind),-nan(ind),-nan(ind),-nan(ind),-nan(ind),-nan(ind),-nan(ind),-nan(ind),-nan(ind),-nan(ind),nan,nan,nan,nan,nan,nan
-nan(ind),-nan(ind),-nan(ind),-nan(ind),-nan(ind),-nan(ind),-nan(ind),-nan(ind),-nan(ind),-nan(ind),nan,nan,nan,nan,nan,nan
-nan(ind),-nan(ind),-nan(ind),-nan(ind),-nan(ind),-nan(ind),-nan(ind),-nan(ind),-nan(ind),-nan(ind),nan,nan,nan,nan,nan,nan
-nan(ind),-nan(ind),-nan(ind),-nan(ind),-nan(ind),-nan(ind),-nan(ind),-nan(ind),-nan(ind),-nan(ind),nan,nan,nan,nan,nan,nan
-nan(ind),-nan(ind),-nan(ind),-nan(ind),-nan(ind),-nan(ind),-nan(ind),-nan(ind),-nan(ind),-nan(ind),nan,nan,nan,nan,nan,nan
-nan(ind),-nan(ind),-nan(ind),-nan(ind),-nan(ind),-nan(ind),-nan(ind),-nan(ind),-nan(ind),-nan(ind),nan,nan,nan,nan,nan,nan
-nan(ind),-nan(ind),-nan(ind),-nan(ind),-nan(ind),-nan(ind),-nan(ind),-nan(ind),-nan(ind),-nan(ind),nan,nan,nan,nan,nan,nan
-nan(ind),-nan(ind),-nan(ind),-nan(ind),-nan(ind),-nan(ind),-nan(ind),-nan(ind),-nan(ind),-nan(ind),nan,nan,nan,nan,nan,nan
-nan(ind),-nan(ind),-nan(ind),-nan(ind),-nan(ind),-nan(ind),-nan(ind),-nan(ind),-nan(ind),-nan(ind),nan,nan,nan,nan,nan,nan
-nan(ind),-nan(ind),-nan(ind),-nan(ind),-nan(ind),-nan(ind),-nan(ind),-nan(ind),-nan(ind),-nan(ind),nan,nan,nan,nan,nan,nan
-nan(ind),-nan(ind),-nan(ind),-nan(ind),-nan(ind),-nan(ind),-nan(ind),-nan(ind),-nan(ind),-nan(ind),nan,nan,nan,nan,nan,nan
-nan(ind),-nan(ind),-nan(ind),-nan(ind),-nan(ind),-nan(ind),-nan(ind),-nan(ind),-nan(ind),-nan(ind),nan,nan,nan,nan,nan,nan
-nan(ind),-nan(ind),-nan(ind),-nan(ind),-nan(ind),-nan(ind),-nan(ind),-nan(ind),-nan(ind),-nan(ind),nan,nan,nan,nan,nan,nan
-nan(ind),-nan(ind),-nan(ind),-nan(ind),-nan(ind),-nan(ind),-nan(ind),-nan(ind),-nan(ind),-nan(ind),nan,nan,nan,nan,nan,nan
-nan(ind),-nan(ind),-nan(ind),-nan(ind),-nan(ind),-nan(ind),-nan(ind),-nan(ind),-nan(ind),-nan(ind),nan,nan,nan,nan,nan,nan
-nan(ind),-nan(ind),-nan(ind),-nan(ind),-nan(ind),-nan(ind),-nan(ind),-nan(ind),-nan(ind),-nan(ind),nan,nan,nan,nan,nan,nan
-nan(ind),-nan(ind),-nan(ind),-nan(ind),-nan(ind),-nan(ind),-nan(ind),-nan(ind),-nan(ind),-nan(ind),nan,nan,nan,nan,nan,nan
-nan(ind),-nan(ind),-nan(ind),-nan(ind),-nan(ind),-nan(ind),-nan(ind),-nan(ind),-nan(ind),-nan(ind),nan,nan,nan,nan,nan,nan
-nan(ind),-nan(ind),-nan(ind),-nan(ind),-nan(ind),-nan(ind),-nan(ind),-nan(ind),-nan(ind),-nan(ind),nan,nan,nan,nan,nan,nan
-nan(ind),-nan(ind),-nan(ind),-nan(ind),-nan(ind),-nan(ind),-nan(ind),-nan(ind),-nan(ind),-nan(ind),nan,nan,nan,nan,nan,nan
-nan(ind),-nan(ind),-nan(ind),-nan(ind),-nan(ind),-nan(ind),-nan(ind),-nan(ind),-nan(ind),-nan(ind),nan,nan,nan,nan,nan,nan
-nan(ind),-nan(ind),-nan(ind),-nan(ind),-nan(ind),-nan(ind),-nan(ind),-nan(ind),-nan(ind),-nan(ind),nan,nan,nan,nan,nan,nan
-nan(ind),-nan(ind),-nan(ind),-nan(ind),-nan(ind),-nan(ind),-nan(ind),-nan(ind),-nan(ind),-nan(ind),nan,nan,nan,nan,nan,nan
-nan(ind),-nan(ind),-nan(ind),-nan(ind),-nan(ind),-nan(ind),-nan(ind),-nan(ind),-nan(ind),-nan(ind),nan,nan,nan,nan,nan,nan
-nan(ind),-nan(ind),-nan(ind),-nan(ind),-nan(ind),-nan(ind),-nan(ind),-nan(ind),-nan(ind),-nan(ind),nan,nan,nan,nan,nan,nan
-nan(ind),-nan(ind),-nan(ind),-nan(ind),-nan(ind),-nan(ind),-nan(ind),-nan(ind),-nan(ind),-nan(ind),nan,nan,nan,nan,nan,nan
-nan(ind),-nan(ind),-nan(ind),-nan(ind),-nan(ind),-nan(ind),-nan(ind),-nan(ind),-nan(ind),-nan(ind),nan,nan,nan,nan,nan,nan
-nan(ind),-nan(ind),-nan(ind),-nan(ind),-nan(ind),-nan(ind),-nan(ind),-nan(ind),-nan(ind),-nan(ind),nan,nan,nan,nan,nan,nan
-nan(ind),-nan(ind),-nan(ind),-nan(ind),-nan(ind),-nan(ind),-nan(ind),-nan(ind),-nan(ind),-nan(ind),nan,nan,nan,nan,nan,nan
-nan(ind),-nan(ind),-nan(ind),-nan(ind),-nan(ind),-nan(ind),-nan(ind),-nan(ind),-nan(ind),-nan(ind),nan,nan,nan,nan,nan,nan
-nan(ind),-nan(ind),-nan(ind),-nan(ind),-nan(ind),-nan(ind),-nan(ind),-nan(ind),-nan(ind),-nan(ind),nan,nan,nan,nan,nan,nan
-nan(ind),-nan(ind),-nan(ind),-nan(ind),-nan(ind),-nan(ind),-nan(ind),-nan(ind),-nan(ind),-nan(ind),nan,nan,nan,nan,nan,nan
-nan(ind),-nan(ind),-nan(ind),-nan(ind),-nan(ind),-nan(ind),-nan(ind),-nan(ind),-nan(ind),-nan(ind),nan,nan,nan,nan,nan,nan
-nan(ind),-nan(ind),-nan(ind),-nan(ind),-nan(ind),-nan(ind),-nan(ind),-nan(ind),-nan(ind),-nan(ind),nan,nan,nan,nan,nan,nan
-nan(ind),-nan(ind),-nan(ind),-nan(ind),-nan(ind),-nan(ind),-nan(ind),-nan(ind),-nan(ind),-nan(ind),nan,nan,nan,nan,nan,nan
-nan(ind),-nan(ind),-nan(ind),-nan(ind),-nan(ind),-nan(ind),-nan(ind),-nan(ind),-nan(ind),-nan(ind),nan,nan,nan,nan,nan,nan
-nan(ind),-nan(ind),-nan(ind),-nan(ind),-nan(ind),-nan(ind),-nan(ind),-nan(ind),-nan(ind),-nan(ind),nan,nan,nan,nan,nan,nan
-nan(ind),-nan(ind),-nan(ind),-nan(ind),-nan(ind),-nan(ind),-nan(ind),-nan(ind),-nan(ind),-nan(ind),nan,nan,nan,nan,nan,nan
-nan(ind),-nan(ind),-nan(ind),-nan(ind),-nan(ind),-nan(ind),-nan(ind),-nan(ind),-nan(ind),-nan(ind),nan,nan,nan,nan,nan,nan
-nan(ind),-nan(ind),-nan(ind),-nan(ind),-nan(ind),-nan(ind),-nan(ind),-nan(ind),-nan(ind),-nan(ind),nan,nan,nan,nan,nan,nan
-nan(ind),-nan(ind),-nan(ind),-nan(ind),-nan(ind),-nan(ind),-nan(ind),-nan(ind),-nan(ind),-nan(ind),nan,nan,nan,nan,nan,nan
-nan(ind),-nan(ind),-nan(ind),-nan(ind),-nan(ind),-nan(ind),-nan(ind),-nan(ind),-nan(ind),-nan(ind),nan,nan,nan,nan,nan,nan
-nan(ind),-nan(ind),-nan(ind),-nan(ind),-nan(ind),-nan(ind),-nan(ind),-nan(ind),-nan(ind),-nan(ind),nan,nan,nan,nan,nan,nan
-nan(ind),-nan(ind),-nan(ind),-nan(ind),-nan(ind),-nan(ind),-nan(ind),-nan(ind),-nan(ind),-nan(ind),nan,nan,nan,nan,nan,nan
-nan(ind),-nan(ind),-nan(ind),-nan(ind),-nan(ind),-nan(ind),-nan(ind),-nan(ind),-nan(ind),-nan(ind),nan,nan,nan,nan,nan,nan
-nan(ind),-nan(ind),-nan(ind),-nan(ind),-nan(ind),-nan(ind),-nan(ind),-nan(ind),-nan(ind),-nan(ind),nan,nan,nan,nan,nan,nan
-nan(ind),-nan(ind),-nan(ind),-nan(ind),-nan(ind),-nan(ind),-nan(ind),-nan(ind),-nan(ind),-nan(ind),nan,nan,nan,nan,nan,nan
-nan(ind),-nan(ind),-nan(ind),-nan(ind),-nan(ind),-nan(ind),-nan(ind),-nan(ind),-nan(ind),-nan(ind),nan,nan,nan,nan,nan,nan
-nan(ind),-nan(ind),-nan(ind),-nan(ind),-nan(ind),-nan(ind),-nan(ind),-nan(ind),-nan(ind),-nan(ind),nan,nan,nan,nan,nan,nan
-nan(ind),-nan(ind),-nan(ind),-nan(ind),-nan(ind),-nan(ind),-nan(ind),-nan(ind),-nan(ind),-nan(ind),nan,nan,nan,nan,nan,nan
-nan(ind),-nan(ind),-nan(ind),-nan(ind),-nan(ind),-nan(ind),-nan(ind),-nan(ind),-nan(ind),-nan(ind),nan,nan,nan,nan,nan,nan
-nan(ind),-nan(ind),-nan(ind),-nan(ind),-nan(ind),-nan(ind),-nan(ind),-nan(ind),-nan(ind),-nan(ind),nan,nan,nan,nan,nan,nan
-nan(ind),-nan(ind),-nan(ind),-nan(ind),-nan(ind),-nan(ind),-nan(ind),-nan(ind),-nan(ind),-nan(ind),nan,nan,nan,nan,nan,nan
-nan(ind),-nan(ind),-nan(ind),-nan(ind),-nan(ind),-nan(ind),-nan(ind),-nan(ind),-nan(ind),-nan(ind),nan,nan,nan,nan,nan,nan
-nan(ind),-nan(ind),-nan(ind),-nan(ind),-nan(ind),-nan(ind),-nan(ind),-nan(ind),-nan(ind),-nan(ind),nan,nan,nan,nan,nan,nan
-nan(ind),-nan(ind),-nan(ind),-nan(ind),-nan(ind),-nan(ind),-nan(ind),-nan(ind),-nan(ind),-nan(ind),nan,nan,nan,nan,nan,nan
-nan(ind),-nan(ind),-nan(ind),-nan(ind),-nan(ind),-nan(ind),-nan(ind),-nan(ind),-nan(ind),-nan(ind),nan,nan,nan,nan,nan,nan
-nan(ind),-nan(ind),-nan(ind),-nan(ind),-nan(ind),-nan(ind),-nan(ind),-nan(ind),-nan(ind),-nan(ind),nan,nan,nan,nan,nan,nan
-nan(ind),-nan(ind),-nan(ind),-nan(ind),-nan(ind),-nan(ind),-nan(ind),-nan(ind),-nan(ind),-nan(ind),nan,nan,nan,nan,nan,nan
-nan(ind),-nan(ind),-nan(ind),-nan(ind),-nan(ind),-nan(ind),-nan(ind),-nan(ind),-nan(ind),-nan(ind),nan,nan,nan,nan,nan,nan
-nan(ind),-nan(ind),-nan(ind),-nan(ind),-nan(ind),-nan(ind),-nan(ind),-nan(ind),-nan(ind),-nan(ind),nan,nan,nan,nan,nan,nan
-nan(ind),-nan(ind),-nan(ind),-nan(ind),-nan(ind),-nan(ind),-nan(ind),-nan(ind),-nan(ind),-nan(ind),nan,nan,nan,nan,nan,nan
-nan(ind),-nan(ind),-nan(ind),-nan(ind),-nan(ind),-nan(ind),-nan(ind),-nan(ind),-nan(ind),-nan(ind),nan,nan,nan,nan,nan,nan
-nan(ind),-nan(ind),-nan(ind),-nan(ind),-nan(ind),-nan(ind),-nan(ind),-nan(ind),-nan(ind),-nan(ind),nan,nan,nan,nan,nan,nan
-nan(ind),-nan(ind),-nan(ind),-nan(ind),-nan(ind),-nan(ind),-nan(ind),-nan(ind),-nan(ind),-nan(ind),nan,nan,nan,nan,nan,nan
-nan(ind),-nan(ind),-nan(ind),-nan(ind),-nan(ind),-nan(ind),-nan(ind),-nan(ind),-nan(ind),-nan(ind),nan,nan,nan,nan,nan,nan
-nan(ind),-nan(ind),-nan(ind),-nan(ind),-nan(ind),-nan(ind),-nan(ind),-nan(ind),-nan(ind),-nan(ind),nan,nan,nan,nan,nan,nan
-nan(ind),-nan(ind),-nan(ind),-nan(ind),-nan(ind),-nan(ind),-nan(ind),-nan(ind),-nan(ind),-nan(ind),nan,nan,nan,nan,nan,nan
-nan(ind),-nan(ind),-nan(ind),-nan(ind),-nan(ind),-nan(ind),-nan(ind),-nan(ind),-nan(ind),-nan(ind),nan,nan,nan,nan,nan,nan
-nan(ind),-nan(ind),-nan(ind),-nan(ind),-nan(ind),-nan(ind),-nan(ind),-nan(ind),-nan(ind),-nan(ind),nan,nan,nan,nan,nan,nan
-nan(ind),-nan(ind),-nan(ind),-nan(ind),-nan(ind),-nan(ind),-nan(ind),-nan(ind),-nan(ind),-nan(ind),nan,nan,nan,nan,nan,nan
-nan(ind),-nan(ind),-nan(ind),-nan(ind),-nan(ind),-nan(ind),-nan(ind),-nan(ind),-nan(ind),-nan(ind),nan,nan,nan,nan,nan,nan
-nan(ind),-nan(ind),-nan(ind),-nan(ind),-nan(ind),-nan(ind),-nan(ind),-nan(ind),-nan(ind),-nan(ind),nan,nan,nan,nan,nan,nan
-nan(ind),-nan(ind),-nan(ind),-nan(ind),-nan(ind),-nan(ind),-nan(ind),-nan(ind),-nan(ind),-nan(ind),nan,nan,nan,nan,nan,nan
-nan(ind),-nan(ind),-nan(ind),-nan(ind),-nan(ind),-nan(ind),-nan(ind),-nan(ind),-nan(ind),-nan(ind),nan,nan,nan,nan,nan,nan
-nan(ind),-nan(ind),-nan(ind),-nan(ind),-nan(ind),-nan(ind),-nan(ind),-nan(ind),-nan(ind),-nan(ind),nan,nan,nan,nan,nan,nan
-nan(ind),-nan(ind),-nan(ind),-nan(ind),-nan(ind),-nan(ind),-nan(ind),-nan(ind),-nan(ind),-nan(ind),nan,nan,nan,nan,nan,nan
-nan(ind),-nan(ind),-nan(ind),-nan(ind),-nan(ind),-nan(ind),-nan(ind),-nan(ind),-nan(ind),-nan(ind),nan,nan,nan,nan,nan,nan
-nan(ind),-nan(ind),-nan(ind),-nan(ind),-nan(ind),-nan(ind),-nan(ind),-nan(ind),-nan(ind),-nan(ind),nan,nan,nan,nan,nan,nan
-nan(ind),-nan(ind),-nan(ind),-nan(ind),-nan(ind),-nan(ind),-nan(ind),-nan(ind),-nan(ind),-nan(ind),nan,nan,nan,nan,nan,nan
-nan(ind),-nan(ind),-nan(ind),-nan(ind),-nan(ind),-nan(ind),-nan(ind),-nan(ind),-nan(ind),-nan(ind),nan,nan,nan,nan,nan,nan
-nan(ind),-nan(ind),-nan(ind),-nan(ind),-nan(ind),-nan(ind),-nan(ind),-nan(ind),-nan(ind),-nan(ind),nan,nan,nan,nan,nan,nan
-nan(ind),-nan(ind),-nan(ind),-nan(ind),-nan(ind),-nan(ind),-nan(ind),-nan(ind),-nan(ind),-nan(ind),nan,nan,nan,nan,nan,nan
-nan(ind),-nan(ind),-nan(ind),-nan(ind),-nan(ind),-nan(ind),-nan(ind),-nan(ind),-nan(ind),-nan(ind),nan,nan,nan,nan,nan,nan
-nan(ind),-nan(ind),-nan(ind),-nan(ind),-nan(ind),-nan(ind),-nan(ind),-nan(ind),-nan(ind),-nan(ind),nan,nan,nan,nan,nan,nan
-nan(ind),-nan(ind),-nan(ind),-nan(ind),-nan(ind),-nan(ind),-nan(ind),-nan(ind),-nan(ind),-nan(ind),nan,nan,nan,nan,nan,nan
-nan(ind),-nan(ind),-nan(ind),-nan(ind),-nan(ind),-nan(ind),-nan(ind),-nan(ind),-nan(ind),-nan(ind),nan,nan,nan,nan,nan,nan
-nan(ind),-nan(ind),-nan(ind),-nan(ind),-nan(ind),-nan(ind),-nan(ind),-nan(ind),-nan(ind),-nan(ind),nan,nan,nan,nan,nan,nan
-nan(ind),-nan(ind),-nan(ind),-nan(ind),-nan(ind),-nan(ind),-nan(ind),-nan(ind),-nan(ind),-nan(ind),nan,nan,nan,nan,nan,nan
-nan(ind),-nan(ind),-nan(ind),-nan(ind),-nan(ind),-nan(ind),-nan(ind),-nan(ind),-nan(ind),-nan(ind),nan,nan,nan,nan,nan,nan
-nan(ind),-nan(ind),-nan(ind),-nan(ind),-nan(ind),-nan(ind),-nan(ind),-nan(ind),-nan(ind),-nan(ind),nan,nan,nan,nan,nan,nan
-nan(ind),-nan(ind),-nan(ind),-nan(ind),-nan(ind),-nan(ind),-nan(ind),-nan(ind),-nan(ind),-nan(ind),nan,nan,nan,nan,nan,nan
-nan(ind),-nan(ind),-nan(ind),-nan(ind),-nan(ind),-nan(ind),-nan(ind),-nan(ind),-nan(ind),-nan(ind),nan,nan,nan,nan,nan,nan
-nan(ind),-nan(ind),-nan(ind),-nan(ind),-nan(ind),-nan(ind),-nan(ind),-nan(ind),-nan(ind),-nan(ind),nan,nan,nan,nan,nan,nan
-nan(ind),-nan(ind),-nan(ind),-nan(ind),-nan(ind),-nan(ind),-nan(ind),-nan(ind),-nan(ind),-nan(ind),nan,nan,nan,nan,nan,nan
-nan(ind),-nan(ind),-nan(ind),-nan(ind),-nan(ind),-nan(ind),-nan(ind),-nan(ind),-nan(ind),-nan(ind),nan,nan,nan,nan,nan,nan
-nan(ind),-nan(ind),-nan(ind),-nan(ind),-nan(ind),-nan(ind),-nan(ind),-nan(ind),-nan(ind),-nan(ind),nan,nan,nan,nan,nan,nan
-nan(ind),-nan(ind),-nan(ind),-nan(ind),-nan(ind),-nan(ind),-nan(ind),-nan(ind),-nan(ind),-nan(ind),nan,nan,nan,nan,nan,nan
-nan(ind),-nan(ind),-nan(ind),-nan(ind),-nan(ind),-nan(ind),-nan(ind),-nan(ind),-nan(ind),-nan(ind),nan,nan,nan,nan,nan,nan
-nan(ind),-nan(ind),-nan(ind),-nan(ind),-nan(ind),-nan(ind),-nan(ind),-nan(ind),-nan(ind),-nan(ind),nan,nan,nan,nan,nan,nan
-nan(ind),-nan(ind),-nan(ind),-nan(ind),-nan(ind),-nan(ind),-nan(ind),-nan(ind),-nan(ind),-nan(ind),nan,nan,nan,nan,nan,nan
-nan(ind),-nan(ind),-nan(ind),-nan(ind),-nan(ind),-nan(ind),-nan(ind),-nan(ind),-nan(ind),-nan(ind),nan,nan,nan,nan,nan,nan
-nan(ind),-nan(ind),-nan(ind),-nan(ind),-nan(ind),-nan(ind),-nan(ind),-nan(ind),-nan(ind),-nan(ind),nan,nan,nan,nan,nan,nan
-nan(ind),-nan(ind),-nan(ind),-nan(ind),-nan(ind),-nan(ind),-nan(ind),-nan(ind),-nan(ind),-nan(ind),nan,nan,nan,nan,nan,nan
-nan(ind),-nan(ind),-nan(ind),-nan(ind),-nan(ind),-nan(ind),-nan(ind),-nan(ind),-nan(ind),-nan(ind),nan,nan,nan,nan,nan,nan
-nan(ind),-nan(ind),-nan(ind),-nan(ind),-nan(ind),-nan(ind),-nan(ind),-nan(ind),-nan(ind),-nan(ind),nan,nan,nan,nan,nan,nan
-nan(ind),-nan(ind),-nan(ind),-nan(ind),-nan(ind),-nan(ind),-nan(ind),-nan(ind),-nan(ind),-nan(ind),nan,nan,nan,nan,nan,nan
-nan(ind),-nan(ind),-nan(ind),-nan(ind),-nan(ind),-nan(ind),-nan(ind),-nan(ind),-nan(ind),-nan(ind),nan,nan,nan,nan,nan,nan
-nan(ind),-nan(ind),-nan(ind),-nan(ind),-nan(ind),-nan(ind),-nan(ind),-nan(ind),-nan(ind),-nan(ind),nan,nan,nan,nan,nan,nan
-nan(ind),-nan(ind),-nan(ind),-nan(ind),-nan(ind),-nan(ind),-nan(ind),-nan(ind),-nan(ind),-nan(ind),nan,nan,nan,nan,nan,nan
-nan(ind),-nan(ind),-nan(ind),-nan(ind),-nan(ind),-nan(ind),-nan(ind),-nan(ind),-nan(ind),-nan(ind),nan,nan,nan,nan,nan,nan
-nan(ind),-nan(ind),-nan(ind),-nan(ind),-nan(ind),-nan(ind),-nan(ind),-nan(ind),-nan(ind),-nan(ind),nan,nan,nan,nan,nan,nan
-nan(ind),-nan(ind),-nan(ind),-nan(ind),-nan(ind),-nan(ind),-nan(ind),-nan(ind),-nan(ind),-nan(ind),nan,nan,nan,nan,nan,nan
-nan(ind),-nan(ind),-nan(ind),-nan(ind),-nan(ind),-nan(ind),-nan(ind),-nan(ind),-nan(ind),-nan(ind),nan,nan,nan,nan,nan,nan
-nan(ind),-nan(ind),-nan(ind),-nan(ind),-nan(ind),-nan(ind),-nan(ind),-nan(ind),-nan(ind),-nan(ind),nan,nan,nan,nan,nan,nan
-nan(ind),-nan(ind),-nan(ind),-nan(ind),-nan(ind),-nan(ind),-nan(ind),-nan(ind),-nan(ind),-nan(ind),nan,nan,nan,nan,nan,nan
-nan(ind),-nan(ind),-nan(ind),-nan(ind),-nan(ind),-nan(ind),-nan(ind),-nan(ind),-nan(ind),-nan(ind),nan,nan,nan,nan,nan,nan
-nan(ind),-nan(ind),-nan(ind),-nan(ind),-nan(ind),-nan(ind),-nan(ind),-nan(ind),-nan(ind),-nan(ind),nan,nan,nan,nan,nan,nan
-nan(ind),-nan(ind),-nan(ind),-nan(ind),-nan(ind),-nan(ind),-nan(ind),-nan(ind),-nan(ind),-nan(ind),nan,nan,nan,nan,nan,nan
-nan(ind),-nan(ind),-nan(ind),-nan(ind),-nan(ind),-nan(ind),-nan(ind),-nan(ind),-nan(ind),-nan(ind),nan,nan,nan,nan,nan,nan
-nan(ind),-nan(ind),-nan(ind),-nan(ind),-nan(ind),-nan(ind),-nan(ind),-nan(ind),-nan(ind),-nan(ind),nan,nan,nan,nan,nan,nan
-nan(ind),-nan(ind),-nan(ind),-nan(ind),-nan(ind),-nan(ind),-nan(ind),-nan(ind),-nan(ind),-nan(ind),nan,nan,nan,nan,nan,nan
-nan(ind),-nan(ind),-nan(ind),-nan(ind),-nan(ind),-nan(ind),-nan(ind),-nan(ind),-nan(ind),-nan(ind),nan,nan,nan,nan,nan,nan
-nan(ind),-nan(ind),-nan(ind),-nan(ind),-nan(ind),-nan(ind),-nan(ind),-nan(ind),-nan(ind),-nan(ind),nan,nan,nan,nan,nan,nan
-nan(ind),-nan(ind),-nan(ind),-nan(ind),-nan(ind),-nan(ind),-nan(ind),-nan(ind),-nan(ind),-nan(ind),nan,nan,nan,nan,nan,nan
-nan(ind),-nan(ind),-nan(ind),-nan(ind),-nan(ind),-nan(ind),-nan(ind),-nan(ind),-nan(ind),-nan(ind),nan,nan,nan,nan,nan,nan
-nan(ind),-nan(ind),-nan(ind),-nan(ind),-nan(ind),-nan(ind),-nan(ind),-nan(ind),-nan(ind),-nan(ind),nan,nan,nan,nan,nan,nan
-nan(ind),-nan(ind),-nan(ind),-nan(ind),-nan(ind),-nan(ind),-nan(ind),-nan(ind),-nan(ind),-nan(ind),nan,nan,nan,nan,nan,nan
-nan(ind),-nan(ind),-nan(ind),-nan(ind),-nan(ind),-nan(ind),-nan(ind),-nan(ind),-nan(ind),-nan(ind),nan,nan,nan,nan,nan,nan
-nan(ind),-nan(ind),-nan(ind),-nan(ind),-nan(ind),-nan(ind),-nan(ind),-nan(ind),-nan(ind),-nan(ind),nan,nan,nan,nan,nan,nan
-nan(ind),-nan(ind),-nan(ind),-nan(ind),-nan(ind),-nan(ind),-nan(ind),-nan(ind),-nan(ind),-nan(ind),nan,nan,nan,nan,nan,nan
-nan(ind),-nan(ind),-nan(ind),-nan(ind),-nan(ind),-nan(ind),-nan(ind),-nan(ind),-nan(ind),-nan(ind),nan,nan,nan,nan,nan,nan
-nan(ind),-nan(ind),-nan(ind),-nan(ind),-nan(ind),-nan(ind),-nan(ind),-nan(ind),-nan(ind),-nan(ind),nan,nan,nan,nan,nan,nan
-nan(ind),-nan(ind),-nan(ind),-nan(ind),-nan(ind),-nan(ind),-nan(ind),-nan(ind),-nan(ind),-nan(ind),nan,nan,nan,nan,nan,nan
-nan(ind),-nan(ind),-nan(ind),-nan(ind),-nan(ind),-nan(ind),-nan(ind),-nan(ind),-nan(ind),-nan(ind),nan,nan,nan,nan,nan,nan
-nan(ind),-nan(ind),-nan(ind),-nan(ind),-nan(ind),-nan(ind),-nan(ind),-nan(ind),-nan(ind),-nan(ind),nan,nan,nan,nan,nan,nan
-nan(ind),-nan(ind),-nan(ind),-nan(ind),-nan(ind),-nan(ind),-nan(ind),-nan(ind),-nan(ind),-nan(ind),nan,nan,nan,nan,nan,nan
-nan(ind),-nan(ind),-nan(ind),-nan(ind),-nan(ind),-nan(ind),-nan(ind),-nan(ind),-nan(ind),-nan(ind),nan,nan,nan,nan,nan,nan
-nan(ind),-nan(ind),-nan(ind),-nan(ind),-nan(ind),-nan(ind),-nan(ind),-nan(ind),-nan(ind),-nan(ind),nan,nan,nan,nan,nan,nan
-nan(ind),-nan(ind),-nan(ind),-nan(ind),-nan(ind),-nan(ind),-nan(ind),-nan(ind),-nan(ind),-nan(ind),nan,nan,nan,nan,nan,nan
-nan(ind),-nan(ind),-nan(ind),-nan(ind),-nan(ind),-nan(ind),-nan(ind),-nan(ind),-nan(ind),-nan(ind),nan,nan,nan,nan,nan,nan
-nan(ind),-nan(ind),-nan(ind),-nan(ind),-nan(ind),-nan(ind),-nan(ind),-nan(ind),-nan(ind),-nan(ind),nan,nan,nan,nan,nan,nan
-nan(ind),-nan(ind),-nan(ind),-nan(ind),-nan(ind),-nan(ind),-nan(ind),-nan(ind),-nan(ind),-nan(ind),nan,nan,nan,nan,nan,nan
-nan(ind),-nan(ind),-nan(ind),-nan(ind),-nan(ind),-nan(ind),-nan(ind),-nan(ind),-nan(ind),-nan(ind),nan,nan,nan,nan,nan,nan
-nan(ind),-nan(ind),-nan(ind),-nan(ind),-nan(ind),-nan(ind),-nan(ind),-nan(ind),-nan(ind),-nan(ind),nan,nan,nan,nan,nan,nan
-nan(ind),-nan(ind),-nan(ind),-nan(ind),-nan(ind),-nan(ind),-nan(ind),-nan(ind),-nan(ind),-nan(ind),nan,nan,nan,nan,nan,nan
-nan(ind),-nan(ind),-nan(ind),-nan(ind),-nan(ind),-nan(ind),-nan(ind),-nan(ind),-nan(ind),-nan(ind),nan,nan,nan,nan,nan,nan
-nan(ind),-nan(ind),-nan(ind),-nan(ind),-nan(ind),-nan(ind),-nan(ind),-nan(ind),-nan(ind),-nan(ind),nan,nan,nan,nan,nan,nan
-nan(ind),-nan(ind),-nan(ind),-nan(ind),-nan(ind),-nan(ind),-nan(ind),-nan(ind),-nan(ind),-nan(ind),nan,nan,nan,nan,nan,nan
-nan(ind),-nan(ind),-nan(ind),-nan(ind),-nan(ind),-nan(ind),-nan(ind),-nan(ind),-nan(ind),-nan(ind),nan,nan,nan,nan,nan,nan
-nan(ind),-nan(ind),-nan(ind),-nan(ind),-nan(ind),-nan(ind),-nan(ind),-nan(ind),-nan(ind),-nan(ind),nan,nan,nan,nan,nan,nan
-nan(ind),-nan(ind),-nan(ind),-nan(ind),-nan(ind),-nan(ind),-nan(ind),-nan(ind),-nan(ind),-nan(ind),nan,nan,nan,nan,nan,nan
-nan(ind),-nan(ind),-nan(ind),-nan(ind),-nan(ind),-nan(ind),-nan(ind),-nan(ind),-nan(ind),-nan(ind),nan,nan,nan,nan,nan,nan
-nan(ind),-nan(ind),-nan(ind),-nan(ind),-nan(ind),-nan(ind),-nan(ind),-nan(ind),-nan(ind),-nan(ind),nan,nan,nan,nan,nan,nan
-nan(ind),-nan(ind),-nan(ind),-nan(ind),-nan(ind),-nan(ind),-nan(ind),-nan(ind),-nan(ind),-nan(ind),nan,nan,nan,nan,nan,nan
-nan(ind),-nan(ind),-nan(ind),-nan(ind),-nan(ind),-nan(ind),-nan(ind),-nan(ind),-nan(ind),-nan(ind),nan,nan,nan,nan,nan,nan
-nan(ind),-nan(ind),-nan(ind),-nan(ind),-nan(ind),-nan(ind),-nan(ind),-nan(ind),-nan(ind),-nan(ind),nan,nan,nan,nan,nan,nan
-nan(ind),-nan(ind),-nan(ind),-nan(ind),-nan(ind),-nan(ind),-nan(ind),-nan(ind),-nan(ind),-nan(ind),nan,nan,nan,nan,nan,nan
-nan(ind),-nan(ind),-nan(ind),-nan(ind),-nan(ind),-nan(ind),-nan(ind),-nan(ind),-nan(ind),-nan(ind),nan,nan,nan,nan,nan,nan
-nan(ind),-nan(ind),-nan(ind),-nan(ind),-nan(ind),-nan(ind),-nan(ind),-nan(ind),-nan(ind),-nan(ind),nan,nan,nan,nan,nan,nan
-nan(ind),-nan(ind),-nan(ind),-nan(ind),-nan(ind),-nan(ind),-nan(ind),-nan(ind),-nan(ind),-nan(ind),nan,nan,nan,nan,nan,nan
-nan(ind),-nan(ind),-nan(ind),-nan(ind),-nan(ind),-nan(ind),-nan(ind),-nan(ind),-nan(ind),-nan(ind),nan,nan,nan,nan,nan,nan
-nan(ind),-nan(ind),-nan(ind),-nan(ind),-nan(ind),-nan(ind),-nan(ind),-nan(ind),-nan(ind),-nan(ind),nan,nan,nan,nan,nan,nan
-nan(ind),-nan(ind),-nan(ind),-nan(ind),-nan(ind),-nan(ind),-nan(ind),-nan(ind),-nan(ind),-nan(ind),nan,nan,nan,nan,nan,nan
-nan(ind),-nan(ind),-nan(ind),-nan(ind),-nan(ind),-nan(ind),-nan(ind),-nan(ind),-nan(ind),-nan(ind),nan,nan,nan,nan,nan,nan
-nan(ind),-nan(ind),-nan(ind),-nan(ind),-nan(ind),-nan(ind),-nan(ind),-nan(ind),-nan(ind),-nan(ind),nan,nan,nan,nan,nan,nan
-nan(ind),-nan(ind),-nan(ind),-nan(ind),-nan(ind),-nan(ind),-nan(ind),-nan(ind),-nan(ind),-nan(ind),nan,nan,nan,nan,nan,nan
-nan(ind),-nan(ind),-nan(ind),-nan(ind),-nan(ind),-nan(ind),-nan(ind),-nan(ind),-nan(ind),-nan(ind),nan,nan,nan,nan,nan,nan
-nan(ind),-nan(ind),-nan(ind),-nan(ind),-nan(ind),-nan(ind),-nan(ind),-nan(ind),-nan(ind),-nan(ind),nan,nan,nan,nan,nan,nan
-nan(ind),-nan(ind),-nan(ind),-nan(ind),-nan(ind),-nan(ind),-nan(ind),-nan(ind),-nan(ind),-nan(ind),nan,nan,nan,nan,nan,nan
-nan(ind),-nan(ind),-nan(ind),-nan(ind),-nan(ind),-nan(ind),-nan(ind),-nan(ind),-nan(ind),-nan(ind),nan,nan,nan,nan,nan,nan
-nan(ind),-nan(ind),-nan(ind),-nan(ind),-nan(ind),-nan(ind),-nan(ind),-nan(ind),-nan(ind),-nan(ind),nan,nan,nan,nan,nan,nan
-nan(ind),-nan(ind),-nan(ind),-nan(ind),-nan(ind),-nan(ind),-nan(ind),-nan(ind),-nan(ind),-nan(ind),nan,nan,nan,nan,nan,nan
-nan(ind),-nan(ind),-nan(ind),-nan(ind),-nan(ind),-nan(ind),-nan(ind),-nan(ind),-nan(ind),-nan(ind),nan,nan,nan,nan,nan,nan
-nan(ind),-nan(ind),-nan(ind),-nan(ind),-nan(ind),-nan(ind),-nan(ind),-nan(ind),-nan(ind),-nan(ind),nan,nan,nan,nan,nan,nan
-nan(ind),-nan(ind),-nan(ind),-nan(ind),-nan(ind),-nan(ind),-nan(ind),-nan(ind),-nan(ind),-nan(ind),nan,nan,nan,nan,nan,nan
-nan(ind),-nan(ind),-nan(ind),-nan(ind),-nan(ind),-nan(ind),-nan(ind),-nan(ind),-nan(ind),-nan(ind),nan,nan,nan,nan,nan,nan
-nan(ind),-nan(ind),-nan(ind),-nan(ind),-nan(ind),-nan(ind),-nan(ind),-nan(ind),-nan(ind),-nan(ind),nan,nan,nan,nan,nan,nan
-nan(ind),-nan(ind),-nan(ind),-nan(ind),-nan(ind),-nan(ind),-nan(ind),-nan(ind),-nan(ind),-nan(ind),nan,nan,nan,nan,nan,nan
-nan(ind),-nan(ind),-nan(ind),-nan(ind),-nan(ind),-nan(ind),-nan(ind),-nan(ind),-nan(ind),-nan(ind),nan,nan,nan,nan,nan,nan
-nan(ind),-nan(ind),-nan(ind),-nan(ind),-nan(ind),-nan(ind),-nan(ind),-nan(ind),-nan(ind),-nan(ind),nan,nan,nan,nan,nan,nan
-nan(ind),-nan(ind),-nan(ind),-nan(ind),-nan(ind),-nan(ind),-nan(ind),-nan(ind),-nan(ind),-nan(ind),nan,nan,nan,nan,nan,nan
-nan(ind),-nan(ind),-nan(ind),-nan(ind),-nan(ind),-nan(ind),-nan(ind),-nan(ind),-nan(ind),-nan(ind),nan,nan,nan,nan,nan,nan
-nan(ind),-nan(ind),-nan(ind),-nan(ind),-nan(ind),-nan(ind),-nan(ind),-nan(ind),-nan(ind),-nan(ind),nan,nan,nan,nan,nan,nan
-nan(ind),-nan(ind),-nan(ind),-nan(ind),-nan(ind),-nan(ind),-nan(ind),-nan(ind),-nan(ind),-nan(ind),nan,nan,nan,nan,nan,nan
-nan(ind),-nan(ind),-nan(ind),-nan(ind),-nan(ind),-nan(ind),-nan(ind),-nan(ind),-nan(ind),-nan(ind),nan,nan,nan,nan,nan,nan
-nan(ind),-nan(ind),-nan(ind),-nan(ind),-nan(ind),-nan(ind),-nan(ind),-nan(ind),-nan(ind),-nan(ind),nan,nan,nan,nan,nan,nan
-nan(ind),-nan(ind),-nan(ind),-nan(ind),-nan(ind),-nan(ind),-nan(ind),-nan(ind),-nan(ind),-nan(ind),nan,nan,nan,nan,nan,nan
-nan(ind),-nan(ind),-nan(ind),-nan(ind),-nan(ind),-nan(ind),-nan(ind),-nan(ind),-nan(ind),-nan(ind),nan,nan,nan,nan,nan,nan
-nan(ind),-nan(ind),-nan(ind),-nan(ind),-nan(ind),-nan(ind),-nan(ind),-nan(ind),-nan(ind),-nan(ind),nan,nan,nan,nan,nan,nan
-nan(ind),-nan(ind),-nan(ind),-nan(ind),-nan(ind),-nan(ind),-nan(ind),-nan(ind),-nan(ind),-nan(ind),nan,nan,nan,nan,nan,nan
-nan(ind),-nan(ind),-nan(ind),-nan(ind),-nan(ind),-nan(ind),-nan(ind),-nan(ind),-nan(ind),-nan(ind),nan,nan,nan,nan,nan,nan
-nan(ind),-nan(ind),-nan(ind),-nan(ind),-nan(ind),-nan(ind),-nan(ind),-nan(ind),-nan(ind),-nan(ind),nan,nan,nan,nan,nan,nan
-nan(ind),-nan(ind),-nan(ind),-nan(ind),-nan(ind),-nan(ind),-nan(ind),-nan(ind),-nan(ind),-nan(ind),nan,nan,nan,nan,nan,nan
-nan(ind),-nan(ind),-nan(ind),-nan(ind),-nan(ind),-nan(ind),-nan(ind),-nan(ind),-nan(ind),-nan(ind),nan,nan,nan,nan,nan,nan
-nan(ind),-nan(ind),-nan(ind),-nan(ind),-nan(ind),-nan(ind),-nan(ind),-nan(ind),-nan(ind),-nan(ind),nan,nan,nan,nan,nan,nan
-nan(ind),-nan(ind),-nan(ind),-nan(ind),-nan(ind),-nan(ind),-nan(ind),-nan(ind),-nan(ind),-nan(ind),nan,nan,nan,nan,nan,nan
-nan(ind),-nan(ind),-nan(ind),-nan(ind),-nan(ind),-nan(ind),-nan(ind),-nan(ind),-nan(ind),-nan(ind),nan,nan,nan,nan,nan,nan
-nan(ind),-nan(ind),-nan(ind),-nan(ind),-nan(ind),-nan(ind),-nan(ind),-nan(ind),-nan(ind),-nan(ind),nan,nan,nan,nan,nan,nan
-nan(ind),-nan(ind),-nan(ind),-nan(ind),-nan(ind),-nan(ind),-nan(ind),-nan(ind),-nan(ind),-nan(ind),nan,nan,nan,nan,nan,nan
-nan(ind),-nan(ind),-nan(ind),-nan(ind),-nan(ind),-nan(ind),-nan(ind),-nan(ind),-nan(ind),-nan(ind),nan,nan,nan,nan,nan,nan
-nan(ind),-nan(ind),-nan(ind),-nan(ind),-nan(ind),-nan(ind),-nan(ind),-nan(ind),-nan(ind),-nan(ind),nan,nan,nan,nan,nan,nan
-nan(ind),-nan(ind),-nan(ind),-nan(ind),-nan(ind),-nan(ind),-nan(ind),-nan(ind),-nan(ind),-nan(ind),nan,nan,nan,nan,nan,nan
-nan(ind),-nan(ind),-nan(ind),-nan(ind),-nan(ind),-nan(ind),-nan(ind),-nan(ind),-nan(ind),-nan(ind),nan,nan,nan,nan,nan,nan
-nan(ind),-nan(ind),-nan(ind),-nan(ind),-nan(ind),-nan(ind),-nan(ind),-nan(ind),-nan(ind),-nan(ind),nan,nan,nan,nan,nan,nan
-nan(ind),-nan(ind),-nan(ind),-nan(ind),-nan(ind),-nan(ind),-nan(ind),-nan(ind),-nan(ind),-nan(ind),nan,nan,nan,nan,nan,nan
-nan(ind),-nan(ind),-nan(ind),-nan(ind),-nan(ind),-nan(ind),-nan(ind),-nan(ind),-nan(ind),-nan(ind),nan,nan,nan,nan,nan,nan
-nan(ind),-nan(ind),-nan(ind),-nan(ind),-nan(ind),-nan(ind),-nan(ind),-nan(ind),-nan(ind),-nan(ind),nan,nan,nan,nan,nan,nan
-nan(ind),-nan(ind),-nan(ind),-nan(ind),-nan(ind),-nan(ind),-nan(ind),-nan(ind),-nan(ind),-nan(ind),nan,nan,nan,nan,nan,nan
-nan(ind),-nan(ind),-nan(ind),-nan(ind),-nan(ind),-nan(ind),-nan(ind),-nan(ind),-nan(ind),-nan(ind),nan,nan,nan,nan,nan,nan
-nan(ind),-nan(ind),-nan(ind),-nan(ind),-nan(ind),-nan(ind),-nan(ind),-nan(ind),-nan(ind),-nan(ind),nan,nan,nan,nan,nan,nan
-nan(ind),-nan(ind),-nan(ind),-nan(ind),-nan(ind),-nan(ind),-nan(ind),-nan(ind),-nan(ind),-nan(ind),nan,nan,nan,nan,nan,nan
-nan(ind),-nan(ind),-nan(ind),-nan(ind),-nan(ind),-nan(ind),-nan(ind),-nan(ind),-nan(ind),-nan(ind),nan,nan,nan,nan,nan,nan
-nan(ind),-nan(ind),-nan(ind),-nan(ind),-nan(ind),-nan(ind),-nan(ind),-nan(ind),-nan(ind),-nan(ind),nan,nan,nan,nan,nan,nan
-nan(ind),-nan(ind),-nan(ind),-nan(ind),-nan(ind),-nan(ind),-nan(ind),-nan(ind),-nan(ind),-nan(ind),nan,nan,nan,nan,nan,nan
-nan(ind),-nan(ind),-nan(ind),-nan(ind),-nan(ind),-nan(ind),-nan(ind),-nan(ind),-nan(ind),-nan(ind),nan,nan,nan,nan,nan,nan
-nan(ind),-nan(ind),-nan(ind),-nan(ind),-nan(ind),-nan(ind),-nan(ind),-nan(ind),-nan(ind),-nan(ind),nan,nan,nan,nan,nan,nan
-nan(ind),-nan(ind),-nan(ind),-nan(ind),-nan(ind),-nan(ind),-nan(ind),-nan(ind),-nan(ind),-nan(ind),nan,nan,nan,nan,nan,nan
-nan(ind),-nan(ind),-nan(ind),-nan(ind),-nan(ind),-nan(ind),-nan(ind),-nan(ind),-nan(ind),-nan(ind),nan,nan,nan,nan,nan,nan
-nan(ind),-nan(ind),-nan(ind),-nan(ind),-nan(ind),-nan(ind),-nan(ind),-nan(ind),-nan(ind),-nan(ind),nan,nan,nan,nan,nan,nan
-nan(ind),-nan(ind),-nan(ind),-nan(ind),-nan(ind),-nan(ind),-nan(ind),-nan(ind),-nan(ind),-nan(ind),nan,nan,nan,nan,nan,nan
-nan(ind),-nan(ind),-nan(ind),-nan(ind),-nan(ind),-nan(ind),-nan(ind),-nan(ind),-nan(ind),-nan(ind),nan,nan,nan,nan,nan,nan
-nan(ind),-nan(ind),-nan(ind),-nan(ind),-nan(ind),-nan(ind),-nan(ind),-nan(ind),-nan(ind),-nan(ind),nan,nan,nan,nan,nan,nan
-nan(ind),-nan(ind),-nan(ind),-nan(ind),-nan(ind),-nan(ind),-nan(ind),-nan(ind),-nan(ind),-nan(ind),nan,nan,nan,nan,nan,nan
-nan(ind),-nan(ind),-nan(ind),-nan(ind),-nan(ind),-nan(ind),-nan(ind),-nan(ind),-nan(ind),-nan(ind),nan,nan,nan,nan,nan,nan
-nan(ind),-nan(ind),-nan(ind),-nan(ind),-nan(ind),-nan(ind),-nan(ind),-nan(ind),-nan(ind),-nan(ind),nan,nan,nan,nan,nan,nan
-nan(ind),-nan(ind),-nan(ind),-nan(ind),-nan(ind),-nan(ind),-nan(ind),-nan(ind),-nan(ind),-nan(ind),nan,nan,nan,nan,nan,nan
-nan(ind),-nan(ind),-nan(ind),-nan(ind),-nan(ind),-nan(ind),-nan(ind),-nan(ind),-nan(ind),-nan(ind),nan,nan,nan,nan,nan,nan
-nan(ind),-nan(ind),-nan(ind),-nan(ind),-nan(ind),-nan(ind),-nan(ind),-nan(ind),-nan(ind),-nan(ind),nan,nan,nan,nan,nan,nan
-nan(ind),-nan(ind),-nan(ind),-nan(ind),-nan(ind),-nan(ind),-nan(ind),-nan(ind),-nan(ind),-nan(ind),nan,nan,nan,nan,nan,nan
-nan(ind),-nan(ind),-nan(ind),-nan(ind),-nan(ind),-nan(ind),-nan(ind),-nan(ind),-nan(ind),-nan(ind),nan,nan,nan,nan,nan,nan
-nan(ind),-nan(ind),-nan(ind),-nan(ind),-nan(ind),-nan(ind),-nan(ind),-nan(ind),-nan(ind),-nan(ind),nan,nan,nan,nan,nan,nan
-nan(ind),-nan(ind),-nan(ind),-nan(ind),-nan(ind),-nan(ind),-nan(ind),-nan(ind),-nan(ind),-nan(ind),nan,nan,nan,nan,nan,nan
-nan(ind),-nan(ind),-nan(ind),-nan(ind),-nan(ind),-nan(ind),-nan(ind),-nan(ind),-nan(ind),-nan(ind),nan,nan,nan,nan,nan,nan
-nan(ind),-nan(ind),-nan(ind),-nan(ind),-nan(ind),-nan(ind),-nan(ind),-nan(ind),-nan(ind),-nan(ind),nan,nan,nan,nan,nan,nan
-nan(ind),-nan(ind),-nan(ind),-nan(ind),-nan(ind),-nan(ind),-nan(ind),-nan(ind),-nan(ind),-nan(ind),nan,nan,nan,nan,nan,nan
-nan(ind),-nan(ind),-nan(ind),-nan(ind),-nan(ind),-nan(ind),-nan(ind),-nan(ind),-nan(ind),-nan(ind),nan,nan,nan,nan,nan,nan
-nan(ind),-nan(ind),-nan(ind),-nan(ind),-nan(ind),-nan(ind),-nan(ind),-nan(ind),-nan(ind),-nan(ind),nan,nan,nan,nan,nan,nan
-nan(ind),-nan(ind),-nan(ind),-nan(ind),-nan(ind),-nan(ind),-nan(ind),-nan(ind),-nan(ind),-nan(ind),nan,nan,nan,nan,nan,nan
-nan(ind),-nan(ind),-nan(ind),-nan(ind),-nan(ind),-nan(ind),-nan(ind),-nan(ind),-nan(ind),-nan(ind),nan,nan,nan,nan,nan,nan
-nan(ind),-nan(ind),-nan(ind),-nan(ind),-nan(ind),-nan(ind),-nan(ind),-nan(ind),-nan(ind),-nan(ind),nan,nan,nan,nan,nan,nan
-nan(ind),-nan(ind),-nan(ind),-nan(ind),-nan(ind),-nan(ind),-nan(ind),-nan(ind),-nan(ind),-nan(ind),nan,nan,nan,nan,nan,nan
-nan(ind),-nan(ind),-nan(ind),-nan(ind),-nan(ind),-nan(ind),-nan(ind),-nan(ind),-nan(ind),-nan(ind),nan,nan,nan,nan,nan,nan
-nan(ind),-nan(ind),-nan(ind),-nan(ind),-nan(ind),-nan(ind),-nan(ind),-nan(ind),-nan(ind),-nan(ind),nan,nan,nan,nan,nan,nan
-nan(ind),-nan(ind),-nan(ind),-nan(ind),-nan(ind),-nan(ind),-nan(ind),-nan(ind),-nan(ind),-nan(ind),nan,nan,nan,nan,nan,nan
-nan(ind),-nan(ind),-nan(ind),-nan(ind),-nan(ind),-nan(ind),-nan(ind),-nan(ind),-nan(ind),-nan(ind),nan,nan,nan,nan,nan,nan
-nan(ind),-nan(ind),-nan(ind),-nan(ind),-nan(ind),-nan(ind),-nan(ind),-nan(ind),-nan(ind),-nan(ind),nan,nan,nan,nan,nan,nan
-nan(ind),-nan(ind),-nan(ind),-nan(ind),-nan(ind),-nan(ind),-nan(ind),-nan(ind),-nan(ind),-nan(ind),nan,nan,nan,nan,nan,nan
-nan(ind),-nan(ind),-nan(ind),-nan(ind),-nan(ind),-nan(ind),-nan(ind),-nan(ind),-nan(ind),-nan(ind),nan,nan,nan,nan,nan,nan
-nan(ind),-nan(ind),-nan(ind),-nan(ind),-nan(ind),-nan(ind),-nan(ind),-nan(ind),-nan(ind),-nan(ind),nan,nan,nan,nan,nan,nan
-nan(ind),-nan(ind),-nan(ind),-nan(ind),-nan(ind),-nan(ind),-nan(ind),-nan(ind),-nan(ind),-nan(ind),nan,nan,nan,nan,nan,nan
-nan(ind),-nan(ind),-nan(ind),-nan(ind),-nan(ind),-nan(ind),-nan(ind),-nan(ind),-nan(ind),-nan(ind),nan,nan,nan,nan,nan,nan
-nan(ind),-nan(ind),-nan(ind),-nan(ind),-nan(ind),-nan(ind),-nan(ind),-nan(ind),-nan(ind),-nan(ind),nan,nan,nan,nan,nan,nan
-nan(ind),-nan(ind),-nan(ind),-nan(ind),-nan(ind),-nan(ind),-nan(ind),-nan(ind),-nan(ind),-nan(ind),nan,nan,nan,nan,nan,nan
-nan(ind),-nan(ind),-nan(ind),-nan(ind),-nan(ind),-nan(ind),-nan(ind),-nan(ind),-nan(ind),-nan(ind),nan,nan,nan,nan,nan,nan
-nan(ind),-nan(ind),-nan(ind),-nan(ind),-nan(ind),-nan(ind),-nan(ind),-nan(ind),-nan(ind),-nan(ind),nan,nan,nan,nan,nan,nan
-nan(ind),-nan(ind),-nan(ind),-nan(ind),-nan(ind),-nan(ind),-nan(ind),-nan(ind),-nan(ind),-nan(ind),nan,nan,nan,nan,nan,nan
-nan(ind),-nan(ind),-nan(ind),-nan(ind),-nan(ind),-nan(ind),-nan(ind),-nan(ind),-nan(ind),-nan(ind),nan,nan,nan,nan,nan,nan
-nan(ind),-nan(ind),-nan(ind),-nan(ind),-nan(ind),-nan(ind),-nan(ind),-nan(ind),-nan(ind),-nan(ind),nan,nan,nan,nan,nan,nan
-nan(ind),-nan(ind),-nan(ind),-nan(ind),-nan(ind),-nan(ind),-nan(ind),-nan(ind),-nan(ind),-nan(ind),nan,nan,nan,nan,nan,nan
-nan(ind),-nan(ind),-nan(ind),-nan(ind),-nan(ind),-nan(ind),-nan(ind),-nan(ind),-nan(ind),-nan(ind),nan,nan,nan,nan,nan,nan
-nan(ind),-nan(ind),-nan(ind),-nan(ind),-nan(ind),-nan(ind),-nan(ind),-nan(ind),-nan(ind),-nan(ind),nan,nan,nan,nan,nan,nan
-nan(ind),-nan(ind),-nan(ind),-nan(ind),-nan(ind),-nan(ind),-nan(ind),-nan(ind),-nan(ind),-nan(ind),nan,nan,nan,nan,nan,nan
-nan(ind),-nan(ind),-nan(ind),-nan(ind),-nan(ind),-nan(ind),-nan(ind),-nan(ind),-nan(ind),-nan(ind),nan,nan,nan,nan,nan,nan
-nan(ind),-nan(ind),-nan(ind),-nan(ind),-nan(ind),-nan(ind),-nan(ind),-nan(ind),-nan(ind),-nan(ind),nan,nan,nan,nan,nan,nan
-nan(ind),-nan(ind),-nan(ind),-nan(ind),-nan(ind),-nan(ind),-nan(ind),-nan(ind),-nan(ind),-nan(ind),nan,nan,nan,nan,nan,nan
-nan(ind),-nan(ind),-nan(ind),-nan(ind),-nan(ind),-nan(ind),-nan(ind),-nan(ind),-nan(ind),-nan(ind),nan,nan,nan,nan,nan,nan
-nan(ind),-nan(ind),-nan(ind),-nan(ind),-nan(ind),-nan(ind),-nan(ind),-nan(ind),-nan(ind),-nan(ind),nan,nan,nan,nan,nan,nan
-nan(ind),-nan(ind),-nan(ind),-nan(ind),-nan(ind),-nan(ind),-nan(ind),-nan(ind),-nan(ind),-nan(ind),nan,nan,nan,nan,nan,nan
-nan(ind),-nan(ind),-nan(ind),-nan(ind),-nan(ind),-nan(ind),-nan(ind),-nan(ind),-nan(ind),-nan(ind),nan,nan,nan,nan,nan,nan
-nan(ind),-nan(ind),-nan(ind),-nan(ind),-nan(ind),-nan(ind),-nan(ind),-nan(ind),-nan(ind),-nan(ind),nan,nan,nan,nan,nan,nan
-nan(ind),-nan(ind),-nan(ind),-nan(ind),-nan(ind),-nan(ind),-nan(ind),-nan(ind),-nan(ind),-nan(ind),nan,nan,nan,nan,nan,nan
-nan(ind),-nan(ind),-nan(ind),-nan(ind),-nan(ind),-nan(ind),-nan(ind),-nan(ind),-nan(ind),-nan(ind),nan,nan,nan,nan,nan,nan
-nan(ind),-nan(ind),-nan(ind),-nan(ind),-nan(ind),-nan(ind),-nan(ind),-nan(ind),-nan(ind),-nan(ind),nan,nan,nan,nan,nan,nan
-nan(ind),-nan(ind),-nan(ind),-nan(ind),-nan(ind),-nan(ind),-nan(ind),-nan(ind),-nan(ind),-nan(ind),nan,nan,nan,nan,nan,nan
-nan(ind),-nan(ind),-nan(ind),-nan(ind),-nan(ind),-nan(ind),-nan(ind),-nan(ind),-nan(ind),-nan(ind),nan,nan,nan,nan,nan,nan
-nan(ind),-nan(ind),-nan(ind),-nan(ind),-nan(ind),-nan(ind),-nan(ind),-nan(ind),-nan(ind),-nan(ind),nan,nan,nan,nan,nan,nan
-nan(ind),-nan(ind),-nan(ind),-nan(ind),-nan(ind),-nan(ind),-nan(ind),-nan(ind),-nan(ind),-nan(ind),nan,nan,nan,nan,nan,nan
-nan(ind),-nan(ind),-nan(ind),-nan(ind),-nan(ind),-nan(ind),-nan(ind),-nan(ind),-nan(ind),-nan(ind),nan,nan,nan,nan,nan,nan
-nan(ind),-nan(ind),-nan(ind),-nan(ind),-nan(ind),-nan(ind),-nan(ind),-nan(ind),-nan(ind),-nan(ind),nan,nan,nan,nan,nan,nan
-nan(ind),-nan(ind),-nan(ind),-nan(ind),-nan(ind),-nan(ind),-nan(ind),-nan(ind),-nan(ind),-nan(ind),nan,nan,nan,nan,nan,nan
-nan(ind),-nan(ind),-nan(ind),-nan(ind),-nan(ind),-nan(ind),-nan(ind),-nan(ind),-nan(ind),-nan(ind),nan,nan,nan,nan,nan,nan
-nan(ind),-nan(ind),-nan(ind),-nan(ind),-nan(ind),-nan(ind),-nan(ind),-nan(ind),-nan(ind),-nan(ind),nan,nan,nan,nan,nan,nan
-nan(ind),-nan(ind),-nan(ind),-nan(ind),-nan(ind),-nan(ind),-nan(ind),-nan(ind),-nan(ind),-nan(ind),nan,nan,nan,nan,nan,nan
-nan(ind),-nan(ind),-nan(ind),-nan(ind),-nan(ind),-nan(ind),-nan(ind),-nan(ind),-nan(ind),-nan(ind),nan,nan,nan,nan,nan,nan
-nan(ind),-nan(ind),-nan(ind),-nan(ind),-nan(ind),-nan(ind),-nan(ind),-nan(ind),-nan(ind),-nan(ind),nan,nan,nan,nan,nan,nan
-nan(ind),-nan(ind),-nan(ind),-nan(ind),-nan(ind),-nan(ind),-nan(ind),-nan(ind),-nan(ind),-nan(ind),nan,nan,nan,nan,nan,nan
-nan(ind),-nan(ind),-nan(ind),-nan(ind),-nan(ind),-nan(ind),-nan(ind),-nan(ind),-nan(ind),-nan(ind),nan,nan,nan,nan,nan,nan
-nan(ind),-nan(ind),-nan(ind),-nan(ind),-nan(ind),-nan(ind),-nan(ind),-nan(ind),-nan(ind),-nan(ind),nan,nan,nan,nan,nan,nan
-nan(ind),-nan(ind),-nan(ind),-nan(ind),-nan(ind),-nan(ind),-nan(ind),-nan(ind),-nan(ind),-nan(ind),nan,nan,nan,nan,nan,nan
-nan(ind),-nan(ind),-nan(ind),-nan(ind),-nan(ind),-nan(ind),-nan(ind),-nan(ind),-nan(ind),-nan(ind),nan,nan,nan,nan,nan,nan
-nan(ind),-nan(ind),-nan(ind),-nan(ind),-nan(ind),-nan(ind),-nan(ind),-nan(ind),-nan(ind),-nan(ind),nan,nan,nan,nan,nan,nan
-nan(ind),-nan(ind),-nan(ind),-nan(ind),-nan(ind),-nan(ind),-nan(ind),-nan(ind),-nan(ind),-nan(ind),nan,nan,nan,nan,nan,nan
-nan(ind),-nan(ind),-nan(ind),-nan(ind),-nan(ind),-nan(ind),-nan(ind),-nan(ind),-nan(ind),-nan(ind),nan,nan,nan,nan,nan,nan
-nan(ind),-nan(ind),-nan(ind),-nan(ind),-nan(ind),-nan(ind),-nan(ind),-nan(ind),-nan(ind),-nan(ind),nan,nan,nan,nan,nan,nan
-nan(ind),-nan(ind),-nan(ind),-nan(ind),-nan(ind),-nan(ind),-nan(ind),-nan(ind),-nan(ind),-nan(ind),nan,nan,nan,nan,nan,nan
-nan(ind),-nan(ind),-nan(ind),-nan(ind),-nan(ind),-nan(ind),-nan(ind),-nan(ind),-nan(ind),-nan(ind),nan,nan,nan,nan,nan,nan
-nan(ind),-nan(ind),-nan(ind),-nan(ind),-nan(ind),-nan(ind),-nan(ind),-nan(ind),-nan(ind),-nan(ind),nan,nan,nan,nan,nan,nan
-nan(ind),-nan(ind),-nan(ind),-nan(ind),-nan(ind),-nan(ind),-nan(ind),-nan(ind),-nan(ind),-nan(ind),nan,nan,nan,nan,nan,nan
-nan(ind),-nan(ind),-nan(ind),-nan(ind),-nan(ind),-nan(ind),-nan(ind),-nan(ind),-nan(ind),-nan(ind),nan,nan,nan,nan,nan,nan
-nan(ind),-nan(ind),-nan(ind),-nan(ind),-nan(ind),-nan(ind),-nan(ind),-nan(ind),-nan(ind),-nan(ind),nan,nan,nan,nan,nan,nan
-nan(ind),-nan(ind),-nan(ind),-nan(ind),-nan(ind),-nan(ind),-nan(ind),-nan(ind),-nan(ind),-nan(ind),nan,nan,nan,nan,nan,nan
-nan(ind),-nan(ind),-nan(ind),-nan(ind),-nan(ind),-nan(ind),-nan(ind),-nan(ind),-nan(ind),-nan(ind),nan,nan,nan,nan,nan,nan
-nan(ind),-nan(ind),-nan(ind),-nan(ind),-nan(ind),-nan(ind),-nan(ind),-nan(ind),-nan(ind),-nan(ind),nan,nan,nan,nan,nan,nan
-nan(ind),-nan(ind),-nan(ind),-nan(ind),-nan(ind),-nan(ind),-nan(ind),-nan(ind),-nan(ind),-nan(ind),nan,nan,nan,nan,nan,nan
-nan(ind),-nan(ind),-nan(ind),-nan(ind),-nan(ind),-nan(ind),-nan(ind),-nan(ind),-nan(ind),-nan(ind),nan,nan,nan,nan,nan,nan
-nan(ind),-nan(ind),-nan(ind),-nan(ind),-nan(ind),-nan(ind),-nan(ind),-nan(ind),-nan(ind),-nan(ind),nan,nan,nan,nan,nan,nan
-nan(ind),-nan(ind),-nan(ind),-nan(ind),-nan(ind),-nan(ind),-nan(ind),-nan(ind),-nan(ind),-nan(ind),nan,nan,nan,nan,nan,nan
-nan(ind),-nan(ind),-nan(ind),-nan(ind),-nan(ind),-nan(ind),-nan(ind),-nan(ind),-nan(ind),-nan(ind),nan,nan,nan,nan,nan,nan
-nan(ind),-nan(ind),-nan(ind),-nan(ind),-nan(ind),-nan(ind),-nan(ind),-nan(ind),-nan(ind),-nan(ind),nan,nan,nan,nan,nan,nan
-nan(ind),-nan(ind),-nan(ind),-nan(ind),-nan(ind),-nan(ind),-nan(ind),-nan(ind),-nan(ind),-nan(ind),nan,nan,nan,nan,nan,nan
-nan(ind),-nan(ind),-nan(ind),-nan(ind),-nan(ind),-nan(ind),-nan(ind),-nan(ind),-nan(ind),-nan(ind),nan,nan,nan,nan,nan,nan
-nan(ind),-nan(ind),-nan(ind),-nan(ind),-nan(ind),-nan(ind),-nan(ind),-nan(ind),-nan(ind),-nan(ind),nan,nan,nan,nan,nan,nan
-nan(ind),-nan(ind),-nan(ind),-nan(ind),-nan(ind),-nan(ind),-nan(ind),-nan(ind),-nan(ind),-nan(ind),nan,nan,nan,nan,nan,nan
-nan(ind),-nan(ind),-nan(ind),-nan(ind),-nan(ind),-nan(ind),-nan(ind),-nan(ind),-nan(ind),-nan(ind),nan,nan,nan,nan,nan,nan
-nan(ind),-nan(ind),-nan(ind),-nan(ind),-nan(ind),-nan(ind),-nan(ind),-nan(ind),-nan(ind),-nan(ind),nan,nan,nan,nan,nan,nan
-nan(ind),-nan(ind),-nan(ind),-nan(ind),-nan(ind),-nan(ind),-nan(ind),-nan(ind),-nan(ind),-nan(ind),nan,nan,nan,nan,nan,nan
-nan(ind),-nan(ind),-nan(ind),-nan(ind),-nan(ind),-nan(ind),-nan(ind),-nan(ind),-nan(ind),-nan(ind),nan,nan,nan,nan,nan,nan
-nan(ind),-nan(ind),-nan(ind),-nan(ind),-nan(ind),-nan(ind),-nan(ind),-nan(ind),-nan(ind),-nan(ind),nan,nan,nan,nan,nan,nan
-nan(ind),-nan(ind),-nan(ind),-nan(ind),-nan(ind),-nan(ind),-nan(ind),-nan(ind),-nan(ind),-nan(ind),nan,nan,nan,nan,nan,nan
-nan(ind),-nan(ind),-nan(ind),-nan(ind),-nan(ind),-nan(ind),-nan(ind),-nan(ind),-nan(ind),-nan(ind),nan,nan,nan,nan,nan,nan
-nan(ind),-nan(ind),-nan(ind),-nan(ind),-nan(ind),-nan(ind),-nan(ind),-nan(ind),-nan(ind),-nan(ind),nan,nan,nan,nan,nan,nan
-nan(ind),-nan(ind),-nan(ind),-nan(ind),-nan(ind),-nan(ind),-nan(ind),-nan(ind),-nan(ind),-nan(ind),nan,nan,nan,nan,nan,nan
-nan(ind),-nan(ind),-nan(ind),-nan(ind),-nan(ind),-nan(ind),-nan(ind),-nan(ind),-nan(ind),-nan(ind),nan,nan,nan,nan,nan,nan
