1,1,1,0.1,0.1,0.1,0.1,0.1,0.1,0.1,0.1,0.1,0.1,0.1,0.1
1.00001,1.00001,1.00001,0.100052,0.100657,0.100649,0.100001,0.100001,0.100001,0.100125,0.100125,0.100125,0.100125,0.100125,0.100125
1.00003,1.00003,1.00003,0.100118,0.10255,0.10252,0.100003,0.100003,0.100003,0.10025,0.10025,0.10025,0.10025,0.10025,0.10025
1.00004,1.00004,1.00004,0.100175,0.105593,0.105552,0.100006,0.100006,0.100006,0.100375,0.100375,0.100375,0.100375,0.100375,0.100375
1.00006,1.00006,0.0384615,0.100238,0.110027,0.10997,0.2,0.2,1,0.1005,0.1005,0.1005,0.1005,0.1005,0.1005
1.00007,1.00007,0.0384787,0.100319,0.115008,0.115508,0.200006,0.200006,1.00001,0.100625,0.100625,0.100625,0.100625,0.100625,0.100625
1.00009,1.00009,0.038497,0.100404,0.119977,0.122175,0.200013,0.200013,1.00001,0.10075,0.10075,0.10075,0.10075,0.10075,0.10075
1.00011,1.00011,0.0385168,0.100503,0.125107,0.130212,0.200021,0.200023,1.00002,0.100875,0.100875,0.100875,0.100875,0.100875,0.100875
1.00013,1.00013,0.0196276,0.100601,0.130111,0.139153,0.20003,0.200033,1.00003,0.101,0.101,0.101,0.101,0.101,0.101
1.00015,1.00015,0.0196499,0.100716,0.135279,0.149496,0.200041,0.200046,1.00005,0.101125,0.101125,0.101125,0.101125,0.101125,0.101125
1.00017,1.00018,0.0196734,0.100858,0.140446,0.160921,0.200053,0.200061,1.00006,0.10125,0.10125,0.10125,0.10125,0.10125,0.10125
1.0002,1.0002,0.019698,0.101016,0.145739,0.173742,0.200066,0.200077,1.00008,0.101375,0.101375,0.101375,0.101375,0.101375,0.101375
1.00022,1.00023,0.0132101,0.101148,0.150921,0.18746,0.20008,0.200096,1.0001,0.1015,0.1015,0.1015,0.1015,0.1015,0.1015
1.00025,1.00025,0.0132374,0.101288,0.156199,0.202586,0.200096,0.200117,1.00012,0.101625,0.101625,0.101625,0.101625,0.101625,0.101625
1.00028,1.00028,0.013266,0.101464,0.161386,0.218461,0.200113,0.20014,1.00015,0.10175,0.10175,0.10175,0.10175,0.10175,0.10175
0.00123376,0.00123372,0.0132956,0.100771,0.165862,0.100829,0.200131,0.200165,1,0.101861,0.101861,0.101875,0.101767,0.101767,0.05
0.00123199,0.0012,0.0012,0.100703,0.05,0.100756,0.20015,0.2,1.00001,0.101983,0.101864,0.100832,0.05,0.0999558,0.05
0.00121021,0.0012,0.0012,0.100746,0.05,0.100804,0.200171,0.2,1.00002,0.101978,0.101866,0.100873,0.05,0.0988852,0.05
0.00122239,0.0012,0.0012,0.10079,0.05,0.100852,0.200193,0.2,1.00002,0.101987,0.101879,0.100893,0.05,0.0989531,0.05
0.00123648,0.0012,0.0012,0.100835,0.0500071,0.100901,0.200216,0.2,1.00004,0.101978,0.101868,0.100909,0.05,0.0990356,0.05
0.00125164,0.0012,0.0012,0.100879,0.0500185,0.10095,0.200241,0.2,1.00005,0.101964,0.101823,0.100921,0.05,0.099109,0.05
0.00126964,0.0012,0.0012,0.100924,0.0500293,0.101,0.200266,0.2,1.00006,0.101968,0.101745,0.100926,0.05,0.0992267,0.05
0.00128809,0.0012,0.0012,0.100969,0.0500398,0.10105,0.200293,0.2,1.00007,0.101933,0.101628,0.100932,0.05,0.0993503,0.05
0.0013077,0.0012,0.0012,0.101014,0.0500427,0.101101,0.200322,0.2,1.00009,0.101925,0.101477,0.100931,0.05,0.099416,0.05
0.001327,0.0012,0.0012,0.101058,0.0500496,0.101152,0.200351,0.2,1.00011,0.101832,0.101288,0.100931,0.0500134,0.0995136,0.05
0.00134964,0.0012,0.0012,0.101103,0.0500604,0.101204,0.200382,0.2,1.00013,0.101867,0.101078,0.100914,0.05,0.0995947,0.05
0.00137243,0.0012,0.0012,0.101149,0.0500643,0.101256,0.200414,0.2,1.00015,0.101799,0.100839,0.1009,0.0500179,0.0997088,0.05
0.00139506,0.0012,0.0012,0.101194,0.0500629,0.101309,0.200447,0.2,1.00017,0.10169,0.100574,0.100881,0.05012,0.0997728,0.05
0.0014207,0.0012,0.0012,0.101239,0.05007,0.101363,0.200482,0.2,1.00019,0.101644,0.100297,0.100848,0.050192,0.0998845,0.05
0.00144778,0.0012,0.0012,0.101285,0.0500779,0.101416,0.200518,0.2,1.00021,0.101611,0.100008,0.100804,0.0502385,0.100003,0.05
0.00147437,0.0012,0.0012,0.10133,0.050084,0.101454,0.200555,0.2,1,0.101482,0.0997021,0.100756,0.0503495,0.100109,0.05
0.00150133,0.0012,0.0012,0.101376,0.0500855,0.101508,0.200593,0.2,1.00001,0.101295,0.0993845,0.100698,0.0504744,0.100229,0.05
0.00152902,0.0012,0.0012,0.101421,0.0500947,0.101564,0.200633,0.2,1.00002,0.101108,0.0990638,0.100619,0.0505993,0.100354,0.05
0.00156098,0.0012,0.0012,0.101467,0.0501064,0.10162,0.200674,0.2,1.00003,0.101127,0.0987513,0.100498,0.0506035,0.100446,0.05
0.00159035,0.0012,0.0012,0.101513,0.0500976,0.101676,0.200716,0.2,1.00004,0.100938,0.0984271,0.100379,0.0507043,0.100461,0.05
0.00161709,0.0012,0.0012,0.101558,0.0500916,0.101733,0.20076,0.2,1.00006,0.100493,0.0980873,0.100258,0.0508187,0.100581,0.05
0.00164773,0.0012,0.0012,0.101605,0.0500887,0.101791,0.200804,0.2,1.00007,0.100266,0.0977535,0.100078,0.0509379,0.100701,0.05
0.00167973,0.0012,0.0012,0.10165,0.0500893,0.101849,0.20085,0.2,1.00009,0.099994,0.0974209,0.0998609,0.0510551,0.100818,0.05
0.00171427,0.0012,0.0012,0.101696,0.0500826,0.101907,0.200898,0.2,1.00011,0.0997538,0.0970883,0.099589,0.051152,0.100936,0.05
0.00174435,0.0012,0.0012,0.101742,0.0500608,0.101966,0.200946,0.2,1.00013,0.0992176,0.0967472,0.0992877,0.0512764,0.101038,0.05
0.00177803,0.0012,0.0012,0.101789,0.0500428,0.102025,0.200996,0.2,1.00015,0.0990021,0.0964095,0.0988532,0.051321,0.101135,0.05
0.00180023,0.0012,0.0012,0.101835,0.0500027,0.102086,0.201047,0.2,1.00017,0.0980489,0.0960565,0.0984484,0.0514409,0.101257,0.05
0.00184038,0.0012,0.0012,0.101881,0.05,0.102146,0.201099,0.2,1.00019,0.0979217,0.0957144,0.0977933,0.0513797,0.10133,0.05
0.00187007,0.0012,0.00121183,0.101927,0.05,0.102207,0.201153,0.2,1.00022,0.0971187,0.0953582,0.0971493,0.0514896,0.101452,0.05
0.0018992,0.0012,0.0012,0.101974,0.05,0.102268,0.201208,0.2,1.00024,0.0965059,0.094997,0.0963363,0.0515485,0.101561,0.05
0.00190844,0.0012,0.00122065,0.102021,0.05,0.10231,0.201264,0.2,1,0.094862,0.09462,0.09561,0.0516664,0.101684,0.05
0.00191537,0.0012,0.00124271,0.102068,0.05,0.102373,0.201321,0.2,1.00001,0.0930941,0.0942431,0.0948446,0.0517773,0.101808,0.05
0.00193805,0.0012,0.00126551,0.102114,0.05,0.102436,0.20138,0.2,1.00002,0.0919317,0.0938796,0.0939004,0.0518958,0.101929,0.05
0.00195564,0.0012,0.00124916,0.102161,0.05,0.1025,0.20144,0.2,1.00003,0.0908625,0.0935207,0.0929009,0.052006,0.102046,0.05
0.00197246,0.0012,0.00127439,0.102208,0.05,0.102564,0.201502,0.2,1.00005,0.0896015,0.0931585,0.0919286,0.0521266,0.102167,0.05
0.00198018,0.0012,0.00130048,0.102255,0.05,0.102629,0.201564,0.2,1.00006,0.087983,0.0927913,0.091065,0.052249,0.102292,0.05
0.0019991,0.0012,0.0013283,0.102302,0.05,0.102694,0.201628,0.2,1.00008,0.0867673,0.0924293,0.0901091,0.0523698,0.102412,0.05
0.00201628,0.0012,0.00131213,0.10235,0.05,0.10276,0.201693,0.2,1.0001,0.0858331,0.0920707,0.0890924,0.0524702,0.102526,0.05
0.00203106,0.0012,0.00134112,0.102397,0.05,0.102826,0.201759,0.2,1.00011,0.0846391,0.0917065,0.0882303,0.0525914,0.102646,0.05
0.00204427,0.0012,0.00137194,0.102445,0.05,0.102893,0.201827,0.2,1.00013,0.083383,0.0913385,0.0874453,0.0527158,0.102768,0.05
0.00205807,0.0012,0.00140352,0.102493,0.05,0.102961,0.201896,0.2,1.00016,0.0821283,0.0909697,0.0867418,0.0528407,0.102892,0.05
0.00206778,0.0012,0.00138748,0.10254,0.05,0.103029,0.201966,0.2,1.00018,0.0811521,0.0906039,0.0859976,0.0529605,0.103013,0.05
0.00208713,0.0012,0.00142165,0.102588,0.05,0.103097,0.202038,0.2,1.0002,0.0802755,0.0902387,0.085258,0.0530761,0.103133,0.05
0.00210388,0.0012,0.00145757,0.102636,0.05,0.103166,0.202111,0.2,1.00023,0.0793045,0.0898702,0.0846258,0.0531992,0.103256,0.05
0.00211208,0.0012,0.0014935,0.102684,0.05,0.103235,0.202185,0.2,1.00025,0.0780533,0.0894973,0.0842056,0.0533179,0.103381,0.05
0.00212572,0.0012,0.00147471,0.102732,0.05,0.103285,0.20226,0.2,1,0.0774014,0.0891334,0.0835443,0.0534293,0.103499,0.05
0.00215724,0.0012,0.00151333,0.10278,0.05,0.103354,0.202337,0.2,1.00001,0.0769993,0.0887727,0.0827295,0.0535022,0.103608,0.05
0.00217391,0.0012,0.00155285,0.102828,0.05,0.103426,0.202415,0.2,1.00002,0.0761292,0.0884009,0.0822974,0.0536268,0.103732,0.05
0.00220307,0.0012,0.00159312,0.102877,0.05,0.103498,0.202494,0.2,1.00003,0.0755904,0.0880289,0.0817133,0.0537326,0.103851,0.05
0.00221218,0.0012,0.00157071,0.102925,0.05,0.103571,0.202575,0.2,1.00005,0.074962,0.0876522,0.0812634,0.0538509,0.103973,0.05
0.00223611,0.0012,0.00161357,0.102974,0.05,0.103644,0.202657,0.2,1.00006,0.0744178,0.0872726,0.080795,0.0539646,0.104093,0.05
0.0022636,0.0012,0.00165707,0.103022,0.05,0.103718,0.20274,0.2,1.00008,0.0739105,0.0868898,0.0803344,0.0540754,0.104214,0.05
0.00230184,0.0012,0.00169934,0.103071,0.05,0.103792,0.202824,0.2,1.0001,0.0736714,0.0865057,0.0796678,0.0541379,0.104325,0.05
0.00231605,0.0012,0.00167031,0.103119,0.05,0.103866,0.20291,0.2,1.00012,0.0733272,0.0861123,0.0791751,0.0542283,0.104443,0.05
0.00233826,0.0012,0.00171636,0.103168,0.05,0.103942,0.202997,0.2,1.00014,0.0727894,0.085708,0.078871,0.0543456,0.104565,0.05
0.00236859,0.0012,0.00176386,0.103217,0.05,0.104017,0.203085,0.2,1.00016,0.0724017,0.0852993,0.0784792,0.0544494,0.104685,0.05
0.00239371,0.0012,0.00181185,0.103266,0.05,0.104093,0.203174,0.2,1.00018,0.0718351,0.0848838,0.0782611,0.0545713,0.104808,0.05
0.0023914,0.0012,0.00177884,0.103315,0.05,0.10417,0.203265,0.2,1.00021,0.0712262,0.0844648,0.0781098,0.0546962,0.104932,0.05
0.00240808,0.0012,0.00182817,0.103364,0.05,0.104248,0.203357,0.2,1.00023,0.0706325,0.0840463,0.0779742,0.0548211,0.105056,0.05
0.00244387,0.0012,0.00187931,0.103414,0.05,0.104327,0.203451,0.2,1.00026,0.0704146,0.0836344,0.0775564,0.0549161,0.105174,0.05
0.00248631,0.0012,0.00192839,0.103462,0.05,0.104383,0.203546,0.2,1,0.0703061,0.0832217,0.0770294,0.054982,0.105288,0.05
0.00249587,0.0012,0.00188553,0.103512,0.05,0.104462,0.203642,0.2,1.00001,0.0701262,0.0828006,0.0766451,0.0550685,0.105407,0.05
0.00252771,0.0012,0.00193932,0.103561,0.05,0.104542,0.203739,0.2,1.00002,0.0698695,0.08237,0.0763656,0.0551699,0.105529,0.05
0.00256178,0.0012,0.00199437,0.103611,0.05,0.104621,0.203838,0.2,1.00003,0.0696139,0.0819318,0.0761013,0.0552728,0.105652,0.05
0.00258357,0.0012,0.00205009,0.103661,0.05,0.104702,0.203938,0.2,1.00005,0.069048,0.0814844,0.0760744,0.0553978,0.105776,0.05
0.00259951,0.00121586,0.00200164,0.103712,0.0500016,0.104782,0.204039,0.2,1.00006,0.069173,0.0816094,0.0761994,0.0555228,0.105901,0.050125
0.00265385,0.00123274,0.00205902,0.103762,0.0500067,0.104864,0.204141,0.199929,1.00008,0.069298,0.0817344,0.0763244,0.0556478,0.106026,0.05025
0.00270875,0.00125064,0.00211766,0.103812,0.0500154,0.104946,0.204245,0.199859,1.0001,0.069423,0.0818594,0.0764494,0.0557728,0.106151,0.050375
0.00276516,0.00126956,0.00217662,0.103862,0.0500227,0.10503,0.20435,0.199789,1.00012,0.069548,0.0819844,0.0765744,0.0558978,0.106276,0.0505
0.00277832,0.0012895,0.00211904,0.103913,0.0500308,0.105114,0.204457,0.2,1.00014,0.069673,0.0821094,0.0766994,0.0560228,0.106401,0.050625
0.00283595,0.00131047,0.00218043,0.103963,0.05004,0.105199,0.204564,0.199931,1.00016,0.069798,0.0822344,0.0768244,0.0561478,0.106526,0.05075
0.00289519,0.00133248,0.00224205,0.104014,0.0500511,0.105284,0.204673,0.199863,1.00019,0.069923,0.0823594,0.0769494,0.0562728,0.106651,0.050875
0.00295457,0.00135549,0.00230539,0.104065,0.0500624,0.105372,0.204784,0.199795,1.00021,0.070048,0.0824844,0.0770744,0.0563978,0.106776,0.051
0.00296484,0.00137955,0.00223753,0.104117,0.0500716,0.105459,0.204895,0.2,1.00024,0.070173,0.0826094,0.0771994,0.0565228,0.106901,0.051125
0.00302501,0.00140464,0.00230375,0.104168,0.050083,0.105547,0.205008,0.199934,1.00026,0.070298,0.0827344,0.0773244,0.0566478,0.107026,0.05125
0.00308688,0.00143076,0.00237011,0.104221,0.0500934,0.105613,0.205122,0.2,1,0.070423,0.0828594,0.0774494,0.0567726,0.107151,0.0513749
0.00315014,0.00145792,0.00243693,0.104274,0.0501062,0.105703,0.205238,0.199935,1.00001,0.070548,0.0829844,0.0775744,0.0568976,0.107276,0.0514999
0.00315764,0.00148612,0.00235747,0.104326,0.0501205,0.105793,0.205355,0.2,1.00002,0.070673,0.0831094,0.0776994,0.0570226,0.107401,0.0516249
0.00322259,0.00151536,0.00242629,0.10438,0.0501343,0.105883,0.205473,0.199936,1.00004,0.070798,0.0832344,0.0778244,0.0571476,0.107526,0.0517499
0.00328845,0.00154564,0.00249608,0.104434,0.0501502,0.105976,0.205592,0.199872,1.00005,0.070923,0.0833594,0.0779494,0.0572726,0.107651,0.0518749
0.00308029,0.00121308,0.00256202,0.104478,0.05,0.10606,0.205713,0.2,1.00007,0.0669554,0.065016,0.0752509,0.0572915,0.107764,0.0508054
0.00303891,0.0012,0.00245872,0.104528,0.05,0.106148,0.205835,0.2,1.00008,0.0665718,0.0615018,0.0738805,0.0571816,0.107869,0.0504441
0.00305625,0.0012,0.00253138,0.104578,0.05,0.106239,0.205958,0.2,1.0001,0.0662305,0.0598168,0.0734683,0.0571916,0.10799,0.0501163
0.00310073,0.0012,0.00260075,0.10463,0.05,0.106329,0.206083,0.2,1.00012,0.0661546,0.0588476,0.0730139,0.0571653,0.108109,0.05
0.00313408,0.0012,0.00267415,0.104681,0.0500028,0.10642,0.206209,0.2,1.00014,0.0658436,0.0582064,0.0729848,0.0572418,0.108234,0.05
0.00307981,0.0012,0.00257254,0.104731,0.0500095,0.106512,0.206336,0.2,1.00016,0.0653068,0.0577295,0.0730912,0.0573608,0.108357,0.05
0.00309834,0.0012,0.00264484,0.104783,0.0500179,0.106606,0.206465,0.2,1.00019,0.0649382,0.0573449,0.0731667,0.0574771,0.108479,0.05
0.00314348,0.0012,0.00272007,0.104834,0.0500339,0.1067,0.206595,0.2,1.00021,0.0648615,0.0570142,0.0730482,0.0575563,0.108597,0.05
0.00319659,0.0012,0.0027942,0.104886,0.0500531,0.106796,0.206726,0.2,1.00024,0.0648579,0.0567103,0.0728525,0.0576168,0.108715,0.05
0.00317312,0.0012,0.00266996,0.104937,0.0500791,0.106891,0.206859,0.2,1.00027,0.0649465,0.0564183,0.0724412,0.0576219,0.108831,0.05
0.00322685,0.0012,0.00274693,0.104988,0.0501077,0.10696,0.206993,0.2,1,0.0650132,0.056129,0.0721177,0.0576361,0.108946,0.05
0.00326073,0.0012,0.00282631,0.10504,0.0501313,0.107056,0.207128,0.2,1.00001,0.0647729,0.0558355,0.0721812,0.0577421,0.109067,0.05
0.00330075,0.0012,0.00290577,0.105092,0.0501594,0.107153,0.207264,0.2,1.00002,0.0645372,0.0555395,0.0722472,0.0578515,0.109185,0.05
0.00325694,0.0012,0.00277814,0.105144,0.0501909,0.107251,0.207402,0.2,1.00004,0.0644315,0.0552417,0.0722432,0.0579468,0.109304,0.05
0.00329363,0.0012,0.00285853,0.105196,0.0502259,0.107349,0.207541,0.2,1.00005,0.0643026,0.0549409,0.072262,0.0580474,0.109425,0.05
0.00333705,0.0012,0.00294278,0.105248,0.0502622,0.107449,0.207682,0.2,1.00007,0.0642059,0.0546369,0.0722554,0.0581461,0.109545,0.05
0.00339493,0.0012,0.00302392,0.105301,0.0503049,0.107548,0.207824,0.2,1.00008,0.0642456,0.0543297,0.0720647,0.058209,0.109664,0.05
0.0033457,0.0012,0.00288249,0.105353,0.0503477,0.107646,0.207967,0.2,1.0001,0.0641889,0.0540159,0.0720314,0.0582986,0.109788,0.05
0.00337127,0.0012,0.00296221,0.105404,0.0503949,0.107747,0.208111,0.2,1.00012,0.0639062,0.0536962,0.0721348,0.058417,0.109912,0.05
0.00342103,0.0012,0.00304923,0.105457,0.0504465,0.107849,0.208257,0.2,1.00014,0.063878,0.0533744,0.0720739,0.0585051,0.110035,0.05
0.00348188,0.0012,0.0031325,0.105509,0.0505032,0.107951,0.208404,0.2,1.00017,0.0639217,0.0530501,0.0719003,0.0585667,0.110157,0.050014
0.00343112,0.0012,0.00297604,0.105561,0.050566,0.108055,0.208552,0.2,1.00019,0.0639685,0.0527218,0.0717386,0.0586239,0.110279,0.0500424
0.00349597,0.0012,0.00306147,0.105614,0.0506348,0.108157,0.208702,0.2,1.00022,0.0640907,0.0523887,0.0711771,0.0585933,0.110393,0.0501364
0.00356488,0.0012,0.00314166,0.105665,0.0507075,0.108255,0.208853,0.2,1.00024,0.064214,0.0520513,0.0705092,0.0585219,0.110504,0.0502467
0.00362067,0.0012,0.00323043,0.105717,0.0507785,0.108361,0.209005,0.2,1.00027,0.0641727,0.0517094,0.0704689,0.0585786,0.110615,0.0502921
0.00356521,0.0012,0.00305715,0.105769,0.0508563,0.108439,0.209159,0.2,1,0.0642729,0.0513656,0.0701411,0.0585588,0.110725,0.0503894
0.00361529,0.0012,0.00314798,0.105823,0.0509319,0.108545,0.209314,0.2,1.00001,0.0642773,0.0510194,0.0700796,0.0585959,0.110841,0.0504583
0.00367661,0.0012,0.00323838,0.105876,0.0510116,0.108649,0.20947,0.2,1.00002,0.064326,0.0506706,0.0699408,0.05861,0.110957,0.0505439
0.00373211,0.0012,0.00333161,0.10593,0.0510924,0.108755,0.209628,0.2,1.00004,0.0642624,0.0503189,0.0699669,0.0586695,0.111077,0.0505983
0.00365065,0.0012,0.00315571,0.105983,0.0511755,0.108862,0.209787,0.2,1.00005,0.0641328,0.05,0.070044,0.058751,0.111196,0.0506295
0.00369304,0.0012,0.00324827,0.106037,0.051262,0.108969,0.209947,0.2,1.00007,0.0640488,0.05,0.0700938,0.0588273,0.111315,0.0506689
0.00373902,0.0012,0.00334333,0.106091,0.05135,0.109077,0.210109,0.2,1.00008,0.0639137,0.05,0.0701755,0.0589166,0.111435,0.0506918
0.00379001,0.0012,0.00343875,0.106147,0.0514395,0.109187,0.210272,0.2,1.0001,0.0637494,0.05,0.0702735,0.0590132,0.111556,0.0507032
0.00370524,0.0012,0.0032482,0.1062,0.0515415,0.109298,0.210436,0.2,1.00012,0.0636739,0.05,0.0703303,0.0590998,0.111677,0.0507323
0.00376535,0.0012,0.00334473,0.106255,0.0516486,0.109407,0.210602,0.2,1.00015,0.0637422,0.05,0.0701909,0.059138,0.111797,0.0508102
0.00382386,0.0012,0.00344427,0.106309,0.0517611,0.109519,0.210769,0.2,1.00017,0.0637516,0.05,0.0701616,0.0591981,0.111917,0.0508713
0.00389335,0.0012,0.00354088,0.106362,0.0518768,0.109629,0.210937,0.2,1.00019,0.0638224,0.05,0.0700208,0.0592306,0.112037,0.0509539
0.0037975,0.0012,0.00333766,0.106417,0.0519896,0.109739,0.211107,0.2,1.00022,0.0637282,0.05,0.0700965,0.0593149,0.112158,0.0509889
0.00382816,0.0012,0.00343135,0.106472,0.0520994,0.10985,0.211278,0.2,1.00025,0.0634897,0.05,0.0702167,0.0594213,0.112278,0.0509845
0.003854,0.0012,0.00352634,0.106526,0.0522116,0.109963,0.21145,0.2,1.00028,0.0630505,0.05,0.0703203,0.0595431,0.112394,0.0509219
0.00391527,0.0012,0.00362981,0.106581,0.0523368,0.11005,0.211623,0.2,1,0.063022,0.05,0.070352,0.059632,0.112514,0.0509505
0.00380731,0.0012,0.00341401,0.106635,0.0524628,0.110164,0.211798,0.2,1.00001,0.0627904,0.05,0.0704723,0.059747,0.112632,0.0509221
0.00385119,0.0012,0.00351507,0.10669,0.052603,0.110281,0.211975,0.2,1.00002,0.0627076,0.05,0.0705517,0.0598491,0.112752,0.0509291
0.00392507,0.0012,0.00361739,0.106744,0.0527507,0.110395,0.212152,0.2,1.00004,0.0628282,0.05,0.0701839,0.0598709,0.112869,0.0510191
0.00399175,0.0012,0.00372215,0.106799,0.0528989,0.110511,0.212331,0.2,1.00005,0.062829,0.05,0.0701889,0.0599476,0.112986,0.0510656
0.00388977,0.0012,0.00349298,0.106853,0.0530496,0.110626,0.212512,0.2,1.00007,0.0628366,0.05,0.0701992,0.0600233,0.113107,0.0511135
0.00392782,0.0012,0.00359533,0.106909,0.0531995,0.110743,0.212693,0.2,1.00009,0.0626854,0.05,0.0703116,0.0601271,0.113229,0.0511175
0.0039803,0.0012,0.00370279,0.106964,0.0533567,0.110862,0.212876,0.2,1.00011,0.0625783,0.05,0.0704088,0.060227,0.113352,0.0511297
0.00404608,0.0012,0.003812,0.107019,0.05353,0.110984,0.213061,0.2,1.00013,0.0625572,0.05,0.070453,0.0603139,0.113473,0.0511636
0.00395027,0.0012,0.00355341,0.107074,0.0537024,0.1111,0.213246,0.2,1.00015,0.0626711,0.05,0.0697992,0.0602753,0.113589,0.0512767
0.0040146,0.0012,0.0036634,0.107128,0.0538807,0.111218,0.213433,0.2,1.00017,0.0627484,0.05,0.0696686,0.0603073,0.113712,0.0513615
0.00406712,0.0012,0.00377534,0.107184,0.0540536,0.111337,0.213622,0.2,1.0002,0.0626432,0.05,0.0697604,0.0603942,0.113837,0.0513958
0.00412254,0.0012,0.00388755,0.10724,0.0542371,0.111461,0.213812,0.2,1.00022,0.0624612,0.05,0.0698654,0.0604951,0.11396,0.0514067
0.00401278,0.0012,0.00363167,0.107295,0.0544345,0.111583,0.214003,0.2,1.00025,0.0625569,0.05,0.0697017,0.0605318,0.114083,0.0514888
0.00408382,0.0012,0.00374437,0.107351,0.0546321,0.111704,0.214195,0.2,1.00028,0.062663,0.05,0.0694834,0.0605485,0.114205,0.051582
0.0041498,0.0012,0.00385974,0.107406,0.0548412,0.111804,0.214389,0.2,1,0.0626833,0.05,0.0694872,0.0606049,0.114327,0.0516486
0.00423114,0.0012,0.00397083,0.107461,0.0550497,0.111925,0.214584,0.2,1.00001,0.0628017,0.05,0.0692028,0.0606057,0.114449,0.0517491
0.00410444,0.00120021,0.0037055,0.107516,0.0552607,0.112048,0.21478,0.2,1.00002,0.0627819,0.05,0.0691945,0.0606636,0.114559,0.051815
0.00415435,0.00120094,0.00381791,0.107572,0.055471,0.112171,0.214978,0.2,1.00004,0.0627156,0.05,0.0692586,0.0607373,0.114674,0.0518655
0.00419968,0.00120177,0.00393222,0.107628,0.055688,0.1123,0.215177,0.2,1.00005,0.0624701,0.05,0.0693547,0.0608399,0.114782,0.0518726
0.00428039,0.00120286,0.00404796,0.107684,0.0559121,0.112423,0.215378,0.2,1.00007,0.0625563,0.05,0.0692464,0.0608787,0.114902,0.0519532
0.00413524,0.00120392,0.00377497,0.107741,0.0561344,0.112549,0.21558,0.2,1.00009,0.0623601,0.05,0.069371,0.0609811,0.115023,0.0519608
0.00417634,0.00120503,0.00388713,0.107797,0.0563687,0.112677,0.215783,0.2,1.00011,0.0621992,0.05,0.0694942,0.0610833,0.115145,0.0519688
0.00424298,0.0012063,0.00400766,0.107853,0.0566169,0.112806,0.215988,0.2,1.00013,0.0621905,0.05,0.0695491,0.0611637,0.115265,0.0520117
0.00432369,0.00120758,0.00412753,0.107909,0.0568703,0.112934,0.216193,0.2,1.00015,0.0622615,0.05,0.0694912,0.0612191,0.115385,0.05208
0.00418645,0.00120888,0.00384082,0.107965,0.0571301,0.113064,0.216401,0.2,1.00017,0.0622867,0.05,0.0695207,0.0612894,0.115507,0.0521344
0.00424791,0.00121018,0.00396308,0.108022,0.0573951,0.113194,0.216609,0.2,1.0002,0.0623227,0.05,0.0695349,0.0613561,0.115629,0.0521926
0.00432025,0.00121147,0.00408697,0.108078,0.0576675,0.113325,0.216819,0.2,1.00023,0.0623523,0.05,0.0695553,0.0614216,0.115752,0.0522518
0.00440055,0.00121277,0.00421173,0.108135,0.0579467,0.113457,0.217031,0.2,1.00025,0.0624048,0.05,0.0695446,0.0614796,0.115875,0.052318
0.00425847,0.00121404,0.00391047,0.108192,0.0582332,0.113589,0.217244,0.2,1.00028,0.0624765,0.05,0.0695033,0.0615298,0.115997,0.0523906
0.004329,0.00121528,0.00403699,0.10825,0.0585309,0.113698,0.217458,0.2,1,0.0625634,0.05,0.0694197,0.0615685,0.116118,0.0524704
0.00441768,0.00121619,0.00416213,0.108306,0.0588121,0.113825,0.217673,0.2,1.00001,0.0626876,0.05,0.0690005,0.0615505,0.116237,0.0525778
0.00448994,0.00121748,0.00429,0.108363,0.0591118,0.11396,0.21789,0.2,1.00002,0.0625962,0.05,0.069109,0.0616285,0.116357,0.0526237
0.00433578,0.00121878,0.00397789,0.10842,0.0594248,0.114096,0.218108,0.2,1.00004,0.0626142,0.05,0.0691549,0.0616875,0.116477,0.0526891
0.00440735,0.00122,0.00410695,0.108477,0.059741,0.11423,0.218327,0.2,1.00005,0.0626958,0.05,0.0690943,0.0617225,0.1166,0.0527723
0.00448383,0.00122127,0.00423968,0.108532,0.0600704,0.114367,0.218548,0.2,1.00007,0.0627489,0.05,0.0690915,0.0617696,0.116721,0.0528471
0.00457006,0.0012225,0.00437127,0.10859,0.0603918,0.114501,0.218771,0.2,1.00009,0.0628255,0.05,0.0690457,0.0618085,0.116844,0.0529278
0.0043973,0.00122376,0.00404864,0.108648,0.0607198,0.114638,0.218994,0.2,1.00011,0.0626958,0.05,0.0691677,0.0618966,0.116966,0.0529603
0.00445305,0.00122505,0.0041753,0.108707,0.0610663,0.114778,0.219219,0.2,1.00013,0.0626331,0.05,0.0692749,0.0619778,0.117088,0.0530024
0.00453619,0.0012263,0.00431082,0.108763,0.0614103,0.114914,0.219446,0.2,1.00015,0.0627213,0.05,0.0691519,0.0620153,0.117203,0.053084
0.00461119,0.0012276,0.00444818,0.10882,0.0617659,0.115055,0.219673,0.2,1.00018,0.062652,0.05,0.0692427,0.0620996,0.117317,0.0531219
0.00444554,0.0012289,0.00410879,0.108879,0.0621284,0.115194,0.219902,0.2,1.0002,0.0626874,0.05,0.0692719,0.062162,0.117434,0.0531843
0.00450807,0.00123017,0.00424077,0.108937,0.0624936,0.115334,0.220133,0.2,1.00023,0.0626728,0.05,0.0693208,0.0622334,0.117558,0.0532378
0.00457736,0.00123141,0.00437828,0.108995,0.0628618,0.115473,0.220365,0.2,1.00026,0.0626106,0.05,0.0694205,0.0623176,0.117683,0.0532758
0.00464582,0.00123251,0.00451798,0.109053,0.0632296,0.115613,0.220598,0.2,1.00029,0.062417,0.05,0.0695352,0.0624216,0.117808,0.0532799
0.00445817,0.00123355,0.00417231,0.10911,0.0636149,0.115728,0.220832,0.2,1,0.0622315,0.05,0.0696446,0.062528,0.117932,0.0532759
0.00452743,0.00123484,0.00431045,0.109169,0.0640237,0.115874,0.221068,0.2,1.00001,0.0622793,0.05,0.06966,0.0626052,0.118057,0.0533228
0.00462219,0.00123604,0.00444962,0.109228,0.0644197,0.116016,0.221306,0.2,1.00002,0.0624022,0.05,0.0693814,0.0626349,0.11818,0.0534093
0.00471765,0.00123726,0.00458917,0.109286,0.0648209,0.116158,0.221544,0.2,1.00004,0.0625067,0.05,0.0692203,0.0626742,0.118304,0.0534897
0.00453114,0.00123853,0.00423137,0.109345,0.065237,0.116302,0.221784,0.2,1.00005,0.062477,0.05,0.0693157,0.0627563,0.118428,0.0535306
0.00458553,0.00123975,0.00436635,0.109404,0.0656719,0.11645,0.222026,0.2,1.00007,0.0623765,0.05,0.0694354,0.0628506,0.118553,0.0535537
0.00467759,0.001241,0.00451005,0.109463,0.0660975,0.116594,0.222269,0.2,1.00009,0.0624825,0.05,0.06931,0.0628933,0.118677,0.0536318
0.00476498,0.00124228,0.00465472,0.109522,0.06654,0.11674,0.222513,0.2,1.00011,0.0624647,0.05,0.0693974,0.0629708,0.118802,0.0536784
0.00457513,0.00124356,0.0042841,0.109583,0.0669928,0.116888,0.222758,0.2,1.00013,0.0624312,0.05,0.0694962,0.0630503,0.118926,0.0537226
0.00464351,0.00124485,0.00442528,0.109642,0.0674458,0.117035,0.223005,0.2,1.00016,0.0624343,0.05,0.0695398,0.0631206,0.119047,0.0537772
0.0047174,0.0012461,0.00456977,0.109701,0.0679055,0.117182,0.223254,0.2,1.00018,0.0623452,0.05,0.0696558,0.0632079,0.11917,0.053811
0.00479848,0.00124731,0.00471691,0.10976,0.0683804,0.117333,0.223503,0.2,1.00021,0.0622075,0.05,0.069777,0.0633027,0.119295,0.0538333
0.00460721,0.0012486,0.00433602,0.109818,0.0688694,0.117484,0.223754,0.2,1.00023,0.0622589,0.05,0.0697944,0.0633676,0.119419,0.0538931
0.00468558,0.00124989,0.00448489,0.109879,0.0693478,0.117631,0.224007,0.2,1.00026,0.0623434,0.05,0.0697579,0.0634213,0.119544,0.053963
0.00475918,0.00125112,0.00463367,0.109939,0.0698431,0.117782,0.224261,0.2,1.00029,0.0622459,0.05,0.06988,0.063512,0.119669,0.0539919
0.00484392,0.00125234,0.00478839,0.109998,0.0703468,0.117905,0.224516,0.2,1,0.062186,0.05,0.0699912,0.0636015,0.119793,0.0540202
0.00463869,0.00125357,0.00439774,0.110059,0.0708561,0.118056,0.224773,0.2,1.00001,0.062117,0.05,0.0701086,0.0636951,0.119918,0.0540444
0.0046942,0.00125471,0.00454002,0.110119,0.0713625,0.118205,0.225031,0.2,1.00002,0.0619889,0.05,0.0702336,0.0637969,0.120043,0.0540537
0.00475206,0.00125558,0.00468554,0.11018,0.0718608,0.118356,0.22529,0.2,1.00004,0.061654,0.05,0.0703076,0.0639133,0.120167,0.0540226
0.00482902,0.00125656,0.00483848,0.11024,0.0723854,0.11851,0.225551,0.2,1.00006,0.0614135,0.05,0.0703872,0.0640267,0.120288,0.0540025
0.00462767,0.00125782,0.00443804,0.110302,0.0729456,0.118667,0.225813,0.200001,1.00007,0.0614148,0.05,0.0704315,0.0641182,0.120408,0.0540303
0.00472053,0.00125908,0.00459378,0.110362,0.0734831,0.118824,0.226077,0.200003,1.00009,0.0615393,0.05,0.0701548,0.0641603,0.120532,0.0541088
0.00482395,0.00126029,0.00474952,0.110423,0.0740217,0.118978,0.226342,0.200006,1.00011,0.0616621,0.05,0.0698848,0.0641919,0.120654,0.054194
0.00492629,0.00126157,0.00490644,0.110484,0.0745971,0.119136,0.226608,0.200009,1.00013,0.0617387,0.05,0.0698613,0.0642476,0.120779,0.0542622
0.00471989,0.00126285,0.00449219,0.110544,0.0751933,0.119296,0.226876,0.200014,1.00016,0.0618069,0.05,0.0698411,0.064301,0.120903,0.0543323
0.00481459,0.00126391,0.00465134,0.110604,0.0757293,0.119449,0.227145,0.200019,1.00018,0.06191,0.05,0.0694868,0.0643084,0.121023,0.05443
0.00489202,0.00126518,0.00480802,0.110665,0.0763267,0.119609,0.227415,0.200026,1.00021,0.0617826,0.05,0.069568,0.0643906,0.121143,0.0544709
0.00499144,0.00126648,0.00496801,0.110727,0.0769573,0.119772,0.227687,0.200033,1.00024,0.0617838,0.05,0.0696502,0.0644562,0.121267,0.0545302
0.00478199,0.00126762,0.00453953,0.110788,0.0775615,0.119931,0.227961,0.200042,1.00027,0.0619021,0.05,0.0694569,0.0644733,0.12139,0.0546233
0.00487227,0.00126875,0.00470202,0.110851,0.0781634,0.12009,0.228235,0.200051,1.0003,0.062003,0.05,0.0692574,0.0644892,0.121509,0.0547171
0.00497019,0.00126994,0.00486558,0.110911,0.078784,0.120219,0.228511,0.200062,1,0.0620699,0.05,0.069188,0.0645201,0.121626,0.054801
0.00506413,0.00127125,0.00502989,0.110972,0.079419,0.12038,0.228789,0.200073,1.00001,0.0619793,0.05,0.0692795,0.0645918,0.121742,0.0548542
0.00482256,0.00127247,0.00459876,0.111033,0.0800512,0.120542,0.229068,0.200085,1.00003,0.0617287,0.05,0.0693596,0.0646875,0.121858,0.0548749
0.00487569,0.00127368,0.00475145,0.111093,0.0806888,0.120701,0.229348,0.200098,1.00004,0.0615344,0.05,0.0694645,0.0647859,0.121974,0.0548908
0.00492615,0.00127468,0.00490252,0.111154,0.0812299,0.120859,0.22963,0.200112,1.00006,0.0609452,0.05,0.0691961,0.0649022,0.122038,0.0548604
0.00497056,0.00127545,0.00504591,0.111215,0.0816294,0.121012,0.229913,0.200125,1.00007,0.0599078,0.05,0.0683786,0.0650263,0.122021,0.0547816
0.00468026,0.00127548,0.00458361,0.111275,0.0818786,0.121164,0.230197,0.200138,1.00009,0.0582862,0.05,0.0668462,0.065148,0.121916,0.0546265
0.00472023,0.00127646,0.00472523,0.111335,0.0824748,0.121323,0.230483,0.200153,1.00012,0.0578613,0.05,0.0666713,0.0652705,0.121908,0.0545654
0.0047844,0.00127782,0.00487679,0.111399,0.0830697,0.12149,0.23077,0.20017,1.00014,0.05744,0.05,0.066304,0.0653889,0.12184,0.0545299
0.00488784,0.00127944,0.00504245,0.111461,0.0837322,0.121657,0.231059,0.200188,1.00016,0.0575054,0.05,0.066069,0.0654725,0.121852,0.0545709
0.00468057,0.0012806,0.00460533,0.111523,0.0844241,0.121825,0.231349,0.200209,1.00019,0.0576196,0.05,0.0659271,0.0655499,0.121924,0.054619
0.00476231,0.00128175,0.00477434,0.111583,0.0851492,0.121997,0.231641,0.20023,1.00021,0.0576837,0.05,0.065813,0.0656336,0.122028,0.0546588
0.00487325,0.0012832,0.00494188,0.111647,0.0857441,0.122163,0.231933,0.200253,1.00024,0.0577627,0.05,0.0651139,0.065658,0.122086,0.0547491
0.00498441,0.00128459,0.00511087,0.11171,0.086467,0.122335,0.232228,0.200277,1.00027,0.0578837,0.05,0.0649102,0.0657113,0.122171,0.0548204
0.00477129,0.00128546,0.00465346,0.111772,0.0871356,0.122505,0.232524,0.200302,1.0003,0.0579856,0.05,0.0644305,0.0657292,0.122278,0.0549135
0.00487088,0.00128646,0.00482483,0.111836,0.0878687,0.12265,0.232821,0.200328,1,0.0580944,0.05,0.0640661,0.0657448,0.122392,0.0550058
0.00499411,0.00128642,0.00498034,0.111895,0.0882573,0.122809,0.233119,0.200355,1.00001,0.0579271,0.05,0.0622885,0.0656188,0.122498,0.0551305
0.00511601,0.00128685,0.00513421,0.111956,0.088775,0.122967,0.233419,0.200383,1.00003,0.0579381,0.05,0.0612021,0.0655207,0.122599,0.0552534
0.00488387,0.00128779,0.0046823,0.112019,0.0895469,0.123136,0.23372,0.200412,1.00004,0.0579601,0.05,0.0611978,0.0655462,0.12272,0.0553425
0.00494611,0.00128904,0.00484105,0.112083,0.0903231,0.123308,0.234023,0.200443,1.00006,0.0577948,0.05,0.0612625,0.0656128,0.122843,0.0554011
0.0050182,0.00129036,0.00500976,0.112146,0.0911215,0.123484,0.234327,0.200474,1.00008,0.057528,0.05,0.0613514,0.0657011,0.12296,0.0554345
0.00512232,0.00129194,0.00518257,0.11221,0.091937,0.123659,0.234633,0.200507,1.0001,0.0574897,0.05,0.0614064,0.0657612,0.123059,0.0555002
0.00488175,0.00129329,0.00472519,0.112272,0.0927551,0.123832,0.23494,0.200542,1.00012,0.0574679,0.05,0.061486,0.065826,0.12316,0.0555615
0.00493921,0.00129457,0.00488345,0.112336,0.0935967,0.12401,0.235249,0.200577,1.00014,0.0572562,0.05,0.0615904,0.0659193,0.123275,0.0555875
0.00503657,0.00129621,0.0050567,0.112401,0.0944317,0.124186,0.235559,0.200614,1.00016,0.0572492,0.05,0.0616173,0.065982,0.123369,0.0556511
0.00513674,0.00129774,0.00523501,0.112464,0.0953081,0.124365,0.23587,0.200652,1.00019,0.057169,0.05,0.0617155,0.066062,0.123469,0.0556963
0.00490147,0.00129891,0.00476374,0.112527,0.096169,0.124543,0.236183,0.200692,1.00022,0.0572542,0.05,0.0616976,0.0661097,0.123576,0.0557719
0.00498211,0.00130041,0.00493686,0.112591,0.0970275,0.124717,0.236497,0.200733,1.00025,0.0572875,0.05,0.0617657,0.0661735,0.123689,0.055834
0.00504147,0.00130179,0.00510203,0.112655,0.0978083,0.124893,0.236813,0.200773,1.00028,0.0567575,0.05,0.0616435,0.0662872,0.123771,0.0558161
0.00512921,0.0013037,0.00527459,0.11272,0.0985916,0.125071,0.23713,0.200815,1.00031,0.0563966,0.05,0.0614727,0.0663904,0.123809,0.0558267
0.00487013,0.00130508,0.00479541,0.112784,0.0993848,0.125217,0.237448,0.200858,1,0.0560147,0.05,0.0613108,0.0664969,0.123836,0.0558253
0.00492763,0.00130674,0.0049548,0.112849,0.100268,0.125399,0.237768,0.200903,1.00001,0.0557604,0.05,0.0612992,0.0666037,0.123882,0.0558284
0.00502399,0.00130894,0.00513176,0.112914,0.101103,0.12558,0.238089,0.200949,1.00003,0.0557019,0.05,0.0611092,0.0666807,0.123895,0.0558801
0.00512064,0.0013111,0.00531131,0.11298,0.101974,0.125763,0.238412,0.200996,1.00004,0.0555375,0.05,0.0609997,0.0667756,0.123896,0.0559079
0.00487525,0.00131257,0.00482663,0.113045,0.102861,0.125943,0.238736,0.201046,1.00006,0.0555144,0.05,0.0609384,0.0668584,0.123909,0.0559533
0.00493116,0.00131415,0.00499454,0.11311,0.103801,0.126124,0.239062,0.201097,1.00008,0.0553245,0.05,0.061037,0.0669688,0.123957,0.0559482
0.00497554,0.00131776,0.00513741,0.113176,0.104027,0.126304,0.239389,0.201138,1.0001,0.0541802,0.05,0.0593306,0.0670798,0.123656,0.0559493
0.00500672,0.00132235,0.00525296,0.113241,0.103786,0.126486,0.239717,0.201173,1.00012,0.0523473,0.05,0.0564705,0.0671956,0.123097,0.0559412
0.0047343,0.00132506,0.00475681,0.113306,0.104102,0.126669,0.240047,0.201215,1.00014,0.0513887,0.05,0.0550057,0.0673071,0.122638,0.0559469
0.00480131,0.00132825,0.00492009,0.113374,0.104932,0.126856,0.240378,0.201267,1.00017,0.0512001,0.05,0.0547369,0.0674082,0.122389,0.0559732
0.00487212,0.00133278,0.00507836,0.113439,0.105449,0.127042,0.240711,0.201315,1.0002,0.0506626,0.05,0.0537282,0.0675042,0.121945,0.0560127
0.00496208,0.00133713,0.00523765,0.113504,0.106118,0.127234,0.241045,0.201365,1.00022,0.0502793,0.05,0.0529833,0.0675944,0.121528,0.0560613
0.00474319,0.00133729,0.00475676,0.11357,0.106906,0.127419,0.241381,0.201423,1.00025,0.0503851,0.05,0.0524413,0.0676177,0.121386,0.0561593
0.00482835,0.00133851,0.0049299,0.113636,0.107784,0.127606,0.241718,0.201483,1.00028,0.0503076,0.05,0.0521389,0.0676823,0.121409,0.0562268
0.00491737,0.00134038,0.00510949,0.113704,0.108788,0.127794,0.242056,0.201545,1.00032,0.0502011,0.05,0.0521891,0.0677731,0.121407,0.0562663
0.0050117,0.00134275,0.00529159,0.113772,0.109838,0.127953,0.242396,0.201608,1,0.050013,0.05,0.0522953,0.0678746,0.121356,0.0562851
0.00477854,0.00134287,0.00481066,0.113839,0.110866,0.12815,0.242738,0.201674,1.00001,0.0501104,0.05,0.0522055,0.0679326,0.121308,0.0563612
0.00488373,0.00134332,0.00499089,0.113904,0.111419,0.128336,0.24308,0.201736,1.00003,0.05,0.05,0.0509604,0.067921,0.121403,0.0564683
0.00498661,0.00134389,0.00517129,0.113971,0.112259,0.12853,0.243425,0.201803,1.00004,0.05,0.05,0.0503621,0.0679597,0.121513,0.0565512
0.00510365,0.00134495,0.00535095,0.114039,0.113119,0.128721,0.24377,0.201872,1.00006,0.05,0.05,0.05,0.0679762,0.121621,0.0566467
0.00484868,0.00134245,0.00484306,0.114106,0.113717,0.128916,0.244118,0.201936,1.00008,0.05,0.05,0.05,0.0680116,0.121738,0.0567276
0.00493708,0.00134257,0.00501778,0.114172,0.114422,0.12911,0.244466,0.202005,1.0001,0.05,0.05,0.05,0.0680251,0.121855,0.0568206
0.00504705,0.00134367,0.00520249,0.114243,0.115455,0.129307,0.244816,0.20208,1.00012,0.0500366,0.05,0.05,0.0680446,0.121979,0.0569126
0.00517196,0.00134462,0.00538021,0.114309,0.116347,0.1295,0.245168,0.202154,1.00015,0.0501173,0.05,0.05,0.0680103,0.122102,0.0570248
0.00491985,0.00134258,0.00486082,0.114377,0.116869,0.129685,0.24552,0.202224,1.00017,0.05,0.05,0.05,0.0679428,0.122209,0.0571424
0.00497078,0.0013407,0.00499334,0.114445,0.116398,0.129879,0.245875,0.202272,1.0002,0.05,0.05,0.05,0.0679203,0.12212,0.057244
0.00505774,0.00133986,0.00514797,0.114509,0.116577,0.130068,0.24623,0.202334,1.00023,0.05,0.05,0.05,0.0678869,0.122077,0.0573505
0.00513478,0.0013394,0.0053001,0.114576,0.116968,0.13027,0.246588,0.202398,1.00026,0.05,0.05,0.05,0.0679316,0.121991,0.0574166
0.00488394,0.00133909,0.00481163,0.114645,0.117839,0.130463,0.246946,0.202476,1.00029,0.05,0.05,0.05,0.0679468,0.121999,0.0575045
0.0049167,0.00133918,0.00495167,0.114712,0.118428,0.130665,0.247307,0.202545,1.00032,0.05,0.05,0.05,0.0680294,0.121916,0.057532
0.00500303,0.00134004,0.00512928,0.11478,0.119471,0.130829,0.247668,0.202628,1,0.05,0.05,0.05,0.0680847,0.121925,0.0575892
0.0050955,0.00134106,0.00531393,0.114848,0.120605,0.131033,0.248031,0.202713,1.00001,0.05,0.05,0.0500318,0.0681678,0.121961,0.0576211
0.00485249,0.00134188,0.00483287,0.114917,0.121823,0.131237,0.248396,0.202804,1.00003,0.05,0.05,0.0500553,0.068225,0.122042,0.0576837
0.00494198,0.00134307,0.00501432,0.114986,0.122989,0.13144,0.248762,0.202896,1.00004,0.0500312,0.05,0.05,0.068263,0.12211,0.0577606
0.00504726,0.00134464,0.00520194,0.115054,0.124168,0.131641,0.249129,0.20299,1.00006,0.0500454,0.05,0.05,0.0683055,0.122212,0.0578361
0.00515104,0.00134626,0.00539228,0.115123,0.125398,0.131845,0.249498,0.203086,1.00008,0.05,0.05,0.0500708,0.0683821,0.122323,0.057881
0.00489458,0.00134722,0.0048972,0.115194,0.126652,0.132051,0.249869,0.203183,1.0001,0.05,0.05,0.0501418,0.068461,0.122436,0.0579235
0.00497482,0.00134856,0.00507432,0.115264,0.12793,0.132258,0.25024,0.203284,1.00012,0.05,0.05,0.0501829,0.0685321,0.122541,0.0579741
0.00507707,0.00134998,0.0052631,0.115334,0.129218,0.132466,0.250614,0.203387,1.00015,0.05,0.05,0.050176,0.0685959,0.122652,0.0580327
0.00519526,0.00135153,0.0054515,0.115402,0.130462,0.13267,0.250988,0.203491,1.00018,0.0500149,0.05,0.050074,0.0686457,0.122768,0.0581039
0.00492849,0.00135234,0.00494567,0.115469,0.131755,0.132877,0.251365,0.203597,1.0002,0.05,0.05,0.0501908,0.0687333,0.122885,0.0581354
0.00499834,0.00135356,0.00512059,0.115538,0.133108,0.133091,0.251742,0.203705,1.00023,0.05,0.05,0.0502997,0.0688215,0.122997,0.0581654
0.00511228,0.00135535,0.0053136,0.115605,0.134199,0.133291,0.252121,0.203813,1.00026,0.0500719,0.05,0.05,0.0688516,0.123122,0.0582511
0.0051983,0.00135674,0.00550249,0.115674,0.135358,0.133499,0.252502,0.203917,1.0003,0.05,0.05,0.05,0.0689644,0.123247,0.0582324
0.00492928,0.00135783,0.00498555,0.115744,0.136656,0.133709,0.252884,0.20403,1.00033,0.05,0.05,0.0500062,0.0690576,0.12337,0.0582581
0.00500787,0.00135924,0.0051658,0.115812,0.138038,0.133884,0.253267,0.204147,1,0.05,0.05,0.0500729,0.0691416,0.123494,0.05829
0.00511039,0.00136102,0.00536041,0.115885,0.139367,0.134092,0.253652,0.204266,1.00001,0.05,0.05,0.0500452,0.0692186,0.123619,0.0583376
0.00520809,0.0013626,0.00555413,0.115953,0.14068,0.134303,0.254039,0.204383,1.00003,0.05,0.05,0.050111,0.0693263,0.123741,0.0583349
0.004939,0.00136355,0.00502633,0.116023,0.142057,0.134516,0.254427,0.204506,1.00004,0.05,0.05,0.050126,0.069417,0.123861,0.0583652
0.00501812,0.00136494,0.0052121,0.116095,0.143465,0.134728,0.254816,0.204633,1.00006,0.05,0.05,0.0501601,0.0695057,0.123986,0.0583969
0.00511287,0.00136705,0.00540482,0.116167,0.144758,0.13494,0.255207,0.204757,1.00008,0.05,0.05,0.0500522,0.0695992,0.124092,0.0584246
0.00521287,0.00136918,0.00559843,0.11624,0.146006,0.135157,0.255599,0.204879,1.0001,0.05,0.05,0.05,0.0697034,0.124181,0.0584338
0.0049467,0.00137029,0.00505617,0.11631,0.147325,0.135372,0.255993,0.205008,1.00013,0.05,0.05,0.05,0.069778,0.124279,0.058487
0.00502994,0.00137178,0.00524707,0.116387,0.148811,0.135592,0.256388,0.205144,1.00015,0.05,0.05,0.05,0.069861,0.124398,0.0585285
0.00513917,0.00137441,0.00543851,0.116456,0.149771,0.13581,0.256785,0.205266,1.00018,0.05,0.05,0.05,0.0699103,0.124453,0.0586063
0.00526244,0.00137667,0.00563063,0.11653,0.151006,0.136029,0.257183,0.205398,1.00021,0.0500083,0.05,0.05,0.0699539,0.124532,0.0586871
0.00499537,0.00137737,0.00507796,0.116604,0.152259,0.136243,0.257583,0.205535,1.00024,0.0501008,0.05,0.05,0.0699826,0.124628,0.0587763
0.00507303,0.00137865,0.00526042,0.116677,0.153678,0.136458,0.257984,0.205677,1.00027,0.05,0.05,0.05,0.070058,0.124751,0.0588262
0.00514371,0.00137942,0.00544749,0.116748,0.155044,0.136681,0.258387,0.205812,1.0003,0.05,0.05,0.05,0.0701694,0.124875,0.0588131
0.005269,0.00138173,0.00564059,0.11682,0.156178,0.136895,0.258791,0.205951,1.00034,0.0500536,0.05,0.05,0.0701943,0.124963,0.0589049
0.00499285,0.00138208,0.00509536,0.116891,0.157751,0.137079,0.259197,0.206102,1,0.05,0.05,0.0501065,0.0702752,0.125076,0.0589439
0.00507582,0.00138365,0.00528586,0.116964,0.159348,0.137304,0.259604,0.206257,1.00001,0.05,0.05,0.0501348,0.0703469,0.125193,0.0589989
0.00518897,0.00138601,0.00548578,0.117035,0.160652,0.137528,0.260012,0.206405,1.00003,0.05,0.05,0.05,0.0703858,0.125273,0.0590831
0.00531489,0.00138817,0.00568442,0.117108,0.162032,0.137748,0.260423,0.206559,1.00005,0.0500572,0.05,0.05,0.070416,0.125367,0.0591719
0.00503691,0.00138836,0.00512884,0.117184,0.163655,0.137974,0.260834,0.206722,1.00006,0.0500165,0.05,0.05,0.0704741,0.125481,0.0592402
0.00513227,0.00138981,0.00532577,0.117255,0.165108,0.138193,0.261247,0.206884,1.00008,0.0500361,0.05,0.05,0.0705122,0.125603,0.0593222
0.00521602,0.00139157,0.00552449,0.11733,0.166667,0.138416,0.261662,0.207045,1.00011,0.05,0.05,0.0501159,0.0706097,0.125715,0.059343
0.00531557,0.00139411,0.00572068,0.117405,0.168,0.138649,0.262078,0.207196,1.00013,0.05,0.05,0.05,0.0707092,0.125775,0.0593644
0.00504097,0.00139444,0.00514999,0.117479,0.169418,0.138877,0.262495,0.207361,1.00016,0.0500955,0.05,0.05,0.0707349,0.125874,0.0594556
0.00514997,0.00139509,0.00535036,0.117552,0.170567,0.139104,0.262914,0.207517,1.00018,0.0501162,0.05,0.05,0.070734,0.125999,0.0595565
0.00528019,0.00139611,0.00555285,0.117624,0.171528,0.139318,0.263335,0.207671,1.00021,0.0502147,0.05,0.05,0.0706933,0.126122,0.0596704
0.00540164,0.00139718,0.00575789,0.117701,0.173116,0.139548,0.263757,0.207846,1.00024,0.0501416,0.05,0.05,0.0707308,0.126246,0.0597513
0.00511345,0.00139675,0.00518219,0.117776,0.17457,0.139774,0.26418,0.20802,1.00028,0.0501318,0.05,0.05,0.0707499,0.126369,0.0598425
0.00519132,0.00139679,0.00536593,0.117848,0.175584,0.140011,0.264605,0.20817,1.00031,0.05,0.05,0.05,0.0707903,0.12645,0.0599178
0.0053244,0.00139783,0.00556937,0.117919,0.176676,0.140228,0.265032,0.208336,1.00035,0.0501217,0.05,0.05,0.0707379,0.126574,0.0600339
0.00545204,0.0013992,0.00577704,0.117993,0.178391,0.14042,0.26546,0.208525,1,0.0501633,0.05,0.05,0.070747,0.126699,0.0601265
0.00516338,0.00139881,0.00519285,0.118067,0.179783,0.140646,0.265889,0.208705,1.00001,0.0502542,0.05,0.05,0.0707199,0.126819,0.0602358
0.00525788,0.00139897,0.0053855,0.118139,0.180691,0.140871,0.26632,0.208863,1.00003,0.0500057,0.05,0.05,0.0707079,0.126889,0.0603382
0.00535533,0.00139953,0.00558546,0.118213,0.181979,0.141103,0.266753,0.209035,1.00005,0.05,0.05,0.05,0.070748,0.126956,0.0604134
0.00546999,0.00140046,0.00578889,0.118284,0.183575,0.141338,0.267187,0.209223,1.00007,0.05,0.05,0.05,0.0708059,0.127041,0.0604755
0.00516759,0.00140053,0.00521266,0.118355,0.185338,0.141581,0.267622,0.209417,1.00009,0.05,0.05,0.0500118,0.0708735,0.127128,0.0605284
0.0052791,0.00140174,0.00542188,0.11843,0.18683,0.141811,0.268059,0.209612,1.00011,0.0501138,0.05,0.05,0.0708566,0.127245,0.0606345
0.00540481,0.00140318,0.00563383,0.118505,0.188366,0.142042,0.268498,0.209811,1.00013,0.0501965,0.05,0.05,0.0708448,0.127368,0.0607394
0.00553963,0.00140455,0.00584094,0.118578,0.190109,0.142276,0.268938,0.210021,1.00016,0.0502562,0.05,0.05,0.0708446,0.12749,0.0608398
0.00524083,0.001405,0.00524758,0.118654,0.191812,0.142509,0.26938,0.210232,1.00019,0.0503341,0.05,0.05,0.0708366,0.127613,0.0609434
0.00534448,0.00140595,0.00545053,0.118728,0.193556,0.142743,0.269823,0.210446,1.00022,0.0503636,0.05,0.05,0.0708344,0.127723,0.0610437
0.00545947,0.00140685,0.00566154,0.118802,0.195352,0.142981,0.270267,0.210663,1.00025,0.0502916,0.05,0.05,0.0708515,0.127823,0.0611347
0.0056018,0.00142322,0.00587663,0.118872,0.197373,0.143228,0.270714,0.210891,1.00028,0.0504166,0.050125,0.050125,0.0709765,0.127948,0.0612597
0.00530257,0.00143946,0.00528619,0.118944,0.19939,0.143474,0.271161,0.211122,1.00032,0.0505416,0.05025,0.05025,0.0711015,0.128073,0.0613847
0.00544718,0.00145705,0.00550153,0.119016,0.201469,0.143725,0.271611,0.211357,1.00036,0.0506666,0.050375,0.050375,0.0712265,0.128198,0.0615097
0.00559007,0.00147551,0.00571957,0.119091,0.203413,0.143919,0.272061,0.211596,1,0.0507916,0.0505,0.0505,0.0713479,0.128323,0.0616316
0.00573365,0.00149453,0.00593833,0.11917,0.205449,0.144164,0.272514,0.211838,1.00001,0.0509166,0.050625,0.050625,0.0714729,0.128448,0.0617566
0.00542914,0.0015133,0.00533306,0.119246,0.20753,0.144413,0.272967,0.212085,1.00003,0.0510416,0.05075,0.05075,0.0715979,0.128573,0.0618816
0.0055752,0.00153352,0.00555193,0.119324,0.209631,0.144663,0.273423,0.212335,1.00005,0.0511666,0.050875,0.050875,0.0717229,0.128698,0.0620066
0.00572316,0.00155455,0.00577001,0.1194,0.211662,0.144905,0.27388,0.212588,1.00007,0.0512916,0.051,0.051,0.0718479,0.128823,0.0621316
0.00586987,0.00157611,0.00599072,0.119478,0.213765,0.145154,0.274338,0.212846,1.00009,0.0514166,0.051125,0.051125,0.0719729,0.128948,0.0622566
0.00555509,0.00159748,0.00537749,0.119558,0.215874,0.145402,0.274798,0.213108,1.00011,0.0515416,0.05125,0.05125,0.0720979,0.129073,0.0623816
0.00570451,0.00162037,0.00559802,0.119635,0.217986,0.14565,0.275259,0.213373,1.00014,0.0516666,0.051375,0.051375,0.0722229,0.129198,0.0625066
0.0058504,0.00164382,0.00582347,0.119716,0.220159,0.145903,0.275722,0.213643,1.00016,0.0517916,0.0515,0.0515,0.0723479,0.129323,0.0626316
0.00600218,0.00166778,0.00604443,0.119792,0.222413,0.146163,0.276187,0.213916,1.00019,0.0519166,0.051625,0.051625,0.0724729,0.129448,0.0627566
0.00568439,0.00169171,0.00541824,0.119871,0.224602,0.146416,0.276653,0.214194,1.00022,0.0520416,0.05175,0.05175,0.0725979,0.129573,0.0628816
0.00583471,0.00171714,0.00564309,0.11995,0.226802,0.146669,0.27712,0.214476,1.00026,0.0521666,0.051875,0.051875,0.0727229,0.129698,0.0630066
0.00571754,0.00150064,0.0058671,0.120023,0.228798,0.146908,0.277589,0.214761,1.00029,0.0504686,0.05,0.0505135,0.0725008,0.129804,0.0628962
0.0058091,0.00145994,0.00609062,0.120098,0.230927,0.14716,0.27806,0.215049,1.00033,0.0501471,0.05,0.05,0.0723344,0.129914,0.0628558
0.00548151,0.00144306,0.00541571,0.120168,0.23115,0.147375,0.278531,0.215239,1.00037,0.0502422,0.05,0.05,0.0720096,0.130021,0.0629425
0.00557878,0.00143683,0.00562953,0.120241,0.232859,0.147559,0.279005,0.215514,1,0.0502554,0.05,0.05,0.0718417,0.130145,0.0630025
0.00562926,0.00143434,0.00582633,0.120317,0.233997,0.147812,0.27948,0.215707,1.00001,0.05,0.05,0.05,0.0719,0.130269,0.0629178
0.00573924,0.00143343,0.00604524,0.120388,0.236011,0.148073,0.279957,0.215971,1.00003,0.05,0.05,0.0500567,0.0719419,0.130388,0.0628891
0.00541313,0.00143273,0.0054096,0.120466,0.237946,0.148313,0.280435,0.216266,1.00005,0.0500568,0.05,0.05,0.0718952,0.130503,0.0629548
0.00544676,0.00143279,0.0055834,0.120545,0.239169,0.148564,0.280914,0.216479,1.00007,0.05,0.05,0.05,0.0719789,0.130595,0.0629051
0.00552211,0.00143367,0.00579125,0.120621,0.240845,0.148823,0.281396,0.216721,1.00009,0.05,0.05,0.05,0.0720742,0.130719,0.062853
0.00565858,0.00143531,0.00601011,0.120697,0.242819,0.149084,0.281879,0.217011,1.00012,0.05,0.05,0.05,0.0720945,0.130841,0.0629101
0.00534811,0.00143596,0.00537657,0.120771,0.244501,0.149336,0.282363,0.217295,1.00014,0.0500785,0.05,0.05,0.072068,0.130965,0.0630002
0.00545928,0.00143753,0.00559548,0.120847,0.246386,0.149587,0.282849,0.217596,1.00017,0.0501298,0.05,0.05,0.0720599,0.131088,0.063086
0.00557434,0.00143948,0.0058175,0.120925,0.248461,0.149847,0.283336,0.217898,1.0002,0.05,0.05,0.05,0.0721016,0.131201,0.0631446
0.00570838,0.00144143,0.00604053,0.121003,0.25061,0.150108,0.283826,0.21821,1.00023,0.05,0.05,0.05,0.0721418,0.131314,0.0632086
0.00538621,0.00144236,0.00541168,0.121081,0.252852,0.150368,0.284316,0.218536,1.00026,0.05,0.05,0.05,0.0721763,0.131429,0.0632797
0.0054818,0.00144396,0.00562183,0.121162,0.255282,0.15063,0.284809,0.218877,1.0003,0.05,0.05,0.05,0.0722198,0.13155,0.0633458
0.00560708,0.0014456,0.00584718,0.121239,0.257672,0.150888,0.285302,0.219223,1.00034,0.05,0.05,0.05,0.0722554,0.131671,0.06342
0.00573122,0.00144718,0.00607855,0.12132,0.260039,0.151148,0.285798,0.21956,1.00037,0.05,0.05,0.0501242,0.0723311,0.131795,0.0634582
0.0053905,0.00144753,0.00544929,0.121402,0.262205,0.151364,0.286294,0.21987,1,0.05,0.05,0.0501903,0.0724246,0.131918,0.0634602
0.00546684,0.00144886,0.00564945,0.121482,0.264699,0.151633,0.286793,0.220214,1.00002,0.05,0.05,0.0503151,0.0725118,0.132042,0.0634859
0.00559489,0.00145045,0.00588117,0.121566,0.266982,0.15189,0.287293,0.220574,1.00003,0.0500288,0.05,0.0501237,0.0725552,0.132166,0.0635587
0.00570658,0.00145168,0.0061134,0.121645,0.269106,0.152151,0.287794,0.22089,1.00005,0.05,0.05,0.050172,0.0726624,0.132291,0.0635479
0.00537132,0.00145228,0.00547648,0.121726,0.271559,0.152419,0.288297,0.221239,1.00007,0.05,0.05,0.0502574,0.0727619,0.132411,0.0635571
0.00547323,0.00145382,0.00569962,0.121811,0.273992,0.152686,0.288802,0.221615,1.00009,0.0500222,0.05,0.0501036,0.0728266,0.132535,0.0636142
0.0055927,0.00145619,0.00592452,0.121886,0.275858,0.152953,0.289308,0.22194,1.00012,0.05,0.05,0.05,0.0728976,0.132622,0.0636687
0.00572305,0.00145844,0.00615884,0.121972,0.278143,0.153217,0.289816,0.222303,1.00015,0.05,0.05,0.05,0.0729793,0.132719,0.0637107
0.00538241,0.00145925,0.00550982,0.12205,0.28034,0.153477,0.290325,0.222649,1.00017,0.05,0.05,0.05,0.0730848,0.132817,0.0637127
0.0054214,0.00146061,0.00568761,0.122134,0.281865,0.153732,0.290835,0.222917,1.0002,0.05,0.05,0.05,0.0732057,0.132909,0.0636604
0.00548632,0.00146277,0.005892,0.122216,0.282284,0.153985,0.291347,0.223091,1.00024,0.05,0.05,0.05,0.0733286,0.132927,0.0635993
0.00555327,0.00146654,0.00607791,0.122297,0.279326,0.154239,0.291861,0.222966,1.00027,0.05,0.05,0.05,0.0734507,0.13273,0.0635529
0.00518572,0.00146855,0.00541475,0.122378,0.276142,0.154494,0.292375,0.222811,1.00031,0.05,0.05,0.05,0.0735746,0.132442,0.0634948
0.00525513,0.00147176,0.00560587,0.122459,0.277152,0.154764,0.292892,0.223049,1.00034,0.05,0.05,0.05,0.0736862,0.132301,0.0634947
0.0053702,0.00147521,0.00582799,0.12254,0.278787,0.155034,0.293411,0.223365,1.00038,0.05,0.05,0.05,0.0737763,0.132197,0.0635367
0.00549586,0.00147828,0.00605231,0.122625,0.280906,0.155262,0.293931,0.223712,1,0.05,0.05,0.05,0.0738699,0.132111,0.0635611
0.00519634,0.00147829,0.00541776,0.122708,0.283095,0.155539,0.294453,0.224089,1.00002,0.050013,0.05,0.05,0.0739343,0.132089,0.0636305
0.00530179,0.00147938,0.00564197,0.122794,0.285004,0.155819,0.294976,0.224436,1.00003,0.05,0.05,0.05,0.0739943,0.132179,0.0636991
0.00543999,0.00148209,0.00587106,0.122874,0.286193,0.156091,0.295501,0.224742,1.00005,0.0500777,0.05,0.05,0.0740051,0.132178,0.0638011
0.00558287,0.00148452,0.00609858,0.122956,0.28846,0.156366,0.296028,0.225137,1.00007,0.0501092,0.05,0.05,0.0740416,0.132217,0.0638893
0.00527278,0.00148335,0.00545791,0.123039,0.290969,0.156645,0.296556,0.225543,1.0001,0.05,0.05,0.05,0.0740964,0.132307,0.0639626
0.00537097,0.00148477,0.00567661,0.123124,0.293307,0.156922,0.297086,0.225937,1.00012,0.05,0.05,0.05,0.0741498,0.132414,0.0640358
0.00548465,0.00148718,0.00590982,0.123211,0.29613,0.157204,0.297617,0.226369,1.00015,0.05,0.05,0.0500145,0.0742248,0.132486,0.0640917
0.00562084,0.00149018,0.00614064,0.123296,0.2987,0.157488,0.29815,0.226788,1.00018,0.05,0.05,0.05,0.0742832,0.132527,0.0641651
0.00530136,0.00148953,0.00549196,0.123384,0.301342,0.157772,0.298685,0.227226,1.00021,0.05,0.05,0.05,0.0743251,0.132603,0.0642487
0.00539184,0.00148891,0.00569965,0.123463,0.299532,0.158047,0.29922,0.227226,1.00024,0.05,0.05,0.05,0.0743436,0.132705,0.0643379
0.00549679,0.00148918,0.00592228,0.123546,0.300657,0.158333,0.299758,0.227485,1.00028,0.05,0.05,0.05,0.0744162,0.132819,0.0643864
0.00563209,0.00149048,0.00615739,0.123633,0.303055,0.158617,0.300297,0.227896,1.00031,0.05,0.05,0.05,0.0744695,0.132943,0.0644556
0.00530418,0.00148897,0.00550431,0.12372,0.304954,0.158902,0.300838,0.228247,1.00035,0.05,0.05,0.05,0.0745378,0.133056,0.0645087
0.00538153,0.00148886,0.00570961,0.123802,0.305741,0.159198,0.30138,0.228468,1.00039,0.05,0.05,0.05,0.0746081,0.133126,0.0645557
0.00552445,0.00149114,0.00593991,0.12388,0.306277,0.15941,0.301924,0.228744,1,0.0500444,0.05,0.05,0.0745658,0.133241,0.0646652
0.00565097,0.001494,0.006176,0.123969,0.308709,0.1597,0.302469,0.229148,1.00002,0.05,0.05,0.05,0.0746414,0.133348,0.0647177
0.00532724,0.00149396,0.0055214,0.124061,0.311646,0.159997,0.303017,0.229611,1.00003,0.05,0.05,0.05,0.0747016,0.133465,0.0647843
0.00545428,0.00149463,0.00575745,0.124147,0.312708,0.160278,0.303565,0.229922,1.00005,0.0500508,0.05,0.05,0.0746684,0.133585,0.0648955
0.00560405,0.00149554,0.00598725,0.124221,0.312149,0.160525,0.304114,0.230101,1.00007,0.0501311,0.05,0.05,0.0745617,0.13371,0.0650193
0.00573608,0.00149651,0.00622377,0.124307,0.314737,0.16082,0.304666,0.230521,1.0001,0.05,0.05,0.05,0.0746162,0.133826,0.0650857
0.0054056,0.00149559,0.00555063,0.124394,0.317377,0.161108,0.305219,0.230981,1.00012,0.05,0.05,0.05,0.0746256,0.133946,0.0651814
0.00551424,0.00149631,0.00578009,0.124484,0.31893,0.161383,0.305774,0.231344,1.00015,0.05,0.05,0.05,0.0746203,0.134046,0.0652818
0.00562179,0.00149794,0.00601479,0.124571,0.321606,0.161667,0.306331,0.231788,1.00018,0.05,0.05,0.0500482,0.0746942,0.134165,0.0653297
0.00572587,0.00149977,0.00625204,0.124657,0.322891,0.161945,0.306889,0.232038,1.00021,0.05,0.05,0.05,0.0748075,0.13429,0.0653079
0.00536094,0.00149995,0.00558435,0.124742,0.323171,0.162216,0.307448,0.232168,1.00025,0.05,0.05,0.05,0.0749289,0.1344,0.0652552
0.00538131,0.00150151,0.00575516,0.124828,0.323061,0.162498,0.308009,0.232223,1.00028,0.05,0.05,0.05,0.0750532,0.134496,0.0651767
0.00545932,0.00150727,0.00593942,0.124909,0.315698,0.162789,0.308571,0.231561,1.00032,0.05,0.05,0.05,0.0751053,0.134307,0.0652612
0.00555512,0.0015129,0.0061271,0.124988,0.311473,0.163088,0.309136,0.231212,1.00036,0.05,0.05,0.05,0.0751808,0.134102,0.0653271
0.00524746,0.00151313,0.00546984,0.125074,0.313334,0.163378,0.309702,0.231602,1.0004,0.05,0.05,0.05,0.0752169,0.134114,0.0654175
0.00533015,0.00151422,0.00568659,0.125167,0.315782,0.163616,0.31027,0.232019,1,0.05,0.05,0.05,0.075294,0.134229,0.065455
0.00542335,0.0015185,0.00590183,0.125257,0.315945,0.163924,0.310839,0.232141,1.00002,0.05,0.05,0.05,0.0753887,0.134143,0.065494
0.00556074,0.00152171,0.00611882,0.125351,0.316629,0.164218,0.31141,0.232409,1.00003,0.05,0.05,0.05,0.0753817,0.134137,0.0656039
0.00522898,0.00151632,0.00541847,0.125425,0.311543,0.164498,0.311981,0.231977,1.00005,0.05,0.05,0.05,0.075313,0.134241,0.0657219
0.00529313,0.00151282,0.00558233,0.125487,0.299308,0.164779,0.312554,0.230638,1.00008,0.05,0.05,0.05,0.0752413,0.134168,0.0658372
0.00540535,0.00151124,0.00578016,0.12556,0.295024,0.165053,0.313128,0.230265,1.0001,0.05,0.05,0.05,0.0751626,0.134179,0.0659552
0.00550778,0.0015099,0.00595966,0.125633,0.290846,0.16534,0.313705,0.229851,1.00013,0.05,0.05,0.05,0.0751491,0.134099,0.0660534
0.00517211,0.0015072,0.00531924,0.125709,0.286121,0.16564,0.314284,0.22931,1.00016,0.05,0.05,0.05,0.075205,0.133928,0.0661056
0.00520359,0.00150634,0.00547923,0.125787,0.28179,0.165945,0.314864,0.228783,1.00019,0.05,0.05,0.05,0.0752828,0.133696,0.0661318
0.00530546,0.00150684,0.00569415,0.125867,0.28296,0.166244,0.315446,0.228985,1.00022,0.05,0.05,0.05,0.0753356,0.133626,0.0661909
0.00541443,0.00150753,0.00591432,0.125952,0.284097,0.166542,0.31603,0.229156,1.00025,0.05,0.05,0.05,0.075423,0.133576,0.0662104
0.00510698,0.00150683,0.00531632,0.126027,0.283959,0.166841,0.316615,0.229125,1.00029,0.05,0.05,0.05,0.0755343,0.1335,0.0661775
0.00518592,0.00150792,0.00552083,0.12611,0.28669,0.16715,0.317202,0.229503,1.00033,0.05,0.05,0.05,0.075617,0.133514,0.0662074
0.00530323,0.00150881,0.00574644,0.126192,0.289435,0.167462,0.317791,0.229916,1.00037,0.05,0.05,0.05,0.075665,0.133496,0.0662733
0.00544065,0.00150985,0.00596256,0.126274,0.292029,0.167761,0.318381,0.230355,1.00041,0.05,0.05,0.05,0.0756618,0.133531,0.0663715
0.00515394,0.00151024,0.00534571,0.126358,0.295016,0.168006,0.318973,0.230831,1,0.05,0.05,0.05,0.0756736,0.133584,0.0664542
0.00524734,0.00151137,0.00556265,0.126447,0.298306,0.168329,0.319567,0.231303,1.00002,0.05,0.05,0.05,0.0757198,0.133634,0.0665245
0.0053878,0.00151136,0.00577864,0.126522,0.298297,0.168597,0.320161,0.231462,1.00004,0.0501187,0.05,0.05,0.0755869,0.133699,0.0666491
0.00552774,0.0015113,0.00597347,0.126592,0.299023,0.168867,0.320756,0.231702,1.00006,0.0502178,0.05,0.05,0.0754502,0.133777,0.0667738
0.00523227,0.00151131,0.00534197,0.126675,0.301291,0.169149,0.321353,0.23212,1.00008,0.0501778,0.05,0.05,0.0753719,0.13387,0.066894
0.00533037,0.00151188,0.00555415,0.126756,0.303833,0.169453,0.321953,0.232532,1.0001,0.05,0.05,0.05,0.0753584,0.133879,0.0669967
0.0054471,0.00151217,0.00577048,0.126834,0.305183,0.169746,0.322555,0.232811,1.00013,0.05,0.05,0.05,0.0753277,0.133821,0.0671045
0.00556094,0.0015128,0.00598309,0.12691,0.305968,0.170059,0.323158,0.232949,1.00016,0.05,0.05,0.05,0.0753704,0.133729,0.0671751
0.00524914,0.00151339,0.00536897,0.126996,0.30796,0.170371,0.323763,0.233254,1.00019,0.05,0.05,0.05,0.0754233,0.133691,0.0672389
0.00531969,0.00151438,0.00556515,0.127073,0.309926,0.170689,0.324369,0.233541,1.00023,0.05,0.05,0.05,0.075488,0.133656,0.067292
0.00540449,0.00151502,0.00576789,0.127154,0.308868,0.171008,0.324977,0.233433,1.00026,0.05,0.05,0.05,0.0755403,0.133405,0.0673538
0.00552247,0.00151585,0.00597786,0.127239,0.310099,0.171325,0.325587,0.233665,1.0003,0.05,0.05,0.05,0.075568,0.133209,0.067435
0.00522166,0.00151656,0.00534627,0.127314,0.312405,0.171627,0.326198,0.234092,1.00034,0.05,0.05,0.05,0.0755555,0.133096,0.0675375
0.00530427,0.00151787,0.00555538,0.127395,0.315073,0.17194,0.326812,0.234501,1.00038,0.05,0.05,0.05,0.0756136,0.133126,0.0675998
0.00539201,0.00151897,0.00577651,0.127479,0.316467,0.172253,0.327426,0.234682,1.00043,0.05,0.05,0.05012,0.0757126,0.13312,0.0676071
0.00550401,0.00151987,0.00600475,0.127562,0.31796,0.172507,0.328042,0.23488,1,0.05,0.05,0.0502212,0.0758085,0.133104,0.0675998
0.00519064,0.00152081,0.00539143,0.127644,0.319635,0.17282,0.32866,0.23512,1.00002,0.05,0.05,0.0502581,0.0759135,0.133068,0.0675939
0.00524949,0.00152173,0.00558752,0.127724,0.321446,0.173137,0.329279,0.235363,1.00004,0.05,0.05,0.0503695,0.076024,0.133064,0.0675748
0.00535499,0.00152293,0.00581357,0.127808,0.323784,0.173456,0.3299,0.235755,1.00006,0.05,0.05,0.05,0.0761094,0.132986,0.0676054
0.00547078,0.00152406,0.0060384,0.127883,0.325725,0.173775,0.330523,0.236071,1.00008,0.05,0.05,0.05,0.0762087,0.132889,0.0676127
0.00516645,0.00152528,0.00541376,0.127966,0.328816,0.174096,0.331148,0.23657,1.00011,0.05,0.05,0.05,0.0763,0.132882,0.0676361
0.00524698,0.00152645,0.00562963,0.128052,0.331552,0.174413,0.331774,0.237007,1.00013,0.05,0.05,0.05,0.0763976,0.132945,0.06765
0.00534471,0.00152741,0.00586061,0.128137,0.333795,0.174723,0.332402,0.237347,1.00016,0.05,0.05,0.0500051,0.07651,0.133013,0.0676281
0.00545438,0.00152803,0.00609719,0.128217,0.335479,0.175027,0.33303,0.237582,1.0002,0.05,0.05,0.0501121,0.0766316,0.133073,0.0675656
0.00514246,0.00152883,0.00546509,0.1283,0.338011,0.175342,0.333661,0.237962,1.00023,0.05,0.05,0.0502035,0.0767499,0.133136,0.0675218
0.00522936,0.00152995,0.00568651,0.128385,0.340995,0.175668,0.334294,0.23845,1.00027,0.05,0.05,0.05,0.0768524,0.133233,0.0675271
0.00534902,0.00153121,0.00592793,0.128472,0.34414,0.175983,0.334929,0.239035,1.00031,0.05,0.05,0.05,0.0769369,0.133314,0.0675631
0.00545891,0.00153167,0.00616754,0.128554,0.34591,0.176275,0.335563,0.239311,1.00035,0.05,0.05,0.0501037,0.0770606,0.133404,0.0674839
0.00511882,0.00153083,0.00552219,0.128623,0.344734,0.176531,0.336198,0.239067,1.00039,0.05,0.05,0.05,0.0771782,0.133493,0.0672891
0.00514062,0.00152996,0.00569633,0.128693,0.344208,0.17679,0.336833,0.238917,1.00044,0.05,0.05,0.05,0.0772948,0.133581,0.0670889
0.00520161,0.00152973,0.00590151,0.128756,0.34245,0.177016,0.337471,0.238624,1,0.05,0.05,0.05,0.0774101,0.133484,0.0669286
0.00532863,0.00153121,0.00611779,0.128839,0.344124,0.177343,0.338114,0.239028,1.00002,0.05,0.05,0.05,0.0774884,0.133482,0.0669728
0.00503416,0.00153242,0.00546804,0.128929,0.347269,0.177667,0.338758,0.23961,1.00004,0.05,0.05,0.05,0.0775844,0.13356,0.0669917
0.00511202,0.00153328,0.00568417,0.129013,0.349633,0.177989,0.339404,0.24,1.00006,0.05,0.05,0.05,0.0776986,0.133677,0.0669671
0.00522366,0.00153446,0.00592195,0.129091,0.352899,0.178312,0.340051,0.240593,1.00008,0.05,0.05,0.05,0.0778044,0.13374,0.0669666
0.00534735,0.00153563,0.0061587,0.129174,0.356213,0.178637,0.340701,0.241179,1.00011,0.05,0.05,0.05,0.0779137,0.133804,0.066957
0.00504677,0.00153671,0.00550718,0.12926,0.359583,0.17897,0.341352,0.241761,1.00014,0.05,0.05,0.05,0.0780203,0.133904,0.0669549
0.0051435,0.00153786,0.00573806,0.129347,0.361148,0.179305,0.342004,0.242091,1.00017,0.05,0.05,0.05,0.0781002,0.134028,0.0669985
0.00526367,0.00153909,0.00597758,0.129432,0.363667,0.179641,0.342659,0.24258,1.0002,0.05,0.05,0.05,0.0781784,0.134152,0.0670441
0.00539322,0.00154032,0.00620942,0.129516,0.366295,0.179979,0.343315,0.243089,1.00024,0.05,0.05,0.05,0.0782528,0.134276,0.0670943
0.00508388,0.0015415,0.00553183,0.1296,0.368002,0.180311,0.343973,0.243453,1.00028,0.05,0.05,0.05,0.0783216,0.134397,0.0671505
0.00514875,0.00154257,0.00573347,0.129679,0.366826,0.180647,0.344631,0.243258,1.00032,0.05,0.05,0.05,0.0784207,0.134472,0.0671651
0.0052605,0.0015438,0.00597433,0.129763,0.370125,0.18099,0.345292,0.243844,1.00036,0.05,0.05,0.05,0.0785103,0.134595,0.0671954
0.00539283,0.00154507,0.006205,0.129853,0.373025,0.181329,0.345955,0.244443,1.0004,0.05,0.05,0.05,0.0785577,0.13472,0.0672702
0.00508756,0.00154635,0.0055314,0.129942,0.375941,0.181674,0.34662,0.245018,1.00045,0.05,0.05,0.05,0.0786103,0.134843,0.0673411
0.00519911,0.00154731,0.0057677,0.130023,0.377643,0.181952,0.347285,0.245411,1,0.05,0.05,0.05,0.0786163,0.134959,0.0674288
0.00533327,0.00154779,0.00599936,0.130104,0.376909,0.18226,0.347951,0.245509,1.00002,0.0501112,0.05,0.05,0.0785437,0.135083,0.0675488
0.00546626,0.00154884,0.00622786,0.130193,0.379334,0.182586,0.34862,0.246067,1.00004,0.0500141,0.05,0.05,0.0785462,0.135208,0.0676489
0.00514969,0.00155015,0.00556419,0.130286,0.382907,0.182942,0.349292,0.246689,1.00006,0.05,0.05,0.0500228,0.0786296,0.135332,0.0676881
0.00526921,0.00155103,0.00580631,0.130373,0.38451,0.18326,0.349964,0.247146,1.00009,0.0500175,0.05,0.05,0.0786064,0.135456,0.0677973
0.00537984,0.00155232,0.00604907,0.130461,0.387947,0.183599,0.350638,0.247794,1.00011,0.05,0.05,0.05,0.0786836,0.135581,0.0678442
0.00549402,0.00155337,0.0062947,0.130543,0.390294,0.183934,0.351314,0.248196,1.00014,0.05,0.05,0.0501091,0.0787919,0.135704,0.0678376
0.0051677,0.00155451,0.00561825,0.130637,0.393217,0.184269,0.351992,0.248729,1.00017,0.05,0.05,0.0502152,0.0788969,0.135826,0.0678394
0.00521309,0.00155522,0.00581467,0.130722,0.394835,0.1846,0.35267,0.248963,1.00021,0.05,0.05,0.0502614,0.0790175,0.135951,0.0677874
0.0053189,0.0015565,0.00605262,0.130806,0.397172,0.184936,0.353351,0.249451,1.00024,0.05,0.05,0.05,0.0791137,0.136046,0.0678066
0.00541236,0.00155734,0.006284,0.130883,0.395686,0.185263,0.354032,0.249178,1.00028,0.05,0.05,0.05,0.0792361,0.136074,0.0677423
0.0050955,0.00155859,0.00560177,0.130968,0.39774,0.1856,0.354716,0.249598,1.00032,0.05,0.05,0.05,0.0793437,0.136133,0.0677375
0.00515196,0.00155936,0.00580487,0.131045,0.400201,0.185941,0.355401,0.249991,1.00037,0.05,0.05,0.0500974,0.0794639,0.136247,0.0676885
0.00525396,0.00156123,0.00602787,0.131128,0.397254,0.186288,0.356088,0.249656,1.00041,0.05,0.05,0.05,0.0795163,0.136166,0.0677594
0.00536631,0.00156323,0.00624411,0.131202,0.396217,0.186637,0.356777,0.249601,1.00046,0.05,0.05,0.05,0.0795936,0.136067,0.0678068
0.00506198,0.00156439,0.00557081,0.131286,0.399799,0.18692,0.357468,0.250315,1,0.05,0.05,0.05,0.079669,0.136118,0.0678377
0.00515557,0.00156546,0.00580105,0.13137,0.401854,0.187276,0.358161,0.250746,1.00002,0.05,0.05,0.05,0.0797366,0.13624,0.0678951
0.00528154,0.00156692,0.00604751,0.131453,0.405014,0.187637,0.358856,0.25143,1.00004,0.05,0.05,0.05,0.0797785,0.136322,0.0679742
0.00541534,0.00156777,0.00626478,0.131535,0.405834,0.187976,0.359551,0.251762,1.00006,0.0500282,0.05,0.05,0.079752,0.136431,0.0680845
0.0050945,0.0015681,0.00555132,0.131615,0.403931,0.188316,0.360248,0.251537,1.00009,0.05,0.05,0.05,0.0797353,0.136545,0.0681914
0.0051766,0.00156879,0.00575962,0.131689,0.400479,0.188668,0.360946,0.25094,1.00012,0.05,0.05,0.05,0.0797592,0.136611,0.0682806
0.00529491,0.00156991,0.00600421,0.13178,0.403453,0.189016,0.361647,0.251562,1.00015,0.05,0.05,0.05,0.0797953,0.136733,0.0683631
0.00541415,0.00157105,0.00624672,0.131868,0.405931,0.189371,0.36235,0.251998,1.00018,0.05,0.05,0.05,0.0798823,0.136851,0.0683971
0.00510029,0.00157211,0.0055787,0.131957,0.408254,0.18972,0.363055,0.252422,1.00021,0.05,0.05,0.05,0.0799748,0.136963,0.0684225
0.00513993,0.00157279,0.00577182,0.132045,0.407927,0.190057,0.36376,0.252272,1.00025,0.05,0.05,0.05,0.0800923,0.13705,0.0683855
0.00520731,0.00157323,0.00599278,0.13213,0.406264,0.190385,0.364465,0.251844,1.00029,0.05,0.05,0.05,0.080215,0.137109,0.0683189
0.00530011,0.00157351,0.00622943,0.132214,0.405131,0.190707,0.365172,0.251506,1.00033,0.05,0.05,0.05,0.0803397,0.137169,0.0682277
0.00498995,0.00157382,0.00556921,0.132293,0.405542,0.191023,0.365881,0.251495,1.00038,0.05,0.05,0.05,0.0804644,0.137241,0.0681373
0.00500991,0.00157351,0.00574766,0.132375,0.403802,0.191321,0.36659,0.251015,1.00042,0.05,0.05,0.05,0.080587,0.137286,0.067987
0.00508352,0.00157389,0.00597306,0.132462,0.403275,0.191637,0.367302,0.250831,1.00047,0.05,0.05,0.05,0.0807119,0.137278,0.0678911
0.00517066,0.00157368,0.00620975,0.13255,0.402248,0.191866,0.368015,0.250516,1,0.05,0.05,0.05,0.0808255,0.137256,0.067743
0.00487581,0.00157401,0.00554696,0.132627,0.403264,0.192198,0.36873,0.250611,1.00002,0.05,0.05,0.05,0.0809505,0.137244,0.0676431
0.00498325,0.00157541,0.00579139,0.132723,0.404921,0.192565,0.36945,0.251061,1.00004,0.05,0.05,0.05,0.0810174,0.137288,0.0677019
0.00510509,0.00157679,0.00603708,0.132825,0.406258,0.192928,0.370172,0.251478,1.00006,0.05,0.05,0.05,0.0810704,0.137346,0.067773
0.00523087,0.00157811,0.00627263,0.132933,0.409178,0.193301,0.370896,0.252136,1.00009,0.05,0.05,0.05,0.0811432,0.137437,0.0678253
0.00493746,0.0015791,0.00556098,0.133025,0.409843,0.193668,0.371621,0.252423,1.00012,0.05,0.05,0.05,0.0811623,0.137552,0.0679172
0.00505344,0.00158013,0.00580237,0.133114,0.408004,0.194012,0.372346,0.25228,1.00015,0.05,0.05,0.05,0.0811311,0.137581,0.0680284
0.00517138,0.00158157,0.00603977,0.133206,0.408964,0.194375,0.373074,0.25259,1.00018,0.05,0.05,0.05,0.0811532,0.13759,0.0681198
0.00529469,0.00158308,0.00626924,0.133302,0.411294,0.194743,0.373804,0.25313,1.00022,0.05,0.05,0.05,0.0811926,0.137611,0.0682013
0.00500072,0.0015842,0.00557643,0.133393,0.414659,0.195114,0.374537,0.253867,1.00026,0.05,0.05,0.05,0.0812244,0.137686,0.0682874
0.0050953,0.00158581,0.00580441,0.133489,0.415187,0.195481,0.37527,0.254066,1.0003,0.05,0.05,0.05,0.0812394,0.137643,0.0683832
0.00521635,0.00158716,0.00604332,0.13358,0.41677,0.195842,0.376005,0.254501,1.00034,0.05,0.05,0.05,0.0812298,0.137641,0.068489
0.00534557,0.00158843,0.00627244,0.133678,0.41969,0.196214,0.376742,0.255164,1.00039,0.05,0.05,0.05,0.0812283,0.137679,0.0685917
0.00504123,0.00158861,0.00555583,0.133771,0.420518,0.196545,0.377478,0.255517,1.00044,0.0500739,0.05,0.05,0.081141,0.13775,0.0687138
0.00515425,0.00158949,0.00579931,0.133864,0.422416,0.196882,0.378218,0.256064,1.00049,0.0500463,0.05,0.05,0.08108,0.137796,0.0688325
0.00526556,0.0015909,0.0060437,0.133963,0.425898,0.197174,0.37896,0.256782,1,0.05,0.05,0.05,0.0811083,0.137833,0.0689066
0.00539138,0.00159258,0.00628525,0.134063,0.429457,0.197542,0.379705,0.257528,1.00002,0.05,0.05,0.05,0.0811525,0.137876,0.0689859
0.0050773,0.00159382,0.00561025,0.134164,0.432129,0.197915,0.380451,0.258015,1.00004,0.05,0.05,0.0500268,0.08124,0.137917,0.0690229
0.00521651,0.00160995,0.00585527,0.134252,0.436329,0.198316,0.381199,0.258859,1.00007,0.050125,0.050125,0.0501518,0.081365,0.138042,0.0691479
0.00534992,0.00162688,0.00610714,0.134354,0.44029,0.198697,0.381949,0.259713,1.00009,0.05025,0.05025,0.0502768,0.08149,0.138167,0.0692729
0.00548657,0.00164446,0.00635702,0.134456,0.444245,0.199077,0.382701,0.260577,1.00012,0.050375,0.050375,0.0504018,0.081615,0.138292,0.0693979
0.00517313,0.00166224,0.00567176,0.134557,0.448179,0.199454,0.383455,0.261451,1.00015,0.0505,0.0505,0.0505267,0.08174,0.138417,0.0695229
0.00531181,0.00168106,0.00592214,0.134656,0.452195,0.199839,0.38421,0.262335,1.00019,0.050625,0.050625,0.0506517,0.081865,0.138542,0.0696479
0.00545054,0.0017005,0.00617374,0.134757,0.456242,0.200226,0.384967,0.263229,1.00023,0.05075,0.05075,0.0507767,0.08199,0.138667,0.0697729
0.00558898,0.00172069,0.00642679,0.134861,0.460146,0.2006,0.385726,0.264133,1.00026,0.050875,0.050875,0.0509017,0.082115,0.138792,0.0698979
0.00526879,0.00174106,0.00572594,0.134971,0.464045,0.200974,0.386487,0.265047,1.00031,0.051,0.051,0.0510267,0.08224,0.138917,0.0700229
0.00540815,0.00176239,0.00598077,0.135073,0.468154,0.201365,0.387249,0.265971,1.00035,0.051125,0.051125,0.0511517,0.082365,0.139042,0.0701479
0.00554534,0.00178445,0.00623897,0.135184,0.472169,0.201748,0.388013,0.266906,1.0004,0.05125,0.05125,0.0512767,0.08249,0.139167,0.0702729
0.00568804,0.00180709,0.006493,0.135289,0.47629,0.20214,0.388779,0.267851,1.00045,0.051375,0.051375,0.0514017,0.082615,0.139292,0.0703979
0.00536821,0.0018299,0.0057736,0.135391,0.480417,0.202532,0.389547,0.268807,1.0005,0.0515,0.0515,0.0515267,0.08274,0.139417,0.0705229
0.0055104,0.00185368,0.00603062,0.135496,0.484457,0.202832,0.390316,0.269773,1,0.051625,0.051625,0.0516517,0.0828538,0.139542,0.0706384
0.00565428,0.00187822,0.00628734,0.135599,0.488649,0.20323,0.391088,0.27075,1.00002,0.05175,0.05175,0.0517767,0.0829788,0.139667,0.0707634
0.00579736,0.00190341,0.00654615,0.135704,0.492847,0.203628,0.391861,0.271738,1.00004,0.051875,0.051875,0.0519017,0.0831038,0.139792,0.0708884
0.00533172,0.00168829,0.00580596,0.135807,0.495721,0.204004,0.392635,0.271938,1.00007,0.05,0.05,0.05,0.083009,0.139883,0.0706684
0.00527757,0.0016472,0.00601141,0.135903,0.496945,0.204385,0.393409,0.271857,1.0001,0.05,0.05,0.05,0.0830443,0.139997,0.0704071
0.00538007,0.00163235,0.00627048,0.136006,0.50015,0.204769,0.394187,0.272704,1.00013,0.05,0.05,0.05,0.0829843,0.140119,0.0703607
0.00549554,0.00162584,0.00652742,0.136103,0.50337,0.205158,0.394967,0.27339,1.00016,0.05,0.05,0.05,0.0830204,0.140244,0.0702654
0.00516447,0.00162286,0.0057896,0.136207,0.507159,0.205543,0.395748,0.274296,1.00019,0.05,0.05,0.05,0.0830526,0.140368,0.0702204
0.00521639,0.00162172,0.00600649,0.136305,0.509983,0.205922,0.396531,0.274893,1.00023,0.05,0.05,0.0500495,0.0831365,0.140492,0.0701277
0.00530352,0.00162134,0.00626046,0.136408,0.512713,0.206307,0.397315,0.275434,1.00027,0.05,0.05,0.0500897,0.0832356,0.140617,0.0700284
0.0054336,0.0016223,0.00651306,0.136512,0.516376,0.206708,0.398102,0.276401,1.00032,0.05,0.05,0.05,0.0832765,0.140726,0.070046
0.00511236,0.00162286,0.00576035,0.136613,0.519059,0.207101,0.398891,0.277246,1.00036,0.05004,0.05,0.05,0.0832719,0.140849,0.0701108
0.00522468,0.00162369,0.0060169,0.136715,0.521052,0.207496,0.399681,0.277953,1.00041,0.0500816,0.05,0.05,0.0832553,0.140974,0.0701895
0.00536176,0.00162431,0.00627142,0.136803,0.52058,0.207868,0.400471,0.278232,1.00046,0.0502041,0.05,0.05,0.0831761,0.141098,0.0702972
0.00549866,0.00162496,0.00649529,0.13689,0.519732,0.208213,0.401262,0.278479,1.00052,0.0503247,0.05,0.05,0.0830765,0.141218,0.0704124
0.00517228,0.00162601,0.00576404,0.136987,0.523213,0.208534,0.402057,0.279341,1,0.05,0.05,0.05,0.0831128,0.141319,0.070455
0.00528467,0.00162725,0.00602176,0.13709,0.525292,0.208908,0.402853,0.280122,1.00002,0.0500482,0.05,0.05,0.0830825,0.14143,0.0705562
0.00539929,0.00162914,0.00627199,0.137186,0.527798,0.209315,0.403653,0.280791,1.00004,0.05,0.05,0.05,0.0831327,0.141501,0.0706157
0.00553694,0.00163048,0.00652449,0.137289,0.531508,0.20971,0.404454,0.281836,1.00007,0.05,0.05,0.05,0.0831379,0.141614,0.0707058
0.00520879,0.00163106,0.00577735,0.137394,0.535276,0.210116,0.405257,0.282867,1.0001,0.05,0.05,0.05,0.0831375,0.141737,0.0707997
0.00534065,0.00163108,0.00604055,0.137481,0.53287,0.210445,0.406056,0.282819,1.00013,0.0501028,0.05,0.05,0.0830001,0.14186,0.070924
0.005475,0.00163211,0.00630286,0.137581,0.535862,0.210819,0.406862,0.28378,1.00016,0.0501029,0.05,0.05,0.0829739,0.141984,0.07103
0.00560857,0.00163341,0.00656471,0.137684,0.539966,0.211229,0.407671,0.28474,1.0002,0.05,0.05,0.0500066,0.0830326,0.142108,0.071089
0.00527159,0.00163423,0.00581304,0.137786,0.544184,0.21163,0.408481,0.285873,1.00024,0.05,0.05,0.05,0.0830463,0.142232,0.0711803
0.00537817,0.00163529,0.00606545,0.137889,0.547765,0.21202,0.409293,0.286926,1.00028,0.05,0.05,0.05,0.0830457,0.142357,0.0712785
0.00549873,0.00163678,0.00632905,0.137997,0.552176,0.212433,0.410107,0.28803,1.00032,0.05,0.05,0.05,0.0830936,0.142477,0.0713501
0.0056405,0.00163802,0.00658465,0.138097,0.556017,0.212828,0.410923,0.289157,1.00037,0.05,0.05,0.05,0.0830928,0.142599,0.0714498
0.00530539,0.00163872,0.00582664,0.138189,0.560413,0.213236,0.41174,0.290331,1.00042,0.05,0.05,0.05,0.0831056,0.142724,0.0715433
0.00540654,0.00164049,0.00606997,0.13829,0.55828,0.213623,0.412556,0.290201,1.00047,0.05,0.05,0.05,0.0830733,0.142754,0.071656
0.00551884,0.00164278,0.00630463,0.138373,0.552768,0.214005,0.413373,0.289304,1.00053,0.05,0.05,0.05,0.0830443,0.142683,0.0717688
0.00563107,0.00164535,0.0065394,0.138473,0.549484,0.214327,0.414192,0.288686,1,0.05,0.05,0.05,0.0830755,0.142586,0.0718397
0.00529303,0.00164635,0.00578778,0.138578,0.552538,0.214719,0.415016,0.289641,1.00002,0.05,0.05,0.05,0.0830742,0.142613,0.0719434
0.00537674,0.00164801,0.00601774,0.13868,0.556633,0.215131,0.415843,0.290631,1.00004,0.05,0.05,0.0500317,0.0831328,0.142688,0.0720113
0.00548983,0.00164976,0.00628013,0.138794,0.560624,0.215543,0.416672,0.29159,1.00007,0.05,0.05,0.0500722,0.0832002,0.142764,0.0720715
0.00561765,0.00165202,0.00654547,0.138902,0.563743,0.215949,0.417501,0.292373,1.0001,0.05,0.05,0.05,0.0832791,0.142799,0.0721206
0.00527571,0.00165261,0.00581787,0.139005,0.565535,0.216354,0.418332,0.292688,1.00013,0.05,0.05,0.0500345,0.0833872,0.142862,0.0721194
0.00534421,0.0016542,0.00604217,0.139122,0.568791,0.21676,0.419165,0.293426,1.00017,0.05,0.05,0.0501575,0.083488,0.142941,0.0721342
0.00541641,0.00165738,0.00626683,0.139223,0.562432,0.21717,0.419996,0.291928,1.0002,0.05,0.05,0.05,0.0836001,0.142759,0.0721312
0.00552886,0.0016611,0.00650332,0.139328,0.559694,0.217585,0.420832,0.291464,1.00024,0.05,0.05,0.05,0.0836835,0.142553,0.072182
0.00519125,0.00166257,0.00576843,0.139439,0.560104,0.218007,0.42167,0.291648,1.00029,0.05,0.05,0.05,0.0837779,0.142397,0.0722171
0.00529387,0.00166362,0.00602007,0.13955,0.563775,0.218443,0.422511,0.292631,1.00033,0.05,0.05,0.05,0.083836,0.14248,0.072287
0.00542842,0.00166579,0.0062695,0.139646,0.560065,0.218811,0.423349,0.292384,1.00038,0.05,0.05,0.05,0.0837632,0.142403,0.0724093
0.00557354,0.00166784,0.00652304,0.139747,0.564317,0.219225,0.424195,0.293597,1.00043,0.05,0.05,0.05,0.0837975,0.142435,0.0724979
0.00524377,0.00166803,0.00579083,0.139866,0.568873,0.21966,0.425042,0.294742,1.00049,0.05,0.05,0.05,0.0838656,0.14246,0.0725616
0.00536089,0.0016685,0.00604665,0.139969,0.56923,0.220069,0.425888,0.295093,1.00054,0.05,0.05,0.05,0.0838527,0.142578,0.0726686
0.00550237,0.0016694,0.00631143,0.140067,0.571602,0.220367,0.426736,0.295987,1,0.050024,0.05,0.05,0.0838139,0.142679,0.0727683
0.00564522,0.00167087,0.00657198,0.140183,0.575603,0.220787,0.427588,0.297067,1.00002,0.05,0.05,0.05,0.0838476,0.142788,0.0728546
0.00530667,0.00167043,0.00582471,0.140298,0.579152,0.221208,0.428442,0.297995,1.00005,0.05,0.05,0.05,0.0838956,0.142907,0.0729302
0.00538213,0.00167105,0.00604588,0.140407,0.579122,0.221626,0.429296,0.297926,1.00007,0.05,0.05,0.05,0.0839713,0.143027,0.0729766
0.00546069,0.001671,0.00628337,0.140505,0.574406,0.222036,0.430149,0.296482,1.0001,0.05,0.05,0.05,0.0840852,0.143131,0.0729478
0.00558914,0.00167228,0.00655097,0.140611,0.576639,0.222459,0.431008,0.296861,1.00014,0.05,0.05,0.050038,0.0841888,0.143256,0.0729519
0.00526022,0.00167246,0.00581604,0.140717,0.58045,0.222883,0.431869,0.297769,1.00017,0.05,0.05,0.0500341,0.0842742,0.14338,0.0729883
0.00533247,0.00167405,0.00604217,0.140833,0.583708,0.223305,0.432732,0.298487,1.00021,0.05,0.05,0.0501521,0.084375,0.143501,0.0730004
0.00543572,0.00167677,0.0062958,0.140938,0.584569,0.22373,0.433596,0.298691,1.00025,0.05,0.05,0.05,0.0844763,0.143562,0.0730176
0.00556287,0.00167933,0.00656313,0.14105,0.587227,0.224169,0.434462,0.299354,1.0003,0.05,0.05,0.05,0.0845726,0.143629,0.0730438
0.00523498,0.00167897,0.00580317,0.141163,0.590629,0.224599,0.43533,0.300459,1.00034,0.05,0.05,0.05,0.0845906,0.143751,0.0731377
0.00535279,0.00167947,0.00606142,0.141265,0.590751,0.225014,0.436199,0.300823,1.00039,0.05,0.05,0.05,0.0845783,0.143869,0.0732423
0.00548584,0.00168053,0.00633206,0.141376,0.593954,0.225446,0.437071,0.301828,1.00045,0.05,0.05,0.05,0.0846012,0.143992,0.0733319
0.00562991,0.0016819,0.00658692,0.141485,0.596974,0.225853,0.437945,0.302896,1.0005,0.05,0.05,0.05,0.0846074,0.144117,0.07343
0.00528197,0.00168103,0.00584449,0.141584,0.595493,0.226266,0.438818,0.30237,1.00056,0.05,0.05,0.05,0.0847159,0.144215,0.0734173
0.00530007,0.00168039,0.00602213,0.141671,0.588647,0.226534,0.439686,0.300372,1,0.05,0.05,0.05,0.0848255,0.144291,0.0733122
0.00534452,0.0016803,0.00623645,0.141744,0.578892,0.226861,0.440552,0.297474,1.00002,0.05,0.05,0.05,0.0849427,0.144409,0.0731223
0.00545268,0.00168084,0.00650529,0.14185,0.577938,0.227246,0.441427,0.296909,1.00005,0.05,0.05,0.05,0.0850677,0.144533,0.0730121
0.00514126,0.00168148,0.0057827,0.141958,0.581842,0.227675,0.44231,0.297881,1.00008,0.05,0.05,0.05,0.0851743,0.144651,0.0730126
0.00523453,0.00168337,0.00602507,0.142071,0.586251,0.228114,0.443195,0.299047,1.00011,0.05,0.05,0.05,0.0852678,0.144768,0.0730392
0.00536539,0.00168519,0.00629595,0.142185,0.590807,0.228562,0.444083,0.300348,1.00014,0.05,0.05,0.05,0.0853338,0.14489,0.0730994
0.00550699,0.00168681,0.00654591,0.142294,0.593361,0.228992,0.444972,0.301375,1.00018,0.0500237,0.05,0.05,0.0853414,0.145012,0.0731978
0.00518735,0.00168639,0.00578756,0.142398,0.595805,0.229423,0.445862,0.30228,1.00022,0.05,0.05,0.05,0.085354,0.145132,0.0732922
0.00529635,0.00168757,0.0060411,0.142504,0.599713,0.229865,0.446755,0.303463,1.00026,0.05,0.05,0.05,0.0853848,0.145254,0.073377
0.00542814,0.00168884,0.00631444,0.142616,0.603116,0.230293,0.44765,0.304609,1.0003,0.05,0.05,0.05,0.0854029,0.145375,0.0734687
0.00556127,0.00169018,0.00658513,0.142736,0.60672,0.230727,0.448547,0.305575,1.00035,0.05,0.05,0.05,0.0854823,0.145492,0.0735105
0.00522706,0.00168955,0.0058438,0.142836,0.606387,0.23115,0.449442,0.305342,1.0004,0.05,0.05,0.05,0.0855941,0.145585,0.0734882
0.00526769,0.00169005,0.00604507,0.142947,0.60582,0.231548,0.450338,0.304998,1.00046,0.05,0.05,0.05,0.0857162,0.145696,0.0734222
0.00531975,0.00169077,0.0062708,0.14304,0.597632,0.231898,0.451228,0.302599,1.00051,0.05,0.05,0.05,0.0858372,0.145795,0.0732649
0.00539477,0.00169254,0.00650858,0.143117,0.58462,0.232239,0.452118,0.299091,1.00057,0.05,0.05,0.05,0.0859566,0.145784,0.073106
0.00505804,0.0016932,0.00577633,0.143213,0.576481,0.232507,0.453013,0.296943,1,0.05,0.05,0.05,0.0860654,0.145719,0.0729852
0.00512502,0.00169487,0.00599836,0.143325,0.578912,0.232925,0.453917,0.297469,1.00002,0.05,0.05,0.05,0.0861879,0.145775,0.072931
0.00523905,0.00169756,0.00626422,0.143437,0.581741,0.23337,0.454826,0.298302,1.00005,0.05,0.05,0.05,0.0862926,0.145798,0.0729444
0.00537444,0.00170025,0.00651981,0.143558,0.584893,0.233819,0.455738,0.299391,1.00008,0.05,0.05,0.05,0.0863614,0.145844,0.0730075
0.00507088,0.00169998,0.00578139,0.143678,0.58918,0.234272,0.456652,0.300662,1.00011,0.05,0.05,0.05,0.0864366,0.145943,0.0730609
0.00516857,0.00170048,0.0060326,0.143793,0.589877,0.234731,0.457567,0.301012,1.00014,0.05,0.05,0.05,0.0865014,0.146066,0.0731197
0.00530238,0.00170272,0.00630226,0.143907,0.591544,0.23518,0.458483,0.301852,1.00018,0.05,0.05,0.05,0.0865199,0.146146,0.0732157
0.00543927,0.00170427,0.00654506,0.144019,0.5925,0.235612,0.4594,0.302555,1.00022,0.0500217,0.05,0.05,0.0865068,0.146255,0.0733231
0.00511774,0.00170241,0.00577792,0.144125,0.590589,0.236065,0.460319,0.302295,1.00027,0.05,0.05,0.05,0.0865248,0.146358,0.0734129
0.0052229,0.00170261,0.00602795,0.144222,0.58618,0.236473,0.461238,0.30158,1.00031,0.05,0.05,0.05,0.0865084,0.146444,0.0735169
0.00526682,0.001701,0.0062372,0.1443,0.572187,0.236873,0.462149,0.297627,1.00036,0.05,0.05,0.05,0.0866332,0.146429,0.0734012
0.00539166,0.00170212,0.00650674,0.14441,0.575418,0.237321,0.463074,0.298322,1.00041,0.05,0.05,0.050014,0.0867424,0.146544,0.0733892
0.0050885,0.00170239,0.00577615,0.14453,0.579966,0.237778,0.464004,0.299577,1.00047,0.05,0.05,0.05,0.0868176,0.146664,0.0734364
0.00517899,0.0017035,0.00601902,0.14465,0.583539,0.238232,0.464934,0.30056,1.00053,0.05,0.05,0.05,0.0868957,0.146765,0.0734781
0.00529312,0.00170481,0.00628557,0.144768,0.587536,0.238684,0.465867,0.301585,1.00059,0.05,0.05,0.05,0.0869881,0.146877,0.0735007
0.00541817,0.00170565,0.00655824,0.144886,0.591037,0.239015,0.466798,0.302435,1,0.05,0.05,0.05,0.0870767,0.146986,0.0734845
0.0051069,0.00170542,0.00582205,0.144998,0.594619,0.239479,0.467734,0.303307,1.00002,0.05,0.05,0.05,0.0871791,0.147084,0.0734873
0.00521885,0.001707,0.00608366,0.14511,0.598258,0.239926,0.468672,0.304555,1.00005,0.05,0.05,0.05,0.0872152,0.147204,0.0735682
0.00533145,0.00170838,0.00635742,0.145237,0.602747,0.240388,0.469613,0.305734,1.00008,0.05,0.05,0.05,0.087312,0.147322,0.0735843
0.00546916,0.00171024,0.00662318,0.145353,0.60724,0.240862,0.470555,0.307043,1.00011,0.05,0.05,0.05,0.0873815,0.147447,0.0736395
0.00514948,0.00171072,0.00584006,0.145463,0.609771,0.241304,0.471498,0.30811,1.00015,0.05,0.05,0.05,0.0873808,0.147571,0.0737404
0.00524729,0.00171232,0.00608972,0.145577,0.614539,0.24178,0.472445,0.30948,1.00019,0.05,0.05,0.05,0.0874394,0.147696,0.0738059
0.00538237,0.00171358,0.00636412,0.145689,0.617464,0.242222,0.473391,0.310643,1.00023,0.05,0.05,0.05,0.0874273,0.14782,0.0739106
0.00552305,0.00171457,0.00662806,0.145799,0.622291,0.242716,0.474342,0.312031,1.00027,0.05,0.05,0.05,0.087458,0.147937,0.0739947
0.00517139,0.00171205,0.00577482,0.145856,0.61078,0.242998,0.475273,0.309998,1.00032,0.05,0.05,0.05,0.0871728,0.148059,0.0741077
0.00530642,0.00171134,0.00604318,0.145934,0.607812,0.243333,0.476215,0.30991,1.00037,0.0501052,0.05,0.05,0.0869752,0.148176,0.0742313
0.0054384,0.00171224,0.00631181,0.146039,0.611315,0.243751,0.477169,0.311135,1.00043,0.05,0.05,0.05,0.0869397,0.148287,0.0743426
0.00554757,0.00171309,0.00657602,0.146142,0.608455,0.24419,0.478121,0.3102,1.00048,0.05,0.05,0.05,0.087048,0.14838,0.074331
0.0051879,0.00171123,0.00583746,0.146215,0.594483,0.244561,0.479064,0.306163,1.00054,0.05,0.05,0.05,0.087171,0.148439,0.0741729
0.00517765,0.00171024,0.00598377,0.146285,0.583107,0.244925,0.480008,0.302787,1.00061,0.05,0.05,0.05,0.0872928,0.148504,0.0740034
0.00523143,0.0017093,0.00621357,0.146374,0.575751,0.245181,0.480955,0.300506,1,0.05,0.05,0.05,0.0873993,0.148557,0.0738432
0.00532566,0.00170941,0.00647711,0.146463,0.570581,0.245562,0.481907,0.298764,1.00002,0.05,0.05,0.05,0.0875211,0.14868,0.0736846
0.00503289,0.00171023,0.00576028,0.146575,0.574196,0.246033,0.482872,0.299645,1.00005,0.05,0.05,0.05,0.087628,0.148805,0.0736825
0.00514012,0.00171208,0.00602131,0.146696,0.577498,0.246502,0.483841,0.300762,1.00008,0.05,0.05,0.05,0.0876805,0.148929,0.0737535
0.00526218,0.00171428,0.00628768,0.146811,0.580084,0.246981,0.484812,0.30159,1.00012,0.05,0.05,0.05,0.0877508,0.14904,0.0738107
0.00539552,0.00171623,0.00654359,0.14693,0.58342,0.247457,0.485784,0.302693,1.00015,0.05,0.05,0.05,0.0877965,0.149157,0.073888
0.00509129,0.00171668,0.00578727,0.147046,0.587116,0.247919,0.486759,0.303951,1.00019,0.05,0.05,0.05,0.0878224,0.149282,0.0739763
0.00518058,0.00171775,0.00602802,0.14716,0.591245,0.248401,0.487735,0.305082,1.00023,0.05,0.05,0.05,0.0878974,0.149398,0.0740237
0.00530047,0.00171854,0.00629697,0.147276,0.594296,0.248885,0.488714,0.306059,1.00028,0.05,0.05,0.05,0.0879424,0.149493,0.0740967
0.00543696,0.00171959,0.00654636,0.147389,0.597383,0.24934,0.489693,0.307226,1.00033,0.05,0.05,0.05,0.0879364,0.149608,0.0741986
0.00513298,0.00172001,0.00580053,0.147501,0.602101,0.249828,0.490676,0.308604,1.00038,0.05,0.05,0.05,0.0879756,0.149726,0.0742775
0.00525007,0.00172155,0.00606651,0.147607,0.603578,0.250259,0.491657,0.309467,1.00044,0.05,0.05,0.05,0.0879404,0.149845,0.0743903
0.00534655,0.00172371,0.0063276,0.147729,0.603991,0.250735,0.492641,0.309534,1.0005,0.05,0.05,0.05,0.0880423,0.149941,0.0744037
0.0054658,0.00172644,0.00658491,0.147838,0.603214,0.251219,0.493626,0.309409,1.00056,0.05,0.05,0.05,0.0881302,0.149989,0.0744433
0.00515524,0.00172739,0.00583105,0.147955,0.606868,0.251711,0.494617,0.31049,1.00062,0.05,0.05,0.05,0.0881928,0.150084,0.074509
0.00526238,0.00172926,0.00608867,0.148064,0.60912,0.252043,0.495605,0.311445,1,0.05,0.05,0.05,0.0881882,0.150154,0.0745913
0.00536696,0.00173191,0.00634831,0.148179,0.609809,0.252533,0.496597,0.311674,1.00002,0.05,0.05,0.05,0.0882772,0.15018,0.0746308
0.0055018,0.00173441,0.00660898,0.148299,0.613275,0.252999,0.497593,0.312871,1.00005,0.05,0.05,0.05,0.0883165,0.150239,0.0747157
0.00517977,0.00173505,0.00586496,0.148415,0.614582,0.253472,0.498588,0.313176,1.00008,0.05,0.05,0.05,0.0884257,0.150292,0.0747165
0.00525194,0.00173679,0.00609388,0.148539,0.617942,0.253962,0.499587,0.314045,1.00012,0.05,0.05,0.0500033,0.0885254,0.150371,0.0747361
0.00537298,0.00173924,0.00637033,0.148667,0.621947,0.254438,0.50059,0.31537,1.00016,0.05,0.05,0.05,0.0885807,0.150428,0.0748101
0.00549627,0.00174171,0.00664454,0.148794,0.624457,0.254915,0.501592,0.316079,1.0002,0.05,0.05,0.05,0.0886856,0.150468,0.0748221
0.00517541,0.00174224,0.00589007,0.148919,0.627685,0.255378,0.502597,0.317038,1.00024,0.05,0.05,0.05,0.0887903,0.15052,0.074834
0.00519882,0.00174263,0.00607771,0.149023,0.624814,0.255798,0.503595,0.316098,1.00029,0.05,0.05,0.05,0.0889147,0.150596,0.0747193
0.00528507,0.00174719,0.00631819,0.149136,0.618021,0.25628,0.5046,0.314727,1.00034,0.05,0.05,0.05,0.089009,0.150348,0.0747609
0.00537331,0.00175221,0.00654462,0.149247,0.608302,0.256768,0.505605,0.312538,1.00039,0.05,0.05,0.05,0.089117,0.149961,0.0747817
0.00507099,0.00175268,0.00579354,0.149365,0.611529,0.257264,0.506619,0.313686,1.00045,0.05,0.05,0.05,0.0891846,0.149867,0.0748515
0.00517283,0.00175504,0.00605586,0.149502,0.61573,0.257768,0.507635,0.315094,1.00051,0.05,0.05,0.05,0.0892395,0.14985,0.0749296
0.00528636,0.00175916,0.00630076,0.14961,0.609653,0.258238,0.508646,0.314299,1.00057,0.05,0.05,0.05,0.0892168,0.149559,0.0750462
0.00541946,0.00176092,0.00653314,0.14972,0.610259,0.258695,0.509661,0.31506,1.00064,0.0500413,0.05,0.05,0.0891629,0.149534,0.0751662
0.00510584,0.0017578,0.00575718,0.149824,0.609894,0.258995,0.510674,0.315518,1,0.0500215,0.05,0.05,0.0890733,0.149616,0.0752707
0.00515509,0.00175538,0.00594556,0.149904,0.589398,0.25949,0.511686,0.310455,1.00003,0.05,0.05,0.05,0.0891018,0.14964,0.0753499
0.00525296,0.00175435,0.00618291,0.150016,0.581648,0.259994,0.512705,0.308579,1.00005,0.05,0.05,0.05,0.0891299,0.149694,0.0754307
0.00538253,0.00175409,0.00641138,0.150118,0.580598,0.260445,0.513727,0.308667,1.00009,0.05,0.05,0.05,0.0890675,0.149794,0.0755472
0.00508972,0.00175297,0.00568836,0.150237,0.583423,0.260912,0.514755,0.309652,1.00012,0.05,0.05,0.05,0.0890479,0.149911,0.0756536
0.00515753,0.00175289,0.00590002,0.150334,0.579298,0.261404,0.515782,0.308612,1.00016,0.05,0.05,0.05,0.0891031,0.149938,0.0757134
0.00522877,0.00175225,0.00612444,0.15042,0.569877,0.261906,0.516807,0.306002,1.0002,0.05,0.05,0.05,0.0892032,0.149882,0.0757091
0.00535645,0.00175315,0.00637967,0.15054,0.572488,0.262406,0.517842,0.306734,1.00025,0.05,0.05,0.05,0.0892446,0.149944,0.0757819
0.00506954,0.00175281,0.0056787,0.150652,0.575333,0.262913,0.518879,0.307503,1.0003,0.05,0.05,0.05,0.0892956,0.150006,0.075847
0.00516685,0.00175437,0.00592387,0.150773,0.579722,0.26341,0.519918,0.308767,1.00035,0.05,0.05,0.05,0.0893291,0.150114,0.075928
0.00528199,0.00175581,0.00619095,0.150898,0.583729,0.263924,0.520959,0.309835,1.0004,0.05,0.05,0.05,0.0893872,0.150216,0.07599
0.00541829,0.00175745,0.00644318,0.15101,0.588101,0.264407,0.522002,0.311224,1.00046,0.05,0.05,0.05,0.0893928,0.150333,0.0760867
0.00512,0.00175841,0.00573506,0.151126,0.590439,0.264897,0.523046,0.311903,1.00052,0.05,0.05,0.05,0.0894741,0.150457,0.0761277
0.00515759,0.00175958,0.00592282,0.151215,0.586887,0.265372,0.524085,0.310796,1.00059,0.05,0.05,0.05,0.0895947,0.150579,0.0760722
0.00523845,0.00175929,0.00615796,0.151318,0.580913,0.26588,0.525128,0.30931,1.00066,0.05,0.05,0.05,0.0896863,0.150523,0.0760844
0.0053579,0.0017594,0.0064113,0.151433,0.581779,0.266252,0.526174,0.309612,1,0.05,0.05,0.05,0.0897388,0.150532,0.0761089
0.00506516,0.00175934,0.00569443,0.151556,0.584738,0.266752,0.527227,0.310612,1.00003,0.05,0.05,0.05,0.0897809,0.150571,0.0761809
0.005139,0.00175973,0.00591561,0.15167,0.584981,0.267274,0.528281,0.310765,1.00006,0.05,0.05,0.05,0.0898594,0.150529,0.0762149
0.0052458,0.00175993,0.00616131,0.151782,0.583156,0.267771,0.529335,0.310701,1.00009,0.05,0.05,0.05,0.0898752,0.150391,0.0762998
0.00535971,0.00176019,0.00639243,0.151885,0.581167,0.268289,0.530392,0.31047,1.00012,0.05,0.05,0.05,0.089921,0.150189,0.0763636
0.00507029,0.00176065,0.00567383,0.151997,0.585164,0.268787,0.531453,0.311815,1.00016,0.05,0.05,0.05,0.0899263,0.15019,0.0764571
0.00517223,0.00176193,0.00592241,0.152111,0.589558,0.269299,0.532517,0.313181,1.00021,0.05,0.05,0.05,0.0899507,0.150252,0.0765424
0.00529772,0.00176291,0.00618773,0.152222,0.593953,0.269811,0.533582,0.314592,1.00025,0.05,0.05,0.05,0.0899594,0.150284,0.0766352
0.00543288,0.00176381,0.00642953,0.152329,0.597592,0.270286,0.534647,0.315974,1.0003,0.05,0.05,0.05,0.0899171,0.150356,0.0767474
0.00513755,0.00176496,0.00570623,0.152436,0.60064,0.270784,0.535715,0.317042,1.00036,0.05,0.05,0.05,0.0899304,0.150472,0.0768412
0.00519859,0.00176749,0.00591419,0.152538,0.593949,0.271318,0.536781,0.315558,1.00041,0.05,0.05,0.05,0.0899974,0.150555,0.076903
0.00531991,0.00176919,0.00617968,0.15266,0.596188,0.271809,0.537852,0.316531,1.00047,0.05,0.05,0.05,0.0899871,0.150676,0.0770084
0.00544996,0.00177093,0.00643932,0.152786,0.599543,0.272342,0.538928,0.317546,1.00054,0.05,0.05,0.05,0.0900405,0.1508,0.0770789
0.00515006,0.00177121,0.00570357,0.152898,0.603399,0.272838,0.540003,0.318957,1.00061,0.05,0.05,0.05,0.0900117,0.150924,0.0771893
0.00526552,0.00177235,0.00595892,0.153011,0.607089,0.273309,0.54108,0.320379,1.00068,0.05,0.05,0.05,0.0899743,0.151049,0.0773023
0.00537636,0.00177326,0.00622097,0.153129,0.610086,0.273666,0.542157,0.321323,1,0.05,0.05,0.05,0.0900231,0.151164,0.0773359
0.0054887,0.00177405,0.00648592,0.153235,0.608733,0.274153,0.543236,0.321038,1.00003,0.05,0.05,0.05,0.0901387,0.151271,0.0773032
0.00516592,0.00177351,0.00577903,0.153342,0.605187,0.274596,0.544311,0.320198,1.00006,0.05,0.05,0.05,0.0902636,0.151375,0.077201
0.00516827,0.00177242,0.00593803,0.153415,0.596748,0.274969,0.545378,0.318112,1.00009,0.05,0.05,0.05,0.090382,0.151464,0.0770097
0.00520541,0.00177033,0.00615203,0.153489,0.585747,0.275322,0.546441,0.31536,1.00013,0.05,0.05,0.05,0.0904906,0.1515,0.0767634
0.00531742,0.00177115,0.00641533,0.153593,0.585633,0.275785,0.547524,0.315384,1.00017,0.05,0.05,0.05,0.0906152,0.151625,0.0766727
0.00502828,0.0017716,0.00571819,0.153715,0.588483,0.276289,0.548614,0.316222,1.00021,0.05,0.05,0.05,0.0907354,0.151748,0.0766231
0.00512927,0.00177267,0.00597647,0.153842,0.592147,0.276825,0.54971,0.317595,1.00026,0.05,0.05,0.05,0.0908076,0.151845,0.0766724
0.00525559,0.00177448,0.00623991,0.153959,0.593705,0.277336,0.550807,0.318618,1.00031,0.05,0.05,0.05,0.0908424,0.151968,0.0767563
0.00538121,0.00177625,0.0064997,0.154079,0.596688,0.27786,0.551906,0.319663,1.00037,0.05,0.05,0.05,0.0909435,0.152086,0.076769
0.00508204,0.00177735,0.00576623,0.15421,0.600334,0.278387,0.553008,0.320944,1.00043,0.05,0.05,0.05,0.0910342,0.152206,0.0767994
0.00516738,0.00177826,0.00600988,0.154338,0.603852,0.278908,0.554111,0.322222,1.00049,0.05,0.05,0.05,0.0911313,0.152312,0.0768144
0.0052773,0.00177952,0.00627756,0.154464,0.607766,0.279429,0.555216,0.323483,1.00055,0.05,0.05,0.05,0.0912403,0.152437,0.0768068
0.00540828,0.001781,0.00653986,0.154581,0.612009,0.279958,0.556324,0.32493,1.00062,0.05,0.05,0.05,0.091331,0.152562,0.0768357
0.00510663,0.00178202,0.00579938,0.154713,0.615915,0.280491,0.557435,0.326294,1.00069,0.05,0.05,0.05,0.0914238,0.152684,0.0768625
0.00519883,0.00178293,0.0060488,0.154829,0.620271,0.280868,0.558542,0.327796,1,0.05,0.05,0.05,0.0914877,0.152809,0.0768776
0.00532287,0.00178467,0.00632035,0.154956,0.623977,0.281392,0.559658,0.32927,1.00003,0.05,0.05,0.05,0.091549,0.152931,0.0769419
0.00544675,0.00178631,0.0065917,0.155079,0.627304,0.281893,0.560772,0.330501,1.00006,0.05,0.05,0.05,0.0916581,0.153048,0.0769367
0.00512622,0.00178567,0.00585874,0.155186,0.626595,0.282337,0.561878,0.330605,1.00009,0.05,0.05,0.05,0.0917812,0.153166,0.0767957
0.00521443,0.00178702,0.00610412,0.155313,0.630849,0.282858,0.562998,0.332122,1.00013,0.05,0.05,0.05,0.0918829,0.15329,0.0768061
0.00531614,0.00178761,0.00637019,0.155433,0.634114,0.283371,0.564117,0.333299,1.00017,0.05,0.05,0.050027,0.092002,0.153411,0.0767619
0.00544775,0.00178895,0.00663537,0.155554,0.638109,0.283894,0.565242,0.334853,1.00022,0.05,0.05,0.05,0.092089,0.153534,0.0767953
0.00513222,0.00178899,0.00588883,0.15568,0.640922,0.284381,0.566363,0.335946,1.00027,0.05,0.05,0.0501134,0.0922122,0.153659,0.0767257
0.00519284,0.00178948,0.00611189,0.155801,0.643861,0.284869,0.567487,0.337101,1.00032,0.05,0.05,0.0501971,0.092335,0.153781,0.0766585
0.00528694,0.00178989,0.00637604,0.155911,0.646463,0.28535,0.568612,0.338188,1.00038,0.05,0.05,0.0502438,0.0924589,0.1539,0.0765812
0.00540679,0.00179036,0.00665261,0.15603,0.649875,0.285864,0.56974,0.339474,1.00044,0.05,0.05,0.0502734,0.0925804,0.154015,0.0765231
0.00509827,0.00179118,0.00587098,0.15616,0.653207,0.286408,0.570876,0.341009,1.0005,0.05,0.05,0.05,0.0926439,0.154137,0.0765834
0.00520024,0.00179256,0.006134,0.15628,0.65683,0.286951,0.572014,0.342602,1.00057,0.05,0.05,0.05,0.0927122,0.15426,0.0766391
0.00531957,0.00179404,0.00641289,0.156413,0.660987,0.287494,0.573154,0.344249,1.00064,0.05,0.05,0.05,0.0927982,0.154385,0.0766749
0.00544874,0.00179537,0.00668708,0.156549,0.665433,0.288058,0.574295,0.345911,1.00071,0.05,0.05,0.05,0.0928901,0.15451,0.0767016
0.00512983,0.00179523,0.00587296,0.156651,0.665679,0.288403,0.575429,0.346998,1,0.0500368,0.05,0.05,0.0928444,0.15463,0.0767889
0.00523647,0.00179694,0.00613646,0.156777,0.667798,0.288944,0.576574,0.348338,1.00003,0.05,0.05,0.05,0.0928745,0.154745,0.0768758
0.00536029,0.00179859,0.00641611,0.156897,0.670974,0.289493,0.577722,0.349875,1.00006,0.05,0.05,0.05,0.0929184,0.154865,0.0769539
0.0054939,0.00180011,0.00668196,0.157017,0.674611,0.290046,0.578872,0.351506,1.0001,0.05,0.05,0.05,0.0929622,0.154987,0.0770314
0.00517725,0.00180088,0.00589809,0.157153,0.678261,0.290596,0.580024,0.353162,1.00014,0.05,0.05,0.05,0.0929992,0.155112,0.0771133
0.00528249,0.00180171,0.00616036,0.157275,0.680792,0.291145,0.581178,0.354647,1.00018,0.05,0.05,0.05,0.093022,0.155219,0.0772014
0.00541264,0.0018026,0.00643705,0.157396,0.68312,0.291675,0.582333,0.356147,1.00023,0.05,0.05,0.05,0.0930237,0.155329,0.0772998
0.00554614,0.00180375,0.00670752,0.157524,0.686914,0.292225,0.583491,0.357846,1.00028,0.05,0.05,0.05,0.093069,0.155439,0.077374
0.0052267,0.00180443,0.00592876,0.157656,0.691019,0.292784,0.584653,0.359552,1.00033,0.05,0.05,0.05,0.0931354,0.155547,0.0774301
0.00532319,0.00180582,0.00618461,0.157775,0.695305,0.293352,0.585816,0.361303,1.00039,0.05,0.05,0.05,0.09319,0.155671,0.0774985
0.00545422,0.00180692,0.00646822,0.157899,0.698067,0.293883,0.586979,0.362936,1.00045,0.05,0.05,0.05,0.093184,0.155792,0.0776007
0.00558894,0.00180826,0.00674417,0.158035,0.702276,0.294437,0.588146,0.364739,1.00051,0.05,0.05,0.05,0.0932343,0.15591,0.0776717
0.00526379,0.00180901,0.00595825,0.158166,0.706371,0.294994,0.589316,0.366488,1.00058,0.05,0.05,0.05,0.0933052,0.156018,0.0777234
0.00534476,0.00181031,0.00620161,0.158294,0.710608,0.295564,0.590487,0.36819,1.00066,0.05,0.05,0.0500822,0.0933933,0.15614,0.0777553
0.00547423,0.0018116,0.00648656,0.158417,0.714436,0.296129,0.591661,0.369982,1.00073,0.05,0.05,0.05,0.0934206,0.156263,0.0778422
0.00560832,0.00181217,0.00675185,0.158535,0.716995,0.296494,0.592827,0.371636,1,0.05,0.05,0.05,0.0933839,0.156386,0.077925
0.00526819,0.00181204,0.00593128,0.158642,0.716458,0.29704,0.594001,0.37277,1.00003,0.05,0.05,0.05,0.0933677,0.156403,0.0780281
0.00539076,0.0018127,0.00620621,0.158751,0.717749,0.297525,0.595176,0.374318,1.00006,0.050061,0.05,0.05,0.093314,0.156501,0.0781431
0.00547927,0.00181327,0.00646418,0.158864,0.717863,0.298057,0.596352,0.375235,1.0001,0.05,0.05,0.05,0.0934285,0.15654,0.0781111
0.00557613,0.00181318,0.00672543,0.158959,0.713511,0.298576,0.597523,0.375319,1.00014,0.05,0.05,0.05,0.0935514,0.156462,0.07803
0.00524939,0.00181397,0.00594833,0.159077,0.715798,0.299113,0.598707,0.37679,1.00018,0.05,0.05,0.05,0.0936512,0.156467,0.0780364
0.00526503,0.00181347,0.00612584,0.159168,0.712843,0.299576,0.599877,0.377047,1.00023,0.05,0.05,0.05,0.0937741,0.156478,0.0778847
0.0053644,0.00181425,0.0063918,0.159288,0.714848,0.300128,0.601064,0.378414,1.00028,0.05,0.05,0.05,0.0938853,0.156449,0.0778644
0.00548082,0.00181514,0.00666449,0.159412,0.715998,0.300656,0.602253,0.379754,1.00034,0.05,0.05,0.05,0.0939924,0.156371,0.0778545
0.0051298,0.00181356,0.00589448,0.159459,0.704904,0.301037,0.603416,0.378729,1.0004,0.05,0.05,0.05,0.0941018,0.156098,0.077615
0.00518715,0.00181399,0.00611403,0.159559,0.706737,0.301551,0.604603,0.38007,1.00046,0.05,0.05,0.05,0.0942251,0.156011,0.0775338
0.00528593,0.00181515,0.0063759,0.159681,0.706714,0.302113,0.605798,0.381314,1.00053,0.05,0.05,0.05,0.0943272,0.155757,0.0775347
0.00540106,0.00181642,0.00663602,0.159798,0.707524,0.30267,0.606996,0.382725,1.0006,0.05,0.05,0.05,0.0944278,0.1555,0.0775396
0.00509341,0.00181755,0.00587537,0.159913,0.709823,0.303221,0.608196,0.384314,1.00067,0.05,0.05,0.05,0.0945399,0.155294,0.077518
0.00517677,0.00181855,0.00612199,0.160031,0.713198,0.303781,0.609398,0.385936,1.00075,0.05,0.05,0.05,0.0946504,0.155338,0.0775047
0.0052946,0.00181945,0.00639796,0.160141,0.716456,0.304154,0.610598,0.387782,1,0.05,0.05,0.05,0.0947083,0.155224,0.0775165
0.00541303,0.0018206,0.00667293,0.160265,0.719153,0.304704,0.611803,0.389451,1.00003,0.05,0.05,0.05,0.0948239,0.155072,0.0774854
0.0051002,0.00182163,0.00591198,0.160384,0.722597,0.305259,0.61301,0.391229,1.00006,0.05,0.05,0.05,0.0949411,0.154948,0.0774492
0.0052029,0.00182305,0.00618042,0.160511,0.726495,0.305846,0.614224,0.393134,1.0001,0.05,0.05,0.05,0.0950228,0.154925,0.077489
0.00533153,0.00182455,0.0064611,0.160627,0.728787,0.306419,0.61544,0.394929,1.00014,0.05,0.05,0.05,0.0950644,0.154851,0.0775662
0.00546749,0.00182598,0.00672823,0.160746,0.732341,0.307007,0.616659,0.396807,1.00019,0.05,0.05,0.05,0.0951227,0.154849,0.077631
0.00514251,0.00182663,0.00590927,0.16085,0.73042,0.307564,0.617875,0.397731,1.00024,0.05,0.05,0.05,0.095134,0.154967,0.0777262
0.0051845,0.00182742,0.00609864,0.160919,0.710332,0.308146,0.619084,0.395441,1.00029,0.05,0.05,0.05,0.0952099,0.154936,0.0777757
0.00529597,0.00182855,0.00636172,0.16103,0.708617,0.308721,0.620305,0.396247,1.00035,0.05,0.05,0.05,0.0952789,0.155032,0.0778321
0.00541209,0.00182964,0.00662867,0.16115,0.708061,0.309302,0.621528,0.397191,1.00041,0.05,0.05,0.05,0.0953806,0.155122,0.0778432
0.00510796,0.00183091,0.00586501,0.161276,0.710723,0.309894,0.622756,0.398785,1.00047,0.05,0.05,0.05,0.0954525,0.155236,0.0778966
0.00520908,0.00183217,0.00612958,0.161403,0.712269,0.310489,0.623986,0.400251,1.00054,0.05,0.05,0.05,0.0954987,0.155334,0.0779724
0.00533788,0.00183317,0.00640397,0.161534,0.712866,0.311048,0.625215,0.401695,1.00062,0.05,0.05,0.05,0.0954908,0.15543,0.0780759
0.00546581,0.0018343,0.00665363,0.161651,0.713533,0.311622,0.626447,0.403111,1.00069,0.05,0.05,0.05,0.0954956,0.155503,0.0781748
0.00515262,0.0018354,0.00586253,0.161768,0.714934,0.312192,0.627681,0.404651,1.00077,0.05,0.05,0.05,0.0954951,0.155572,0.078276
0.00524446,0.00183625,0.00611035,0.161864,0.711474,0.312562,0.628906,0.405433,1,0.05,0.05,0.05,0.0954735,0.155501,0.0783515
0.00534839,0.00183799,0.00636892,0.161988,0.709865,0.313144,0.630145,0.406439,1.00003,0.05,0.05,0.05,0.095535,0.15541,0.0784172
0.00545355,0.0018399,0.00661591,0.162098,0.706212,0.313708,0.631384,0.407094,1.00007,0.05,0.05,0.05,0.0956352,0.155229,0.0784349
0.00510463,0.00184099,0.00584353,0.162194,0.69541,0.314202,0.632613,0.406635,1.0001,0.05,0.05,0.05,0.09576,0.15487,0.07834
0.00513251,0.00184208,0.0060313,0.162295,0.69043,0.31469,0.633847,0.407059,1.00015,0.05,0.05,0.05,0.0958847,0.154612,0.0782416
0.00518334,0.00184313,0.00625267,0.162396,0.682383,0.315156,0.635077,0.407045,1.00019,0.05,0.05,0.05,0.0960071,0.154224,0.0781086
0.00527025,0.00184517,0.00649036,0.162501,0.676728,0.315647,0.636317,0.407475,1.00024,0.05,0.05,0.05,0.0961321,0.153754,0.0780259
0.00493402,0.00184513,0.00574265,0.162577,0.663582,0.316038,0.637541,0.406835,1.0003,0.05,0.05,0.05,0.0962376,0.153087,0.0778158
0.00501375,0.00184645,0.00598612,0.162713,0.666986,0.316594,0.638794,0.408602,1.00036,0.05,0.05,0.05,0.0963561,0.152951,0.0777897
0.00511548,0.00184822,0.00625199,0.16285,0.669726,0.317151,0.640048,0.410288,1.00042,0.05,0.05,0.05,0.0964759,0.152747,0.0777593
0.00523267,0.00185004,0.00651596,0.162996,0.672822,0.317734,0.641306,0.412036,1.00049,0.05,0.05,0.05,0.0965932,0.152563,0.0777392
0.00494628,0.00185072,0.00576307,0.163134,0.676308,0.318332,0.642569,0.413972,1.00056,0.05,0.05,0.05,0.0966585,0.152477,0.0778057
0.00504316,0.00185244,0.00602356,0.163281,0.680198,0.318932,0.643835,0.415919,1.00063,0.05,0.05,0.05,0.0967456,0.15243,0.0778482
0.00515525,0.00185471,0.0062977,0.163433,0.683817,0.319526,0.645103,0.417858,1.00071,0.05,0.05,0.05,0.0968373,0.152325,0.0778858
0.00527743,0.00185685,0.00656272,0.163576,0.687397,0.320113,0.646372,0.419764,1.00079,0.05,0.05,0.05,0.0969442,0.152239,0.0778965
0.00498537,0.00185669,0.00581908,0.163697,0.691102,0.32049,0.647634,0.421688,1,0.05,0.05,0.05,0.0970213,0.152204,0.0778816
0.00507529,0.00185835,0.00607374,0.163843,0.694756,0.321076,0.648907,0.423618,1.00003,0.05,0.05,0.05,0.0971239,0.152215,0.077899
0.00518101,0.00186005,0.00634545,0.16398,0.697859,0.321643,0.65018,0.425462,1.00007,0.05,0.05,0.0500284,0.0972414,0.152207,0.0778773
0.005301,0.0018615,0.00662085,0.164119,0.700894,0.322216,0.651454,0.427293,1.00011,0.05,0.05,0.0501053,0.0973619,0.152223,0.0778413
0.00500169,0.00186157,0.00585694,0.164254,0.704644,0.322822,0.652736,0.429287,1.00015,0.05,0.05,0.05,0.097453,0.152271,0.0778773
0.00509825,0.00186214,0.00611938,0.164396,0.705846,0.32345,0.654018,0.430963,1.0002,0.05,0.05,0.05,0.09753,0.152393,0.0779258
0.00522837,0.00186362,0.00638215,0.164518,0.706331,0.323999,0.655297,0.432775,1.00025,0.05,0.05,0.05,0.0974885,0.152449,0.078041
0.00535668,0.00186611,0.00663896,0.164658,0.70979,0.32459,0.656585,0.434835,1.00031,0.05,0.05,0.05,0.0975438,0.152478,0.0781152
0.00504819,0.00186644,0.00588531,0.164793,0.712517,0.325176,0.657871,0.436724,1.00037,0.05,0.05,0.0500239,0.0976607,0.152503,0.0780955
0.00514488,0.00186809,0.00614307,0.16493,0.716101,0.325785,0.659164,0.438736,1.00043,0.05,0.05,0.05,0.0977424,0.152593,0.0781419
0.00525617,0.0018692,0.00642152,0.165072,0.718551,0.326387,0.660457,0.4406,1.0005,0.05,0.05,0.05,0.0978371,0.152713,0.0781672
0.00538374,0.00187052,0.00669479,0.165207,0.721453,0.326986,0.661753,0.442522,1.00057,0.05,0.05,0.05,0.0979391,0.15283,0.0781798
0.00507206,0.00187032,0.00592707,0.165354,0.724688,0.327584,0.663049,0.444495,1.00065,0.05,0.05,0.0500007,0.0980494,0.152943,0.0781748
0.00515732,0.00187136,0.0061788,0.165491,0.72686,0.328175,0.664349,0.446377,1.00073,0.05,0.05,0.05,0.0981486,0.153067,0.0781903
0.00524202,0.00187117,0.00644648,0.165622,0.726836,0.328712,0.66564,0.447979,1.00081,0.05,0.05,0.05,0.0982736,0.153187,0.0780914
0.00536427,0.00187251,0.00672363,0.165753,0.730448,0.329097,0.666933,0.45007,1,0.05,0.05,0.05,0.0983544,0.153285,0.0780568
0.0050548,0.00187248,0.00592292,0.165892,0.733565,0.32972,0.668241,0.452152,1.00003,0.05,0.05,0.05,0.098414,0.153409,0.0781221
0.00516505,0.00187421,0.00619883,0.16603,0.736569,0.33034,0.669551,0.454269,1.00007,0.05,0.05,0.05,0.0984541,0.153525,0.0782029
0.00529225,0.00187614,0.0064785,0.166175,0.739188,0.330957,0.670862,0.456388,1.00011,0.05,0.05,0.05,0.0984772,0.153631,0.0782942
0.00542074,0.00187753,0.00672715,0.166313,0.741018,0.331547,0.672174,0.458452,1.00015,0.05,0.05,0.05,0.0984661,0.15375,0.0783991
0.0050985,0.00187641,0.00591671,0.166444,0.741423,0.332163,0.673489,0.460317,1.0002,0.05,0.05,0.05,0.0984868,0.153851,0.0784865
0.00519963,0.00187658,0.00617727,0.166569,0.740737,0.332775,0.674805,0.462101,1.00026,0.05,0.05,0.05,0.0984962,0.153914,0.0785781
0.00532295,0.00187732,0.00645425,0.166712,0.742124,0.333374,0.676124,0.464107,1.00031,0.05,0.05,0.05,0.0985005,0.154006,0.0786733
0.00544848,0.00187804,0.00671333,0.166843,0.74335,0.333984,0.677447,0.466075,1.00038,0.05,0.05,0.05,0.0985463,0.154066,0.0787431
0.00512727,0.00187758,0.0059365,0.166965,0.744329,0.334599,0.67877,0.467983,1.00044,0.05,0.05,0.05,0.0986498,0.154109,0.0787408
0.00521382,0.00187873,0.00619182,0.167107,0.747792,0.335238,0.680098,0.470139,1.00051,0.05,0.05,0.05,0.0987367,0.154202,0.0787705
0.00534055,0.00188041,0.00647506,0.167241,0.750901,0.335835,0.681428,0.47237,1.00059,0.05,0.05,0.05,0.098761,0.154323,0.0788572
0.00546253,0.00188175,0.00675885,0.167376,0.753722,0.336437,0.682756,0.474493,1.00067,0.05,0.05,0.0501105,0.0988754,0.154444,0.0788316
0.00514288,0.00188221,0.00597451,0.167522,0.757392,0.337067,0.68409,0.47671,1.00075,0.05,0.05,0.0501543,0.0989774,0.154564,0.0788392
0.00524477,0.00188341,0.00624514,0.16767,0.760764,0.337708,0.685428,0.478951,1.00084,0.05,0.05,0.05,0.0990395,0.154668,0.0788983
0.00537721,0.00188429,0.00652707,0.167788,0.763614,0.338089,0.686754,0.481214,1,0.05,0.05,0.05,0.0990221,0.154791,0.0789637
0.00551147,0.00188612,0.00679701,0.167936,0.767102,0.338718,0.688096,0.483509,1.00003,0.05,0.05,0.05,0.0990704,0.154916,0.0790372
0.00518646,0.00188689,0.00598892,0.168077,0.770748,0.339358,0.689441,0.485816,1.00007,0.05,0.05,0.05,0.099126,0.155041,0.0791052
0.00529965,0.0018882,0.00626146,0.168212,0.774171,0.339992,0.690787,0.48813,1.00011,0.05,0.05,0.05,0.0991445,0.155164,0.0791961
0.00543113,0.00188854,0.00653935,0.168343,0.775149,0.34057,0.692128,0.490336,1.00016,0.05,0.05,0.05,0.0990901,0.155259,0.0793104
0.00556391,0.00188885,0.00678721,0.168472,0.776458,0.341139,0.693472,0.492575,1.00021,0.05,0.05,0.05,0.0990272,0.15535,0.0794265
0.00523325,0.00188852,0.00595977,0.1686,0.778942,0.341727,0.694817,0.494884,1.00026,0.05,0.05,0.05,0.0989666,0.155456,0.0795424
0.00536261,0.00188844,0.00624639,0.1687,0.777962,0.342188,0.696151,0.497085,1.00032,0.050085,0.05,0.05,0.0987873,0.155581,0.079667
0.00549178,0.00189007,0.00653266,0.168846,0.780889,0.342781,0.697505,0.499443,1.00039,0.05,0.05,0.05,0.0987736,0.155704,0.0797725
0.00562574,0.0018919,0.00681429,0.168991,0.784323,0.343421,0.698866,0.501773,1.00045,0.05,0.05,0.05,0.0988443,0.155829,0.0798271
0.00529018,0.00189271,0.00601699,0.169144,0.787728,0.344061,0.700228,0.50411,1.00053,0.05,0.05,0.0500304,0.0989254,0.155953,0.0798701
0.00537377,0.00189394,0.00627061,0.169294,0.791,0.344699,0.701593,0.506444,1.0006,0.05,0.05,0.0500447,0.099012,0.156073,0.0799037
0.00548386,0.0018959,0.00655119,0.16944,0.793627,0.345342,0.70296,0.508757,1.00068,0.05,0.05,0.05,0.0991094,0.156185,0.0799252
0.00561786,0.001898,0.00683021,0.169586,0.796882,0.345988,0.70433,0.511144,1.00077,0.05,0.05,0.05,0.0991799,0.156295,0.079982
0.00528425,0.00189874,0.00602229,0.169729,0.800533,0.34663,0.705702,0.513561,1.00086,0.05,0.05,0.05,0.0992502,0.156414,0.0800381
0.00537146,0.0018993,0.00627635,0.169861,0.803888,0.347029,0.707063,0.515948,1,0.05,0.05,0.0500047,0.099306,0.156538,0.0800394
0.00549241,0.00190069,0.00656501,0.170011,0.807512,0.34768,0.70844,0.518368,1.00003,0.05,0.05,0.05,0.0993883,0.156663,0.0800799
0.00563141,0.00190228,0.00684757,0.170155,0.811239,0.348327,0.709819,0.520818,1.00007,0.05,0.05,0.05,0.0994594,0.156788,0.0801337
0.00529697,0.00190293,0.00604188,0.170299,0.814793,0.348966,0.7112,0.523266,1.00012,0.05,0.05,0.0500438,0.0995481,0.156911,0.0801672
0.00537008,0.00190401,0.00628717,0.170454,0.817725,0.349599,0.712581,0.525671,1.00016,0.05,0.05,0.0501498,0.0996598,0.157036,0.0801536
0.00548354,0.0019062,0.00656847,0.170597,0.820215,0.350243,0.713966,0.528102,1.00022,0.05,0.05,0.05,0.0997594,0.157128,0.0801726
0.00561706,0.0019082,0.00685417,0.170731,0.82335,0.350895,0.715353,0.530568,1.00027,0.05,0.05,0.05,0.0998576,0.15723,0.080194
0.00528601,0.00190889,0.00603752,0.170878,0.826985,0.351548,0.716745,0.533089,1.00033,0.05,0.05,0.05,0.0999236,0.157341,0.0802552
0.00538169,0.0019108,0.00630208,0.171015,0.830546,0.35221,0.718138,0.53561,1.0004,0.05,0.05,0.05,0.100003,0.157445,0.0803025
0.00550908,0.00191305,0.00659375,0.171165,0.833624,0.352868,0.719534,0.538151,1.00047,0.05,0.05,0.05,0.100056,0.157528,0.0803763
0.00564882,0.0019151,0.00687275,0.17131,0.837022,0.353533,0.720931,0.540711,1.00054,0.05,0.05,0.05,0.100105,0.15762,0.0804525
0.00531137,0.00191514,0.00603821,0.171456,0.84004,0.354166,0.722329,0.543283,1.00062,0.05,0.05,0.05,0.100114,0.157736,0.0805501
0.00541286,0.00191623,0.00630448,0.171612,0.842735,0.354806,0.723732,0.545824,1.0007,0.05,0.05,0.05,0.100168,0.157858,0.0806181
0.00550849,0.00191655,0.00658044,0.17176,0.843519,0.35542,0.725131,0.548275,1.00079,0.05,0.05,0.05,0.100286,0.157966,0.08058
0.0056282,0.00191727,0.00687684,0.171909,0.845233,0.355998,0.726528,0.550771,1.00088,0.05,0.05,0.05,0.10041,0.158091,0.0805019
0.00528821,0.00191596,0.00607882,0.172015,0.846435,0.356272,0.727907,0.553272,1,0.05,0.05,0.05,0.100498,0.158213,0.0803601
0.00532275,0.00191566,0.00628507,0.172136,0.84654,0.356762,0.729296,0.555754,1.00004,0.05,0.05,0.05,0.100616,0.158334,0.0801938
0.00541378,0.00191659,0.00655857,0.172264,0.847904,0.357312,0.730694,0.558299,1.00007,0.05,0.05,0.05,0.100741,0.158433,0.0800818
0.00554398,0.00191872,0.00684716,0.172409,0.850829,0.357936,0.732107,0.560919,1.00012,0.05,0.05,0.05,0.100857,0.158517,0.0800627
0.00522094,0.00191911,0.00604762,0.172541,0.853872,0.358544,0.73352,0.563552,1.00017,0.05,0.05,0.05,0.100976,0.158605,0.080028
0.00529356,0.0019202,0.00629581,0.172686,0.857127,0.359176,0.734933,0.566192,1.00022,0.05,0.05,0.0500377,0.101099,0.158705,0.0799713
0.0054172,0.00192302,0.00657178,0.172823,0.855368,0.359832,0.736352,0.568816,1.00028,0.05,0.05,0.05,0.101101,0.15868,0.0800754
0.00555664,0.00193944,0.0068685,0.172966,0.859256,0.360539,0.737779,0.571506,1.00034,0.050125,0.050125,0.050125,0.101226,0.158805,0.0802004
0.00523749,0.00195502,0.00607529,0.173116,0.863022,0.361223,0.739207,0.574207,1.00041,0.05025,0.05025,0.05025,0.101351,0.15893,0.0803254
0.00537792,0.00197309,0.00637313,0.173274,0.866688,0.361891,0.740638,0.576921,1.00048,0.050375,0.050375,0.050375,0.101476,0.159055,0.0804504
0.00552326,0.0019917,0.00666736,0.173418,0.870409,0.362569,0.742072,0.579647,1.00055,0.0505,0.0505,0.0505,0.101601,0.15918,0.0805754
0.00566422,0.00201103,0.00696715,0.173567,0.874066,0.363239,0.743508,0.582385,1.00063,0.050625,0.050625,0.050625,0.101726,0.159305,0.0807004
0.00533229,0.00202903,0.00614952,0.173721,0.877839,0.363929,0.744946,0.585136,1.00072,0.05075,0.05075,0.05075,0.101851,0.15943,0.0808254
0.005477,0.00204976,0.00644796,0.173866,0.881417,0.364585,0.746387,0.587898,1.00081,0.050875,0.050875,0.050875,0.101976,0.159555,0.0809504
0.00562247,0.00207079,0.00674723,0.174012,0.88521,0.36528,0.74783,0.590672,1.0009,0.051,0.051,0.051,0.102101,0.15968,0.0810754
0.00576676,0.00209198,0.00704872,0.174154,0.888875,0.365679,0.749259,0.593458,1,0.051125,0.051125,0.051125,0.102188,0.159805,0.0811702
0.00542585,0.00211237,0.00621061,0.174312,0.892711,0.366383,0.750707,0.596256,1.00004,0.05125,0.05125,0.05125,0.102313,0.15993,0.0812952
0.0055713,0.00213519,0.00651389,0.174461,0.89659,0.367095,0.752157,0.599067,1.00008,0.051375,0.051375,0.051375,0.102438,0.160055,0.0814202
0.00571561,0.00215888,0.00681938,0.174629,0.90035,0.367786,0.75361,0.60189,1.00012,0.0515,0.0515,0.0515,0.102563,0.16018,0.0815452
0.00586218,0.00218317,0.00712396,0.174783,0.904118,0.368479,0.755065,0.604724,1.00017,0.051625,0.051625,0.051625,0.102688,0.160305,0.0816702
0.00551489,0.00220651,0.00626657,0.174934,0.907698,0.36914,0.756522,0.607571,1.00023,0.05175,0.05175,0.05175,0.102813,0.16043,0.0817952
0.00566279,0.00223221,0.00657232,0.175089,0.911405,0.369823,0.757982,0.610431,1.00029,0.051875,0.051875,0.051875,0.102938,0.160555,0.0819202
0.00575782,0.0020153,0.00684546,0.175214,0.9084,0.37041,0.759436,0.613203,1.00035,0.05,0.05,0.05,0.102599,0.16068,0.0818845
0.00583521,0.00197165,0.00712823,0.175343,0.907625,0.371052,0.76089,0.616006,1.00042,0.05,0.05,0.05,0.102652,0.16072,0.0815727
0.00547007,0.0019553,0.00622941,0.175486,0.909791,0.371721,0.762357,0.618875,1.00049,0.05,0.05,0.05,0.102598,0.16081,0.0815123
0.00551522,0.00194799,0.00647313,0.175624,0.911443,0.372372,0.763821,0.621751,1.00057,0.05,0.05,0.05,0.102664,0.160859,0.0813577
0.00560162,0.00194404,0.00674977,0.175753,0.912634,0.373019,0.765283,0.624639,1.00065,0.05,0.05,0.05,0.102762,0.160887,0.0811825
0.00573601,0.00194247,0.00702884,0.17589,0.914541,0.373729,0.766757,0.627546,1.00074,0.05,0.05,0.05,0.10279,0.160888,0.0811625
0.00538483,0.00194165,0.0061318,0.176009,0.915072,0.374328,0.768223,0.630476,1.00083,0.0500482,0.05,0.05,0.102657,0.161011,0.0812606
0.00548089,0.00194363,0.00639219,0.176142,0.913347,0.37499,0.769698,0.633412,1.00093,0.05,0.05,0.05,0.102623,0.161067,0.0813356
0.00560597,0.00194496,0.00668249,0.176268,0.914745,0.375377,0.771159,0.636365,1,0.05,0.05,0.05,0.102581,0.161153,0.0813696
0.00574189,0.00194727,0.00696896,0.17642,0.91695,0.376058,0.772642,0.639331,1.00004,0.05,0.05,0.05,0.102609,0.161236,0.0814233
0.00539703,0.00194809,0.00613672,0.176576,0.920185,0.376737,0.774128,0.64231,1.00008,0.05,0.05,0.05,0.102676,0.161343,0.081446
0.00546341,0.00194908,0.00637804,0.176724,0.923132,0.37743,0.775612,0.645299,1.00013,0.05,0.05,0.0500347,0.102782,0.161466,0.081409
0.00560036,0.00195088,0.0066773,0.176876,0.925571,0.378104,0.777099,0.648302,1.00018,0.05,0.05,0.05,0.102766,0.161567,0.0815017
0.00574441,0.00195193,0.00694901,0.177015,0.927507,0.378755,0.778583,0.651317,1.00023,0.050039,0.05,0.05,0.102698,0.161681,0.0816131
0.00538275,0.00194897,0.00604141,0.177109,0.92473,0.379182,0.780038,0.654344,1.00029,0.0500759,0.05,0.05,0.102426,0.161804,0.081735
0.00552892,0.00194497,0.00633098,0.177137,0.916974,0.379349,0.78146,0.657381,1.00036,0.05,0.05,0.05,0.101959,0.161924,0.0818268
0.00567299,0.00194263,0.00660072,0.177212,0.913386,0.379647,0.782904,0.660431,1.00043,0.0500467,0.05,0.05,0.101604,0.162047,0.0819368
0.00580028,0.00193983,0.00681463,0.177281,0.909761,0.379877,0.784345,0.663492,1.0005,0.0500408,0.05,0.05,0.101224,0.162159,0.0820424
0.00544077,0.0019382,0.0059791,0.177411,0.907707,0.380497,0.785839,0.666554,1.00058,0.05,0.05,0.05,0.101157,0.162096,0.0821537
0.00551415,0.00193741,0.00620583,0.177525,0.902717,0.381122,0.787338,0.669618,1.00067,0.05,0.05,0.05,0.101097,0.161851,0.0822626
0.00563436,0.00193758,0.00647232,0.177657,0.903069,0.381753,0.788841,0.672698,1.00076,0.05,0.05,0.05,0.101062,0.161742,0.0823663
0.00574725,0.00193802,0.00673089,0.177796,0.901827,0.382442,0.790352,0.675784,1.00085,0.05,0.05,0.05,0.101109,0.161525,0.0824268
0.0054084,0.00193836,0.00594488,0.177928,0.902033,0.383156,0.791866,0.678881,1.00095,0.05,0.05,0.05,0.101169,0.161322,0.0824764
0.00552674,0.00193856,0.0062205,0.178054,0.905183,0.383488,0.793355,0.682,1,0.05,0.05,0.05,0.101091,0.161392,0.082552
0.00566045,0.00193969,0.00650785,0.178209,0.908632,0.38417,0.794872,0.685127,1.00004,0.05,0.05,0.05,0.101102,0.161437,0.0826412
0.00580214,0.0019407,0.00678702,0.178364,0.911914,0.384818,0.796389,0.688262,1.00008,0.05,0.05,0.05,0.101097,0.161467,0.0827382
0.00545745,0.00194131,0.00599676,0.178501,0.912839,0.385517,0.797912,0.691404,1.00013,0.05,0.05,0.05,0.101187,0.161371,0.0827566
0.00554939,0.00194256,0.00625602,0.178645,0.915788,0.386202,0.799438,0.694565,1.00018,0.05,0.05,0.05,0.101256,0.161406,0.082806
0.00565382,0.00194357,0.00653408,0.178772,0.916976,0.386878,0.800961,0.697744,1.00024,0.05,0.05,0.0500451,0.101369,0.161483,0.0827824
0.00579259,0.00194482,0.00682433,0.178919,0.920077,0.387587,0.802492,0.700928,1.0003,0.05,0.05,0.05,0.10145,0.161544,0.08282
0.00545572,0.00194587,0.00601429,0.179066,0.923512,0.388286,0.804025,0.704119,1.00037,0.05,0.05,0.05,0.101489,0.161615,0.0828965
0.00557212,0.00194711,0.00628795,0.179208,0.926891,0.38898,0.80556,0.707323,1.00044,0.05,0.05,0.05,0.101516,0.161705,0.0829811
0.00569783,0.001948,0.00656772,0.179349,0.928653,0.389662,0.807097,0.710511,1.00052,0.05,0.05,0.05,0.101538,0.161631,0.0830662
0.00582985,0.00194904,0.00684365,0.179484,0.930553,0.390373,0.808638,0.713716,1.0006,0.05,0.05,0.05,0.101607,0.161541,0.0831158
0.00548886,0.00195019,0.00603101,0.179634,0.933994,0.391083,0.810181,0.716951,1.00068,0.05,0.05,0.05,0.101652,0.161579,0.0831883
0.00560796,0.00195137,0.00630788,0.17977,0.93632,0.391776,0.811723,0.720202,1.00078,0.05,0.05,0.05,0.101655,0.161695,0.0832865
0.00575526,0.00195184,0.00659359,0.17989,0.938878,0.39239,0.81326,0.723437,1.00087,0.05,0.05,0.05,0.101587,0.161737,0.0834039
0.00589886,0.00195317,0.00687997,0.180046,0.941842,0.393094,0.81481,0.726716,1.00097,0.05,0.05,0.05,0.101624,0.161848,0.0834843
0.00554949,0.00195354,0.00605783,0.180166,0.94505,0.393459,0.816339,0.730003,1,0.05,0.05,0.05,0.101613,0.161953,0.083533
0.00561756,0.00195485,0.00629489,0.1803,0.945572,0.394139,0.817891,0.733315,1.00004,0.05,0.05,0.05,0.101719,0.162077,0.083533
0.00572334,0.00195589,0.00657811,0.180443,0.946958,0.394801,0.819443,0.736633,1.00008,0.05,0.05,0.0500054,0.101833,0.162197,0.0835081
0.00584724,0.00195642,0.00687284,0.180581,0.94753,0.395418,0.82099,0.739956,1.00013,0.05,0.05,0.05,0.101957,0.162314,0.0834294
0.00549063,0.00195618,0.00607937,0.180704,0.947625,0.395986,0.82253,0.743283,1.00018,0.05,0.05,0.05,0.102081,0.162426,0.0832966
0.00555736,0.00195663,0.0063198,0.180832,0.949473,0.396621,0.824082,0.746631,1.00024,0.05,0.05,0.0500668,0.102205,0.162543,0.0832166
0.00568494,0.00195777,0.00661501,0.180991,0.952566,0.397322,0.825649,0.749973,1.00031,0.05,0.05,0.05,0.102299,0.162629,0.0832387
0.00582478,0.00195875,0.00690536,0.181136,0.955476,0.398023,0.827216,0.753327,1.00038,0.05,0.05,0.05,0.102407,0.162704,0.0832323
0.00548319,0.00195997,0.00607819,0.181288,0.958866,0.398757,0.828789,0.75671,1.00045,0.05,0.05,0.05,0.102488,0.162818,0.0832743
0.00560517,0.00196121,0.00635927,0.181421,0.958529,0.399443,0.830359,0.760072,1.00053,0.05,0.05,0.05,0.102478,0.162917,0.0833788
0.00574738,0.00196241,0.00665168,0.181569,0.960165,0.400117,0.831932,0.763458,1.00061,0.05,0.05,0.05,0.102471,0.163035,0.0834818
0.00589132,0.00196396,0.00693131,0.181722,0.962472,0.400826,0.833512,0.766879,1.0007,0.05,0.05,0.05,0.102523,0.163143,0.0835535
0.00553171,0.00196549,0.00609353,0.181869,0.963561,0.401547,0.835095,0.770305,1.0008,0.05,0.05,0.05,0.102607,0.163204,0.0835958
0.00562755,0.00196726,0.00635622,0.182022,0.964782,0.402278,0.836681,0.773739,1.00089,0.05,0.05,0.05,0.102678,0.163243,0.0836521
0.00576212,0.00196879,0.00665599,0.182181,0.967453,0.402989,0.838268,0.77719,1.001,0.05,0.05,0.05,0.102719,0.163332,0.0837323
0.00590958,0.00196944,0.00694334,0.182314,0.970657,0.403394,0.839834,0.780662,1,0.05,0.05,0.05,0.102741,0.163433,0.0837563
0.0055525,0.00197047,0.00608437,0.182461,0.972776,0.404075,0.841421,0.784122,1.00004,0.05,0.05,0.05,0.102734,0.163505,0.0838603
0.0056486,0.00197259,0.00634406,0.182607,0.972619,0.40479,0.843015,0.787555,1.00008,0.05,0.05,0.05,0.102771,0.163429,0.0839456
0.00577397,0.00197472,0.00662799,0.182754,0.973913,0.405507,0.844613,0.791024,1.00013,0.05,0.05,0.05,0.102817,0.163378,0.0840254
0.0059144,0.00197686,0.00690894,0.182908,0.976075,0.406222,0.846214,0.794524,1.00019,0.05,0.05,0.05,0.102878,0.163352,0.084093
0.00555117,0.00197828,0.00608556,0.183056,0.977333,0.406949,0.847816,0.798008,1.00025,0.05,0.05,0.05,0.102976,0.163271,0.0841171
0.0056689,0.00197944,0.00636491,0.183197,0.980483,0.407674,0.84942,0.80154,1.00032,0.05,0.05,0.05,0.103012,0.163367,0.0842012
0.0058089,0.00198009,0.00665624,0.183347,0.982711,0.408397,0.851026,0.805047,1.00039,0.05,0.05,0.05,0.103026,0.163491,0.0842955
0.00595923,0.00198047,0.00691656,0.183484,0.984658,0.409014,0.85262,0.808554,1.00046,0.0500381,0.05,0.05,0.102944,0.163608,0.0844165
0.00559784,0.00198139,0.00606862,0.183626,0.986857,0.409688,0.854225,0.812092,1.00054,0.05,0.05,0.05,0.102919,0.163636,0.0845274
0.00570356,0.00198284,0.00634103,0.183792,0.990205,0.410436,0.85584,0.815684,1.00063,0.05,0.05,0.05,0.10296,0.163726,0.0846083
0.00585189,0.00198351,0.00663264,0.183924,0.99217,0.411044,0.857439,0.81922,1.00072,0.0500257,0.05,0.05,0.10286,0.163799,0.0847316
0.00600627,0.00198446,0.0069042,0.184064,0.995043,0.411692,0.859047,0.822808,1.00082,0.05,0.05,0.05,0.102801,0.16389,0.0848497
0.0056409,0.00198551,0.00605816,0.184204,0.996742,0.412367,0.86066,0.826359,1.00092,0.05,0.05,0.05,0.102768,0.163867,0.0849635
0.00574311,0.00198779,0.0063241,0.184353,0.998336,0.413065,0.862281,0.829915,1.00102,0.05,0.05,0.05,0.102771,0.163804,0.0850668
0.00584829,0.00199001,0.00658848,0.184471,0.997771,0.413465,0.863881,0.833372,1,0.05,0.05,0.05,0.102781,0.163593,0.0851057
0.00599629,0.00199167,0.00686461,0.184616,1.00066,0.414169,0.865503,0.836998,1.00004,0.05,0.05,0.05,0.102759,0.16358,0.085217
0.00564036,0.00199093,0.00602625,0.184752,1.00301,0.414765,0.867119,0.840626,1.00009,0.05,0.05,0.05,0.102673,0.16367,0.085339
0.00570142,0.00199161,0.00625277,0.184901,1.00324,0.41548,0.868752,0.844205,1.00014,0.05,0.05,0.05,0.102776,0.163792,0.0853469
0.00578961,0.00199183,0.00651867,0.185045,1.00208,0.416162,0.870382,0.847729,1.00019,0.05,0.05,0.05,0.102894,0.163915,0.0853087
0.00590815,0.00199226,0.00681283,0.185181,1.00191,0.416806,0.872009,0.851309,1.00026,0.05,0.05,0.05,0.103018,0.16404,0.0852344
0.0055604,0.00199225,0.00603362,0.185322,1.00288,0.417429,0.873639,0.854951,1.00032,0.05,0.05,0.05,0.103142,0.164153,0.085166
0.00555396,0.00199016,0.00620447,0.185399,0.998849,0.417792,0.875224,0.858309,1.0004,0.05,0.05,0.05,0.103234,0.164275,0.0848836
0.00563099,0.00199253,0.00644818,0.185515,0.996377,0.418438,0.876857,0.861679,1.00047,0.05,0.05,0.05,0.103359,0.164136,0.0848063
0.00577833,0.00199442,0.00672594,0.185667,0.999475,0.419175,0.878507,0.865456,1.00056,0.05,0.05,0.05,0.103423,0.164218,0.0848697
0.00545829,0.00199506,0.00594402,0.18582,1.00261,0.419937,0.880161,0.869234,1.00064,0.05,0.05,0.05,0.103492,0.164287,0.0849303
0.00559422,0.00199574,0.0062314,0.185964,1.00428,0.420609,0.881805,0.872942,1.00074,0.05,0.05,0.05,0.103443,0.164406,0.0850457
0.00574096,0.00199636,0.00651627,0.186103,1.00576,0.421244,0.883448,0.876653,1.00084,0.05,0.05,0.05,0.103374,0.164527,0.0851647
0.00588826,0.00199733,0.00679252,0.186256,1.00832,0.421987,0.885108,0.880457,1.00094,0.05,0.05,0.05,0.103409,0.164651,0.0852471
0.00555236,0.00199744,0.00598069,0.186408,1.01107,0.42268,0.886766,0.88428,1.00105,0.05,0.05,0.05,0.103399,0.164773,0.0853517
0.0056467,0.00199741,0.00624473,0.186535,1.01338,0.423075,0.888401,0.888086,1,0.05,0.05,0.05,0.103421,0.16489,0.0853652
0.00577691,0.00199982,0.00652297,0.186684,1.01444,0.423786,0.890062,0.891734,1.00004,0.05,0.05,0.05,0.103407,0.164907,0.085474
0.00592544,0.00200125,0.0067847,0.186821,1.01683,0.424457,0.891721,0.895541,1.00009,0.05,0.05,0.05,0.103359,0.164999,0.08559
0.00558724,0.0020017,0.0059829,0.18698,1.01985,0.425177,0.893391,0.899419,1.00014,0.05,0.05,0.05,0.103369,0.1651,0.0856881
0.0056885,0.00200224,0.00624672,0.187138,1.02156,0.425931,0.895066,0.90322,1.0002,0.05,0.05,0.05,0.103407,0.165207,0.0857667
0.00583213,0.0020036,0.00653964,0.187292,1.02443,0.42664,0.896738,0.907108,1.00026,0.05,0.05,0.05,0.103387,0.165325,0.0858749
0.0059839,0.00200451,0.00680876,0.187436,1.02722,0.42734,0.898409,0.911002,1.00033,0.05,0.05,0.05,0.103347,0.165449,0.0859884
0.00563355,0.00200365,0.00597617,0.187574,1.02928,0.42795,0.90007,0.914841,1.0004,0.0500392,0.05,0.05,0.103237,0.165574,0.086112
0.00574103,0.00200311,0.00623621,0.187716,1.02855,0.42862,0.901744,0.918429,1.00048,0.05,0.05,0.05,0.103177,0.165584,0.0862271
0.00587835,0.0020028,0.0065129,0.187855,1.02965,0.429313,0.90342,0.92219,1.00057,0.05,0.05,0.05,0.10311,0.165614,0.0863438
0.00601505,0.00200078,0.00673091,0.187942,1.02911,0.429625,0.905044,0.925774,1.00066,0.0500996,0.05,0.05,0.102793,0.165725,0.0864534
0.0056676,0.00199955,0.00592138,0.188064,1.03055,0.430244,0.906717,0.929592,1.00075,0.05,0.05,0.05,0.102681,0.165751,0.0865764
0.00579567,0.00199954,0.00619732,0.188194,1.03304,0.43086,0.908392,0.933533,1.00085,0.05,0.05,0.05,0.102571,0.165823,0.0866994
0.00594204,0.00200008,0.00648224,0.188323,1.03554,0.431441,0.910074,0.937515,1.00096,0.05,0.05,0.05,0.102485,0.16591,0.0868201
0.00601761,0.00199902,0.00674636,0.188424,1.03018,0.431968,0.911735,0.940553,1.00107,0.05,0.05,0.05,0.102604,0.165952,0.0866308
0.00565737,0.00199799,0.00598189,0.18853,1.02945,0.432244,0.913383,0.944142,1,0.05,0.05,0.05,0.10268,0.166075,0.0864825
0.00577217,0.00199933,0.00625434,0.188681,1.03244,0.43299,0.915088,0.948213,1.00004,0.05,0.05,0.05,0.102718,0.166179,0.0865615
0.00590799,0.00200112,0.00654301,0.18883,1.03521,0.433717,0.916797,0.952282,1.00009,0.05,0.05,0.05,0.102774,0.166303,0.0866284
0.00603228,0.00200205,0.00683052,0.188968,1.03581,0.434394,0.918493,0.95605,1.00014,0.05,0.05,0.05,0.102898,0.166428,0.0865516
0.00568268,0.00200285,0.00602987,0.189115,1.03863,0.435158,0.920206,0.96013,1.0002,0.05,0.05,0.05,0.102989,0.166552,0.0865788
0.00580239,0.00200394,0.00630511,0.189264,1.04144,0.435917,0.921922,0.964215,1.00027,0.05,0.05,0.05,0.103023,0.166654,0.0866598
0.00594788,0.00200496,0.00659442,0.189413,1.04392,0.436625,0.923636,0.968276,1.00034,0.05,0.05,0.05,0.103021,0.166757,0.0867595
0.00608927,0.00200605,0.00688357,0.189567,1.04635,0.437371,0.925357,0.97233,1.00041,0.05,0.05,0.05,0.103115,0.166848,0.0867797
0.00572691,0.00200625,0.00607297,0.189721,1.04859,0.438133,0.927077,0.976335,1.00049,0.05,0.05,0.05,0.103221,0.166921,0.0867723
0.0058523,0.00200752,0.00635553,0.189875,1.05125,0.438855,0.928802,0.980461,1.00058,0.05,0.05,0.05,0.10324,0.167027,0.0868632
0.00597443,0.00200854,0.00664195,0.190027,1.05379,0.439614,0.930528,0.984534,1.00067,0.05,0.05,0.0500543,0.103346,0.167127,0.0868593
0.00612548,0.00200983,0.00692288,0.19019,1.05658,0.440353,0.932261,0.988692,1.00077,0.05,0.05,0.05,0.103393,0.16722,0.0869312
0.00575514,0.00201017,0.00610861,0.190332,1.05858,0.441059,0.933987,0.992696,1.00087,0.05,0.05,0.0500317,0.10351,0.167311,0.0868953
0.00582019,0.00201059,0.00634567,0.190473,1.06034,0.441763,0.935712,0.99664,1.00098,0.05,0.05,0.05,0.103631,0.167382,0.0868352
0.00595491,0.00201205,0.00663634,0.190633,1.06327,0.442552,0.937452,1.00083,1.0011,0.05,0.05,0.05,0.103717,0.167502,0.0868699
0.00610419,0.00201198,0.00690356,0.190763,1.06547,0.442863,0.93915,1.00494,1,0.05,0.05,0.05,0.103645,0.1676,0.0869341
0.00574221,0.00201252,0.00605895,0.190917,1.0677,0.443576,0.940892,1.00906,1.00004,0.05,0.05,0.05,0.103648,0.167663,0.0870311
0.00581669,0.00201352,0.006305,0.191064,1.07001,0.444324,0.942635,1.01314,1.00009,0.05,0.05,0.0501206,0.103757,0.167767,0.0870194
0.00594397,0.00201532,0.00659122,0.19121,1.07194,0.445118,0.944387,1.01721,1.00015,0.05,0.05,0.05,0.103828,0.167883,0.0870745
0.00609623,0.00201636,0.00685732,0.191359,1.07412,0.445813,0.946129,1.02139,1.00021,0.05,0.05,0.05,0.103789,0.168008,0.0871877
0.00573853,0.00201757,0.00603727,0.191539,1.07658,0.446574,0.947884,1.02561,1.00027,0.05,0.05,0.05,0.103814,0.168126,0.0872768
0.00586157,0.00201839,0.00632333,0.191692,1.07894,0.447298,0.949637,1.0298,1.00035,0.05,0.05,0.05,0.103805,0.16823,0.0873795
0.00599994,0.00201996,0.00661788,0.191851,1.08175,0.448064,0.951398,1.0341,1.00042,0.05,0.05,0.05,0.103857,0.168354,0.0874503
0.00614821,0.00202155,0.00691043,0.192007,1.08454,0.448832,0.953163,1.03839,1.00051,0.05,0.05,0.05,0.103932,0.168478,0.0874998
0.00578477,0.00202245,0.00609568,0.192161,1.08732,0.449609,0.954929,1.04265,1.0006,0.05,0.05,0.0500617,0.104026,0.168603,0.0875235
0.00590028,0.00202365,0.00637403,0.192318,1.09017,0.45038,0.956699,1.04698,1.00069,0.05,0.05,0.05,0.104074,0.168722,0.0875967
0.00604337,0.002025,0.00667002,0.192475,1.09319,0.451164,0.958471,1.05134,1.00079,0.05,0.05,0.05,0.104129,0.168845,0.0876655
0.00619619,0.00202626,0.00695647,0.192637,1.09599,0.45192,0.960245,1.05569,1.0009,0.05,0.05,0.05,0.104155,0.168967,0.087753
0.00582769,0.00202697,0.00611825,0.192798,1.09857,0.452686,0.962023,1.05995,1.00101,0.05,0.05,0.05,0.10422,0.169066,0.0878107
0.00590884,0.00202836,0.00636852,0.192953,1.10089,0.453422,0.9638,1.06416,1.00112,0.05,0.05,0.0500404,0.104325,0.16919,0.087814
0.00599501,0.00202786,0.00663851,0.193056,1.10127,0.453646,0.965517,1.06779,1,0.05,0.05,0.05,0.104397,0.169303,0.0876595
0.0061381,0.00202963,0.00693032,0.193208,1.10349,0.454412,0.9673,1.072,1.00004,0.05,0.05,0.05,0.104497,0.169402,0.0876757
0.0057753,0.00203088,0.006105,0.193373,1.10607,0.455169,0.969088,1.07635,1.0001,0.05,0.05,0.05,0.104586,0.169504,0.0877089
0.00584038,0.00203154,0.00634768,0.193528,1.10823,0.455879,0.970863,1.08046,1.00015,0.05,0.05,0.05,0.104709,0.169624,0.0876415
0.0059387,0.00203459,0.00660483,0.193683,1.10591,0.456667,0.972657,1.08357,1.00021,0.05,0.05,0.05,0.104785,0.169441,0.0876989
0.00607363,0.00203729,0.00686266,0.193831,1.10628,0.457457,0.974452,1.0874,1.00028,0.05,0.05,0.05,0.104833,0.16934,0.087779
0.00571195,0.00203848,0.00602618,0.193987,1.10765,0.458243,0.976247,1.09152,1.00035,0.05,0.05,0.05,0.104852,0.169291,0.0878756
0.00583399,0.00203796,0.00629916,0.194123,1.10617,0.458924,0.978032,1.09495,1.00043,0.05,0.05,0.05,0.104784,0.169388,0.0879937
0.00596382,0.00203821,0.00657679,0.194283,1.1063,0.459678,0.979833,1.09876,1.00052,0.05,0.05,0.05,0.104795,0.169467,0.0880873
0.00609399,0.00203855,0.00684079,0.194443,1.10647,0.460467,0.981641,1.10251,1.00061,0.05,0.05,0.05,0.104853,0.169495,0.0881491
0.00573149,0.00203859,0.00601885,0.194598,1.10734,0.461261,0.983451,1.10646,1.00071,0.05,0.05,0.05,0.104909,0.169511,0.088212
0.00583493,0.00203918,0.00627964,0.194743,1.10793,0.462041,0.985263,1.11038,1.00081,0.05,0.05,0.05,0.104944,0.169479,0.0882906
0.00596224,0.00204001,0.00656501,0.194894,1.10963,0.462844,0.987079,1.11458,1.00092,0.05,0.05,0.05,0.105003,0.169464,0.0883501
0.00611307,0.00204106,0.00684078,0.195057,1.11205,0.463597,0.988893,1.11912,1.00103,0.05,0.05,0.05,0.105014,0.169534,0.0884441
0.00575911,0.00204195,0.00603831,0.195214,1.11454,0.464372,0.990714,1.12357,1.00115,0.05,0.05,0.05,0.105095,0.169585,0.0884819
0.00582578,0.00204143,0.00626955,0.195311,1.11597,0.464709,0.992483,1.12752,1,0.05,0.05,0.05,0.105156,0.169561,0.0884005
0.00596329,0.00204175,0.00654498,0.195452,1.11638,0.465411,0.994295,1.13144,1.00005,0.05,0.05,0.05,0.105097,0.169454,0.0885156
0.00611105,0.00204215,0.00680156,0.195589,1.11792,0.466084,0.996107,1.13579,1.0001,0.05,0.05,0.05,0.105028,0.169435,0.0886333
0.00576153,0.00204329,0.00600345,0.195744,1.12076,0.466891,0.997937,1.14045,1.00016,0.05,0.05,0.05,0.105064,0.169517,0.0887137
0.00589549,0.00204353,0.00628865,0.195873,1.12207,0.467554,0.999751,1.14472,1.00022,0.05,0.05,0.05,0.104976,0.169488,0.088834
0.0060382,0.00204442,0.00657814,0.196018,1.12435,0.46831,1.00158,1.14922,1.00029,0.05,0.05,0.05,0.104966,0.169458,0.0889358
0.00619243,0.00204533,0.00685246,0.196175,1.12706,0.469084,1.00341,1.15388,1.00036,0.05,0.05,0.05,0.104948,0.169475,0.0890415
0.00581275,0.00204406,0.00597701,0.196275,1.12692,0.469531,1.00519,1.15784,1.00044,0.0500078,0.05,0.05,0.104707,0.169587,0.0891609
0.00594765,0.00204425,0.006259,0.196403,1.12823,0.470116,1.00701,1.16228,1.00053,0.05,0.05,0.05,0.104586,0.169711,0.0892852
0.00604865,0.00204563,0.00652939,0.196562,1.12864,0.470906,1.00885,1.16607,1.00062,0.05,0.05,0.05,0.104688,0.169831,0.089294
0.00619515,0.00204718,0.00681455,0.196728,1.13063,0.471672,1.0107,1.17057,1.00072,0.05,0.05,0.05,0.104751,0.169953,0.089356
0.00581612,0.00204776,0.00602625,0.196873,1.12959,0.472345,1.01253,1.17379,1.00083,0.05,0.05,0.05,0.104876,0.170046,0.0892699
0.0058501,0.00204816,0.00623472,0.19702,1.12929,0.473011,1.01436,1.17725,1.00094,0.05,0.05,0.05,0.105001,0.170142,0.0891632
0.00593895,0.00205001,0.00648972,0.197179,1.12795,0.473798,1.01621,1.18051,1.00106,0.05,0.05,0.05,0.10511,0.170077,0.0891592
0.00607779,0.00205181,0.00675927,0.197345,1.12959,0.47461,1.01807,1.18501,1.00118,0.05,0.05,0.05,0.105156,0.170106,0.0892369
0.00573365,0.0020514,0.00595033,0.197475,1.13189,0.474889,1.01988,1.18979,1,0.05,0.05,0.05,0.105089,0.170222,0.0892941
0.0058367,0.00205238,0.00621178,0.197627,1.13401,0.475682,1.02175,1.19434,1.00005,0.05,0.05,0.05,0.105155,0.170339,0.0893515
0.00595813,0.0020532,0.00649009,0.197785,1.13584,0.476504,1.02361,1.19864,1.0001,0.05,0.05,0.05,0.105248,0.170434,0.0893743
0.0061062,0.00205393,0.00675274,0.197936,1.13785,0.477236,1.02548,1.20332,1.00016,0.05,0.05,0.05,0.105221,0.170547,0.0894837
0.00576534,0.00205488,0.00596673,0.198093,1.14039,0.478042,1.02735,1.20809,1.00022,0.05,0.05,0.05,0.105282,0.170657,0.0895462
0.00587272,0.00205622,0.00623151,0.198254,1.14316,0.47887,1.02923,1.21296,1.00029,0.05,0.05,0.05,0.105343,0.170782,0.0896102
0.00601727,0.00205686,0.00651941,0.198413,1.14512,0.47961,1.0311,1.21762,1.00037,0.05,0.05,0.05,0.105307,0.170877,0.089722
0.00616455,0.00205756,0.00678559,0.198553,1.14716,0.480354,1.03297,1.22233,1.00045,0.05,0.05,0.05,0.105281,0.170964,0.0898311
0.00581396,0.00205853,0.00598791,0.198714,1.14962,0.481193,1.03486,1.22704,1.00054,0.05,0.05,0.05,0.10533,0.171027,0.0899023
0.00595375,0.00205873,0.00627759,0.198845,1.15087,0.481847,1.03671,1.23156,1.00064,0.0500224,0.05,0.05,0.105217,0.171152,0.0900263
0.00610494,0.00205934,0.0065632,0.198995,1.15269,0.482547,1.03858,1.2363,1.00074,0.05,0.05,0.05,0.105141,0.171276,0.0901469
0.00625215,0.00205998,0.00682395,0.199148,1.1545,0.483258,1.04046,1.24103,1.00085,0.05,0.05,0.05,0.105066,0.171398,0.0902673
0.00588141,0.00205949,0.00597537,0.199267,1.15573,0.483839,1.04232,1.2455,1.00096,0.0500278,0.05,0.05,0.104921,0.171491,0.0903923
0.00597089,0.00206074,0.00622362,0.199428,1.15811,0.484663,1.04422,1.2502,1.00108,0.05,0.05,0.0500227,0.104992,0.1716,0.090445
0.00609821,0.00206186,0.00650543,0.199589,1.15995,0.485452,1.04612,1.25471,1.0012,0.05,0.05,0.05,0.105036,0.17164,0.0905203
0.00621919,0.00206149,0.00678346,0.199694,1.16038,0.485763,1.04796,1.2583,1,0.05,0.05,0.05,0.105091,0.171608,0.0904456
0.00586935,0.00206263,0.00598306,0.199854,1.16303,0.486554,1.04986,1.26333,1.00005,0.05,0.05,0.05,0.105117,0.17169,0.0905331
0.0059573,0.00206409,0.00622703,0.200016,1.16431,0.487382,1.05177,1.26771,1.0001,0.05,0.05,0.05,0.105189,0.171804,0.0905866
0.00609154,0.00206531,0.00651933,0.200181,1.16697,0.48821,1.05369,1.27269,1.00016,0.05,0.05,0.05,0.10524,0.171892,0.0906575
0.0062464,0.0020664,0.00679533,0.200338,1.16968,0.489022,1.0556,1.27779,1.00023,0.05,0.05,0.05,0.105248,0.171996,0.0907545
0.00588678,0.00206673,0.00596487,0.200461,1.17142,0.489721,1.05749,1.28259,1.0003,0.05,0.05,0.05,0.105161,0.17212,0.0908764
0.00597381,0.00206801,0.00619986,0.200603,1.16899,0.490452,1.0594,1.28536,1.00038,0.05,0.05,0.05,0.10512,0.172047,0.0909916
0.00603442,0.00207039,0.00640884,0.200749,1.16401,0.491269,1.06132,1.28663,1.00046,0.05,0.05,0.05,0.105194,0.171727,0.0910484
0.00612044,0.00207286,0.00663727,0.200909,1.16081,0.49208,1.06324,1.28871,1.00056,0.05,0.05,0.05,0.105293,0.171396,0.0910692
0.00576244,0.00207469,0.00586557,0.201064,1.16031,0.492905,1.06517,1.29221,1.00065,0.05,0.05,0.05,0.105387,0.17115,0.0911006
0.00586072,0.00207648,0.00611611,0.201227,1.16245,0.493747,1.0671,1.29714,1.00076,0.05,0.05,0.05,0.105452,0.171104,0.0911639
0.00601166,0.00209268,0.00640048,0.201382,1.16518,0.494617,1.06904,1.3024,1.00087,0.050125,0.050125,0.050125,0.105577,0.171229,0.0912889
0.0061641,0.00210971,0.00668439,0.201545,1.16777,0.495441,1.07098,1.30767,1.00098,0.05025,0.05025,0.05025,0.105702,0.171354,0.0914139
0.00583219,0.00212668,0.00593351,0.201704,1.17042,0.496286,1.07292,1.31296,1.0011,0.050375,0.050375,0.050375,0.105827,0.171479,0.0915389
0.0059842,0.00214496,0.00622033,0.201871,1.17302,0.497113,1.07486,1.31825,1.00123,0.0505,0.0505,0.0505,0.105952,0.171604,0.0916639
0.00613753,0.00216281,0.006507,0.202001,1.17554,0.497409,1.07675,1.32356,1,0.050625,0.050625,0.050625,0.106017,0.171729,0.091737
0.00629185,0.00218227,0.00679414,0.202163,1.1782,0.498259,1.0787,1.32887,1.00005,0.05075,0.05075,0.05075,0.106142,0.171854,0.091862
0.00594168,0.00220173,0.00601895,0.202331,1.18087,0.499114,1.08066,1.3342,1.0001,0.050875,0.050875,0.050875,0.106267,0.17198,0.091987
0.00609606,0.00222258,0.00630848,0.202506,1.18346,0.499942,1.08261,1.33953,1.00017,0.051,0.051,0.051,0.106392,0.172105,0.092112
0.00625074,0.00224396,0.00659912,0.202675,1.18613,0.500796,1.08457,1.34488,1.00023,0.051125,0.051125,0.051125,0.106517,0.17223,0.092237
0.00640591,0.00226598,0.00689055,0.202835,1.18876,0.501642,1.08653,1.35023,1.00031,0.05125,0.05125,0.05125,0.106642,0.172355,0.092362
0.00605086,0.00228809,0.00608746,0.203002,1.19138,0.502482,1.0885,1.3556,1.00039,0.051375,0.051375,0.051375,0.106767,0.17248,0.092487
0.00620885,0.00231148,0.00637853,0.203175,1.19398,0.503317,1.09046,1.36097,1.00048,0.0515,0.0515,0.0515,0.106892,0.172605,0.092612
0.00636563,0.00233549,0.00667216,0.203351,1.19661,0.50416,1.09243,1.36636,1.00057,0.051625,0.051625,0.051625,0.107017,0.17273,0.092737
0.00652412,0.00236016,0.00696536,0.203519,1.19921,0.504998,1.09441,1.37175,1.00067,0.05175,0.05175,0.05175,0.107142,0.172855,0.092862
0.00616089,0.00238488,0.00614477,0.203689,1.20179,0.505827,1.09638,1.37716,1.00078,0.051875,0.051875,0.051875,0.107267,0.17298,0.0929869
0.00615304,0.00216984,0.00643866,0.203836,1.20431,0.50664,1.09836,1.38217,1.00089,0.05,0.05,0.05,0.107061,0.173053,0.0928739
0.00625858,0.0021295,0.00672814,0.203998,1.20658,0.507467,1.10034,1.38699,1.00101,0.05,0.05,0.05,0.107028,0.173149,0.0927179
0.00638809,0.00211452,0.00701777,0.204146,1.20849,0.508261,1.10231,1.39151,1.00113,0.05,0.05,0.0500696,0.107095,0.173239,0.0924984
0.006007,0.00210755,0.00613112,0.204312,1.21087,0.509072,1.10429,1.39692,1.00126,0.05,0.05,0.05,0.107026,0.173353,0.0925108
0.00608131,0.00210435,0.00638925,0.204435,1.21283,0.509366,1.10621,1.40174,1,0.05,0.05,0.05,0.107023,0.173377,0.0923772
0.00618557,0.0021051,0.00665681,0.204605,1.21322,0.510218,1.10821,1.40559,1.00005,0.05,0.05,0.05,0.107073,0.173214,0.0923523
0.00632825,0.00210642,0.00691872,0.204771,1.21493,0.511078,1.1102,1.41045,1.00011,0.05,0.05,0.05,0.107082,0.173142,0.0923893
0.00594351,0.0021069,0.0060575,0.20493,1.21643,0.511896,1.11219,1.4153,1.00017,0.05,0.05,0.05,0.107043,0.17306,0.0924699
0.00606453,0.00210776,0.00633801,0.205104,1.21883,0.51274,1.11419,1.42076,1.00024,0.05,0.05,0.05,0.107034,0.173156,0.0925402
0.00621518,0.00210897,0.0066255,0.205263,1.22089,0.513543,1.11618,1.42607,1.00032,0.05,0.05,0.05,0.106971,0.173203,0.0926422
0.00636192,0.00210937,0.00687085,0.205402,1.22199,0.514198,1.11814,1.43094,1.0004,0.0501061,0.05,0.05,0.10681,0.173263,0.0927652
0.00598579,0.00210817,0.00601942,0.205544,1.22361,0.514921,1.12012,1.43605,1.00049,0.0501062,0.05,0.05,0.10669,0.173384,0.0928843
0.00613207,0.00210799,0.00630739,0.205663,1.2246,0.515514,1.12207,1.44081,1.00058,0.0502042,0.05,0.05,0.10648,0.173458,0.093009
0.00628739,0.00210641,0.00657433,0.205739,1.2242,0.515846,1.12399,1.44489,1.00068,0.050288,0.05,0.05,0.106148,0.173548,0.0931208
0.00643783,0.00210822,0.00685743,0.205904,1.22677,0.51669,1.126,1.45039,1.00079,0.05,0.05,0.05,0.106152,0.173621,0.0932121
0.00605882,0.00210775,0.00603106,0.206068,1.22891,0.517474,1.12801,1.4558,1.00091,0.05,0.05,0.05,0.106115,0.173746,0.093319
0.00615249,0.00210792,0.00627402,0.206227,1.22943,0.518314,1.13002,1.45994,1.00103,0.05,0.05,0.05,0.106132,0.173812,0.0934003
0.00624731,0.00210762,0.00651803,0.206391,1.22773,0.519186,1.13205,1.46238,1.00116,0.05,0.05,0.05,0.106173,0.1737,0.0934635
0.00638844,0.00210774,0.00677581,0.206542,1.22866,0.519991,1.13407,1.46695,1.00129,0.05,0.05,0.05,0.106141,0.17369,0.0935682
0.00602182,0.00210645,0.00597005,0.206652,1.23082,0.520257,1.13602,1.47236,1,0.05,0.05,0.05,0.106049,0.173742,0.0936174
0.00616071,0.00210668,0.00625351,0.206801,1.23275,0.520931,1.13802,1.47783,1.00005,0.0500638,0.05,0.05,0.105931,0.173843,0.0937409
0.00631381,0.00210746,0.0065402,0.206945,1.23514,0.521687,1.14004,1.48352,1.00011,0.05,0.05,0.05,0.105872,0.17395,0.0938565
0.00646936,0.00210882,0.00682301,0.207106,1.23772,0.522536,1.14207,1.48915,1.00017,0.05,0.05,0.05,0.105895,0.174065,0.0939434
0.00609875,0.00210963,0.00601472,0.20725,1.24024,0.523358,1.14411,1.49482,1.00024,0.05,0.05,0.05,0.105905,0.174185,0.0940375
0.00616755,0.00211175,0.00624462,0.207416,1.24133,0.524211,1.14616,1.49913,1.00032,0.05,0.05,0.05,0.105992,0.174281,0.0940706
0.00626089,0.00211445,0.00649311,0.207586,1.24086,0.525066,1.1482,1.5022,1.00041,0.05,0.05,0.05,0.106085,0.174267,0.0940983
0.00639569,0.00211674,0.00676975,0.207753,1.2421,0.525928,1.15025,1.50665,1.0005,0.05,0.05,0.05,0.106179,0.174315,0.0941247
0.00603053,0.00211787,0.00598251,0.207919,1.24419,0.526795,1.1523,1.5119,1.0006,0.05,0.05,0.05,0.106253,0.174388,0.0941771
0.00612611,0.00211978,0.00623548,0.208087,1.24649,0.527658,1.15436,1.51734,1.0007,0.05,0.05,0.05,0.106329,0.174474,0.0942269
0.00624928,0.00212204,0.00651576,0.208259,1.24844,0.528513,1.15642,1.52246,1.00081,0.05,0.05,0.05,0.106418,0.174522,0.0942625
0.00638459,0.00212414,0.00680104,0.208413,1.25012,0.529361,1.15848,1.52724,1.00093,0.05,0.05,0.05,0.106526,0.174549,0.0942594
0.00602159,0.00212459,0.00599748,0.20858,1.25264,0.530217,1.16054,1.53309,1.00105,0.05,0.05,0.05,0.106575,0.174644,0.0943351
0.0061189,0.00212595,0.00625104,0.208742,1.25493,0.531068,1.16261,1.53862,1.00118,0.05,0.05,0.05,0.106664,0.174763,0.0943668
0.00623222,0.0021267,0.00653246,0.208909,1.25662,0.531877,1.16467,1.54351,1.00132,0.05,0.05,0.05,0.106779,0.174888,0.0943372
0.00637267,0.00212657,0.00682376,0.209014,1.25851,0.532071,1.16665,1.54851,1,0.05,0.05,0.0501156,0.106833,0.175002,0.0942294
0.00600283,0.00212599,0.00603812,0.209173,1.26037,0.53283,1.1687,1.55337,1.00005,0.05,0.05,0.0501846,0.106957,0.17512,0.0941441
0.00610204,0.0021273,0.00629948,0.209341,1.26285,0.533678,1.17078,1.5591,1.00011,0.05,0.05,0.0500616,0.107061,0.175242,0.0941487
0.00623515,0.00212931,0.00658741,0.209509,1.26525,0.534517,1.17286,1.56475,1.00018,0.05,0.05,0.05,0.107163,0.175335,0.0941599
0.00637471,0.00213063,0.006882,0.209681,1.26734,0.535279,1.17492,1.56992,1.00025,0.05,0.05,0.0500721,0.107286,0.175434,0.094095
0.00599692,0.0021296,0.00608264,0.209829,1.26905,0.535962,1.17696,1.57455,1.00033,0.05,0.05,0.05,0.107409,0.175533,0.093956
0.00610455,0.00213118,0.00635138,0.209998,1.27157,0.536801,1.17905,1.58049,1.00042,0.05,0.05,0.05,0.10751,0.175647,0.0939673
0.00621772,0.00213185,0.00663782,0.210159,1.27374,0.537523,1.18111,1.58571,1.00051,0.05,0.05,0.0501166,0.107635,0.175761,0.093869
0.00635478,0.00213254,0.00693403,0.210291,1.27583,0.53823,1.18317,1.59079,1.00061,0.05,0.05,0.0501494,0.107759,0.175861,0.0937518
0.00598336,0.0021328,0.00609935,0.210466,1.27832,0.539093,1.18526,1.59681,1.00071,0.05,0.05,0.05,0.107854,0.175973,0.0937765
0.00608159,0.00213341,0.00636142,0.210633,1.28056,0.53996,1.18736,1.60243,1.00083,0.05,0.05,0.05,0.107964,0.176093,0.0937628
0.00623069,0.00213464,0.00665959,0.210808,1.28234,0.54085,1.18946,1.60817,1.00095,0.05,0.05,0.05,0.108001,0.176217,0.0938445
0.00638353,0.00213569,0.00692071,0.210977,1.28351,0.541664,1.19156,1.61363,1.00108,0.0500149,0.05,0.05,0.107982,0.176341,0.0939521
0.00601045,0.00213597,0.00608702,0.211149,1.28592,0.542558,1.19368,1.61969,1.00121,0.05,0.05,0.05,0.108041,0.176465,0.0940171
0.00612483,0.0021364,0.00635817,0.211322,1.2868,0.543443,1.19579,1.62461,1.00135,0.05,0.05,0.05,0.108078,0.176516,0.0940948
0.00626759,0.00213562,0.00664585,0.211436,1.28794,0.543707,1.19782,1.62982,1,0.05,0.05,0.05,0.108027,0.176564,0.0941244
0.00641995,0.00213641,0.0069215,0.211598,1.28974,0.544587,1.19994,1.63556,1.00005,0.05,0.05,0.05,0.10804,0.176639,0.0942171
0.00604057,0.00213627,0.00606534,0.211763,1.29133,0.545393,1.20205,1.64131,1.00011,0.0500019,0.05,0.05,0.108001,0.176735,0.0943294
0.00616727,0.00213752,0.00634717,0.211932,1.29345,0.546221,1.20417,1.64736,1.00018,0.05,0.05,0.05,0.108006,0.176839,0.0944268
0.0062806,0.00213835,0.00663607,0.212089,1.29551,0.547046,1.20629,1.65266,1.00026,0.05,0.05,0.05,0.10812,0.176922,0.094399
0.00642073,0.00213951,0.00693527,0.212235,1.29766,0.54785,1.2084,1.65794,1.00034,0.05,0.05,0.0500266,0.108239,0.177045,0.0943479
0.00604657,0.00214024,0.00611353,0.212416,1.30016,0.548699,1.21053,1.66384,1.00042,0.05,0.05,0.0500481,0.108344,0.17717,0.0943506
0.00611202,0.00214099,0.00634551,0.212571,1.30223,0.549477,1.21264,1.66897,1.00052,0.05,0.05,0.0500266,0.108467,0.177294,0.0942717
0.00623551,0.00214155,0.00663164,0.212749,1.30421,0.550364,1.21477,1.67432,1.00062,0.05,0.05,0.05,0.108573,0.177347,0.0942657
0.00638594,0.00214244,0.0069116,0.212926,1.30611,0.551263,1.21692,1.68012,1.00073,0.05,0.05,0.05,0.108615,0.177402,0.0943405
0.00601188,0.00214278,0.00606874,0.2131,1.30799,0.55212,1.21906,1.6861,1.00085,0.05,0.05,0.05,0.108624,0.177485,0.0944352
0.00611039,0.00214343,0.00632744,0.213265,1.30902,0.553006,1.22121,1.69104,1.00097,0.05,0.05,0.05,0.108688,0.177423,0.0944889
0.00621509,0.00214377,0.00659729,0.213439,1.3094,0.553886,1.22335,1.69507,1.0011,0.05,0.05,0.05,0.108789,0.177237,0.0944869
0.00634963,0.0021444,0.00687235,0.213611,1.31057,0.55478,1.22551,1.6999,1.00124,0.05,0.05,0.05,0.108882,0.177071,0.0945022
0.00598205,0.00214516,0.00605948,0.21379,1.31289,0.555677,1.22766,1.70591,1.00138,0.05,0.05,0.05,0.108967,0.177038,0.0945322
0.00608029,0.00214467,0.00632191,0.213906,1.31459,0.555946,1.22974,1.71136,1,0.05,0.05,0.05,0.108979,0.176891,0.0945007
0.00622276,0.00214577,0.006613,0.214077,1.31658,0.556839,1.2319,1.7173,1.00005,0.05,0.05,0.05,0.109031,0.176802,0.0945662
0.00636666,0.00214679,0.00690365,0.214245,1.31875,0.557724,1.23407,1.72312,1.00012,0.05,0.05,0.05,0.109125,0.176704,0.0945826
0.00599722,0.00214763,0.0060874,0.214421,1.32109,0.558588,1.23623,1.72897,1.00019,0.05,0.05,0.05,0.109231,0.17664,0.0945741
0.00607466,0.00214837,0.00632615,0.214585,1.32325,0.559408,1.23838,1.73442,1.00026,0.05,0.05,0.05,0.109351,0.176706,0.0945186
0.00611266,0.00214855,0.00652821,0.214709,1.31879,0.56019,1.24052,1.73378,1.00034,0.05,0.05,0.05,0.109474,0.175902,0.0944376
0.00607066,0.00214866,0.00663637,0.214813,1.30654,0.560886,1.24262,1.72584,1.00043,0.05,0.05,0.05,0.109597,0.174079,0.0942742
0.005673,0.00214977,0.00582554,0.214943,1.30245,0.561646,1.24476,1.72584,1.00053,0.05,0.05,0.05,0.10972,0.172762,0.0941859
0.00566024,0.00214915,0.00598058,0.215033,1.29967,0.562163,1.24683,1.72643,1.00064,0.05,0.05,0.05,0.109827,0.171594,0.0939318
0.00555387,0.00215232,0.00602583,0.215133,1.28417,0.56291,1.24894,1.71575,1.00075,0.05,0.05,0.05,0.109951,0.168342,0.0937961
0.00558217,0.00215632,0.00617956,0.215283,1.2792,0.563786,1.25111,1.71535,1.00087,0.05,0.05,0.05,0.11006,0.165964,0.0937854
0.00528755,0.00215834,0.00550753,0.215447,1.27979,0.56466,1.25329,1.72009,1.00099,0.05,0.05,0.05,0.110174,0.164488,0.0937674
0.00538624,0.00215917,0.00576069,0.215607,1.28144,0.565536,1.25548,1.7262,1.00112,0.05,0.05,0.05,0.110284,0.164073,0.0937601
0.00550312,0.00216156,0.0060198,0.215762,1.28353,0.566455,1.25767,1.73248,1.00126,0.05,0.05,0.05,0.110387,0.163288,0.0937718
0.00563649,0.00216285,0.00624786,0.215932,1.28498,0.567347,1.25987,1.73891,1.00141,0.05,0.05,0.05,0.110391,0.16292,0.0938738
0.00528067,0.00215783,0.00545736,0.215995,1.27664,0.567428,1.26193,1.73738,1,0.05,0.05,0.05,0.110211,0.163038,0.093934
0.00527804,0.00215572,0.00558013,0.216123,1.26323,0.56826,1.26411,1.73112,1.00006,0.05,0.05,0.05,0.110168,0.16289,0.0940465
0.0053036,0.00215518,0.00572004,0.216282,1.25403,0.569168,1.2663,1.72826,1.00012,0.05,0.05,0.05,0.110209,0.16265,0.0941227
0.00533822,0.00215543,0.00585136,0.216443,1.24641,0.570092,1.26851,1.72661,1.00019,0.05,0.05,0.05,0.110278,0.162252,0.094176
0.00505052,0.00215632,0.00520013,0.216617,1.24114,0.571003,1.27072,1.72715,1.00027,0.05,0.05,0.05,0.110337,0.161781,0.0942392
0.00503035,0.00215785,0.00531541,0.21678,1.23276,0.571892,1.27293,1.72463,1.00035,0.05,0.05,0.05,0.110436,0.16076,0.0942515
0.00504571,0.00215975,0.0054618,0.216943,1.22679,0.57275,1.27513,1.72419,1.00044,0.05,0.05,0.05,0.110548,0.159688,0.0942335
0.00509528,0.00216195,0.00562591,0.217115,1.22323,0.573576,1.27734,1.726,1.00054,0.05,0.05,0.05,0.110664,0.158674,0.0942065
0.00482127,0.00216302,0.0050403,0.217256,1.21833,0.574239,1.27951,1.72625,1.00065,0.05,0.05,0.05,0.110786,0.157387,0.0940557
0.00489136,0.00216485,0.00524563,0.217429,1.21907,0.575153,1.28174,1.73213,1.00076,0.05,0.05,0.05,0.110891,0.156848,0.0940621
0.00499799,0.0021663,0.00546704,0.217609,1.22083,0.576093,1.28398,1.73918,1.00088,0.05,0.05,0.05,0.110933,0.156602,0.0941439
0.0051107,0.00216729,0.00565585,0.217776,1.22253,0.576921,1.2862,1.74641,1.00101,0.05,0.05,0.05,0.110902,0.156453,0.0942568
0.00489539,0.00216853,0.00510819,0.217953,1.22375,0.577805,1.28844,1.75287,1.00115,0.05,0.05,0.05,0.111001,0.156211,0.0942788
0.0049448,0.00216911,0.005303,0.218107,1.22418,0.578558,1.29065,1.75834,1.00129,0.05,0.05,0.05,0.111126,0.156049,0.094181
0.00503144,0.00216957,0.00552795,0.218277,1.22508,0.579406,1.29288,1.76437,1.00144,0.05,0.05,0.05,0.111248,0.15605,0.0941254
0.00514308,0.00216937,0.00573774,0.218411,1.22679,0.579674,1.29503,1.77145,1,0.05,0.05,0.05,0.111241,0.156056,0.0941187
0.00491697,0.00216975,0.00513834,0.218578,1.22852,0.580549,1.29726,1.77877,1.00006,0.05,0.05,0.05,0.111204,0.156023,0.0942334
0.00502589,0.00216926,0.00536078,0.218721,1.22975,0.581214,1.29946,1.78581,1.00012,0.05,0.05,0.05,0.111052,0.156107,0.0943584
0.00513583,0.00216991,0.00557917,0.218888,1.23137,0.582093,1.30171,1.79304,1.00019,0.05,0.05,0.05,0.111027,0.156204,0.094469
0.00524745,0.00217045,0.00577434,0.219037,1.23302,0.582924,1.30395,1.80038,1.00027,0.05,0.05,0.05,0.11097,0.156299,0.0945869
0.00501161,0.00217037,0.00517971,0.219204,1.23419,0.58383,1.30621,1.80719,1.00036,0.05,0.05,0.05,0.110971,0.156422,0.0946871
0.00510736,0.0021712,0.00539609,0.21936,1.23578,0.584695,1.30847,1.81447,1.00045,0.05,0.05,0.05,0.11095,0.156543,0.0947954
0.00519982,0.00217213,0.00561503,0.219544,1.2368,0.585619,1.31074,1.82109,1.00055,0.05,0.05,0.05,0.111018,0.156662,0.0948518
0.00529444,0.00217262,0.00583282,0.219721,1.23743,0.586523,1.31301,1.82719,1.00066,0.05,0.05,0.05,0.111131,0.156768,0.0948305
0.00505339,0.00217339,0.00524471,0.21991,1.23879,0.587457,1.31528,1.83416,1.00078,0.05,0.05,0.05,0.111218,0.156887,0.0948634
0.00511825,0.00217461,0.00545099,0.220087,1.24018,0.588377,1.31756,1.84115,1.0009,0.05,0.05,0.05,0.111322,0.157011,0.0948682
0.00521186,0.00217586,0.00567719,0.220275,1.24168,0.589316,1.31985,1.84829,1.00103,0.05,0.05,0.05,0.111419,0.157136,0.094886
0.00532122,0.00217726,0.00589585,0.220454,1.24326,0.590244,1.32214,1.85561,1.00117,0.05,0.05,0.05,0.111502,0.157261,0.094926
0.00506923,0.00217791,0.00530212,0.220617,1.24458,0.591096,1.32441,1.86264,1.00132,0.05,0.05,0.05,0.11162,0.157386,0.0948878
0.00511344,0.00217796,0.00549723,0.220768,1.24564,0.59185,1.32666,1.86933,1.00147,0.05,0.05,0.05,0.111745,0.157509,0.0947724
0.00519873,0.00217707,0.00572139,0.220874,1.24704,0.591984,1.32882,1.87637,1,0.05,0.05,0.05,0.111789,0.157633,0.0946356
0.00531133,0.00217836,0.00593157,0.221061,1.24865,0.592921,1.33112,1.8839,1.00006,0.05,0.05,0.05,0.111851,0.157756,0.0946977
0.00506209,0.00217957,0.00531586,0.221241,1.25027,0.593888,1.33343,1.89135,1.00012,0.05,0.05,0.05,0.111941,0.157873,0.0947289
0.0051604,0.00218085,0.00554157,0.221405,1.25166,0.594783,1.33572,1.89879,1.0002,0.05,0.05,0.05,0.111924,0.157984,0.0948365
0.00527038,0.00218215,0.00576387,0.221586,1.25312,0.595662,1.33802,1.90633,1.00028,0.05,0.05,0.05,0.111912,0.1581,0.0949424
0.00538097,0.0021839,0.00597853,0.22177,1.25468,0.596597,1.34034,1.91388,1.00037,0.05,0.05,0.05,0.111971,0.158205,0.0950093
0.00512144,0.00218515,0.00535689,0.221957,1.25614,0.597534,1.34265,1.92122,1.00046,0.05,0.05,0.05,0.112071,0.158293,0.0950258
0.00519056,0.00218706,0.00556726,0.222135,1.25756,0.598495,1.34497,1.92857,1.00057,0.05,0.05,0.05,0.112159,0.158352,0.0950616
0.0052914,0.00218891,0.00579229,0.222324,1.25904,0.599471,1.3473,1.93607,1.00068,0.05,0.05,0.05,0.112199,0.158411,0.0951441
0.00540192,0.00218919,0.00597905,0.222478,1.2602,0.600239,1.34958,1.94346,1.0008,0.05,0.05,0.05,0.112087,0.158518,0.0952683
0.00513907,0.00218844,0.00531556,0.222612,1.26133,0.600925,1.35185,1.95087,1.00092,0.05,0.05,0.05,0.111938,0.158634,0.0953933
0.00522692,0.00218999,0.00553579,0.222792,1.26282,0.6018,1.35417,1.95855,1.00106,0.05,0.05,0.05,0.111934,0.158727,0.0954972
0.00530467,0.00219173,0.0057534,0.222963,1.26401,0.602706,1.3565,1.96564,1.0012,0.05,0.05,0.05,0.112046,0.158785,0.0954868
0.0054078,0.00219328,0.00597871,0.223138,1.26541,0.603642,1.35883,1.97301,1.00135,0.05,0.05,0.05,0.112152,0.158872,0.0954899
0.00515116,0.00219431,0.00535493,0.223325,1.26693,0.604586,1.36117,1.98068,1.0015,0.05,0.05,0.05,0.11222,0.158964,0.0955491
0.00520936,0.00219461,0.00555446,0.223447,1.26829,0.604757,1.36339,1.98807,1,0.05,0.05,0.05,0.112244,0.159013,0.0954874
0.00529438,0.00219655,0.00577549,0.223621,1.26956,0.605627,1.36573,1.99544,1.00006,0.05,0.05,0.05,0.112355,0.159059,0.09548
0.00537523,0.00219649,0.00600036,0.223768,1.27035,0.606244,1.368,2.00206,1.00013,0.05,0.05,0.05,0.112473,0.159124,0.0953029
0.00510172,0.00219486,0.00539061,0.223902,1.27128,0.606822,1.37026,2.00886,1.0002,0.05,0.05,0.0500354,0.112585,0.159209,0.0950952
0.00515913,0.00219563,0.00559214,0.224077,1.27269,0.607651,1.37259,2.01639,1.00028,0.05,0.05,0.0500526,0.112709,0.159303,0.0950235
0.00524944,0.00219639,0.00582167,0.224249,1.27406,0.608536,1.37493,2.02398,1.00037,0.05,0.05,0.05,0.112826,0.159425,0.0949898
0.00535651,0.0021974,0.00604778,0.224439,1.27549,0.609466,1.37729,2.03169,1.00047,0.05,0.05,0.05,0.112934,0.159547,0.0949854
0.00509752,0.00219788,0.00540484,0.224621,1.2769,0.610413,1.37966,2.0395,1.00058,0.05,0.05,0.05,0.113022,0.159669,0.09502
0.00517318,0.00219894,0.00562215,0.224815,1.27831,0.611357,1.38202,2.04726,1.00069,0.05,0.05,0.05,0.113123,0.159794,0.0950303
0.00527424,0.00220005,0.00585453,0.224992,1.27972,0.612333,1.3844,2.05505,1.00081,0.05,0.05,0.05,0.113211,0.159919,0.0950629
0.00538777,0.00220122,0.00606321,0.225179,1.28095,0.613275,1.38677,2.06284,1.00094,0.05,0.05,0.05,0.11322,0.160043,0.0951596
0.00512104,0.00220162,0.00539672,0.225348,1.28211,0.614184,1.38913,2.07059,1.00108,0.05,0.05,0.05,0.113195,0.16016,0.0952698
0.00521158,0.00220127,0.00561517,0.225528,1.28252,0.615036,1.39149,2.07759,1.00122,0.05,0.05,0.05,0.113131,0.160204,0.0953866
0.00531594,0.00220071,0.00582886,0.225684,1.28296,0.615777,1.39382,2.08474,1.00137,0.05,0.05,0.05,0.113009,0.16026,0.0955105
0.00541706,0.00220065,0.00602146,0.22586,1.28361,0.616661,1.39619,2.09199,1.00153,0.05,0.05,0.05,0.112966,0.16025,0.0956222
0.00515395,0.00219865,0.00536033,0.225945,1.28462,0.616685,1.39841,2.0997,1,0.05,0.05,0.05,0.112792,0.160318,0.0956726
0.00524867,0.00219974,0.00558474,0.226112,1.28587,0.617556,1.40079,2.1076,1.00006,0.05,0.05,0.05,0.112743,0.160443,0.0957883
0.00535912,0.00220085,0.00581306,0.226275,1.28715,0.618431,1.40316,2.11556,1.00013,0.05,0.05,0.05,0.112702,0.160568,0.0959019
0.00547132,0.00220243,0.00603575,0.226465,1.28855,0.619388,1.40556,2.12353,1.00021,0.05,0.05,0.05,0.112727,0.160693,0.0959915
0.005208,0.00220321,0.0053965,0.22665,1.28995,0.620342,1.40796,2.13155,1.00029,0.05,0.05,0.05,0.112744,0.160816,0.0960843
0.00529799,0.00220433,0.00561813,0.226838,1.29134,0.621282,1.41036,2.13958,1.00038,0.05,0.05,0.05,0.112743,0.160937,0.0961849
0.00540892,0.00220498,0.00584892,0.227004,1.29261,0.622175,1.41276,2.14757,1.00048,0.05,0.05,0.05,0.112705,0.161044,0.0962974
0.00552638,0.00220577,0.00606697,0.227168,1.29396,0.623102,1.41515,2.15562,1.00059,0.05,0.05,0.05,0.112677,0.161157,0.0964071
0.00525689,0.00220548,0.00539961,0.227317,1.29514,0.623862,1.41752,2.16362,1.00071,0.05,0.05,0.05,0.112557,0.161281,0.0965314
0.00534154,0.00220696,0.00561218,0.227494,1.29619,0.624757,1.41991,2.17131,1.00083,0.05,0.05,0.05,0.1125,0.161362,0.0966496
0.00545874,0.00220593,0.00583267,0.227591,1.29702,0.625247,1.42221,2.1791,1.00096,0.0500527,0.05,0.05,0.112246,0.161482,0.0967663
0.00557769,0.00220745,0.0060555,0.227771,1.29834,0.626143,1.42463,2.18718,1.0011,0.05,0.05,0.05,0.112244,0.161603,0.0968687
0.00528786,0.00220835,0.00542729,0.227929,1.29917,0.627015,1.42703,2.19432,1.00125,0.05,0.05,0.05,0.112365,0.161679,0.0968184
0.0053237,0.00220974,0.00560608,0.228104,1.30027,0.627968,1.42945,2.20178,1.0014,0.05,0.05,0.05,0.112483,0.161765,0.0967848
0.00543653,0.00221038,0.00583693,0.228265,1.30146,0.62883,1.43186,2.20989,1.00156,0.05,0.05,0.05,0.112435,0.161889,0.0968999
0.00554878,0.00221005,0.00606675,0.228369,1.30274,0.628975,1.43416,2.21792,1,0.05,0.05,0.05,0.112415,0.162013,0.0968845
0.00527136,0.0022101,0.00544027,0.228538,1.30386,0.629861,1.43658,2.22561,1.00006,0.05,0.05,0.0500603,0.112534,0.162137,0.0968395
0.00531107,0.00221073,0.00562865,0.228701,1.30501,0.630714,1.43899,2.23331,1.00013,0.05,0.05,0.050151,0.112657,0.162262,0.0967676
0.0053934,0.00221217,0.00585573,0.228879,1.30625,0.631627,1.44143,2.24117,1.00021,0.05,0.05,0.0501253,0.112775,0.16237,0.0967326
0.00550181,0.00221387,0.0060888,0.22907,1.30756,0.632591,1.44387,2.24924,1.0003,0.05,0.05,0.050004,0.112879,0.162477,0.0967393
0.00523663,0.00221463,0.00544558,0.229257,1.30891,0.633586,1.44633,2.25743,1.00039,0.05,0.05,0.05,0.112968,0.162595,0.0967717
0.00532852,0.00221643,0.00566922,0.229436,1.31015,0.634575,1.44878,2.26566,1.00049,0.05,0.05,0.05,0.113005,0.162699,0.0968555
0.0054421,0.00221766,0.00590587,0.229626,1.31136,0.635535,1.45124,2.27391,1.0006,0.05,0.05,0.05,0.113013,0.162823,0.0969533
0.00556136,0.00221888,0.0061261,0.229815,1.31253,0.636466,1.45369,2.28218,1.00072,0.05,0.05,0.05,0.113005,0.162946,0.0970576
0.00528903,0.00221929,0.00546597,0.229994,1.31379,0.637445,1.45616,2.29048,1.00085,0.05,0.05,0.05,0.113033,0.163071,0.0971452
0.00538039,0.00222067,0.00569267,0.230165,1.31496,0.638378,1.45863,2.29878,1.00098,0.05,0.05,0.05,0.113056,0.163196,0.0972357
0.00545772,0.00222112,0.00591845,0.23035,1.31618,0.639272,1.46107,2.30665,1.00112,0.05,0.05,0.0500479,0.113178,0.163319,0.0971663
0.00556996,0.00222233,0.00615467,0.230541,1.31741,0.640227,1.46355,2.31486,1.00127,0.05,0.05,0.05,0.113273,0.163439,0.0971876
0.00528348,0.00222157,0.0055104,0.230692,1.31847,0.640977,1.46597,2.3227,1.00143,0.05,0.05,0.05,0.113398,0.163554,0.0970687
0.00528368,0.00221913,0.00566455,0.230797,1.31925,0.641411,1.4683,2.32997,1.00159,0.05,0.05,0.05,0.113493,0.163656,0.0967791
0.00535616,0.00221686,0.00588694,0.230876,1.3204,0.641313,1.47056,2.33785,1,0.05,0.05,0.05,0.113528,0.163757,0.0965528
0.00546067,0.00221731,0.00611947,0.231056,1.32151,0.642255,1.47303,2.34597,1.00006,0.05,0.05,0.05,0.113642,0.163813,0.0965241
0.00519583,0.00221756,0.00546856,0.231236,1.32269,0.64325,1.47552,2.35426,1.00014,0.05,0.05,0.05,0.113745,0.163878,0.0965251
0.00529775,0.00221901,0.00570124,0.231427,1.32372,0.644216,1.47801,2.36264,1.00021,0.05,0.05,0.05,0.113767,0.163998,0.0966154
0.00540195,0.00222024,0.00594389,0.231615,1.32488,0.645199,1.48051,2.37105,1.0003,0.05,0.05,0.05,0.113848,0.164093,0.0966545
0.00551235,0.00222109,0.00618392,0.231802,1.32612,0.646128,1.483,2.37939,1.0004,0.05,0.05,0.05,0.113963,0.164189,0.0966254
0.00523823,0.00222108,0.00552979,0.231968,1.32739,0.647014,1.48547,2.38769,1.0005,0.05,0.05,0.050087,0.114086,0.164286,0.0965512
0.00532496,0.00222257,0.00575162,0.232157,1.32861,0.648022,1.48798,2.39617,1.00061,0.05,0.05,0.05,0.114172,0.164408,0.0965856
0.00542413,0.00222322,0.00597951,0.232346,1.32941,0.64903,1.49049,2.40426,1.00073,0.05,0.05,0.05,0.114234,0.164371,0.0966438
0.00553696,0.00222414,0.00620497,0.232537,1.33038,0.650021,1.49301,2.41257,1.00086,0.05,0.05,0.05,0.114295,0.164369,0.0967025
0.00526295,0.00222487,0.00554136,0.232726,1.33164,0.651014,1.49552,2.42101,1.001,0.05,0.05,0.0500227,0.114399,0.164443,0.0967035
0.00534205,0.00222662,0.00576788,0.232922,1.33271,0.651992,1.49805,2.42946,1.00114,0.05,0.05,0.05,0.114475,0.164568,0.0967516
0.00540783,0.00222785,0.00598322,0.233081,1.33353,0.652859,1.50053,2.43727,1.0013,0.05,0.05,0.05,0.1146,0.164641,0.0966657
0.00552817,0.00222942,0.00621556,0.233274,1.33465,0.65387,1.50306,2.44583,1.00146,0.05,0.05,0.05,0.114658,0.164766,0.0967325
0.00524985,0.00223081,0.00553666,0.233462,1.33568,0.654887,1.5056,2.45429,1.00163,0.05,0.05,0.05,0.114719,0.164871,0.0967973
0.00533935,0.0022302,0.00576883,0.233571,1.33675,0.655012,1.50797,2.46286,1,0.05,0.05,0.05,0.11468,0.164984,0.0967898
0.00545037,0.00223146,0.00601316,0.233762,1.33785,0.656007,1.51051,2.47147,1.00006,0.05,0.05,0.05,0.114736,0.1651,0.0968568
0.00556502,0.00223245,0.00625673,0.23395,1.33909,0.657033,1.51305,2.48003,1.00014,0.05,0.05,0.05,0.114835,0.165212,0.0968692
0.00528585,0.00223289,0.00555448,0.234125,1.34007,0.658021,1.51558,2.48862,1.00022,0.0500088,0.05,0.05,0.11481,0.165334,0.0969782
0.00540728,0.00223107,0.00579358,0.234208,1.33995,0.658339,1.51795,2.49652,1.00031,0.0500239,0.05,0.05,0.114482,0.165448,0.0970832
0.00550961,0.00223321,0.00602739,0.234387,1.34075,0.659307,1.52049,2.5049,1.00041,0.05,0.05,0.05,0.114498,0.165498,0.0971789
0.00561414,0.0022357,0.00625726,0.234577,1.34166,0.660279,1.52305,2.5132,1.00051,0.05,0.05,0.05,0.114586,0.165511,0.0972152
0.00530223,0.00223657,0.00557265,0.234745,1.34227,0.661046,1.52554,2.52086,1.00063,0.05,0.05,0.05,0.114711,0.165401,0.0971011
0.00529389,0.00223715,0.00571636,0.234878,1.34284,0.661659,1.528,2.5284,1.00075,0.05,0.05,0.05,0.114824,0.165246,0.0969073
0.0053436,0.00223998,0.00591257,0.235063,1.34328,0.662574,1.53053,2.53605,1.00088,0.05,0.05,0.05,0.114947,0.164894,0.0968522
0.00545375,0.00224265,0.00614015,0.235263,1.34424,0.663597,1.5331,2.54463,1.00102,0.05,0.05,0.05,0.115015,0.164784,0.0969163
0.00518819,0.00224358,0.00548309,0.235449,1.34528,0.664628,1.53567,2.55331,1.00117,0.05,0.05,0.05,0.115085,0.164726,0.096978
0.00527587,0.00224424,0.00570942,0.235647,1.34616,0.665641,1.53825,2.56192,1.00132,0.05,0.05,0.05,0.11513,0.164846,0.0970554
0.00538156,0.00224494,0.00594741,0.23584,1.34712,0.666676,1.54083,2.57058,1.00149,0.05,0.05,0.05,0.11519,0.164971,0.0971206
0.00550137,0.00224579,0.00617511,0.236028,1.34808,0.667684,1.5434,2.57933,1.00166,0.05,0.05,0.05,0.11521,0.165094,0.0972125
0.00523577,0.00224444,0.00550118,0.236125,1.34905,0.667702,1.5458,2.58816,1,0.05,0.05,0.05,0.115117,0.165191,0.0972359
0.00527547,0.00224533,0.00569485,0.23629,1.3502,0.668597,1.54835,2.59669,1.00007,0.05,0.05,0.0500776,0.11524,0.165285,0.0971654
0.00535641,0.0022486,0.00591486,0.236494,1.351,0.669645,1.55094,2.60506,1.00014,0.05,0.05,0.05,0.115328,0.165146,0.0972092
0.00547071,0.00225091,0.00613672,0.236679,1.35188,0.670627,1.55352,2.61383,1.00022,0.05,0.05,0.05,0.115324,0.16513,0.0973153
0.00521082,0.00225099,0.00546855,0.236866,1.35284,0.671563,1.5561,2.62271,1.00031,0.05,0.05,0.05,0.115301,0.165191,0.0974262
0.00529103,0.00225334,0.00569117,0.237054,1.35391,0.672568,1.5587,2.63157,1.00041,0.05,0.05,0.05,0.115356,0.165217,0.0975006
0.00537509,0.00225604,0.00592321,0.237257,1.35497,0.673542,1.5613,2.64021,1.00052,0.05,0.05,0.05,0.115464,0.165167,0.0975043
0.005468,0.00225891,0.00615288,0.237435,1.35588,0.674433,1.56388,2.64864,1.00064,0.05,0.05,0.05,0.115587,0.165022,0.0974566
0.00518821,0.00225875,0.00550704,0.237589,1.35687,0.675275,1.56643,2.65708,1.00076,0.05,0.05,0.05,0.115711,0.164895,0.0973529
0.00528938,0.00225997,0.00574361,0.237765,1.35776,0.67628,1.56904,2.666,1.0009,0.05,0.05,0.05,0.115721,0.164979,0.0974517
0.0054037,0.00226098,0.00598832,0.237936,1.35854,0.677244,1.57164,2.6749,1.00104,0.05,0.05,0.05,0.115715,0.165085,0.0975559
0.00551591,0.00226192,0.00622682,0.238115,1.35947,0.678258,1.57426,2.68378,1.00119,0.05,0.05,0.05,0.115792,0.165207,0.0976023
0.00523477,0.00225985,0.00555002,0.238311,1.3603,0.679263,1.57687,2.69239,1.00135,0.05,0.05,0.05,0.115902,0.165313,0.0975863
0.00532176,0.00226154,0.00577946,0.238518,1.36136,0.680291,1.5795,2.70141,1.00152,0.05,0.05,0.05,0.115969,0.165432,0.0976459
0.00542637,0.00226315,0.00602378,0.238717,1.36254,0.681359,1.58214,2.71042,1.00169,0.05,0.05,0.05,0.116059,0.165548,0.0976777
0.00554621,0.00226226,0.00624922,0.238801,1.36338,0.681352,1.58456,2.71944,1,0.05,0.05,0.05,0.115923,0.16567,0.0977101
0.00526615,0.00226049,0.00554038,0.238993,1.36405,0.682268,1.58716,2.7283,1.00007,0.05,0.05,0.05,0.115867,0.165768,0.0978257
0.00537111,0.00226169,0.00577965,0.239174,1.36492,0.683138,1.58977,2.73738,1.00014,0.05,0.05,0.05,0.115806,0.165891,0.0979437
0.0054657,0.00226313,0.00602382,0.239377,1.36609,0.684174,1.59241,2.74638,1.00023,0.05,0.05,0.0500583,0.115901,0.166016,0.097964
0.00558479,0.00226508,0.00626813,0.239572,1.36723,0.685227,1.59506,2.75548,1.00032,0.05,0.05,0.05,0.115966,0.166135,0.0980251
0.00530726,0.00226511,0.00558252,0.239755,1.3683,0.68626,1.59771,2.76463,1.00042,0.05,0.05,0.05,0.116,0.166259,0.0981092
0.00539277,0.00226577,0.0058065,0.239952,1.3693,0.687319,1.60037,2.77367,1.00053,0.05,0.05,0.05,0.116038,0.16636,0.0981878
0.00550246,0.00226588,0.00604787,0.240118,1.36993,0.688217,1.603,2.78264,1.00065,0.05,0.05,0.05,0.115989,0.166423,0.098301
0.00559406,0.00226559,0.00627667,0.240304,1.37064,0.68917,1.60563,2.79126,1.00078,0.05,0.05,0.05,0.116105,0.166404,0.0982601
0.00528552,0.00226319,0.00559222,0.240445,1.37122,0.689943,1.60822,2.79971,1.00092,0.05,0.05,0.05,0.116229,0.166325,0.0981143
0.00530453,0.00226196,0.00575769,0.240592,1.37198,0.690744,1.6108,2.8083,1.00106,0.05,0.05,0.05,0.116353,0.166249,0.0979611
0.00533949,0.00226106,0.00593255,0.240784,1.3716,0.691803,1.61346,2.81617,1.00121,0.05,0.05,0.05,0.116445,0.165577,0.0979655
0.00544687,0.00226122,0.00614377,0.240958,1.37217,0.692814,1.61612,2.82512,1.00138,0.05,0.05,0.05,0.116435,0.165333,0.0980631
0.00518299,0.0022618,0.00546182,0.241133,1.37287,0.693682,1.61876,2.83428,1.00155,0.05,0.05,0.05,0.116357,0.165442,0.0981825
0.00525486,0.00226424,0.00566713,0.241327,1.37353,0.694714,1.62143,2.84322,1.00173,0.05,0.05,0.05,0.116384,0.16555,0.0982721
0.00536275,0.00226396,0.00590993,0.241417,1.37456,0.694772,1.62391,2.85249,1,0.05,0.05,0.05,0.11631,0.16567,0.0982761
0.00548486,0.00226483,0.00613511,0.241587,1.37546,0.695695,1.62656,2.86181,1.00007,0.05,0.05,0.05,0.116249,0.165785,0.098393
0.00522091,0.00226557,0.00546656,0.241775,1.37632,0.696606,1.62922,2.87108,1.00015,0.05,0.05,0.05,0.116196,0.165907,0.0985097
0.00530527,0.00226731,0.00569313,0.241964,1.37734,0.69764,1.63191,2.88039,1.00023,0.05,0.05,0.05,0.116214,0.16603,0.0986029
0.0054154,0.00226907,0.00593641,0.242141,1.37828,0.698621,1.6346,2.88971,1.00033,0.05,0.05,0.05,0.1162,0.166145,0.0987095
0.0055314,0.00227095,0.00617638,0.242333,1.37934,0.699692,1.6373,2.89904,1.00043,0.05,0.05,0.05,0.116245,0.166261,0.0987877
0.00526333,0.00227083,0.00550057,0.242506,1.3803,0.700646,1.63997,2.90845,1.00054,0.05,0.05,0.05,0.116199,0.166386,0.0989023
0.00536292,0.00227119,0.00573478,0.242686,1.38113,0.701544,1.64265,2.91781,1.00066,0.05,0.05,0.05,0.11614,0.166481,0.0990189
0.00545724,0.00227178,0.00596697,0.242895,1.38202,0.702585,1.64536,2.92702,1.00079,0.05,0.05,0.05,0.116202,0.166512,0.0990764
0.00555003,0.00227195,0.00619113,0.243083,1.38273,0.703588,1.64807,2.93603,1.00093,0.05,0.05,0.05,0.116305,0.166449,0.0990732
0.00525425,0.00227073,0.00552808,0.243255,1.3834,0.704434,1.65072,2.94492,1.00108,0.05,0.05,0.05,0.11643,0.166346,0.0989595
0.00526819,0.00226959,0.00568653,0.243405,1.38412,0.705179,1.65334,2.95381,1.00124,0.05,0.05,0.05,0.116552,0.166244,0.0987909
0.0052182,0.00226753,0.00577792,0.243546,1.38268,0.705953,1.65594,2.96107,1.0014,0.05,0.05,0.05,0.116674,0.164981,0.0986066
0.00524794,0.00226788,0.00592197,0.243727,1.38211,0.706964,1.65864,2.96922,1.00158,0.05,0.05,0.05,0.116782,0.163819,0.0985825
0.00498833,0.0022686,0.00529886,0.243899,1.38252,0.707985,1.66135,2.97813,1.00176,0.05,0.05,0.05,0.116894,0.163073,0.0985516
0.00507467,0.00226787,0.00551763,0.244003,1.38343,0.708054,1.66387,2.98758,1,0.05,0.05,0.05,0.116845,0.16308,0.0985338
0.0051798,0.00226742,0.00572682,0.244156,1.38376,0.708771,1.66652,2.99685,1.00007,0.05,0.05,0.05,0.11668,0.16266,0.0986588
0.00529104,0.0022673,0.0059262,0.244326,1.38438,0.709553,1.6692,3.00633,1.00015,0.05,0.05,0.05,0.116548,0.162689,0.0987833
0.00504087,0.00226741,0.00528183,0.244476,1.38487,0.710403,1.67188,3.01571,1.00024,0.05,0.05,0.05,0.116433,0.162809,0.0989074
0.00514524,0.00226639,0.0055019,0.244596,1.38528,0.710963,1.67449,3.02513,1.00033,0.05,0.05,0.05,0.116204,0.162934,0.0990278
0.00524598,0.00226745,0.00572613,0.244778,1.38607,0.711975,1.67722,3.03462,1.00044,0.05,0.05,0.05,0.11618,0.163058,0.0991373
0.00536364,0.00226673,0.00592296,0.244903,1.38677,0.712563,1.67986,3.04424,1.00055,0.05,0.05,0.05,0.115976,0.163179,0.0992601
0.00507867,0.00226875,0.0052838,0.245094,1.38674,0.713607,1.68261,3.05306,1.00068,0.05,0.05,0.05,0.11607,0.163075,0.0992869
0.00510882,0.00227107,0.00544588,0.245291,1.38702,0.71464,1.68536,3.06213,1.00081,0.05,0.05,0.05,0.116156,0.162958,0.0993272
0.00516308,0.0022726,0.00565001,0.245462,1.3876,0.715555,1.68809,3.07135,1.00095,0.05,0.05,0.05,0.116278,0.162915,0.0992725
0.00523006,0.00227446,0.00584594,0.24563,1.38793,0.716432,1.69082,3.08041,1.0011,0.05,0.05,0.05,0.116402,0.162698,0.0991972
0.0049856,0.00227553,0.00525658,0.245803,1.38857,0.717354,1.69355,3.08971,1.00126,0.05,0.05,0.05,0.116526,0.162551,0.0991312
0.00505727,0.00227758,0.00545804,0.245994,1.38946,0.718403,1.69633,3.09933,1.00143,0.05,0.05,0.05,0.116608,0.162506,0.0991756
0.00514804,0.00227847,0.00568384,0.246191,1.39045,0.71947,1.69911,3.10901,1.00161,0.05,0.05,0.05,0.116705,0.162618,0.0991957
0.00526057,0.00227946,0.00589801,0.246384,1.39139,0.720506,1.70188,3.1188,1.00179,0.05,0.05,0.05,0.116719,0.162729,0.0992909
0.00502789,0.00227818,0.00528347,0.246481,1.39232,0.720435,1.70442,3.1286,1,0.05,0.05,0.05,0.116615,0.162807,0.0993057
0.00511007,0.00227961,0.00549787,0.24669,1.39335,0.721532,1.70721,3.1384,1.00007,0.05,0.05,0.05,0.116654,0.162888,0.0993882
0.00522455,0.00227897,0.00571712,0.246839,1.39407,0.72221,1.7099,3.14823,1.00015,0.05,0.05,0.05,0.116476,0.163006,0.0995123
0.00533841,0.00227988,0.00592925,0.247015,1.395,0.723149,1.71266,3.15809,1.00024,0.05,0.05,0.05,0.116421,0.163102,0.0996297
0.00509972,0.0022802,0.00530602,0.24718,1.39593,0.724089,1.71542,3.16797,1.00034,0.05,0.05,0.05,0.116372,0.1632,0.0997462
0.00517236,0.00228201,0.00551166,0.247382,1.3969,0.725187,1.71822,3.17778,1.00045,0.05,0.05,0.05,0.116404,0.163241,0.0998341
0.00528675,0.00228141,0.00573518,0.247508,1.39764,0.7258,1.72091,3.18769,1.00056,0.05,0.05,0.05,0.116206,0.163351,0.0999568
0.00539629,0.0022828,0.00596205,0.247705,1.39864,0.726871,1.72372,3.19755,1.00069,0.05,0.05,0.05,0.11627,0.163466,0.100019
0.00514882,0.00228372,0.00535167,0.247906,1.39963,0.727939,1.72654,3.20743,1.00082,0.05,0.05,0.05,0.11634,0.163569,0.100075
0.00521219,0.00228533,0.00555279,0.248098,1.40063,0.729025,1.72935,3.21731,1.00097,0.05,0.05,0.05,0.116421,0.163666,0.100121
0.00531288,0.00228649,0.00578617,0.248295,1.40164,0.730108,1.73217,3.22727,1.00112,0.05,0.05,0.05,0.116455,0.163789,0.100205
0.00543248,0.00228713,0.005997,0.248465,1.40255,0.731014,1.73495,3.23727,1.00128,0.05,0.05,0.05,0.116384,0.163908,0.100326
0.0051741,0.00228868,0.00536083,0.248649,1.40338,0.732052,1.73777,3.24717,1.00146,0.05,0.05,0.05,0.116399,0.163909,0.100423
0.00523599,0.00229112,0.00556318,0.248832,1.40425,0.73312,1.74061,3.25708,1.00164,0.05,0.05,0.05,0.11646,0.163904,0.100492
0.00530216,0.00229455,0.0057606,0.249045,1.40481,0.734193,1.74344,3.2668,1.00183,0.05,0.05,0.05,0.116545,0.163666,0.100538
0.00538986,0.00229594,0.00596983,0.249139,1.40547,0.734126,1.74603,3.2766,1,0.05,0.05,0.05,0.116531,0.163436,0.100486
0.00511932,0.0022976,0.00534476,0.249319,1.40604,0.735087,1.74884,3.28633,1.00007,0.05,0.05,0.05,0.116652,0.163123,0.100448
0.00516904,0.0023004,0.00553379,0.249502,1.40686,0.736161,1.75168,3.29622,1.00015,0.05,0.05,0.05,0.116758,0.162908,0.100462
0.00527451,0.00230269,0.00575657,0.249682,1.40766,0.737162,1.75449,3.30623,1.00025,0.05,0.05,0.05,0.116728,0.162755,0.100578
0.00538587,0.00230386,0.0059564,0.249839,1.40837,0.737954,1.75726,3.3163,1.00035,0.05,0.05,0.05,0.11661,0.162682,0.100702
0.00513862,0.00230345,0.00533886,0.250042,1.40932,0.739023,1.76012,3.32641,1.00046,0.05,0.05,0.05,0.116644,0.162728,0.100791
0.00522463,0.00230386,0.00555637,0.25023,1.41019,0.74008,1.76296,3.33654,1.00057,0.05,0.05,0.05,0.116643,0.162838,0.100894
0.00534081,0.00230363,0.00578114,0.250366,1.41092,0.740823,1.76572,3.3467,1.0007,0.05,0.05,0.05,0.11648,0.162921,0.101018
0.0054552,0.00230354,0.00598377,0.250513,1.41168,0.741568,1.76849,3.35689,1.00084,0.05,0.05,0.05,0.116328,0.163014,0.101143
0.00519666,0.00230165,0.00534178,0.250687,1.41246,0.742499,1.77131,3.36706,1.00099,0.05,0.05,0.05,0.116258,0.163138,0.101263
0.00529395,0.00230144,0.00556276,0.250845,1.41325,0.743342,1.77412,3.37727,1.00114,0.05,0.05,0.05,0.116149,0.163263,0.101387
0.00539942,0.00230177,0.00578957,0.251027,1.41411,0.74432,1.77697,3.38749,1.00131,0.05,0.05,0.05,0.116113,0.163383,0.101499
0.00551107,0.00230244,0.00601331,0.251221,1.41504,0.745375,1.77984,3.39772,1.00148,0.05,0.05,0.05,0.116118,0.163502,0.101597
0.00524902,0.00230123,0.00536776,0.251393,1.41588,0.746314,1.78268,3.40798,1.00167,0.05,0.05,0.05,0.116054,0.163607,0.101715
0.00533921,0.00230188,0.00558985,0.251583,1.41682,0.747298,1.78554,3.41827,1.00186,0.05,0.05,0.05,0.11601,0.163726,0.101829
0.00545414,0.00230055,0.0058214,0.251619,1.41769,0.746983,1.78809,3.42859,1,0.05,0.05,0.05,0.115793,0.163848,0.101859
0.00557299,0.00230202,0.00604725,0.251819,1.4187,0.748039,1.79098,3.43891,1.00007,0.05,0.05,0.05,0.115804,0.163973,0.101956
0.00531008,0.00230227,0.00540728,0.252016,1.41974,0.749107,1.79386,3.44926,1.00016,0.05,0.05,0.05,0.115802,0.164096,0.102059
0.00541543,0.00230289,0.00563417,0.25217,1.42055,0.749833,1.79666,3.45962,1.00025,0.05,0.05,0.05,0.115648,0.164203,0.102184
0.0055194,0.00230507,0.00586406,0.252366,1.42152,0.750876,1.79955,3.46998,1.00035,0.05,0.05,0.05,0.115663,0.164299,0.10228
0.00562975,0.00230731,0.00609701,0.252554,1.42253,0.751975,1.80246,3.48034,1.00046,0.05,0.05,0.05,0.115731,0.164394,0.10234
0.00535656,0.00230764,0.00545293,0.252751,1.42356,0.753069,1.80537,3.49074,1.00058,0.05,0.05,0.05,0.115777,0.16451,0.102418
0.005442,0.00230861,0.00566708,0.252949,1.42454,0.754128,1.80828,3.50117,1.00071,0.05,0.05,0.05,0.115791,0.164634,0.102513
0.00554226,0.00230924,0.00589764,0.253147,1.42544,0.755193,1.8112,3.51158,1.00085,0.05,0.05,0.05,0.115822,0.164735,0.102596
0.00565204,0.00230982,0.00612829,0.253332,1.4264,0.756323,1.81412,3.52199,1.001,0.05,0.05,0.05,0.115898,0.164828,0.102639
0.00537767,0.0023094,0.0054554,0.253496,1.42728,0.757217,1.817,3.53248,1.00116,0.0500008,0.05,0.05,0.115823,0.164951,0.10276
0.00542896,0.00231192,0.0056452,0.253687,1.42822,0.758319,1.81993,3.54292,1.00133,0.05,0.05,0.05,0.115914,0.16503,0.102793
0.00552179,0.00231489,0.00587016,0.253885,1.42909,0.759429,1.82286,3.55338,1.00151,0.05,0.05,0.05,0.115963,0.165064,0.102872
0.00563633,0.00231741,0.00609306,0.254078,1.43,0.760477,1.82578,3.56388,1.0017,0.05,0.05,0.05,0.115964,0.165116,0.102977
0.00536753,0.00231756,0.00544383,0.254265,1.431,0.761541,1.82871,3.57443,1.0019,0.05,0.05,0.05,0.115977,0.165225,0.103074
0.00544983,0.00231732,0.00565715,0.254348,1.43204,0.761438,1.83137,3.58499,1,0.05,0.05,0.05,0.115903,0.165326,0.103063
0.00555782,0.00231904,0.00589678,0.254549,1.43307,0.762516,1.83431,3.59558,1.00008,0.05,0.05,0.05,0.115931,0.165439,0.103153
0.0056797,0.00232109,0.00612998,0.254738,1.43409,0.763595,1.83726,3.60617,1.00016,0.05,0.05,0.05,0.115978,0.165545,0.10323
0.00539947,0.00232148,0.00548832,0.254935,1.43513,0.764652,1.84021,3.61675,1.00025,0.05,0.05,0.0500581,0.116085,0.165636,0.103234
0.00544837,0.00232317,0.00567866,0.255101,1.43615,0.765678,1.84315,3.62735,1.00036,0.05,0.05,0.0501374,0.1162,0.16573,0.103211
0.00553973,0.00232574,0.00591137,0.255305,1.43718,0.766796,1.8461,3.63796,1.00047,0.05,0.05,0.05,0.116297,0.165773,0.103236
0.00565848,0.00232847,0.00613429,0.255488,1.43805,0.76784,1.84905,3.6486,1.0006,0.05,0.05,0.05,0.116298,0.165795,0.103341
0.00538535,0.00232854,0.00548211,0.255676,1.43911,0.768968,1.85203,3.65928,1.00073,0.05,0.05,0.05,0.116358,0.165875,0.10341
0.00548312,0.00232985,0.00571101,0.255879,1.44007,0.770025,1.85498,3.66999,1.00087,0.05,0.05,0.05,0.116353,0.165989,0.103514
0.00560272,0.00233134,0.00595302,0.256057,1.44102,0.771076,1.85793,3.68072,1.00102,0.05,0.05,0.05,0.116327,0.166087,0.103627
0.00572475,0.0023316,0.00616674,0.256206,1.44173,0.771876,1.86081,3.69147,1.00119,0.0501098,0.05,0.05,0.116185,0.166198,0.103751
0.00543042,0.00232881,0.00547512,0.25638,1.44232,0.772777,1.86374,3.7022,1.00136,0.05,0.05,0.05,0.116097,0.166287,0.103873
0.0054967,0.00232837,0.00567353,0.256598,1.44287,0.773822,1.86672,3.7129,1.00154,0.05,0.05,0.05,0.116113,0.166296,0.10396
0.00554593,0.00232702,0.00586423,0.256786,1.44319,0.774866,1.86968,3.72351,1.00173,0.05,0.05,0.05,0.116223,0.16615,0.103927
0.00563777,0.00232674,0.00608371,0.256983,1.44386,0.775906,1.87265,3.73421,1.00193,0.05,0.05,0.05,0.116329,0.166074,0.103909
0.00534207,0.00232232,0.00543881,0.257027,1.44444,0.775559,1.87527,3.74488,1,0.05,0.05,0.05,0.116341,0.165922,0.10369
0.00538414,0.00232202,0.00562164,0.257212,1.44537,0.776538,1.87821,3.75564,1.00008,0.05,0.05,0.05,0.116462,0.165875,0.103609
0.00548598,0.00232314,0.00585678,0.257412,1.44644,0.777644,1.88121,3.76647,1.00016,0.05,0.05,0.05,0.116555,0.165926,0.103626
0.00560822,0.00232437,0.00608886,0.257607,1.44747,0.778767,1.88422,3.77733,1.00026,0.05,0.05,0.05,0.116617,0.165977,0.103682
0.00534431,0.00232529,0.00544291,0.257806,1.4485,0.779886,1.88724,3.78823,1.00037,0.05,0.05,0.05,0.116661,0.166082,0.103757
0.00543497,0.00232709,0.00566736,0.257992,1.44948,0.781008,1.89025,3.79916,1.00048,0.05,0.05,0.05,0.116689,0.166205,0.103844
0.00555208,0.00232882,0.00590338,0.258175,1.45027,0.782013,1.89323,3.81011,1.00061,0.05,0.05,0.05,0.116651,0.166328,0.103959
0.00567529,0.00233086,0.00613025,0.258374,1.45121,0.783083,1.89625,3.82107,1.00074,0.05,0.05,0.05,0.11666,0.166449,0.104057
0.00540168,0.00233222,0.00547487,0.258587,1.45221,0.784202,1.89928,3.83204,1.00089,0.05,0.05,0.05,0.116713,0.166558,0.10413
0.0054722,0.00233479,0.00567952,0.258793,1.45312,0.785375,1.90231,3.84301,1.00104,0.05,0.05,0.05,0.116772,0.166617,0.1042
0.00559325,0.00233541,0.00591604,0.258926,1.45373,0.786142,1.90523,3.85402,1.00121,0.0500353,0.05,0.05,0.116617,0.166718,0.104324
0.00571864,0.00233678,0.00615028,0.259119,1.45478,0.787234,1.90826,3.86506,1.00138,0.05,0.05,0.05,0.116629,0.166842,0.104421
0.00544489,0.00233678,0.00549089,0.259315,1.45588,0.788354,1.9113,3.87611,1.00157,0.05,0.05,0.05,0.116651,0.166967,0.104512
0.00554334,0.00233859,0.00571326,0.259499,1.45684,0.789374,1.91431,3.88718,1.00176,0.05,0.05,0.05,0.116617,0.167063,0.104627
0.00565423,0.0023401,0.00595642,0.259697,1.45792,0.79046,1.91736,3.89827,1.00197,0.05,0.05,0.05,0.116644,0.167187,0.104716
0.00576682,0.00233939,0.00620201,0.259757,1.45904,0.790233,1.92007,3.90936,1,0.05,0.05,0.0501232,0.116633,0.16731,0.104616
0.00547187,0.00233861,0.0055508,0.259943,1.46013,0.791135,1.92306,3.92048,1.00008,0.05,0.05,0.0500812,0.116758,0.167434,0.104514
0.00550794,0.00233902,0.00572492,0.260103,1.46122,0.792054,1.92605,3.93161,1.00017,0.05,0.05,0.0500751,0.116883,0.167558,0.104416
0.00558174,0.00233851,0.00593949,0.260291,1.46188,0.793161,1.9291,3.9427,1.00026,0.05,0.05,0.05,0.116986,0.167545,0.104409
0.00570211,0.00233913,0.00616942,0.2605,1.46284,0.79428,1.93216,3.95386,1.00037,0.05,0.05,0.05,0.11702,0.167612,0.10449
0.00542789,0.00233932,0.00550195,0.260715,1.46387,0.795357,1.93522,3.96505,1.00049,0.05,0.05,0.05,0.117032,0.167718,0.104584
0.00550884,0.00234114,0.00572129,0.260917,1.46499,0.796474,1.9383,3.97627,1.00062,0.05,0.05,0.05,0.117091,0.167843,0.104649
0.0056056,0.00234368,0.00595664,0.261127,1.466,0.797575,1.94138,3.98749,1.00076,0.05,0.05,0.05,0.117178,0.167935,0.104687
0.00570966,0.00234606,0.00619347,0.261321,1.46699,0.798613,1.94443,3.99872,1.0009,0.05,0.05,0.05,0.117294,0.167994,0.104661
0.00542505,0.00234717,0.00553649,0.261526,1.46805,0.799649,1.9475,4.00997,1.00106,0.05,0.05,0.05,0.117406,0.168061,0.104649
0.00545921,0.00234807,0.00571294,0.26169,1.4691,0.800454,1.9505,4.02124,1.00123,0.05,0.05,0.05,0.11753,0.168143,0.10453
0.00549128,0.00234561,0.00590993,0.261759,1.46992,0.80069,1.9533,4.03252,1.00141,0.05,0.05,0.05,0.117604,0.168233,0.104179
0.00559554,0.00234738,0.00615133,0.261935,1.47101,0.801641,1.95634,4.04382,1.00159,0.05,0.05,0.05,0.117729,0.168264,0.104099
0.00533264,0.00234796,0.00549302,0.262154,1.47211,0.802782,1.95944,4.05515,1.00179,0.05,0.05,0.05,0.117804,0.168344,0.104153
0.00543076,0.00234996,0.00572489,0.262358,1.47311,0.80393,1.96254,4.0665,1.002,0.05,0.05,0.05,0.117838,0.168415,0.104241
0.00555604,0.00234853,0.00596608,0.262391,1.4737,0.803517,1.96522,4.07788,1,0.0500798,0.05,0.05,0.117618,0.168498,0.10426
0.00567553,0.002348,0.00616642,0.262524,1.47405,0.804159,1.96817,4.08928,1.00008,0.0502038,0.05,0.05,0.117407,0.168601,0.104381
0.00539477,0.00234555,0.00546749,0.262662,1.47457,0.804833,1.97114,4.1007,1.00017,0.0502828,0.05,0.05,0.117212,0.168724,0.104503
0.0054969,0.00234507,0.00569715,0.262834,1.47537,0.805795,1.97419,4.11214,1.00027,0.0501358,0.05,0.05,0.117121,0.168838,0.104626
0.00562544,0.00234279,0.00592882,0.262912,1.47568,0.806163,1.97706,4.1236,1.00038,0.0502433,0.05,0.05,0.116802,0.168963,0.10473
0.005751,0.00234205,0.00614313,0.263037,1.47637,0.806785,1.98002,4.13508,1.0005,0.0503297,0.05,0.05,0.11658,0.169086,0.10485
0.00547053,0.00233921,0.00546045,0.263151,1.47714,0.807499,1.983,4.14657,1.00063,0.0503194,0.05,0.05,0.116377,0.169194,0.104973
0.00558963,0.0023373,0.00570389,0.263246,1.47776,0.807945,1.9859,4.15809,1.00077,0.0504326,0.05,0.05,0.116081,0.169316,0.105082
0.00572063,0.00233464,0.00593493,0.2633,1.47813,0.808073,1.98871,4.16962,1.00091,0.0505526,0.05,0.05,0.115687,0.16944,0.105167
0.00584988,0.00233444,0.00615666,0.263431,1.47903,0.808735,1.99169,4.18118,1.00107,0.0505785,0.05,0.05,0.115486,0.169562,0.105289
0.00556837,0.00233267,0.0054838,0.263582,1.4801,0.809553,1.99472,4.19274,1.00124,0.0505337,0.05,0.05,0.115334,0.16968,0.105414
0.00568975,0.00233122,0.00572339,0.263661,1.48078,0.809855,1.9976,4.20433,1.00142,0.0506403,0.05,0.05,0.115017,0.169802,0.105517
0.00579028,0.00233334,0.0059577,0.263857,1.482,0.810964,2.00075,4.21594,1.00161,0.05,0.05,0.05,0.115057,0.169917,0.105599
0.00590425,0.00233529,0.00620197,0.264058,1.48324,0.812122,2.0039,4.22757,1.00181,0.05,0.05,0.0500413,0.115139,0.170033,0.105641
0.00561537,0.00233545,0.00553335,0.264246,1.48446,0.813155,2.00703,4.23922,1.00202,0.05,0.05,0.05,0.115121,0.170153,0.105751
0.0056771,0.00233438,0.00572638,0.264306,1.48559,0.812863,2.00982,4.25088,1,0.05,0.05,0.05,0.115073,0.170273,0.105699
0.0056752,0.00233114,0.00589135,0.264416,1.48551,0.813353,2.01276,4.26251,1.00008,0.05,0.05,0.05,0.115181,0.170262,0.105429
0.00572136,0.00232719,0.00610141,0.264477,1.48572,0.813395,2.01556,4.27421,1.00017,0.05,0.05,0.05,0.115244,0.170362,0.105016
0.00536246,0.00231479,0.0054456,0.264288,1.48487,0.811968,2.01784,4.28591,1.00027,0.05,0.05,0.05,0.1151,0.170408,0.104152
0.00528229,0.00230506,0.00551752,0.26415,1.48482,0.810828,2.02022,4.29765,1.00038,0.05,0.05,0.05,0.114992,0.170516,0.103373
0.00527068,0.00230344,0.00566065,0.264181,1.48422,0.810704,2.02298,4.30927,1.0005,0.05,0.05,0.05,0.115024,0.170312,0.102936
0.00532996,0.0023051,0.00585481,0.264306,1.48434,0.811251,2.02596,4.32089,1.00063,0.05,0.05,0.05,0.11513,0.170074,0.102717
0.00509841,0.00230612,0.0052634,0.264496,1.48524,0.812207,2.02908,4.33261,1.00077,0.05,0.05,0.05,0.115254,0.169996,0.102648
0.00518484,0.00230758,0.00548118,0.264685,1.48641,0.813311,2.03225,4.34442,1.00092,0.05,0.05,0.05,0.115356,0.170095,0.10266
0.00529587,0.00230974,0.00571643,0.264897,1.48748,0.814422,2.03543,4.35623,1.00108,0.05,0.05,0.05,0.115431,0.170172,0.102714
0.00540945,0.00231162,0.00594881,0.265092,1.48868,0.81545,2.03859,4.36807,1.00125,0.05,0.05,0.05,0.115545,0.170247,0.102697
0.00517144,0.00231064,0.00535272,0.265243,1.48988,0.816266,2.04169,4.37993,1.00143,0.05,0.05,0.0500069,0.11567,0.170337,0.102576
0.00522057,0.00230974,0.00554321,0.265418,1.49102,0.817126,2.04478,4.39183,1.00162,0.05,0.05,0.05,0.115795,0.17046,0.102443
0.00532076,0.00231236,0.00577736,0.26561,1.49213,0.818243,2.04797,4.4037,1.00183,0.05,0.05,0.05,0.115896,0.17049,0.102461
0.00543708,0.00231465,0.00599804,0.265828,1.4932,0.819397,2.05117,4.41561,1.00204,0.05,0.05,0.05,0.11595,0.170556,0.102537
0.00519621,0.00231136,0.00534559,0.265887,1.49409,0.819053,2.05396,4.42756,1,0.05,0.05,0.05,0.115798,0.170678,0.102546
0.00530604,0.00231197,0.00558151,0.266038,1.49485,0.819984,2.05709,4.43952,1.00008,0.05,0.05,0.05,0.115699,0.170787,0.102669
0.00542469,0.00231252,0.00581178,0.266172,1.49549,0.820796,2.06019,4.45149,1.00017,0.05,0.05,0.05,0.115563,0.170888,0.102794
0.00554314,0.00231359,0.00603692,0.266374,1.49664,0.821913,2.0634,4.46349,1.00027,0.05,0.05,0.05,0.115595,0.171013,0.102879
0.00529149,0.00231284,0.00540807,0.266597,1.49788,0.82307,2.06662,4.47552,1.00039,0.05,0.05,0.05,0.115677,0.171132,0.102917
0.00536337,0.00231284,0.00561294,0.266806,1.49875,0.824217,2.06984,4.48753,1.00051,0.05,0.05,0.05,0.115724,0.171178,0.102985
0.00546697,0.00231377,0.00584985,0.267012,1.49996,0.825374,2.07307,4.49958,1.00064,0.05,0.05,0.05,0.115777,0.171279,0.103053
0.00558897,0.00231508,0.00607657,0.267219,1.5012,0.826486,2.0763,4.51166,1.00078,0.05,0.05,0.05,0.1158,0.171395,0.103142
0.00533475,0.00231554,0.00544063,0.267437,1.50252,0.827618,2.07953,4.52377,1.00094,0.05,0.05,0.05,0.115876,0.171519,0.103188
0.00538578,0.00231612,0.00563057,0.267628,1.50382,0.828739,2.08274,4.53588,1.0011,0.05,0.05,0.05,0.115988,0.171626,0.103166
0.00549927,0.00231789,0.00586899,0.267811,1.50499,0.829815,2.08596,4.54803,1.00128,0.05,0.05,0.05,0.115974,0.171748,0.103273
0.00561724,0.00231988,0.00610338,0.268025,1.5063,0.830961,2.08921,4.56019,1.00146,0.05,0.05,0.05,0.116015,0.171871,0.103353
0.00535998,0.00231984,0.00545723,0.268231,1.50767,0.832146,2.09246,4.57237,1.00166,0.05,0.05,0.05,0.116063,0.171992,0.103427
0.00546188,0.00232026,0.00568785,0.268415,1.5087,0.833099,2.09565,4.58456,1.00186,0.05,0.05,0.05,0.11599,0.1721,0.103546
0.00556576,0.00232128,0.00592648,0.268619,1.51006,0.834285,2.09891,4.59677,1.00208,0.05,0.05,0.05,0.116044,0.172202,0.103613
0.00568806,0.00231987,0.00615357,0.268667,1.51124,0.833866,2.10173,4.60901,1,0.05,0.05,0.05,0.115877,0.17232,0.103621
0.00541752,0.0023196,0.00549134,0.268877,1.51246,0.834972,2.10499,4.62125,1.00008,0.05,0.05,0.05,0.115899,0.172401,0.103708
0.00545726,0.00231922,0.00566902,0.269075,1.51319,0.836136,2.10825,4.6334,1.00018,0.05,0.05,0.05,0.115991,0.17229,0.103719
0.00556644,0.00232026,0.00591296,0.269283,1.51444,0.837231,2.11151,4.64567,1.00028,0.05,0.05,0.05,0.115996,0.172364,0.103816
0.00568445,0.00232147,0.00615244,0.269476,1.5158,0.838395,2.11479,4.65797,1.00039,0.05,0.05,0.05,0.116055,0.172442,0.103876
0.00541929,0.00232198,0.00549442,0.269687,1.51714,0.839517,2.11807,4.67029,1.00052,0.05,0.05,0.05,0.116095,0.172532,0.103953
0.00547293,0.00232315,0.00568819,0.269872,1.51848,0.84061,2.12134,4.68264,1.00065,0.05,0.05,0.050096,0.116202,0.172632,0.103945
0.00555772,0.0023246,0.00591813,0.27008,1.51983,0.841698,2.1246,4.69501,1.0008,0.05,0.05,0.0500776,0.116315,0.172756,0.103921
0.00567334,0.00232593,0.00616142,0.270287,1.52129,0.842874,2.12788,4.70741,1.00096,0.05,0.05,0.0500802,0.116411,0.17287,0.103937
0.00540946,0.00232602,0.00548826,0.270469,1.52256,0.843955,2.13114,4.71982,1.00112,0.05,0.05,0.05,0.116377,0.172987,0.104049
0.00551338,0.00232711,0.00572189,0.270638,1.52331,0.844821,2.13434,4.73223,1.0013,0.05,0.05,0.05,0.116255,0.173094,0.104173
0.00562648,0.00232865,0.00595846,0.270815,1.52415,0.845809,2.13757,4.74465,1.00149,0.05,0.05,0.05,0.116172,0.173179,0.104296
0.00574371,0.00232772,0.00615996,0.270921,1.52466,0.846287,2.14064,4.75709,1.00169,0.0500958,0.05,0.05,0.115908,0.173299,0.10441
0.00547539,0.00232745,0.00549147,0.271111,1.52596,0.84729,2.14391,4.76958,1.00189,0.05,0.05,0.05,0.115859,0.173422,0.104526
0.0055486,0.00232884,0.00569945,0.271321,1.52749,0.848501,2.14722,4.7821,1.00211,0.05,0.05,0.05,0.115904,0.173547,0.104603
0.00567405,0.00232613,0.00593982,0.271309,1.52832,0.847603,2.14993,4.79462,1,0.0500681,0.05,0.05,0.115566,0.173666,0.104613
0.0057983,0.0023276,0.00617767,0.271505,1.52978,0.84874,2.15322,4.80717,1.00008,0.05,0.05,0.05,0.115553,0.173781,0.104721
0.00551156,0.00232453,0.0054721,0.271572,1.53047,0.849127,2.15628,4.81972,1.00018,0.0501241,0.05,0.05,0.115249,0.173906,0.104828
0.00559822,0.00232432,0.00568959,0.271749,1.5316,0.850115,2.15955,4.83227,1.00028,0.05,0.05,0.05,0.115179,0.173979,0.104946
0.00571011,0.00232511,0.0059313,0.271951,1.53301,0.851176,2.16285,4.84488,1.0004,0.05,0.05,0.05,0.115154,0.174088,0.105056
0.00583154,0.00232618,0.00617282,0.272146,1.53444,0.852306,2.16618,4.8575,1.00053,0.05,0.05,0.05,0.115179,0.174192,0.105143
0.00555398,0.00232667,0.00552309,0.272347,1.53582,0.853416,2.16952,4.87014,1.00066,0.05,0.05,0.0500514,0.115255,0.174301,0.105188
0.00553592,0.00232549,0.00565187,0.272489,1.53641,0.854063,2.17268,4.88272,1.00081,0.05,0.05,0.05,0.115373,0.174409,0.10498
0.0055423,0.00232457,0.00581488,0.272578,1.53617,0.854433,2.17575,4.89523,1.00097,0.05,0.05,0.05,0.115465,0.174465,0.104683
0.0056258,0.00232371,0.0060481,0.272742,1.53705,0.855216,2.17896,4.90786,1.00114,0.05,0.05,0.05,0.115588,0.174557,0.10452
0.00535661,0.00232137,0.00543499,0.272865,1.53797,0.855862,2.18211,4.92051,1.00132,0.05,0.05,0.05,0.115703,0.174651,0.104296
0.00541609,0.00232209,0.00563108,0.273056,1.53946,0.856951,2.18543,4.93325,1.00151,0.05,0.05,0.0500609,0.115819,0.174762,0.10426
0.00552392,0.00232332,0.00587475,0.273277,1.54094,0.858129,2.18879,4.94601,1.00171,0.05,0.05,0.05,0.115887,0.17487,0.104314
0.00564575,0.00232474,0.00611228,0.273485,1.54234,0.859266,2.19216,4.9588,1.00192,0.05,0.05,0.05,0.115935,0.174983,0.104387
0.00538912,0.00232489,0.0054781,0.273684,1.54388,0.860369,2.19549,4.9716,1.00214,0.05,0.05,0.0500669,0.116049,0.175093,0.104358
0.00546972,0.00232388,0.00569658,0.27374,1.5454,0.860004,2.19842,4.98444,1,0.05,0.05,0.05,0.116004,0.175213,0.104289
0.00557318,0.00232562,0.0059406,0.273974,1.54692,0.861175,2.20179,4.99729,1.00009,0.05,0.05,0.05,0.116092,0.175337,0.10432
0.00569598,0.00232733,0.00618055,0.274178,1.54841,0.862379,2.20517,5.01016,1.00018,0.05,0.05,0.05,0.116152,0.175461,0.104385
0.00542892,0.00232765,0.00549681,0.274368,1.54957,0.863441,2.20851,5.02304,1.00029,0.05,0.05,0.05,0.116107,0.175584,0.104501
0.00553925,0.00232828,0.00573962,0.27453,1.55044,0.864366,2.21181,5.03593,1.00041,0.0500404,0.05,0.05,0.116002,0.175706,0.104625
0.00565878,0.00232974,0.00598598,0.27471,1.55143,0.865363,2.21514,5.04883,1.00053,0.05,0.05,0.05,0.115947,0.175813,0.104744
0.00577902,0.00233181,0.00622935,0.27491,1.55293,0.866542,2.21854,5.06177,1.00067,0.05,0.05,0.05,0.116022,0.175916,0.104795
0.00550591,0.00233291,0.00555951,0.275125,1.55444,0.867687,2.22194,5.07474,1.00082,0.05,0.05,0.05,0.116097,0.17602,0.104847
0.00553834,0.00233401,0.00573371,0.275313,1.55576,0.86862,2.22527,5.08768,1.00098,0.05,0.05,0.05,0.116222,0.176112,0.104765
0.00557247,0.00233428,0.00592223,0.275421,1.55613,0.869174,2.22847,5.10045,1.00116,0.05,0.05,0.05,0.11633,0.176079,0.104541
0.00567136,0.00233451,0.0061684,0.275581,1.55751,0.870049,2.23177,5.11343,1.00134,0.05,0.05,0.0500167,0.116455,0.176191,0.104418
0.0054087,0.00233451,0.00552414,0.275766,1.55909,0.871112,2.23515,5.12647,1.00153,0.05,0.05,0.0501104,0.116571,0.176301,0.104386
0.00546872,0.0023351,0.00572277,0.275978,1.56059,0.872201,2.23854,5.13953,1.00174,0.05,0.05,0.05,0.116684,0.176425,0.104362
0.00555491,0.00233529,0.00595773,0.276175,1.56212,0.873284,2.24191,5.15259,1.00195,0.05,0.05,0.05,0.116804,0.176543,0.104307
0.00567768,0.00233677,0.00619722,0.276396,1.56346,0.874402,2.24533,5.16571,1.00218,0.05,0.05,0.05,0.11683,0.176668,0.104397
0.00541464,0.00233399,0.00554266,0.276432,1.56501,0.873914,2.24825,5.17882,1,0.05,0.05,0.05,0.116815,0.176787,0.104259
0.00547219,0.00233489,0.00574665,0.27663,1.56666,0.874988,2.25165,5.19198,1.00009,0.05,0.05,0.0500691,0.116932,0.176911,0.104224
0.00554831,0.00233793,0.00597226,0.276847,1.56731,0.876159,2.25507,5.20495,1.00018,0.05,0.05,0.05,0.11704,0.17684,0.104231
0.00566173,0.0023403,0.00618938,0.277033,1.56783,0.877183,2.25846,5.21801,1.00029,0.05,0.05,0.05,0.116999,0.176833,0.104348
0.0053982,0.00234143,0.00552203,0.277254,1.56923,0.878402,2.26191,5.23116,1.00041,0.05,0.05,0.05,0.117064,0.176855,0.104415
0.00550702,0.00234183,0.0057663,0.277435,1.57,0.879361,2.26528,5.24435,1.00054,0.0500291,0.05,0.05,0.116986,0.176977,0.104537
0.00562224,0.00234336,0.00601926,0.277627,1.57145,0.880535,2.26873,5.25761,1.00068,0.05,0.05,0.05,0.117018,0.177089,0.104624
0.00574728,0.00234478,0.0062601,0.277829,1.57287,0.881691,2.27217,5.27088,1.00084,0.05,0.05,0.05,0.117031,0.177203,0.104721
0.00547532,0.00234428,0.00556509,0.278022,1.57417,0.882784,2.2756,5.28417,1.001,0.05,0.05,0.05,0.11701,0.177327,0.10483
0.0055687,0.00234554,0.00579596,0.278229,1.57566,0.883921,2.27905,5.2975,1.00118,0.05,0.05,0.05,0.117021,0.177451,0.104927
0.00568029,0.00234768,0.00604601,0.278432,1.57725,0.885086,2.28252,5.31083,1.00136,0.05,0.05,0.05,0.117064,0.177547,0.105008
0.00580033,0.00234973,0.00629781,0.278641,1.57898,0.886287,2.28599,5.32418,1.00156,0.05,0.05,0.05,0.117147,0.177643,0.105051
0.00552317,0.00235009,0.00560692,0.278866,1.58058,0.88743,2.28946,5.33757,1.00177,0.05,0.05,0.05,0.117177,0.177755,0.105139
0.00558234,0.00235072,0.00580757,0.279086,1.58222,0.888612,2.29293,5.35094,1.00199,0.05,0.05,0.05,0.117277,0.177876,0.10515
0.00569381,0.00235286,0.00605759,0.27929,1.58385,0.889819,2.29642,5.36436,1.00222,0.05,0.05,0.05,0.117319,0.177967,0.105233
0.00582141,0.00235173,0.00629899,0.279311,1.58524,0.889249,2.29936,5.37779,1,0.05,0.05,0.05,0.117152,0.178076,0.105231
0.00554324,0.00235176,0.00561003,0.279526,1.58693,0.890412,2.30284,5.39127,1.00009,0.05,0.05,0.05,0.117172,0.178199,0.105324
0.00561654,0.00235218,0.00582257,0.279728,1.5883,0.891618,2.30634,5.40469,1.00019,0.05,0.05,0.05,0.117222,0.178291,0.105393
0.00573142,0.0023536,0.00607662,0.27993,1.59004,0.892803,2.30983,5.41822,1.0003,0.05,0.05,0.05,0.117249,0.178416,0.105481
0.00586082,0.0023551,0.00632627,0.280144,1.59174,0.893948,2.31332,5.43176,1.00042,0.05,0.05,0.05,0.117263,0.178541,0.105577
0.00557907,0.00235562,0.00564236,0.280358,1.59358,0.895138,2.31683,5.44531,1.00055,0.05,0.05,0.0500529,0.11734,0.178664,0.105624
0.00563882,0.00235702,0.00583788,0.280546,1.59535,0.89629,2.32033,5.45887,1.0007,0.05,0.05,0.0501673,0.117437,0.178789,0.105639
0.00570129,0.00235647,0.00605379,0.280731,1.59605,0.897344,2.32379,5.47219,1.00085,0.05,0.05,0.05,0.117557,0.178804,0.105576
0.00578754,0.00235569,0.00628869,0.280914,1.59655,0.898372,2.32724,5.48546,1.00102,0.05,0.05,0.05,0.117678,0.178749,0.105495
0.00549886,0.00235434,0.00561088,0.281098,1.59751,0.899426,2.33069,5.49883,1.0012,0.05,0.05,0.05,0.1178,0.178696,0.105415
0.00556614,0.00235526,0.00582081,0.28132,1.59936,0.900635,2.33421,5.51244,1.00139,0.05,0.05,0.05,0.117895,0.17876,0.105428
0.00568141,0.00235691,0.00607759,0.281545,1.60106,0.901844,2.33774,5.52611,1.00159,0.05,0.05,0.05,0.117931,0.178878,0.105509
0.00580847,0.0023583,0.00632503,0.281755,1.60255,0.902976,2.34126,5.5398,1.0018,0.05,0.05,0.05,0.117923,0.178995,0.105613
0.00552973,0.00235886,0.00563239,0.281979,1.60432,0.904176,2.34479,5.55352,1.00202,0.05,0.05,0.05,0.117962,0.179099,0.105692
0.00560938,0.00235949,0.00585186,0.282196,1.60551,0.905327,2.34834,5.56713,1.00226,0.05,0.05,0.05,0.118002,0.17909,0.105765
0.00567058,0.00235593,0.0060701,0.282189,1.60642,0.904614,2.35125,5.58055,1,0.05,0.05,0.05,0.117993,0.178992,0.105523
0.00579568,0.00235703,0.00632212,0.282404,1.60817,0.905813,2.3548,5.59428,1.00009,0.05,0.05,0.05,0.118053,0.179026,0.105581
0.00552187,0.00235785,0.0056361,0.282611,1.6101,0.907035,2.35836,5.60807,1.00019,0.05,0.05,0.05,0.118127,0.179105,0.105628
0.00561617,0.00235933,0.00587091,0.282836,1.61173,0.908255,2.36191,5.62188,1.0003,0.05,0.05,0.05,0.118146,0.179225,0.105719
0.00574262,0.00235895,0.00612858,0.282984,1.61182,0.908964,2.36529,5.63556,1.00043,0.0501039,0.05,0.05,0.117956,0.179341,0.105842
0.00586824,0.00235902,0.00636329,0.283163,1.61265,0.909871,2.36876,5.64933,1.00056,0.0501674,0.05,0.05,0.117842,0.179422,0.105966
0.00557905,0.00235873,0.00563967,0.283358,1.6138,0.91087,2.37226,5.66311,1.00071,0.0501086,0.05,0.05,0.11777,0.179453,0.106084
0.00567703,0.00235971,0.00587679,0.28356,1.61555,0.912032,2.37581,5.67702,1.00087,0.05,0.05,0.05,0.117753,0.17956,0.10619
0.005807,0.00235903,0.00613212,0.283693,1.6158,0.91265,2.37917,5.69079,1.00103,0.0500677,0.05,0.05,0.117529,0.179684,0.106309
0.00593203,0.002358,0.00635499,0.283815,1.61617,0.913218,2.38251,5.70459,1.00121,0.0501592,0.05,0.05,0.117283,0.179806,0.106424
0.00562092,0.00235448,0.00559667,0.283868,1.61591,0.91334,2.38569,5.71833,1.0014,0.0502624,0.05,0.05,0.116896,0.17992,0.106513
0.00572975,0.00235053,0.00583437,0.283905,1.61454,0.913434,2.38889,5.73178,1.00161,0.05,0.05,0.05,0.116506,0.179823,0.106605
0.00584441,0.00234988,0.00607642,0.284064,1.61516,0.914313,2.39237,5.74551,1.00182,0.05,0.05,0.05,0.11638,0.179722,0.106728
0.00597171,0.00235002,0.00631594,0.284241,1.61654,0.915304,2.3959,5.75939,1.00205,0.05,0.05,0.05,0.116305,0.179684,0.106847
0.00568405,0.00235073,0.00562793,0.284461,1.61854,0.916468,2.39949,5.7734,1.00228,0.05,0.05,0.05,0.116308,0.179729,0.106945
0.00579072,0.00234835,0.0058621,0.284459,1.62021,0.91566,2.40245,5.78742,1,0.05,0.05,0.05,0.116083,0.179777,0.106944
0.00588165,0.00234902,0.00609285,0.284673,1.62123,0.91687,2.40606,5.80114,1.00009,0.05,0.05,0.05,0.116134,0.179591,0.107008
0.00599362,0.00234971,0.00632698,0.284872,1.62205,0.918014,2.40966,5.81484,1.00019,0.05,0.05,0.05,0.116151,0.179333,0.107095
0.00569007,0.00235038,0.00563938,0.285067,1.62309,0.919214,2.41326,5.82852,1.00031,0.05,0.05,0.05,0.116251,0.179107,0.107096
0.00577846,0.0023516,0.00586076,0.28527,1.62504,0.920385,2.41687,5.84263,1.00043,0.05,0.05,0.05,0.116266,0.179175,0.107189
0.00588567,0.00235261,0.00610714,0.285479,1.62669,0.921589,2.42049,5.85657,1.00057,0.05,0.05,0.05,0.116298,0.179028,0.10727
0.00600871,0.00235351,0.00635194,0.28568,1.62809,0.922673,2.4241,5.87051,1.00072,0.05,0.05,0.05,0.116293,0.178853,0.107371
0.00569065,0.00235343,0.00566548,0.285847,1.62848,0.923611,2.42761,5.8841,1.00088,0.05,0.05,0.05,0.116418,0.17862,0.107249
0.00571861,0.00235372,0.00583324,0.286018,1.62958,0.92462,2.43116,5.8979,1.00105,0.05,0.05,0.05,0.116542,0.178478,0.107154
0.00574239,0.00235501,0.00600042,0.286207,1.62652,0.925807,2.43476,5.91048,1.00123,0.05,0.05,0.05,0.116648,0.177388,0.107136
0.0057907,0.00235711,0.00616639,0.286392,1.62328,0.927005,2.4384,5.92296,1.00143,0.05,0.05,0.05,0.116698,0.176015,0.1072
0.00549922,0.00235893,0.00549942,0.286584,1.62377,0.928235,2.44205,5.93642,1.00163,0.05,0.05,0.05,0.116776,0.175199,0.10724
0.00559282,0.0023599,0.00572804,0.286779,1.62541,0.929405,2.4457,5.95055,1.00185,0.05,0.05,0.05,0.116801,0.175133,0.107327
0.00569754,0.00236152,0.00597327,0.286992,1.62731,0.930664,2.44935,5.96455,1.00208,0.05,0.05,0.05,0.116884,0.174808,0.107363
0.00581496,0.00236241,0.0061907,0.287155,1.62823,0.931598,2.45293,5.97842,1.00232,0.05,0.05,0.05,0.11679,0.174322,0.107486
0.00553554,0.00236031,0.00551679,0.287153,1.6293,0.931015,2.45599,5.99254,1,0.05,0.05,0.05,0.116678,0.174388,0.10745
0.00556074,0.00235998,0.00566874,0.287314,1.6235,0.932045,2.45959,6.00533,1.00009,0.05,0.05,0.05,0.116624,0.174334,0.107568
0.00560948,0.00236091,0.00585151,0.287521,1.62028,0.933279,2.46327,6.01852,1.0002,0.05,0.05,0.05,0.116689,0.174263,0.107628
0.00572394,0.00236177,0.006074,0.287735,1.62108,0.934391,2.46691,6.03266,1.00031,0.05,0.05,0.05,0.116678,0.17435,0.107735
0.00543124,0.00236318,0.00540967,0.28796,1.61984,0.935592,2.47059,6.04623,1.00044,0.05,0.05,0.05,0.116744,0.174233,0.107795
0.00544591,0.00236489,0.00556022,0.288176,1.61689,0.936767,2.47427,6.05929,1.00058,0.05,0.05,0.05,0.116839,0.17384,0.107819
0.00551289,0.00236649,0.00576397,0.288389,1.61616,0.937933,2.47794,6.07285,1.00073,0.05,0.05,0.05,0.116946,0.17358,0.107819
0.00563127,0.00236781,0.00600358,0.288618,1.61796,0.939159,2.48164,6.08715,1.00089,0.05,0.05,0.05,0.117027,0.173622,0.107861
0.00538144,0.0023691,0.0053773,0.288836,1.61973,0.940388,2.48533,6.10148,1.00107,0.05,0.05,0.05,0.117068,0.173624,0.107943
0.00546113,0.00237072,0.00559033,0.28903,1.62012,0.941537,2.489,6.11546,1.00125,0.05,0.05,0.05,0.117054,0.173382,0.108052
0.00556687,0.00237244,0.00582677,0.289238,1.62143,0.942697,2.49268,6.1297,1.00145,0.05,0.05,0.05,0.117069,0.173242,0.108151
0.00567554,0.00237422,0.00605818,0.289457,1.62263,0.943915,2.49639,6.14383,1.00166,0.05,0.05,0.05,0.117168,0.173093,0.10817
0.00541352,0.00237549,0.00541309,0.289673,1.62443,0.945132,2.50009,6.15823,1.00188,0.05,0.05,0.05,0.117198,0.173018,0.10826
0.00550946,0.00237709,0.00563835,0.289878,1.62623,0.946282,2.50379,6.17267,1.00212,0.05,0.05,0.05,0.11721,0.17295,0.10836
0.00560533,0.00237797,0.00587559,0.290086,1.62784,0.947465,2.50749,6.18703,1.00236,0.05,0.05,0.05,0.117321,0.173014,0.108347
0.00572863,0.00237612,0.00610718,0.290108,1.62969,0.946802,2.51058,6.2016,1,0.05,0.05,0.05,0.117206,0.173124,0.10831
0.00546496,0.00237724,0.00546013,0.290341,1.63172,0.948014,2.51431,6.21618,1.00009,0.05,0.05,0.05,0.117264,0.173188,0.108379
0.00552451,0.00237928,0.00565532,0.290548,1.63277,0.949172,2.51804,6.23044,1.0002,0.05,0.05,0.05,0.117363,0.173077,0.108399
0.0055954,0.00237912,0.00588078,0.290712,1.63341,0.950026,2.52164,6.24464,1.00032,0.05,0.05,0.0500536,0.117487,0.173159,0.108262
0.00569781,0.00237887,0.00612503,0.290877,1.63417,0.950893,2.52524,6.25893,1.00045,0.05,0.05,0.05,0.117612,0.173272,0.108131
0.00542437,0.00237772,0.00549324,0.291031,1.63501,0.951696,2.52881,6.27325,1.00059,0.05,0.05,0.05,0.117734,0.173395,0.107965
0.00548869,0.00237826,0.005701,0.291225,1.63691,0.952827,2.5325,6.28786,1.00074,0.05,0.05,0.05,0.117855,0.173511,0.10791
0.00561003,0.00237874,0.00594364,0.291406,1.63819,0.953867,2.53619,6.30254,1.00091,0.05,0.05,0.05,0.1178,0.173635,0.108027
0.00573213,0.00237994,0.00618547,0.291617,1.6403,0.955109,2.53995,6.3173,1.00108,0.05,0.05,0.05,0.117884,0.173759,0.108065
0.0054588,0.00238099,0.00550838,0.29185,1.6424,0.956362,2.54371,6.33212,1.00127,0.05,0.05,0.05,0.117916,0.173866,0.108152
0.00556943,0.00238169,0.00575054,0.292031,1.64324,0.957292,2.54735,6.34675,1.00147,0.05,0.05,0.05,0.117806,0.173916,0.108276
0.00568716,0.002383,0.00599202,0.292227,1.64473,0.958459,2.55107,6.36147,1.00169,0.05,0.05,0.05,0.117771,0.173959,0.108391
0.00579878,0.00238132,0.0061773,0.292321,1.64499,0.958941,2.55453,6.37608,1.00191,0.0500918,0.05,0.05,0.117489,0.174055,0.1085
0.00547546,0.00237805,0.00541766,0.292313,1.64326,0.958943,2.55777,6.39019,1.00215,0.05,0.05,0.05,0.117064,0.173945,0.108569
0.00558365,0.00237737,0.00564779,0.292387,1.64333,0.959359,2.56122,6.40469,1.00239,0.05,0.05,0.05,0.116786,0.173853,0.108676
0.00566168,0.00237741,0.00586287,0.292402,1.64378,0.958673,2.56435,6.419,1,0.05,0.05,0.05,0.116732,0.17364,0.108591
0.00575454,0.00238018,0.00608283,0.292613,1.644,0.959837,2.56811,6.43322,1.0001,0.05,0.05,0.05,0.116841,0.173385,0.108591
0.00547365,0.00238176,0.0054446,0.292823,1.64477,0.960979,2.57188,6.44761,1.0002,0.05,0.05,0.05,0.116954,0.17316,0.108582
0.00552015,0.00238344,0.00562877,0.293033,1.64606,0.962094,2.57563,6.46217,1.00032,0.05,0.05,0.05,0.117073,0.173057,0.10855
0.00561108,0.00238546,0.00585828,0.293226,1.64762,0.963278,2.57941,6.47684,1.00045,0.05,0.05,0.05,0.117181,0.172962,0.108552
0.00572994,0.00238667,0.00609974,0.293459,1.64977,0.964591,2.58321,6.49176,1.0006,0.05,0.05,0.05,0.11726,0.173015,0.108602
0.00544874,0.00238451,0.00540573,0.29357,1.65063,0.965194,2.58677,6.50663,1.00075,0.050071,0.05,0.05,0.117043,0.173081,0.10872
0.00551862,0.00238522,0.0056054,0.293788,1.65195,0.966422,2.59058,6.52145,1.00092,0.05,0.05,0.05,0.117113,0.173204,0.108774
0.00557739,0.00238456,0.00580924,0.293985,1.65065,0.967552,2.59436,6.53559,1.0011,0.05,0.05,0.05,0.117225,0.173254,0.108746
0.00564808,0.00238299,0.00602015,0.294127,1.6487,0.968392,2.59802,6.54954,1.00129,0.05,0.05,0.05,0.117349,0.173263,0.108596
0.00533876,0.00237831,0.00537873,0.294189,1.64457,0.968773,2.60144,6.56284,1.00149,0.05,0.05,0.05,0.117444,0.173084,0.108263
0.00539033,0.0023783,0.00556822,0.294382,1.64583,0.969821,2.60517,6.57763,1.00171,0.05,0.05,0.05,0.117568,0.173147,0.108176
0.00548448,0.00237886,0.00579633,0.294573,1.64724,0.970978,2.60897,6.59249,1.00194,0.05,0.05,0.05,0.117678,0.173188,0.108153
0.00558231,0.00237898,0.00602387,0.294774,1.64794,0.972083,2.61274,6.60715,1.00218,0.05,0.05,0.05,0.117795,0.173131,0.108101
0.0053188,0.00237818,0.005401,0.294943,1.64842,0.973012,2.61644,6.62174,1.00243,0.05,0.05,0.05,0.11792,0.173049,0.10797
0.00535788,0.00237463,0.00558093,0.294899,1.64944,0.971908,2.61942,6.63649,1,0.05,0.05,0.05,0.1179,0.17303,0.107677
0.005425,0.00237392,0.00579491,0.295068,1.64979,0.972882,2.62311,6.651,1.0001,0.05,0.05,0.05,0.118025,0.172831,0.107536
0.00554032,0.00237497,0.00601338,0.295273,1.65151,0.974117,2.62695,6.66608,1.0002,0.05,0.05,0.05,0.118061,0.172786,0.107614
0.00529115,0.00237648,0.00537689,0.295509,1.6533,0.975344,2.63081,6.68129,1.00033,0.05,0.05,0.05,0.118121,0.172903,0.107677
0.00534097,0.00237793,0.00556959,0.295732,1.65389,0.97645,2.63462,6.69615,1.00046,0.05,0.05,0.05,0.118239,0.173003,0.107639
0.00538909,0.00237889,0.00576233,0.295881,1.65244,0.977317,2.63833,6.71042,1.0006,0.05,0.05,0.05,0.118362,0.172967,0.107503
0.00549769,0.00238034,0.00599444,0.29609,1.65422,0.978504,2.64217,6.7256,1.00076,0.05,0.05,0.05,0.118474,0.17307,0.107488
0.00525277,0.00238173,0.00536782,0.29633,1.65617,0.97975,2.64604,6.7409,1.00093,0.05,0.05,0.05,0.118556,0.173175,0.10753
0.00533295,0.00238302,0.00558546,0.296567,1.65831,0.980964,2.64991,6.75626,1.00111,0.05,0.05,0.05,0.118648,0.173299,0.107556
0.00542179,0.00238352,0.00582076,0.296749,1.66024,0.982027,2.65371,6.77152,1.00131,0.05,0.05,0.05,0.118771,0.173424,0.107483
0.00553468,0.00238456,0.00605818,0.296982,1.66248,0.983279,2.65758,6.78692,1.00151,0.05,0.05,0.05,0.118874,0.173548,0.107485
0.0052815,0.00238525,0.00539616,0.297212,1.66423,0.984478,2.66143,6.80233,1.00173,0.05,0.05,0.05,0.118864,0.173673,0.10759
0.00538994,0.00238576,0.00563417,0.297384,1.6651,0.985479,2.66521,6.8176,1.00196,0.05,0.05,0.05,0.11876,0.173781,0.107714
0.00550909,0.00238541,0.00586264,0.297502,1.66566,0.986282,2.66891,6.83287,1.00221,0.05,0.05,0.05,0.118586,0.173901,0.107838
0.0056239,0.00238667,0.00607234,0.297684,1.66697,0.987341,2.67273,6.84825,1.00246,0.05,0.05,0.05,0.118527,0.173982,0.107957
0.0053559,0.00238569,0.00542474,0.297694,1.66798,0.986583,2.67591,6.86338,1,0.05,0.05,0.05,0.118472,0.173954,0.107859
0.00542562,0.00238773,0.00563476,0.297923,1.6698,0.987807,2.67981,6.87879,1.0001,0.05,0.05,0.05,0.118556,0.173992,0.107901
0.00547583,0.00238995,0.00583142,0.298094,1.66891,0.988829,2.68363,6.89332,1.00021,0.05,0.05,0.05,0.118681,0.173722,0.10782
0.00558222,0.00239256,0.00605245,0.298304,1.67032,0.990103,2.68755,6.9086,1.00033,0.05,0.05,0.05,0.118756,0.173606,0.107877
0.00532967,0.00239362,0.00540661,0.298516,1.67233,0.99136,2.69146,6.92411,1.00047,0.05,0.05,0.05,0.118797,0.173597,0.107962
0.00541633,0.0023953,0.0056279,0.298749,1.67451,0.992646,2.69538,6.93969,1.00061,0.05,0.05,0.05,0.118838,0.173629,0.108046
0.00552644,0.00239714,0.00586145,0.298962,1.67574,0.993731,2.69923,6.9551,1.00077,0.05,0.05,0.05,0.118784,0.173555,0.108166
0.00564078,0.0023992,0.00607988,0.299186,1.67747,0.994944,2.70313,6.9706,1.00095,0.05,0.05,0.05,0.118774,0.173492,0.108276
0.00537239,0.0023987,0.00540547,0.299373,1.67891,0.995895,2.70692,6.98615,1.00113,0.05,0.05,0.05,0.118655,0.173504,0.108401
0.00547465,0.00239667,0.00562935,0.299499,1.67855,0.996538,2.71062,7.0014,1.00133,0.05,0.05,0.05,0.11844,0.173624,0.108522
0.00557252,0.00239638,0.00585261,0.299727,1.67905,0.997697,2.71452,7.01675,1.00154,0.05,0.05,0.05,0.118417,0.173716,0.108629
0.00567897,0.00239631,0.0060645,0.299944,1.67977,0.998881,2.71845,7.03214,1.00176,0.05,0.05,0.05,0.118407,0.173786,0.108732
0.00541332,0.00239595,0.00541275,0.300151,1.68107,1.00012,2.72239,7.04766,1.00199,0.05,0.05,0.05,0.118415,0.173857,0.108827
0.00550801,0.00239679,0.00563402,0.300349,1.68301,1.00121,2.7263,7.06344,1.00224,0.05,0.05,0.05,0.118382,0.173976,0.10894
0.00558164,0.00239702,0.0058508,0.300561,1.68392,1.00232,2.7302,7.07879,1.0025,0.05,0.05,0.05,0.118501,0.174065,0.108884
0.00567208,0.0023937,0.00607789,0.300537,1.68417,1.00128,2.73329,7.09396,1,0.05,0.05,0.05,0.118476,0.174096,0.108655
0.00539631,0.00239248,0.00544636,0.300725,1.68439,1.00221,2.7371,7.10912,1.0001,0.05,0.05,0.05,0.1186,0.174102,0.108512
0.0054232,0.00239182,0.00561468,0.300901,1.68524,1.00311,2.74091,7.12448,1.00021,0.05,0.05,0.05,0.118723,0.174143,0.108366
0.0054955,0.00239193,0.00583745,0.301083,1.68652,1.00402,2.74474,7.14001,1.00033,0.05,0.05,0.0500483,0.118847,0.174265,0.108231
0.00559557,0.00239234,0.00607789,0.301258,1.68797,1.00495,2.74858,7.15562,1.00047,0.05,0.05,0.0500629,0.118972,0.17439,0.108107
0.00533563,0.00239228,0.00545284,0.301436,1.68953,1.00583,2.75241,7.1713,1.00062,0.05,0.05,0.0500851,0.119096,0.174514,0.107971
0.00536965,0.0023915,0.00562797,0.301569,1.69095,1.0066,2.75617,7.18692,1.00078,0.05,0.05,0.0501756,0.119215,0.174638,0.107778
0.00547741,0.00239294,0.00587022,0.301801,1.6932,1.00788,2.76016,7.20292,1.00096,0.05,0.05,0.05,0.119289,0.174762,0.107827
0.00559604,0.00239438,0.00610071,0.302024,1.6954,1.00916,2.76416,7.21894,1.00114,0.05,0.05,0.05,0.119346,0.174886,0.107895
0.00533948,0.0023957,0.0054473,0.30224,1.69747,1.01042,2.76817,7.23497,1.00135,0.05,0.05,0.05,0.119403,0.175006,0.107963
0.00540825,0.00239677,0.0056509,0.302461,1.69966,1.01163,2.77216,7.25096,1.00156,0.05,0.05,0.05,0.119508,0.175128,0.10796
0.00549111,0.002397,0.00587713,0.302659,1.70098,1.01282,2.77612,7.26668,1.00178,0.05,0.05,0.05,0.119622,0.175177,0.107926
0.00560385,0.00239777,0.00610821,0.30288,1.70291,1.01416,2.78014,7.28263,1.00202,0.05,0.05,0.05,0.11969,0.175233,0.107978
0.00533596,0.0023975,0.00541985,0.303057,1.70378,1.01504,2.78399,7.29858,1.00227,0.0500381,0.05,0.05,0.119547,0.175358,0.108103
0.00544214,0.00239753,0.00565617,0.303243,1.70524,1.01608,2.7879,7.31461,1.00254,0.050012,0.05,0.05,0.119442,0.175462,0.108227
0.00555902,0.00239138,0.00587688,0.303052,1.70411,1.01404,2.79063,7.33024,1,0.0501364,0.05,0.05,0.118903,0.175574,0.108178
0.00567192,0.00239063,0.00607865,0.303174,1.70484,1.01472,2.7944,7.34622,1.0001,0.0501632,0.05,0.05,0.118686,0.175699,0.108299
0.0054081,0.00238985,0.00540395,0.303327,1.70615,1.01544,2.79821,7.36233,1.00021,0.0501838,0.05,0.05,0.118499,0.175822,0.108422
0.00549865,0.00239106,0.00562321,0.303525,1.7082,1.01658,2.8022,7.37854,1.00034,0.05,0.05,0.05,0.118465,0.175943,0.108536
0.00560957,0.00239239,0.00585939,0.303728,1.71047,1.0178,2.80621,7.39478,1.00048,0.05,0.05,0.05,0.118464,0.176066,0.108638
0.00572785,0.00239361,0.0060976,0.30394,1.71279,1.01905,2.81025,7.41104,1.00063,0.05,0.05,0.05,0.118487,0.176189,0.108729
0.00546839,0.00239455,0.00545544,0.304173,1.71507,1.02029,2.8143,7.4273,1.00079,0.05,0.05,0.05,0.118524,0.176311,0.10881
0.00552621,0.00239598,0.0056486,0.304386,1.7171,1.02156,2.81835,7.44347,1.00097,0.05,0.05,0.0500753,0.118613,0.176435,0.10884
0.00561959,0.00239753,0.00588332,0.304619,1.7192,1.02284,2.82241,7.45967,1.00116,0.05,0.05,0.0500682,0.118699,0.176556,0.108877
0.00573429,0.00239917,0.00612698,0.304866,1.72146,1.02411,2.82647,7.47599,1.00136,0.05,0.05,0.05,0.118767,0.176676,0.108935
0.00547039,0.00240007,0.0054865,0.305103,1.72367,1.02537,2.83053,7.49228,1.00158,0.05,0.05,0.0500664,0.118862,0.176801,0.108955
0.00553444,0.00240112,0.00568545,0.305338,1.72593,1.02666,2.8346,7.50859,1.00181,0.05,0.05,0.0501037,0.118957,0.176924,0.108973
0.00564342,0.00240224,0.00592919,0.305555,1.72824,1.02794,2.83868,7.52502,1.00205,0.05,0.05,0.05,0.118994,0.177043,0.109055
0.00576593,0.00240335,0.00616649,0.305802,1.73061,1.02921,2.84275,7.5415,1.0023,0.05,0.05,0.05,0.119012,0.177164,0.109148
0.00549577,0.00240375,0.00548929,0.305987,1.7326,1.03032,2.84676,7.55799,1.00257,0.05,0.05,0.05,0.118954,0.177288,0.109266
0.00558163,0.0024023,0.00570941,0.305959,1.73477,1.0293,2.85,7.57451,1,0.05,0.05,0.05,0.118825,0.177409,0.109216
0.00561051,0.00240058,0.0058961,0.306039,1.73355,1.02967,2.85369,7.5899,1.0001,0.05,0.05,0.05,0.11892,0.177504,0.108917
0.00571073,0.00240062,0.00613727,0.306219,1.73483,1.03067,2.85765,7.60604,1.00022,0.05,0.05,0.05,0.119045,0.177624,0.108811
0.00544454,0.0024003,0.0054998,0.306409,1.73629,1.03169,2.86164,7.62225,1.00034,0.05,0.05,0.05,0.119169,0.177736,0.108712
0.00548662,0.00240062,0.00567807,0.306601,1.73805,1.03272,2.86563,7.63858,1.00048,0.05,0.05,0.0500646,0.119293,0.177859,0.108621
0.005551,0.00239997,0.00589564,0.30676,1.73887,1.03368,2.86957,7.65463,1.00064,0.05,0.05,0.05,0.119418,0.177915,0.108487
0.00566941,0.00240118,0.00613802,0.307004,1.74127,1.03499,2.87369,7.67125,1.0008,0.05,0.05,0.05,0.119494,0.178027,0.108533
0.00541354,0.00240216,0.00547864,0.307236,1.74359,1.03629,2.87781,7.68793,1.00098,0.05,0.05,0.05,0.119525,0.178147,0.108618
0.00552086,0.00240293,0.0057159,0.307421,1.74455,1.03733,2.88182,7.70444,1.00118,0.05,0.05,0.05,0.119438,0.178262,0.108741
0.00563892,0.00240399,0.00596417,0.307615,1.74639,1.03854,2.8859,7.72113,1.00138,0.05,0.05,0.05,0.119412,0.178386,0.108852
0.00575897,0.00240463,0.00619034,0.307798,1.74776,1.03958,2.88993,7.73779,1.0016,0.0500017,0.05,0.05,0.119333,0.178511,0.108973
0.00549351,0.00240556,0.00553043,0.308032,1.75025,1.04089,2.89407,7.75453,1.00183,0.05,0.05,0.05,0.119408,0.178632,0.109022
0.00558243,0.00240697,0.00575586,0.308266,1.75254,1.04215,2.89821,7.77134,1.00208,0.05,0.05,0.05,0.119441,0.178757,0.109108
0.00568205,0.00240858,0.00599335,0.308498,1.75476,1.04342,2.90235,7.78803,1.00234,0.05,0.05,0.05,0.119537,0.178869,0.109128
0.00579462,0.00240938,0.0062429,0.308729,1.757,1.04464,2.90646,7.80471,1.00261,0.05,0.05,0.0500515,0.119649,0.178988,0.109106
0.00552318,0.00240705,0.00557507,0.30871,1.75948,1.04368,2.90971,7.82151,1,0.05,0.05,0.0500889,0.119589,0.179109,0.108978
0.00560884,0.00240859,0.00579942,0.308961,1.76177,1.04497,2.91387,7.83838,1.0001,0.05,0.05,0.05,0.119639,0.179228,0.109052
0.00571055,0.00241043,0.00604426,0.309198,1.76381,1.04627,2.91803,7.85515,1.00022,0.05,0.05,0.05,0.119721,0.179317,0.109095
0.00583044,0.00241229,0.00629163,0.309435,1.76601,1.04755,2.9222,7.87201,1.00035,0.05,0.05,0.05,0.119792,0.17941,0.10915
0.00554782,0.00241334,0.00561546,0.309655,1.76799,1.04868,2.92632,7.88874,1.00049,0.05,0.05,0.05,0.11991,0.179487,0.109115
0.00555524,0.00241283,0.00576824,0.309799,1.76861,1.04933,2.93022,7.90506,1.00065,0.05,0.05,0.05,0.120023,0.179531,0.108904
0.00557525,0.0024145,0.00593946,0.309937,1.76467,1.05008,2.93418,7.9201,1.00082,0.05,0.05,0.05,0.120142,0.17908,0.108739
0.00566801,0.00241659,0.0061725,0.310149,1.7653,1.0512,2.93829,7.93638,1.001,0.05,0.05,0.05,0.120265,0.178871,0.108681
0.0054065,0.00241771,0.00551132,0.310382,1.76749,1.05254,2.94248,7.95327,1.00119,0.05,0.05,0.05,0.120337,0.178841,0.108741
0.00550206,0.00241755,0.00573957,0.310596,1.76794,1.05379,2.94663,7.96999,1.0014,0.05,0.05,0.05,0.120315,0.178965,0.10885
0.00562572,0.00241594,0.00597615,0.310673,1.7666,1.05432,2.95049,7.98654,1.00162,0.0501052,0.05,0.05,0.120061,0.179079,0.108965
0.00574538,0.00241771,0.00622462,0.310903,1.76906,1.0556,2.95469,8.00361,1.00186,0.05,0.05,0.05,0.120138,0.179163,0.109015
0.00547764,0.00241763,0.00556819,0.311111,1.77122,1.0567,2.95881,8.02053,1.00211,0.05,0.05,0.0500915,0.12026,0.179271,0.108949
0.00552234,0.00241822,0.00574921,0.311299,1.77332,1.05779,2.96291,8.03743,1.00237,0.05,0.05,0.0501842,0.120384,0.179372,0.108868
0.00561669,0.00241904,0.00599386,0.311534,1.77544,1.05906,2.96711,8.05445,1.00264,0.05,0.05,0.05,0.120486,0.179496,0.108875
0.00572955,0.00241701,0.00624806,0.311506,1.77786,1.05791,2.97034,8.07153,1,0.05,0.05,0.0501044,0.120442,0.17961,0.108697
0.00545831,0.00241677,0.00558983,0.311707,1.78003,1.05893,2.97443,8.08855,1.0001,0.05,0.05,0.050212,0.120567,0.179726,0.108598
0.00549286,0.0024161,0.00576847,0.311885,1.7817,1.05983,2.97847,8.10545,1.00022,0.05,0.05,0.0500168,0.120691,0.179849,0.108449
0.00557678,0.00241801,0.00600515,0.31211,1.78325,1.061,2.98263,8.12235,1.00035,0.05,0.05,0.05,0.120812,0.179856,0.108404
0.00568612,0.00242049,0.00624443,0.312332,1.78482,1.06235,2.98686,8.13933,1.0005,0.05,0.05,0.05,0.120909,0.179832,0.108431
0.00541307,0.0024199,0.00553296,0.312525,1.78555,1.0634,2.99097,8.15642,1.00066,0.0500631,0.05,0.05,0.120811,0.179944,0.108555
0.00551676,0.00241974,0.00577548,0.312729,1.78583,1.06446,2.9951,8.17344,1.00083,0.05,0.05,0.05,0.120727,0.180061,0.108676
0.00563759,0.00242073,0.00602925,0.312941,1.78733,1.06562,2.99929,8.19071,1.00101,0.05,0.05,0.05,0.120691,0.180183,0.10879
0.00575646,0.00242211,0.0062826,0.313193,1.78986,1.06691,3.00354,8.20808,1.00121,0.05,0.05,0.05,0.120776,0.180308,0.108827
0.00548459,0.00242183,0.00560635,0.313409,1.79209,1.06821,3.00776,8.22531,1.00142,0.05,0.05,0.05,0.120887,0.180419,0.108809
0.00559269,0.00242237,0.00585092,0.313634,1.79353,1.06942,3.01196,8.24262,1.00165,0.05,0.05,0.05,0.120841,0.180541,0.108924
0.00571548,0.00242098,0.00609392,0.31373,1.7918,1.06988,3.01585,8.25949,1.00188,0.0501246,0.05,0.05,0.120568,0.180665,0.109037
0.00584023,0.00242179,0.00633267,0.313941,1.79366,1.0711,3.02007,8.27689,1.00214,0.05,0.05,0.05,0.120547,0.180783,0.109145
0.00555702,0.00242198,0.00562456,0.314166,1.79578,1.07237,3.02432,8.29433,1.0024,0.05,0.05,0.05,0.120546,0.180894,0.109246
0.00564718,0.00242192,0.00584502,0.314376,1.79628,1.07358,3.02855,8.31138,1.00268,0.05,0.05,0.05,0.120511,0.180887,0.109356
0.00574536,0.00241853,0.00607956,0.314316,1.79562,1.07235,3.0318,8.32814,1,0.05,0.05,0.05,0.120308,0.180765,0.10932
0.00583947,0.0024187,0.00630841,0.314535,1.79529,1.07366,3.03607,8.34475,1.00011,0.05,0.05,0.05,0.1204,0.180545,0.109332
0.00555574,0.00241925,0.00561293,0.314775,1.79698,1.07497,3.04036,8.36197,1.00023,0.05,0.05,0.05,0.120458,0.180462,0.10939
0.00562798,0.0024202,0.00581828,0.315,1.79943,1.07635,3.04466,8.37934,1.00036,0.05,0.05,0.05,0.120534,0.180439,0.109431
0.00573084,0.00241958,0.00605189,0.31518,1.79864,1.07736,3.04882,8.39606,1.00051,0.05,0.05,0.05,0.120409,0.180131,0.109555
0.00584082,0.00241749,0.00625625,0.315304,1.79813,1.07782,3.05274,8.41311,1.00067,0.0500663,0.05,0.05,0.120117,0.180025,0.109667
0.00550193,0.00240956,0.00545766,0.315143,1.79218,1.07665,3.05596,8.42906,1.00084,0.05,0.05,0.05,0.119409,0.17972,0.10966
0.00561352,0.00240639,0.00569748,0.315184,1.79125,1.07671,3.05975,8.44596,1.00102,0.05,0.05,0.05,0.119026,0.179482,0.109753
0.00572961,0.00240657,0.00593965,0.315355,1.79299,1.07771,3.06395,8.4633,1.00122,0.05,0.05,0.05,0.118926,0.17929,0.109876
0.00584617,0.0024078,0.0061843,0.315589,1.79502,1.07902,3.06826,8.48059,1.00144,0.05,0.05,0.05,0.11899,0.179144,0.109929
0.00557373,0.00240899,0.00553201,0.315838,1.79697,1.08032,3.07258,8.4979,1.00166,0.05,0.05,0.0500036,0.119077,0.179032,0.109956
0.00563004,0.00241012,0.00572241,0.316082,1.79882,1.0816,3.07689,8.51523,1.0019,0.05,0.05,0.0501165,0.119175,0.179007,0.109963
0.00570302,0.00241098,0.00594048,0.316282,1.79892,1.08284,3.08117,8.53201,1.00216,0.05,0.05,0.05,0.119286,0.178705,0.109934
0.00579697,0.00241209,0.00617161,0.316497,1.79878,1.08411,3.08546,8.54871,1.00243,0.05,0.05,0.05,0.119392,0.178273,0.109922
0.00551782,0.00241323,0.00551749,0.316726,1.79973,1.08538,3.08976,8.56571,1.00271,0.05,0.05,0.05,0.119499,0.177921,0.109904
0.00559254,0.00241133,0.00572651,0.316689,1.80204,1.08427,3.09308,8.58319,1,0.05,0.05,0.05,0.119418,0.177764,0.109792
0.00567787,0.00241292,0.005956,0.316912,1.80251,1.08555,3.09742,8.60013,1.00011,0.05,0.05,0.05,0.119498,0.177276,0.109827
0.00576404,0.00241375,0.00618377,0.317088,1.80162,1.08664,3.10162,8.61662,1.00023,0.05,0.05,0.05,0.119622,0.176689,0.109723
0.0054893,0.00241517,0.00552283,0.31732,1.80378,1.08795,3.10597,8.63405,1.00036,0.05,0.05,0.05,0.11971,0.176382,0.109752
0.00557242,0.00241659,0.00574274,0.317538,1.80632,1.08929,3.11033,8.65168,1.00051,0.05,0.05,0.05,0.119793,0.176237,0.109789
0.005684,0.0024183,0.00598229,0.317762,1.80803,1.09056,3.11468,8.6691,1.00067,0.05,0.05,0.05,0.119798,0.17584,0.109887
0.00580257,0.00241967,0.0062121,0.317973,1.81007,1.09175,3.11901,8.68672,1.00085,0.05,0.05,0.05,0.11978,0.175555,0.109995
0.00552473,0.00242095,0.00554645,0.318198,1.8126,1.09308,3.12339,8.70442,1.00104,0.05,0.05,0.05,0.119858,0.175402,0.11004
0.00561171,0.00242208,0.00577249,0.318425,1.81468,1.0944,3.12777,8.72218,1.00124,0.05,0.05,0.05,0.119925,0.175432,0.110097
0.00572093,0.00242347,0.0060242,0.318644,1.81716,1.0957,3.13215,8.73999,1.00146,0.05,0.05,0.05,0.120012,0.17538,0.11013
0.00583833,0.0024247,0.00627844,0.318857,1.81935,1.09696,3.13647,8.75766,1.00169,0.05,0.05,0.0500787,0.120127,0.175303,0.110099
0.00555107,0.00242573,0.00558066,0.319093,1.82189,1.09827,3.14086,8.77564,1.00194,0.05,0.05,0.05,0.120146,0.175302,0.110193
0.00565235,0.00242586,0.00581636,0.319282,1.82157,1.09942,3.14517,8.7932,1.00219,0.05,0.05,0.05,0.120095,0.175427,0.11031
0.00576932,0.00242676,0.00606536,0.319514,1.82306,1.10073,3.14956,8.81106,1.00247,0.05,0.05,0.05,0.120119,0.17555,0.1104
0.00589408,0.00242766,0.0063018,0.319736,1.82498,1.10201,3.15395,8.82906,1.00275,0.05,0.05,0.05,0.120123,0.175671,0.110501
0.00559507,0.00242496,0.00559081,0.319681,1.82637,1.10079,3.15725,8.84695,1,0.05,0.05,0.05,0.119948,0.175794,0.110454
0.00571057,0.00242412,0.0058337,0.319829,1.82603,1.10161,3.16141,8.86465,1.00011,0.05,0.05,0.05,0.119773,0.175903,0.110578
0.00583813,0.00242381,0.00608188,0.319995,1.82716,1.10253,3.16563,8.88267,1.00023,0.05,0.05,0.05,0.11963,0.176025,0.110703
0.00596054,0.00242349,0.00630091,0.320172,1.82816,1.10344,3.16987,8.90066,1.00037,0.05,0.05,0.05,0.119498,0.176133,0.110827
0.0056409,0.00242439,0.0055884,0.320384,1.82683,1.10476,3.17429,8.91789,1.00052,0.05,0.05,0.05,0.119548,0.176073,0.1109
0.00568523,0.00242536,0.00576946,0.320629,1.8257,1.10601,3.1787,8.93508,1.00068,0.05,0.05,0.05,0.119649,0.175988,0.110907
0.00574745,0.00242535,0.00597867,0.320798,1.82414,1.10697,3.18298,8.95213,1.00086,0.05,0.05,0.05,0.119774,0.175946,0.110789
0.00584601,0.00242517,0.00622403,0.320974,1.82393,1.10789,3.18723,8.96968,1.00105,0.05,0.05,0.05,0.119898,0.17607,0.11065
0.00555197,0.00242426,0.00556951,0.321092,1.82316,1.10861,3.19136,8.98713,1.00126,0.05,0.05,0.05,0.120015,0.176184,0.110443
0.00561437,0.00242502,0.00577232,0.321304,1.82509,1.10975,3.19574,9.00523,1.00148,0.05,0.05,0.0500314,0.120134,0.176309,0.110397
0.0056735,0.00242391,0.00598825,0.321397,1.82407,1.11038,3.19984,9.02265,1.00171,0.05,0.05,0.05,0.120246,0.176396,0.110167
0.00577131,0.0024249,0.00622304,0.321598,1.8239,1.11155,3.20418,9.04029,1.00196,0.05,0.05,0.05,0.120368,0.176367,0.110097
0.00549775,0.00242614,0.00553876,0.32182,1.82641,1.11286,3.20864,9.0587,1.00222,0.05,0.05,0.05,0.120398,0.176473,0.110184
0.00558317,0.00242719,0.00575999,0.322049,1.8275,1.11422,3.21311,9.07677,1.0025,0.05,0.05,0.05,0.120449,0.176548,0.110257
0.0057087,0.00242801,0.00601177,0.322245,1.8297,1.11539,3.21752,9.09524,1.00279,0.05,0.05,0.05,0.12042,0.176673,0.110368
0.00582946,0.00242561,0.00626217,0.322176,1.8319,1.11408,3.22084,9.11351,1,0.05,0.05,0.05,0.120361,0.176794,0.110202
0.00554904,0.0024268,0.00558239,0.322407,1.83442,1.11544,3.22532,9.13192,1.00011,0.05,0.05,0.05,0.120439,0.17691,0.110246
0.0056565,0.00242764,0.00582157,0.322628,1.83644,1.11667,3.22975,9.15037,1.00024,0.05,0.05,0.05,0.120416,0.177016,0.110356
0.00578223,0.00242833,0.0060739,0.322819,1.83839,1.11783,3.23414,9.16889,1.00037,0.05,0.05,0.05,0.120353,0.17713,0.110476
0.00590712,0.00242755,0.00628607,0.322938,1.83941,1.11855,3.23837,9.18736,1.00053,0.0500835,0.05,0.05,0.120162,0.177254,0.110598
0.00559046,0.00242866,0.0055688,0.323185,1.83742,1.1199,3.24285,9.20481,1.00069,0.05,0.05,0.05,0.120215,0.177112,0.110669
0.00563632,0.00242988,0.00574661,0.323411,1.8332,1.12124,3.24732,9.22172,1.00087,0.05,0.05,0.05,0.120224,0.176731,0.110768
0.00576341,0.00242916,0.00599369,0.323551,1.83461,1.12202,3.25155,9.24024,1.00107,0.0500462,0.05,0.05,0.120038,0.176805,0.110891
0.00589133,0.00242956,0.00622373,0.323743,1.83685,1.1231,3.25594,9.25881,1.00128,0.05,0.05,0.05,0.119956,0.176858,0.111013
0.00559594,0.00243062,0.00553078,0.323937,1.83774,1.12437,3.26039,9.27698,1.0015,0.05,0.05,0.05,0.119934,0.176739,0.111124
0.00569925,0.00243113,0.00576351,0.32413,1.83984,1.12549,3.26479,9.29551,1.00173,0.05,0.05,0.05,0.119854,0.176732,0.111246
0.00582682,0.00243115,0.00601396,0.324307,1.842,1.12639,3.26913,9.31422,1.00199,0.05,0.05,0.05,0.119731,0.176806,0.111371
0.00593899,0.00243199,0.00626367,0.324525,1.84318,1.12763,3.27359,9.33245,1.00225,0.05,0.05,0.0501123,0.119848,0.176879,0.111334
0.00565374,0.00243322,0.00558634,0.324759,1.84585,1.12901,3.27813,9.35112,1.00253,0.05,0.05,0.05,0.119904,0.176978,0.111403
0.00575448,0.00243412,0.00581923,0.324976,1.84803,1.13022,3.28259,9.36976,1.00282,0.05,0.05,0.05,0.11986,0.17699,0.111519
0.00588224,0.00243101,0.00607225,0.324851,1.85031,1.12862,3.28581,9.38856,1,0.05,0.05,0.05,0.119593,0.177065,0.111485
0.00600843,0.00243241,0.00632454,0.3251,1.85286,1.1299,3.29036,9.40729,1.00011,0.05,0.05,0.05,0.119649,0.177142,0.111554
0.005697,0.00243183,0.00565007,0.32525,1.85269,1.13073,3.29465,9.42538,1.00024,0.05,0.05,0.05,0.119771,0.177224,0.111381
0.00575175,0.00243257,0.00584868,0.325455,1.85457,1.13191,3.29912,9.44396,1.00038,0.05,0.05,0.0501084,0.11989,0.177319,0.111332
0.00584926,0.00243365,0.00609505,0.32568,1.85662,1.13313,3.30363,9.46259,1.00053,0.05,0.05,0.0500812,0.120004,0.17738,0.111308
0.00596378,0.00243426,0.00635101,0.325883,1.85836,1.13428,3.30808,9.48114,1.0007,0.05,0.05,0.0501365,0.120127,0.177442,0.111232
0.00566886,0.00243551,0.00564611,0.326126,1.86122,1.13566,3.31265,9.50008,1.00088,0.05,0.05,0.05,0.120188,0.177536,0.111297
0.00577899,0.00243656,0.00588671,0.326311,1.86324,1.13689,3.31716,9.51896,1.00108,0.05,0.05,0.05,0.120156,0.177571,0.111411
0.00590214,0.00243748,0.00614505,0.326521,1.86538,1.13815,3.32171,9.53793,1.00129,0.05,0.05,0.05,0.120157,0.177694,0.111512
0.00602307,0.00243842,0.00640349,0.326752,1.86741,1.1394,3.32625,9.55677,1.00152,0.05,0.05,0.05,0.120262,0.177819,0.111507
0.00570616,0.00243735,0.00570663,0.326906,1.86756,1.14027,3.33054,9.57517,1.00176,0.05,0.05,0.05,0.120382,0.177927,0.111318
0.00581482,0.0024386,0.00594928,0.327133,1.87009,1.1416,3.33512,9.59427,1.00201,0.05,0.05,0.05,0.120403,0.178044,0.11141
0.00593687,0.00243974,0.0062088,0.327373,1.87233,1.14294,3.33972,9.61332,1.00228,0.05,0.05,0.05,0.120442,0.178158,0.111491
0.0060663,0.00244097,0.00646202,0.327615,1.87473,1.14426,3.34432,9.6324,1.00256,0.05,0.05,0.05,0.120509,0.178272,0.111548
0.00575007,0.00244081,0.00574892,0.327805,1.87596,1.14531,3.34874,9.65112,1.00286,0.05,0.05,0.05,0.120634,0.178367,0.111421
0.00583593,0.00243872,0.00597492,0.327748,1.87861,1.1439,3.35211,9.67026,1,0.05,0.05,0.05,0.120549,0.178485,0.111294
0.00591403,0.00243818,0.00621183,0.327911,1.8797,1.14472,3.35647,9.68902,1.00011,0.05,0.05,0.05,0.120671,0.178608,0.111123
0.00600993,0.00243641,0.00646414,0.328006,1.87925,1.14523,3.36065,9.7075,1.00024,0.05,0.05,0.05,0.120777,0.178699,0.11086
0.00568912,0.00243558,0.00575185,0.328153,1.87971,1.14602,3.36497,9.72618,1.00038,0.05,0.05,0.05,0.120897,0.178743,0.110669
0.00573772,0.00243541,0.00595032,0.328328,1.88145,1.14702,3.36939,9.74512,1.00054,0.05,0.05,0.05,0.121021,0.178801,0.110531
0.00585938,0.00243672,0.0062146,0.328573,1.88416,1.14835,3.37402,9.76443,1.00071,0.05,0.05,0.05,0.121099,0.178922,0.110577
0.00598235,0.00243737,0.00648184,0.328784,1.88689,1.14952,3.37856,9.78369,1.00089,0.05,0.05,0.05,0.12122,0.179041,0.110517
0.00567791,0.00243788,0.00576352,0.32899,1.88962,1.15066,3.38308,9.80295,1.00109,0.05,0.05,0.0500625,0.121343,0.179161,0.110442
0.0057564,0.00243885,0.00598458,0.329216,1.89225,1.15191,3.38768,9.82226,1.00131,0.05,0.05,0.05,0.121457,0.179282,0.110417
0.00585084,0.00243963,0.00623254,0.329438,1.89332,1.15314,3.39225,9.84126,1.00154,0.05,0.05,0.05,0.121574,0.179285,0.110378
0.00596272,0.0024404,0.00648525,0.329648,1.89444,1.1544,3.39681,9.86024,1.00178,0.05,0.05,0.05,0.121693,0.179241,0.110325
0.00565525,0.00244158,0.00573675,0.329876,1.89661,1.15573,3.40146,9.87965,1.00204,0.05,0.05,0.05,0.121716,0.179337,0.110415
0.00575329,0.00244285,0.00597886,0.330109,1.89882,1.15709,3.40613,9.89908,1.00231,0.05,0.05,0.05,0.121773,0.179462,0.110483
0.00587398,0.00244414,0.00624514,0.330358,1.90171,1.15847,3.4108,9.91859,1.0026,0.05,0.05,0.05,0.121849,0.179576,0.11053
0.0060067,0.00244545,0.00650556,0.330596,1.90452,1.15984,3.41547,9.93811,1.0029,0.05,0.05,0.05,0.121922,0.179676,0.110581
0.00570134,0.0024432,0.00577093,0.330521,1.90726,1.15842,3.41886,9.95764,1,0.05,0.05,0.05,0.121827,0.179801,0.110461
0.00576427,0.00244449,0.00598369,0.330776,1.90697,1.15974,3.42353,9.97663,1.00011,0.05,0.05,0.05,0.121921,0.179806,0.110485
0.00582648,0.00244555,0.00619404,0.330972,1.90358,1.1609,3.42813,9.99496,1.00024,0.05,0.05,0.05,0.122042,0.179599,0.110434
0.00594197,0.00244624,0.00645744,0.331175,1.90546,1.16203,3.43272,10.0143,1.00039,0.05,0.05,0.05,0.122165,0.17964,0.110365
0.00564166,0.00244681,0.00574752,0.331389,1.90781,1.16324,3.43731,10.0337,1.00055,0.05,0.05,0.05,0.122288,0.1797,0.110295
0.00575245,0.00244785,0.00601076,0.331612,1.90924,1.16453,3.44196,10.0532,1.00072,0.050019,0.05,0.05,0.122275,0.179775,0.110403
0.00586714,0.00244942,0.00626776,0.331849,1.90946,1.16589,3.44664,10.0725,1.00091,0.05,0.05,0.05,0.122293,0.179692,0.110498
0.00599229,0.00245051,0.00650562,0.33207,1.91042,1.16714,3.45127,10.0919,1.00111,0.05,0.05,0.05,0.12226,0.179694,0.110612
0.0056815,0.00245127,0.00574367,0.332274,1.91218,1.16836,3.45591,10.1116,1.00133,0.0500066,0.05,0.05,0.122221,0.179748,0.110728
0.00577433,0.00245298,0.00598112,0.332519,1.91288,1.16971,3.4606,10.1309,1.00156,0.05,0.05,0.05,0.122232,0.179611,0.110827
0.00588677,0.00245462,0.00622863,0.332736,1.91271,1.17103,3.46525,10.15,1.00181,0.05,0.05,0.05,0.122209,0.179387,0.11094
0.0060047,0.00245292,0.00643912,0.332833,1.91159,1.17152,3.4695,10.1694,1.00207,0.050116,0.05,0.05,0.121929,0.17941,0.11105
0.00568366,0.00245033,0.00566231,0.332908,1.91108,1.17196,3.47373,10.1889,1.00234,0.0501965,0.05,0.05,0.121628,0.179519,0.111156
0.00581527,0.0024466,0.0059221,0.332893,1.90832,1.17169,3.47762,10.2081,1.00263,0.0502017,0.05,0.05,0.121169,0.179502,0.111218
0.0059438,0.00244671,0.00617402,0.333031,1.90906,1.17252,3.48207,10.2276,1.00293,0.0500987,0.05,0.05,0.120996,0.179416,0.111342
0.00607071,0.00244455,0.00641781,0.332917,1.91109,1.1709,3.48538,10.2473,1,0.05,0.05,0.05,0.12077,0.179328,0.111297
0.005765,0.00244425,0.00568303,0.333093,1.91351,1.17192,3.48994,10.2672,1.00012,0.05,0.05,0.05,0.120655,0.179411,0.111422
0.00587537,0.002445,0.00592413,0.333291,1.91604,1.17298,3.49452,10.287,1.00025,0.05,0.05,0.05,0.120562,0.179409,0.111546
0.00600547,0.00244587,0.00618752,0.333496,1.91878,1.17406,3.49916,10.3069,1.00039,0.05,0.05,0.05,0.120497,0.179465,0.111667
0.00612541,0.00244701,0.0064492,0.333715,1.91986,1.17537,3.50388,10.3264,1.00055,0.05,0.05,0.0500772,0.120608,0.179532,0.111654
0.00581818,0.00244796,0.00573161,0.333954,1.92253,1.1767,3.50863,10.3463,1.00073,0.05,0.05,0.05,0.120645,0.179623,0.111738
0.00588609,0.00244969,0.00594409,0.334195,1.92471,1.17804,3.5134,10.3661,1.00092,0.05,0.05,0.0500308,0.120727,0.17966,0.111783
0.00594965,0.00245187,0.00616487,0.334418,1.92278,1.17927,3.5181,10.3851,1.00112,0.05,0.05,0.05,0.120848,0.179394,0.111742
0.00606736,0.00245468,0.00641086,0.334648,1.92385,1.18062,3.52287,10.4046,1.00134,0.05,0.05,0.05,0.120902,0.179157,0.11182
0.00575727,0.00245627,0.00570593,0.334892,1.92539,1.18194,3.52764,10.4242,1.00158,0.05,0.05,0.05,0.121002,0.179,0.111841
0.00581903,0.00245771,0.00591573,0.33512,1.92744,1.18326,3.53239,10.4439,1.00182,0.05,0.05,0.050092,0.121113,0.178965,0.111834
0.00589654,0.00246173,0.00613277,0.335352,1.92405,1.18461,3.53715,10.4626,1.00209,0.05,0.05,0.05,0.121133,0.178237,0.111937
0.00600524,0.0024649,0.00635656,0.335563,1.92415,1.18593,3.54188,10.482,1.00237,0.05,0.05,0.05,0.121122,0.177721,0.11205
0.00569926,0.00246327,0.00562554,0.33575,1.92507,1.18692,3.5465,10.5019,1.00266,0.05,0.05,0.05,0.121015,0.177793,0.112175
0.00576439,0.00246312,0.00582384,0.336,1.92415,1.18831,3.55131,10.5215,1.00297,0.05,0.05,0.05,0.121084,0.177918,0.11223
0.00586741,0.0024596,0.00606272,0.335909,1.92358,1.18673,3.55471,10.5411,1,0.05,0.05,0.05,0.120945,0.178037,0.112143
0.00598095,0.00245951,0.00630148,0.33616,1.92263,1.18816,3.55952,10.5607,1.00012,0.05,0.05,0.05,0.121025,0.178131,0.112181
0.0056899,0.00245927,0.00559917,0.336375,1.92525,1.18931,3.56422,10.581,1.00025,0.05,0.05,0.05,0.12095,0.178253,0.112303
0.00580063,0.00245879,0.00584168,0.336556,1.92662,1.19035,3.56887,10.6011,1.0004,0.05,0.05,0.05,0.120837,0.178363,0.112427
0.00592852,0.0024594,0.00610545,0.336778,1.92917,1.19151,3.5736,10.6214,1.00056,0.05,0.05,0.05,0.12078,0.178488,0.112545
0.00606228,0.00246037,0.00635998,0.337046,1.93168,1.1929,3.57842,10.6416,1.00074,0.05,0.05,0.05,0.12081,0.178606,0.11263
0.00576154,0.00246014,0.00563961,0.337236,1.934,1.19401,3.58314,10.6619,1.00093,0.05,0.05,0.05,0.120732,0.178721,0.112752
0.0058436,0.00246164,0.00586392,0.337473,1.93663,1.19542,3.58798,10.6822,1.00114,0.05,0.05,0.05,0.120793,0.178845,0.112816
0.00594374,0.00246458,0.00609836,0.337697,1.93588,1.19675,3.59279,10.702,1.00136,0.05,0.05,0.05,0.120799,0.178739,0.112921
0.00606004,0.00246762,0.00633644,0.33794,1.93655,1.19808,3.59762,10.722,1.0016,0.05,0.05,0.05,0.120824,0.178647,0.113018
0.00575574,0.00246918,0.00565114,0.338179,1.93767,1.19937,3.60245,10.7421,1.00185,0.05,0.05,0.05,0.120932,0.178622,0.11302
0.00579156,0.00246949,0.00582974,0.338365,1.93784,1.20044,3.60714,10.762,1.00212,0.05,0.05,0.05,0.121057,0.178695,0.112911
0.00590039,0.00247253,0.00607814,0.338619,1.93923,1.20182,3.61201,10.7821,1.0024,0.05,0.05,0.05,0.121116,0.178578,0.112986
0.00601532,0.00247615,0.00632262,0.338861,1.94005,1.20317,3.61688,10.8021,1.0027,0.05,0.05,0.05,0.121197,0.178367,0.113042
0.00570744,0.00247643,0.00564535,0.33905,1.93994,1.20418,3.62157,10.8219,1.00301,0.05,0.05,0.05,0.121321,0.178216,0.11293
0.00579614,0.00247395,0.00587268,0.338954,1.94236,1.20256,3.62499,10.8423,1,0.05,0.05,0.05,0.121223,0.1783,0.112802
0.00591079,0.00247653,0.00613073,0.339215,1.94488,1.20397,3.62987,10.8627,1.00012,0.05,0.05,0.05,0.12131,0.178235,0.112847
0.00603944,0.0024794,0.00637261,0.33947,1.94711,1.20532,3.63473,10.8831,1.00025,0.05,0.05,0.05,0.121325,0.178118,0.11295
0.00573671,0.00247905,0.00565712,0.339711,1.94982,1.20668,3.6396,10.9037,1.0004,0.05,0.05,0.05,0.121332,0.178183,0.113053
0.00582426,0.00247716,0.00587439,0.339936,1.94592,1.20776,3.64435,10.9236,1.00057,0.05,0.05,0.05,0.12124,0.178242,0.113174
0.00592684,0.00247573,0.00609893,0.340135,1.94296,1.20896,3.64916,10.9435,1.00075,0.05,0.05,0.05,0.121178,0.178251,0.11329
0.00605231,0.00247508,0.00632369,0.340355,1.94351,1.21014,3.65395,10.9639,1.00094,0.05,0.05,0.05,0.121098,0.178319,0.11341
0.00573641,0.00247147,0.00557062,0.340413,1.94344,1.21038,3.65828,10.9844,1.00115,0.0500361,0.05,0.05,0.120768,0.178428,0.113511
0.00585012,0.00247193,0.00581193,0.340604,1.94605,1.21143,3.66305,11.0052,1.00138,0.05,0.05,0.05,0.120672,0.17855,0.113634
0.00596457,0.00247365,0.00606919,0.340827,1.94861,1.21281,3.66797,11.0259,1.00162,0.05,0.05,0.05,0.120723,0.178675,0.113706
0.00608741,0.00247579,0.00632517,0.341077,1.9501,1.21418,3.67288,11.0464,1.00187,0.05,0.05,0.05,0.120826,0.178773,0.113716
0.00579226,0.00247666,0.00563255,0.34132,1.95294,1.21557,3.6778,11.0672,1.00214,0.05,0.05,0.05,0.120862,0.178888,0.113801
0.0058905,0.00247798,0.0058674,0.341556,1.95585,1.21694,3.68272,11.0881,1.00243,0.05,0.05,0.05,0.120879,0.179013,0.113896
0.00600786,0.00248068,0.0061177,0.341807,1.95727,1.21829,3.68762,11.1088,1.00273,0.05,0.05,0.05,0.120872,0.179019,0.114005
0.00613728,0.00248182,0.00634271,0.341974,1.9587,1.21914,3.69228,11.1296,1.00305,0.05,0.05,0.05,0.120716,0.179056,0.114129
0.00583912,0.00247835,0.00564338,0.341864,1.96167,1.21743,3.69568,11.1505,1,0.05,0.05,0.05,0.120543,0.179164,0.114056
0.00595152,0.0024795,0.00589015,0.342085,1.96445,1.21859,3.70051,11.1715,1.00012,0.05,0.05,0.05,0.120475,0.17926,0.114177
0.00606935,0.00248225,0.00613605,0.342289,1.96481,1.21969,3.7053,11.1921,1.00026,0.05,0.05,0.05,0.120391,0.179146,0.114301
0.00619992,0.00248515,0.00636926,0.342504,1.96635,1.22084,3.71014,11.2128,1.00041,0.05,0.05,0.05,0.120336,0.179054,0.114422
0.00588337,0.00248668,0.00565872,0.34275,1.96814,1.22222,3.71509,11.2336,1.00057,0.05,0.05,0.05,0.120365,0.178945,0.114519
0.00599245,0.00248775,0.0058954,0.34297,1.97101,1.22346,3.71997,11.2546,1.00076,0.05,0.05,0.05,0.120325,0.17902,0.114636
0.00612561,0.00248924,0.00615676,0.343174,1.97395,1.22469,3.72485,11.2756,1.00095,0.05,0.05,0.05,0.120277,0.179072,0.114756
0.006266,0.00249019,0.00640481,0.34337,1.97686,1.22587,3.72969,11.2967,1.00117,0.05,0.05,0.05,0.120201,0.179148,0.114879
0.00592794,0.00248573,0.0056489,0.343484,1.97695,1.22655,3.73429,11.3176,1.00139,0.05,0.05,0.05,0.11997,0.179263,0.114997
0.00602935,0.00248129,0.0058729,0.343552,1.97307,1.22684,3.73872,11.338,1.00163,0.05,0.05,0.05,0.119645,0.179259,0.115101
0.00614937,0.0024793,0.00610632,0.343711,1.97243,1.22774,3.74347,11.3587,1.00189,0.05,0.05,0.05,0.119481,0.179256,0.115226
0.00628038,0.00247808,0.00633857,0.343876,1.97379,1.22857,3.74819,11.3797,1.00217,0.05,0.05,0.05,0.119305,0.179315,0.11535
0.00592708,0.00247547,0.00560096,0.34409,1.97002,1.2298,3.75311,11.3998,1.00245,0.05,0.05,0.05,0.119247,0.17903,0.115463
0.00600123,0.00247414,0.00579871,0.344275,1.96772,1.23089,3.75799,11.42,1.00276,0.05,0.05,0.05,0.119148,0.178722,0.115584
0.00607868,0.00247382,0.00600942,0.344502,1.96466,1.23222,3.76299,11.4401,1.00308,0.05,0.05,0.05,0.119165,0.178304,0.115665
0.006133,0.00246909,0.00620025,0.344324,1.95664,1.23026,3.7663,11.4593,1,0.05,0.05,0.05,0.119097,0.177624,0.115416
0.00572797,0.00246538,0.00547613,0.344403,1.94044,1.2308,3.77077,11.4773,1.00012,0.05,0.05,0.05,0.119211,0.176395,0.115116
0.00559796,0.00246048,0.00549001,0.344387,1.92232,1.23082,3.77492,11.4949,1.00026,0.05,0.05,0.05,0.119289,0.174881,0.114667
0.00542958,0.002457,0.00548008,0.344341,1.89229,1.23105,3.77912,11.5099,1.00041,0.05,0.05,0.05,0.119381,0.171797,0.114255
0.00544472,0.00245726,0.00562337,0.344491,1.88229,1.23209,3.78389,11.5277,1.00058,0.05,0.05,0.05,0.119506,0.169694,0.114108
0.00515215,0.00245739,0.0050347,0.344615,1.87275,1.23301,3.78858,11.5455,1.00076,0.05,0.05,0.05,0.11963,0.167472,0.113919
0.00516532,0.00245735,0.00518172,0.344733,1.86935,1.23386,3.79326,11.5646,1.00096,0.05,0.05,0.05,0.119752,0.166051,0.113724
0.00514666,0.00245909,0.0052963,0.344874,1.85873,1.23485,3.79799,11.582,1.00117,0.05,0.05,0.05,0.119876,0.163411,0.113563
0.00511042,0.00246253,0.00537122,0.345014,1.8448,1.23593,3.80277,11.5984,1.0014,0.05,0.05,0.05,0.119999,0.159995,0.113437
0.00483754,0.00246468,0.00482252,0.345151,1.83694,1.237,3.80754,11.6158,1.00165,0.05,0.05,0.05,0.120123,0.157084,0.113305
0.00491011,0.00246609,0.005022,0.345362,1.83778,1.23823,3.81251,11.6356,1.00191,0.05,0.05,0.05,0.120239,0.156027,0.113267
0.00496187,0.00246734,0.00520632,0.345474,1.8354,1.23899,3.81713,11.6548,1.00218,0.05,0.05,0.05,0.120355,0.154426,0.113054
0.00504133,0.00247056,0.00538606,0.345676,1.83513,1.24023,3.82209,11.6742,1.00248,0.05,0.05,0.05,0.120473,0.152878,0.113016
0.00483799,0.00246939,0.00489943,0.34584,1.83542,1.24124,3.82687,11.6943,1.00278,0.05,0.05,0.05,0.120597,0.152028,0.112871
0.00492539,0.00246945,0.00510557,0.346082,1.83373,1.2426,3.83194,11.715,1.00311,0.05,0.05,0.05,0.120674,0.151906,0.112919
0.00501809,0.00246565,0.00531682,0.345925,1.83275,1.24063,3.83525,11.7357,1,0.05,0.05,0.05,0.120608,0.151818,0.112688
0.00512129,0.00246634,0.00550594,0.346155,1.83298,1.24201,3.84032,11.7566,1.00012,0.05,0.05,0.05,0.1207,0.151759,0.112718
0.00489082,0.00246462,0.00495363,0.346384,1.83084,1.24343,3.84539,11.7776,1.00026,0.05,0.05,0.05,0.120794,0.151856,0.112739
0.00496866,0.00246395,0.00514019,0.34658,1.82623,1.2447,3.85041,11.7984,1.00042,0.05,0.05,0.05,0.120769,0.151976,0.112849
0.00504972,0.00246387,0.00531768,0.346809,1.82291,1.24612,3.8555,11.8193,1.00059,0.05,0.05,0.05,0.120814,0.15208,0.112925
0.00513769,0.00246396,0.00547185,0.347021,1.82137,1.24748,3.86056,11.8404,1.00077,0.05,0.05,0.05,0.120813,0.152186,0.113027
0.00490569,0.00246329,0.00490844,0.347258,1.81999,1.24884,3.86561,11.8615,1.00097,0.05,0.05,0.05,0.120802,0.152268,0.113133
0.00499416,0.00246198,0.00509311,0.347403,1.81735,1.24967,3.87041,11.8825,1.00119,0.05,0.05,0.05,0.120626,0.15228,0.113256
0.00506823,0.00246215,0.00525688,0.347605,1.8141,1.25099,3.87545,11.9033,1.00142,0.05,0.05,0.05,0.120602,0.152154,0.113366
0.00515787,0.00246262,0.00541335,0.347834,1.81312,1.25232,3.88051,11.9243,1.00167,0.05,0.05,0.05,0.120583,0.152085,0.113474
0.00492269,0.00246247,0.00485655,0.348011,1.81177,1.25348,3.88549,11.9453,1.00193,0.05,0.05,0.05,0.120503,0.151929,0.113595
0.00500096,0.00246358,0.00504429,0.34822,1.81187,1.25483,3.8906,11.9665,1.00221,0.05,0.05,0.05,0.120529,0.151839,0.113683
0.00507888,0.0024643,0.00523502,0.348432,1.81127,1.25609,3.89566,11.9876,1.00251,0.05,0.05,0.05,0.120645,0.151766,0.113643
0.0051771,0.00246526,0.0054331,0.348651,1.81188,1.25737,3.90075,12.009,1.00282,0.05,0.05,0.05,0.120753,0.15177,0.113629
0.0049544,0.00246461,0.0049353,0.348805,1.81156,1.25819,3.9056,12.0303,1.00315,0.05,0.05,0.05,0.120874,0.151791,0.113459
0.00499442,0.00246004,0.00510442,0.348573,1.81135,1.25567,3.90869,12.0516,1,0.05,0.05,0.05,0.120804,0.151812,0.11309
0.00507875,0.00246053,0.00530611,0.348774,1.81241,1.25685,3.91371,12.0732,1.00012,0.05,0.05,0.05,0.120927,0.151903,0.113015
0.00518243,0.00246178,0.00550001,0.349003,1.81427,1.25831,3.91886,12.0948,1.00027,0.05,0.05,0.05,0.121014,0.152005,0.113045
0.0049562,0.00246204,0.00493725,0.349213,1.81603,1.25943,3.92387,12.1165,1.00042,0.05,0.05,0.05,0.12093,0.152127,0.113168
0.00505032,0.0024627,0.00513485,0.349422,1.81785,1.26068,3.92893,12.1382,1.00059,0.05,0.05,0.05,0.120869,0.152249,0.113287
0.00515746,0.00246063,0.0053118,0.3495,1.81901,1.26099,3.93352,12.16,1.00078,0.05,0.05,0.05,0.120564,0.152374,0.113392
0.0052627,0.00246111,0.0054899,0.349715,1.8209,1.26215,3.93855,12.1818,1.00098,0.05,0.05,0.05,0.120488,0.152492,0.113514
0.00503342,0.00246135,0.0049357,0.349898,1.8224,1.26328,3.94355,12.2035,1.0012,0.05,0.05,0.05,0.120383,0.15257,0.113638
0.00513806,0.00245802,0.00513197,0.349905,1.8229,1.26322,3.94793,12.2253,1.00143,0.05,0.05,0.05,0.119985,0.152673,0.113719
0.00524516,0.00245812,0.00532448,0.350086,1.82449,1.26423,3.95291,12.2471,1.00168,0.05,0.05,0.05,0.11987,0.152777,0.113844
0.00534586,0.00245933,0.0055119,0.35032,1.82567,1.26562,3.95809,12.2688,1.00195,0.05,0.05,0.05,0.119892,0.152848,0.113936
0.00511561,0.00246044,0.00498056,0.350577,1.82731,1.267,3.96328,12.2907,1.00223,0.05,0.05,0.05,0.119924,0.152957,0.114022
0.00518459,0.00246183,0.00516377,0.350806,1.82888,1.26846,3.96849,12.3126,1.00253,0.05,0.05,0.05,0.119989,0.153077,0.114082
0.00529181,0.00246238,0.00536106,0.350977,1.83072,1.26959,3.97356,12.3345,1.00285,0.05,0.05,0.05,0.119914,0.153202,0.114203
0.00539342,0.00246363,0.00556153,0.351225,1.83203,1.27095,3.97877,12.3564,1.00318,0.05,0.05,0.05,0.119999,0.153325,0.114239
0.00514127,0.00245926,0.00503766,0.351014,1.83212,1.26845,3.98191,12.3783,1,0.05,0.05,0.0501151,0.119932,0.153447,0.113899
0.00513225,0.00245631,0.00516862,0.351034,1.83109,1.26853,3.98639,12.4002,1.00013,0.05,0.05,0.0500337,0.120012,0.153571,0.113533
0.00521196,0.00245692,0.00536899,0.35125,1.83232,1.26972,3.99149,12.4222,1.00027,0.05,0.05,0.05,0.120133,0.153687,0.113467
0.00531291,0.00245796,0.00556942,0.351489,1.8339,1.27107,3.99667,12.4442,1.00042,0.05,0.05,0.05,0.120242,0.153802,0.113456
0.00508195,0.00245919,0.00502268,0.351729,1.8357,1.27248,4.00191,12.4663,1.0006,0.05,0.05,0.05,0.120312,0.153926,0.113511
0.00515524,0.00246049,0.00521287,0.351951,1.83743,1.27387,4.00714,12.4884,1.00079,0.05,0.05,0.05,0.120404,0.154051,0.113536
0.00525163,0.00246183,0.00541734,0.352179,1.83926,1.27534,4.01238,12.5105,1.00099,0.05,0.05,0.05,0.120484,0.154174,0.113577
0.00535656,0.00246175,0.0055838,0.352361,1.84065,1.27635,4.0174,12.5326,1.00121,0.05,0.05,0.05,0.120353,0.154298,0.113702
0.00510661,0.00245926,0.00497989,0.35243,1.84137,1.27661,4.02201,12.5548,1.00145,0.0500515,0.05,0.05,0.120025,0.154393,0.113802
0.00521496,0.00245428,0.00517721,0.35236,1.84127,1.27602,4.02615,12.577,1.0017,0.0501383,0.05,0.05,0.119507,0.154517,0.113844
0.00532775,0.00245113,0.00535724,0.352369,1.8422,1.276,4.03062,12.5992,1.00197,0.0501991,0.05,0.05,0.119118,0.154638,0.113926
0.00543044,0.00244766,0.00550286,0.352384,1.84289,1.27586,4.03504,12.6214,1.00225,0.0501537,0.05,0.05,0.118712,0.15475,0.114003
0.00517753,0.00244695,0.00493288,0.352518,1.84301,1.27664,4.03993,12.6435,1.00255,0.05,0.05,0.05,0.11852,0.154733,0.114125
0.00528901,0.00246307,0.00513191,0.352777,1.84464,1.27798,4.04521,12.6658,1.00286,0.050125,0.050125,0.050125,0.118645,0.154858,0.11425
0.0054033,0.00247984,0.00532938,0.353025,1.84634,1.27938,4.05049,12.6882,1.0032,0.05025,0.05025,0.05025,0.11877,0.154983,0.114375
0.00551951,0.00249344,0.00552614,0.352875,1.84802,1.27738,4.05394,12.7105,1,0.050375,0.050375,0.050375,0.118707,0.155107,0.114319
0.00528529,0.00251145,0.00500889,0.353107,1.8497,1.27878,4.05922,12.7329,1.00013,0.0505,0.0505,0.0505,0.118832,0.155232,0.114444
0.00539958,0.00253014,0.00521011,0.353342,1.85139,1.2802,4.06452,12.7553,1.00027,0.050625,0.050625,0.050625,0.118957,0.155357,0.114569
0.00551717,0.00254951,0.00540925,0.353556,1.85305,1.2816,4.06982,12.7777,1.00043,0.05075,0.05075,0.05075,0.119082,0.155482,0.114694
0.00563383,0.00256945,0.00561065,0.353794,1.85475,1.28304,4.07512,12.8001,1.0006,0.050875,0.050875,0.050875,0.119207,0.155607,0.114819
0.00539332,0.00258999,0.00507505,0.35403,1.85644,1.28448,4.08043,12.8226,1.00079,0.051,0.051,0.051,0.119332,0.155732,0.114944
0.00551271,0.00261123,0.00527624,0.354256,1.8581,1.2859,4.08575,12.8451,1.001,0.051125,0.051125,0.051125,0.119457,0.155857,0.115069
0.00563136,0.00263305,0.00547951,0.354512,1.85977,1.28733,4.09107,12.8676,1.00123,0.05125,0.05125,0.05125,0.119582,0.155982,0.115194
0.00575167,0.00265556,0.00568235,0.354743,1.86143,1.28876,4.09639,12.8901,1.00147,0.051375,0.051375,0.051375,0.119707,0.156107,0.115319
0.00550958,0.00267864,0.00512907,0.354985,1.86307,1.29017,4.10172,12.9127,1.00172,0.0515,0.0515,0.0515,0.119832,0.156232,0.115444
0.00563036,0.00270243,0.00533398,0.355224,1.86472,1.29161,4.10706,12.9353,1.00199,0.051625,0.051625,0.051625,0.119957,0.156357,0.115569
0.00575079,0.00272684,0.00554057,0.35547,1.86638,1.29305,4.1124,12.9579,1.00228,0.05175,0.05175,0.05175,0.120082,0.156482,0.115694
0.00587342,0.00275196,0.00574621,0.355692,1.86802,1.2945,4.11775,12.9805,1.00259,0.051875,0.051875,0.051875,0.120207,0.156607,0.115819
0.00554382,0.00253663,0.00512232,0.35583,1.86866,1.29523,4.12269,13.0028,1.00291,0.05,0.05,0.05,0.119607,0.156545,0.115897
0.00563357,0.00248729,0.00531993,0.355598,1.86943,1.29352,4.12628,13.0252,1.00324,0.05,0.05,0.05,0.118432,0.156536,0.115983
0.00569717,0.00246874,0.0055193,0.355406,1.87052,1.2913,4.12963,13.0477,1,0.05,0.05,0.05,0.118041,0.156514,0.115851
0.00579455,0.0024626,0.00571999,0.355643,1.87174,1.29259,4.13494,13.0703,1.00013,0.05,0.05,0.05,0.117931,0.156528,0.115893
0.00550397,0.00245984,0.00515692,0.355867,1.87241,1.29391,4.14026,13.0929,1.00027,0.05,0.05,0.0501185,0.117998,0.156573,0.115792
0.00553349,0.00245892,0.00531897,0.356098,1.87344,1.29529,4.1456,13.1156,1.00043,0.05,0.05,0.0502319,0.118061,0.156633,0.115733
0.0056273,0.00245893,0.00552414,0.356339,1.87497,1.29671,4.15096,13.1383,1.00061,0.05,0.05,0.05,0.118042,0.156725,0.115788
0.00574549,0.00245889,0.00571636,0.356528,1.87657,1.29792,4.1562,13.1611,1.0008,0.05,0.05,0.05,0.11792,0.156815,0.115898
0.00547709,0.00245752,0.00511582,0.356645,1.87796,1.29858,4.16116,13.1839,1.00101,0.0500675,0.05,0.05,0.117651,0.156927,0.116022
0.00557012,0.00245769,0.00531226,0.356828,1.87948,1.29962,4.16635,13.2067,1.00124,0.05,0.05,0.05,0.117509,0.157021,0.116143
0.00567001,0.00245876,0.00551954,0.357059,1.88105,1.30102,4.1717,13.2296,1.00148,0.05,0.05,0.05,0.117488,0.157116,0.116233
0.00578967,0.00245845,0.00570382,0.357206,1.88245,1.30183,4.17676,13.2524,1.00174,0.0500302,0.05,0.05,0.117289,0.15721,0.116358
0.00551943,0.00245957,0.00513522,0.357418,1.88397,1.30316,4.18212,13.2753,1.00201,0.05,0.05,0.05,0.11727,0.157318,0.116455
0.00557799,0.00246032,0.00530975,0.357636,1.88505,1.30459,4.18752,13.2982,1.0023,0.05,0.05,0.05,0.117302,0.157428,0.116524
0.00568237,0.00246152,0.00551787,0.357864,1.88659,1.30595,4.1929,13.3212,1.00261,0.05,0.05,0.05,0.117298,0.157543,0.116619
0.00580024,0.00246269,0.00571998,0.358097,1.88818,1.30737,4.19829,13.3442,1.00293,0.05,0.05,0.05,0.117301,0.157658,0.116712
0.00552571,0.0024617,0.00511828,0.358223,1.88938,1.30799,4.20328,13.3672,1.00327,0.050104,0.05,0.05,0.117076,0.157782,0.116833
0.00559037,0.00245876,0.00529822,0.358038,1.89059,1.30582,4.20672,13.3902,1,0.05,0.05,0.05,0.11692,0.157894,0.116721
0.0056677,0.00245981,0.00549918,0.358259,1.89174,1.30712,4.21209,13.4133,1.00013,0.05,0.05,0.0501243,0.117027,0.158016,0.1167
0.00575918,0.00246074,0.00570493,0.358471,1.89267,1.30829,4.21738,13.4363,1.00028,0.05,0.05,0.05,0.117148,0.15809,0.116623
0.00548626,0.00246208,0.00514412,0.358678,1.89386,1.30956,4.22275,13.4593,1.00044,0.05,0.05,0.05,0.117261,0.158163,0.116591
0.00554379,0.0024631,0.00532092,0.358882,1.89515,1.31079,4.22811,13.4825,1.00062,0.05,0.05,0.0500894,0.117374,0.158274,0.116556
0.0056138,0.00246338,0.00551521,0.35903,1.89613,1.31174,4.23329,13.5056,1.00081,0.05,0.05,0.0500683,0.117498,0.158341,0.116415
0.0057255,0.00246484,0.00572211,0.359232,1.89753,1.3131,4.23871,13.5287,1.00102,0.05,0.05,0.05,0.117598,0.158415,0.116418
0.00546391,0.00246596,0.00514046,0.359459,1.8989,1.31443,4.24414,13.5519,1.00125,0.05,0.05,0.05,0.117616,0.158529,0.11651
0.00552986,0.00246676,0.00532272,0.359692,1.9002,1.31579,4.24957,13.5751,1.0015,0.05,0.05,0.05,0.117714,0.158653,0.116518
0.00562701,0.00246798,0.00553332,0.35992,1.90165,1.31717,4.25501,13.5983,1.00176,0.05,0.05,0.05,0.117813,0.158765,0.116525
0.00574179,0.00246964,0.0057418,0.360144,1.90305,1.31856,4.26048,13.6216,1.00204,0.05,0.05,0.05,0.117886,0.158858,0.116575
0.00547539,0.00247029,0.00517199,0.360383,1.90437,1.3199,4.26592,13.6449,1.00233,0.05,0.05,0.05,0.117991,0.158983,0.11657
0.00554251,0.00247091,0.00535257,0.360628,1.90566,1.32128,4.27137,13.6682,1.00264,0.05,0.05,0.05,0.118093,0.1591,0.11657
0.00565235,0.00247185,0.00555835,0.360864,1.90695,1.32269,4.27686,13.6915,1.00297,0.05,0.05,0.05,0.11814,0.159212,0.116645
0.00577014,0.00247286,0.0057634,0.361082,1.90823,1.3241,4.28235,13.7149,1.00331,0.05,0.05,0.05,0.118182,0.159321,0.116722
0.00550029,0.00246979,0.00518441,0.360894,1.90957,1.32194,4.28578,13.7382,1,0.05,0.05,0.05,0.118051,0.159418,0.116591
0.00560514,0.00246941,0.00538899,0.361062,1.91042,1.32301,4.29106,13.7615,1.00013,0.05,0.05,0.05,0.117935,0.15947,0.116715
0.00572874,0.00246748,0.00559025,0.361167,1.91104,1.32348,4.29601,13.7848,1.00028,0.0501046,0.05,0.05,0.117665,0.159562,0.116825
0.00583216,0.00246217,0.0057322,0.361082,1.9109,1.32274,4.3003,13.8079,1.00044,0.0501063,0.05,0.05,0.117138,0.159649,0.116859
0.005553,0.00246022,0.00512323,0.361182,1.91163,1.32318,4.30528,13.8312,1.00062,0.050081,0.05,0.05,0.116872,0.15966,0.11697
0.00565714,0.0024582,0.00532383,0.361282,1.91234,1.32362,4.31024,13.8544,1.00082,0.0500147,0.05,0.05,0.1166,0.159623,0.11708
0.00577892,0.00245317,0.0055149,0.361215,1.91264,1.32294,4.31459,13.8776,1.00103,0.0500645,0.05,0.05,0.116091,0.159648,0.117119
0.00589476,0.00245044,0.00568821,0.361258,1.91331,1.32296,4.31939,13.9008,1.00126,0.0500619,0.05,0.05,0.115748,0.15962,0.117211
0.00560388,0.00245107,0.00510246,0.361485,1.91363,1.32413,4.32483,13.9238,1.0015,0.05,0.05,0.05,0.115712,0.159355,0.117324
0.00561105,0.00245217,0.00523324,0.361697,1.91384,1.32549,4.33032,13.9467,1.00177,0.05,0.05,0.05,0.115812,0.159102,0.117325
0.00569686,0.00245353,0.00542816,0.361923,1.91481,1.32688,4.33586,13.97,1.00205,0.05,0.05,0.05,0.115859,0.158979,0.117399
0.00580448,0.00245495,0.00562934,0.362148,1.91587,1.32832,4.34141,13.9933,1.00234,0.05,0.05,0.05,0.115917,0.158861,0.117464
0.00554552,0.00245545,0.00507371,0.362349,1.91717,1.32952,4.34683,14.0169,1.00265,0.05,0.05,0.05,0.115855,0.158864,0.117584
0.00565646,0.00245456,0.00527549,0.362462,1.91819,1.33012,4.35196,14.0403,1.00298,0.0500592,0.05,0.05,0.115641,0.15881,0.117702
0.00576705,0.00245531,0.0054798,0.362644,1.91936,1.33129,4.35737,14.0636,1.00333,0.05,0.05,0.05,0.115566,0.158686,0.117825
0.00589217,0.00244939,0.00565691,0.362274,1.92033,1.3279,4.36017,14.0871,1,0.050113,0.05,0.05,0.115082,0.158692,0.117734
0.00561364,0.00244877,0.00507759,0.362442,1.92117,1.32878,4.36542,14.1108,1.00013,0.05,0.05,0.05,0.114932,0.158814,0.117858
0.00572609,0.00244747,0.00528409,0.362544,1.92221,1.32931,4.37049,14.1345,1.00028,0.050054,0.05,0.05,0.114695,0.158912,0.117972
0.00585115,0.0024464,0.00549041,0.362648,1.92333,1.32993,4.3756,14.1583,1.00044,0.0501019,0.05,0.05,0.114474,0.159011,0.118088
0.00597572,0.00244418,0.00566967,0.362712,1.92427,1.33009,4.3805,14.182,1.00063,0.0501991,0.05,0.05,0.114168,0.159117,0.118186
0.00570209,0.0024451,0.00511336,0.362931,1.9255,1.33137,4.38603,14.2058,1.00082,0.05,0.05,0.05,0.114158,0.15923,0.118294
0.0057795,0.00244631,0.00529766,0.363171,1.92677,1.33275,4.39159,14.2297,1.00104,0.05,0.05,0.05,0.114173,0.159338,0.118391
0.00591179,0.00246249,0.00550616,0.364054,1.92735,1.33284,4.39718,14.2536,1.00127,0.050125,0.050125,0.050125,0.114298,0.159463,0.118516
0.00604458,0.00247934,0.00571533,0.364884,1.92798,1.33303,4.40279,14.2776,1.00152,0.05025,0.05025,0.05025,0.114423,0.159588,0.118641
0.00577001,0.00249665,0.00516111,0.365707,1.92869,1.33333,4.4084,14.3016,1.00178,0.050375,0.050375,0.050375,0.114548,0.159713,0.118766
0.00590059,0.00251473,0.00537501,0.366488,1.92943,1.33369,4.41402,14.3256,1.00207,0.0505,0.0505,0.0505,0.114673,0.159838,0.118891
0.00603123,0.00253346,0.00559012,0.367231,1.93023,1.33416,4.41965,14.3496,1.00236,0.050625,0.050625,0.050625,0.114798,0.159963,0.119016
0.0061632,0.00255284,0.00580516,0.367928,1.93104,1.33467,4.42528,14.3737,1.00268,0.05075,0.05075,0.05075,0.114923,0.160088,0.119141
0.00587853,0.00257271,0.00523127,0.368591,1.93188,1.33525,4.43093,14.3977,1.00301,0.050875,0.050875,0.050875,0.115048,0.160213,0.119266
0.00601424,0.00259337,0.00544509,0.369214,1.93278,1.33594,4.43658,14.4218,1.00336,0.051,0.051,0.051,0.115173,0.160338,0.119391
0.00614699,0.00261066,0.00566315,0.36938,1.93376,1.33302,4.44003,14.446,1,0.051125,0.051125,0.051125,0.11511,0.160462,0.11932
0.00628379,0.00263255,0.00587849,0.369958,1.93477,1.33387,4.44569,14.4701,1.00013,0.05125,0.05125,0.05125,0.115235,0.160587,0.119445
0.00598787,0.00265494,0.00529119,0.370455,1.93592,1.33496,4.45135,14.4943,1.00028,0.051375,0.051375,0.051375,0.11536,0.160712,0.11957
0.00612703,0.00267814,0.0055067,0.370805,1.93722,1.33636,4.45703,14.5185,1.00045,0.0515,0.0515,0.0515,0.115485,0.160837,0.119695
0.00626698,0.00270194,0.00572273,0.371035,1.93867,1.33804,4.46271,14.5427,1.00063,0.051625,0.051625,0.051625,0.11561,0.160962,0.11982
0.0064042,0.00272646,0.00594272,0.371118,1.94034,1.34012,4.46839,14.567,1.00083,0.05175,0.05175,0.05175,0.115735,0.161087,0.119945
0.00610601,0.00275145,0.00533855,0.371068,1.9422,1.34252,4.47408,14.5912,1.00105,0.051875,0.051875,0.051875,0.11586,0.161212,0.12007
0.00624577,0.00277724,0.00555859,0.370891,1.94422,1.34522,4.47978,14.6155,1.00128,0.052,0.052,0.052,0.115985,0.161337,0.120195
0.00638676,0.00280366,0.00577872,0.370577,1.94639,1.34822,4.48547,14.6398,1.00153,0.052125,0.052125,0.052125,0.11611,0.161462,0.12032
0.00652788,0.00283069,0.00600005,0.370152,1.94876,1.35156,4.49117,14.6642,1.0018,0.05225,0.05225,0.05225,0.116235,0.161587,0.120445
0.0062261,0.00285825,0.00538257,0.369588,1.95139,1.35529,4.49688,14.6885,1.00209,0.052375,0.052375,0.052375,0.11636,0.161712,0.12057
0.00636862,0.0028867,0.00560497,0.36888,1.95423,1.35939,4.50258,14.7129,1.00239,0.0525,0.0525,0.0525,0.116485,0.161837,0.120695
0.00651118,0.00291574,0.00582873,0.368045,1.9572,1.36372,4.50828,14.7372,1.00271,0.052625,0.052625,0.052625,0.11661,0.161962,0.12082
0.00665609,0.00294545,0.00605143,0.367086,1.96042,1.36843,4.51398,14.7616,1.00305,0.05275,0.05275,0.05275,0.116735,0.162087,0.120945
0.00634678,0.00297561,0.00542578,0.366023,1.96386,1.37346,4.51969,14.786,1.0034,0.0528749,0.052875,0.052875,0.11686,0.162212,0.12107
0.00649173,0.00300258,0.00565104,0.364439,1.96756,1.37494,4.52308,14.8104,1,0.0529999,0.053,0.0529999,0.116792,0.162337,0.120995
0.0066386,0.00303429,0.00587573,0.36318,1.97141,1.3805,4.52878,14.8349,1.00014,0.0531249,0.053125,0.0531249,0.116917,0.162462,0.12112
0.00678455,0.00306661,0.0061027,0.361864,1.97553,1.38638,4.53447,14.8593,1.00029,0.0532499,0.05325,0.0532499,0.117042,0.162587,0.121245
0.00647253,0.00309945,0.00546589,0.360439,1.97992,1.39258,4.54015,14.8838,1.00046,0.0533749,0.053375,0.0533749,0.117167,0.162712,0.12137
0.00662102,0.00313313,0.00569297,0.35895,1.98456,1.39906,4.54584,14.9082,1.00065,0.0534999,0.0535,0.0534999,0.117292,0.162837,0.121495
0.00676811,0.00316753,0.00592274,0.357374,1.98951,1.40589,4.55152,14.9327,1.00086,0.0536249,0.053625,0.0536249,0.117417,0.162962,0.12162
0.00691451,0.00320257,0.00615459,0.35573,1.99475,1.41301,4.5572,14.9572,1.00108,0.0537499,0.05375,0.0537499,0.117542,0.163087,0.121745
0.00659949,0.00323808,0.00550721,0.354,2.00031,1.42045,4.56287,14.9816,1.00132,0.0538749,0.053875,0.0538749,0.117667,0.163212,0.12187
0.00675121,0.00327443,0.00573649,0.352226,2.00616,1.42815,4.56853,15.0061,1.00159,0.0539999,0.0539999,0.0539999,0.117792,0.163337,0.121995
0.00689969,0.00331149,0.00597033,0.350369,2.01236,1.43618,4.57419,15.0306,1.00187,0.0541249,0.0541249,0.0541249,0.117917,0.163462,0.12212
0.00705207,0.00334925,0.00620159,0.348471,2.01899,1.4446,4.57984,15.0551,1.00216,0.0542499,0.0542499,0.0542499,0.118042,0.163587,0.122245
0.00673765,0.00338743,0.00554272,0.346522,2.02603,1.45335,4.58549,15.0796,1.00248,0.0543749,0.0543749,0.0543749,0.118167,0.163712,0.12237
0.00689053,0.00342648,0.00577627,0.344532,2.03343,1.46237,4.59112,15.1041,1.00282,0.0544999,0.0544999,0.0544999,0.118292,0.163837,0.122495
0.00704338,0.00346621,0.00601121,0.34254,2.04122,1.47168,4.59675,15.1286,1.00318,0.0546249,0.0546249,0.0546249,0.118417,0.163962,0.12262
0.00719816,0.00350672,0.0062455,0.340554,2.04938,1.48122,4.60237,15.1532,1.00355,0.0547499,0.0547499,0.0547499,0.118542,0.164087,0.122745
0.0068847,0.00354313,0.00557597,0.338226,2.05787,1.48654,4.60551,15.1777,1,0.0548749,0.0548749,0.0548749,0.118461,0.164211,0.122657
0.0070397,0.00358496,0.00581281,0.336307,2.06669,1.49636,4.61111,15.2022,1.00014,0.0549999,0.0549999,0.0549999,0.118586,0.164336,0.122782
0.00719605,0.00362742,0.00604975,0.334429,2.07583,1.50634,4.61669,15.2267,1.00031,0.0551249,0.0551249,0.0551249,0.118711,0.164461,0.122907
0.0073539,0.00367061,0.0062865,0.332572,2.08535,1.51651,4.62227,15.2512,1.00049,0.0552499,0.0552499,0.0552499,0.118836,0.164586,0.123032
0.00703736,0.00371422,0.00561029,0.330754,2.09532,1.52692,4.62784,15.2757,1.00069,0.0553749,0.0553749,0.0553749,0.118961,0.164711,0.123157
0.00719594,0.0037588,0.00584908,0.328962,2.1056,1.53744,4.6334,15.3002,1.00092,0.0554999,0.0554999,0.0554999,0.119086,0.164836,0.123282
0.00735289,0.00380406,0.00609091,0.327221,2.1163,1.54817,4.63894,15.3247,1.00116,0.0556249,0.0556249,0.0556249,0.119211,0.164961,0.123407
0.00751251,0.00384998,0.0063315,0.325537,2.12741,1.55909,4.64448,15.3492,1.00142,0.0557499,0.0557499,0.0557499,0.119336,0.165086,0.123532
0.00719922,0.00389631,0.00564317,0.323905,2.13903,1.57024,4.65,15.3737,1.0017,0.0558749,0.0558749,0.0558749,0.119461,0.165211,0.123657
0.0073612,0.00394373,0.00588406,0.322316,2.15112,1.58163,4.65552,15.3982,1.00201,0.0559999,0.0559999,0.0559999,0.119586,0.165336,0.123782
0.00752327,0.00399176,0.00612635,0.320787,2.16357,1.59314,4.66102,15.4227,1.00233,0.0561249,0.0561249,0.0561249,0.119711,0.165461,0.123907
0.00768761,0.00404051,0.00636775,0.319327,2.17647,1.60482,4.66651,15.4472,1.00268,0.0562499,0.0562499,0.0562499,0.119836,0.165586,0.124032
0.00736975,0.00408961,0.00567548,0.317954,2.18984,1.61669,4.672,15.4717,1.00304,0.0563749,0.0563749,0.0563749,0.119961,0.165711,0.124157
0.00753535,0.00413982,0.00591839,0.316653,2.20363,1.6287,4.67746,15.4962,1.00343,0.0564999,0.0564999,0.0564999,0.120086,0.165836,0.124282
0.00769991,0.00419066,0.00616382,0.315446,2.21781,1.64082,4.68292,15.5207,1.00384,0.0566249,0.0566249,0.0566249,0.120211,0.165961,0.124407
0.00786142,0.0042369,0.00641368,0.314039,2.23248,1.64792,4.68565,15.5452,1,0.0567498,0.0567497,0.0567499,0.120105,0.166085,0.124293
0.00754739,0.00428879,0.00570891,0.313018,2.24763,1.66035,4.69108,15.5697,1.00016,0.0568748,0.0568747,0.0568749,0.12023,0.16621,0.124418
0.00771373,0.00434169,0.00595691,0.3121,2.26318,1.67288,4.69649,15.5942,1.00034,0.0569998,0.0569997,0.0569999,0.120355,0.166335,0.124543
0.00788074,0.00439545,0.00620551,0.311264,2.27932,1.68567,4.7019,15.6186,1.00054,0.0571248,0.0571247,0.0571249,0.12048,0.16646,0.124668
0.00805029,0.00444994,0.00645298,0.310535,2.29597,1.69864,4.70729,15.6431,1.00076,0.0572498,0.0572497,0.0572499,0.120605,0.166585,0.124793
0.00773938,0.00450461,0.00573821,0.309906,2.31304,1.7117,4.71267,15.6676,1.00101,0.0573748,0.0573747,0.0573749,0.12073,0.16671,0.124918
0.00790791,0.00456045,0.00598963,0.30938,2.33061,1.72493,4.71804,15.692,1.00127,0.0574998,0.0574997,0.0574999,0.120855,0.166835,0.125043
0.00807889,0.00461705,0.00623999,0.308963,2.34876,1.73838,4.7234,15.7165,1.00156,0.0576248,0.0576247,0.0576249,0.12098,0.16696,0.125168
0.00824844,0.00467435,0.00649324,0.308655,2.36739,1.75198,4.72874,15.741,1.00187,0.0577498,0.0577497,0.0577499,0.121105,0.167085,0.125293
0.00793402,0.00473189,0.00577297,0.308465,2.38658,1.76575,4.73408,15.7654,1.00221,0.0578748,0.0578747,0.0578749,0.12123,0.16721,0.125418
0.00810624,0.00479062,0.00602648,0.308393,2.40632,1.7797,4.7394,15.7899,1.00257,0.0579998,0.0579997,0.0579999,0.121355,0.167335,0.125543
0.00828036,0.00485007,0.00627953,0.308445,2.42662,1.79385,4.7447,15.8143,1.00295,0.0581248,0.0581247,0.0581249,0.12148,0.16746,0.125668
0.00845307,0.00491035,0.00653537,0.308621,2.44759,1.80824,4.75,15.8388,1.00336,0.0582498,0.0582497,0.0582499,0.121605,0.167585,0.125793
0.00813927,0.00497084,0.00580619,0.308928,2.46915,1.82282,4.75528,15.8632,1.00379,0.0583748,0.0583747,0.0583749,0.12173,0.16771,0.125918
0.00831337,0.0050324,0.00606374,0.309368,2.49115,1.83749,4.76055,15.8876,1.00424,0.0584998,0.0584997,0.0584999,0.121855,0.167835,0.126043
0.00849001,0.00508787,0.00632017,0.309757,2.51382,1.84596,4.76278,15.9121,1,0.0586248,0.0586237,0.0586249,0.121713,0.16796,0.125893
0.00866843,0.00515102,0.0065762,0.310485,2.53721,1.86109,4.76802,15.9365,1.00018,0.0587498,0.0587487,0.0587499,0.121838,0.168085,0.126018
0.00835852,0.00521446,0.00583627,0.311356,2.56135,1.87649,4.77325,15.9609,1.00038,0.0588748,0.0588737,0.0588749,0.121963,0.16821,0.126143
0.00853473,0.00527908,0.00609744,0.312376,2.58605,1.89205,4.77846,15.9853,1.0006,0.0589998,0.0589987,0.0589999,0.122088,0.168335,0.126268
0.00871514,0.00534446,0.00635586,0.313551,2.61142,1.90784,4.78366,16.0097,1.00085,0.0591248,0.0591237,0.0591248,0.122213,0.16846,0.126393
0.00889497,0.00541051,0.00661641,0.314881,2.6374,1.9238,4.78885,16.0342,1.00112,0.0592498,0.0592487,0.0592498,0.122338,0.168585,0.126518
0.00858875,0.00547671,0.00586626,0.31638,2.66401,1.93994,4.79402,16.0586,1.00142,0.0593748,0.0593737,0.0593748,0.122463,0.16871,0.126643
0.00877179,0.00554427,0.00612649,0.318045,2.6914,1.95636,4.79919,16.083,1.00174,0.0594998,0.0594987,0.0594998,0.122588,0.168835,0.126768
0.00895379,0.00561254,0.00638928,0.319879,2.71945,1.97299,4.80433,16.1074,1.00209,0.0596248,0.0596237,0.0596248,0.122713,0.16896,0.126893
0.00913921,0.00568156,0.00665011,0.321889,2.74824,1.98986,4.80947,16.1318,1.00247,0.0597498,0.0597487,0.0597498,0.122838,0.169085,0.127018
0.00882959,0.00575076,0.00589651,0.324078,2.77778,2.00697,4.81459,16.1562,1.00287,0.0598748,0.0598737,0.0598748,0.122963,0.16921,0.127143
0.00901191,0.00582118,0.00616355,0.326445,2.80797,2.02428,4.8197,16.1806,1.0033,0.0599998,0.0599987,0.0599998,0.123088,0.169335,0.127268
0.00919636,0.00589234,0.00642998,0.329006,2.8389,2.04182,4.82479,16.2049,1.00375,0.0601248,0.0601237,0.0601248,0.123213,0.16946,0.127393
0.00938096,0.0059643,0.00669772,0.331758,2.87068,2.05967,4.82987,16.2293,1.00424,0.0602498,0.0602487,0.0602498,0.123338,0.169585,0.127518
0.00907629,0.00603647,0.00593072,0.334708,2.90332,2.0778,4.83494,16.2537,1.00475,0.0603748,0.0603737,0.0603748,0.123463,0.16971,0.127643
0.00926582,0.00610078,0.00619642,0.33778,2.93685,2.08811,4.83665,16.2781,1,0.0604998,0.0604959,0.0604998,0.12328,0.169834,0.127451
0.00945542,0.00617514,0.00646349,0.341139,2.97125,2.1068,4.84169,16.3025,1.0002,0.0606248,0.0606209,0.0606248,0.123405,0.169959,0.127576
0.00964563,0.00625009,0.00673162,0.344725,3.00627,2.12563,4.84672,16.3269,1.00042,0.0607498,0.0607459,0.0607498,0.12353,0.170084,0.127701
0.00934005,0.00632516,0.00595959,0.348519,3.04215,2.14475,4.85173,16.3512,1.00067,0.0608748,0.0608709,0.0608748,0.123655,0.170209,0.127826
0.00952814,0.00640159,0.00623294,0.352528,3.07885,2.16414,4.85673,16.3756,1.00095,0.0609998,0.0609959,0.0609998,0.12378,0.170334,0.127951
0.00972039,0.00647893,0.00650351,0.356785,3.11662,2.18392,4.86172,16.4,1.00126,0.0611248,0.0611209,0.0611248,0.123905,0.170459,0.128076
0.00991296,0.0065571,0.00677522,0.361256,3.15535,2.20404,4.86669,16.4244,1.0016,0.0612498,0.0612459,0.0612498,0.12403,0.170584,0.128201
0.00960997,0.00663543,0.00599253,0.365991,3.1951,2.22451,4.87165,16.4488,1.00197,0.0613748,0.0613709,0.0613748,0.124155,0.170709,0.128326
0.00980386,0.006715,0.0062661,0.370963,3.23551,2.24514,4.8766,16.4731,1.00236,0.0614998,0.0614959,0.0614998,0.12428,0.170834,0.128451
0.00999619,0.00679545,0.0065427,0.376189,3.27695,2.26615,4.88154,16.4975,1.00279,0.0616248,0.0616209,0.0616248,0.124405,0.170959,0.128576
0.0101917,0.00687654,0.00681781,0.381681,3.31918,2.28737,4.88646,16.5219,1.00324,0.0617498,0.0617459,0.0617498,0.12453,0.171084,0.128701
0.00988796,0.00695767,0.00602739,0.38742,3.36233,2.30889,4.89137,16.5463,1.00373,0.0618748,0.0618709,0.0618748,0.124655,0.171209,0.128826
0.0100839,0.00704031,0.00630519,0.393409,3.40644,2.33074,4.89626,16.5707,1.00425,0.0619998,0.0619959,0.0619998,0.12478,0.171334,0.128951
0.0102794,0.00712383,0.00658479,0.399683,3.45165,2.35298,4.90114,16.5951,1.00479,0.0621248,0.0621209,0.0621248,0.124905,0.171459,0.129076
0.0104789,0.00720804,0.00686209,0.406261,3.49774,2.37548,4.90602,16.6195,1.00537,0.0622498,0.0622459,0.0622498,0.12503,0.171584,0.129201
0.0101793,0.00727948,0.00605994,0.413075,3.545,2.38789,4.9072,16.6439,1,0.0623748,0.0623641,0.0623748,0.124798,0.171708,0.12896
0.0103782,0.00736529,0.0063408,0.420198,3.5932,2.41102,4.91204,16.6683,1.00022,0.0624998,0.0624891,0.0624998,0.124923,0.171833,0.129085
0.0105748,0.00745182,0.00662569,0.427612,3.64232,2.43445,4.91687,16.6927,1.00048,0.0626248,0.0626141,0.0626248,0.125048,0.171958,0.12921
0.0107741,0.00753897,0.00690962,0.435334,3.69228,2.45811,4.92169,16.7171,1.00077,0.0627498,0.0627391,0.0627498,0.125173,0.172083,0.129335
0.0104752,0.00762642,0.00609704,0.443332,3.74367,2.48233,4.9265,16.7415,1.00109,0.0628747,0.0628641,0.0628748,0.125298,0.172208,0.12946
0.010679,0.00771529,0.00637946,0.451623,3.79592,2.5068,4.9313,16.7659,1.00144,0.0629997,0.0629891,0.0629998,0.125423,0.172333,0.129585
0.0108808,0.00780498,0.00666551,0.460259,3.8493,2.53166,4.93608,16.7904,1.00182,0.0631247,0.0631141,0.0631248,0.125548,0.172458,0.12971
0.0110833,0.00789538,0.00695241,0.469204,3.90366,2.55684,4.94086,16.8148,1.00224,0.0632497,0.0632391,0.0632498,0.125673,0.172583,0.129835
0.0107875,0.0079857,0.00612967,0.478455,3.95905,2.58235,4.94562,16.8393,1.00269,0.0633747,0.0633641,0.0633748,0.125798,0.172708,0.12996
0.0109941,0.00807762,0.00641579,0.488068,4.01557,2.60823,4.95037,16.8638,1.00318,0.0634997,0.0634891,0.0634998,0.125923,0.172833,0.130085
0.0112012,0.00817045,0.0067028,0.498012,4.07336,2.63458,4.95511,16.8882,1.0037,0.0636247,0.0636141,0.0636248,0.126048,0.172958,0.13021
0.0114072,0.00826389,0.00699275,0.50827,4.13202,2.66119,4.95984,16.9127,1.00426,0.0637497,0.0637391,0.0637498,0.126173,0.173083,0.130335
0.0111117,0.00835741,0.00616222,0.518904,4.19209,2.68832,4.96455,16.9372,1.00485,0.0638747,0.0638641,0.0638748,0.126298,0.173208,0.13046
0.0113223,0.00845262,0.00645065,0.529911,4.25339,2.71586,4.96926,16.9617,1.00548,0.0639997,0.0639891,0.0639998,0.126423,0.173333,0.130585
0.0115317,0.00854855,0.00674184,0.541337,4.31581,2.74377,4.97395,16.9863,1.00615,0.0641247,0.0641141,0.0641248,0.126548,0.173458,0.13071
0.0117408,0.00862662,0.00703497,0.553014,4.3793,2.75816,4.97466,17.0108,1,0.0642497,0.064225,0.0642498,0.126263,0.173582,0.130415
0.0114487,0.00872328,0.0061941,0.565159,4.44427,2.78684,4.97933,17.0354,1.00026,0.0643747,0.06435,0.0643748,0.126388,0.173707,0.13054
0.0116598,0.00882155,0.00648845,0.577699,4.51039,2.8159,4.984,17.0599,1.00055,0.0644997,0.064475,0.0644998,0.126513,0.173832,0.130665
0.0118714,0.0089207,0.0067839,0.590571,4.57783,2.84547,4.98866,17.0845,1.00088,0.0646247,0.0646,0.0646248,0.126638,0.173957,0.13079
0.0120857,0.00902062,0.00707828,0.603893,4.64654,2.87545,4.99331,17.1091,1.00125,0.0647497,0.064725,0.0647498,0.126763,0.174082,0.130915
0.0117976,0.00912058,0.00622621,0.61768,4.71675,2.90596,4.99795,17.1338,1.00166,0.0648747,0.06485,0.0648748,0.126888,0.174207,0.13104
0.0120128,0.00922204,0.006523,0.63175,4.7877,2.9367,5.00258,17.1584,1.0021,0.0649997,0.064975,0.0649998,0.127013,0.174332,0.131165
0.012228,0.0093242,0.00682148,0.64621,4.85954,2.96771,5.0072,17.1831,1.00258,0.0651247,0.0651,0.0651248,0.127138,0.174457,0.13129
0.0124476,0.00942749,0.00711691,0.66104,4.9329,2.99929,5.01181,17.2078,1.00311,0.0652497,0.065225,0.0652498,0.127263,0.174582,0.131415
0.0121645,0.00953057,0.0062547,0.676228,5.00713,3.03113,5.01642,17.2325,1.00367,0.0653747,0.06535,0.0653748,0.127388,0.174707,0.13154
0.0123827,0.00963526,0.0065551,0.691736,5.08215,3.06322,5.02102,17.2573,1.00427,0.0654997,0.065475,0.0654998,0.127513,0.174832,0.131665
0.0126014,0.00974101,0.00685622,0.707667,5.15867,3.09588,5.02561,17.2821,1.00492,0.0656247,0.0656,0.0656248,0.127638,0.174957,0.13179
0.0128251,0.00984748,0.00715419,0.72393,5.23602,3.12878,5.03019,17.3069,1.00561,0.0657497,0.065725,0.0657498,0.127763,0.175082,0.131915
0.0125433,0.0099537,0.00628473,0.740665,5.31436,3.16198,5.03477,17.3317,1.00634,0.0658747,0.06585,0.0658748,0.127888,0.175207,0.13204
0.012765,0.0100618,0.00658799,0.757709,5.39386,3.19561,5.03934,17.3566,1.00711,0.0659997,0.065975,0.0659998,0.128013,0.175332,0.132165
0.0129906,0.0101436,0.00688884,0.774853,5.47455,3.21094,5.03969,17.3815,1,0.0661247,0.0660735,0.0661247,0.127669,0.175456,0.13181
0.0132096,0.0102532,0.00719811,0.792788,5.55652,3.24525,5.04425,17.4064,1.0003,0.0662497,0.0661985,0.0662497,0.127794,0.175581,0.131935
0.0129296,0.0103626,0.00631858,0.811274,5.64018,3.28015,5.04882,17.4314,1.00064,0.0663747,0.0663235,0.0663747,0.127919,0.175706,0.13206
0.0131537,0.010474,0.00662596,0.830147,5.7256,3.31576,5.05337,17.4564,1.00102,0.0664997,0.0664485,0.0664997,0.128044,0.175831,0.132185
0.0133794,0.0105859,0.0069336,0.849685,5.81237,3.3518,5.05793,17.4815,1.00145,0.0666247,0.0665735,0.0666247,0.128169,0.175956,0.13231
0.0136071,0.0106989,0.00724073,0.869811,5.90131,3.38869,5.06248,17.5066,1.00192,0.0667497,0.0666985,0.0667497,0.128294,0.176081,0.132435
0.0133322,0.0108117,0.0063495,0.890452,5.99186,3.42616,5.06702,17.5317,1.00244,0.0668747,0.0668235,0.0668747,0.128419,0.176206,0.13256
0.0135604,0.0109264,0.00665934,0.911633,6.08428,3.46435,5.07156,17.5569,1.003,0.0669997,0.0669485,0.0669997,0.128544,0.176331,0.132685
0.0137898,0.011042,0.0069698,0.933459,6.17843,3.50319,5.0761,17.5821,1.00361,0.0671247,0.0670735,0.0671247,0.128669,0.176456,0.13281
0.014018,0.0111583,0.00728314,0.955864,6.27428,3.54266,5.08064,17.6074,1.00427,0.0672497,0.0671985,0.0672497,0.128794,0.176581,0.132935
0.0137416,0.0112742,0.0063845,0.978748,6.37163,3.58269,5.08517,17.6327,1.00497,0.0673747,0.0673235,0.0673747,0.128919,0.176706,0.13306
0.0139734,0.0113921,0.00669768,1.00225,6.47047,3.62324,5.08971,17.6581,1.00572,0.0674997,0.0674485,0.0674997,0.129044,0.176831,0.133185
0.0142064,0.0115109,0.00701142,1.02635,6.5709,3.66438,5.09424,17.6835,1.00653,0.0676247,0.0675735,0.0676247,0.129169,0.176956,0.13331
0.0144411,0.0116304,0.00732522,1.05089,6.67239,3.7059,5.09877,17.709,1.00738,0.0677497,0.0676985,0.0677497,0.129294,0.177081,0.133435
0.0141708,0.0117496,0.00641458,1.07612,6.77577,3.74811,5.1033,17.7345,1.00828,0.0678747,0.0678235,0.0678747,0.129419,0.177206,0.13356
0.0144067,0.0118314,0.00673028,1.10053,6.88097,3.76554,5.10347,17.7601,1,0.0679997,0.0679028,0.0679997,0.129011,0.177329,0.133142
0.0146442,0.0119534,0.00704623,1.12674,6.98743,3.80867,5.10802,17.7857,1.00035,0.0681247,0.0680278,0.0681247,0.129136,0.177454,0.133267
0.0148849,0.0120763,0.00736051,1.15358,7.0956,3.85245,5.11256,17.8114,1.00075,0.0682497,0.0681528,0.0682497,0.129261,0.177579,0.133392
0.0146163,0.0121991,0.00644287,1.18096,7.20562,3.89697,5.11711,17.8372,1.0012,0.0683746,0.0682778,0.0683747,0.129386,0.177704,0.133517
0.0148532,0.0123236,0.00676451,1.20894,7.31677,3.94186,5.12166,17.863,1.0017,0.0684996,0.0684028,0.0684997,0.129511,0.177829,0.133642
0.0150943,0.0124488,0.00708386,1.23751,7.42902,3.98713,5.12621,17.8889,1.00225,0.0686246,0.0685278,0.0686247,0.129636,0.177954,0.133767
0.0153356,0.0125751,0.00740438,1.2667,7.54347,4.03329,5.13077,17.9149,1.00286,0.0687496,0.0686528,0.0687497,0.129761,0.178079,0.133892
0.0150682,0.012701,0.00647715,1.29652,7.6595,4.08004,5.13533,17.9409,1.00352,0.0688746,0.0687778,0.0688747,0.129886,0.178204,0.134017
0.0153088,0.0128289,0.0068019,1.32705,7.77714,4.12737,5.13989,17.967,1.00423,0.0689996,0.0689028,0.0689997,0.130011,0.178329,0.134142
0.0155526,0.0129577,0.00712531,1.35808,7.8962,4.17528,5.14446,17.9932,1.005,0.0691246,0.0690278,0.0691247,0.130136,0.178454,0.134267
0.0157933,0.0130873,0.00745359,1.3898,8.01705,4.22388,5.14904,18.0195,1.00583,0.0692496,0.0691528,0.0692497,0.130261,0.178579,0.134392
0.0155264,0.0132167,0.00651477,1.422,8.1397,4.27322,5.15362,18.0458,1.00671,0.0693746,0.0692778,0.0693747,0.130386,0.178704,0.134517
0.0157691,0.0133482,0.00684437,1.45498,8.26429,4.32331,5.15821,18.0723,1.00766,0.0694996,0.0694028,0.0694997,0.130511,0.178829,0.134642
0.0160146,0.0134804,0.00717307,1.48853,8.39014,4.37388,5.16281,18.0988,1.00866,0.0696246,0.0695278,0.0696247,0.130636,0.178954,0.134767
0.0162618,0.0136136,0.00750165,1.52293,8.51817,4.42528,5.16742,18.1254,1.00972,0.0697496,0.0696528,0.0697497,0.130761,0.179079,0.134892
0.0160011,0.0136885,0.00654841,1.55439,8.64788,4.44204,5.1677,18.1521,1,0.0698746,0.0697036,0.0698746,0.130286,0.179203,0.134406
0.0162492,0.0138232,0.00687948,1.59006,8.77956,4.4945,5.17234,18.1789,1.00041,0.0699996,0.0698286,0.0699996,0.130411,0.179328,0.134531
0.0164965,0.0139586,0.00721336,1.62629,8.91263,4.54751,5.177,18.2057,1.00088,0.0701246,0.0699536,0.0701246,0.130536,0.179453,0.134656
0.0167486,0.014095,0.00754413,1.66311,9.04741,4.60123,5.18167,18.2327,1.00141,0.0702496,0.0700786,0.0702496,0.130661,0.179578,0.134781
0.0164908,0.0142311,0.00658058,1.70069,9.18427,4.65577,5.18635,18.2598,1.002,0.0703746,0.0702036,0.0703746,0.130786,0.179703,0.134906
0.0167408,0.014369,0.00691721,1.73908,9.32243,4.71075,5.19105,18.287,1.00265,0.0704996,0.0703286,0.0704996,0.130911,0.179828,0.135031
0.0169958,0.0145081,0.00725024,1.77806,9.46277,4.76667,5.19575,18.3142,1.00337,0.0706246,0.0704536,0.0706246,0.131036,0.179953,0.135156
0.0172522,0.0146479,0.00758374,1.81792,9.60493,4.82328,5.20048,18.3416,1.00415,0.0707496,0.0705786,0.0707496,0.131161,0.180078,0.135281
0.0169987,0.0147873,0.00661051,1.85836,9.74828,4.88036,5.20522,18.3691,1.00499,0.0708746,0.0707036,0.0708746,0.131286,0.180203,0.135406
0.0172554,0.0149289,0.00694715,1.89966,9.8939,4.93834,5.20997,18.3968,1.0059,0.0709996,0.0708286,0.0709996,0.131411,0.180328,0.135531
0.0175123,0.0150715,0.00728537,1.94136,10.0407,4.99685,5.21475,18.4245,1.00687,0.0711246,0.0709536,0.0711246,0.131536,0.180453,0.135656
0.0177701,0.0152148,0.00762466,1.98395,10.1891,5.05599,5.21954,18.4523,1.00792,0.0712496,0.0710786,0.0712496,0.131661,0.180578,0.135781
0.0175147,0.0153579,0.00664448,2.02701,10.3392,5.11585,5.22435,18.4803,1.00903,0.0713746,0.0712036,0.0713746,0.131786,0.180703,0.135906
0.0177739,0.015503,0.00698598,2.07091,10.4907,5.17626,5.22918,18.5084,1.01021,0.0714996,0.0713286,0.0714996,0.131911,0.180828,0.136031
0.0180351,0.0156491,0.00732708,2.11554,10.6441,5.23742,5.23403,18.5366,1.01147,0.0716246,0.0714536,0.0716246,0.132036,0.180953,0.136156
0.0182972,0.0157119,0.00766917,2.15286,10.7986,5.24985,5.23479,18.565,1,0.0717494,0.0714642,0.0717494,0.131491,0.181077,0.135601
0.0180482,0.0158581,0.00667589,2.19847,10.9551,5.31181,5.23971,18.5935,1.00049,0.0718744,0.0715892,0.0718744,0.131616,0.181202,0.135726
0.0183128,0.0160063,0.00701901,2.24478,11.1131,5.37433,5.24466,18.6221,1.00104,0.0719994,0.0717142,0.0719994,0.131741,0.181327,0.135851
0.0185751,0.0161556,0.00736608,2.29165,11.2728,5.43764,5.24964,18.6509,1.00166,0.0721244,0.0718392,0.0721244,0.131866,0.181452,0.135976
0.0188374,0.0163058,0.00771507,2.33924,11.4341,5.5016,5.25463,18.6798,1.00236,0.0722494,0.0719642,0.0722494,0.131991,0.181577,0.136101
0.018595,0.0164553,0.00670803,2.38778,11.5971,5.56618,5.25966,18.7089,1.00313,0.0723744,0.0720892,0.0723744,0.132116,0.181702,0.136226
0.0188609,0.0166072,0.007057,2.43697,11.7619,5.63157,5.26471,18.7381,1.00398,0.0724994,0.0722142,0.0724994,0.132241,0.181827,0.136351
0.019128,0.01676,0.00740672,2.48667,11.9278,5.69744,5.2698,18.7675,1.00489,0.0726244,0.0723392,0.0726244,0.132366,0.181952,0.136476
0.019395,0.0169136,0.00775823,2.53728,12.0957,5.76411,5.27491,18.797,1.00589,0.0727494,0.0724642,0.0727494,0.132491,0.182077,0.136601
0.0191538,0.0170665,0.0067417,2.58841,12.2648,5.83126,5.28005,18.8267,1.00696,0.0728744,0.0725892,0.0728744,0.132616,0.182202,0.136726
0.0194243,0.0172221,0.00709341,2.64052,12.4363,5.89942,5.28523,18.8565,1.00812,0.0729994,0.0727142,0.0729994,0.132741,0.182327,0.136851
0.019693,0.0173786,0.00744868,2.69345,12.6096,5.96837,5.29044,18.8865,1.00935,0.0731244,0.0728392,0.0731244,0.132866,0.182452,0.136976
0.019964,0.017536,0.00780331,2.74704,12.7847,6.03808,5.29568,18.9167,1.01066,0.0732494,0.0729642,0.0732494,0.132991,0.182577,0.137101
0.0197236,0.0176927,0.00677642,2.80107,12.9608,6.10824,5.30096,18.9471,1.01206,0.0733744,0.0730892,0.0733744,0.133116,0.182702,0.137226
0.0199965,0.0178515,0.00713345,2.85599,13.1379,6.17877,5.30627,18.9776,1.01354,0.0734994,0.0732142,0.0734994,0.133241,0.182827,0.137351
0.0202712,0.0178914,0.00749009,2.89662,13.3175,6.18195,5.30797,19.0084,1,0.0736242,0.0731709,0.0736241,0.132625,0.18295,0.136727
0.0205449,0.0180519,0.00784943,2.95261,13.4992,6.25382,5.3134,19.0393,1.00057,0.0737492,0.0732959,0.0737491,0.13275,0.183075,0.136852
0.0203074,0.0182113,0.0068107,3.00958,13.6823,6.32616,5.31887,19.0704,1.00123,0.0738742,0.0734209,0.0738741,0.132875,0.1832,0.136977
0.0205823,0.0183734,0.00717276,3.06732,13.8674,6.39938,5.32437,19.1017,1.00196,0.0739992,0.0735459,0.0739991,0.133,0.183325,0.137102
0.0208594,0.0185365,0.00753451,3.12561,14.054,6.47326,5.32992,19.1331,1.00278,0.0741242,0.0736709,0.0741241,0.133125,0.18345,0.137227
0.0211369,0.0187006,0.00789744,3.18498,14.2431,6.54824,5.33552,19.1648,1.00369,0.0742492,0.0737959,0.0742491,0.13325,0.183575,0.137352
0.0209002,0.0188642,0.00684676,3.24462,14.4337,6.62397,5.34116,19.1967,1.00468,0.0743742,0.0739209,0.0743741,0.133375,0.1837,0.137477
0.0211794,0.0190301,0.00721186,3.30529,14.626,6.70031,5.34684,19.2288,1.00576,0.0744992,0.0740459,0.0744991,0.1335,0.183825,0.137602
0.0214583,0.0191968,0.00757939,3.36697,14.8198,6.77732,5.35257,19.2611,1.00694,0.0746242,0.0741709,0.0746241,0.133625,0.18395,0.137727
0.0217398,0.0193644,0.0079462,3.4292,15.0152,6.85501,5.35835,19.2937,1.0082,0.0747492,0.0742959,0.0747491,0.13375,0.184075,0.137852
0.0215061,0.0195312,0.00688255,3.49217,15.2123,6.93349,5.36418,19.3264,1.00956,0.0748742,0.0744209,0.0748741,0.133875,0.1842,0.137977
0.0217906,0.0197005,0.00725027,3.55607,15.4108,7.01248,5.37006,19.3594,1.01101,0.0749992,0.0745459,0.0749991,0.134,0.184325,0.138102
0.0220748,0.019871,0.00761972,3.62074,15.612,7.09275,5.376,19.3926,1.01255,0.0751242,0.0746709,0.0751241,0.134125,0.18445,0.138227
0.0223617,0.0200422,0.00798879,3.68612,15.8141,7.17338,5.38198,19.426,1.0142,0.0752492,0.0747959,0.0752491,0.13425,0.184575,0.138352
0.0221303,0.0202128,0.00691513,3.75229,16.0185,7.25507,5.38802,19.4597,1.01594,0.0753742,0.0749209,0.0753741,0.134375,0.1847,0.138477
0.0224191,0.0202178,0.00728566,3.79296,16.2251,7.24318,5.39117,19.4936,1,0.0754989,0.0748091,0.0754987,0.133692,0.184824,0.137786
0.0227078,0.0203907,0.00765864,3.86034,16.4324,7.32507,5.39737,19.5278,1.00067,0.0756239,0.0749341,0.0756237,0.133817,0.184949,0.137911
0.0229986,0.0205648,0.00803121,3.92852,16.642,7.40797,5.40363,19.5622,1.00144,0.0757489,0.0750591,0.0757487,0.133942,0.185074,0.138036
0.0227709,0.0207383,0.00694692,3.99758,16.8539,7.49194,5.40995,19.5969,1.0023,0.0758739,0.0751841,0.0758737,0.134067,0.185199,0.138161
0.0230601,0.0209142,0.00732486,4.06745,17.0671,7.57646,5.41633,19.6318,1.00326,0.0759989,0.0753091,0.0759987,0.134192,0.185324,0.138286
0.0233505,0.0210912,0.00770353,4.13816,17.2825,7.66195,5.42277,19.667,1.00433,0.0761239,0.0754341,0.0761237,0.134317,0.185449,0.138411
0.023642,0.0212688,0.0080833,4.20952,17.4987,7.74785,5.42928,19.7024,1.00549,0.0762489,0.0755591,0.0762487,0.134442,0.185574,0.138536
0.0234161,0.021446,0.0069847,4.28179,17.7178,7.83503,5.43586,19.7381,1.00676,0.0763739,0.0756841,0.0763737,0.134567,0.185699,0.138661
0.0237106,0.0216258,0.00736495,4.35462,17.9383,7.9229,5.4425,19.7741,1.00813,0.0764989,0.0758091,0.0764987,0.134692,0.185824,0.138786
0.024005,0.0218066,0.0077473,4.42815,18.1603,8.01151,5.44921,19.8104,1.00961,0.0766239,0.0759341,0.0766237,0.134817,0.185949,0.138911
0.0243,0.0219885,0.00813068,4.50298,18.3852,8.10135,5.45599,19.847,1.0112,0.0767489,0.0760591,0.0767487,0.134942,0.186074,0.139036
0.0240782,0.0221691,0.00701909,4.5783,18.6107,8.19147,5.46285,19.8838,1.0129,0.0768739,0.0761841,0.0768737,0.135067,0.186199,0.139161
0.0243772,0.0223528,0.00740248,4.65433,18.8384,8.28265,5.46977,19.921,1.01471,0.0769989,0.0763091,0.0769987,0.135192,0.186324,0.139286
0.0246755,0.0225371,0.00778894,4.73164,19.0677,8.37443,5.47678,19.9584,1.01663,0.0771239,0.0764341,0.0771237,0.135317,0.186449,0.139411
0.0249764,0.0227225,0.00817458,4.80944,19.2987,8.4671,5.48385,19.9962,1.01867,0.0772488,0.0765591,0.0772487,0.135442,0.186574,0.139536
0.0247589,0.0226755,0.00705137,4.84406,19.5312,8.43144,5.48895,20.0342,1,0.0773734,0.0763631,0.0773731,0.134695,0.186697,0.138783
0.0250582,0.0228616,0.00744236,4.92324,19.7669,8.5248,5.49623,20.0726,1.00078,0.0774984,0.0764881,0.0774981,0.13482,0.186822,0.138908
0.0253613,0.0230486,0.00783142,5.00313,20.0043,8.61895,5.5036,20.1113,1.00168,0.0776234,0.0766131,0.0776231,0.134945,0.186947,0.139033
0.0256686,0.0232364,0.0082185,5.08381,20.2428,8.7136,5.51105,20.1503,1.00268,0.0777484,0.0767381,0.0777481,0.13507,0.187072,0.139158
0.025456,0.0234234,0.00708331,5.16552,20.4837,8.80932,5.51858,20.1897,1.00381,0.0778734,0.0768631,0.0778731,0.135195,0.187197,0.139283
0.0257631,0.023613,0.00747451,5.24838,20.7264,8.90582,5.5262,20.2294,1.00504,0.0779984,0.0769881,0.0779981,0.13532,0.187322,0.139408
0.0260698,0.0238039,0.00786779,5.33148,20.9707,9.00322,5.53391,20.2694,1.0064,0.0781234,0.0771131,0.0781231,0.135445,0.187447,0.139533
0.0263792,0.0239954,0.00826067,5.41597,21.2169,9.10131,5.5417,20.3097,1.00788,0.0782484,0.0772381,0.0782481,0.13557,0.187572,0.139658
0.0261714,0.0241863,0.0071145,5.50064,21.4645,9.20025,5.54959,20.3504,1.00947,0.0783734,0.0773631,0.0783731,0.135695,0.187697,0.139783
0.0264833,0.0243804,0.00750811,5.58636,21.7151,9.30059,5.55757,20.3915,1.01119,0.0784984,0.0774881,0.0784981,0.13582,0.187822,0.139908
0.0267943,0.0245751,0.00790502,5.67296,21.9666,9.40131,5.56564,20.4329,1.01304,0.0786234,0.0776131,0.078623,0.135945,0.187947,0.140033
0.0271064,0.0247708,0.00830266,5.76064,22.2203,9.50304,5.57381,20.4747,1.01502,0.0787484,0.0777381,0.078748,0.13607,0.188072,0.140158
0.0268946,0.0249656,0.00714999,5.84933,22.4763,9.60584,5.58208,20.5169,1.01712,0.0788734,0.0778631,0.078873,0.136195,0.188197,0.140283
0.0272077,0.0251632,0.00755071,5.93867,22.7337,9.7093,5.59045,20.5594,1.01936,0.0789983,0.0779881,0.078998,0.13632,0.188322,0.140408
0.027522,0.0253618,0.00795221,6.02907,22.9933,9.81378,5.59892,20.6023,1.02173,0.0791233,0.0781131,0.079123,0.136445,0.188447,0.140533
0.0278358,0.0252503,0.00835624,6.0501,23.2533,9.74499,5.60638,20.6456,1,0.0792477,0.0778169,0.0792472,0.135641,0.188571,0.139725
0.0276282,0.0254468,0.00718716,6.14122,23.516,9.84912,5.6151,20.6893,1.00091,0.0793727,0.0779419,0.0793722,0.135766,0.188696,0.13985
0.0279457,0.0256468,0.00759115,6.23294,23.7818,9.95479,5.62393,20.7334,1.00194,0.0794977,0.0780669,0.0794972,0.135891,0.188821,0.139975
0.028263,0.025847,0.0079982,6.32615,24.0483,10.0606,5.63287,20.7779,1.00311,0.0796227,0.0781919,0.0796222,0.136016,0.188946,0.1401
0.0285819,0.0260487,0.008405,6.41969,24.3174,10.1679,5.64192,20.8228,1.00441,0.0797477,0.0783169,0.0797472,0.136141,0.189071,0.140225
0.0283783,0.0262495,0.0072217,6.51434,24.5887,10.2761,5.65108,20.8681,1.00584,0.0798727,0.0784419,0.0798722,0.136266,0.189196,0.14035
0.0287015,0.0264531,0.00762842,6.60964,24.8611,10.3848,5.66035,20.9138,1.00741,0.0799977,0.0785669,0.0799972,0.136391,0.189321,0.140475
0.0290228,0.026658,0.00803862,6.70552,25.1359,10.4949,5.66974,20.96,1.00911,0.0801227,0.0786919,0.0801222,0.136516,0.189446,0.1406
0.0293467,0.0268637,0.00844844,6.80279,25.4127,10.6058,5.67925,21.0066,1.01096,0.0802477,0.0788169,0.0802472,0.136641,0.189571,0.140725
0.0291495,0.0270683,0.00725285,6.90103,25.6913,10.7175,5.68887,21.0536,1.01295,0.0803727,0.0789419,0.0803722,0.136766,0.189696,0.14085
0.0294748,0.0272758,0.00766551,7.00058,25.9723,10.8302,5.69862,21.1011,1.01508,0.0804977,0.0790669,0.0804972,0.136891,0.189821,0.140975
0.0298028,0.0274844,0.00807729,7.10035,26.2545,10.9437,5.70849,21.149,1.01736,0.0806227,0.0791919,0.0806222,0.137016,0.189946,0.1411
0.0301297,0.0276941,0.00849213,7.20147,26.5393,11.0584,5.71849,21.1974,1.01979,0.0807477,0.0793169,0.0807472,0.137141,0.190071,0.141225
0.0299384,0.0279023,0.00728446,7.30302,26.8243,11.1732,5.72862,21.2462,1.02237,0.0808727,0.0794419,0.0808722,0.137266,0.190196,0.14135
0.0302694,0.0281138,0.00769951,7.40594,27.1124,11.2894,5.73887,21.2955,1.0251,0.0809977,0.0795669,0.0809972,0.137391,0.190321,0.141475
0.0305987,0.0279167,0.00811801,7.40455,27.402,11.1763,5.74894,21.3453,1,0.0811218,0.079155,0.0811211,0.136539,0.190444,0.140622
0.0309301,0.0281274,0.00853702,7.5082,27.6939,11.2919,5.75949,21.3955,1.00104,0.0812467,0.07928,0.0812461,0.136664,0.190569,0.140747
0.0307476,0.0283377,0.0073149,7.61223,27.9877,11.4086,5.77017,21.4463,1.00223,0.0813717,0.079405,0.0813711,0.136789,0.190694,0.140872
0.031081,0.0285504,0.00773606,7.7178,28.2832,11.526,5.78099,21.4975,1.00357,0.0814967,0.07953,0.0814961,0.136914,0.190819,0.140997
0.031411,0.0287643,0.00816249,7.82402,28.5809,11.6446,5.79195,21.5492,1.00506,0.0816217,0.079655,0.0816211,0.137039,0.190944,0.141122
0.0317457,0.0289795,0.00858593,7.93048,28.8805,11.7642,5.80305,21.6014,1.00671,0.0817467,0.07978,0.0817461,0.137164,0.191069,0.141247
0.0315578,0.0291932,0.00735406,8.03887,29.1823,11.8846,5.81429,21.6542,1.00851,0.0818717,0.079905,0.0818711,0.137289,0.191194,0.141372
0.0318934,0.0294104,0.00778082,8.14753,29.4862,12.0063,5.82568,21.7074,1.01046,0.0819967,0.08003,0.0819961,0.137414,0.191319,0.141497
0.0322339,0.0296284,0.00820483,8.25731,29.7919,12.1287,5.83722,21.7612,1.01258,0.0821217,0.080155,0.0821211,0.137539,0.191444,0.141622
0.0325732,0.0298475,0.00863203,8.36766,30.0993,12.2521,5.84891,21.8155,1.01486,0.0822467,0.08028,0.0822461,0.137664,0.191569,0.141747
0.0323912,0.0300654,0.00738642,8.47929,30.4092,12.3767,5.86074,21.8703,1.0173,0.0823717,0.080405,0.0823711,0.137789,0.191694,0.141872
0.0327323,0.0302865,0.00781602,8.59219,30.7215,12.5023,5.87273,21.9257,1.01992,0.0824967,0.08053,0.0824961,0.137914,0.191819,0.141997
0.0330749,0.0305082,0.00824651,8.70624,31.035,12.6285,5.88488,21.9816,1.0227,0.0826217,0.080655,0.0826211,0.138039,0.191944,0.142122
0.0334163,0.0307313,0.00867985,8.8209,31.3511,12.7561,5.89719,22.0381,1.02565,0.0827467,0.08078,0.0827461,0.138164,0.192069,0.142247
0.033239,0.0309532,0.00742023,8.93617,31.6689,12.8845,5.90965,22.0952,1.02878,0.0828717,0.080905,0.0828711,0.138289,0.192194,0.142372
0.033587,0.0306497,0.00785045,8.89989,31.9885,12.7135,5.92228,22.1528,1,0.0829956,0.0803629,0.0829947,0.137399,0.192317,0.141485
0.0339307,0.0308726,0.00828799,9.01602,32.3108,12.841,5.93507,22.211,1.00119,0.0831206,0.0804879,0.0831197,0.137524,0.192442,0.14161
0.034278,0.0310963,0.00872424,9.13279,32.634,12.969,5.94803,22.2698,1.00255,0.0832456,0.0806129,0.0832447,0.137649,0.192567,0.141735
0.034101,0.0313194,0.00745444,9.25058,32.9607,13.0988,5.96116,22.3291,1.00407,0.0833706,0.0807379,0.0833697,0.137774,0.192692,0.14186
0.0344501,0.0315459,0.00789233,9.36871,33.2892,13.2296,5.97445,22.3891,1.00577,0.0834955,0.0808629,0.0834947,0.137899,0.192817,0.141985
0.0347993,0.0317727,0.00833285,9.48792,33.6181,13.3606,5.98792,22.4496,1.00764,0.0836205,0.0809879,0.0836197,0.138024,0.192942,0.14211
0.0351493,0.0320008,0.00877447,9.60868,33.9507,13.4933,6.00157,22.5108,1.00969,0.0837455,0.0811129,0.0837447,0.138149,0.193067,0.142235
0.0349718,0.0322282,0.00749135,9.73005,34.286,13.6274,6.01539,22.5726,1.01192,0.0838705,0.0812379,0.0838697,0.138274,0.193192,0.14236
0.0353262,0.0324584,0.00793264,9.85264,34.6228,13.7622,6.02939,22.635,1.01433,0.0839955,0.0813629,0.0839947,0.138399,0.193318,0.142485
0.0356783,0.0326896,0.00837848,9.97577,34.9608,13.8977,6.04357,22.6981,1.01692,0.0841205,0.0814879,0.0841197,0.138524,0.193443,0.14261
0.036035,0.0329219,0.00882169,10.1004,35.3019,14.0345,6.05794,22.7618,1.0197,0.0842455,0.0816129,0.0842447,0.138649,0.193568,0.142735
0.0358651,0.0331531,0.00752373,10.2264,35.6456,14.1726,6.0725,22.8261,1.02267,0.0843705,0.0817379,0.0843697,0.138774,0.193693,0.14286
0.0362217,0.0333876,0.0079711,10.3527,35.9907,14.3116,6.08724,22.8911,1.02583,0.0844955,0.0818629,0.0844947,0.138899,0.193818,0.142985
0.0365819,0.0336232,0.00841696,10.4805,36.3386,14.4519,6.10218,22.9567,1.02918,0.0846205,0.0819879,0.0846197,0.139024,0.193943,0.14311
0.0369405,0.0338595,0.00886685,10.6085,36.6867,14.5925,6.11731,23.0231,1.03273,0.0847455,0.0821128,0.0847447,0.139149,0.194068,0.143235
0.0367778,0.0334245,0.00755481,10.5241,37.0369,14.3481,6.13205,23.09,1,0.0848691,0.0814277,0.084868,0.138233,0.194191,0.142325
0.0371405,0.0336593,0.00800476,10.6515,37.3891,14.4871,6.14752,23.1577,1.00135,0.0849941,0.0815527,0.084993,0.138358,0.194316,0.14245
0.0375035,0.0338953,0.0084563,10.7808,37.7454,14.6279,6.16319,23.2261,1.00288,0.0851191,0.0816777,0.085118,0.138483,0.194441,0.142575
0.0378672,0.0341315,0.00891019,10.9107,38.1006,14.7682,6.17906,23.2951,1.00461,0.0852441,0.0818027,0.085243,0.138608,0.194566,0.1427
0.0377056,0.0343667,0.00758882,11.0419,38.459,14.9101,6.19514,23.3649,1.00652,0.0853691,0.0819277,0.085368,0.138733,0.194691,0.142825
0.0380701,0.0346058,0.00804517,11.1734,38.8206,15.0538,6.21142,23.4354,1.00864,0.0854941,0.0820527,0.085493,0.138858,0.194816,0.14295
0.0384373,0.034846,0.00850102,11.3068,39.1856,15.1989,6.22792,23.5066,1.01095,0.0856191,0.0821777,0.085618,0.138983,0.194941,0.143075
0.0388081,0.0350865,0.00895621,11.4404,39.5491,15.3434,6.24463,23.5785,1.01347,0.0857441,0.0823027,0.085743,0.139108,0.195066,0.1432
0.0386521,0.0353263,0.00762118,11.5753,39.9168,15.49,6.26155,23.6512,1.01618,0.0858691,0.0824277,0.085868,0.139233,0.195191,0.143325
0.039023,0.0355689,0.00808046,11.7115,40.2857,15.6371,6.27869,23.7246,1.01911,0.0859941,0.0825526,0.085993,0.139358,0.195316,0.14345
0.0393921,0.0358128,0.00854336,11.8485,40.6571,15.7856,6.29605,23.7988,1.02224,0.0861191,0.0826776,0.086118,0.139483,0.195441,0.143575
0.0397639,0.0360579,0.00900562,11.9864,41.0309,15.9353,6.31363,23.8737,1.02559,0.0862441,0.0828026,0.086243,0.139608,0.195566,0.1437
0.0396069,0.0363014,0.00765797,12.126,41.4065,16.0858,6.33144,23.9494,1.02915,0.0863691,0.0829276,0.086368,0.139733,0.195691,0.143825
0.0399819,0.0365485,0.00812142,12.2656,41.7839,16.2373,6.34947,24.0259,1.03293,0.0864941,0.0830526,0.086493,0.139858,0.195816,0.14395
0.0403577,0.0367972,0.00858571,12.4059,42.1642,16.3906,6.36774,24.1031,1.03693,0.086619,0.0831776,0.086618,0.139983,0.195941,0.144075
0.0407331,0.0362116,0.00905311,12.258,42.5432,16.0552,6.3836,24.1811,1,0.0867423,0.0823391,0.086741,0.139055,0.196064,0.143156
0.0405859,0.0364551,0.0076893,12.3979,42.927,16.2054,6.40219,24.26,1.00151,0.0868673,0.0824641,0.086866,0.13918,0.196189,0.143281
0.0409643,0.036702,0.00815792,12.5389,43.3139,16.3572,6.42103,24.3396,1.00323,0.0869923,0.0825891,0.086991,0.139305,0.196314,0.143406
0.041345,0.0369499,0.00862647,12.6808,43.7029,16.5101,6.4401,24.4201,1.00517,0.0871173,0.0827141,0.087116,0.13943,0.196439,0.143531
0.0417245,0.0371987,0.0090985,12.8242,44.0938,16.6638,6.45941,24.5014,1.00732,0.0872423,0.0828391,0.087241,0.139555,0.196564,0.143656
0.0415793,0.0374464,0.00772304,12.9682,44.4859,16.8183,6.47896,24.5835,1.00968,0.0873673,0.0829641,0.087366,0.13968,0.196689,0.143781
0.0419615,0.0376974,0.00819658,13.113,44.8809,16.9742,6.49877,24.6665,1.01227,0.0874923,0.0830891,0.087491,0.139805,0.196814,0.143906
0.0423448,0.0379495,0.00867133,13.2586,45.2772,17.1309,6.51882,24.7503,1.01509,0.0876173,0.0832141,0.087616,0.13993,0.196939,0.144031
0.0427268,0.0382024,0.00914976,13.4055,45.6757,17.2887,6.53912,24.835,1.01813,0.0877423,0.0833391,0.087741,0.140055,0.197064,0.144156
0.0425839,0.0384539,0.00775895,13.5531,46.0749,17.4468,6.55968,24.9205,1.0214,0.0878673,0.0834641,0.0878659,0.14018,0.197189,0.144281
0.0429725,0.0387095,0.00823459,13.7014,46.4782,17.6072,6.58049,25.0069,1.02491,0.0879923,0.0835891,0.0879909,0.140305,0.197314,0.144406
0.0433579,0.0389661,0.00871556,13.851,46.8842,17.7689,6.60156,25.0942,1.02865,0.0881173,0.0837141,0.0881159,0.14043,0.197439,0.144531
0.0437468,0.0392242,0.00919485,14.0014,47.293,17.9321,6.6229,25.1824,1.03263,0.0882423,0.0838391,0.0882409,0.140555,0.197564,0.144656
0.0436146,0.0394798,0.00778921,14.1535,47.7008,18.0946,6.64451,25.2715,1.03685,0.0883673,0.0839641,0.0883659,0.14068,0.19769,0.144781
0.0440044,0.0397392,0.00827283,14.306,48.1113,18.2587,6.66638,25.3616,1.04132,0.0884923,0.0840891,0.0884909,0.140805,0.197815,0.144906
0.0443961,0.0389797,0.0087565,14.0775,48.5221,17.8166,6.68174,25.4524,1,0.0886152,0.0830904,0.0886135,0.139878,0.197938,0.143992
0.0447888,0.039235,0.00924264,14.2277,48.9335,17.9759,6.7039,25.5442,1.00168,0.0887402,0.0832154,0.0887385,0.140003,0.198063,0.144117
0.0446583,0.0394892,0.00782383,14.3802,49.3495,18.137,6.72634,25.637,1.0036,0.0888652,0.0833404,0.0888635,0.140128,0.198188,0.144242
0.0450533,0.0397474,0.00831116,14.5319,49.7666,18.2994,6.74905,25.7307,1.00575,0.0889902,0.0834654,0.0889885,0.140253,0.198313,0.144367
0.0454528,0.0400065,0.00879643,14.686,50.1876,18.4633,6.77204,25.8254,1.00813,0.0891152,0.0835904,0.0891135,0.140378,0.198438,0.144492
0.0458491,0.0402668,0.00928697,14.84,50.6092,18.6278,6.79531,25.9211,1.01076,0.0892401,0.0837154,0.0892385,0.140503,0.198563,0.144617
0.0457169,0.0405258,0.00785826,14.9956,51.0336,18.7936,6.81886,26.0177,1.01364,0.0893651,0.0838404,0.0893635,0.140628,0.198688,0.144742
0.0461177,0.0407884,0.00834852,15.1513,51.4595,18.9603,6.8427,26.1153,1.01676,0.0894901,0.0839654,0.0894885,0.140753,0.198813,0.144867
0.0465201,0.0410516,0.00883988,15.3091,51.888,19.1281,6.86683,26.2139,1.02014,0.0896151,0.0840904,0.0896135,0.140878,0.198938,0.144992
0.0469203,0.0413163,0.00933524,15.4667,52.3175,19.2969,6.89126,26.3134,1.02376,0.0897401,0.0842154,0.0897385,0.141003,0.199063,0.145117
0.0467904,0.0415789,0.00789298,15.6256,52.7476,19.4657,6.91598,26.414,1.02765,0.0898651,0.0843404,0.0898635,0.141128,0.199188,0.145242
0.0471956,0.0418454,0.00838821,15.7863,53.182,19.6366,6.94099,26.5156,1.0318,0.0899901,0.0844654,0.0899885,0.141253,0.199313,0.145367
0.0476019,0.042113,0.00888451,15.9471,53.6175,19.8083,6.96631,26.6182,1.03621,0.0901151,0.0845904,0.0901135,0.141378,0.199438,0.145492
0.0480121,0.042382,0.00937888,16.1087,54.0547,19.981,6.99194,26.7219,1.04088,0.0902401,0.0847154,0.0902385,0.141503,0.199563,0.145617
0.0478922,0.0426488,0.00792299,16.2706,54.4909,20.1535,7.01787,26.8266,1.04583,0.0903651,0.0848404,0.0903635,0.141628,0.199688,0.145742
0.0483004,0.0416957,0.00842307,15.9431,54.9301,19.5874,7.03039,26.9322,1,0.0904877,0.0836793,0.0904857,0.140716,0.199812,0.144848
0.0487079,0.0419619,0.00892657,16.1019,55.3732,19.7571,7.05653,27.039,1.00185,0.0906127,0.0838043,0.0906107,0.140841,0.199937,0.144973
0.0491234,0.0422281,0.00942548,16.263,55.8167,19.9267,7.08299,27.1469,1.00396,0.0907377,0.0839293,0.0907357,0.140966,0.200062,0.145098
0.0490075,0.042493,0.00795612,16.4249,56.262,20.0972,7.10975,27.2558,1.00633,0.0908627,0.0840543,0.0908607,0.141091,0.200187,0.145223
0.0494227,0.0427614,0.0084598,16.5881,56.7102,20.2691,7.13684,27.3659,1.00896,0.0909877,0.0841793,0.0909857,0.141216,0.200312,0.145348
0.0498366,0.0430314,0.00896649,16.7513,57.1604,20.4423,7.16424,27.477,1.01186,0.0911127,0.0843043,0.0911107,0.141341,0.200437,0.145473
0.0502556,0.0433014,0.00947128,16.9161,57.6102,20.6152,7.19196,27.5893,1.01502,0.0912377,0.0844293,0.0912357,0.141466,0.200562,0.145598
0.050145,0.0435706,0.00798861,17.0817,58.0633,20.7897,7.22001,27.7026,1.01845,0.0913627,0.0845543,0.0913607,0.141591,0.200687,0.145723
0.0505656,0.0438433,0.00849594,17.2477,58.5171,20.9648,7.24838,27.8171,1.02216,0.0914877,0.0846793,0.0914857,0.141716,0.200812,0.145848
0.0509832,0.0441168,0.00900874,17.4153,58.9737,21.1412,7.27709,27.9327,1.02615,0.0916127,0.0848043,0.0916107,0.141841,0.200937,0.145973
0.0514032,0.044392,0.00952075,17.5832,59.433,21.3191,7.30614,28.0495,1.03042,0.0917377,0.0849293,0.0917357,0.141966,0.201062,0.146098
0.0512973,0.0446655,0.00802257,17.7529,59.8941,21.4977,7.33552,28.1674,1.03497,0.0918627,0.0850543,0.0918607,0.142091,0.201187,0.146223
0.0517199,0.0449426,0.00853689,17.9228,60.3568,21.6774,7.36524,28.2865,1.03981,0.0919877,0.0851793,0.0919857,0.142217,0.201312,0.146348
0.0521421,0.0452208,0.00905384,18.0929,60.8201,21.8577,7.3953,28.4068,1.04494,0.0921127,0.0853043,0.0921107,0.142342,0.201437,0.146473
0.052566,0.0455006,0.0095709,18.2647,61.2882,22.0402,7.42572,28.5282,1.05037,0.0922377,0.0854293,0.0922357,0.142467,0.201562,0.146598
0.0524663,0.044336,0.00805485,17.8223,61.7559,21.3362,7.43234,28.6506,1,0.09236,0.0841088,0.0923576,0.141584,0.201685,0.145736
0.0528916,0.0446098,0.00857605,17.9904,62.2251,21.5122,7.46284,28.7744,1.00203,0.092485,0.0842338,0.0924826,0.141709,0.20181,0.145861
0.0533179,0.0448847,0.00909848,18.1589,62.6958,21.689,7.49369,28.8995,1.00433,0.0926099,0.0843588,0.0926076,0.141834,0.201935,0.145986
0.0537459,0.0451612,0.00962109,18.3286,63.1703,21.8676,7.52489,29.0258,1.00691,0.0927349,0.0844838,0.0927326,0.141959,0.20206,0.146111
0.0536514,0.0454366,0.00808971,18.4991,63.6451,22.0465,7.55644,29.1533,1.00978,0.0928599,0.0846088,0.0928576,0.142084,0.202185,0.146236
0.0540817,0.0457146,0.00861513,18.6707,64.1217,22.2262,7.58835,29.282,1.01294,0.0929849,0.0847338,0.0929826,0.142209,0.20231,0.146361
0.0545156,0.0459938,0.00913924,18.843,64.6,22.4068,7.62063,29.412,1.01639,0.0931099,0.0848588,0.0931076,0.142334,0.202435,0.146486
0.0549483,0.0462745,0.00966646,19.0156,65.0805,22.5888,7.65326,29.5433,1.02013,0.0932349,0.0849838,0.0932326,0.142459,0.20256,0.146611
0.0548547,0.0465542,0.00812336,19.1888,65.5616,22.7712,7.68626,29.6758,1.02417,0.0933599,0.0851088,0.0933576,0.142584,0.202685,0.146736
0.0552893,0.046837,0.00865331,19.3637,66.0467,22.9554,7.71962,29.8096,1.02851,0.0934849,0.0852338,0.0934826,0.142709,0.20281,0.146861
0.0557266,0.0471208,0.00918301,19.5379,66.5303,23.1394,7.75336,29.9447,1.03315,0.0936099,0.0853588,0.0936076,0.142834,0.202936,0.146986
0.0561643,0.047406,0.00971442,19.7131,67.0166,23.3248,7.78748,30.0811,1.03811,0.0937349,0.0854838,0.0937326,0.142959,0.203061,0.147111
0.0560738,0.0476905,0.00815694,19.8902,67.5079,23.5124,7.82197,30.2188,1.04337,0.0938599,0.0856088,0.0938576,0.143084,0.203186,0.147236
0.0565135,0.0479773,0.0086915,20.068,67.9979,23.6994,7.85685,30.3578,1.04895,0.0939849,0.0857338,0.0939826,0.143209,0.203311,0.147361
0.0569546,0.0482648,0.00922751,20.2461,68.4874,23.8864,7.89211,30.4982,1.05485,0.0941099,0.0858588,0.0941076,0.143334,0.203436,0.147486
0.0573961,0.046881,0.00976217,19.6752,68.9812,23.0326,7.88911,30.6395,1,0.0942319,0.0843868,0.0942292,0.142494,0.203559,0.146669
0.0573112,0.0471609,0.00818994,19.8493,69.4769,23.2145,7.9243,30.7826,1.00219,0.0943569,0.0845118,0.0943542,0.142619,0.203684,0.146794
0.0577572,0.0474437,0.00872787,20.0238,69.9726,23.3966,7.95987,30.927,1.00469,0.0944819,0.0846368,0.0944792,0.142744,0.203809,0.146919
0.0582047,0.0477275,0.00926655,20.1987,70.4692,23.5793,7.99582,31.0728,1.00748,0.0946069,0.0847618,0.0946042,0.142869,0.203934,0.147044
0.0586514,0.0480128,0.00980792,20.3748,70.9702,23.764,8.03216,31.2199,1.01058,0.0947319,0.0848868,0.0947292,0.142994,0.204059,0.147169
0.0585731,0.0482969,0.00822193,20.5514,71.4718,23.9492,8.0689,31.3685,1.01399,0.0948569,0.0850118,0.0948542,0.143119,0.204184,0.147294
0.0590219,0.0485842,0.00876617,20.7291,71.9754,24.1354,8.10603,31.5184,1.01772,0.0949819,0.0851368,0.0949792,0.143244,0.204309,0.147419
0.0594698,0.0488726,0.00931362,20.9081,72.482,24.3229,8.14356,31.6698,1.02176,0.0951069,0.0852618,0.0951042,0.143369,0.204434,0.147544
0.0599229,0.0491618,0.00985855,21.0878,72.9889,24.5107,8.18149,31.8226,1.02612,0.0952319,0.0853868,0.0952292,0.143494,0.204559,0.147669
0.0598432,0.0494501,0.00825789,21.2681,73.4981,24.6997,8.21983,31.9768,1.0308,0.0953569,0.0855118,0.0953542,0.143619,0.204684,0.147794
0.0602983,0.0497412,0.0088058,21.4501,74.0091,24.8894,8.25857,32.1325,1.03581,0.0954819,0.0856368,0.0954792,0.143744,0.204809,0.14792
0.0607551,0.0500336,0.00935427,21.6321,74.5206,25.0797,8.29774,32.2896,1.04115,0.0956069,0.0857618,0.0956042,0.143869,0.204934,0.148045
0.0612117,0.0503272,0.00990517,21.8157,75.0358,25.2716,8.33731,32.4482,1.04683,0.0957319,0.0858868,0.0957292,0.143994,0.205059,0.14817
0.0611405,0.0506203,0.00828927,21.9997,75.5533,25.4648,8.37731,32.6083,1.05284,0.0958569,0.0860118,0.0958542,0.144119,0.205184,0.148295
0.0615992,0.0509161,0.00884282,22.1846,76.0715,25.6584,8.41774,32.7698,1.0592,0.0959819,0.0861368,0.0959792,0.144244,0.205309,0.14842
0.0620573,0.0493038,0.0093973,21.4754,76.5878,24.6458,8.40085,32.9323,1,0.0961036,0.0845258,0.0961005,0.143456,0.205433,0.147659
0.0625189,0.0495935,0.00995185,21.6524,77.1076,24.832,8.44098,33.0969,1.00235,0.0962286,0.0846508,0.0962255,0.143581,0.205558,0.147784
0.06245,0.0498825,0.00832253,21.8308,77.6299,25.0193,8.48153,33.263,1.00503,0.0963536,0.0847758,0.0963505,0.143706,0.205683,0.147909
0.0629137,0.0501733,0.00888081,22.0103,78.1516,25.2063,8.5225,33.4305,1.00802,0.0964786,0.0849008,0.0964755,0.143831,0.205808,0.148034
0.0633779,0.0504649,0.00944138,22.1918,78.6762,25.3944,8.5639,33.5997,1.01135,0.0966036,0.0850258,0.0966005,0.143956,0.205933,0.148159
0.0638448,0.0507572,0.0100019,22.3742,79.2016,25.5829,8.60573,33.7704,1.015,0.0967286,0.0851508,0.0967255,0.144081,0.206058,0.148284
0.0637743,0.0510491,0.00835858,22.5555,79.727,25.772,8.64798,33.9426,1.01899,0.0968536,0.0852758,0.0968505,0.144206,0.206183,0.148409
0.0642447,0.0513439,0.00892029,22.7391,80.2561,25.9625,8.69067,34.1164,1.02331,0.0969786,0.0854008,0.0969755,0.144331,0.206308,0.148534
0.0647157,0.0516399,0.00948353,22.9219,80.784,26.153,8.7338,34.2918,1.02798,0.0971036,0.0855258,0.0971005,0.144456,0.206433,0.148659
0.0651865,0.051937,0.0100494,23.1065,81.316,26.3452,8.77736,34.4688,1.03299,0.0972286,0.0856508,0.0972255,0.144581,0.206558,0.148784
0.0651273,0.0522337,0.00838942,23.2923,81.8527,26.5395,8.82137,34.6474,1.03834,0.0973536,0.0857758,0.0973505,0.144706,0.206683,0.148909
0.0655992,0.0525326,0.00895943,23.4774,82.3845,26.732,8.86583,34.8276,1.04405,0.0974786,0.0859008,0.0974755,0.144831,0.206808,0.149034
0.0660734,0.0528344,0.00952784,23.6629,82.9233,26.9281,8.91074,35.0094,1.05012,0.0976036,0.0860258,0.0976005,0.144956,0.206933,0.149159
0.0665467,0.0531356,0.0101011,23.8494,83.4589,27.1227,8.95611,35.1928,1.05654,0.0977286,0.0861508,0.0977255,0.145081,0.207058,0.149284
0.0664844,0.0534359,0.00842603,24.0364,83.9982,27.3192,9.00193,35.3779,1.06333,0.0978536,0.0862758,0.0978505,0.145206,0.207183,0.149409
0.066962,0.0515955,0.00899732,23.1815,84.5353,26.1452,8.96652,35.564,1,0.097975,0.084542,0.0979715,0.144481,0.207307,0.148713
0.0674429,0.05189,0.00957034,23.3622,85.0754,26.3325,9.01179,35.7524,1.0025,0.0981,0.084667,0.0980965,0.144606,0.207432,0.148838
0.0679232,0.052186,0.0101459,23.5437,85.6186,26.5212,9.05752,35.9425,1.00535,0.098225,0.084792,0.0982215,0.144731,0.207557,0.148963
0.0678748,0.0524799,0.00845564,23.7278,86.1641,26.7105,9.1037,36.1342,1.00853,0.09835,0.084917,0.0983465,0.144856,0.207682,0.149088
0.0683563,0.0527789,0.00903406,23.9105,86.7131,26.9021,9.15034,36.3277,1.01206,0.098475,0.085042,0.0984715,0.144981,0.207807,0.149213
0.0688419,0.0530779,0.009612,24.0948,87.2613,27.0932,9.19744,36.5229,1.01594,0.0986,0.085167,0.0985965,0.145106,0.207932,0.149338
0.0693271,0.0533773,0.0101936,24.2795,87.808,27.2838,9.245,36.7198,1.02017,0.098725,0.085292,0.0987215,0.145231,0.208057,0.149463
0.0692877,0.0536756,0.00848731,24.4646,88.3564,27.4754,9.29303,36.9185,1.02476,0.09885,0.085417,0.0988465,0.145356,0.208182,0.149588
0.0697785,0.0539776,0.00906774,24.6506,88.9072,27.668,9.34153,37.1188,1.02971,0.098975,0.085542,0.0989715,0.145481,0.208307,0.149713
0.0702689,0.054281,0.00965059,24.8369,89.4594,27.8616,9.3905,37.321,1.03502,0.0991,0.085667,0.0990965,0.145606,0.208432,0.149838
0.070759,0.0545854,0.0102363,25.0242,90.0135,28.056,9.43995,37.5249,1.0407,0.099225,0.085792,0.0992215,0.145731,0.208558,0.149963
0.0707352,0.0548887,0.00851576,25.2127,90.5707,28.2517,9.48988,37.7305,1.04675,0.09935,0.085917,0.0993465,0.145856,0.208683,0.150088
0.0712286,0.0551949,0.00910348,25.4009,91.1249,28.4465,9.54029,37.938,1.05318,0.099475,0.086042,0.0994715,0.145981,0.208808,0.150213
0.0717208,0.0555017,0.0096954,25.59,91.6796,28.6415,9.59119,38.1473,1.05998,0.0996,0.086167,0.0995965,0.146106,0.208933,0.150338
0.0722146,0.0558111,0.0102867,25.7786,92.2388,28.8391,9.64258,38.3583,1.06717,0.099725,0.086292,0.0997215,0.146231,0.209058,0.150463
0.0721798,0.0537457,0.00855251,24.775,92.7914,27.5048,9.58387,38.5703,1,0.0998463,0.0844549,0.0998424,0.145573,0.209182,0.149837
0.0726776,0.0540453,0.00914586,24.9576,93.3519,27.6924,9.63442,38.785,1.00264,0.0999713,0.0845799,0.0999674,0.145698,0.209307,0.149962
0.0731759,0.0543464,0.00974091,25.1385,93.9102,27.88,9.68545,39.0015,1.00564,0.100096,0.0847049,0.100092,0.145823,0.209432,0.150087
0.0736736,0.0546491,0.0103386,25.3208,94.4736,28.0696,9.73696,39.2199,1.009,0.100221,0.0848299,0.100217,0.145948,0.209557,0.150212
0.0736426,0.0549502,0.0085878,25.5046,95.0388,28.2598,9.78896,39.4402,1.01271,0.100346,0.0849549,0.100342,0.146073,0.209682,0.150337
0.0741453,0.0552549,0.0091855,25.6882,95.6045,28.4506,9.84144,39.6623,1.0168,0.100471,0.0850799,0.100467,0.146198,0.209807,0.150462
0.0746524,0.0555596,0.00978234,25.8733,96.1691,28.6408,9.89442,39.8863,1.02126,0.100596,0.0852049,0.100592,0.146323,0.209932,0.150587
0.0751568,0.0558656,0.0103842,26.0585,96.7351,28.8318,9.94789,40.1122,1.02608,0.100721,0.0853299,0.100717,0.146448,0.210057,0.150712
0.0751397,0.0561703,0.00861773,26.2432,97.3006,29.0231,10.0019,40.34,1.03129,0.100846,0.0854549,0.100842,0.146573,0.210182,0.150837
0.0756482,0.0564785,0.00922057,26.4297,97.869,29.2153,10.0563,40.5697,1.03688,0.100971,0.0855798,0.100967,0.146698,0.210307,0.150962
0.0761588,0.056788,0.0098235,26.6163,98.4384,29.4084,10.1113,40.8013,1.04285,0.101096,0.0857048,0.101092,0.146823,0.210432,0.151087
0.0766697,0.0570993,0.0104279,26.8032,99.0111,29.603,10.1668,41.0349,1.0492,0.101221,0.0858298,0.101217,0.146948,0.210557,0.151212
0.0766568,0.0574085,0.00864964,26.9904,99.5826,29.7973,10.2228,41.2705,1.05595,0.101346,0.0859548,0.101342,0.147073,0.210682,0.151337
0.077172,0.0577207,0.00925609,27.1787,100.153,29.9911,10.2793,41.5079,1.0631,0.101471,0.0860798,0.101467,0.147198,0.210807,0.151462
0.0776894,0.058034,0.00986278,27.3689,100.728,30.1865,10.3363,41.7474,1.07064,0.101596,0.0862048,0.101592,0.147323,0.210932,0.151587
0.0782037,0.0557611,0.0104712,26.2228,101.3,28.7015,10.2497,41.9877,1,0.101717,0.0842862,0.101713,0.146738,0.211056,0.151035
0.078204,0.0560643,0.00867866,26.403,101.876,28.8876,10.3056,42.2311,1.00276,0.101842,0.0844112,0.101838,0.146863,0.211181,0.15116
0.0787196,0.0563714,0.00929263,26.5822,102.454,29.0752,10.3619,42.4766,1.0059,0.101967,0.0845362,0.101963,0.146988,0.211306,0.151285
0.0792401,0.0566788,0.0099052,26.7643,103.035,29.2634,10.4188,42.724,1.00941,0.102092,0.0846612,0.102088,0.147113,0.211431,0.15141
0.0797579,0.0569864,0.0105237,26.9464,103.614,29.4507,10.4762,42.9735,1.0133,0.102217,0.0847862,0.102213,0.147238,0.211556,0.151535
0.0797611,0.0572942,0.00871304,27.1286,104.196,29.6399,10.5341,43.225,1.01756,0.102342,0.0849112,0.102338,0.147363,0.211681,0.15166
0.0802851,0.0576039,0.00933052,27.3126,104.778,29.8287,10.5925,43.4786,1.02221,0.102467,0.0850362,0.102463,0.147488,0.211806,0.151785
0.0808106,0.0579146,0.0099493,27.4963,105.358,30.0172,10.6515,43.7342,1.02726,0.102592,0.0851612,0.102588,0.147613,0.211931,0.15191
0.0813386,0.0582264,0.0105678,27.6801,105.939,30.2063,10.7109,43.9919,1.03269,0.102717,0.0852862,0.102713,0.147738,0.212056,0.152036
0.081342,0.0585373,0.00874627,27.8634,106.519,30.3955,10.7709,44.2517,1.03851,0.102842,0.0854112,0.102838,0.147863,0.212181,0.152161
0.0818698,0.0588513,0.00937032,28.048,107.102,30.5856,10.8314,44.5136,1.04474,0.102967,0.0855362,0.102963,0.147988,0.212306,0.152286
0.0823977,0.0591665,0.00999669,28.2332,107.687,30.7765,10.8925,44.7775,1.05137,0.103092,0.0856612,0.103088,0.148113,0.212431,0.152411
0.082927,0.0594823,0.0106247,28.4177,108.268,30.9665,10.9541,45.0436,1.0584,0.103217,0.0857862,0.103213,0.148238,0.212556,0.152536
0.0829327,0.0597977,0.00878154,28.6031,108.856,31.1593,11.0162,45.3118,1.06584,0.103342,0.0859112,0.103338,0.148363,0.212681,0.152661
0.083467,0.0601158,0.00940952,28.791,109.445,31.3522,11.0789,45.5822,1.0737,0.103467,0.0860362,0.103463,0.148488,0.212806,0.152786
0.0840007,0.0576491,0.0100364,27.5076,110.029,29.7272,10.96,45.8533,1,0.103588,0.0840585,0.103584,0.147976,0.212931,0.152308
0.0845348,0.0579568,0.0106702,27.6862,110.616,29.9089,11.0212,46.1279,1.00287,0.103713,0.0841835,0.103709,0.148101,0.213056,0.152433
0.0845498,0.0582643,0.0088122,27.8647,111.204,30.0911,11.0829,46.4047,1.00612,0.103838,0.0843085,0.103834,0.148226,0.213181,0.152558
0.0850903,0.0585745,0.0094444,28.0428,111.791,30.2732,11.1451,46.6837,1.00977,0.103963,0.0844335,0.103959,0.148351,0.213306,0.152683
0.0856314,0.0588854,0.0100789,28.2232,112.382,30.4566,11.2078,46.9649,1.0138,0.104088,0.0845585,0.104084,0.148476,0.213431,0.152808
0.0861738,0.0591977,0.0107144,28.4031,112.973,30.6402,11.2711,47.2482,1.01822,0.104213,0.0846835,0.104209,0.148601,0.213556,0.152933
0.0862005,0.0595088,0.0088424,28.5832,113.562,30.8236,11.335,47.5338,1.02304,0.104338,0.0848085,0.104334,0.148726,0.213681,0.153058
0.0867463,0.0598233,0.00947967,28.7632,114.153,31.0078,11.3993,47.8216,1.02826,0.104463,0.0849335,0.104459,0.148851,0.213806,0.153183
0.0872914,0.0601383,0.0101208,28.945,114.746,31.1924,11.4643,48.1117,1.03388,0.104588,0.0850585,0.104584,0.148976,0.213931,0.153308
0.0878365,0.0604553,0.0107635,29.1254,115.339,31.3778,11.5297,48.404,1.03992,0.104713,0.0851835,0.104709,0.149101,0.214056,0.153433
0.0878715,0.0607698,0.00887465,29.3076,115.93,31.5623,11.5957,48.6985,1.04636,0.104838,0.0853085,0.104834,0.149226,0.214181,0.153558
0.0884191,0.0610894,0.00951974,29.4888,116.527,31.7495,11.6623,48.9953,1.05321,0.104963,0.0854335,0.104959,0.149351,0.214306,0.153683
0.088972,0.0614092,0.010163,29.6711,117.122,31.9361,11.7294,49.2944,1.06049,0.105088,0.0855585,0.105084,0.149476,0.214431,0.153808
0.0895236,0.0617309,0.0108093,29.8526,117.718,32.1236,11.7971,49.5958,1.06818,0.105213,0.0856835,0.105209,0.149601,0.214556,0.153933
0.0895514,0.0620505,0.00890932,30.0344,118.312,32.3103,11.8654,49.8995,1.0763,0.105338,0.0858085,0.105334,0.149726,0.214681,0.154058
0.0901052,0.0594095,0.00955554,28.6273,118.904,30.561,11.7106,50.2038,1,0.105459,0.0837948,0.105455,0.149287,0.214805,0.153655
0.090662,0.059721,0.0102055,28.8016,119.501,30.7379,11.7769,50.5121,1.00296,0.105584,0.0839198,0.10558,0.149412,0.21493,0.15378
0.0912192,0.0600327,0.0108584,28.9761,120.096,30.9138,11.8439,50.8227,1.00631,0.105709,0.0840448,0.105705,0.149537,0.215055,0.153905
0.0912574,0.0603441,0.0089404,29.1516,120.694,31.0911,11.9114,51.1357,1.01006,0.105834,0.0841698,0.10583,0.149662,0.21518,0.15403
0.0918175,0.0606588,0.00959476,29.3264,121.293,31.2692,11.9794,51.451,1.01421,0.105959,0.0842948,0.105955,0.149787,0.215305,0.154155
0.0923789,0.0609752,0.01025,29.5013,121.895,31.4484,12.048,51.7687,1.01876,0.106084,0.0844198,0.10608,0.149912,0.21543,0.15428
0.0929415,0.0612919,0.0109073,29.6767,122.494,31.6268,12.1171,52.0888,1.02372,0.106209,0.0845448,0.106205,0.150037,0.215555,0.154405
0.092986,0.0616078,0.0089727,29.8537,123.096,31.8063,12.1868,52.4113,1.02909,0.106334,0.0846698,0.10633,0.150162,0.21568,0.15453
0.0935502,0.0619261,0.00963413,30.0298,123.695,31.9847,12.2571,52.7361,1.03487,0.106459,0.0847948,0.106455,0.150287,0.215805,0.154655
0.0941187,0.0622462,0.0102934,30.205,124.293,32.1638,12.3279,53.0634,1.04107,0.106584,0.0849198,0.10658,0.150412,0.21593,0.15478
0.0946881,0.0625668,0.0109549,30.3814,124.892,32.3428,12.3993,53.3931,1.04769,0.106709,0.0850447,0.106705,0.150537,0.216055,0.154905
0.0947417,0.0628869,0.00900405,30.5593,125.497,32.5237,12.4713,53.7252,1.05473,0.106834,0.0851697,0.10683,0.150662,0.21618,0.15503
0.0953108,0.0632103,0.00967043,30.7368,126.102,32.7052,12.5438,54.0597,1.06219,0.106959,0.0852947,0.106955,0.150787,0.216305,0.155155
0.0958828,0.0635345,0.010337,30.9146,126.706,32.8862,12.6169,54.3967,1.07009,0.107084,0.0854197,0.107079,0.150912,0.21643,0.15528
0.0964537,0.0638601,0.011007,31.09,127.305,33.0667,12.6906,54.7362,1.07842,0.107209,0.0855447,0.107204,0.151037,0.216555,0.155405
0.0965046,0.0610677,0.00903675,29.5736,127.906,31.2143,12.4969,55.0762,1,0.10733,0.0835165,0.107325,0.150668,0.21668,0.155071
0.097081,0.0613833,0.00970581,29.7412,128.512,31.3862,12.5684,55.4206,1.00303,0.107455,0.0836415,0.10745,0.150793,0.216805,0.155196
0.0976572,0.0616993,0.0103783,29.909,129.115,31.5573,12.6404,55.7675,1.00646,0.10758,0.0837665,0.107575,0.150918,0.21693,0.155321
0.0982356,0.0620158,0.0110518,30.0787,129.722,31.7291,12.713,56.1169,1.0103,0.107705,0.0838915,0.1077,0.151044,0.217055,0.155446
0.0982927,0.0623321,0.00906982,30.2478,130.326,31.9005,12.7861,56.4689,1.01454,0.10783,0.0840165,0.107825,0.151169,0.21718,0.155571
0.0988736,0.0626507,0.00974623,30.4165,130.928,32.0717,12.8599,56.8233,1.01919,0.107955,0.0841415,0.10795,0.151294,0.217305,0.155696
0.0994563,0.0629701,0.0104238,30.587,131.535,32.2439,12.9342,57.1803,1.02426,0.10808,0.0842665,0.108075,0.151419,0.21743,0.155821
0.100038,0.0632912,0.0111048,30.7565,132.141,32.4167,13.009,57.5399,1.02975,0.108205,0.0843915,0.1082,0.151544,0.217555,0.155946
0.100097,0.0636123,0.00910375,30.9273,132.752,32.5909,13.0845,57.902,1.03565,0.10833,0.0845165,0.108325,0.151669,0.21768,0.156071
0.10068,0.0639362,0.00978728,31.0969,133.362,32.7653,13.1605,58.2667,1.04198,0.108455,0.0846415,0.10845,0.151794,0.217805,0.156196
0.101269,0.06426,0.0104696,31.2668,133.966,32.9378,13.2371,58.634,1.04874,0.10858,0.0847665,0.108575,0.151919,0.21793,0.156321
0.10186,0.064585,0.0111525,31.4383,134.575,33.1118,13.3143,59.0038,1.05592,0.108705,0.0848915,0.1087,0.152044,0.218055,0.156446
0.101926,0.0649108,0.0091353,31.6091,135.186,33.2869,13.392,59.3763,1.06354,0.10883,0.0850165,0.108825,0.152169,0.21818,0.156571
0.102516,0.0652394,0.00982289,31.7782,135.795,33.462,13.4704,59.7514,1.07159,0.108955,0.0851415,0.10895,0.152294,0.218305,0.156696
0.103106,0.0655682,0.0105144,31.9471,136.399,33.6355,13.5493,60.1291,1.08009,0.10908,0.0852665,0.109075,0.152419,0.21843,0.156821
0.103697,0.0626508,0.0112024,30.3371,136.995,31.6973,13.3145,60.5072,1,0.109201,0.0832429,0.109196,0.152116,0.218555,0.156554
0.103766,0.0629664,0.00916823,30.498,137.598,31.8596,13.3909,60.8902,1.00308,0.109326,0.0833679,0.109321,0.152241,0.21868,0.156679
0.104362,0.0632853,0.00986225,30.6596,138.208,32.0244,13.4678,61.2758,1.00658,0.109451,0.0834929,0.109446,0.152366,0.218805,0.156804
0.104961,0.0636049,0.0105553,30.8206,138.813,32.1881,13.5453,61.6641,1.01048,0.109576,0.0836179,0.109571,0.152491,0.21893,0.156929
0.105558,0.0639253,0.0112533,30.9816,139.417,32.3515,13.6234,62.055,1.01479,0.109701,0.0837429,0.109696,0.152616,0.219055,0.157054
0.105634,0.0642457,0.00920077,31.1414,140.021,32.5155,13.7021,62.4487,1.01952,0.109826,0.0838679,0.109821,0.152741,0.21918,0.157179
0.106234,0.0645684,0.00990111,31.3036,140.629,32.6805,13.7813,62.845,1.02467,0.109951,0.0839929,0.109946,0.152866,0.219305,0.157304
0.106839,0.0648925,0.0105992,31.4667,141.241,32.8468,13.8611,63.2441,1.03024,0.110076,0.0841179,0.110071,0.152991,0.21943,0.157429
0.107445,0.0652174,0.0112985,31.6293,141.85,33.0121,13.9415,63.6458,1.03623,0.110201,0.0842429,0.110196,0.153116,0.219555,0.157554
0.107529,0.0655416,0.00923189,31.7914,142.456,33.177,14.0225,64.0503,1.04265,0.110326,0.0843679,0.110321,0.153241,0.21968,0.157679
0.108136,0.0658678,0.00993725,31.9541,143.061,33.3414,14.1041,64.4576,1.04951,0.110451,0.0844929,0.110446,0.153366,0.219805,0.157804
0.108744,0.0661951,0.0106438,32.1174,143.668,33.5063,14.1862,64.8675,1.0568,0.110576,0.0846179,0.110571,0.153491,0.21993,0.157929
0.109352,0.0665243,0.0113534,32.2785,144.271,33.6712,14.269,65.2803,1.06452,0.110701,0.0847429,0.110696,0.153616,0.220055,0.158054
0.109433,0.066853,0.00926685,32.4399,144.878,33.8371,14.3523,65.6958,1.07269,0.110826,0.0848679,0.110821,0.153741,0.22018,0.158179
0.110045,0.0671859,0.00997579,32.6004,145.487,34.0043,14.4363,66.1141,1.0813,0.110951,0.0849929,0.110946,0.153866,0.220305,0.158304
0.110657,0.0641651,0.0106851,30.9204,146.084,32.0038,14.159,66.5325,1,0.111073,0.0829911,0.111067,0.153625,0.220429,0.158096
0.111272,0.0644848,0.0113985,31.0751,146.692,32.1596,14.2401,66.9564,1.00312,0.111198,0.0831161,0.111192,0.15375,0.220554,0.158221
0.111363,0.064804,0.00929732,31.2296,147.298,32.315,14.3217,67.383,1.00665,0.111322,0.0832411,0.111317,0.153875,0.220679,0.158346
0.111979,0.0651253,0.0100151,31.3823,147.897,32.4689,14.4039,67.8125,1.0106,0.111447,0.0833661,0.111442,0.154,0.220804,0.158471
0.1126,0.0654486,0.010731,31.5363,148.504,32.6254,14.4867,68.2448,1.01496,0.111572,0.0834911,0.111567,0.154125,0.220929,0.158597
0.11322,0.0657729,0.0114497,31.6904,149.112,32.782,14.57,68.6799,1.01974,0.111697,0.0836161,0.111692,0.15425,0.221054,0.158722
0.113315,0.0660962,0.00933039,31.8443,149.716,32.9376,14.654,69.1179,1.02494,0.111822,0.0837411,0.111817,0.154375,0.221179,0.158847
0.113935,0.0664239,0.0100538,31.9972,150.325,33.0956,14.7385,69.5587,1.03056,0.111947,0.0838661,0.111942,0.1545,0.221304,0.158972
0.114559,0.0667502,0.0107785,32.1514,150.926,33.2507,14.8236,70.0025,1.03661,0.112072,0.0839911,0.112067,0.154625,0.221429,0.159097
0.115188,0.0670777,0.0115007,32.3058,151.529,33.4062,14.9093,70.449,1.04309,0.112197,0.0841161,0.112192,0.15475,0.221555,0.159222
0.115277,0.067406,0.00936498,32.4592,152.134,33.5632,14.9956,70.8985,1.05001,0.112322,0.0842411,0.112317,0.154875,0.22168,0.159347
0.115904,0.0677376,0.0100932,32.6111,152.738,33.7203,15.0825,71.3509,1.05736,0.112447,0.0843661,0.112442,0.155,0.221805,0.159472
0.116536,0.0680696,0.0108197,32.7643,153.342,33.8773,15.17,71.8062,1.06515,0.112572,0.0844911,0.112567,0.155125,0.22193,0.159597
0.11717,0.0684019,0.0115474,32.9183,153.944,34.0336,15.258,72.2644,1.07338,0.112697,0.0846161,0.112692,0.15525,0.222055,0.159722
0.117268,0.0687327,0.00939641,33.0731,154.545,34.1894,15.3467,72.7255,1.08206,0.112822,0.084741,0.112817,0.155375,0.22218,0.159847
0.1179,0.0656336,0.0101283,31.341,155.141,32.1488,15.0265,73.1866,1,0.112944,0.0827757,0.112938,0.155189,0.222304,0.159694
0.118532,0.0659555,0.0108666,31.4864,155.742,32.2953,15.112,73.6536,1.00314,0.113069,0.0829007,0.113063,0.155314,0.222429,0.159819
0.11917,0.0662787,0.0116017,31.6308,156.339,32.4411,15.1981,74.1236,1.0067,0.113194,0.0830257,0.113188,0.155439,0.222554,0.159944
0.119267,0.0666012,0.00943027,31.7749,156.935,32.5866,15.2847,74.5965,1.01066,0.113319,0.0831507,0.113313,0.155564,0.222679,0.160069
0.119907,0.0669256,0.0101698,31.9209,157.534,32.7326,15.3719,75.0723,1.01505,0.113444,0.0832757,0.113438,0.155689,0.222804,0.160194
0.12055,0.0672521,0.0109091,32.0655,158.132,32.8793,15.4597,75.5512,1.01985,0.113569,0.0834007,0.113563,0.155814,0.222929,0.160319
0.121192,0.067579,0.0116522,32.2111,158.731,33.0257,15.5481,76.033,1.02508,0.113694,0.0835257,0.113688,0.155939,0.223054,0.160444
0.121297,0.0679059,0.00946233,32.3552,159.327,33.172,15.637,76.5178,1.03073,0.113819,0.0836507,0.113813,0.156064,0.223179,0.160569
0.121944,0.0682358,0.0102052,32.4996,159.926,33.3191,15.7266,77.0057,1.0368,0.113944,0.0837757,0.113938,0.156189,0.223304,0.160694
0.12259,0.0685678,0.0109508,32.6426,160.524,33.4669,15.8167,77.4965,1.04331,0.114069,0.0839007,0.114063,0.156314,0.223429,0.160819
0.123239,0.0688981,0.0116987,32.7891,161.121,33.6131,15.9075,77.9904,1.05025,0.114194,0.0840257,0.114188,0.156439,0.223554,0.160944
0.123356,0.0692277,0.00949322,32.9345,161.713,33.758,15.9988,78.4874,1.05763,0.114319,0.0841507,0.114313,0.156564,0.223679,0.161069
0.12401,0.0695614,0.0102412,33.0798,162.311,33.9053,16.0907,78.9873,1.06544,0.114444,0.0842757,0.114438,0.156689,0.223804,0.161194
0.124664,0.0698966,0.0109916,33.2237,162.906,34.0522,16.1832,79.4904,1.0737,0.114569,0.0844007,0.114563,0.156814,0.223929,0.161319
0.125317,0.0702325,0.0117455,33.3682,163.501,34.1992,16.2763,79.9965,1.0824,0.114694,0.0845257,0.114688,0.156939,0.224054,0.161444
0.125434,0.0670783,0.00952395,31.603,164.098,32.1419,15.9136,80.5024,1,0.114815,0.0826092,0.114809,0.156802,0.224179,0.161339
0.12609,0.0674031,0.0102812,31.7386,164.69,32.2792,16.0033,81.0147,1.00315,0.11494,0.0827342,0.114934,0.156927,0.224304,0.161464
0.126747,0.0677285,0.0110399,31.8767,165.29,32.4182,16.0935,81.5301,1.00671,0.115065,0.0828592,0.115059,0.157052,0.224429,0.161589
0.127404,0.0680558,0.0118016,32.0128,165.888,32.5571,16.1843,82.0485,1.01068,0.11519,0.0829842,0.115184,0.157177,0.224554,0.161714
0.12752,0.0683835,0.00955988,32.1488,166.488,32.697,16.2756,82.5701,1.01507,0.115315,0.0831092,0.115309,0.157302,0.224679,0.161839
0.128182,0.0687127,0.0103219,32.2863,167.089,32.8368,16.3676,83.0948,1.01987,0.11544,0.0832342,0.115434,0.157427,0.224804,0.161964
0.128844,0.0690429,0.0110872,32.4238,167.69,32.9769,16.4601,83.6227,1.0251,0.115565,0.0833592,0.115559,0.157552,0.224929,0.162089
0.129508,0.0693742,0.0118524,32.5614,168.291,33.1171,16.5532,84.1538,1.03075,0.11569,0.0834842,0.115684,0.157677,0.225054,0.162214
0.129627,0.0697037,0.00959325,32.7006,168.891,33.2564,16.6469,84.688,1.03683,0.115815,0.0836092,0.115809,0.157802,0.225179,0.162339
0.130297,0.0700367,0.01036,32.8393,169.494,33.3971,16.7412,85.2254,1.04334,0.11594,0.0837342,0.115934,0.157927,0.225304,0.162464
0.130966,0.0703705,0.0111295,32.9781,170.096,33.5375,16.8361,85.766,1.05027,0.116065,0.0838592,0.116059,0.158052,0.225429,0.162589
0.131639,0.0707062,0.011898,33.116,170.699,33.6787,16.9316,86.3097,1.05765,0.11619,0.0839842,0.116184,0.158177,0.225554,0.162714
0.131782,0.0710401,0.00962165,33.2552,171.299,33.8189,17.0277,86.8567,1.06545,0.116315,0.0841091,0.116309,0.158302,0.225679,0.162839
0.132456,0.0713772,0.0103955,33.3937,171.9,33.9596,17.1244,87.407,1.0737,0.11644,0.0842341,0.116434,0.158427,0.225804,0.162964
0.133129,0.0717158,0.011173,33.532,172.503,34.101,17.2216,87.9604,1.08239,0.116565,0.0843591,0.116559,0.158552,0.225929,0.163089
0.133803,0.0685265,0.0119484,31.753,173.099,32.0419,16.8173,88.5136,1,0.116687,0.0825,0.11668,0.158459,0.226054,0.163027
0.133944,0.0688524,0.00965481,31.8847,173.704,32.1749,16.9109,89.0735,1.00314,0.116812,0.082625,0.116805,0.158584,0.226179,0.163152
0.134622,0.0691806,0.0104353,32.0168,174.31,32.3084,17.005,89.6367,1.0067,0.116937,0.08275,0.11693,0.158709,0.226304,0.163277
0.135305,0.0695086,0.0112159,32.1503,174.915,32.441,17.0998,90.2031,1.01066,0.117062,0.082875,0.117055,0.158834,0.226429,0.163402
0.135985,0.0698401,0.0120002,32.282,175.526,32.5762,17.1951,90.7729,1.01504,0.117187,0.083,0.11718,0.158959,0.226554,0.163527
0.136126,0.0701706,0.00968832,32.4133,176.131,32.71,17.291,91.346,1.01983,0.117312,0.083125,0.117305,0.159084,0.226679,0.163652
0.136812,0.0705031,0.0104734,32.5446,176.734,32.8433,17.3874,91.9224,1.02505,0.117437,0.08325,0.11743,0.159209,0.226804,0.163777
0.137498,0.0708367,0.0112617,32.6773,177.343,32.9779,17.4845,92.5021,1.03068,0.117562,0.083375,0.117555,0.159334,0.226929,0.163902
0.138187,0.0711704,0.01205,32.8099,177.946,33.1111,17.5821,93.0851,1.03674,0.117687,0.0835,0.11768,0.159459,0.227054,0.164027
0.138333,0.0715042,0.00972088,32.9426,178.554,33.2458,17.6804,93.6715,1.04323,0.117812,0.083625,0.117805,0.159584,0.227179,0.164152
0.139025,0.0718388,0.0105138,33.0768,179.157,33.3787,17.7792,94.2612,1.05014,0.117937,0.08375,0.11793,0.159709,0.227304,0.164277
0.139721,0.0721757,0.0113043,33.2107,179.765,33.5134,17.8786,94.8543,1.05749,0.118062,0.083875,0.118055,0.159834,0.227429,0.164402
0.140415,0.0725137,0.0120992,33.3455,180.376,33.6487,17.9786,95.4508,1.06527,0.118187,0.084,0.11818,0.159959,0.227554,0.164527
0.140572,0.0728519,0.00975206,33.4785,180.986,33.7843,18.0793,96.0507,1.07348,0.118312,0.084125,0.118305,0.160084,0.227679,0.164652
0.141269,0.0731925,0.0105496,33.6113,181.592,33.9192,18.1805,96.654,1.08214,0.118437,0.08425,0.11843,0.160209,0.227804,0.164777
0.141965,0.0699808,0.011347,31.8308,182.193,31.8715,17.7355,97.2568,1,0.118558,0.0824522,0.118552,0.160153,0.227929,0.164751
0.142667,0.0703095,0.0121472,31.957,182.796,31.9971,17.8328,97.8669,1.00313,0.118683,0.0825772,0.118677,0.160278,0.228054,0.164876
0.142833,0.0706395,0.00978275,32.0837,183.41,32.1255,17.9307,98.4804,1.00667,0.118808,0.0827022,0.118802,0.160403,0.228179,0.165001
0.143536,0.0709708,0.0105867,32.2118,184.024,32.2535,18.0292,99.0973,1.01061,0.118933,0.0828272,0.118927,0.160528,0.228304,0.165126
0.144241,0.0713035,0.0113914,32.3393,184.637,32.3817,18.1282,99.7177,1.01497,0.119058,0.0829522,0.119052,0.160653,0.228429,0.165251
0.144945,0.071638,0.0121993,32.4655,185.248,32.5101,18.2278,100.342,1.01974,0.119183,0.0830772,0.119177,0.160778,0.228554,0.165376
0.145124,0.071971,0.00981455,32.5926,185.856,32.6374,18.328,100.969,1.02493,0.119308,0.0832022,0.119302,0.160903,0.228679,0.165501
0.145835,0.0723046,0.0106237,32.7226,186.466,32.7644,18.4288,101.6,1.03053,0.119433,0.0833272,0.119427,0.161028,0.228804,0.165626
0.146548,0.0726411,0.0114329,32.85,187.076,32.8922,18.5302,102.234,1.03656,0.119558,0.0834522,0.119552,0.161153,0.228929,0.165751
0.14726,0.07298,0.0122449,32.9759,187.686,33.0209,18.6322,102.872,1.04301,0.119683,0.0835772,0.119677,0.161278,0.229054,0.165876
0.147451,0.073318,0.00984476,33.1034,188.3,33.1501,18.7348,103.513,1.04989,0.119808,0.0837022,0.119802,0.161403,0.229179,0.166001
0.148166,0.0736582,0.0106605,33.231,188.913,33.2792,18.8379,104.158,1.05719,0.119933,0.0838272,0.119927,0.161528,0.229304,0.166126
0.148883,0.0739997,0.0114766,33.3581,189.525,33.4083,18.9417,104.807,1.06492,0.120058,0.0839522,0.120052,0.161654,0.229429,0.166251
0.149601,0.0743406,0.0122963,33.4857,190.129,33.5354,19.0461,105.459,1.07309,0.120183,0.0840772,0.120177,0.161779,0.229554,0.166376
0.149781,0.0746819,0.00987985,33.6134,190.741,33.6644,19.151,106.114,1.08169,0.120308,0.0842022,0.120302,0.161904,0.229679,0.166501
0.150499,0.0714609,0.0106997,31.839,191.35,31.6395,18.6665,106.769,1,0.12043,0.0824675,0.120424,0.161881,0.229804,0.166506
0.151222,0.0717919,0.0115238,31.9611,191.958,31.7595,18.7673,107.432,1.00311,0.120555,0.0825925,0.120549,0.162006,0.229929,0.166631
0.151945,0.0721261,0.0123481,32.083,192.58,31.883,18.8688,108.098,1.00663,0.12068,0.0827175,0.120674,0.162131,0.230054,0.166756
0.152135,0.0724595,0.00991082,32.2045,193.192,32.0046,18.9708,108.768,1.01055,0.120805,0.0828425,0.120799,0.162256,0.230179,0.166881
0.152861,0.0727945,0.0107403,32.3242,193.795,32.1243,19.0734,109.442,1.01487,0.12093,0.0829675,0.120924,0.162381,0.230304,0.167006
0.15359,0.0731312,0.0115688,32.4447,194.405,32.2458,19.1765,110.119,1.01961,0.121055,0.0830925,0.121049,0.162506,0.230429,0.167131
0.154317,0.0734692,0.0124019,32.565,195.017,32.3677,19.2802,110.8,1.02476,0.12118,0.0832175,0.121174,0.162631,0.230554,0.167256
0.154509,0.0738065,0.00994406,32.6859,195.629,32.4897,19.3846,111.484,1.03033,0.121305,0.0833425,0.121299,0.162756,0.230679,0.167381
0.155243,0.0741462,0.0107772,32.807,196.24,32.6118,19.4895,112.172,1.03631,0.12143,0.0834675,0.121424,0.162881,0.230804,0.167506
0.155975,0.0744868,0.0116145,32.9283,196.852,32.734,19.595,112.864,1.04271,0.121555,0.0835925,0.121549,0.163006,0.230929,0.167631
0.15671,0.0748289,0.0124524,33.0499,197.468,32.857,19.701,113.559,1.04953,0.12168,0.0837175,0.121674,0.163131,0.231054,0.167756
0.156928,0.0751696,0.00997297,33.1724,198.08,32.9793,19.8077,114.258,1.05678,0.121805,0.0838425,0.121799,0.163256,0.231179,0.167881
0.157668,0.0755121,0.0108137,33.2948,198.689,33.1006,19.915,114.961,1.06445,0.12193,0.0839675,0.121923,0.163381,0.231304,0.168006
0.158409,0.0758566,0.011655,33.4168,199.3,33.2231,20.0228,115.668,1.07255,0.122055,0.0840925,0.122048,0.163506,0.231429,0.168131
0.159151,0.0762022,0.0124985,33.5385,199.911,33.3454,20.1313,116.378,1.08108,0.12218,0.0842175,0.122173,0.163631,0.231554,0.168256
0.159359,0.072976,0.0100052,31.7795,200.511,31.347,19.6086,117.087,1,0.122302,0.0825463,0.122295,0.163637,0.231679,0.168287
0.160103,0.0733115,0.0108515,31.8948,201.125,31.4628,19.7128,117.805,1.00309,0.122427,0.0826713,0.12242,0.163762,0.231804,0.168412
0.160846,0.0736478,0.0117029,32.0095,201.735,31.5777,19.8176,118.526,1.00657,0.122552,0.0827963,0.122545,0.163887,0.231929,0.168537
0.161597,0.0739838,0.0125507,32.127,202.349,31.693,19.9229,119.251,1.01046,0.122677,0.0829213,0.12267,0.164012,0.232054,0.168662
0.161811,0.0743211,0.0100383,32.2437,202.968,31.81,20.0288,119.98,1.01475,0.122802,0.0830463,0.122795,0.164137,0.232179,0.168787
0.162565,0.0746597,0.0108882,32.3617,203.588,31.9267,20.1353,120.713,1.01944,0.122927,0.0831713,0.12292,0.164262,0.232304,0.168912
0.16332,0.0749987,0.0117416,32.4812,204.21,32.0438,20.2424,121.45,1.02455,0.123052,0.0832963,0.123045,0.164387,0.232429,0.169037
0.164076,0.07534,0.0125949,32.6004,204.84,32.1629,20.35,122.19,1.03006,0.123177,0.0834213,0.12317,0.164512,0.232554,0.169162
0.164306,0.0756814,0.0100681,32.7194,205.471,32.2826,20.4583,122.934,1.03599,0.123302,0.0835463,0.123295,0.164637,0.232679,0.169287
0.165062,0.076024,0.0109286,32.8411,206.107,32.4028,20.5671,123.683,1.04233,0.123427,0.0836713,0.12342,0.164762,0.232804,0.169412
0.16582,0.0763694,0.0117889,32.9607,206.745,32.5244,20.6765,124.435,1.04909,0.123552,0.0837963,0.123545,0.164887,0.232929,0.169537
0.16658,0.0767145,0.012651,33.0832,207.388,32.6462,20.7865,125.19,1.05626,0.123677,0.0839213,0.12367,0.165012,0.233054,0.169662
0.166814,0.0770593,0.0101011,33.206,208.033,32.7685,20.8971,125.95,1.06386,0.123802,0.0840463,0.123795,0.165137,0.233179,0.169787
0.167576,0.077408,0.0109658,33.3282,208.684,32.893,21.0083,126.714,1.07189,0.123927,0.0841713,0.12392,0.165262,0.233304,0.169912
0.168337,0.0777578,0.0118352,33.4521,209.344,33.0191,21.1202,127.482,1.08034,0.124052,0.0842963,0.124045,0.165387,0.233429,0.170037
0.169098,0.0745386,0.0127047,31.7193,209.985,31.0609,20.5609,128.249,1,0.124174,0.0826876,0.124167,0.165416,0.233554,0.17009
0.169322,0.074876,0.0101349,31.8349,210.628,31.1759,20.6683,129.024,1.00306,0.124299,0.0828126,0.124292,0.165541,0.233679,0.170215
0.170092,0.0752141,0.011007,31.9496,211.256,31.2881,20.7763,129.804,1.00651,0.124424,0.0829376,0.124417,0.165666,0.233804,0.17034
0.170861,0.0755552,0.011881,32.0629,211.891,31.4023,20.8849,130.588,1.01036,0.124549,0.0830626,0.124542,0.165791,0.233929,0.170465
0.171633,0.0758957,0.0127569,32.1758,212.511,31.5133,20.994,131.375,1.01462,0.124674,0.0831876,0.124667,0.165916,0.234054,0.17059
0.171863,0.0762369,0.0101671,32.2849,213.117,31.6224,21.1037,132.167,1.01927,0.124799,0.0833125,0.124792,0.166041,0.234179,0.170715
0.172639,0.0765785,0.0110456,32.396,213.718,31.73,21.214,132.962,1.02433,0.124924,0.0834375,0.124917,0.166166,0.234304,0.17084
0.173417,0.0769232,0.0119239,32.5022,214.31,31.8368,21.3249,133.762,1.02979,0.125049,0.0835625,0.125042,0.166291,0.234429,0.170965
0.174197,0.0772678,0.0128043,32.6101,214.899,31.9427,21.4363,134.565,1.03566,0.125174,0.0836875,0.125167,0.166416,0.234554,0.17109
0.174447,0.0776128,0.0101964,32.7168,215.483,32.0479,21.5484,135.372,1.04193,0.125299,0.0838125,0.125292,0.166541,0.23468,0.171215
0.175229,0.0779601,0.0110806,32.8199,216.052,32.1505,21.6609,136.183,1.04862,0.125424,0.0839375,0.125417,0.166666,0.234805,0.17134
0.17601,0.078309,0.0119679,32.9194,216.606,32.2511,21.7741,136.998,1.05573,0.125549,0.0840625,0.125542,0.166791,0.23493,0.171465
0.176793,0.0786589,0.0128568,33.0183,217.155,32.3508,21.8878,137.817,1.06324,0.125674,0.0841875,0.125667,0.166916,0.235055,0.17159
0.177037,0.0790095,0.0102299,33.1172,217.708,32.4515,22.0021,138.64,1.07118,0.125799,0.0843125,0.125793,0.167041,0.23518,0.171715
0.177823,0.0793607,0.0111228,33.2137,218.238,32.5475,22.1169,139.467,1.07953,0.125924,0.0844375,0.125918,0.167166,0.235305,0.17184
0.178608,0.0761518,0.0120139,31.4888,218.757,30.6123,21.5223,140.293,1,0.126046,0.0828893,0.12604,0.167216,0.23543,0.171912
0.179401,0.0764945,0.0129043,31.5768,219.278,30.7016,21.6325,141.127,1.00302,0.126171,0.0830143,0.126165,0.167341,0.235555,0.172037
0.179659,0.0768374,0.0102598,31.6625,219.785,30.7886,21.7433,141.965,1.00643,0.126297,0.0831393,0.12629,0.167466,0.23568,0.172162
0.180454,0.0771823,0.0111545,31.7467,220.284,30.8746,21.8547,142.807,1.01023,0.126422,0.0832643,0.126415,0.167591,0.235805,0.172287
0.181247,0.0775265,0.0120554,31.8312,220.773,30.9579,21.9666,143.653,1.01442,0.126547,0.0833893,0.12654,0.167716,0.23593,0.172412
0.182046,0.0778725,0.0129539,31.9124,221.248,31.0395,22.079,144.503,1.019,0.126672,0.0835143,0.126665,0.167841,0.236055,0.172537
0.182314,0.0782189,0.010291,31.9939,221.724,31.1213,22.1919,145.357,1.02398,0.126797,0.0836393,0.12679,0.167966,0.23618,0.172662
0.183115,0.0785678,0.0111924,32.0716,222.185,31.2009,22.3053,146.214,1.02935,0.126922,0.0837643,0.126915,0.168091,0.236305,0.172787
0.183917,0.0789168,0.012098,32.149,222.636,31.2784,22.4193,147.075,1.03512,0.127047,0.0838893,0.12704,0.168216,0.23643,0.172912
0.18472,0.0792678,0.0130034,32.2234,223.078,31.3547,22.5338,147.94,1.04129,0.127172,0.0840143,0.127165,0.168341,0.236555,0.173037
0.185011,0.0796174,0.0103207,32.2989,223.513,31.4295,22.6489,148.809,1.04786,0.127297,0.0841393,0.12729,0.168466,0.23668,0.173162
0.185818,0.0799694,0.01123,32.372,223.938,31.5025,22.7644,149.681,1.05483,0.127422,0.0842643,0.127415,0.168591,0.236805,0.173287
0.186626,0.0803228,0.0121414,32.4422,224.349,31.5736,22.8805,150.557,1.0622,0.127547,0.0843893,0.12754,0.168716,0.23693,0.173412
0.187436,0.080677,0.0130544,32.5112,224.751,31.643,22.9971,151.437,1.06997,0.127672,0.0845143,0.127665,0.168841,0.237055,0.173537
0.187734,0.081032,0.0103519,32.5786,225.149,31.712,23.1142,152.321,1.07815,0.127797,0.0846393,0.12779,0.168966,0.23718,0.173662
0.188546,0.0778632,0.0112648,30.8947,225.524,29.8323,22.49,153.202,1,0.127919,0.0831649,0.127912,0.169032,0.237305,0.173747
0.18936,0.0782097,0.0121822,30.9541,225.897,29.8933,22.6025,154.093,1.00296,0.128044,0.0832899,0.128037,0.169157,0.23743,0.173872
0.190177,0.0785565,0.0131005,31.0128,226.259,29.9523,22.7154,154.988,1.00629,0.128169,0.0834149,0.128162,0.169282,0.237555,0.173997
0.190471,0.0789046,0.0103839,31.0689,226.615,30.0107,22.8288,155.886,1.01,0.128294,0.0835399,0.128287,0.169407,0.23768,0.174122
0.19129,0.0792518,0.0113078,31.1265,226.957,30.0658,22.9426,156.788,1.01409,0.128419,0.0836649,0.128412,0.169532,0.237805,0.174247
0.19211,0.0796026,0.0122318,31.1805,227.297,30.1217,23.057,157.693,1.01856,0.128544,0.0837899,0.128537,0.169657,0.23793,0.174372
0.192932,0.0799545,0.0131569,31.232,227.623,30.1754,23.1718,158.602,1.02341,0.128669,0.0839149,0.128662,0.169782,0.238055,0.174497
0.193215,0.0803064,0.0104182,31.282,227.937,30.2272,23.2871,159.514,1.02864,0.128794,0.0840399,0.128787,0.169907,0.23818,0.174622
0.194041,0.0806597,0.011347,31.3301,228.238,30.2765,23.4029,160.43,1.03426,0.128919,0.0841649,0.128912,0.170032,0.238305,0.174747
0.194867,0.0810135,0.0122786,31.3774,228.528,30.3242,23.5192,161.35,1.04025,0.129044,0.0842899,0.129037,0.170157,0.23843,0.174872
0.195698,0.0813687,0.0132093,31.4217,228.804,30.3697,23.6359,162.273,1.04664,0.129169,0.0844149,0.129162,0.170282,0.238555,0.174997
0.196004,0.0817231,0.0104478,31.4661,229.073,30.4137,23.7531,163.2,1.0534,0.129294,0.0845399,0.129287,0.170407,0.23868,0.175122
0.196835,0.0820809,0.0113837,31.5064,229.329,30.4561,23.8708,164.13,1.06055,0.129419,0.0846649,0.129412,0.170532,0.238805,0.175247
0.197667,0.0824397,0.0123221,31.5451,229.574,30.4969,23.9889,165.063,1.06809,0.129544,0.0847899,0.129537,0.170657,0.23893,0.175372
0.198502,0.0827997,0.0132601,31.5828,229.814,30.5369,24.1075,166,1.07601,0.129669,0.0849149,0.129662,0.170782,0.239055,0.175497
0.198789,0.0797144,0.0104808,29.9753,230.038,28.7498,23.4631,166.935,1,0.129792,0.0835337,0.129785,0.170859,0.23918,0.175593
0.199625,0.0800647,0.0114255,30.0082,230.255,28.7838,23.5769,167.878,1.00286,0.129917,0.0836587,0.12991,0.170984,0.239305,0.175718
0.200462,0.080416,0.0123719,30.0399,230.464,28.8165,23.6913,168.825,1.00609,0.130042,0.0837837,0.130035,0.171109,0.23943,0.175843
0.201306,0.0807675,0.0133165,30.0696,230.653,28.846,23.806,169.776,1.00968,0.130167,0.0839087,0.13016,0.171234,0.239555,0.175968
0.201601,0.08112,0.0105133,30.096,230.83,28.8742,23.9212,170.73,1.01363,0.130292,0.0840337,0.130285,0.171359,0.23968,0.176093
0.202447,0.081475,0.0114608,30.1215,231.002,28.9017,24.0368,171.686,1.01794,0.130417,0.0841587,0.13041,0.171484,0.239805,0.176218
0.203291,0.0818304,0.0124134,30.1444,231.154,28.926,24.1528,172.647,1.02262,0.130542,0.0842837,0.130535,0.171609,0.23993,0.176343
0.20414,0.0821862,0.0133649,30.1656,231.289,28.9475,24.2692,173.61,1.02766,0.130667,0.0844087,0.13066,0.171734,0.240055,0.176468
0.204458,0.0825423,0.0105426,30.1842,231.409,28.967,24.386,174.577,1.03306,0.130792,0.0845337,0.130785,0.171859,0.24018,0.176593
0.20531,0.0829002,0.0114977,30.2007,231.514,28.984,24.5033,175.547,1.03883,0.130917,0.0846587,0.13091,0.171984,0.240305,0.176718
0.206165,0.083258,0.0124545,30.216,231.601,28.998,24.621,176.52,1.04496,0.131042,0.0847837,0.131035,0.172109,0.24043,0.176843
0.207021,0.0836199,0.0134108,30.2278,231.688,29.013,24.739,177.496,1.05145,0.131167,0.0849087,0.13116,0.172234,0.240555,0.176968
0.207351,0.0839798,0.010573,30.2379,231.749,29.0236,24.8575,178.475,1.05831,0.131292,0.0850337,0.131285,0.172359,0.24068,0.177093
0.208208,0.0843442,0.0115342,30.2428,231.796,29.0328,24.9763,179.457,1.06554,0.131417,0.0851587,0.13141,0.172484,0.240805,0.177218
0.209071,0.0847072,0.0124951,30.2471,231.819,29.0377,25.0956,180.442,1.07312,0.131542,0.0852837,0.131535,0.172609,0.24093,0.177343
0.20993,0.0817529,0.0134595,28.7429,231.825,27.3678,24.4416,181.424,1,0.131665,0.0840149,0.131658,0.172695,0.241055,0.177446
0.210268,0.0821072,0.0106036,28.7449,231.836,27.3709,24.5562,182.415,1.00274,0.13179,0.0841399,0.131783,0.17282,0.24118,0.177571
0.211132,0.0824637,0.0115727,28.7435,231.828,27.3716,24.6712,183.409,1.00583,0.131915,0.0842649,0.131908,0.172945,0.241305,0.177696
0.212,0.0828222,0.0125397,28.7406,231.818,27.3724,24.7865,184.406,1.00926,0.13204,0.0843899,0.132033,0.17307,0.24143,0.177821
0.212865,0.0831816,0.0135126,28.7372,231.802,27.3722,24.9022,185.406,1.01302,0.132165,0.0845149,0.132158,0.173195,0.241555,0.177946
0.213212,0.0835406,0.0106351,28.7321,231.771,27.3699,25.0182,186.408,1.01714,0.13229,0.0846399,0.132283,0.17332,0.24168,0.178071
0.21408,0.0839009,0.0116138,28.7259,231.726,27.3653,25.1346,187.413,1.02159,0.132415,0.0847649,0.132408,0.173445,0.241805,0.178196
0.214953,0.0842622,0.0125896,28.7187,231.675,27.36,25.2513,188.421,1.02638,0.13254,0.0848899,0.132533,0.17357,0.24193,0.178321
0.215826,0.0846255,0.0135692,28.7111,231.627,27.3553,25.3684,189.432,1.03152,0.132665,0.0850149,0.132658,0.173695,0.242055,0.178446
0.216165,0.0849874,0.0106685,28.7028,231.563,27.3481,25.4858,190.446,1.037,0.13279,0.0851399,0.132783,0.17382,0.24218,0.178571
0.217042,0.0853518,0.0116508,28.6927,231.49,27.3397,25.6036,191.462,1.04282,0.132915,0.0852649,0.132908,0.173945,0.242305,0.178696
0.21792,0.0857175,0.0126353,28.6811,231.407,27.3301,25.7217,192.481,1.04898,0.13304,0.0853899,0.133033,0.17407,0.24243,0.178821
0.218799,0.0860839,0.013623,28.6682,231.313,27.3188,25.8402,193.503,1.05548,0.133165,0.0855149,0.133158,0.174195,0.242555,0.178946
0.219139,0.0864498,0.0107006,28.6544,231.213,27.3068,25.9589,194.527,1.06232,0.13329,0.0856399,0.133283,0.17432,0.24268,0.179071
0.220019,0.0868206,0.0116913,28.6389,231.117,27.2961,26.0781,195.554,1.0695,0.133415,0.0857649,0.133408,0.174445,0.242805,0.179196
0.220897,0.0840468,0.0126846,27.2733,230.998,25.7831,25.4264,196.578,1,0.133538,0.0846261,0.133531,0.174535,0.24293,0.179303
0.221782,0.0844097,0.0136768,27.2541,230.87,25.7689,25.5411,197.611,1.0026,0.133663,0.0847511,0.133656,0.17466,0.243055,0.179428
0.222109,0.0847713,0.0107336,27.2359,230.738,25.754,25.6561,198.645,1.00552,0.133788,0.0848761,0.133781,0.174785,0.24318,0.179553
0.223,0.0851343,0.0117282,27.2171,230.595,25.7372,25.7714,199.683,1.00876,0.133913,0.0850011,0.133906,0.17491,0.243305,0.179678
0.22389,0.0854989,0.0127272,27.1976,230.449,25.7203,25.8869,200.723,1.01232,0.134038,0.0851261,0.134031,0.175035,0.24343,0.179803
0.224782,0.0858645,0.0137279,27.1762,230.289,25.7017,26.0028,201.765,1.0162,0.134163,0.0852511,0.134156,0.17516,0.243555,0.179928
0.2251,0.0862281,0.0107668,27.154,230.113,25.6805,26.119,202.81,1.0204,0.134288,0.0853761,0.134281,0.175285,0.24368,0.180053
0.225998,0.0865958,0.0117684,27.1301,229.933,25.6594,26.2355,203.857,1.02493,0.134413,0.0855011,0.134406,0.17541,0.243805,0.180178
0.226898,0.0869642,0.0127712,27.1066,229.752,25.638,26.3523,204.907,1.02976,0.134538,0.0856261,0.134531,0.175535,0.24393,0.180303
0.227798,0.0873336,0.0137774,27.0807,229.554,25.6146,26.4694,205.959,1.03492,0.134663,0.085751,0.134656,0.17566,0.244055,0.180428
0.228139,0.0877042,0.0107958,27.055,229.371,25.5935,26.5867,207.013,1.0404,0.134788,0.085876,0.134781,0.175785,0.24418,0.180553
0.229043,0.0880755,0.0118046,27.0303,229.179,25.5708,26.7044,208.07,1.04619,0.134913,0.086001,0.134906,0.17591,0.244305,0.180678
0.229948,0.0884485,0.0128162,27.0044,228.982,25.5477,26.8223,209.129,1.0523,0.135038,0.086126,0.135031,0.176035,0.24443,0.180803
0.230855,0.0888218,0.0138293,26.9787,228.782,25.5239,26.9406,210.191,1.05873,0.135163,0.086251,0.135156,0.17616,0.244555,0.180928
0.231223,0.0891934,0.0108254,26.9548,228.587,25.5007,27.0591,211.255,1.06547,0.135288,0.086376,0.135281,0.176285,0.24468,0.181053
0.232131,0.0866263,0.0118413,25.7436,228.381,24.1522,26.4193,212.316,1,0.135411,0.0853744,0.135404,0.176377,0.244805,0.181162
0.23304,0.086995,0.0128623,25.7175,228.178,24.1299,26.5337,213.385,1.00244,0.135536,0.0854994,0.135529,0.176502,0.24493,0.181287
0.233952,0.087364,0.0138832,25.6947,227.991,24.1093,26.6483,214.456,1.00519,0.135661,0.0856244,0.135654,0.176627,0.245055,0.181412
0.234311,0.0877334,0.0108579,25.6704,227.8,24.0886,26.7632,215.529,1.00823,0.135786,0.0857494,0.135779,0.176752,0.24518,0.181537
0.235229,0.0881041,0.0118804,25.6485,227.615,24.0681,26.8784,216.605,1.01158,0.135911,0.0858743,0.135904,0.176877,0.245305,0.181662
0.236146,0.0884762,0.0129068,25.6263,227.43,24.0477,26.9939,217.683,1.01522,0.136036,0.0859993,0.136029,0.177002,0.24543,0.181787
0.237067,0.0888499,0.0139333,25.6028,227.24,24.027,27.1096,218.764,1.01917,0.136161,0.0861243,0.136154,0.177127,0.245555,0.181912
0.237421,0.0892226,0.0108903,25.5796,227.042,24.005,27.2257,219.846,1.02341,0.136286,0.0862493,0.136279,0.177252,0.24568,0.182037
0.238346,0.0895975,0.0119196,25.5553,226.838,23.9825,27.3419,220.932,1.02795,0.136411,0.0863743,0.136404,0.177377,0.245805,0.182162
0.239272,0.0899739,0.012951,25.5305,226.634,23.9602,27.4585,222.019,1.03279,0.136536,0.0864993,0.136529,0.177502,0.24593,0.182287
0.240199,0.090352,0.0139845,25.5056,226.434,23.9385,27.5754,223.109,1.03792,0.136661,0.0866243,0.136654,0.177627,0.246055,0.182412
0.240573,0.0907289,0.0109203,25.4822,226.24,23.9174,27.6925,224.201,1.04335,0.136786,0.0867493,0.136779,0.177752,0.24618,0.182537
0.241503,0.0911093,0.0119572,25.4577,226.043,23.8962,27.8099,225.295,1.04908,0.136911,0.0868743,0.136904,0.177877,0.246305,0.182662
0.242434,0.0914901,0.012997,25.4351,225.854,23.8756,27.9275,226.392,1.0551,0.137036,0.0869993,0.137029,0.178002,0.24643,0.182787
0.24337,0.091872,0.0140359,25.4114,225.656,23.8542,28.0454,227.491,1.06142,0.137161,0.0871243,0.137154,0.178127,0.246555,0.182912
0.24375,0.0895211,0.0109503,24.3484,225.457,22.6665,27.4228,228.588,1,0.137285,0.0862547,0.137278,0.17822,0.24668,0.183023
0.244688,0.0898977,0.0119931,24.3263,225.27,22.6476,27.5369,229.691,1.0023,0.13741,0.0863797,0.137403,0.178345,0.246805,0.183148
0.245625,0.0902758,0.0130399,24.3029,225.076,22.6281,27.6512,230.797,1.00488,0.137535,0.0865047,0.137528,0.17847,0.24693,0.183273
0.246563,0.0906533,0.0140906,24.2815,224.882,22.6081,27.7658,231.906,1.00774,0.13766,0.0866297,0.137653,0.178595,0.247055,0.183398
0.246958,0.0910321,0.0109816,24.2584,224.684,22.588,27.8807,233.016,1.01088,0.137785,0.0867547,0.137778,0.17872,0.24718,0.183523
0.247901,0.091413,0.0120335,24.2362,224.493,22.5689,27.9958,234.129,1.0143,0.13791,0.0868797,0.137903,0.178845,0.247305,0.183648
0.248842,0.0917948,0.0130895,24.213,224.293,22.5487,28.1111,235.244,1.01801,0.138035,0.0870047,0.138028,0.17897,0.24743,0.183773
0.249788,0.0921771,0.0141457,24.1907,224.094,22.5284,28.2268,236.362,1.02199,0.13816,0.0871297,0.138153,0.179095,0.247555,0.183898
0.250169,0.0925588,0.0110153,24.1683,223.89,22.5074,28.3426,237.482,1.02626,0.138285,0.0872547,0.138278,0.17922,0.24768,0.184023
0.251119,0.0929435,0.012074,24.1461,223.694,22.4876,28.4588,238.604,1.0308,0.13841,0.0873797,0.138403,0.179345,0.247805,0.184148
0.25207,0.0933288,0.0131356,24.1234,223.49,22.4668,28.5752,239.728,1.03562,0.138535,0.0875047,0.138528,0.17947,0.24793,0.184273
0.253023,0.0937153,0.0141989,24.1006,223.285,22.4461,28.6918,240.855,1.04072,0.13866,0.0876297,0.138653,0.179596,0.248055,0.184398
0.253384,0.0940992,0.0110493,24.079,223.071,22.4237,28.8087,241.983,1.0461,0.138785,0.0877547,0.138778,0.179721,0.24818,0.184523
0.254339,0.0944886,0.0121163,24.0566,222.875,22.4041,28.9259,243.114,1.05176,0.13891,0.0878797,0.138903,0.179846,0.248305,0.184648
0.255299,0.0948791,0.0131824,24.0336,222.675,22.3842,29.0433,244.248,1.05769,0.139035,0.0880047,0.139028,0.179971,0.24843,0.184773
0.256256,0.0927337,0.0142503,23.0976,222.479,21.3341,28.4388,245.378,1,0.139159,0.0872524,0.139152,0.180064,0.248555,0.184886
0.256631,0.0931164,0.011079,23.0768,222.273,21.3141,28.5527,246.516,1.00216,0.139284,0.0873774,0.139277,0.180189,0.24868,0.185011
0.257598,0.0935015,0.0121492,23.0554,222.064,21.2938,28.6668,247.656,1.00459,0.139409,0.0875024,0.139402,0.180314,0.248805,0.185136
0.258563,0.0938892,0.0132234,23.0338,221.867,21.2755,28.7811,248.798,1.00728,0.139534,0.0876274,0.139527,0.180439,0.24893,0.185261
0.259529,0.0942779,0.0143002,23.0118,221.667,21.2567,28.8957,249.943,1.01024,0.139659,0.0877523,0.139652,0.180564,0.249055,0.185386
0.259938,0.0946668,0.0111076,22.9893,221.468,21.2382,29.0105,251.09,1.01346,0.139784,0.0878773,0.139777,0.180689,0.24918,0.185511
0.260907,0.0950571,0.0121881,22.9684,221.27,21.2195,29.1256,252.238,1.01695,0.139909,0.0880023,0.139902,0.180814,0.249305,0.185636
0.261877,0.0954491,0.0132724,22.9475,221.076,21.2014,29.2409,253.39,1.0207,0.140034,0.0881273,0.140027,0.180939,0.24943,0.185761
0.26285,0.095842,0.0143557,22.9268,220.883,21.1834,29.3564,254.543,1.02471,0.140159,0.0882523,0.140152,0.181064,0.249555,0.185886
0.263273,0.0962356,0.0111382,22.9054,220.688,21.1654,29.4722,255.699,1.02899,0.140284,0.0883773,0.140277,0.181189,0.24968,0.186011
0.264251,0.09663,0.012225,22.884,220.482,21.1459,29.5882,256.856,1.03353,0.140409,0.0885023,0.140402,0.181314,0.249805,0.186136
0.265227,0.0970253,0.0133176,22.8632,220.278,21.1266,29.7045,258.016,1.03833,0.140534,0.0886273,0.140527,0.181439,0.24993,0.186261
0.266209,0.0974214,0.0144073,22.8429,220.076,21.1074,29.821,259.179,1.04339,0.140659,0.0887523,0.140652,0.181564,0.250055,0.186386
0.266622,0.0978193,0.0111708,22.8212,219.878,21.0893,29.9377,260.343,1.04872,0.140784,0.0888773,0.140777,0.181689,0.25018,0.186511
0.267606,0.098218,0.0122662,22.8004,219.675,21.0701,30.0547,261.51,1.0543,0.140909,0.0890023,0.140902,0.181814,0.250305,0.186636
0.268588,0.0962582,0.0133611,21.9714,219.464,20.1353,29.4681,262.674,1,0.141032,0.0883522,0.141025,0.181907,0.25043,0.186749
0.269576,0.0966525,0.0144594,21.9511,219.258,20.1168,29.5817,263.845,1.00204,0.141157,0.0884772,0.14115,0.182032,0.250555,0.186874
0.26998,0.0970465,0.0112032,21.9298,219.042,20.0976,29.6957,265.018,1.00433,0.141282,0.0886022,0.141275,0.182157,0.25068,0.186999
0.27097,0.0974427,0.0123058,21.9102,218.838,20.0793,29.8098,266.193,1.00687,0.141407,0.0887272,0.1414,0.182282,0.250805,0.187124
0.271964,0.0978409,0.0134078,21.8891,218.629,20.0609,29.9242,267.371,1.00966,0.141532,0.0888522,0.141525,0.182407,0.25093,0.187249
0.27296,0.0982408,0.0145115,21.8684,218.428,20.0435,30.0388,268.55,1.0127,0.141657,0.0889772,0.14165,0.182532,0.251055,0.187374
0.273371,0.0986382,0.0112343,21.8485,218.218,20.0246,30.1536,269.732,1.01599,0.141782,0.0891022,0.141775,0.182657,0.25118,0.187499
0.274371,0.0990387,0.0123421,21.8294,218.015,20.0065,30.2686,270.916,1.01953,0.141907,0.0892272,0.1419,0.182782,0.251305,0.187624
0.27537,0.0994414,0.0134527,21.8088,217.809,19.9884,30.3839,272.102,1.02332,0.142032,0.0893522,0.142025,0.182907,0.25143,0.187749
0.276369,0.0998458,0.0145665,21.7879,217.607,19.971,30.4994,273.29,1.02735,0.142157,0.0894772,0.14215,0.183032,0.251555,0.187874
0.276786,0.100247,0.0112657,21.7684,217.395,19.952,30.6152,274.48,1.03164,0.142282,0.0896022,0.142275,0.183157,0.25168,0.187999
0.277796,0.100653,0.0123777,21.7478,217.182,19.9333,30.7311,275.672,1.03617,0.142407,0.0897272,0.1424,0.183282,0.251805,0.188124
0.278801,0.101061,0.013496,21.7277,216.987,19.9167,30.8473,276.867,1.04094,0.142532,0.0898522,0.142525,0.183407,0.25193,0.188249
0.279808,0.101469,0.0146168,21.707,216.78,19.8987,30.9637,278.064,1.04597,0.142657,0.0899772,0.14265,0.183532,0.252055,0.188374
0.280264,0.101876,0.0112937,21.6871,216.574,19.8808,31.0803,279.262,1.05124,0.142782,0.0901022,0.142775,0.183657,0.25218,0.188499
0.281272,0.100086,0.0124168,20.952,216.37,19.0465,30.5106,280.459,1,0.142906,0.0895409,0.142899,0.18375,0.252305,0.188612
0.282287,0.10049,0.0135412,20.9335,216.165,19.0294,30.6242,281.662,1.00193,0.143031,0.0896659,0.143024,0.183875,0.25243,0.188737
0.283302,0.100897,0.0146691,20.9132,215.951,19.0116,30.738,282.867,1.0041,0.143156,0.0897909,0.143149,0.184,0.252555,0.188862
0.28376,0.101304,0.0113246,20.8922,215.741,18.9946,30.852,284.074,1.0065,0.143281,0.0899159,0.143274,0.184125,0.25268,0.188987
0.28478,0.101712,0.0124552,20.8732,215.53,18.977,30.9662,285.284,1.00914,0.143406,0.0900409,0.143399,0.18425,0.252805,0.189112
0.285798,0.102122,0.0135888,20.8532,215.326,18.9604,31.0806,286.495,1.01201,0.143531,0.0901659,0.143524,0.184375,0.25293,0.189237
0.286822,0.102533,0.0147225,20.8344,215.122,18.9437,31.1953,287.709,1.01513,0.143656,0.0902909,0.143649,0.1845,0.253055,0.189362
0.287258,0.102944,0.0113582,20.8157,214.925,18.9276,31.3101,288.924,1.01847,0.143781,0.0904159,0.143774,0.184625,0.25318,0.189487
0.288283,0.103359,0.0124959,20.7961,214.725,18.9116,31.4252,290.142,1.02205,0.143906,0.0905409,0.143899,0.18475,0.253305,0.189612
0.28931,0.103774,0.0136356,20.7757,214.517,18.8949,31.5405,291.362,1.02587,0.144031,0.0906659,0.144024,0.184875,0.25343,0.189737
0.290343,0.104188,0.014775,20.7569,214.3,18.8768,31.656,292.584,1.02992,0.144156,0.0907909,0.144149,0.185,0.253555,0.189862
0.290828,0.104603,0.0113855,20.7373,214.093,18.8601,31.7717,293.808,1.03421,0.144281,0.0909159,0.144274,0.185125,0.25368,0.189987
0.291862,0.105021,0.0125301,20.7185,213.883,18.8428,31.8876,295.034,1.03872,0.144406,0.0910409,0.144399,0.18525,0.253805,0.190113
0.292893,0.10544,0.0136804,20.6982,213.669,18.8255,32.0038,296.262,1.04348,0.144531,0.0911659,0.144524,0.185375,0.25393,0.190238
0.293932,0.105858,0.0148288,20.679,213.446,18.8069,32.1201,297.492,1.04846,0.144656,0.0912909,0.144649,0.1855,0.254055,0.190363
0.294407,0.10422,0.0114168,20.024,213.239,18.058,31.5665,298.72,1,0.14478,0.0908069,0.144773,0.185592,0.25418,0.190477
0.295449,0.104637,0.0125674,20.005,213.03,18.042,31.68,299.954,1.00183,0.144905,0.0909319,0.144898,0.185717,0.254305,0.190602
0.29649,0.105055,0.0137225,19.9857,212.816,18.0255,31.7937,301.19,1.00388,0.14503,0.0910569,0.145023,0.185842,0.25443,0.190727
0.297536,0.105473,0.0148768,19.9678,212.603,18.0087,31.9076,302.429,1.00616,0.145156,0.0911819,0.145148,0.185967,0.254555,0.190852
0.298048,0.105892,0.0114456,19.9495,212.398,17.993,32.0217,303.669,1.00866,0.145281,0.0913069,0.145273,0.186092,0.25468,0.190977
0.299093,0.106315,0.0126071,19.9303,212.194,17.9777,32.136,304.911,1.01139,0.145406,0.0914319,0.145398,0.186217,0.254805,0.191102
0.300141,0.106736,0.0137707,19.9124,211.982,17.9611,32.2505,306.156,1.01434,0.145531,0.0915569,0.145523,0.186342,0.25493,0.191227
0.30119,0.10716,0.0149361,19.893,211.767,17.9447,32.3653,307.402,1.01751,0.145656,0.0916819,0.145648,0.186467,0.255055,0.191352
0.301669,0.107583,0.0114802,19.874,211.557,17.9288,32.4802,308.65,1.0209,0.145781,0.0918069,0.145773,0.186592,0.25518,0.191477
0.302725,0.108009,0.0126463,19.8555,211.344,17.9124,32.5953,309.901,1.02452,0.145906,0.0919319,0.145898,0.186717,0.255305,0.191602
0.303782,0.108436,0.0138149,19.8371,211.132,17.8962,32.7106,311.153,1.02836,0.146031,0.0920569,0.146023,0.186842,0.25543,0.191727
0.304843,0.108864,0.014983,19.8186,210.919,17.88,32.8261,312.408,1.03242,0.146156,0.0921819,0.146148,0.186967,0.255555,0.191852
0.305359,0.10929,0.0115082,19.8011,210.706,17.8634,32.9418,313.664,1.03671,0.146281,0.0923069,0.146273,0.187092,0.25568,0.191977
0.306419,0.10972,0.0126839,19.7834,210.503,17.8481,33.0577,314.922,1.04121,0.146406,0.0924319,0.146398,0.187218,0.255805,0.192102
0.307485,0.110152,0.0138586,19.7653,210.293,17.8321,33.1739,316.183,1.04594,0.146531,0.0925569,0.146523,0.187343,0.25593,0.192227
0.308547,0.108659,0.0150369,19.1785,210.076,17.1564,32.6356,317.441,1,0.146655,0.0921408,0.146647,0.187434,0.256055,0.192342
0.309045,0.109087,0.0115403,19.1603,209.866,17.1414,32.7491,318.706,1.00174,0.14678,0.0922658,0.146772,0.187559,0.25618,0.192467
0.310117,0.109517,0.0127188,19.1426,209.653,17.1259,32.8628,319.972,1.00369,0.146905,0.0923908,0.146897,0.187684,0.256305,0.192592
0.311188,0.109948,0.0139024,19.1248,209.442,17.1106,32.9766,321.24,1.00585,0.14703,0.0925158,0.147022,0.187809,0.25643,0.192717
0.312267,0.110379,0.0150837,19.1086,209.229,17.0948,33.0907,322.511,1.00823,0.147155,0.0926408,0.147147,0.187934,0.256555,0.192842
0.312822,0.110811,0.0115669,19.0905,209.013,17.0793,33.2049,323.783,1.01082,0.14728,0.0927657,0.147272,0.188059,0.25668,0.192967
0.3139,0.111244,0.0127553,19.0735,208.796,17.0633,33.3193,325.057,1.01362,0.147405,0.0928907,0.147397,0.188184,0.256805,0.193092
0.314979,0.11168,0.0139459,19.0565,208.592,17.0488,33.4339,326.333,1.01663,0.14753,0.0930157,0.147522,0.188309,0.25693,0.193217
0.316058,0.112117,0.01514,19.0383,208.374,17.0331,33.5488,327.611,1.01986,0.147655,0.0931407,0.147647,0.188434,0.257055,0.193342
0.316623,0.112553,0.0115978,19.0208,208.157,17.0174,33.6638,328.891,1.02329,0.14778,0.0932657,0.147772,0.188559,0.25718,0.193467
0.317708,0.112991,0.0127938,19.0035,207.939,17.0015,33.779,330.173,1.02694,0.147905,0.0933907,0.147897,0.188684,0.257305,0.193592
0.318792,0.113431,0.0139946,18.9869,207.73,16.9865,33.8944,331.457,1.0308,0.14803,0.0935157,0.148022,0.188809,0.25743,0.193717
0.319878,0.113873,0.0151965,18.9708,207.529,16.9721,34.0099,332.743,1.03487,0.148155,0.0936407,0.148147,0.188934,0.257555,0.193842
0.32042,0.114316,0.0116304,18.952,207.326,16.9583,34.1257,334.031,1.03915,0.14828,0.0937657,0.148272,0.189059,0.25768,0.193967
0.32151,0.114761,0.0128353,18.935,207.123,16.9441,34.2417,335.321,1.04363,0.148405,0.0938907,0.148397,0.189184,0.257805,0.194092
0.322602,0.113399,0.0140405,18.4102,206.91,16.3325,33.7182,336.609,1,0.148529,0.0935343,0.148522,0.189274,0.25793,0.194207
0.323694,0.113841,0.015251,18.3931,206.697,16.3181,33.8317,337.902,1.00165,0.148654,0.0936593,0.148647,0.189399,0.258055,0.194332
0.324236,0.114283,0.011661,18.3768,206.481,16.3031,33.9453,339.198,1.00351,0.148779,0.0937843,0.148772,0.189524,0.25818,0.194457
0.325331,0.114728,0.0128745,18.3599,206.279,16.2897,34.0592,340.496,1.00557,0.148904,0.0939093,0.148897,0.189649,0.258305,0.194582
0.326434,0.115172,0.0140865,18.3441,206.064,16.2748,34.1732,341.795,1.00783,0.149029,0.0940343,0.149022,0.189774,0.25843,0.194707
0.327536,0.115617,0.0153032,18.3286,205.851,16.2601,34.2875,343.096,1.01029,0.149154,0.0941593,0.149147,0.189899,0.258555,0.194832
0.328081,0.116064,0.0116915,18.3127,205.645,16.2461,34.4019,344.4,1.01296,0.149279,0.0942843,0.149272,0.190024,0.25868,0.194957
0.329187,0.116512,0.0129116,18.2968,205.43,16.2313,34.5165,345.705,1.01583,0.149404,0.0944093,0.149397,0.190149,0.258805,0.195082
0.330292,0.116961,0.014136,18.2795,205.202,16.2158,34.6312,347.012,1.0189,0.149529,0.0945343,0.149522,0.190274,0.25893,0.195207
0.331401,0.117412,0.0153597,18.2631,204.993,16.2017,34.7462,348.321,1.02217,0.149654,0.0946593,0.149647,0.190399,0.259055,0.195332
0.331931,0.117864,0.0117238,18.2459,204.779,16.1875,34.8613,349.631,1.02564,0.149779,0.0947843,0.149772,0.190524,0.25918,0.195457
0.333041,0.118318,0.0129529,18.2287,204.562,16.173,34.9767,350.944,1.02931,0.149904,0.0949093,0.149897,0.190649,0.259305,0.195582
0.334152,0.118773,0.0141859,18.2117,204.345,16.1585,35.0922,352.259,1.03319,0.150029,0.0950343,0.150022,0.190774,0.25943,0.195707
0.335269,0.119229,0.015416,18.1953,204.135,16.1446,35.2078,353.575,1.03726,0.150154,0.0951593,0.150147,0.190899,0.259555,0.195832
0.335782,0.119686,0.0117559,18.1778,203.925,16.131,35.3237,354.893,1.04153,0.150279,0.0952843,0.150272,0.191024,0.259679,0.195957
0.336898,0.118451,0.0129905,17.7024,203.713,15.5763,34.8143,356.21,1,0.150403,0.0949807,0.150396,0.191114,0.259804,0.196073
0.338022,0.118907,0.0142246,17.6866,203.508,15.5633,34.9278,357.532,1.00158,0.150528,0.0951057,0.150521,0.191239,0.259929,0.196198
0.339148,0.119363,0.015461,17.6711,203.296,15.5497,35.0415,358.856,1.00335,0.150653,0.0952307,0.150646,0.191364,0.260054,0.196323
0.339701,0.119821,0.011783,17.6542,203.085,15.5365,35.1554,360.181,1.00531,0.150778,0.0953557,0.150771,0.191489,0.260179,0.196448
0.340831,0.12028,0.0130239,17.6397,202.882,15.5236,35.2695,361.509,1.00747,0.150903,0.0954807,0.150896,0.191614,0.260304,0.196573
0.341959,0.12074,0.0142698,17.6233,202.66,15.5094,35.3837,362.838,1.00981,0.151028,0.0956057,0.151021,0.191739,0.260429,0.196698
0.343089,0.121199,0.0155191,17.6076,202.433,15.4945,35.4981,364.17,1.01236,0.151153,0.0957307,0.151146,0.191864,0.260554,0.196823
0.343611,0.121661,0.0118169,17.5917,202.222,15.4812,35.6127,365.503,1.01509,0.151278,0.0958557,0.151271,0.191989,0.260679,0.196948
0.344745,0.122124,0.0130689,17.5766,202.007,15.4674,35.7275,366.838,1.01802,0.151403,0.0959807,0.151396,0.192114,0.260804,0.197073
0.34588,0.122589,0.0143226,17.5601,201.79,15.4538,35.8424,368.174,1.02114,0.151528,0.0961057,0.151521,0.192239,0.260929,0.197198
0.347016,0.123055,0.0155787,17.5441,201.575,15.4403,35.9575,369.513,1.02445,0.151653,0.0962307,0.151646,0.192364,0.261054,0.197323
0.347509,0.123522,0.0118502,17.5282,201.368,15.4275,36.0728,370.853,1.02795,0.151778,0.0963557,0.151771,0.192489,0.261179,0.197448
0.348648,0.12399,0.0131118,17.5119,201.146,15.4135,36.1882,372.195,1.03164,0.151903,0.0964807,0.151896,0.192614,0.261304,0.197573
0.349794,0.12446,0.0143702,17.497,200.936,15.4002,36.3038,373.539,1.03553,0.152028,0.0966057,0.152021,0.192739,0.261429,0.197698
0.350939,0.12493,0.0156329,17.4817,200.723,15.3868,36.4196,374.885,1.0396,0.152153,0.0967307,0.152146,0.192864,0.261554,0.197823
0.351458,0.123811,0.011878,17.0527,200.515,14.8814,35.9237,376.229,1,0.152278,0.0964739,0.15227,0.192951,0.261679,0.197939
0.352606,0.124281,0.0131452,17.0375,200.303,14.8687,36.0373,377.579,1.00151,0.152403,0.0965989,0.152395,0.193076,0.261804,0.198064
0.353755,0.124752,0.0144155,17.0222,200.086,14.8556,36.1511,378.93,1.0032,0.152528,0.0967239,0.15252,0.193201,0.261929,0.198189
0.354907,0.125224,0.0156869,17.007,199.87,14.8425,36.2651,380.283,1.00507,0.152653,0.0968489,0.152645,0.193326,0.262054,0.198314
0.355454,0.125694,0.0119079,16.9924,199.644,14.8286,36.3792,381.638,1.00713,0.152778,0.0969739,0.15277,0.193451,0.262179,0.198439
0.356614,0.126167,0.0131805,16.977,199.415,14.8147,36.4935,382.994,1.00937,0.152903,0.0970989,0.152895,0.193576,0.262304,0.198564
0.357771,0.126643,0.0144575,16.9612,199.197,14.8017,36.6079,384.353,1.0118,0.153028,0.0972239,0.15302,0.193702,0.262429,0.198689
0.358933,0.127118,0.0157346,16.9472,198.976,14.7881,36.7225,385.713,1.01441,0.153153,0.0973489,0.153145,0.193827,0.262554,0.198814
0.359513,0.127592,0.0119369,16.9323,198.743,14.7737,36.8373,387.074,1.01721,0.153278,0.0974739,0.15327,0.193952,0.262679,0.198939
0.360677,0.128072,0.013218,16.9176,198.541,14.762,36.9523,388.438,1.02019,0.153403,0.0975989,0.153395,0.194077,0.262804,0.199064
0.361844,0.128553,0.014501,16.9016,198.314,14.7486,37.0674,389.803,1.02335,0.153528,0.0977239,0.15352,0.194202,0.262929,0.199189
0.363012,0.129033,0.0157871,16.8878,198.1,14.7356,37.1826,391.17,1.0267,0.153653,0.0978489,0.153645,0.194327,0.263054,0.199314
0.363602,0.129514,0.0119672,16.8727,197.877,14.7223,37.2981,392.539,1.03022,0.153778,0.0979739,0.15377,0.194452,0.263179,0.199439
0.364773,0.129999,0.0132563,16.8567,197.664,14.7101,37.4137,393.909,1.03393,0.153903,0.0980989,0.153895,0.194577,0.263304,0.199564
0.365944,0.130486,0.014549,16.8405,197.446,14.6976,37.5295,395.281,1.03783,0.154028,0.0982239,0.15402,0.194702,0.263429,0.199689
0.367118,0.129477,0.0158427,16.4536,197.237,14.2349,37.0467,396.652,1,0.154152,0.0980092,0.154144,0.194788,0.263554,0.199805
0.367697,0.12996,0.0119985,16.4394,197.022,14.2226,37.1604,398.028,1.00144,0.154277,0.0981342,0.15427,0.194913,0.263679,0.19993
0.368879,0.130444,0.0132955,16.4256,196.8,14.2097,37.2743,399.405,1.00306,0.154402,0.0982592,0.154395,0.195038,0.263804,0.200055
0.37006,0.130929,0.0145956,16.4121,196.579,14.1969,37.3883,400.784,1.00485,0.154527,0.0983842,0.15452,0.195163,0.263929,0.20018
0.371239,0.131419,0.0158991,16.3963,196.368,14.1855,37.5025,402.165,1.00682,0.154652,0.0985092,0.154645,0.195288,0.264054,0.200305
0.371821,0.131907,0.0120294,16.3821,196.149,14.1731,37.6169,403.548,1.00897,0.154777,0.0986342,0.15477,0.195413,0.264179,0.20043
0.373011,0.132395,0.013333,16.3684,195.927,14.1602,37.7314,404.932,1.01129,0.154902,0.0987592,0.154895,0.195538,0.264304,0.200555
0.374201,0.132887,0.0146388,16.3536,195.705,14.1478,37.8461,406.318,1.01379,0.155027,0.0988842,0.15502,0.195663,0.264429,0.20068
0.375395,0.13338,0.0159458,16.3393,195.485,14.1354,37.9609,407.705,1.01646,0.155152,0.0990091,0.155145,0.195788,0.264554,0.200805
0.376037,0.133874,0.0120558,16.3246,195.277,14.1241,38.0759,409.095,1.01931,0.155277,0.0991341,0.15527,0.195913,0.264679,0.20093
0.377234,0.134368,0.0133679,16.3112,195.062,14.1119,38.1911,410.486,1.02233,0.155402,0.0992591,0.155395,0.196038,0.264804,0.201055
0.378431,0.134864,0.0146823,16.2966,194.841,14.0996,38.3064,411.878,1.02553,0.155527,0.0993841,0.15552,0.196163,0.264929,0.20118
0.37963,0.135362,0.015999,16.2816,194.614,14.0869,38.4219,413.273,1.02891,0.155652,0.0995091,0.155645,0.196288,0.265054,0.201305
0.380274,0.13586,0.0120867,16.2659,194.388,14.0746,38.5375,414.669,1.03246,0.155777,0.0996341,0.15577,0.196413,0.265179,0.20143
0.381475,0.136359,0.0134094,16.2517,194.165,14.0621,38.6533,416.066,1.03618,0.155902,0.0997591,0.155895,0.196538,0.265304,0.201555
0.38268,0.135457,0.0147307,15.8999,193.946,13.6372,38.1833,417.462,1,0.156027,0.0995822,0.156019,0.196623,0.265429,0.201672
0.383884,0.135956,0.0160586,15.8862,193.722,13.625,38.2971,418.863,1.00138,0.156152,0.0997072,0.156144,0.196748,0.265554,0.201797
0.384515,0.136455,0.0121181,15.8712,193.493,13.6129,38.4112,420.266,1.00293,0.156277,0.0998322,0.156269,0.196873,0.265679,0.201922
0.385725,0.136958,0.0134455,15.8573,193.283,13.6019,38.5253,421.67,1.00464,0.156402,0.0999572,0.156394,0.196998,0.265804,0.202047
0.386937,0.137459,0.0147774,15.844,193.054,13.5894,38.6396,423.076,1.00653,0.156527,0.100082,0.156519,0.197123,0.265929,0.202172
0.388151,0.137962,0.0161124,15.8301,192.818,13.5765,38.7541,424.484,1.00859,0.156652,0.100207,0.156644,0.197248,0.266054,0.202297
0.388779,0.138466,0.0121489,15.8163,192.6,13.565,38.8687,425.893,1.01081,0.156777,0.100332,0.156769,0.197373,0.266179,0.202422
0.389997,0.138972,0.0134855,15.8022,192.375,13.5531,38.9835,427.303,1.0132,0.156902,0.100457,0.156894,0.197498,0.266304,0.202547
0.391216,0.139478,0.014828,15.7891,192.138,13.54,39.0984,428.716,1.01577,0.157027,0.100582,0.157019,0.197623,0.266429,0.202672
0.392437,0.139988,0.0161693,15.775,191.916,13.5283,39.2135,430.13,1.01849,0.157152,0.100707,0.157144,0.197748,0.266554,0.202797
0.393054,0.140493,0.0121805,15.7621,191.683,13.5155,39.3287,431.545,1.02139,0.157277,0.100832,0.157269,0.197873,0.266679,0.202922
0.394278,0.141005,0.0135267,15.7492,191.475,13.5047,39.444,432.962,1.02446,0.157402,0.100957,0.157394,0.197998,0.266804,0.203047
0.395503,0.141519,0.014875,15.7346,191.248,13.4929,39.5596,434.381,1.02769,0.157527,0.101082,0.157519,0.198123,0.266929,0.203172
0.396734,0.142032,0.0162237,15.7212,191.016,13.4805,39.6752,435.801,1.03109,0.157652,0.101207,0.157644,0.198248,0.267054,0.203297
0.397366,0.142545,0.0122097,15.7081,190.8,13.4692,39.7911,437.223,1.03465,0.157777,0.101332,0.157769,0.198373,0.267179,0.203422
0.398594,0.141748,0.0135641,15.3867,190.592,13.0798,39.3337,438.644,1,0.157901,0.101189,0.157893,0.198456,0.267304,0.203539
0.399829,0.142263,0.0149189,15.3741,190.385,13.0695,39.4477,440.069,1.00132,0.158026,0.101314,0.158018,0.198581,0.267429,0.203664
0.401069,0.142778,0.0162748,15.3619,190.158,13.0577,39.5619,441.495,1.00281,0.158151,0.101439,0.158143,0.198706,0.267554,0.203789
0.401695,0.143293,0.0122398,15.349,189.927,13.0458,39.6762,442.924,1.00445,0.158276,0.101564,0.158268,0.198831,0.267679,0.203914
0.402939,0.143812,0.0135985,15.3374,189.72,13.0354,39.7906,444.353,1.00626,0.158401,0.101689,0.158393,0.198956,0.267804,0.204039
0.404179,0.144332,0.0149644,15.3249,189.501,13.0242,39.9052,445.785,1.00823,0.158526,0.101814,0.158518,0.199081,0.267929,0.204164
0.405423,0.144854,0.0163294,15.3113,189.282,13.0134,40.02,447.218,1.01037,0.158651,0.101939,0.158643,0.199206,0.268054,0.204289
0.406074,0.145377,0.0122689,15.2981,189.069,13.003,40.1349,448.653,1.01266,0.158776,0.102064,0.158768,0.199331,0.268179,0.204414
0.407322,0.145902,0.0136374,15.2842,188.853,12.9926,40.2499,450.089,1.01512,0.158901,0.102189,0.158893,0.199456,0.268304,0.204539
0.408573,0.146427,0.0150093,15.2713,188.621,12.9808,40.3651,451.527,1.01774,0.159026,0.102314,0.159018,0.199581,0.268429,0.204664
0.409828,0.146953,0.0163813,15.258,188.389,12.9691,40.4804,452.966,1.02052,0.159151,0.102439,0.159143,0.199706,0.268554,0.204789
0.410495,0.147479,0.0122987,15.244,188.159,12.9579,40.5959,454.407,1.02346,0.159276,0.102564,0.159268,0.199831,0.268679,0.204914
0.411753,0.148007,0.0136759,15.2323,187.938,12.9467,40.7115,455.849,1.02656,0.159401,0.102689,0.159393,0.199956,0.268804,0.205039
0.413009,0.148538,0.0150571,15.2186,187.717,12.936,40.8273,457.293,1.02982,0.159526,0.102814,0.159518,0.200081,0.268929,0.205164
0.414269,0.149071,0.0164374,15.2048,187.497,12.9254,40.9432,458.738,1.03324,0.159651,0.102939,0.159643,0.200206,0.269054,0.205289
0.414959,0.14837,0.0123267,14.9122,187.279,12.5656,40.4981,460.182,1,0.159776,0.102827,0.159768,0.200287,0.269179,0.205406
0.416222,0.148901,0.0137141,14.9011,187.072,12.5557,40.6123,461.631,1.00127,0.159901,0.102952,0.159893,0.200412,0.269304,0.205531
0.417489,0.149434,0.0151006,14.8886,186.851,12.5452,40.7266,463.081,1.0027,0.160026,0.103077,0.160018,0.200537,0.269429,0.205656
0.418756,0.149967,0.0164922,14.8767,186.62,12.5339,40.8411,464.532,1.00428,0.160151,0.103202,0.160143,0.200662,0.269554,0.205781
0.419427,0.150501,0.0123589,14.8643,186.395,12.5232,40.9557,465.985,1.00602,0.160276,0.103327,0.160268,0.200787,0.269679,0.205906
0.420699,0.151038,0.013752,14.8519,186.171,12.5126,41.0705,467.44,1.00791,0.160401,0.103452,0.160393,0.200912,0.269804,0.206031
0.421972,0.151577,0.0151483,14.8386,185.95,12.5024,41.1854,468.896,1.00996,0.160526,0.103577,0.160518,0.201037,0.269929,0.206156
0.42325,0.152116,0.0165445,14.8266,185.728,12.4919,41.3004,470.353,1.01216,0.160651,0.103702,0.160643,0.201162,0.270054,0.206281
0.423974,0.152655,0.0123862,14.8138,185.503,12.4814,41.4156,471.812,1.01452,0.160776,0.103827,0.160768,0.201287,0.270179,0.206406
0.425256,0.153197,0.013786,14.8015,185.277,12.4708,41.5309,473.273,1.01704,0.160901,0.103952,0.160893,0.201412,0.270304,0.206531
0.426539,0.15374,0.0151899,14.7894,185.054,12.4603,41.6464,474.735,1.01971,0.161026,0.104077,0.161018,0.201537,0.270429,0.206656
0.42782,0.154285,0.0165982,14.777,184.836,12.4502,41.7619,476.198,1.02253,0.161151,0.104202,0.161143,0.201662,0.270554,0.206781
0.428542,0.154827,0.012417,14.7644,184.594,12.4387,41.8777,477.663,1.02551,0.161276,0.104327,0.161268,0.201788,0.270679,0.206906
0.429828,0.155375,0.0138284,14.7521,184.378,12.4288,41.9935,479.13,1.02864,0.161401,0.104452,0.161393,0.201913,0.270804,0.207031
0.431116,0.155924,0.0152422,14.7396,184.152,12.4183,42.1096,480.597,1.03193,0.161526,0.104577,0.161518,0.202038,0.270929,0.207156
0.432405,0.15532,0.0166565,14.4709,183.925,12.0854,41.6764,482.064,1,0.161651,0.104493,0.161642,0.202117,0.271054,0.207274
0.433087,0.155867,0.0124489,14.4596,183.708,12.0757,41.7908,483.535,1.00122,0.161776,0.104618,0.161767,0.202242,0.271179,0.207399
0.434383,0.156416,0.0138677,14.448,183.479,12.0653,41.9054,485.007,1.00259,0.161901,0.104743,0.161892,0.202367,0.271304,0.207524
0.435681,0.156968,0.0152878,14.4362,183.263,12.0558,42.02,486.481,1.00411,0.162026,0.104868,0.162017,0.202492,0.271429,0.207649
0.436981,0.157521,0.0167099,14.4245,183.044,12.046,42.1348,487.956,1.00578,0.162151,0.104993,0.162142,0.202617,0.271554,0.207774
0.437686,0.158073,0.0124778,14.4137,182.831,12.0365,42.2498,489.432,1.00761,0.162276,0.105118,0.162267,0.202742,0.271679,0.207899
0.43899,0.158627,0.013905,14.4027,182.606,12.0263,42.3649,490.91,1.00958,0.162401,0.105243,0.162392,0.202867,0.271803,0.208024
0.440294,0.159184,0.0153348,14.3907,182.381,12.0164,42.4801,492.39,1.0117,0.162526,0.105368,0.162517,0.202992,0.271928,0.208149
0.441601,0.159742,0.0167662,14.3792,182.163,12.0068,42.5954,493.871,1.01397,0.162651,0.105493,0.162642,0.203117,0.272053,0.208274
0.4423,0.160299,0.0125084,14.3674,181.934,11.9965,42.7109,495.353,1.01638,0.162776,0.105618,0.162767,0.203242,0.272178,0.208399
0.443613,0.160859,0.0139421,14.3564,181.715,11.9868,42.8265,496.836,1.01895,0.162901,0.105743,0.162892,0.203367,0.272303,0.208524
0.444926,0.161422,0.0153793,14.3436,181.482,11.9767,42.9423,498.322,1.02167,0.163026,0.105868,0.163017,0.203492,0.272428,0.208649
0.446242,0.161985,0.0168173,14.3321,181.271,11.9677,43.0581,499.808,1.02453,0.163151,0.105993,0.163142,0.203617,0.272553,0.208774
0.44696,0.162548,0.0125375,14.3201,181.043,11.9577,43.1741,501.296,1.02755,0.163276,0.106118,0.163267,0.203742,0.272678,0.208899
0.448277,0.163115,0.0139826,14.3082,180.821,11.9482,43.2903,502.785,1.03071,0.163401,0.106243,0.163392,0.203867,0.272803,0.209024
0.449597,0.162605,0.0154264,14.0624,180.608,11.6405,42.8689,504.274,1,0.163525,0.106184,0.163517,0.203944,0.272928,0.209141
0.450919,0.163171,0.0168754,14.0513,180.387,11.6311,42.9835,505.766,1.00118,0.16365,0.106309,0.163642,0.204069,0.273053,0.209266
0.451608,0.163739,0.0125687,14.0402,180.173,11.6223,43.0983,507.259,1.0025,0.163775,0.106434,0.163767,0.204194,0.273178,0.209391
0.452935,0.164307,0.0140206,14.0297,179.958,11.6133,43.2132,508.754,1.00396,0.1639,0.106559,0.163892,0.204319,0.273303,0.209516
0.454265,0.164878,0.0154737,14.019,179.747,11.6045,43.3282,510.251,1.00557,0.164025,0.106684,0.164017,0.204444,0.273428,0.209641
0.455595,0.165449,0.0169314,14.0081,179.521,11.5949,43.4433,511.749,1.00732,0.16415,0.106809,0.164142,0.204569,0.273553,0.209766
0.456288,0.166021,0.0125988,13.9973,179.301,11.5857,43.5586,513.248,1.00922,0.164275,0.106934,0.164267,0.204694,0.273678,0.209891
0.45762,0.166597,0.0140612,13.9853,179.078,11.5766,43.674,514.748,1.01126,0.1644,0.107059,0.164392,0.204819,0.273803,0.210016
0.458956,0.167173,0.015524,13.9741,178.865,11.568,43.7895,516.25,1.01345,0.164525,0.107184,0.164517,0.204944,0.273928,0.210141
0.460295,0.167751,0.0169879,13.9631,178.644,11.5588,43.9052,517.754,1.01578,0.16465,0.107309,0.164642,0.205069,0.274053,0.210266
0.460999,0.168328,0.0126284,13.9523,178.423,11.5497,44.0209,519.258,1.01825,0.164775,0.107434,0.164767,0.205194,0.274178,0.210391
0.462345,0.168907,0.0140953,13.9413,178.194,11.5401,44.1368,520.764,1.02087,0.1649,0.107559,0.164892,0.205319,0.274303,0.210516
0.463688,0.169488,0.0155679,13.9304,177.97,11.5309,44.2529,522.272,1.02363,0.165025,0.107684,0.165017,0.205444,0.274428,0.210641
0.465033,0.170071,0.017043,13.9198,177.76,11.5224,44.369,523.78,1.02653,0.16515,0.107809,0.165142,0.205569,0.274553,0.210766
0.465754,0.170655,0.0126577,13.9078,177.531,11.5132,44.4853,525.291,1.02958,0.165275,0.107934,0.165267,0.205694,0.274678,0.210891
0.4671,0.170236,0.0141355,13.6809,177.313,11.2273,44.0754,526.8,1,0.1654,0.107898,0.165391,0.205769,0.274803,0.211009
0.468452,0.170821,0.0156162,13.6698,177.084,11.2182,44.1902,528.312,1.00113,0.165525,0.108023,0.165516,0.205894,0.274928,0.211134
0.469806,0.171407,0.0170979,13.6594,176.864,11.2095,44.3052,529.826,1.00241,0.16565,0.108148,0.165641,0.206019,0.275053,0.211259
0.470516,0.171993,0.0126879,13.649,176.645,11.2009,44.4203,531.342,1.00382,0.165775,0.108273,0.165766,0.206144,0.275178,0.211384
0.471875,0.172581,0.0141745,13.6386,176.417,11.1917,44.5355,532.859,1.00537,0.1659,0.108398,0.165891,0.206269,0.275303,0.211509
0.473235,0.17317,0.0156642,13.6285,176.192,11.1827,44.6509,534.377,1.00706,0.166025,0.108523,0.166016,0.206394,0.275428,0.211634
0.474599,0.17376,0.0171538,13.6182,175.967,11.1738,44.7663,535.896,1.00889,0.16615,0.108648,0.166141,0.206519,0.275553,0.211759
0.475307,0.17435,0.0127183,13.6085,175.738,11.1646,44.8819,537.417,1.01086,0.166275,0.108773,0.166267,0.206644,0.275678,0.211884
0.476672,0.174945,0.0142136,13.5973,175.515,11.156,44.9977,538.938,1.01297,0.1664,0.108898,0.166392,0.206769,0.275803,0.212009
0.478041,0.175541,0.0157092,13.5869,175.303,11.148,45.1135,540.462,1.01522,0.166525,0.109023,0.166517,0.206894,0.275928,0.212134
0.47941,0.176139,0.017209,13.5762,175.083,11.1395,45.2295,541.986,1.0176,0.16665,0.109148,0.166642,0.207019,0.276053,0.212259
0.480123,0.176736,0.0127482,13.5655,174.856,11.1308,45.3456,543.512,1.02012,0.166775,0.109273,0.166767,0.207144,0.276178,0.212384
0.481498,0.177334,0.0142528,13.5553,174.626,11.1217,45.4618,545.039,1.02278,0.1669,0.109398,0.166892,0.207269,0.276303,0.212509
0.482874,0.177934,0.0157604,13.5452,174.395,11.1126,45.5781,546.567,1.02558,0.167025,0.109523,0.167017,0.207394,0.276428,0.212634
0.484258,0.178535,0.0172638,13.5355,174.173,11.1039,45.6946,548.097,1.02852,0.16715,0.109648,0.167142,0.207519,0.276553,0.212759
0.485031,0.178201,0.0127739,13.3278,173.953,10.8375,45.2958,549.626,1,0.167275,0.109632,0.167266,0.207591,0.276678,0.212877
0.486414,0.178804,0.0142849,13.3176,173.728,10.829,45.4109,551.158,1.00109,0.1674,0.109757,0.167391,0.207716,0.276803,0.213002
0.487801,0.179407,0.0157983,13.3077,173.496,10.8203,45.5262,552.691,1.00232,0.167525,0.109882,0.167516,0.207841,0.276928,0.213127
0.489188,0.180014,0.0173138,13.297,173.267,10.8118,45.6415,554.226,1.00369,0.16765,0.110007,0.167641,0.207966,0.277053,0.213252
0.48998,0.18062,0.0128037,13.2871,173.05,10.8039,45.757,555.762,1.00518,0.167775,0.110132,0.167766,0.208091,0.277178,0.213377
0.491372,0.181228,0.0143236,13.2778,172.833,10.7958,45.8726,557.299,1.00682,0.1679,0.110257,0.167891,0.208216,0.277303,0.213502
0.492764,0.18184,0.0158456,13.2675,172.621,10.7883,45.9883,558.837,1.00858,0.168025,0.110382,0.168016,0.208341,0.277428,0.213627
0.494159,0.182449,0.0173726,13.2577,172.384,10.7793,46.1041,560.377,1.01048,0.16815,0.110507,0.168141,0.208466,0.277553,0.213752
0.494934,0.18306,0.012835,13.2481,172.161,10.771,46.2201,561.918,1.01252,0.168275,0.110632,0.168266,0.208591,0.277678,0.213877
0.496333,0.183674,0.0143636,13.2385,171.946,10.7633,46.3361,563.46,1.01469,0.1684,0.110757,0.168391,0.208716,0.277803,0.214002
0.497738,0.184289,0.0158923,13.2297,171.732,10.7554,46.4523,565.003,1.01699,0.168525,0.110882,0.168516,0.208841,0.277928,0.214127
0.499144,0.184906,0.0174232,13.2208,171.526,10.748,46.5686,566.548,1.01942,0.16865,0.111007,0.168641,0.208966,0.278053,0.214252
0.500001,0.185523,0.0128606,13.2108,171.294,10.7395,46.6851,568.094,1.02199,0.168775,0.111132,0.168766,0.209091,0.278178,0.214377
0.501409,0.186143,0.0143973,13.201,171.07,10.7314,46.8016,569.641,1.02469,0.1689,0.111257,0.168891,0.209216,0.278303,0.214502
0.502822,0.186764,0.015934,13.1923,170.863,10.7239,46.9183,571.189,1.02753,0.169025,0.111382,0.169016,0.209341,0.278428,0.214627
0.504234,0.186516,0.0174746,13.0016,170.647,10.4753,46.5306,572.737,1,0.169149,0.111385,0.169141,0.209411,0.278553,0.214745
0.50509,0.187138,0.0128901,12.9922,170.42,10.4673,46.646,574.288,1.00106,0.169274,0.11151,0.169266,0.209536,0.278678,0.21487
0.506509,0.18776,0.0144342,12.9831,170.193,10.4592,46.7615,575.84,1.00224,0.169399,0.111635,0.169391,0.209661,0.278803,0.214995
0.507927,0.188386,0.0159821,12.974,169.979,10.4518,46.8772,577.393,1.00356,0.169524,0.11176,0.169516,0.209786,0.278928,0.21512
0.509348,0.189012,0.0175316,12.9652,169.77,10.4447,46.9929,578.947,1.00501,0.169649,0.111885,0.169641,0.209911,0.279053,0.215245
0.510217,0.189639,0.0129195,12.956,169.539,10.4365,47.1088,580.503,1.00659,0.169774,0.11201,0.169766,0.210036,0.279178,0.21537
0.511641,0.190268,0.0144744,12.9467,169.314,10.4287,47.2248,582.06,1.00829,0.169899,0.112135,0.169891,0.210161,0.279303,0.215495
0.51307,0.190898,0.0160292,12.937,169.085,10.4208,47.3409,583.618,1.01013,0.170024,0.11226,0.170016,0.210286,0.279428,0.21562
0.514497,0.191528,0.0175911,12.928,168.846,10.4123,47.4571,585.177,1.0121,0.17015,0.112385,0.170141,0.210411,0.279553,0.215745
0.515329,0.192161,0.012951,12.9183,168.616,10.4044,47.5734,586.737,1.01419,0.170275,0.11251,0.170266,0.210536,0.279678,0.21587
0.51676,0.192795,0.0145165,12.9089,168.382,10.3962,47.6899,588.298,1.01642,0.1704,0.112635,0.170391,0.210661,0.279803,0.215995
0.518197,0.193429,0.0160822,12.8997,168.141,10.3877,47.8064,589.861,1.01877,0.170525,0.11276,0.170516,0.210786,0.279928,0.21612
0.519633,0.194067,0.0176507,12.8908,167.921,10.3802,47.9231,591.424,1.02125,0.17065,0.112885,0.170641,0.210911,0.280053,0.216245
0.520461,0.194703,0.0129807,12.8813,167.69,10.3724,48.0399,592.989,1.02387,0.170775,0.11301,0.170766,0.211036,0.280178,0.21637
0.5219,0.195343,0.0145542,12.872,167.465,10.3648,48.1568,594.555,1.02661,0.1709,0.113135,0.170891,0.211161,0.280303,0.216495
0.523341,0.19518,0.0161291,12.695,167.23,10.1317,47.7801,596.12,1,0.171024,0.113155,0.171015,0.211229,0.280428,0.216613
0.524784,0.195823,0.0177065,12.6853,167.007,10.1246,47.8958,597.688,1.00102,0.171149,0.11328,0.17114,0.211354,0.280553,0.216738
0.525597,0.196461,0.0130104,12.6779,166.779,10.1167,48.0116,599.257,1.00217,0.171274,0.113405,0.171265,0.211479,0.280678,0.216863
0.527047,0.197105,0.014591,12.6692,166.552,10.1092,48.1275,600.828,1.00344,0.171399,0.11353,0.17139,0.211604,0.280803,0.216988
0.528499,0.19775,0.0161743,12.6615,166.338,10.1022,48.2435,602.399,1.00484,0.171524,0.113655,0.171515,0.211729,0.280928,0.217113
0.529949,0.198399,0.0177615,12.6522,166.122,10.0954,48.3596,603.972,1.00637,0.171649,0.11378,0.17164,0.211854,0.281053,0.217238
0.53079,0.199047,0.0130385,12.6437,165.908,10.0886,48.4759,605.545,1.00802,0.171774,0.113905,0.171765,0.211979,0.281178,0.217363
0.532251,0.199697,0.0146256,12.6351,165.686,10.0814,48.5923,607.12,1.0098,0.171899,0.11403,0.17189,0.212104,0.281303,0.217488
0.533711,0.200348,0.0162184,12.6268,165.46,10.074,48.7088,608.696,1.0117,0.172024,0.114155,0.172015,0.212229,0.281428,0.217613
0.535173,0.201002,0.0178107,12.6178,165.239,10.067,48.8253,610.273,1.01373,0.172149,0.11428,0.17214,0.212354,0.281553,0.217738
0.536034,0.201654,0.0130673,12.6094,165.007,10.0594,48.942,611.852,1.01588,0.172274,0.114405,0.172265,0.212479,0.281678,0.217863
0.537502,0.202309,0.0146647,12.6005,164.773,10.0518,49.0589,613.431,1.01816,0.172399,0.11453,0.17239,0.212604,0.281803,0.217988
0.53897,0.202967,0.0162653,12.5922,164.563,10.0453,49.1758,615.011,1.02056,0.172524,0.114655,0.172515,0.212729,0.281928,0.218113
0.54044,0.203628,0.0178668,12.583,164.339,10.0383,49.2928,616.593,1.02309,0.172649,0.11478,0.17264,0.212854,0.282053,0.218238
0.541323,0.204283,0.0130961,12.5755,164.105,10.0305,49.41,618.175,1.02574,0.172774,0.114905,0.172765,0.212979,0.282178,0.218363
0.542797,0.204204,0.0147011,12.4119,163.878,9.81264,49.0442,619.757,1,0.172899,0.114941,0.17289,0.213043,0.282303,0.218482
0.544276,0.204865,0.0163092,12.4042,163.667,9.8062,49.1602,621.342,1.00099,0.173024,0.115066,0.173015,0.213168,0.282428,0.218607
0.545753,0.205528,0.0179225,12.3964,163.446,9.79936,49.2763,622.927,1.0021,0.173149,0.115191,0.17314,0.213293,0.282553,0.218732
0.546623,0.206189,0.0131256,12.3894,163.218,9.79207,49.3925,624.514,1.00333,0.173274,0.115316,0.173265,0.213418,0.282678,0.218857
0.548106,0.206854,0.014743,12.382,162.995,9.78513,49.5089,626.102,1.00469,0.173399,0.115441,0.17339,0.213543,0.282803,0.218982
0.549592,0.20752,0.0163612,12.3743,162.772,9.77825,49.6253,627.691,1.00617,0.173524,0.115566,0.173515,0.213668,0.282928,0.219107
0.551081,0.208187,0.0179826,12.3665,162.529,9.77051,49.7419,629.281,1.00777,0.173649,0.115691,0.17364,0.213793,0.283053,0.219232
0.551919,0.208855,0.0131567,12.3591,162.303,9.76353,49.8586,630.872,1.00949,0.173774,0.115816,0.173765,0.213918,0.283177,0.219357
0.553415,0.209527,0.0147766,12.3509,162.079,9.7568,49.9754,632.464,1.01133,0.173899,0.115941,0.17389,0.214043,0.283302,0.219482
0.554912,0.2102,0.0164005,12.3429,161.86,9.7503,50.0923,634.057,1.01329,0.174024,0.116066,0.174015,0.214168,0.283427,0.219607
0.556408,0.210875,0.0180289,12.3347,161.638,9.74369,50.2093,635.651,1.01538,0.174149,0.116191,0.17414,0.214293,0.283552,0.219732
0.557359,0.211552,0.013181,12.3266,161.427,9.7376,50.3264,637.246,1.01758,0.174274,0.116316,0.174265,0.214418,0.283677,0.219857
0.558862,0.212229,0.0148126,12.3189,161.201,9.73081,50.4436,638.842,1.01991,0.174399,0.116441,0.17439,0.214543,0.283802,0.219982
0.560364,0.212908,0.0164495,12.3114,160.983,9.72431,50.5609,640.439,1.02236,0.174524,0.116566,0.174515,0.214668,0.283927,0.220107
0.561873,0.213587,0.0180838,12.3037,160.752,9.71734,50.6784,642.038,1.02492,0.174649,0.116691,0.17464,0.214793,0.284052,0.220232
0.562845,0.213587,0.0132086,12.1524,160.514,9.51235,50.3234,643.635,1,0.174774,0.11674,0.174765,0.214855,0.284177,0.22035
0.564355,0.214269,0.0148496,12.1443,160.284,9.50573,50.4398,645.235,1.00096,0.174899,0.116865,0.17489,0.21498,0.284302,0.220475
0.565866,0.214955,0.0164927,12.1365,160.076,9.50004,50.5562,646.837,1.00204,0.175024,0.11699,0.175015,0.215105,0.284427,0.2206
0.567383,0.21564,0.018136,12.1291,159.86,9.49392,50.6728,648.439,1.00323,0.175149,0.117115,0.17514,0.21523,0.284552,0.220725
0.568371,0.216325,0.0132378,12.1208,159.619,9.48697,50.7895,650.042,1.00455,0.175274,0.11724,0.175265,0.215355,0.284677,0.22085
0.569889,0.217013,0.0148888,12.1131,159.4,9.48083,50.9062,651.646,1.00598,0.175399,0.117365,0.17539,0.21548,0.284802,0.220975
0.571414,0.217702,0.0165384,12.1061,159.174,9.47431,51.0231,653.251,1.00753,0.175524,0.11749,0.175515,0.215605,0.284927,0.2211
0.572934,0.218394,0.0181939,12.098,158.956,9.46834,51.1401,654.857,1.0092,0.175649,0.117615,0.17564,0.21573,0.285052,0.221225
0.573942,0.219085,0.0132663,12.0908,158.737,9.46221,51.2572,656.465,1.01098,0.175774,0.11774,0.175765,0.215855,0.285177,0.22135
0.575472,0.219779,0.0149234,12.0839,158.519,9.45607,51.3744,658.073,1.01288,0.175899,0.117865,0.17589,0.21598,0.285302,0.221475
0.577002,0.220473,0.0165847,12.0763,158.286,9.44948,51.4917,659.682,1.01491,0.176024,0.11799,0.176015,0.216105,0.285427,0.2216
0.578535,0.221169,0.0182487,12.0697,158.069,9.44337,51.6091,661.292,1.01704,0.176149,0.118115,0.17614,0.21623,0.285552,0.221725
0.57953,0.221865,0.013296,12.0629,157.841,9.43691,51.7267,662.903,1.0193,0.176274,0.11824,0.176265,0.216355,0.285677,0.22185
0.581065,0.222566,0.0149649,12.0555,157.623,9.43096,51.8443,664.515,1.02167,0.176399,0.118365,0.17639,0.21648,0.285802,0.221975
0.582603,0.223266,0.0166354,12.0488,157.408,9.42501,51.962,666.128,1.02416,0.176524,0.11849,0.176515,0.216605,0.285927,0.2221
0.584143,0.223349,0.0183056,11.9085,157.189,9.23301,51.6177,667.74,1,0.176649,0.118552,0.176639,0.216664,0.286052,0.222219
0.585128,0.224051,0.0133248,11.9017,156.962,9.22684,51.7344,669.355,1.00093,0.176774,0.118677,0.176764,0.216789,0.286177,0.222344
0.586672,0.224757,0.015002,11.8942,156.74,9.22102,51.8513,670.971,1.00198,0.176899,0.118802,0.176889,0.216914,0.286302,0.222469
0.58822,0.225462,0.016681,11.8877,156.521,9.21515,51.9682,672.588,1.00314,0.177024,0.118927,0.177014,0.217039,0.286427,0.222594
0.589769,0.22617,0.0183627,11.8802,156.286,9.20889,52.0852,674.206,1.00441,0.177149,0.119052,0.177139,0.217164,0.286552,0.222719
0.590698,0.226879,0.0133562,11.8729,156.067,9.20321,52.2023,675.824,1.0058,0.177274,0.119177,0.177264,0.217289,0.286677,0.222844
0.592251,0.227589,0.0150426,11.8661,155.845,9.19737,52.3196,677.444,1.0073,0.177399,0.119302,0.177389,0.217414,0.286802,0.222969
0.593808,0.228301,0.0167309,11.8596,155.625,9.19156,52.4369,679.064,1.00892,0.177524,0.119427,0.177514,0.217539,0.286927,0.223094
0.595364,0.229014,0.0184236,11.8529,155.4,9.1856,52.5543,680.686,1.01066,0.177649,0.119552,0.177639,0.217664,0.287052,0.223219
0.59625,0.229727,0.0133869,11.8469,155.185,9.17995,52.6719,682.308,1.0125,0.177774,0.119677,0.177764,0.217789,0.287177,0.223344
0.597811,0.230444,0.0150823,11.8407,154.986,9.17495,52.7895,683.931,1.01446,0.177899,0.119802,0.177889,0.217914,0.287302,0.223469
0.59937,0.231164,0.0167836,11.8335,154.781,9.16994,52.9073,685.556,1.01654,0.178024,0.119927,0.178014,0.218039,0.287427,0.223594
0.600934,0.231884,0.0184861,11.8271,154.566,9.16444,53.0252,687.181,1.01873,0.178149,0.120052,0.178139,0.218164,0.287552,0.223719
0.601769,0.232605,0.0134179,11.8206,154.345,9.15872,53.1431,688.807,1.02103,0.178274,0.120177,0.178264,0.218289,0.287677,0.223844
0.60334,0.233327,0.0151231,11.8139,154.116,9.1528,53.2612,690.434,1.02345,0.178399,0.120302,0.178389,0.218414,0.287802,0.223969
0.604909,0.233489,0.0168292,11.6834,153.903,8.97211,52.9274,692.061,1,0.178524,0.120376,0.178514,0.218469,0.287927,0.224088
0.606485,0.234214,0.018537,11.6763,153.676,8.96655,53.0445,693.69,1.0009,0.178649,0.120501,0.178639,0.218594,0.288052,0.224213
0.607388,0.23494,0.0134436,11.6699,153.459,8.96121,53.1617,695.32,1.00192,0.178774,0.120626,0.178764,0.218719,0.288177,0.224338
0.608969,0.235668,0.0151558,11.6629,153.225,8.9554,53.279,696.95,1.00305,0.178899,0.120751,0.178889,0.218844,0.288302,0.224463
0.610551,0.236397,0.0168707,11.6566,153.005,8.95001,53.3964,698.582,1.00428,0.179024,0.120876,0.179014,0.218969,0.288427,0.224588
0.612132,0.237129,0.01859,11.6497,152.789,8.94489,53.5138,700.214,1.00564,0.179149,0.121001,0.179139,0.219094,0.288552,0.224713
0.613121,0.237862,0.0134697,11.6425,152.563,8.93951,53.6314,701.847,1.0071,0.179274,0.121126,0.179264,0.219219,0.288677,0.224838
0.614708,0.238598,0.015192,11.6359,152.358,8.9348,53.7491,703.481,1.00867,0.179399,0.121251,0.179389,0.219344,0.288802,0.224963
0.616298,0.239333,0.0169175,11.6296,152.134,8.92936,53.8669,705.116,1.01035,0.179524,0.121376,0.179514,0.219469,0.288927,0.225088
0.61789,0.24007,0.0186458,11.6233,151.916,8.92414,53.9848,706.752,1.01215,0.179649,0.121501,0.179639,0.219594,0.289052,0.225213
0.618871,0.240805,0.0134995,11.6177,151.684,8.91834,54.1028,708.389,1.01406,0.179774,0.121626,0.179764,0.219719,0.289177,0.225338
0.620464,0.241546,0.0152341,11.6111,151.461,8.91308,54.2209,710.026,1.01607,0.179899,0.121751,0.179889,0.219844,0.289302,0.225463
0.622061,0.242288,0.0169699,11.6047,151.248,8.90814,54.3391,711.665,1.0182,0.180024,0.121876,0.180014,0.219969,0.289427,0.225588
0.623659,0.243033,0.0187069,11.5978,151.036,8.90337,54.4574,713.304,1.02044,0.180149,0.122001,0.180139,0.220094,0.289552,0.225713
0.624593,0.243778,0.0135302,11.5915,150.823,8.89848,54.5758,714.944,1.02279,0.180274,0.122126,0.180264,0.220219,0.289677,0.225838
0.626201,0.244013,0.015268,11.4713,150.602,8.72732,54.2522,716.584,1,0.180399,0.122209,0.180389,0.220271,0.289802,0.225957
0.62781,0.244759,0.0170112,11.4657,150.383,8.72224,54.3696,718.226,1.00088,0.180524,0.122334,0.180514,0.220396,0.289927,0.226082
0.629418,0.245507,0.018759,11.4591,150.147,8.71681,54.4872,719.869,1.00187,0.180649,0.122459,0.180639,0.220521,0.290052,0.226207
0.630415,0.246257,0.0135564,11.4533,149.928,8.71183,54.6049,721.512,1.00296,0.180774,0.122584,0.180764,0.220646,0.290177,0.226332
0.632029,0.247009,0.0153058,11.4469,149.707,8.70695,54.7226,723.156,1.00417,0.180899,0.122709,0.180889,0.220771,0.290302,0.226457
0.633643,0.247761,0.0170618,11.4417,149.491,8.70201,54.8405,724.801,1.00548,0.181024,0.122834,0.181014,0.220896,0.290427,0.226582
0.635265,0.248515,0.0188151,11.4361,149.269,8.69696,54.9585,726.447,1.0069,0.181149,0.122959,0.181139,0.221021,0.290552,0.226707
0.636252,0.24927,0.0135859,11.43,149.045,8.69196,55.0765,728.094,1.00843,0.181274,0.123084,0.181264,0.221146,0.290677,0.226832
0.637878,0.250026,0.0153445,11.4245,148.814,8.68666,55.1947,729.741,1.01007,0.181399,0.123209,0.181389,0.221271,0.290802,0.226957
0.639499,0.250786,0.0171088,11.4189,148.613,8.68243,55.3129,731.39,1.01182,0.181524,0.123334,0.181514,0.221396,0.290927,0.227082
0.641126,0.251547,0.0188737,11.4133,148.403,8.67786,55.4313,733.039,1.01367,0.181649,0.123459,0.181639,0.221521,0.291052,0.227207
0.642127,0.25231,0.0136144,11.4072,148.179,8.67299,55.5498,734.689,1.01563,0.181774,0.123584,0.181764,0.221646,0.291177,0.227332
0.64376,0.253074,0.015382,11.4014,147.959,8.66822,55.6683,736.339,1.0177,0.181899,0.123709,0.181889,0.221771,0.291302,0.227457
0.645394,0.25384,0.0171533,11.3958,147.751,8.66383,55.787,737.991,1.01988,0.182024,0.123834,0.182014,0.221896,0.291427,0.227582
0.647031,0.254607,0.0189261,11.3899,147.532,8.65912,55.9057,739.643,1.02216,0.182149,0.123959,0.182139,0.222021,0.291552,0.227707
0.648057,0.254919,0.0136412,11.2771,147.32,8.49768,55.5923,741.295,1,0.182273,0.124051,0.182264,0.22207,0.291677,0.227826
0.6497,0.255687,0.0154188,11.2717,147.092,8.49277,55.7101,742.949,1.00086,0.182398,0.124176,0.182389,0.222195,0.291802,0.227951
0.651345,0.256458,0.0171979,11.2667,146.882,8.48841,55.8281,744.604,1.00182,0.182523,0.124301,0.182514,0.22232,0.291927,0.228076
0.652989,0.257231,0.0189815,11.2607,146.655,8.48371,55.9462,746.26,1.00288,0.182648,0.124426,0.182639,0.222445,0.292052,0.228201
0.654056,0.258004,0.0136693,11.2555,146.436,8.47914,56.0643,747.916,1.00406,0.182773,0.124551,0.182764,0.22257,0.292177,0.228326
0.655706,0.258779,0.0154569,11.2502,146.213,8.4745,56.1826,749.573,1.00533,0.182898,0.124676,0.182889,0.222695,0.292302,0.228451
0.657359,0.259556,0.017246,11.2451,145.999,8.4701,56.301,751.23,1.00672,0.183023,0.124801,0.183014,0.22282,0.292427,0.228576
0.659014,0.260334,0.0190383,11.2398,145.772,8.4654,56.4194,752.889,1.00821,0.183148,0.124926,0.183139,0.222945,0.292552,0.228701
0.660074,0.261113,0.0136985,11.2342,145.542,8.46068,56.538,754.548,1.0098,0.183273,0.125051,0.183264,0.22307,0.292677,0.228826
0.661731,0.261897,0.0154945,11.2281,145.326,8.4565,56.6566,756.208,1.0115,0.183398,0.125176,0.183389,0.223195,0.292801,0.228951
0.663395,0.262681,0.0172907,11.2224,145.099,8.45194,56.7754,757.868,1.01331,0.183523,0.125301,0.183514,0.22332,0.292926,0.229076
0.665059,0.263466,0.0190909,11.2167,144.875,8.44748,56.8942,759.53,1.01522,0.183648,0.125426,0.183639,0.223445,0.293051,0.229201
0.666184,0.264249,0.013725,11.2117,144.644,8.44274,57.0131,761.191,1.01723,0.183773,0.125551,0.183764,0.22357,0.293176,0.229326
0.667854,0.265036,0.0155306,11.206,144.398,8.43767,57.1321,762.854,1.01935,0.183898,0.125676,0.183889,0.223695,0.293301,0.229451
0.669524,0.265827,0.0173378,11.2006,144.187,8.43367,57.2513,764.517,1.02158,0.184023,0.125801,0.184014,0.22382,0.293426,0.229576
0.671197,0.266211,0.019146,11.0959,143.972,8.28047,56.9478,766.18,1,0.184148,0.1259,0.184138,0.223865,0.293551,0.229695
0.67234,0.267002,0.0137525,11.0914,143.773,8.27679,57.0661,767.845,1.00083,0.184273,0.126025,0.184263,0.22399,0.293676,0.22982
0.674012,0.2678,0.0155689,11.0856,143.576,8.27341,57.1845,769.511,1.00177,0.184398,0.12615,0.184388,0.224115,0.293801,0.229945
0.675692,0.268597,0.0173842,11.0797,143.351,8.26925,57.3029,771.177,1.00281,0.184523,0.126275,0.184513,0.22424,0.293926,0.23007
0.677371,0.269393,0.0192077,11.0748,143.122,8.26483,57.4215,772.844,1.00395,0.184648,0.1264,0.184638,0.224365,0.294051,0.230195
0.678465,0.270191,0.0137831,11.0697,142.905,8.26081,57.5401,774.512,1.0052,0.184773,0.126525,0.184763,0.22449,0.294176,0.23032
0.680148,0.270993,0.0156077,11.064,142.688,8.25694,57.6589,776.18,1.00655,0.184898,0.12665,0.184888,0.224615,0.294301,0.230445
0.681836,0.271795,0.0174351,11.0591,142.473,8.25296,57.7777,777.849,1.008,0.185023,0.126775,0.185013,0.22474,0.294426,0.23057
0.683525,0.2726,0.0192651,11.0542,142.265,8.24925,57.8966,779.519,1.00955,0.185148,0.1269,0.185138,0.224865,0.294551,0.230695
0.684582,0.273402,0.0138128,11.0493,142.035,8.24494,58.0157,781.19,1.01121,0.185273,0.127025,0.185263,0.22499,0.294676,0.23082
0.686277,0.27421,0.0156449,11.0435,141.805,8.2408,58.1348,782.861,1.01297,0.185398,0.12715,0.185388,0.225115,0.294801,0.230945
0.687974,0.27502,0.0174806,11.038,141.585,8.23693,58.254,784.532,1.01483,0.185523,0.127275,0.185513,0.22524,0.294926,0.231071
0.689672,0.275829,0.0193214,11.033,141.356,8.23274,58.3733,786.205,1.0168,0.185648,0.1274,0.185638,0.225365,0.295051,0.231196
0.690767,0.276638,0.01384,11.0286,141.145,8.22898,58.4927,787.878,1.01886,0.185773,0.127525,0.185763,0.22549,0.295176,0.231321
0.692471,0.27745,0.015685,11.0245,140.932,8.22511,58.6122,789.552,1.02103,0.185898,0.12765,0.185888,0.225615,0.295301,0.231446
0.694176,0.277905,0.0175294,10.9265,140.714,8.07961,58.3186,791.225,1,0.186023,0.127756,0.186013,0.225657,0.295426,0.231565
0.695884,0.278721,0.0193787,10.9217,140.486,8.07561,58.4373,792.9,1.00081,0.186148,0.127881,0.186138,0.225782,0.295551,0.23169
0.696954,0.279536,0.0138688,10.9171,140.269,8.07192,58.5561,794.576,1.00173,0.186273,0.128006,0.186263,0.225907,0.295676,0.231815
0.698666,0.280357,0.015721,10.912,140.048,8.06821,58.6749,796.252,1.00274,0.186398,0.128131,0.186388,0.226032,0.295801,0.23194
0.700381,0.281178,0.0175771,10.9072,139.83,8.06454,58.7939,797.929,1.00386,0.186523,0.128256,0.186513,0.226157,0.295926,0.232065
0.702103,0.281999,0.019432,10.9028,139.601,8.06057,58.9129,799.607,1.00507,0.186648,0.128381,0.186638,0.226282,0.296051,0.23219
0.703208,0.282819,0.0138963,10.8985,139.38,8.05683,59.0321,801.285,1.00639,0.186773,0.128506,0.186763,0.226407,0.296176,0.232315
0.704932,0.283644,0.0157572,10.8941,139.159,8.05309,59.1513,802.963,1.0078,0.186898,0.128631,0.186888,0.226532,0.296301,0.23244
0.706655,0.284473,0.0176223,10.8893,138.945,8.04965,59.2707,804.643,1.00932,0.187023,0.128756,0.187013,0.226657,0.296426,0.232565
0.708383,0.285301,0.0194889,10.8843,138.709,8.0457,59.3901,806.323,1.01094,0.187148,0.128881,0.187138,0.226782,0.296551,0.23269
0.709522,0.286126,0.0139239,10.8795,138.477,8.04184,59.5096,808.003,1.01265,0.187273,0.129006,0.187263,0.226907,0.296676,0.232815
0.711255,0.286958,0.0157949,10.8752,138.259,8.03829,59.6292,809.684,1.01447,0.187398,0.129131,0.187388,0.227032,0.296801,0.23294
0.71299,0.287793,0.0176664,10.8708,138.05,8.035,59.7489,811.366,1.01639,0.187523,0.129256,0.187513,0.227157,0.296926,0.233065
0.714723,0.28863,0.0195443,10.8659,137.839,8.03177,59.8687,813.048,1.0184,0.187648,0.129381,0.187638,0.227282,0.297051,0.23319
0.715914,0.289465,0.0139505,10.8613,137.621,8.02835,59.9885,814.731,1.02052,0.187773,0.129506,0.187763,0.227407,0.297176,0.233315
0.717656,0.289989,0.01583,10.7702,137.407,7.88998,59.7048,816.414,1,0.187898,0.129617,0.187888,0.227445,0.297301,0.233435
0.719399,0.290828,0.0177138,10.7663,137.196,7.88674,59.8239,818.098,1.00079,0.188023,0.129742,0.188013,0.22757,0.297426,0.23356
0.721146,0.291668,0.0196009,10.7626,136.973,7.8832,59.9431,819.783,1.00169,0.188148,0.129867,0.188138,0.227695,0.297551,0.233685
0.722336,0.292512,0.0139783,10.7578,136.76,7.88011,60.0624,821.468,1.00268,0.188273,0.129992,0.188263,0.22782,0.297676,0.23381
0.724087,0.293357,0.0158682,10.7536,136.544,7.87686,60.1818,823.154,1.00376,0.188398,0.130117,0.188388,0.227945,0.297801,0.233935
0.725841,0.294201,0.0177612,10.7494,136.308,7.87316,60.3013,824.84,1.00495,0.188523,0.130242,0.188513,0.22807,0.297926,0.23406
0.727592,0.295051,0.0196584,10.7445,136.083,7.86988,60.4208,826.527,1.00624,0.188648,0.130367,0.188638,0.228195,0.298051,0.234185
0.728735,0.295898,0.0140086,10.7403,135.869,7.86676,60.5405,828.215,1.00762,0.188773,0.130492,0.188763,0.22832,0.298176,0.23431
0.730493,0.29675,0.0159095,10.7363,135.659,7.86371,60.6602,829.903,1.0091,0.188898,0.130617,0.188888,0.228445,0.298301,0.234435
0.732255,0.297601,0.0178148,10.7328,135.434,7.86028,60.78,831.592,1.01068,0.189023,0.130742,0.189013,0.22857,0.298426,0.23456
0.734017,0.298454,0.0197224,10.729,135.214,7.85701,60.9,833.281,1.01235,0.189148,0.130867,0.189138,0.228695,0.298551,0.234685
0.735102,0.299305,0.0140388,10.7257,134.991,7.85365,61.02,834.971,1.01413,0.189273,0.130992,0.189263,0.22882,0.298676,0.23481
0.736869,0.300163,0.0159492,10.7218,134.779,7.85067,61.1401,836.661,1.016,0.189398,0.131117,0.189388,0.228945,0.298801,0.234935
0.738636,0.301023,0.0178644,10.718,134.573,7.8478,61.2603,838.352,1.01797,0.189523,0.131242,0.189513,0.22907,0.298926,0.23506
0.740411,0.301884,0.0197774,10.7143,134.358,7.84477,61.3805,840.043,1.02004,0.189648,0.131367,0.189638,0.229195,0.299051,0.235185
0.741454,0.302473,0.0140669,10.6289,134.13,7.71263,61.1065,841.734,1,0.189773,0.131483,0.189763,0.229229,0.299176,0.235305
0.743234,0.303335,0.015987,10.6254,133.897,7.70927,61.2261,843.427,1.00078,0.189898,0.131608,0.189888,0.229354,0.299301,0.23543
0.745011,0.304203,0.0179096,10.6208,133.676,7.70636,61.3457,845.12,1.00165,0.190023,0.131733,0.190013,0.229479,0.299426,0.235555
0.746794,0.305066,0.0198383,10.6178,133.442,7.70297,61.4655,846.813,1.00261,0.190148,0.131858,0.190138,0.229604,0.299551,0.23568
0.747857,0.30593,0.0140954,10.614,133.216,7.69989,61.5853,848.507,1.00368,0.190273,0.131983,0.190263,0.229729,0.299676,0.235805
0.749643,0.306803,0.0160243,10.6101,133.006,7.69722,61.7052,850.201,1.00484,0.190398,0.132108,0.190388,0.229854,0.299801,0.23593
0.751432,0.307673,0.0179578,10.6063,132.769,7.69395,61.8252,851.896,1.00609,0.190523,0.132233,0.190513,0.229979,0.299926,0.236055
0.75322,0.308545,0.0198983,10.6031,132.541,7.69083,61.9453,853.591,1.00744,0.190648,0.132358,0.190638,0.230104,0.300051,0.23618
0.754273,0.309416,0.0141244,10.6,132.337,7.68821,62.0655,855.287,1.00889,0.190773,0.132483,0.190763,0.230229,0.300176,0.236305
0.756066,0.310293,0.0160665,10.5968,132.127,7.68551,62.1858,856.983,1.01044,0.190898,0.132608,0.190888,0.230354,0.300301,0.23643
0.757863,0.311174,0.0180076,10.5929,131.913,7.68288,62.3062,858.68,1.01207,0.191023,0.132733,0.191013,0.230479,0.300426,0.236555
0.759666,0.312054,0.0199506,10.5893,131.69,7.68,62.4266,860.377,1.01381,0.191148,0.132858,0.191138,0.230604,0.300551,0.23668
0.760799,0.312932,0.0141501,10.5866,131.482,7.67735,62.5471,862.075,1.01564,0.191273,0.132984,0.191263,0.230729,0.300676,0.236805
0.762602,0.313816,0.0161016,10.5838,131.285,7.67497,62.6678,863.773,1.01757,0.191398,0.133109,0.191388,0.230854,0.300801,0.23693
0.764407,0.314701,0.0180565,10.5811,131.083,7.67248,62.7885,865.472,1.01959,0.191523,0.133234,0.191513,0.230979,0.300926,0.237055
0.766215,0.31536,0.0200099,10.5008,130.866,7.54665,62.5242,867.171,1,0.191648,0.133353,0.191638,0.231009,0.301051,0.237175
0.767295,0.316251,0.0141795,10.4969,130.657,7.5443,62.6443,868.871,1.00076,0.191773,0.133478,0.191763,0.231134,0.301176,0.2373
0.769111,0.317142,0.0161361,10.4941,130.459,7.54203,62.7644,870.571,1.00161,0.191898,0.133603,0.191888,0.231259,0.301301,0.237425
0.770927,0.318035,0.0180973,10.4906,130.24,7.53946,62.8846,872.272,1.00256,0.192023,0.133728,0.192013,0.231384,0.301426,0.23755
0.772749,0.318927,0.0200602,10.488,130.032,7.53702,63.0049,873.973,1.0036,0.192148,0.133853,0.192138,0.231509,0.301551,0.237675
0.773904,0.319821,0.014206,10.4848,129.802,7.53426,63.1253,875.675,1.00473,0.192273,0.133978,0.192263,0.231634,0.301675,0.2378
0.775731,0.320718,0.0161727,10.482,129.592,7.53185,63.2458,877.377,1.00596,0.192398,0.134103,0.192388,0.231759,0.3018,0.237925
0.777553,0.321618,0.0181462,10.4789,129.391,7.52969,63.3664,879.08,1.00728,0.192523,0.134228,0.192513,0.231884,0.301925,0.23805
0.779383,0.32252,0.020118,10.4758,129.18,7.52735,63.487,880.783,1.0087,0.192648,0.134353,0.192638,0.232009,0.30205,0.238175
0.780568,0.323417,0.0142337,10.4734,128.95,7.52456,63.6078,882.487,1.01021,0.192773,0.134478,0.192763,0.232134,0.302175,0.2383
0.782401,0.32432,0.0162128,10.4706,128.732,7.52211,63.7286,884.191,1.01182,0.192898,0.134603,0.192888,0.232259,0.3023,0.238425
0.784236,0.325226,0.0181942,10.4678,128.529,7.51996,63.8495,885.896,1.01351,0.193023,0.134728,0.193013,0.232384,0.302425,0.23855
0.786076,0.326132,0.0201776,10.4654,128.318,7.51762,63.9705,887.601,1.0153,0.193148,0.134853,0.193138,0.232509,0.30255,0.238675
0.787256,0.327038,0.0142621,10.4632,128.104,7.51521,64.0916,889.306,1.01719,0.193273,0.134978,0.193263,0.232634,0.302675,0.2388
0.789104,0.327947,0.0162471,10.4609,127.895,7.51295,64.2128,891.012,1.01917,0.193398,0.135103,0.193388,0.232759,0.3028,0.238925
0.790954,0.328665,0.018235,10.3866,127.673,7.39236,63.958,892.718,1,0.193523,0.135225,0.193512,0.232785,0.302925,0.239045
0.7928,0.32958,0.0202291,10.3831,127.445,7.39002,64.0785,894.425,1.00074,0.193648,0.13535,0.193638,0.23291,0.30305,0.23917
0.794159,0.330497,0.0142843,10.3811,127.268,7.3884,64.1992,896.132,1.00158,0.193773,0.135475,0.193763,0.233035,0.303175,0.239295
0.796014,0.331411,0.0162831,10.3791,127.053,7.38612,64.3199,897.839,1.0025,0.193898,0.1356,0.193888,0.23316,0.3033,0.23942
0.79787,0.33233,0.0182834,10.3765,126.839,7.38398,64.4407,899.547,1.00352,0.194023,0.135725,0.194013,0.233285,0.303425,0.239545
0.799725,0.333253,0.0202863,10.3739,126.648,7.38226,64.5616,901.256,1.00464,0.194148,0.13585,0.194138,0.23341,0.30355,0.23967
0.801048,0.334173,0.0143139,10.372,126.436,7.38011,64.6826,902.965,1.00584,0.194273,0.135975,0.194263,0.233535,0.303675,0.239795
0.802912,0.335095,0.0163208,10.3699,126.227,7.37807,64.8037,904.674,1.00713,0.194398,0.1361,0.194388,0.23366,0.3038,0.23992
0.804777,0.336022,0.0183305,10.3673,126.02,7.37613,64.9248,906.384,1.00852,0.194523,0.136225,0.194513,0.233785,0.303925,0.240045
0.806646,0.336949,0.0203414,10.365,125.815,7.3742,65.0461,908.094,1.01,0.194648,0.13635,0.194638,0.23391,0.30405,0.24017
0.807987,0.337879,0.0143412,10.3625,125.611,7.37237,65.1674,909.805,1.01157,0.194773,0.136476,0.194763,0.234035,0.304175,0.240295
0.809862,0.338808,0.0163573,10.3603,125.388,7.37018,65.2888,911.516,1.01324,0.194898,0.136601,0.194888,0.23416,0.3043,0.24042
0.811736,0.339741,0.0183776,10.3581,125.185,7.36837,65.4104,913.228,1.01499,0.195023,0.136726,0.195013,0.234285,0.304425,0.240545
0.813612,0.340675,0.0204006,10.3556,124.97,7.36642,65.532,914.94,1.01684,0.195148,0.136851,0.195138,0.23441,0.30455,0.24067
0.814958,0.341612,0.0143689,10.3534,124.768,7.36465,65.6536,916.652,1.01878,0.195273,0.136976,0.195263,0.234535,0.304675,0.240795
0.816837,0.342395,0.0163947,10.2829,124.573,7.24962,65.4081,918.364,1,0.195398,0.1371,0.195387,0.234557,0.3048,0.240916
0.818721,0.343332,0.0184266,10.2815,124.374,7.24789,65.5292,920.077,1.00073,0.195523,0.137225,0.195512,0.234682,0.304925,0.241041
0.820607,0.344274,0.0204597,10.2795,124.176,7.24627,65.6504,921.791,1.00155,0.195648,0.13735,0.195637,0.234807,0.30505,0.241166
0.821871,0.345214,0.0143985,10.278,123.975,7.24456,65.7716,923.505,1.00246,0.195773,0.137475,0.195762,0.234932,0.305175,0.241291
0.823762,0.346159,0.0164358,10.2757,123.766,7.24285,65.893,925.219,1.00345,0.195898,0.1376,0.195887,0.235057,0.3053,0.241416
0.825653,0.347105,0.0184784,10.2738,123.558,7.24113,66.0144,926.934,1.00454,0.196023,0.137725,0.196012,0.235182,0.305425,0.241541
0.827546,0.348051,0.0205261,10.272,123.338,7.23924,66.1359,928.649,1.00572,0.196148,0.13785,0.196137,0.235307,0.30555,0.241666
0.828662,0.349,0.0144305,10.2701,123.134,7.23764,66.2575,930.365,1.00699,0.196273,0.137975,0.196262,0.235432,0.305675,0.241791
0.830561,0.349953,0.016478,10.2675,122.91,7.23584,66.3792,932.081,1.00836,0.196398,0.1381,0.196387,0.235557,0.3058,0.241916
0.832464,0.350904,0.0185294,10.266,122.705,7.23421,66.501,933.797,1.00981,0.196523,0.138225,0.196512,0.235682,0.305925,0.242041
0.834369,0.351859,0.0205828,10.2643,122.501,7.23266,66.6228,935.513,1.01135,0.196648,0.13835,0.196637,0.235807,0.30605,0.242166
0.835588,0.352814,0.014455,10.2629,122.298,7.23109,66.7448,937.23,1.01298,0.196773,0.138475,0.196762,0.235932,0.306175,0.242291
0.837497,0.353773,0.0165128,10.2607,122.085,7.2295,66.8668,938.948,1.0147,0.196898,0.1386,0.196887,0.236057,0.3063,0.242416
0.839411,0.354732,0.0185723,10.2593,121.885,7.22803,66.989,940.665,1.01651,0.197023,0.138725,0.197012,0.236182,0.306425,0.242541
0.841327,0.355694,0.0206342,10.2577,121.683,7.22657,67.1112,942.383,1.01841,0.197148,0.13885,0.197137,0.236307,0.30655,0.242666
0.842594,0.356535,0.0144804,10.1911,121.486,7.1161,66.8747,944.101,1,0.197273,0.138974,0.197262,0.236324,0.306675,0.242787
0.844514,0.357502,0.0165463,10.189,121.278,7.1147,66.9964,945.82,1.00071,0.197398,0.139099,0.197387,0.236449,0.3068,0.242912
0.846436,0.358471,0.0186154,10.187,121.067,7.11327,67.1181,947.539,1.00152,0.197523,0.139224,0.197512,0.236574,0.306925,0.243037
0.848359,0.359438,0.0206907,10.1859,120.868,7.11192,67.2399,949.258,1.00241,0.197648,0.139349,0.197637,0.236699,0.30705,0.243162
0.849574,0.360405,0.0145107,10.1847,120.653,7.11038,67.3618,950.978,1.00339,0.197773,0.139474,0.197762,0.236824,0.307175,0.243287
0.851505,0.361376,0.0165877,10.1828,120.422,7.10875,67.4837,952.698,1.00446,0.197898,0.1396,0.197887,0.236949,0.3073,0.243412
0.853437,0.362351,0.0186668,10.1817,120.245,7.10775,67.6058,954.418,1.00562,0.198023,0.139725,0.198012,0.237074,0.307425,0.243537
0.855369,0.363328,0.0207506,10.1799,120.037,7.10645,67.7279,956.139,1.00686,0.198148,0.13985,0.198137,0.237199,0.30755,0.243662
0.856683,0.364308,0.0145358,10.1783,119.844,7.10536,67.8502,957.86,1.0082,0.198273,0.139975,0.198262,0.237324,0.307675,0.243787
0.858622,0.365287,0.0166237,10.177,119.645,7.10415,67.9725,959.581,1.00962,0.198398,0.1401,0.198387,0.237449,0.3078,0.243912
0.860563,0.366269,0.0187145,10.1752,119.429,7.10281,68.0949,961.303,1.01114,0.198523,0.140225,0.198512,0.237574,0.307925,0.244037
0.862506,0.36725,0.0208086,10.1736,119.203,7.10138,68.2174,963.025,1.01274,0.198648,0.14035,0.198637,0.237699,0.30805,0.244162
0.86378,0.368233,0.0145649,10.1723,118.993,7.10011,68.3399,964.747,1.01443,0.198773,0.140475,0.198762,0.237824,0.308175,0.244287
0.86573,0.369217,0.016665,10.1709,118.765,7.09866,68.4626,966.47,1.01621,0.198898,0.1406,0.198887,0.237949,0.3083,0.244412
0.867684,0.370201,0.0187651,10.1701,118.551,7.09735,68.5853,968.192,1.01808,0.199023,0.140725,0.199012,0.238074,0.308425,0.244537
0.869635,0.371095,0.0208684,10.1074,118.333,6.99085,68.3578,969.915,1,0.199148,0.14085,0.199137,0.238088,0.30855,0.244658
0.87091,0.372082,0.0145922,10.1065,118.12,6.98964,68.48,971.638,1.0007,0.199273,0.140975,0.199262,0.238213,0.308675,0.244783
0.872866,0.373075,0.0167027,10.1051,117.904,6.98848,68.6023,973.361,1.00149,0.199398,0.1411,0.199387,0.238338,0.3088,0.244908
0.87483,0.374067,0.0188126,10.1042,117.68,6.9872,68.7246,975.085,1.00237,0.199523,0.141225,0.199512,0.238463,0.308925,0.245033
0.87679,0.375062,0.0209308,10.1032,117.468,6.98608,68.8471,976.808,1.00333,0.199648,0.14135,0.199637,0.238588,0.30905,0.245158
0.877995,0.376058,0.0146219,10.102,117.26,6.98506,68.9696,978.532,1.00438,0.199773,0.141475,0.199762,0.238713,0.309175,0.245283
0.879962,0.377059,0.0167401,10.1003,117.037,6.98395,69.0922,980.256,1.00552,0.199898,0.1416,0.199887,0.238838,0.3093,0.245408
0.881935,0.37806,0.0188598,10.0992,116.819,6.98285,69.2149,981.98,1.00674,0.200023,0.141725,0.200012,0.238963,0.309425,0.245533
0.883907,0.379065,0.0209836,10.0978,116.605,6.98186,69.3377,983.705,1.00805,0.200148,0.14185,0.200137,0.239088,0.30955,0.245658
0.885207,0.380066,0.0146473,10.0967,116.404,6.98099,69.4606,985.43,1.00945,0.200273,0.141975,0.200262,0.239213,0.309675,0.245783
0.887184,0.381074,0.016775,10.0955,116.195,6.98009,69.5835,987.155,1.01094,0.200398,0.1421,0.200387,0.239338,0.3098,0.245908
0.889162,0.382084,0.0189077,10.0939,115.976,6.97912,69.7065,988.88,1.01251,0.200523,0.142225,0.200512,0.239463,0.309925,0.246033
0.891144,0.383095,0.0210431,10.093,115.763,6.9782,69.8296,990.605,1.01417,0.200648,0.14235,0.200637,0.239588,0.31005,0.246158
0.892386,0.384103,0.0146766,10.092,115.568,6.97747,69.9528,992.331,1.01592,0.200773,0.142475,0.200762,0.239713,0.310175,0.246283
0.894376,0.385117,0.0168149,10.0915,115.366,6.97665,70.0761,994.056,1.01776,0.200898,0.1426,0.200887,0.239838,0.3103,0.246408
0.896365,0.386063,0.0189542,10.0324,115.149,6.87411,69.8577,995.782,1,0.201023,0.142724,0.201012,0.239846,0.310424,0.246529
0.898357,0.387082,0.0210983,10.0316,114.945,6.87337,69.9804,997.509,1.00069,0.201148,0.142849,0.201137,0.239971,0.310549,0.246654
0.899717,0.388099,0.0147007,10.0307,114.744,6.87268,70.1032,999.235,1.00146,0.201273,0.142974,0.201262,0.240096,0.310674,0.246779
0.901712,0.389124,0.0168484,10.0295,114.546,6.87207,70.2262,1000.96,1.00233,0.201398,0.143099,0.201387,0.240221,0.310799,0.246904
0.903716,0.390145,0.0189985,10.0292,114.337,6.87131,70.3491,1002.69,1.00327,0.201523,0.143224,0.201512,0.240346,0.310924,0.247029
0.905717,0.39117,0.0211538,10.0288,114.14,6.87069,70.4722,1004.42,1.00431,0.201648,0.143349,0.201637,0.240471,0.311049,0.247154
0.907096,0.392192,0.0147282,10.0288,113.931,6.86994,70.5954,1006.14,1.00542,0.201773,0.143474,0.201762,0.240596,0.311174,0.247279
0.909101,0.393221,0.01689,10.0276,113.706,6.86919,70.7187,1007.87,1.00663,0.201898,0.143599,0.201887,0.240721,0.311299,0.247404
0.911111,0.39425,0.0190529,10.0272,113.49,6.86847,70.842,1009.6,1.00792,0.202023,0.143724,0.202012,0.240846,0.311424,0.247529
0.913124,0.395281,0.0212182,10.0272,113.299,6.86795,70.9654,1011.33,1.0093,0.202148,0.143849,0.202137,0.240971,0.311549,0.247654
0.914367,0.396312,0.0147592,10.0268,113.093,6.86736,71.0889,1013.05,1.01076,0.202273,0.143974,0.202262,0.241096,0.311674,0.247779
0.916386,0.397348,0.016926,10.0262,112.889,6.86683,71.2125,1014.78,1.0123,0.202398,0.144099,0.202387,0.241221,0.311799,0.247904
0.918405,0.398388,0.0190972,10.0256,112.691,6.86637,71.3362,1016.51,1.01394,0.202523,0.144224,0.202512,0.241346,0.311924,0.248029
0.920431,0.399424,0.0212718,10.0254,112.472,6.86573,71.46,1018.24,1.01566,0.202648,0.144349,0.202637,0.241471,0.312049,0.248154
0.921776,0.400464,0.0147841,10.0251,112.27,6.86526,71.5838,1019.97,1.01746,0.202773,0.144474,0.202762,0.241596,0.312174,0.248279
0.923798,0.401461,0.0169646,9.96946,112.072,6.76647,71.3744,1021.7,1,0.202898,0.144596,0.202887,0.241601,0.312299,0.2484
0.925825,0.402507,0.0191488,9.96887,111.864,6.76604,71.4977,1023.43,1.00068,0.203023,0.144721,0.203012,0.241726,0.312424,0.248525
0.927859,0.403552,0.0213342,9.96905,111.668,6.76565,71.6211,1025.16,1.00144,0.203148,0.144846,0.203137,0.241851,0.312549,0.24865
0.92914,0.404596,0.0148128,9.96942,111.464,6.76521,71.7447,1026.89,1.00229,0.203273,0.144971,0.203262,0.241976,0.312674,0.248775
0.931175,0.40565,0.0170012,9.96852,111.258,6.76488,71.8683,1028.61,1.00322,0.203398,0.145096,0.203387,0.242101,0.312799,0.2489
0.933217,0.406699,0.0191944,9.96874,111.047,6.76446,71.992,1030.34,1.00424,0.203523,0.145222,0.203512,0.242226,0.312924,0.249025
0.935261,0.407752,0.0213892,9.96826,110.822,6.76402,72.1157,1032.07,1.00534,0.203648,0.145347,0.203637,0.242351,0.313049,0.24915
0.936627,0.408804,0.0148385,9.96805,110.607,6.76366,72.2396,1033.8,1.00652,0.203773,0.145472,0.203762,0.242476,0.313174,0.249275
0.938671,0.409862,0.0170412,9.96783,110.402,6.76338,72.3635,1035.53,1.00779,0.203898,0.145597,0.203887,0.242601,0.313299,0.2494
0.940722,0.41092,0.0192436,9.96789,110.198,6.76311,72.4876,1037.26,1.00915,0.204023,0.145722,0.204012,0.242726,0.313424,0.249525
0.942772,0.411983,0.0214507,9.96798,110.013,6.76298,72.6117,1038.99,1.01059,0.204148,0.145847,0.204137,0.242851,0.313549,0.24965
0.944176,0.413043,0.014865,9.96795,109.801,6.76271,72.7359,1040.73,1.01211,0.204273,0.145972,0.204262,0.242976,0.313674,0.249775
0.946231,0.41411,0.0170768,9.96789,109.611,6.7626,72.8602,1042.46,1.01372,0.204398,0.146097,0.204387,0.243101,0.313799,0.2499
0.94829,0.415176,0.0192912,9.96816,109.417,6.76247,72.9845,1044.19,1.01541,0.204523,0.146222,0.204512,0.243226,0.313924,0.250025
0.950352,0.416244,0.0215085,9.96818,109.205,6.76227,73.109,1045.92,1.01719,0.204648,0.146347,0.204637,0.243351,0.314049,0.25015
0.951705,0.417282,0.0148926,9.91544,108.983,6.66664,72.9083,1047.65,1,0.204773,0.146467,0.204762,0.24335,0.314174,0.250272
0.953772,0.418353,0.0171156,9.91554,108.769,6.66648,73.0323,1049.38,1.00067,0.204898,0.146592,0.204887,0.243475,0.314299,0.250397
0.955841,0.419425,0.0193418,9.91594,108.559,6.66635,73.1563,1051.11,1.00142,0.205023,0.146717,0.205012,0.2436,0.314424,0.250522
0.95791,0.420502,0.0215705,9.91627,108.374,6.66638,73.2805,1052.84,1.00225,0.205148,0.146842,0.205137,0.243725,0.314549,0.250647
0.959275,0.421578,0.0149203,9.91626,108.159,6.66629,73.4047,1054.57,1.00317,0.205273,0.146967,0.205262,0.24385,0.314674,0.250772
0.961353,0.422657,0.0171513,9.9167,107.968,6.66632,73.529,1056.3,1.00417,0.205398,0.147092,0.205387,0.243975,0.314799,0.250897
0.96343,0.423739,0.0193875,9.91698,107.768,6.66634,73.6534,1058.04,1.00526,0.205523,0.147217,0.205512,0.2441,0.314924,0.251022
0.965511,0.424821,0.0216264,9.91752,107.571,6.66637,73.7779,1059.77,1.00643,0.205648,0.147342,0.205637,0.244225,0.315049,0.251147
0.966896,0.425904,0.0149473,9.918,107.362,6.66638,73.9025,1061.5,1.00768,0.205773,0.147467,0.205762,0.24435,0.315174,0.251272
0.968983,0.42699,0.0171907,9.91821,107.147,6.66641,74.0271,1063.23,1.00901,0.205898,0.147592,0.205887,0.244475,0.315299,0.251397
0.971075,0.428078,0.0194344,9.91891,106.947,6.66649,74.1519,1064.96,1.01043,0.206023,0.147717,0.206012,0.2446,0.315424,0.251522
0.973165,0.429166,0.0216861,9.91922,106.719,6.6665,74.2767,1066.7,1.01193,0.206148,0.147842,0.206137,0.244725,0.315549,0.251647
0.974519,0.430254,0.0149757,9.9195,106.501,6.66659,74.4016,1068.43,1.01352,0.206273,0.147967,0.206262,0.24485,0.315674,0.251772
0.976617,0.431348,0.0172278,9.92023,106.316,6.6668,74.5266,1070.16,1.01518,0.206398,0.148092,0.206387,0.244975,0.315799,0.251897
0.978715,0.432445,0.0194838,9.92043,106.103,6.66695,74.6517,1071.89,1.01694,0.206523,0.148217,0.206512,0.2451,0.315924,0.252022
0.980817,0.433525,0.0217424,9.87121,105.901,6.57443,74.4597,1073.62,1,0.206648,0.148334,0.206637,0.245095,0.316049,0.252144
0.982185,0.434624,0.0150021,9.87201,105.715,6.5747,74.5843,1075.36,1.00066,0.206773,0.148459,0.206762,0.24522,0.316174,0.252269
0.984292,0.435725,0.017266,9.87286,105.517,6.57494,74.709,1077.09,1.0014,0.206898,0.148584,0.206887,0.245345,0.316299,0.252394
0.986395,0.436829,0.0195381,9.87364,105.335,6.57526,74.8338,1078.82,1.00222,0.207023,0.148709,0.207012,0.24547,0.316424,0.252519
0.988506,0.437934,0.0218083,9.87455,105.149,6.57558,74.9587,1080.55,1.00313,0.207148,0.148834,0.207137,0.245595,0.316549,0.252644
0.989875,0.439044,0.0150294,9.8748,104.949,6.5759,75.0837,1082.29,1.00412,0.207273,0.148959,0.207262,0.24572,0.316674,0.252769
0.991992,0.440152,0.0173044,9.87565,104.744,6.57621,75.2088,1084.02,1.00519,0.207398,0.149084,0.207387,0.245845,0.316799,0.252894
0.994109,0.441262,0.019585,9.87679,104.554,6.57657,75.3339,1085.75,1.00634,0.207523,0.149209,0.207512,0.24597,0.316924,0.253018
0.99623,0.442373,0.0218678,9.8777,104.343,6.57691,75.4592,1087.48,1.00757,0.207648,0.149334,0.207637,0.246095,0.317049,0.253143
0.997502,0.443487,0.015059,9.87868,104.147,6.5773,75.5845,1089.22,1.00889,0.207773,0.149459,0.207762,0.24622,0.317174,0.253268
0.99963,0.444602,0.0173447,9.87962,103.94,6.57769,75.7099,1090.95,1.01029,0.207898,0.149584,0.207887,0.246345,0.317299,0.253393
1.00176,0.445722,0.0196348,9.88026,103.741,6.57813,75.8354,1092.68,1.01177,0.208023,0.149709,0.208012,0.24647,0.317424,0.253518
1.00388,0.446843,0.0219269,9.88114,103.547,6.5786,75.961,1094.42,1.01333,0.208148,0.149834,0.208137,0.246595,0.317549,0.253643
1.00514,0.447964,0.0150866,9.88201,103.335,6.57905,76.0867,1096.15,1.01497,0.208273,0.149959,0.208262,0.24672,0.317674,0.253768
1.00728,0.449085,0.0173829,9.88334,103.127,6.57953,76.2124,1097.88,1.0167,0.208398,0.150084,0.208387,0.246845,0.317798,0.253893
1.00941,0.450204,0.019682,9.83634,102.916,6.48978,76.029,1099.61,1,0.208523,0.150197,0.208512,0.246835,0.317923,0.254015
1.01155,0.451334,0.0219826,9.83702,102.716,6.49032,76.1543,1101.35,1.00065,0.208648,0.150322,0.208637,0.24696,0.318048,0.25414
1.0129,0.452465,0.0151114,9.838,102.533,6.4909,76.2797,1103.08,1.00138,0.208773,0.150447,0.208762,0.247085,0.318173,0.254265
1.01504,0.4536,0.0174173,9.83886,102.355,6.4915,76.4052,1104.81,1.00219,0.208898,0.150572,0.208887,0.24721,0.318298,0.25439
1.01719,0.454732,0.0197263,9.83999,102.151,6.49209,76.5308,1106.55,1.00309,0.209023,0.150697,0.209012,0.247335,0.318423,0.254515
1.01934,0.455867,0.0220409,9.84114,101.941,6.4927,76.6565,1108.28,1.00406,0.209148,0.150822,0.209137,0.24746,0.318548,0.25464
1.02071,0.457,0.0151387,9.84221,101.725,6.49332,76.7822,1110.01,1.00512,0.209273,0.150947,0.209262,0.247585,0.318673,0.254765
1.02287,0.458137,0.0174554,9.84395,101.533,6.49398,76.9081,1111.75,1.00625,0.209398,0.151072,0.209387,0.24771,0.318798,0.25489
1.02503,0.459276,0.0197767,9.84559,101.339,6.49466,77.034,1113.48,1.00747,0.209523,0.151197,0.209512,0.247835,0.318923,0.255015
1.02719,0.460419,0.0220975,9.84684,101.148,6.49537,77.16,1115.21,1.00877,0.209648,0.151322,0.209637,0.24796,0.319048,0.25514
1.0286,0.461564,0.015165,9.84816,100.952,6.49609,77.2861,1116.94,1.01015,0.209773,0.151447,0.209762,0.248085,0.319173,0.255265
1.03076,0.462712,0.0174937,9.84929,100.756,6.49683,77.4123,1118.68,1.01161,0.209898,0.151572,0.209887,0.24821,0.319298,0.25539
1.03293,0.46386,0.0198254,9.85056,100.548,6.4976,77.5386,1120.41,1.01316,0.210023,0.151697,0.210012,0.248335,0.319423,0.255515
1.0351,0.465013,0.0221568,9.85165,100.362,6.49838,77.6649,1122.14,1.01478,0.210148,0.151822,0.210137,0.24846,0.319548,0.25564
1.03651,0.466164,0.0151922,9.85343,100.183,6.49918,77.7914,1123.88,1.01649,0.210273,0.151947,0.210262,0.248585,0.319673,0.255765
1.03869,0.467317,0.0175295,9.80932,100.003,6.41198,77.6163,1125.61,1,0.210398,0.152056,0.210386,0.24857,0.319798,0.255888
1.04087,0.468473,0.0198743,9.81102,99.8184,6.41282,77.7423,1127.34,1.00064,0.210523,0.152181,0.210511,0.248695,0.319923,0.256013
1.04305,0.469634,0.0222167,9.81201,99.6201,6.41367,77.8685,1129.08,1.00136,0.210648,0.152306,0.210636,0.24882,0.320048,0.256138
1.04453,0.470797,0.0152172,9.81334,99.4382,6.41452,77.9947,1130.81,1.00217,0.210773,0.152431,0.210761,0.248945,0.320173,0.256263
1.04672,0.47196,0.0175676,9.8148,99.2526,6.41541,78.1209,1132.54,1.00305,0.210898,0.152556,0.210886,0.24907,0.320298,0.256388
1.0489,0.473124,0.0199223,9.81647,99.0562,6.41632,78.2473,1134.28,1.00401,0.211023,0.152681,0.211011,0.249195,0.320423,0.256513
1.05109,0.47429,0.0222803,9.81818,98.8767,6.41724,78.3738,1136.01,1.00506,0.211148,0.152806,0.211136,0.24932,0.320548,0.256638
1.05249,0.475456,0.0152466,9.81984,98.6668,6.41821,78.5003,1137.74,1.00618,0.211273,0.152931,0.211261,0.249445,0.320673,0.256763
1.05468,0.476624,0.0176069,9.82143,98.4521,6.41921,78.627,1139.48,1.00738,0.211398,0.153056,0.211387,0.24957,0.320798,0.256888
1.05689,0.477795,0.0199693,9.82332,98.268,6.42019,78.7537,1141.21,1.00867,0.211523,0.153181,0.211512,0.249695,0.320923,0.257013
1.05908,0.478969,0.0223399,9.82494,98.0675,6.42122,78.8805,1142.94,1.01003,0.211648,0.153306,0.211637,0.24982,0.321048,0.257138
1.06047,0.480143,0.0152738,9.8271,97.8898,6.42223,79.0074,1144.68,1.01148,0.211773,0.153431,0.211762,0.249945,0.321173,0.257263
1.06268,0.481318,0.0176441,9.82909,97.6909,6.4233,79.1344,1146.41,1.013,0.211898,0.153556,0.211887,0.25007,0.321298,0.257388
1.06489,0.482498,0.0200158,9.83088,97.5017,6.42436,79.2614,1148.14,1.01461,0.212023,0.153681,0.212012,0.250195,0.321423,0.257513
1.0671,0.483679,0.0223949,9.83261,97.3028,6.42547,79.3886,1149.87,1.01629,0.212148,0.153806,0.212137,0.25032,0.321548,0.257638
1.06855,0.484861,0.0152982,9.79029,97.0939,6.34063,79.2216,1151.61,1,0.212273,0.15391,0.212261,0.250301,0.321673,0.25776
1.07077,0.486045,0.0176798,9.7922,96.8957,6.34177,79.3484,1153.34,1.00063,0.212398,0.154035,0.212386,0.250426,0.321798,0.257885
1.07299,0.487234,0.0200681,9.79393,96.7056,6.3429,79.4752,1155.07,1.00135,0.212523,0.15416,0.212511,0.250551,0.321923,0.25801
1.07521,0.488423,0.022457,9.79569,96.5002,6.34409,79.6021,1156.81,1.00214,0.212648,0.154285,0.212636,0.250676,0.322048,0.258135
1.07658,0.489613,0.0153277,9.79774,96.3147,6.34526,79.7291,1158.54,1.00301,0.212773,0.15441,0.212761,0.250801,0.322173,0.25826
1.07881,0.490806,0.017723,9.79964,96.1129,6.34649,79.8563,1160.27,1.00397,0.212898,0.154535,0.212886,0.250926,0.322298,0.258385
1.08104,0.491999,0.0201195,9.80176,95.911,6.34775,79.9834,1162,1.005,0.213023,0.15466,0.213011,0.251051,0.322423,0.25851
1.08327,0.493197,0.0225182,9.80362,95.7139,6.349,80.1107,1163.73,1.00611,0.213148,0.154785,0.213136,0.251176,0.322548,0.258635
1.08474,0.494391,0.0153526,9.8058,95.5114,6.3503,80.2381,1165.47,1.0073,0.213273,0.15491,0.213261,0.251301,0.322673,0.25876
1.08698,0.49559,0.0177543,9.80785,95.2978,6.35166,80.3655,1167.2,1.00857,0.213398,0.155035,0.213386,0.251426,0.322798,0.258885
1.08922,0.49679,0.0201629,9.8101,95.0955,6.35301,80.493,1168.93,1.00992,0.213523,0.15516,0.213511,0.251551,0.322923,0.25901
1.09147,0.497994,0.0225733,9.81221,94.8905,6.35439,80.6207,1170.66,1.01135,0.213648,0.155285,0.213636,0.251676,0.323048,0.259135
1.09294,0.499199,0.0153797,9.81429,94.7121,6.35568,80.7484,1172.39,1.01286,0.213773,0.15541,0.213761,0.251801,0.323173,0.25926
1.09519,0.500407,0.0177975,9.81634,94.5104,6.35708,80.8762,1174.12,1.01444,0.213898,0.155535,0.213886,0.251926,0.323298,0.259385
1.09744,0.50162,0.0202159,9.81854,94.3371,6.35839,81.004,1175.86,1.01611,0.214023,0.15566,0.214011,0.252051,0.323423,0.25951
1.09969,0.502825,0.0226373,9.77848,94.1346,6.27571,80.8451,1177.59,1,0.214148,0.155757,0.214136,0.252026,0.323547,0.259633
1.10102,0.504037,0.015409,9.78093,93.9511,6.2771,80.9726,1179.32,1.00063,0.214273,0.155882,0.214261,0.252151,0.323672,0.259758
1.10328,0.505253,0.0178369,9.78319,93.7476,6.27858,81.1002,1181.05,1.00133,0.214398,0.156007,0.214386,0.252276,0.323797,0.259883
1.10554,0.506469,0.0202658,9.78566,93.5517,6.28007,81.2279,1182.78,1.00212,0.214523,0.156133,0.214511,0.252401,0.323922,0.260008
1.10781,0.507689,0.0226969,9.78808,93.3617,6.28154,81.3556,1184.51,1.00298,0.214648,0.156258,0.214636,0.252526,0.324047,0.260133
1.10916,0.508909,0.0154357,9.79041,93.1676,6.28305,81.4835,1186.24,1.00392,0.214773,0.156383,0.214761,0.252651,0.324172,0.260258
1.11143,0.510133,0.0178717,9.79302,92.9924,6.2845,81.6114,1187.97,1.00495,0.214898,0.156508,0.214886,0.252776,0.324297,0.260383
1.1137,0.511359,0.0203116,9.79546,92.809,6.28599,81.7394,1189.7,1.00605,0.215023,0.156633,0.215011,0.252901,0.324422,0.260508
1.11597,0.51259,0.0227548,9.79774,92.6256,6.28748,81.8675,1191.43,1.00722,0.215148,0.156758,0.215136,0.253026,0.324547,0.260633
1.11745,0.51382,0.0154599,9.80016,92.4384,6.28901,81.9957,1193.16,1.00848,0.215273,0.156883,0.215261,0.253151,0.324672,0.260758
1.11973,0.515053,0.0179083,9.80275,92.264,6.29052,82.124,1194.89,1.00982,0.215398,0.157008,0.215386,0.253276,0.324797,0.260883
1.12201,0.516286,0.0203605,9.80533,92.0721,6.29214,82.2524,1196.62,1.01123,0.215523,0.157133,0.215511,0.253401,0.324922,0.261008
1.12429,0.517525,0.0228163,9.80778,91.8946,6.29368,82.3808,1198.35,1.01272,0.215648,0.157258,0.215636,0.253526,0.325047,0.261133
1.12571,0.518761,0.0154884,9.81063,91.722,6.29525,82.5094,1200.08,1.0143,0.215773,0.157383,0.215761,0.253651,0.325172,0.261258
1.12799,0.520003,0.0179472,9.81316,91.5423,6.29683,82.638,1201.81,1.01595,0.215898,0.157508,0.215886,0.253776,0.325297,0.261383
1.13029,0.52123,0.0204053,9.77495,91.3459,6.21605,82.487,1203.54,1,0.216023,0.157599,0.216011,0.253746,0.325422,0.261506
1.13259,0.522471,0.0228698,9.77778,91.1507,6.21779,82.6152,1205.27,1.00062,0.216148,0.157724,0.216136,0.253871,0.325547,0.261631
1.13413,0.523718,0.0155121,9.78041,90.9644,6.21945,82.7436,1207,1.00132,0.216273,0.157849,0.216261,0.253996,0.325672,0.261755
1.13643,0.524967,0.0179794,9.78311,90.7846,6.2211,82.872,1208.73,1.0021,0.216398,0.157974,0.216386,0.254121,0.325797,0.26188
1.13873,0.526216,0.0204559,9.78592,90.5941,6.22285,83.0006,1210.46,1.00295,0.216523,0.158099,0.216511,0.254246,0.325922,0.262005
1.14104,0.527468,0.0229272,9.78866,90.3953,6.22466,83.1292,1212.19,1.00389,0.216648,0.158224,0.216636,0.254371,0.326047,0.26213
1.14269,0.528721,0.0155371,9.79155,90.2085,6.22643,83.2579,1213.92,1.0049,0.216773,0.158349,0.216761,0.254496,0.326172,0.262255
1.14501,0.529976,0.0180152,9.79421,89.9995,6.22832,83.3867,1215.64,1.00599,0.216898,0.158474,0.216886,0.254621,0.326297,0.26238
1.14732,0.531236,0.0204994,9.79686,89.8084,6.23012,83.5155,1217.37,1.00715,0.217023,0.158599,0.217011,0.254746,0.326422,0.262505
1.14964,0.532495,0.0229858,9.79984,89.6185,6.23198,83.6445,1219.1,1.0084,0.217148,0.158724,0.217136,0.254871,0.326547,0.26263
1.1513,0.533749,0.015564,9.80275,89.4071,6.234,83.7735,1220.83,1.00972,0.217273,0.158849,0.217261,0.254996,0.326672,0.262755
1.15362,0.535012,0.0180559,9.80576,89.2173,6.23589,83.9027,1222.56,1.01112,0.217398,0.158974,0.217386,0.255121,0.326797,0.26288
1.15595,0.536278,0.0205514,9.80881,89.0371,6.23774,84.0319,1224.28,1.0126,0.217523,0.159099,0.217511,0.255246,0.326922,0.263005
1.15827,0.537544,0.0230516,9.81181,88.8364,6.23975,84.1612,1226.01,1.01416,0.217648,0.159224,0.217636,0.255371,0.327047,0.26313
1.15986,0.538811,0.015592,9.81491,88.6579,6.24162,84.2906,1227.74,1.0158,0.217773,0.159349,0.217761,0.255496,0.327172,0.263255
1.16219,0.540055,0.0180954,9.77824,88.4635,6.16259,84.1471,1229.46,1,0.217898,0.159433,0.217886,0.255462,0.327297,0.263379
1.16452,0.541325,0.0206043,9.78155,88.2719,6.16462,84.2762,1231.19,1.00062,0.218023,0.159558,0.218011,0.255587,0.327422,0.263504
1.16686,0.5426,0.0231138,9.7848,88.0938,6.16654,84.4053,1232.92,1.00131,0.218148,0.159683,0.218136,0.255712,0.327547,0.263629
1.16834,0.543876,0.0156196,9.78799,87.9104,6.1685,84.5346,1234.64,1.00208,0.218273,0.159808,0.218261,0.255837,0.327672,0.263754
1.17068,0.545155,0.0181372,9.79123,87.7271,6.17049,84.6639,1236.37,1.00293,0.218398,0.159933,0.218386,0.255962,0.327797,0.263879
1.17302,0.546436,0.0206544,9.79443,87.5398,6.17251,84.7933,1238.1,1.00385,0.218523,0.160058,0.218511,0.256087,0.327922,0.264004
1.17537,0.547717,0.0231751,9.79769,87.3324,6.17473,84.9228,1239.82,1.00485,0.218648,0.160183,0.218636,0.256212,0.328047,0.264129
1.17685,0.549001,0.0156464,9.80085,87.1451,6.17678,85.0523,1241.55,1.00593,0.218773,0.160308,0.218761,0.256337,0.328172,0.264254
1.1792,0.550285,0.0181719,9.80434,86.9553,6.17893,85.182,1243.27,1.00709,0.218898,0.160433,0.218886,0.256462,0.328297,0.264379
1.18156,0.55157,0.0206986,9.80789,86.7582,6.18118,85.3118,1245,1.00833,0.219023,0.160558,0.219011,0.256587,0.328422,0.264504
1.18392,0.55286,0.0232359,9.81131,86.5741,6.18332,85.4416,1246.72,1.00964,0.219148,0.160683,0.219136,0.256712,0.328547,0.264629
1.1853,0.554154,0.0156748,9.81466,86.3948,6.18539,85.5716,1248.45,1.01103,0.219273,0.160808,0.219261,0.256837,0.328672,0.264754
1.18766,0.555449,0.0182106,9.81806,86.2123,6.18751,85.7016,1250.17,1.01249,0.219398,0.160933,0.219386,0.256962,0.328797,0.264879
1.19003,0.556746,0.0207503,9.82148,86.0199,6.18975,85.8317,1251.89,1.01404,0.219523,0.161058,0.219511,0.257087,0.328922,0.265004
1.1924,0.558046,0.0232931,9.8248,85.8131,6.19211,85.9619,1253.62,1.01566,0.219648,0.161183,0.219636,0.257212,0.329047,0.265128
1.19395,0.559296,0.0156972,9.7899,85.6304,6.11463,85.8262,1255.34,1,0.219773,0.161259,0.219761,0.257172,0.329172,0.265252
1.19632,0.560597,0.0182435,9.79333,85.4084,6.11717,85.956,1257.06,1.00061,0.219898,0.161384,0.219886,0.257297,0.329297,0.265377
1.1987,0.5619,0.0207935,9.79689,85.2108,6.11953,86.086,1258.79,1.0013,0.220023,0.161509,0.220011,0.257422,0.329422,0.265502
1.20108,0.563206,0.0233467,9.80044,85.0118,6.12191,86.216,1260.51,1.00206,0.220148,0.161634,0.220136,0.257547,0.329547,0.265627
1.20285,0.564501,0.015721,9.80401,84.8113,6.12433,86.3462,1262.23,1.0029,0.220273,0.161759,0.220261,0.257672,0.329672,0.265752
1.20523,0.565811,0.0182826,9.80762,84.6147,6.12675,86.4764,1263.95,1.00382,0.220398,0.161884,0.220386,0.257797,0.329796,0.265877
1.20762,0.567122,0.0208436,9.81147,84.4415,6.129,86.6067,1265.67,1.00482,0.220523,0.162009,0.220511,0.257922,0.329921,0.266002
1.21001,0.56844,0.0234073,9.81504,84.2615,6.13124,86.7371,1267.39,1.00589,0.220648,0.162134,0.220636,0.258047,0.330046,0.266127
1.21168,0.569751,0.0157493,9.81873,84.0759,6.1336,86.8676,1269.12,1.00704,0.220773,0.162259,0.220761,0.258172,0.330171,0.266252
1.21408,0.571068,0.0183188,9.82249,83.8728,6.13618,86.9982,1270.84,1.00826,0.220898,0.162384,0.220886,0.258297,0.330296,0.266377
1.21647,0.572387,0.0208963,9.8263,83.6754,6.13874,87.1289,1272.56,1.00956,0.221023,0.162509,0.221011,0.258422,0.330421,0.266502
1.21887,0.573712,0.0234706,9.83004,83.4991,6.14104,87.2596,1274.28,1.01094,0.221148,0.162634,0.221136,0.258547,0.330546,0.266627
1.22051,0.575026,0.0157765,9.83379,83.2956,6.14365,87.3905,1276,1.0124,0.221273,0.162759,0.221261,0.258672,0.330671,0.266752
1.22291,0.576353,0.0183583,9.83764,83.1116,6.1461,87.5214,1277.72,1.01393,0.221398,0.162884,0.221386,0.258797,0.330796,0.266877
1.22532,0.577681,0.0209439,9.84156,82.9175,6.1487,87.6524,1279.43,1.01554,0.221523,0.163009,0.221511,0.258922,0.330921,0.267002
1.22774,0.578936,0.0235291,9.80816,82.719,6.07286,87.5243,1281.15,1,0.221648,0.163077,0.221636,0.258878,0.331046,0.267126
1.22935,0.58026,0.0158027,9.81204,82.5338,6.07534,87.655,1282.87,1.00061,0.221773,0.163202,0.221761,0.259003,0.331171,0.267251
1.23176,0.581593,0.0183994,9.81603,82.3304,6.0781,87.7858,1284.59,1.00129,0.221898,0.163327,0.221886,0.259128,0.331296,0.267375
1.23419,0.582929,0.0209918,9.82009,82.1499,6.08062,87.9167,1286.31,1.00205,0.222023,0.163452,0.222011,0.259253,0.331421,0.2675
1.23661,0.58427,0.0235878,9.82409,81.9821,6.08295,88.0477,1288.02,1.00288,0.222148,0.163577,0.222136,0.259378,0.331546,0.267625
1.23829,0.58561,0.0158276,9.82815,81.8226,6.08523,88.1788,1289.74,1.00379,0.222273,0.163702,0.222261,0.259503,0.331671,0.26775
1.24071,0.586952,0.0184348,9.83224,81.6344,6.08789,88.3099,1291.46,1.00478,0.222398,0.163827,0.222386,0.259628,0.331796,0.267875
1.24315,0.588299,0.0210392,9.83631,81.46,6.09035,88.4412,1293.18,1.00585,0.222523,0.163952,0.222511,0.259753,0.331921,0.268
1.24558,0.589645,0.0236479,9.84049,81.2773,6.09299,88.5725,1294.89,1.00699,0.222648,0.164077,0.222636,0.259878,0.332046,0.268125
1.24727,0.590988,0.0158539,9.84465,81.073,6.0959,88.704,1296.61,1.0082,0.222773,0.164202,0.222761,0.260003,0.332171,0.26825
1.24971,0.592338,0.0184701,9.84895,80.8955,6.09856,88.8355,1298.32,1.0095,0.222898,0.164327,0.222886,0.260128,0.332296,0.268375
1.25215,0.59369,0.0210909,9.85316,80.7088,6.1013,88.9671,1300.04,1.01087,0.223023,0.164452,0.223011,0.260253,0.332421,0.2685
1.2546,0.595044,0.0237098,9.8575,80.5392,6.10388,89.0988,1301.75,1.01231,0.223148,0.164577,0.223136,0.260378,0.332546,0.268625
1.25631,0.596401,0.0158797,9.86174,80.3532,6.10662,89.2306,1303.47,1.01383,0.223273,0.164702,0.223261,0.260503,0.332671,0.26875
1.25876,0.597758,0.0185054,9.86608,80.1579,6.10956,89.3625,1305.18,1.01543,0.223398,0.164827,0.223386,0.260628,0.332796,0.268875
1.26121,0.599015,0.0211351,9.83409,80.0078,6.03445,89.2419,1306.9,1,0.223523,0.164885,0.223511,0.260578,0.332921,0.268999
1.26366,0.60038,0.0237707,9.83834,79.8236,6.03716,89.3736,1308.61,1.0006,0.223648,0.16501,0.223636,0.260703,0.333046,0.269124
1.26534,0.601745,0.0159061,9.8427,79.6431,6.03989,89.5052,1310.33,1.00128,0.223773,0.165135,0.223761,0.260828,0.333171,0.269249
1.2678,0.603113,0.0185421,9.84708,79.4735,6.04249,89.637,1312.04,1.00204,0.223898,0.16526,0.223886,0.260953,0.333296,0.269374
1.27027,0.604484,0.0211816,9.85149,79.3051,6.04508,89.7689,1313.75,1.00286,0.224023,0.165385,0.224011,0.261078,0.333421,0.269499
1.27274,0.605853,0.0238268,9.85596,79.1021,6.04822,89.9009,1315.47,1.00377,0.224148,0.16551,0.224136,0.261203,0.333546,0.269624
1.2746,0.607228,0.0159291,9.86039,78.9365,6.05078,90.033,1317.18,1.00475,0.224273,0.165635,0.224261,0.261328,0.333671,0.269749
1.27708,0.608603,0.0185803,9.86494,78.7627,6.05357,90.1651,1318.89,1.00581,0.224398,0.16576,0.224386,0.261453,0.333796,0.269874
1.27955,0.609982,0.0212336,9.86943,78.5888,6.0563,90.2974,1320.6,1.00694,0.224523,0.165885,0.224511,0.261578,0.333921,0.269999
1.28202,0.611362,0.0238903,9.87403,78.4235,6.059,90.4297,1322.31,1.00815,0.224648,0.16601,0.224636,0.261703,0.334046,0.270124
1.28378,0.61274,0.0159574,9.87869,78.2475,6.06192,90.5621,1324.02,1.00943,0.224773,0.166135,0.224761,0.261828,0.334171,0.270249
1.28626,0.614121,0.0186201,9.88331,78.0509,6.0651,90.6947,1325.74,1.0108,0.224898,0.16626,0.224886,0.261953,0.334296,0.270374
1.28874,0.61551,0.0212845,9.88789,77.8762,6.06789,90.8273,1327.45,1.01223,0.225023,0.166385,0.225011,0.262078,0.334421,0.270499
1.29124,0.616897,0.0239498,9.89258,77.701,6.07081,90.96,1329.16,1.01375,0.225148,0.16651,0.225136,0.262203,0.334546,0.270624
1.29305,0.618285,0.015982,9.89729,77.5221,6.07379,91.0928,1330.87,1.01534,0.225273,0.166635,0.225261,0.262328,0.334671,0.270749
1.29555,0.619533,0.0186516,9.86652,77.3453,6.00023,90.9794,1332.58,1,0.225398,0.166684,0.225386,0.262273,0.334796,0.270873
1.29805,0.620926,0.0213289,9.87126,77.1694,6.00318,91.1119,1334.29,1.0006,0.225523,0.166809,0.225511,0.262398,0.334921,0.270998
1.30055,0.622321,0.0240089,9.876,76.9808,6.00629,91.2446,1335.99,1.00127,0.225648,0.166934,0.225636,0.262523,0.335046,0.271123
1.30227,0.623719,0.0160093,9.88074,76.7947,6.00936,91.3773,1337.7,1.00202,0.225773,0.167059,0.225761,0.262648,0.335171,0.271248
1.30477,0.625119,0.0186964,9.88557,76.6342,6.01215,91.5101,1339.41,1.00285,0.225898,0.167184,0.225886,0.262773,0.335295,0.271373
1.30727,0.626523,0.0213832,9.89039,76.4648,6.01501,91.643,1341.12,1.00375,0.226023,0.167309,0.226011,0.262898,0.33542,0.271498
1.30978,0.627928,0.0240781,9.89523,76.2914,6.01796,91.776,1342.83,1.00472,0.226148,0.167434,0.226136,0.263023,0.335545,0.271623
1.31131,0.629334,0.0160385,9.90013,76.1221,6.02093,91.9091,1344.53,1.00577,0.226273,0.167559,0.226261,0.263148,0.33567,0.271748
1.31383,0.63074,0.0187353,9.90504,75.9321,6.02422,92.0423,1346.24,1.0069,0.226398,0.167684,0.226386,0.263273,0.335795,0.271873
1.31634,0.63215,0.0214375,9.90999,75.7662,6.02718,92.1756,1347.95,1.0081,0.226523,0.167809,0.226511,0.263398,0.33592,0.271998
1.31886,0.633562,0.0241394,9.91498,75.6024,6.03013,92.309,1349.65,1.00938,0.226648,0.167934,0.226636,0.263523,0.336045,0.272123
1.32043,0.634978,0.0160638,9.91994,75.4245,6.03321,92.4425,1351.36,1.01073,0.226773,0.168059,0.226761,0.263648,0.33617,0.272248
1.32296,0.636393,0.0187688,9.92497,75.2505,6.03637,92.576,1353.06,1.01216,0.226898,0.168184,0.226886,0.263773,0.336295,0.272373
1.32548,0.637813,0.0214839,9.93,75.0732,6.03952,92.7097,1354.77,1.01367,0.227023,0.168309,0.227011,0.263898,0.33642,0.272498
1.32801,0.639231,0.0241981,9.93508,74.8959,6.04281,92.8435,1356.47,1.01525,0.227148,0.168434,0.227136,0.264023,0.336545,0.272623
1.32972,0.640465,0.0160864,9.90541,74.6878,5.97076,92.737,1358.18,1,0.227273,0.168473,0.22726,0.263964,0.33667,0.272747
1.33225,0.64189,0.0188061,9.91052,74.5219,5.9738,92.8705,1359.88,1.0006,0.227398,0.168598,0.227385,0.264089,0.336795,0.272872
1.33479,0.643316,0.0215277,9.91565,74.3373,5.97712,93.0041,1361.59,1.00127,0.227523,0.168723,0.22751,0.264214,0.33692,0.272997
1.33734,0.644745,0.0242542,9.92079,74.148,5.98053,93.1378,1363.29,1.00201,0.227648,0.168848,0.227635,0.264339,0.337045,0.273122
1.33906,0.646174,0.016113,9.92597,73.9725,5.98373,93.2715,1364.99,1.00283,0.227773,0.168973,0.22776,0.264464,0.33717,0.273247
1.3416,0.647607,0.0188458,9.93117,73.7657,5.98744,93.4054,1366.69,1.00373,0.227898,0.169098,0.227885,0.264589,0.337295,0.273372
1.34415,0.649043,0.0215787,9.93641,73.5985,5.99055,93.5394,1368.4,1.0047,0.228023,0.169223,0.228011,0.264714,0.33742,0.273497
1.34671,0.650479,0.0243131,9.94168,73.4141,5.99401,93.6734,1370.1,1.00575,0.228148,0.169348,0.228136,0.264839,0.337545,0.273622
1.34851,0.65191,0.0161382,9.94697,73.2262,5.99744,93.8076,1371.8,1.00687,0.228273,0.169473,0.228261,0.264964,0.33767,0.273747
1.35107,0.653353,0.0188798,9.95229,73.0673,6.00046,93.9418,1373.5,1.00806,0.228398,0.169598,0.228386,0.265089,0.337795,0.273872
1.35363,0.654799,0.0216227,9.95764,72.9015,6.00357,94.0761,1375.2,1.00934,0.228523,0.169723,0.228511,0.265214,0.33792,0.273997
1.35619,0.656247,0.0243698,9.96303,72.7338,6.00674,94.2106,1376.9,1.01068,0.228648,0.169848,0.228636,0.265339,0.338045,0.274122
1.35809,0.657696,0.0161626,9.96843,72.5839,6.00965,94.3451,1378.6,1.0121,0.228773,0.169973,0.228761,0.265464,0.33817,0.274247
1.36066,0.659148,0.0189151,9.97386,72.429,6.01265,94.4797,1380.29,1.0136,0.228898,0.170098,0.228886,0.265589,0.338295,0.274372
1.36323,0.660602,0.0216711,9.97933,72.2594,6.0159,94.6144,1381.99,1.01518,0.229023,0.170223,0.229011,0.265714,0.33842,0.274497
1.3658,0.661823,0.0244326,9.95072,72.0831,5.94426,94.5147,1383.69,1,0.229148,0.170252,0.229135,0.265649,0.338545,0.274622
1.36766,0.663277,0.0161887,9.95621,71.9115,5.94761,94.6492,1385.39,1.00059,0.229273,0.170377,0.22926,0.265774,0.33867,0.274747
1.37024,0.664737,0.0189538,9.96175,71.7326,5.95103,94.7837,1387.09,1.00126,0.229398,0.170502,0.229385,0.265899,0.338795,0.274872
1.37283,0.666197,0.021723,9.9673,71.5622,5.95441,94.9183,1388.78,1.002,0.229523,0.170627,0.22951,0.266024,0.33892,0.274997
1.37541,0.66766,0.0244981,9.97288,71.3873,5.95786,95.053,1390.48,1.00282,0.229648,0.170752,0.229635,0.266149,0.339045,0.275122
1.37717,0.669121,0.0162164,9.97846,71.2238,5.96119,95.1879,1392.18,1.00371,0.229773,0.170877,0.22976,0.266274,0.33917,0.275247
1.37976,0.670589,0.018992,9.98408,71.0612,5.96446,95.3228,1393.87,1.00468,0.229898,0.171002,0.229885,0.266399,0.339295,0.275372
1.38235,0.672056,0.0217723,9.98971,70.8911,5.96794,95.4578,1395.57,1.00572,0.230023,0.171127,0.23001,0.266524,0.33942,0.275497
1.38495,0.673526,0.0245537,9.99539,70.7198,5.97142,95.5929,1397.26,1.00684,0.230148,0.171252,0.230135,0.266649,0.339545,0.275622
1.38682,0.675,0.0162402,10.0011,70.5589,5.97471,95.7281,1398.96,1.00803,0.230273,0.171377,0.23026,0.266774,0.33967,0.275747
1.38943,0.67647,0.0190314,10.0068,70.3657,5.97875,95.8634,1400.65,1.00929,0.230398,0.171502,0.230385,0.266899,0.339795,0.275872
1.39203,0.677948,0.0218233,10.0125,70.2063,5.98204,95.9988,1402.34,1.01063,0.230523,0.171627,0.23051,0.267024,0.33992,0.275997
1.39464,0.679428,0.024623,10.0183,70.0415,5.98548,96.1343,1404.04,1.01205,0.230648,0.171752,0.230635,0.267149,0.340045,0.276122
1.39637,0.680908,0.0162681,10.0241,69.8924,5.98869,96.2699,1405.73,1.01354,0.230773,0.171877,0.23076,0.267274,0.34017,0.276247
1.39898,0.682392,0.01907,10.0299,69.7163,5.99235,96.4056,1407.42,1.01511,0.230898,0.172002,0.230885,0.267399,0.340295,0.276372
1.4016,0.683587,0.021875,10.0022,69.5442,5.92157,96.3125,1409.11,1,0.231023,0.17202,0.23101,0.26733,0.34042,0.276496
1.40422,0.685077,0.0246803,10.0081,69.375,5.92505,96.448,1410.81,1.00059,0.231148,0.172145,0.231135,0.267455,0.340544,0.276621
1.40587,0.686566,0.0162944,10.014,69.2086,5.92856,96.5835,1412.5,1.00126,0.231273,0.17227,0.23126,0.26758,0.340669,0.276746
1.4085,0.688054,0.0191079,10.0199,69.0399,5.93223,96.7192,1414.19,1.002,0.231398,0.172395,0.231385,0.267705,0.340794,0.276871
1.41113,0.689547,0.0219228,10.0258,68.8593,5.93604,96.8549,1415.88,1.00281,0.231523,0.17252,0.23151,0.26783,0.340919,0.276996
1.41376,0.691044,0.0247417,10.0318,68.6974,5.93948,96.9908,1417.57,1.0037,0.231648,0.172645,0.231635,0.267955,0.341044,0.277121
1.41553,0.692543,0.0163185,10.0378,68.5417,5.94285,97.1267,1419.26,1.00466,0.231773,0.17277,0.23176,0.26808,0.341169,0.277246
1.41816,0.694045,0.0191455,10.0439,68.3807,5.9463,97.2628,1420.95,1.0057,0.231898,0.172895,0.231885,0.268205,0.341294,0.277371
1.4208,0.695546,0.0219731,10.0499,68.2221,5.94981,97.3989,1422.64,1.00681,0.232023,0.17302,0.23201,0.26833,0.341419,0.277496
1.42344,0.69705,0.0248083,10.0559,68.0451,5.95365,97.5352,1424.32,1.008,0.232148,0.173145,0.232135,0.268455,0.341544,0.277621
1.42512,0.698556,0.0163456,10.062,67.882,5.95726,97.6715,1426.01,1.00926,0.232273,0.17327,0.23226,0.26858,0.341669,0.277746
1.42777,0.700069,0.0191796,10.0682,67.716,5.9608,97.8079,1427.7,1.01059,0.232398,0.173395,0.232385,0.268705,0.341794,0.277871
1.43042,0.701577,0.0220214,10.0742,67.5687,5.96426,97.9445,1429.39,1.012,0.232523,0.17352,0.23251,0.26883,0.341919,0.277996
1.43307,0.703091,0.0248638,10.0804,67.4052,5.96787,98.0811,1431.07,1.01349,0.232648,0.173645,0.232635,0.268955,0.342044,0.278121
1.43484,0.704605,0.0163701,10.0866,67.2283,5.97182,98.2179,1432.76,1.01505,0.232773,0.17377,0.23276,0.26908,0.342169,0.278246
1.4375,0.705773,0.0192191,10.06,67.0351,5.90217,98.1311,1434.44,1,0.232898,0.173778,0.232885,0.269006,0.342294,0.278371
1.44016,0.707293,0.0220696,10.0662,66.8645,5.90593,98.2676,1436.13,1.00059,0.233023,0.173903,0.23301,0.269131,0.342419,0.278496
1.44282,0.708818,0.0249234,10.0726,66.7109,5.90929,98.4042,1437.81,1.00125,0.233148,0.174028,0.233135,0.269256,0.342544,0.278621
1.44476,0.710342,0.0163926,10.079,66.5498,5.9128,98.5409,1439.5,1.00199,0.233273,0.174153,0.23326,0.269381,0.342669,0.278746
1.44743,0.711866,0.0192562,10.0852,66.3938,5.91644,98.6777,1441.18,1.0028,0.233398,0.174278,0.233385,0.269506,0.342794,0.278871
1.45011,0.71339,0.0221198,10.0916,66.2036,5.92077,98.8145,1442.86,1.00368,0.233523,0.174403,0.23351,0.269631,0.342919,0.278996
1.45279,0.714916,0.0249836,10.0979,66.0237,5.92494,98.9515,1444.55,1.00464,0.233648,0.174528,0.233635,0.269756,0.343044,0.279121
1.45461,0.71644,0.0164206,10.1044,65.8316,5.92929,99.0886,1446.23,1.00568,0.233773,0.174653,0.23376,0.269881,0.343169,0.279246
1.45729,0.717973,0.0192929,10.1107,65.6706,5.93308,99.2258,1447.91,1.00679,0.233898,0.174778,0.233885,0.270006,0.343294,0.279371
1.45997,0.719509,0.0221709,10.1172,65.5078,5.93688,99.3631,1449.59,1.00797,0.234023,0.174903,0.23401,0.270131,0.343419,0.279496
1.46265,0.72105,0.02505,10.1237,65.36,5.94032,99.5004,1451.27,1.00923,0.234148,0.175028,0.234135,0.270256,0.343544,0.279621
1.46446,0.722585,0.0164463,10.1301,65.1815,5.94458,99.6379,1452.95,1.01056,0.234273,0.175153,0.23426,0.270381,0.343669,0.279746
1.46716,0.724124,0.0193298,10.1365,65.0094,5.94871,99.7755,1454.63,1.01197,0.234398,0.175278,0.234385,0.270506,0.343794,0.279871
1.46985,0.725668,0.0222189,10.1431,64.823,5.95309,99.9132,1456.31,1.01345,0.234523,0.175403,0.23451,0.270631,0.343919,0.279996
1.47255,0.727217,0.0251122,10.1497,64.679,5.95654,100.051,1457.99,1.015,0.234648,0.175528,0.234635,0.270756,0.344044,0.280121
1.47424,0.728347,0.0164722,10.1237,64.5073,5.88719,99.9705,1459.66,1,0.234773,0.175524,0.23476,0.270677,0.344169,0.280246
1.47694,0.7299,0.01937,10.1303,64.3761,5.89034,100.108,1461.34,1.00059,0.234898,0.175649,0.234885,0.270802,0.344294,0.280371
1.47965,0.731454,0.0222712,10.137,64.215,5.89416,100.246,1463.02,1.00125,0.235023,0.175774,0.23501,0.270927,0.344419,0.280496
1.48235,0.73301,0.0251749,10.1437,64.0534,5.89803,100.384,1464.69,1.00198,0.235148,0.175899,0.235135,0.271052,0.344544,0.280621
1.48415,0.734566,0.0164969,10.1504,63.8825,5.90212,100.521,1466.37,1.00279,0.235273,0.176024,0.23526,0.271177,0.344669,0.280746
1.48687,0.736122,0.0194037,10.1569,63.7221,5.90611,100.659,1468.04,1.00367,0.235398,0.176149,0.235385,0.271302,0.344794,0.28087
1.48959,0.737681,0.0223136,10.1635,63.5713,5.90992,100.797,1469.72,1.00463,0.235523,0.176274,0.23551,0.271427,0.344919,0.280995
1.49231,0.739248,0.0252306,10.1703,63.417,5.91364,100.936,1471.39,1.00566,0.235648,0.176399,0.235635,0.271552,0.345044,0.28112
1.49421,0.740813,0.0165212,10.1771,63.2522,5.91769,101.074,1473.07,1.00677,0.235773,0.176524,0.23576,0.271677,0.345169,0.281245
1.49694,0.742379,0.0194426,10.1839,63.0883,5.92179,101.212,1474.74,1.00795,0.235898,0.176649,0.235885,0.271802,0.345294,0.28137
1.49967,0.743951,0.0223618,10.1908,62.9266,5.92574,101.351,1476.41,1.0092,0.236023,0.176774,0.23601,0.271927,0.345419,0.281495
1.5024,0.74553,0.0252874,10.1978,62.7829,5.9292,101.489,1478.09,1.01053,0.236148,0.176899,0.236135,0.272052,0.345544,0.28162
1.50444,0.747102,0.016545,10.2046,62.6212,5.93332,101.628,1479.76,1.01193,0.236273,0.177024,0.23626,0.272177,0.345669,0.281745
1.50717,0.74868,0.019479,10.2116,62.46,5.93734,101.767,1481.43,1.01341,0.236398,0.177149,0.236385,0.272302,0.345794,0.28187
1.50991,0.750261,0.0224121,10.2186,62.2935,5.94145,101.906,1483.1,1.01496,0.236523,0.177274,0.23651,0.272427,0.345919,0.281995
1.51266,0.75135,0.0253504,10.1933,62.1212,5.87282,101.831,1484.77,1,0.236648,0.177258,0.236635,0.272343,0.346043,0.28212
1.51465,0.752931,0.0165707,10.2002,61.9681,5.87674,101.97,1486.44,1.00059,0.236773,0.177383,0.23676,0.272468,0.346168,0.282245
1.5174,0.754517,0.019514,10.207,61.8349,5.88019,102.109,1488.11,1.00124,0.236898,0.177508,0.236885,0.272593,0.346293,0.28237
1.52016,0.756101,0.0224602,10.214,61.6681,5.88448,102.248,1489.78,1.00198,0.237023,0.177633,0.23701,0.272718,0.346418,0.282495
1.52291,0.757686,0.0254131,10.2209,61.4971,5.88893,102.387,1491.45,1.00278,0.237148,0.177758,0.237135,0.272843,0.346543,0.28262
1.52495,0.75927,0.0165957,10.2279,61.3001,5.89403,102.526,1493.11,1.00367,0.237273,0.177883,0.23726,0.272968,0.346668,0.282745
1.52772,0.760858,0.0195508,10.2345,61.1556,5.89803,102.665,1494.78,1.00462,0.237398,0.178008,0.237385,0.273093,0.346793,0.28287
1.53049,0.762451,0.0225088,10.2416,60.9885,5.90241,102.804,1496.45,1.00565,0.237523,0.178133,0.23751,0.273218,0.346918,0.282995
1.53325,0.764049,0.0254737,10.2486,60.8369,5.9064,102.944,1498.11,1.00675,0.237648,0.178258,0.237635,0.273343,0.347043,0.28312
1.53525,0.76565,0.0166216,10.2558,60.7014,5.90995,103.083,1499.78,1.00793,0.237773,0.178383,0.23776,0.273468,0.347168,0.283245
1.53802,0.767253,0.0195912,10.263,60.5434,5.91407,103.223,1501.45,1.00918,0.237898,0.178508,0.237885,0.273593,0.347293,0.28337
1.5408,0.768855,0.022559,10.2701,60.3782,5.91849,103.363,1503.11,1.01051,0.238023,0.178633,0.23801,0.273718,0.347418,0.283495
1.54357,0.770465,0.0255371,10.2775,60.2273,5.92238,103.502,1504.77,1.01191,0.238148,0.178758,0.238135,0.273843,0.347543,0.28362
1.54559,0.772073,0.0166465,10.2846,60.0733,5.92654,103.642,1506.44,1.01338,0.238273,0.178883,0.23826,0.273968,0.347668,0.283745
1.54837,0.773683,0.0196249,10.2918,59.9166,5.93077,103.782,1508.1,1.01493,0.238398,0.179008,0.238385,0.274093,0.347793,0.28387
1.55116,0.774728,0.0226099,10.2672,59.761,5.86221,103.714,1509.76,1,0.238523,0.178981,0.23851,0.274005,0.347918,0.283995
1.55395,0.776338,0.0255987,10.2743,59.5899,5.86687,103.854,1511.42,1.00058,0.238648,0.179106,0.238635,0.27413,0.348043,0.28412
1.55586,0.777955,0.0166726,10.2817,59.4367,5.87094,103.994,1513.09,1.00124,0.238773,0.179231,0.23876,0.274255,0.348168,0.284245
1.55865,0.779574,0.0196671,10.2889,59.2903,5.87492,104.134,1514.75,1.00197,0.238898,0.179356,0.238885,0.27438,0.348293,0.28437
1.56145,0.781197,0.022661,10.2964,59.1375,5.87899,104.274,1516.41,1.00278,0.239023,0.179481,0.23901,0.274505,0.348418,0.284495
1.56425,0.782818,0.025665,10.3038,58.9628,5.88374,104.414,1518.07,1.00366,0.239148,0.179606,0.239135,0.27463,0.348543,0.28462
1.56603,0.784442,0.0166996,10.3111,58.8146,5.88785,104.555,1519.73,1.00461,0.239273,0.179731,0.23926,0.274755,0.348668,0.284745
1.56884,0.78607,0.0197062,10.3186,58.6488,5.89231,104.695,1521.38,1.00564,0.239398,0.179856,0.239385,0.27488,0.348793,0.28487
1.57165,0.7877,0.0227139,10.326,58.5002,5.89642,104.836,1523.04,1.00674,0.239523,0.179981,0.23951,0.275005,0.348918,0.284995
1.57446,0.789332,0.0257265,10.3334,58.3559,5.90047,104.977,1524.7,1.00791,0.239648,0.180106,0.239635,0.27513,0.349043,0.28512
1.57627,0.790965,0.0167244,10.341,58.1836,5.9052,105.117,1526.36,1.00916,0.239773,0.180231,0.23976,0.275255,0.349168,0.285245
1.57908,0.792602,0.0197411,10.3487,58.0134,5.90986,105.258,1528.01,1.01049,0.239898,0.180356,0.239885,0.27538,0.349293,0.28537
1.5819,0.794242,0.0227609,10.3561,57.8842,5.91355,105.399,1529.67,1.01188,0.240023,0.180481,0.24001,0.275505,0.349418,0.285495
1.58473,0.79588,0.0257878,10.3635,57.7166,5.91833,105.54,1531.32,1.01336,0.240148,0.180606,0.240135,0.27563,0.349543,0.28562
1.58665,0.797523,0.0167481,10.3712,57.5651,5.92259,105.682,1532.98,1.0149,0.240273,0.180731,0.24026,0.275755,0.349668,0.285745
1.58948,0.798518,0.0197773,10.3471,57.4207,5.85413,105.619,1534.63,1,0.240398,0.180692,0.240385,0.275662,0.349793,0.28587
1.59231,0.800166,0.0228122,10.3549,57.2637,5.85847,105.76,1536.29,1.00058,0.240523,0.180817,0.24051,0.275787,0.349918,0.285995
1.59513,0.801819,0.0258575,10.3629,57.1131,5.86256,105.901,1537.94,1.00124,0.240648,0.180942,0.240635,0.275912,0.350043,0.28612
1.59675,0.803467,0.0167769,10.3705,56.9492,5.86721,106.043,1539.59,1.00197,0.240773,0.181067,0.24076,0.276037,0.350168,0.286245
1.59959,0.80512,0.0198202,10.3782,56.7934,5.87165,106.184,1541.24,1.00278,0.240898,0.181192,0.240885,0.276162,0.350293,0.28637
1.60243,0.806773,0.022869,10.3859,56.6279,5.87639,106.325,1542.89,1.00365,0.241023,0.181317,0.24101,0.276287,0.350418,0.286495
1.60527,0.808435,0.0259192,10.3939,56.4838,5.88041,106.467,1544.54,1.0046,0.241148,0.181442,0.241135,0.276412,0.350543,0.28662
1.60683,0.810092,0.016803,10.4011,56.3617,5.88417,106.609,1546.19,1.00563,0.241273,0.181567,0.24126,0.276537,0.350668,0.286745
1.60968,0.811753,0.0198604,10.4091,56.1907,5.88906,106.751,1547.84,1.00673,0.241398,0.181692,0.241385,0.276662,0.350793,0.28687
1.61254,0.813413,0.0229188,10.4166,56.0312,5.89381,106.892,1549.49,1.0079,0.241523,0.181817,0.24151,0.276787,0.350918,0.286995
1.6154,0.815077,0.0259784,10.4241,55.889,5.89811,107.034,1551.14,1.00915,0.241648,0.181942,0.241635,0.276912,0.351043,0.28712
1.61707,0.816745,0.0168268,10.432,55.7294,5.90277,107.177,1552.79,1.01047,0.241773,0.182067,0.24176,0.277037,0.351168,0.287245
1.61993,0.818417,0.0198959,10.44,55.5661,5.90751,107.319,1554.44,1.01187,0.241898,0.182192,0.241885,0.277162,0.351292,0.28737
1.6228,0.820089,0.022967,10.4479,55.4044,5.91228,107.461,1556.08,1.01334,0.242023,0.182317,0.24201,0.277287,0.351417,0.287495
1.62567,0.821762,0.026041,10.4558,55.2431,5.9171,107.604,1557.73,1.01488,0.242148,0.182442,0.242135,0.277412,0.351542,0.28762
1.62744,0.82269,0.0168493,10.4317,55.0895,5.84955,107.547,1559.37,1,0.242273,0.18239,0.24226,0.277315,0.351667,0.287745
1.63031,0.824371,0.0199281,10.4399,54.9311,5.8541,107.689,1561.02,1.00058,0.242398,0.182516,0.242385,0.27744,0.351792,0.28787
1.63319,0.826051,0.0230077,10.4481,54.7575,5.85916,107.831,1562.66,1.00124,0.242523,0.182641,0.24251,0.277565,0.351917,0.287995
1.63607,0.827731,0.0260954,10.4562,54.5794,5.86442,107.974,1564.3,1.00197,0.242648,0.182766,0.242635,0.27769,0.352042,0.28812
1.63787,0.82941,0.0168756,10.4639,54.4403,5.86874,108.117,1565.95,1.00277,0.242773,0.182891,0.24276,0.277815,0.352167,0.288245
1.64076,0.831092,0.0199665,10.4716,54.2815,5.87366,108.259,1567.59,1.00365,0.242898,0.183016,0.242885,0.27794,0.352292,0.28837
1.64365,0.83278,0.0230653,10.4794,54.1398,5.87808,108.402,1569.23,1.0046,0.243023,0.183141,0.24301,0.278065,0.352417,0.288495
1.64654,0.834473,0.0261625,10.4876,53.9844,5.88271,108.545,1570.87,1.00563,0.243148,0.183266,0.243135,0.27819,0.352542,0.28862
1.64845,0.836164,0.0168995,10.4956,53.8274,5.88751,108.688,1572.51,1.00672,0.243273,0.183391,0.24326,0.278315,0.352667,0.288745
1.65135,0.837856,0.020004,10.5032,53.6834,5.89215,108.831,1574.15,1.0079,0.243398,0.183516,0.243385,0.27844,0.352792,0.28887
1.65425,0.839552,0.0231143,10.5113,53.5114,5.89745,108.975,1575.79,1.00914,0.243523,0.183641,0.24351,0.278565,0.352917,0.288995
1.65715,0.841253,0.0262291,10.5194,53.3666,5.90195,109.118,1577.43,1.01046,0.243648,0.183766,0.243635,0.27869,0.353042,0.28912
1.65885,0.842956,0.0169276,10.5277,53.2123,5.90669,109.262,1579.06,1.01186,0.243773,0.183891,0.24376,0.278815,0.353167,0.289245
1.66176,0.844657,0.0200416,10.5357,53.0414,5.91205,109.405,1580.7,1.01333,0.243898,0.184016,0.243885,0.27894,0.353292,0.28937
1.66467,0.846365,0.0231633,10.5439,52.8908,5.91677,109.549,1582.34,1.01487,0.244023,0.184141,0.24401,0.279065,0.353417,0.289495
1.66759,0.847233,0.0262842,10.5212,52.7165,5.84971,109.498,1583.97,1,0.244148,0.184076,0.244135,0.278963,0.353542,0.28962
1.66957,0.848939,0.0169485,10.5292,52.5737,5.85427,109.642,1585.6,1.00058,0.244273,0.184201,0.24426,0.279088,0.353667,0.289745
1.67249,0.850653,0.0200793,10.5378,52.4085,5.85929,109.785,1587.24,1.00124,0.244398,0.184326,0.244385,0.279213,0.353792,0.28987
1.67541,0.852363,0.0232132,10.5459,52.2291,5.865,109.929,1588.87,1.00197,0.244523,0.184451,0.24451,0.279338,0.353917,0.289995
1.67834,0.854082,0.0263491,10.5545,52.069,5.86989,110.073,1590.5,1.00277,0.244648,0.184576,0.244635,0.279463,0.354042,0.29012
1.68029,0.855795,0.0169743,10.5627,51.9377,5.87408,110.217,1592.14,1.00365,0.244773,0.184701,0.24476,0.279588,0.354167,0.290245
1.68322,0.85752,0.0201206,10.5715,51.779,5.87895,110.361,1593.77,1.0046,0.244898,0.184826,0.244885,0.279713,0.354292,0.29037
1.68615,0.859246,0.0232655,10.58,51.6385,5.88338,110.505,1595.4,1.00562,0.245023,0.184951,0.24501,0.279838,0.354417,0.290495
1.68909,0.860975,0.0264122,10.5887,51.4873,5.88807,110.65,1597.03,1.00672,0.245148,0.185076,0.245135,0.279963,0.354542,0.29062
1.69095,0.862695,0.0170005,10.5972,51.3321,5.89301,110.794,1598.66,1.0079,0.245273,0.185201,0.24526,0.280088,0.354667,0.290745
1.69389,0.864429,0.0201532,10.6058,51.196,5.89733,110.939,1600.28,1.00914,0.245398,0.185326,0.245385,0.280213,0.354792,0.29087
1.69685,0.866155,0.0233112,10.6139,51.0025,5.9037,111.084,1601.91,1.01046,0.245523,0.185451,0.24551,0.280338,0.354917,0.290995
1.6998,0.86789,0.0264754,10.6228,50.8312,5.90913,111.228,1603.54,1.01186,0.245648,0.185576,0.245635,0.280463,0.355042,0.29112
1.7017,0.869616,0.0170251,10.6315,50.6863,5.91374,111.373,1605.17,1.01333,0.245773,0.185701,0.24576,0.280588,0.355167,0.291245
1.70466,0.871357,0.0201909,10.6401,50.5374,5.9186,111.518,1606.79,1.01487,0.245898,0.185826,0.245885,0.280713,0.355292,0.29137
1.70762,0.872152,0.0233632,10.6179,50.3821,5.85114,111.473,1608.41,1,0.246023,0.185748,0.24601,0.280607,0.355416,0.291494
1.71058,0.873895,0.0265367,10.6266,50.2269,5.85614,111.618,1610.04,1.00058,0.246148,0.185873,0.246135,0.280732,0.355541,0.291619
1.71254,0.875622,0.0170489,10.6352,50.0655,5.86143,111.763,1611.66,1.00124,0.246273,0.185998,0.24626,0.280857,0.355666,0.291744
1.7155,0.877375,0.0202265,10.6441,49.9393,5.86545,111.908,1613.28,1.00197,0.246398,0.186123,0.246385,0.280982,0.355791,0.291869
1.71848,0.879127,0.0234079,10.6528,49.8038,5.86985,112.053,1614.91,1.00277,0.246523,0.186248,0.24651,0.281107,0.355916,0.291994
1.72145,0.88088,0.026595,10.6618,49.6441,5.875,112.198,1616.53,1.00365,0.246648,0.186373,0.246635,0.281232,0.356041,0.292119
1.72352,0.882621,0.0170728,10.6704,49.4718,5.88074,112.344,1618.15,1.0046,0.246773,0.186498,0.24676,0.281357,0.356166,0.292244
1.7265,0.884378,0.020265,10.6792,49.3218,5.88567,112.489,1619.77,1.00563,0.246898,0.186623,0.246885,0.281482,0.356291,0.292369
1.72948,0.886137,0.0234589,10.6879,49.1814,5.8904,112.635,1621.39,1.00672,0.247023,0.186748,0.24701,0.281607,0.356416,0.292494
1.73247,0.887898,0.0266557,10.6965,49.0452,5.89502,112.781,1623,1.0079,0.247148,0.186873,0.247135,0.281732,0.356541,0.292619
1.73469,0.889659,0.0170958,10.7052,48.8984,5.89994,112.927,1624.62,1.00914,0.247273,0.186998,0.24726,0.281857,0.356666,0.292744
1.73768,0.891424,0.0203016,10.7141,48.7372,5.90538,113.073,1626.24,1.01047,0.247398,0.187123,0.247385,0.281982,0.356791,0.292869
1.74068,0.893187,0.0235078,10.7226,48.563,5.91137,113.219,1627.86,1.01186,0.247523,0.187248,0.24751,0.282107,0.356916,0.292994
1.74368,0.894959,0.0267193,10.7316,48.4156,5.91634,113.365,1629.47,1.01333,0.247648,0.187373,0.247635,0.282232,0.357041,0.293119
1.74573,0.896723,0.0171228,10.7404,48.2623,5.92159,113.511,1631.09,1.01488,0.247773,0.187498,0.24776,0.282357,0.357166,0.293244
1.74873,0.897434,0.0203381,10.7183,48.099,5.8547,113.471,1632.7,1,0.247898,0.187407,0.247885,0.282246,0.357291,0.293369
1.75174,0.899208,0.0235593,10.727,47.9552,5.85965,113.617,1634.31,1.00058,0.248023,0.187532,0.24801,0.282371,0.357416,0.293494
1.75475,0.900984,0.0267877,10.7359,47.794,5.86516,113.764,1635.92,1.00124,0.248148,0.187657,0.248135,0.282496,0.357541,0.293619
1.75669,0.902753,0.0171483,10.7451,47.6418,5.87027,113.91,1637.54,1.00197,0.248273,0.187782,0.24826,0.282621,0.357666,0.293744
1.7597,0.904536,0.0203773,10.754,47.499,5.87517,114.057,1639.15,1.00277,0.248398,0.187907,0.248385,0.282746,0.357791,0.293869
1.76272,0.90632,0.0236116,10.7628,47.3649,5.87987,114.204,1640.76,1.00365,0.248523,0.188032,0.24851,0.282871,0.357916,0.293994
1.76574,0.908108,0.0268484,10.7717,47.2308,5.88453,114.35,1642.37,1.0046,0.248648,0.188157,0.248635,0.282996,0.358041,0.294119
1.76774,0.909893,0.0171722,10.7806,47.0738,5.89001,114.497,1643.98,1.00563,0.248773,0.188282,0.24876,0.283121,0.358166,0.294244
1.77077,0.911688,0.0204152,10.7901,46.9353,5.89466,114.644,1645.58,1.00673,0.248898,0.188407,0.248885,0.283246,0.358291,0.294369
1.7738,0.913483,0.023663,10.7994,46.7854,5.89983,114.792,1647.19,1.0079,0.249023,0.188532,0.24901,0.283371,0.358416,0.294494
1.77683,0.91528,0.0269135,10.8085,46.6429,5.90481,114.939,1648.8,1.00915,0.249148,0.188657,0.249135,0.283496,0.358541,0.294619
1.77888,0.917071,0.0171964,10.8182,46.4742,5.91052,115.086,1650.4,1.01047,0.249273,0.188782,0.24926,0.283621,0.358666,0.294744
1.78192,0.918871,0.0204537,10.8273,46.3197,5.91599,115.234,1652.01,1.01187,0.249398,0.188907,0.249385,0.283746,0.358791,0.294869
1.78496,0.920677,0.0237144,10.8372,46.1597,5.92142,115.381,1653.61,1.01334,0.249523,0.189032,0.24951,0.283871,0.358916,0.294994
1.788,0.922482,0.026983,10.8467,45.994,5.92719,115.529,1655.22,1.01489,0.249648,0.189157,0.249635,0.283996,0.359041,0.295119
1.78978,0.923076,0.0172234,10.8248,45.8267,5.86058,115.494,1656.82,1,0.249773,0.189052,0.24976,0.283881,0.359165,0.295243
1.79283,0.924885,0.0204935,10.834,45.6892,5.86545,115.642,1658.42,1.00058,0.249898,0.189177,0.249885,0.284006,0.35929,0.295368
1.79588,0.926696,0.0237654,10.8433,45.554,5.87022,115.789,1660.02,1.00124,0.250023,0.189302,0.25001,0.284131,0.359415,0.295493
1.79893,0.92851,0.027049,10.8527,45.4076,5.87539,115.937,1661.62,1.00197,0.250148,0.189427,0.250135,0.284256,0.35954,0.295618
1.80063,0.930306,0.0172495,10.8619,45.2437,5.8813,116.085,1663.22,1.00278,0.250273,0.189552,0.25026,0.284381,0.359665,0.295743
1.80369,0.932122,0.0205336,10.8708,45.1102,5.88621,116.233,1664.82,1.00365,0.250398,0.189677,0.250385,0.284506,0.35979,0.295868
1.80676,0.93394,0.0238139,10.8798,44.967,5.89146,116.382,1666.42,1.00461,0.250523,0.189802,0.25051,0.284631,0.359915,0.295993
1.80983,0.935761,0.0271017,10.8886,44.8429,5.89614,116.53,1668.02,1.00563,0.250648,0.189927,0.250635,0.284756,0.36004,0.296118
1.81181,0.937584,0.0172707,10.8977,44.7078,5.90113,116.678,1669.61,1.00673,0.250773,0.190052,0.25076,0.284881,0.360165,0.296243
1.81488,0.939411,0.0205697,10.9071,44.5581,5.90655,116.827,1671.21,1.00791,0.250898,0.190177,0.250885,0.285006,0.36029,0.296368
1.81796,0.94124,0.0238679,10.9163,44.421,5.91161,116.976,1672.8,1.00916,0.251023,0.190302,0.25101,0.285131,0.360415,0.296493
1.82104,0.943073,0.0271713,10.9257,44.2969,5.91615,117.124,1674.4,1.01048,0.251148,0.190427,0.251135,0.285256,0.36054,0.296618
1.82282,0.944907,0.0172979,10.9355,44.1409,5.92176,117.273,1675.99,1.01188,0.251273,0.190552,0.25126,0.285381,0.360665,0.296743
1.8259,0.946745,0.0206058,10.945,44.0109,5.92655,117.422,1677.59,1.01335,0.251398,0.190677,0.251385,0.285506,0.36079,0.296868
1.829,0.948583,0.0239145,10.9541,43.883,5.9314,117.572,1679.18,1.0149,0.251523,0.190802,0.25151,0.285631,0.360915,0.296993
1.83209,0.949113,0.0272242,10.9324,43.7456,5.86382,117.542,1680.77,1,0.251648,0.190683,0.251634,0.285512,0.36104,0.297117
1.83427,0.950956,0.0173174,10.9422,43.6104,5.86868,117.691,1682.36,1.00058,0.251773,0.190808,0.251759,0.285637,0.361165,0.297242
1.83737,0.952797,0.0206377,10.9516,43.4537,5.87451,117.84,1683.95,1.00124,0.251898,0.190933,0.251884,0.285762,0.36129,0.297367
1.84048,0.95464,0.0239597,10.9608,43.3018,5.88023,117.989,1685.54,1.00197,0.252023,0.191058,0.252009,0.285887,0.361415,0.297492
1.84358,0.956487,0.027288,10.97,43.1709,5.88522,118.139,1687.13,1.00278,0.252148,0.191183,0.252134,0.286012,0.36154,0.297617
1.84555,0.958336,0.0173452,10.9797,43.0196,5.8908,118.288,1688.72,1.00366,0.252273,0.191308,0.252259,0.286137,0.361665,0.297742
1.84865,0.960189,0.0206823,10.9896,42.8635,5.89655,118.438,1690.31,1.00461,0.252398,0.191433,0.252384,0.286262,0.36179,0.297867
1.85176,0.962044,0.0240209,10.9994,42.7161,5.90201,118.588,1691.89,1.00564,0.252523,0.191558,0.252509,0.286387,0.361915,0.297992
1.85488,0.963901,0.0273632,11.009,42.5766,5.90729,118.738,1693.48,1.00674,0.252648,0.191683,0.252634,0.286512,0.36204,0.298117
1.85662,0.965754,0.017372,11.0185,42.4258,5.91304,118.888,1695.06,1.00791,0.252773,0.191808,0.252759,0.286637,0.362165,0.298242
1.85974,0.967617,0.0207217,11.0287,42.2715,5.91873,119.038,1696.65,1.00916,0.252898,0.191933,0.252884,0.286762,0.36229,0.298367
1.86286,0.969485,0.0240701,11.0388,42.1394,5.92361,119.188,1698.23,1.01049,0.253023,0.192058,0.253009,0.286887,0.362415,0.298492
1.86599,0.971348,0.0274277,11.0482,41.9784,5.92988,119.339,1699.81,1.01189,0.253148,0.192183,0.253134,0.287012,0.36254,0.298617
1.86778,0.973209,0.0173959,11.0585,41.8456,5.93478,119.489,1701.4,1.01336,0.253273,0.192308,0.253259,0.287137,0.362665,0.298742
1.87092,0.975082,0.0207568,11.0683,41.7091,5.93999,119.64,1702.98,1.01491,0.253398,0.192433,0.253384,0.287262,0.36279,0.298867
1.87405,0.975514,0.0241191,11.0471,41.5584,5.87288,119.615,1704.55,1,0.253523,0.192301,0.253509,0.287139,0.362915,0.298991
1.87719,0.977388,0.0274877,11.0573,41.4057,5.87856,119.766,1706.13,1.00058,0.253648,0.192426,0.253634,0.287264,0.36304,0.299116
1.87905,0.97926,0.0174192,11.0674,41.2989,5.88255,119.916,1707.71,1.00124,0.253773,0.192551,0.253759,0.287389,0.363165,0.299241
1.88219,0.981138,0.0207918,11.0774,41.1503,5.88821,120.067,1709.29,1.00198,0.253898,0.192676,0.253884,0.287514,0.36329,0.299366
1.88534,0.983019,0.024171,11.0873,41.0137,5.89348,120.218,1710.87,1.00278,0.254023,0.192801,0.254009,0.287639,0.363415,0.299491
1.88849,0.984901,0.0275526,11.0971,40.8694,5.89906,120.369,1712.44,1.00366,0.254148,0.192926,0.254134,0.287764,0.36354,0.299616
1.89029,0.986781,0.0174447,11.1075,40.7362,5.90406,120.52,1714.02,1.00462,0.254273,0.193051,0.254259,0.287889,0.363665,0.299741
1.89345,0.988665,0.0208309,11.1171,40.5836,5.91013,120.671,1715.59,1.00564,0.254398,0.193176,0.254384,0.288014,0.36379,0.299866
1.89661,0.990554,0.0242204,11.1268,40.4451,5.91561,120.823,1717.17,1.00675,0.254523,0.193301,0.254509,0.288139,0.363915,0.299991
1.89978,0.992447,0.0276146,11.1366,40.3115,5.92088,120.974,1718.74,1.00792,0.254648,0.193426,0.254634,0.288264,0.36404,0.300116
1.90172,0.994332,0.0174677,11.1466,40.1537,5.92708,121.126,1720.31,1.00918,0.254773,0.193551,0.254759,0.288389,0.364165,0.300241
1.90489,0.996231,0.0208665,11.1568,40.023,5.93215,121.278,1721.89,1.0105,0.254898,0.193676,0.254884,0.288514,0.364289,0.300366
1.90805,0.998134,0.0242724,11.1671,39.9045,5.93675,121.429,1723.46,1.0119,0.255023,0.193801,0.255009,0.288639,0.364414,0.300491
1.91123,1.00004,0.0276817,11.1767,39.7701,5.94222,121.581,1725.03,1.01338,0.255148,0.193926,0.255134,0.288764,0.364539,0.300616
1.91294,1.00194,0.0174946,11.1873,39.6342,5.94748,121.734,1726.6,1.01493,0.255273,0.194051,0.255259,0.288889,0.364664,0.300741
1.91612,1.00227,0.0209052,11.1661,39.5183,5.87905,121.714,1728.16,1,0.255398,0.193905,0.255384,0.288762,0.364789,0.300864
1.91931,1.00418,0.024318,11.1766,39.3918,5.88391,121.866,1729.73,1.00059,0.255523,0.19403,0.255509,0.288887,0.364914,0.300989
1.9225,1.00609,0.0277355,11.1872,39.2411,5.88973,122.018,1731.3,1.00124,0.255648,0.194155,0.255634,0.289012,0.365039,0.301114
1.92461,1.008,0.0175142,11.1972,39.1001,5.89535,122.17,1732.86,1.00198,0.255773,0.19428,0.255759,0.289137,0.365164,0.301239
1.92781,1.00991,0.0209383,11.2075,38.9567,5.90103,122.323,1734.43,1.00278,0.255898,0.194405,0.255884,0.289262,0.365289,0.301364
1.93101,1.01183,0.0243644,11.2175,38.8202,5.90653,122.475,1735.99,1.00367,0.256023,0.19453,0.256009,0.289387,0.365414,0.301489
1.93421,1.01374,0.0277947,11.2273,38.6819,5.91221,122.628,1737.56,1.00462,0.256148,0.194655,0.256134,0.289512,0.365539,0.301614
1.93645,1.01566,0.0175378,11.2376,38.5517,5.91741,122.781,1739.12,1.00565,0.256273,0.19478,0.256259,0.289637,0.365664,0.301739
1.93966,1.01758,0.0209756,11.2475,38.4161,5.92298,122.933,1740.68,1.00676,0.256398,0.194905,0.256384,0.289762,0.365789,0.301864
1.94287,1.01951,0.0244141,11.2577,38.2981,5.92777,123.086,1742.24,1.00793,0.256523,0.19503,0.256509,0.289887,0.365914,0.301989
1.94608,1.02144,0.0278589,11.2677,38.1736,5.93293,123.24,1743.8,1.00919,0.256648,0.195155,0.256634,0.290012,0.366039,0.302114
1.94821,1.02337,0.0175634,11.2786,38.0525,5.93769,123.393,1745.36,1.01052,0.256773,0.19528,0.256759,0.290137,0.366164,0.302239
1.95143,1.0253,0.0210183,11.2882,37.9238,5.94317,123.546,1746.92,1.01192,0.256898,0.195405,0.256884,0.290262,0.366289,0.302364
1.95465,1.02724,0.024474,11.2984,37.7983,5.94835,123.7,1748.48,1.0134,0.257023,0.19553,0.257009,0.290387,0.366414,0.302489
1.95787,1.02918,0.0279327,11.3093,37.6439,5.95453,123.854,1750.04,1.01495,0.257148,0.195655,0.257134,0.290512,0.366539,0.302614
1.95965,1.0294,0.0175898,11.2883,37.5256,5.88616,123.838,1751.6,1,0.257273,0.195497,0.257259,0.290381,0.366664,0.302737
1.96288,1.03134,0.0210546,11.2995,37.3874,5.89155,123.992,1753.15,1.00059,0.257398,0.195622,0.257384,0.290506,0.366789,0.302862
1.96611,1.03329,0.0245222,11.31,37.28,5.89594,124.146,1754.71,1.00125,0.257523,0.195747,0.257509,0.290631,0.366914,0.302987
1.96934,1.03524,0.0279923,11.3211,37.1372,5.9016,124.3,1756.26,1.00198,0.257648,0.195872,0.257634,0.290756,0.367039,0.303112
1.97134,1.03719,0.0176123,11.3329,37.0083,5.9065,124.454,1757.82,1.00279,0.257773,0.195997,0.257759,0.290881,0.367164,0.303237
1.97458,1.03914,0.0210876,11.3433,36.8936,5.91124,124.608,1759.37,1.00367,0.257898,0.196122,0.257884,0.291006,0.367289,0.303362
1.97782,1.04109,0.0245737,11.3541,36.745,5.91731,124.762,1760.92,1.00463,0.258023,0.196247,0.258009,0.291131,0.367414,0.303487
1.98107,1.04304,0.0280636,11.3649,36.5982,5.92335,124.916,1762.47,1.00566,0.258148,0.196372,0.258134,0.291256,0.367539,0.303612
1.98309,1.04499,0.0176367,11.3752,36.4701,5.92875,125.071,1764.02,1.00676,0.258273,0.196497,0.258259,0.291381,0.367664,0.303737
1.98635,1.04695,0.0211228,11.3853,36.3341,5.93455,125.225,1765.57,1.00794,0.258398,0.196622,0.258384,0.291506,0.367789,0.303862
1.98961,1.04891,0.0246177,11.3963,36.2148,5.93942,125.38,1767.12,1.0092,0.258523,0.196747,0.258509,0.291631,0.367914,0.303987
1.99287,1.05088,0.0281127,11.4071,36.0883,5.94469,125.535,1768.67,1.01053,0.258648,0.196872,0.258634,0.291756,0.368039,0.304112
1.99504,1.05284,0.0176596,11.4172,35.9636,5.95009,125.69,1770.22,1.01193,0.258773,0.196997,0.258759,0.291881,0.368164,0.304237
1.9983,1.05482,0.0211669,11.4286,35.8201,5.95595,125.845,1771.77,1.01341,0.258898,0.197122,0.258884,0.292006,0.368289,0.304362
2.00158,1.05678,0.0246753,11.4386,35.6984,5.96131,126,1773.31,1.01497,0.259023,0.197247,0.259008,0.292131,0.368414,0.304487
2.00485,1.0569,0.0281808,11.4175,35.5871,5.89269,125.989,1774.86,1,0.259147,0.197075,0.259133,0.291997,0.368538,0.30461
2.00693,1.05887,0.0176841,11.4287,35.45,5.89831,126.145,1776.4,1.00059,0.259272,0.1972,0.259258,0.292122,0.368663,0.304735
2.01021,1.06085,0.0211996,11.4389,35.3152,5.90411,126.3,1777.94,1.00125,0.259397,0.197325,0.259383,0.292247,0.368788,0.30486
2.01349,1.06282,0.0247212,11.4489,35.203,5.90908,126.455,1779.49,1.00198,0.259522,0.19745,0.259508,0.292372,0.368913,0.304985
2.01678,1.0648,0.028244,11.4599,35.0551,5.91529,126.611,1781.03,1.00279,0.259647,0.197575,0.259633,0.292497,0.369038,0.30511
2.01894,1.06678,0.0177077,11.4703,34.9156,5.92133,126.767,1782.57,1.00367,0.259772,0.1977,0.259758,0.292622,0.369163,0.305235
2.02222,1.06877,0.0212387,11.4822,34.7903,5.92639,126.922,1784.11,1.00463,0.259897,0.197825,0.259883,0.292747,0.369288,0.30536
2.02552,1.07076,0.0247715,11.4927,34.6505,5.93245,127.078,1785.65,1.00566,0.260022,0.19795,0.260008,0.292872,0.369413,0.305485
2.02882,1.07275,0.0283072,11.5035,34.5389,5.93724,127.234,1787.19,1.00677,0.260147,0.198075,0.260133,0.292997,0.369538,0.30561
2.03089,1.07474,0.0177328,11.5142,34.4148,5.94264,127.391,1788.73,1.00795,0.260272,0.1982,0.260258,0.293122,0.369663,0.305735
2.03419,1.07673,0.0212808,11.5247,34.2925,5.94804,127.547,1790.26,1.00921,0.260397,0.198325,0.260383,0.293247,0.369788,0.30586
2.03749,1.07873,0.024829,11.5358,34.19,5.95243,127.704,1791.8,1.01054,0.260522,0.19845,0.260508,0.293372,0.369913,0.305985
2.0408,1.08073,0.0283776,11.5469,34.0585,5.95809,127.86,1793.34,1.01195,0.260647,0.198575,0.260633,0.293497,0.370038,0.30611
2.04266,1.08273,0.0177586,11.5569,33.9312,5.96387,128.017,1794.87,1.01343,0.260772,0.1987,0.260758,0.293622,0.370163,0.306235
2.04598,1.08473,0.0213173,11.5669,33.7993,5.96989,128.174,1796.41,1.01499,0.260897,0.198825,0.260883,0.293747,0.370288,0.30636
2.0493,1.08473,0.0248785,11.5457,33.6599,5.90249,128.167,1797.94,1,0.261022,0.198642,0.261008,0.29361,0.370413,0.306482
2.05262,1.08674,0.0284436,11.5572,33.5172,5.90854,128.324,1799.47,1.00059,0.261147,0.198767,0.261133,0.293735,0.370538,0.306607
2.05463,1.08874,0.0177805,11.5682,33.376,5.91467,128.481,1801,1.00125,0.261272,0.198892,0.261258,0.29386,0.370663,0.306732
2.05795,1.09075,0.0213519,11.5801,33.2263,5.92095,128.638,1802.53,1.00199,0.261397,0.199017,0.261383,0.293985,0.370788,0.306857
2.06129,1.09277,0.0249229,11.5916,33.0712,5.92761,128.795,1804.06,1.0028,0.261522,0.199142,0.261508,0.29411,0.370913,0.306982
2.06463,1.09478,0.0285009,11.6026,32.9299,5.93382,128.953,1805.59,1.00368,0.261647,0.199267,0.261633,0.294235,0.371038,0.307107
2.06695,1.09678,0.0178021,11.6136,32.8203,5.93868,129.11,1807.12,1.00464,0.261772,0.199392,0.261758,0.29436,0.371163,0.307232
2.07029,1.0988,0.0213895,11.6243,32.6894,5.94456,129.268,1808.64,1.00567,0.261897,0.199517,0.261883,0.294485,0.371288,0.307357
2.07363,1.10082,0.0249829,11.6349,32.5572,5.95056,129.426,1810.17,1.00678,0.262022,0.199642,0.262008,0.29461,0.371413,0.307482
2.07697,1.10285,0.0285793,11.6456,32.4288,5.95638,129.584,1811.69,1.00797,0.262147,0.199767,0.262133,0.294735,0.371538,0.307607
2.0787,1.10487,0.0178317,11.6567,32.3085,5.96176,129.742,1813.22,1.00923,0.262272,0.199892,0.262258,0.294859,0.371663,0.307732
2.08206,1.1069,0.0214283,11.6667,32.2141,5.96628,129.9,1814.74,1.01056,0.262397,0.200017,0.262383,0.294984,0.371788,0.307857
2.08541,1.10893,0.0250273,11.6787,32.1014,5.97113,130.058,1816.26,1.01197,0.262522,0.200142,0.262508,0.295109,0.371913,0.307981
2.08877,1.11097,0.0286352,11.6899,31.9907,5.9761,130.217,1817.79,1.01345,0.262647,0.200267,0.262633,0.295234,0.372038,0.308106
2.09079,1.11301,0.0178526,11.7009,31.874,5.98141,130.375,1819.31,1.01501,0.262772,0.200392,0.262758,0.295359,0.372163,0.308231
2.09415,1.11289,0.0214624,11.6797,31.7423,5.91357,130.373,1820.82,1,0.262897,0.200195,0.262883,0.295219,0.372287,0.308353
2.09752,1.11493,0.0250778,11.6913,31.6351,5.91828,130.532,1822.34,1.00059,0.263022,0.20032,0.263008,0.295344,0.372412,0.308478
2.10088,1.11697,0.0286963,11.7029,31.5303,5.9229,130.69,1823.86,1.00125,0.263147,0.200445,0.263133,0.295469,0.372537,0.308603
2.10297,1.11902,0.0178756,11.7134,31.4133,5.92835,130.849,1825.38,1.00199,0.263272,0.20057,0.263258,0.295594,0.372662,0.308728
2.10634,1.12106,0.0215007,11.724,31.3066,5.93333,131.008,1826.9,1.0028,0.263397,0.200695,0.263383,0.295719,0.372787,0.308853
2.10973,1.12311,0.0251268,11.7354,31.1845,5.93884,131.167,1828.42,1.00369,0.263522,0.20082,0.263508,0.295844,0.372912,0.308978
2.11311,1.12516,0.0287599,11.7466,31.0399,5.9454,131.326,1829.93,1.00465,0.263647,0.200945,0.263633,0.295969,0.373037,0.309103
2.1151,1.12722,0.0179007,11.7582,30.9151,5.95102,131.486,1831.45,1.00568,0.263772,0.20107,0.263758,0.296094,0.373162,0.309228
2.11849,1.12927,0.0215411,11.7694,30.7835,5.95706,131.645,1832.96,1.00679,0.263897,0.201195,0.263883,0.296219,0.373287,0.309353
2.12188,1.13133,0.0251869,11.7805,30.6822,5.96177,131.805,1834.47,1.00798,0.264022,0.20132,0.264008,0.296344,0.373412,0.309478
2.12527,1.13339,0.0288375,11.7918,30.5623,5.9673,131.965,1835.99,1.00924,0.264147,0.201445,0.264133,0.296469,0.373537,0.309603
2.12702,1.13546,0.0179266,11.8038,30.4302,5.97322,132.125,1837.5,1.01057,0.264272,0.20157,0.264258,0.296594,0.373662,0.309728
2.13042,1.13753,0.0215814,11.815,30.303,5.97914,132.285,1839.01,1.01199,0.264397,0.201695,0.264383,0.296719,0.373787,0.309853
2.13382,1.1396,0.0252369,11.8272,30.1818,5.98456,132.445,1840.52,1.01347,0.264522,0.20182,0.264508,0.296844,0.373912,0.309978
2.13723,1.14167,0.0288986,11.8375,30.059,5.99055,132.605,1842.03,1.01503,0.264647,0.201945,0.264633,0.296969,0.374037,0.310103
2.13904,1.14142,0.0179484,11.8162,29.9197,5.92302,132.607,1843.53,1,0.264772,0.201736,0.264757,0.296825,0.374162,0.310223
2.14245,1.14349,0.0216111,11.8284,29.8088,5.92794,132.767,1845.04,1.00059,0.264897,0.201861,0.264882,0.29695,0.374287,0.310348
2.14587,1.14557,0.0252764,11.8401,29.694,5.93319,132.928,1846.55,1.00125,0.265022,0.201986,0.265007,0.297075,0.374412,0.310473
2.14929,1.14765,0.0289479,11.8511,29.5803,5.93858,133.088,1848.05,1.00199,0.265147,0.202111,0.265132,0.2972,0.374537,0.310598
2.15161,1.14973,0.0179685,11.8631,29.47,5.94359,133.249,1849.56,1.0028,0.265272,0.202236,0.265257,0.297325,0.374662,0.310723
2.15503,1.15182,0.0216494,11.8762,29.321,5.95013,133.41,1851.06,1.00369,0.265397,0.202361,0.265382,0.29745,0.374787,0.310848
2.15846,1.1539,0.0253317,11.8878,29.2135,5.95515,133.571,1852.57,1.00465,0.265522,0.202486,0.265507,0.297575,0.374912,0.310973
2.16189,1.15599,0.0290211,11.8991,29.113,5.95993,133.732,1854.07,1.00569,0.265647,0.202611,0.265632,0.2977,0.375037,0.311098
2.16393,1.15807,0.0179954,11.9114,28.9664,5.96662,133.893,1855.57,1.0068,0.265772,0.202736,0.265757,0.297825,0.375162,0.311223
2.16737,1.16017,0.0216897,11.9229,28.8683,5.97131,134.055,1857.07,1.00799,0.265897,0.202861,0.265882,0.29795,0.375287,0.311348
2.17081,1.16227,0.0253885,11.9343,28.7645,5.97627,134.216,1858.57,1.00925,0.266022,0.202986,0.266007,0.298075,0.375412,0.311473
2.17425,1.16436,0.0290901,11.9457,28.6426,5.98211,134.378,1860.07,1.01059,0.266147,0.203111,0.266132,0.2982,0.375537,0.311598
2.17599,1.16646,0.0180218,11.9573,28.5107,5.98836,134.54,1861.57,1.012,0.266272,0.203236,0.266257,0.298325,0.375662,0.311723
2.17944,1.16857,0.0217289,11.9701,28.3881,5.99392,134.702,1863.07,1.01349,0.266397,0.203361,0.266382,0.29845,0.375787,0.311848
2.18289,1.17068,0.0254373,11.9822,28.2681,5.99956,134.864,1864.56,1.01506,0.266522,0.203486,0.266507,0.298575,0.375912,0.311973
2.18635,1.17031,0.0291503,11.9606,28.168,5.93022,134.87,1866.05,1,0.266647,0.203265,0.266632,0.298429,0.376036,0.312093
2.18818,1.17242,0.0180441,11.9734,28.0603,5.93509,135.032,1867.55,1.00059,0.266772,0.20339,0.266757,0.298553,0.376161,0.312218
2.19164,1.17452,0.0217651,11.9854,27.9188,5.94171,135.194,1869.04,1.00126,0.266897,0.203515,0.266882,0.298678,0.376286,0.312343
2.1951,1.17664,0.0254937,11.9976,27.8067,5.94698,135.356,1870.54,1.00199,0.267022,0.20364,0.267007,0.298803,0.376411,0.312468
2.19856,1.17876,0.0292233,12.0101,27.6972,5.95204,135.519,1872.03,1.00281,0.267147,0.203765,0.267132,0.298928,0.376536,0.312593
2.20048,1.18087,0.0180671,12.0223,27.5978,5.95671,135.681,1873.52,1.0037,0.267272,0.20389,0.267257,0.299053,0.376661,0.312718
2.20395,1.183,0.021802,12.0349,27.4803,5.96215,135.844,1875.01,1.00466,0.267397,0.204015,0.267382,0.299178,0.376786,0.312843
2.20743,1.18512,0.0255405,12.0467,27.3539,5.96824,136.007,1876.5,1.0057,0.267522,0.20414,0.267507,0.299303,0.376911,0.312968
2.21091,1.18724,0.0292794,12.058,27.2391,5.97389,136.17,1877.99,1.00681,0.267647,0.204265,0.267632,0.299428,0.377036,0.313093
2.21305,1.18936,0.0180889,12.071,27.1259,5.97912,136.333,1879.48,1.008,0.267772,0.20439,0.267757,0.299553,0.377161,0.313218
2.21654,1.19149,0.0218395,12.0824,27.0225,5.98425,136.497,1880.96,1.00927,0.267897,0.204516,0.267882,0.299678,0.377286,0.313343
2.22003,1.19362,0.0255912,12.0939,26.9071,5.98995,136.66,1882.45,1.01061,0.268022,0.204641,0.268007,0.299803,0.377411,0.313468
2.22352,1.19576,0.0293437,12.1071,26.772,5.99623,136.824,1883.94,1.01202,0.268147,0.204766,0.268132,0.299928,0.377536,0.313593
2.22557,1.19789,0.0181135,12.118,26.6579,6.00204,136.988,1885.42,1.01351,0.268272,0.204891,0.268257,0.300053,0.377661,0.313718
2.22906,1.20003,0.021877,12.1296,26.5488,6.00748,137.152,1886.91,1.01508,0.268397,0.205016,0.268382,0.300178,0.377786,0.313843
2.23257,1.19953,0.0256386,12.1079,26.4489,5.93808,137.161,1888.38,1,0.268522,0.204784,0.268507,0.300029,0.377911,0.313961
2.23608,1.20167,0.0294101,12.1192,26.3335,5.94383,137.325,1889.87,1.00059,0.268647,0.204909,0.268632,0.300154,0.378036,0.314086
2.2379,1.20382,0.0181386,12.1323,26.2272,5.94878,137.489,1891.35,1.00126,0.268772,0.205034,0.268757,0.300279,0.378161,0.314211
2.24141,1.20596,0.021916,12.1441,26.1193,5.95412,137.653,1892.83,1.002,0.268897,0.205159,0.268882,0.300404,0.378286,0.314336
2.24492,1.20811,0.0256963,12.1556,26.0168,5.95928,137.818,1894.31,1.00281,0.269022,0.205284,0.269007,0.300529,0.378411,0.314461
2.24844,1.21026,0.0294755,12.1678,25.9191,5.96406,137.982,1895.79,1.0037,0.269147,0.205409,0.269132,0.300654,0.378536,0.314586
2.25048,1.21242,0.0181603,12.1797,25.8066,5.96961,138.147,1897.27,1.00467,0.269272,0.205534,0.269257,0.300779,0.378661,0.314711
2.254,1.21457,0.021951,12.1915,25.6804,5.97589,138.312,1898.74,1.00571,0.269397,0.205659,0.269382,0.300904,0.378786,0.314836
2.25754,1.21672,0.0257443,12.203,25.5433,5.98277,138.476,1900.22,1.00682,0.269522,0.205784,0.269507,0.301029,0.378911,0.314961
2.26106,1.21888,0.0295466,12.215,25.4254,5.98866,138.642,1901.7,1.00801,0.269647,0.205909,0.269632,0.301154,0.379036,0.315086
2.26286,1.22104,0.0181862,12.228,25.3042,5.99448,138.807,1903.17,1.00928,0.269772,0.206034,0.269757,0.301279,0.379161,0.315211
2.2664,1.2232,0.0219916,12.2404,25.1606,6.00156,138.972,1904.64,1.01062,0.269897,0.206159,0.269882,0.301404,0.379286,0.315336
2.26994,1.22537,0.0257998,12.2522,25.0342,6.00796,139.138,1906.12,1.01204,0.270022,0.206284,0.270007,0.301529,0.379411,0.315461
2.27349,1.22754,0.0296083,12.2645,24.9181,6.01374,139.303,1907.59,1.01353,0.270147,0.206409,0.270132,0.301654,0.379536,0.315586
2.27543,1.2297,0.0182084,12.2772,24.801,6.01951,139.469,1909.06,1.0151,0.270272,0.206534,0.270257,0.301779,0.379661,0.315711
2.27897,1.22908,0.022025,12.2579,24.6741,5.95075,139.482,1910.52,1,0.270397,0.206291,0.270382,0.301628,0.379785,0.315829
2.28252,1.23126,0.0258457,12.2709,24.5724,5.95566,139.648,1911.99,1.00059,0.270521,0.206416,0.270507,0.301753,0.37991,0.315954
2.28608,1.23343,0.0296687,12.2834,24.44,5.9622,139.814,1913.46,1.00126,0.270646,0.206541,0.270632,0.301878,0.380035,0.316079
2.28821,1.23558,0.01823,12.2954,24.33,5.96778,139.98,1914.93,1.002,0.270771,0.206666,0.270757,0.302003,0.38016,0.316204
2.29178,1.23777,0.0220595,12.3079,24.2076,5.97389,140.146,1916.39,1.00282,0.270896,0.206791,0.270882,0.302128,0.380285,0.316329
2.29534,1.23995,0.0258925,12.3206,24.1032,5.97907,140.313,1917.86,1.00371,0.271021,0.206916,0.271006,0.302253,0.38041,0.316454
2.29891,1.24214,0.029734,12.3332,23.9903,5.98472,140.479,1919.32,1.00468,0.271146,0.207041,0.271131,0.302378,0.380535,0.316579
2.30095,1.24432,0.0182546,12.3453,23.9014,5.98933,140.646,1920.79,1.00572,0.271271,0.207166,0.271256,0.302503,0.38066,0.316704
2.30452,1.24651,0.0220992,12.3572,23.8131,5.99395,140.813,1922.25,1.00684,0.271396,0.207291,0.271381,0.302628,0.380785,0.316829
2.3081,1.2487,0.0259506,12.3691,23.6949,6.00007,140.98,1923.71,1.00803,0.271521,0.207416,0.271506,0.302753,0.38091,0.316954
2.31167,1.25091,0.0298045,12.383,23.5772,6.00574,141.147,1925.17,1.0093,0.271646,0.207541,0.271631,0.302878,0.381035,0.317079
2.31376,1.2531,0.0182773,12.3947,23.4641,6.01166,141.314,1926.63,1.01064,0.271771,0.207666,0.271756,0.303003,0.38116,0.317204
2.31736,1.25529,0.0221322,12.4065,23.3373,6.01828,141.482,1928.09,1.01206,0.271896,0.207791,0.271881,0.303127,0.381285,0.317329
2.32095,1.2575,0.0259901,12.42,23.2142,6.02436,141.649,1929.55,1.01356,0.272021,0.207916,0.272006,0.303252,0.38141,0.317454
2.32454,1.25971,0.0298557,12.433,23.1147,6.0294,141.817,1931.01,1.01513,0.272146,0.208041,0.272131,0.303377,0.381535,0.317579
2.32706,1.25895,0.0182959,12.4123,23.0234,5.95905,141.834,1932.46,1,0.272271,0.207786,0.272256,0.303223,0.38166,0.317695
2.33067,1.26115,0.0221671,12.4234,22.924,5.96446,142.001,1933.91,1.00059,0.272396,0.207911,0.272381,0.303348,0.381785,0.31782
2.33428,1.26335,0.0260453,12.4337,22.8183,5.97034,142.169,1935.37,1.00126,0.272521,0.208036,0.272506,0.303473,0.38191,0.317945
2.33789,1.26556,0.0299252,12.4456,22.7107,5.97601,142.337,1936.82,1.002,0.272646,0.208161,0.272631,0.303598,0.382035,0.31807
2.34027,1.26778,0.0183213,12.4582,22.6062,5.98139,142.506,1938.27,1.00282,0.272771,0.208286,0.272756,0.303723,0.38216,0.318195
2.34389,1.26999,0.0222069,12.4698,22.4819,5.98798,142.674,1939.73,1.00372,0.272896,0.208411,0.272881,0.303848,0.382285,0.31832
2.34751,1.27221,0.0260998,12.4823,22.343,5.99516,142.842,1941.18,1.00468,0.273021,0.208536,0.273006,0.303973,0.38241,0.318445
2.35113,1.27443,0.0299923,12.4944,22.274,5.99891,143.011,1942.63,1.00573,0.273146,0.208661,0.273131,0.304098,0.382535,0.31857
2.35322,1.27666,0.0183472,12.5076,22.1662,6.00441,143.18,1944.08,1.00685,0.273271,0.208787,0.273256,0.304223,0.38266,0.318695
2.35685,1.27888,0.0222484,12.5188,22.0522,6.01064,143.349,1945.53,1.00804,0.273396,0.208912,0.273381,0.304348,0.382785,0.31882
2.36049,1.28111,0.0261477,12.5298,21.9687,6.0154,143.518,1946.98,1.00931,0.273521,0.209037,0.273506,0.304473,0.38291,0.318945
2.36412,1.28334,0.0300569,12.5415,21.8754,6.02053,143.687,1948.42,1.01066,0.273646,0.209162,0.273631,0.304598,0.383035,0.31907
2.36627,1.28557,0.0183698,12.5546,21.753,6.02684,143.857,1949.87,1.01208,0.273771,0.209287,0.273756,0.304723,0.38316,0.319195
2.36991,1.2878,0.0222837,12.5669,21.6138,6.0342,144.027,1951.31,1.01358,0.273896,0.209412,0.273881,0.304848,0.383285,0.31932
2.37355,1.29005,0.0262047,12.5804,21.512,6.03944,144.196,1952.76,1.01515,0.274021,0.209537,0.274006,0.304973,0.38341,0.319445
2.37719,1.28915,0.0301268,12.5596,21.3965,5.97018,144.217,1954.2,1,0.274146,0.209271,0.274131,0.304817,0.383534,0.319561
2.37908,1.29138,0.0183947,12.5711,21.2747,5.97678,144.386,1955.64,1.00059,0.274271,0.209396,0.274256,0.304942,0.383659,0.319686
2.38273,1.29362,0.0223207,12.5842,21.1648,5.98248,144.556,1957.08,1.00126,0.274396,0.209521,0.274381,0.305067,0.383784,0.319811
2.38639,1.29587,0.0262509,12.5973,21.0399,5.98896,144.726,1958.52,1.00201,0.274521,0.209646,0.274506,0.305192,0.383909,0.319936
2.39006,1.29811,0.0301866,12.6082,20.9293,5.99518,144.897,1959.96,1.00283,0.274646,0.209771,0.274631,0.305317,0.384034,0.32006
2.39244,1.30035,0.018414,12.6212,20.8059,6.00163,145.067,1961.4,1.00372,0.274771,0.209896,0.274756,0.305442,0.384159,0.320185
2.3961,1.3026,0.0223556,12.6345,20.6945,6.00743,145.238,1962.84,1.00469,0.274896,0.210021,0.274881,0.305567,0.384284,0.32031
2.39977,1.30485,0.0263011,12.6468,20.5694,6.01418,145.409,1964.27,1.00574,0.275021,0.210146,0.275006,0.305692,0.384409,0.320435
2.40344,1.30711,0.0302535,12.6599,20.4546,6.02023,145.579,1965.71,1.00686,0.275146,0.210271,0.275131,0.305817,0.384534,0.32056
2.40572,1.30937,0.0184382,12.6712,20.3722,6.02501,145.751,1967.14,1.00806,0.275271,0.210396,0.275256,0.305942,0.384659,0.320685
2.40939,1.31163,0.0223966,12.6857,20.2513,6.03114,145.922,1968.58,1.00933,0.275396,0.210521,0.275381,0.306067,0.384784,0.32081
2.41306,1.31391,0.0263601,12.6991,20.1628,6.03584,146.093,1970.01,1.01068,0.275521,0.210646,0.275506,0.306192,0.384909,0.320935
2.41674,1.31617,0.0303256,12.7119,20.0404,6.04243,146.265,1971.44,1.01211,0.275646,0.210771,0.275631,0.306317,0.385034,0.32106
2.41857,1.31843,0.018465,12.7242,19.9305,6.04849,146.436,1972.87,1.01361,0.275771,0.210896,0.275756,0.306442,0.385159,0.321185
2.42227,1.32069,0.0224313,12.7361,19.8017,6.05563,146.608,1974.3,1.01519,0.275896,0.211021,0.275881,0.306567,0.385284,0.32131
2.42596,1.31965,0.0264055,12.7144,19.7159,5.98477,146.632,1975.72,1,0.276021,0.210745,0.276006,0.306408,0.385409,0.321424
2.42965,1.32193,0.030389,12.7273,19.6322,5.98935,146.804,1977.15,1.0006,0.276146,0.21087,0.276131,0.306533,0.385534,0.321549
2.43143,1.3242,0.0184879,12.7402,19.524,5.99519,146.976,1978.58,1.00127,0.276271,0.210995,0.276256,0.306658,0.385659,0.321674
2.43513,1.32648,0.0224722,12.7534,19.4215,6.00069,147.148,1980.01,1.00201,0.276396,0.21112,0.276381,0.306783,0.385784,0.321799
2.43884,1.32876,0.0264594,12.7666,19.3154,6.00639,147.32,1981.43,1.00283,0.276521,0.211245,0.276506,0.306908,0.385909,0.321924
2.44255,1.33105,0.0304481,12.7786,19.2282,6.01136,147.493,1982.86,1.00373,0.276646,0.21137,0.276631,0.307033,0.386034,0.322049
2.44486,1.33334,0.0185066,12.793,19.1344,6.01622,147.666,1984.28,1.0047,0.276771,0.211495,0.276756,0.307158,0.386159,0.322174
2.44857,1.33563,0.0225052,12.8055,19.0526,6.02085,147.838,1985.7,1.00575,0.276896,0.21162,0.276881,0.307283,0.386284,0.322299
2.45229,1.33792,0.0265113,12.8175,18.9725,6.0255,148.011,1987.13,1.00687,0.277021,0.211745,0.277006,0.307408,0.386409,0.322424
2.45602,1.34021,0.0305142,12.83,18.8497,6.03229,148.185,1988.55,1.00807,0.277146,0.21187,0.277131,0.307533,0.386534,0.322549
2.45822,1.34251,0.0185308,12.8435,18.7415,6.03815,148.358,1989.97,1.00935,0.277271,0.211995,0.277256,0.307658,0.386659,0.322674
2.46195,1.34481,0.0225461,12.8564,18.6309,6.04425,148.531,1991.39,1.0107,0.277396,0.21212,0.277381,0.307783,0.386784,0.322799
2.46568,1.34711,0.0265671,12.8687,18.5148,6.0508,148.705,1992.81,1.01213,0.277521,0.212245,0.277506,0.307908,0.386909,0.322924
2.46941,1.34941,0.0305868,12.882,18.4197,6.05606,148.879,1994.23,1.01363,0.277646,0.21237,0.277631,0.308033,0.387034,0.323049
2.47124,1.35172,0.0185567,12.8939,18.3069,6.06253,149.053,1995.64,1.01521,0.277771,0.212495,0.277755,0.308158,0.387159,0.323174
2.47498,1.35053,0.0225846,12.8724,18.1873,5.99327,149.08,1997.05,1,0.277896,0.212208,0.27788,0.307998,0.387283,0.323287
2.47872,1.35284,0.026616,12.8859,18.0952,5.99831,149.254,1998.47,1.0006,0.278021,0.212333,0.278005,0.308123,0.387408,0.323412
2.48246,1.35515,0.0306573,12.8994,18.0043,6.00332,149.428,1999.88,1.00127,0.278146,0.212458,0.27813,0.308248,0.387533,0.323537
2.48405,1.35745,0.0185811,12.9124,17.8816,6.01007,149.602,2001.3,1.00202,0.278271,0.212583,0.278255,0.308373,0.387658,0.323662
2.48779,1.35977,0.0226282,12.9256,17.7939,6.01499,149.777,2002.71,1.00284,0.278396,0.212708,0.27838,0.308498,0.387783,0.323787
2.49155,1.36208,0.0266784,12.9381,17.6724,6.02184,149.951,2004.12,1.00374,0.278521,0.212833,0.278505,0.308623,0.387908,0.323912
2.4953,1.3644,0.0307353,12.951,17.5521,6.02857,150.126,2005.53,1.00471,0.278646,0.212958,0.27863,0.308748,0.388033,0.324037
2.49646,1.36672,0.0186074,12.9628,17.4618,6.03393,150.301,2006.94,1.00576,0.278771,0.213083,0.278755,0.308873,0.388158,0.324162
2.50022,1.36904,0.0226628,12.9756,17.3814,6.03857,150.476,2008.35,1.00689,0.278896,0.213208,0.27888,0.308998,0.388283,0.324287
2.50399,1.37137,0.026722,12.9886,17.2678,6.04497,150.652,2009.75,1.00809,0.279021,0.213333,0.279005,0.309123,0.388408,0.324412
2.50776,1.3737,0.0307898,13.0018,17.1518,6.05146,150.827,2011.16,1.00936,0.279146,0.213458,0.27913,0.309248,0.388533,0.324537
2.50952,1.37603,0.0186256,13.0133,17.0462,6.05775,151.003,2012.57,1.01072,0.279271,0.213583,0.279255,0.309373,0.388658,0.324662
2.51329,1.37837,0.0227005,13.0276,16.9466,6.06321,151.179,2013.97,1.01215,0.279396,0.213708,0.27938,0.309498,0.388783,0.324787
2.51706,1.38071,0.0267782,13.0407,16.877,6.06732,151.355,2015.38,1.01366,0.279521,0.213833,0.279505,0.309623,0.388908,0.324912
2.52084,1.38305,0.0308568,13.0543,16.7919,6.07215,151.531,2016.78,1.01524,0.279646,0.213958,0.27963,0.309748,0.389033,0.325037
2.52247,1.38171,0.0186482,13.0315,16.6986,6.00159,151.561,2018.17,1,0.279771,0.213661,0.279755,0.309586,0.389158,0.325148
2.52626,1.38406,0.0227363,13.044,16.6221,6.00616,151.737,2019.58,1.0006,0.279896,0.213786,0.27988,0.309711,0.389283,0.325273
2.53005,1.3864,0.026823,13.0582,16.526,6.01143,151.914,2020.98,1.00127,0.280021,0.213911,0.280005,0.309835,0.389408,0.325398
2.53385,1.38875,0.0309121,13.0698,16.4383,6.01675,152.09,2022.38,1.00202,0.280146,0.214036,0.28013,0.30996,0.389533,0.325523
2.53582,1.39109,0.0186695,13.0825,16.3416,6.02239,152.267,2023.78,1.00284,0.280271,0.214161,0.280255,0.310085,0.389658,0.325648
2.53963,1.39344,0.0227695,13.0948,16.2382,6.02846,152.444,2025.17,1.00374,0.280396,0.214286,0.28038,0.31021,0.389783,0.325773
2.54343,1.39579,0.0268761,13.1078,16.1219,6.03511,152.621,2026.57,1.00472,0.280521,0.214411,0.280505,0.310335,0.389908,0.325898
2.54724,1.39815,0.0309837,13.1205,16.0157,6.0413,152.798,2027.97,1.00577,0.280646,0.214536,0.28063,0.31046,0.390033,0.326023
2.5489,1.4005,0.0186953,13.135,15.8982,6.04777,152.975,2029.36,1.0069,0.280771,0.214661,0.280755,0.310585,0.390158,0.326148
2.55271,1.40287,0.0228132,13.1482,15.8166,6.05259,153.153,2030.76,1.0081,0.280896,0.214786,0.28088,0.31071,0.390283,0.326273
2.55652,1.40523,0.0269352,13.162,15.7143,6.05842,153.33,2032.15,1.00938,0.281021,0.214911,0.281005,0.310835,0.390408,0.326398
2.56033,1.4076,0.0310644,13.1758,15.5931,6.0653,153.508,2033.54,1.01073,0.281146,0.215036,0.28113,0.31096,0.390533,0.326523
2.56143,1.40995,0.0187226,13.1893,15.4512,6.07335,153.686,2034.93,1.01217,0.281271,0.215161,0.281255,0.311085,0.390658,0.326648
2.56526,1.41232,0.0228549,13.2037,15.3271,6.08033,153.865,2036.32,1.01368,0.281396,0.215286,0.28138,0.31121,0.390783,0.326773
2.56909,1.41469,0.0269813,13.2171,15.2247,6.08626,154.043,2037.71,1.01526,0.281521,0.215411,0.281505,0.311335,0.390908,0.326898
2.57293,1.41321,0.0311154,13.196,15.1183,6.0159,154.076,2039.09,1,0.281646,0.215104,0.28163,0.311172,0.391032,0.327007
2.57471,1.41554,0.0187398,13.209,14.9997,6.02277,154.255,2040.48,1.0006,0.281771,0.215229,0.281755,0.311296,0.391157,0.327132
2.57854,1.41792,0.0228837,13.2242,14.912,6.02759,154.433,2041.87,1.00127,0.281896,0.215354,0.28188,0.311421,0.391282,0.327257
2.58239,1.4203,0.0270346,13.2362,14.8171,6.0334,154.612,2043.25,1.00202,0.282021,0.215479,0.282005,0.311546,0.391407,0.327382
2.58623,1.42269,0.0311858,13.2515,14.7229,6.03859,154.791,2044.63,1.00285,0.282146,0.215604,0.28213,0.311671,0.391532,0.327507
2.58788,1.42504,0.0187639,13.2641,14.6074,6.04544,154.97,2046.02,1.00375,0.282271,0.215729,0.282255,0.311796,0.391657,0.327632
2.59173,1.42743,0.0229195,13.2776,14.537,6.04966,155.149,2047.4,1.00473,0.282396,0.215854,0.28238,0.311921,0.391782,0.327757
2.59558,1.42982,0.0270879,13.2916,14.4609,6.05416,155.329,2048.78,1.00578,0.282521,0.215979,0.282505,0.312046,0.391907,0.327882
2.59944,1.43222,0.031257,13.3049,14.3619,6.06005,155.508,2050.16,1.00691,0.282646,0.216104,0.28263,0.312171,0.392032,0.328007
2.60119,1.43462,0.0187855,13.3186,14.2914,6.06426,155.688,2051.54,1.00812,0.282771,0.216229,0.282755,0.312296,0.392157,0.328132
2.60506,1.43701,0.0229588,13.3301,14.2151,6.06924,155.868,2052.92,1.0094,0.282896,0.216354,0.28288,0.312421,0.392282,0.328257
2.60893,1.43941,0.0271387,13.343,14.1071,6.07572,156.048,2054.3,1.01076,0.28302,0.216479,0.283005,0.312546,0.392407,0.328382
2.61279,1.44181,0.0313259,13.3561,14.0009,6.08209,156.228,2055.67,1.01219,0.283145,0.216604,0.28313,0.312671,0.392532,0.328507
2.61416,1.44422,0.0188112,13.3691,13.9,6.08817,156.409,2057.05,1.0137,0.28327,0.216729,0.283255,0.312796,0.392657,0.328632
2.61804,1.44663,0.022998,13.3826,13.7998,6.09416,156.589,2058.43,1.01529,0.283395,0.216854,0.28338,0.312921,0.392782,0.328757
2.62191,1.44499,0.0271909,13.3604,13.7198,6.02242,156.626,2059.79,1,0.28352,0.216538,0.283504,0.312756,0.392907,0.328864
2.6258,1.4474,0.0313805,13.3728,13.6468,6.02704,156.807,2061.17,1.0006,0.283645,0.216663,0.283629,0.312881,0.393032,0.328989
2.62739,1.44981,0.0188317,13.3865,13.5646,6.03197,156.987,2062.54,1.00127,0.28377,0.216788,0.283754,0.313006,0.393157,0.329114
2.63128,1.45222,0.0230378,13.4003,13.4391,6.03929,157.168,2063.91,1.00203,0.283895,0.216913,0.283879,0.313131,0.393282,0.329239
2.63517,1.45464,0.0272424,13.4149,13.3182,6.04621,157.35,2065.28,1.00285,0.28402,0.217038,0.284004,0.313256,0.393407,0.329364
2.63907,1.45706,0.0314514,13.4286,13.2456,6.05065,157.531,2066.65,1.00375,0.284145,0.217163,0.284129,0.313381,0.393532,0.329489
2.6408,1.45947,0.0188535,13.4428,13.1377,6.05696,157.713,2068.02,1.00473,0.28427,0.217288,0.284254,0.313506,0.393657,0.329614
2.6447,1.4619,0.0230662,13.4574,13.0404,6.06262,157.894,2069.39,1.00579,0.284395,0.217413,0.284379,0.313631,0.393782,0.329739
2.64861,1.46433,0.027285,13.4709,12.9431,6.0685,158.076,2070.75,1.00692,0.28452,0.217538,0.284504,0.313756,0.393907,0.329864
2.65252,1.46676,0.0315086,13.4849,12.8363,6.07484,158.258,2072.12,1.00813,0.284645,0.217663,0.284629,0.313881,0.394032,0.329989
2.65461,1.46917,0.0188739,13.4985,12.7355,6.08094,158.44,2073.48,1.00941,0.28477,0.217788,0.284754,0.314006,0.394157,0.330114
2.65854,1.4716,0.0230996,13.5106,12.6239,6.08789,158.623,2074.85,1.01077,0.284895,0.217913,0.284879,0.314131,0.394282,0.330239
2.66245,1.47404,0.0273371,13.5264,12.5343,6.09302,158.805,2076.21,1.01221,0.28502,0.218038,0.285004,0.314256,0.394406,0.330364
2.66638,1.47649,0.0315703,13.5405,12.4407,6.09866,158.988,2077.57,1.01372,0.285145,0.218163,0.285129,0.314381,0.394531,0.330489
2.66849,1.47891,0.0188966,13.5534,12.3435,6.10475,159.171,2078.93,1.01532,0.28527,0.218288,0.285254,0.314506,0.394656,0.330614
2.67241,1.47713,0.0231411,13.5327,12.2652,6.03247,159.211,2080.29,1,0.285395,0.217962,0.285379,0.314339,0.394781,0.33072
2.67635,1.47957,0.0273862,13.5474,12.1598,6.03862,159.394,2081.64,1.0006,0.28552,0.218087,0.285504,0.314464,0.394906,0.330845
2.68028,1.48202,0.0316429,13.5608,12.0591,6.04479,159.577,2083,1.00128,0.285645,0.218212,0.285629,0.314589,0.395031,0.33097
2.68203,1.48444,0.0189215,13.5763,11.9685,6.05006,159.76,2084.36,1.00203,0.28577,0.218337,0.285754,0.314714,0.395156,0.331095
2.68597,1.48689,0.0231843,13.5906,11.8658,6.05622,159.944,2085.71,1.00286,0.285895,0.218462,0.285879,0.314839,0.395281,0.33122
2.68991,1.48934,0.0274532,13.604,11.7731,6.06198,160.127,2087.07,1.00376,0.28602,0.218587,0.286004,0.314964,0.395406,0.331345
2.69387,1.4918,0.031717,13.6175,11.6851,6.06745,160.311,2088.42,1.00474,0.286145,0.218712,0.286129,0.315089,0.395531,0.33147
2.6952,1.49425,0.0189466,13.6306,11.6076,6.07245,160.495,2089.78,1.0058,0.28627,0.218837,0.286254,0.315214,0.395656,0.331595
2.69915,1.49671,0.0232284,13.6446,11.5225,6.07775,160.679,2091.13,1.00693,0.286395,0.218962,0.286379,0.315339,0.395781,0.33172
2.7031,1.49918,0.0275124,13.6599,11.4314,6.08318,160.864,2092.48,1.00814,0.28652,0.219087,0.286504,0.315464,0.395906,0.331845
2.70705,1.50164,0.0318002,13.6733,11.3447,6.08866,161.048,2093.83,1.00943,0.286645,0.219213,0.286629,0.315589,0.396031,0.331969
2.7077,1.5041,0.0189738,13.6892,11.2423,6.09465,161.233,2095.18,1.01079,0.28677,0.219338,0.286754,0.315714,0.396156,0.332094
2.71167,1.50657,0.0232608,13.7015,11.1807,6.09892,161.418,2096.53,1.01223,0.286895,0.219463,0.286879,0.315839,0.396281,0.332219
2.71564,1.50905,0.0275567,13.7147,11.093,6.10453,161.603,2097.88,1.01375,0.28702,0.219588,0.287004,0.315964,0.396406,0.332344
2.71961,1.51153,0.0318473,13.7284,11.0226,6.10906,161.788,2099.22,1.01534,0.287145,0.219713,0.287129,0.316089,0.396531,0.332469
2.72112,1.50959,0.0189884,13.7049,10.948,6.03693,161.831,2100.56,1,0.28727,0.219378,0.287254,0.315921,0.396655,0.332573
2.7251,1.51206,0.0232883,13.7187,10.8519,6.04285,162.016,2101.91,1.0006,0.287395,0.219503,0.287379,0.316046,0.39678,0.332698
2.72909,1.51454,0.0275941,13.7323,10.7619,6.04849,162.202,2103.25,1.00128,0.28752,0.219628,0.287504,0.316171,0.396905,0.332823
2.73307,1.51702,0.0319071,13.7462,10.6549,6.05507,162.387,2104.6,1.00203,0.287645,0.219753,0.287629,0.316296,0.39703,0.332948
2.73514,1.5195,0.0190082,13.7605,10.5583,6.06101,162.573,2105.94,1.00286,0.28777,0.219878,0.287754,0.316421,0.397155,0.333073
2.73913,1.52199,0.0233294,13.774,10.4836,6.06587,162.759,2107.28,1.00376,0.287895,0.220003,0.287879,0.316546,0.39728,0.333198
2.74312,1.52448,0.0276522,13.7877,10.369,6.07295,162.945,2108.62,1.00475,0.28802,0.220128,0.288004,0.316671,0.397405,0.333323
2.74713,1.52697,0.0319763,13.8012,10.2847,6.07835,163.132,2109.96,1.0058,0.288145,0.220253,0.288129,0.316796,0.39753,0.333448
2.74912,1.52946,0.0190313,13.8158,10.2054,6.08332,163.319,2111.3,1.00694,0.28827,0.220378,0.288254,0.316921,0.397655,0.333573
2.75313,1.53196,0.0233682,13.8295,10.1166,6.08901,163.505,2112.63,1.00815,0.288395,0.220503,0.288379,0.317046,0.39778,0.333698
2.75713,1.53446,0.0277074,13.8455,10.0046,6.09565,163.692,2113.97,1.00944,0.28852,0.220628,0.288504,0.317171,0.397905,0.333823
2.76115,1.53697,0.0320404,13.8592,9.92531,6.10078,163.879,2115.31,1.0108,0.288645,0.220753,0.288629,0.317296,0.39803,0.333948
2.76314,1.53947,0.0190537,13.8721,9.84461,6.10614,164.067,2116.64,1.01224,0.28877,0.220878,0.288754,0.317421,0.398155,0.334073
2.76716,1.54198,0.0234023,13.8854,9.75325,6.11208,164.254,2117.97,1.01376,0.288895,0.221003,0.288879,0.317546,0.39828,0.334198
2.77117,1.54449,0.027755,13.9023,9.67615,6.11665,164.442,2119.31,1.01536,0.28902,0.221128,0.289003,0.317671,0.398405,0.334323
2.77519,1.54241,0.0321132,13.879,9.577,6.04574,164.487,2120.63,1,0.289145,0.220787,0.289128,0.317502,0.39853,0.334424
2.77705,1.54491,0.0190767,13.8922,9.48429,6.05173,164.675,2121.96,1.0006,0.28927,0.220912,0.289253,0.317627,0.398655,0.334549
2.78108,1.54742,0.0234396,13.9086,9.36685,6.05864,164.863,2123.29,1.00128,0.289395,0.221037,0.289378,0.317752,0.39878,0.334674
2.78511,1.54994,0.027805,13.9253,9.25209,6.06537,165.051,2124.62,1.00203,0.28952,0.221162,0.289503,0.317877,0.398905,0.334799
2.78914,1.55246,0.0321835,13.9394,9.17029,6.07065,165.239,2125.95,1.00286,0.289645,0.221287,0.289628,0.318002,0.39903,0.334924
2.79089,1.55494,0.0191003,13.954,9.10007,6.0752,165.428,2127.28,1.00377,0.28977,0.221412,0.289753,0.318127,0.399155,0.335049
2.79494,1.55746,0.0234739,13.9667,9.01987,6.0806,165.617,2128.6,1.00475,0.289895,0.221537,0.289878,0.318252,0.39928,0.335174
2.79898,1.55999,0.0278606,13.9804,8.95269,6.08514,165.805,2129.93,1.00581,0.29002,0.221662,0.290003,0.318377,0.399405,0.335299
2.80304,1.56252,0.0322428,13.9936,8.8678,6.09077,165.994,2131.25,1.00695,0.290145,0.221787,0.290128,0.318502,0.39953,0.335424
2.80509,1.56505,0.0191199,14.0082,8.79016,6.09579,166.184,2132.57,1.00816,0.29027,0.221912,0.290253,0.318627,0.399655,0.335549
2.80914,1.56758,0.0235112,14.0215,8.71498,6.10087,166.373,2133.9,1.00945,0.290395,0.222037,0.290378,0.318752,0.39978,0.335674
2.8132,1.57013,0.0279053,14.0362,8.65564,6.10483,166.563,2135.22,1.01081,0.29052,0.222162,0.290503,0.318877,0.399905,0.335799
2.81726,1.57267,0.0323056,14.0518,8.57253,6.11006,166.753,2136.54,1.01226,0.290645,0.222287,0.290628,0.319002,0.40003,0.335924
2.81936,1.57521,0.0191419,14.0672,8.47594,6.1161,166.943,2137.86,1.01378,0.29077,0.222412,0.290753,0.319127,0.400155,0.336049
2.82344,1.57776,0.023543,14.0818,8.42778,6.11945,167.133,2139.18,1.01537,0.290895,0.222537,0.290878,0.319252,0.40028,0.336174
2.82751,1.57553,0.0279568,14.0581,8.31729,6.04922,167.181,2140.49,1,0.29102,0.222188,0.291003,0.319083,0.400404,0.336273
2.83158,1.57807,0.032374,14.071,8.2394,6.05452,167.371,2141.81,1.0006,0.291145,0.222313,0.291128,0.319208,0.400529,0.336398
2.83347,1.58061,0.0191652,14.0842,8.14504,6.06074,167.561,2143.12,1.00128,0.29127,0.222438,0.291253,0.319333,0.400654,0.336523
2.83756,1.58316,0.0235894,14.0978,8.05772,6.06652,167.752,2144.44,1.00204,0.291395,0.222563,0.291378,0.319458,0.400779,0.336648
2.84164,1.58571,0.0280174,14.1111,7.98582,6.07147,167.943,2145.75,1.00287,0.29152,0.222688,0.291503,0.319583,0.400904,0.336773
2.84573,1.58827,0.0324445,14.125,7.93177,6.07529,168.134,2147.07,1.00377,0.291645,0.222813,0.291628,0.319708,0.401029,0.336898
2.84729,1.59083,0.0191895,14.1386,7.85071,6.08074,168.325,2148.38,1.00476,0.29177,0.222938,0.291753,0.319833,0.401154,0.337023
2.85139,1.59339,0.0236256,14.1521,7.77863,6.0857,168.516,2149.69,1.00582,0.291895,0.223063,0.291878,0.319958,0.401279,0.337148
2.85549,1.59595,0.0280691,14.1647,7.72664,6.08963,168.708,2151,1.00695,0.29202,0.223188,0.292003,0.320083,0.401404,0.337273
2.85957,1.59852,0.0325252,14.1799,7.64106,6.09517,168.9,2152.31,1.00816,0.292145,0.223313,0.292128,0.320208,0.401529,0.337398
2.86079,1.60107,0.0192139,14.1926,7.56947,6.10023,169.092,2153.62,1.00945,0.29227,0.223438,0.292253,0.320333,0.401654,0.337523
2.8649,1.60364,0.0236626,14.2072,7.46457,6.10696,169.284,2154.93,1.01082,0.292395,0.223563,0.292378,0.320458,0.401779,0.337648
2.86901,1.60622,0.0281227,14.2216,7.40657,6.11104,169.476,2156.24,1.01226,0.29252,0.223688,0.292503,0.320583,0.401904,0.337773
2.87312,1.6088,0.0325861,14.236,7.30608,6.11759,169.669,2157.55,1.01378,0.292645,0.223813,0.292628,0.320708,0.402029,0.337898
2.87458,1.61138,0.0192339,14.25,7.24799,6.12173,169.862,2158.85,1.01538,0.29277,0.223938,0.292753,0.320833,0.402154,0.338023
2.8787,1.60901,0.0237016,14.2243,7.17683,6.04952,169.912,2160.15,1,0.292895,0.223583,0.292877,0.320663,0.402279,0.338119
2.88282,1.61159,0.0281728,14.2386,7.10484,6.05438,170.105,2161.46,1.0006,0.29302,0.223708,0.293002,0.320788,0.402404,0.338244
2.88695,1.61417,0.0326458,14.2541,7.01389,6.06017,170.298,2162.76,1.00128,0.293145,0.223833,0.293127,0.320913,0.402529,0.338369
2.88848,1.61676,0.0192549,14.2706,6.92138,6.06593,170.491,2164.06,1.00204,0.29327,0.223958,0.293252,0.321038,0.402654,0.338494
2.89262,1.61934,0.0237303,14.2852,6.84167,6.07121,170.684,2165.36,1.00287,0.293395,0.224083,0.293377,0.321163,0.402779,0.338619
2.89675,1.62193,0.0282197,14.3,6.75879,6.07671,170.878,2166.66,1.00377,0.29352,0.224208,0.293502,0.321288,0.402904,0.338744
2.9009,1.62453,0.0327029,14.3134,6.68466,6.08186,171.072,2167.96,1.00476,0.293645,0.224333,0.293627,0.321413,0.403029,0.338869
2.90296,1.62712,0.0192739,14.3284,6.60511,6.08713,171.266,2169.26,1.00582,0.29377,0.224458,0.293752,0.321538,0.403154,0.338994
2.90711,1.62972,0.0237654,14.3435,6.53899,6.09161,171.46,2170.56,1.00695,0.293895,0.224583,0.293877,0.321663,0.403279,0.339119
2.91127,1.63232,0.0282583,14.3579,6.44839,6.09762,171.654,2171.86,1.00817,0.29402,0.224708,0.294002,0.321788,0.403404,0.339244
2.91542,1.63493,0.0327574,14.3738,6.38846,6.10164,171.849,2173.15,1.00946,0.294145,0.224833,0.294127,0.321912,0.403529,0.339369
2.91809,1.63753,0.0192924,14.3883,6.28899,6.10821,172.043,2174.45,1.01082,0.29427,0.224958,0.294252,0.322037,0.403654,0.339494
2.92225,1.64014,0.0238022,14.4018,6.20051,6.1143,172.238,2175.74,1.01227,0.294395,0.225083,0.294377,0.322162,0.403779,0.339619
2.92642,1.64275,0.0283154,14.4161,6.12818,6.11933,172.434,2177.04,1.01379,0.29452,0.225208,0.294502,0.322287,0.403904,0.339744
2.93059,1.64536,0.0328358,14.4289,6.02851,6.1262,172.629,2178.33,1.01538,0.294645,0.225333,0.294627,0.322412,0.404029,0.339869
2.93263,1.64285,0.0193172,14.4062,5.93276,6.05496,172.682,2179.61,1,0.29477,0.224972,0.294752,0.322242,0.404153,0.339962
2.9368,1.64546,0.0238436,14.4214,5.86364,6.05966,172.877,2180.9,1.0006,0.294895,0.225097,0.294877,0.322367,0.404278,0.340087
2.94098,1.64808,0.028371,14.4359,5.79105,6.06465,173.073,2182.19,1.00128,0.29502,0.225222,0.295002,0.322492,0.404403,0.340212
2.94516,1.6507,0.0329035,14.4505,5.71652,6.06974,173.268,2183.48,1.00204,0.295145,0.225347,0.295127,0.322617,0.404528,0.340337
2.94708,1.65332,0.0193403,14.4651,5.66101,6.07376,173.464,2184.77,1.00287,0.29527,0.225472,0.295252,0.322742,0.404653,0.340462
2.95127,1.65594,0.0238794,14.4791,5.57682,6.07954,173.661,2186.05,1.00378,0.295395,0.225597,0.295377,0.322867,0.404778,0.340587
2.95546,1.65857,0.0284329,14.4927,5.50907,6.08446,173.857,2187.34,1.00476,0.29552,0.225722,0.295502,0.322992,0.404903,0.340712
2.95966,1.6612,0.0329771,14.5062,5.46968,6.08767,174.054,2188.63,1.00582,0.295645,0.225847,0.295627,0.323117,0.405028,0.340837
2.96127,1.66383,0.0193641,14.5209,5.3728,6.09415,174.25,2189.91,1.00696,0.29577,0.225972,0.295752,0.323242,0.405153,0.340962
2.96547,1.66647,0.0239152,14.5352,5.30598,6.09889,174.447,2191.19,1.00817,0.295895,0.226097,0.295877,0.323367,0.405278,0.341087
2.96967,1.66911,0.0284757,14.5513,5.23859,6.10345,174.645,2192.48,1.00946,0.29602,0.226222,0.296002,0.323492,0.405403,0.341212
2.97388,1.67175,0.0330395,14.5652,5.15217,6.10944,174.842,2193.76,1.01083,0.296145,0.226347,0.296127,0.323617,0.405528,0.341337
2.97558,1.67439,0.0193854,14.5801,5.09257,6.11375,175.04,2195.04,1.01227,0.29627,0.226472,0.296252,0.323742,0.405653,0.341462
2.9798,1.67704,0.0239478,14.5958,5.00452,6.11959,175.237,2196.32,1.01379,0.296395,0.226597,0.296377,0.323867,0.405778,0.341587
2.98401,1.67969,0.0285229,14.6124,4.92555,6.12481,175.435,2197.6,1.01539,0.29652,0.226722,0.296502,0.323992,0.405903,0.341712
2.98823,1.67706,0.0331068,14.5895,4.85653,6.05212,175.49,2198.87,1,0.296645,0.226357,0.296627,0.323822,0.406028,0.341803
2.98993,1.6797,0.019407,14.606,4.78882,6.05668,175.688,2200.15,1.0006,0.296769,0.226482,0.296752,0.323947,0.406153,0.341928
2.99415,1.68235,0.0239958,14.6224,4.72953,6.06075,175.887,2201.42,1.00128,0.296894,0.226607,0.296877,0.324072,0.406278,0.342053
2.99838,1.68501,0.0285917,14.6368,4.67568,6.06479,176.085,2202.7,1.00204,0.297019,0.226732,0.297002,0.324197,0.406403,0.342178
3.0026,1.68766,0.0331917,14.6517,4.6178,6.06901,176.284,2203.97,1.00287,0.297144,0.226857,0.297127,0.324322,0.406528,0.342303
3.00358,1.69032,0.019433,14.6656,4.53525,6.07481,176.483,2205.25,1.00377,0.297269,0.226982,0.297252,0.324447,0.406653,0.342428
3.00782,1.69298,0.024033,14.6796,4.48412,6.07874,176.682,2206.52,1.00476,0.297394,0.227107,0.297377,0.324572,0.406778,0.342553
3.01207,1.69565,0.0286341,14.6942,4.41299,6.08378,176.881,2207.79,1.00582,0.297519,0.227232,0.297502,0.324697,0.406903,0.342678
3.01631,1.69832,0.0332432,14.7105,4.33501,6.08902,177.08,2209.06,1.00695,0.297644,0.227357,0.297627,0.324822,0.407028,0.342802
3.01777,1.70098,0.0194516,14.724,4.24401,6.09545,177.28,2210.34,1.00817,0.297769,0.227482,0.297752,0.324947,0.407153,0.342927
3.02202,1.70366,0.0240633,14.7407,4.15969,6.10103,177.48,2211.6,1.00946,0.297894,0.227607,0.297877,0.325072,0.407278,0.343052
3.02627,1.70633,0.0286848,14.7568,4.07009,6.10704,177.68,2212.87,1.01082,0.298019,0.227732,0.298002,0.325197,0.407403,0.343177
3.03053,1.70901,0.0333094,14.7714,3.98206,6.11315,177.88,2214.14,1.01227,0.298144,0.227857,0.298127,0.325322,0.407528,0.343302
3.03215,1.71167,0.0194727,14.7878,3.89579,6.11897,178.081,2215.41,1.01379,0.298269,0.227982,0.298252,0.325447,0.407653,0.343427
3.03641,1.71435,0.0241051,14.8031,3.81655,6.12452,178.281,2216.67,1.01538,0.298394,0.228107,0.298377,0.325572,0.407778,0.343552
3.04067,1.7116,0.0287424,14.7805,3.73268,6.05273,178.339,2217.93,1,0.298519,0.227737,0.298501,0.325401,0.407902,0.34364
3.04494,1.71428,0.0333838,14.7951,3.6794,6.05676,178.539,2219.19,1.0006,0.298644,0.227862,0.298626,0.325526,0.408027,0.343765
3.04621,1.71694,0.0194959,14.8102,3.59239,6.06275,178.74,2220.46,1.00128,0.298769,0.227987,0.298751,0.325651,0.408152,0.34389
3.05049,1.71963,0.0241432,14.8262,3.53793,6.06671,178.941,2221.72,1.00204,0.298894,0.228112,0.298876,0.325776,0.408277,0.344015
3.05477,1.72232,0.0287941,14.8412,3.44554,6.07305,179.143,2222.98,1.00287,0.299019,0.228237,0.299001,0.325901,0.408402,0.34414
3.05906,1.725,0.0334503,14.854,3.36042,6.07925,179.344,2224.24,1.00377,0.299144,0.228362,0.299126,0.326026,0.408527,0.344265
3.06032,1.72769,0.0195176,14.8713,3.29994,6.08343,179.546,2225.5,1.00476,0.299269,0.228487,0.299251,0.326151,0.408652,0.34439
3.06461,1.73039,0.0241797,14.8852,3.243,6.08785,179.748,2226.75,1.00582,0.299394,0.228612,0.299376,0.326276,0.408777,0.344515
3.0689,1.73309,0.0288457,14.9015,3.17624,6.09253,179.95,2228.01,1.00695,0.299519,0.228737,0.299501,0.326401,0.408902,0.34464
3.0732,1.73579,0.0335141,14.9164,3.10273,6.09781,180.152,2229.27,1.00817,0.299644,0.228862,0.299626,0.326526,0.409027,0.344765
3.07465,1.7385,0.0195378,14.9296,3.04449,6.10241,180.355,2230.52,1.00946,0.299769,0.228987,0.299751,0.326651,0.409152,0.34489
3.07895,1.74121,0.0242117,14.9435,2.99041,6.10667,180.558,2231.78,1.01082,0.299894,0.229112,0.299876,0.326776,0.409277,0.345015
3.08327,1.74392,0.0288885,14.9587,2.9091,6.11241,180.761,2233.03,1.01227,0.300019,0.229237,0.300001,0.326901,0.409402,0.34514
3.08758,1.74664,0.0335701,14.9738,2.84345,6.11723,180.964,2234.29,1.01379,0.300144,0.229362,0.300126,0.327026,0.409527,0.345265
3.08962,1.74936,0.0195559,14.9909,2.76634,6.12252,181.167,2235.54,1.01539,0.300269,0.229487,0.300251,0.327151,0.409652,0.34539
3.09394,1.74647,0.0242428,14.9671,2.68414,6.05085,181.227,2236.78,1,0.300394,0.229113,0.300376,0.326981,0.409777,0.345474
3.09825,1.74919,0.0289421,14.9839,2.60536,6.05624,181.43,2238.03,1.0006,0.300519,0.229238,0.300501,0.327106,0.409902,0.345599
3.10258,1.7519,0.0336424,14.9972,2.53212,6.06172,181.634,2239.28,1.00128,0.300644,0.229363,0.300626,0.327231,0.410027,0.345724
3.10439,1.75462,0.0195786,15.0122,2.48666,6.06536,181.838,2240.53,1.00204,0.300769,0.229488,0.300751,0.327356,0.410152,0.345849
3.10871,1.75735,0.0242889,15.027,2.44381,6.06887,182.042,2241.78,1.00287,0.300894,0.229613,0.300876,0.327481,0.410277,0.345974
3.11304,1.76008,0.0290089,15.0445,2.36209,6.07441,182.246,2243.02,1.00377,0.301019,0.229738,0.301001,0.327606,0.410402,0.346099
3.11737,1.76281,0.0337253,15.0586,2.28854,6.07986,182.451,2244.27,1.00476,0.301144,0.229863,0.301126,0.327731,0.410527,0.346224
3.11826,1.76554,0.0196056,15.0742,2.23001,6.08425,182.655,2245.51,1.00582,0.301269,0.229988,0.301251,0.327856,0.410652,0.346349
3.12259,1.76828,0.0243274,15.0931,2.1668,6.08852,182.86,2246.76,1.00695,0.301394,0.230113,0.301376,0.327981,0.410777,0.346474
3.12694,1.77102,0.0290571,15.1076,2.11175,6.09285,183.065,2248,1.00817,0.301519,0.230238,0.301501,0.328106,0.410902,0.346599
3.13128,1.77377,0.0337903,15.1251,2.0263,6.09865,183.271,2249.24,1.00946,0.301644,0.230363,0.301626,0.328231,0.411027,0.346724
3.13226,1.77651,0.0196261,15.1401,1.98124,6.10234,183.476,2250.48,1.01082,0.301769,0.230488,0.301751,0.328356,0.411152,0.346849
3.13662,1.77926,0.024364,15.1545,1.91464,6.1074,183.682,2251.72,1.01226,0.301894,0.230613,0.301876,0.328481,0.411277,0.346974
3.14098,1.78201,0.0291074,15.1699,1.8328,6.11328,183.888,2252.96,1.01378,0.302019,0.230739,0.302001,0.328606,0.411402,0.347099
3.14534,1.78476,0.0338536,15.1863,1.76405,6.11824,184.094,2254.2,1.01538,0.302144,0.230864,0.302126,0.328731,0.411527,0.347224
3.14668,1.78175,0.0196439,15.1634,1.70494,6.04522,184.156,2255.43,1,0.302269,0.230486,0.302251,0.328561,0.411651,0.347305
3.15105,1.7845,0.0243958,15.1797,1.63242,6.05038,184.362,2256.67,1.0006,0.302394,0.230611,0.302376,0.328686,0.411776,0.34743
3.15542,1.78726,0.0291549,15.1953,1.56212,6.05553,184.569,2257.91,1.00128,0.302519,0.230736,0.302501,0.328811,0.411901,0.347555
3.1598,1.79001,0.0339123,15.2112,1.48375,6.0611,184.775,2259.14,1.00203,0.302644,0.230861,0.302626,0.328936,0.412026,0.347679
3.16138,1.79275,0.0196651,15.2287,1.41527,6.06592,184.982,2260.38,1.00287,0.302769,0.230987,0.302751,0.329061,0.412151,0.347804
3.16576,1.79552,0.0244321,15.2463,1.32556,6.07202,185.189,2261.61,1.00377,0.302894,0.231112,0.302876,0.329186,0.412276,0.347929
3.17014,1.79829,0.0292102,15.2633,1.28522,6.07524,185.396,2262.84,1.00475,0.303019,0.231237,0.303001,0.329311,0.412401,0.348054
3.17452,1.80105,0.033988,15.2783,1.21066,6.08075,185.604,2264.07,1.00581,0.303144,0.231362,0.303126,0.329436,0.412526,0.348179
3.17554,1.8038,0.0196901,15.2934,1.14218,6.08592,185.812,2265.3,1.00695,0.303269,0.231487,0.303251,0.329561,0.412651,0.348304
3.17993,1.80657,0.0244752,15.3098,1.06608,6.09139,186.02,2266.53,1.00816,0.303394,0.231612,0.303376,0.329686,0.412776,0.348429
3.18433,1.80935,0.0292608,15.3254,1.00332,6.09614,186.228,2267.76,1.00945,0.303519,0.231737,0.303501,0.329811,0.412901,0.348554
3.18872,1.81213,0.0340587,15.3441,0.900278,6.10302,186.436,2268.99,1.01082,0.303644,0.231862,0.303625,0.329936,0.413026,0.348679
3.19033,1.81488,0.0197077,15.358,0.848878,6.10727,186.645,2270.22,1.01226,0.303769,0.231987,0.30375,0.330061,0.413151,0.348804
3.19473,1.81767,0.0245056,15.3735,0.812545,6.11047,186.854,2271.44,1.01378,0.303894,0.232112,0.303875,0.330186,0.413276,0.348929
3.19915,1.82046,0.0293079,15.3891,0.755699,6.11491,187.063,2272.67,1.01537,0.304019,0.232237,0.304,0.330311,0.413401,0.349054
3.20355,1.81733,0.0341267,15.3634,0.674907,6.04367,187.126,2273.88,1,0.304144,0.231857,0.304125,0.330142,0.413526,0.349131
3.20447,1.82009,0.0197328,15.3771,0.567755,6.05133,187.335,2275.11,1.0006,0.304269,0.231982,0.30425,0.330267,0.413651,0.349256
3.2089,1.82287,0.0245442,15.3907,0.50006,6.05661,187.544,2276.33,1.00128,0.304394,0.232107,0.304375,0.330392,0.413776,0.349381
3.21332,1.82566,0.0293659,15.4058,0.431387,6.06182,187.754,2277.55,1.00203,0.304519,0.232232,0.3045,0.330517,0.413901,0.349506
3.21774,1.82846,0.0341921,15.4202,0.377951,6.06619,187.964,2278.77,1.00286,0.304644,0.232357,0.304625,0.330642,0.414026,0.349631
3.21888,1.83125,0.0197526,15.4368,0.298298,6.0719,188.174,2279.99,1.00377,0.304769,0.232482,0.30475,0.330767,0.414151,0.349756
3.22331,1.83405,0.0245813,15.4532,0.242526,6.07619,188.384,2281.21,1.00475,0.304894,0.232607,0.304875,0.330892,0.414276,0.349881
3.22774,1.83685,0.0294186,15.4683,0.198046,6.07998,188.594,2282.42,1.00581,0.305019,0.232732,0.305,0.331017,0.414401,0.350006
3.23218,1.83966,0.0342591,15.484,0.145854,6.08415,188.805,2283.64,1.00695,0.305144,0.232857,0.305125,0.331142,0.414526,0.350131
3.23343,1.84246,0.019773,15.4998,0.0628707,6.09021,189.016,2284.86,1.00816,0.305269,0.232982,0.30525,0.331266,0.41465,0.350256
3.23788,1.84528,0.024612,15.5155,-0.00247499,6.09519,189.227,2286.07,1.00945,0.305394,0.233107,0.305375,0.331391,0.414775,0.350381
3.24232,1.84809,0.0294711,15.532,-0.053355,6.09925,189.438,2287.28,1.01081,0.305519,0.233232,0.3055,0.331516,0.4149,0.350506
3.24676,1.85091,0.0343329,15.5464,-0.0893539,6.10264,189.65,2288.5,1.01226,0.305644,0.233357,0.305625,0.331641,0.415025,0.350631
3.24708,1.85373,0.0197997,15.561,0.05,6.10896,189.861,2289.71,1.01377,0.305769,0.233482,0.30575,0.331766,0.41515,0.350756
3.25153,1.85655,0.024661,15.5776,-0.00736944,6.11342,190.073,2290.92,1.01537,0.305894,0.233607,0.305875,0.331891,0.415275,0.350881
3.25599,1.85331,0.0295281,15.5549,0.05,6.04048,190.139,2292.13,1,0.306019,0.233224,0.306,0.331723,0.4154,0.350955
3.26044,1.85613,0.0344048,15.5717,-0.02016,6.04566,190.351,2293.34,1.0006,0.306144,0.233349,0.306125,0.331848,0.415525,0.35108
3.26088,1.85895,0.0198192,15.5871,0.05,6.04985,190.563,2294.54,1.00128,0.306269,0.233474,0.30625,0.331973,0.41565,0.351205
3.26536,1.86178,0.0246916,15.6035,-0.0208661,6.0551,190.775,2295.75,1.00203,0.306394,0.233599,0.306375,0.332098,0.415775,0.35133
3.26983,1.86461,0.0295686,15.6196,-0.0634125,6.05869,190.988,2296.96,1.00286,0.306519,0.233724,0.3065,0.332223,0.4159,0.351454
3.27431,1.86744,0.0344509,15.6361,-0.163048,6.06572,191.201,2298.17,1.00377,0.306644,0.233849,0.306625,0.332348,0.416025,0.351579
3.27589,1.87025,0.019834,15.6498,0.05,6.07129,191.414,2299.37,1.00475,0.306769,0.233974,0.30675,0.332473,0.41615,0.351704
3.28037,1.87309,0.0247238,15.6654,0.0210369,6.07414,191.627,2300.58,1.00581,0.306894,0.234099,0.306875,0.332598,0.416275,0.351829
3.28486,1.87593,0.0296182,15.6812,-0.0413648,6.07901,191.841,2301.78,1.00694,0.307019,0.234224,0.307,0.332723,0.4164,0.351954
3.28935,1.87878,0.0345153,15.6972,-0.106001,6.08401,192.055,2302.98,1.00815,0.307144,0.234349,0.307125,0.332848,0.416525,0.352079
3.29119,1.88162,0.0198538,15.7128,0.05,6.09022,192.269,2304.18,1.00944,0.307269,0.234474,0.30725,0.332973,0.41665,0.352204
3.29569,1.88447,0.0247617,15.7305,-0.0122172,6.09493,192.483,2305.38,1.01081,0.307394,0.234599,0.307375,0.333098,0.416775,0.352329
3.30018,1.88732,0.029678,15.7458,-0.0713788,6.09971,192.697,2306.58,1.01225,0.307519,0.234724,0.3075,0.333223,0.4169,0.352454
3.30468,1.89018,0.0345967,15.7607,-0.123542,6.10411,192.912,2307.78,1.01376,0.307644,0.234849,0.307625,0.333348,0.417025,0.352579
3.30542,1.89301,0.0198812,15.7781,0.05,6.11099,193.127,2308.98,1.01536,0.307769,0.234974,0.30775,0.333473,0.41715,0.352704
3.30992,1.88965,0.0248052,15.7537,0.05,6.04062,193.194,2310.17,1,0.307894,0.234589,0.307874,0.333304,0.417275,0.352774
3.31443,1.89251,0.0297382,15.7711,-0.0146117,6.04551,193.409,2311.37,1.0006,0.308019,0.234714,0.307999,0.333429,0.4174,0.352899
3.31895,1.89537,0.03467,15.7878,-0.104239,6.05198,193.624,2312.56,1.00128,0.308144,0.234839,0.308124,0.333554,0.417525,0.353024
3.31979,1.89816,0.0199011,15.8045,0.05,6.05662,193.84,2313.76,1.00203,0.308269,0.234964,0.308249,0.333679,0.41765,0.353149
3.3243,1.90103,0.0248435,15.8193,0.0513195,6.05777,194.056,2314.95,1.00286,0.308394,0.235089,0.308374,0.333804,0.417774,0.353274
3.32883,1.90389,0.0297847,15.8347,0.0139871,6.0612,194.271,2316.14,1.00377,0.308519,0.235214,0.308499,0.333929,0.417899,0.353399
3.33334,1.90677,0.0347492,15.8512,-0.0278428,6.06485,194.488,2317.33,1.00475,0.308644,0.235339,0.308624,0.334054,0.418024,0.353524
3.3336,1.90964,0.0199247,15.8665,0.05,6.06928,194.704,2318.53,1.00581,0.308769,0.235464,0.308749,0.334179,0.418149,0.353649
3.33814,1.91251,0.024879,15.8806,-0.016539,6.07468,194.92,2319.72,1.00694,0.308894,0.235589,0.308874,0.334304,0.418274,0.353774
3.34266,1.91539,0.0298485,15.8955,-0.0456669,6.07772,195.137,2320.91,1.00815,0.309019,0.235714,0.308999,0.334429,0.418399,0.353899
3.3472,1.91827,0.0348106,15.9121,-0.115094,6.08305,195.354,2322.1,1.00944,0.309144,0.235839,0.309124,0.334554,0.418524,0.354024
3.34779,1.92115,0.0199434,15.9287,0.05,6.09025,195.571,2323.28,1.0108,0.309269,0.235964,0.309249,0.334679,0.418649,0.354149
3.35234,1.92404,0.0249157,15.9466,-0.0277769,6.09601,195.789,2324.47,1.01224,0.309394,0.236089,0.309374,0.334804,0.418774,0.354273
3.35687,1.92693,0.0299043,15.9647,-0.0810093,6.10026,196.007,2325.66,1.01376,0.309519,0.236214,0.309499,0.334929,0.418899,0.354398
3.36142,1.92983,0.0348811,15.9824,-0.135566,6.1046,196.225,2326.84,1.01535,0.309644,0.236339,0.309624,0.335054,0.419024,0.354523
3.36151,1.92635,0.0199659,15.9587,0.05,6.03097,196.294,2328.02,1,0.309769,0.235952,0.309749,0.334887,0.419149,0.354588
3.36606,1.92924,0.024954,15.9741,-0.040154,6.03769,196.512,2329.2,1.0006,0.309894,0.236077,0.309874,0.335012,0.419274,0.354713
3.37061,1.93213,0.0299525,15.9922,-0.0953829,6.04204,196.73,2330.38,1.00128,0.310019,0.236202,0.309999,0.335137,0.419399,0.354838
3.37518,1.93503,0.0349471,16.0089,-0.143903,6.0461,196.948,2331.56,1.00203,0.310144,0.236327,0.310124,0.335262,0.419524,0.354963
3.37504,1.93792,0.0199884,16.0221,0.05,6.04975,197.167,2332.75,1.00286,0.310269,0.236452,0.310249,0.335387,0.419649,0.355088
3.37962,1.94082,0.0249874,16.0392,-0.0236521,6.05533,197.386,2333.93,1.00376,0.310394,0.236577,0.310374,0.335512,0.419774,0.355213
3.38419,1.94373,0.0299927,16.0547,-0.0760737,6.05977,197.605,2335.1,1.00474,0.310519,0.236702,0.310499,0.335637,0.419899,0.355338
3.38876,1.94664,0.0350042,16.0742,-0.150052,6.06517,197.824,2336.28,1.0058,0.310643,0.236827,0.310624,0.335762,0.420024,0.355463
3.38961,1.94951,0.0200042,16.093,0.05,6.07014,198.044,2337.46,1.00693,0.310768,0.236952,0.310749,0.335887,0.420149,0.355588
3.3942,1.95242,0.0250201,16.1101,-0.0176323,6.0754,198.264,2338.64,1.00814,0.310893,0.237077,0.310874,0.336012,0.420274,0.355713
3.39879,1.95534,0.0300363,16.1256,-0.0518703,6.07875,198.484,2339.81,1.00943,0.311018,0.237202,0.310999,0.336137,0.420399,0.355838
3.40337,1.95826,0.0350655,16.142,-0.102665,6.08307,198.704,2340.99,1.01079,0.311143,0.237327,0.311124,0.336262,0.420524,0.355963
3.40443,1.96116,0.0200239,16.1625,0.05,6.08812,198.925,2342.16,1.01223,0.311268,0.237452,0.311249,0.336387,0.420649,0.356088
3.40902,1.96409,0.0250599,16.1797,0.024438,6.09083,199.145,2343.33,1.01374,0.311393,0.237577,0.311374,0.336512,0.420774,0.356213
3.41362,1.96702,0.0300921,16.1972,-0.0580304,6.09701,199.366,2344.51,1.01533,0.311518,0.237702,0.311499,0.336637,0.420899,0.356338
3.41822,1.96344,0.0351402,16.173,0.05,6.02613,199.437,2345.67,1,0.311643,0.237314,0.311624,0.336471,0.421023,0.356399
3.41857,1.96634,0.0200482,16.1871,0.05,6.03027,199.658,2346.84,1.0006,0.311768,0.237439,0.311749,0.336596,0.421148,0.356524
3.42318,1.96927,0.0250927,16.205,-0.00879841,6.03492,199.879,2348.01,1.00128,0.311893,0.237564,0.311874,0.336721,0.421273,0.356649
3.4278,1.9722,0.0301391,16.2211,-0.0612864,6.03936,200.101,2349.18,1.00203,0.312018,0.237689,0.311999,0.336846,0.421398,0.356774
3.43241,1.97513,0.0352012,16.2373,-0.101533,6.04306,200.323,2350.35,1.00286,0.312143,0.237814,0.312124,0.336971,0.421523,0.356899
3.43313,1.97806,0.0200667,16.253,0.05,6.04751,200.545,2351.51,1.00376,0.312268,0.237939,0.312249,0.337096,0.421648,0.357024
3.43776,1.981,0.0251257,16.2672,0.000868516,6.05193,200.767,2352.68,1.00474,0.312393,0.238064,0.312374,0.337221,0.421773,0.357149
3.44239,1.98395,0.0301878,16.2847,-0.0567728,6.05659,200.989,2353.84,1.00579,0.312518,0.238189,0.312499,0.337346,0.421898,0.357274
3.44701,1.98689,0.0352622,16.2994,-0.0747326,6.05908,201.212,2355.01,1.00693,0.312643,0.238314,0.312624,0.337471,0.422023,0.357399
3.44813,1.98984,0.0200851,16.3174,0.05,6.06312,201.435,2356.17,1.00813,0.312768,0.238439,0.312749,0.337596,0.422148,0.357524
3.45278,1.9928,0.02515,16.3348,0.0262001,6.06569,201.658,2357.34,1.00942,0.312893,0.238564,0.312874,0.337721,0.422273,0.357649
3.45742,1.99576,0.0302337,16.3531,-0.0611932,6.07218,201.881,2358.5,1.01078,0.313018,0.238689,0.312999,0.337846,0.422398,0.357774
3.46206,1.99871,0.0353228,16.37,-0.126039,6.07742,202.105,2359.66,1.01221,0.313143,0.238814,0.313124,0.337971,0.422523,0.357899
3.46323,2.00166,0.020106,16.3867,0.05,6.08235,202.329,2360.82,1.01372,0.313268,0.238939,0.313249,0.338096,0.422648,0.358024
3.46789,2.00462,0.0251981,16.4005,-0.0362138,6.0892,202.553,2361.98,1.01531,0.313393,0.239064,0.313374,0.338221,0.422773,0.358149
3.47253,2.00095,0.0302967,16.3752,0.05,6.01666,202.625,2363.14,1,0.313518,0.238675,0.313498,0.338056,0.422898,0.358204
3.47718,2.00391,0.0354073,16.3918,-0.0117366,6.02171,202.85,2364.29,1.0006,0.313643,0.2388,0.313623,0.338181,0.423023,0.358329
3.47756,2.00686,0.0201301,16.4066,0.05,6.02648,203.074,2365.45,1.00127,0.313768,0.238925,0.313748,0.338306,0.423148,0.358454
3.48222,2.00982,0.0252463,16.4209,-0.0215228,6.03237,203.299,2366.61,1.00203,0.313893,0.23905,0.313873,0.338431,0.423273,0.358579
3.48688,2.01279,0.0303616,16.439,-0.104315,6.0386,203.524,2367.76,1.00285,0.314018,0.239175,0.313998,0.338556,0.423398,0.358704
3.49156,2.01576,0.0354665,16.456,-0.150229,6.04261,203.749,2368.92,1.00375,0.314143,0.239301,0.314123,0.338681,0.423523,0.358829
3.49244,2.01872,0.0201473,16.4698,0.05,6.04723,203.974,2370.07,1.00473,0.314268,0.239426,0.314248,0.338806,0.423648,0.358954
3.49712,2.0217,0.0252675,16.4859,0.026423,6.04998,204.2,2371.22,1.00579,0.314393,0.239551,0.314373,0.338931,0.423773,0.359079
3.5018,2.02468,0.030395,16.5044,-0.0571824,6.05627,204.426,2372.38,1.00692,0.314518,0.239676,0.314498,0.339056,0.423898,0.359204
3.50648,2.02766,0.0355298,16.5184,-0.0738973,6.05881,204.652,2373.53,1.00812,0.314643,0.239801,0.314623,0.339181,0.424023,0.359329
3.50756,2.03064,0.0201669,16.535,0.05,6.0644,204.878,2374.68,1.00941,0.314768,0.239926,0.314748,0.339306,0.424148,0.359454
3.51226,2.03363,0.0252992,16.5491,0.011515,6.06828,205.105,2375.83,1.01076,0.314893,0.240051,0.314873,0.339431,0.424273,0.359579
3.51695,2.03662,0.0304448,16.5633,-0.0535865,6.07384,205.332,2376.98,1.0122,0.315018,0.240176,0.314998,0.339556,0.424398,0.359704
3.52164,2.03962,0.0355981,16.5789,-0.103891,6.07837,205.559,2378.13,1.01371,0.315143,0.240301,0.315123,0.339681,0.424523,0.359829
3.52295,2.04262,0.0201862,16.5936,0.05,6.08188,205.786,2379.27,1.0153,0.315268,0.240426,0.315248,0.339806,0.424648,0.359954
3.52765,2.03885,0.0253419,16.5664,0.05,6.0092,205.86,2380.41,1,0.315393,0.240036,0.315373,0.339642,0.424772,0.360005
3.53235,2.04184,0.030508,16.5824,-0.00191365,6.01376,206.087,2381.56,1.0006,0.315518,0.240161,0.315498,0.339767,0.424897,0.36013
3.53705,2.04484,0.0356777,16.5992,-0.0604816,6.01866,206.315,2382.71,1.00127,0.315643,0.240286,0.315623,0.339892,0.425022,0.360255
3.53766,2.04784,0.0202097,16.6137,0.05,6.02116,206.543,2383.85,1.00202,0.315768,0.240411,0.315748,0.340017,0.425147,0.36038
3.54238,2.05085,0.0253784,16.6309,0.0254554,6.02393,206.771,2384.99,1.00285,0.315893,0.240536,0.315873,0.340142,0.425272,0.360505
3.54709,2.05386,0.0305618,16.6484,-0.0175938,6.02785,207,2386.14,1.00375,0.316018,0.240661,0.315998,0.340267,0.425397,0.36063
3.55179,2.05687,0.0357516,16.6675,-0.0460953,6.03075,207.228,2387.28,1.00473,0.316143,0.240786,0.316123,0.340392,0.425522,0.360755
3.55207,2.05988,0.0202316,16.6829,0.05,6.03594,207.457,2388.43,1.00578,0.316268,0.240911,0.316248,0.340517,0.425647,0.36088
3.5568,2.0629,0.0254204,16.6978,0.023879,6.03904,207.686,2389.57,1.00691,0.316393,0.241036,0.316373,0.340642,0.425772,0.361005
3.56152,2.06592,0.0306156,16.7163,0.00352881,6.04149,207.916,2390.71,1.00811,0.316518,0.241161,0.316498,0.340767,0.425897,0.36113
3.56624,2.06895,0.0358158,16.7352,0.00643638,6.04248,208.145,2391.85,1.00939,0.316643,0.241286,0.316623,0.340892,0.426022,0.361255
3.56616,2.07196,0.0202536,16.7505,0.05,6.04809,208.375,2392.99,1.01074,0.316768,0.241411,0.316748,0.341017,0.426147,0.36138
3.5709,2.07499,0.0254553,16.7676,-0.0218836,6.05389,208.605,2394.13,1.01217,0.316893,0.241536,0.316873,0.341142,0.426272,0.361505
3.57564,2.07802,0.0306634,16.7829,-0.0593186,6.05769,208.836,2395.27,1.01368,0.317018,0.241661,0.316998,0.341267,0.426397,0.36163
3.58037,2.08106,0.0358837,16.8003,-0.112518,6.06233,209.066,2396.41,1.01527,0.317143,0.241786,0.317123,0.341392,0.426522,0.361755
3.58065,2.07721,0.0202704,16.7703,0.05,5.99239,209.141,2397.54,1,0.317268,0.241399,0.317247,0.34123,0.426647,0.361801
3.58539,2.08024,0.0254938,16.7869,0.0421006,5.99426,209.372,2398.67,1.0006,0.317393,0.241524,0.317372,0.341355,0.426772,0.361926
3.59015,2.08328,0.0307162,16.8033,-0.0455741,6.00105,209.603,2399.81,1.00127,0.317518,0.241649,0.317497,0.34148,0.426897,0.362051
3.5949,2.08632,0.0359478,16.8185,-0.048787,6.00274,209.834,2400.94,1.00202,0.317643,0.241774,0.317622,0.341605,0.427022,0.362176
3.59488,2.08936,0.0202927,16.8359,0.05,6.00777,210.066,2402.08,1.00284,0.317768,0.241899,0.317747,0.34173,0.427147,0.362301
3.59964,2.0924,0.0255281,16.8508,-0.00447914,6.01267,210.298,2403.21,1.00374,0.317893,0.242024,0.317872,0.341855,0.427272,0.362426
3.60441,2.09545,0.0307673,16.8691,-0.0679321,6.01786,210.529,2404.34,1.00471,0.318018,0.242149,0.317997,0.34198,0.427397,0.362551
3.60918,2.0985,0.0360053,16.8866,-0.127926,6.0229,210.762,2405.48,1.00576,0.318143,0.242274,0.318122,0.342105,0.427522,0.362676
3.60959,2.10155,0.0203106,16.9047,0.05,6.02468,210.994,2406.61,1.00689,0.318268,0.242399,0.318247,0.34223,0.427647,0.362801
3.61437,2.10461,0.0255581,16.9195,0.000921471,6.02927,211.227,2407.74,1.00809,0.318393,0.242524,0.318372,0.342355,0.427772,0.362926
3.61916,2.10767,0.0308059,16.9363,-0.0418808,6.03331,211.46,2408.87,1.00937,0.318518,0.242649,0.318497,0.34248,0.427897,0.363051
3.62394,2.11073,0.0360626,16.9542,-0.0799587,6.037,211.693,2410,1.01072,0.318643,0.242774,0.318622,0.342605,0.428022,0.363176
3.62519,2.1138,0.0203266,16.9723,0.05,6.04086,211.926,2411.12,1.01215,0.318768,0.242899,0.318747,0.34273,0.428147,0.363301
3.62998,2.11687,0.0255952,16.9909,0.0135934,6.04442,212.16,2412.25,1.01365,0.318893,0.243024,0.318872,0.342855,0.428272,0.363426
3.63477,2.11995,0.0308667,17.0093,-0.0185009,6.04773,212.394,2413.38,1.01523,0.319018,0.243149,0.318997,0.34298,0.428397,0.363551
3.63957,2.11604,0.0361378,16.985,0.05,5.97794,212.471,2414.5,1,0.319143,0.242764,0.319122,0.34282,0.428521,0.363591
3.64054,2.1191,0.0203478,16.9992,0.05,5.98236,212.705,2415.62,1.0006,0.319268,0.242889,0.319247,0.342945,0.428646,0.363716
3.64534,2.12216,0.0256292,17.0114,0.025371,5.98566,212.939,2416.75,1.00127,0.319393,0.243014,0.319372,0.34307,0.428771,0.363841
3.65015,2.12524,0.0309111,17.0298,-0.0462382,5.99139,213.173,2417.87,1.00201,0.319518,0.243139,0.319497,0.343195,0.428896,0.363966
3.65496,2.12832,0.0362027,17.0454,-0.097223,5.99607,213.408,2419,1.00283,0.319643,0.243264,0.319622,0.34332,0.429021,0.364091
3.65568,2.1314,0.0203693,17.0625,0.05,5.99965,213.643,2420.12,1.00373,0.319768,0.243389,0.319747,0.343445,0.429146,0.364216
3.66049,2.13448,0.025664,17.0804,0.0458665,6.00127,213.879,2421.24,1.0047,0.319893,0.243514,0.319872,0.34357,0.429271,0.364341
3.66531,2.13757,0.0309668,17.0963,0.0232247,6.0042,214.114,2422.36,1.00575,0.320018,0.243639,0.319997,0.343695,0.429396,0.364466
3.67012,2.14066,0.0362828,17.1126,-0.0076615,6.00762,214.35,2423.48,1.00687,0.320143,0.243764,0.320122,0.34382,0.429521,0.364591
3.67046,2.14374,0.0203912,17.1283,0.05,6.01145,214.586,2424.6,1.00807,0.320268,0.243889,0.320247,0.343945,0.429646,0.364716
3.67529,2.14683,0.0257042,17.1435,0.00374323,6.01591,214.822,2425.72,1.00934,0.320393,0.244014,0.320372,0.34407,0.429771,0.364841
3.68011,2.14993,0.0310258,17.1629,-0.0477585,6.02041,215.059,2426.84,1.01069,0.320518,0.244139,0.320497,0.344195,0.429896,0.364965
3.68495,2.15304,0.0363447,17.1808,-0.0702684,6.02321,215.296,2427.96,1.01212,0.320643,0.244264,0.320622,0.34432,0.430021,0.36509
3.68529,2.15614,0.0204106,17.198,0.05,6.02681,215.533,2429.08,1.01362,0.320768,0.244389,0.320747,0.344445,0.430146,0.365215
3.69013,2.15925,0.0257384,17.2157,0.0392026,6.02891,215.77,2430.2,1.01519,0.320893,0.244514,0.320872,0.34457,0.430271,0.36534
3.69497,2.15529,0.0310827,17.1893,0.05,5.95793,215.848,2431.31,1,0.321018,0.244131,0.320997,0.344411,0.430396,0.365375
3.6998,2.1584,0.0364297,17.2063,0.0105373,5.96184,216.085,2432.42,1.00059,0.321143,0.244256,0.321122,0.344536,0.430521,0.3655
3.69884,2.1615,0.0204364,17.2233,0.05,5.96791,216.323,2433.54,1.00126,0.321268,0.244381,0.321247,0.344661,0.430646,0.365625
3.7037,2.16461,0.02578,17.2415,0.00869984,5.97186,216.561,2434.65,1.00201,0.321393,0.244506,0.321372,0.344786,0.430771,0.36575
3.70855,2.16773,0.0311269,17.2572,-0.0160814,5.97496,216.799,2435.76,1.00283,0.321518,0.244631,0.321497,0.344911,0.430896,0.365875
3.71341,2.17084,0.0364845,17.2717,-0.0357642,5.97785,217.037,2436.88,1.00372,0.321643,0.244756,0.321622,0.345036,0.431021,0.366
3.71298,2.17396,0.0204533,17.2877,0.05,5.98357,217.276,2437.99,1.00469,0.321768,0.244881,0.321747,0.345161,0.431146,0.366125
3.71784,2.17708,0.0258154,17.3054,0.0401025,5.98564,217.515,2439.1,1.00573,0.321893,0.245006,0.321872,0.345286,0.431271,0.36625
3.72271,2.18021,0.0311759,17.3236,-0.00704378,5.98999,217.754,2440.21,1.00685,0.322018,0.245131,0.321997,0.345411,0.431396,0.366375
3.72758,2.18334,0.0365448,17.3425,-0.0601886,5.99467,217.994,2441.32,1.00805,0.322143,0.245256,0.322122,0.345536,0.431521,0.3665
3.72735,2.18647,0.0204721,17.3612,0.05,6.0003,218.234,2442.43,1.00932,0.322268,0.245381,0.322247,0.345661,0.431646,0.366625
3.73223,2.1896,0.0258508,17.3802,0.00252259,6.00466,218.474,2443.54,1.01066,0.322393,0.245506,0.322372,0.345786,0.431771,0.36675
3.73711,2.19274,0.0312288,17.3977,-0.0296057,6.00815,218.714,2444.65,1.01208,0.322518,0.245631,0.322497,0.345911,0.431896,0.366875
3.74198,2.19589,0.0366202,17.4141,-0.0415452,6.01048,218.954,2445.76,1.01358,0.322643,0.245756,0.322622,0.346036,0.432021,0.367
3.74175,2.19903,0.0204915,17.4298,0.05,6.01511,219.195,2446.87,1.01515,0.322768,0.245881,0.322747,0.346161,0.432146,0.367125
3.74664,2.19502,0.0258851,17.4018,0.05,5.94397,219.274,2447.96,1,0.322893,0.245502,0.322871,0.346005,0.43227,0.367153
3.75153,2.19816,0.0312902,17.4136,0.0417716,5.94637,219.515,2449.07,1.00059,0.323018,0.245627,0.322996,0.34613,0.432395,0.367278
3.75641,2.2013,0.0367024,17.4339,0.00977973,5.94968,219.756,2450.18,1.00126,0.323143,0.245752,0.323121,0.346255,0.43252,0.367403
3.75528,2.20444,0.020515,17.4502,0.05,5.95326,219.997,2451.28,1.002,0.323268,0.245877,0.323246,0.34638,0.432645,0.367528
3.76018,2.20759,0.025932,17.4666,0.00534778,5.95764,220.239,2452.38,1.00282,0.323393,0.246002,0.323371,0.346505,0.43277,0.367653
3.76507,2.21075,0.0313557,17.4819,-0.0186175,5.9608,220.481,2453.49,1.00371,0.323518,0.246127,0.323496,0.34663,0.432895,0.367778
3.76997,2.2139,0.0367777,17.5002,-0.0422252,5.96375,220.723,2454.59,1.00468,0.323643,0.246252,0.323621,0.346755,0.43302,0.367903
3.76807,2.21705,0.0205379,17.5206,0.05,5.9654,220.965,2455.69,1.00572,0.323768,0.246377,0.323746,0.34688,0.433145,0.368028
3.77298,2.22022,0.0259587,17.5379,0.00855344,5.96952,221.208,2456.8,1.00683,0.323893,0.246502,0.323871,0.347005,0.43327,0.368153
3.77788,2.22338,0.031398,17.5557,-0.0223368,5.97298,221.451,2457.9,1.00802,0.324018,0.246627,0.323996,0.34713,0.433395,0.368278
3.78278,2.22655,0.0368469,17.5739,-0.0639649,5.9771,221.694,2459,1.00929,0.324143,0.246752,0.324121,0.347255,0.43352,0.368403
3.78096,2.22972,0.0205567,17.5947,0.05,5.983,221.938,2460.1,1.01063,0.324268,0.246877,0.324246,0.34738,0.433645,0.368528
3.78588,2.2329,0.0259953,17.6132,0.00330506,5.9874,222.181,2461.2,1.01204,0.324392,0.247002,0.324371,0.347505,0.43377,0.368653
3.79081,2.23607,0.0314421,17.6293,-0.0545457,5.99266,222.425,2462.3,1.01354,0.324517,0.247127,0.324496,0.34763,0.433895,0.368778
3.79574,2.23926,0.0368896,17.6463,-0.0791564,5.9958,222.67,2463.39,1.0151,0.324642,0.247252,0.324621,0.347755,0.43402,0.368903
3.79567,2.2352,0.0205661,17.618,0.05,5.92667,222.749,2464.48,1,0.324767,0.246877,0.324746,0.347601,0.434145,0.368924
3.80061,2.23838,0.026017,17.6362,0.0475834,5.92835,222.994,2465.58,1.00059,0.324892,0.247002,0.324871,0.347726,0.43427,0.369049
3.80553,2.24156,0.031491,17.6535,0.0376319,5.93057,223.238,2466.67,1.00126,0.325017,0.247127,0.324996,0.347851,0.434395,0.369174
3.81047,2.24475,0.0369603,17.6698,-0.00326912,5.93474,223.483,2467.77,1.002,0.325142,0.247252,0.325121,0.347976,0.43452,0.369299
3.80915,2.24793,0.0205929,17.6892,0.05,5.94018,223.728,2468.86,1.00281,0.325267,0.247377,0.325246,0.348101,0.434645,0.369424
3.8141,2.25112,0.0260617,17.708,0.0202217,5.94353,223.974,2469.96,1.0037,0.325392,0.247502,0.325371,0.348226,0.43477,0.369549
3.81905,2.25432,0.03154,17.7273,-0.0330631,5.94832,224.219,2471.05,1.00466,0.325517,0.247627,0.325496,0.348351,0.434895,0.369674
3.82401,2.25752,0.0370163,17.747,-0.0781262,5.95257,224.465,2472.14,1.0057,0.325642,0.247752,0.325621,0.348476,0.43502,0.369799
3.82365,2.2607,0.0206077,17.7659,0.05,5.95648,224.712,2473.24,1.00681,0.325767,0.247877,0.325746,0.348601,0.435145,0.369924
3.8286,2.2639,0.0261026,17.7848,0.00478885,5.96085,224.958,2474.33,1.008,0.325892,0.248002,0.325871,0.348726,0.43527,0.370049
3.83355,2.26711,0.0316042,17.8047,-0.0203296,5.96391,225.205,2475.42,1.00926,0.326017,0.248127,0.325996,0.348851,0.435395,0.370174
3.83851,2.27032,0.0371068,17.8229,-0.0421651,5.96685,225.452,2476.51,1.0106,0.326142,0.248252,0.326121,0.348976,0.43552,0.370299
3.83652,2.27352,0.0206345,17.8377,0.05,5.97147,225.699,2477.59,1.01201,0.326267,0.248377,0.326246,0.349101,0.435645,0.370424
3.84149,2.27674,0.0261364,17.8541,0.000165986,5.97627,225.946,2478.68,1.0135,0.326392,0.248502,0.326371,0.349226,0.43577,0.370549
3.84647,2.27996,0.0316395,17.8738,-0.048885,5.98082,226.194,2479.77,1.01506,0.326517,0.248627,0.326496,0.349351,0.435895,0.370674
3.85143,2.27588,0.0371686,17.8463,0.05,5.91011,226.275,2480.85,1,0.326642,0.248256,0.326621,0.349199,0.436019,0.370689
3.84992,2.27908,0.0206508,17.8598,0.05,5.91359,226.523,2481.93,1.00059,0.326767,0.248381,0.326746,0.349324,0.436144,0.370814
3.8549,2.2823,0.026169,17.8785,0.03914,5.91583,226.771,2483.02,1.00125,0.326892,0.248506,0.326871,0.349449,0.436269,0.370939
3.85989,2.28552,0.03169,17.8969,-0.0305725,5.92171,227.019,2484.1,1.00199,0.327017,0.248631,0.326996,0.349574,0.436394,0.371064
3.86486,2.28875,0.0372353,17.9153,-0.0533422,5.92475,227.268,2485.19,1.0028,0.327142,0.248756,0.327121,0.349699,0.436519,0.371189
3.86333,2.29194,0.0206704,17.9349,0.05,5.93113,227.517,2486.27,1.00369,0.327267,0.248881,0.327246,0.349824,0.436644,0.371314
3.86833,2.29517,0.0262008,17.952,0.0145859,5.935,227.766,2487.35,1.00465,0.327392,0.249006,0.327371,0.349949,0.436769,0.371439
3.87332,2.29841,0.0317409,17.9725,-0.0173522,5.93848,228.016,2488.44,1.00569,0.327517,0.249131,0.327496,0.350074,0.436894,0.371564
3.87832,2.30164,0.0372938,17.9883,-0.0697856,5.94351,228.266,2489.52,1.0068,0.327642,0.249256,0.327621,0.350199,0.437019,0.371689
3.87735,2.30488,0.0206865,18.0056,0.05,5.94524,228.516,2490.6,1.00798,0.327767,0.249381,0.327746,0.350324,0.437144,0.371814
3.88236,2.30812,0.026235,18.0212,0.0388557,5.94772,228.766,2491.68,1.00924,0.327892,0.249506,0.327871,0.350449,0.437269,0.371939
3.88737,2.31137,0.0317881,18.0427,0.0121913,5.95084,229.017,2492.76,1.01057,0.328017,0.249631,0.327996,0.350574,0.437394,0.372064
3.89238,2.31462,0.0373532,18.0601,-0.00778458,5.9538,229.267,2493.84,1.01198,0.328142,0.249756,0.328121,0.350699,0.437519,0.372189
3.89139,2.31787,0.0207057,18.0751,0.05,5.95786,229.519,2494.91,1.01346,0.328267,0.249881,0.328246,0.350824,0.437644,0.372314
3.89641,2.32112,0.0262742,18.0918,-0.00420855,5.96299,229.77,2495.99,1.01502,0.328392,0.250006,0.328371,0.350949,0.437769,0.372439
3.90143,2.317,0.0318457,18.0646,0.05,5.89414,229.852,2497.06,1,0.328517,0.249638,0.328495,0.3508,0.437894,0.372447
3.90645,2.32025,0.0374204,18.0836,0.0154402,5.89788,230.103,2498.14,1.00059,0.328642,0.249763,0.32862,0.350925,0.438019,0.372572
3.9053,2.32351,0.0207249,18.102,0.05,5.90081,230.355,2499.21,1.00125,0.328767,0.249888,0.328745,0.35105,0.438144,0.372697
3.91034,2.32676,0.0263067,18.1167,-0.0110503,5.90643,230.607,2500.29,1.00199,0.328892,0.250013,0.32887,0.351175,0.438269,0.372822
3.91536,2.33002,0.0319068,18.1332,-0.0426956,5.91018,230.859,2501.36,1.0028,0.329017,0.250138,0.328995,0.351299,0.438394,0.372947
3.9204,2.33329,0.0374925,18.1528,-0.039164,5.91155,231.112,2502.44,1.00368,0.329142,0.250263,0.32912,0.351424,0.438519,0.373072
3.91865,2.33655,0.0207466,18.1714,0.05,5.91653,231.365,2503.51,1.00464,0.329267,0.250388,0.329245,0.351549,0.438644,0.373197
3.9237,2.33982,0.0263443,18.1908,0.0243721,5.91975,231.618,2504.58,1.00567,0.329392,0.250513,0.32937,0.351674,0.438769,0.373322
3.92874,2.3431,0.0319432,18.2095,-0.00424381,5.92319,231.871,2505.66,1.00678,0.329517,0.250638,0.329495,0.351799,0.438894,0.373447
3.93378,2.34638,0.0375578,18.2282,-0.0274889,5.92632,232.125,2506.73,1.00796,0.329642,0.250763,0.32962,0.351924,0.439019,0.373572
3.93284,2.34966,0.0207615,18.2465,0.05,5.92865,232.379,2507.8,1.00921,0.329767,0.250888,0.329745,0.352049,0.439144,0.373697
3.93791,2.35294,0.0263661,18.2649,-0.0137691,5.93429,232.633,2508.87,1.01054,0.329892,0.251013,0.32987,0.352174,0.439269,0.373822
3.94294,2.35623,0.0319998,18.2868,-0.0152699,5.93596,232.888,2509.94,1.01195,0.330017,0.251138,0.329995,0.352299,0.439394,0.373947
3.94799,2.35952,0.037633,18.3053,-0.0704868,5.94111,233.143,2511.01,1.01343,0.330142,0.251263,0.33012,0.352424,0.439519,0.374072
3.94565,2.36281,0.0207871,18.325,0.05,5.94393,233.398,2512.08,1.01498,0.330267,0.251388,0.330245,0.352549,0.439644,0.374197
3.95072,2.35865,0.0264158,18.3007,0.05,5.87658,233.48,2513.14,1,0.330392,0.251024,0.33037,0.352403,0.439768,0.374198
3.95577,2.36194,0.0320639,18.3197,0.015718,5.88041,233.735,2514.2,1.00059,0.330517,0.251149,0.330495,0.352527,0.439893,0.374323
3.96084,2.36524,0.0377052,18.3382,-0.0341068,5.88518,233.991,2515.27,1.00125,0.330642,0.251274,0.33062,0.352652,0.440018,0.374448
3.95866,2.36849,0.0208042,18.3563,0.05,5.88771,234.246,2516.33,1.00198,0.330767,0.251399,0.330745,0.352777,0.440143,0.374573
3.96374,2.37179,0.0264499,18.3755,0.0293036,5.89069,234.502,2517.4,1.00279,0.330892,0.251524,0.33087,0.352902,0.440268,0.374698
3.96881,2.3751,0.0321035,18.3943,-0.0183449,5.89535,234.759,2518.46,1.00367,0.331017,0.251649,0.330995,0.353027,0.440393,0.374823
3.97389,2.3784,0.0377667,18.4119,-0.0599662,5.89971,235.015,2519.53,1.00462,0.331142,0.251774,0.33112,0.353152,0.440518,0.374948
3.97218,2.38169,0.0208206,18.4317,0.05,5.90209,235.272,2520.59,1.00565,0.331267,0.251899,0.331245,0.353277,0.440643,0.375073
3.97727,2.385,0.0264802,18.4518,-0.00156213,5.90696,235.529,2521.65,1.00676,0.331392,0.252024,0.33137,0.353402,0.440768,0.375198
3.98236,2.38832,0.032149,18.472,-0.04258,5.91117,235.786,2522.71,1.00793,0.331517,0.252149,0.331495,0.353527,0.440893,0.375323
3.98744,2.39164,0.037825,18.4927,-0.083847,5.91539,236.044,2523.77,1.00919,0.331642,0.252274,0.33162,0.353652,0.441018,0.375448
3.98603,2.3949,0.0208383,18.512,0.05,5.91882,236.302,2524.83,1.01051,0.331767,0.252399,0.331745,0.353777,0.441143,0.375573
3.99114,2.39823,0.0265071,18.5312,0.0100721,5.92303,236.56,2525.89,1.01191,0.331892,0.252524,0.33187,0.353902,0.441268,0.375698
3.99624,2.40155,0.0321941,18.5489,-0.0518737,5.9287,236.819,2526.95,1.01339,0.332017,0.252649,0.331995,0.354027,0.441393,0.375823
4.00134,2.40488,0.0378871,18.5696,-0.122895,5.93479,237.077,2528.01,1.01494,0.332142,0.252773,0.33212,0.354152,0.441518,0.375948
4.00003,2.4006,0.020856,18.5439,0.05,5.86467,237.161,2529.06,1,0.332267,0.252413,0.332244,0.354008,0.441643,0.375941
4.00514,2.40393,0.0265525,18.5635,0.00913948,5.86892,237.419,2530.12,1.00058,0.332392,0.252538,0.332369,0.354133,0.441768,0.376066
4.01025,2.40726,0.0322517,18.5815,-0.0352636,5.87346,237.679,2531.17,1.00124,0.332517,0.252663,0.332494,0.354258,0.441893,0.376191
4.01537,2.41059,0.0379517,18.599,-0.0715984,5.87752,237.938,2532.23,1.00198,0.332642,0.252788,0.332619,0.354383,0.442018,0.376316
4.01355,2.41379,0.0208776,18.6198,0.05,5.88383,238.198,2533.28,1.00278,0.332767,0.252913,0.332744,0.354508,0.442143,0.376441
4.01867,2.41713,0.0265856,18.6374,0.043449,5.88609,238.458,2534.33,1.00366,0.332892,0.253038,0.332869,0.354633,0.442268,0.376566
4.0238,2.42047,0.0322968,18.6575,0.0333792,5.88844,238.718,2535.38,1.00461,0.333017,0.253163,0.332994,0.354758,0.442393,0.376691
4.02893,2.42382,0.0380159,18.6757,-0.0146564,5.89323,238.978,2536.44,1.00564,0.333142,0.253288,0.333119,0.354883,0.442518,0.376816
4.02776,2.42714,0.0208923,18.6933,0.05,5.89683,239.239,2537.49,1.00674,0.333267,0.253413,0.333244,0.355008,0.442643,0.376941
4.0329,2.43049,0.0266143,18.7096,0.0482951,5.89887,239.5,2538.54,1.00792,0.333392,0.253538,0.333369,0.355133,0.442768,0.377066
4.03803,2.43385,0.0323502,18.7269,0.0311382,5.90183,239.762,2539.59,1.00917,0.333517,0.253663,0.333494,0.355258,0.442893,0.377191
4.04315,2.43721,0.0380952,18.747,0.0017349,5.90543,240.023,2540.64,1.01049,0.333642,0.253788,0.333619,0.355383,0.443018,0.377316
4.04037,2.44057,0.0209179,18.7663,0.05,5.90743,240.285,2541.69,1.01189,0.333767,0.253913,0.333744,0.355508,0.443143,0.377441
4.04552,2.44393,0.0266542,18.7842,-0.00180595,5.9125,240.548,2542.74,1.01336,0.333892,0.254038,0.333869,0.355633,0.443268,0.377566
4.05067,2.4473,0.0323947,18.8028,-0.0472396,5.91716,240.81,2543.78,1.01491,0.334017,0.254163,0.333994,0.355758,0.443393,0.377691
4.05581,2.44307,0.0381478,18.7757,0.05,5.84994,240.894,2544.82,1,0.334142,0.253806,0.334119,0.355616,0.443517,0.377677
4.05378,2.44638,0.0209327,18.7927,0.05,5.85634,241.157,2545.87,1.00058,0.334267,0.253931,0.334244,0.355741,0.443642,0.377802
4.05892,2.44975,0.0266992,18.8101,0.0153893,5.86039,241.42,2546.91,1.00124,0.334392,0.254056,0.334369,0.355866,0.443767,0.377927
4.06408,2.45312,0.0324655,18.8292,-0.0167824,5.8642,241.683,2547.96,1.00197,0.334517,0.254181,0.334494,0.355991,0.443892,0.378052
4.06923,2.45649,0.0382374,18.8493,-0.064487,5.86893,241.947,2549,1.00277,0.334642,0.254306,0.334619,0.356116,0.444017,0.378177
4.06738,2.45981,0.0209496,18.8707,0.05,5.87252,242.21,2550.05,1.00365,0.334767,0.254431,0.334744,0.356241,0.444142,0.378302
4.07256,2.46319,0.0267187,18.8853,0.0298864,5.8758,242.474,2551.09,1.0046,0.334892,0.254556,0.334869,0.356366,0.444267,0.378427
4.07772,2.46657,0.0325002,18.9053,-0.0104157,5.88011,242.739,2552.13,1.00563,0.335017,0.254681,0.334994,0.356491,0.444392,0.378552
4.08289,2.46996,0.0382852,18.9262,-0.0456579,5.88407,243.003,2553.17,1.00673,0.335142,0.254806,0.335119,0.356616,0.444517,0.378677
4.07995,2.47331,0.0209729,18.9456,0.05,5.88782,243.268,2554.21,1.0079,0.335267,0.254931,0.335244,0.356741,0.444642,0.378802
4.08512,2.47671,0.0267663,18.9665,0.040033,5.89026,243.534,2555.25,1.00915,0.335392,0.255056,0.335369,0.356866,0.444767,0.378927
4.09029,2.48011,0.0325662,18.9846,0.0112615,5.89397,243.799,2556.29,1.01047,0.335517,0.255181,0.335494,0.356991,0.444892,0.379052
4.09547,2.48351,0.03837,19.0025,0.00345442,5.89639,244.065,2557.33,1.01186,0.335642,0.255306,0.335619,0.357116,0.445017,0.379177
4.09187,2.4869,0.020993,19.02,0.05,5.90107,244.331,2558.37,1.01333,0.335767,0.255431,0.335744,0.357241,0.445142,0.379302
4.09708,2.49031,0.026778,19.0386,0.0297768,5.90421,244.597,2559.41,1.01487,0.335892,0.255556,0.335869,0.357366,0.445267,0.379427
4.10227,2.48604,0.0325803,19.0115,0.05,5.83646,244.682,2560.44,1,0.336017,0.255202,0.335994,0.357227,0.445392,0.379405
4.10747,2.48944,0.0383972,19.0307,0.0130462,5.84061,244.949,2561.47,1.00058,0.336142,0.255327,0.336119,0.357352,0.445517,0.37953
4.10612,2.49284,0.0210014,19.0497,0.05,5.84366,245.215,2562.51,1.00124,0.336267,0.255452,0.336244,0.357477,0.445642,0.379655
4.11132,2.49625,0.0268188,19.0689,0.00676042,5.84821,245.482,2563.54,1.00197,0.336392,0.255577,0.336369,0.357602,0.445767,0.37978
4.11653,2.49966,0.0326349,19.0926,-0.0065958,5.85075,245.75,2564.58,1.00277,0.336517,0.255702,0.336494,0.357727,0.445892,0.379905
4.12174,2.50308,0.0384661,19.113,-0.0389378,5.85461,246.017,2565.61,1.00364,0.336642,0.255827,0.336619,0.357852,0.446017,0.38003
4.1201,2.50648,0.021021,19.1307,0.05,5.85648,246.285,2566.65,1.00459,0.336767,0.255952,0.336744,0.357977,0.446142,0.380155
4.12531,2.50991,0.026859,19.1499,0.0367039,5.85923,246.554,2567.68,1.00561,0.336892,0.256077,0.336869,0.358102,0.446267,0.38028
4.13052,2.51333,0.0327111,19.1682,0.00106959,5.8634,246.822,2568.71,1.00671,0.337016,0.256202,0.336994,0.358227,0.446392,0.380405
4.13572,2.51676,0.0385627,19.1864,-0.0317859,5.86739,247.091,2569.74,1.00788,0.337141,0.256327,0.337119,0.358352,0.446517,0.38053
4.13207,2.52019,0.0210472,19.2025,0.05,5.87055,247.36,2570.78,1.00912,0.337266,0.256452,0.337244,0.358477,0.446642,0.380655
4.1373,2.52363,0.0268917,19.224,0.0053568,5.87515,247.629,2571.81,1.01044,0.337391,0.256577,0.337369,0.358602,0.446767,0.38078
4.14252,2.52707,0.0327549,19.2433,-0.0346099,5.87957,247.899,2572.84,1.01183,0.337516,0.256702,0.337494,0.358727,0.446892,0.380905
4.14774,2.53051,0.0386202,19.2655,-0.0496191,5.88235,248.169,2573.87,1.01329,0.337641,0.256827,0.337619,0.358852,0.447017,0.38103
4.14396,2.53394,0.0210652,19.2852,0.05,5.88367,248.439,2574.9,1.01483,0.337766,0.256952,0.337744,0.358977,0.447142,0.381155
4.1492,2.52966,0.0269238,19.2594,0.05,5.8139,248.525,2575.92,1,0.337891,0.256602,0.337868,0.358842,0.447267,0.381124
4.15443,2.5331,0.0327979,19.277,0.032433,5.81698,248.795,2576.94,1.00058,0.338016,0.256727,0.337993,0.358966,0.447392,0.381249
4.15967,2.53654,0.0386739,19.2974,0.0204173,5.81963,249.066,2577.97,1.00123,0.338141,0.256852,0.338118,0.359091,0.447517,0.381374
4.15647,2.53999,0.0210801,19.3187,0.05,5.82444,249.337,2579,1.00196,0.338266,0.256977,0.338243,0.359216,0.447641,0.381499
4.16171,2.54344,0.026961,19.3376,0.0266529,5.82786,249.608,2580.03,1.00276,0.338391,0.257102,0.338368,0.359341,0.447766,0.381624
4.16696,2.54689,0.0328421,19.3571,-0.0136874,5.83227,249.88,2581.05,1.00363,0.338516,0.257227,0.338493,0.359466,0.447891,0.381749
4.17221,2.55035,0.0387371,19.3754,-0.0627217,5.83728,250.151,2582.08,1.00458,0.338641,0.257352,0.338618,0.359591,0.448016,0.381874
4.16919,2.55379,0.0210971,19.3964,0.05,5.83991,250.424,2583.1,1.00559,0.338766,0.257477,0.338743,0.359716,0.448141,0.381999
4.17444,2.55725,0.0269924,19.4173,0.00368383,5.84469,250.696,2584.13,1.00669,0.338891,0.257602,0.338868,0.359841,0.448266,0.382124
4.1797,2.56072,0.0328959,19.4384,-0.0290196,5.84863,250.969,2585.15,1.00785,0.339016,0.257727,0.338993,0.359966,0.448391,0.382249
4.18496,2.56419,0.0388045,19.4615,-0.0633193,5.85261,251.242,2586.17,1.00909,0.339141,0.257852,0.339118,0.360091,0.448516,0.382374
4.18101,2.56761,0.0211189,19.4802,0.05,5.85606,251.515,2587.2,1.0104,0.339266,0.257977,0.339243,0.360216,0.448641,0.382499
4.18627,2.57108,0.027033,19.5005,0.0686897,5.85691,251.789,2588.22,1.01179,0.339391,0.258102,0.339368,0.360341,0.448766,0.382624
4.19153,2.57456,0.0329585,19.5204,0.0414927,5.8606,252.063,2589.24,1.01325,0.339516,0.258227,0.339493,0.360466,0.448891,0.382749
4.19679,2.57805,0.0388814,19.5395,0.0126107,5.86439,252.337,2590.26,1.01478,0.339641,0.258352,0.339618,0.360591,0.449016,0.382874
4.19244,2.57373,0.0211367,19.512,0.05,5.79859,252.422,2591.27,1,0.339766,0.258007,0.339743,0.360459,0.449141,0.382835
4.19773,2.57721,0.0270586,19.5315,0.0641717,5.79973,252.697,2592.29,1.00058,0.339891,0.258132,0.339868,0.360584,0.449266,0.38296
4.203,2.5807,0.0329924,19.5495,0.0624868,5.8019,252.971,2593.31,1.00123,0.340016,0.258257,0.339993,0.360709,0.449391,0.383085
4.20829,2.58418,0.0389251,19.5699,-0.00101266,5.80773,253.246,2594.33,1.00195,0.340141,0.258382,0.340118,0.360834,0.449516,0.38321
4.20517,2.58767,0.021149,19.59,0.05,5.81024,253.522,2595.35,1.00275,0.340266,0.258507,0.340243,0.360959,0.449641,0.383335
4.21045,2.59116,0.0270929,19.6112,0.0304021,5.81342,253.797,2596.36,1.00362,0.340391,0.258632,0.340368,0.361084,0.449766,0.38346
4.21573,2.59466,0.0330513,19.6332,0.0497499,5.81423,254.073,2597.38,1.00456,0.340516,0.258757,0.340493,0.361209,0.449891,0.383584
4.22102,2.59816,0.0390054,19.6534,0.0739402,5.81478,254.349,2598.4,1.00558,0.340641,0.258882,0.340618,0.361334,0.450016,0.383709
4.21727,2.60166,0.0211691,19.6746,0.05,5.81885,254.626,2599.41,1.00666,0.340766,0.259007,0.340743,0.361459,0.450141,0.383834
4.22258,2.60517,0.0271193,19.6933,0.0567733,5.82051,254.902,2600.43,1.00782,0.340891,0.259132,0.340868,0.361584,0.450266,0.383959
4.22788,2.60868,0.0330789,19.7108,0.0439324,5.82341,255.179,2601.45,1.00906,0.341016,0.259257,0.340993,0.361709,0.450391,0.384084
4.23317,2.61219,0.0390529,19.7301,0.0411009,5.82566,255.457,2602.46,1.01036,0.341141,0.259382,0.341118,0.361834,0.450516,0.384209
4.23025,2.61568,0.0211833,19.7518,0.05,5.82719,255.734,2603.48,1.01174,0.341266,0.259507,0.341243,0.361959,0.450641,0.384334
4.23556,2.6192,0.0271566,19.7714,0.0168925,5.83129,256.012,2604.49,1.0132,0.341391,0.259632,0.341368,0.362084,0.450766,0.384459
4.24087,2.62272,0.0331357,19.79,-0.00979952,5.83503,256.291,2605.51,1.01472,0.341516,0.259757,0.341493,0.362209,0.450891,0.384584
4.24617,2.61845,0.0391214,19.7654,0.05,5.76418,256.376,2606.51,1,0.341641,0.259419,0.341618,0.362079,0.451016,0.384536
4.24215,2.62197,0.0212048,19.7836,0.05,5.76858,256.655,2607.53,1.00058,0.341766,0.259544,0.341743,0.362204,0.451141,0.384661
4.24747,2.62549,0.027189,19.8014,0.0376326,5.77145,256.933,2608.54,1.00122,0.341891,0.259669,0.341868,0.362329,0.451266,0.384786
4.25278,2.62902,0.033194,19.8229,-0.0190675,5.77691,257.212,2609.56,1.00194,0.342016,0.259794,0.341993,0.362454,0.451391,0.384911
4.25811,2.63254,0.0391858,19.8437,-0.0175118,5.77887,257.492,2610.57,1.00274,0.342141,0.259919,0.342118,0.362579,0.451516,0.385036
4.25423,2.63608,0.021221,19.8616,0.05,5.78146,257.771,2611.58,1.0036,0.342266,0.260044,0.342243,0.362704,0.451641,0.385161
4.25957,2.63961,0.027221,19.8803,-0.0144719,5.78748,258.051,2612.59,1.00454,0.342391,0.260169,0.342368,0.362829,0.451766,0.385286
4.26491,2.64315,0.0332253,19.9022,-0.0842249,5.79374,258.331,2613.6,1.00555,0.342516,0.260294,0.342493,0.362954,0.451891,0.385411
4.27022,2.64669,0.0392533,19.9215,-0.0950948,5.79653,258.612,2614.61,1.00663,0.342641,0.260419,0.342618,0.363079,0.452016,0.385536
4.26728,2.65019,0.0212344,19.9428,0.05,5.79919,258.892,2615.62,1.00779,0.342766,0.260544,0.342743,0.363204,0.452141,0.385661
4.27262,2.65374,0.0272527,19.9611,0.0116498,5.80367,259.173,2616.63,1.00902,0.342891,0.260669,0.342868,0.363329,0.452266,0.385786
4.27796,2.6573,0.0332811,19.9832,0.024767,5.80495,259.455,2617.63,1.01032,0.343016,0.260794,0.342993,0.363454,0.45239,0.385911
4.28329,2.66085,0.039318,20.0013,-0.00478014,5.80892,259.736,2618.64,1.01169,0.343141,0.260919,0.343118,0.363579,0.452515,0.386036
4.2796,2.66438,0.0212544,20.0242,0.05,5.81255,260.018,2619.65,1.01314,0.343266,0.261044,0.343242,0.363704,0.45264,0.386161
4.28496,2.66795,0.0272805,20.045,0.0340591,5.81564,260.301,2620.66,1.01466,0.343391,0.261169,0.343367,0.363829,0.452765,0.386286
4.2903,2.66371,0.0333273,20.0185,0.05,5.7506,260.386,2621.65,1,0.343516,0.260839,0.343492,0.363704,0.45289,0.386227
4.29565,2.66727,0.039377,20.0394,0.0277786,5.75404,260.669,2622.66,1.00057,0.343641,0.260964,0.343617,0.363829,0.453015,0.386352
4.29174,2.67078,0.0212723,20.0579,0.05,5.75835,260.952,2623.66,1.00122,0.343766,0.261089,0.343742,0.363954,0.45314,0.386477
4.29709,2.67435,0.0273309,20.0776,0.0388161,5.76117,261.235,2624.67,1.00194,0.343891,0.261214,0.343867,0.364079,0.453265,0.386602
4.30245,2.67792,0.0333886,20.1002,0.0499337,5.7626,261.518,2625.67,1.00273,0.344016,0.261339,0.343992,0.364204,0.45339,0.386727
4.30781,2.68149,0.0394556,20.1197,0.0262595,5.76618,261.802,2626.67,1.00359,0.344141,0.261464,0.344117,0.364329,0.453515,0.386852
4.30293,2.68505,0.0212924,20.1411,0.05,5.76941,262.086,2627.67,1.00452,0.344266,0.261589,0.344242,0.364454,0.45364,0.386977
4.3083,2.68863,0.027357,20.1637,0.00730499,5.77409,262.37,2628.68,1.00553,0.344391,0.261714,0.344367,0.364579,0.453765,0.387102
4.31366,2.69221,0.033438,20.1849,-0.0167713,5.77769,262.655,2629.68,1.00661,0.344516,0.261839,0.344492,0.364704,0.45389,0.387227
4.31903,2.6958,0.0395132,20.2101,-0.00205157,5.77887,262.94,2630.68,1.00776,0.344641,0.261964,0.344617,0.364829,0.454015,0.387352
4.31422,2.69938,0.0213086,20.2309,0.05,5.78039,263.225,2631.68,1.00899,0.344766,0.262089,0.344742,0.364954,0.45414,0.387477
4.3196,2.70297,0.0273836,20.2502,0.0497655,5.78261,263.51,2632.68,1.01029,0.344891,0.262214,0.344867,0.365079,0.454265,0.387602
4.32498,2.70657,0.0334715,20.2688,-0.00928732,5.7884,263.796,2633.68,1.01165,0.345016,0.262339,0.344992,0.365204,0.45439,0.387727
4.33035,2.71017,0.0395734,20.2892,-0.0288941,5.79178,264.082,2634.68,1.0131,0.345141,0.262464,0.345117,0.365329,0.454515,0.387852
4.32596,2.71377,0.0213235,20.3127,0.05,5.7921,264.369,2635.68,1.01461,0.345266,0.262589,0.345242,0.365454,0.45464,0.387977
4.33134,2.70955,0.0274269,20.29,0.05,5.72555,264.455,2636.67,1,0.345391,0.262264,0.345367,0.365332,0.454765,0.387909
4.33673,2.71315,0.0335303,20.3074,0.037169,5.72856,264.741,2637.66,1.00057,0.345516,0.262389,0.345492,0.365457,0.45489,0.388034
4.3421,2.71675,0.0396528,20.3276,0.0230003,5.7316,265.028,2638.66,1.00121,0.345641,0.262514,0.345617,0.365582,0.455015,0.388159
4.33556,2.72035,0.0213485,20.3523,0.05,5.73486,265.315,2639.66,1.00193,0.345766,0.262639,0.345742,0.365707,0.45514,0.388284
4.34095,2.72396,0.0274617,20.3703,0.0722703,5.73578,265.603,2640.66,1.00272,0.345891,0.262764,0.345867,0.365831,0.455265,0.388409
4.34635,2.72757,0.033576,20.387,0.0625669,5.73864,265.891,2641.65,1.00358,0.346016,0.262889,0.345992,0.365956,0.45539,0.388534
4.35173,2.73119,0.0397158,20.4093,0.0357627,5.74243,266.179,2642.65,1.00451,0.346141,0.263014,0.346117,0.366081,0.455515,0.388659
4.34502,2.7348,0.0213652,20.4304,0.0515517,5.7437,266.467,2643.64,1.00551,0.346266,0.263139,0.346242,0.366206,0.45564,0.388784
4.35043,2.73842,0.0274925,20.4546,0.0309727,5.7471,266.756,2644.64,1.00658,0.346391,0.263264,0.346367,0.366331,0.455765,0.388909
4.35583,2.74204,0.0336233,20.4771,0.027101,5.74952,267.045,2645.63,1.00773,0.346516,0.263389,0.346492,0.366456,0.45589,0.389034
4.36124,2.74567,0.0397606,20.4971,-0.0121901,5.75412,267.335,2646.63,1.00895,0.346641,0.263514,0.346617,0.366581,0.456015,0.389159
4.35603,2.7493,0.0213749,20.5202,0.05,5.75541,267.624,2647.62,1.01024,0.346766,0.263639,0.346742,0.366706,0.45614,0.389284
4.36145,2.75294,0.0275085,20.5398,0.0431974,5.75809,267.914,2648.62,1.0116,0.346891,0.263764,0.346867,0.366831,0.456265,0.389409
4.36686,2.75658,0.0336599,20.5634,0.00471023,5.7626,268.205,2649.61,1.01304,0.347016,0.263889,0.346992,0.366956,0.45639,0.389534
4.37228,2.76022,0.0398173,20.587,-0.0106375,5.76574,268.495,2650.6,1.01455,0.347141,0.264014,0.347117,0.367081,0.456515,0.389659
4.36683,2.75606,0.0213916,20.5583,0.05,5.69826,268.581,2651.59,1,0.347266,0.263698,0.347242,0.366963,0.456639,0.38958
4.37227,2.7597,0.0275339,20.5757,0.0120319,5.7028,268.872,2652.58,1.00057,0.347391,0.263823,0.347367,0.367088,0.456764,0.389704
4.3777,2.76334,0.0336977,20.5963,0.00310849,5.70559,269.163,2653.57,1.00121,0.347516,0.263948,0.347492,0.367213,0.456889,0.389829
4.38311,2.76698,0.0398833,20.6222,-0.0356079,5.71007,269.454,2654.56,1.00192,0.347641,0.264073,0.347617,0.367338,0.457014,0.389954
4.37817,2.77057,0.0214068,20.6439,0.05,5.71524,269.746,2655.55,1.0027,0.347766,0.264198,0.347742,0.367463,0.457139,0.390079
4.38361,2.77422,0.0275767,20.6631,0.0271323,5.71889,270.038,2656.54,1.00356,0.347891,0.264323,0.347867,0.367588,0.457264,0.390204
4.38904,2.77788,0.0337573,20.6845,0.0315344,5.7209,270.331,2657.53,1.00449,0.348016,0.264448,0.347992,0.367713,0.457389,0.390329
4.39447,2.78154,0.0399432,20.7049,0.0389188,5.72275,270.623,2658.52,1.00549,0.348141,0.264573,0.348117,0.367838,0.457514,0.390454
4.38796,2.7852,0.0214287,20.7229,0.05,5.7246,270.916,2659.5,1.00656,0.348266,0.264698,0.348242,0.367963,0.457639,0.390579
4.3934,2.78886,0.0276243,20.7456,0.0378684,5.7276,271.21,2660.49,1.0077,0.348391,0.264823,0.348366,0.368088,0.457764,0.390704
4.39883,2.79253,0.033823,20.7659,0.010859,5.73152,271.503,2661.48,1.00891,0.348516,0.264948,0.348491,0.368213,0.457889,0.390829
4.40426,2.79621,0.0400358,20.7857,0.039346,5.73215,271.797,2662.47,1.0102,0.348641,0.265073,0.348616,0.368338,0.458014,0.390954
4.39629,2.79988,0.0214497,20.8074,0.05,5.73571,272.092,2663.45,1.01156,0.348766,0.265198,0.348741,0.368463,0.458139,0.391079
4.40173,2.80356,0.0276568,20.8274,0.051263,5.73798,272.386,2664.44,1.01299,0.348891,0.265323,0.348866,0.368588,0.458264,0.391204
4.40718,2.80724,0.0338656,20.8523,0.00901561,5.74276,272.681,2665.43,1.01449,0.349016,0.265448,0.348991,0.368713,0.458389,0.391329
4.41261,2.80313,0.0400944,20.8277,0.05,5.67665,272.767,2666.4,1,0.349141,0.265139,0.349116,0.368599,0.458514,0.391239
4.40425,2.8068,0.0214663,20.8505,0.05,5.68004,273.062,2667.39,1.00057,0.349266,0.265264,0.349241,0.368724,0.458639,0.391364
4.4097,2.81048,0.0276864,20.8722,0.00311724,5.68512,273.358,2668.37,1.0012,0.349391,0.265389,0.349366,0.368849,0.458764,0.391489
4.41515,2.81417,0.0339134,20.893,-0.00329964,5.68782,273.653,2669.35,1.00191,0.349516,0.265514,0.349491,0.368974,0.458889,0.391614
4.42062,2.81786,0.0401322,20.9156,-0.0214792,5.69118,273.949,2670.34,1.00269,0.349641,0.265639,0.349616,0.369099,0.459014,0.391739
4.41374,2.82151,0.0214758,20.9329,0.05,5.69611,274.246,2671.32,1.00355,0.349766,0.265764,0.349741,0.369224,0.459139,0.391864
4.4192,2.8252,0.0277167,20.9551,0.0612109,5.69779,274.543,2672.3,1.00447,0.349891,0.265889,0.349866,0.369349,0.459264,0.391989
4.42466,2.8289,0.033959,20.9749,0.00867257,5.70325,274.84,2673.28,1.00546,0.350016,0.266014,0.349991,0.369474,0.459389,0.392114
4.43011,2.8326,0.0402167,20.9953,0.000194061,5.70612,275.137,2674.26,1.00653,0.350141,0.266139,0.350116,0.369599,0.459514,0.392239
4.42075,2.83631,0.0215009,21.0176,0.05,5.7067,275.435,2675.24,1.00767,0.350266,0.266264,0.350241,0.369724,0.459639,0.392364
4.42623,2.84001,0.0277466,21.0428,0.0318823,5.71009,275.733,2676.22,1.00888,0.350391,0.266389,0.350366,0.369849,0.459764,0.392489
4.4317,2.84373,0.0339969,21.0668,0.0387052,5.71202,276.031,2677.2,1.01016,0.350516,0.266514,0.350491,0.369974,0.459889,0.392614
4.43716,2.84744,0.0402635,21.0899,0.0192167,5.71553,276.33,2678.18,1.01151,0.350641,0.266639,0.350616,0.370099,0.460014,0.392739
4.42948,2.85115,0.0215091,21.1073,0.05,5.71885,276.629,2679.16,1.01294,0.350765,0.266764,0.350741,0.370224,0.460139,0.392864
4.43495,2.85488,0.0277734,21.1262,0.0122375,5.72351,276.928,2680.14,1.01443,0.35089,0.266889,0.350866,0.370349,0.460264,0.392989
4.44042,2.85081,0.0340445,21.098,0.05,5.65822,277.014,2681.11,1,0.351015,0.266587,0.350991,0.370238,0.460388,0.392888
4.44587,2.85453,0.0403421,21.1171,0.0286954,5.66187,277.313,2682.09,1.00056,0.35114,0.266712,0.351116,0.370363,0.460513,0.393013
4.43516,2.85825,0.0215362,21.1422,0.05,5.66391,277.613,2683.07,1.0012,0.351265,0.266837,0.351241,0.370488,0.460638,0.393138
4.44065,2.86197,0.0278086,21.1634,0.00946548,5.66866,277.913,2684.04,1.00191,0.35139,0.266962,0.351366,0.370613,0.460763,0.393263
4.44614,2.8657,0.0340881,21.1883,0.00413888,5.67132,278.214,2685.02,1.00268,0.351515,0.267087,0.351491,0.370738,0.460888,0.393388
4.45161,2.86944,0.0403859,21.2089,0.0188319,5.67286,278.514,2685.99,1.00353,0.35164,0.267212,0.351616,0.370863,0.461013,0.393513
4.44362,2.87317,0.0215396,21.2328,0.05,5.67511,278.816,2686.97,1.00445,0.351765,0.267337,0.351741,0.370988,0.461138,0.393638
4.44912,2.87691,0.0278286,21.2533,0.000671336,5.68043,279.117,2687.94,1.00544,0.35189,0.267462,0.351866,0.371113,0.461263,0.393763
4.45462,2.88065,0.0341189,21.2749,-0.0299609,5.68463,279.419,2688.92,1.00651,0.352015,0.267587,0.351991,0.371238,0.461388,0.393888
4.46011,2.8844,0.0404194,21.2966,-0.0037121,5.68549,279.721,2689.89,1.00764,0.35214,0.267712,0.352116,0.371363,0.461513,0.394013
4.4523,2.88815,0.0215542,21.318,0.05,5.68577,280.023,2690.86,1.00884,0.352265,0.267837,0.352241,0.371488,0.461638,0.394138
4.45781,2.8919,0.0278561,21.3402,0.05511,5.6879,280.326,2691.84,1.01012,0.35239,0.267962,0.352366,0.371613,0.461763,0.394263
4.46332,2.89566,0.0341573,21.3679,0.0290544,5.6918,280.629,2692.81,1.01147,0.352515,0.268087,0.352491,0.371738,0.461888,0.394388
4.46879,2.89941,0.040499,21.3944,0.0377867,5.69373,280.933,2693.78,1.01289,0.35264,0.268212,0.352616,0.371863,0.462013,0.394513
4.45901,2.90316,0.0215771,21.4156,0.05,5.69854,281.237,2694.76,1.01438,0.352765,0.268337,0.352741,0.371988,0.462138,0.394638
4.46452,2.89914,0.0278994,21.398,0.0537152,5.63333,281.321,2695.72,1,0.35289,0.268042,0.352865,0.371882,0.462263,0.394525
4.47003,2.9029,0.0342178,21.4226,0.0307046,5.63706,281.625,2696.69,1.00056,0.353015,0.268167,0.35299,0.372007,0.462388,0.39465
4.47552,2.90667,0.0405644,21.4496,0.0151277,5.64039,281.929,2697.66,1.0012,0.35314,0.268292,0.353115,0.372132,0.462513,0.394775
4.46503,2.91041,0.0215937,21.4708,0.05,5.64255,282.234,2698.63,1.0019,0.353265,0.268417,0.35324,0.372257,0.462638,0.3949
4.47056,2.91418,0.0279161,21.4956,0.0458009,5.64521,282.539,2699.6,1.00267,0.35339,0.268542,0.353365,0.372382,0.462763,0.395025
4.47608,2.91796,0.0342455,21.518,0.0608394,5.64676,282.844,2700.57,1.00352,0.353515,0.268667,0.35349,0.372507,0.462888,0.39515
4.48158,2.92173,0.0406025,21.5444,0.100153,5.64693,283.15,2701.54,1.00443,0.35364,0.268792,0.353615,0.372632,0.463013,0.395275
4.47363,2.92551,0.021598,21.5658,0.105784,5.64904,283.456,2702.51,1.00542,0.353765,0.268917,0.35374,0.372757,0.463138,0.3954
4.47917,2.92929,0.0279331,21.5901,0.0854857,5.65267,283.762,2703.48,1.00648,0.35389,0.269042,0.353865,0.372882,0.463263,0.395525
4.48469,2.93308,0.0342813,21.614,0.0925186,5.65473,284.068,2704.45,1.00761,0.354015,0.269167,0.35399,0.373007,0.463388,0.39565
4.49021,2.93687,0.0406503,21.6329,0.0877617,5.65751,284.375,2705.42,1.0088,0.35414,0.269292,0.354115,0.373132,0.463513,0.395775
4.48199,2.94067,0.021614,21.6565,0.0932498,5.65968,284.682,2706.38,1.01007,0.354265,0.269417,0.35424,0.373257,0.463638,0.3959
4.48753,2.94446,0.0279712,21.6807,0.0567123,5.6643,284.99,2707.35,1.01142,0.35439,0.269542,0.354365,0.373382,0.463763,0.396025
4.49305,2.94827,0.0343469,21.7029,0.0783265,5.66556,285.298,2708.32,1.01283,0.354515,0.269667,0.35449,0.373507,0.463888,0.39615
4.49857,2.95207,0.0407227,21.7235,0.0716449,5.66846,285.606,2709.29,1.01431,0.35464,0.269792,0.354615,0.373632,0.464013,0.396275
4.48872,2.94813,0.0216338,21.6993,0.05,5.60559,285.69,2710.24,1,0.354765,0.269506,0.35474,0.373531,0.464138,0.39615
4.49427,2.95194,0.0279872,21.7178,0.0449202,5.60835,285.999,2711.21,1.00056,0.35489,0.269631,0.354865,0.373656,0.464263,0.396275
4.49982,2.95574,0.0343561,21.7397,0.0588205,5.61003,286.307,2712.18,1.00119,0.355015,0.269756,0.35499,0.373781,0.464388,0.3964
4.50535,2.95955,0.0407475,21.7624,0.0309402,5.61415,286.616,2713.14,1.00189,0.35514,0.269881,0.355115,0.373906,0.464513,0.396525
4.49778,2.96337,0.0216399,21.7867,0.05,5.61607,286.926,2714.11,1.00266,0.355265,0.270006,0.35524,0.374031,0.464638,0.39665
4.50334,2.96718,0.0280154,21.8094,0.0419081,5.61904,287.236,2715.07,1.0035,0.35539,0.270131,0.355365,0.374156,0.464763,0.396775
4.50888,2.971,0.0344123,21.833,0.0772994,5.61953,287.546,2716.04,1.00441,0.355515,0.270256,0.35549,0.374281,0.464888,0.3969
4.51442,2.97482,0.0408232,21.8546,0.118683,5.61968,287.856,2717,1.00539,0.35564,0.270381,0.355615,0.374406,0.465013,0.397025
4.50557,2.9786,0.0216597,21.8795,0.134401,5.62131,288.167,2717.96,1.00645,0.355765,0.270506,0.35574,0.374531,0.465138,0.39715
4.51114,2.98243,0.0280446,21.9019,0.134032,5.62385,288.478,2718.93,1.00757,0.35589,0.270631,0.355865,0.374656,0.465263,0.397275
4.5167,2.98626,0.0344426,21.9253,0.0906552,5.62889,288.789,2719.89,1.00876,0.356015,0.270756,0.35599,0.374781,0.465388,0.3974
4.52225,2.9901,0.0408528,21.9436,0.0754159,5.63232,289.101,2720.86,1.01002,0.35614,0.270881,0.356115,0.374906,0.465513,0.397525
4.51509,2.99394,0.021667,21.9613,0.05,5.63635,289.413,2721.82,1.01136,0.356265,0.271006,0.35624,0.375031,0.465638,0.39765
4.52065,2.99778,0.0280789,21.9841,0.0185445,5.64075,289.726,2722.78,1.01276,0.35639,0.271131,0.356365,0.375156,0.465762,0.397775
4.5262,3.00163,0.0345102,22.0066,0.0262454,5.64289,290.039,2723.74,1.01424,0.356515,0.271256,0.35649,0.375281,0.465887,0.3979
4.53176,2.99779,0.0409384,21.9819,0.05,5.57885,290.122,2724.7,1,0.35664,0.27098,0.356615,0.375184,0.466012,0.397761
4.52317,3.00163,0.0216862,22.0051,0.0577696,5.58094,290.435,2725.66,1.00056,0.356765,0.271105,0.35674,0.375309,0.466137,0.397886
4.52876,3.00548,0.0280955,22.0261,0.0847645,5.58195,290.748,2726.62,1.00118,0.35689,0.27123,0.356865,0.375434,0.466262,0.398011
4.53434,3.00933,0.0345221,22.0478,0.0678186,5.58548,291.062,2727.58,1.00188,0.357015,0.271355,0.35699,0.375559,0.466387,0.398136
4.5399,3.01319,0.0409631,22.0735,0.0310852,5.59015,291.376,2728.54,1.00265,0.35714,0.27148,0.357115,0.375684,0.466512,0.398261
4.53161,3.01705,0.0216997,22.0959,0.05,5.5929,291.69,2729.5,1.00348,0.357265,0.271605,0.35724,0.375809,0.466637,0.398386
4.5372,3.02091,0.0281328,22.1182,0.0661019,5.59457,292.005,2730.46,1.00439,0.35739,0.27173,0.357365,0.375934,0.466762,0.398511
4.54277,3.02477,0.0345829,22.1423,0.0498171,5.5981,292.32,2731.42,1.00537,0.357515,0.271855,0.35749,0.376059,0.466887,0.398636
4.54833,3.02864,0.0410504,22.1631,0.0462526,5.60091,292.635,2732.38,1.00642,0.35764,0.27198,0.357615,0.376184,0.467012,0.398761
4.53854,3.03252,0.021719,22.1868,0.05,5.60368,292.951,2733.33,1.00753,0.357765,0.272105,0.35774,0.376309,0.467137,0.398886
4.54412,3.03639,0.0281801,22.2105,0.0316496,5.60737,293.267,2734.29,1.00872,0.35789,0.27223,0.357864,0.376434,0.467262,0.399011
4.54971,3.04027,0.0346275,22.235,0.0490512,5.60897,293.583,2735.25,1.00998,0.358015,0.272355,0.357989,0.376559,0.467387,0.399136
4.55529,3.04415,0.0410973,22.2588,0.0528982,5.61136,293.9,2736.21,1.01131,0.35814,0.27248,0.358114,0.376684,0.467512,0.399261
4.54513,3.04804,0.0217335,22.2802,0.05,5.61557,294.217,2737.16,1.01271,0.358265,0.272605,0.358239,0.376809,0.467637,0.399386
4.55072,3.05192,0.0281944,22.3064,0.0478475,5.61833,294.534,2738.12,1.01418,0.35839,0.27273,0.358364,0.376934,0.467762,0.399511
4.55629,3.04817,0.0346775,22.2834,0.05,5.55606,294.617,2739.07,1,0.358515,0.272462,0.358489,0.376841,0.467887,0.39936
4.56185,3.05206,0.041179,22.3041,0.00721435,5.56111,294.934,2740.02,1.00055,0.35864,0.272587,0.358614,0.376966,0.468012,0.399485
4.5504,3.05593,0.0217516,22.3254,0.05,5.56417,295.252,2740.98,1.00118,0.358765,0.272712,0.358739,0.377091,0.468137,0.39961
4.556,3.05982,0.0282229,22.3501,0.0430671,5.56719,295.57,2741.93,1.00187,0.35889,0.272837,0.358864,0.377216,0.468262,0.399735
4.56159,3.06372,0.034711,22.3739,0.0329637,5.5704,295.889,2742.88,1.00264,0.359015,0.272962,0.358989,0.377341,0.468387,0.39986
4.56718,3.06762,0.0412079,22.4008,0.00700265,5.57452,296.208,2743.84,1.00347,0.35914,0.273087,0.359114,0.377466,0.468512,0.399985
4.55704,3.07149,0.0217597,22.4258,0.05,5.57692,296.527,2744.79,1.00437,0.359265,0.273212,0.359239,0.377591,0.468637,0.40011
4.56264,3.0754,0.0282509,22.4508,0.0562304,5.57924,296.847,2745.74,1.00535,0.35939,0.273337,0.359364,0.377716,0.468762,0.400235
4.56825,3.07931,0.0347403,22.4702,0.0549292,5.58194,297.167,2746.69,1.00639,0.359515,0.273462,0.359489,0.377841,0.468887,0.40036
4.57384,3.08322,0.0412476,22.4985,0.025975,5.58627,297.487,2747.64,1.00751,0.35964,0.273587,0.359614,0.377966,0.469012,0.400485
4.56335,3.08712,0.0217744,22.5211,0.05,5.58893,297.808,2748.59,1.00869,0.359765,0.273712,0.359739,0.378091,0.469137,0.40061
4.56897,3.09104,0.0282664,22.5467,0.0727588,5.5903,298.129,2749.55,1.00994,0.35989,0.273837,0.359864,0.378216,0.469262,0.400735
4.57457,3.09497,0.0347757,22.5668,0.0286922,5.59548,298.451,2750.49,1.01127,0.360015,0.273962,0.359989,0.378341,0.469387,0.40086
4.58017,3.0989,0.041303,22.5932,0.0350117,5.59783,298.772,2751.44,1.01266,0.36014,0.274087,0.360114,0.378466,0.469512,0.400985
4.56948,3.10282,0.0217883,22.6169,0.05,5.60095,299.095,2752.39,1.01413,0.360265,0.274211,0.360239,0.378591,0.469637,0.40111
4.57509,3.09913,0.0283129,22.5941,0.05,5.53879,299.176,2753.33,1,0.36039,0.273951,0.360364,0.378504,0.469761,0.400945
4.5807,3.10306,0.0348322,22.6205,0.0317693,5.5425,299.498,2754.28,1.00055,0.360515,0.274076,0.360489,0.378629,0.469886,0.40107
4.58628,3.107,0.0413868,22.6409,0.00985388,5.54643,299.821,2755.23,1.00118,0.36064,0.274201,0.360614,0.378754,0.470011,0.401195
4.57492,3.11092,0.021803,22.6656,0.05,5.54807,300.144,2756.18,1.00187,0.360765,0.274326,0.360739,0.378879,0.470136,0.40132
4.58054,3.11486,0.0283266,22.6908,0.0358416,5.55158,300.467,2757.12,1.00263,0.36089,0.274451,0.360864,0.379004,0.470261,0.401445
4.58617,3.11881,0.0348512,22.7148,0.0390838,5.55409,300.791,2758.07,1.00346,0.361015,0.274576,0.360989,0.379129,0.470386,0.40157
4.59176,3.12276,0.0414158,22.7375,0.0355934,5.55701,301.115,2759.02,1.00436,0.36114,0.274701,0.361114,0.379254,0.470511,0.401695
4.58035,3.12671,0.0218161,22.7567,0.05,5.55913,301.439,2759.96,1.00533,0.361264,0.274826,0.361239,0.379379,0.470636,0.40182
4.58598,3.13066,0.0283513,22.7826,0.0630776,5.56113,301.764,2760.91,1.00637,0.361389,0.274951,0.361364,0.379504,0.470761,0.401945
4.5916,3.13462,0.0349103,22.808,0.080755,5.56288,302.089,2761.85,1.00748,0.361514,0.275075,0.361489,0.379629,0.470886,0.40207
4.59721,3.13858,0.0414731,22.8307,0.0693332,5.56626,302.415,2762.8,1.00866,0.361639,0.2752,0.361614,0.379754,0.471011,0.402195
4.58542,3.14254,0.02183,22.8609,0.0836005,5.56824,302.74,2763.74,1.00991,0.361764,0.275325,0.361739,0.379879,0.471136,0.40232
4.59105,3.14651,0.0283788,22.8873,0.0821652,5.57109,303.067,2764.69,1.01123,0.361889,0.27545,0.361864,0.380004,0.471261,0.402445
4.59669,3.15048,0.0349336,22.9138,0.072529,5.5744,303.393,2765.63,1.01261,0.362014,0.275575,0.361989,0.380129,0.471386,0.40257
4.60229,3.15445,0.0415194,22.9361,0.0888817,5.57624,303.72,2766.57,1.01407,0.362139,0.2757,0.362114,0.380254,0.471511,0.402695
4.59119,3.15084,0.0218389,22.914,0.102316,5.51369,303.8,2767.51,1,0.362264,0.275447,0.362238,0.380171,0.471636,0.402516
4.59683,3.15481,0.0284023,22.9383,0.12164,5.51536,304.127,2768.45,1.00055,0.362389,0.275572,0.362363,0.380296,0.471761,0.402641
4.60246,3.15879,0.0349794,22.9658,0.10119,5.51929,304.454,2769.4,1.00117,0.362514,0.275697,0.362488,0.380421,0.471886,0.402766
4.60807,3.16276,0.0415801,22.9917,0.129349,5.5205,304.782,2770.34,1.00186,0.362639,0.275822,0.362613,0.380546,0.472011,0.402891
4.5964,3.16674,0.021854,23.0162,0.143987,5.52244,305.11,2771.28,1.00262,0.362764,0.275947,0.362738,0.380671,0.472136,0.403016
4.60204,3.17073,0.0284336,23.0401,0.115946,5.52679,305.439,2772.22,1.00344,0.362889,0.276072,0.362863,0.380796,0.472261,0.403141
4.60765,3.17472,0.0350413,23.0638,0.111015,5.52986,305.768,2773.17,1.00434,0.363014,0.276197,0.362988,0.380921,0.472386,0.403266
4.61328,3.17871,0.0416406,23.0924,0.102905,5.53313,306.097,2774.11,1.00531,0.363139,0.276322,0.363113,0.381046,0.472511,0.403391
4.59941,3.18271,0.0218741,23.116,0.110401,5.53551,306.426,2775.05,1.00634,0.363264,0.276447,0.363238,0.381171,0.472636,0.403516
4.60506,3.18671,0.0284541,23.1375,0.0641473,5.54086,306.756,2775.99,1.00744,0.363389,0.276572,0.363363,0.381296,0.472761,0.403641
4.61068,3.19071,0.0350677,23.1628,0.0815022,5.54272,307.087,2776.93,1.00862,0.363514,0.276697,0.363488,0.381421,0.472886,0.403766
4.61632,3.19472,0.0416778,23.1926,0.0833972,5.54547,307.417,2777.87,1.00986,0.363639,0.276822,0.363613,0.381546,0.473011,0.403891
4.60435,3.19872,0.0218786,23.2145,0.0707441,5.54897,307.748,2778.81,1.01118,0.363764,0.276947,0.363738,0.381671,0.473136,0.404016
4.61,3.20273,0.0284743,23.2427,0.0445695,5.5533,308.08,2779.74,1.01256,0.363889,0.277072,0.363863,0.381796,0.473261,0.404141
4.61563,3.20675,0.0351044,23.2707,0.0511312,5.55581,308.411,2780.68,1.01401,0.364014,0.277197,0.363988,0.381921,0.473386,0.404265
4.62126,3.20323,0.0417329,23.2464,0.0761675,5.49318,308.49,2781.61,1,0.364139,0.276951,0.364113,0.381844,0.473511,0.404072
4.60759,3.20722,0.0218969,23.2759,0.0589017,5.49701,308.822,2782.55,1.00055,0.364264,0.277076,0.364238,0.381969,0.473636,0.404197
4.61324,3.21124,0.0285101,23.3035,0.0636596,5.49961,309.154,2783.49,1.00117,0.364389,0.277201,0.364363,0.382094,0.473761,0.404322
4.61888,3.21527,0.0351425,23.3265,0.0410349,5.50368,309.487,2784.42,1.00185,0.364514,0.277326,0.364488,0.382219,0.473886,0.404447
4.6245,3.21929,0.0417916,23.356,0.0112578,5.50823,309.82,2785.36,1.00261,0.364639,0.277451,0.364613,0.382344,0.474011,0.404572
4.61077,3.22326,0.0219085,23.3801,0.05,5.51176,310.153,2786.29,1.00343,0.364764,0.277576,0.364738,0.382469,0.474136,0.404697
4.61642,3.2273,0.0285392,23.4077,0.0500363,5.51465,310.487,2787.23,1.00432,0.364889,0.277701,0.364863,0.382594,0.474261,0.404822
4.62206,3.23133,0.0351855,23.4312,0.058312,5.51704,310.821,2788.16,1.00529,0.365014,0.277826,0.364988,0.382719,0.474386,0.404947
4.62767,3.23537,0.0418626,23.4617,0.00025637,5.52323,311.155,2789.09,1.00632,0.365139,0.277951,0.365113,0.382844,0.474511,0.405072
4.61189,3.23939,0.021927,23.4871,0.05,5.52363,311.49,2790.03,1.00742,0.365264,0.278076,0.365238,0.382969,0.474636,0.405197
4.61754,3.24344,0.0285783,23.5163,0.0667998,5.52564,311.825,2790.96,1.00859,0.365389,0.278201,0.365363,0.383094,0.474761,0.405322
4.62317,3.24749,0.0352424,23.5428,0.0711271,5.52832,312.161,2791.89,1.00983,0.365514,0.278326,0.365488,0.383219,0.474886,0.405447
4.6288,3.25154,0.0419128,23.5721,0.0778057,5.53089,312.497,2792.82,1.01114,0.365639,0.278451,0.365613,0.383344,0.475011,0.405572
4.61196,3.25559,0.0219409,23.6029,0.088215,5.53328,312.833,2793.75,1.01252,0.365764,0.278576,0.365738,0.383469,0.475136,0.405697
4.61761,3.25965,0.0285869,23.6267,0.0330757,5.53924,313.17,2794.69,1.01397,0.365889,0.278701,0.365863,0.383594,0.475261,0.405822
4.62327,3.25622,0.0352339,23.5988,0.05,5.47855,313.246,2795.61,1,0.366014,0.278462,0.365988,0.383522,0.475385,0.405613
4.6289,3.26028,0.0419203,23.628,0.0571159,5.48111,313.583,2796.54,1.00055,0.366139,0.278587,0.366113,0.383647,0.47551,0.405738
4.61315,3.26432,0.0219477,23.6564,0.0675507,5.48348,313.92,2797.47,1.00116,0.366264,0.278712,0.366238,0.383772,0.475635,0.405863
4.6188,3.26838,0.028614,23.6812,0.0829234,5.48555,314.258,2798.4,1.00185,0.366389,0.278837,0.366363,0.383897,0.47576,0.405988
4.62444,3.27245,0.0352933,23.71,0.118496,5.48655,314.596,2799.33,1.0026,0.366514,0.278962,0.366488,0.384022,0.475885,0.406113
4.63009,3.27652,0.0419738,23.7403,0.158897,5.48728,314.934,2800.26,1.00342,0.366639,0.279087,0.366613,0.384147,0.47601,0.406238
4.61511,3.28058,0.021955,23.7721,0.157714,5.49034,315.273,2801.19,1.00431,0.366764,0.279212,0.366738,0.384272,0.476135,0.406363
4.62078,3.28467,0.0286092,23.7936,0.176599,5.49216,315.612,2802.12,1.00527,0.366889,0.279337,0.366863,0.384397,0.47626,0.406488
4.62644,3.28875,0.0352894,23.821,0.196547,5.49402,315.951,2803.04,1.0063,0.367014,0.279462,0.366988,0.384522,0.476385,0.406613
4.63209,3.29284,0.0419875,23.8495,0.226178,5.49537,316.291,2803.97,1.00739,0.367139,0.279587,0.367113,0.384647,0.47651,0.406738
4.61848,3.29691,0.0219613,23.879,0.211243,5.4992,316.631,2804.9,1.00856,0.367264,0.279712,0.367238,0.384772,0.476635,0.406863
4.62415,3.301,0.0286431,23.9094,0.218223,5.50185,316.972,2805.83,1.00979,0.367389,0.279837,0.367363,0.384897,0.47676,0.406988
4.62981,3.3051,0.0353339,23.9325,0.248869,5.50308,317.313,2806.76,1.0111,0.367514,0.279962,0.367488,0.385022,0.476885,0.407113
4.63544,3.30921,0.0420456,23.9524,0.239313,5.5065,317.654,2807.69,1.01247,0.367639,0.280087,0.367613,0.385147,0.47701,0.407238
4.62108,3.3133,0.0219746,23.9823,0.238216,5.50959,317.996,2808.61,1.01391,0.367764,0.280212,0.367738,0.385272,0.477135,0.407363
4.62675,3.30996,0.0286656,23.9635,0.199429,5.4517,318.071,2809.53,1,0.367889,0.279982,0.367862,0.385205,0.47726,0.407139
4.63242,3.31406,0.035365,23.9883,0.182865,5.45554,318.412,2810.46,1.00054,0.368014,0.280107,0.367987,0.38533,0.477385,0.407264
4.63808,3.31817,0.0420694,24.018,0.209538,5.4571,318.755,2811.38,1.00116,0.368139,0.280232,0.368112,0.385455,0.47751,0.407389
4.62411,3.32228,0.0219832,24.0439,0.204674,5.46034,319.097,2812.31,1.00184,0.368264,0.280357,0.368237,0.38558,0.477635,0.407514
4.62979,3.32639,0.0286781,24.0722,0.197658,5.46374,319.44,2813.23,1.00259,0.368389,0.280482,0.368362,0.385705,0.47776,0.407639
4.63547,3.33051,0.0353848,24.1018,0.205896,5.46633,319.784,2814.16,1.0034,0.368514,0.280607,0.368487,0.38583,0.477885,0.407764
4.64113,3.33463,0.0421039,24.1299,0.213609,5.46893,320.127,2815.08,1.00429,0.368639,0.280732,0.368612,0.385955,0.47801,0.407889
4.62761,3.33873,0.0219924,24.1643,0.19617,5.47302,320.471,2816.01,1.00525,0.368764,0.280857,0.368737,0.38608,0.478135,0.408014
4.63328,3.34286,0.0287123,24.1931,0.194046,5.4762,320.816,2816.93,1.00627,0.368889,0.280982,0.368862,0.386205,0.47826,0.408139
4.63896,3.34699,0.0354322,24.2252,0.192213,5.47941,321.161,2817.85,1.00736,0.369014,0.281107,0.368987,0.38633,0.478385,0.408264
4.64462,3.35112,0.0421643,24.2525,0.191379,5.4825,321.506,2818.77,1.00852,0.369139,0.281232,0.369112,0.386455,0.47851,0.408389
4.62874,3.35524,0.0220113,24.2797,0.180385,5.48616,321.851,2819.69,1.00975,0.369264,0.281357,0.369237,0.38658,0.478635,0.408514
4.63442,3.35938,0.028731,24.3054,0.210932,5.48751,322.197,2820.62,1.01105,0.369389,0.281482,0.369362,0.386705,0.47876,0.408639
4.64008,3.36352,0.0354747,24.3368,0.203987,5.49103,322.544,2821.54,1.01242,0.369514,0.281607,0.369487,0.38683,0.478885,0.408764
4.64574,3.36767,0.0422287,24.3659,0.207603,5.49393,322.891,2822.46,1.01386,0.369639,0.281732,0.369612,0.386955,0.47901,0.408889
4.62791,3.36442,0.0220271,24.3483,0.213245,5.43415,322.963,2823.37,1,0.369764,0.281509,0.369737,0.386894,0.479135,0.408649
4.63356,3.36857,0.0287848,24.3764,0.178737,5.43913,323.31,2824.29,1.00054,0.369889,0.281634,0.369862,0.387019,0.47926,0.408774
4.63921,3.37273,0.0355393,24.4039,0.196083,5.44125,323.658,2825.21,1.00115,0.370014,0.281759,0.369987,0.387144,0.479385,0.408899
4.64486,3.37688,0.0423057,24.434,0.197119,5.4443,324.005,2826.13,1.00183,0.370139,0.281884,0.370112,0.387269,0.47951,0.409024
4.62481,3.38104,0.0220438,24.4595,0.212748,5.44651,324.353,2827.04,1.00258,0.370264,0.282009,0.370237,0.387394,0.479635,0.409149
4.63048,3.38521,0.0287905,24.4859,0.230495,5.44861,324.702,2827.96,1.00339,0.370389,0.282134,0.370362,0.387519,0.47976,0.409274
4.63613,3.38937,0.0355642,24.5142,0.206123,5.45305,325.051,2828.88,1.00428,0.370514,0.282259,0.370487,0.387644,0.479885,0.409399
4.64176,3.39354,0.04236,24.5477,0.227747,5.4551,325.4,2829.8,1.00523,0.370639,0.282384,0.370612,0.387769,0.48001,0.409524
4.62209,3.39771,0.0220507,24.5765,0.263966,5.45623,325.75,2830.71,1.00625,0.370764,0.282509,0.370737,0.387894,0.480135,0.409649
4.62777,3.40189,0.0287937,24.6059,0.257811,5.4597,326.1,2831.63,1.00734,0.370889,0.282634,0.370862,0.388019,0.48026,0.409774
4.63344,3.40607,0.0355504,24.6295,0.259649,5.46262,326.45,2832.55,1.00849,0.371014,0.282759,0.370987,0.388144,0.480384,0.409899
4.63908,3.41026,0.0423413,24.6529,0.280659,5.46453,326.801,2833.46,1.00972,0.371139,0.282884,0.371112,0.388269,0.480509,0.410024
4.62089,3.41445,0.0220543,24.6797,0.273704,5.46803,327.152,2834.38,1.01102,0.371264,0.283009,0.371237,0.388394,0.480634,0.410149
4.62657,3.41864,0.028809,24.7072,0.252536,5.4723,327.503,2835.29,1.01238,0.371389,0.283134,0.371362,0.388519,0.480759,0.410274
4.63223,3.42284,0.0355844,24.7327,0.23721,5.47623,327.855,2836.21,1.01381,0.371514,0.283259,0.371487,0.388644,0.480884,0.410399
4.63784,3.41969,0.0424131,24.7098,0.257365,5.41609,327.926,2837.12,1,0.371639,0.283043,0.371611,0.388589,0.481009,0.410142
4.61866,3.42388,0.0220665,24.741,0.248946,5.41972,328.278,2838.03,1.00054,0.371764,0.283168,0.371736,0.388714,0.481134,0.410267
4.62433,3.42807,0.0288405,24.7763,0.27273,5.42172,328.63,2838.94,1.00115,0.371889,0.283293,0.371861,0.388839,0.481259,0.410392
4.62999,3.43227,0.0356287,24.8041,0.262461,5.42541,328.983,2839.86,1.00183,0.372014,0.283418,0.371986,0.388964,0.481384,0.410517
4.63561,3.43648,0.0424478,24.8289,0.287641,5.42715,329.337,2840.77,1.00257,0.372139,0.283543,0.372111,0.389089,0.481509,0.410642
4.61725,3.44069,0.0220711,24.858,0.283326,5.43053,329.69,2841.68,1.00338,0.372264,0.283668,0.372236,0.389214,0.481634,0.410767
4.62293,3.4449,0.0288485,24.8891,0.270816,5.43443,330.044,2842.59,1.00426,0.372389,0.283793,0.372361,0.389339,0.481759,0.410892
4.62859,3.44912,0.0356387,24.9143,0.261435,5.43804,330.399,2843.51,1.00521,0.372514,0.283918,0.372486,0.389464,0.481884,0.411017
4.63418,3.45334,0.0425007,24.9454,0.23205,5.4429,330.754,2844.42,1.00623,0.372638,0.284043,0.372611,0.389589,0.482009,0.411142
4.61314,3.45756,0.0220895,24.9755,0.267808,5.44419,331.109,2845.33,1.00731,0.372763,0.284168,0.372736,0.389714,0.482134,0.411267
4.61881,3.46179,0.0288801,25.0035,0.287252,5.44633,331.464,2846.24,1.00847,0.372888,0.284293,0.372861,0.389839,0.482259,0.411392
4.62447,3.46601,0.0356781,25.0372,0.300964,5.44889,331.82,2847.15,1.00969,0.373013,0.284418,0.372986,0.389964,0.482384,0.411517
4.6301,3.47025,0.0425051,25.062,0.27198,5.45359,332.177,2848.06,1.01098,0.373138,0.284543,0.373111,0.390089,0.482509,0.411642
4.60953,3.47448,0.0220949,25.0941,0.27247,5.45687,332.534,2848.96,1.01234,0.373263,0.284667,0.373236,0.390214,0.482634,0.411767
4.61521,3.47872,0.0288808,25.1289,0.291356,5.45918,332.891,2849.87,1.01377,0.373388,0.284792,0.373361,0.390339,0.482759,0.411892
4.62084,3.47565,0.0357149,25.1077,0.32703,5.39872,332.959,2850.77,1,0.373513,0.284583,0.373486,0.39029,0.482884,0.411618
4.62648,3.47989,0.0425382,25.1369,0.299711,5.40338,333.316,2851.68,1.00054,0.373638,0.284708,0.373611,0.390415,0.483009,0.411743
4.60572,3.48414,0.0221027,25.165,0.285159,5.40737,333.674,2852.59,1.00115,0.373763,0.284833,0.373736,0.39054,0.483134,0.411868
4.6114,3.48838,0.0288953,25.1985,0.283548,5.41076,334.032,2853.5,1.00182,0.373888,0.284958,0.373861,0.390665,0.483259,0.411993
4.61704,3.49264,0.0357178,25.2193,0.277239,5.41415,334.391,2854.4,1.00256,0.374013,0.285083,0.373986,0.39079,0.483384,0.412118
4.62269,3.49689,0.0425521,25.2519,0.268379,5.41794,334.75,2855.31,1.00337,0.374138,0.285208,0.374111,0.390915,0.483509,0.412243
4.60247,3.50115,0.0221081,25.2827,0.27797,5.42073,335.109,2856.21,1.00425,0.374263,0.285333,0.374236,0.39104,0.483634,0.412368
4.60815,3.5054,0.0289071,25.3188,0.270824,5.4245,335.469,2857.12,1.0052,0.374388,0.285458,0.374361,0.391165,0.483759,0.412493
4.61381,3.50966,0.0357351,25.3519,0.296521,5.42647,335.829,2858.02,1.00621,0.374513,0.285583,0.374486,0.39129,0.483884,0.412618
4.61947,3.51393,0.0425626,25.3862,0.283544,5.43053,336.189,2858.92,1.00729,0.374638,0.285708,0.374611,0.391415,0.484009,0.412743
4.60175,3.51818,0.0221061,25.4176,0.278381,5.43412,336.55,2859.83,1.00844,0.374763,0.285833,0.374736,0.39154,0.484134,0.412868
4.60742,3.52246,0.0289278,25.4498,0.296246,5.43652,336.912,2860.73,1.00966,0.374888,0.285958,0.374861,0.391665,0.484259,0.412993
4.61305,3.52674,0.0357792,25.4795,0.281735,5.44063,337.273,2861.63,1.01095,0.375013,0.286083,0.374986,0.39179,0.484384,0.413118
4.61868,3.53103,0.0426262,25.5079,0.27067,5.44449,337.635,2862.53,1.01231,0.375138,0.286208,0.375111,0.391915,0.484509,0.413243
4.59751,3.5353,0.0221262,25.5431,0.291969,5.4468,337.998,2863.43,1.01373,0.375263,0.286333,0.375236,0.39204,0.484634,0.413368
4.60316,3.53232,0.0289524,25.5188,0.292777,5.38849,338.063,2864.33,1,0.375388,0.28613,0.375361,0.391996,0.484759,0.413078
4.60881,3.53659,0.0358004,25.5554,0.275467,5.39287,338.426,2865.23,1.00054,0.375513,0.286254,0.375486,0.392121,0.484884,0.413203
4.61443,3.54088,0.0426798,25.5904,0.283443,5.3959,338.789,2866.13,1.00114,0.375638,0.286379,0.375611,0.392246,0.485009,0.413328
4.59293,3.54516,0.0221333,25.6208,0.282884,5.39923,339.153,2867.03,1.00182,0.375763,0.286504,0.375736,0.392371,0.485134,0.413453
4.59858,3.54946,0.0289793,25.6502,0.287379,5.40232,339.517,2867.92,1.00256,0.375888,0.286629,0.375861,0.392496,0.485259,0.413578
4.60423,3.55375,0.0358273,25.6864,0.311042,5.40453,339.881,2868.82,1.00336,0.376013,0.286754,0.375986,0.392621,0.485384,0.413703
4.60986,3.55805,0.0426981,25.7211,0.328676,5.40704,340.246,2869.72,1.00424,0.376138,0.286879,0.376111,0.392746,0.485509,0.413828
4.58883,3.56235,0.0221374,25.7588,0.356172,5.40908,340.611,2870.62,1.00518,0.376263,0.287004,0.376236,0.392871,0.485633,0.413953
4.59448,3.56666,0.0289778,25.7867,0.372058,5.41153,340.976,2871.52,1.00619,0.376388,0.287129,0.376361,0.392996,0.485758,0.414078
4.60011,3.57098,0.0358464,25.8177,0.358612,5.41564,341.342,2872.41,1.00727,0.376513,0.287254,0.376486,0.393121,0.485883,0.414203
4.60572,3.5753,0.0427402,25.8524,0.397211,5.41708,341.709,2873.31,1.00842,0.376638,0.287379,0.376611,0.393246,0.486008,0.414328
4.5824,3.57962,0.0221522,25.8855,0.367115,5.42214,342.075,2874.21,1.00964,0.376763,0.287504,0.376736,0.393371,0.486133,0.414453
4.58806,3.58394,0.0289892,25.9175,0.357203,5.42607,342.443,2875.1,1.01092,0.376888,0.287629,0.37686,0.393496,0.486258,0.414578
4.59369,3.58828,0.0358622,25.9462,0.384422,5.42798,342.81,2876,1.01227,0.377013,0.287754,0.376985,0.393621,0.486383,0.414703
4.59934,3.5926,0.042722,25.9839,0.406786,5.43033,343.178,2876.89,1.01369,0.377138,0.287879,0.37711,0.393746,0.486508,0.414828
4.57919,3.58966,0.0221452,25.9696,0.440331,5.37095,343.24,2877.78,1,0.377263,0.287681,0.377235,0.393709,0.486633,0.414519
4.58484,3.59399,0.028999,26.0031,0.475346,5.37256,343.609,2878.68,1.00054,0.377388,0.287806,0.37736,0.393834,0.486758,0.414644
4.59048,3.59832,0.0358719,26.0396,0.461803,5.37682,343.977,2879.57,1.00114,0.377513,0.287931,0.377485,0.393959,0.486883,0.414769
4.59608,3.60266,0.0427785,26.0774,0.47863,5.37953,344.346,2880.46,1.00181,0.377638,0.288056,0.37761,0.394084,0.487008,0.414894
4.57442,3.60698,0.0221575,26.1119,0.506322,5.38155,344.715,2881.36,1.00255,0.377763,0.288181,0.377735,0.394209,0.487133,0.415019
4.58007,3.61132,0.0290108,26.1473,0.533908,5.38362,345.085,2882.25,1.00335,0.377888,0.288306,0.37786,0.394334,0.487258,0.415144
4.58569,3.61568,0.0358926,26.1764,0.531533,5.38713,345.456,2883.14,1.00423,0.378013,0.288431,0.377985,0.394459,0.487383,0.415269
4.59129,3.62003,0.0428005,26.2079,0.529817,5.39067,345.826,2884.04,1.00517,0.378138,0.288556,0.37811,0.394584,0.487508,0.415394
4.56891,3.62439,0.0221656,26.2372,0.520981,5.39453,346.197,2884.93,1.00617,0.378263,0.288681,0.378235,0.394709,0.487633,0.415519
4.57455,3.62876,0.0290327,26.2653,0.522957,5.3978,346.569,2885.82,1.00725,0.378388,0.288806,0.37836,0.394834,0.487758,0.415644
4.58018,3.63312,0.0359077,26.2985,0.470169,5.4041,346.94,2886.71,1.00839,0.378513,0.288931,0.378485,0.394959,0.487883,0.415769
4.58579,3.63749,0.0428082,26.3308,0.48704,5.40669,347.313,2887.6,1.00961,0.378638,0.289056,0.37861,0.395084,0.488008,0.415894
4.56442,3.64186,0.0221667,26.3657,0.509943,5.40903,347.685,2888.49,1.01089,0.378763,0.289181,0.378735,0.395209,0.488133,0.416019
4.57006,3.64624,0.029032,26.4026,0.538496,5.41115,348.059,2889.38,1.01223,0.378888,0.289306,0.37886,0.395334,0.488258,0.416144
4.57569,3.65062,0.0359086,26.4314,0.51073,5.41603,348.432,2890.27,1.01365,0.379013,0.289431,0.378985,0.395459,0.488383,0.416269
4.5813,3.6478,0.042808,26.4108,0.501747,5.35918,348.491,2891.15,1,0.379138,0.28924,0.37911,0.395429,0.488508,0.415943
4.56094,3.65218,0.0221682,26.4433,0.514078,5.36202,348.865,2892.04,1.00053,0.379263,0.289365,0.379235,0.395554,0.488633,0.416068
4.56659,3.65656,0.0290394,26.4782,0.535603,5.36445,349.239,2892.93,1.00114,0.379388,0.28949,0.37936,0.395679,0.488758,0.416193
4.5722,3.66095,0.0359362,26.5095,0.557017,5.36681,349.613,2893.81,1.00181,0.379513,0.289615,0.379485,0.395804,0.488883,0.416318
4.57781,3.66534,0.0428422,26.5417,0.57213,5.36951,349.988,2894.7,1.00254,0.379638,0.28974,0.37961,0.395929,0.489008,0.416443
4.55519,3.6697,0.0221822,26.5736,0.605665,5.37127,350.364,2895.59,1.00334,0.379763,0.289865,0.379735,0.396054,0.489133,0.416568
4.5608,3.6741,0.0290846,26.6041,0.616765,5.3742,350.74,2896.47,1.00422,0.379888,0.28999,0.37986,0.396179,0.489258,0.416693
4.56643,3.6785,0.0359757,26.6446,0.615884,5.37799,351.116,2897.36,1.00515,0.380013,0.290115,0.379985,0.396304,0.489383,0.416818
4.57201,3.6829,0.0429111,26.6817,0.60141,5.38245,351.492,2898.25,1.00616,0.380138,0.29024,0.38011,0.396429,0.489508,0.416943
4.54928,3.6873,0.0221858,26.7184,0.628265,5.38466,351.869,2899.13,1.00723,0.380263,0.290365,0.380235,0.396554,0.489633,0.417068
4.5549,3.69171,0.0290756,26.7505,0.646913,5.38723,352.247,2900.02,1.00837,0.380388,0.29049,0.38036,0.396679,0.489758,0.417193
4.5605,3.69613,0.0359805,26.7835,0.650989,5.3906,352.625,2900.9,1.00958,0.380513,0.290615,0.380485,0.396804,0.489883,0.417318
4.56611,3.70055,0.0428899,26.8208,0.682689,5.39263,353.003,2901.78,1.01086,0.380638,0.29074,0.38061,0.396929,0.490008,0.417443
4.54288,3.70492,0.0221923,26.8519,0.713266,5.39456,353.382,2902.67,1.0122,0.380763,0.290865,0.380735,0.397054,0.490133,0.417567
4.54851,3.70934,0.0290784,26.8871,0.686338,5.39964,353.761,2903.55,1.01361,0.380888,0.29099,0.38086,0.397179,0.490258,0.417692
4.55412,3.70661,0.0359761,26.8707,0.701354,5.34209,353.816,2904.43,1,0.381013,0.290804,0.380984,0.397154,0.490383,0.417347
4.55967,3.71104,0.0429327,26.9052,0.716411,5.34495,354.196,2905.31,1.00053,0.381138,0.290929,0.381109,0.397279,0.490508,0.417472
4.53661,3.71546,0.0221952,26.9424,0.715449,5.34869,354.575,2906.19,1.00113,0.381263,0.291054,0.381234,0.397404,0.490633,0.417597
4.54224,3.71989,0.0290741,26.9811,0.684716,5.35404,354.956,2907.07,1.0018,0.381388,0.291179,0.381359,0.397529,0.490758,0.417722
4.54784,3.72432,0.0359937,27.0223,0.691504,5.35754,355.336,2907.95,1.00253,0.381513,0.291304,0.381484,0.397654,0.490883,0.417847
4.55345,3.72876,0.0429,27.0586,0.675598,5.36207,355.717,2908.83,1.00334,0.381638,0.291429,0.381609,0.397779,0.491008,0.417972
4.53076,3.73316,0.0221982,27.0946,0.655292,5.36685,356.099,2909.71,1.0042,0.381763,0.291554,0.381734,0.397904,0.491133,0.418097
4.53637,3.73761,0.0291002,27.1291,0.657443,5.37041,356.481,2910.59,1.00514,0.381887,0.291679,0.381859,0.398029,0.491258,0.418222
4.54195,3.74206,0.0360311,27.1674,0.674011,5.37334,356.863,2911.47,1.00614,0.382012,0.291804,0.381984,0.398154,0.491383,0.418347
4.54751,3.74652,0.0429671,27.199,0.666829,5.3773,357.246,2912.34,1.00722,0.382137,0.291929,0.382109,0.398279,0.491508,0.418472
4.52167,3.75098,0.0222127,27.2332,0.689155,5.37983,357.629,2913.22,1.00835,0.382262,0.292054,0.382234,0.398404,0.491632,0.418597
4.52729,3.75544,0.0290997,27.2692,0.714364,5.38221,358.013,2914.1,1.00956,0.382387,0.292179,0.382359,0.398529,0.491757,0.418722
4.53285,3.75991,0.0360382,27.3009,0.717523,5.38568,358.397,2914.97,1.01084,0.382512,0.292304,0.382484,0.398654,0.491882,0.418847
4.53842,3.76438,0.0429761,27.3386,0.747182,5.38792,358.781,2915.85,1.01218,0.382637,0.292429,0.382609,0.398779,0.492007,0.418972
4.51237,3.76885,0.0222159,27.3745,0.736335,5.39227,359.166,2916.73,1.01359,0.382762,0.292554,0.382734,0.398904,0.492132,0.419097
4.51796,3.76618,0.0291247,27.3591,0.774341,5.33388,359.217,2917.59,1,0.382887,0.292373,0.382859,0.398887,0.492257,0.418733
4.52351,3.77066,0.0360723,27.3909,0.774435,5.33751,359.602,2918.47,1.00053,0.383012,0.292498,0.382984,0.399012,0.492382,0.418858
4.52906,3.77512,0.0430252,27.4398,0.808197,5.33989,359.988,2919.34,1.00113,0.383137,0.292623,0.383109,0.399137,0.492507,0.418983
4.50208,3.77957,0.0222206,27.4788,0.807675,5.34376,360.374,2920.22,1.0018,0.383262,0.292748,0.383234,0.399262,0.492632,0.419108
4.50765,3.78406,0.0291389,27.5136,0.792475,5.34828,360.76,2921.09,1.00253,0.383387,0.292873,0.383359,0.399387,0.492757,0.419233
4.51319,3.78855,0.036081,27.5486,0.815421,5.35083,361.147,2921.96,1.00333,0.383512,0.292998,0.383484,0.399512,0.492882,0.419358
4.51871,3.79304,0.0430506,27.587,0.813143,5.35481,361.534,2922.84,1.0042,0.383637,0.293123,0.383609,0.399637,0.493007,0.419483
4.48869,3.79754,0.0222334,27.6262,0.772229,5.36085,361.922,2923.71,1.00513,0.383762,0.293248,0.383734,0.399762,0.493132,0.419608
4.49426,3.80203,0.0291539,27.6723,0.760808,5.36558,362.31,2924.58,1.00613,0.383887,0.293373,0.383859,0.399887,0.493257,0.419733
4.4998,3.80653,0.0360947,27.7069,0.789284,5.36785,362.699,2925.45,1.0072,0.384012,0.293498,0.383984,0.400012,0.493382,0.419858
4.50535,3.81104,0.0430219,27.7457,0.76964,5.37272,363.088,2926.32,1.00834,0.384137,0.293623,0.384109,0.400137,0.493507,0.419982
4.47814,3.81554,0.0222228,27.7896,0.780302,5.37623,363.477,2927.18,1.00954,0.384262,0.293748,0.384234,0.400262,0.493632,0.420107
4.48369,3.82006,0.0291433,27.8223,0.760086,5.38102,363.867,2928.05,1.01082,0.384387,0.293873,0.384359,0.400387,0.493757,0.420232
4.48923,3.82458,0.0360781,27.8617,0.726521,5.38672,364.258,2928.92,1.01216,0.384512,0.293998,0.384484,0.400512,0.493882,0.420357
4.49474,3.8291,0.0430466,27.9034,0.746737,5.38969,364.649,2929.78,1.01356,0.384637,0.294123,0.384609,0.400637,0.494007,0.420482
4.46814,3.82647,0.0222208,27.8863,0.765535,5.33245,364.695,2930.64,1,0.384762,0.293946,0.384734,0.400626,0.494132,0.420099
4.4737,3.83099,0.0291334,27.9267,0.762986,5.33654,365.086,2931.51,1.00053,0.384887,0.294071,0.384859,0.400751,0.494257,0.420224
4.47926,3.83551,0.0360471,27.9717,0.763843,5.34059,365.477,2932.37,1.00113,0.385012,0.294196,0.384984,0.400876,0.494382,0.420349
4.48479,3.84003,0.042993,28.0168,0.756308,5.34511,365.869,2933.24,1.0018,0.385137,0.294321,0.385109,0.401001,0.494507,0.420474
4.45888,3.84452,0.0222208,28.056,0.735063,5.35017,366.262,2934.1,1.00253,0.385262,0.294446,0.385234,0.401126,0.494632,0.420599
4.46443,3.84906,0.0291339,28.0963,0.741425,5.35382,366.654,2934.96,1.00333,0.385387,0.294571,0.385359,0.401251,0.494757,0.420724
4.46994,3.8536,0.0360845,28.1337,0.745027,5.35754,367.048,2935.82,1.00419,0.385512,0.294696,0.385484,0.401376,0.494882,0.420849
4.47543,3.85814,0.0430519,28.173,0.753155,5.36109,367.441,2936.68,1.00513,0.385637,0.294821,0.385609,0.401501,0.495007,0.420974
4.44736,3.86266,0.0222297,28.2155,0.715446,5.36715,367.835,2937.54,1.00613,0.385762,0.294946,0.385734,0.401626,0.495132,0.421099
4.45289,3.86721,0.0291492,28.2565,0.684086,5.37284,368.23,2938.4,1.0072,0.385887,0.295071,0.385859,0.401751,0.495257,0.421224
4.45839,3.87176,0.0361002,28.2955,0.70208,5.37589,368.625,2939.26,1.00834,0.386012,0.295196,0.385983,0.401876,0.495382,0.421349
4.46384,3.87632,0.043097,28.3372,0.683581,5.38097,369.021,2940.11,1.00954,0.386137,0.295321,0.386108,0.402001,0.495507,0.421474
4.43201,3.88086,0.0222435,28.3752,0.689204,5.38465,369.416,2940.97,1.01081,0.386262,0.295446,0.386233,0.402126,0.495632,0.421599
4.43753,3.88541,0.0291651,28.4211,0.664362,5.39021,369.813,2941.82,1.01216,0.386387,0.295571,0.386358,0.402251,0.495757,0.421724
4.44299,3.88997,0.0361431,28.4669,0.600796,5.39788,370.21,2942.68,1.01356,0.386512,0.295696,0.386483,0.402376,0.495882,0.421849
4.44845,3.88734,0.0431174,28.4553,0.586291,5.34267,370.251,2943.52,1,0.386637,0.29552,0.386608,0.402372,0.496007,0.421447
4.41576,3.8918,0.0222445,28.5003,0.622777,5.34495,370.648,2944.38,1.00053,0.386762,0.295645,0.386733,0.402497,0.496132,0.421572
4.42127,3.89638,0.0291573,28.5412,0.626497,5.34881,371.046,2945.23,1.00113,0.386887,0.29577,0.386858,0.402622,0.496257,0.421697
4.42676,3.90095,0.0360927,28.586,0.592758,5.35479,371.443,2946.08,1.0018,0.387012,0.295895,0.386983,0.402747,0.496382,0.421822
4.43219,3.90553,0.0430683,28.6229,0.580409,5.35938,371.842,2946.93,1.00253,0.387137,0.29602,0.387108,0.402872,0.496507,0.421947
4.40119,3.91002,0.0222365,28.6641,0.566763,5.36422,372.241,2947.78,1.00333,0.387262,0.296145,0.387233,0.402997,0.496632,0.422072
4.40668,3.91461,0.0291475,28.7057,0.603794,5.36638,372.64,2948.62,1.0042,0.387387,0.29627,0.387358,0.403122,0.496757,0.422197
4.41216,3.91919,0.0360833,28.7536,0.612154,5.37029,373.04,2949.47,1.00513,0.387512,0.296395,0.387483,0.403247,0.496882,0.422322
4.41762,3.92378,0.0430319,28.7978,0.632018,5.37345,373.44,2950.32,1.00614,0.387637,0.29652,0.387608,0.403372,0.497007,0.422447
4.38974,3.92838,0.0222223,28.8417,0.640066,5.37723,373.841,2951.17,1.00721,0.387762,0.296645,0.387733,0.403497,0.497132,0.422572
4.39522,3.93298,0.0291325,28.8812,0.601474,5.38335,374.242,2952.01,1.00835,0.387887,0.29677,0.387858,0.403622,0.497257,0.422697
4.40067,3.93759,0.0360757,28.9222,0.597432,5.38771,374.643,2952.86,1.00955,0.388012,0.296895,0.387983,0.403747,0.497382,0.422822
4.40609,3.9422,0.0430449,28.9664,0.622444,5.39065,375.045,2953.7,1.01083,0.388137,0.29702,0.388108,0.403872,0.497507,0.422947
4.37489,3.94681,0.0222344,29.0153,0.624265,5.39503,375.448,2954.54,1.01217,0.388262,0.297145,0.388233,0.403997,0.497632,0.423072
4.38038,3.95142,0.0291383,29.0607,0.620001,5.39956,375.851,2955.39,1.01358,0.388387,0.29727,0.388358,0.404122,0.497757,0.423197
4.38579,3.94876,0.0360843,29.0381,0.641615,5.34215,375.886,2956.22,1,0.388512,0.297093,0.388483,0.404125,0.497881,0.422776
4.39118,3.95339,0.0430586,29.0776,0.625977,5.34707,376.29,2957.06,1.00053,0.388637,0.297218,0.388608,0.40425,0.498006,0.422901
4.36067,3.95799,0.0222285,29.1259,0.652052,5.35009,376.693,2957.9,1.00113,0.388762,0.297343,0.388733,0.404375,0.498131,0.423026
4.36611,3.96261,0.0291576,29.1768,0.609641,5.35688,377.097,2958.74,1.0018,0.388887,0.297468,0.388858,0.4045,0.498256,0.423151
4.37154,3.96724,0.0360892,29.2204,0.609028,5.36116,377.502,2959.58,1.00253,0.389012,0.297593,0.388983,0.404625,0.498381,0.423276
4.37693,3.97187,0.0430549,29.2641,0.566483,5.36769,377.907,2960.42,1.00333,0.389137,0.297718,0.389108,0.40475,0.498506,0.423401
4.34384,3.97651,0.0222353,29.3086,0.625573,5.36889,378.312,2961.26,1.0042,0.389262,0.297843,0.389233,0.404875,0.498631,0.423526
4.34931,3.98114,0.0291223,29.3568,0.601918,5.37456,378.718,2962.09,1.00514,0.389387,0.297968,0.389358,0.405,0.498756,0.423651
4.35472,3.98579,0.0360494,29.3968,0.569261,5.38044,379.125,2962.93,1.00614,0.389512,0.298093,0.389483,0.405125,0.498881,0.423776
4.36015,3.99043,0.0429587,29.444,0.560189,5.38531,379.532,2963.76,1.00721,0.389637,0.298218,0.389608,0.40525,0.499006,0.423901
4.33315,3.995,0.0222089,29.487,0.531442,5.39112,379.939,2964.59,1.00835,0.389762,0.298342,0.389733,0.405375,0.499131,0.424026
4.33857,3.99966,0.0291206,29.5334,0.50455,5.397,380.347,2965.43,1.00956,0.389887,0.298467,0.389858,0.4055,0.499256,0.424151
4.34396,4.00432,0.0360507,29.5747,0.517784,5.40054,380.755,2966.26,1.01083,0.390012,0.298592,0.389983,0.405625,0.499381,0.424276
4.34936,4.00899,0.0429791,29.6183,0.496367,5.40599,381.164,2967.09,1.01218,0.390137,0.298717,0.390108,0.405749,0.499506,0.424401
4.32155,4.0136,0.0222096,29.6593,0.481058,5.41104,381.573,2967.92,1.01359,0.390262,0.298842,0.390233,0.405874,0.499631,0.424526
4.32696,4.01088,0.0291133,29.6412,0.492683,5.35428,381.602,2968.74,1,0.390387,0.298664,0.390357,0.405884,0.499756,0.424087
4.33235,4.01554,0.0360387,29.69,0.511852,5.35779,382.012,2969.57,1.00053,0.390512,0.298789,0.390482,0.406009,0.499881,0.424212
4.33771,4.02022,0.0429893,29.7337,0.514895,5.36196,382.422,2970.39,1.00113,0.390637,0.298914,0.390607,0.406134,0.500006,0.424337
4.30787,4.02489,0.0222143,29.7784,0.483362,5.36801,382.832,2971.22,1.0018,0.390762,0.299039,0.390732,0.406259,0.500131,0.424462
4.31328,4.02956,0.0291161,29.8282,0.518579,5.37073,383.243,2972.05,1.00254,0.390887,0.299164,0.390857,0.406384,0.500256,0.424587
4.31865,4.03423,0.0360437,29.8783,0.558383,5.37322,383.654,2972.87,1.00334,0.391012,0.299289,0.390982,0.406509,0.500381,0.424712
4.32402,4.03892,0.0429719,29.9272,0.550075,5.37822,384.066,2973.7,1.00421,0.391137,0.299414,0.391107,0.406634,0.500506,0.424837
4.29338,4.04354,0.0222137,29.969,0.570846,5.38141,384.478,2974.52,1.00515,0.391262,0.299539,0.391232,0.406759,0.500631,0.424962
4.29879,4.04822,0.029096,30.0206,0.566345,5.38633,384.891,2975.34,1.00615,0.391387,0.299664,0.391357,0.406884,0.500756,0.425087
4.30414,4.05292,0.036016,30.065,0.555207,5.39135,385.304,2976.16,1.00722,0.391512,0.299789,0.391482,0.407009,0.500881,0.425212
4.30946,4.05762,0.0429769,30.1155,0.566545,5.39542,385.718,2976.99,1.00836,0.391637,0.299914,0.391607,0.407134,0.501006,0.425337
4.27799,4.06231,0.0222126,30.1708,0.536139,5.40193,386.132,2977.81,1.00957,0.391762,0.300039,0.391732,0.407259,0.501131,0.425462
4.28336,4.06702,0.0290995,30.2188,0.533282,5.40667,386.547,2978.63,1.01085,0.391887,0.300164,0.391857,0.407384,0.501256,0.425587
4.28873,4.07172,0.0360002,30.274,0.499711,5.41336,386.962,2979.44,1.01219,0.392012,0.300289,0.391982,0.407509,0.501381,0.425712
4.29405,4.07643,0.0429371,30.3251,0.502346,5.41795,387.378,2980.26,1.01361,0.392137,0.300414,0.392107,0.407634,0.501506,0.425837
4.26358,4.0736,0.0222029,30.3129,0.464126,5.3641,387.4,2981.07,1,0.392262,0.300233,0.392232,0.407651,0.501631,0.425379
4.26895,4.07832,0.0290774,30.3583,0.42868,5.37047,387.816,2981.88,1.00053,0.392386,0.300358,0.392357,0.407776,0.501756,0.425504
4.27426,4.08304,0.0360006,30.4069,0.419426,5.3756,388.232,2982.7,1.00114,0.392511,0.300483,0.392482,0.407901,0.501881,0.425629
4.27954,4.08775,0.0429561,30.4595,0.43545,5.37955,388.649,2983.51,1.0018,0.392636,0.300608,0.392607,0.408026,0.502006,0.425754
4.24683,4.09246,0.022207,30.508,0.423709,5.38481,389.067,2984.32,1.00254,0.392761,0.300733,0.392732,0.408151,0.502131,0.425879
4.25218,4.09719,0.0290723,30.5595,0.44564,5.38839,389.484,2985.13,1.00334,0.392886,0.300858,0.392857,0.408276,0.502256,0.426004
4.2575,4.10191,0.0359788,30.6154,0.394151,5.39613,389.903,2985.94,1.00422,0.393011,0.300983,0.392982,0.408401,0.502381,0.426129
4.26277,4.10665,0.0429199,30.6661,0.390304,5.4011,390.321,2986.75,1.00516,0.393136,0.301108,0.393107,0.408526,0.502506,0.426253
4.23022,4.11128,0.0222005,30.7137,0.312008,5.40998,390.741,2987.56,1.00616,0.393261,0.301233,0.393232,0.408651,0.502631,0.426378
4.23553,4.11604,0.0290773,30.7588,0.294218,5.41549,391.16,2988.36,1.00724,0.393386,0.301358,0.393357,0.408776,0.502756,0.426503
4.24082,4.12079,0.0359744,30.8065,0.248747,5.42263,391.581,2989.16,1.00839,0.393511,0.301483,0.393482,0.408901,0.502881,0.426628
4.24608,4.12554,0.0428945,30.8566,0.229075,5.42847,392.001,2989.97,1.0096,0.393636,0.301608,0.393607,0.409026,0.503006,0.426753
4.21383,4.13022,0.0221921,30.9077,0.236973,5.43287,392.423,2990.77,1.01088,0.393761,0.301733,0.393732,0.409151,0.503131,0.426878
4.21913,4.13497,0.0290724,30.9627,0.225629,5.43851,392.844,2991.57,1.01223,0.393886,0.301858,0.393857,0.409276,0.503256,0.427003
4.22441,4.13973,0.0359618,31.0175,0.240917,5.44267,393.267,2992.37,1.01365,0.394011,0.301983,0.393982,0.409401,0.503381,0.427128
4.2296,4.13679,0.0429166,31.0002,0.214443,5.3878,393.281,2993.16,1,0.394136,0.301797,0.394107,0.409425,0.503506,0.426653
4.19465,4.14155,0.0221951,31.0518,0.234222,5.39156,393.704,2993.96,1.00054,0.394261,0.301922,0.394232,0.40955,0.503631,0.426778
4.1999,4.14633,0.0290711,31.1002,0.201159,5.39808,394.127,2994.75,1.00114,0.394386,0.302047,0.394357,0.409675,0.503756,0.426903
4.20513,4.15111,0.0359713,31.1496,0.184869,5.40375,394.55,2995.55,1.00181,0.394511,0.302172,0.394482,0.4098,0.503881,0.427028
4.21033,4.15588,0.0428972,31.2033,0.148758,5.41068,394.974,2996.34,1.00255,0.394636,0.302297,0.394607,0.409925,0.504006,0.427153
4.17199,4.16062,0.0222002,31.2495,0.133089,5.41621,395.398,2997.13,1.00336,0.394761,0.302422,0.394732,0.41005,0.504131,0.427278
4.17723,4.16542,0.0290614,31.2985,0.131682,5.42107,395.823,2997.93,1.00423,0.394886,0.302547,0.394857,0.410175,0.504256,0.427403
4.18246,4.1702,0.0359323,31.357,0.177404,5.42375,396.249,2998.72,1.00518,0.395011,0.302672,0.394982,0.4103,0.504381,0.427528
4.18766,4.17496,0.0428484,31.4209,0.166127,5.42982,396.675,2999.51,1.00619,0.395136,0.302797,0.395107,0.410425,0.504506,0.427653
4.15232,4.17975,0.0221776,31.4771,0.133073,5.43675,397.101,3000.3,1.00727,0.395261,0.302922,0.395232,0.41055,0.504631,0.427777
4.15757,4.18453,0.0290241,31.5406,0.135898,5.44206,397.528,3001.08,1.00842,0.395386,0.303046,0.395357,0.410675,0.504755,0.427902
4.16275,4.18932,0.0359215,31.5979,0.149285,5.44653,397.955,3001.87,1.00964,0.395511,0.303171,0.395482,0.4108,0.50488,0.428027
4.1679,4.19413,0.0428319,31.6544,0.150645,5.45163,398.383,3002.65,1.01092,0.395636,0.303296,0.395607,0.410925,0.505005,0.428152
4.13079,4.19884,0.0221757,31.7187,0.168919,5.45614,398.812,3003.44,1.01228,0.395761,0.303421,0.395732,0.41105,0.50513,0.428277
4.13599,4.20366,0.0290178,31.7725,0.1347,5.46312,399.241,3004.22,1.0137,0.395886,0.303546,0.395857,0.411175,0.505255,0.428402
4.14117,4.20052,0.0358784,31.7626,0.132615,5.40702,399.247,3005,1,0.396011,0.303353,0.395981,0.411206,0.50538,0.427909
4.14632,4.20533,0.0427689,31.8224,0.13355,5.41228,399.676,3005.78,1.00054,0.396136,0.303478,0.396106,0.411331,0.505505,0.428034
4.11075,4.21011,0.0221584,31.8722,0.151887,5.41613,400.106,3006.56,1.00114,0.396261,0.303603,0.396231,0.411456,0.50563,0.428159
4.11594,4.21491,0.0290064,31.9368,0.116581,5.42365,400.536,3007.34,1.00182,0.396386,0.303728,0.396356,0.411581,0.505755,0.428284
4.12107,4.21975,0.0358664,31.9851,0.0946747,5.42969,400.967,3008.12,1.00256,0.396511,0.303853,0.396481,0.411706,0.50588,0.428409
4.12618,4.22458,0.0427385,32.0364,0.0624316,5.43644,401.398,3008.89,1.00337,0.396636,0.303978,0.396606,0.411831,0.506005,0.428534
4.08765,4.22942,0.02216,32.0893,0.088646,5.44005,401.83,3009.67,1.00425,0.396761,0.304103,0.396731,0.411956,0.50613,0.428659
4.09277,4.23427,0.0289948,32.1356,0.083864,5.4451,402.262,3010.44,1.0052,0.396886,0.304228,0.396856,0.412081,0.506255,0.428784
4.09786,4.23911,0.0358623,32.1914,0.0799729,5.45054,402.695,3011.22,1.00621,0.397011,0.304353,0.396981,0.412206,0.50638,0.428909
4.10296,4.24395,0.0427213,32.2496,0.0529387,5.45736,403.128,3011.99,1.0073,0.397136,0.304478,0.397106,0.412331,0.506505,0.429034
4.06418,4.24881,0.0221482,32.2982,0.05,5.46304,403.562,3012.76,1.00845,0.397261,0.304603,0.397231,0.412456,0.50663,0.429159
4.06931,4.25366,0.0289517,32.3542,0.0192794,5.47002,403.996,3013.53,1.00967,0.397386,0.304728,0.397356,0.412581,0.506755,0.429284
4.07439,4.25854,0.0357843,32.4003,-0.0129914,5.47663,404.431,3014.3,1.01096,0.397511,0.304853,0.397481,0.412706,0.50688,0.429409
4.07943,4.26341,0.0426536,32.4489,-0.0788544,5.48527,404.866,3015.06,1.01232,0.397636,0.304978,0.397606,0.412831,0.507005,0.429534
4.0411,4.26819,0.0221347,32.5059,0.05,5.49242,405.302,3015.83,1.01375,0.397761,0.305103,0.397731,0.412956,0.50713,0.429659
4.04622,4.26485,0.0289245,32.4954,0.05,5.43656,405.299,3016.58,1,0.397886,0.304902,0.397856,0.412994,0.507255,0.429148
4.05132,4.26971,0.03573,32.5586,0.0280052,5.44337,405.735,3017.35,1.00054,0.398011,0.305027,0.397981,0.413119,0.50738,0.429273
4.05639,4.27457,0.0425463,32.618,0.015337,5.44949,406.171,3018.11,1.00115,0.398136,0.305152,0.398106,0.413244,0.507505,0.429398
4.02156,4.27942,0.0221069,32.6847,0.05,5.45571,406.608,3018.87,1.00183,0.398261,0.305277,0.398231,0.413369,0.50763,0.429523
4.02665,4.28429,0.028894,32.7422,0.000409219,5.46389,407.046,3019.62,1.00257,0.398386,0.305402,0.398356,0.413494,0.507755,0.429648
4.03169,4.28917,0.0357053,32.8003,-0.0217264,5.47055,407.484,3020.38,1.00339,0.398511,0.305527,0.398481,0.413619,0.50788,0.429773
4.03666,4.29407,0.0425722,32.8524,-0.0608498,5.47794,407.923,3021.13,1.00427,0.398636,0.305652,0.398606,0.413744,0.508005,0.429898
3.99576,4.29892,0.0221207,32.9157,0.05,5.48379,408.362,3021.89,1.00522,0.398761,0.305777,0.398731,0.413869,0.50813,0.430023
4.00081,4.30382,0.028882,32.9718,0.0320261,5.49015,408.802,3022.64,1.00625,0.398886,0.305902,0.398856,0.413994,0.508255,0.430148
4.00584,4.3087,0.0356785,33.0376,0.0162625,5.49688,409.242,3023.39,1.00734,0.399011,0.306027,0.398981,0.414119,0.50838,0.430273
4.01086,4.31359,0.0424734,33.1038,-0.0196631,5.50477,409.683,3024.14,1.0085,0.399136,0.306152,0.399106,0.414244,0.508505,0.430398
3.9738,4.31849,0.0220884,33.1615,0.05,5.51116,410.124,3024.89,1.00973,0.399261,0.306277,0.399231,0.414369,0.50863,0.430523
3.97886,4.32338,0.0288317,33.2286,0.0419766,5.51755,410.566,3025.63,1.01103,0.399386,0.306402,0.399356,0.414494,0.508755,0.430648
3.98387,4.32829,0.0355981,33.2882,0.020183,5.52438,411.009,3026.38,1.0124,0.399511,0.306527,0.399481,0.414619,0.50888,0.430773
3.98882,4.33318,0.0424248,33.3565,-0.0407591,5.53395,411.452,3027.12,1.01384,0.399636,0.306652,0.399606,0.414744,0.509005,0.430898
3.95029,4.32956,0.0220809,33.3411,0.05,5.47719,411.438,3027.85,1,0.399761,0.306439,0.399731,0.414789,0.50913,0.430371
3.95531,4.33445,0.0288201,33.4124,0.0331027,5.48431,411.881,3028.59,1.00054,0.399886,0.306564,0.399856,0.414914,0.509255,0.430496
3.96026,4.33937,0.0355925,33.4731,0.00876297,5.49136,412.324,3029.33,1.00116,0.400011,0.306689,0.399981,0.415039,0.50938,0.430621
3.96516,4.3443,0.0423941,33.5264,-0.0235639,5.49851,412.769,3030.07,1.00184,0.400136,0.306814,0.400106,0.415164,0.509505,0.430746
3.9258,4.34921,0.0220685,33.5995,0.05,5.50513,413.213,3030.81,1.00259,0.400261,0.306939,0.400231,0.415289,0.50963,0.430871
3.93077,4.35412,0.0288037,33.6679,0.051033,5.51115,413.659,3031.54,1.00341,0.400386,0.307064,0.400356,0.415414,0.509755,0.430996
3.93568,4.35906,0.0355738,33.7295,0.00057501,5.51984,414.105,3032.27,1.0043,0.400511,0.307189,0.400481,0.415539,0.50988,0.431121
3.94054,4.36398,0.042383,33.7934,-0.060273,5.52928,414.551,3033,1.00526,0.400636,0.307314,0.400606,0.415664,0.510005,0.431246
3.89678,4.36886,0.0220708,33.864,0.05,5.539,414.998,3033.73,1.00629,0.400761,0.307439,0.400731,0.415789,0.51013,0.431371
3.90174,4.37379,0.0287629,33.9333,0.0474573,5.54529,415.446,3034.46,1.00739,0.400886,0.307564,0.400856,0.415914,0.510255,0.431496
3.90668,4.37872,0.0354786,34.0072,0.0168712,5.55349,415.894,3035.18,1.00856,0.401011,0.307689,0.400981,0.416039,0.51038,0.431621
3.91156,4.38368,0.0422077,34.0643,-0.0201498,5.56122,416.342,3035.9,1.0098,0.401136,0.307814,0.401106,0.416164,0.510505,0.431746
3.87402,4.3886,0.022025,34.126,0.05,5.5709,416.792,3036.62,1.01111,0.401261,0.307939,0.401231,0.416289,0.51063,0.431871
3.87895,4.39356,0.0287008,34.1897,0.0350481,5.57773,417.241,3037.34,1.01249,0.401386,0.308064,0.401356,0.416414,0.510755,0.431996
3.88382,4.39853,0.0354051,34.2505,0.0311845,5.58376,417.692,3038.06,1.01394,0.401511,0.308189,0.401481,0.416539,0.51088,0.432121
3.88867,4.39453,0.0421312,34.2302,0.05,5.52643,417.665,3038.77,1,0.401636,0.30796,0.401605,0.416592,0.511005,0.431579
3.85322,4.39946,0.0219994,34.3077,0.05,5.53576,418.115,3039.49,1.00055,0.401761,0.308085,0.40173,0.416717,0.51113,0.431704
3.85812,4.40442,0.0286696,34.3775,0.0111929,5.54434,418.566,3040.2,1.00117,0.401886,0.30821,0.401855,0.416842,0.511255,0.431829
3.86294,4.4094,0.0353811,34.4387,-0.0234042,5.55225,419.018,3040.91,1.00185,0.402011,0.308335,0.40198,0.416967,0.51138,0.431954
3.86779,4.41436,0.0420814,34.5067,-0.0934362,5.56262,419.47,3041.62,1.00261,0.402136,0.30846,0.402105,0.417092,0.511505,0.432079
3.83085,4.41932,0.0219892,34.5715,0.05,5.57001,419.923,3042.32,1.00344,0.402261,0.308585,0.40223,0.417217,0.51163,0.432204
3.83571,4.42431,0.0286259,34.6327,0.0341671,5.57683,420.376,3043.03,1.00434,0.402386,0.30871,0.402355,0.417342,0.511755,0.432329
3.84054,4.42929,0.0353039,34.7038,0.0104128,5.58468,420.83,3043.73,1.00531,0.402511,0.308835,0.40248,0.417466,0.51188,0.432454
3.84532,4.43429,0.0420094,34.7675,-0.0201969,5.59257,421.284,3044.44,1.00635,0.402636,0.30896,0.402605,0.417591,0.512004,0.432579
3.80835,4.43928,0.0219717,34.836,0.05,5.60012,421.739,3045.14,1.00746,0.402761,0.309085,0.40273,0.417716,0.512129,0.432704
3.81317,4.44427,0.028611,34.9042,0.028973,5.60771,422.195,3045.84,1.00864,0.402886,0.30921,0.402855,0.417841,0.512254,0.432829
3.81794,4.44929,0.0352837,34.9671,0.00857486,5.615,422.651,3046.53,1.00989,0.403011,0.309335,0.40298,0.417966,0.512379,0.432954
3.82269,4.45426,0.0419972,35.0448,-0.0672708,5.62651,423.107,3047.23,1.01121,0.403136,0.30946,0.403105,0.418091,0.512504,0.433079
3.78213,4.45926,0.0219683,35.111,0.05,5.63138,423.565,3047.92,1.01261,0.403261,0.309585,0.40323,0.418216,0.512629,0.433204
3.78697,4.46424,0.0285761,35.1953,0.010182,5.64109,424.022,3048.61,1.01407,0.403386,0.30971,0.403355,0.418341,0.512754,0.433329
3.7917,4.45975,0.0352297,35.1742,0.05,5.58175,423.982,3049.3,1,0.403511,0.309461,0.40348,0.418401,0.512879,0.432774
3.7964,4.46475,0.0419306,35.2518,-0.000813949,5.59173,424.44,3049.99,1.00055,0.403636,0.309586,0.403605,0.418526,0.513004,0.432899
3.75483,4.46975,0.0219514,35.3184,0.05,5.60078,424.898,3050.67,1.00118,0.403761,0.309711,0.40373,0.418651,0.513129,0.433024
3.75958,4.47476,0.0285588,35.3953,0.0265928,5.60909,425.358,3051.36,1.00187,0.403886,0.309836,0.403855,0.418776,0.513254,0.433149
3.7643,4.47978,0.0351844,35.4637,-0.0337392,5.61922,425.817,3052.04,1.00264,0.404011,0.309961,0.40398,0.418901,0.513379,0.433274
3.76894,4.48481,0.0418602,35.5338,-0.0532651,5.62696,426.277,3052.72,1.00347,0.404135,0.310086,0.404105,0.419026,0.513504,0.433399
3.72637,4.48984,0.0219331,35.6027,0.05,5.63726,426.738,3053.4,1.00438,0.40426,0.310211,0.40423,0.419151,0.513629,0.433524
3.73112,4.49485,0.0284958,35.6818,-0.00508402,5.64775,427.2,3054.08,1.00536,0.404385,0.310336,0.404355,0.419276,0.513754,0.433649
3.73584,4.49988,0.0350725,35.7593,-0.0546183,5.65783,427.662,3054.75,1.00641,0.40451,0.310461,0.40448,0.419401,0.513879,0.433774
3.74046,4.50492,0.0417245,35.8334,-0.0531491,5.66457,428.124,3055.42,1.00753,0.404635,0.310586,0.404605,0.419526,0.514004,0.433899
3.70094,4.50992,0.0218964,35.9163,0.05,5.67327,428.587,3056.09,1.00873,0.40476,0.310711,0.40473,0.419651,0.514129,0.434024
3.70564,4.51497,0.0284417,35.9898,0.0175396,5.68214,429.051,3056.76,1.00999,0.404885,0.310836,0.404855,0.419776,0.514254,0.434149
3.71031,4.52002,0.0350138,36.0648,-0.0375823,5.69256,429.516,3057.43,1.01133,0.40501,0.310961,0.40498,0.419901,0.514379,0.434274
3.71492,4.52508,0.0416184,36.136,-0.0789149,5.70192,429.98,3058.09,1.01274,0.405135,0.311086,0.405105,0.420026,0.514504,0.434399
3.67626,4.53013,0.0218698,36.2113,0.05,5.7132,430.446,3058.75,1.01422,0.40526,0.311211,0.40523,0.420151,0.514629,0.434524
3.68089,4.52508,0.0284058,36.1778,0.05,5.65777,430.39,3059.41,1,0.405385,0.310939,0.405355,0.420217,0.514754,0.433957
3.68551,4.53013,0.0349597,36.2557,0.0218751,5.66667,430.856,3060.06,1.00056,0.40551,0.311064,0.40548,0.420342,0.514879,0.434082
3.69006,4.53519,0.0415651,36.3303,-0.0103064,5.67567,431.322,3060.72,1.00119,0.405635,0.311189,0.405605,0.420467,0.515004,0.434207
3.64985,4.54024,0.0218534,36.4098,0.05,5.6858,431.789,3061.37,1.0019,0.40576,0.311314,0.40573,0.420592,0.515129,0.434332
3.65449,4.54531,0.0283449,36.4864,0.00346841,5.69589,432.256,3062.02,1.00267,0.405885,0.311439,0.405855,0.420717,0.515254,0.434457
3.65909,4.55037,0.0348676,36.5642,-0.057293,5.707,432.724,3062.67,1.00352,0.40601,0.311564,0.40598,0.420842,0.515379,0.434582
3.6636,4.55546,0.041455,36.6358,-0.128481,5.71847,433.193,3063.32,1.00444,0.406135,0.311689,0.406105,0.420967,0.515504,0.434707
3.62376,4.56052,0.0218275,36.7156,0.05,5.72752,433.662,3063.96,1.00543,0.40626,0.311814,0.40623,0.421092,0.515629,0.434832
3.62837,4.56559,0.0283058,36.8007,-0.00582058,5.73885,434.132,3064.61,1.00649,0.406385,0.311939,0.406355,0.421217,0.515754,0.434956
3.63291,4.57068,0.0348274,36.8796,-0.0362667,5.7482,434.602,3065.25,1.00763,0.40651,0.312064,0.40648,0.421342,0.515879,0.435081
3.6374,4.57575,0.0413824,36.9655,-0.0760913,5.7586,435.073,3065.88,1.00884,0.406635,0.312189,0.406605,0.421467,0.516004,0.435206
3.59687,4.58084,0.0218047,37.0441,0.05,5.76863,435.545,3066.52,1.01012,0.40676,0.312314,0.40673,0.421592,0.516129,0.435331
3.60143,4.58596,0.0282371,37.1143,-0.00463756,5.77914,436.017,3067.15,1.01148,0.406885,0.312439,0.406855,0.421717,0.516254,0.435456
3.60597,4.59104,0.034711,37.1997,-0.0766686,5.79176,436.49,3067.78,1.01291,0.40701,0.312564,0.40698,0.421842,0.516379,0.435581
3.61046,4.59614,0.0412152,37.2819,-0.157814,5.80485,436.964,3068.41,1.01441,0.407135,0.312689,0.407105,0.421967,0.516504,0.435706
3.57264,4.59032,0.0217659,37.2629,0.05,5.74539,436.89,3069.03,1,0.40726,0.312387,0.407229,0.42204,0.516629,0.435129
3.57719,4.59541,0.0281802,37.3458,-0.0233803,5.75796,437.363,3069.65,1.00057,0.407385,0.312512,0.407354,0.422165,0.516754,0.435254
3.58166,4.60052,0.0346319,37.4209,-0.0959038,5.77004,437.838,3070.27,1.00121,0.40751,0.312637,0.407479,0.42229,0.516879,0.435379
3.58609,4.60563,0.0411336,37.4998,-0.181156,5.78324,438.312,3070.89,1.00192,0.407635,0.312762,0.407604,0.422415,0.517004,0.435504
3.54665,4.61071,0.0217487,37.5845,0.05,5.79293,438.788,3071.5,1.00271,0.40776,0.312887,0.407729,0.42254,0.517129,0.435629
3.55111,4.61583,0.028168,37.6655,0.00373289,5.80372,439.264,3072.11,1.00357,0.407885,0.313012,0.407854,0.422665,0.517254,0.435754
3.55552,4.62097,0.0346203,37.7406,-0.0563138,5.8151,439.74,3072.73,1.0045,0.40801,0.313137,0.407979,0.42279,0.517379,0.435879
3.55987,4.6261,0.0411035,37.8173,-0.13689,5.82803,440.218,3073.33,1.00551,0.408135,0.313262,0.408104,0.422915,0.517504,0.436004
3.51589,4.63122,0.0217413,37.9034,0.05,5.83766,440.696,3073.94,1.00659,0.40826,0.313387,0.408229,0.42304,0.517629,0.436129
3.52036,4.63634,0.0281022,37.9937,-0.02096,5.85089,441.174,3074.54,1.00775,0.408385,0.313512,0.408354,0.423165,0.517754,0.436254
3.52475,4.64148,0.0345028,38.0726,-0.090232,5.86331,441.653,3075.14,1.00898,0.40851,0.313637,0.408479,0.42329,0.517879,0.436379
3.52912,4.64663,0.0409083,38.1565,-0.125904,5.87379,442.133,3075.74,1.01028,0.408635,0.313762,0.408604,0.423415,0.518004,0.436504
3.48837,4.65175,0.0216949,38.2453,0.05,5.88784,442.614,3076.33,1.01166,0.40876,0.313887,0.408729,0.42354,0.518129,0.436629
3.49278,4.6569,0.0280339,38.3299,0.00406509,5.89914,443.095,3076.93,1.01312,0.408885,0.314012,0.408854,0.423665,0.518254,0.436754
3.49711,4.66206,0.0344244,38.4094,-0.0761465,5.91255,443.576,3077.52,1.01464,0.40901,0.314137,0.408979,0.42379,0.518379,0.436879
3.5014,4.65533,0.040841,38.3772,0.05,5.85506,443.482,3078.09,1,0.409135,0.313798,0.409104,0.423869,0.518504,0.436295
3.45898,4.66046,0.0216729,38.4694,0.05,5.86642,443.964,3078.68,1.00058,0.40926,0.313923,0.409229,0.423994,0.518629,0.43642
3.46336,4.66561,0.0279706,38.5537,-0.0370024,5.88063,444.446,3079.26,1.00123,0.409385,0.314048,0.409354,0.424119,0.518754,0.436545
3.46766,4.67078,0.034328,38.6367,-0.0995175,5.89309,444.929,3079.84,1.00196,0.40951,0.314173,0.409479,0.424244,0.518879,0.43667
3.47192,4.67592,0.040721,38.7291,-0.180235,5.90751,445.412,3080.41,1.00276,0.409635,0.314298,0.409604,0.424369,0.519004,0.436795
3.42983,4.68109,0.0216392,38.8114,0.05,5.91904,445.897,3080.99,1.00364,0.40976,0.314423,0.409729,0.424494,0.519129,0.43692
3.43416,4.68625,0.0279078,38.8935,-0.0548303,5.93462,446.382,3081.56,1.00459,0.409885,0.314548,0.409854,0.424619,0.519254,0.437045
3.43841,4.69142,0.0342456,38.984,-0.127287,5.94848,446.867,3082.12,1.00561,0.41001,0.314673,0.409979,0.424744,0.519379,0.43717
3.4426,4.69662,0.0405876,39.0563,-0.206707,5.96168,447.353,3082.69,1.00671,0.410135,0.314798,0.410104,0.424869,0.519504,0.437295
3.40107,4.70174,0.0216036,39.1481,0.05,5.97485,447.84,3083.25,1.00789,0.41026,0.314923,0.410229,0.424994,0.519629,0.43742
3.40529,4.70694,0.0278922,39.2303,-0.0234774,5.98837,448.328,3083.81,1.00915,0.410385,0.315048,0.410354,0.425119,0.519754,0.437545
3.4095,4.71214,0.0341739,39.321,-0.0260538,5.99737,448.816,3084.37,1.01048,0.41051,0.315173,0.410479,0.425244,0.519879,0.43767
3.41363,4.71736,0.0404953,39.3974,-0.0751742,6.0088,449.305,3084.92,1.01188,0.410635,0.315298,0.410604,0.425369,0.520004,0.437795
3.36815,4.72253,0.0215885,39.4924,0.05,6.02411,449.794,3085.47,1.01336,0.41076,0.315423,0.410729,0.425494,0.520129,0.43792
3.37241,4.7277,0.0277981,39.5959,-0.00775399,6.03816,450.284,3086.02,1.01492,0.410885,0.315548,0.410854,0.425619,0.520254,0.438045
3.37656,4.71983,0.0340654,39.5621,0.05,5.97845,450.166,3086.55,1,0.41101,0.315163,0.410979,0.425705,0.520379,0.437456
3.38067,4.72503,0.0403634,39.6517,-0.0176139,5.99222,450.656,3087.1,1.00059,0.411135,0.315288,0.411104,0.42583,0.520504,0.437581
3.33663,4.73024,0.0215438,39.7318,0.05,6.00722,451.147,3087.64,1.00126,0.41126,0.315413,0.411229,0.425955,0.520629,0.437706
3.34082,4.73543,0.0277282,39.827,-0.0215743,6.02178,451.638,3088.17,1.002,0.411385,0.315538,0.411354,0.42608,0.520754,0.437831
3.34496,4.74063,0.0339457,39.9253,-0.0799684,6.03565,452.13,3088.71,1.00282,0.41151,0.315663,0.411479,0.426205,0.520878,0.437956
3.34903,4.74582,0.0402114,40.0246,-0.162918,6.05147,452.623,3089.24,1.00371,0.411635,0.315788,0.411604,0.42633,0.521003,0.438081
3.30457,4.75104,0.021509,40.1069,0.05,6.06875,453.116,3089.77,1.00468,0.41176,0.315913,0.411729,0.426455,0.521128,0.438206
3.30868,4.75626,0.0276832,40.2003,-0.014612,6.0829,453.61,3090.29,1.00573,0.411885,0.316038,0.411854,0.42658,0.521253,0.438331
3.31274,4.76148,0.0338822,40.2978,-0.0850755,6.09785,454.105,3090.81,1.00686,0.41201,0.316163,0.411979,0.426705,0.521378,0.438456
3.31677,4.76672,0.040067,40.3842,-0.143393,6.11113,454.601,3091.33,1.00806,0.412135,0.316288,0.412104,0.42683,0.521503,0.438581
3.27374,4.77194,0.0214611,40.4749,0.05,6.12738,455.097,3091.84,1.00934,0.41226,0.316413,0.412229,0.426955,0.521628,0.438706
3.27782,4.77716,0.0275897,40.5743,-0.0428797,6.14437,455.593,3092.36,1.0107,0.412385,0.316538,0.412354,0.42708,0.521753,0.438831
3.28186,4.7824,0.0337319,40.6713,-0.107841,6.15911,456.091,3092.86,1.01214,0.41251,0.316663,0.412479,0.427205,0.521878,0.438956
3.28585,4.78765,0.0398818,40.7557,-0.228451,6.17733,456.589,3093.37,1.01365,0.412635,0.316788,0.412604,0.42733,0.522003,0.439081
3.24515,4.7929,0.0214101,40.8525,0.05,6.19267,457.088,3093.87,1.01525,0.41276,0.316913,0.412729,0.427455,0.522128,0.439206
3.24918,4.7837,0.0274837,40.8055,0.05,6.13128,456.943,3094.36,1,0.412885,0.316475,0.412854,0.427546,0.522253,0.438615
3.25313,4.78894,0.033633,40.897,-0.0519135,6.14855,457.441,3094.85,1.0006,0.41301,0.3166,0.412979,0.427671,0.522378,0.43874
3.25708,4.79418,0.0397596,40.9964,-0.137557,6.16527,457.941,3095.34,1.00129,0.413135,0.316725,0.413104,0.427796,0.522503,0.438865
3.21403,4.7994,0.0213846,41.1028,0.05,6.1813,458.441,3095.83,1.00205,0.41326,0.31685,0.413229,0.427921,0.522628,0.43899
3.21801,4.80466,0.0274363,41.2017,-0.0170187,6.19662,458.941,3096.32,1.00288,0.413385,0.316975,0.413354,0.428046,0.522753,0.439115
3.22192,4.80991,0.0335318,41.2956,-0.14174,6.21621,459.443,3096.8,1.0038,0.41351,0.3171,0.413479,0.428171,0.522878,0.43924
3.2258,4.81515,0.0396541,41.3966,-0.256537,6.23567,459.945,3097.28,1.0048,0.413635,0.317225,0.413604,0.428296,0.523003,0.439365
3.18055,4.8204,0.0213542,41.485,0.05,6.25317,460.448,3097.75,1.00587,0.41376,0.31735,0.413729,0.428421,0.523128,0.43949
3.18446,4.82569,0.0273566,41.5755,-0.0167783,6.26811,460.951,3098.22,1.00703,0.413885,0.317475,0.413854,0.428546,0.523253,0.439615
3.18829,4.83099,0.0334082,41.6548,-0.115997,6.28485,461.455,3098.69,1.00826,0.41401,0.3176,0.413979,0.428671,0.523378,0.43974
3.19209,4.83626,0.0395016,41.7517,-0.241877,6.30523,461.96,3099.15,1.00958,0.414135,0.317725,0.414104,0.428796,0.523503,0.439865
3.14549,4.8415,0.0213173,41.8474,0.05,6.32337,462.466,3099.61,1.01097,0.41426,0.31785,0.414229,0.428921,0.523628,0.43999
3.14934,4.8468,0.0272876,41.9403,-0.0212078,6.33909,462.972,3100.07,1.01245,0.414385,0.317975,0.414354,0.429046,0.523753,0.440115
3.15317,4.85207,0.0332881,42.057,-0.0555431,6.35372,463.479,3100.53,1.01401,0.41451,0.3181,0.414479,0.429171,0.523878,0.44024
3.15695,4.85736,0.0393057,42.1636,-0.0892864,6.36756,463.986,3100.98,1.01565,0.414635,0.318225,0.414604,0.429296,0.524003,0.440365
3.11107,4.84644,0.0212656,42.0976,0.05,6.3074,463.811,3101.41,1,0.41476,0.317721,0.414729,0.429394,0.524128,0.439777
3.11494,4.85169,0.0271685,42.2111,-0.0579453,6.32794,464.318,3101.85,1.00062,0.414885,0.317846,0.414854,0.429519,0.524253,0.439902
3.11868,4.85698,0.0331448,42.3121,-0.136983,6.34514,464.826,3102.29,1.00132,0.41501,0.317971,0.414979,0.429644,0.524378,0.440027
3.12238,4.86227,0.0391397,42.4187,-0.185655,6.36031,465.335,3102.73,1.0021,0.415135,0.318096,0.415104,0.429769,0.524503,0.440152
3.07774,4.86746,0.0212116,42.5124,0.05,6.38063,465.845,3103.17,1.00296,0.41526,0.318221,0.415229,0.429894,0.524628,0.440277
3.08154,4.87273,0.0270793,42.6244,-0.052028,6.40092,466.355,3103.6,1.00391,0.415385,0.318346,0.415354,0.430019,0.524753,0.440402
3.08531,4.87801,0.0329562,42.7357,-0.165374,6.42223,466.866,3104.02,1.00493,0.41551,0.318471,0.415479,0.430144,0.524878,0.440527
3.08901,4.88331,0.0388704,42.8367,-0.291496,6.44389,467.378,3104.44,1.00604,0.415635,0.318596,0.415604,0.430269,0.525003,0.440652
3.04916,4.88861,0.0211365,42.9406,0.05,6.46635,467.89,3104.86,1.00722,0.41576,0.318721,0.415729,0.430394,0.525128,0.440777
3.05287,4.89394,0.0269717,43.0379,-0.0361652,6.48443,468.403,3105.27,1.0085,0.415885,0.318846,0.415854,0.430519,0.525253,0.440902
3.05658,4.89924,0.0328244,43.1581,-0.0969252,6.50231,468.917,3105.69,1.00985,0.41601,0.318971,0.415979,0.430644,0.525378,0.441027
3.06019,4.90454,0.0387345,43.2691,-0.200326,6.5232,469.432,3106.09,1.01129,0.416135,0.319096,0.416104,0.430769,0.525503,0.441152
3.01856,4.90984,0.0211012,43.3627,0.05,6.54562,469.947,3106.49,1.01281,0.41626,0.319221,0.416229,0.430894,0.525628,0.441277
3.02224,4.91516,0.0268888,43.4713,-0.0642656,6.56749,470.463,3106.89,1.01442,0.416385,0.319346,0.416354,0.431019,0.525753,0.441402
3.02581,4.92052,0.0327217,43.5584,-0.168259,6.58669,470.98,3107.29,1.01611,0.41651,0.319471,0.416479,0.431144,0.525878,0.441527
3.0294,4.90774,0.0385479,43.483,0.05,6.52392,470.769,3107.66,1,0.416634,0.318891,0.416604,0.431246,0.526003,0.440943
2.98669,4.91307,0.0210579,43.5859,0.05,6.54386,471.285,3108.05,1.00064,0.416759,0.319016,0.416729,0.431371,0.526128,0.441068
2.99026,4.91842,0.0268307,43.6732,-0.101105,6.56733,471.802,3108.43,1.00136,0.416884,0.319141,0.416854,0.431496,0.526253,0.441193
2.99376,4.92376,0.0326427,43.7628,-0.252401,6.59115,472.32,3108.81,1.00217,0.417009,0.319266,0.416979,0.431621,0.526378,0.441318
2.99728,4.92907,0.0384463,43.8758,-0.398303,6.61671,472.839,3109.18,1.00306,0.417134,0.319391,0.417104,0.431746,0.526503,0.441443
2.95213,4.93417,0.0210199,43.9763,0.05,6.64019,473.358,3109.55,1.00403,0.417259,0.319516,0.417229,0.431871,0.526628,0.441568
2.95563,4.93954,0.0267412,44.0654,-0.0832949,6.66271,473.878,3109.91,1.00509,0.417384,0.319641,0.417354,0.431996,0.526753,0.441693
2.95913,4.94488,0.0324837,44.1799,-0.188702,6.68505,474.399,3110.27,1.00624,0.417509,0.319766,0.417479,0.432121,0.526878,0.441818
2.96254,4.95022,0.0382687,44.2854,-0.32908,6.70993,474.921,3110.63,1.00747,0.417634,0.319891,0.417603,0.432246,0.527003,0.441943
2.91731,4.95549,0.0209637,44.3855,0.05,6.73216,475.443,3110.98,1.00879,0.417759,0.320016,0.417728,0.432371,0.527128,0.442068
2.92079,4.96085,0.0266263,44.4958,-0.0369066,6.75272,475.966,3111.33,1.01019,0.417884,0.320141,0.417853,0.432496,0.527253,0.442193
2.92422,4.96619,0.0323277,44.6101,-0.180973,6.77911,476.49,3111.67,1.01168,0.418009,0.320266,0.417978,0.432621,0.527378,0.442318
2.9276,4.97157,0.0380322,44.7123,-0.321819,6.80429,477.014,3112.01,1.01325,0.418134,0.320391,0.418103,0.432746,0.527503,0.442443
2.88274,4.97692,0.0209043,44.818,0.05,6.82846,477.54,3112.35,1.01492,0.418259,0.320516,0.418228,0.432871,0.527628,0.442568
2.88616,4.98229,0.0265262,44.9222,-0.10922,6.85578,478.066,3112.68,1.01667,0.418384,0.320641,0.418353,0.432996,0.527753,0.442693
2.88953,4.96711,0.0321672,44.8327,0.05,6.78796,477.813,3112.98,1,0.418509,0.319965,0.418478,0.433104,0.527878,0.44212
2.89281,4.97247,0.0378522,44.9394,-0.0741242,6.81215,478.339,3113.3,1.00066,0.418634,0.32009,0.418603,0.433229,0.528003,0.442245
2.84734,4.97783,0.0208496,45.0564,0.05,6.83544,478.865,3113.62,1.00141,0.418759,0.320215,0.418728,0.433354,0.528128,0.44237
2.8507,4.98321,0.026396,45.1625,-0.0539616,6.8579,479.392,3113.93,1.00225,0.418884,0.32034,0.418853,0.433479,0.528253,0.442495
2.854,4.98858,0.0319898,45.28,-0.128691,6.87866,479.92,3114.24,1.00318,0.419009,0.320465,0.418978,0.433604,0.528378,0.44262
2.85727,4.99396,0.037593,45.385,-0.298499,6.90766,480.449,3114.55,1.00419,0.419134,0.32059,0.419103,0.433729,0.528503,0.442745
2.81371,4.9993,0.0207775,45.4988,0.05,6.93417,480.978,3114.85,1.00529,0.419259,0.320715,0.419228,0.433854,0.528628,0.44287
2.81698,5.00469,0.0263148,45.6078,-0.0759649,6.95942,481.508,3115.14,1.00648,0.419384,0.32084,0.419353,0.433979,0.528753,0.442995
2.82022,5.01008,0.0318504,45.7136,-0.212791,6.98566,482.039,3115.43,1.00776,0.419509,0.320965,0.419478,0.434104,0.528878,0.44312
2.82338,5.01548,0.0374236,45.8217,-0.3446,7.01174,482.571,3115.72,1.00912,0.419634,0.32109,0.419603,0.434229,0.529003,0.443245
2.77758,5.02083,0.0207299,45.9384,0.05,7.03845,483.103,3116,1.01058,0.419759,0.321215,0.419728,0.434354,0.529128,0.44337
2.78083,5.02625,0.0261638,46.0398,-0.0953608,7.06557,483.636,3116.28,1.01213,0.419884,0.32134,0.419853,0.434479,0.529253,0.443495
2.78397,5.03167,0.0316703,46.1439,-0.237153,7.09263,484.17,3116.55,1.01377,0.420009,0.321465,0.419978,0.434604,0.529378,0.44362
2.78707,5.03709,0.0371814,46.2528,-0.342208,7.11661,484.705,3116.82,1.01551,0.420134,0.32159,0.420103,0.434729,0.529503,0.443745
2.74149,5.0425,0.0206643,46.3519,0.05,7.14071,485.24,3117.08,1.01733,0.420259,0.321715,0.420228,0.434854,0.529628,0.44387
2.74469,5.0245,0.0260375,46.2334,0.05,7.06874,484.941,3117.32,1,0.420384,0.320929,0.420353,0.434966,0.529753,0.443312
2.74784,5.02987,0.0314552,46.3459,-0.152529,7.10319,485.476,3117.57,1.00069,0.420509,0.321054,0.420478,0.435091,0.529878,0.443437
2.7509,5.03527,0.0369173,46.4589,-0.302767,7.13247,486.011,3117.82,1.00147,0.420634,0.321179,0.420603,0.435216,0.530003,0.443562
2.7077,5.04059,0.0205834,46.5802,0.05,7.16623,486.548,3118.07,1.00234,0.420759,0.321304,0.420728,0.435341,0.530128,0.443687
2.71081,5.046,0.0259246,46.6888,-0.119778,7.19746,487.085,3118.3,1.00331,0.420884,0.321429,0.420853,0.435466,0.530253,0.443812
2.71387,5.05142,0.0312851,46.7996,-0.255948,7.22558,487.623,3118.54,1.00436,0.421009,0.321554,0.420978,0.435591,0.530378,0.443937
2.71683,5.05687,0.0366916,46.895,-0.40717,7.25381,488.162,3118.77,1.00551,0.421134,0.321679,0.421103,0.435716,0.530502,0.444062
2.67483,5.06226,0.0205079,47.001,0.05,7.28325,488.701,3118.99,1.00675,0.421259,0.321804,0.421228,0.435841,0.530627,0.444187
2.67789,5.06768,0.0257875,47.1157,-0.0957966,7.31324,489.241,3119.21,1.00809,0.421384,0.321929,0.421353,0.435966,0.530752,0.444312
2.68088,5.07311,0.0311144,47.229,-0.249279,7.34402,489.782,3119.42,1.00952,0.421509,0.322054,0.421478,0.436091,0.530877,0.444437
2.68381,5.07854,0.0364617,47.3447,-0.401698,7.37516,490.324,3119.63,1.01104,0.421634,0.322179,0.421603,0.436216,0.531002,0.444562
2.63946,5.08399,0.0204564,47.4504,0.05,7.40535,490.867,3119.84,1.01266,0.421759,0.322304,0.421728,0.436341,0.531127,0.444687
2.64244,5.08945,0.0256741,47.561,-0.0844347,7.43432,491.41,3120.04,1.01438,0.421884,0.322429,0.421853,0.436466,0.531252,0.444812
2.64535,5.09488,0.0309504,47.6723,-0.279608,7.47015,491.955,3120.23,1.01619,0.422009,0.322554,0.421978,0.436591,0.531377,0.444937
2.64823,5.10032,0.0362302,47.794,-0.424217,7.50176,492.5,3120.42,1.0181,0.422134,0.322679,0.422103,0.436716,0.531502,0.445062
2.60432,5.07897,0.0203802,47.6498,0.05,7.42395,492.146,3120.57,1,0.422258,0.321762,0.422228,0.436832,0.531627,0.444523
2.60725,5.08442,0.0255203,47.7593,-0.0804213,7.45271,492.69,3120.75,1.00072,0.422383,0.321887,0.422353,0.436956,0.531752,0.444648
2.61009,5.08988,0.030713,47.864,-0.229167,7.48304,493.235,3120.93,1.00154,0.422508,0.322012,0.422478,0.437081,0.531877,0.444773
2.61287,5.09533,0.03594,47.9639,-0.418899,7.51759,493.781,3121.1,1.00245,0.422633,0.322137,0.422603,0.437206,0.532002,0.444898
2.57,5.10078,0.0203006,48.0747,0.05,7.55044,494.328,3121.26,1.00346,0.422758,0.322262,0.422728,0.437331,0.532127,0.445023
2.57283,5.10622,0.0254398,48.1913,-0.118998,7.5848,494.875,3121.42,1.00457,0.422883,0.322387,0.422853,0.437456,0.532252,0.445148
2.5756,5.11168,0.0305818,48.2931,-0.330169,7.62262,495.423,3121.57,1.00577,0.423008,0.322512,0.422978,0.437581,0.532377,0.445273
2.57831,5.11716,0.0357304,48.3964,-0.478099,7.65361,495.972,3121.72,1.00708,0.423133,0.322637,0.423103,0.437706,0.532502,0.445398
2.5338,5.12255,0.0202352,48.5142,0.05,7.69194,496.522,3121.86,1.00848,0.423258,0.322762,0.423228,0.437831,0.532627,0.445523
2.53655,5.12805,0.0252771,48.6231,-0.075657,7.72127,497.072,3122,1.00997,0.423383,0.322887,0.423353,0.437956,0.532752,0.445648
2.53927,5.13351,0.0303498,48.7348,-0.258819,7.75779,497.624,3122.13,1.01157,0.423508,0.323012,0.423478,0.438081,0.532877,0.445773
2.54193,5.139,0.035434,48.84,-0.438986,7.79346,498.176,3122.25,1.01327,0.423633,0.323137,0.423603,0.438206,0.533002,0.445898
2.50058,5.14445,0.0201324,48.9645,0.05,7.83131,498.729,3122.38,1.01507,0.423758,0.323262,0.423728,0.438331,0.533127,0.446023
2.50332,5.1499,0.0251108,49.0859,-0.141892,7.87065,499.283,3122.49,1.01698,0.423883,0.323387,0.423853,0.438456,0.533252,0.446148
2.50601,5.15536,0.0301137,49.2047,-0.353393,7.91228,499.837,3122.6,1.01899,0.424008,0.323512,0.423978,0.438581,0.533377,0.446273
2.50862,5.13012,0.0351379,49.0239,0.05,7.82392,499.422,3122.67,1,0.424133,0.322443,0.424103,0.4387,0.533502,0.445757
2.46714,5.13554,0.0200567,49.1383,0.05,7.8658,499.975,3122.76,1.00076,0.424258,0.322568,0.424228,0.438825,0.533627,0.445882
2.46977,5.14103,0.0249727,49.2442,-0.116336,7.90068,500.53,3122.86,1.00162,0.424383,0.322693,0.424353,0.43895,0.533752,0.446007
2.47232,5.1465,0.0299589,49.3483,-0.337331,7.94205,501.085,3122.94,1.00258,0.424508,0.322818,0.424478,0.439075,0.533877,0.446132
2.47487,5.15195,0.0349235,49.4556,-0.574322,7.98617,501.641,3123.02,1.00365,0.424633,0.322943,0.424603,0.4392,0.534002,0.446257
2.43281,5.15729,0.0199796,49.5682,0.05,8.02327,502.198,3123.09,1.00481,0.424758,0.323068,0.424728,0.439325,0.534127,0.446382
2.43536,5.16278,0.0248456,49.6663,-0.165541,8.0641,502.755,3123.16,1.00608,0.424883,0.323193,0.424853,0.43945,0.534252,0.446507
2.43787,5.16827,0.0297322,49.7871,-0.324409,8.10088,503.314,3123.22,1.00746,0.425008,0.323318,0.424978,0.439575,0.534377,0.446632
2.44029,5.17376,0.0346698,49.8985,-0.519148,8.14115,503.873,3123.28,1.00893,0.425133,0.323443,0.425103,0.4397,0.534502,0.446757
2.39766,5.17918,0.0198983,50.0056,0.05,8.18074,504.433,3123.33,1.01052,0.425258,0.323568,0.425228,0.439825,0.534627,0.446882
2.40017,5.18466,0.0246996,50.1195,-0.163184,8.22415,504.994,3123.37,1.01221,0.425383,0.323693,0.425353,0.43995,0.534752,0.447007
2.40256,5.19019,0.0295288,50.2193,-0.349053,8.26261,505.556,3123.41,1.014,0.425508,0.323818,0.425478,0.440075,0.534877,0.447132
2.4049,5.19571,0.0343922,50.329,-0.530646,8.30193,506.118,3123.45,1.01591,0.425633,0.323943,0.425603,0.4402,0.535002,0.447257
2.36123,5.20118,0.0198179,50.4413,0.05,8.34242,506.681,3123.47,1.01792,0.425758,0.324068,0.425728,0.440325,0.535127,0.447382
2.36368,5.20667,0.0245369,50.5791,-0.0911203,8.38055,507.246,3123.49,1.02004,0.425883,0.324193,0.425853,0.44045,0.535252,0.447507
2.36601,5.1768,0.029301,50.3538,0.05,8.2803,506.76,3123.47,1,0.426007,0.322946,0.425978,0.440572,0.535377,0.447021
2.36827,5.1823,0.0341042,50.4536,-0.176084,8.32443,507.322,3123.48,1.0008,0.426132,0.323071,0.426103,0.440697,0.535502,0.447146
2.32464,5.18775,0.0197251,50.5645,0.05,8.36653,507.886,3123.49,1.00171,0.426257,0.323196,0.426228,0.440822,0.535627,0.447271
2.327,5.19321,0.0243908,50.6785,-0.187064,8.41448,508.451,3123.48,1.00273,0.426382,0.323321,0.426353,0.440947,0.535752,0.447396
2.32925,5.19872,0.0290947,50.7857,-0.3873,8.45697,509.016,3123.48,1.00385,0.426507,0.323446,0.426478,0.441072,0.535877,0.447521
2.33143,5.20424,0.033821,50.8954,-0.573166,8.49814,509.582,3123.46,1.00509,0.426632,0.323571,0.426603,0.441197,0.536002,0.447646
2.2877,5.20973,0.0196296,51.0086,0.05,8.54374,510.149,3123.44,1.00643,0.426757,0.323696,0.426728,0.441322,0.536127,0.447771
2.28991,5.21528,0.0242298,51.1043,-0.148502,8.58522,510.717,3123.42,1.00788,0.426882,0.323821,0.426853,0.441447,0.536252,0.447896
2.29208,5.22081,0.0288507,51.2193,-0.322334,8.62617,511.285,3123.38,1.00945,0.427007,0.323946,0.426978,0.441572,0.536377,0.448021
2.29416,5.22635,0.0335205,51.3248,-0.51121,8.66806,511.855,3123.35,1.01112,0.427132,0.324071,0.427103,0.441697,0.536502,0.448146
2.24921,5.2319,0.0195405,51.4237,0.05,8.70788,512.425,3123.3,1.01291,0.427257,0.324196,0.427228,0.441822,0.536627,0.448271
2.2514,5.23741,0.0240553,51.535,-0.180763,8.75685,512.996,3123.26,1.01481,0.427382,0.324321,0.427353,0.441947,0.536752,0.448396
2.25349,5.24295,0.028598,51.6422,-0.378726,8.801,513.568,3123.2,1.01683,0.427507,0.324446,0.427478,0.442072,0.536877,0.448521
2.25553,5.24851,0.0331604,51.7475,-0.570747,8.84433,514.141,3123.14,1.01896,0.427632,0.324571,0.427603,0.442197,0.537002,0.448646
2.21124,5.25403,0.0194322,51.8626,0.05,8.88807,514.714,3123.07,1.0212,0.427757,0.324696,0.427728,0.442322,0.537127,0.448771
2.21334,5.21898,0.0238547,51.5753,0.05,8.78043,514.149,3122.96,1,0.427882,0.32325,0.427853,0.442445,0.537252,0.448317
2.21536,5.2245,0.0283284,51.6982,-0.0831205,8.81803,514.721,3122.88,1.00085,0.428007,0.323375,0.427978,0.44257,0.537377,0.448442
2.21731,5.23002,0.0328267,51.8184,-0.241096,8.85892,515.294,3122.79,1.00181,0.428132,0.3235,0.428103,0.442695,0.537502,0.448567
2.17405,5.23511,0.0193194,51.9185,0.05,8.90214,515.868,3122.7,1.00289,0.428257,0.323625,0.428228,0.44282,0.537627,0.448692
2.17608,5.24062,0.0236848,52.0285,-0.187514,8.95335,516.442,3122.61,1.00408,0.428382,0.32375,0.428353,0.442945,0.537752,0.448817
2.17805,5.24613,0.0280716,52.1499,-0.38741,9.00112,517.017,3122.51,1.00538,0.428507,0.323875,0.428478,0.44307,0.537877,0.448942
2.17996,5.25164,0.0324828,52.2784,-0.556132,9.04568,517.593,3122.4,1.00681,0.428632,0.324,0.428603,0.443195,0.538002,0.449067
2.13855,5.25674,0.0191944,52.3771,0.05,9.09212,518.17,3122.29,1.00834,0.428757,0.324125,0.428728,0.44332,0.538127,0.449192
2.14047,5.26229,0.023495,52.4786,-0.16722,9.14027,518.748,3122.17,1.01,0.428882,0.32425,0.428853,0.443445,0.538252,0.449317
2.14232,5.26784,0.0278171,52.5949,-0.337954,9.18406,519.327,3122.04,1.01177,0.429007,0.324375,0.428978,0.44357,0.538377,0.449442
2.14412,5.27338,0.0321663,52.7095,-0.537832,9.23208,519.906,3121.91,1.01367,0.429132,0.3245,0.429103,0.443695,0.538502,0.449567
2.10121,5.27843,0.0190991,52.8169,0.05,9.27992,520.487,3121.77,1.01568,0.429257,0.324625,0.429228,0.44382,0.538627,0.449692
2.10307,5.28397,0.0233143,52.9399,-0.139692,9.32822,521.068,3121.63,1.01781,0.429382,0.32475,0.429353,0.443945,0.538752,0.449817
2.10486,5.28953,0.027547,53.0543,-0.335296,9.37643,521.65,3121.48,1.02007,0.429507,0.324875,0.429478,0.44407,0.538877,0.449942
2.10658,5.29508,0.0318337,53.1746,-0.544038,9.42765,522.233,3121.32,1.02245,0.429632,0.325,0.429603,0.444195,0.539002,0.450067
2.06334,5.25401,0.0189851,52.8151,0.05,9.30982,521.582,3121.11,1,0.429756,0.323343,0.429727,0.44432,0.539127,0.449649
2.06509,5.25953,0.0231396,52.9226,-0.18477,9.36292,522.163,3120.94,1.0009,0.429881,0.323468,0.429852,0.444445,0.539252,0.449774
2.06675,5.26508,0.0273154,53.0188,-0.398467,9.41151,522.745,3120.76,1.00192,0.430006,0.323593,0.429977,0.44457,0.539377,0.449899
2.06835,5.27062,0.0315134,53.115,-0.643255,9.46509,523.328,3120.58,1.00306,0.430131,0.323718,0.430102,0.444695,0.539502,0.450024
2.02396,5.27611,0.0188734,53.2168,0.05,9.51721,523.911,3120.39,1.00433,0.430256,0.323843,0.430227,0.44482,0.539627,0.450149
2.02565,5.28164,0.0229235,53.3236,-0.208773,9.57524,524.495,3120.19,1.00571,0.430381,0.323968,0.430352,0.444945,0.539752,0.450274
2.02725,5.28719,0.027005,53.4321,-0.421695,9.62677,525.08,3119.99,1.00722,0.430506,0.324093,0.430477,0.44507,0.539877,0.450399
2.02877,5.29274,0.0311108,53.5312,-0.651375,9.67973,525.666,3119.78,1.00885,0.430631,0.324218,0.430602,0.445195,0.540002,0.450524
1.98556,5.29823,0.0187358,53.641,0.05,9.73162,526.253,3119.56,1.01061,0.430756,0.324343,0.430727,0.44532,0.540127,0.450649
1.98711,5.30381,0.0227169,53.7379,-0.152064,9.78047,526.841,3119.34,1.0125,0.430881,0.324468,0.430852,0.445445,0.540252,0.450774
1.98863,5.30938,0.0267031,53.8408,-0.36274,9.83196,527.43,3119.11,1.01451,0.431006,0.324593,0.430977,0.44557,0.540377,0.450899
1.99008,5.31495,0.0307122,53.9466,-0.568404,9.88335,528.019,3118.88,1.01665,0.431131,0.324718,0.431102,0.445695,0.540502,0.451024
1.94785,5.3204,0.0185971,54.0377,0.05,9.93671,528.609,3118.64,1.01892,0.431256,0.324843,0.431227,0.44582,0.540627,0.451149
1.94932,5.32597,0.022511,54.1572,-0.133426,9.98711,529.2,3118.39,1.02132,0.431381,0.324968,0.431352,0.445945,0.540752,0.451274
1.95072,5.33155,0.0264364,54.2558,-0.368091,10.0428,529.792,3118.13,1.02385,0.431506,0.325093,0.431477,0.44607,0.540877,0.451399
1.9521,5.28462,0.0303471,53.8487,0.05,9.90342,529.046,3117.82,1,0.431631,0.323201,0.431602,0.446195,0.541002,0.45102
1.91062,5.28985,0.0184555,53.9494,0.05,9.95772,529.635,3117.55,1.00096,0.431756,0.323326,0.431727,0.44632,0.541127,0.451145
1.91202,5.29538,0.0222707,54.0472,-0.210512,10.0175,530.226,3117.28,1.00204,0.431881,0.323451,0.431852,0.446445,0.541252,0.45127
1.91339,5.30093,0.0260706,54.1408,-0.460705,10.0754,530.817,3116.99,1.00326,0.432006,0.323576,0.431977,0.44657,0.541377,0.451395
1.91466,5.30648,0.0299194,54.2334,-0.697497,10.1312,531.409,3116.71,1.0046,0.432131,0.323701,0.432102,0.446695,0.541502,0.45152
1.87415,5.31204,0.0183106,54.3184,0.05,10.1902,532.002,3116.41,1.00607,0.432256,0.323826,0.432227,0.44682,0.541627,0.451645
1.87546,5.31759,0.0220436,54.42,-0.183426,10.2475,532.596,3116.11,1.00768,0.432381,0.323951,0.432352,0.446945,0.541752,0.45177
1.87669,5.32316,0.0257994,54.5074,-0.441704,10.3069,533.19,3115.8,1.00941,0.432506,0.324076,0.432477,0.44707,0.541877,0.451895
1.87791,5.32871,0.0295376,54.6127,-0.687531,10.3677,533.786,3115.49,1.01129,0.432631,0.324201,0.432602,0.447195,0.542002,0.45202
1.83658,5.33426,0.0181805,54.72,0.05,10.4363,534.382,3115.17,1.01329,0.432756,0.324326,0.432727,0.44732,0.542127,0.452145
1.83781,5.33983,0.0218148,54.8122,-0.211581,10.4982,534.979,3114.84,1.01544,0.43288,0.324451,0.432852,0.447445,0.542252,0.45227
1.83895,5.34542,0.0254698,54.8899,-0.459672,10.5558,535.577,3114.5,1.01772,0.433005,0.324576,0.432977,0.44757,0.542377,0.452395
1.84004,5.351,0.0291528,54.9831,-0.714871,10.6175,536.176,3114.16,1.02014,0.43313,0.324701,0.433102,0.447695,0.542502,0.45252
1.79849,5.35656,0.0180371,55.0746,0.05,10.6764,536.776,3113.8,1.0227,0.433255,0.324826,0.433227,0.44782,0.542627,0.452645
1.79962,5.36216,0.0215718,55.1588,-0.200652,10.7365,537.377,3113.45,1.0254,0.43338,0.324951,0.433352,0.447945,0.542752,0.45277
1.80069,5.30831,0.025136,54.6804,0.05,10.5767,536.525,3113.01,1,0.433505,0.322803,0.433477,0.448069,0.542877,0.452432
1.80167,5.31385,0.0287418,54.7698,-0.205075,10.638,537.123,3112.64,1.00102,0.43363,0.322928,0.433602,0.448194,0.543002,0.452557
1.76108,5.31939,0.0178734,54.8666,0.05,10.6974,537.722,3112.26,1.00218,0.433755,0.323053,0.433727,0.448319,0.543127,0.452682
1.76216,5.32492,0.0213113,54.9763,-0.19799,10.7618,538.321,3111.88,1.00347,0.43388,0.323178,0.433852,0.448444,0.543252,0.452807
1.76316,5.33046,0.0247675,55.0684,-0.449103,10.824,538.921,3111.48,1.0049,0.434005,0.323303,0.433977,0.448569,0.543377,0.452932
1.76412,5.33601,0.0282344,55.1653,-0.703102,10.888,539.522,3111.08,1.00648,0.43413,0.323428,0.434102,0.448694,0.543502,0.453057
1.72515,5.34154,0.0177012,55.2519,0.05,10.9564,540.124,3110.68,1.00819,0.434255,0.323553,0.434227,0.448819,0.543627,0.453182
1.72611,5.34711,0.0210665,55.3452,-0.183482,11.0167,540.727,3110.26,1.01004,0.43438,0.323678,0.434352,0.448944,0.543752,0.453307
1.72699,5.35267,0.0244557,55.4462,-0.405596,11.0766,541.331,3109.84,1.01204,0.434505,0.323803,0.434477,0.449069,0.543877,0.453432
1.72784,5.35824,0.0278408,55.523,-0.689767,11.1439,541.935,3109.41,1.01418,0.43463,0.323928,0.434602,0.449194,0.544002,0.453557
1.68927,5.36377,0.0175374,55.6058,0.05,11.2074,542.54,3108.98,1.01647,0.434755,0.324053,0.434727,0.449319,0.544127,0.453682
1.69015,5.36935,0.0207904,55.6975,-0.178285,11.2679,543.147,3108.54,1.0189,0.43488,0.324178,0.434852,0.449444,0.544252,0.453807
1.69098,5.37493,0.0240674,55.7879,-0.441068,11.3348,543.754,3108.09,1.02149,0.435005,0.324303,0.434977,0.449569,0.544376,0.453932
1.69175,5.38052,0.0273518,55.8805,-0.673286,11.3968,544.362,3107.63,1.02422,0.43513,0.324428,0.435102,0.449694,0.544501,0.454057
1.65427,5.38599,0.0173636,55.9619,0.05,11.4673,544.97,3107.17,1.0271,0.435255,0.324553,0.435227,0.449819,0.544626,0.454182
1.65505,5.32458,0.0205331,55.4129,0.05,11.2754,544.005,3106.61,1,0.43538,0.322127,0.435352,0.449942,0.544751,0.45389
1.65576,5.33011,0.0237444,55.499,-0.186213,11.3367,544.61,3106.13,1.00109,0.435505,0.322252,0.435477,0.450067,0.544876,0.454015
1.65643,5.33566,0.0269395,55.564,-0.481516,11.4055,545.217,3105.65,1.00232,0.43563,0.322377,0.435602,0.450192,0.545001,0.45414
1.61881,5.34113,0.0171966,55.6369,0.05,11.4634,545.824,3105.16,1.0037,0.435755,0.322502,0.435727,0.450317,0.545126,0.454265
1.6195,5.34667,0.0202863,55.7236,-0.192218,11.527,546.432,3104.66,1.00523,0.43588,0.322627,0.435852,0.450442,0.545251,0.45439
1.62013,5.35223,0.0233756,55.8048,-0.42194,11.5876,547.04,3104.16,1.0069,0.436005,0.322752,0.435977,0.450567,0.545376,0.454515
1.62071,5.35778,0.0264878,55.8848,-0.699198,11.6573,547.65,3103.65,1.00872,0.43613,0.322877,0.436102,0.450692,0.545501,0.45464
1.58325,5.36309,0.0170214,55.9665,0.05,11.717,548.26,3103.13,1.0107,0.436255,0.323002,0.436227,0.450817,0.545626,0.454765
1.58385,5.36865,0.02001,56.0444,-0.210011,11.7838,548.871,3102.61,1.01283,0.43638,0.323127,0.436352,0.450942,0.545751,0.45489
1.58438,5.37422,0.0230278,56.1114,-0.488596,11.8523,549.483,3102.08,1.01511,0.436505,0.323252,0.436477,0.451067,0.545876,0.455015
1.58486,5.37979,0.0260338,56.1949,-0.724477,11.9162,550.096,3101.54,1.01754,0.43663,0.323377,0.436602,0.451192,0.546001,0.45514
1.54755,5.38527,0.0168381,56.2701,0.05,11.9873,550.71,3100.99,1.02013,0.436755,0.323502,0.436727,0.451317,0.546126,0.455265
1.54805,5.39085,0.0197341,56.3518,-0.200576,12.0544,551.325,3100.44,1.02288,0.43688,0.323627,0.436852,0.451442,0.546251,0.455389
1.54853,5.39642,0.022628,56.434,-0.479184,12.1276,551.94,3099.88,1.02579,0.437005,0.323752,0.436977,0.451567,0.546376,0.455514
1.54891,5.40201,0.0255486,56.4921,-0.771482,12.199,552.556,3099.31,1.02885,0.43713,0.323877,0.437102,0.451692,0.546501,0.455639
1.51265,5.33281,0.016633,55.8413,0.05,11.9869,551.471,3098.63,1,0.437255,0.32117,0.437226,0.451813,0.546626,0.455392
1.51303,5.33834,0.0194551,55.9008,-0.211651,12.0518,552.083,3098.05,1.00116,0.43738,0.321295,0.437351,0.451938,0.546751,0.455517
1.51338,5.34386,0.0222749,55.9761,-0.481846,12.122,552.696,3097.46,1.00247,0.437505,0.32142,0.437476,0.452063,0.546876,0.455642
1.51368,5.34939,0.025093,56.0375,-0.745567,12.1885,553.31,3096.86,1.00393,0.43763,0.321545,0.437601,0.452188,0.547001,0.455767
1.47653,5.3549,0.0164538,56.1171,0.05,12.2611,553.925,3096.26,1.00556,0.437755,0.32167,0.437726,0.452313,0.547126,0.455892
1.47684,5.36045,0.0191568,56.1763,-0.195968,12.3243,554.54,3095.65,1.00734,0.43788,0.321795,0.437851,0.452438,0.547251,0.456017
1.47708,5.36601,0.0218692,56.2375,-0.441235,12.3881,555.157,3095.03,1.00928,0.438005,0.32192,0.437976,0.452563,0.547376,0.456142
1.47733,5.37154,0.0245617,56.3129,-0.709366,12.46,555.774,3094.41,1.01138,0.43813,0.322045,0.438101,0.452688,0.547501,0.456267
1.44233,5.37709,0.01622,56.3783,0.05,12.5297,556.392,3093.78,1.01364,0.438255,0.32217,0.438226,0.452813,0.547626,0.456392
1.44253,5.38266,0.0188477,56.4422,-0.192481,12.5943,557.011,3093.14,1.01606,0.43838,0.322295,0.438351,0.452938,0.547751,0.456517
1.44271,5.38821,0.0214545,56.5052,-0.464757,12.6654,557.631,3092.5,1.01865,0.438505,0.32242,0.438476,0.453063,0.547876,0.456642
1.44278,5.39379,0.0241088,56.5615,-0.709107,12.7295,558.251,3091.84,1.0214,0.43863,0.322545,0.438601,0.453188,0.548001,0.456767
1.4071,5.39933,0.0160263,56.6344,0.05,12.7964,558.872,3091.19,1.02432,0.438755,0.32267,0.438726,0.453313,0.548126,0.456892
1.40726,5.40491,0.0185026,56.6905,-0.206499,12.8643,559.494,3090.52,1.02741,0.43888,0.322795,0.438851,0.453438,0.548251,0.457017
1.40737,5.41047,0.0210111,56.7557,-0.48959,12.9396,560.117,3089.85,1.03067,0.439005,0.32292,0.438976,0.453563,0.548376,0.457142
1.40742,5.33329,0.0235174,56.0337,0.05,12.6919,558.906,3089.02,1,0.43913,0.319929,0.4391,0.453681,0.548501,0.456938
1.37379,5.33879,0.0157826,56.0976,0.05,12.763,559.525,3088.34,1.00123,0.439255,0.320054,0.439225,0.453806,0.548626,0.457063
1.37386,5.3443,0.0181775,56.1531,-0.195512,12.8283,560.144,3087.65,1.00262,0.43938,0.320179,0.43935,0.453931,0.548751,0.457188
1.37384,5.34983,0.0206017,56.2032,-0.429214,12.8899,560.764,3086.95,1.00417,0.439505,0.320304,0.439475,0.454056,0.548876,0.457313
1.37376,5.35533,0.0230537,56.2581,-0.733102,12.9674,561.385,3086.24,1.00589,0.439629,0.320429,0.4396,0.454181,0.549001,0.457438
1.34038,5.36084,0.0155639,56.3167,0.05,13.037,562.007,3085.53,1.00777,0.439754,0.320554,0.439725,0.454306,0.549126,0.457563
1.34035,5.36637,0.0178626,56.3795,-0.182417,13.1024,562.629,3084.81,1.00983,0.439879,0.320679,0.43985,0.454431,0.549251,0.457688
1.34029,5.37188,0.02017,56.4353,-0.488833,13.1824,563.253,3084.08,1.01205,0.440004,0.320804,0.439975,0.454556,0.549376,0.457813
1.34014,5.37741,0.0225067,56.4889,-0.755755,13.2535,563.877,3083.35,1.01445,0.440129,0.320929,0.4401,0.454681,0.549501,0.457938
1.30749,5.38292,0.0153281,56.5373,0.05,13.3275,564.502,3082.61,1.01701,0.440254,0.321054,0.440225,0.454806,0.549626,0.458063
1.30736,5.38846,0.0175405,56.5868,-0.200275,13.3953,565.127,3081.86,1.01975,0.440379,0.321179,0.44035,0.454931,0.549751,0.458188
1.30719,5.394,0.0197594,56.646,-0.452256,13.4657,565.754,3081.1,1.02267,0.440504,0.321304,0.440475,0.455056,0.549876,0.458313
1.30695,5.39956,0.0219761,56.7014,-0.663544,13.5269,566.381,3080.34,1.02576,0.440629,0.321429,0.4406,0.45518,0.550001,0.458438
1.27468,5.40502,0.015089,56.7605,0.05,13.586,567.009,3079.58,1.02903,0.440754,0.321554,0.440725,0.455305,0.550126,0.458563
1.27443,5.41059,0.0172185,56.8117,-0.156818,13.6457,567.638,3078.81,1.03247,0.440879,0.321679,0.44085,0.45543,0.550251,0.458688
1.27418,5.3256,0.0193179,56.0143,0.05,13.3597,566.3,3077.8,1,0.441004,0.318417,0.440973,0.455544,0.550376,0.458528
1.27383,5.33108,0.0214617,56.0653,-0.176559,13.4227,566.924,3077.02,1.00129,0.441129,0.318542,0.441098,0.455669,0.550501,0.458653
1.24226,5.33637,0.0148336,56.1243,0.05,13.4933,567.549,3076.23,1.00276,0.441254,0.318667,0.441223,0.455794,0.550626,0.458778
1.24193,5.34186,0.0168685,56.1754,-0.180074,13.5586,568.174,3075.43,1.0044,0.441379,0.318792,0.441348,0.455919,0.550751,0.458903
1.24158,5.34734,0.0188808,56.2334,-0.403833,13.6253,568.8,3074.63,1.00621,0.441504,0.318917,0.441473,0.456044,0.550876,0.459028
1.24117,5.35284,0.0209071,56.2788,-0.633439,13.69,569.428,3073.82,1.00819,0.441629,0.319042,0.441598,0.456169,0.551001,0.459153
1.21,5.35799,0.0145785,56.3328,0.05,13.7576,570.056,3073,1.01035,0.441754,0.319167,0.441723,0.456294,0.551126,0.459278
1.2096,5.36349,0.016502,56.3749,-0.167127,13.821,570.684,3072.18,1.01269,0.441879,0.319292,0.441848,0.456419,0.551251,0.459403
1.20914,5.36899,0.0184364,56.435,-0.378589,13.8873,571.314,3071.36,1.01521,0.442004,0.319416,0.441973,0.456544,0.551376,0.459528
1.20865,5.3745,0.0203531,56.463,-0.622036,13.9537,571.944,3070.52,1.01791,0.442129,0.319541,0.442098,0.456669,0.551501,0.459653
1.17781,5.37985,0.0143152,56.5139,0.05,14.0212,572.575,3069.69,1.02079,0.442254,0.319666,0.442223,0.456794,0.551626,0.459778
1.1773,5.38537,0.0161485,56.5518,-0.145249,14.0809,573.207,3068.84,1.02385,0.442379,0.319791,0.442348,0.456919,0.551751,0.459903
1.17677,5.39088,0.0179741,56.5899,-0.375364,14.1494,573.839,3067.99,1.02709,0.442504,0.319916,0.442473,0.457044,0.551876,0.460028
1.17616,5.39641,0.0198147,56.6316,-0.559786,14.2073,574.473,3067.14,1.03052,0.442629,0.320041,0.442598,0.457169,0.552001,0.460153
1.14583,5.40194,0.0140359,56.6685,0.05,14.2712,575.107,3066.28,1.03413,0.442754,0.320166,0.442723,0.457294,0.552126,0.460278
1.14522,5.30984,0.0157747,55.8014,0.05,13.9334,573.645,3064.98,1,0.442879,0.316664,0.442841,0.457404,0.552251,0.460158
1.14461,5.31528,0.0174844,55.8494,-0.104318,13.9901,574.274,3064.12,1.00135,0.443004,0.316789,0.442966,0.457529,0.552376,0.460283
1.14392,5.32072,0.0192278,55.8859,-0.269094,14.0431,574.903,3063.24,1.00288,0.443129,0.316914,0.443091,0.457654,0.552501,0.460408
1.11431,5.3261,0.0137414,55.9487,0.05,14.1048,575.534,3062.37,1.0046,0.443254,0.317039,0.443216,0.457779,0.552626,0.460533
1.11365,5.33155,0.015365,56.0053,-0.0421877,14.1546,576.165,3061.49,1.00648,0.443379,0.317164,0.443341,0.457904,0.552751,0.460658
1.11292,5.33701,0.0170123,56.063,-0.146886,14.2029,576.797,3060.61,1.00856,0.443504,0.317289,0.443466,0.458029,0.552876,0.460783
1.11215,5.34247,0.0186503,56.1149,-0.248013,14.2494,577.429,3059.73,1.01081,0.443629,0.317414,0.443591,0.458154,0.553001,0.460908
1.08207,5.34781,0.0134686,56.1737,0.05,14.3,578.063,3058.84,1.01324,0.443754,0.317538,0.443716,0.458279,0.553126,0.461033
1.08131,5.35328,0.0150027,56.2414,0.0534851,14.3357,578.697,3057.95,1.01586,0.443879,0.317663,0.443841,0.458404,0.553251,0.461158
1.08047,5.35875,0.0165594,56.314,0.0335271,14.3721,579.332,3057.06,1.01865,0.444004,0.317788,0.443966,0.458529,0.553376,0.461283
1.07963,5.36423,0.0180711,56.3968,0.036693,14.4134,579.969,3056.17,1.02164,0.444129,0.317913,0.444091,0.458654,0.553501,0.461408
1.04986,5.36943,0.0131579,56.4745,0.05,14.4528,580.605,3055.29,1.0248,0.444254,0.318038,0.444216,0.458779,0.553626,0.461533
1.049,5.37491,0.0146011,56.5757,0.173157,14.4825,581.243,3054.4,1.02815,0.444379,0.318163,0.444341,0.458904,0.553751,0.461658
1.04808,5.38041,0.01604,56.6721,0.266439,14.5095,581.882,3053.51,1.03169,0.444504,0.318288,0.444466,0.459029,0.553876,0.461783
1.04714,5.3859,0.017467,56.7753,0.386143,14.5341,582.522,3052.63,1.03541,0.444629,0.318413,0.444591,0.459154,0.554001,0.461908
1.01717,5.28825,0.0128396,55.9194,0.470913,14.1435,580.957,3050.68,1,0.444754,0.314739,0.44469,0.459259,0.554125,0.461825
1.01623,5.29365,0.0141764,56.0497,0.757403,14.1603,581.592,3049.8,1.00139,0.444879,0.314864,0.444815,0.459384,0.55425,0.46195
1.01523,5.29904,0.0155195,56.1852,0.992716,14.1799,582.227,3048.93,1.00295,0.445004,0.314989,0.44494,0.459509,0.554375,0.462075
1.01419,5.30444,0.0168568,56.3098,1.21811,14.1923,582.863,3048.07,1.0047,0.445129,0.315114,0.445065,0.459634,0.5545,0.4622
0.984498,5.30958,0.0125009,56.4307,1.44536,14.2005,583.501,3047.21,1.00662,0.445254,0.315239,0.44519,0.459759,0.554625,0.462325
0.98347,5.315,0.0137247,56.55,1.69965,14.2259,584.139,3046.36,1.00872,0.445379,0.315364,0.445315,0.459884,0.55475,0.46245
0.982388,5.32042,0.0149534,56.6742,1.94518,14.2339,584.779,3045.51,1.011,0.445504,0.315489,0.44544,0.460009,0.554875,0.462575
0.981217,5.32587,0.0162056,56.7803,2.15298,14.2407,585.419,3044.67,1.01345,0.445629,0.315614,0.445565,0.460134,0.555,0.4627
0.952104,5.33124,0.0121373,56.8989,2.37556,14.254,586.061,3043.84,1.01609,0.445754,0.315739,0.44569,0.460259,0.555125,0.462825
0.950962,5.33669,0.0132724,56.9931,2.59783,14.2725,586.704,3043.01,1.01891,0.445879,0.315864,0.445815,0.460384,0.55525,0.46295
0.949806,5.34212,0.014394,57.1062,2.79247,14.2856,587.347,3042.19,1.0219,0.446004,0.315989,0.44594,0.460509,0.555375,0.463075
0.948581,5.34756,0.0155355,57.2163,2.96151,14.3013,587.992,3041.37,1.02508,0.446129,0.316114,0.446065,0.460634,0.5555,0.4632
0.919544,5.35295,0.0117725,57.3304,3.12776,14.3202,588.637,3040.55,1.02843,0.446254,0.316239,0.44619,0.460759,0.555625,0.463325
0.918311,5.35841,0.012808,57.4393,3.38737,14.3285,589.284,3039.74,1.03197,0.446379,0.316364,0.446315,0.460884,0.55575,0.46345
0.917049,5.36387,0.013832,57.5471,3.5786,14.3447,589.931,3038.94,1.03569,0.446504,0.316489,0.44644,0.461009,0.555875,0.463575
0.915712,5.26465,0.0148627,56.6814,3.7878,13.9409,588.32,3036.14,1,0.446628,0.312794,0.446509,0.461113,0.555999,0.463529
0.887331,5.27,0.0113669,56.7992,4.0112,13.9544,588.962,3035.35,1.00138,0.446753,0.312919,0.446634,0.461238,0.556124,0.463654
0.886014,5.27536,0.0123185,56.9092,4.2257,13.972,589.605,3034.56,1.00294,0.446878,0.313044,0.446759,0.461363,0.556249,0.463779
0.88466,5.28074,0.0132457,57.0082,4.40552,13.9799,590.249,3033.78,1.00468,0.447003,0.313169,0.446884,0.461488,0.556374,0.463904
0.883281,5.28611,0.0141686,57.118,4.58737,13.9984,590.894,3033,1.00658,0.447128,0.313294,0.447009,0.461613,0.556499,0.464029
0.855329,5.29148,0.0109511,57.2181,4.76864,14.007,591.54,3032.22,1.00867,0.447253,0.313419,0.447134,0.461738,0.556624,0.464154
0.853934,5.29686,0.0117977,57.3378,5.07434,14.0129,592.187,3031.45,1.01093,0.447378,0.313544,0.447259,0.461863,0.556749,0.464279
0.852494,5.30225,0.012637,57.4461,5.27268,14.0255,592.836,3030.69,1.01337,0.447503,0.313669,0.447384,0.461988,0.556874,0.464404
0.851022,5.30762,0.0134735,57.5708,5.51309,14.036,593.485,3029.93,1.01598,0.447628,0.313794,0.447509,0.462113,0.556999,0.464529
0.823206,5.31289,0.0105251,57.6766,5.70454,14.0465,594.135,3029.18,1.01877,0.447753,0.313919,0.447634,0.462238,0.557124,0.464654
0.821716,5.31828,0.0112797,57.7769,5.96885,14.0556,594.786,3028.43,1.02174,0.447878,0.314044,0.447759,0.462363,0.557249,0.464779
0.820191,5.32369,0.0120146,57.87,6.12129,14.0671,595.438,3027.69,1.02488,0.448003,0.314169,0.447884,0.462488,0.557374,0.464904
0.818632,5.32909,0.0127467,57.9697,6.27438,14.0835,596.092,3026.95,1.0282,0.448128,0.314294,0.448009,0.462613,0.557499,0.465029
0.791126,5.33447,0.0100668,58.0666,6.44824,14.0916,596.746,3026.22,1.0317,0.448253,0.314419,0.448134,0.462738,0.557624,0.465154
0.789577,5.33988,0.0107004,58.173,6.72664,14.1026,597.401,3025.49,1.03537,0.448378,0.314544,0.448259,0.462863,0.557749,0.465279
0.787944,5.24139,0.0113431,57.288,6.90192,13.7144,595.778,3022.14,1,0.448501,0.310923,0.448305,0.462966,0.557872,0.465264
0.786305,5.24671,0.011977,57.3889,7.09911,13.7242,596.427,3021.42,1.00137,0.448626,0.311048,0.44843,0.463091,0.557997,0.465389
0.758969,5.25202,0.00958905,57.4839,7.28376,13.733,597.078,3020.7,1.00291,0.448751,0.311173,0.448555,0.463216,0.558122,0.465514
0.757327,5.25735,0.0101397,57.5595,7.50183,13.7644,597.73,3020,1.00462,0.448876,0.311298,0.44868,0.463341,0.558247,0.465639
0.755629,5.26269,0.0106863,57.6302,7.58022,13.7797,598.382,3019.29,1.0065,0.449001,0.311422,0.448805,0.463466,0.558372,0.465764
0.753905,5.26803,0.0112183,57.7029,7.67068,13.7934,599.036,3018.58,1.00856,0.449126,0.311547,0.44893,0.463591,0.558497,0.465889
0.726499,5.27338,0.00909017,57.7795,7.73608,13.812,599.69,3017.88,1.01079,0.449251,0.311672,0.449055,0.463716,0.558622,0.466014
0.724766,5.27872,0.00954635,57.8795,8.00697,13.8153,600.346,3017.18,1.0132,0.449376,0.311797,0.44918,0.463841,0.558747,0.466139
0.722973,5.28408,0.0100091,57.9661,8.16629,13.823,601.002,3016.49,1.01578,0.449501,0.311922,0.449305,0.463966,0.558872,0.466264
0.721181,5.28943,0.0104372,58.0709,8.38006,13.8271,601.659,3015.8,1.01853,0.449626,0.312047,0.44943,0.464091,0.558997,0.466389
0.693714,5.29477,0.00855073,58.1574,8.54064,13.8339,602.318,3015.12,1.02145,0.449751,0.312172,0.449555,0.464216,0.559122,0.466514
0.691888,5.30014,0.00891335,58.2355,8.75472,13.85,602.977,3014.44,1.02455,0.449876,0.312297,0.44968,0.464341,0.559247,0.466639
0.690014,5.3055,0.00928824,58.3252,8.9077,13.8686,603.637,3013.76,1.02783,0.450001,0.312422,0.449805,0.464466,0.559372,0.466764
0.688118,5.31087,0.0096305,58.4068,9.03014,13.881,604.299,3013.09,1.03128,0.450126,0.312547,0.44993,0.464591,0.559497,0.466889
0.660335,5.31611,0.00797764,58.4982,9.17519,13.8941,604.961,3012.42,1.0349,0.450251,0.312672,0.450055,0.464716,0.559622,0.467014
0.658393,5.21912,0.0082421,57.5928,9.42979,13.5082,603.335,3008.63,1,0.450374,0.309154,0.450085,0.464819,0.559744,0.467028
0.656467,5.2244,0.00849437,57.6928,9.63909,13.5155,603.992,3007.98,1.00135,0.450499,0.309279,0.45021,0.464944,0.559869,0.467153
0.65448,5.22969,0.008762,57.7808,9.80386,13.5297,604.649,3007.32,1.00287,0.450624,0.309404,0.450335,0.465069,0.559994,0.467278
0.626687,5.23497,0.0073391,57.8787,10.0071,13.5369,605.308,3006.67,1.00455,0.450749,0.309529,0.45046,0.465194,0.560119,0.467403
0.624708,5.24027,0.00750449,57.9395,10.1848,13.5564,605.968,3006.03,1.00641,0.450874,0.309654,0.450585,0.465319,0.560244,0.467528
0.622708,5.24557,0.00766003,58.0182,10.2646,13.573,606.629,3005.38,1.00844,0.450999,0.309779,0.45071,0.465444,0.560369,0.467653
0.62066,5.25087,0.00782725,58.1051,10.3887,13.591,607.29,3004.74,1.01064,0.451124,0.309904,0.450835,0.465569,0.560494,0.467778
0.593079,5.25613,0.00663876,58.1751,10.461,13.604,607.953,3004.11,1.01301,0.451249,0.310029,0.45096,0.465694,0.560619,0.467903
0.591014,5.26144,0.00673493,58.2654,10.7814,13.6076,608.616,3003.47,1.01555,0.451374,0.310154,0.451085,0.465819,0.560744,0.468028
0.588922,5.26676,0.00681434,58.3518,10.9596,13.6124,609.281,3002.85,1.01826,0.451499,0.310279,0.45121,0.465944,0.560869,0.468153
0.5868,5.27208,0.00688374,58.4323,11.12,13.6269,609.946,3002.22,1.02114,0.451624,0.310404,0.451335,0.466069,0.560994,0.468278
0.558344,5.27741,0.00592732,58.5014,11.2553,13.6267,610.613,3001.61,1.02419,0.451749,0.310529,0.45146,0.466194,0.561119,0.468403
0.556206,5.28273,0.00592996,58.5241,11.4002,13.6985,611.28,3000.99,1.02742,0.451874,0.310654,0.451585,0.466319,0.561244,0.468528
0.554004,5.28807,0.00594011,58.5661,11.336,13.7212,611.949,3000.38,1.03083,0.451999,0.310779,0.45171,0.466444,0.561369,0.468653
0.551769,5.2934,0.00594394,58.6147,11.2477,13.7494,612.618,2999.76,1.03441,0.452124,0.310904,0.451835,0.466569,0.561494,0.468778
0.522034,5.19802,0.00513996,57.6795,11.1549,13.3916,610.987,2996.04,1,0.452246,0.30749,0.451867,0.46667,0.561617,0.468815
0.519811,5.20327,0.00504578,57.7403,11.2673,13.4073,611.65,2995.42,1.00133,0.452371,0.307615,0.451992,0.466795,0.561742,0.46894
0.517548,5.20852,0.00495237,57.8027,11.3333,13.4207,612.315,2994.8,1.00283,0.452496,0.30774,0.452117,0.46692,0.561867,0.469065
0.515269,5.21377,0.00483873,57.8709,11.4063,13.4385,612.98,2994.19,1.00451,0.452621,0.307865,0.452242,0.467045,0.561992,0.46919
0.484847,5.21888,0.0042063,57.9428,11.4893,13.4598,613.646,2993.57,1.00634,0.452746,0.30799,0.452367,0.46717,0.562117,0.469315
0.482545,5.22414,0.00403926,58.0148,11.7381,13.4844,614.313,2992.96,1.00835,0.452871,0.308115,0.452492,0.467295,0.562242,0.46944
0.480209,5.2294,0.00386163,58.098,11.9136,13.49,614.981,2992.36,1.01053,0.452996,0.30824,0.452617,0.46742,0.562367,0.469565
0.477828,5.23468,0.00367087,58.1524,12.0164,13.4951,615.65,2991.76,1.01288,0.453121,0.308365,0.452742,0.467545,0.562492,0.46969
0.44554,5.2399,0.00319778,58.2183,12.1454,13.5026,616.319,2991.16,1.0154,0.453246,0.30849,0.452867,0.46767,0.562617,0.469815
0.443135,5.24518,0.00296217,58.2532,12.4326,13.5457,616.99,2990.57,1.01809,0.453371,0.308615,0.452992,0.467795,0.562742,0.46994
0.44074,5.25045,0.00267882,58.3168,12.4174,13.5691,617.662,2989.98,1.02095,0.453496,0.30874,0.453117,0.46792,0.562867,0.470065
0.43832,5.25572,0.0023948,58.3882,12.4293,13.5959,618.334,2989.39,1.02398,0.453621,0.308865,0.453242,0.468045,0.562991,0.47019
0.403852,5.26054,0.00200578,58.438,12.4569,13.6113,619.008,2988.8,1.02719,0.453746,0.30899,0.453367,0.46817,0.563116,0.470315
0.401384,5.26584,0.00167502,58.5055,12.7219,13.6199,619.682,2988.22,1.03057,0.453871,0.309115,0.453492,0.468295,0.563241,0.47044
0.398878,5.27114,0.00133482,58.5661,12.8355,13.6244,620.358,2987.63,1.03411,0.453996,0.30924,0.453617,0.46842,0.563366,0.470565
0.396325,5.17682,0.0012,57.6614,12.9162,13.2496,618.707,2983.72,1,0.454117,0.305907,0.453642,0.46852,0.563489,0.470621
0.358915,5.18171,0.0012,57.7133,13.0099,13.2589,619.377,2983.14,1.00132,0.454242,0.306032,0.453766,0.468645,0.563614,0.470746
0.356366,5.18693,0.000800824,57.759,13.2516,13.2748,620.048,2982.57,1.00281,0.454367,0.306157,0.453891,0.46877,0.563739,0.470871
0.353827,5.19212,0.000381855,57.8382,13.2916,13.2928,620.719,2982,1.00446,0.454492,0.306282,0.454016,0.468895,0.563864,0.470996
0.351249,5.19733,-4.81918e-05,57.9055,13.3183,13.3078,621.392,2981.43,1.00628,0.454617,0.306407,0.454141,0.46902,0.563989,0.471121
0.309461,5.20219,0.0012,57.9604,13.3186,13.3192,622.065,2980.86,1.00827,0.454742,0.306532,0.454266,0.469145,0.564114,0.471246
0.306794,5.20742,0.000757571,58.0297,13.5327,13.3033,622.74,2980.29,1.01042,0.454867,0.306657,0.454391,0.46927,0.564239,0.471371
0.304111,5.21267,0.000286045,58.0809,13.6199,13.3092,623.415,2979.73,1.01274,0.454992,0.306782,0.454516,0.469395,0.564364,0.471496
0.30143,5.2179,-0.000201316,58.1539,13.7585,13.3142,624.091,2979.17,1.01523,0.455117,0.306907,0.454641,0.46952,0.564489,0.471621
0.254377,5.22244,0.0012,58.2219,13.8821,13.3183,624.768,2978.61,1.01788,0.455242,0.307032,0.454766,0.469645,0.564614,0.471746
0.251649,5.22769,0.000658195,58.2515,14.0481,13.3369,625.447,2978.06,1.0207,0.455367,0.307157,0.454891,0.46977,0.564739,0.471871
0.248904,5.23294,0.000108015,58.3028,14.0635,13.3517,626.126,2977.51,1.02369,0.455492,0.307282,0.455016,0.469895,0.564864,0.471996
0.246135,5.23819,-0.000453117,58.3534,14.0939,13.3674,626.806,2976.95,1.02685,0.455617,0.307407,0.455141,0.47002,0.564988,0.472121
0.194695,5.24264,0.0012,58.3983,14.1154,13.3809,627.487,2976.4,1.03018,0.455742,0.307532,0.455266,0.470145,0.565113,0.472246
0.191917,5.24788,0.00058678,58.4861,14.5463,13.35,628.168,2975.86,1.03367,0.455867,0.307657,0.455391,0.47027,0.565238,0.472371
0.189113,5.1551,0.0012,57.592,14.6344,12.9905,626.501,2971.97,1,0.455989,0.304422,0.455417,0.470368,0.565361,0.472442
0.186234,5.16029,0.000587949,57.6429,14.7237,12.9879,627.177,2971.44,1.0013,0.456114,0.304547,0.455542,0.470493,0.565486,0.472567
0.13293,5.16333,0.0012,57.7046,14.8433,12.9853,627.854,2970.9,1.00276,0.456239,0.304672,0.455667,0.470618,0.565611,0.472692
0.130045,5.16851,0.000534928,57.6857,15.104,13.037,628.532,2970.37,1.00438,0.456364,0.304797,0.455792,0.470742,0.565736,0.472817
0.127127,5.17373,-0.000160272,57.7117,15.0877,13.052,629.211,2969.84,1.00617,0.456489,0.304922,0.455917,0.470867,0.565861,0.472942
0.124271,5.17891,-0.000914057,57.7498,15.0119,13.0715,629.891,2969.31,1.00813,0.456614,0.305046,0.456042,0.470992,0.565986,0.473067
0.0695738,5.18327,0.0012,57.7856,15.0033,13.0906,630.571,2968.78,1.01024,0.456739,0.305171,0.456167,0.471117,0.56611,0.473192
0.0666481,5.18847,0.000432289,57.8199,15.1728,13.1049,631.252,2968.25,1.01253,0.456864,0.305296,0.456292,0.471242,0.566235,0.473317
0.0636809,5.1937,-0.000348261,57.8633,15.2328,13.1073,631.935,2967.72,1.01498,0.456989,0.305421,0.456417,0.471367,0.56636,0.473442
0.0606789,5.19891,-0.00111392,57.9171,15.3374,13.1088,632.618,2967.2,1.01759,0.457114,0.305546,0.456542,0.471492,0.566485,0.473567
0.00393106,5.20318,0.0012,57.968,15.4058,13.1116,633.302,2966.68,1.02037,0.457239,0.305671,0.456667,0.471617,0.56661,0.473692
0.000871326,5.20841,0.000408162,57.9893,15.4807,13.1117,633.987,2966.15,1.02331,0.457364,0.305796,0.456792,0.471742,0.566735,0.473817
-0.00212757,5.21362,-0.000452041,58.0308,15.5206,13.1175,634.672,2965.64,1.02641,0.457489,0.305921,0.456917,0.471867,0.56686,0.473942
-0.00509553,5.21882,-0.00135713,58.0796,15.5752,13.1302,635.359,2965.12,1.02968,0.457614,0.306046,0.457042,0.471992,0.566985,0.474067
0.0012,5.22373,0.0012,58.1203,15.552,13.1365,636.047,2964.6,1.03311,0.457739,0.306171,0.457166,0.472117,0.56711,0.474192
0.0012,5.13292,0.0012,57.2402,15.7827,12.782,634.36,2961.05,1,0.457861,0.303048,0.457202,0.472211,0.567233,0.474275
-0.0019451,5.13812,0.000288873,57.2879,15.8502,12.7657,635.042,2960.53,1.00128,0.457986,0.303173,0.457327,0.472336,0.567358,0.4744
-0.00501186,5.14324,-0.000661149,57.3466,15.9589,12.7631,635.725,2960.02,1.00271,0.458111,0.303298,0.457452,0.472461,0.567483,0.474525
0.0012,5.14705,0.0012,57.4043,16.0724,12.7654,636.409,2959.51,1.00431,0.458236,0.303423,0.457577,0.472586,0.567608,0.47465
-0.00188482,5.15218,0.000204138,57.3841,16.2661,12.7795,637.094,2959.01,1.00607,0.458361,0.303548,0.457702,0.472711,0.567733,0.474775
-0.00496229,5.15733,-0.000838429,57.4172,16.2677,12.7889,637.779,2958.5,1.00798,0.458486,0.303673,0.457827,0.472836,0.567858,0.4749
-0.00808882,5.16248,-0.00186313,57.4457,16.2397,12.7986,638.465,2958,1.01006,0.458611,0.303798,0.457952,0.472961,0.567983,0.475025
0.0012,5.16716,0.0012,57.4678,16.2081,12.8085,639.152,2957.5,1.0123,0.458736,0.303923,0.458077,0.473086,0.568108,0.47515
-0.00194758,5.17231,0.000143809,57.5024,16.3226,12.7968,639.84,2957,1.0147,0.458861,0.304048,0.458202,0.473211,0.568233,0.475275
-0.00514955,5.17751,-0.000930307,57.5286,16.3595,12.7961,640.529,2956.5,1.01725,0.458986,0.304173,0.458327,0.473336,0.568358,0.4754
-0.00831247,5.18265,-0.00201808,57.5667,16.4132,12.7957,641.218,2956,1.01997,0.459111,0.304298,0.458452,0.473461,0.568483,0.475525
0.0012,5.18704,0.0012,57.5845,16.4222,12.7931,641.909,2955.5,1.02285,0.459236,0.304423,0.458577,0.473586,0.568608,0.47565
-0.00199428,5.19219,8.76748e-05,57.6258,16.6181,12.7947,642.6,2955,1.02588,0.459361,0.304548,0.458702,0.473711,0.568733,0.475775
-0.00524495,5.19736,-0.00102747,57.6652,16.6807,12.7958,643.292,2954.51,1.02908,0.459486,0.304673,0.458827,0.473836,0.568858,0.4759
-0.00855408,5.20258,-0.00214639,57.7004,16.7373,12.7935,643.985,2954.02,1.03244,0.459611,0.304798,0.458952,0.473961,0.568983,0.476025
0.0012,5.11392,0.0012,56.8281,16.7439,12.452,642.287,2950.38,1,0.459732,0.301802,0.458986,0.474051,0.569105,0.476117
-0.00209956,5.11903,3.41106e-05,56.7985,16.9459,12.4219,642.975,2949.89,1.00125,0.459857,0.301927,0.459111,0.474176,0.56923,0.476242
-0.00536682,5.12408,-0.00114126,56.8281,16.9282,12.4301,643.663,2949.4,1.00265,0.459982,0.302052,0.459236,0.474301,0.569355,0.476367
-0.00870056,5.12919,-0.00232888,56.8531,16.904,12.4357,644.352,2948.91,1.00421,0.460107,0.302177,0.459361,0.474426,0.56948,0.476492
0.0012,5.13399,0.0012,56.8623,16.8938,12.4382,645.042,2948.43,1.00592,0.460232,0.302302,0.459486,0.474551,0.569605,0.476617
-0.00222906,5.13919,-4.10167e-05,56.8938,16.9488,12.4026,645.732,2947.94,1.00779,0.460357,0.302427,0.459611,0.474676,0.56973,0.476742
-0.00567405,5.14439,-0.00128457,56.914,16.9631,12.3926,646.424,2947.45,1.00981,0.460482,0.302552,0.459736,0.474801,0.569855,0.476867
-0.00907464,5.14954,-0.00254846,56.94,16.9952,12.3894,647.116,2946.96,1.01199,0.460607,0.302677,0.459861,0.474926,0.56998,0.476992
0.0012,5.15425,0.0012,56.9761,17.047,12.3831,647.809,2946.48,1.01432,0.460732,0.302802,0.459985,0.475051,0.570105,0.477117
-0.00228899,5.15945,-7.65208e-05,57.0202,17.0763,12.3482,648.503,2945.99,1.0168,0.460857,0.302927,0.46011,0.475176,0.57023,0.477242
-0.0056782,5.16457,-0.00138763,57.0505,17.046,12.3586,649.198,2945.51,1.01944,0.460982,0.303052,0.460235,0.475301,0.570355,0.477367
-0.00917974,5.16977,-0.00269941,57.0679,17.0364,12.3649,649.894,2945.02,1.02223,0.461107,0.303177,0.46036,0.475426,0.57048,0.477492
0.0012,5.17412,0.0012,57.0793,17.0086,12.3684,650.59,2944.53,1.02517,0.461232,0.303302,0.460485,0.475551,0.570605,0.477617
-0.00234257,5.17934,-0.000130901,57.0965,16.9925,12.3423,651.288,2944.05,1.02827,0.461357,0.303427,0.46061,0.475676,0.57073,0.477742
-0.00580447,5.18448,-0.001477,57.1242,17.031,12.3431,651.986,2943.56,1.03153,0.461482,0.303552,0.460735,0.475801,0.570855,0.477867
0.0012,5.09958,0.0012,56.2839,17.0306,12.0227,650.288,2939.79,1,0.461601,0.300713,0.460766,0.475888,0.570976,0.477966
0.0012,5.1045,0.0012,56.3144,17.0587,12.0103,650.981,2939.31,1.00121,0.461726,0.300838,0.460891,0.476013,0.571101,0.478091
-0.0023512,5.10959,-0.000167503,56.3049,17.2478,12.0039,651.674,2938.82,1.00257,0.461851,0.300963,0.461016,0.476138,0.571226,0.478216
-0.00582301,5.11463,-0.00159568,56.3273,17.2095,12.0141,652.369,2938.34,1.00408,0.461976,0.301088,0.461141,0.476263,0.571351,0.478341
-0.00939317,5.11975,-0.00301155,56.3397,17.2086,12.0225,653.064,2937.86,1.00574,0.462101,0.301213,0.461266,0.476388,0.571476,0.478466
0.0012,5.12476,0.0012,56.3589,17.191,12.0339,653.76,2937.38,1.00755,0.462226,0.301338,0.461391,0.476513,0.571601,0.478591
-0.00246582,5.12994,-0.000228098,56.4043,17.1679,11.9819,654.457,2936.9,1.00951,0.462351,0.301463,0.461516,0.476638,0.571726,0.478716
-0.00605084,5.13508,-0.00171746,56.4345,17.177,11.9706,655.154,2936.41,1.01162,0.462476,0.301588,0.461641,0.476763,0.571851,0.478841
-0.00972448,5.14025,-0.00317235,56.4672,17.1883,11.9531,655.853,2935.93,1.01387,0.462601,0.301713,0.461766,0.476888,0.571976,0.478966
0.0012,5.14494,0.0012,56.5072,17.2363,11.9468,656.552,2935.45,1.01627,0.462726,0.301838,0.461891,0.477013,0.572101,0.479091
-0.00243207,5.14999,-0.000219126,56.4411,17.1493,11.9596,657.252,2934.96,1.01883,0.462851,0.301963,0.462016,0.477138,0.572226,0.479216
-0.00610527,5.15516,-0.00173864,56.4281,17.1687,11.9673,657.953,2934.48,1.02153,0.462976,0.302088,0.462141,0.477263,0.572351,0.479341
-0.00968937,5.16026,-0.00329802,56.4311,17.1894,11.9757,658.654,2934,1.02439,0.463101,0.302213,0.462266,0.477388,0.572476,0.479466
0.0012,5.16519,0.0012,56.455,17.164,11.984,659.356,2933.51,1.02739,0.463226,0.302338,0.462391,0.477513,0.572601,0.479591
-0.00264348,5.17044,-0.000273776,56.4644,17.0817,11.9499,660.059,2933.03,1.03054,0.463351,0.302463,0.462516,0.477638,0.572726,0.479716
0.0012,5.08925,0.0012,55.6405,17.0352,11.648,658.358,2929.3,1,0.463472,0.299786,0.462548,0.477719,0.572848,0.479821
-0.00254184,5.09436,-0.000362968,55.6457,17.0393,11.6421,659.056,2928.81,1.00117,0.463597,0.299911,0.462673,0.477844,0.572973,0.479946
0.0012,5.0993,0.0012,55.6682,17.0438,11.6352,659.754,2928.33,1.00249,0.463722,0.300036,0.462798,0.477969,0.573098,0.480071
-0.00258162,5.1044,-0.000344848,55.7018,16.9907,11.5756,660.453,2927.84,1.00395,0.463847,0.300161,0.462923,0.478094,0.573223,0.480196
-0.00633374,5.10947,-0.0019024,55.7158,16.9858,11.5768,661.153,2927.35,1.00556,0.463972,0.300286,0.463048,0.478219,0.573348,0.480321
-0.0102212,5.11466,-0.00346456,55.7107,16.9852,11.5721,661.854,2926.86,1.0073,0.464097,0.300411,0.463173,0.478344,0.573473,0.480446
0.0012,5.11873,0.0012,55.7247,16.9755,11.5732,662.556,2926.37,1.0092,0.464222,0.300536,0.463298,0.478469,0.573598,0.480571
-0.00256439,5.12378,-0.000376614,55.7566,17.2138,11.5027,663.258,2925.89,1.01123,0.464347,0.300661,0.463423,0.478594,0.573723,0.480696
-0.00637773,5.12883,-0.00192341,55.7782,17.2211,11.498,663.961,2925.4,1.01341,0.464472,0.300786,0.463548,0.478719,0.573848,0.480821
-0.0102187,5.1339,-0.00348312,55.7988,17.2215,11.4906,664.665,2924.92,1.01572,0.464597,0.300911,0.463673,0.478844,0.573973,0.480946
0.0012,5.13665,0.0012,55.8158,17.2228,11.4871,665.37,2924.43,1.01819,0.464722,0.301036,0.463798,0.478969,0.574098,0.481071
-0.00264429,5.14176,-0.000432153,55.8378,16.8444,11.4117,666.076,2923.95,1.02079,0.464847,0.301161,0.463923,0.479094,0.574223,0.481196
-0.00648056,5.1468,-0.00201661,55.8607,16.8396,11.4169,666.782,2923.45,1.02352,0.464972,0.301286,0.464048,0.479219,0.574348,0.481321
-0.0103953,5.15191,-0.00360875,55.8703,16.8439,11.4186,667.49,2922.96,1.02641,0.465097,0.301411,0.464173,0.479344,0.574473,0.481446
0.0012,5.15322,0.0012,55.8722,16.8685,11.4179,668.198,2922.47,1.02943,0.465222,0.301536,0.464298,0.479469,0.574598,0.481571
0.0012,5.07616,0.0012,55.1842,16.6809,10.9132,666.499,2918.7,1,0.465342,0.299037,0.464328,0.479543,0.574719,0.481681
-0.00288262,5.08123,-0.000308847,55.1957,16.6425,10.9014,667.202,2918.2,1.00111,0.465467,0.299162,0.464453,0.479668,0.574844,0.481806
-0.00691801,5.08629,-0.00188496,55.2102,16.6245,10.8885,667.905,2917.7,1.00236,0.465592,0.299287,0.464578,0.479793,0.574969,0.481931
0.0012,5.08804,0.0012,55.2221,16.615,10.878,668.61,2917.19,1.00375,0.465717,0.299412,0.464703,0.479918,0.575094,0.482056
-0.00285736,5.0931,-0.000377987,55.2184,16.7708,10.7896,669.315,2916.69,1.00526,0.465842,0.299537,0.464828,0.480043,0.575219,0.482181
-0.00697303,5.09817,-0.00193516,55.2103,16.8098,10.786,670.021,2916.19,1.00691,0.465967,0.299662,0.464953,0.480168,0.575344,0.482306
-0.0111218,5.10325,-0.00348489,55.2066,16.8605,10.786,670.728,2915.69,1.00869,0.466092,0.299787,0.465078,0.480293,0.575469,0.482431
0.0012,5.10395,0.0012,55.1976,16.8864,10.7865,671.435,2915.19,1.01061,0.466217,0.299912,0.465203,0.480418,0.575594,0.482556
-0.00294533,5.10904,-0.000388303,55.2882,16.552,10.5954,672.144,2914.68,1.01265,0.466342,0.300037,0.465328,0.480543,0.575719,0.482681
-0.00702178,5.11411,-0.00205217,55.2877,16.5234,10.5826,672.853,2914.17,1.01482,0.466467,0.300162,0.465453,0.480668,0.575844,0.482806
-0.0111664,5.1192,-0.00367389,55.3001,16.5153,10.5772,673.563,2913.66,1.01712,0.466592,0.300287,0.465578,0.480793,0.575969,0.482931
0.0012,5.11575,0.0012,55.3155,16.5118,10.5728,674.273,2913.15,1.01955,0.466717,0.300412,0.465703,0.480918,0.576094,0.483056
-0.00297845,5.12083,-0.000403011,55.291,15.9199,10.4109,674.985,2912.63,1.0221,0.466842,0.300537,0.465828,0.481043,0.576219,0.483181
-0.00707305,5.1259,-0.00209931,55.279,15.9088,10.411,675.697,2912.11,1.02477,0.466967,0.300662,0.465953,0.481168,0.576344,0.483306
-0.0112705,5.13103,-0.00374914,55.2739,15.9095,10.4152,676.409,2911.58,1.02757,0.467092,0.300787,0.466078,0.481293,0.576469,0.483431
0.0012,5.04791,0.0012,54.5222,15.8772,10.1792,674.737,2907.65,1,0.467214,0.298547,0.466102,0.481355,0.576593,0.483546
-0.00306656,5.05296,-0.000396496,54.5737,15.101,10.0469,675.445,2907.11,1.00104,0.467339,0.298672,0.466227,0.48148,0.576718,0.483671
-0.00737049,5.05806,-0.00201096,54.5842,15.0889,10.0373,676.153,2906.57,1.0022,0.467464,0.298797,0.466352,0.481605,0.576843,0.483796
-0.0116347,5.06306,-0.00357866,54.5842,15.0376,10.0236,676.862,2906.02,1.00349,0.467589,0.298922,0.466477,0.48173,0.576968,0.483921
0.0012,5.05047,0.0012,54.5926,14.9906,10.0046,677.572,2905.48,1.00489,0.467714,0.299047,0.466602,0.481855,0.577093,0.484046
-0.00317627,5.05559,-0.000395579,54.4823,13.9456,9.81291,678.282,2904.92,1.00642,0.467839,0.299172,0.466727,0.48198,0.577218,0.484171
-0.00744313,5.0606,-0.00200261,54.4685,13.9671,9.81232,678.992,2904.35,1.00806,0.467964,0.299297,0.466852,0.482105,0.577343,0.484296
-0.0119321,5.06584,-0.00363268,54.4626,13.9601,9.82027,679.703,2903.78,1.00983,0.468089,0.299422,0.466976,0.48223,0.577468,0.484421
0.0012,5.04992,0.0012,54.4318,14.0206,9.82312,680.415,2903.22,1.01171,0.468214,0.299547,0.467101,0.482355,0.577593,0.484546
-0.00361131,5.05526,-0.000232339,54.6976,13.6509,9.40164,681.128,2902.64,1.0137,0.468339,0.299672,0.467226,0.48248,0.577718,0.484671
-0.00825635,5.06046,-0.00169138,54.7107,13.617,9.38715,681.841,2902.05,1.01578,0.468464,0.299797,0.467351,0.482605,0.577843,0.484796
-0.0126997,5.06542,-0.00312801,54.7068,13.5456,9.37415,682.556,2901.46,1.01798,0.468589,0.299922,0.467476,0.48273,0.577968,0.484921
0.0012,5.04977,0.0012,54.7141,13.4985,9.35759,683.271,2900.87,1.02029,0.468714,0.300047,0.467601,0.482855,0.578093,0.485046
-0.00340076,5.0549,-0.000280077,54.0447,12.9579,8.81074,683.985,2900.27,1.02268,0.468839,0.300172,0.467726,0.48298,0.578218,0.485171
-0.00811173,5.06016,-0.00178309,54.0291,12.9887,8.81531,684.698,2899.67,1.02515,0.468964,0.300297,0.467851,0.483105,0.578343,0.485296
0.0012,4.99847,0.0012,53.3472,12.9821,8.63913,683.05,2894.9,1,0.469088,0.298391,0.467845,0.483141,0.578468,0.485417
0.0012,4.98754,0.0012,53.3152,13.0268,8.64537,683.758,2894.3,1.00091,0.469213,0.298516,0.46797,0.483266,0.578593,0.485542
-0.00367256,4.99287,-0.000296415,53.5004,12.1498,8.38284,684.466,2893.68,1.00193,0.469338,0.298641,0.468094,0.483391,0.578718,0.485667
-0.00813218,4.99776,-0.00177493,53.5043,12.0844,8.36548,685.176,2893.05,1.00304,0.469463,0.298766,0.468219,0.483516,0.578843,0.485792
-0.0125415,5.00275,-0.00340334,53.5077,12.0227,8.34975,685.887,2892.41,1.00425,0.469588,0.298891,0.468344,0.483641,0.578968,0.485917
0.0012,4.99809,0.0012,53.5169,11.9652,8.32985,686.599,2891.78,1.00557,0.469713,0.299016,0.468469,0.483766,0.579093,0.486042
-0.00360509,5.00328,-0.000245631,52.1138,12.1614,7.58499,687.307,2891.14,1.00695,0.469838,0.299141,0.468594,0.483891,0.579217,0.486167
-0.00813235,5.00818,-0.00168718,52.0826,12.2373,7.58859,688.011,2890.51,1.00839,0.469963,0.299266,0.468719,0.484015,0.579342,0.486292
-0.0126217,5.01309,-0.0031939,52.0626,12.3213,7.58594,688.716,2889.88,1.00993,0.470088,0.299391,0.468844,0.48414,0.579467,0.486417
0.0012,5.00962,0.0012,52.0304,12.3878,7.59071,689.422,2889.25,1.01156,0.470213,0.299516,0.468969,0.484265,0.579592,0.486542
-0.00341753,5.01463,-0.000283351,52.0664,11.9413,7.53165,690.128,2888.62,1.01328,0.470338,0.299641,0.469094,0.48439,0.579717,0.486667
-0.00829727,5.01999,-0.00185634,52.0724,11.8949,7.52224,690.836,2887.98,1.01509,0.470463,0.299766,0.469219,0.484515,0.579842,0.486792
-0.0137614,5.02571,-0.0032145,52.0819,11.8901,7.51527,691.544,2887.34,1.017,0.470588,0.299891,0.469344,0.48464,0.579967,0.486917
0.0012,5.02456,0.0012,52.0729,11.8197,7.50776,692.253,2886.69,1.019,0.470713,0.300016,0.469469,0.484765,0.580092,0.487042
-0.00355305,5.02975,-0.000345606,51.7637,10.2666,6.43445,692.96,2886.03,1.021,0.470838,0.300141,0.469594,0.48489,0.580217,0.487167
0.0012,4.98405,0.0012,51.2055,10.2408,6.32201,691.307,2879.08,1,0.470963,0.298806,0.469501,0.484836,0.580335,0.487288
-0.00368177,4.98944,-0.000462756,51.1798,10.2983,6.32297,692.007,2878.4,1.00071,0.471088,0.298931,0.469626,0.484961,0.58046,0.487413
0.0012,4.99163,0.0012,51.1617,10.2993,6.3226,692.707,2877.72,1.0015,0.471213,0.299056,0.469751,0.485086,0.580585,0.487538
-0.00406177,4.9972,-0.000272475,51.6726,7.10776,5.78545,693.409,2876.99,1.00235,0.471338,0.299181,0.469876,0.485211,0.58071,0.487663
-0.00795986,5.00157,-0.00191191,51.655,6.99948,5.77622,694.113,2876.21,1.00324,0.471463,0.299306,0.470001,0.485336,0.580835,0.487788
-0.012961,5.00676,-0.00327676,51.6619,6.95909,5.76479,694.817,2875.43,1.00421,0.471588,0.299431,0.470126,0.485461,0.58096,0.487913
0.0012,5.01138,0.0012,51.6591,6.89988,5.75468,695.522,2874.65,1.00525,0.471713,0.299556,0.470251,0.485586,0.581085,0.488038
-0.00364078,5.01633,-9.33465e-05,50.7934,1.08158,4.44153,696.223,2873.8,1.00628,0.471838,0.299681,0.470376,0.485711,0.58121,0.488163
-0.00804884,5.02101,-0.00154811,50.7575,1.15868,4.44019,696.92,2872.87,1.00728,0.471963,0.299806,0.470501,0.485836,0.581335,0.488288
-0.0123811,5.02541,-0.00280949,50.7146,1.22369,4.43838,697.618,2871.94,1.00834,0.472088,0.299931,0.470626,0.485961,0.58146,0.488413
0.0012,5.03069,0.0012,50.6883,1.27593,4.43833,698.317,2871.01,1.00946,0.472213,0.300056,0.470751,0.486086,0.581585,0.488538
-0.00318059,5.03549,-0.000415843,51.4063,-6.72041,3.89742,699.017,2869.98,1.01058,0.472338,0.300181,0.470876,0.486211,0.58171,0.488663
-0.0083699,5.04107,-0.00200018,51.4075,-6.79086,3.89196,699.719,2868.84,1.0117,0.472463,0.300306,0.471001,0.486336,0.581835,0.488788
-0.013874,5.0469,-0.00350678,51.4211,-6.83979,3.88477,700.421,2867.71,1.01286,0.472588,0.300431,0.471126,0.486461,0.58196,0.488913
0.0012,5.04997,0.0012,51.4152,0.05,3.8802,701.125,2866.57,1.01408,0.472713,0.300556,0.471251,0.486586,0.582085,0.489038
0.0012,5.02741,0.0012,47.5342,0.05,2.53308,699.609,2864.61,1,0.472833,0.300105,0.471349,0.486297,0.582208,0.489159
-0.00389559,5.0327,-0.000201828,47.5033,0.123656,2.53529,700.287,2863.34,1.00027,0.472958,0.30023,0.471474,0.486422,0.582333,0.489284
-0.00868647,5.03752,-0.00144733,47.4571,0.200333,2.5368,700.965,2862.07,1.00058,0.473083,0.300355,0.471599,0.486547,0.582458,0.489409
0.0012,5.03421,0.0012,47.4174,0.284717,2.53781,701.644,2860.81,1.00091,0.473208,0.30048,0.471724,0.486672,0.582583,0.489534
-0.00385463,5.03918,7.94485e-05,48.2521,-7.6724,2.66724,702.325,2859.43,1.00126,0.473333,0.300604,0.471849,0.486797,0.582708,0.489659
-0.00871831,5.04409,-0.00118008,48.236,-7.77589,2.67135,703.008,2857.95,1.00162,0.473458,0.300729,0.471974,0.486922,0.582833,0.489784
-0.0138519,5.04942,-0.00258943,48.2325,-7.8552,2.6745,703.692,2856.46,1.00201,0.473583,0.300854,0.472099,0.487047,0.582958,0.489909
0.0012,5.04177,0.0012,48.2177,0.05,2.67806,704.376,2854.97,1.00243,0.473708,0.300979,0.472224,0.487172,0.583082,0.490034
-0.00438087,5.04682,0.00052012,46.7416,-11.2046,5.81006,705.047,2853.32,1.00282,0.473833,0.301104,0.472349,0.487297,0.583207,0.490159
-0.00923435,5.05191,-0.000927146,46.7054,-11.1061,5.81493,705.703,2851.51,1.00321,0.473958,0.301229,0.472474,0.487422,0.583332,0.490284
-0.0145663,5.05737,-0.0022704,46.6785,-11.0437,5.81787,706.361,2849.71,1.00366,0.474083,0.301354,0.472599,0.487547,0.583457,0.490409
0.0012,5.04474,0.0012,46.6416,0.05,5.82042,707.019,2847.9,1.00419,0.474208,0.301479,0.472724,0.487672,0.583582,0.490534
-0.00396138,5.04992,-2.33206e-05,47.1493,-5.91701,6.45006,707.679,2846.02,1.00479,0.474333,0.301604,0.472849,0.487797,0.583707,0.490659
-0.0091322,5.05502,-0.00115615,47.1391,-6.01807,6.46934,708.34,2844.05,1.00546,0.474458,0.301729,0.472974,0.487922,0.583832,0.490784
-0.0141516,5.0601,-0.00241948,47.1148,-6.14471,6.48523,709.001,2842.08,1.00621,0.474583,0.301854,0.473099,0.488047,0.583957,0.490909
0.0012,5.04461,0.0012,47.062,0.05,6.47946,707.99,2819.32,1,0.474698,0.301789,0.47235,0.486848,0.583844,0.490961
-0.00419048,5.04967,0.000337602,38.4389,-1.65876,22.5842,708.615,2817.3,1.00041,0.474823,0.301914,0.472475,0.486973,0.583969,0.491086
-0.0096408,5.05498,-0.000716589,38.4015,-1.53722,22.5956,709.205,2815.23,1.00113,0.474948,0.302039,0.4726,0.487098,0.584094,0.491211
-0.0145523,5.06013,-0.00214292,38.3671,-1.44141,22.5996,709.795,2813.16,1.00214,0.475073,0.302164,0.472725,0.487223,0.584219,0.491336
0.0012,5.04094,0.0012,38.3381,0.05,22.6037,710.385,2811.1,1.00342,0.475198,0.302289,0.47285,0.487348,0.584344,0.491461
-0.00420731,5.04632,4.15352e-05,38.4515,-1.67776,23.2072,710.977,2809.01,1.005,0.475323,0.302414,0.472975,0.487473,0.584469,0.491586
-0.0101262,5.05202,-0.000924284,38.4272,-1.79194,23.2481,711.568,2806.9,1.00688,0.475448,0.302539,0.4731,0.487598,0.584594,0.491711
-0.014739,5.0563,-0.00177116,38.4267,-1.8407,23.2819,712.161,2804.78,1.00905,0.475573,0.302664,0.473225,0.487723,0.584719,0.491836
0.0012,5.03719,0.0012,38.4159,0.05,23.3105,712.754,2802.67,1.01151,0.475698,0.302789,0.47335,0.487848,0.584844,0.491961
-0.0046358,5.04284,0.000210419,41.7392,-13.8318,45.6999,713.337,2800.36,1.01485,0.475823,0.302914,0.473475,0.487973,0.584969,0.492086
-0.0102705,5.04833,-0.000821842,41.7029,-13.7429,45.7014,713.911,2797.86,1.01929,0.475948,0.303039,0.4736,0.488098,0.585094,0.492211
-0.0151794,5.053,-0.00176206,41.6834,-13.6607,45.7203,714.486,2795.36,1.02429,0.476073,0.303163,0.473725,0.488223,0.585219,0.492336
0.0012,5.03964,0.0012,41.6494,0.05,45.7261,715.061,2792.87,1.02987,0.476198,0.303288,0.47385,0.488348,0.585344,0.492461
-0.00549664,5.04628,9.46163e-05,44.1643,-47.5627,63.8689,715.641,2789.7,1.03653,0.476323,0.303413,0.473975,0.488473,0.585469,0.492586
-0.0118523,5.05267,-0.00110784,44.1363,-47.6691,63.9501,716.228,2785.84,1.04443,0.476448,0.303538,0.4741,0.488598,0.585594,0.492711
0.0012,4.95264,0.0012,43.9045,0.05,61.8887,715.769,2732.73,1,0.475929,0.296626,0.47182,0.483671,0.585083,0.49208
0.0012,4.94599,0.0012,43.8693,0.05,61.9588,716.359,2728.85,1.00332,0.476054,0.296751,0.471945,0.483796,0.585208,0.492205
-0.00369795,4.95074,7.64657e-05,44.1459,1.54025,101.327,716.926,2724.81,1.00808,0.476179,0.296876,0.47207,0.483921,0.585333,0.49233
-0.00733205,4.95461,-0.00143012,44.1299,1.60307,101.34,717.472,2720.61,1.01464,0.476304,0.297001,0.472195,0.484046,0.585458,0.492455
-0.0118046,4.95912,-0.00272644,44.1092,1.68235,101.35,718.019,2716.42,1.02248,0.476429,0.297126,0.47232,0.484171,0.585583,0.49258
0.0012,4.95782,0.0012,44.0913,1.76191,101.366,718.566,2712.22,1.03158,0.476554,0.297251,0.472445,0.484296,0.585708,0.492705
-0.00369849,4.96254,0.000124832,46.0876,-26.6824,129.975,719.119,2707.49,1.04264,0.476679,0.297376,0.47257,0.484421,0.585833,0.49283
-0.00802453,4.96596,-0.000218546,46.0739,-26.7549,130.054,719.679,2702.23,1.05593,0.476804,0.297501,0.472695,0.484546,0.585958,0.492955
-0.012863,4.97109,-0.00174659,46.05,-26.8299,130.152,720.24,2696.97,1.07086,0.476929,0.297626,0.47282,0.484671,0.586083,0.49308
0.0012,4.97501,0.0012,46.0298,0.05,130.248,720.801,2691.7,1.08741,0.477054,0.297751,0.472944,0.484796,0.586208,0.493205
-0.00454516,4.98095,-0.000231716,53.9461,9.68593,220.078,721.333,2686.09,1.10867,0.477179,0.297876,0.473069,0.484921,0.586333,0.49333
-0.00970505,4.98619,-0.00153254,53.9343,9.77362,220.088,721.835,2680.16,1.13546,0.477304,0.298001,0.473194,0.485046,0.586458,0.493455
-0.0140591,4.99084,-0.00304828,53.9211,9.85228,220.063,722.338,2674.22,1.165,0.477429,0.298126,0.473319,0.485171,0.586583,0.49358
0.0012,4.99506,0.0012,53.9129,9.9323,220.077,722.841,2668.29,1.1973,0.477554,0.298251,0.473444,0.485296,0.586708,0.493704
-0.00542876,5.00127,0.000417184,54.541,-20.3075,264.644,723.353,2661.65,1.23407,0.477679,0.298376,0.473569,0.485421,0.586833,0.493829
0.0012,4.432,0.0012,52.7415,0.05,222.483,723.851,2647.04,1,0.476598,0.263151,0.473574,0.474238,0.586931,0.491702
-0.00472181,4.43669,0.000482076,52.7216,-0.0207919,222.596,724.371,2639.64,1.01359,0.476723,0.263276,0.473699,0.474363,0.587056,0.491827
0.0012,4.42018,0.0012,52.707,0.05,222.713,724.893,2632.22,1.02997,0.476848,0.263401,0.473824,0.474488,0.587181,0.491952
-0.00417393,4.42526,-0.000439157,72.5724,35.563,379.134,725.366,2624.44,1.05236,0.476973,0.263526,0.473949,0.474613,0.587306,0.492077
-0.00997297,4.43086,-0.00215936,72.5775,35.6536,379.142,725.79,2616.29,1.08222,0.477098,0.263651,0.474074,0.474738,0.587431,0.492202
-0.0145418,4.43486,-0.00350553,72.5855,35.7234,379.142,726.216,2608.14,1.11682,0.477223,0.263776,0.474199,0.474863,0.587556,0.492327
0.0012,4.40914,0.0012,72.5929,35.8293,379.185,726.642,2599.99,1.15616,0.477348,0.263901,0.474324,0.474988,0.587681,0.492452
-0.00400646,4.41351,0.000139498,70.6573,20.6338,420.319,727.075,2591.3,1.20144,0.477473,0.264026,0.474449,0.475113,0.587806,0.492577
-0.00897581,4.41786,-0.0011334,70.6373,20.5945,420.476,727.515,2582.06,1.25305,0.477598,0.264151,0.474574,0.475238,0.587931,0.492702
-0.0132407,4.42203,-0.00291818,70.616,20.5612,420.635,727.955,2572.82,1.30992,0.477723,0.264276,0.474699,0.475363,0.588055,0.492827
0.0012,4.37924,0.0012,70.5958,20.5199,420.842,728.396,2563.58,1.37207,0.477848,0.264401,0.474824,0.475488,0.58818,0.492952
-0.00316925,4.38344,-0.000484065,131.168,102.058,911.476,728.754,2553.94,1.45488,0.477973,0.264526,0.474949,0.475613,0.588305,0.493077
-0.00807438,4.38794,-0.00193297,131.173,102.125,911.492,729.028,2543.92,1.56297,0.478098,0.264651,0.475074,0.475738,0.58843,0.493202
-0.0139114,4.39234,-0.00232887,131.182,102.209,911.545,729.303,2533.9,1.68245,0.478223,0.264776,0.475199,0.475863,0.588555,0.493327
0.0012,4.33463,0.0012,131.183,102.265,911.573,729.581,2523.88,1.81332,0.478348,0.264901,0.475324,0.475988,0.58868,0.493452
0.0012,2.87524,0.0012,128.991,0.05,601.891,728.51,2138.68,1,0.47826,0.180567,0.46109,0.459978,0.587945,0.487905
-0.00382723,2.87732,0.000586,128.961,-0.00611384,602.058,728.802,2126.8,1.03514,0.478385,0.180692,0.461215,0.460103,0.588069,0.48803
-0.00788088,2.87992,-0.00151195,128.922,-0.0532659,602.231,729.095,2114.92,1.0778,0.47851,0.180817,0.46134,0.460228,0.588194,0.488155
0.0012,2.41801,0.0012,128.886,0.05,602.393,729.39,2103.04,1.128,0.478635,0.180942,0.461465,0.460353,0.588319,0.48828
-0.00283308,2.41894,0.000772362,253.669,61.5014,1735.65,729.513,2091.24,1.20269,0.47876,0.181067,0.46159,0.460478,0.588444,0.488405
-0.00893013,2.42344,-0.00114977,253.668,61.5928,1735.77,729.464,2079.53,1.31251,0.478885,0.181192,0.461715,0.460603,0.588569,0.48853
-0.00903791,2.42156,-0.00266571,253.671,61.7224,1735.89,729.419,2067.82,1.44402,0.47901,0.181317,0.46184,0.460728,0.588694,0.488655
0.0012,1.95714,0.0012,253.684,61.7928,1735.92,729.376,2056.12,1.59724,0.479135,0.181442,0.461965,0.460853,0.588819,0.48878
-0.00135104,1.95726,0.000144878,252.653,53.6562,1767.02,729.339,2044.26,1.77289,0.47926,0.181567,0.46209,0.460978,0.588944,0.488905
0.0032422,1.95081,-0.00147923,252.615,53.5298,1767.38,729.306,2032.24,1.97128,0.479385,0.181692,0.462215,0.461103,0.589069,0.48903
-0.00227989,1.95515,-0.00375849,252.578,53.4701,1767.78,729.277,2020.21,2.19179,0.47951,0.181817,0.46234,0.461228,0.589194,0.489155
0.0012,1.48656,0.0012,252.538,53.3818,1768.23,729.251,2008.18,2.43442,0.479635,0.181942,0.462465,0.461353,0.589319,0.48928
-0.00518102,1.48935,0.00134442,1230.14,9.43656,2583.56,728.952,1995.4,2.76249,0.47976,0.182067,0.46259,0.461478,0.589444,0.489405
-0.00787187,1.48916,0.000787452,1230.72,9.38365,2583.21,728.389,1981.87,3.18368,0.479885,0.182192,0.462715,0.461603,0.589569,0.48953
-0.00230579,1.48281,-0.00185412,1231.23,9.33536,2583.34,727.842,1968.34,3.63716,0.48001,0.182317,0.46284,0.461728,0.589694,0.489655
0.0012,0.0012,0.0012,1102.16,0.05,403.398,724.79,1615.7,1,0.479339,0.107968,0.451205,0.450498,0.588855,0.48055
-0.0101054,0.00867845,0.000248618,1065.45,44.9556,440.151,724.367,1600.89,1.05741,0.479464,0.108093,0.45133,0.450623,0.58898,0.480675
-0.021662,0.0170551,-0.00133985,1065.48,45.0829,440.2,723.961,1585.59,1.12081,0.479589,0.108218,0.451455,0.450748,0.589105,0.4808
-0.0320107,0.0237397,-0.00243414,1065.57,45.1937,440.333,723.569,1570.28,1.18972,0.479714,0.108343,0.45158,0.450873,0.58923,0.480925
0.0012,0.0012,0.0012,1065.61,45.32,440.56,723.19,1554.97,1.26415,0.479839,0.108468,0.451705,0.450998,0.589355,0.48105
0.0118346,-0.0122263,-0.00074727,2369.83,143.291,-1626.9,722.516,1539.81,1.34435,0.479964,0.108593,0.45183,0.451123,0.58948,0.481175
0.00743151,-0.0108027,-0.00249481,2370.32,142.951,-1626.88,721.558,1524.8,1.41095,0.480089,0.108718,0.451955,0.451248,0.589605,0.4813
-0.0118441,0.00521628,-0.0039542,2370.81,142.648,-1627.04,720.631,1509.79,1.45721,0.480214,0.108843,0.45208,0.451373,0.58973,0.481425
0.0012,0.0012,0.0012,2371.39,142.306,0.05,719.733,1494.78,1.48312,0.480339,0.108968,0.452205,0.451498,0.589855,0.48155
-0.0342887,0.0334657,-0.000272672,2365.95,167.109,-26.9386,718.865,1479.69,1.49848,0.480464,0.109093,0.45233,0.451623,0.58998,0.481675
-0.0594949,0.0569608,-0.00324495,2366.2,167.385,-28.3356,718.028,1464.51,1.51319,0.480589,0.109218,0.452455,0.451748,0.590105,0.4818
-0.0910446,0.0826546,-0.00206305,2366.13,167.73,-27.4965,717.22,1449.33,1.52754,0.480714,0.109343,0.452579,0.451873,0.59023,0.481925
0.0012,0.0012,0.0012,2366.44,168.058,0.05,716.443,1434.15,1.54151,0.480839,0.109468,0.452704,0.451998,0.590355,0.48205
0.00963013,-0.011657,0.000976962,3605.59,148.652,55890.1,715.202,1418.59,2.21203,0.480964,0.109593,0.452829,0.452123,0.59048,0.482175
0.0299431,-0.0340561,-0.00157509,3604.91,150.69,55894.2,713.511,1402.65,4.06329,0.481089,0.109718,0.452954,0.452248,0.590605,0.4823
0.0012,0.0012,0.0012,2547.75,137.133,8623.79,711.189,1229.57,1,0.480677,0.0944665,0.446743,0.449832,0.590132,0.476409
0.0012,0.0012,0.0012,2547.39,138.58,8622.76,709.447,1213.89,1.25771,0.480802,0.0945915,0.446868,0.449957,0.590257,0.476534
0.017994,-0.0177975,-8.09971e-05,2669.75,-2265.23,10374.6,707.749,1194.65,1.63565,0.480927,0.0947165,0.446993,0.450082,0.590382,0.476659
0.0286939,-0.0287039,-0.00334488,2669.87,-2266.75,10376.7,706.094,1171.83,2.15027,0.481052,0.0948415,0.447118,0.450207,0.590507,0.476784
0.0246126,-0.0261318,-0.00529191,2669.85,-2268.15,10378.5,704.473,1148.98,2.79463,0.481177,0.0949665,0.447243,0.450332,0.590632,0.476909
0.0012,0.0012,0.0012,2669.78,0.05,10380.3,702.885,1126.09,3.56877,0.481302,0.0950915,0.447368,0.450457,0.590757,0.477034
0.0394888,-0.0376372,-0.00168167,-17075.8,-8097.37,118104,700.557,1100.15,5.14929,0.481427,0.0952165,0.447493,0.450582,0.590882,0.477159
-8.34492e-05,-0.000547461,-0.0026171,-17079,-8094.23,118104,697.304,1071.09,8.54613,0.481552,0.0953415,0.447618,0.450707,0.591007,0.477284
-0.0318287,0.0292973,-0.00412623,-17082.7,-8091.06,118104,693.837,1041.94,13.4192,0.481677,0.0954665,0.447743,0.450832,0.591132,0.477409
0.0012,0.0012,0.0012,0.05,0.05,118107,690.157,1012.69,19.7687,0.481802,0.0955915,0.447868,0.450957,0.591257,0.477534
0.03322,-0.0306485,-0.00235031,2310.66,-6438.6,125157,686.423,979.574,27.7476,0.481927,0.0957165,0.447993,0.451082,0.591382,0.477659
0.108581,-0.105913,-0.00580711,2309.36,-6443.75,125162,682.763,942.58,37.4221,0.482052,0.0958415,0.448118,0.451207,0.591507,0.477784
0.128523,-0.125422,-0.00958301,2308.44,-6447.87,125165,679.132,905.499,48.6613,0.482177,0.0959665,0.448243,0.451332,0.591632,0.477909
0.0012,0.0012,0.0012,2307.39,0.05,125171,675.53,868.334,61.4653,0.482302,0.0960915,0.448368,0.451457,0.591757,0.478034
0.0779067,-0.0805345,0.00290559,176776,13551.6,1.82522e+06,670.302,836.059,93.0074,0.482427,0.0962165,0.448493,0.451582,0.591882,0.478159
0.0012,0.0012,0.0012,78829.2,4266.95,316365,664.247,490.679,1,0.481256,0.0785751,0.435296,0.448177,0.590557,0.473201
0.0236361,-0.0194128,-0.0030858,78829.1,4275.21,316372,659.194,454.976,3.22029,0.481381,0.0787001,0.435421,0.448302,0.590682,0.473326
0.0012,0.0012,0.0012,78828.6,4283.18,316380,655.126,419.329,9.39528,0.481506,0.0788251,0.435546,0.448427,0.590807,0.473451
-0.0323317,0.0359021,-0.00240103,80254.2,-1792.46,320480,652.114,382.633,19.5636,0.481631,0.0789501,0.435671,0.448552,0.590932,0.473576
0.0683105,-0.0647448,-0.00481333,80258.8,-1802.12,320494,650.17,344.827,33.7638,0.481756,0.0790751,0.435796,0.448677,0.591057,0.473701
0.192904,-0.189593,-0.00696211,80264.4,-1812.13,320506,649.229,306.995,51.9705,0.481881,0.0792001,0.435921,0.448802,0.591182,0.473826
0.0012,0.0012,0.0012,80270.4,0.05,320515,649.292,269.137,74.1839,0.482006,0.0793251,0.436046,0.448927,0.591307,0.473951
-0.0660924,0.072614,-0.00529529,-282946,-2557.83,3.00821e+06,644.596,230.548,113.965,0.482131,0.0794501,0.436171,0.449052,0.591432,0.474076
-0.20252,0.204192,-0.00280745,-282895,-2552.63,3.00811e+06,631.736,191.219,196.511,0.482256,0.0795751,0.436296,0.449177,0.591557,0.474201
-0.264221,0.270725,-0.00998799,-282927,-2547.32,3.0082e+06,615.34,151.861,316.659,0.482381,0.0797001,0.436421,0.449302,0.591682,0.474326
0.0012,0.0012,0.0012,0.05,0.05,3.00819e+06,595.407,112.473,474.41,0.482506,0.0798251,0.436546,0.449427,0.591807,0.474451
0.405733,-0.404174,-0.000279158,4564.45,-1141.85,3.02649e+06,573.78,72.8321,670.052,0.482631,0.0799501,0.436671,0.449552,0.591932,0.474576
-0.0285747,0.0407108,-0.0131626,4648.12,-1150.42,3.02658e+06,552.271,32.9382,903.757,0.482756,0.0800751,0.436796,0.449677,0.592057,0.474701
0.273242,-0.252626,-0.0239314,4739.4,-1161.14,3.02672e+06,530.824,-6.97353,1175.3,0.482881,0.0802001,0.436921,0.449802,0.592182,0.474826
0.0012,0.0012,0.0012,4803.25,0.05,3.02696e+06,509.439,0.2,1484.68,0.483006,0.0803251,0.437046,0.449927,0.592306,0.474951
8.51656e+06,88.4208,61.9409,2.33087e+13,4.69156e+11,2.09717e+10,3.64461e+07,926870,1,0.487638,0.230316,0.633102,0.495432,0.611322,0.527581
8.51655e+06,83.6051,73.0431,2.33087e+13,4.69151e+11,2.09716e+10,3.27856e+08,7.15607e+06,131097,0.487763,0.230441,0.633227,0.495557,0.611447,0.527706
8.51655e+06,78.2372,73.5932,2.33087e+13,4.69146e+11,2.09718e+10,9.10626e+08,1.92496e+07,524340,0.487888,0.230566,0.633352,0.495682,0.611572,0.527831
27245,38.97,0.0399755,2.33087e+13,4.69143e+11,2.09717e+10,1.78475e+09,3.72074e+07,1.17973e+06,0.488013,0.230691,0.633477,0.495807,0.611697,0.527956
27244.1,38.8904,0.0303674,2.32833e+13,5.16674e+11,2.29565e+10,2.94988e+09,6.17072e+07,2.12206e+06,0.488138,0.230816,0.633602,0.495932,0.611822,0.528081
27243,38.9317,0.020498,2.32833e+13,5.16679e+11,2.29567e+10,4.40578e+09,9.31945e+07,3.36997e+06,0.488263,0.230942,0.633727,0.496057,0.611947,0.528206
27242,38.8672,0.0321557,2.32833e+13,5.16686e+11,2.29571e+10,6.15271e+09,1.31141e+08,4.90485e+06,0.488388,0.231067,0.633852,0.496182,0.612072,0.528331
0.0012,36.5729,0.00146018,2.32833e+13,5.16693e+11,2.29569e+10,8.19069e+09,1.75545e+08,6.72669e+06,0.488513,0.231192,0.633977,0.496307,0.612197,0.528455
-0.960095,36.53,-0.0216115,4.07117e+13,9.85151e+11,5.54462e+10,1.09827e+10,2.38936e+08,9.65015e+06,0.488638,0.231317,0.634102,0.496432,0.612321,0.52858
-1.95618,36.5178,-0.0411502,4.07117e+13,9.85146e+11,5.54462e+10,1.46922e+10,3.25718e+08,1.39738e+07,0.488763,0.231442,0.634227,0.496557,0.612446,0.528705
-2.99204,36.536,-0.053776,4.07117e+13,9.85139e+11,5.54461e+10,1.89106e+10,4.24814e+08,1.89905e+07,0.488888,0.231567,0.634352,0.496682,0.612571,0.52883
15292.3,39.1339,0.087059,4.07117e+13,9.85132e+11,5.54459e+10,2.36379e+10,5.36223e+08,2.47003e+07,0.489013,0.231692,0.634477,0.496807,0.612696,0.528955
15291.4,39.1115,0.0384291,4.04704e+13,1.2012e+12,5.4262e+10,2.88647e+10,6.68429e+08,3.10584e+07,0.489138,0.231817,0.634602,0.496932,0.612821,0.52908
15290.4,39.0802,-0.0119397,4.04704e+13,1.20121e+12,5.42619e+10,3.45887e+10,8.23455e+08,3.80537e+07,0.489263,0.231942,0.634727,0.497057,0.612946,0.529205
15289.4,39.0474,-0.056279,4.04704e+13,1.20121e+12,5.42617e+10,4.08186e+10,9.93496e+08,4.57272e+07,0.489388,0.232067,0.634852,0.497182,0.613071,0.52933
0.0012,2.53025,0.0012,1.30139e+12,1.66943e+10,0.05,4.47488e+08,4.27139e+07,1,0.484293,0.0633115,0.416067,0.446487,0.592161,0.470243
18.9542,-1.32725,-15.3299,1.81227e+12,3.60656e+08,-1.03608e+10,7.16809e+08,5.2474e+07,-30333.1,0.484418,0.0634365,0.416192,0.446612,0.592286,0.470368
35.5101,0.91919,-34.3683,1.81227e+12,3.61312e+08,-1.03608e+10,1.07146e+09,6.27798e+07,-188171,0.484543,0.0635615,0.416317,0.446737,0.592411,0.470493
71.0759,-4.61447,-64.6373,1.81227e+12,3.62319e+08,-1.03607e+10,1.44876e+09,7.30902e+07,-475518,0.484668,0.0636865,0.416442,0.446862,0.592536,0.470618
9.84677e+06,143.756,0.0400307,1.81227e+12,3.6305e+08,0.05,1.84872e+09,8.3405e+07,1,0.484793,0.0638115,0.416567,0.446987,0.592661,0.470743
9.84676e+06,148.456,0.190398,1.80707e+12,-5.79644e+09,4.61883e+08,2.27061e+09,9.38401e+07,-475135,0.484918,0.0639365,0.416692,0.447112,0.592786,0.470868
9.84675e+06,158.184,0.834804,1.80707e+12,-5.79686e+09,4.61925e+08,2.71441e+09,1.04338e+08,-939470,0.485043,0.0640615,0.416817,0.447237,0.592911,0.470993
9.84675e+06,153.507,3.07673,1.80707e+12,-5.79715e+09,4.61923e+08,3.18079e+09,1.14763e+08,-1.39803e+06,0.485168,0.0641865,0.416942,0.447362,0.593036,0.471117
52353,79.1627,0.0396954,1.80707e+12,0.05,4.61961e+08,3.66976e+09,1.25115e+08,1,0.485293,0.0643115,0.417067,0.447487,0.593161,0.471242
52352.8,79.1256,0.0686063,2.69824e+12,1.54444e+10,-6.97441e+10,4.30858e+09,1.35763e+08,-2.3521e+06,0.485418,0.0644365,0.417192,0.447612,0.593286,0.471367
52352.5,79.1376,0.0895184,2.69824e+12,1.54448e+10,-6.97441e+10,5.1056e+09,1.46889e+08,-7.25837e+06,0.485543,0.0645615,0.417317,0.447737,0.593411,0.471492
52352.3,79.0911,0.109199,2.69824e+12,1.5445e+10,-6.97442e+10,5.93635e+09,1.58208e+08,-1.30364e+07,0.485668,0.0646865,0.417442,0.447862,0.593536,0.471617
0.0012,78.9153,0.0297032,2.69824e+12,1.54451e+10,0.05,6.80084e+09,1.6972e+08,1,0.485793,0.0648115,0.417567,0.447987,0.593661,0.471742
-0.238384,78.9264,0.0186715,2.68357e+12,7.79367e+09,2.39328e+09,7.69669e+09,1.81455e+08,-6.988e+06,0.485918,0.0649365,0.417692,0.448112,0.593786,0.471867
-0.49665,78.9469,0.0170351,2.68357e+12,7.79353e+09,2.39327e+09,8.6238e+09,1.93343e+08,-1.38557e+07,0.486043,0.0650615,0.417817,0.448237,0.593911,0.471992
770909,116.215,340.849,3.04275e+12,1.55161e+11,9.2375e+10,3.72515e+10,2.42582e+08,1,0.4914,0.242614,0.653243,0.500748,0.616738,0.534487
0.0012,78.92,0.0399803,3.04275e+12,1.55162e+11,9.23749e+10,3.87464e+10,2.67301e+08,577345,0.491525,0.242739,0.653368,0.500873,0.616863,0.534612
0.0961054,78.9308,0.0697049,3.04389e+12,1.55235e+11,9.24247e+10,4.02792e+10,2.93963e+08,2.30969e+06,0.49165,0.242864,0.653493,0.500998,0.616988,0.534737
0.212517,78.9199,0.099866,3.04389e+12,1.55235e+11,9.24247e+10,4.18501e+10,3.22569e+08,5.19749e+06,0.491775,0.242989,0.653618,0.501123,0.617113,0.534862
0.305992,78.9312,0.131079,3.04389e+12,1.55234e+11,9.24246e+10,4.3459e+10,3.53115e+08,9.2406e+06,0.4919,0.243114,0.653743,0.501248,0.617238,0.534987
0.0012,78.9634,0.0320271,3.04389e+12,1.55234e+11,9.24247e+10,4.5106e+10,3.85602e+08,1.4439e+07,0.492025,0.243239,0.653868,0.501373,0.617363,0.535112
0.0980118,78.9733,0.061342,3.04388e+12,1.5524e+11,9.24208e+10,4.6791e+10,4.20029e+08,2.07927e+07,0.49215,0.243364,0.653993,0.501498,0.617488,0.535237
0.1721,79.0054,0.0913184,3.04388e+12,1.5524e+11,9.24207e+10,4.8514e+10,4.56397e+08,2.83015e+07,0.492275,0.243489,0.654118,0.501623,0.617613,0.535362
0.259172,79.0253,0.120391,3.04388e+12,1.5524e+11,9.24205e+10,5.02751e+10,4.94705e+08,3.69656e+07,0.4924,0.243614,0.654243,0.501748,0.617738,0.535487
0.0012,79.0068,0.0316201,3.04388e+12,1.5524e+11,9.24204e+10,5.20743e+10,5.34954e+08,4.6785e+07,0.492525,0.243739,0.654368,0.501873,0.617863,0.535612
0.100544,79.0137,0.0617546,3.04392e+12,1.55242e+11,9.24315e+10,5.39115e+10,5.77144e+08,5.77599e+07,0.49265,0.243864,0.654493,0.501998,0.617988,0.535737
0.195649,79.0248,0.0921583,3.04392e+12,1.55242e+11,9.24316e+10,5.57867e+10,6.21275e+08,6.98906e+07,0.492775,0.243989,0.654618,0.502123,0.618113,0.535862
0.298436,79.0279,0.123157,3.04392e+12,1.55242e+11,9.24316e+10,5.77e+10,6.67346e+08,8.31767e+07,0.4929,0.244114,0.654743,0.502248,0.618237,0.535987
0.0012,79.0292,0.0317658,3.04392e+12,1.55242e+11,9.24317e+10,5.96514e+10,7.15357e+08,9.76181e+07,0.493025,0.244239,0.654868,0.502373,0.618362,0.536112
0.0973414,79.0399,0.0622825,3.04391e+12,1.55248e+11,9.24251e+10,6.16407e+10,7.65309e+08,1.13215e+08,0.49315,0.244364,0.654993,0.502498,0.618487,0.536237
0.0012,63.5357,0.0012,3.04267e+12,1.36594e+11,8547.57,6.22914e+10,7.56097e+08,1,0.492925,0.232291,0.638988,0.499013,0.617056,0.532074
4.25392,63.1376,-3.7745,3.04267e+12,1.36594e+11,8551.34,6.43634e+10,8.04476e+08,1.1201,0.49305,0.232416,0.639113,0.499138,0.617181,0.532199
4.58834e+06,337.18,0.0401763,3.04267e+12,1.36594e+11,8551.95,6.64735e+10,8.54562e+08,1.3471,0.493175,0.232541,0.639238,0.499263,0.617306,0.532324
4.58834e+06,333.425,0.490792,3.36014e+12,2.42908e+11,1.38638e+11,6.86307e+10,9.09503e+08,216810,0.4933,0.232666,0.639363,0.499388,0.617431,0.532449
4.58834e+06,332.595,3.31299,3.36014e+12,2.42907e+11,1.38639e+11,7.08381e+10,9.70292e+08,1.95016e+06,0.493425,0.232791,0.639488,0.499513,0.617556,0.532574
4.58833e+06,336.158,5.68579,3.36014e+12,2.42907e+11,1.38639e+11,7.30875e+10,1.03412e+09,5.4165e+06,0.49355,0.232916,0.639613,0.499638,0.617681,0.532699
76459.5,98.664,0.0398455,3.36014e+12,2.42906e+11,1.3864e+11,7.53789e+10,1.10098e+09,1.06158e+07,0.493675,0.233041,0.639738,0.499763,0.617806,0.532824
76459.8,98.3984,0.0720702,3.28577e+12,2.2355e+11,-5.67559e+09,7.77091e+10,1.17007e+09,1.55116e+07,0.4938,0.233166,0.639863,0.499888,0.617931,0.532949
76459.8,98.4728,0.129988,3.28577e+12,2.23551e+11,-5.67615e+09,8.00774e+10,1.24121e+09,1.87487e+07,0.493925,0.233291,0.639988,0.500013,0.618056,0.533074
76460,98.272,0.189647,3.28576e+12,2.23551e+11,-5.67634e+09,8.24867e+10,1.31514e+09,2.19148e+07,0.49405,0.233416,0.640113,0.500138,0.618181,0.533199
41389.9,96.4835,0.0347236,3.28576e+12,2.23551e+11,0.05,8.49371e+10,1.39187e+09,2.50099e+07,0.494175,0.233541,0.640238,0.500262,0.618306,0.533324
41390,96.4571,0.0704889,3.35813e+12,2.48275e+11,4.37999e+10,8.74317e+10,1.47245e+09,2.92374e+07,0.4943,0.233666,0.640363,0.500387,0.618431,0.533449
41390,96.5227,0.09769,3.35813e+12,2.48275e+11,4.38008e+10,8.99712e+10,1.55712e+09,3.50426e+07,0.494425,0.233791,0.640488,0.500512,0.618556,0.533574
41390.1,96.5302,0.13358,3.35813e+12,2.48274e+11,4.38014e+10,9.25527e+10,1.6449e+09,4.13953e+07,0.49455,0.233916,0.640613,0.500637,0.618681,0.533699
28972.5,96.1499,0.0332089,3.35813e+12,2.48273e+11,4.3802e+10,9.51762e+10,1.73578e+09,4.82956e+07,0.494675,0.234041,0.640738,0.500762,0.618806,0.533824
0.0012,0.0012,0.0012,3.01746e+12,1.09249e+11,2.66089e+08,9.75012e+10,1.62037e+09,1,0.494759,0.233569,0.64008,0.500755,0.618845,0.533779
23.3225,-15.0955,-8.25343,3.01747e+12,1.09249e+11,2.65948e+08,1.00152e+11,1.68952e+09,1663.68,0.494884,0.233694,0.640205,0.50088,0.61897,0.533904
16.2274,8.69211,-24.976,3.01747e+12,1.09249e+11,2.65914e+08,1.02841e+11,1.76005e+09,6650.5,0.495009,0.233819,0.64033,0.501005,0.619095,0.534029
4.14619e+07,2352.15,0.0400424,3.01747e+12,1.09249e+11,2.65864e+08,1.05567e+11,1.83194e+09,14960.7,0.495134,0.233944,0.640455,0.50113,0.61922,0.534154
4.14619e+07,2370.43,0.803058,1.17073e+13,3.07229e+13,8.91364e+11,1.08333e+11,1.90615e+09,950909,0.495259,0.234069,0.64058,0.501255,0.619345,0.534279
4.14618e+07,2437.43,1.72308,1.17073e+13,3.07228e+13,8.91361e+11,1.1122e+11,2.2697e+09,1.11692e+07,0.495384,0.234194,0.640705,0.50138,0.61947,0.534404
4.14618e+07,2467.09,17.4141,1.17073e+13,3.07228e+13,8.91359e+11,1.14254e+11,3.01729e+09,3.25295e+07,0.495509,0.234319,0.64083,0.501505,0.619595,0.534529
212968,1021.31,0.0399511,1.17074e+13,3.07228e+13,8.91357e+11,1.17433e+11,4.14891e+09,6.50317e+07,0.495634,0.234444,0.640955,0.50163,0.61972,0.534654
212968,1021.37,0.0893379,5.89944e+12,4.83229e+13,3.38487e+12,1.20678e+11,5.89735e+09,1.43005e+08,0.495759,0.234569,0.64108,0.501755,0.619845,0.534779
212967,1021.81,0.227146,5.89943e+12,4.8323e+13,3.38487e+12,1.23932e+11,8.42737e+09,2.89806e+08,0.495884,0.234694,0.641205,0.50188,0.61997,0.534904
212967,1022.33,0.325186,5.89941e+12,4.8323e+13,3.38488e+12,1.2726e+11,1.15614e+10,4.78917e+08,0.496009,0.234819,0.64133,0.502005,0.620095,0.535029
64153.3,1014.93,0.0369818,5.89941e+12,4.8323e+13,3.38488e+12,1.30663e+11,1.52995e+10,7.1034e+08,0.496134,0.234944,0.641455,0.50213,0.62022,0.535154
64153.2,1014.94,0.0777174,7.2864e+12,4.90531e+13,2.8027e+12,1.34175e+11,1.96606e+10,9.68785e+08,0.496259,0.235069,0.64158,0.502255,0.620345,0.535279
64152.9,1015.21,0.119774,7.28642e+12,4.9053e+13,2.8027e+12,1.37811e+11,2.46515e+10,1.24881e+09,0.496384,0.235194,0.641705,0.50238,0.62047,0.535404
64152.1,1015.85,0.223326,7.28644e+12,4.9053e+13,2.8027e+12,1.41538e+11,3.02555e+10,1.56386e+09,0.496509,0.235319,0.64183,0.502505,0.620595,0.535529
0.0012,399.894,0.0012,0.05,0.05,0.05,1.38235e+11,0.2,1,0.496626,0.235413,0.641908,0.502623,0.620711,0.535652
0.459006,429.875,-30.4103,8.24697e+10,-9.355e+10,1.07002e+10,1.40903e+11,-4.32725e+08,33777.7,0.496751,0.235538,0.642033,0.502748,0.620836,0.535777
-32.5201,434.584,-2.11233,8.24656e+10,-9.35612e+10,1.06997e+10,1.43574e+11,-8.70661e+08,201637,0.496876,0.235663,0.642158,0.502873,0.620961,0.535902
73.2003,376.344,-49.566,8.24598e+10,-9.3552e+10,1.06995e+10,1.46246e+11,-1.30977e+09,503238,0.497001,0.235788,0.642283,0.502998,0.621086,0.536027
3.77516e+07,2553.89,0.0400275,8.24599e+10,0.05,1.06995e+10,1.4892e+11,0.2,938582,0.497126,0.235913,0.642408,0.503123,0.621211,0.536152
3.77517e+07,2497.16,3.89812,-9.79778e+11,-1.16809e+12,1.86335e+09,1.51535e+11,-5.37433e+08,1.21014e+06,0.497251,0.236038,0.642533,0.503248,0.621336,0.536277
3.77517e+07,2447.73,11.6211,-9.7978e+11,-1.16809e+12,1.86336e+09,1.54083e+11,-1.18242e+09,1.23268e+06,0.497376,0.236163,0.642658,0.503373,0.621461,0.536402
3.77518e+07,2335.04,8.70918,-9.79782e+11,-1.16809e+12,1.86337e+09,1.56618e+11,-1.842e+09,1.27851e+06,0.497501,0.236288,0.642783,0.503498,0.621586,0.536527
293832,1628.7,0.0399275,0.05,0.05,1.86336e+09,1.59141e+11,0.2,1.34764e+06,0.497626,0.236413,0.642908,0.503623,0.621711,0.536652
293832,1628.08,0.151454,2.3899e+12,-1.13612e+12,1.17737e+10,1.61871e+11,-8.69696e+08,9.46281e+06,0.497751,0.236538,0.643033,0.503748,0.621836,0.536777
293833,1627.75,0.197087,2.3899e+12,-1.13612e+12,1.17737e+10,1.64838e+11,-1.93915e+09,2.57175e+07,0.497876,0.236663,0.643158,0.503873,0.621961,0.536902
293832,1628.77,0.265801,2.38989e+12,-1.13612e+12,1.17737e+10,1.67835e+11,-3.0228e+09,4.21194e+07,0.498001,0.236788,0.643283,0.503998,0.622086,0.537027
81048.8,1624.9,0.037234,2.38989e+12,0.05,1.17737e+10,1.70862e+11,0.2,5.86684e+07,0.498126,0.236913,0.643408,0.504123,0.622211,0.537152
81048.6,1625.02,0.110194,2.08777e+12,-9.07833e+11,3.719e+10,1.73892e+11,-1.26844e+09,7.74874e+07,0.498251,0.237038,0.643533,0.504248,0.622336,0.537277
81048.9,1624.73,0.148615,2.08777e+12,-9.07831e+11,3.71899e+10,1.76921e+11,-2.70914e+09,9.88129e+07,0.498376,0.237163,0.643658,0.504373,0.622461,0.537402
0.0012,1494.09,0.0012,0.05,0.05,0.05,1.05619e+11,0.2,1,0.498501,0.237278,0.643767,0.504496,0.622584,0.537517
6.35601e+06,3748.18,0.0405021,0.05,0.05,58202.1,1.04606e+11,0.2,1.273,0.498626,0.237403,0.643892,0.504621,0.622709,0.537642
6.35608e+06,3674.41,0.670575,4.5973e+12,2.16479e+12,3.05286e+12,1.03902e+11,-3.55087e+09,3.74486e+06,0.498751,0.237528,0.644017,0.504746,0.622834,0.537767
6.35605e+06,3700.81,0.563412,4.5973e+12,2.16479e+12,3.05286e+12,1.03549e+11,-7.59028e+09,3.98556e+07,0.498876,0.237653,0.644142,0.504871,0.622959,0.537892
6.35606e+06,3696.89,0.624929,4.5973e+12,2.16479e+12,3.05286e+12,1.03253e+11,-1.16026e+10,1.14127e+08,0.499001,0.237778,0.644267,0.504996,0.623084,0.538017
216110,1810.61,0.0396765,4.59731e+12,2.16479e+12,3.05286e+12,1.03015e+11,0.2,2.26559e+08,0.499126,0.237903,0.644392,0.505121,0.623209,0.538142
216111,1810.33,0.0966344,1.27963e+12,4.84909e+12,2.00936e+12,1.02646e+11,-4.07454e+09,3.62667e+08,0.499251,0.238028,0.644517,0.505246,0.623334,0.538267
216113,1808.29,0.104284,1.27962e+12,4.84909e+12,2.00936e+12,1.02115e+11,-8.21328e+09,5.12633e+08,0.499376,0.238153,0.644642,0.505371,0.623459,0.538392
216113,1807.83,0.214453,1.27962e+12,4.84909e+12,2.00936e+12,1.016e+11,-1.22914e+10,6.87716e+08,0.499501,0.238278,0.644767,0.505496,0.623584,0.538517
144214,1801.12,0.0332949,1.27962e+12,4.84908e+12,2.00936e+12,1.01101e+11,0.2,8.87915e+08,0.499626,0.238403,0.644892,0.505621,0.623709,0.538642
144213,1802.25,0.0962519,1.46264e+12,4.36048e+12,2.8577e+12,1.0063e+11,-3.94471e+09,1.13563e+09,0.499751,0.238528,0.645017,0.505746,0.623834,0.538767
144211,1804.14,0.13165,1.46264e+12,4.36048e+12,2.8577e+12,1.00189e+11,-7.82123e+09,1.43883e+09,0.499876,0.238653,0.645142,0.505871,0.623959,0.538892
144212,1803.17,0.173999,1.46264e+12,4.36048e+12,2.8577e+12,9.97661e+10,-1.16432e+10,1.77775e+09,0.500001,0.238778,0.645267,0.505996,0.624084,0.539017
80569.5,1779.95,0.0343499,1.46265e+12,4.36049e+12,2.85771e+12,9.93615e+10,0.2,2.1524e+09,0.500126,0.238903,0.645392,0.506121,0.624209,0.539142
80569,1780.45,0.0815599,8.95863e+11,5.20161e+12,3.08678e+12,9.89283e+10,-3.72968e+09,2.57167e+09,0.500251,0.239028,0.645517,0.506246,0.624334,0.539267
0.0012,0.0012,0.0012,0.05,1.43763e+12,0.05,2.64869e+10,0.2,1,0.500376,0.239142,0.64563,0.506368,0.624458,0.539381
-20.9528,27.9583,-6.97342,655350,1.43763e+12,276638,2.27099e+10,-2.46592e+09,1.94431,0.500501,0.239267,0.645755,0.506493,0.624583,0.539506
1.98328e+07,10121,0.0401268,963812,1.43763e+12,402396,1.89329e+10,0.2,7.13197,0.500626,0.239392,0.64588,0.506618,0.624708,0.539631
1.98329e+07,10091.1,0.58705,1.30523e+12,7.45595e+12,1.55867e+12,1.49326e+10,-2.06037e+09,928581,0.500751,0.239517,0.646005,0.506743,0.624833,0.539756
1.98329e+07,10046.5,3.99991,1.30523e+12,7.45595e+12,1.55867e+12,1.07212e+10,-3.67655e+09,1.73981e+07,0.500876,0.239642,0.64613,0.506868,0.624958,0.539881
1.98331e+07,9831.79,4.20744,1.30524e+12,7.45596e+12,1.55868e+12,6.52617e+09,-5.19953e+09,5.3351e+07,0.501001,0.239767,0.646255,0.506993,0.625083,0.540006
165770,5325.1,0.0399229,1.30524e+12,7.45595e+12,1.55869e+12,2.34743e+09,0.2,1.08788e+08,0.501126,0.239892,0.64638,0.507118,0.625208,0.540131
165768,5326.6,0.0690779,-5.53767e+11,9.44686e+12,-6.3672e+11,-1.68611e+09,-1.23791e+09,1.53743e+08,0.501251,0.240017,0.646505,0.507243,0.625333,0.540256
165764,5330.65,0.11568,-5.53767e+11,9.44686e+12,-6.36721e+11,-5.5918e+09,-2.26508e+09,1.67638e+08,0.501376,0.240142,0.64663,0.507368,0.625458,0.540381
165767,5327.62,0.130004,-5.53774e+11,9.44685e+12,-6.36726e+11,-9.50441e+09,-3.17416e+09,1.73573e+08,0.501501,0.240267,0.646755,0.507493,0.625583,0.540506
118347,5310.89,0.0328301,0.05,9.44684e+12,0.05,0.2,0.2,1.71549e+08,0.501626,0.240392,0.64688,0.507618,0.625708,0.540631
118345,5312.47,0.0684751,2.83329e+11,1.01284e+13,5.82322e+11,-3.93768e+09,-6.38593e+08,1.80741e+08,0.501751,0.240517,0.647005,0.507743,0.625833,0.540756
118346,5311.31,0.15369,2.83336e+11,1.01284e+13,5.82331e+11,-7.88742e+09,-1.11835e+09,2.10608e+08,0.501876,0.240642,0.64713,0.507868,0.625958,0.540881
118348,5309.66,0.185532,2.83343e+11,1.01284e+13,5.82337e+11,-1.18336e+10,-1.47151e+09,2.47755e+08,0.502001,0.240767,0.647255,0.507993,0.626083,0.541006
55464.5,5186.98,0.0352629,2.8335e+11,1.01284e+13,5.82346e+11,0.2,0.2,2.92181e+08,0.502126,0.240892,0.64738,0.508118,0.626208,0.541131
0.0012,0.0012,0.0012,0.05,0.05,2.1839e+11,0.2,0.2,1,0.50225,0.24101,0.647495,0.50824,0.626331,0.541256
-167.46,182.707,-15.2637,-2.0003e+07,3.23556e+07,2.18391e+11,-5.31696e+09,-6.90394e+09,1.36494e+06,0.502375,0.241135,0.64762,0.508365,0.626456,0.541381
-992.885,1069.17,-76.326,-5.29082e+07,6.73579e+07,2.18392e+11,-1.06339e+10,-1.38079e+10,5.45978e+06,0.5025,0.24126,0.647745,0.50849,0.626581,0.541506
3.54033e+08,132495,0.0399992,0.05,7.75003e+07,2.18393e+11,0.2,0.2,1.22845e+07,0.502625,0.241385,0.64787,0.508615,0.626706,0.541631
3.54033e+08,132319,4.94928,2.32472e+14,6.35061e+14,1.97154e+14,-9.10055e+08,-1.43689e+10,3.15862e+08,0.50275,0.24151,0.647995,0.50874,0.626831,0.541756
3.54035e+08,130627,59.4121,2.32472e+14,6.35061e+14,1.97154e+14,4.7673e+09,-3.02517e+10,2.76246e+09,0.502874,0.241635,0.64812,0.508865,0.626956,0.541881
3.54037e+08,128042,72.6441,2.32473e+14,6.35062e+14,1.97154e+14,1.33506e+10,-3.81962e+10,7.67349e+09,0.502999,0.24176,0.648245,0.50899,0.627081,0.542006
482240,51281.6,0.0399666,2.32473e+14,6.35062e+14,1.97155e+14,2.48398e+10,0.2,1.50489e+10,0.503124,0.241885,0.64837,0.509115,0.627206,0.542131
482240,51282,0.0913651,-7.55373e+14,2.16558e+15,-2.95907e+14,1.62651e+10,2.00099e+10,1.79678e+10,0.503249,0.24201,0.648495,0.50924,0.627331,0.542256
482240,51281.1,0.200894,-7.55373e+14,2.16558e+15,-2.95908e+14,-2.16398e+10,7.43869e+10,1.1806e+10,0.503374,0.242135,0.64862,0.509365,0.627456,0.542381
482236,51285.1,0.185375,-7.55373e+14,2.16558e+15,-2.95908e+14,-6.89869e+10,1.55834e+11,1.94534e+09,0.503499,0.24226,0.648745,0.50949,0.627581,0.542506
345502,51238.5,0.0326972,0.05,2.16557e+15,0.05,0.2,2.6435e+11,1,0.503624,0.242385,0.64887,0.509615,0.627706,0.54263
345501,51239.3,0.0573089,8.31277e+13,2.63518e+15,-3.45121e+13,-5.85315e+10,4.09516e+11,-1.63263e+10,0.503749,0.24251,0.648995,0.50974,0.627831,0.542755
345497,51242.7,0.0864368,8.3128e+13,2.63518e+15,-3.45118e+13,-1.13306e+11,5.95729e+11,-3.38935e+10,0.503874,0.242635,0.649119,0.509865,0.627956,0.54288
345497,51243.2,0.168423,8.31284e+13,2.63518e+15,-3.45114e+13,-1.67042e+11,8.14882e+11,-5.18922e+10,0.503999,0.24276,0.649244,0.50999,0.628081,0.543005
0.0012,0.0012,0.0012,0.05,0.05,0.05,0.2,0.2,1,0.05,0.05,0.05,0.05,0.05,0.05
1.14502e+14,-9.50224e+13,-1.94792e+13,-3.33648e+25,-6.38536e+25,-5.42716e+24,-8.22063e+21,-1.86752e+22,-1.70182e+19,0.050125,0.050125,0.050125,0.050125,0.050125,0.050125
1.8301e+14,-1.71659e+14,-1.135e+13,-3.33649e+25,-6.38535e+25,-5.42718e+24,-1.76161e+22,-3.94911e+22,-1.01939e+20,0.05025,0.05025,0.05025,0.05025,0.05025,0.05025
-4.87637e+13,7.45176e+13,-2.57525e+13,-3.3365e+25,-6.38535e+25,-5.42722e+24,-2.74286e+22,-6.11052e+22,-2.547e+20,0.050375,0.050375,0.050375,0.050375,0.050375,0.050375
4.22161e+19,2.44942e+16,0.0012,0.05,0.05,0.05,0.2,0.2,1,0.0505,0.0505,0.0505,0.0505,0.0505,0.0505
4.22161e+19,2.45133e+16,2.85465e+11,3.10616e+25,-1.02133e+26,8.57453e+24,-9.34762e+21,-2.7281e+22,-1.40588e+20,0.050625,0.050625,0.050625,0.050625,0.050625,0.050625
4.2216e+19,2.45565e+16,1.11124e+11,3.10617e+25,-1.02133e+26,8.57457e+24,-1.73136e+22,-5.99886e+22,-8.68623e+19,0.05075,0.05075,0.05075,0.05075,0.05075,0.05075
4.22161e+19,2.45173e+16,1.02421e+12,3.10618e+25,-1.02133e+26,8.57462e+24,-2.48914e+22,-9.39728e+22,7.40469e+19,0.050875,0.050875,0.050875,0.050875,0.050875,0.050875
3.06104e+15,2.08141e+16,0.0012,3.10619e+25,0.05,8.57465e+24,0.2,0.2,3.4214e+20,0.051,0.051,0.051,0.051,0.051,0.051
3.06311e+15,2.08121e+16,1.07235e+07,-4.98996e+26,-5.86781e+26,-1.03291e+26,-3.0604e+22,-7.46433e+22,-1.97495e+21,0.051125,0.051125,0.051125,0.051125,0.051125,0.051125
3.06373e+15,2.08114e+16,4.9286e+07,-4.98996e+26,-5.86781e+26,-1.03291e+26,-8.96021e+22,-1.93551e+23,-7.92681e+21,0.05125,0.05125,0.05125,0.05125,0.05125,0.05125
3.06501e+15,2.08102e+16,2.64191e+08,-4.98996e+26,-5.86781e+26,-1.03291e+26,-1.54838e+23,-3.19793e+23,-1.51698e+22,0.051375,0.051375,0.051375,0.051375,0.051375,0.051375
0.0012,0.0012,0.0012,0.05,0.05,0.05,0.2,0.2,1,0.0515,0.0515,0.0515,0.0515,0.0515,0.0515
-1.10607e+10,1.15415e+10,-1.72568e+07,-1.64915e+26,-4.03896e+27,-2.97092e+27,-8.43171e+22,-4.58307e+23,-1.17982e+23,0.051625,0.051625,0.051625,0.051625,0.051625,0.051625
-4.33301e+10,4.42685e+10,-1.13224e+07,-1.64915e+26,-4.03896e+27,-2.97092e+27,-1.79912e+23,-1.27548e+24,-3.72599e+23,0.05175,0.05175,0.05175,0.05175,0.05175,0.05175
1.22701e+18,5.64515e+14,1.17949e+12,1.3763e+27,1.50966e+27,2.82717e+27,2.88148e+24,3.57725e+24,1,2346.54,8242.3,11635.6,4562.63,1660.56,3029.34
3.85516e+14,1.28156e+13,52803.4,1.3763e+27,1.50966e+27,2.82717e+27,3.14028e+24,3.58457e+24,1.76698e+22,2346.54,8242.3,11635.6,4562.63,1660.56,3029.34
3.85601e+14,1.27311e+13,-1.08344e+07,1.37538e+27,1.62303e+27,2.65564e+27,3.41617e+24,3.60306e+24,6.96071e+22,2346.54,8242.3,11635.6,4562.63,1660.56,3029.34
3.85351e+14,1.29813e+13,-2.5514e+07,1.37538e+27,1.62303e+27,2.65564e+27,3.70915e+24,3.6338e+24,1.54204e+23,2346.54,8242.3,11635.6,4562.63,1660.56,3029.34
3.85603e+14,1.27298e+13,-2.81004e+07,1.37538e+27,1.62303e+27,2.65564e+27,4.01932e+24,3.68482e+24,2.71996e+23,2346.54,8242.3,11635.6,4562.63,1660.56,3029.34
9.67111e+14,1.37493e+14,3.36132,1.37538e+27,1.62303e+27,2.65564e+27,4.34669e+24,3.75614e+24,4.22984e+23,2346.54,8242.3,11635.6,4562.63,1660.56,3029.34
9.67099e+14,1.37505e+14,9.33613e+07,9.88028e+26,1.95075e+27,3.43643e+27,4.65395e+24,3.82956e+24,6.21809e+23,2346.54,8242.3,11635.6,4562.63,1660.56,3029.34
9.67119e+14,1.37486e+14,2.083e+08,9.88028e+26,1.95075e+27,3.43643e+27,4.93749e+24,3.90818e+24,8.75787e+23,2346.54,8242.3,11635.6,4562.63,1660.56,3029.34
9.6718e+14,1.37424e+14,2.32842e+08,9.88028e+26,1.95075e+27,3.43643e+27,5.23338e+24,4.01117e+24,1.17272e+24,2346.54,8242.3,11635.6,4562.63,1660.56,3029.34
0.0012,0.0012,9.68649,9.88028e+26,1.95075e+27,3.43643e+27,5.54163e+24,4.13856e+24,1.51261e+24,2346.54,8242.3,11635.6,4562.63,1660.56,3029.34
9.40417e+07,1.13366e+08,-90176.1,1.35463e+27,2.15814e+27,3.87128e+27,5.9019e+24,4.28136e+24,1.90905e+24,2346.54,8242.3,11635.6,4562.63,1660.56,3029.34
2.02021e+08,2.12852e+08,-154216,1.35463e+27,2.15814e+27,3.87128e+27,6.31761e+24,4.44153e+24,2.3661e+24,2346.54,8242.3,11635.6,4562.63,1660.56,3029.34
2.59053e+08,3.63158e+08,-119151,1.35463e+27,2.15814e+27,3.87128e+27,6.75026e+24,4.62869e+24,2.87155e+24,2346.54,8242.3,11635.6,4562.63,1660.56,3029.34
6.77968e+12,5.02633e+11,0.0248783,1.35463e+27,2.15814e+27,3.87128e+27,7.19984e+24,4.84281e+24,3.42539e+24,2346.54,8242.3,11635.6,4562.63,1660.56,3029.34
6.78033e+12,5.02185e+11,197936,-3.8665e+26,3.41482e+27,5.169e+27,7.45526e+24,5.04545e+24,4.08437e+24,2346.54,8242.3,11635.6,4562.63,1660.56,3029.34
0.0012,0.0012,0.0012,0.05,0.05,0.05,4.08853e+24,5.24588e+24,1,820.05,2880.36,4066.17,1594.48,580.33,1058.66
3.38923e+12,-3.12294e+12,-2.66263e+11,-1.04314e+20,2.88216e+19,-1.23957e+19,4.29256e+24,5.48551e+24,-3.87483e+13,820.05,2880.36,4066.17,1594.48,580.33,1058.66
6.42627e+17,9.14615e+14,0.0012,0.05,6.90096e+19,0.05,4.49659e+24,5.72513e+24,1,820.05,2880.36,4066.17,1594.48,580.33,1058.66
6.42627e+17,9.15092e+14,3.25563e+09,1.16861e+26,-1.75506e+26,1.40524e+25,4.70344e+24,5.96034e+24,1.30689e+20,820.05,2880.36,4066.18,1594.48,580.331,1058.66
6.42625e+17,9.16918e+14,1.18665e+11,1.16861e+26,-1.75506e+26,1.40524e+25,4.91421e+24,6.18948e+24,5.23845e+20,820.05,2880.37,4066.18,1594.48,580.331,1058.66
6.42627e+17,9.1493e+14,2.41844e+10,1.16861e+26,-1.75506e+26,1.40524e+25,5.12643e+24,6.41642e+24,1.09266e+21,820.05,2880.37,4066.18,1594.48,580.331,1058.66
2.2059e+13,8.95194e+14,0.0012,1.16861e+26,0.05,1.40524e+25,5.34012e+24,6.64117e+24,1.83712e+21,820.05,2880.37,4066.18,1594.48,580.331,1058.66
2.19855e+13,8.95267e+14,3.24974e+06,-2.43007e+26,-2.05801e+26,-2.07905e+24,5.54269e+24,6.85691e+24,2.40578e+21,820.05,2880.37,4066.18,1594.48,580.331,1058.66
2.20427e+13,8.9521e+14,3.72682e+06,-2.43007e+26,-2.05801e+26,-2.07906e+24,5.73078e+24,7.0628e+24,2.64582e+21,820.051,2880.37,4066.18,1594.48,580.331,1058.66
2.21037e+13,8.95149e+14,1.07311e+08,-2.43007e+26,-2.05801e+26,-2.07906e+24,5.91584e+24,7.26612e+24,2.85987e+21,820.051,2880.37,4066.18,1594.48,580.331,1058.66
0.0012,0.0012,0.0012,0.05,0.05,0.05,6.09785e+24,7.46686e+24,3.04793e+21,820.051,2880.37,4066.18,1594.48,580.331,1058.66
9.75066e+07,-7.49844e+07,33414.5,-1.00212e+27,-7.33537e+26,3.15296e+25,6.23081e+24,7.62912e+24,4.30294e+21,820.051,2880.37,4066.18,1594.48,580.332,1058.66
2.69224e+08,-2.2394e+08,-163214,-1.00212e+27,-7.33537e+26,3.15296e+25,6.30684e+24,7.74729e+24,6.93324e+21,820.051,2880.37,4066.18,1594.48,580.332,1058.66
-3.25556e+08,3.92887e+08,374953,-1.00212e+27,-7.33537e+26,3.15296e+25,6.37035e+24,7.85629e+24,9.95766e+21,820.051,2880.37,4066.18,1594.48,580.332,1058.66
0.0012,0.0012,0.0802864,0.05,0.05,3.15296e+25,6.42132e+24,7.95613e+24,1.33762e+22,820.051,2880.37,4066.18,1594.48,580.332,1058.66
0.0012,0.0012,0.0012,0.05,0.05,0.05,0.2,0.2,1,0.05,0.05,0.05,0.05,0.05,0.05
-1.78301e+14,2.11741e+14,-3.34395e+13,-4.91894e+21,1.67392e+21,-1.17817e+19,-1.3671e+25,-1.10665e+25,-3.67987e+13,0.050125,0.050125,0.050125,0.050125,0.050125,0.050125
-3.27174e+13,8.91366e+13,-5.64178e+13,-8.11658e+21,3.05657e+21,-1.83631e+19,-2.7342e+25,-2.21331e+25,-2.62028e+14,0.05025,0.05025,0.05025,0.05025,0.05025,0.05025
3.30937e+19,2.59219e+16,0.0012,0.05,3.50738e+21,0.05,0.2,0.2,1,0.050375,0.050375,0.050375,0.050375,0.050375,0.050375
3.30941e+19,2.55627e+16,1.40946e+12,1.29349e+27,-1.80928e+27,3.81684e+24,-1.35925e+25,-1.11785e+25,3.94238e+19,0.0505,0.0505,0.0505,0.0505,0.0505,0.0505
3.30942e+19,2.54004e+16,1.80002e+12,1.29349e+27,-1.80928e+27,3.81685e+24,-2.70943e+25,-2.24858e+25,1.53987e+20,0.050625,0.050625,0.050625,0.050625,0.050625,0.050625
3.30942e+19,2.5393e+16,7.17132e+12,1.2935e+27,-1.80928e+27,3.81686e+24,-4.05799e+25,-3.38158e+25,3.16261e+20,0.05075,0.05075,0.05075,0.05075,0.05075,0.05075
2.26499e+14,1.83216e+16,0.0012,1.2935e+27,0.05,3.81687e+24,0.2,0.2,5.26246e+20,0.050875,0.050875,0.050875,0.050875,0.050875,0.050875
2.25519e+14,1.83226e+16,3.40368e+07,-4.78351e+26,-1.07193e+27,-1.63403e+24,-1.35822e+25,-1.14445e+25,6.66109e+20,0.051,0.051,0.051,0.051,0.051,0.051
2.25627e+14,1.83225e+16,4.7359e+07,-4.78355e+26,-1.07193e+27,-1.63405e+24,-2.72937e+25,-2.29796e+25,6.85182e+20,0.051125,0.051125,0.051125,0.051125,0.051125,0.051125
2.25532e+14,1.83225e+16,6.45003e+08,-4.78359e+26,-1.07193e+27,-1.63406e+24,-4.10113e+25,-3.45282e+25,6.83829e+20,0.05125,0.05125,0.05125,0.05125,0.05125,0.05125
1.84559e+14,7.716e+15,12.441,0.05,0.05,0.05,0.2,0.2,6.62049e+20,0.051375,0.051375,0.051375,0.051375,0.051375,0.051375
1.84223e+14,7.71634e+15,3.55102e+07,-1.52227e+29,-5.38863e+28,-1.27042e+27,-2.67136e+25,-1.6296e+25,-4.23629e+22,0.0515,0.0515,0.0515,0.0515,0.0515,0.0515
1.84551e+14,7.71601e+15,1.20659e+08,-1.52227e+29,-5.38863e+28,-1.27042e+27,-6.78317e+25,-3.7821e+25,-1.40261e+23,0.051625,0.051625,0.051625,0.051625,0.051625,0.051625
1.85141e+14,7.71542e+15,8.2362e+07,-1.52227e+29,-5.38863e+28,-1.27042e+27,-1.10853e+26,-6.00196e+25,-2.54039e+23,0.05175,0.05175,0.05175,0.05175,0.05175,0.05175
-nan(ind),-nan(ind),-nan(ind),-nan(ind),-nan(ind),-nan(ind),-nan(ind),-nan(ind),1,-nan(ind),-nan(ind),-nan(ind),-nan(ind),-nan(ind),-nan(ind)
-nan(ind),-nan(ind),-nan(ind),-nan(ind),-nan(ind),-nan(ind),-nan(ind),-nan(ind),-nan(ind),-nan(ind),-nan(ind),-nan(ind),-nan(ind),-nan(ind),-nan(ind)
-nan(ind),-nan(ind),-nan(ind),-nan(ind),-nan(ind),-nan(ind),-nan(ind),-nan(ind),-nan(ind),-nan(ind),-nan(ind),-nan(ind),-nan(ind),-nan(ind),-nan(ind)
-nan(ind),-nan(ind),-nan(ind),-nan(ind),-nan(ind),-nan(ind),-nan(ind),-nan(ind),-nan(ind),-nan(ind),-nan(ind),-nan(ind),-nan(ind),-nan(ind),-nan(ind)
-nan(ind),-nan(ind),-nan(ind),-nan(ind),-nan(ind),-nan(ind),-nan(ind),-nan(ind),-nan(ind),-nan(ind),-nan(ind),-nan(ind),-nan(ind),-nan(ind),-nan(ind)
nan,nan,nan,nan,nan,nan,nan,nan,nan,nan,nan,nan,nan,nan,nan
nan,nan,nan,nan,nan,nan,nan,nan,nan,nan,nan,nan,nan,nan,nan
nan,nan,nan,nan,nan,nan,nan,nan,nan,nan,nan,nan,nan,nan,nan
nan,nan,nan,nan,nan,nan,nan,nan,nan,nan,nan,nan,nan,nan,nan
nan,nan,nan,nan,nan,nan,nan,nan,nan,nan,nan,nan,nan,nan,nan
nan,nan,nan,nan,nan,nan,nan,nan,nan,nan,nan,nan,nan,nan,nan
nan,nan,nan,nan,nan,nan,nan,nan,nan,nan,nan,nan,nan,nan,nan
nan,nan,nan,nan,nan,nan,nan,nan,nan,nan,nan,nan,nan,nan,nan
nan,nan,nan,nan,nan,nan,nan,nan,nan,nan,nan,nan,nan,nan,nan
nan,nan,nan,nan,nan,nan,nan,nan,nan,nan,nan,nan,nan,nan,nan
nan,nan,nan,nan,nan,nan,nan,nan,nan,nan,nan,nan,nan,nan,nan
nan,nan,nan,nan,nan,nan,nan,nan,nan,nan,nan,nan,nan,nan,nan
nan,nan,nan,nan,nan,nan,nan,nan,nan,nan,nan,nan,nan,nan,nan
nan,nan,nan,nan,nan,nan,nan,nan,nan,nan,nan,nan,nan,nan,nan
nan,nan,nan,nan,nan,nan,nan,nan,nan,nan,nan,nan,nan,nan,nan
nan,nan,nan,nan,nan,nan,nan,nan,nan,nan,nan,nan,nan,nan,nan
nan,nan,nan,nan,nan,nan,nan,nan,nan,nan,nan,nan,nan,nan,nan
nan,nan,nan,nan,nan,nan,nan,nan,nan,nan,nan,nan,nan,nan,nan
nan,nan,nan,nan,nan,nan,nan,nan,nan,nan,nan,nan,nan,nan,nan
nan,nan,nan,nan,nan,nan,nan,nan,nan,nan,nan,nan,nan,nan,nan
nan,nan,nan,nan,nan,nan,nan,nan,nan,nan,nan,nan,nan,nan,nan
nan,nan,nan,nan,nan,nan,nan,nan,nan,nan,nan,nan,nan,nan,nan
nan,nan,nan,nan,nan,nan,nan,nan,nan,nan,nan,nan,nan,nan,nan
nan,nan,nan,nan,nan,nan,nan,nan,nan,nan,nan,nan,nan,nan,nan
nan,nan,nan,nan,nan,nan,nan,nan,nan,nan,nan,nan,nan,nan,nan
nan,nan,nan,nan,nan,nan,nan,nan,nan,nan,nan,nan,nan,nan,nan
nan,nan,nan,nan,nan,nan,nan,nan,nan,nan,nan,nan,nan,nan,nan
nan,nan,nan,nan,nan,nan,nan,nan,nan,nan,nan,nan,nan,nan,nan
nan,nan,nan,nan,nan,nan,nan,nan,nan,nan,nan,nan,nan,nan,nan
nan,nan,nan,nan,nan,nan,nan,nan,nan,nan,nan,nan,nan,nan,nan
nan,nan,nan,nan,nan,nan,nan,nan,nan,nan,nan,nan,nan,nan,nan
nan,nan,nan,nan,nan,nan,nan,nan,nan,nan,nan,nan,nan,nan,nan
nan,nan,nan,nan,nan,nan,nan,nan,nan,nan,nan,nan,nan,nan,nan
nan,nan,nan,nan,nan,nan,nan,nan,nan,nan,nan,nan,nan,nan,nan
nan,nan,nan,nan,nan,nan,nan,nan,nan,nan,nan,nan,nan,nan,nan
nan,nan,nan,nan,nan,nan,nan,nan,nan,nan,nan,nan,nan,nan,nan
nan,nan,nan,nan,nan,nan,nan,nan,nan,nan,nan,nan,nan,nan,nan
nan,nan,nan,nan,nan,nan,nan,nan,nan,nan,nan,nan,nan,nan,nan
nan,nan,nan,nan,nan,nan,nan,nan,nan,nan,nan,nan,nan,nan,nan
nan,nan,nan,nan,nan,nan,nan,nan,nan,nan,nan,nan,nan,nan,nan
nan,nan,nan,nan,nan,nan,nan,nan,nan,nan,nan,nan,nan,nan,nan
nan,nan,nan,nan,nan,nan,nan,nan,nan,nan,nan,nan,nan,nan,nan
nan,nan,nan,nan,nan,nan,nan,nan,nan,nan,nan,nan,nan,nan,nan
nan,nan,nan,nan,nan,nan,nan,nan,nan,nan,nan,nan,nan,nan,nan
nan,nan,nan,nan,nan,nan,nan,nan,nan,nan,nan,nan,nan,nan,nan
nan,nan,nan,nan,nan,nan,nan,nan,nan,nan,nan,nan,nan,nan,nan
nan,nan,nan,nan,nan,nan,nan,nan,nan,nan,nan,nan,nan,nan,nan
nan,nan,nan,nan,nan,nan,nan,nan,nan,nan,nan,nan,nan,nan,nan
nan,nan,nan,nan,nan,nan,nan,nan,nan,nan,nan,nan,nan,nan,nan
nan,nan,nan,nan,nan,nan,nan,nan,nan,nan,nan,nan,nan,nan,nan
nan,nan,nan,nan,nan,nan,nan,nan,nan,nan,nan,nan,nan,nan,nan
nan,nan,nan,nan,nan,nan,nan,nan,nan,nan,nan,nan,nan,nan,nan
nan,nan,nan,nan,nan,nan,nan,nan,nan,nan,nan,nan,nan,nan,nan
nan,nan,nan,nan,nan,nan,nan,nan,nan,nan,nan,nan,nan,nan,nan
nan,nan,nan,nan,nan,nan,nan,nan,nan,nan,nan,nan,nan,nan,nan
nan,nan,nan,nan,nan,nan,nan,nan,nan,nan,nan,nan,nan,nan,nan
nan,nan,nan,nan,nan,nan,nan,nan,nan,nan,nan,nan,nan,nan,nan
nan,nan,nan,nan,nan,nan,nan,nan,nan,nan,nan,nan,nan,nan,nan
nan,nan,nan,nan,nan,nan,nan,nan,nan,nan,nan,nan,nan,nan,nan
nan,nan,nan,nan,nan,nan,nan,nan,nan,nan,nan,nan,nan,nan,nan
nan,nan,nan,nan,nan,nan,nan,nan,nan,nan,nan,nan,nan,nan,nan
nan,nan,nan,nan,nan,nan,nan,nan,nan,nan,nan,nan,nan,nan,nan
nan,nan,nan,nan,nan,nan,nan,nan,nan,nan,nan,nan,nan,nan,nan
nan,nan,nan,nan,nan,nan,nan,nan,nan,nan,nan,nan,nan,nan,nan
nan,nan,nan,nan,nan,nan,nan,nan,nan,nan,nan,nan,nan,nan,nan
nan,nan,nan,nan,nan,nan,nan,nan,nan,nan,nan,nan,nan,nan,nan
nan,nan,nan,nan,nan,nan,nan,nan,nan,nan,nan,nan,nan,nan,nan
nan,nan,nan,nan,nan,nan,nan,nan,nan,nan,nan,nan,nan,nan,nan
nan,nan,nan,nan,nan,nan,nan,nan,nan,nan,nan,nan,nan,nan,nan
nan,nan,nan,nan,nan,nan,nan,nan,nan,nan,nan,nan,nan,nan,nan
nan,nan,nan,nan,nan,nan,nan,nan,nan,nan,nan,nan,nan,nan,nan
nan,nan,nan,nan,nan,nan,nan,nan,nan,nan,nan,nan,nan,nan,nan
nan,nan,nan,nan,nan,nan,nan,nan,nan,nan,nan,nan,nan,nan,nan
nan,nan,nan,nan,nan,nan,nan,nan,nan,nan,nan,nan,nan,nan,nan
nan,nan,nan,nan,nan,nan,nan,nan,nan,nan,nan,nan,nan,nan,nan
nan,nan,nan,nan,nan,nan,nan,nan,nan,nan,nan,nan,nan,nan,nan
nan,nan,nan,nan,nan,nan,nan,nan,nan,nan,nan,nan,nan,nan,nan
nan,nan,nan,nan,nan,nan,nan,nan,nan,nan,nan,nan,nan,nan,nan
nan,nan,nan,nan,nan,nan,nan,nan,nan,nan,nan,nan,nan,nan,nan
nan,nan,nan,nan,nan,nan,nan,nan,nan,nan,nan,nan,nan,nan,nan
nan,nan,nan,nan,nan,nan,nan,nan,nan,nan,nan,nan,nan,nan,nan
nan,nan,nan,nan,nan,nan,nan,nan,nan,nan,nan,nan,nan,nan,nan
nan,nan,nan,nan,nan,nan,nan,nan,nan,nan,nan,nan,nan,nan,nan
nan,nan,nan,nan,nan,nan,nan,nan,nan,nan,nan,nan,nan,nan,nan
nan,nan,nan,nan,nan,nan,nan,nan,nan,nan,nan,nan,nan,nan,nan
nan,nan,nan,nan,nan,nan,nan,nan,nan,nan,nan,nan,nan,nan,nan
nan,nan,nan,nan,nan,nan,nan,nan,nan,nan,nan,nan,nan,nan,nan
nan,nan,nan,nan,nan,nan,nan,nan,nan,nan,nan,nan,nan,nan,nan
nan,nan,nan,nan,nan,nan,nan,nan,nan,nan,nan,nan,nan,nan,nan
nan,nan,nan,nan,nan,nan,nan,nan,nan,nan,nan,nan,nan,nan,nan
nan,nan,nan,nan,nan,nan,nan,nan,nan,nan,nan,nan,nan,nan,nan
nan,nan,nan,nan,nan,nan,nan,nan,nan,nan,nan,nan,nan,nan,nan
nan,nan,nan,nan,nan,nan,nan,nan,nan,nan,nan,nan,nan,nan,nan
nan,nan,nan,nan,nan,nan,nan,nan,nan,nan,nan,nan,nan,nan,nan
nan,nan,nan,nan,nan,nan,nan,nan,nan,nan,nan,nan,nan,nan,nan
nan,nan,nan,nan,nan,nan,nan,nan,nan,nan,nan,nan,nan,nan,nan
nan,nan,nan,nan,nan,nan,nan,nan,nan,nan,nan,nan,nan,nan,nan
nan,nan,nan,nan,nan,nan,nan,nan,nan,nan,nan,nan,nan,nan,nan
nan,nan,nan,nan,nan,nan,nan,nan,nan,nan,nan,nan,nan,nan,nan
nan,nan,nan,nan,nan,nan,nan,nan,nan,nan,nan,nan,nan,nan,nan
nan,nan,nan,nan,nan,nan,nan,nan,nan,nan,nan,nan,nan,nan,nan
nan,nan,nan,nan,nan,nan,nan,nan,nan,nan,nan,nan,nan,nan,nan
nan,nan,nan,nan,nan,nan,nan,nan,nan,nan,nan,nan,nan,nan,nan
nan,nan,nan,nan,nan,nan,nan,nan,nan,nan,nan,nan,nan,nan,nan
nan,nan,nan,nan,nan,nan,nan,nan,nan,nan,nan,nan,nan,nan,nan
nan,nan,nan,nan,nan,nan,nan,nan,nan,nan,nan,nan,nan,nan,nan
nan,nan,nan,nan,nan,nan,nan,nan,nan,nan,nan,nan,nan,nan,nan
nan,nan,nan,nan,nan,nan,nan,nan,nan,nan,nan,nan,nan,nan,nan
nan,nan,nan,nan,nan,nan,nan,nan,nan,nan,nan,nan,nan,nan,nan
nan,nan,nan,nan,nan,nan,nan,nan,nan,nan,nan,nan,nan,nan,nan
nan,nan,nan,nan,nan,nan,nan,nan,nan,nan,nan,nan,nan,nan,nan
nan,nan,nan,nan,nan,nan,nan,nan,nan,nan,nan,nan,nan,nan,nan
nan,nan,nan,nan,nan,nan,nan,nan,nan,nan,nan,nan,nan,nan,nan
nan,nan,nan,nan,nan,nan,nan,nan,nan,nan,nan,nan,nan,nan,nan
nan,nan,nan,nan,nan,nan,nan,nan,nan,nan,nan,nan,nan,nan,nan
nan,nan,nan,nan,nan,nan,nan,nan,nan,nan,nan,nan,nan,nan,nan
nan,nan,nan,nan,nan,nan,nan,nan,nan,nan,nan,nan,nan,nan,nan
nan,nan,nan,nan,nan,nan,nan,nan,nan,nan,nan,nan,nan,nan,nan
nan,nan,nan,nan,nan,nan,nan,nan,nan,nan,nan,nan,nan,nan,nan
nan,nan,nan,nan,nan,nan,nan,nan,nan,nan,nan,nan,nan,nan,nan
nan,nan,nan,nan,nan,nan,nan,nan,nan,nan,nan,nan,nan,nan,nan
nan,nan,nan,nan,nan,nan,nan,nan,nan,nan,nan,nan,nan,nan,nan
nan,nan,nan,nan,nan,nan,nan,nan,nan,nan,nan,nan,nan,nan,nan
nan,nan,nan,nan,nan,nan,nan,nan,nan,nan,nan,nan,nan,nan,nan
nan,nan,nan,nan,nan,nan,nan,nan,nan,nan,nan,nan,nan,nan,nan
nan,nan,nan,nan,nan,nan,nan,nan,nan,nan,nan,nan,nan,nan,nan
nan,nan,nan,nan,nan,nan,nan,nan,nan,nan,nan,nan,nan,nan,nan
nan,nan,nan,nan,nan,nan,nan,nan,nan,nan,nan,nan,nan,nan,nan
nan,nan,nan,nan,nan,nan,nan,nan,nan,nan,nan,nan,nan,nan,nan
nan,nan,nan,nan,nan,nan,nan,nan,nan,nan,nan,nan,nan,nan,nan
nan,nan,nan,nan,nan,nan,nan,nan,nan,nan,nan,nan,nan,nan,nan
nan,nan,nan,nan,nan,nan,nan,nan,nan,nan,nan,nan,nan,nan,nan
nan,nan,nan,nan,nan,nan,nan,nan,nan,nan,nan,nan,nan,nan,nan
nan,nan,nan,nan,nan,nan,nan,nan,nan,nan,nan,nan,nan,nan,nan
nan,nan,nan,nan,nan,nan,nan,nan,nan,nan,nan,nan,nan,nan,nan
nan,nan,nan,nan,nan,nan,nan,nan,nan,nan,nan,nan,nan,nan,nan
nan,nan,nan,nan,nan,nan,nan,nan,nan,nan,nan,nan,nan,nan,nan
nan,nan,nan,nan,nan,nan,nan,nan,nan,nan,nan,nan,nan,nan,nan
nan,nan,nan,nan,nan,nan,nan,nan,nan,nan,nan,nan,nan,nan,nan
nan,nan,nan,nan,nan,nan,nan,nan,nan,nan,nan,nan,nan,nan,nan
nan,nan,nan,nan,nan,nan,nan,nan,nan,nan,nan,nan,nan,nan,nan
nan,nan,nan,nan,nan,nan,nan,nan,nan,nan,nan,nan,nan,nan,nan
nan,nan,nan,nan,nan,nan,nan,nan,nan,nan,nan,nan,nan,nan,nan
nan,nan,nan,nan,nan,nan,nan,nan,nan,nan,nan,nan,nan,nan,nan
nan,nan,nan,nan,nan,nan,nan,nan,nan,nan,nan,nan,nan,nan,nan
nan,nan,nan,nan,nan,nan,nan,nan,nan,nan,nan,nan,nan,nan,nan
nan,nan,nan,nan,nan,nan,nan,nan,nan,nan,nan,nan,nan,nan,nan
nan,nan,nan,nan,nan,nan,nan,nan,nan,nan,nan,nan,nan,nan,nan
nan,nan,nan,nan,nan,nan,nan,nan,nan,nan,nan,nan,nan,nan,nan
nan,nan,nan,nan,nan,nan,nan,nan,nan,nan,nan,nan,nan,nan,nan
nan,nan,nan,nan,nan,nan,nan,nan,nan,nan,nan,nan,nan,nan,nan
nan,nan,nan,nan,nan,nan,nan,nan,nan,nan,nan,nan,nan,nan,nan
nan,nan,nan,nan,nan,nan,nan,nan,nan,nan,nan,nan,nan,nan,nan
nan,nan,nan,nan,nan,nan,nan,nan,nan,nan,nan,nan,nan,nan,nan
nan,nan,nan,nan,nan,nan,nan,nan,nan,nan,nan,nan,nan,nan,nan
nan,nan,nan,nan,nan,nan,nan,nan,nan,nan,nan,nan,nan,nan,nan
nan,nan,nan,nan,nan,nan,nan,nan,nan,nan,nan,nan,nan,nan,nan
nan,nan,nan,nan,nan,nan,nan,nan,nan,nan,nan,nan,nan,nan,nan
nan,nan,nan,nan,nan,nan,nan,nan,nan,nan,nan,nan,nan,nan,nan
nan,nan,nan,nan,nan,nan,nan,nan,nan,nan,nan,nan,nan,nan,nan
nan,nan,nan,nan,nan,nan,nan,nan,nan,nan,nan,nan,nan,nan,nan
nan,nan,nan,nan,nan,nan,nan,nan,nan,nan,nan,nan,nan,nan,nan
nan,nan,nan,nan,nan,nan,nan,nan,nan,nan,nan,nan,nan,nan,nan
nan,nan,nan,nan,nan,nan,nan,nan,nan,nan,nan,nan,nan,nan,nan
nan,nan,nan,nan,nan,nan,nan,nan,nan,nan,nan,nan,nan,nan,nan
nan,nan,nan,nan,nan,nan,nan,nan,nan,nan,nan,nan,nan,nan,nan
nan,nan,nan,nan,nan,nan,nan,nan,nan,nan,nan,nan,nan,nan,nan
nan,nan,nan,nan,nan,nan,nan,nan,nan,nan,nan,nan,nan,nan,nan
nan,nan,nan,nan,nan,nan,nan,nan,nan,nan,nan,nan,nan,nan,nan
nan,nan,nan,nan,nan,nan,nan,nan,nan,nan,nan,nan,nan,nan,nan
nan,nan,nan,nan,nan,nan,nan,nan,nan,nan,nan,nan,nan,nan,nan
nan,nan,nan,nan,nan,nan,nan,nan,nan,nan,nan,nan,nan,nan,nan
nan,nan,nan,nan,nan,nan,nan,nan,nan,nan,nan,nan,nan,nan,nan
nan,nan,nan,nan,nan,nan,nan,nan,nan,nan,nan,nan,nan,nan,nan
nan,nan,nan,nan,nan,nan,nan,nan,nan,nan,nan,nan,nan,nan,nan
nan,nan,nan,nan,nan,nan,nan,nan,nan,nan,nan,nan,nan,nan,nan
nan,nan,nan,nan,nan,nan,nan,nan,nan,nan,nan,nan,nan,nan,nan
nan,nan,nan,nan,nan,nan,nan,nan,nan,nan,nan,nan,nan,nan,nan
nan,nan,nan,nan,nan,nan,nan,nan,nan,nan,nan,nan,nan,nan,nan
nan,nan,nan,nan,nan,nan,nan,nan,nan,nan,nan,nan,nan,nan,nan
nan,nan,nan,nan,nan,nan,nan,nan,nan,nan,nan,nan,nan,nan,nan
nan,nan,nan,nan,nan,nan,nan,nan,nan,nan,nan,nan,nan,nan,nan
nan,nan,nan,nan,nan,nan,nan,nan,nan,nan,nan,nan,nan,nan,nan
nan,nan,nan,nan,nan,nan,nan,nan,nan,nan,nan,nan,nan,nan,nan
nan,nan,nan,nan,nan,nan,nan,nan,nan,nan,nan,nan,nan,nan,nan
nan,nan,nan,nan,nan,nan,nan,nan,nan,nan,nan,nan,nan,nan,nan
nan,nan,nan,nan,nan,nan,nan,nan,nan,nan,nan,nan,nan,nan,nan
nan,nan,nan,nan,nan,nan,nan,nan,nan,nan,nan,nan,nan,nan,nan
nan,nan,nan,nan,nan,nan,nan,nan,nan,nan,nan,nan,nan,nan,nan
nan,nan,nan,nan,nan,nan,nan,nan,nan,nan,nan,nan,nan,nan,nan
nan,nan,nan,nan,nan,nan,nan,nan,nan,nan,nan,nan,nan,nan,nan
nan,nan,nan,nan,nan,nan,nan,nan,nan,nan,nan,nan,nan,nan,nan
nan,nan,nan,nan,nan,nan,nan,nan,nan,nan,nan,nan,nan,nan,nan
nan,nan,nan,nan,nan,nan,nan,nan,nan,nan,nan,nan,nan,nan,nan
nan,nan,nan,nan,nan,nan,nan,nan,nan,nan,nan,nan,nan,nan,nan
nan,nan,nan,nan,nan,nan,nan,nan,nan,nan,nan,nan,nan,nan,nan
nan,nan,nan,nan,nan,nan,nan,nan,nan,nan,nan,nan,nan,nan,nan
nan,nan,nan,nan,nan,nan,nan,nan,nan,nan,nan,nan,nan,nan,nan
nan,nan,nan,nan,nan,nan,nan,nan,nan,nan,nan,nan,nan,nan,nan
nan,nan,nan,nan,nan,nan,nan,nan,nan,nan,nan,nan,nan,nan,nan
nan,nan,nan,nan,nan,nan,nan,nan,nan,nan,nan,nan,nan,nan,nan
nan,nan,nan,nan,nan,nan,nan,nan,nan,nan,nan,nan,nan,nan,nan
nan,nan,nan,nan,nan,nan,nan,nan,nan,nan,nan,nan,nan,nan,nan
nan,nan,nan,nan,nan,nan,nan,nan,nan,nan,nan,nan,nan,nan,nan
nan,nan,nan,nan,nan,nan,nan,nan,nan,nan,nan,nan,nan,nan,nan
nan,nan,nan,nan,nan,nan,nan,nan,nan,nan,nan,nan,nan,nan,nan
nan,nan,nan,nan,nan,nan,nan,nan,nan,nan,nan,nan,nan,nan,nan
nan,nan,nan,nan,nan,nan,nan,nan,nan,nan,nan,nan,nan,nan,nan
nan,nan,nan,nan,nan,nan,nan,nan,nan,nan,nan,nan,nan,nan,nan
nan,nan,nan,nan,nan,nan,nan,nan,nan,nan,nan,nan,nan,nan,nan
nan,nan,nan,nan,nan,nan,nan,nan,nan,nan,nan,nan,nan,nan,nan
nan,nan,nan,nan,nan,nan,nan,nan,nan,nan,nan,nan,nan,nan,nan
nan,nan,nan,nan,nan,nan,nan,nan,nan,nan,nan,nan,nan,nan,nan
nan,nan,nan,nan,nan,nan,nan,nan,nan,nan,nan,nan,nan,nan,nan
nan,nan,nan,nan,nan,nan,nan,nan,nan,nan,nan,nan,nan,nan,nan
nan,nan,nan,nan,nan,nan,nan,nan,nan,nan,nan,nan,nan,nan,nan
nan,nan,nan,nan,nan,nan,nan,nan,nan,nan,nan,nan,nan,nan,nan
nan,nan,nan,nan,nan,nan,nan,nan,nan,nan,nan,nan,nan,nan,nan
nan,nan,nan,nan,nan,nan,nan,nan,nan,nan,nan,nan,nan,nan,nan
nan,nan,nan,nan,nan,nan,nan,nan,nan,nan,nan,nan,nan,nan,nan
nan,nan,nan,nan,nan,nan,nan,nan,nan,nan,nan,nan,nan,nan,nan
nan,nan,nan,nan,nan,nan,nan,nan,nan,nan,nan,nan,nan,nan,nan
nan,nan,nan,nan,nan,nan,nan,nan,nan,nan,nan,nan,nan,nan,nan
nan,nan,nan,nan,nan,nan,nan,nan,nan,nan,nan,nan,nan,nan,nan
nan,nan,nan,nan,nan,nan,nan,nan,nan,nan,nan,nan,nan,nan,nan
nan,nan,nan,nan,nan,nan,nan,nan,nan,nan,nan,nan,nan,nan,nan
nan,nan,nan,nan,nan,nan,nan,nan,nan,nan,nan,nan,nan,nan,nan
nan,nan,nan,nan,nan,nan,nan,nan,nan,nan,nan,nan,nan,nan,nan
nan,nan,nan,nan,nan,nan,nan,nan,nan,nan,nan,nan,nan,nan,nan
nan,nan,nan,nan,nan,nan,nan,nan,nan,nan,nan,nan,nan,nan,nan
nan,nan,nan,nan,nan,nan,nan,nan,nan,nan,nan,nan,nan,nan,nan
nan,nan,nan,nan,nan,nan,nan,nan,nan,nan,nan,nan,nan,nan,nan
nan,nan,nan,nan,nan,nan,nan,nan,nan,nan,nan,nan,nan,nan,nan
nan,nan,nan,nan,nan,nan,nan,nan,nan,nan,nan,nan,nan,nan,nan
nan,nan,nan,nan,nan,nan,nan,nan,nan,nan,nan,nan,nan,nan,nan
nan,nan,nan,nan,nan,nan,nan,nan,nan,nan,nan,nan,nan,nan,nan
nan,nan,nan,nan,nan,nan,nan,nan,nan,nan,nan,nan,nan,nan,nan
nan,nan,nan,nan,nan,nan,nan,nan,nan,nan,nan,nan,nan,nan,nan
nan,nan,nan,nan,nan,nan,nan,nan,nan,nan,nan,nan,nan,nan,nan
nan,nan,nan,nan,nan,nan,nan,nan,nan,nan,nan,nan,nan,nan,nan
nan,nan,nan,nan,nan,nan,nan,nan,nan,nan,nan,nan,nan,nan,nan
nan,nan,nan,nan,nan,nan,nan,nan,nan,nan,nan,nan,nan,nan,nan
nan,nan,nan,nan,nan,nan,nan,nan,nan,nan,nan,nan,nan,nan,nan
nan,nan,nan,nan,nan,nan,nan,nan,nan,nan,nan,nan,nan,nan,nan
nan,nan,nan,nan,nan,nan,nan,nan,nan,nan,nan,nan,nan,nan,nan
nan,nan,nan,nan,nan,nan,nan,nan,nan,nan,nan,nan,nan,nan,nan
nan,nan,nan,nan,nan,nan,nan,nan,nan,nan,nan,nan,nan,nan,nan
nan,nan,nan,nan,nan,nan,nan,nan,nan,nan,nan,nan,nan,nan,nan
nan,nan,nan,nan,nan,nan,nan,nan,nan,nan,nan,nan,nan,nan,nan
nan,nan,nan,nan,nan,nan,nan,nan,nan,nan,nan,nan,nan,nan,nan
nan,nan,nan,nan,nan,nan,nan,nan,nan,nan,nan,nan,nan,nan,nan
nan,nan,nan,nan,nan,nan,nan,nan,nan,nan,nan,nan,nan,nan,nan
nan,nan,nan,nan,nan,nan,nan,nan,nan,nan,nan,nan,nan,nan,nan
nan,nan,nan,nan,nan,nan,nan,nan,nan,nan,nan,nan,nan,nan,nan
nan,nan,nan,nan,nan,nan,nan,nan,nan,nan,nan,nan,nan,nan,nan
nan,nan,nan,nan,nan,nan,nan,nan,nan,nan,nan,nan,nan,nan,nan
nan,nan,nan,nan,nan,nan,nan,nan,nan,nan,nan,nan,nan,nan,nan
nan,nan,nan,nan,nan,nan,nan,nan,nan,nan,nan,nan,nan,nan,nan
nan,nan,nan,nan,nan,nan,nan,nan,nan,nan,nan,nan,nan,nan,nan
nan,nan,nan,nan,nan,nan,nan,nan,nan,nan,nan,nan,nan,nan,nan
nan,nan,nan,nan,nan,nan,nan,nan,nan,nan,nan,nan,nan,nan,nan
nan,nan,nan,nan,nan,nan,nan,nan,nan,nan,nan,nan,nan,nan,nan
nan,nan,nan,nan,nan,nan,nan,nan,nan,nan,nan,nan,nan,nan,nan
nan,nan,nan,nan,nan,nan,nan,nan,nan,nan,nan,nan,nan,nan,nan
nan,nan,nan,nan,nan,nan,nan,nan,nan,nan,nan,nan,nan,nan,nan
nan,nan,nan,nan,nan,nan,nan,nan,nan,nan,nan,nan,nan,nan,nan
nan,nan,nan,nan,nan,nan,nan,nan,nan,nan,nan,nan,nan,nan,nan
nan,nan,nan,nan,nan,nan,nan,nan,nan,nan,nan,nan,nan,nan,nan
nan,nan,nan,nan,nan,nan,nan,nan,nan,nan,nan,nan,nan,nan,nan
nan,nan,nan,nan,nan,nan,nan,nan,nan,nan,nan,nan,nan,nan,nan
nan,nan,nan,nan,nan,nan,nan,nan,nan,nan,nan,nan,nan,nan,nan
nan,nan,nan,nan,nan,nan,nan,nan,nan,nan,nan,nan,nan,nan,nan
nan,nan,nan,nan,nan,nan,nan,nan,nan,nan,nan,nan,nan,nan,nan
nan,nan,nan,nan,nan,nan,nan,nan,nan,nan,nan,nan,nan,nan,nan
nan,nan,nan,nan,nan,nan,nan,nan,nan,nan,nan,nan,nan,nan,nan
nan,nan,nan,nan,nan,nan,nan,nan,nan,nan,nan,nan,nan,nan,nan
nan,nan,nan,nan,nan,nan,nan,nan,nan,nan,nan,nan,nan,nan,nan
nan,nan,nan,nan,nan,nan,nan,nan,nan,nan,nan,nan,nan,nan,nan
nan,nan,nan,nan,nan,nan,nan,nan,nan,nan,nan,nan,nan,nan,nan
nan,nan,nan,nan,nan,nan,nan,nan,nan,nan,nan,nan,nan,nan,nan
nan,nan,nan,nan,nan,nan,nan,nan,nan,nan,nan,nan,nan,nan,nan
nan,nan,nan,nan,nan,nan,nan,nan,nan,nan,nan,nan,nan,nan,nan
nan,nan,nan,nan,nan,nan,nan,nan,nan,nan,nan,nan,nan,nan,nan
nan,nan,nan,nan,nan,nan,nan,nan,nan,nan,nan,nan,nan,nan,nan
nan,nan,nan,nan,nan,nan,nan,nan,nan,nan,nan,nan,nan,nan,nan
nan,nan,nan,nan,nan,nan,nan,nan,nan,nan,nan,nan,nan,nan,nan
nan,nan,nan,nan,nan,nan,nan,nan,nan,nan,nan,nan,nan,nan,nan
nan,nan,nan,nan,nan,nan,nan,nan,nan,nan,nan,nan,nan,nan,nan
nan,nan,nan,nan,nan,nan,nan,nan,nan,nan,nan,nan,nan,nan,nan
nan,nan,nan,nan,nan,nan,nan,nan,nan,nan,nan,nan,nan,nan,nan
nan,nan,nan,nan,nan,nan,nan,nan,nan,nan,nan,nan,nan,nan,nan
nan,nan,nan,nan,nan,nan,nan,nan,nan,nan,nan,nan,nan,nan,nan
nan,nan,nan,nan,nan,nan,nan,nan,nan,nan,nan,nan,nan,nan,nan
nan,nan,nan,nan,nan,nan,nan,nan,nan,nan,nan,nan,nan,nan,nan
nan,nan,nan,nan,nan,nan,nan,nan,nan,nan,nan,nan,nan,nan,nan
nan,nan,nan,nan,nan,nan,nan,nan,nan,nan,nan,nan,nan,nan,nan
nan,nan,nan,nan,nan,nan,nan,nan,nan,nan,nan,nan,nan,nan,nan
nan,nan,nan,nan,nan,nan,nan,nan,nan,nan,nan,nan,nan,nan,nan
nan,nan,nan,nan,nan,nan,nan,nan,nan,nan,nan,nan,nan,nan,nan
nan,nan,nan,nan,nan,nan,nan,nan,nan,nan,nan,nan,nan,nan,nan
nan,nan,nan,nan,nan,nan,nan,nan,nan,nan,nan,nan,nan,nan,nan
nan,nan,nan,nan,nan,nan,nan,nan,nan,nan,nan,nan,nan,nan,nan
nan,nan,nan,nan,nan,nan,nan,nan,nan,nan,nan,nan,nan,nan,nan
nan,nan,nan,nan,nan,nan,nan,nan,nan,nan,nan,nan,nan,nan,nan
nan,nan,nan,nan,nan,nan,nan,nan,nan,nan,nan,nan,nan,nan,nan
nan,nan,nan,nan,nan,nan,nan,nan,nan,nan,nan,nan,nan,nan,nan
nan,nan,nan,nan,nan,nan,nan,nan,nan,nan,nan,nan,nan,nan,nan
nan,nan,nan,nan,nan,nan,nan,nan,nan,nan,nan,nan,nan,nan,nan
nan,nan,nan,nan,nan,nan,nan,nan,nan,nan,nan,nan,nan,nan,nan
nan,nan,nan,nan,nan,nan,nan,nan,nan,nan,nan,nan,nan,nan,nan
nan,nan,nan,nan,nan,nan,nan,nan,nan,nan,nan,nan,nan,nan,nan
nan,nan,nan,nan,nan,nan,nan,nan,nan,nan,nan,nan,nan,nan,nan
nan,nan,nan,nan,nan,nan,nan,nan,nan,nan,nan,nan,nan,nan,nan
nan,nan,nan,nan,nan,nan,nan,nan,nan,nan,nan,nan,nan,nan,nan
nan,nan,nan,nan,nan,nan,nan,nan,nan,nan,nan,nan,nan,nan,nan
nan,nan,nan,nan,nan,nan,nan,nan,nan,nan,nan,nan,nan,nan,nan
nan,nan,nan,nan,nan,nan,nan,nan,nan,nan,nan,nan,nan,nan,nan
nan,nan,nan,nan,nan,nan,nan,nan,nan,nan,nan,nan,nan,nan,nan
nan,nan,nan,nan,nan,nan,nan,nan,nan,nan,nan,nan,nan,nan,nan
nan,nan,nan,nan,nan,nan,nan,nan,nan,nan,nan,nan,nan,nan,nan
nan,nan,nan,nan,nan,nan,nan,nan,nan,nan,nan,nan,nan,nan,nan
nan,nan,nan,nan,nan,nan,nan,nan,nan,nan,nan,nan,nan,nan,nan
nan,nan,nan,nan,nan,nan,nan,nan,nan,nan,nan,nan,nan,nan,nan
nan,nan,nan,nan,nan,nan,nan,nan,nan,nan,nan,nan,nan,nan,nan
nan,nan,nan,nan,nan,nan,nan,nan,nan,nan,nan,nan,nan,nan,nan
nan,nan,nan,nan,nan,nan,nan,nan,nan,nan,nan,nan,nan,nan,nan
nan,nan,nan,nan,nan,nan,nan,nan,nan,nan,nan,nan,nan,nan,nan
nan,nan,nan,nan,nan,nan,nan,nan,nan,nan,nan,nan,nan,nan,nan
nan,nan,nan,nan,nan,nan,nan,nan,nan,nan,nan,nan,nan,nan,nan
nan,nan,nan,nan,nan,nan,nan,nan,nan,nan,nan,nan,nan,nan,nan
nan,nan,nan,nan,nan,nan,nan,nan,nan,nan,nan,nan,nan,nan,nan
nan,nan,nan,nan,nan,nan,nan,nan,nan,nan,nan,nan,nan,nan,nan
nan,nan,nan,nan,nan,nan,nan,nan,nan,nan,nan,nan,nan,nan,nan
nan,nan,nan,nan,nan,nan,nan,nan,nan,nan,nan,nan,nan,nan,nan
nan,nan,nan,nan,nan,nan,nan,nan,nan,nan,nan,nan,nan,nan,nan
nan,nan,nan,nan,nan,nan,nan,nan,nan,nan,nan,nan,nan,nan,nan
nan,nan,nan,nan,nan,nan,nan,nan,nan,nan,nan,nan,nan,nan,nan
nan,nan,nan,nan,nan,nan,nan,nan,nan,nan,nan,nan,nan,nan,nan
nan,nan,nan,nan,nan,nan,nan,nan,nan,nan,nan,nan,nan,nan,nan
nan,nan,nan,nan,nan,nan,nan,nan,nan,nan,nan,nan,nan,nan,nan
nan,nan,nan,nan,nan,nan,nan,nan,nan,nan,nan,nan,nan,nan,nan
nan,nan,nan,nan,nan,nan,nan,nan,nan,nan,nan,nan,nan,nan,nan
nan,nan,nan,nan,nan,nan,nan,nan,nan,nan,nan,nan,nan,nan,nan
nan,nan,nan,nan,nan,nan,nan,nan,nan,nan,nan,nan,nan,nan,nan
nan,nan,nan,nan,nan,nan,nan,nan,nan,nan,nan,nan,nan,nan,nan
nan,nan,nan,nan,nan,nan,nan,nan,nan,nan,nan,nan,nan,nan,nan
nan,nan,nan,nan,nan,nan,nan,nan,nan,nan,nan,nan,nan,nan,nan
nan,nan,nan,nan,nan,nan,nan,nan,nan,nan,nan,nan,nan,nan,nan
nan,nan,nan,nan,nan,nan,nan,nan,nan,nan,nan,nan,nan,nan,nan
nan,nan,nan,nan,nan,nan,nan,nan,nan,nan,nan,nan,nan,nan,nan
nan,nan,nan,nan,nan,nan,nan,nan,nan,nan,nan,nan,nan,nan,nan
nan,nan,nan,nan,nan,nan,nan,nan,nan,nan,nan,nan,nan,nan,nan
nan,nan,nan,nan,nan,nan,nan,nan,nan,nan,nan,nan,nan,nan,nan
nan,nan,nan,nan,nan,nan,nan,nan,nan,nan,nan,nan,nan,nan,nan
nan,nan,nan,nan,nan,nan,nan,nan,nan,nan,nan,nan,nan,nan,nan
nan,nan,nan,nan,nan,nan,nan,nan,nan,nan,nan,nan,nan,nan,nan
nan,nan,nan,nan,nan,nan,nan,nan,nan,nan,nan,nan,nan,nan,nan
nan,nan,nan,nan,nan,nan,nan,nan,nan,nan,nan,nan,nan,nan,nan
nan,nan,nan,nan,nan,nan,nan,nan,nan,nan,nan,nan,nan,nan,nan
nan,nan,nan,nan,nan,nan,nan,nan,nan,nan,nan,nan,nan,nan,nan
nan,nan,nan,nan,nan,nan,nan,nan,nan,nan,nan,nan,nan,nan,nan
nan,nan,nan,nan,nan,nan,nan,nan,nan,nan,nan,nan,nan,nan,nan
nan,nan,nan,nan,nan,nan,nan,nan,nan,nan,nan,nan,nan,nan,nan
nan,nan,nan,nan,nan,nan,nan,nan,nan,nan,nan,nan,nan,nan,nan
nan,nan,nan,nan,nan,nan,nan,nan,nan,nan,nan,nan,nan,nan,nan
nan,nan,nan,nan,nan,nan,nan,nan,nan,nan,nan,nan,nan,nan,nan
nan,nan,nan,nan,nan,nan,nan,nan,nan,nan,nan,nan,nan,nan,nan
nan,nan,nan,nan,nan,nan,nan,nan,nan,nan,nan,nan,nan,nan,nan
nan,nan,nan,nan,nan,nan,nan,nan,nan,nan,nan,nan,nan,nan,nan
nan,nan,nan,nan,nan,nan,nan,nan,nan,nan,nan,nan,nan,nan,nan
nan,nan,nan,nan,nan,nan,nan,nan,nan,nan,nan,nan,nan,nan,nan
nan,nan,nan,nan,nan,nan,nan,nan,nan,nan,nan,nan,nan,nan,nan
nan,nan,nan,nan,nan,nan,nan,nan,nan,nan,nan,nan,nan,nan,nan
nan,nan,nan,nan,nan,nan,nan,nan,nan,nan,nan,nan,nan,nan,nan
nan,nan,nan,nan,nan,nan,nan,nan,nan,nan,nan,nan,nan,nan,nan
nan,nan,nan,nan,nan,nan,nan,nan,nan,nan,nan,nan,nan,nan,nan
nan,nan,nan,nan,nan,nan,nan,nan,nan,nan,nan,nan,nan,nan,nan
nan,nan,nan,nan,nan,nan,nan,nan,nan,nan,nan,nan,nan,nan,nan
nan,nan,nan,nan,nan,nan,nan,nan,nan,nan,nan,nan,nan,nan,nan
nan,nan,nan,nan,nan,nan,nan,nan,nan,nan,nan,nan,nan,nan,nan
nan,nan,nan,nan,nan,nan,nan,nan,nan,nan,nan,nan,nan,nan,nan
nan,nan,nan,nan,nan,nan,nan,nan,nan,nan,nan,nan,nan,nan,nan
nan,nan,nan,nan,nan,nan,nan,nan,nan,nan,nan,nan,nan,nan,nan
nan,nan,nan,nan,nan,nan,nan,nan,nan,nan,nan,nan,nan,nan,nan
nan,nan,nan,nan,nan,nan,nan,nan,nan,nan,nan,nan,nan,nan,nan
nan,nan,nan,nan,nan,nan,nan,nan,nan,nan,nan,nan,nan,nan,nan
nan,nan,nan,nan,nan,nan,nan,nan,nan,nan,nan,nan,nan,nan,nan
nan,nan,nan,nan,nan,nan,nan,nan,nan,nan,nan,nan,nan,nan,nan
nan,nan,nan,nan,nan,nan,nan,nan,nan,nan,nan,nan,nan,nan,nan
nan,nan,nan,nan,nan,nan,nan,nan,nan,nan,nan,nan,nan,nan,nan
nan,nan,nan,nan,nan,nan,nan,nan,nan,nan,nan,nan,nan,nan,nan
nan,nan,nan,nan,nan,nan,nan,nan,nan,nan,nan,nan,nan,nan,nan
nan,nan,nan,nan,nan,nan,nan,nan,nan,nan,nan,nan,nan,nan,nan
nan,nan,nan,nan,nan,nan,nan,nan,nan,nan,nan,nan,nan,nan,nan
nan,nan,nan,nan,nan,nan,nan,nan,nan,nan,nan,nan,nan,nan,nan
nan,nan,nan,nan,nan,nan,nan,nan,nan,nan,nan,nan,nan,nan,nan
nan,nan,nan,nan,nan,nan,nan,nan,nan,nan,nan,nan,nan,nan,nan
nan,nan,nan,nan,nan,nan,nan,nan,nan,nan,nan,nan,nan,nan,nan
nan,nan,nan,nan,nan,nan,nan,nan,nan,nan,nan,nan,nan,nan,nan
nan,nan,nan,nan,nan,nan,nan,nan,nan,nan,nan,nan,nan,nan,nan
nan,nan,nan,nan,nan,nan,nan,nan,nan,nan,nan,nan,nan,nan,nan
nan,nan,nan,nan,nan,nan,nan,nan,nan,nan,nan,nan,nan,nan,nan
nan,nan,nan,nan,nan,nan,nan,nan,nan,nan,nan,nan,nan,nan,nan
nan,nan,nan,nan,nan,nan,nan,nan,nan,nan,nan,nan,nan,nan,nan
nan,nan,nan,nan,nan,nan,nan,nan,nan,nan,nan,nan,nan,nan,nan
nan,nan,nan,nan,nan,nan,nan,nan,nan,nan,nan,nan,nan,nan,nan
nan,nan,nan,nan,nan,nan,nan,nan,nan,nan,nan,nan,nan,nan,nan
nan,nan,nan,nan,nan,nan,nan,nan,nan,nan,nan,nan,nan,nan,nan
nan,nan,nan,nan,nan,nan,nan,nan,nan,nan,nan,nan,nan,nan,nan
nan,nan,nan,nan,nan,nan,nan,nan,nan,nan,nan,nan,nan,nan,nan
nan,nan,nan,nan,nan,nan,nan,nan,nan,nan,nan,nan,nan,nan,nan
nan,nan,nan,nan,nan,nan,nan,nan,nan,nan,nan,nan,nan,nan,nan
nan,nan,nan,nan,nan,nan,nan,nan,nan,nan,nan,nan,nan,nan,nan
nan,nan,nan,nan,nan,nan,nan,nan,nan,nan,nan,nan,nan,nan,nan
nan,nan,nan,nan,nan,nan,nan,nan,nan,nan,nan,nan,nan,nan,nan
nan,nan,nan,nan,nan,nan,nan,nan,nan,nan,nan,nan,nan,nan,nan
nan,nan,nan,nan,nan,nan,nan,nan,nan,nan,nan,nan,nan,nan,nan
nan,nan,nan,nan,nan,nan,nan,nan,nan,nan,nan,nan,nan,nan,nan
nan,nan,nan,nan,nan,nan,nan,nan,nan,nan,nan,nan,nan,nan,nan
nan,nan,nan,nan,nan,nan,nan,nan,nan,nan,nan,nan,nan,nan,nan
nan,nan,nan,nan,nan,nan,nan,nan,nan,nan,nan,nan,nan,nan,nan
nan,nan,nan,nan,nan,nan,nan,nan,nan,nan,nan,nan,nan,nan,nan
nan,nan,nan,nan,nan,nan,nan,nan,nan,nan,nan,nan,nan,nan,nan
nan,nan,nan,nan,nan,nan,nan,nan,nan,nan,nan,nan,nan,nan,nan
nan,nan,nan,nan,nan,nan,nan,nan,nan,nan,nan,nan,nan,nan,nan
nan,nan,nan,nan,nan,nan,nan,nan,nan,nan,nan,nan,nan,nan,nan
nan,nan,nan,nan,nan,nan,nan,nan,nan,nan,nan,nan,nan,nan,nan
nan,nan,nan,nan,nan,nan,nan,nan,nan,nan,nan,nan,nan,nan,nan
nan,nan,nan,nan,nan,nan,nan,nan,nan,nan,nan,nan,nan,nan,nan
nan,nan,nan,nan,nan,nan,nan,nan,nan,nan,nan,nan,nan,nan,nan
nan,nan,nan,nan,nan,nan,nan,nan,nan,nan,nan,nan,nan,nan,nan
nan,nan,nan,nan,nan,nan,nan,nan,nan,nan,nan,nan,nan,nan,nan
nan,nan,nan,nan,nan,nan,nan,nan,nan,nan,nan,nan,nan,nan,nan
nan,nan,nan,nan,nan,nan,nan,nan,nan,nan,nan,nan,nan,nan,nan
nan,nan,nan,nan,nan,nan,nan,nan,nan,nan,nan,nan,nan,nan,nan
nan,nan,nan,nan,nan,nan,nan,nan,nan,nan,nan,nan,nan,nan,nan
nan,nan,nan,nan,nan,nan,nan,nan,nan,nan,nan,nan,nan,nan,nan
nan,nan,nan,nan,nan,nan,nan,nan,nan,nan,nan,nan,nan,nan,nan
nan,nan,nan,nan,nan,nan,nan,nan,nan,nan,nan,nan,nan,nan,nan
nan,nan,nan,nan,nan,nan,nan,nan,nan,nan,nan,nan,nan,nan,nan
nan,nan,nan,nan,nan,nan,nan,nan,nan,nan,nan,nan,nan,nan,nan
nan,nan,nan,nan,nan,nan,nan,nan,nan,nan,nan,nan,nan,nan,nan
nan,nan,nan,nan,nan,nan,nan,nan,nan,nan,nan,nan,nan,nan,nan
nan,nan,nan,nan,nan,nan,nan,nan,nan,nan,nan,nan,nan,nan,nan
nan,nan,nan,nan,nan,nan,nan,nan,nan,nan,nan,nan,nan,nan,nan
nan,nan,nan,nan,nan,nan,nan,nan,nan,nan,nan,nan,nan,nan,nan
nan,nan,nan,nan,nan,nan,nan,nan,nan,nan,nan,nan,nan,nan,nan
nan,nan,nan,nan,nan,nan,nan,nan,nan,nan,nan,nan,nan,nan,nan
nan,nan,nan,nan,nan,nan,nan,nan,nan,nan,nan,nan,nan,nan,nan
nan,nan,nan,nan,nan,nan,nan,nan,nan,nan,nan,nan,nan,nan,nan
nan,nan,nan,nan,nan,nan,nan,nan,nan,nan,nan,nan,nan,nan,nan
nan,nan,nan,nan,nan,nan,nan,nan,nan,nan,nan,nan,nan,nan,nan
nan,nan,nan,nan,nan,nan,nan,nan,nan,nan,nan,nan,nan,nan,nan
nan,nan,nan,nan,nan,nan,nan,nan,nan,nan,nan,nan,nan,nan,nan
nan,nan,nan,nan,nan,nan,nan,nan,nan,nan,nan,nan,nan,nan,nan
nan,nan,nan,nan,nan,nan,nan,nan,nan,nan,nan,nan,nan,nan,nan
nan,nan,nan,nan,nan,nan,nan,nan,nan,nan,nan,nan,nan,nan,nan
nan,nan,nan,nan,nan,nan,nan,nan,nan,nan,nan,nan,nan,nan,nan
nan,nan,nan,nan,nan,nan,nan,nan,nan,nan,nan,nan,nan,nan,nan
nan,nan,nan,nan,nan,nan,nan,nan,nan,nan,nan,nan,nan,nan,nan
nan,nan,nan,nan,nan,nan,nan,nan,nan,nan,nan,nan,nan,nan,nan
nan,nan,nan,nan,nan,nan,nan,nan,nan,nan,nan,nan,nan,nan,nan
nan,nan,nan,nan,nan,nan,nan,nan,nan,nan,nan,nan,nan,nan,nan
nan,nan,nan,nan,nan,nan,nan,nan,nan,nan,nan,nan,nan,nan,nan
nan,nan,nan,nan,nan,nan,nan,nan,nan,nan,nan,nan,nan,nan,nan
nan,nan,nan,nan,nan,nan,nan,nan,nan,nan,nan,nan,nan,nan,nan
nan,nan,nan,nan,nan,nan,nan,nan,nan,nan,nan,nan,nan,nan,nan
nan,nan,nan,nan,nan,nan,nan,nan,nan,nan,nan,nan,nan,nan,nan
nan,nan,nan,nan,nan,nan,nan,nan,nan,nan,nan,nan,nan,nan,nan
nan,nan,nan,nan,nan,nan,nan,nan,nan,nan,nan,nan,nan,nan,nan
nan,nan,nan,nan,nan,nan,nan,nan,nan,nan,nan,nan,nan,nan,nan
nan,nan,nan,nan,nan,nan,nan,nan,nan,nan,nan,nan,nan,nan,nan
nan,nan,nan,nan,nan,nan,nan,nan,nan,nan,nan,nan,nan,nan,nan
nan,nan,nan,nan,nan,nan,nan,nan,nan,nan,nan,nan,nan,nan,nan
nan,nan,nan,nan,nan,nan,nan,nan,nan,nan,nan,nan,nan,nan,nan
nan,nan,nan,nan,nan,nan,nan,nan,nan,nan,nan,nan,nan,nan,nan
nan,nan,nan,nan,nan,nan,nan,nan,nan,nan,nan,nan,nan,nan,nan
nan,nan,nan,nan,nan,nan,nan,nan,nan,nan,nan,nan,nan,nan,nan
nan,nan,nan,nan,nan,nan,nan,nan,nan,nan,nan,nan,nan,nan,nan
nan,nan,nan,nan,nan,nan,nan,nan,nan,nan,nan,nan,nan,nan,nan
nan,nan,nan,nan,nan,nan,nan,nan,nan,nan,nan,nan,nan,nan,nan
nan,nan,nan,nan,nan,nan,nan,nan,nan,nan,nan,nan,nan,nan,nan
nan,nan,nan,nan,nan,nan,nan,nan,nan,nan,nan,nan,nan,nan,nan
nan,nan,nan,nan,nan,nan,nan,nan,nan,nan,nan,nan,nan,nan,nan
nan,nan,nan,nan,nan,nan,nan,nan,nan,nan,nan,nan,nan,nan,nan
nan,nan,nan,nan,nan,nan,nan,nan,nan,nan,nan,nan,nan,nan,nan
nan,nan,nan,nan,nan,nan,nan,nan,nan,nan,nan,nan,nan,nan,nan
nan,nan,nan,nan,nan,nan,nan,nan,nan,nan,nan,nan,nan,nan,nan
nan,nan,nan,nan,nan,nan,nan,nan,nan,nan,nan,nan,nan,nan,nan
nan,nan,nan,nan,nan,nan,nan,nan,nan,nan,nan,nan,nan,nan,nan
nan,nan,nan,nan,nan,nan,nan,nan,nan,nan,nan,nan,nan,nan,nan
nan,nan,nan,nan,nan,nan,nan,nan,nan,nan,nan,nan,nan,nan,nan
nan,nan,nan,nan,nan,nan,nan,nan,nan,nan,nan,nan,nan,nan,nan
nan,nan,nan,nan,nan,nan,nan,nan,nan,nan,nan,nan,nan,nan,nan
nan,nan,nan,nan,nan,nan,nan,nan,nan,nan,nan,nan,nan,nan,nan
nan,nan,nan,nan,nan,nan,nan,nan,nan,nan,nan,nan,nan,nan,nan
nan,nan,nan,nan,nan,nan,nan,nan,nan,nan,nan,nan,nan,nan,nan
nan,nan,nan,nan,nan,nan,nan,nan,nan,nan,nan,nan,nan,nan,nan
nan,nan,nan,nan,nan,nan,nan,nan,nan,nan,nan,nan,nan,nan,nan
nan,nan,nan,nan,nan,nan,nan,nan,nan,nan,nan,nan,nan,nan,nan
nan,nan,nan,nan,nan,nan,nan,nan,nan,nan,nan,nan,nan,nan,nan
nan,nan,nan,nan,nan,nan,nan,nan,nan,nan,nan,nan,nan,nan,nan
nan,nan,nan,nan,nan,nan,nan,nan,nan,nan,nan,nan,nan,nan,nan
nan,nan,nan,nan,nan,nan,nan,nan,nan,nan,nan,nan,nan,nan,nan
nan,nan,nan,nan,nan,nan,nan,nan,nan,nan,nan,nan,nan,nan,nan
nan,nan,nan,nan,nan,nan,nan,nan,nan,nan,nan,nan,nan,nan,nan
nan,nan,nan,nan,nan,nan,nan,nan,nan,nan,nan,nan,nan,nan,nan
nan,nan,nan,nan,nan,nan,nan,nan,nan,nan,nan,nan,nan,nan,nan
nan,nan,nan,nan,nan,nan,nan,nan,nan,nan,nan,nan,nan,nan,nan
nan,nan,nan,nan,nan,nan,nan,nan,nan,nan,nan,nan,nan,nan,nan
nan,nan,nan,nan,nan,nan,nan,nan,nan,nan,nan,nan,nan,nan,nan
nan,nan,nan,nan,nan,nan,nan,nan,nan,nan,nan,nan,nan,nan,nan
nan,nan,nan,nan,nan,nan,nan,nan,nan,nan,nan,nan,nan,nan,nan
nan,nan,nan,nan,nan,nan,nan,nan,nan,nan,nan,nan,nan,nan,nan
nan,nan,nan,nan,nan,nan,nan,nan,nan,nan,nan,nan,nan,nan,nan
nan,nan,nan,nan,nan,nan,nan,nan,nan,nan,nan,nan,nan,nan,nan
nan,nan,nan,nan,nan,nan,nan,nan,nan,nan,nan,nan,nan,nan,nan
nan,nan,nan,nan,nan,nan,nan,nan,nan,nan,nan,nan,nan,nan,nan
nan,nan,nan,nan,nan,nan,nan,nan,nan,nan,nan,nan,nan,nan,nan
nan,nan,nan,nan,nan,nan,nan,nan,nan,nan,nan,nan,nan,nan,nan
nan,nan,nan,nan,nan,nan,nan,nan,nan,nan,nan,nan,nan,nan,nan
nan,nan,nan,nan,nan,nan,nan,nan,nan,nan,nan,nan,nan,nan,nan
nan,nan,nan,nan,nan,nan,nan,nan,nan,nan,nan,nan,nan,nan,nan
nan,nan,nan,nan,nan,nan,nan,nan,nan,nan,nan,nan,nan,nan,nan
nan,nan,nan,nan,nan,nan,nan,nan,nan,nan,nan,nan,nan,nan,nan
nan,nan,nan,nan,nan,nan,nan,nan,nan,nan,nan,nan,nan,nan,nan
nan,nan,nan,nan,nan,nan,nan,nan,nan,nan,nan,nan,nan,nan,nan
nan,nan,nan,nan,nan,nan,nan,nan,nan,nan,nan,nan,nan,nan,nan
nan,nan,nan,nan,nan,nan,nan,nan,nan,nan,nan,nan,nan,nan,nan
nan,nan,nan,nan,nan,nan,nan,nan,nan,nan,nan,nan,nan,nan,nan
nan,nan,nan,nan,nan,nan,nan,nan,nan,nan,nan,nan,nan,nan,nan
nan,nan,nan,nan,nan,nan,nan,nan,nan,nan,nan,nan,nan,nan,nan
nan,nan,nan,nan,nan,nan,nan,nan,nan,nan,nan,nan,nan,nan,nan
nan,nan,nan,nan,nan,nan,nan,nan,nan,nan,nan,nan,nan,nan,nan
nan,nan,nan,nan,nan,nan,nan,nan,nan,nan,nan,nan,nan,nan,nan
nan,nan,nan,nan,nan,nan,nan,nan,nan,nan,nan,nan,nan,nan,nan
nan,nan,nan,nan,nan,nan,nan,nan,nan,nan,nan,nan,nan,nan,nan
nan,nan,nan,nan,nan,nan,nan,nan,nan,nan,nan,nan,nan,nan,nan
nan,nan,nan,nan,nan,nan,nan,nan,nan,nan,nan,nan,nan,nan,nan
nan,nan,nan,nan,nan,nan,nan,nan,nan,nan,nan,nan,nan,nan,nan
nan,nan,nan,nan,nan,nan,nan,nan,nan,nan,nan,nan,nan,nan,nan
nan,nan,nan,nan,nan,nan,nan,nan,nan,nan,nan,nan,nan,nan,nan
nan,nan,nan,nan,nan,nan,nan,nan,nan,nan,nan,nan,nan,nan,nan
nan,nan,nan,nan,nan,nan,nan,nan,nan,nan,nan,nan,nan,nan,nan
nan,nan,nan,nan,nan,nan,nan,nan,nan,nan,nan,nan,nan,nan,nan
nan,nan,nan,nan,nan,nan,nan,nan,nan,nan,nan,nan,nan,nan,nan
nan,nan,nan,nan,nan,nan,nan,nan,nan,nan,nan,nan,nan,nan,nan
nan,nan,nan,nan,nan,nan,nan,nan,nan,nan,nan,nan,nan,nan,nan
nan,nan,nan,nan,nan,nan,nan,nan,nan,nan,nan,nan,nan,nan,nan
nan,nan,nan,nan,nan,nan,nan,nan,nan,nan,nan,nan,nan,nan,nan
nan,nan,nan,nan,nan,nan,nan,nan,nan,nan,nan,nan,nan,nan,nan
nan,nan,nan,nan,nan,nan,nan,nan,nan,nan,nan,nan,nan,nan,nan
nan,nan,nan,nan,nan,nan,nan,nan,nan,nan,nan,nan,nan,nan,nan
nan,nan,nan,nan,nan,nan,nan,nan,nan,nan,nan,nan,nan,nan,nan
nan,nan,nan,nan,nan,nan,nan,nan,nan,nan,nan,nan,nan,nan,nan
nan,nan,nan,nan,nan,nan,nan,nan,nan,nan,nan,nan,nan,nan,nan
nan,nan,nan,nan,nan,nan,nan,nan,nan,nan,nan,nan,nan,nan,nan
nan,nan,nan,nan,nan,nan,nan,nan,nan,nan,nan,nan,nan,nan,nan
nan,nan,nan,nan,nan,nan,nan,nan,nan,nan,nan,nan,nan,nan,nan
nan,nan,nan,nan,nan,nan,nan,nan,nan,nan,nan,nan,nan,nan,nan
nan,nan,nan,nan,nan,nan,nan,nan,nan,nan,nan,nan,nan,nan,nan
nan,nan,nan,nan,nan,nan,nan,nan,nan,nan,nan,nan,nan,nan,nan
nan,nan,nan,nan,nan,nan,nan,nan,nan,nan,nan,nan,nan,nan,nan
nan,nan,nan,nan,nan,nan,nan,nan,nan,nan,nan,nan,nan,nan,nan
nan,nan,nan,nan,nan,nan,nan,nan,nan,nan,nan,nan,nan,nan,nan
nan,nan,nan,nan,nan,nan,nan,nan,nan,nan,nan,nan,nan,nan,nan
nan,nan,nan,nan,nan,nan,nan,nan,nan,nan,nan,nan,nan,nan,nan
nan,nan,nan,nan,nan,nan,nan,nan,nan,nan,nan,nan,nan,nan,nan
nan,nan,nan,nan,nan,nan,nan,nan,nan,nan,nan,nan,nan,nan,nan
nan,nan,nan,nan,nan,nan,nan,nan,nan,nan,nan,nan,nan,nan,nan
nan,nan,nan,nan,nan,nan,nan,nan,nan,nan,nan,nan,nan,nan,nan
nan,nan,nan,nan,nan,nan,nan,nan,nan,nan,nan,nan,nan,nan,nan
nan,nan,nan,nan,nan,nan,nan,nan,nan,nan,nan,nan,nan,nan,nan
nan,nan,nan,nan,nan,nan,nan,nan,nan,nan,nan,nan,nan,nan,nan
nan,nan,nan,nan,nan,nan,nan,nan,nan,nan,nan,nan,nan,nan,nan
nan,nan,nan,nan,nan,nan,nan,nan,nan,nan,nan,nan,nan,nan,nan
nan,nan,nan,nan,nan,nan,nan,nan,nan,nan,nan,nan,nan,nan,nan
nan,nan,nan,nan,nan,nan,nan,nan,nan,nan,nan,nan,nan,nan,nan
nan,nan,nan,nan,nan,nan,nan,nan,nan,nan,nan,nan,nan,nan,nan
nan,nan,nan,nan,nan,nan,nan,nan,nan,nan,nan,nan,nan,nan,nan
nan,nan,nan,nan,nan,nan,nan,nan,nan,nan,nan,nan,nan,nan,nan
nan,nan,nan,nan,nan,nan,nan,nan,nan,nan,nan,nan,nan,nan,nan
nan,nan,nan,nan,nan,nan,nan,nan,nan,nan,nan,nan,nan,nan,nan
nan,nan,nan,nan,nan,nan,nan,nan,nan,nan,nan,nan,nan,nan,nan
nan,nan,nan,nan,nan,nan,nan,nan,nan,nan,nan,nan,nan,nan,nan
nan,nan,nan,nan,nan,nan,nan,nan,nan,nan,nan,nan,nan,nan,nan
nan,nan,nan,nan,nan,nan,nan,nan,nan,nan,nan,nan,nan,nan,nan
nan,nan,nan,nan,nan,nan,nan,nan,nan,nan,nan,nan,nan,nan,nan
nan,nan,nan,nan,nan,nan,nan,nan,nan,nan,nan,nan,nan,nan,nan
nan,nan,nan,nan,nan,nan,nan,nan,nan,nan,nan,nan,nan,nan,nan
nan,nan,nan,nan,nan,nan,nan,nan,nan,nan,nan,nan,nan,nan,nan
nan,nan,nan,nan,nan,nan,nan,nan,nan,nan,nan,nan,nan,nan,nan
nan,nan,nan,nan,nan,nan,nan,nan,nan,nan,nan,nan,nan,nan,nan
nan,nan,nan,nan,nan,nan,nan,nan,nan,nan,nan,nan,nan,nan,nan
nan,nan,nan,nan,nan,nan,nan,nan,nan,nan,nan,nan,nan,nan,nan
nan,nan,nan,nan,nan,nan,nan,nan,nan,nan,nan,nan,nan,nan,nan
nan,nan,nan,nan,nan,nan,nan,nan,nan,nan,nan,nan,nan,nan,nan
nan,nan,nan,nan,nan,nan,nan,nan,nan,nan,nan,nan,nan,nan,nan
nan,nan,nan,nan,nan,nan,nan,nan,nan,nan,nan,nan,nan,nan,nan
nan,nan,nan,nan,nan,nan,nan,nan,nan,nan,nan,nan,nan,nan,nan
nan,nan,nan,nan,nan,nan,nan,nan,nan,nan,nan,nan,nan,nan,nan
nan,nan,nan,nan,nan,nan,nan,nan,nan,nan,nan,nan,nan,nan,nan
nan,nan,nan,nan,nan,nan,nan,nan,nan,nan,nan,nan,nan,nan,nan
nan,nan,nan,nan,nan,nan,nan,nan,nan,nan,nan,nan,nan,nan,nan
nan,nan,nan,nan,nan,nan,nan,nan,nan,nan,nan,nan,nan,nan,nan
nan,nan,nan,nan,nan,nan,nan,nan,nan,nan,nan,nan,nan,nan,nan
nan,nan,nan,nan,nan,nan,nan,nan,nan,nan,nan,nan,nan,nan,nan
nan,nan,nan,nan,nan,nan,nan,nan,nan,nan,nan,nan,nan,nan,nan
nan,nan,nan,nan,nan,nan,nan,nan,nan,nan,nan,nan,nan,nan,nan
nan,nan,nan,nan,nan,nan,nan,nan,nan,nan,nan,nan,nan,nan,nan
nan,nan,nan,nan,nan,nan,nan,nan,nan,nan,nan,nan,nan,nan,nan
nan,nan,nan,nan,nan,nan,nan,nan,nan,nan,nan,nan,nan,nan,nan
nan,nan,nan,nan,nan,nan,nan,nan,nan,nan,nan,nan,nan,nan,nan
nan,nan,nan,nan,nan,nan,nan,nan,nan,nan,nan,nan,nan,nan,nan
nan,nan,nan,nan,nan,nan,nan,nan,nan,nan,nan,nan,nan,nan,nan
nan,nan,nan,nan,nan,nan,nan,nan,nan,nan,nan,nan,nan,nan,nan
nan,nan,nan,nan,nan,nan,nan,nan,nan,nan,nan,nan,nan,nan,nan
nan,nan,nan,nan,nan,nan,nan,nan,nan,nan,nan,nan,nan,nan,nan
nan,nan,nan,nan,nan,nan,nan,nan,nan,nan,nan,nan,nan,nan,nan
nan,nan,nan,nan,nan,nan,nan,nan,nan,nan,nan,nan,nan,nan,nan
nan,nan,nan,nan,nan,nan,nan,nan,nan,nan,nan,nan,nan,nan,nan
nan,nan,nan,nan,nan,nan,nan,nan,nan,nan,nan,nan,nan,nan,nan
nan,nan,nan,nan,nan,nan,nan,nan,nan,nan,nan,nan,nan,nan,nan
nan,nan,nan,nan,nan,nan,nan,nan,nan,nan,nan,nan,nan,nan,nan
nan,nan,nan,nan,nan,nan,nan,nan,nan,nan,nan,nan,nan,nan,nan
nan,nan,nan,nan,nan,nan,nan,nan,nan,nan,nan,nan,nan,nan,nan
nan,nan,nan,nan,nan,nan,nan,nan,nan,nan,nan,nan,nan,nan,nan
nan,nan,nan,nan,nan,nan,nan,nan,nan,nan,nan,nan,nan,nan,nan
nan,nan,nan,nan,nan,nan,nan,nan,nan,nan,nan,nan,nan,nan,nan
nan,nan,nan,nan,nan,nan,nan,nan,nan,nan,nan,nan,nan,nan,nan
nan,nan,nan,nan,nan,nan,nan,nan,nan,nan,nan,nan,nan,nan,nan
nan,nan,nan,nan,nan,nan,nan,nan,nan,nan,nan,nan,nan,nan,nan
nan,nan,nan,nan,nan,nan,nan,nan,nan,nan,nan,nan,nan,nan,nan
nan,nan,nan,nan,nan,nan,nan,nan,nan,nan,nan,nan,nan,nan,nan
nan,nan,nan,nan,nan,nan,nan,nan,nan,nan,nan,nan,nan,nan,nan
nan,nan,nan,nan,nan,nan,nan,nan,nan,nan,nan,nan,nan,nan,nan
nan,nan,nan,nan,nan,nan,nan,nan,nan,nan,nan,nan,nan,nan,nan
nan,nan,nan,nan,nan,nan,nan,nan,nan,nan,nan,nan,nan,nan,nan
nan,nan,nan,nan,nan,nan,nan,nan,nan,nan,nan,nan,nan,nan,nan
nan,nan,nan,nan,nan,nan,nan,nan,nan,nan,nan,nan,nan,nan,nan
nan,nan,nan,nan,nan,nan,nan,nan,nan,nan,nan,nan,nan,nan,nan
nan,nan,nan,nan,nan,nan,nan,nan,nan,nan,nan,nan,nan,nan,nan
nan,nan,nan,nan,nan,nan,nan,nan,nan,nan,nan,nan,nan,nan,nan
nan,nan,nan,nan,nan,nan,nan,nan,nan,nan,nan,nan,nan,nan,nan
nan,nan,nan,nan,nan,nan,nan,nan,nan,nan,nan,nan,nan,nan,nan
nan,nan,nan,nan,nan,nan,nan,nan,nan,nan,nan,nan,nan,nan,nan
nan,nan,nan,nan,nan,nan,nan,nan,nan,nan,nan,nan,nan,nan,nan
nan,nan,nan,nan,nan,nan,nan,nan,nan,nan,nan,nan,nan,nan,nan
nan,nan,nan,nan,nan,nan,nan,nan,nan,nan,nan,nan,nan,nan,nan
nan,nan,nan,nan,nan,nan,nan,nan,nan,nan,nan,nan,nan,nan,nan
nan,nan,nan,nan,nan,nan,nan,nan,nan,nan,nan,nan,nan,nan,nan
nan,nan,nan,nan,nan,nan,nan,nan,nan,nan,nan,nan,nan,nan,nan
nan,nan,nan,nan,nan,nan,nan,nan,nan,nan,nan,nan,nan,nan,nan
nan,nan,nan,nan,nan,nan,nan,nan,nan,nan,nan,nan,nan,nan,nan
nan,nan,nan,nan,nan,nan,nan,nan,nan,nan,nan,nan,nan,nan,nan
nan,nan,nan,nan,nan,nan,nan,nan,nan,nan,nan,nan,nan,nan,nan
nan,nan,nan,nan,nan,nan,nan,nan,nan,nan,nan,nan,nan,nan,nan
nan,nan,nan,nan,nan,nan,nan,nan,nan,nan,nan,nan,nan,nan,nan
nan,nan,nan,nan,nan,nan,nan,nan,nan,nan,nan,nan,nan,nan,nan
nan,nan,nan,nan,nan,nan,nan,nan,nan,nan,nan,nan,nan,nan,nan
nan,nan,nan,nan,nan,nan,nan,nan,nan,nan,nan,nan,nan,nan,nan
nan,nan,nan,nan,nan,nan,nan,nan,nan,nan,nan,nan,nan,nan,nan
nan,nan,nan,nan,nan,nan,nan,nan,nan,nan,nan,nan,nan,nan,nan
nan,nan,nan,nan,nan,nan,nan,nan,nan,nan,nan,nan,nan,nan,nan
nan,nan,nan,nan,nan,nan,nan,nan,nan,nan,nan,nan,nan,nan,nan
nan,nan,nan,nan,nan,nan,nan,nan,nan,nan,nan,nan,nan,nan,nan
nan,nan,nan,nan,nan,nan,nan,nan,nan,nan,nan,nan,nan,nan,nan
nan,nan,nan,nan,nan,nan,nan,nan,nan,nan,nan,nan,nan,nan,nan
nan,nan,nan,nan,nan,nan,nan,nan,nan,nan,nan,nan,nan,nan,nan
nan,nan,nan,nan,nan,nan,nan,nan,nan,nan,nan,nan,nan,nan,nan
nan,nan,nan,nan,nan,nan,nan,nan,nan,nan,nan,nan,nan,nan,nan
nan,nan,nan,nan,nan,nan,nan,nan,nan,nan,nan,nan,nan,nan,nan
nan,nan,nan,nan,nan,nan,nan,nan,nan,nan,nan,nan,nan,nan,nan
nan,nan,nan,nan,nan,nan,nan,nan,nan,nan,nan,nan,nan,nan,nan
nan,nan,nan,nan,nan,nan,nan,nan,nan,nan,nan,nan,nan,nan,nan
nan,nan,nan,nan,nan,nan,nan,nan,nan,nan,nan,nan,nan,nan,nan
nan,nan,nan,nan,nan,nan,nan,nan,nan,nan,nan,nan,nan,nan,nan
nan,nan,nan,nan,nan,nan,nan,nan,nan,nan,nan,nan,nan,nan,nan
nan,nan,nan,nan,nan,nan,nan,nan,nan,nan,nan,nan,nan,nan,nan
nan,nan,nan,nan,nan,nan,nan,nan,nan,nan,nan,nan,nan,nan,nan
nan,nan,nan,nan,nan,nan,nan,nan,nan,nan,nan,nan,nan,nan,nan
nan,nan,nan,nan,nan,nan,nan,nan,nan,nan,nan,nan,nan,nan,nan
nan,nan,nan,nan,nan,nan,nan,nan,nan,nan,nan,nan,nan,nan,nan
nan,nan,nan,nan,nan,nan,nan,nan,nan,nan,nan,nan,nan,nan,nan
nan,nan,nan,nan,nan,nan,nan,nan,nan,nan,nan,nan,nan,nan,nan
nan,nan,nan,nan,nan,nan,nan,nan,nan,nan,nan,nan,nan,nan,nan
nan,nan,nan,nan,nan,nan,nan,nan,nan,nan,nan,nan,nan,nan,nan
nan,nan,nan,nan,nan,nan,nan,nan,nan,nan,nan,nan,nan,nan,nan
nan,nan,nan,nan,nan,nan,nan,nan,nan,nan,nan,nan,nan,nan,nan
nan,nan,nan,nan,nan,nan,nan,nan,nan,nan,nan,nan,nan,nan,nan
nan,nan,nan,nan,nan,nan,nan,nan,nan,nan,nan,nan,nan,nan,nan
nan,nan,nan,nan,nan,nan,nan,nan,nan,nan,nan,nan,nan,nan,nan
nan,nan,nan,nan,nan,nan,nan,nan,nan,nan,nan,nan,nan,nan,nan
nan,nan,nan,nan,nan,nan,nan,nan,nan,nan,nan,nan,nan,nan,nan
nan,nan,nan,nan,nan,nan,nan,nan,nan,nan,nan,nan,nan,nan,nan
nan,nan,nan,nan,nan,nan,nan,nan,nan,nan,nan,nan,nan,nan,nan
nan,nan,nan,nan,nan,nan,nan,nan,nan,nan,nan,nan,nan,nan,nan
nan,nan,nan,nan,nan,nan,nan,nan,nan,nan,nan,nan,nan,nan,nan
nan,nan,nan,nan,nan,nan,nan,nan,nan,nan,nan,nan,nan,nan,nan
nan,nan,nan,nan,nan,nan,nan,nan,nan,nan,nan,nan,nan,nan,nan
nan,nan,nan,nan,nan,nan,nan,nan,nan,nan,nan,nan,nan,nan,nan
nan,nan,nan,nan,nan,nan,nan,nan,nan,nan,nan,nan,nan,nan,nan
nan,nan,nan,nan,nan,nan,nan,nan,nan,nan,nan,nan,nan,nan,nan
nan,nan,nan,nan,nan,nan,nan,nan,nan,nan,nan,nan,nan,nan,nan
nan,nan,nan,nan,nan,nan,nan,nan,nan,nan,nan,nan,nan,nan,nan
nan,nan,nan,nan,nan,nan,nan,nan,nan,nan,nan,nan,nan,nan,nan
nan,nan,nan,nan,nan,nan,nan,nan,nan,nan,nan,nan,nan,nan,nan
nan,nan,nan,nan,nan,nan,nan,nan,nan,nan,nan,nan,nan,nan,nan
nan,nan,nan,nan,nan,nan,nan,nan,nan,nan,nan,nan,nan,nan,nan
nan,nan,nan,nan,nan,nan,nan,nan,nan,nan,nan,nan,nan,nan,nan
nan,nan,nan,nan,nan,nan,nan,nan,nan,nan,nan,nan,nan,nan,nan
nan,nan,nan,nan,nan,nan,nan,nan,nan,nan,nan,nan,nan,nan,nan
nan,nan,nan,nan,nan,nan,nan,nan,nan,nan,nan,nan,nan,nan,nan
nan,nan,nan,nan,nan,nan,nan,nan,nan,nan,nan,nan,nan,nan,nan
nan,nan,nan,nan,nan,nan,nan,nan,nan,nan,nan,nan,nan,nan,nan
nan,nan,nan,nan,nan,nan,nan,nan,nan,nan,nan,nan,nan,nan,nan
nan,nan,nan,nan,nan,nan,nan,nan,nan,nan,nan,nan,nan,nan,nan
nan,nan,nan,nan,nan,nan,nan,nan,nan,nan,nan,nan,nan,nan,nan
nan,nan,nan,nan,nan,nan,nan,nan,nan,nan,nan,nan,nan,nan,nan
nan,nan,nan,nan,nan,nan,nan,nan,nan,nan,nan,nan,nan,nan,nan
nan,nan,nan,nan,nan,nan,nan,nan,nan,nan,nan,nan,nan,nan,nan
nan,nan,nan,nan,nan,nan,nan,nan,nan,nan,nan,nan,nan,nan,nan
nan,nan,nan,nan,nan,nan,nan,nan,nan,nan,nan,nan,nan,nan,nan
nan,nan,nan,nan,nan,nan,nan,nan,nan,nan,nan,nan,nan,nan,nan
nan,nan,nan,nan,nan,nan,nan,nan,nan,nan,nan,nan,nan,nan,nan
nan,nan,nan,nan,nan,nan,nan,nan,nan,nan,nan,nan,nan,nan,nan
nan,nan,nan,nan,nan,nan,nan,nan,nan,nan,nan,nan,nan,nan,nan
nan,nan,nan,nan,nan,nan,nan,nan,nan,nan,nan,nan,nan,nan,nan
nan,nan,nan,nan,nan,nan,nan,nan,nan,nan,nan,nan,nan,nan,nan
nan,nan,nan,nan,nan,nan,nan,nan,nan,nan,nan,nan,nan,nan,nan
nan,nan,nan,nan,nan,nan,nan,nan,nan,nan,nan,nan,nan,nan,nan
nan,nan,nan,nan,nan,nan,nan,nan,nan,nan,nan,nan,nan,nan,nan
nan,nan,nan,nan,nan,nan,nan,nan,nan,nan,nan,nan,nan,nan,nan
nan,nan,nan,nan,nan,nan,nan,nan,nan,nan,nan,nan,nan,nan,nan
nan,nan,nan,nan,nan,nan,nan,nan,nan,nan,nan,nan,nan,nan,nan
nan,nan,nan,nan,nan,nan,nan,nan,nan,nan,nan,nan,nan,nan,nan
nan,nan,nan,nan,nan,nan,nan,nan,nan,nan,nan,nan,nan,nan,nan
nan,nan,nan,nan,nan,nan,nan,nan,nan,nan,nan,nan,nan,nan,nan
nan,nan,nan,nan,nan,nan,nan,nan,nan,nan,nan,nan,nan,nan,nan
nan,nan,nan,nan,nan,nan,nan,nan,nan,nan,nan,nan,nan,nan,nan
nan,nan,nan,nan,nan,nan,nan,nan,nan,nan,nan,nan,nan,nan,nan
nan,nan,nan,nan,nan,nan,nan,nan,nan,nan,nan,nan,nan,nan,nan
nan,nan,nan,nan,nan,nan,nan,nan,nan,nan,nan,nan,nan,nan,nan
nan,nan,nan,nan,nan,nan,nan,nan,nan,nan,nan,nan,nan,nan,nan
nan,nan,nan,nan,nan,nan,nan,nan,nan,nan,nan,nan,nan,nan,nan
nan,nan,nan,nan,nan,nan,nan,nan,nan,nan,nan,nan,nan,nan,nan
nan,nan,nan,nan,nan,nan,nan,nan,nan,nan,nan,nan,nan,nan,nan
nan,nan,nan,nan,nan,nan,nan,nan,nan,nan,nan,nan,nan,nan,nan
nan,nan,nan,nan,nan,nan,nan,nan,nan,nan,nan,nan,nan,nan,nan
nan,nan,nan,nan,nan,nan,nan,nan,nan,nan,nan,nan,nan,nan,nan
nan,nan,nan,nan,nan,nan,nan,nan,nan,nan,nan,nan,nan,nan,nan
nan,nan,nan,nan,nan,nan,nan,nan,nan,nan,nan,nan,nan,nan,nan
nan,nan,nan,nan,nan,nan,nan,nan,nan,nan,nan,nan,nan,nan,nan
nan,nan,nan,nan,nan,nan,nan,nan,nan,nan,nan,nan,nan,nan,nan
nan,nan,nan,nan,nan,nan,nan,nan,nan,nan,nan,nan,nan,nan,nan
nan,nan,nan,nan,nan,nan,nan,nan,nan,nan,nan,nan,nan,nan,nan
nan,nan,nan,nan,nan,nan,nan,nan,nan,nan,nan,nan,nan,nan,nan
nan,nan,nan,nan,nan,nan,nan,nan,nan,nan,nan,nan,nan,nan,nan
nan,nan,nan,nan,nan,nan,nan,nan,nan,nan,nan,nan,nan,nan,nan
nan,nan,nan,nan,nan,nan,nan,nan,nan,nan,nan,nan,nan,nan,nan
nan,nan,nan,nan,nan,nan,nan,nan,nan,nan,nan,nan,nan,nan,nan
nan,nan,nan,nan,nan,nan,nan,nan,nan,nan,nan,nan,nan,nan,nan
nan,nan,nan,nan,nan,nan,nan,nan,nan,nan,nan,nan,nan,nan,nan
nan,nan,nan,nan,nan,nan,nan,nan,nan,nan,nan,nan,nan,nan,nan
nan,nan,nan,nan,nan,nan,nan,nan,nan,nan,nan,nan,nan,nan,nan
nan,nan,nan,nan,nan,nan,nan,nan,nan,nan,nan,nan,nan,nan,nan
nan,nan,nan,nan,nan,nan,nan,nan,nan,nan,nan,nan,nan,nan,nan
nan,nan,nan,nan,nan,nan,nan,nan,nan,nan,nan,nan,nan,nan,nan
nan,nan,nan,nan,nan,nan,nan,nan,nan,nan,nan,nan,nan,nan,nan
nan,nan,nan,nan,nan,nan,nan,nan,nan,nan,nan,nan,nan,nan,nan
nan,nan,nan,nan,nan,nan,nan,nan,nan,nan,nan,nan,nan,nan,nan
nan,nan,nan,nan,nan,nan,nan,nan,nan,nan,nan,nan,nan,nan,nan
nan,nan,nan,nan,nan,nan,nan,nan,nan,nan,nan,nan,nan,nan,nan
nan,nan,nan,nan,nan,nan,nan,nan,nan,nan,nan,nan,nan,nan,nan
nan,nan,nan,nan,nan,nan,nan,nan,nan,nan,nan,nan,nan,nan,nan
nan,nan,nan,nan,nan,nan,nan,nan,nan,nan,nan,nan,nan,nan,nan
nan,nan,nan,nan,nan,nan,nan,nan,nan,nan,nan,nan,nan,nan,nan
nan,nan,nan,nan,nan,nan,nan,nan,nan,nan,nan,nan,nan,nan,nan
nan,nan,nan,nan,nan,nan,nan,nan,nan,nan,nan,nan,nan,nan,nan
nan,nan,nan,nan,nan,nan,nan,nan,nan,nan,nan,nan,nan,nan,nan
nan,nan,nan,nan,nan,nan,nan,nan,nan,nan,nan,nan,nan,nan,nan
nan,nan,nan,nan,nan,nan,nan,nan,nan,nan,nan,nan,nan,nan,nan
nan,nan,nan,nan,nan,nan,nan,nan,nan,nan,nan,nan,nan,nan,nan
nan,nan,nan,nan,nan,nan,nan,nan,nan,nan,nan,nan,nan,nan,nan
nan,nan,nan,nan,nan,nan,nan,nan,nan,nan,nan,nan,nan,nan,nan
nan,nan,nan,nan,nan,nan,nan,nan,nan,nan,nan,nan,nan,nan,nan
nan,nan,nan,nan,nan,nan,nan,nan,nan,nan,nan,nan,nan,nan,nan
nan,nan,nan,nan,nan,nan,nan,nan,nan,nan,nan,nan,nan,nan,nan
nan,nan,nan,nan,nan,nan,nan,nan,nan,nan,nan,nan,nan,nan,nan
nan,nan,nan,nan,nan,nan,nan,nan,nan,nan,nan,nan,nan,nan,nan
nan,nan,nan,nan,nan,nan,nan,nan,nan,nan,nan,nan,nan,nan,nan
nan,nan,nan,nan,nan,nan,nan,nan,nan,nan,nan,nan,nan,nan,nan
nan,nan,nan,nan,nan,nan,nan,nan,nan,nan,nan,nan,nan,nan,nan
nan,nan,nan,nan,nan,nan,nan,nan,nan,nan,nan,nan,nan,nan,nan
nan,nan,nan,nan,nan,nan,nan,nan,nan,nan,nan,nan,nan,nan,nan
nan,nan,nan,nan,nan,nan,nan,nan,nan,nan,nan,nan,nan,nan,nan
nan,nan,nan,nan,nan,nan,nan,nan,nan,nan,nan,nan,nan,nan,nan
nan,nan,nan,nan,nan,nan,nan,nan,nan,nan,nan,nan,nan,nan,nan
nan,nan,nan,nan,nan,nan,nan,nan,nan,nan,nan,nan,nan,nan,nan
nan,nan,nan,nan,nan,nan,nan,nan,nan,nan,nan,nan,nan,nan,nan
nan,nan,nan,nan,nan,nan,nan,nan,nan,nan,nan,nan,nan,nan,nan
nan,nan,nan,nan,nan,nan,nan,nan,nan,nan,nan,nan,nan,nan,nan
nan,nan,nan,nan,nan,nan,nan,nan,nan,nan,nan,nan,nan,nan,nan
nan,nan,nan,nan,nan,nan,nan,nan,nan,nan,nan,nan,nan,nan,nan
nan,nan,nan,nan,nan,nan,nan,nan,nan,nan,nan,nan,nan,nan,nan
nan,nan,nan,nan,nan,nan,nan,nan,nan,nan,nan,nan,nan,nan,nan
nan,nan,nan,nan,nan,nan,nan,nan,nan,nan,nan,nan,nan,nan,nan
nan,nan,nan,nan,nan,nan,nan,nan,nan,nan,nan,nan,nan,nan,nan
nan,nan,nan,nan,nan,nan,nan,nan,nan,nan,nan,nan,nan,nan,nan
nan,nan,nan,nan,nan,nan,nan,nan,nan,nan,nan,nan,nan,nan,nan
nan,nan,nan,nan,nan,nan,nan,nan,nan,nan,nan,nan,nan,nan,nan
nan,nan,nan,nan,nan,nan,nan,nan,nan,nan,nan,nan,nan,nan,nan
nan,nan,nan,nan,nan,nan,nan,nan,nan,nan,nan,nan,nan,nan,nan
nan,nan,nan,nan,nan,nan,nan,nan,nan,nan,nan,nan,nan,nan,nan
nan,nan,nan,nan,nan,nan,nan,nan,nan,nan,nan,nan,nan,nan,nan
nan,nan,nan,nan,nan,nan,nan,nan,nan,nan,nan,nan,nan,nan,nan
nan,nan,nan,nan,nan,nan,nan,nan,nan,nan,nan,nan,nan,nan,nan
nan,nan,nan,nan,nan,nan,nan,nan,nan,nan,nan,nan,nan,nan,nan
nan,nan,nan,nan,nan,nan,nan,nan,nan,nan,nan,nan,nan,nan,nan
nan,nan,nan,nan,nan,nan,nan,nan,nan,nan,nan,nan,nan,nan,nan
nan,nan,nan,nan,nan,nan,nan,nan,nan,nan,nan,nan,nan,nan,nan
nan,nan,nan,nan,nan,nan,nan,nan,nan,nan,nan,nan,nan,nan,nan
nan,nan,nan,nan,nan,nan,nan,nan,nan,nan,nan,nan,nan,nan,nan
nan,nan,nan,nan,nan,nan,nan,nan,nan,nan,nan,nan,nan,nan,nan
nan,nan,nan,nan,nan,nan,nan,nan,nan,nan,nan,nan,nan,nan,nan
nan,nan,nan,nan,nan,nan,nan,nan,nan,nan,nan,nan,nan,nan,nan
nan,nan,nan,nan,nan,nan,nan,nan,nan,nan,nan,nan,nan,nan,nan
nan,nan,nan,nan,nan,nan,nan,nan,nan,nan,nan,nan,nan,nan,nan
nan,nan,nan,nan,nan,nan,nan,nan,nan,nan,nan,nan,nan,nan,nan
nan,nan,nan,nan,nan,nan,nan,nan,nan,nan,nan,nan,nan,nan,nan
nan,nan,nan,nan,nan,nan,nan,nan,nan,nan,nan,nan,nan,nan,nan
nan,nan,nan,nan,nan,nan,nan,nan,nan,nan,nan,nan,nan,nan,nan
nan,nan,nan,nan,nan,nan,nan,nan,nan,nan,nan,nan,nan,nan,nan
nan,nan,nan,nan,nan,nan,nan,nan,nan,nan,nan,nan,nan,nan,nan
nan,nan,nan,nan,nan,nan,nan,nan,nan,nan,nan,nan,nan,nan,nan
nan,nan,nan,nan,nan,nan,nan,nan,nan,nan,nan,nan,nan,nan,nan
nan,nan,nan,nan,nan,nan,nan,nan,nan,nan,nan,nan,nan,nan,nan
nan,nan,nan,nan,nan,nan,nan,nan,nan,nan,nan,nan,nan,nan,nan
nan,nan,nan,nan,nan,nan,nan,nan,nan,nan,nan,nan,nan,nan,nan
nan,nan,nan,nan,nan,nan,nan,nan,nan,nan,nan,nan,nan,nan,nan
nan,nan,nan,nan,nan,nan,nan,nan,nan,nan,nan,nan,nan,nan,nan
nan,nan,nan,nan,nan,nan,nan,nan,nan,nan,nan,nan,nan,nan,nan
nan,nan,nan,nan,nan,nan,nan,nan,nan,nan,nan,nan,nan,nan,nan
nan,nan,nan,nan,nan,nan,nan,nan,nan,nan,nan,nan,nan,nan,nan
nan,nan,nan,nan,nan,nan,nan,nan,nan,nan,nan,nan,nan,nan,nan
nan,nan,nan,nan,nan,nan,nan,nan,nan,nan,nan,nan,nan,nan,nan
nan,nan,nan,nan,nan,nan,nan,nan,nan,nan,nan,nan,nan,nan,nan
nan,nan,nan,nan,nan,nan,nan,nan,nan,nan,nan,nan,nan,nan,nan
nan,nan,nan,nan,nan,nan,nan,nan,nan,nan,nan,nan,nan,nan,nan
nan,nan,nan,nan,nan,nan,nan,nan,nan,nan,nan,nan,nan,nan,nan
nan,nan,nan,nan,nan,nan,nan,nan,nan,nan,nan,nan,nan,nan,nan
nan,nan,nan,nan,nan,nan,nan,nan,nan,nan,nan,nan,nan,nan,nan
nan,nan,nan,nan,nan,nan,nan,nan,nan,nan,nan,nan,nan,nan,nan
nan,nan,nan,nan,nan,nan,nan,nan,nan,nan,nan,nan,nan,nan,nan
nan,nan,nan,nan,nan,nan,nan,nan,nan,nan,nan,nan,nan,nan,nan
nan,nan,nan,nan,nan,nan,nan,nan,nan,nan,nan,nan,nan,nan,nan
nan,nan,nan,nan,nan,nan,nan,nan,nan,nan,nan,nan,nan,nan,nan
nan,nan,nan,nan,nan,nan,nan,nan,nan,nan,nan,nan,nan,nan,nan
nan,nan,nan,nan,nan,nan,nan,nan,nan,nan,nan,nan,nan,nan,nan
nan,nan,nan,nan,nan,nan,nan,nan,nan,nan,nan,nan,nan,nan,nan
nan,nan,nan,nan,nan,nan,nan,nan,nan,nan,nan,nan,nan,nan,nan
nan,nan,nan,nan,nan,nan,nan,nan,nan,nan,nan,nan,nan,nan,nan
nan,nan,nan,nan,nan,nan,nan,nan,nan,nan,nan,nan,nan,nan,nan
nan,nan,nan,nan,nan,nan,nan,nan,nan,nan,nan,nan,nan,nan,nan
nan,nan,nan,nan,nan,nan,nan,nan,nan,nan,nan,nan,nan,nan,nan
nan,nan,nan,nan,nan,nan,nan,nan,nan,nan,nan,nan,nan,nan,nan
nan,nan,nan,nan,nan,nan,nan,nan,nan,nan,nan,nan,nan,nan,nan
nan,nan,nan,nan,nan,nan,nan,nan,nan,nan,nan,nan,nan,nan,nan
nan,nan,nan,nan,nan,nan,nan,nan,nan,nan,nan,nan,nan,nan,nan
nan,nan,nan,nan,nan,nan,nan,nan,nan,nan,nan,nan,nan,nan,nan
nan,nan,nan,nan,nan,nan,nan,nan,nan,nan,nan,nan,nan,nan,nan
nan,nan,nan,nan,nan,nan,nan,nan,nan,nan,nan,nan,nan,nan,nan
nan,nan,nan,nan,nan,nan,nan,nan,nan,nan,nan,nan,nan,nan,nan
nan,nan,nan,nan,nan,nan,nan,nan,nan,nan,nan,nan,nan,nan,nan
nan,nan,nan,nan,nan,nan,nan,nan,nan,nan,nan,nan,nan,nan,nan
nan,nan,nan,nan,nan,nan,nan,nan,nan,nan,nan,nan,nan,nan,nan
nan,nan,nan,nan,nan,nan,nan,nan,nan,nan,nan,nan,nan,nan,nan
nan,nan,nan,nan,nan,nan,nan,nan,nan,nan,nan,nan,nan,nan,nan
nan,nan,nan,nan,nan,nan,nan,nan,nan,nan,nan,nan,nan,nan,nan
nan,nan,nan,nan,nan,nan,nan,nan,nan,nan,nan,nan,nan,nan,nan
nan,nan,nan,nan,nan,nan,nan,nan,nan,nan,nan,nan,nan,nan,nan
nan,nan,nan,nan,nan,nan,nan,nan,nan,nan,nan,nan,nan,nan,nan
nan,nan,nan,nan,nan,nan,nan,nan,nan,nan,nan,nan,nan,nan,nan
nan,nan,nan,nan,nan,nan,nan,nan,nan,nan,nan,nan,nan,nan,nan
nan,nan,nan,nan,nan,nan,nan,nan,nan,nan,nan,nan,nan,nan,nan
nan,nan,nan,nan,nan,nan,nan,nan,nan,nan,nan,nan,nan,nan,nan
nan,nan,nan,nan,nan,nan,nan,nan,nan,nan,nan,nan,nan,nan,nan
nan,nan,nan,nan,nan,nan,nan,nan,nan,nan,nan,nan,nan,nan,nan
nan,nan,nan,nan,nan,nan,nan,nan,nan,nan,nan,nan,nan,nan,nan
nan,nan,nan,nan,nan,nan,nan,nan,nan,nan,nan,nan,nan,nan,nan
nan,nan,nan,nan,nan,nan,nan,nan,nan,nan,nan,nan,nan,nan,nan
nan,nan,nan,nan,nan,nan,nan,nan,nan,nan,nan,nan,nan,nan,nan
nan,nan,nan,nan,nan,nan,nan,nan,nan,nan,nan,nan,nan,nan,nan
nan,nan,nan,nan,nan,nan,nan,nan,nan,nan,nan,nan,nan,nan,nan
nan,nan,nan,nan,nan,nan,nan,nan,nan,nan,nan,nan,nan,nan,nan
nan,nan,nan,nan,nan,nan,nan,nan,nan,nan,nan,nan,nan,nan,nan
nan,nan,nan,nan,nan,nan,nan,nan,nan,nan,nan,nan,nan,nan,nan
nan,nan,nan,nan,nan,nan,nan,nan,nan,nan,nan,nan,nan,nan,nan
nan,nan,nan,nan,nan,nan,nan,nan,nan,nan,nan,nan,nan,nan,nan
nan,nan,nan,nan,nan,nan,nan,nan,nan,nan,nan,nan,nan,nan,nan
nan,nan,nan,nan,nan,nan,nan,nan,nan,nan,nan,nan,nan,nan,nan
nan,nan,nan,nan,nan,nan,nan,nan,nan,nan,nan,nan,nan,nan,nan
nan,nan,nan,nan,nan,nan,nan,nan,nan,nan,nan,nan,nan,nan,nan
nan,nan,nan,nan,nan,nan,nan,nan,nan,nan,nan,nan,nan,nan,nan
nan,nan,nan,nan,nan,nan,nan,nan,nan,nan,nan,nan,nan,nan,nan
nan,nan,nan,nan,nan,nan,nan,nan,nan,nan,nan,nan,nan,nan,nan
nan,nan,nan,nan,nan,nan,nan,nan,nan,nan,nan,nan,nan,nan,nan
nan,nan,nan,nan,nan,nan,nan,nan,nan,nan,nan,nan,nan,nan,nan
nan,nan,nan,nan,nan,nan,nan,nan,nan,nan,nan,nan,nan,nan,nan
nan,nan,nan,nan,nan,nan,nan,nan,nan,nan,nan,nan,nan,nan,nan
nan,nan,nan,nan,nan,nan,nan,nan,nan,nan,nan,nan,nan,nan,nan
nan,nan,nan,nan,nan,nan,nan,nan,nan,nan,nan,nan,nan,nan,nan
nan,nan,nan,nan,nan,nan,nan,nan,nan,nan,nan,nan,nan,nan,nan
nan,nan,nan,nan,nan,nan,nan,nan,nan,nan,nan,nan,nan,nan,nan
nan,nan,nan,nan,nan,nan,nan,nan,nan,nan,nan,nan,nan,nan,nan
nan,nan,nan,nan,nan,nan,nan,nan,nan,nan,nan,nan,nan,nan,nan
nan,nan,nan,nan,nan,nan,nan,nan,nan,nan,nan,nan,nan,nan,nan
nan,nan,nan,nan,nan,nan,nan,nan,nan,nan,nan,nan,nan,nan,nan
nan,nan,nan,nan,nan,nan,nan,nan,nan,nan,nan,nan,nan,nan,nan
nan,nan,nan,nan,nan,nan,nan,nan,nan,nan,nan,nan,nan,nan,nan
nan,nan,nan,nan,nan,nan,nan,nan,nan,nan,nan,nan,nan,nan,nan
nan,nan,nan,nan,nan,nan,nan,nan,nan,nan,nan,nan,nan,nan,nan
nan,nan,nan,nan,nan,nan,nan,nan,nan,nan,nan,nan,nan,nan,nan
nan,nan,nan,nan,nan,nan,nan,nan,nan,nan,nan,nan,nan,nan,nan
nan,nan,nan,nan,nan,nan,nan,nan,nan,nan,nan,nan,nan,nan,nan
nan,nan,nan,nan,nan,nan,nan,nan,nan,nan,nan,nan,nan,nan,nan
nan,nan,nan,nan,nan,nan,nan,nan,nan,nan,nan,nan,nan,nan,nan
nan,nan,nan,nan,nan,nan,nan,nan,nan,nan,nan,nan,nan,nan,nan
nan,nan,nan,nan,nan,nan,nan,nan,nan,nan,nan,nan,nan,nan,nan
nan,nan,nan,nan,nan,nan,nan,nan,nan,nan,nan,nan,nan,nan,nan
nan,nan,nan,nan,nan,nan,nan,nan,nan,nan,nan,nan,nan,nan,nan
nan,nan,nan,nan,nan,nan,nan,nan,nan,nan,nan,nan,nan,nan,nan
nan,nan,nan,nan,nan,nan,nan,nan,nan,nan,nan,nan,nan,nan,nan
nan,nan,nan,nan,nan,nan,nan,nan,nan,nan,nan,nan,nan,nan,nan
nan,nan,nan,nan,nan,nan,nan,nan,nan,nan,nan,nan,nan,nan,nan
nan,nan,nan,nan,nan,nan,nan,nan,nan,nan,nan,nan,nan,nan,nan
nan,nan,nan,nan,nan,nan,nan,nan,nan,nan,nan,nan,nan,nan,nan
nan,nan,nan,nan,nan,nan,nan,nan,nan,nan,nan,nan,nan,nan,nan
nan,nan,nan,nan,nan,nan,nan,nan,nan,nan,nan,nan,nan,nan,nan
nan,nan,nan,nan,nan,nan,nan,nan,nan,nan,nan,nan,nan,nan,nan
nan,nan,nan,nan,nan,nan,nan,nan,nan,nan,nan,nan,nan,nan,nan
nan,nan,nan,nan,nan,nan,nan,nan,nan,nan,nan,nan,nan,nan,nan
nan,nan,nan,nan,nan,nan,nan,nan,nan,nan,nan,nan,nan,nan,nan
nan,nan,nan,nan,nan,nan,nan,nan,nan,nan,nan,nan,nan,nan,nan
nan,nan,nan,nan,nan,nan,nan,nan,nan,nan,nan,nan,nan,nan,nan
nan,nan,nan,nan,nan,nan,nan,nan,nan,nan,nan,nan,nan,nan,nan
nan,nan,nan,nan,nan,nan,nan,nan,nan,nan,nan,nan,nan,nan,nan
nan,nan,nan,nan,nan,nan,nan,nan,nan,nan,nan,nan,nan,nan,nan
nan,nan,nan,nan,nan,nan,nan,nan,nan,nan,nan,nan,nan,nan,nan
nan,nan,nan,nan,nan,nan,nan,nan,nan,nan,nan,nan,nan,nan,nan
nan,nan,nan,nan,nan,nan,nan,nan,nan,nan,nan,nan,nan,nan,nan
nan,nan,nan,nan,nan,nan,nan,nan,nan,nan,nan,nan,nan,nan,nan
nan,nan,nan,nan,nan,nan,nan,nan,nan,nan,nan,nan,nan,nan,nan
nan,nan,nan,nan,nan,nan,nan,nan,nan,nan,nan,nan,nan,nan,nan
nan,nan,nan,nan,nan,nan,nan,nan,nan,nan,nan,nan,nan,nan,nan
nan,nan,nan,nan,nan,nan,nan,nan,nan,nan,nan,nan,nan,nan,nan
nan,nan,nan,nan,nan,nan,nan,nan,nan,nan,nan,nan,nan,nan,nan
nan,nan,nan,nan,nan,nan,nan,nan,nan,nan,nan,nan,nan,nan,nan
nan,nan,nan,nan,nan,nan,nan,nan,nan,nan,nan,nan,nan,nan,nan
nan,nan,nan,nan,nan,nan,nan,nan,nan,nan,nan,nan,nan,nan,nan
nan,nan,nan,nan,nan,nan,nan,nan,nan,nan,nan,nan,nan,nan,nan
nan,nan,nan,nan,nan,nan,nan,nan,nan,nan,nan,nan,nan,nan,nan
nan,nan,nan,nan,nan,nan,nan,nan,nan,nan,nan,nan,nan,nan,nan
nan,nan,nan,nan,nan,nan,nan,nan,nan,nan,nan,nan,nan,nan,nan
nan,nan,nan,nan,nan,nan,nan,nan,nan,nan,nan,nan,nan,nan,nan
nan,nan,nan,nan,nan,nan,nan,nan,nan,nan,nan,nan,nan,nan,nan
nan,nan,nan,nan,nan,nan,nan,nan,nan,nan,nan,nan,nan,nan,nan
nan,nan,nan,nan,nan,nan,nan,nan,nan,nan,nan,nan,nan,nan,nan
nan,nan,nan,nan,nan,nan,nan,nan,nan,nan,nan,nan,nan,nan,nan
nan,nan,nan,nan,nan,nan,nan,nan,nan,nan,nan,nan,nan,nan,nan
nan,nan,nan,nan,nan,nan,nan,nan,nan,nan,nan,nan,nan,nan,nan
nan,nan,nan,nan,nan,nan,nan,nan,nan,nan,nan,nan,nan,nan,nan
nan,nan,nan,nan,nan,nan,nan,nan,nan,nan,nan,nan,nan,nan,nan
nan,nan,nan,nan,nan,nan,nan,nan,nan,nan,nan,nan,nan,nan,nan
nan,nan,nan,nan,nan,nan,nan,nan,nan,nan,nan,nan,nan,nan,nan
nan,nan,nan,nan,nan,nan,nan,nan,nan,nan,nan,nan,nan,nan,nan
nan,nan,nan,nan,nan,nan,nan,nan,nan,nan,nan,nan,nan,nan,nan
nan,nan,nan,nan,nan,nan,nan,nan,nan,nan,nan,nan,nan,nan,nan
nan,nan,nan,nan,nan,nan,nan,nan,nan,nan,nan,nan,nan,nan,nan
nan,nan,nan,nan,nan,nan,nan,nan,nan,nan,nan,nan,nan,nan,nan
nan,nan,nan,nan,nan,nan,nan,nan,nan,nan,nan,nan,nan,nan,nan
nan,nan,nan,nan,nan,nan,nan,nan,nan,nan,nan,nan,nan,nan,nan
nan,nan,nan,nan,nan,nan,nan,nan,nan,nan,nan,nan,nan,nan,nan
nan,nan,nan,nan,nan,nan,nan,nan,nan,nan,nan,nan,nan,nan,nan
nan,nan,nan,nan,nan,nan,nan,nan,nan,nan,nan,nan,nan,nan,nan
nan,nan,nan,nan,nan,nan,nan,nan,nan,nan,nan,nan,nan,nan,nan
nan,nan,nan,nan,nan,nan,nan,nan,nan,nan,nan,nan,nan,nan,nan
nan,nan,nan,nan,nan,nan,nan,nan,nan,nan,nan,nan,nan,nan,nan
nan,nan,nan,nan,nan,nan,nan,nan,nan,nan,nan,nan,nan,nan,nan
nan,nan,nan,nan,nan,nan,nan,nan,nan,nan,nan,nan,nan,nan,nan
nan,nan,nan,nan,nan,nan,nan,nan,nan,nan,nan,nan,nan,nan,nan
nan,nan,nan,nan,nan,nan,nan,nan,nan,nan,nan,nan,nan,nan,nan
nan,nan,nan,nan,nan,nan,nan,nan,nan,nan,nan,nan,nan,nan,nan
nan,nan,nan,nan,nan,nan,nan,nan,nan,nan,nan,nan,nan,nan,nan
nan,nan,nan,nan,nan,nan,nan,nan,nan,nan,nan,nan,nan,nan,nan
nan,nan,nan,nan,nan,nan,nan,nan,nan,nan,nan,nan,nan,nan,nan
nan,nan,nan,nan,nan,nan,nan,nan,nan,nan,nan,nan,nan,nan,nan
nan,nan,nan,nan,nan,nan,nan,nan,nan,nan,nan,nan,nan,nan,nan
nan,nan,nan,nan,nan,nan,nan,nan,nan,nan,nan,nan,nan,nan,nan
nan,nan,nan,nan,nan,nan,nan,nan,nan,nan,nan,nan,nan,nan,nan
nan,nan,nan,nan,nan,nan,nan,nan,nan,nan,nan,nan,nan,nan,nan
nan,nan,nan,nan,nan,nan,nan,nan,nan,nan,nan,nan,nan,nan,nan
nan,nan,nan,nan,nan,nan,nan,nan,nan,nan,nan,nan,nan,nan,nan
nan,nan,nan,nan,nan,nan,nan,nan,nan,nan,nan,nan,nan,nan,nan
nan,nan,nan,nan,nan,nan,nan,nan,nan,nan,nan,nan,nan,nan,nan
nan,nan,nan,nan,nan,nan,nan,nan,nan,nan,nan,nan,nan,nan,nan
nan,nan,nan,nan,nan,nan,nan,nan,nan,nan,nan,nan,nan,nan,nan
nan,nan,nan,nan,nan,nan,nan,nan,nan,nan,nan,nan,nan,nan,nan
nan,nan,nan,nan,nan,nan,nan,nan,nan,nan,nan,nan,nan,nan,nan
nan,nan,nan,nan,nan,nan,nan,nan,nan,nan,nan,nan,nan,nan,nan
nan,nan,nan,nan,nan,nan,nan,nan,nan,nan,nan,nan,nan,nan,nan
nan,nan,nan,nan,nan,nan,nan,nan,nan,nan,nan,nan,nan,nan,nan
nan,nan,nan,nan,nan,nan,nan,nan,nan,nan,nan,nan,nan,nan,nan
nan,nan,nan,nan,nan,nan,nan,nan,nan,nan,nan,nan,nan,nan,nan
nan,nan,nan,nan,nan,nan,nan,nan,nan,nan,nan,nan,nan,nan,nan
nan,nan,nan,nan,nan,nan,nan,nan,nan,nan,nan,nan,nan,nan,nan
nan,nan,nan,nan,nan,nan,nan,nan,nan,nan,nan,nan,nan,nan,nan
nan,nan,nan,nan,nan,nan,nan,nan,nan,nan,nan,nan,nan,nan,nan
nan,nan,nan,nan,nan,nan,nan,nan,nan,nan,nan,nan,nan,nan,nan
nan,nan,nan,nan,nan,nan,nan,nan,nan,nan,nan,nan,nan,nan,nan
nan,nan,nan,nan,nan,nan,nan,nan,nan,nan,nan,nan,nan,nan,nan
nan,nan,nan,nan,nan,nan,nan,nan,nan,nan,nan,nan,nan,nan,nan
nan,nan,nan,nan,nan,nan,nan,nan,nan,nan,nan,nan,nan,nan,nan
nan,nan,nan,nan,nan,nan,nan,nan,nan,nan,nan,nan,nan,nan,nan
nan,nan,nan,nan,nan,nan,nan,nan,nan,nan,nan,nan,nan,nan,nan
nan,nan,nan,nan,nan,nan,nan,nan,nan,nan,nan,nan,nan,nan,nan
nan,nan,nan,nan,nan,nan,nan,nan,nan,nan,nan,nan,nan,nan,nan
nan,nan,nan,nan,nan,nan,nan,nan,nan,nan,nan,nan,nan,nan,nan
nan,nan,nan,nan,nan,nan,nan,nan,nan,nan,nan,nan,nan,nan,nan
nan,nan,nan,nan,nan,nan,nan,nan,nan,nan,nan,nan,nan,nan,nan
nan,nan,nan,nan,nan,nan,nan,nan,nan,nan,nan,nan,nan,nan,nan
nan,nan,nan,nan,nan,nan,nan,nan,nan,nan,nan,nan,nan,nan,nan
nan,nan,nan,nan,nan,nan,nan,nan,nan,nan,nan,nan,nan,nan,nan
nan,nan,nan,nan,nan,nan,nan,nan,nan,nan,nan,nan,nan,nan,nan
nan,nan,nan,nan,nan,nan,nan,nan,nan,nan,nan,nan,nan,nan,nan
nan,nan,nan,nan,nan,nan,nan,nan,nan,nan,nan,nan,nan,nan,nan
nan,nan,nan,nan,nan,nan,nan,nan,nan,nan,nan,nan,nan,nan,nan
nan,nan,nan,nan,nan,nan,nan,nan,nan,nan,nan,nan,nan,nan,nan
nan,nan,nan,nan,nan,nan,nan,nan,nan,nan,nan,nan,nan,nan,nan
nan,nan,nan,nan,nan,nan,nan,nan,nan,nan,nan,nan,nan,nan,nan
nan,nan,nan,nan,nan,nan,nan,nan,nan,nan,nan,nan,nan,nan,nan
nan,nan,nan,nan,nan,nan,nan,nan,nan,nan,nan,nan,nan,nan,nan
nan,nan,nan,nan,nan,nan,nan,nan,nan,nan,nan,nan,nan,nan,nan
nan,nan,nan,nan,nan,nan,nan,nan,nan,nan,nan,nan,nan,nan,nan
nan,nan,nan,nan,nan,nan,nan,nan,nan,nan,nan,nan,nan,nan,nan
nan,nan,nan,nan,nan,nan,nan,nan,nan,nan,nan,nan,nan,nan,nan
nan,nan,nan,nan,nan,nan,nan,nan,nan,nan,nan,nan,nan,nan,nan
nan,nan,nan,nan,nan,nan,nan,nan,nan,nan,nan,nan,nan,nan,nan
nan,nan,nan,nan,nan,nan,nan,nan,nan,nan,nan,nan,nan,nan,nan
nan,nan,nan,nan,nan,nan,nan,nan,nan,nan,nan,nan,nan,nan,nan
nan,nan,nan,nan,nan,nan,nan,nan,nan,nan,nan,nan,nan,nan,nan
nan,nan,nan,nan,nan,nan,nan,nan,nan,nan,nan,nan,nan,nan,nan
nan,nan,nan,nan,nan,nan,nan,nan,nan,nan,nan,nan,nan,nan,nan
nan,nan,nan,nan,nan,nan,nan,nan,nan,nan,nan,nan,nan,nan,nan
nan,nan,nan,nan,nan,nan,nan,nan,nan,nan,nan,nan,nan,nan,nan
nan,nan,nan,nan,nan,nan,nan,nan,nan,nan,nan,nan,nan,nan,nan
nan,nan,nan,nan,nan,nan,nan,nan,nan,nan,nan,nan,nan,nan,nan
nan,nan,nan,nan,nan,nan,nan,nan,nan,nan,nan,nan,nan,nan,nan
nan,nan,nan,nan,nan,nan,nan,nan,nan,nan,nan,nan,nan,nan,nan
nan,nan,nan,nan,nan,nan,nan,nan,nan,nan,nan,nan,nan,nan,nan
nan,nan,nan,nan,nan,nan,nan,nan,nan,nan,nan,nan,nan,nan,nan
nan,nan,nan,nan,nan,nan,nan,nan,nan,nan,nan,nan,nan,nan,nan
nan,nan,nan,nan,nan,nan,nan,nan,nan,nan,nan,nan,nan,nan,nan
nan,nan,nan,nan,nan,nan,nan,nan,nan,nan,nan,nan,nan,nan,nan
nan,nan,nan,nan,nan,nan,nan,nan,nan,nan,nan,nan,nan,nan,nan
nan,nan,nan,nan,nan,nan,nan,nan,nan,nan,nan,nan,nan,nan,nan
nan,nan,nan,nan,nan,nan,nan,nan,nan,nan,nan,nan,nan,nan,nan
nan,nan,nan,nan,nan,nan,nan,nan,nan,nan,nan,nan,nan,nan,nan
nan,nan,nan,nan,nan,nan,nan,nan,nan,nan,nan,nan,nan,nan,nan
nan,nan,nan,nan,nan,nan,nan,nan,nan,nan,nan,nan,nan,nan,nan
nan,nan,nan,nan,nan,nan,nan,nan,nan,nan,nan,nan,nan,nan,nan
nan,nan,nan,nan,nan,nan,nan,nan,nan,nan,nan,nan,nan,nan,nan
nan,nan,nan,nan,nan,nan,nan,nan,nan,nan,nan,nan,nan,nan,nan
nan,nan,nan,nan,nan,nan,nan,nan,nan,nan,nan,nan,nan,nan,nan
nan,nan,nan,nan,nan,nan,nan,nan,nan,nan,nan,nan,nan,nan,nan
nan,nan,nan,nan,nan,nan,nan,nan,nan,nan,nan,nan,nan,nan,nan
nan,nan,nan,nan,nan,nan,nan,nan,nan,nan,nan,nan,nan,nan,nan
nan,nan,nan,nan,nan,nan,nan,nan,nan,nan,nan,nan,nan,nan,nan
nan,nan,nan,nan,nan,nan,nan,nan,nan,nan,nan,nan,nan,nan,nan
nan,nan,nan,nan,nan,nan,nan,nan,nan,nan,nan,nan,nan,nan,nan
nan,nan,nan,nan,nan,nan,nan,nan,nan,nan,nan,nan,nan,nan,nan
nan,nan,nan,nan,nan,nan,nan,nan,nan,nan,nan,nan,nan,nan,nan
nan,nan,nan,nan,nan,nan,nan,nan,nan,nan,nan,nan,nan,nan,nan
nan,nan,nan,nan,nan,nan,nan,nan,nan,nan,nan,nan,nan,nan,nan
nan,nan,nan,nan,nan,nan,nan,nan,nan,nan,nan,nan,nan,nan,nan
nan,nan,nan,nan,nan,nan,nan,nan,nan,nan,nan,nan,nan,nan,nan
nan,nan,nan,nan,nan,nan,nan,nan,nan,nan,nan,nan,nan,nan,nan
nan,nan,nan,nan,nan,nan,nan,nan,nan,nan,nan,nan,nan,nan,nan
nan,nan,nan,nan,nan,nan,nan,nan,nan,nan,nan,nan,nan,nan,nan
nan,nan,nan,nan,nan,nan,nan,nan,nan,nan,nan,nan,nan,nan,nan
nan,nan,nan,nan,nan,nan,nan,nan,nan,nan,nan,nan,nan,nan,nan
nan,nan,nan,nan,nan,nan,nan,nan,nan,nan,nan,nan,nan,nan,nan
nan,nan,nan,nan,nan,nan,nan,nan,nan,nan,nan,nan,nan,nan,nan
nan,nan,nan,nan,nan,nan,nan,nan,nan,nan,nan,nan,nan,nan,nan
nan,nan,nan,nan,nan,nan,nan,nan,nan,nan,nan,nan,nan,nan,nan
nan,nan,nan,nan,nan,nan,nan,nan,nan,nan,nan,nan,nan,nan,nan
nan,nan,nan,nan,nan,nan,nan,nan,nan,nan,nan,nan,nan,nan,nan
nan,nan,nan,nan,nan,nan,nan,nan,nan,nan,nan,nan,nan,nan,nan
nan,nan,nan,nan,nan,nan,nan,nan,nan,nan,nan,nan,nan,nan,nan
nan,nan,nan,nan,nan,nan,nan,nan,nan,nan,nan,nan,nan,nan,nan
nan,nan,nan,nan,nan,nan,nan,nan,nan,nan,nan,nan,nan,nan,nan
nan,nan,nan,nan,nan,nan,nan,nan,nan,nan,nan,nan,nan,nan,nan
nan,nan,nan,nan,nan,nan,nan,nan,nan,nan,nan,nan,nan,nan,nan
nan,nan,nan,nan,nan,nan,nan,nan,nan,nan,nan,nan,nan,nan,nan
nan,nan,nan,nan,nan,nan,nan,nan,nan,nan,nan,nan,nan,nan,nan
nan,nan,nan,nan,nan,nan,nan,nan,nan,nan,nan,nan,nan,nan,nan
nan,nan,nan,nan,nan,nan,nan,nan,nan,nan,nan,nan,nan,nan,nan
nan,nan,nan,nan,nan,nan,nan,nan,nan,nan,nan,nan,nan,nan,nan
nan,nan,nan,nan,nan,nan,nan,nan,nan,nan,nan,nan,nan,nan,nan
nan,nan,nan,nan,nan,nan,nan,nan,nan,nan,nan,nan,nan,nan,nan
nan,nan,nan,nan,nan,nan,nan,nan,nan,nan,nan,nan,nan,nan,nan
nan,nan,nan,nan,nan,nan,nan,nan,nan,nan,nan,nan,nan,nan,nan
nan,nan,nan,nan,nan,nan,nan,nan,nan,nan,nan,nan,nan,nan,nan
nan,nan,nan,nan,nan,nan,nan,nan,nan,nan,nan,nan,nan,nan,nan
nan,nan,nan,nan,nan,nan,nan,nan,nan,nan,nan,nan,nan,nan,nan
nan,nan,nan,nan,nan,nan,nan,nan,nan,nan,nan,nan,nan,nan,nan
nan,nan,nan,nan,nan,nan,nan,nan,nan,nan,nan,nan,nan,nan,nan
nan,nan,nan,nan,nan,nan,nan,nan,nan,nan,nan,nan,nan,nan,nan
nan,nan,nan,nan,nan,nan,nan,nan,nan,nan,nan,nan,nan,nan,nan
nan,nan,nan,nan,nan,nan,nan,nan,nan,nan,nan,nan,nan,nan,nan
nan,nan,nan,nan,nan,nan,nan,nan,nan,nan,nan,nan,nan,nan,nan
nan,nan,nan,nan,nan,nan,nan,nan,nan,nan,nan,nan,nan,nan,nan
nan,nan,nan,nan,nan,nan,nan,nan,nan,nan,nan,nan,nan,nan,nan
nan,nan,nan,nan,nan,nan,nan,nan,nan,nan,nan,nan,nan,nan,nan
nan,nan,nan,nan,nan,nan,nan,nan,nan,nan,nan,nan,nan,nan,nan
nan,nan,nan,nan,nan,nan,nan,nan,nan,nan,nan,nan,nan,nan,nan
nan,nan,nan,nan,nan,nan,nan,nan,nan,nan,nan,nan,nan,nan,nan
nan,nan,nan,nan,nan,nan,nan,nan,nan,nan,nan,nan,nan,nan,nan
nan,nan,nan,nan,nan,nan,nan,nan,nan,nan,nan,nan,nan,nan,nan
nan,nan,nan,nan,nan,nan,nan,nan,nan,nan,nan,nan,nan,nan,nan
nan,nan,nan,nan,nan,nan,nan,nan,nan,nan,nan,nan,nan,nan,nan
nan,nan,nan,nan,nan,nan,nan,nan,nan,nan,nan,nan,nan,nan,nan
nan,nan,nan,nan,nan,nan,nan,nan,nan,nan,nan,nan,nan,nan,nan
nan,nan,nan,nan,nan,nan,nan,nan,nan,nan,nan,nan,nan,nan,nan
nan,nan,nan,nan,nan,nan,nan,nan,nan,nan,nan,nan,nan,nan,nan
nan,nan,nan,nan,nan,nan,nan,nan,nan,nan,nan,nan,nan,nan,nan
nan,nan,nan,nan,nan,nan,nan,nan,nan,nan,nan,nan,nan,nan,nan
nan,nan,nan,nan,nan,nan,nan,nan,nan,nan,nan,nan,nan,nan,nan
nan,nan,nan,nan,nan,nan,nan,nan,nan,nan,nan,nan,nan,nan,nan
nan,nan,nan,nan,nan,nan,nan,nan,nan,nan,nan,nan,nan,nan,nan
nan,nan,nan,nan,nan,nan,nan,nan,nan,nan,nan,nan,nan,nan,nan
nan,nan,nan,nan,nan,nan,nan,nan,nan,nan,nan,nan,nan,nan,nan
nan,nan,nan,nan,nan,nan,nan,nan,nan,nan,nan,nan,nan,nan,nan
nan,nan,nan,nan,nan,nan,nan,nan,nan,nan,nan,nan,nan,nan,nan
nan,nan,nan,nan,nan,nan,nan,nan,nan,nan,nan,nan,nan,nan,nan
nan,nan,nan,nan,nan,nan,nan,nan,nan,nan,nan,nan,nan,nan,nan
nan,nan,nan,nan,nan,nan,nan,nan,nan,nan,nan,nan,nan,nan,nan
nan,nan,nan,nan,nan,nan,nan,nan,nan,nan,nan,nan,nan,nan,nan
nan,nan,nan,nan,nan,nan,nan,nan,nan,nan,nan,nan,nan,nan,nan
nan,nan,nan,nan,nan,nan,nan,nan,nan,nan,nan,nan,nan,nan,nan
nan,nan,nan,nan,nan,nan,nan,nan,nan,nan,nan,nan,nan,nan,nan
nan,nan,nan,nan,nan,nan,nan,nan,nan,nan,nan,nan,nan,nan,nan
nan,nan,nan,nan,nan,nan,nan,nan,nan,nan,nan,nan,nan,nan,nan
nan,nan,nan,nan,nan,nan,nan,nan,nan,nan,nan,nan,nan,nan,nan
nan,nan,nan,nan,nan,nan,nan,nan,nan,nan,nan,nan,nan,nan,nan
nan,nan,nan,nan,nan,nan,nan,nan,nan,nan,nan,nan,nan,nan,nan
nan,nan,nan,nan,nan,nan,nan,nan,nan,nan,nan,nan,nan,nan,nan
nan,nan,nan,nan,nan,nan,nan,nan,nan,nan,nan,nan,nan,nan,nan
nan,nan,nan,nan,nan,nan,nan,nan,nan,nan,nan,nan,nan,nan,nan
nan,nan,nan,nan,nan,nan,nan,nan,nan,nan,nan,nan,nan,nan,nan
nan,nan,nan,nan,nan,nan,nan,nan,nan,nan,nan,nan,nan,nan,nan
nan,nan,nan,nan,nan,nan,nan,nan,nan,nan,nan,nan,nan,nan,nan
nan,nan,nan,nan,nan,nan,nan,nan,nan,nan,nan,nan,nan,nan,nan
nan,nan,nan,nan,nan,nan,nan,nan,nan,nan,nan,nan,nan,nan,nan
nan,nan,nan,nan,nan,nan,nan,nan,nan,nan,nan,nan,nan,nan,nan
nan,nan,nan,nan,nan,nan,nan,nan,nan,nan,nan,nan,nan,nan,nan
nan,nan,nan,nan,nan,nan,nan,nan,nan,nan,nan,nan,nan,nan,nan
nan,nan,nan,nan,nan,nan,nan,nan,nan,nan,nan,nan,nan,nan,nan
nan,nan,nan,nan,nan,nan,nan,nan,nan,nan,nan,nan,nan,nan,nan
nan,nan,nan,nan,nan,nan,nan,nan,nan,nan,nan,nan,nan,nan,nan
nan,nan,nan,nan,nan,nan,nan,nan,nan,nan,nan,nan,nan,nan,nan
nan,nan,nan,nan,nan,nan,nan,nan,nan,nan,nan,nan,nan,nan,nan
nan,nan,nan,nan,nan,nan,nan,nan,nan,nan,nan,nan,nan,nan,nan
nan,nan,nan,nan,nan,nan,nan,nan,nan,nan,nan,nan,nan,nan,nan
nan,nan,nan,nan,nan,nan,nan,nan,nan,nan,nan,nan,nan,nan,nan
nan,nan,nan,nan,nan,nan,nan,nan,nan,nan,nan,nan,nan,nan,nan
nan,nan,nan,nan,nan,nan,nan,nan,nan,nan,nan,nan,nan,nan,nan
nan,nan,nan,nan,nan,nan,nan,nan,nan,nan,nan,nan,nan,nan,nan
nan,nan,nan,nan,nan,nan,nan,nan,nan,nan,nan,nan,nan,nan,nan
nan,nan,nan,nan,nan,nan,nan,nan,nan,nan,nan,nan,nan,nan,nan
nan,nan,nan,nan,nan,nan,nan,nan,nan,nan,nan,nan,nan,nan,nan
nan,nan,nan,nan,nan,nan,nan,nan,nan,nan,nan,nan,nan,nan,nan
nan,nan,nan,nan,nan,nan,nan,nan,nan,nan,nan,nan,nan,nan,nan
nan,nan,nan,nan,nan,nan,nan,nan,nan,nan,nan,nan,nan,nan,nan
nan,nan,nan,nan,nan,nan,nan,nan,nan,nan,nan,nan,nan,nan,nan
nan,nan,nan,nan,nan,nan,nan,nan,nan,nan,nan,nan,nan,nan,nan
nan,nan,nan,nan,nan,nan,nan,nan,nan,nan,nan,nan,nan,nan,nan
nan,nan,nan,nan,nan,nan,nan,nan,nan,nan,nan,nan,nan,nan,nan
nan,nan,nan,nan,nan,nan,nan,nan,nan,nan,nan,nan,nan,nan,nan
nan,nan,nan,nan,nan,nan,nan,nan,nan,nan,nan,nan,nan,nan,nan
nan,nan,nan,nan,nan,nan,nan,nan,nan,nan,nan,nan,nan,nan,nan
nan,nan,nan,nan,nan,nan,nan,nan,nan,nan,nan,nan,nan,nan,nan
nan,nan,nan,nan,nan,nan,nan,nan,nan,nan,nan,nan,nan,nan,nan
nan,nan,nan,nan,nan,nan,nan,nan,nan,nan,nan,nan,nan,nan,nan
nan,nan,nan,nan,nan,nan,nan,nan,nan,nan,nan,nan,nan,nan,nan
nan,nan,nan,nan,nan,nan,nan,nan,nan,nan,nan,nan,nan,nan,nan
nan,nan,nan,nan,nan,nan,nan,nan,nan,nan,nan,nan,nan,nan,nan
nan,nan,nan,nan,nan,nan,nan,nan,nan,nan,nan,nan,nan,nan,nan
nan,nan,nan,nan,nan,nan,nan,nan,nan,nan,nan,nan,nan,nan,nan
nan,nan,nan,nan,nan,nan,nan,nan,nan,nan,nan,nan,nan,nan,nan
nan,nan,nan,nan,nan,nan,nan,nan,nan,nan,nan,nan,nan,nan,nan
nan,nan,nan,nan,nan,nan,nan,nan,nan,nan,nan,nan,nan,nan,nan
nan,nan,nan,nan,nan,nan,nan,nan,nan,nan,nan,nan,nan,nan,nan
nan,nan,nan,nan,nan,nan,nan,nan,nan,nan,nan,nan,nan,nan,nan
nan,nan,nan,nan,nan,nan,nan,nan,nan,nan,nan,nan,nan,nan,nan
nan,nan,nan,nan,nan,nan,nan,nan,nan,nan,nan,nan,nan,nan,nan
nan,nan,nan,nan,nan,nan,nan,nan,nan,nan,nan,nan,nan,nan,nan
nan,nan,nan,nan,nan,nan,nan,nan,nan,nan,nan,nan,nan,nan,nan
nan,nan,nan,nan,nan,nan,nan,nan,nan,nan,nan,nan,nan,nan,nan
nan,nan,nan,nan,nan,nan,nan,nan,nan,nan,nan,nan,nan,nan,nan
nan,nan,nan,nan,nan,nan,nan,nan,nan,nan,nan,nan,nan,nan,nan
nan,nan,nan,nan,nan,nan,nan,nan,nan,nan,nan,nan,nan,nan,nan
nan,nan,nan,nan,nan,nan,nan,nan,nan,nan,nan,nan,nan,nan,nan
nan,nan,nan,nan,nan,nan,nan,nan,nan,nan,nan,nan,nan,nan,nan
nan,nan,nan,nan,nan,nan,nan,nan,nan,nan,nan,nan,nan,nan,nan
nan,nan,nan,nan,nan,nan,nan,nan,nan,nan,nan,nan,nan,nan,nan
nan,nan,nan,nan,nan,nan,nan,nan,nan,nan,nan,nan,nan,nan,nan
nan,nan,nan,nan,nan,nan,nan,nan,nan,nan,nan,nan,nan,nan,nan
nan,nan,nan,nan,nan,nan,nan,nan,nan,nan,nan,nan,nan,nan,nan
nan,nan,nan,nan,nan,nan,nan,nan,nan,nan,nan,nan,nan,nan,nan
nan,nan,nan,nan,nan,nan,nan,nan,nan,nan,nan,nan,nan,nan,nan
nan,nan,nan,nan,nan,nan,nan,nan,nan,nan,nan,nan,nan,nan,nan
nan,nan,nan,nan,nan,nan,nan,nan,nan,nan,nan,nan,nan,nan,nan
nan,nan,nan,nan,nan,nan,nan,nan,nan,nan,nan,nan,nan,nan,nan
nan,nan,nan,nan,nan,nan,nan,nan,nan,nan,nan,nan,nan,nan,nan
nan,nan,nan,nan,nan,nan,nan,nan,nan,nan,nan,nan,nan,nan,nan
nan,nan,nan,nan,nan,nan,nan,nan,nan,nan,nan,nan,nan,nan,nan
nan,nan,nan,nan,nan,nan,nan,nan,nan,nan,nan,nan,nan,nan,nan
nan,nan,nan,nan,nan,nan,nan,nan,nan,nan,nan,nan,nan,nan,nan
nan,nan,nan,nan,nan,nan,nan,nan,nan,nan,nan,nan,nan,nan,nan
nan,nan,nan,nan,nan,nan,nan,nan,nan,nan,nan,nan,nan,nan,nan
nan,nan,nan,nan,nan,nan,nan,nan,nan,nan,nan,nan,nan,nan,nan
nan,nan,nan,nan,nan,nan,nan,nan,nan,nan,nan,nan,nan,nan,nan
nan,nan,nan,nan,nan,nan,nan,nan,nan,nan,nan,nan,nan,nan,nan
nan,nan,nan,nan,nan,nan,nan,nan,nan,nan,nan,nan,nan,nan,nan
nan,nan,nan,nan,nan,nan,nan,nan,nan,nan,nan,nan,nan,nan,nan
nan,nan,nan,nan,nan,nan,nan,nan,nan,nan,nan,nan,nan,nan,nan
nan,nan,nan,nan,nan,nan,nan,nan,nan,nan,nan,nan,nan,nan,nan
nan,nan,nan,nan,nan,nan,nan,nan,nan,nan,nan,nan,nan,nan,nan
nan,nan,nan,nan,nan,nan,nan,nan,nan,nan,nan,nan,nan,nan,nan
nan,nan,nan,nan,nan,nan,nan,nan,nan,nan,nan,nan,nan,nan,nan
nan,nan,nan,nan,nan,nan,nan,nan,nan,nan,nan,nan,nan,nan,nan
nan,nan,nan,nan,nan,nan,nan,nan,nan,nan,nan,nan,nan,nan,nan
nan,nan,nan,nan,nan,nan,nan,nan,nan,nan,nan,nan,nan,nan,nan
nan,nan,nan,nan,nan,nan,nan,nan,nan,nan,nan,nan,nan,nan,nan
nan,nan,nan,nan,nan,nan,nan,nan,nan,nan,nan,nan,nan,nan,nan
nan,nan,nan,nan,nan,nan,nan,nan,nan,nan,nan,nan,nan,nan,nan
nan,nan,nan,nan,nan,nan,nan,nan,nan,nan,nan,nan,nan,nan,nan
nan,nan,nan,nan,nan,nan,nan,nan,nan,nan,nan,nan,nan,nan,nan
nan,nan,nan,nan,nan,nan,nan,nan,nan,nan,nan,nan,nan,nan,nan
nan,nan,nan,nan,nan,nan,nan,nan,nan,nan,nan,nan,nan,nan,nan
nan,nan,nan,nan,nan,nan,nan,nan,nan,nan,nan,nan,nan,nan,nan
nan,nan,nan,nan,nan,nan,nan,nan,nan,nan,nan,nan,nan,nan,nan
nan,nan,nan,nan,nan,nan,nan,nan,nan,nan,nan,nan,nan,nan,nan
nan,nan,nan,nan,nan,nan,nan,nan,nan,nan,nan,nan,nan,nan,nan
nan,nan,nan,nan,nan,nan,nan,nan,nan,nan,nan,nan,nan,nan,nan
nan,nan,nan,nan,nan,nan,nan,nan,nan,nan,nan,nan,nan,nan,nan
nan,nan,nan,nan,nan,nan,nan,nan,nan,nan,nan,nan,nan,nan,nan
nan,nan,nan,nan,nan,nan,nan,nan,nan,nan,nan,nan,nan,nan,nan
nan,nan,nan,nan,nan,nan,nan,nan,nan,nan,nan,nan,nan,nan,nan
nan,nan,nan,nan,nan,nan,nan,nan,nan,nan,nan,nan,nan,nan,nan
nan,nan,nan,nan,nan,nan,nan,nan,nan,nan,nan,nan,nan,nan,nan
nan,nan,nan,nan,nan,nan,nan,nan,nan,nan,nan,nan,nan,nan,nan
nan,nan,nan,nan,nan,nan,nan,nan,nan,nan,nan,nan,nan,nan,nan
nan,nan,nan,nan,nan,nan,nan,nan,nan,nan,nan,nan,nan,nan,nan
nan,nan,nan,nan,nan,nan,nan,nan,nan,nan,nan,nan,nan,nan,nan
nan,nan,nan,nan,nan,nan,nan,nan,nan,nan,nan,nan,nan,nan,nan
nan,nan,nan,nan,nan,nan,nan,nan,nan,nan,nan,nan,nan,nan,nan
nan,nan,nan,nan,nan,nan,nan,nan,nan,nan,nan,nan,nan,nan,nan
nan,nan,nan,nan,nan,nan,nan,nan,nan,nan,nan,nan,nan,nan,nan
nan,nan,nan,nan,nan,nan,nan,nan,nan,nan,nan,nan,nan,nan,nan
nan,nan,nan,nan,nan,nan,nan,nan,nan,nan,nan,nan,nan,nan,nan
nan,nan,nan,nan,nan,nan,nan,nan,nan,nan,nan,nan,nan,nan,nan
nan,nan,nan,nan,nan,nan,nan,nan,nan,nan,nan,nan,nan,nan,nan
nan,nan,nan,nan,nan,nan,nan,nan,nan,nan,nan,nan,nan,nan,nan
nan,nan,nan,nan,nan,nan,nan,nan,nan,nan,nan,nan,nan,nan,nan
nan,nan,nan,nan,nan,nan,nan,nan,nan,nan,nan,nan,nan,nan,nan
nan,nan,nan,nan,nan,nan,nan,nan,nan,nan,nan,nan,nan,nan,nan
nan,nan,nan,nan,nan,nan,nan,nan,nan,nan,nan,nan,nan,nan,nan
nan,nan,nan,nan,nan,nan,nan,nan,nan,nan,nan,nan,nan,nan,nan
nan,nan,nan,nan,nan,nan,nan,nan,nan,nan,nan,nan,nan,nan,nan
nan,nan,nan,nan,nan,nan,nan,nan,nan,nan,nan,nan,nan,nan,nan
nan,nan,nan,nan,nan,nan,nan,nan,nan,nan,nan,nan,nan,nan,nan
nan,nan,nan,nan,nan,nan,nan,nan,nan,nan,nan,nan,nan,nan,nan
nan,nan,nan,nan,nan,nan,nan,nan,nan,nan,nan,nan,nan,nan,nan
nan,nan,nan,nan,nan,nan,nan,nan,nan,nan,nan,nan,nan,nan,nan
nan,nan,nan,nan,nan,nan,nan,nan,nan,nan,nan,nan,nan,nan,nan
nan,nan,nan,nan,nan,nan,nan,nan,nan,nan,nan,nan,nan,nan,nan
nan,nan,nan,nan,nan,nan,nan,nan,nan,nan,nan,nan,nan,nan,nan
nan,nan,nan,nan,nan,nan,nan,nan,nan,nan,nan,nan,nan,nan,nan
nan,nan,nan,nan,nan,nan,nan,nan,nan,nan,nan,nan,nan,nan,nan
nan,nan,nan,nan,nan,nan,nan,nan,nan,nan,nan,nan,nan,nan,nan
nan,nan,nan,nan,nan,nan,nan,nan,nan,nan,nan,nan,nan,nan,nan
nan,nan,nan,nan,nan,nan,nan,nan,nan,nan,nan,nan,nan,nan,nan
nan,nan,nan,nan,nan,nan,nan,nan,nan,nan,nan,nan,nan,nan,nan
nan,nan,nan,nan,nan,nan,nan,nan,nan,nan,nan,nan,nan,nan,nan
nan,nan,nan,nan,nan,nan,nan,nan,nan,nan,nan,nan,nan,nan,nan
nan,nan,nan,nan,nan,nan,nan,nan,nan,nan,nan,nan,nan,nan,nan
nan,nan,nan,nan,nan,nan,nan,nan,nan,nan,nan,nan,nan,nan,nan
nan,nan,nan,nan,nan,nan,nan,nan,nan,nan,nan,nan,nan,nan,nan
nan,nan,nan,nan,nan,nan,nan,nan,nan,nan,nan,nan,nan,nan,nan
nan,nan,nan,nan,nan,nan,nan,nan,nan,nan,nan,nan,nan,nan,nan
nan,nan,nan,nan,nan,nan,nan,nan,nan,nan,nan,nan,nan,nan,nan
nan,nan,nan,nan,nan,nan,nan,nan,nan,nan,nan,nan,nan,nan,nan
nan,nan,nan,nan,nan,nan,nan,nan,nan,nan,nan,nan,nan,nan,nan
nan,nan,nan,nan,nan,nan,nan,nan,nan,nan,nan,nan,nan,nan,nan
nan,nan,nan,nan,nan,nan,nan,nan,nan,nan,nan,nan,nan,nan,nan
nan,nan,nan,nan,nan,nan,nan,nan,nan,nan,nan,nan,nan,nan,nan
nan,nan,nan,nan,nan,nan,nan,nan,nan,nan,nan,nan,nan,nan,nan
nan,nan,nan,nan,nan,nan,nan,nan,nan,nan,nan,nan,nan,nan,nan
nan,nan,nan,nan,nan,nan,nan,nan,nan,nan,nan,nan,nan,nan,nan
nan,nan,nan,nan,nan,nan,nan,nan,nan,nan,nan,nan,nan,nan,nan
nan,nan,nan,nan,nan,nan,nan,nan,nan,nan,nan,nan,nan,nan,nan
nan,nan,nan,nan,nan,nan,nan,nan,nan,nan,nan,nan,nan,nan,nan
nan,nan,nan,nan,nan,nan,nan,nan,nan,nan,nan,nan,nan,nan,nan
nan,nan,nan,nan,nan,nan,nan,nan,nan,nan,nan,nan,nan,nan,nan
nan,nan,nan,nan,nan,nan,nan,nan,nan,nan,nan,nan,nan,nan,nan
nan,nan,nan,nan,nan,nan,nan,nan,nan,nan,nan,nan,nan,nan,nan
nan,nan,nan,nan,nan,nan,nan,nan,nan,nan,nan,nan,nan,nan,nan
nan,nan,nan,nan,nan,nan,nan,nan,nan,nan,nan,nan,nan,nan,nan
nan,nan,nan,nan,nan,nan,nan,nan,nan,nan,nan,nan,nan,nan,nan
nan,nan,nan,nan,nan,nan,nan,nan,nan,nan,nan,nan,nan,nan,nan
nan,nan,nan,nan,nan,nan,nan,nan,nan,nan,nan,nan,nan,nan,nan
nan,nan,nan,nan,nan,nan,nan,nan,nan,nan,nan,nan,nan,nan,nan
nan,nan,nan,nan,nan,nan,nan,nan,nan,nan,nan,nan,nan,nan,nan
nan,nan,nan,nan,nan,nan,nan,nan,nan,nan,nan,nan,nan,nan,nan
nan,nan,nan,nan,nan,nan,nan,nan,nan,nan,nan,nan,nan,nan,nan
nan,nan,nan,nan,nan,nan,nan,nan,nan,nan,nan,nan,nan,nan,nan
nan,nan,nan,nan,nan,nan,nan,nan,nan,nan,nan,nan,nan,nan,nan
nan,nan,nan,nan,nan,nan,nan,nan,nan,nan,nan,nan,nan,nan,nan
nan,nan,nan,nan,nan,nan,nan,nan,nan,nan,nan,nan,nan,nan,nan
nan,nan,nan,nan,nan,nan,nan,nan,nan,nan,nan,nan,nan,nan,nan
nan,nan,nan,nan,nan,nan,nan,nan,nan,nan,nan,nan,nan,nan,nan
nan,nan,nan,nan,nan,nan,nan,nan,nan,nan,nan,nan,nan,nan,nan
nan,nan,nan,nan,nan,nan,nan,nan,nan,nan,nan,nan,nan,nan,nan
nan,nan,nan,nan,nan,nan,nan,nan,nan,nan,nan,nan,nan,nan,nan
nan,nan,nan,nan,nan,nan,nan,nan,nan,nan,nan,nan,nan,nan,nan
nan,nan,nan,nan,nan,nan,nan,nan,nan,nan,nan,nan,nan,nan,nan
nan,nan,nan,nan,nan,nan,nan,nan,nan,nan,nan,nan,nan,nan,nan
nan,nan,nan,nan,nan,nan,nan,nan,nan,nan,nan,nan,nan,nan,nan
nan,nan,nan,nan,nan,nan,nan,nan,nan,nan,nan,nan,nan,nan,nan
nan,nan,nan,nan,nan,nan,nan,nan,nan,nan,nan,nan,nan,nan,nan
nan,nan,nan,nan,nan,nan,nan,nan,nan,nan,nan,nan,nan,nan,nan
nan,nan,nan,nan,nan,nan,nan,nan,nan,nan,nan,nan,nan,nan,nan
nan,nan,nan,nan,nan,nan,nan,nan,nan,nan,nan,nan,nan,nan,nan
nan,nan,nan,nan,nan,nan,nan,nan,nan,nan,nan,nan,nan,nan,nan
nan,nan,nan,nan,nan,nan,nan,nan,nan,nan,nan,nan,nan,nan,nan
nan,nan,nan,nan,nan,nan,nan,nan,nan,nan,nan,nan,nan,nan,nan
nan,nan,nan,nan,nan,nan,nan,nan,nan,nan,nan,nan,nan,nan,nan
nan,nan,nan,nan,nan,nan,nan,nan,nan,nan,nan,nan,nan,nan,nan
nan,nan,nan,nan,nan,nan,nan,nan,nan,nan,nan,nan,nan,nan,nan
nan,nan,nan,nan,nan,nan,nan,nan,nan,nan,nan,nan,nan,nan,nan
nan,nan,nan,nan,nan,nan,nan,nan,nan,nan,nan,nan,nan,nan,nan
nan,nan,nan,nan,nan,nan,nan,nan,nan,nan,nan,nan,nan,nan,nan
nan,nan,nan,nan,nan,nan,nan,nan,nan,nan,nan,nan,nan,nan,nan
nan,nan,nan,nan,nan,nan,nan,nan,nan,nan,nan,nan,nan,nan,nan
nan,nan,nan,nan,nan,nan,nan,nan,nan,nan,nan,nan,nan,nan,nan
nan,nan,nan,nan,nan,nan,nan,nan,nan,nan,nan,nan,nan,nan,nan
nan,nan,nan,nan,nan,nan,nan,nan,nan,nan,nan,nan,nan,nan,nan
nan,nan,nan,nan,nan,nan,nan,nan,nan,nan,nan,nan,nan,nan,nan
nan,nan,nan,nan,nan,nan,nan,nan,nan,nan,nan,nan,nan,nan,nan
nan,nan,nan,nan,nan,nan,nan,nan,nan,nan,nan,nan,nan,nan,nan
nan,nan,nan,nan,nan,nan,nan,nan,nan,nan,nan,nan,nan,nan,nan
nan,nan,nan,nan,nan,nan,nan,nan,nan,nan,nan,nan,nan,nan,nan
nan,nan,nan,nan,nan,nan,nan,nan,nan,nan,nan,nan,nan,nan,nan
nan,nan,nan,nan,nan,nan,nan,nan,nan,nan,nan,nan,nan,nan,nan
nan,nan,nan,nan,nan,nan,nan,nan,nan,nan,nan,nan,nan,nan,nan
nan,nan,nan,nan,nan,nan,nan,nan,nan,nan,nan,nan,nan,nan,nan
nan,nan,nan,nan,nan,nan,nan,nan,nan,nan,nan,nan,nan,nan,nan
nan,nan,nan,nan,nan,nan,nan,nan,nan,nan,nan,nan,nan,nan,nan
nan,nan,nan,nan,nan,nan,nan,nan,nan,nan,nan,nan,nan,nan,nan
nan,nan,nan,nan,nan,nan,nan,nan,nan,nan,nan,nan,nan,nan,nan
nan,nan,nan,nan,nan,nan,nan,nan,nan,nan,nan,nan,nan,nan,nan
nan,nan,nan,nan,nan,nan,nan,nan,nan,nan,nan,nan,nan,nan,nan
nan,nan,nan,nan,nan,nan,nan,nan,nan,nan,nan,nan,nan,nan,nan
nan,nan,nan,nan,nan,nan,nan,nan,nan,nan,nan,nan,nan,nan,nan
nan,nan,nan,nan,nan,nan,nan,nan,nan,nan,nan,nan,nan,nan,nan
nan,nan,nan,nan,nan,nan,nan,nan,nan,nan,nan,nan,nan,nan,nan
nan,nan,nan,nan,nan,nan,nan,nan,nan,nan,nan,nan,nan,nan,nan
nan,nan,nan,nan,nan,nan,nan,nan,nan,nan,nan,nan,nan,nan,nan
nan,nan,nan,nan,nan,nan,nan,nan,nan,nan,nan,nan,nan,nan,nan
nan,nan,nan,nan,nan,nan,nan,nan,nan,nan,nan,nan,nan,nan,nan
nan,nan,nan,nan,nan,nan,nan,nan,nan,nan,nan,nan,nan,nan,nan
nan,nan,nan,nan,nan,nan,nan,nan,nan,nan,nan,nan,nan,nan,nan
nan,nan,nan,nan,nan,nan,nan,nan,nan,nan,nan,nan,nan,nan,nan
nan,nan,nan,nan,nan,nan,nan,nan,nan,nan,nan,nan,nan,nan,nan
nan,nan,nan,nan,nan,nan,nan,nan,nan,nan,nan,nan,nan,nan,nan
nan,nan,nan,nan,nan,nan,nan,nan,nan,nan,nan,nan,nan,nan,nan
nan,nan,nan,nan,nan,nan,nan,nan,nan,nan,nan,nan,nan,nan,nan
nan,nan,nan,nan,nan,nan,nan,nan,nan,nan,nan,nan,nan,nan,nan
nan,nan,nan,nan,nan,nan,nan,nan,nan,nan,nan,nan,nan,nan,nan
nan,nan,nan,nan,nan,nan,nan,nan,nan,nan,nan,nan,nan,nan,nan
nan,nan,nan,nan,nan,nan,nan,nan,nan,nan,nan,nan,nan,nan,nan
nan,nan,nan,nan,nan,nan,nan,nan,nan,nan,nan,nan,nan,nan,nan
nan,nan,nan,nan,nan,nan,nan,nan,nan,nan,nan,nan,nan,nan,nan
nan,nan,nan,nan,nan,nan,nan,nan,nan,nan,nan,nan,nan,nan,nan
nan,nan,nan,nan,nan,nan,nan,nan,nan,nan,nan,nan,nan,nan,nan
nan,nan,nan,nan,nan,nan,nan,nan,nan,nan,nan,nan,nan,nan,nan
nan,nan,nan,nan,nan,nan,nan,nan,nan,nan,nan,nan,nan,nan,nan
nan,nan,nan,nan,nan,nan,nan,nan,nan,nan,nan,nan,nan,nan,nan
nan,nan,nan,nan,nan,nan,nan,nan,nan,nan,nan,nan,nan,nan,nan
nan,nan,nan,nan,nan,nan,nan,nan,nan,nan,nan,nan,nan,nan,nan
nan,nan,nan,nan,nan,nan,nan,nan,nan,nan,nan,nan,nan,nan,nan
nan,nan,nan,nan,nan,nan,nan,nan,nan,nan,nan,nan,nan,nan,nan
nan,nan,nan,nan,nan,nan,nan,nan,nan,nan,nan,nan,nan,nan,nan
nan,nan,nan,nan,nan,nan,nan,nan,nan,nan,nan,nan,nan,nan,nan
nan,nan,nan,nan,nan,nan,nan,nan,nan,nan,nan,nan,nan,nan,nan
nan,nan,nan,nan,nan,nan,nan,nan,nan,nan,nan,nan,nan,nan,nan
nan,nan,nan,nan,nan,nan,nan,nan,nan,nan,nan,nan,nan,nan,nan
nan,nan,nan,nan,nan,nan,nan,nan,nan,nan,nan,nan,nan,nan,nan
nan,nan,nan,nan,nan,nan,nan,nan,nan,nan,nan,nan,nan,nan,nan
nan,nan,nan,nan,nan,nan,nan,nan,nan,nan,nan,nan,nan,nan,nan
nan,nan,nan,nan,nan,nan,nan,nan,nan,nan,nan,nan,nan,nan,nan
nan,nan,nan,nan,nan,nan,nan,nan,nan,nan,nan,nan,nan,nan,nan
nan,nan,nan,nan,nan,nan,nan,nan,nan,nan,nan,nan,nan,nan,nan
nan,nan,nan,nan,nan,nan,nan,nan,nan,nan,nan,nan,nan,nan,nan
